pose,t_from_pose_start_s,t,cx_mm,cy_mm,r_mm,angle_deg,width_mm,n_bins,dtheta_deg,hz,e_radial_mm,e_tangential_mm
0_deg,0.0,16216.336446170357,-3.561370802612126,454.6357258653744,454.6496745793728,-0.4488150206228544,253.5357321594467,12,1.180327868852459,7.815815615416188,0.03941063480797993,0.09882075639145312
0_deg,0.1277808000013465,16216.464226970358,-3.7823839230149514,454.7547230137503,454.77045257080397,-0.476541808432685,240.8821774562264,12,1.180327868852459,7.815815615416188,0.16008753940760492,0.31892120029842363
0_deg,0.2554884999990463,16216.591934670356,-2.41739429473351,454.6072809196633,454.61370817469407,-0.30466996649636985,240.50270555204085,12,1.180327868852459,7.815815615638421,0.0022541372214492494,-1.0449059418200395
0_deg,0.3831962000003841,16216.719642370357,-2.908287945181025,454.3220064101006,454.3313148433328,-0.36676706498994927,241.296606884694,12,1.180327868852459,7.815815615638421,-0.2792735166326571,-0.5518539141684504
0_deg,0.5109038999980839,16216.847350070355,-2.145646461105915,454.65969076339474,454.6647536414075,-0.27039030820401794,232.6629680980413,12,1.180327868852459,7.815815615638421,0.05259286472717775,-1.3170450410218033
0_deg,0.6386115999994217,16216.975057770356,-3.9942092375561558,454.6184673025063,454.6360132236704,-0.5033791192044549,240.4923785710044,12,1.180327868852459,7.8163043418187526,0.025449013878086076,0.5317780774960623
0_deg,0.7663660499983962,16217.102812220355,-2.5003694648592196,454.6795866821292,454.68646163361035,-0.31507720527386046,240.8093082434049,12,1.180327868852459,7.817822837913918,0.07518973087740385,-0.9624838493859397
0_deg,0.8941672499986453,16217.230613420355,-2.3525805508794706,454.6337753434201,454.63986221872335,-0.2964842049414776,240.4077625724164,12,1.180327868852459,7.820139910249646,0.028254179536568065,-1.1099195840975897
0_deg,1.0219684499988944,16217.358414620356,-4.303598374796868,454.58851240651927,454.6088830752691,-0.5424040660681864,241.1187861039997,12,1.180327868852459,7.824652663653009,-0.0021487458132289482,0.8413863746978116
0_deg,1.1497228999978688,16217.486169070355,-3.533793637890499,454.55345879390103,454.56719481169546,-0.4454203974034214,241.18663059380944,12,1.180327868852459,7.824652663653009,-0.04306407493699403,0.07187092679324333
0_deg,1.2774773499986622,16217.613923520355,-5.067423845891225,454.4931967549497,454.5214457877288,-0.6387993729317891,240.76264977143597,12,1.180327868852459,7.825901856847526,-0.09164443733066747,1.6059156056147648
0_deg,1.4052785499989113,16217.741724720356,-3.003438574327076,454.4586463839082,454.4685708785195,-0.3786523821645343,240.15945216132747,12,1.180327868852459,7.825901856847526,-0.14191285068396814,-0.4577466768316094
0_deg,1.5330884499999229,16217.869534620357,-1.4473840783100407,454.5381047808775,454.54040922503486,-0.1824461312662501,242.3305594913274,12,1.180327868852459,7.825901856847526,-0.07430746746011634,-2.014361190313646
0_deg,1.6609246999978495,16217.997370870355,-2.0718770419366703,454.6080289344485,454.61275020190675,-0.26112382696201286,232.3375421681924,12,1.180327868852459,7.825901856847526,0.00037071569892762474,-1.390418870998909
0_deg,1.7887950999975146,16218.125241270354,-4.21227093567001,454.71457425811457,454.7340841295865,-0.5307471043301106,251.1822475406793,12,1.180327868852459,7.825901856847526,0.1232139119026235,0.7491015134500298
0_deg,1.9166819999991276,16218.253128170356,-4.2379419576593556,454.60250642587675,454.6222596845933,-0.5341131008382559,249.27193448203863,12,1.1822660098522169,7.825901856847526,0.011344836938324188,0.7756252850350052
0_deg,2.0445688999971026,16218.381015070354,-4.2637754896334235,454.6948270810655,454.71481783168895,-0.5372596424221906,249.545650607479,12,1.180327868852459,7.824652663653009,0.10385955955205844,0.800754965662511
0_deg,2.1724557999987155,16218.508901970356,-6.217129432473599,454.55219736280276,454.5947127120294,-0.7836131227892047,240.57041473898815,12,1.180327868852459,7.824652663653009,-0.023889531830993398,2.75513850841756
0_deg,2.3003426999966905,16218.636788870353,-2.74647155005124,454.6088832913356,454.61717947452274,-0.3461421888486767,240.96789171685413,12,1.180327868852459,7.824652663653009,0.006362672147504901,-0.7158504335798822
0_deg,2.4282130999963556,16218.764659270353,-3.9437756878835457,454.5294566424022,454.5465656259144,-0.4971207670109474,252.2667627525314,12,1.180327868852459,7.824120040717389,-0.06394316019107053,0.48202388410554636
0_deg,2.556066999997711,16218.892513170355,-3.9851570625924975,454.63961942687064,454.65708509757474,-0.5022149917279815,240.2539983857107,12,1.1822660098522169,7.822507309282139,0.046531584614987194,0.5225650732183837
0_deg,2.683937399997376,16219.020383570354,-3.1615024916820094,454.53993373190514,454.5509283402792,-0.3985080634138629,240.4654662150414,12,1.1822660098522169,7.821427426065222,-0.05942406580682027,-0.3003064174204565
0_deg,2.811824299995351,16219.148270470352,-4.926218077418307,454.5113809159479,454.53807652018344,-0.6209755467619246,241.38478236418862,12,1.1842105263157894,7.82041817342105,-0.0745362085251006,1.4645754440598395
0_deg,2.939711199996964,16219.276157370354,-2.463664367185491,454.5926305457038,454.5993064101362,-0.31051138742198375,232.82164247021518,12,1.1842105263157894,7.82041817342105,-0.012043424985525531,-0.9985256359046748
0_deg,3.067598099994939,16219.404044270352,-4.665924426719279,454.6214462365196,454.6453895388587,-0.5880241533861837,240.16851658313485,12,1.1842105263157894,7.82041817342105,0.03354355731772695,1.2034510989632117
0_deg,3.195469049995154,16219.531915220352,-3.9557661578242365,454.7040422594578,454.7212488250205,-0.49844067105779993,240.46011507277973,12,1.1842105263157894,7.820384536114871,0.11072871154387749,0.49268438487742977
0_deg,3.323339999995369,16219.659786170352,-3.195947573322944,454.60149117260534,454.612725137834,-0.40279518302633227,240.66770320785267,12,1.1842105263157894,7.820384536114871,0.002393918933414496,-0.26633114821673665
0_deg,3.45128819999627,16219.787734370353,-2.0161194415292876,454.6108663131999,454.6153368592404,-0.25409506516013364,240.69726096658266,12,1.1842105263157894,7.819409181204912,0.002783369505146781,-1.4461964634799362
0_deg,3.5792363999971712,16219.915682570354,-3.4816460449774094,454.554722408483,454.5680559861587,-0.43884644329228645,241.68062137890254,12,1.1842105263157894,7.819409181204912,-0.042197646310056826,0.019715222696036247
0_deg,3.70717749999676,16220.043623670354,-3.0613162684256148,454.5046306697995,454.5149403018411,-0.3859099285438291,240.35919088438018,12,1.186161449752883,7.819409181204912,-0.09548910937372691,-0.400220871614692
0_deg,3.835172799997963,16220.171618970355,-5.750525591728258,454.38937412006567,454.42576055699806,-0.7250681392851873,234.36589741175789,12,1.188118811881188,7.819409181204912,-0.19026164687899344,2.289788240438503
0_deg,3.963168099999166,16220.299614270356,-2.652586161327244,454.5019498168405,454.5096903264584,-0.33438859028515144,240.08347082527507,12,1.188118811881188,7.819409181204912,-0.10128272010453357,-0.8089187080365811
0_deg,4.091158399998676,16220.427604570355,-2.532396211800615,454.5187702810534,454.5258249740872,-0.3192257902620341,241.7044694464137,12,1.188118811881188,7.819409181204912,-0.0853780947823128,-0.9292332743904075
0_deg,4.2191437000001315,16220.555589870357,-3.7122646148384284,454.56561372878804,454.58077180320805,-0.46790245481407844,240.07420069042558,12,1.188118811881188,7.819409180982475,-0.02955028072860844,0.2502441574668766
0_deg,4.347133999999642,16220.683580170356,-4.6242951122761555,454.6763364635293,454.69985160013186,-0.582707823027483,249.13197096108604,12,1.188118811881188,7.816096625738039,0.08811514898392474,1.161404954964036
0_deg,4.4751293000008445,16220.811575470358,-3.981457495342893,454.605159064907,454.6225936446809,-0.5017868230435787,240.10396880949563,12,1.188118811881188,7.815662901025236,0.01204404661721483,0.5191280589107943
0_deg,4.603131700001541,16220.939577870358,-4.415603489825197,454.74366738276814,454.76510483865076,-0.5563298870632308,250.31300562588527,12,1.188118811881188,7.815662901025236,0.1538547472000693,0.952206601258423
0_deg,4.731134100002237,16221.067580270359,-5.089419928148176,454.4661159642385,454.49461245962607,-0.6416101943372525,233.58954335883692,12,1.188118811881188,7.813397319759596,-0.1185569233559348,1.6281172937518666
0_deg,4.859136500002933,16221.19558267036,-4.274812054816962,454.7129215416129,454.73301511437785,-0.5386287964172799,249.950917681937,12,1.188118811881188,7.813092085914535,0.12203754838905145,0.8116534057065563
0_deg,4.987138900003629,16221.32358507036,-1.5923230232986472,454.43842669062445,454.44121638079946,-0.20075990525060447,240.3008147551485,12,1.188118811881188,7.813092085914535,-0.17287883071346524,-1.8686673133068044
0_deg,5.115129200003139,16221.45157537036,-1.6049817707593614,454.7518399736827,454.7546722420061,-0.20221644368613714,232.35266416527355,12,1.188118811881188,7.813092085914535,0.14062177037551948,-1.858395847906384
0_deg,5.243119500004468,16221.579565670361,-4.7206990345204956,454.61746004053896,454.64196899657816,-0.5949318582052499,240.27148265847975,12,1.188118811881188,7.813092085803496,0.02997463325500975,1.2582544765891186
0_deg,5.371114800005671,16221.707560970362,-4.124560571770388,454.66472532415935,454.6834332302019,-0.5197531667317662,248.0348753451921,12,1.188118811881188,7.812786875694673,0.07269843286116764,0.6617733362728551
0_deg,5.499110100006874,16221.835556270364,-2.3606204103484534,454.33425053696743,454.3403831266924,-0.29769353575674823,240.90339496745887,12,1.188118811881188,7.812786875694673,-0.2712007098211756,-1.0995988156896805
0_deg,5.62711250000757,16221.963558670364,-3.8579605591227843,454.63274467718577,454.64911348465967,-0.48619364652712754,232.81281705635857,12,1.188118811881188,7.812786875694673,0.03868832222150371,0.395424615797556
0_deg,5.755122000007759,16222.091568170365,-3.292995521400273,454.5443665644906,454.55629463798863,-0.4150781716615485,240.3710465127341,12,1.188118811881188,7.812786875694673,-0.053989927907291436,-0.1688509610312
0_deg,5.8831315000079485,16222.219577670365,-2.6619041632794884,454.52260656441445,454.530401196536,-0.3355479533338234,241.17360903655333,12,1.188118811881188,7.812786875694673,-0.08055560690512965,-0.7997582954293936
0_deg,6.011142800007292,16222.347588970364,-4.364676816308664,454.5246713399391,454.545627259124,-0.5501788790729548,248.95462751827083,12,1.186161449752883,7.812353518329047,-0.06552279543419784,0.9029492501524264
0_deg,6.13915590000579,16222.475602070363,-1.9330191410633728,454.643327748464,454.6474370643664,-0.24360452331792884,240.70656247857335,12,1.1842105263157894,7.812353518329047,0.034610982232310405,-1.5295415760242306
0_deg,6.267171600004076,16222.60361777036,-4.9098220612741175,454.54172079533646,454.5682372276565,-0.6188675963410758,249.2420569629538,12,1.1842105263157894,7.812353518329047,-0.044322078962110316,1.4479488388301243
0_deg,6.395201050005198,16222.731647220362,-5.222054814062116,454.508160061868,454.53815837540606,-0.658268790123071,250.672038003612,12,1.186161449752883,7.812353518329047,-0.07550391495392268,1.7604281307019083
0_deg,6.52324165000573,16222.859687820363,-3.4585184818333796,454.5981310661502,454.6112868362661,-0.4358898021394282,241.38507020858913,12,1.186161449752883,7.812353518329047,0.0010336159323544845,-0.003742264432348865
0_deg,6.651271100006852,16222.987717270364,-3.8168625882719227,454.7085952174425,454.72461446972244,-0.48093434664838597,240.56467974613173,12,1.1842105263157894,7.811920209035433,0.11422366590523478,0.3537501689520617
0_deg,6.779289400004927,16223.115735570362,-3.9502016691329525,454.64878180638186,454.6659420841348,-0.49780005579248215,240.57754150734704,12,1.1842105263157894,7.811920209035433,0.055427482660584955,0.4875409140110361
0_deg,6.90731885000605,16223.243765020363,-3.747648454667925,454.78738189832745,454.8028227736443,-0.4721317873311751,233.11470739795888,12,1.1842105263157894,7.811810363656401,0.19248093601432564,0.28393801348833797
0_deg,7.035359450006581,16223.371805620363,-1.0220439381217723,454.4610844222084,454.4622336652641,-0.12885306886823153,233.81855255966377,12,1.1842105263157894,7.811700521366454,-0.15456492782824147,-2.4391024180749223
0_deg,7.163400050007112,16223.499846220364,-2.157403175951348,454.6289495556613,454.6340684138702,-0.2718902282097826,241.11888330536516,12,1.1842105263157894,7.811541865672614,0.021942086140910942,-1.3050545460810603
0_deg,7.291440650007644,16223.627886820364,-5.280251083900375,454.36684778895085,454.39752796552125,-0.6658110846890202,233.9778015309422,12,1.1842105263157894,7.811383216423239,-0.21636887440284386,1.8196989287356422
0_deg,7.419481250008175,16223.755927420365,-1.8519424835231475,454.78360896339245,454.78737963220806,-0.23331514068002704,241.13843033523526,12,1.1842105263157894,7.810702928046898,0.17427065952721413,-1.6116842457981082
0_deg,7.547510700009298,16223.883956870366,-3.860599281478993,454.56437539335286,454.5807690648178,-0.4865993445595299,241.78469286536452,12,1.1842105263157894,7.810702928046898,-0.02965888265531036,0.39858395323200163
0_deg,7.675526400007584,16224.011972570364,-2.970076519565667,454.52723284687954,454.5369366222876,-0.3743899487398796,240.6670571156329,12,1.1842105263157894,7.810702928046898,-0.07358245788469572,-0.4916301096671022
0_deg,7.803539500006082,16224.139985670363,-2.051806412441064,454.76478225650084,454.76941090002606,-0.2585051761092083,241.03876151887454,12,1.1842105263157894,7.810702928046898,0.15696663641000866,-1.4116827314067215
0_deg,7.931552600004579,16224.267998770361,-3.633456205014184,454.6717152075028,454.68623314735,-0.45786282091328406,241.78223668433083,12,1.1842105263157894,7.810702928046898,0.07594792628528423,0.1706299780680902
0_deg,8.059553900002356,16224.39600007036,-3.4983657054729767,454.52374912681756,454.53721198919175,-0.4409838486312318,240.17685048873403,12,1.1842105263157894,7.810702928046898,-0.07304269494704609,0.03667028680071164
0_deg,8.187555200001952,16224.524001370359,-4.372486099170181,454.6112342159333,454.63226118481913,-0.5510582579042925,240.25888096003942,12,1.1822660098522169,7.810702928046898,0.021097044622126804,0.9100990548916124
0_deg,8.315581450002355,16224.65202762036,-6.823887818327008,454.5969618975076,454.64817519858263,-0.8599938905338335,233.59088621462533,12,1.1822660098522169,7.810702928046898,0.025494697874341696,3.3615383766787468
0_deg,8.443614450001405,16224.780060620358,-3.5544652078725414,454.74106614720955,454.7549576020198,-0.4478410298954573,252.21071581032814,12,1.1822660098522169,7.810702928046898,0.14469526953810755,0.0911131039889552
0_deg,8.571641050000835,16224.908087220358,-4.559910473841152,454.7215351681919,454.7443977986388,-0.5745381468633415,250.46928137408094,12,1.1822660098522169,7.810876802199332,0.13282219777023666,1.09667795628187
0_deg,8.699667650000265,16225.036113820357,-4.37631634248702,454.5180145356946,454.53908267848584,-0.5516540599365938,247.48323824286507,12,1.1822660098522169,7.810876802199332,-0.07209076150090969,0.9146391361293348
0_deg,8.827694249999695,16225.164140420356,-4.397341584286417,454.65868249203675,454.67994697193717,-0.5541327329886266,250.58081969581008,12,1.180327868852459,7.810876802199332,0.06873324082357596,0.9345924592489344
0_deg,8.955720849999125,16225.292167020356,-5.3638227521705275,454.76323852566054,454.7948699236432,-0.6757585697987469,250.85104344474772,12,1.180327868852459,7.810876802199332,0.18064683750883023,1.900249312856231
0_deg,9.083747449998555,16225.420193620355,-4.324469754931558,454.6388569289796,454.659423380128,-0.544974081521676,249.8994635845854,12,1.180327868852459,7.810876802199332,0.04835327032339755,0.8618737321803907
0_deg,9.211774049997985,16225.548220220355,-3.6510874552070343,454.7162690920455,454.7309268310163,-0.46003941493877304,252.3151467783266,12,1.180327868852459,7.810876802199332,0.1206347960298141,0.1879214003242107
0_deg,9.339800349996949,16225.676246520354,-4.155322001074712,454.57796104619325,454.5969526622973,-0.5237292667333996,250.37412284860832,12,1.180327868852459,7.810876802199332,-0.013829053781540646,0.6931946589553739
0_deg,9.467808099998365,16225.804254270355,-4.36012618255632,454.5197408578534,454.54065333017024,-0.5496112566165706,248.78685077847487,12,1.180327868852459,7.810895105209538,-0.07048779156707605,0.898436298286265
0_deg,9.59578204999707,16225.932228220354,-5.634626316613823,454.689081297217,454.72399284031087,-0.7099879805322776,233.974545511402,12,1.180327868852459,7.810895105209538,0.10855416455868236,2.1716097955218623
0_deg,9.723740449997422,16226.060186620354,-2.902671834011233,454.5486332037381,454.5579010985976,-0.3658763279684293,240.35960303705096,12,1.180327868852459,7.810895105209538,-0.0526960670101051,-0.5591958227514796
0_deg,9.851714399996126,16226.188160570353,-2.8236066397804835,454.68057551792555,454.6893428570415,-0.3558072909231714,241.71217174564637,12,1.180327868852459,7.810895105209538,0.0786402704254387,-0.6392635795634247
0_deg,9.979722149997542,16226.316168320354,-2.400143017728742,454.5227250389551,454.52906206682,-0.30255206039529314,241.00712835443144,12,1.180327868852459,7.810895105209538,-0.08243067475770978,-1.0615127518896497
0_deg,10.107748149996041,16226.444194320353,-4.20177172961392,454.64905317005935,454.6684687045048,-0.5295005702187859,241.48129795263344,12,1.180327868852459,7.810895105209538,0.057614763442545444,0.7391016119974747
0_deg,10.235740349997286,16226.572186520354,-2.74351256726112,454.5494307501857,454.5577101496845,-0.3458144961909197,242.4331567089539,12,1.1783960720130933,7.810895105209538,-0.05311068003904531,-0.7183565477083798
0_deg,10.363698749997639,16226.700144920354,-3.3078027758885047,454.5010200371442,454.5130567695594,-0.4169843060459121,241.87997248296577,12,1.180327868852459,7.810913408305523,-0.0972224280230443,-0.15371401443646923
0_deg,10.491690949998883,16226.828137120356,-2.591162853337398,454.3517754264431,454.3591640520674,-0.3267536170230091,240.69436472095865,12,1.1783960720130933,7.812027006090955,-0.25192054722271123,-0.8691965259861658
0_deg,10.619683149998309,16226.956129320355,-5.461374851650044,454.6096413583594,454.64244481927375,-0.688279897594248,240.8776905639081,12,1.1783960720130933,7.812027006090955,0.027797068849726318,1.998968359329823
0_deg,10.747634449999168,16227.084080620356,-1.7005016430228772,454.5504269997235,454.5536078302194,-0.2143461030518933,233.6215068692108,12,1.180327868852459,7.8129761031553056,-0.060057895406771,-1.7613448107257972
0_deg,10.8756195499991,16227.212065720356,-3.8486827138914865,454.5055882793515,454.52188301091905,-0.48516016417370034,240.56899151038402,12,1.180327868852459,7.8129761031553056,-0.08853504679630161,0.387115446279564
0_deg,11.0036455499976,16227.340091720354,-2.4465757179990737,454.501261030432,454.50784592897486,-0.30841962603599166,241.00712835443144,12,1.180327868852459,7.8129761031553056,-0.10354043537261012,-1.0149179311146161
0_deg,11.131671549999737,16227.468117720357,-3.462840810709697,454.5922961925185,454.6054850351751,-0.43644014167831213,241.67264732715358,12,1.180327868852459,7.8129761031553056,-0.004768170184703657,0.000624376732725232
0_deg,11.259697849998702,16227.596144020355,-2.9514199985696536,454.7203915703362,454.7299697511566,-0.37188025432953614,241.90971337718008,12,1.180327868852459,7.8129761031553056,0.11942857809880611,-0.5117571614046599
0_deg,11.387724149997666,16227.724170320354,-1.8610880890482133,454.81117749343764,454.8149852652641,-0.2344531157517318,241.47172096775967,12,1.180327868852459,7.8129761031553056,0.2019080417993174,-1.6027488638578598
0_deg,11.515667749998101,16227.852113920355,-3.834785275024834,454.5834375920983,454.59961208865394,-0.48332557180104996,241.18480658477577,12,1.1783960720130933,7.8129761031553056,-0.010793832863168578,0.37262552017903927
0_deg,11.643528949996835,16227.979975120354,-2.8989475899763684,454.33703437786676,454.34628281125435,-0.3655770834398997,242.12427875741477,12,1.1764705882352942,7.8129761031553056,-0.26431711962962773,-0.561308449546673
0_deg,11.771374199997808,16228.107820370355,-4.301591587601141,454.53784022759186,454.55819417204475,-0.5422115914845731,249.9490397610109,12,1.1764705882352942,7.8129761031553056,-0.052834738619782676,0.8397655584482757
0_deg,11.899203499997384,16228.235649670354,-3.991342131382032,454.67775349411505,454.6952719508583,-0.5029522183714895,241.8800276613501,12,1.1764705882352942,7.812976103266342,0.08471165060940844,0.5284595385202067
0_deg,12.027013799997803,16228.363459970355,-5.7664757191810825,454.5837225652184,454.62029548126355,-0.726768216721352,234.10172160176805,12,1.1783960720130933,7.813409529707183,0.004202636046483662,2.304257772750549
0_deg,12.154824099998223,16228.491270270355,-2.282108916704161,454.459609003168,454.4653388724161,-0.28771338021337367,240.60291551301182,12,1.1783960720130933,7.815039887942064,-0.14644381252135316,-1.1790627462402006
0_deg,12.282634399998642,16228.619080570355,-3.894607407884746,454.60821052766266,454.62489268189574,-0.49083827204386893,252.76943160735243,12,1.1783960720130933,7.815473543397253,0.014433981867559335,0.4322572506612098
0_deg,12.410425699999905,16228.746871870357,-3.918403031926127,454.54028645207734,454.5571756008887,-0.4939108846953708,240.67208624461074,12,1.1783960720130933,7.815943900254472,-0.05330689945216344,0.45656948555779703
0_deg,12.538236000000325,16228.874682170357,-4.4016611428248,454.67161093509696,454.6929166054079,-0.5546612587876899,251.27385673102165,12,1.1783960720130933,7.82098087621504,0.08169420614189553,0.9388134311684262
0_deg,12.666144449998683,16229.002590620355,-1.113504877027696,454.7587417522644,454.7601049929665,-0.14029197585944225,242.12772759845737,12,1.1783960720130933,7.82098087621504,0.143780324475871,-2.349911051288449
0_deg,12.794132049999462,16229.130578220356,-3.8252028166186776,454.7442706129138,454.76035868560405,-0.48194737630205525,241.19166469688952,12,1.1783960720130933,7.82098087621504,0.14996154484672133,0.3618184562345277
0_deg,12.922185299998091,16229.258631470355,-3.133987515738539,454.5602243959932,454.5710279820795,-0.3950222719874147,241.48701538965358,12,1.1764705882352942,7.82098087621504,-0.039343540662117094,-0.3279751264654665
0_deg,13.05023854999672,16229.386684720354,-3.9587690200560046,454.60705141729153,454.6242877921043,-0.4989254414463309,252.74527102567438,12,1.1764705882352942,7.82098087621504,0.01376355163420832,0.49642582970554944
0_deg,13.178194249998342,16229.514640420355,-2.9814402161213955,454.42345397467955,454.4332343788689,-0.3759081727393107,240.58625179648644,12,1.1783960720130933,7.82098087621504,-0.17727177593675997,-0.4794763762319958
0_deg,13.306024299998171,16229.642470470355,-3.945451684386972,454.55748183563145,454.5746043079664,-0.49730135822776134,242.29142648503048,12,1.180327868852459,7.821956623279986,-0.03590601555281248,0.48348639576387076
0_deg,13.433828799999901,16229.770274970357,-4.009821270347109,454.5322922910113,454.5499789923452,-0.5054423625298281,252.16306256119938,12,1.180327868852459,7.822886715614473,-0.06060459922326801,0.5480459552382358
0_deg,13.56170149999889,16229.898147670356,-3.0342632452122857,454.7870968867244,454.797218821857,-0.38226216087880055,242.15804604371633,12,1.1783960720130933,7.822886715614473,0.18676288338438826,-0.4294243363562563
0_deg,13.689574200001516,16230.026020370358,-2.7302961537319566,454.49435049488596,454.50255131171195,-0.3441903392179821,241.2132017359493,12,1.180327868852459,7.822886715614473,-0.10828999243985613,-0.7311530938608534
0_deg,13.817472450002242,16230.153918620359,-2.30218192607033,454.4619499491923,454.4677810288017,-0.290242515936806,241.7831545591059,12,1.1783960720130933,7.820277510429591,-0.14395006094958376,-1.159008147356125
0_deg,13.945396250001068,16230.281842420358,-2.7422245215672527,454.7618198496152,454.770087613797,-0.34549071715316365,241.61026139478085,12,1.1783960720130933,7.820277510207104,0.15926245027085334,-0.7212620839006855
0_deg,14.073320050003531,16230.40976622036,-2.402161979078657,454.5570075843927,454.5633547991428,-0.30278372039143264,242.40928551314198,12,1.1783960720130933,7.818715267756391,-0.04813374740580595,-1.0597549405146112
0_deg,14.201218300004257,16230.537664470361,-2.554977736652156,454.51482926960637,454.5220103990721,-0.32207507813893294,242.50313897726252,12,1.1783960720130933,7.818715267756391,-0.08914701396896328,-0.9066223901969325
0_deg,14.329116550004983,16230.665562720362,-3.785930197330634,454.49494987313875,454.51071794584334,-0.47726119929751526,234.58232668669743,12,1.180327868852459,7.818715267756391,-0.09965105951563046,0.3244457703374345
0_deg,14.457014800005709,16230.793460970363,0.02791892587824809,454.55384697661003,454.5538478340073,0.0035191355875445313,234.75064208382048,12,1.180327868852459,7.818715267756391,-0.06980144473373989,-3.489741299523696
0_deg,14.584913050006435,16230.921359220363,-2.1778185002884163,454.76565141298124,454.77086603969406,-0.27438056142375017,241.12511253548854,12,1.180327868852459,7.818715267756391,0.15879545941234033,-1.2856809174393726
0_deg,14.71283685000526,16231.049283020362,-2.5570564305892782,454.6438304078138,454.6510211860061,-0.32224565000905364,242.63235008876924,12,1.1783960720130933,7.818715267756391,0.03986621411926369,-0.905526212492951
0_deg,14.840760650007724,16231.177206820365,-1.9351946092120724,454.59659567024823,454.60071466414865,-0.24390374882228094,240.70596753648672,12,1.1783960720130933,7.818715267756391,-0.012103172615458558,-1.527010265515941
0_deg,14.968684450006549,16231.305130620363,-2.649492455439797,454.4847035059659,454.49242626382363,-0.33401127633029154,241.52266130711718,12,1.1764705882352942,7.818715267756391,-0.11855209207915943,-0.8118809785346573
0_deg,15.096582700007275,16231.433028870364,-1.4248007850003443,454.3594036482891,454.3616376201955,-0.17967011002013578,242.33013722608007,12,1.1783960720130933,7.818715267756391,-0.2531754089429245,-2.0355828640174733
0_deg,15.224480950008001,16231.560927120365,-2.524281787492338,454.41199063084014,454.4190018337981,-0.31827770401036265,241.1101153412993,12,1.180327868852459,7.818715267756391,-0.19221644666549317,-0.936534243394765
0_deg,15.352379200008727,16231.688825370366,-3.1868849840854074,454.6395155675957,454.6506849785227,-0.40161944257706744,241.09360444105135,12,1.180327868852459,7.818715267756391,0.0403481916671498,-0.27568306349252103
0_deg,15.480251900011353,16231.816698070368,-2.619835030777671,454.51170599208984,454.51925637912024,-0.3302529416684988,241.88682916943088,12,1.1783960720130933,7.818715267756391,-0.09177625616097863,-0.8417431905315197
0_deg,15.608124600010342,16231.944570770367,-5.277528326166861,454.61675634385557,454.6473880424719,-0.6651020074054362,249.83027288280084,12,1.1783960720130933,7.818715267756391,0.03351169669353638,1.8150729788020452
0_deg,15.735997300012968,16232.07244347037,-2.307986560448029,454.7106422249177,454.7164995407142,-0.2908151716935909,241.11081668507376,12,1.1783960720130933,7.818715267756391,0.10477920975409029,-1.1550976894581972
0_deg,15.863870000011957,16232.200316170369,-2.732082955502849,454.49918693729813,454.5073984039653,-0.34441191912335917,241.11069253535945,12,1.180327868852459,7.818715267756391,-0.10344008223943547,-0.7294031776278418
0_deg,15.991742700014584,16232.328188870371,-4.32111309267397,454.4747360166246,454.4952779685838,-0.544747734646195,234.38218546729078,12,1.180327868852459,7.818715267756391,-0.11578844623919747,0.8597670908665022
0_deg,16.119615400013572,16232.45606157037,-0.3446264174040612,454.53529723455324,454.53542788155823,-0.04344136871755597,233.5488665108652,12,1.180327868852459,7.818715267756391,-0.08551339177805997,-3.1170654880577744
0_deg,16.2474881000162,16232.583934270373,-2.517643064793606,454.4827324780989,454.48970576610526,-0.31739125849771865,241.9996174583839,12,1.180327868852459,7.818715267756391,-0.12152721065407267,-0.9437115343026186
0_deg,16.375360800015187,16232.711806970372,-3.90475092921606,454.8316160746995,454.8483770015477,-0.4918748921750803,241.70225683102467,12,1.180327868852459,7.820277510207104,0.23791030162783428,0.44069905012824145
0_deg,16.503207800016753,16232.839653970374,-2.6240807116217217,454.4567561083175,454.46433190303935,-0.3308281305105466,242.1364182459416,12,1.180327868852459,7.820277510207104,-0.1466922117678461,-0.8370791416244522
0_deg,16.63102910001726,16232.967475270374,-3.2561145330275845,454.73883811913737,454.7504955201206,-0.410254010406745,242.5096601580947,12,1.180327868852459,7.820277510207104,0.1401951060112828,-0.20721194996689926
0_deg,16.75882140001704,16233.095267570374,-2.769076005664338,454.6858652188746,454.6942970961498,-0.34893190877250885,242.10505405449715,12,1.180327868852459,7.820277510207104,0.08351451972536662,-0.6938329179046715
0_deg,16.8865847000161,16233.223030870373,-4.9270121903388215,454.5848613785077,454.6115612736227,-0.6209752563369577,253.18595659203098,12,1.180327868852459,7.820277510429591,-0.0010518291229655759,1.464809916271189
0_deg,17.01434800001516,16233.350794170372,-3.2415513254152164,454.5869258970528,454.5984831161757,-0.4085556614120237,240.66000599489567,12,1.180327868852459,7.820277510429591,-0.011823621944011476,-0.2206177914354545
0_deg,17.14211130001422,16233.478557470371,-4.112094178035095,454.6866026369514,454.7051967330723,-0.518157378933214,241.81037039699262,12,1.180327868852459,7.820277510429591,0.09448016874685478,0.6491406892987784
0_deg,17.26987460001328,16233.60632077037,-0.7310718261907257,454.67311653393523,454.6737042810993,-0.09212617271730499,232.69671420960373,12,1.180327868852459,7.820277510429591,0.055245028829864526,-2.7316809005579668
0_deg,17.39754390001326,16233.73399007037,-4.206790829702093,454.69096542122026,454.71042557298614,-0.5300841696085529,251.94624878158274,12,1.180327868852459,7.821849554449864,0.09956402391523299,0.7438013682533688
0_deg,17.525119200010522,16233.861565370367,-5.211686788907597,454.77640446713565,454.8062661609242,-0.6565744908776342,253.8009557730343,12,1.180327868852459,7.823422230849216,0.1926537493786514,1.748017491609108
0_deg,17.652675400011503,16233.989121570368,-3.225843256140828,454.5306293208363,454.54207622123243,-0.4066262842454929,240.36630729928956,12,1.180327868852459,7.825197605815847,-0.06823819611410889,-0.23589665772978918
0_deg,17.78017315001125,16234.116619320368,-1.4539923167066495,454.3321639967844,454.3344905855795,-0.18336218605639618,242.03031761481154,12,1.180327868852459,7.8269737867396705,-0.28019195154418175,-2.0061847252441947
0_deg,17.90763155001332,16234.24407772037,-4.1050766284608295,454.61432774188273,454.63286137534044,-0.5173553905543424,250.11458764465013,12,1.180327868852459,7.8269737867396705,0.022153924986060815,0.6426737794748116
0_deg,18.035129300013068,16234.37157547037,-4.659501503159632,454.6221014409591,454.64597883721757,-0.5872139135117316,240.76699588974554,12,1.180327868852459,7.8269737867396705,0.0341498266022002,1.197023371723718
0_deg,18.162666400014132,16234.499112570371,-3.292213833217359,454.5829855807126,454.59490697916755,-0.4149443909526147,241.4879837706626,12,1.180327868852459,7.8269737867396705,-0.015377984917485899,-0.1699267439663407
0_deg,18.289090300015232,16234.625536470372,-0.05056438118414485,454.73722176472126,454.7372245759675,-0.006370988529065016,233.12988668051418,12,1.180327868852459,7.832736609350565,0.11416574398992763,-3.4126568271871984
0_deg,18.41440100001637,16234.750847170373,-4.44755508889429,454.7038324403972,454.72558316225576,-0.5604043587185795,251.05206044397252,12,1.180327868852459,7.838507924507875,0.11426429932595945,0.9844606514520774
0_deg,18.539711700017506,16234.876157870374,-5.019198686165297,454.66886649748125,454.696569722662,-0.6324761631634966,250.01090682443393,12,1.180327868852459,7.8396816461473975,0.08365293400838576,1.5563539664841157
0_deg,18.666135600018606,16235.002581770375,-4.310549112021867,454.6417522541656,454.662186382797,-0.5432164340083434,250.2619051000119,12,1.180327868852459,7.840855719564424,0.05114249372952054,0.8479314425641618
0_deg,18.79367270001967,16235.130118870376,-3.7467493406403083,454.55151080017555,454.5669522758377,-0.4722634451485203,241.4878982445078,12,1.180327868852459,7.840855719564424,-0.04339016913768471,0.28483528924807283
0_deg,18.9212709500207,16235.257717120377,-4.440571484735526,454.53939019940907,454.56108051389714,-0.5597268717125482,240.45224190746902,12,1.180327868852459,7.840855719564424,-0.05022635887032218,0.9787296206197627
0_deg,19.048930350018054,16235.385376520375,-5.136728622731534,454.62411322292746,454.65313185402863,-0.6473487406493221,239.87430323599233,12,1.180327868852459,7.840855719564424,0.039796050115239276,1.6742213296841677
0_deg,19.17664170001808,16235.513087870375,-5.07134495402317,454.67470710701036,454.7029885787956,-0.6390384359898558,250.2619051000119,12,1.180327868852459,7.840855719564424,0.08989051337030991,1.6084542407144906
0_deg,19.304353050018108,16235.640799220375,-4.209614786616471,454.7113007973091,454.7307862124936,-0.5304162662810705,251.05206044397252,12,1.180327868852459,7.840855719564424,0.11992031714438964,0.7464703716811155
0_deg,19.432064400016316,16235.768510570373,-3.6465124475574417,454.605376054396,454.6200006495414,-0.45957505886156486,242.19656945537406,12,1.180327868852459,7.840855719564424,0.009710131741936976,0.18419107235691776
0_deg,19.559827700015376,16235.896273870372,-4.199485715997215,454.67770992600026,454.6971031179228,-0.5291791542901909,240.39444937190845,12,1.180327868852459,7.840855719564424,0.08625327832084353,0.7365974185388088
0_deg,19.687539050013584,16236.02398522037,-4.239967574821881,454.739827286899,454.75959346225375,-0.5342070196110877,252.9677016653055,12,1.180327868852459,7.840855719564424,0.14867714233389456,0.7766050255730493
0_deg,19.81525040001361,16236.15169657037,-4.2964319107497015,454.7436848274483,454.7639807830094,-0.5413161288947261,242.0985077056724,12,1.180327868852459,7.8370980792600085,0.1529645960740478,0.8330383454407061
0_deg,19.94302270001208,16236.279468870369,-3.7994342642999444,454.66426066952295,454.6801355138496,-0.4787851160201834,241.88776287869902,12,1.180327868852459,7.83334403906578,0.06975767188258879,0.33665999659242374
+15_deg,0.0,16306.919668520408,146.2013917579121,563.4212541779708,582.0810567364549,14.546766984618152,219.90831749571302,9,1.2413793103448276,8.156011449433448,-0.1414852180636875,-0.42219890347291467
+15_deg,0.12261039999793866,16307.042278920406,145.07790980495673,563.9756396464237,582.3367771555974,14.426071456649739,231.01559010511608,9,1.2413793103448276,8.156011449312448,0.11383284525160187,0.8043277504539581
+15_deg,0.24523054999735905,16307.164899070405,146.53742729451497,563.2476281106161,581.9975156049467,14.583081336579149,229.25666254638952,9,1.2413793103448276,8.156011449312448,-0.2254107776760489,-0.7910110420594743
+15_deg,0.3678867499984335,16307.287555270406,145.38536361476025,563.9035728674276,582.3436643821638,14.457133989408325,219.07258190097986,9,1.2413793103448276,8.156011449312448,0.12107055041448408,0.4886236462336408
+15_deg,0.4905692499996803,16307.410237770408,145.36569310363322,564.1720404451695,582.5987263559418,14.448669215179684,218.7918518049322,9,1.2413793103448276,8.155914995928667,0.37605385635715777,0.5749096995514886
+15_deg,0.6132517500009271,16307.532920270409,146.09535266339532,563.5388111508134,582.1682263256163,14.533759424355022,218.20033454979347,9,1.2413793103448276,8.155914995928667,-0.05423479041753365,-0.2900955564092437
+15_deg,0.7359079500020016,16307.65557647041,144.891310101228,563.8310309713223,582.1502582916497,14.411830954296729,218.65758924845417,9,1.2435233160621761,8.155914995928667,-0.07290366814972751,0.9487597168220289
+15_deg,0.8585378499992657,16307.778206370407,144.93845958520535,563.843026537861,582.1736129732326,14.416031411364942,218.62346626668972,9,1.245674740484429,8.155914995686672,-0.04948102398345655,0.9061176343661379
+15_deg,0.9811677500001679,16307.900836270408,144.9749181614996,563.8162483741481,582.1567562320587,14.420162814813029,218.99136336204586,9,1.245674740484429,8.155914995686672,-0.06627392299574403,0.8641141061810179
+15_deg,1.103797649997432,16308.023466170405,145.25267970191257,563.9027692507849,582.3097750590233,14.444511830914683,218.5321772714267,9,1.245674740484429,8.155266487642749,0.08705947242459608,0.6168769623788594
+15_deg,1.2264275499983341,16308.146096070406,147.0138902936565,563.6533618796741,582.5102542423903,14.61838828980909,218.09871789305683,9,1.2478336221837087,8.154618082721342,0.2867289196402378,-1.150663389942401
+15_deg,1.3489763499965193,16308.268644870404,144.8276265907132,563.8739896174135,582.1760194227842,14.404708400208115,218.5321772714267,9,1.245674740484429,8.154618082721342,-0.04726501699914465,1.0211730743788399
+15_deg,1.4714440499956254,16308.391112570403,145.35146605800443,564.1559224203984,582.579568374331,14.447709785340587,218.79185180493212,9,1.2435233160621761,8.154618082721342,0.3568861757289846,0.5846462065833901
+15_deg,1.59391969999524,16308.513588220403,146.5193940871659,563.8203579087005,582.5472760523093,14.567181822417686,218.70049587122506,9,1.2478336221837087,8.154618082721342,0.3245464442447762,-0.6301021478421298
+15_deg,1.7164032999953633,16308.636071820403,148.2577074700592,562.8388411377508,582.0377212153555,14.757102290962205,218.68661558761576,9,1.2478336221837087,8.154618082721342,-0.19029244757329866,-2.558845133382983
+15_deg,1.8388868999954866,16308.758555420403,144.35896981136074,563.990196014554,582.1721853245244,14.357189393150122,230.86336611448468,9,1.245674740484429,8.154618082721342,-0.052146248254121785,1.503997345880238
+15_deg,1.9613704999956099,16308.881039020403,146.6018615588676,563.1674449935499,581.9361450477951,14.591208700906222,229.7747367746633,9,1.245674740484429,8.154618082721342,-0.28689932527459505,-0.873474762563339
+15_deg,2.083854099995733,16309.003522620404,144.85374430954747,563.8084883511555,582.1190761152831,14.408802080988826,218.46117380186053,9,1.2478336221837087,8.154618082721342,-0.10413676886248169,0.9794818887575962
+15_deg,2.2063376999958564,16309.126006220404,148.44703120897412,562.9425674887036,582.1862720517651,14.772519708117008,208.92453093945477,8,1.2478336221837087,8.160014622867049,-0.042452845393701755,-2.716154020691019
+15_deg,2.3288212999959796,16309.248489820404,145.72635919092454,564.0101722577356,582.5320988351139,14.486993500057501,218.9745597120606,9,1.2478336221837087,8.164358330413164,0.309680557985963,0.18519708506678495
+15_deg,2.451304899996103,16309.370973420404,146.7614279035821,563.1357416411907,581.9456849518452,14.607198543322378,220.43054176012927,9,1.25,8.164358330413164,-0.2776258631147796,-1.0358955857847718
+15_deg,2.5737805499957176,16309.493449070404,146.0799618604495,563.8692522617512,582.4842391888185,14.524137149047606,230.35592476756278,9,1.25,8.164358330413164,0.2618185645719672,-0.1924304069804063
+15_deg,2.6962561999953323,16309.615924720403,144.33885026528506,563.8929175406317,582.0729560359166,14.357645199517341,218.79589741193746,9,1.25,8.164358330413164,-0.15136326140466383,1.4991104322910331
+15_deg,2.8187397999954555,16309.738408320403,146.82570445622744,563.0138450480058,581.8439457490362,14.61635062037829,219.0464473357691,9,1.2478336221837087,8.164358330413164,-0.3795377662655035,-1.1286545133673063
+15_deg,2.941288699996221,16309.860957220404,143.51446874308203,564.0981130194349,582.0679374872801,14.274023126721342,220.58508351496192,9,1.2478336221837087,8.164358330413164,-0.15918962063326098,2.348609594605074
+15_deg,3.063902899993991,16309.983571420402,147.74894133798568,563.2944278457272,582.3490036984185,14.69727961483513,218.8730559712973,9,1.2478336221837087,8.164358330413164,0.1233427317559066,-1.952186085880226
+15_deg,3.186517099995399,16310.106185620403,148.15653100123595,563.117129731983,582.2810828765668,14.740499920283312,218.88320641874444,9,1.2478336221837087,8.164358330413164,0.053784193007314074,-2.3911912844973666
+15_deg,3.3090659999943455,16310.228734520402,145.92029324059905,563.5171714940956,582.1033710159462,14.517614428128676,230.12868406668207,9,1.25,8.164358330413164,-0.11903146708772624,-0.12603621670214987
+15_deg,3.4315495999944687,16310.351218120402,146.9686156677355,563.2065821632738,582.0665152569137,14.62517531389185,228.38294695840167,9,1.25,8.164358330413164,-0.15714948286484276,-1.2187359286682484
+15_deg,3.554033199994592,16310.473701720402,145.62210510749907,564.0108650977307,582.5066981968793,14.477047992746144,219.136962304494,9,1.25,8.164358330413164,0.2842389999298577,0.28630159071229194
+15_deg,3.6765820999935386,16310.596250620401,147.31866888683012,563.0580104058283,582.0112655995221,14.662212527263533,219.13696230449372,9,1.25,8.164358330413164,-0.213308360695322,-1.5948436309953384
+15_deg,3.7991962999949465,16310.718864820403,148.27115878669747,563.0397365332267,582.2354175446178,14.753346622227516,208.77841389989547,9,1.25,8.164358330413164,0.007568506491440807,-2.5215498159919245
+15_deg,3.9218104999927164,16310.8414790204,145.9382552154265,563.5604652729944,582.149785153303,14.518257676291098,219.90831749571302,9,1.25,8.164358330413164,-0.0726187826022444,-0.13258194430826484
+15_deg,4.044424699994124,16310.964093220402,144.70268032745477,564.0187595400164,582.2851765303736,14.389256680854148,230.04128949733473,9,1.25,8.160007964237916,0.061595303117118194,1.1783968954012354
+15_deg,4.167038899991894,16311.0867074204,144.7893340724367,564.0863891215723,582.372222597673,14.395861051373712,219.24689076362708,9,1.25,8.160007964237916,0.14877317503803333,1.1114442967349796
+15_deg,4.289653099993302,16311.209321620401,146.07509577057203,564.0103372330439,582.6195964006993,14.520194339302012,218.87305597129708,9,1.25,8.160007964116797,0.3971876347450298,-0.15238215114031295
+15_deg,4.412201999992249,16311.3318705204,144.7448696548769,563.9507829513848,582.2298196441739,14.394940558473955,228.90139927896365,9,1.25,8.160007964116797,0.006352554048679182,1.1205263966502772
+15_deg,4.534750899991195,16311.454419420399,143.8137486819161,564.1197846361632,582.1628000206613,14.302042683023643,220.32265582530732,9,1.25,8.160007964116797,-0.0632487361812138,2.0642972884157245
+15_deg,4.657365099992603,16311.5770336204,145.6835697681562,564.0323464091468,582.5428656298187,14.48237319360745,219.22864324338283,9,1.25,8.155662231765879,0.32043052359732416,0.23217650535921588
+15_deg,4.779979299990373,16311.699647820398,146.82606686950137,563.1128313898441,581.9398205899424,14.613925825509103,218.5482330502442,9,1.2521739130434784,8.155662231765879,-0.28361585360665287,-1.1042124617802769
+15_deg,4.902593499991781,16311.8222620204,143.34478819303894,564.0703337866736,581.9992008244656,14.258508661449318,229.91705916047187,9,1.254355400696864,8.155662231765879,-0.22858293798729729,2.505923746359888
+15_deg,5.025207699989551,16311.944876220397,145.1123049617561,563.8156511246698,582.1904065719815,14.433272293782215,229.3916676407516,9,1.254355400696864,8.155662231765879,-0.032441135452600384,0.7309569355940706
+15_deg,5.147806649991253,16312.0674751704,144.41288081096826,563.7291662892898,581.9326877477674,14.368704401887488,218.92289273235576,9,1.254355400696864,8.155662231765879,-0.2913526369038033,1.3864251681364999
+15_deg,5.270405599989317,16312.190074120397,145.61532232282607,563.7897400289728,582.2909007164008,14.48184112732534,218.7375486175053,9,1.254355400696864,8.155662231765879,0.06846344995417049,0.2374834154717672
+15_deg,5.393004549991019,16312.312673070399,145.07913216968154,563.8658389551464,582.2307437191023,14.428879858041435,218.747701405305,9,1.254355400696864,8.155662231765879,0.007838228109268985,0.7756427871918788
+15_deg,5.515519299991865,16312.4351878204,146.0811548555235,563.4012656427013,582.0315197063825,14.535804401184002,229.2089488278819,9,1.254355400696864,8.155662231765879,-0.1909521149375984,-0.3108010563128812
+15_deg,5.6380340499927115,16312.5577025704,146.43292760188737,563.6412139609357,582.3521446353717,14.563381189846037,218.27146523616315,9,1.256544502617801,8.155662231765879,0.1294556431506601,-0.5912616222838387
+15_deg,5.760632999990776,16312.680301520399,145.94258368359988,563.8767065852572,582.4570181238105,14.51087135520791,218.87305597129702,9,1.256544502617801,8.156676708781893,0.23462644084585724,-0.05756410718420291
+15_deg,5.883251449991803,16312.8029199704,146.77631438860584,563.286096808776,582.0949349750165,14.604884162077113,219.1473836394709,9,1.2587412587412588,8.156676708781893,-0.12833469702910888,-1.0126484013370316
+30_deg,0.0,16354.827157970425,260.0539683297296,486.4251098767806,551.577242063773,28.129977235239345,180.16634709216052,7,1.254355400696864,8.11037243653172,0.3971473998353404,-1.524093252979439
+30_deg,0.12334610000107205,16354.950504070426,259.67022882968246,487.1141860917254,552.004400374004,28.061130102293056,182.33653512418257,7,1.254355400696864,8.11037243653172,0.82573835338038,-0.8619816094943957
+30_deg,0.2466922000021441,16355.073850170427,258.6050816801858,486.7753226454388,551.2048648255806,27.979996851838937,170.69429430304282,7,1.2521739130434784,8.110372436292419,0.02686998327409884,-0.08020401161001205
+30_deg,0.3700555000013992,16355.197213470427,258.3922232201717,486.62892892098364,550.9757303942223,27.96759138622278,205.46478526791623,8,1.254355400696864,8.110004095498578,-0.20226000207884137,0.03912451126523406
+30_deg,0.49343600000247534,16355.320593970428,259.9408076612483,485.97990388179414,551.1312824223825,28.141424159086625,204.36073441509956,8,1.254355400696864,8.108820369381034,-0.04912578524212985,-1.6329691416960304
+30_deg,0.6168164999999135,16355.443974470425,257.8680576519581,487.59233846419943,551.5815657599336,27.872570034324347,205.8860808422696,8,1.254355400696864,8.108820369261428,0.4027518682731751,0.9539294782352742
+30_deg,0.7401970000009896,16355.567354970426,259.3195419216512,486.94031230994545,551.6860452965637,28.03748528061096,181.3168358352139,7,1.254355400696864,8.108820369261428,0.5076922041556953,-0.6338149019791711
+30_deg,0.8635367000006227,16355.690694670426,257.28004414624456,487.85441396406964,551.5387115517091,27.805843577591958,205.53899052874067,8,1.254355400696864,8.108820369261428,0.3584128467382013,1.596173592029302
+30_deg,0.9868355999988125,16355.813993570424,255.46004266257356,488.98867443894574,551.697160702066,27.583704326582104,194.1493947102245,8,1.254355400696864,8.108820369261428,0.5065246840822766,3.735569560303849
+30_deg,1.1101345000006404,16355.937292470426,259.5138159660155,485.78607598224846,550.7590510336383,28.11176540509541,171.59330329556514,7,1.254355400696864,8.108820369261428,-0.42058460488856575,-1.3467707703747593
+30_deg,1.2334075500002655,16356.060565520425,257.3536845752648,487.64617448547426,551.3888922120054,27.8227059923475,204.54029547821858,8,1.254355400696864,8.108820369261428,0.20903988890991299,1.4334643031070364
+30_deg,1.3566547500013257,16356.183812720426,257.20241188963325,487.7040756291772,551.3695186235406,27.805995401055362,203.9960759659943,8,1.254355400696864,8.108820369261428,0.18922485344310047,1.5942229178987402
+30_deg,1.4799278000009508,16356.307085770426,256.6722639233157,488.05141263026815,551.4298073535022,27.740436264226208,204.63861546109385,8,1.254355400696864,8.108820369261428,0.24732800910317276,2.225351971119872
+30_deg,1.6032267000027787,16356.430384670428,257.934753906272,486.9898196232867,551.0802316264034,27.90798639542983,171.47154431733108,7,1.2521739130434784,8.108820369261428,-0.09809767727152127,0.6124224113654628
+30_deg,1.7265256000009686,16356.553683570426,259.4941054213941,485.7967072557728,550.7591411215983,28.10943567450819,171.10183414851977,7,1.2521739130434784,8.108820369261428,-0.42044021080936245,-1.324376380533325
+30_deg,1.8498245000027964,16356.676982470428,257.73067902960304,486.9796739171431,550.9757759843052,27.88972661062397,171.54017020087977,7,1.25,8.110372436292419,-0.2027763728656794,0.7878985103912797
+30_deg,1.9730975500024215,16356.800255520428,259.362777976123,486.7553752339936,551.5431496435049,28.050480109602752,181.62294358626625,7,1.25,8.110372436292419,0.3646387462845617,-0.7587420273724119
+30_deg,2.09632490000331,16356.923482870428,258.95257751144925,486.022445794759,550.7034185622445,28.048674356968828,171.72443465901912,7,1.25,8.110372436292419,-0.4750679375370195,-0.740230699469551
+30_deg,2.21955225000238,16357.046710220427,258.10302782110756,486.78970992831603,550.9822090254072,27.933189623565358,203.726900104681,8,1.25,8.11037243653172,-0.19590417950442082,0.3699479002178164
+30_deg,2.34279945000344,16357.169957420429,257.7110619482909,488.1780272194612,552.0260661512289,27.829745952943412,202.68706550456162,8,1.25,8.11037243653172,0.8463838419206697,1.3672932901101338
+30_deg,2.46602680000251,16357.293184770428,257.802718360767,487.1061226612035,551.121235599058,27.890196813926096,171.87645051189423,7,1.25,8.11207315794524,-0.05731045772623816,0.7835836938660453
+30_deg,2.589234300003227,16357.416392270428,257.0533607189579,487.863093690593,551.4406844278603,27.78458960034068,205.13566455451755,8,1.25,8.11207315794524,0.2597561946324264,1.8004468865497392
+30_deg,2.712441800000306,16357.539599770425,258.7411778247128,486.76173383248766,551.2567302316854,27.993151431724105,203.14009689025417,8,1.25,8.11207315794524,0.07870244410413432,-0.2067749893135997
+30_deg,2.8356309000009787,16357.662788870426,256.6847556977612,488.09932742977975,551.4780297029272,27.73926778776465,205.49102253764835,8,1.25,8.11377459278099,0.29550446390327734,2.2367931967503547
+30_deg,2.9588200000016514,16357.785977970427,258.4166896085018,487.05314106527743,551.3619026463198,27.94916333580923,203.69383473300772,8,1.25,8.11377459278099,0.18387113852359796,0.2164865415347268
+30_deg,3.0820274999987305,16357.909185470424,258.4888727137892,486.67606735914586,551.0626932183029,27.974168264005137,171.06434264356795,7,1.25,8.115081595058145,-0.11529631696798304,-0.02412479261106169
+30_deg,3.205216599999403,16358.032374570425,258.62727505611167,486.26010950982464,550.7603485214385,28.007181882081287,204.01484058289935,8,1.25,8.115081595177934,-0.41774633335743105,-0.3414576279091178
+30_deg,3.3284057000000757,16358.155563670425,258.5639521397626,486.23214463721274,550.7059249950347,28.00273151567032,171.3123295827188,7,1.25,8.115081595177934,-0.4721449909511723,-0.298648611485572
+30_deg,3.4515947999989294,16358.278752770424,257.7402818150631,487.1337475164856,551.1164494365626,27.88311624136093,204.66902121390888,8,1.25,8.116389018478417,-0.06219765754849249,0.8516834012566973
+30_deg,3.5747654999995575,16358.401923470425,258.3118571546862,489.00524688652996,553.0381063084706,27.84478090676834,179.91729833340023,7,1.25,8.116389018718072,1.8587613025597454,1.2246779515139958
+30_deg,3.697954599998411,16358.525112570424,251.97920230926402,491.7074028574818,552.5121613333619,27.133216218448243,195.23018938131517,8,1.25,8.116389018718072,1.2750152561581194,8.084955266310397
+30_deg,3.8211436999990838,16358.648301670424,258.86038499713635,485.8758933434774,550.5307281643668,28.047378405085983,171.546472250545,7,1.25,8.117601313708274,-0.6477415824844777,-0.7275463385263673
+30_deg,3.944352649999928,16358.771510620425,259.7944027548738,486.57806828079777,551.5898369573484,28.098708952521484,180.49811235234017,7,1.25,8.117601313708274,0.41049187590989433,-1.2231073962219723
+30_deg,4.067561600000772,16358.894719570426,259.514894567325,485.6555885406608,550.6444689480368,28.118262022995623,170.75047320984189,7,1.25,8.117601313708274,-0.5353225626713205,-1.4089265169853573
+30_deg,4.1907323000014,16359.017890270427,259.0114102276157,486.5122551950071,551.1633923647596,28.030129314782762,205.21600845508618,8,1.25,8.117601313708274,-0.014883629354271288,-0.5624529180531775
+30_deg,4.313944950003133,16359.141102920428,259.27528562022457,486.39247808927917,551.1817454118732,28.060192978697863,203.96764666747467,8,1.2521739130434784,8.117601313708274,0.0030983979874479872,-0.8516819355699505
+30_deg,4.437199550002333,16359.264357520427,263.18248982152284,481.8102863068485,549.0047130396454,28.64498926291568,182.9398719855371,7,1.254355400696864,8.117601313708274,-2.2111857141848077,-6.451652656225486
+30_deg,4.560403750003388,16359.387561720428,259.65524674267186,485.606505478027,550.6673454305956,28.133548724928065,172.41766537710998,7,1.2521739130434784,8.117601313708274,-0.512841676111898,-1.555904372125589
+30_deg,4.683557550006299,16359.510715520431,258.34048164940384,487.16898230557956,551.4285282604628,27.936527251802083,203.14736465311887,8,1.25,8.117601313708274,0.25043558723118586,0.3381254339699643
+30_deg,4.806751500005703,16359.63390947043,258.3655776642434,486.6874766694069,551.0149468649763,27.96228923099,171.49027609981837,7,1.25,8.117601313708274,-0.16304951161965442,0.09011825533362122
+30_deg,4.929965250006717,16359.757123220432,259.46476441020394,486.63588940246115,551.4856778058403,28.065668777551718,180.25485696451986,7,1.2478336221837087,8.117601313708274,0.30694646981199625,-0.9048573855965217
+30_deg,5.053179000007731,16359.880336970433,257.4888545204288,487.2728669721803,551.1219076479637,27.85324800023684,204.1729450742697,8,1.25,8.117281733436071,-0.05725832324523572,1.1389907461272353
+30_deg,5.176423350008918,16360.003581320434,257.4334174791996,487.1310253449264,550.970598388534,27.85504237055303,171.52148929786145,7,1.2478336221837087,8.116606414322206,-0.2085318689935562,1.1214229597269025
+30_deg,5.2996779500081175,16360.126835920433,258.86821739031456,486.9990450219162,551.5259049465378,27.993233563745783,203.9443593365904,8,1.2478336221837087,8.11629349972667,0.34787684290235543,-0.20766655415985102
+30_deg,5.422922300009304,16360.250080270434,258.3462581954702,486.94786743334754,551.2358975261731,27.947824989040456,205.33802737458979,8,1.25,8.11629349972667,0.057860822048764055,0.22931314136671344
+30_deg,5.546166650010491,16360.373324620436,260.31158537973414,485.16736229786557,550.5901296990157,28.21532743337058,172.5675767315072,7,1.25,8.116049772372683,-0.5928383724290485,-2.341542754437314
+30_deg,5.6694455000124435,16360.496603470438,259.9049924358175,486.99518556772426,552.0098874650748,28.088443268376015,181.9946682446537,7,1.25,8.115977315776613,0.8307518017129938,-1.1251354443779098
+30_deg,5.792724350010758,16360.619882320436,259.7182316504954,487.0746311744088,551.9920798212115,28.067458373621108,182.43124399865218,7,1.25,8.115977315776613,0.813319245703682,-0.9229293580536027
+30_deg,5.91600320001271,16360.743161170438,258.0221737722095,486.9684872512998,551.1023042357522,27.917056125665965,170.57828871642374,7,1.2521739130434784,8.113962222125153,-0.07593503796096387,0.5252093362339006
+30_deg,6.039306300010139,16360.866464270435,258.8762038795937,486.1990380472672,550.8233778019928,28.033025731419347,170.6100282515933,7,1.254355400696864,8.113962222125153,-0.3549271344768023,-0.5899511508650188
+30_deg,6.162574900010441,16360.989732870436,261.21590677703836,484.61286702887196,550.5300907700628,28.325544308554928,172.3862224269805,7,1.254355400696864,8.113962222125153,-0.6583991535666278,-3.4002986172003826
+30_deg,6.285843500010742,16361.113001470436,259.37848232886404,486.22870553287134,551.0857929391725,28.07767064545846,204.35125359428844,8,1.254355400696864,8.113962222125153,-0.09313935394784112,-1.0196381977598878
+30_deg,6.409146600011809,16361.236304570437,258.6223510683052,486.6113215502845,551.0681434568796,27.989582475863397,172.5584909217634,7,1.254355400696864,8.113287455449871,-0.10987251090596586,-0.17237820139888949
+30_deg,6.532449700009238,16361.359607670434,258.83971094686405,486.06808513668716,550.6906385181265,28.03607772646486,171.57457077733233,7,1.254355400696864,8.112366003974696,-0.4876985410457922,-0.6191428025190044
+30_deg,6.655752800010305,16361.482910770435,259.4004464366417,485.57012475407447,550.5151566171602,28.11194851436109,171.05496984702904,7,1.254355400696864,8.112366003974696,-0.6644825971791901,-1.3479337393760507
+30_deg,6.779021400010606,16361.606179370436,258.53175920118554,486.2357060062263,550.6939552156289,27.99960023433599,171.4247154474584,7,1.254355400696864,8.112366003974696,-0.48409926984842466,-0.2685460557880351
+30_deg,6.9022900000109075,16361.729447970436,257.9181234791344,487.030682909153,551.1085596449705,27.90447005299111,171.3966185279348,7,1.254355400696864,8.112366003974696,-0.06980830143873826,0.6462763690892134
+30_deg,7.025638300010542,16361.852796270436,261.1236589405055,485.1086438719422,550.9228272796039,28.292634744573633,181.0052511731802,7,1.254355400696864,8.111691502749037,-0.263806554104403,-3.0862906206153635
+30_deg,7.149031800008743,16361.976189770434,258.24944751258795,487.10606344376623,551.3302949995033,27.931232530050757,205.9611325154174,8,1.254355400696864,8.11169150250966,0.15216874993474233,0.389013801260081
+30_deg,7.272402600008718,16362.099560570434,260.1482100692805,485.2657213193836,550.5995927076882,28.195507471477313,172.511358995846,7,1.254355400696864,8.11169150250966,-0.5825983834822741,-2.1511191954794344
+30_deg,7.395750700010467,16362.222908670436,259.7453389587631,485.4579650487174,550.5788562413603,28.149105233035236,172.71749641416497,7,1.254355400696864,8.110096177799678,-0.6017731853471078,-1.705142615229846
+30_deg,7.519098800008578,16362.346256770434,259.92176579891867,485.52385559136883,550.7201999966373,28.16205530502184,172.71749641416525,7,1.254355400696864,8.110096177799678,-0.4608296724497878,-1.830054262846606
+30_deg,7.642469600008553,16362.469627570434,258.7549128478822,486.80671663092846,551.3028970356497,27.992217605760967,173.02574768263915,7,1.256544502617801,8.110096177560395,0.12487254196858762,-0.19780698617928055
+30_deg,7.765840400008528,16362.592998370434,258.9124571558612,486.2092088990809,550.8493943799483,28.035856961097537,170.6006655282325,7,1.2587412587412588,8.110096177560395,-0.3289403973551859,-0.617198825270706
+30_deg,7.8892112000085035,16362.716369170434,261.0676176537876,484.69384264114893,550.5310364381531,28.307960519795305,172.34871375753846,7,1.256544502617801,8.107137442857354,-0.656435892327099,-3.2313522959518273
+30_deg,8.012636450008358,16362.839794420433,261.3837283866369,484.51503294412527,550.5236331113733,28.345750276235332,172.31120558078754,7,1.256544502617801,8.107137442618246,-0.6660900600941211,-3.5944028436954696
+30_deg,8.136093450009867,16362.963251420435,258.4463302888837,486.5939251336473,550.9701930383897,27.974267991488674,205.29625318802923,8,1.256544502617801,8.107124297643072,-0.20779653961111813,-0.025079746885213305
+30_deg,8.259496000007857,16363.086653970433,258.9049253774287,486.3507043505495,550.970750591143,28.02824961028441,205.54905477574692,8,1.2587412587412588,8.105645744375504,-0.20750715320711252,-0.5441806241950169
+30_deg,8.382825500009858,16363.209983470435,258.5306942230738,486.4844494956639,550.913096101884,27.987357513848806,205.72696463478576,8,1.2587412587412588,8.105645744375504,-0.26491358163889406,-0.15093614208982292
+30_deg,8.50615500000822,16363.333312970433,258.32845828511057,486.6552225692148,550.9690535899944,27.96045251281127,205.32434122459256,8,1.2609457092819614,8.105645744375504,-0.2089459577463789,0.10777304276782479
+30_deg,8.629484500010221,16363.456642470435,259.84758970793587,485.9198917961536,551.0344010315594,28.135820376122183,204.87254649820602,8,1.263157894736842,8.105645744375504,-0.145849702714534,-1.578788692902399
+30_deg,8.752795400008836,16363.579953370434,260.1750600000619,485.55156377747704,550.8642146053681,28.183921573764525,204.18033887254762,8,1.263157894736842,8.105645744375504,-0.31755457630720585,-2.0407624561745257
+30_deg,8.876106300011088,16363.703264270436,258.95715603750386,486.22236633496476,550.882018391783,28.03931721476785,205.08092015235349,8,1.263157894736842,8.105645744375504,-0.2963546871967407,-0.6505046750964
+30_deg,8.999375300010797,16363.826533270436,258.2136932452606,487.09872073178155,551.3070606457853,27.92830699520905,205.764420646835,8,1.263157894736842,8.107137442618246,0.12891382104041338,0.41714725702945205
+30_deg,9.122644300010506,16363.949802270436,258.82671963663904,486.39044227327327,550.9690854600226,28.019128922556778,205.5490547757466,8,1.263157894736842,8.107137442857354,-0.2090926386517533,-0.45647243398017345
+30_deg,9.245973800012507,16364.073131770438,259.02972379076886,486.50804935175836,551.1682863619559,28.032015222548104,205.13153652611345,8,1.263157894736842,8.108360124575041,-0.010008446749580485,-0.5805997719779704
+30_deg,9.36930330001087,16364.196461270436,259.8413362623704,485.6512760120049,550.794591406545,28.148423371440824,205.16901870645404,8,1.263157894736842,8.108360124575041,-0.38601879337758005,-1.6992559206671638
+30_deg,9.492614200013122,16364.319772170438,258.3672719234298,486.42348839435806,550.7825862015717,27.975321417693888,173.385877520359,7,1.263157894736842,8.108360124575041,-0.3954039302799786,-0.03519776122645746
+30_deg,9.615943700011485,16364.443101670437,259.36940188298223,485.7909736464357,550.6953392843342,28.09827260630235,172.380188843719,7,1.265377855887522,8.108360124814222,-0.4839943142799826,-1.2169300092566622
+30_deg,9.739291800013234,16364.566449770438,257.31110233787524,487.7004657686199,551.41703609633,27.816159957147388,204.98560339251915,8,1.265377855887522,8.108360124814222,0.23701629784233458,1.4965365704671654
+30_deg,9.862639900011345,16364.689797870436,258.76105766847735,486.86189489937306,551.3545045347115,27.99009018529613,203.28916050908646,8,1.263157894736842,8.108360124814222,0.17648700299780942,-0.17735344024336203
+30_deg,9.985988000013094,16364.813145970438,260.1626160933776,485.7162894773634,551.0035396222133,28.17469097917039,180.092535348933,7,1.263157894736842,8.108360124814222,-0.17790880733826597,-1.9525101688065354
+30_deg,10.109336100011205,16364.936494070436,259.17739116106486,487.08187397834956,551.7442088933208,28.017546147774013,182.4951236825264,7,1.265377855887522,8.108360124814222,0.5660429457248229,-0.4418728908014186
+30_deg,10.232665600013206,16365.059823570438,258.18661235432563,486.78364733915873,551.0160125766014,27.941163637363402,171.52774006649227,7,1.267605633802817,8.108360124814222,-0.1620544824197581,0.29328417223743586
+30_deg,10.35597650001182,16365.183134470437,257.06246602778646,487.98512282213244,551.5528909687797,27.779517286072515,204.50276007667406,8,1.267605633802817,8.108360124814222,0.37180055270010703,1.8496411689241183
+30_deg,10.479287400014073,16365.30644537044,258.9615986902764,486.7680866635934,551.3658311777756,28.013067016370954,203.618410747941,8,1.267605633802817,8.108360124814222,0.18769818669292218,-0.398466524172033
+30_deg,10.602522750012213,16365.429680720437,258.5012965028639,486.24461072859646,550.687517341973,27.996366801644076,171.7057012072954,7,1.267605633802817,8.108360124814222,-0.4905228646905105,-0.23746539461699254
+30_deg,10.725682550013516,16365.552840520439,257.698519844942,486.9982172702435,550.9771236219061,27.885868819304296,203.64262034970534,8,1.265377855887522,8.108360124814222,-0.20148303581534185,0.8249983268536978
+30_deg,10.848917900011656,16365.676075870437,259.00061019228184,487.5285028676641,552.0555743658063,27.979574571709623,182.9786377895426,7,1.263157894736842,8.108360124814222,0.8775800915305811,-0.07625904741280842
+30_deg,10.972153250013434,16365.799311220439,259.4111319651543,485.8892780543222,550.8017119759098,28.097285629183315,171.10183414851954,7,1.263157894736842,8.108360124814222,-0.3776009972614647,-1.207676984789177
+30_deg,11.095363650012587,16365.922521620438,257.3317878622616,486.97149256201027,550.7820654419132,27.853449255108202,171.88579228023747,7,1.265377855887522,8.109583175386236,-0.39709580862734417,1.1363537511900073
+30_deg,11.218574050011739,16366.045732020437,257.27090051353696,488.4740165252516,552.0825853722955,27.77500831017262,203.2927776963174,8,1.265377855887522,8.109583175386236,0.9013445681349533,1.8948642108031724
+30_deg,11.341733850013043,16366.168891820438,258.4366599363328,486.5106560258864,550.8921179557628,27.977442133872856,171.07371547199455,7,1.265377855887522,8.10958317562549,-0.2858738567236583,-0.055595195075610546
+30_deg,11.46485855001265,16366.292016520438,259.6969638358964,485.6867333428901,550.7577652388303,28.133440381717726,171.56520456832,7,1.263157894736842,8.114554792805574,-0.4224192871768475,-1.555118403376663
+30_deg,11.588033850011925,16366.415191820437,257.0718302571459,488.256262938027,551.7971585736616,27.76725590554665,204.32447301494798,8,1.263157894736842,8.114554793045121,0.6156581476906688,1.9685450149689068
+30_deg,11.711202700013018,16366.538360670438,258.9146163332548,486.7578124335297,551.3346955489667,28.00925802729837,203.88240189951992,8,1.263157894736842,8.114554793045121,0.15658783602007076,-0.36179163145619025
+30_deg,11.834279400010928,16366.661437370436,262.448123243503,482.42642667691626,549.1942047675803,28.546937368241093,181.4233089685727,7,1.263157894736842,8.116197983342966,-2.011466510816061,-5.514083743373998
+30_deg,11.957440500011216,16366.784598470436,257.39700620153513,487.2341956478622,551.0448078061642,27.846682930924594,204.54967939821458,8,1.263157894736842,8.116197983342966,-0.13449210739768336,1.2019711207974386
+30_deg,12.080601600011505,16366.907759570437,258.32904460025196,487.8531848228318,552.0277395438195,27.90220875659936,203.51702552114995,8,1.263157894736842,8.118510772905655,0.8493449862798909,0.6691411774606801
+30_deg,12.203678300013053,16367.030836270438,253.13241912216364,490.912556068584,552.3324717200949,27.277282686417582,162.75584152355367,7,1.263157894736842,8.118935915948912,1.113921497465221,6.6936468043632935
+30_deg,12.326839400013341,16367.153997370438,252.50454970038786,491.7168189779386,552.7603257155658,27.181232645192893,194.86448779613497,8,1.263157894736842,8.119446805831199,1.5297375780805536,7.6253956038077835
+30_deg,12.450081850012793,16367.277239820438,257.43021294926433,487.37103291036647,551.1813116019275,27.843090779156636,205.13736843885792,8,1.2609457092819614,8.119446805831199,0.0019349042860510313,1.23682503001095
+30_deg,12.573321250012668,16367.400479220438,255.00183935018853,490.1813600609564,552.5429429675022,27.484324547651035,204.77873929721832,8,1.263157894736842,8.118935915948912,1.3449671243872965,4.699656456142074
+30_deg,12.696560650012543,16367.523718620438,259.7149200918357,486.16200034263096,551.185386503903,28.111791077257895,205.18379197215097,8,1.2609457092819614,8.118935915948912,0.005748986778411513,-1.3480602536982877
+30_deg,12.819800050012418,16367.646958020438,260.6136621258342,485.751677764576,551.2478329551409,28.21428042235539,184.90019437104607,7,1.2609457092819614,8.118935915948912,0.06490168392669027,-2.3342665303754617
+30_deg,12.943039450012293,16367.770197420437,259.17487065326156,486.24438907191455,551.0038289177801,28.05822240563322,172.68001571455144,7,1.2609457092819614,8.118935915948912,-0.17478892716009964,-0.8324563743025258
+30_deg,13.066281900011745,16367.893439870437,258.320216199965,487.09638425854297,551.3548962830953,27.938201147482904,203.38432290772198,8,1.2587412587412588,8.118935915948912,0.17681326542361586,0.32197245882144765
+30_deg,13.189527400014413,16368.01668537044,259.17513796943445,486.5914109651594,551.3102151842827,28.041283176281016,203.67909659822254,8,1.2587412587412588,8.118510772905655,0.13181914443273812,-0.6699271268321004
+30_deg,13.312772900013442,16368.139930870439,259.25544787681844,486.8841021129412,551.6063053883038,28.034353531767497,181.91858682634881,7,1.256544502617801,8.11428812539671,0.42798616340911777,-0.6035728799107856
+30_deg,13.43601840001611,16368.263176370441,259.0570493937287,486.3903718103433,551.077261942814,28.04027299776535,203.94840283199954,8,1.254355400696864,8.11428812539671,-0.10112220424271345,-0.6599280489420561
+30_deg,13.55926390001514,16368.38642187044,256.8465287815042,488.00018734942046,551.465612890031,27.758938236192108,205.0512542382684,8,1.254355400696864,8.11428812539671,0.28382315959961,2.0474183481375143
+30_deg,13.682509400017807,16368.509667370443,257.2296841924841,487.93162115591997,551.5835180220755,27.797475356881208,171.28423387285096,7,1.256544502617801,8.11428812539671,0.4029801015592718,1.676863338675841
+30_deg,13.805754900016836,16368.632912870442,258.4733995925948,486.42171267095915,550.8308096454866,27.985157225353316,170.96124363724792,7,1.254355400696864,8.114087313295418,-0.34719464568663916,-0.12976044009593812
+30_deg,13.928997350018108,16368.756155320443,258.47400469608135,486.49745168567074,550.8979774879206,27.98151648691063,171.139326163157,7,1.254355400696864,8.114087313295418,-0.28001967093927244,-0.09477062347163845
+30_deg,14.052236750017983,16368.879394720443,256.77313252037436,488.3249261211125,551.7188369591125,27.73648622556426,204.7064642527099,8,1.254355400696864,8.114087313295418,0.5362004511996272,2.264554212684474
+30_deg,14.175476150017857,16369.002634120443,260.6387503400208,485.2821073317769,550.845969282864,28.23967094255082,180.15905886353653,7,1.256544502617801,8.114087313295418,-0.3380461443859637,-2.576668794202223
+30_deg,14.298715550017732,16369.125873520443,259.50023381768233,485.39804038668234,550.4104186538107,28.12955130644392,171.70570120729528,7,1.256544502617801,8.114087313295418,-0.769660265036601,-1.5167774810420545
+30_deg,14.421954950017607,16369.249112920443,258.0685773480437,487.2994462427992,551.4164859006139,27.905216056022404,204.559063346041,8,1.256544502617801,8.114087313295418,0.23812611509179268,0.6394579163024554
+30_deg,14.545194350017482,16369.372352320443,259.70310045569227,486.971723410353,551.8941563266898,28.071098966134475,180.4760588004076,7,1.254355400696864,8.114087313295418,0.7153361411295657,-0.9578331139712424
+30_deg,14.668433750017357,16369.495591720442,253.9100383440677,490.25592866845756,552.1061339692376,27.38023733883496,195.07995044646444,8,1.254355400696864,8.114087313295418,0.8987319652013888,5.698888209489354
+30_deg,14.791673150017232,16369.618831120442,258.82004878474635,486.5355649969638,551.0940697012201,28.011428817702065,170.6849312715432,7,1.254355400696864,8.114087313295418,-0.0840520568306577,-0.382513268935055
+30_deg,14.914906750016598,16369.742064720442,259.19785088175684,486.30759824730507,551.0704183811573,28.05723963886554,172.82994162151735,7,1.254355400696864,8.11428812539671,-0.1081853403967234,-0.8231047442041561
+30_deg,15.038093350018244,16369.865251320443,257.96281644105335,486.69034064028597,550.8287413877005,27.925146242469815,171.61489522298425,7,1.254355400696864,8.11428812539671,-0.34942913046046614,0.4471720928924674
+30_deg,15.1612387500154,16369.98839672044,259.0248766859588,486.0154165577144,550.7312156342192,28.055656495205874,171.91177648526516,7,1.254355400696864,8.11428812539671,-0.44736518992681185,-0.8073808192240175
+30_deg,15.284425350017045,16370.111583320442,259.77093738247595,485.30834253044196,550.4590150394623,28.158801773873638,171.7820610370169,7,1.254355400696864,8.11428812539671,-0.7219102049988346,-1.797928787587984
+30_deg,15.407611950015053,16370.23476992044,255.3977965063179,488.96012304919304,551.6430334850288,27.57934719393552,205.75348678171414,8,1.254355400696864,8.11428812539671,0.4521130643853879,3.777152507137573
+30_deg,15.530703300015375,16370.35786127044,257.2451690344026,487.7807760236142,551.4573079121698,27.8062074514711,171.49027609981837,7,1.254355400696864,8.11428812539671,0.27701967245360737,1.5924358279396598
+30_deg,15.653738300015902,16370.480896270441,259.4360737758405,486.87247941467706,551.6809654026669,28.05147898795061,183.28631694676724,7,1.254355400696864,8.11428812539671,0.5024410602046729,-0.7685494565986006
+30_deg,15.77677330001643,16370.603931270442,258.37655304651355,487.2932217022677,551.5551895152228,27.93379131073913,204.47282270250523,8,1.254355400696864,8.114670025099812,0.3770800397612455,0.36454050584653064
+30_deg,15.899808300016957,16370.726966270442,253.5720483028769,490.48654101399825,552.1556217194507,27.338088708282907,162.7184099919477,7,1.254355400696864,8.117766055615173,0.9438750239921876,6.105559361776966
+30_deg,16.02284100001816,16370.849998970443,252.30214919628247,491.7092374632711,552.661151788123,27.16292559695769,195.003130013829,8,1.254355400696864,8.117766055615173,1.4281088632998449,7.800595625950443
+30_deg,16.14585795001949,16370.973015920445,257.13904439727474,487.58673250653345,551.2361652413069,27.805858983326004,171.77126666455902,7,1.254355400696864,8.11776605585491,0.055868232244749794,1.5951497955374367
+30_deg,16.268874900019,16371.096032870444,257.7032020000155,487.2232578483126,551.1782318899977,27.87535769784363,203.83603483554498,8,1.2521739130434784,8.120481967033212,-0.0005356723977472111,0.9264149994934108
+30_deg,16.391907600020204,16371.219065570445,258.67001716894845,486.7701218953397,551.2307405725736,27.986211026111743,170.6287538011211,7,1.2521739130434784,8.124047709261289,0.05273378874441371,-0.13999304964403708
+30_deg,16.514940300021408,16371.342098270447,260.55781546076634,485.22526125382547,550.7575958228174,28.235051520222367,205.42903467181668,8,1.25,8.12776852111768,-0.42621271926284976,-2.5318515393456975
+30_deg,16.637975300021935,16371.465133270447,259.3313434878932,485.98127228796767,550.84529836413,28.085457970083603,172.47388115691987,7,1.2521739130434784,8.12776852111768,-0.3337771282321994,-1.0940609268089196
+30_deg,16.761012600021786,16371.588170570447,259.28044632846536,485.63287204595076,550.513974627245,28.09785548486478,171.11120710441608,7,1.254355400696864,8.12776852111768,-0.6653496866272903,-1.21252141809018
+30_deg,16.884049900021637,16371.711207870447,257.41144187551765,487.59792855030713,551.3731860863234,27.830353958516525,204.18372720701385,8,1.254355400696864,8.12776852111768,0.19352024078052488,1.3598252067343441
+30_deg,17.00714125002014,16371.834299220445,259.7628489819684,485.30214380556185,550.4497329398055,28.158363996387045,171.06220662711252,7,1.254355400696864,8.12776852111768,-0.7311785340826622,-1.793692693997886
+30_deg,17.130286650020935,16371.957444620446,259.06199065101293,486.12187691558563,550.8426220037783,28.05385509933184,205.40860687921608,8,1.254355400696864,8.12776852111768,-0.33593382291535445,-0.7902255096649005
+30_deg,17.25343205001809,16372.080590020443,260.4740085257077,485.1200119743962,550.625222029911,28.232549732686596,172.68001571455122,7,1.254355400696864,8.12776852111768,-0.5584751130706391,-2.5072005278343474
+30_deg,17.376577450018885,16372.203735420444,259.4641949830112,486.0561169495802,550.973880780465,28.09398221680392,172.58631623707228,7,1.254355400696864,8.12776852111768,-0.20536387141533202,-1.1762879211640114
+30_deg,17.49972285001604,16372.326880820441,257.9975210187909,487.034997462658,551.1495347047775,27.911554371786703,170.45086662233288,7,1.254355400696864,8.12776852111768,-0.028757568211299572,0.578177749595552
+30_deg,17.622910200016122,16372.450068170441,259.9091202229573,486.4949664116097,551.5705785472109,28.113286800102223,181.40473214185536,7,1.254355400696864,8.12761658457405,0.39090447399849293,-1.363401201617678
+30_deg,17.746097550016202,16372.573255520441,260.3107730105998,485.82732239589484,551.1713760090782,28.182817657349098,179.09124750890092,7,1.254355400696864,8.12761658457405,-0.010356041474399946,-2.0312810502905436
+30_deg,17.869284900016282,16372.696442870441,259.52046394069606,485.6503857129507,550.6425050312879,28.11902827812922,170.8721983889629,7,1.254355400696864,8.124047709381342,-0.5373053646920016,-1.4162855816048778
+30_deg,17.992514200019286,16372.819672170444,259.315982158887,486.0559762691849,550.9039759068894,28.080390703724134,205.1878508989652,8,1.254355400696864,8.120481967033212,-0.2750050861292071,-1.0454553478535642
+30_deg,18.115774100018825,16372.942932070444,259.49285587216974,486.11558172045966,551.0398361644243,28.093699486630257,204.57879916474758,8,1.254355400696864,8.120481967033212,-0.13940283930152042,-1.173709591164977
+30_deg,18.239064600022175,16373.066222570447,259.4335886985427,485.93093243678527,550.8490338049875,28.09730562274191,172.28649980008123,7,1.254355400696864,8.120481966793317,-0.3302797034244352,-1.2079729618953623
+30_deg,18.362355100021887,16373.189513070447,259.1708558449688,485.90731016743143,550.7045002481476,28.07434961233622,171.65886816069124,7,1.254355400696864,8.120481966793317,-0.4743732570612334,-0.9870123053141099
+30_deg,18.485645600025236,16373.31280357045,257.07273581432077,487.80039578187746,551.3942488129667,27.78940771436762,204.8261715499518,8,1.254355400696864,8.117716632424912,0.213470268021132,1.7539276961509427
+30_deg,18.60893725002643,16373.436095220452,259.03440280682275,486.74045230862066,551.3756339838459,28.02109475828143,203.7692603663169,8,1.254355400696864,8.117716632424912,0.1974397478407185,-0.4757271153376476
+30_deg,18.73223735002648,16373.559395320452,259.49815306580916,486.68845765294674,551.5477733226472,28.06616013513471,182.43796265490758,7,1.256544502617801,8.117716632424912,0.36903412199691765,-0.9096892308345571
+30_deg,18.85553745002653,16373.682695420452,257.37682949649815,487.7075915259796,551.4540118575086,27.821854397241594,205.13566455451746,8,1.2587412587412588,8.114953180579802,0.27413794514727485,1.4418299063396813
+30_deg,18.978830250025567,16373.80598822045,258.6589248325761,486.15350653770986,550.6810976549452,28.01529763321137,171.91177648526505,7,1.2587412587412588,8.112938595632,-0.49705106832847856,-0.4194105690026039
+30_deg,19.10212305002824,16373.929281020453,258.535983668309,486.97412763103125,551.3480351224116,27.963962784015497,203.32689291277276,8,1.2587412587412588,8.110925010461779,0.17004114002132434,0.07406840140478
+30_deg,19.225415850027275,16374.052573820452,256.9842884426051,487.8398389878436,551.3879151831651,27.77936610018793,205.15442272081646,8,1.2587412587412588,8.110925010222447,0.20682081366034155,1.8505428544699465
+30_deg,19.348715950027326,16374.175873920452,258.06249522819377,487.480915459901,551.5740153243486,27.89583552151613,202.9672856006343,8,1.2587412587412588,8.110925010222447,0.39554331780282986,0.7299448945260273
+30_deg,19.472023350028394,16374.299181320453,256.1944272891982,488.1756483881745,551.3175566343365,27.690474820810078,193.67932039289823,8,1.2587412587412588,8.110849355899836,0.13292851003521822,2.705638476302285
+30_deg,19.595330750025823,16374.422488720451,258.5597858995907,486.36988923296826,550.8255913053895,27.995621734424894,170.97998862364875,7,1.2587412587412588,8.110773702988539,-0.3524458719389961,-0.23036206724198882
+30_deg,19.71863815002689,16374.545796120452,259.697381309147,486.6087053316041,551.571175790875,28.088319544270014,183.5946541925594,7,1.2587412587412588,8.110773702988539,0.39204346521468586,-1.1230501828096076
+30_deg,19.84194555002432,16374.66910352045,257.5237921155225,487.120497387525,551.0035231109041,27.863862557325703,204.3620062950068,8,1.2587412587412588,8.110773702749215,-0.1754411000045737,1.036667937543784
+30_deg,19.965252950025388,16374.79241092045,259.06740288845367,486.7111127139262,551.3652387289178,28.02555435090891,204.10869602485093,8,1.2587412587412588,8.11029350340822,0.18700579931679376,-0.518633407681352
-15_deg,0.0,16537.043103213422,-150.40357875025734,531.3938463222386,552.268645144759,-15.80342175881019,249.3002222496194,10,1.2996389891696751,8.502768714141464,0.20189221694417261,0.14054841184571498
-15_deg,0.11758949999784818,16537.16069271342,-152.5576351174612,530.6319931729369,552.1269276274398,-16.040036763771695,249.1076814951634,10,1.2996389891696751,8.502768714141464,0.054886309661821175,2.4206291817783248
-15_deg,0.23516940000263276,16537.278272613425,-146.98889606388988,532.1026974464241,552.031716657514,-15.442366628785548,240.2339816375222,10,1.2996389891696751,8.503459207018416,-0.04511156922932591,-3.3381750457537493
-15_deg,0.35271115000068676,16537.395814363423,-148.22386118242696,531.6191395895382,551.8960251729925,-15.57931470827549,239.23834431450913,10,1.2996389891696751,8.503459207281475,-0.17440012285010603,-2.0182312913225107
-15_deg,0.47025289999874076,16537.51335611342,-149.5447422900203,531.5685276170203,552.2035218101344,-15.712742417626682,228.08997248405268,10,1.2996389891696751,8.503459207281475,0.13629972051583955,-0.7334145419408843
-15_deg,0.5878279000025941,16537.630931113425,-151.7084317446684,530.8295759712508,552.0828624294044,-15.949670681651256,249.36761006529534,10,1.2996389891696751,8.50416066023262,0.013952360131346986,1.5497045338735298
-15_deg,0.7054028999991715,16537.74850611342,-147.56854956782666,532.5242550059152,552.5925795657747,-15.488660049590061,243.7016672355106,10,1.2996389891696751,8.50416066023262,0.5182606100446118,-2.8950940732325305
-15_deg,0.8229779000030248,16537.866081113425,-150.43481197748642,531.3036753377431,552.1903911533554,-15.80908810338789,238.1968031083147,10,1.2996389891696751,8.50416066075882,0.12362162996983925,0.19513811914218493
-15_deg,0.9405624999999418,16537.983665713422,-152.35024495362998,530.7965666763668,552.2278445830577,-16.01463891733933,238.26407899929885,10,1.2996389891696751,8.50450058182068,0.1568212443095715,2.176284369712502
-15_deg,1.0581567000044743,16538.101259913426,-149.79867151856567,531.4691079430914,552.1766517035582,-15.74090015592525,237.0337757495321,10,1.2996389891696751,8.50450058182068,0.10972337281599213,-0.4620144269506676
-15_deg,1.1757509000017308,16538.218854113424,-150.5433694085214,530.8818404841139,551.8141305083359,-15.831865957567482,238.61704491903515,10,1.2996389891696751,8.50450058182068,-0.2527601212570723,0.41437802635036025
-15_deg,1.2933638000031351,16538.336467013425,-151.2542278331337,531.048764423158,552.1690245140162,-15.89810468814094,228.33049142982426,10,1.2996389891696751,8.50450058182068,0.10128542547489322,1.0529976722332353
-15_deg,1.4109954000014113,16538.454098613423,-151.88664633494298,530.6647838444715,551.973428841983,-15.972158037643581,249.50238344128303,10,1.2996389891696751,8.50450058182068,-0.09613141377022577,1.7660340232151417
-15_deg,1.5286417000024812,16538.571744913424,-146.4068095880471,532.3314414597327,552.0975615417509,-15.377818564519142,228.8791999662798,10,1.301989150090416,8.50450058182068,0.01662060712820046,-3.960539591165611
-15_deg,1.6462879999999132,16538.689391213422,-151.81121638343902,530.6687845849419,551.9565239696682,-15.96451603645882,249.01209097111933,10,1.301989150090416,8.50416066075882,-0.11280556609206821,1.692361394969976
-15_deg,1.7639195999981894,16538.80702281342,-151.81230394211923,530.8633218829314,552.1438600118588,-15.959072248015994,251.42828045677877,10,1.301989150090416,8.50416066075882,0.07468795261921751,1.6404757174262559
-15_deg,1.8815511999964656,16538.92465441342,-149.3890287451991,531.4757985522108,552.0721024976212,-15.699792108458707,240.4551938782467,10,1.301989150090416,8.503820766868861,0.004700690964026921,-0.8580222580834025
-15_deg,1.9991827999947418,16539.042286013417,-147.60920490166467,532.2555503920914,552.3445014616238,-15.50016763829371,239.07472598665177,10,1.3043478260869565,8.5038207663427,0.2707559752892629,-2.7828600256611256
-15_deg,2.116802899992763,16539.159906113415,-151.63925455265277,530.6629125179627,551.9036059343435,-15.947520034847802,249.6940487497547,10,1.3043478260869565,8.502468691683138,-0.16524566689869152,1.5284852580697035
-15_deg,2.2344114999905287,16539.277514713413,-151.55083710237164,530.9939566906285,552.1976442075777,-15.929261339349004,250.43780741533928,10,1.301989150090416,8.502468691683138,0.1292507885942748,1.3533289636573724
-15_deg,2.3520315999885497,16539.39513481341,-150.4760050153549,531.0403858532599,551.9482942201744,-15.820648361972466,237.19718943886426,10,1.2996389891696751,8.501948221577988,-0.11852587740687841,0.3064161658519504
-15_deg,2.469663199986826,16539.51276641341,-150.18008976125896,531.0828301024501,551.9085357106987,-15.789890649648921,238.85844626679213,10,1.301989150090416,8.501948221577988,-0.15819942555597877,0.010116720234428632
-15_deg,2.587294799985102,16539.630398013407,-151.5398273387779,530.9786773819068,552.1799300084218,-15.9285979219335,228.38821466424744,10,1.3043478260869565,8.501117046904524,0.11155227507055007,1.346891977681539
-15_deg,2.7049296999830403,16539.748032913405,-148.43903697333104,531.9652520606485,552.2872233697963,-15.591173953756165,240.2339816375225,10,1.3043478260869565,8.501117046904524,0.21720166319343193,-1.9053485875244984
-15_deg,2.8225645999846165,16539.865667813407,-147.38744303460817,532.216926557602,552.2480559302131,-15.479067524051517,238.81996550451416,10,1.3043478260869565,8.501117046904524,0.17324956540632241,-2.9857457725798984
-15_deg,2.9401961999828927,16539.983299413405,-151.5685346070971,530.9460242819409,552.1564102532382,-15.932392311051137,252.21454567042946,10,1.3043478260869565,8.501117046904524,0.0879421855043569,1.3834008240397166
-15_deg,3.057827799981169,16540.100931013403,-150.48369137887929,531.0244707322648,551.9350776019728,-15.821866465516633,238.415116806527,10,1.3043478260869565,8.501117046904524,-0.1317491325311418,0.31814292092034685
-15_deg,3.175462699982745,16540.218565913405,-148.16692515163493,531.9099033902866,552.1608307672269,-15.565520490294723,237.94446610910217,10,1.3043478260869565,8.501117046904524,0.08990156704847507,-2.152133928132679
-15_deg,3.2931008999803453,16540.336204113402,-148.12101627193798,531.6622404474881,551.9099323069611,-15.56782855588389,239.12284944688446,10,1.3043478260869565,8.501117046904524,-0.16090877946309584,-2.128923401353512
-15_deg,3.4107357999819214,16540.453839013404,-148.85685015018842,531.7755405144957,552.216974862345,-15.638219835297896,228.3112502387043,10,1.3043478260869565,8.501117046904524,0.14833171171424536,-1.4516799294902467
-15_deg,3.5283706999834976,16540.571473913405,-151.44636987904053,530.9331776346899,552.1105342798743,-15.920567513399343,249.48313028605563,10,1.3043478260869565,8.501117046904524,0.04234008286180602,1.2693407286456424
-15_deg,3.646008899981098,16540.689112113403,-147.75322646852393,532.3956789258182,552.5180312630004,-15.510676050511298,228.10921432407173,10,1.3043478260869565,8.501117046904524,0.4447848362070502,-2.682400216520052
-15_deg,3.7636584999854676,16540.806761713407,-150.40089780051406,531.3552953359763,552.2308212521131,-15.804243409640277,238.45357980329243,10,1.3043478260869565,8.500878565948772,0.1640662533416745,0.14845805854225277
-15_deg,3.8813080999825615,16540.924411313405,-150.06009205155078,531.0392722648623,551.8339785788063,-15.77913229282986,238.64679922603486,10,1.3043478260869565,8.500878565685873,-0.2327643861222824,-0.09350182157287795
-15_deg,3.9989314999838825,16541.042034713406,-150.1086808321464,531.4461324945905,552.2387235649317,-15.772504667444045,237.5400203590583,10,1.3043478260869565,8.500878565685873,0.17196607594079877,-0.15744999756283795
-15_deg,4.116540099981648,16541.159643313404,-150.1298547144333,531.0960198455492,551.9075607131695,-15.784499735076723,238.21318222405662,10,1.3043478260869565,8.500878565685873,-0.15917591417047922,-0.04181184341394662
-15_deg,4.234148699979414,16541.2772519134,-152.51857424114363,530.6744540482991,552.1569447793006,-16.034923893076815,227.64401485857414,10,1.3043478260869565,8.500878565685873,0.08511699465383749,2.3714887332644925
-15_deg,4.35175729997718,16541.3948605134,-150.57837421266672,531.2976396070089,552.2237124866235,-15.823590544526446,255.1015912474493,10,1.3043478260869565,8.500878565685873,0.15687587596269634,0.33492617492273213
-15_deg,4.469365899974946,16541.512469113397,-151.5016214132236,530.9992813475469,552.1892592965269,-15.924199122109531,251.6652585699113,10,1.3043478260869565,8.500878565685873,0.12098331548828817,1.3045213318969846
-15_deg,4.586989299976267,16541.6300925134,-152.3208731863754,530.8027910315221,552.2257250211309,-16.011531572389153,238.29011044626318,10,1.3043478260869565,8.501117046904524,0.15481891357666505,2.1463271672330633
-15_deg,4.704627499973867,16541.747730713396,-151.7307310348421,530.6446411133018,551.9111793419594,-15.95717219937303,249.19294769913157,10,1.3043478260869565,8.500878565685873,-0.15793761506180237,1.6214819429588374
-15_deg,4.822265699978743,16541.8653689134,-147.34689474052644,531.9151141119886,551.9463705926923,-15.483372607562236,238.9881028713873,10,1.3043478260869565,8.500878565685873,-0.12820870084712876,-2.942643218275384
-15_deg,4.9399164999776985,16541.9830197134,-149.54397916702297,531.4892938286752,552.1270425903904,-15.714892907520804,239.0073525510612,10,1.3043478260869565,8.500878565685873,0.059847702857006385,-0.7125899274635707
-15_deg,5.0575827499778825,16542.1006859634,-150.07919321209863,531.4930405503113,552.2758517159783,-15.768237865141476,238.62755824091718,10,1.3043478260869565,8.500878565685873,0.20908096803828363,-0.1985884250021418
-15_deg,5.17525184997794,16542.2183550634,-144.4495331701457,533.2507773986938,552.4690572596662,-15.15681561938428,229.07162141711058,10,1.3043478260869565,8.50064009837281,0.36871005020016767,-6.0941146587026624
-15_deg,5.292920949977997,16542.3360241634,-149.5638697718031,531.5690257908142,552.2091816705986,-15.714638874795096,238.6275582409175,10,1.3043478260869565,8.50064009837281,0.1419835493419902,-0.7151442702856836
-15_deg,5.410591749976447,16542.4536949634,-149.8164402416589,531.3763950828488,552.0922377809042,-15.745285271304251,238.61793772680787,10,1.3043478260869565,8.500640097847041,0.025343217485021205,-0.4196895954560012
-15_deg,5.52826424997329,16542.571367463395,-149.1107058130583,531.4915398043767,552.0120102603707,-15.671539363770048,237.71354542387408,10,1.3043478260869565,8.500640097847041,-0.05588163239612637,-1.130127428323685
-15_deg,5.64593504997174,16542.689038263394,-151.09127960283448,531.2553769990247,552.3231394413942,-15.87597652109865,251.847750596873,10,1.3043478260869565,8.500640097847041,0.25576567213920937,0.839979514193877
-15_deg,5.763604149971798,16542.806707363394,-147.7601757501639,532.1444972602842,552.2778607749182,-15.518339310172005,238.42552442944606,10,1.3043478260869565,8.499729708670738,0.20497085146967342,-2.607368394336956
-15_deg,5.881273249971855,16542.924376463394,-150.66045020449786,531.2898809432356,552.2386339695,-15.832002888993554,249.84577402720018,10,1.3043478260869565,8.498613663632833,0.17174222755406188,0.4160165990736484
-15_deg,5.998942349971912,16543.042045563394,-149.00113597695335,531.8886641865352,552.3648156902821,-15.649469248680642,238.38704108126922,10,1.3043478260869565,8.498407823290162,0.29644648038568266,-1.343618001493653
-15_deg,6.11661144997197,16543.159714663394,-151.55423896679613,530.7915471367082,552.0039437002105,-15.935366888684134,248.50113813750366,10,1.3043478260869565,8.498407823290162,-0.06459643393274667,1.4116766672823648
-15_deg,6.234283199970378,16543.277386413392,-147.19510929247514,532.5341617454818,552.502519112435,-15.451065503067065,240.28204541115363,10,1.3043478260869565,8.498407823290162,0.4261831573765542,-3.2571403761464355
-15_deg,6.351957599974412,16543.395060813396,-151.89741551064984,530.8658767401481,552.1697238403253,-15.967490558241767,237.55283969024657,10,1.3043478260869565,8.498407823290162,0.1003046650991904,1.721680953925244
-15_deg,6.46963199997117,16543.512735213393,-150.98922865820643,531.0931324812278,552.1391695392776,-15.87039622191778,237.73546298461628,10,1.3043478260869565,8.498407823290162,0.07187514627383404,0.7859244186746945
-15_deg,6.587312349973217,16543.630415563395,-150.16473955918354,531.2384658716879,552.054124727442,-15.78396224915415,238.37742020838013,10,1.3043478260869565,8.498407823290162,-0.012612316946238421,-0.04700171091233825
-15_deg,6.704998649973277,16543.748101863395,-147.31474745050127,532.1721885550448,552.1855422662487,-15.473037010124362,238.3624577064852,10,1.3043478260869565,8.498285046189638,0.1104195354719546,-3.043525735888109
-15_deg,6.822703649973846,16543.865806863396,-151.33683487179218,530.6003906786777,551.7604663052415,-15.91910867956823,247.37732207420322,10,1.3043478260869565,8.498285046189638,-0.3076948466695302,1.2544873111029184
-15_deg,6.9404475999763235,16543.9835508134,-151.67733120819753,530.9012558434124,552.1432388959895,-15.944523660293196,237.54996970830453,10,1.3043478260869565,8.498216436940302,0.07446559000834124,1.500273810110612
-15_deg,7.0582117999729235,16544.101315013395,-149.77036731040857,531.1855605862295,551.8960615003531,-15.746057760216823,238.13689373016516,10,1.301989150090416,8.4981622726366,-0.17082740010059444,-0.41209954341169447
-15_deg,7.175975999976799,16544.2190792134,-147.80362651055174,532.077338257604,552.2247784163324,-15.524547450948319,238.19462090106978,10,1.301989150090416,8.498025059210388,0.15216833058742907,-2.5472835043248794
-15_deg,7.293783399974927,16544.336886613397,-149.14247492255564,531.4530322982797,551.98351729473,-15.675794102976473,227.58966488503341,10,1.3043478260869565,8.498025058684945,-0.08429214222252496,-1.089079319043669
-15_deg,7.411661399975856,16544.454764613398,-151.44467127936963,530.807205273055,551.9889289004876,-15.923984707579143,249.80105216022577,10,1.3043478260869565,8.497595392795876,-0.07934164531462845,1.3019823916653053
-15_deg,7.529566799978056,16544.5726700134,-150.46939009542814,531.3209297549397,552.2164138735317,-15.812052363515969,252.46380654676324,10,1.3043478260869565,8.497165770353007,0.1496335133226186,0.22371683635668113
-15_deg,7.647472199980257,16544.690575413402,-149.97281027918018,531.3794005151117,552.1375835014625,-15.760818426801867,238.09840866343046,10,1.301989150090416,8.495815810672134,0.07078242367743154,-0.27003699842509854
-15_deg,7.7653931499808095,16544.808496363403,-143.63624034052972,533.0821649599517,552.0941623831496,-15.079924097747792,227.76683326845585,10,1.3043478260869565,8.493005372921145,-0.01483195786915692,-6.830844534063704
-15_deg,7.883329649979714,16544.9264328634,-146.99228084241355,532.1388383134567,552.0674540931119,-15.441706499505518,238.6897256470294,10,1.3043478260869565,8.491544968919857,-0.009413286723036873,-3.3447516422613304
-15_deg,8.001266149978619,16545.0443693634,-150.380908159657,531.2177007902517,552.0929841718735,-15.80613635230148,249.0492607354272,10,1.3043478260869565,8.491544968395214,0.026223973228827153,0.1666610958724253
-15_deg,8.119202649977524,16545.1623058634,-150.388243589641,531.139025644025,552.0192826089152,-15.809093195408401,238.44476601748912,10,1.3043478260869565,8.488431117365215,-0.047486921125217,0.19512671057459213
-15_deg,8.237139149976429,16545.2802423634,-152.78428878283938,530.3844773019407,551.9517484905098,-16.069748120636355,238.14078842465744,10,1.3043478260869565,8.48334718940027,-0.12162019998438456,2.706078726316179
-15_deg,8.355075649975333,16545.398178863397,-149.98977567342294,531.464782110291,552.2243633072547,-15.76010625864016,255.01483344900868,10,1.301989150090416,8.48137574683887,0.15755881943173786,-0.2769434111750978
-15_deg,8.473020849975,16545.516124063397,-148.45860264133628,531.6249270580475,551.9646906892619,-15.602625058234603,238.37742020838013,10,1.301989150090416,8.48137574683887,-0.10495954208688019,-1.7939211197611409
-15_deg,8.590974749968154,16545.63407796339,-151.40793534736193,531.0327305537165,552.1957296154028,-15.913899060850493,250.04426238239276,10,1.301989150090416,8.480257324888521,0.127679210133505,1.2052686577520724
-15_deg,8.708928649968584,16545.75203186339,-150.16023825614772,531.09384953582,551.9137379771582,-15.787596287252832,239.55929025001302,10,1.301989150090416,8.479139197867383,-0.1529971964846395,-0.011984116393743686
-15_deg,8.826882549961738,16545.869985763384,-148.61217649938445,532.0976880976557,552.4613368216407,-15.604777977056118,238.47362829197098,10,1.3043478260869565,8.479139197867383,0.3917510454284251,-1.774776337250733
-15_deg,8.944836449962168,16545.987939663384,-150.90008963731796,531.1113594578795,552.132333048652,-15.860981453036855,249.6287399547533,10,1.301989150090416,8.479139197867383,0.06516034910945687,0.6951890935699834
-15_deg,9.062790349955321,16546.105893563377,-143.24562155796156,533.5770988125682,552.4706584722522,-15.027454709792261,227.78230068986602,10,1.2996389891696751,8.479139197867383,0.35514396972938256,-7.341393615698863
-15_deg,9.180744249955751,16546.223847463378,-151.2144146744121,531.2433345613239,552.3452540949,-15.888604055136772,251.34682070501364,10,1.301989150090416,8.479139197867383,0.2776817534351359,0.9617454845584894
-15_deg,9.298698149948905,16546.34180136337,-146.77053270809273,532.2116065810899,552.0786026020589,-15.417513006455033,238.35817841959567,10,1.301989150090416,8.478513750477521,0.00027343034472415706,-3.577933166747172
-15_deg,9.416643099950306,16546.459746313372,-147.29659970608094,532.0161980031828,552.0303644028427,-15.475541063249127,228.06472197965013,10,1.301989150090416,8.478513750477521,-0.044623521194531834,-3.018544873667603
-15_deg,9.534563799952593,16546.577667013375,-151.8321623590855,530.7335123840261,552.0245163886482,-15.964758419396693,249.0017814694901,10,1.2996389891696751,8.478513750477521,-0.04482063186674601,1.6949051301054816
-15_deg,9.652439449953818,16546.695542663376,-148.7342550974594,531.9362299223689,552.3386926003096,-15.621480147274982,238.76224392940432,10,1.2996389891696751,8.478513750477521,0.26960123547047127,-1.6133720299905596
-15_deg,9.770283949954319,16546.813387163376,-144.53059943663155,532.9843232606645,552.2330875772843,-15.172162109209259,228.60980137479447,10,1.2996389891696751,8.478513750477521,0.1343665080370673,-5.943606680570795
-15_deg,9.888124949953635,16546.931228163376,-149.9095482086148,531.227872562665,551.9745693703343,-15.758770909733215,238.4928697365559,10,1.2996389891696751,8.478513750477521,-0.09224168757565195,-0.2896825855900008
-15_deg,10.005965949952952,16547.049069163375,-151.65039241308838,530.8448535147629,552.0816063066708,-15.943443470328756,238.0238045947638,10,1.2996389891696751,8.478513750477521,0.012861411408186418,1.4896980577488614
-15_deg,10.123806949952268,16547.166910163374,-152.31196105112778,530.2482360786232,551.6902440171764,-16.026527914602774,247.51648344838793,10,1.2996389891696751,8.478513750477521,-0.3812381679276394,2.288641703765608
-15_deg,10.241637399951287,16547.284740613373,-149.01922453714187,531.8778961706608,552.3593266312965,-15.651577306095893,238.61793772680758,10,1.2996389891696751,8.478531721689793,0.2910064984100811,-1.3232820045505964
-15_deg,10.359459399951447,16547.402562613373,-151.372273263467,531.1931835034407,552.3402604495436,-15.905777789260567,253.70966263640344,10,1.2996389891696751,8.480275303492984,0.2723750344806078,1.1272939713505818
-15_deg,10.477281399951607,16547.520384613374,-154.5678283088585,527.5013249629593,549.680690388333,-16.331578803831533,245.6900153104506,10,1.2996389891696751,8.483516315622566,-2.4107057918543515,5.206812179473431
-15_deg,10.595103399951768,16547.638206613374,-150.17172418445682,531.1697531979307,551.9899034012155,-15.786599964707367,238.3004527092822,10,1.2996389891696751,8.485758775299198,-0.0768320643228669,-0.021584382729499987
-15_deg,10.712925399951928,16547.756028613374,-151.27578951888722,531.0086388041027,552.1363409332415,-15.901397185042196,248.6263028391051,10,1.2996389891696751,8.486010811227,0.06854048565937046,1.0846637505123828
-15_deg,10.830747399952088,16547.873850613374,-147.15296846195054,532.0626739002464,552.0368512020224,-15.459886987393704,228.007042904942,10,1.2996389891696751,8.486010811227,-0.03898214441793679,-3.169402814016723
-15_deg,10.94856244995026,16547.991665663372,-152.3319579038924,530.5138454146556,551.9510536048268,-16.020910934871374,248.69455255986986,10,1.2996389891696751,8.486010811227,-0.12020900422204428,2.2356136998127303
-15_deg,11.066377499952068,16548.109480713374,-150.13794846894766,531.3456864508697,552.1500177310604,-15.77826057719313,238.5024904373241,10,1.2996389891696751,8.486770609874826,0.08327327431042911,-0.1019559510168496
-15_deg,11.184192549953877,16548.227295763376,-147.57146166496398,532.5241501468065,552.593256190765,-15.488953929080871,243.62439407616242,10,1.2996389891696751,8.487379267018387,0.5189520679124832,-2.892263315173853
-15_deg,11.301997049951751,16548.345100263374,-152.45348114329272,530.0708054791364,551.5588116728884,-16.045746208242328,248.51599905096467,10,1.2996389891696751,8.487379267018387,-0.5134678874932614,2.4730999792216415
-15_deg,11.419797949951317,16548.462901163373,-151.29670349619042,530.8967893360606,552.0345038275702,-15.906665421915367,237.45390372186628,10,1.2996389891696751,8.487379267018387,-0.033398471429442134,1.1352221026966638
-15_deg,11.53760244994919,16548.58070566337,-147.32195091249224,532.2404334477201,552.2532355878775,-15.471868346552537,238.60831719833243,10,1.2996389891696751,8.487379267018387,0.17804962747540987,-3.055162999162365
-15_deg,11.655410549952649,16548.698513763375,-150.84090847056925,531.063214447132,552.0698483046754,-15.85643887038866,237.76429774987713,10,1.2996389891696751,8.487379267018387,0.0027290300197554407,0.6513406847695076
-15_deg,11.773215049950522,16548.816318263373,-152.53868295334385,530.4757978359462,551.9715770642764,-16.042625985583935,248.5598341712031,10,1.2996389891696751,8.487879943900582,-0.10057268262773567,2.444891694811249
-15_deg,11.891015949950088,16548.934119163372,-151.31024092842992,531.1016707523343,552.2352521215396,-15.902190266117833,237.45390372186628,10,1.2996389891696751,8.487879943900582,0.16743641372400417,1.092502017123837
-15_deg,12.008811999949103,16549.05191521337,-153.8250394997972,529.9722739264145,551.8448639861103,-16.185429413862938,237.69957501238963,10,1.2996389891696751,8.487879944162676,-0.23509075084856146,3.8197205501222227
-15_deg,12.126599399955012,16549.169702613377,-148.72821308771273,531.751862587309,552.15951022629,-15.626028011297459,239.87810230676567,10,1.2996389891696751,8.488380679856872,0.0905459066306728,-1.5690210510507425
-15_deg,12.244382999953814,16549.287486213376,-151.52672621981947,531.0116239924553,552.2080165788983,-15.926352614042536,252.15915102333125,10,1.2996389891696751,8.488640077569606,0.13969112268826972,1.3253206142720524
-15_deg,12.362150149958325,16549.40525336338,-152.7212841351579,530.2224573832865,551.7786195037487,-16.068118433022637,237.97718881438627,10,1.2996389891696751,8.488640077569606,-0.29467038321319683,2.6895356384950158
-15_deg,12.479900849961268,16549.523004063383,-147.95952181658737,531.8479978837679,552.0455714423997,-15.546508068670182,238.8918536291676,10,1.2996389891696751,8.488640077569606,-0.02610126724887707,-2.3348680999811933
-15_deg,12.597651549964212,16549.640754763386,-150.82770098433718,530.847012909686,551.8582666766504,-15.86125288641345,238.76224392940432,10,1.2996389891696751,8.488899490612456,-0.20890910360026693,0.6974583916124023
-15_deg,12.715388799966604,16549.75849201339,-152.073751687869,530.6236945536891,551.9854447122952,-15.992003327994182,237.9373035222612,10,1.2996389891696751,8.488899490612456,-0.08476042224699132,1.9572601811076777
-15_deg,12.833126049968996,16549.87622926339,-148.06483503881213,531.6658270320869,551.8983121996149,-15.562110099914074,238.7282266923994,10,1.2996389891696751,8.48924900290258,-0.1727440237373159,-2.1839608571231413
-15_deg,12.95087674997194,16549.993979963394,-151.40704464461618,531.0558649320656,552.2177331875182,-15.91315203588739,252.33878267113232,10,1.2996389891696751,8.48987243075093,0.1496983978727665,1.1981168618740854
-15_deg,13.068647699976282,16550.1117509134,-154.11903601135063,529.00054705326,550.9938802234707,-16.2429556164321,237.59885111124922,10,1.2996389891696751,8.490146336248609,-1.0901610058905262,4.367024783395276
-15_deg,13.18645464997826,16550.2295578634,-149.98747840801738,531.2339075346983,552.0015472748061,-15.7663856287869,239.5881322569392,10,1.2996389891696751,8.490146336248609,-0.06523016054499962,-0.21633468668457376
-15_deg,13.304261599980236,16550.347364813402,-151.59774953881583,530.5540330777636,551.7875131609215,-15.946482469923126,248.73407764511848,10,1.2996389891696751,8.490146336248609,-0.28131041217637387,1.5181715014652803
-15_deg,13.422052799978701,16550.4651560134,-150.85075372053183,531.0407035759251,552.0508842058548,-15.858060153144452,228.03224662582065,10,1.2996389891696751,8.490146336248609,-0.016253706789998712,0.6669395300002219
-15_deg,13.539859749980678,16550.582962963403,-150.96785061115747,531.2431202526867,552.2775975304116,-15.864007719864865,253.9709486401832,10,1.2996389891696751,8.490146336248609,0.21038721697783516,0.7245423467634358
-15_deg,13.657643649981765,16550.700746863404,-151.69376197766582,530.5429720316572,551.8032643933167,-15.956383706035982,249.0582770702788,10,1.301989150090416,8.490146336248609,-0.2658298400671058,1.6135711190853717
-15_deg,13.775388749978447,16550.8184919634,-152.96293046713467,530.39295555941,552.009370757544,-16.08732210880763,238.32362983381935,10,1.3043478260869565,8.491058278489998,-0.0648546973906341,2.875673566841624
-15_deg,13.893136499977118,16550.9362397134,-151.48812336370239,530.8581806752462,552.0498704918684,-15.92686988884001,250.58028826957084,10,1.3043478260869565,8.491332259986741,-0.018466493128011796,1.3299250312626805
-15_deg,14.010884249975788,16551.053987463398,-147.52722953867823,531.9463101361308,552.0246011934636,-15.50054625555608,238.76224392940432,10,1.3043478260869565,8.49251851560119,-0.0491218658829391,-2.7776004847725853
-15_deg,14.12863199997446,16551.171735213396,-148.8053619729917,531.7413989069773,552.1702192833857,-15.634029925584798,238.4640075481564,10,1.3043478260869565,8.49251851560119,0.10146866885233702,-1.4919358230798758
-15_deg,14.246388749976177,16551.289491963398,-150.86944968730236,531.2252688759945,552.2335349662515,-15.854693479025975,238.14586926064513,10,1.3043478260869565,8.49251851560119,0.16643516900208047,0.6347112221791216
-15_deg,14.364145499974256,16551.407248713396,-147.52109667206847,532.1843093257543,552.2523092354254,-15.493334175698243,239.0539881106129,10,1.3043478260869565,8.492082195002054,0.1782291451496555,-2.8482598372797354
-15_deg,14.481895899974916,16551.524999113397,-149.4253419739628,531.5883978116689,552.1903272532152,-15.70025793947772,238.10740438804575,10,1.3043478260869565,8.492082195002054,0.12293226298147364,-0.8537165418788497
-15_deg,14.599646299975575,16551.642749513398,-151.70100742196993,530.6663731066504,551.9239034495673,-15.953585236221153,248.77930734115077,10,1.3043478260869565,8.492082195002054,-0.14511312983106578,1.586966652497237
-15_deg,14.717396699976234,16551.7604999134,-150.8167326473233,530.8688198078904,551.8762458111752,-15.859538740832564,237.9891902970432,10,1.3043478260869565,8.492082195002054,-0.19090936353394558,0.6809703782786707
-15_deg,14.835147099976894,16551.8782503134,-154.09203809488127,528.958225419981,550.9456964562748,-16.241491107493356,237.59377033268206,10,1.3043478260869565,8.492540152682292,-1.1382318260639859,4.352560884026824
-15_deg,14.952897499977553,16551.9960007134,-150.81241979796457,531.2393739915761,552.2315261231282,-15.848601731522987,250.85350685805338,10,1.301989150090416,8.492540152682292,0.16449068886797075,0.5759951122904321
-15_deg,15.070654249975632,16552.113757463398,-149.69307776772345,531.4404472712573,552.1204275585606,-15.731160075493342,238.31969467003728,10,1.301989150090416,8.492540152682292,0.05341273686775347,-0.5558258687156092
-15_deg,15.188417349978408,16552.2315205634,-151.04431157400253,531.0153342591155,552.079404865989,-15.878102867903769,250.2562514286039,10,1.301989150090416,8.492540152682292,0.011999839057283967,0.8600974499067808
-15_deg,15.306180449973908,16552.349283663396,-149.20938498044754,531.6728161427108,552.213205194664,-15.676316744970046,240.0127616919777,10,1.3043478260869565,8.492540152682292,0.1454052261908358,-1.0844953181747514
-15_deg,15.423950849974062,16552.467054063396,-149.93223681875554,531.1636138679779,551.918889271572,-15.762849443232115,238.18433389902393,10,1.3043478260869565,8.492540152682292,-0.14790255835652844,-0.25036566382701286
-15_deg,15.541721249974216,16552.584824463396,-152.78858186613354,530.4137267510146,551.9810434014597,-16.069335916398366,227.62478211855418,10,1.3043478260869565,8.492540152682292,-0.09230618596803031,2.7022512705628294
-15_deg,15.659484349969716,16552.70258756339,-151.2414123569522,531.2133185955487,552.3237770230625,-15.892150126958366,253.38266753034534,10,1.3043478260869565,8.492082195002054,0.25614413561348714,0.9958917007840399
-15_deg,15.777247449972492,16552.820350663394,-151.34304605030735,530.8674410188154,552.0189829359592,-15.912126144388683,249.146190136229,10,1.3043478260869565,8.492082195002054,-0.04903002959576669,1.1878016656132404
-15_deg,15.895004199970572,16552.938107413393,-154.1425258515968,529.66837069435,551.6416420013245,-16.225896412928527,237.97850563848937,10,1.3043478260869565,8.492082195002054,-0.44114226065549555,4.207918351950793
-15_deg,16.01275459997123,16553.055857813393,-150.61441141545333,531.0978610607556,552.0413380801596,-15.832842964048119,239.36922049197253,10,1.3043478260869565,8.492082195002054,-0.02555976262902271,0.4239620401648892
-15_deg,16.13050499997189,16553.173608213394,-152.28605517784032,530.5961349087703,552.0174824964823,-16.013974333963876,248.56945701435868,10,1.306715063520871,8.492082195002054,-0.053514012372369635,2.169052456113181
-15_deg,16.24826174996997,16553.291364963392,-151.81201691582353,530.6210978805192,551.9108967903948,-15.965957538596028,227.7628525868203,10,1.306715063520871,8.492082195002054,-0.15847528009509698,1.7061069343803605
-15_deg,16.366032149970124,16553.409135363392,-151.11224741589308,531.0824874492704,552.162584565802,-15.882976894420292,251.17116078681988,10,1.309090909090909,8.492082195002054,0.09510426242718528,0.9071982394724083
-15_deg,16.483802549970278,16553.526905763392,-148.26346214717233,531.6838419132713,551.9689864109419,-15.581470559408702,238.78597783940444,10,1.309090909090909,8.491624286709612,-0.10136381406006562,-1.9977294693657224
-15_deg,16.601572949966794,16553.64467616339,-152.9928949268603,530.2818222957277,551.9108958476712,-16.093507971040353,227.67286386085945,10,1.309090909090909,8.491624286709612,-0.1636419004233406,2.9347460617974037
-15_deg,16.719350649964326,16553.762453863386,-150.93074351926322,531.3213349280775,552.3426927995263,-15.85808728415891,252.6146530263948,10,1.309090909090909,8.49162428618496,0.2755543578871367,0.6675536157630065
-15_deg,16.83712834996186,16553.880231563384,-151.5638530909043,530.6381175699265,551.8590520974684,-15.940700203305704,249.49564685548185,10,1.309090909090909,8.49162428618496,-0.209621323562317,1.4626751450353486
-15_deg,16.95490604995939,16553.99800926338,-152.86051375799715,530.3620509204352,551.9513037604759,-16.077995943049345,238.49684292755987,10,1.309090909090909,8.491097933178306,-0.12246018759593591,2.7855298675669253
-15_deg,17.07267409995984,16554.115777313382,-152.89144426595502,530.1901749215644,551.7947220779561,-16.08602459250972,248.91586900254362,10,1.3114754098360655,8.491097933178306,-0.2794355088393926,2.862059625379567
-15_deg,17.190418099955423,16554.233521313377,-147.45387160680022,532.3507467527121,552.3947518034589,-15.4820033174765,239.2850913522869,10,1.309090909090909,8.49126736832426,0.32009559754618166,-2.9582349989167454
-15_deg,17.30814769995777,16554.35125091338,-148.18816219227537,532.0632348203764,552.3142377862869,-15.563374487777086,238.54097309687305,10,1.309090909090909,8.49162428618496,0.2432264032750442,-2.173418522200704
-15_deg,17.425877299952845,16554.468980513375,-149.6974880804094,531.2256174008687,551.9148435406665,-15.737647399421954,238.49286973655614,10,1.309090909090909,8.49162428618496,-0.15211180456439793,-0.4931282855223644
-15_deg,17.543606899955194,16554.586710113377,-147.41945481189973,532.4558370381502,552.4868451402575,-15.475654451052948,241.78477196203085,10,1.309090909090909,8.492082195002054,0.4118563693408537,-3.019947595883103
-15_deg,17.661334299955342,16554.704437513377,-152.3163051793412,530.0176051871173,551.4697803431962,-16.033577127605056,248.37173404409435,10,1.309090909090909,8.492082195002054,-0.6019855821951999,2.355574944094647
-15_deg,17.77905949995329,16554.822162713375,-149.84297438240807,531.1848922632347,551.9151263921576,-15.753331267689989,238.47362829197098,10,1.3114754098360655,8.492082195002054,-0.151714644325901,-0.34205001717016476
-15_deg,17.896771149957203,16554.93987436338,-147.52146881590252,532.5349554562263,552.5903207117966,-15.483659441657638,244.0899943423715,10,1.309090909090909,8.492082195002054,0.5157470081730856,-2.9433100316304976
-15_deg,18.014469249952526,16555.057572463375,-146.62071040557225,532.3741024141538,552.1954523908274,-15.398044475404665,238.51646816621925,10,1.309090909090909,8.493001766863022,0.1158728852715869,-3.7663167756845506
-15_deg,18.13216659995669,16555.17526981338,-150.73716406467892,531.2352880715538,552.2070480560064,-15.841205963481713,250.32845800728535,10,1.309090909090909,8.494040580958812,0.14008238113171237,0.5046904515154081
-15_deg,18.24986394995358,16555.292967163376,-149.54585959970774,531.4817496284517,552.1202897118849,-15.715292800593286,238.53135245351672,10,1.309090909090909,8.494040580958812,0.053099789953508725,-0.7087277188284882
-15_deg,18.367562049956177,16555.410665263378,-152.8572075042849,530.4268478949787,552.0126509907276,-16.075803581511735,237.66110080009955,10,1.309090909090909,8.494040581483763,-0.06100754552431953,2.764717563369297
-15_deg,18.485272199955944,16555.528375413378,-148.8237215771697,531.7541429704371,552.1874397976678,-15.635508103886838,238.61793772680784,10,1.3114754098360655,8.494199311279575,0.11872742827914273,-1.4777364765425696
-15_deg,18.603012499952456,16555.646115713374,-150.9997857090763,531.0399149293993,552.0908680030948,-15.872960371080978,237.626821403913,10,1.313868613138686,8.494199311279575,0.02353793687819053,0.8105632768774151
-15_deg,18.72075409995523,16555.763857313377,-152.67518378574476,530.2240546781176,551.7673965570224,-16.06347245920944,238.0334157503525,10,1.313868613138686,8.494199311279575,-0.30567692719011774,2.644739996335595
-15_deg,18.838485599953856,16555.881588813376,-148.62674203397378,531.9744352220893,552.3465471762219,-15.609672415904157,238.48324902143796,10,1.313868613138686,8.494199311279575,0.27711155415175187,-1.72722412202269
-15_deg,18.956223799956206,16555.99932701338,-150.95001235646987,531.1527879587918,552.1858295780648,-15.86478945404796,237.52115007180612,10,1.313868613138686,8.494199311279575,0.1186094083134819,0.7319558808319035
-15_deg,19.073955299954832,16556.117058513377,-148.77997855341695,531.7526717594046,552.174235130199,-15.631178259547756,227.72436682411885,10,1.313868613138686,8.494199311279575,0.10540956147993147,-1.5194288141221932
-15_deg,19.19168009995701,16556.23478331338,-150.80455677094304,531.2901919666601,552.2782653906011,-15.846377209638971,250.97864510352025,10,1.313868613138686,8.494358047532918,0.21125187970125228,0.5546015427558393
-15_deg,19.30940489995919,16556.35250811338,-149.34321135179488,531.5349348281991,552.1166377856084,-15.693554189371477,238.23310539543033,10,1.313868613138686,8.494386908973214,0.04913923067468401,-0.9182015640324285
-15_deg,19.427136399957817,16556.47023961338,-153.00126375298976,530.3268092021073,551.9564396476412,-16.093048138796277,227.42333049563194,10,1.313868613138686,8.494386908973214,-0.11807520710720598,2.930558525932219
-15_deg,19.544874599960167,16556.587977813382,-151.77651545215463,530.7138066004022,551.9902672684431,-15.959767716789987,250.30131437266888,10,1.313868613138686,8.494386908973214,-0.07892406045899025,1.6467195273028181
-15_deg,19.662622899959388,16556.70572611338,-150.04245800552474,531.1897876767932,551.9740299474753,-15.773122267506931,238.52173179580572,10,1.313868613138686,8.49390350086142,-0.09272586645990487,-0.15142471703522456
-15_deg,19.78038129995548,16556.823484513377,-153.20529948692283,530.2045411028323,551.8955691042851,-16.116918903745592,227.2118790817891,10,1.313868613138686,8.49390350086142,-0.1802135941830949,3.160164470266248
-15_deg,19.898142749960243,16556.941245963382,-150.9761562242844,530.8918961730737,551.9420306250479,-15.87480351786463,250.4842127052732,10,1.313868613138686,8.49390350086142,-0.12532563430815533,0.8281001508673121
-30_deg,0.0,16574.008786363367,-277.0173535456943,487.3014864092641,560.5366650114321,-29.617026978119757,241.49206813351958,10,1.306715063520871,8.48769263350505,-0.026687077029537612,0.25192402003264236
-30_deg,0.1178418999988935,16574.126628263366,-275.9451573069208,488.3420242886064,560.9132397505297,-29.46928647568849,243.71511378257898,10,1.309090909090909,8.487692633242967,0.3486729161686409,-1.1942532610406134
-30_deg,0.23568380000506295,16574.244470163372,-274.4279195169618,488.86017729619584,560.6201530060047,-29.308233696312875,230.84868226121006,10,1.306715063520871,8.487692633242967,0.05001689645958618,-2.769466780676964
-30_deg,0.35352570000395644,16574.36231206337,-277.30045796038934,487.1612414196085,560.5547423102722,-29.64926744166787,240.93481565628716,10,1.3043478260869565,8.487692633242967,-0.008840288071234659,0.5673574660513194
-30_deg,0.4713534000075015,16574.480139763375,-274.73324396221295,488.65918694543365,560.5944669047074,-29.34550074309016,241.06614981275965,10,1.3043478260869565,8.48696868367891,0.026013795749636914,-2.40471482506366
-30_deg,0.5891669000084221,16574.597953263376,-278.7615484692696,486.23731919301855,560.4772354708069,-29.82579743533095,240.84562428068858,10,1.306715063520871,8.48696868367891,-0.09075511838136685,2.2941196721764485
-30_deg,0.7069946000119671,16574.71578096338,-278.3690589951691,486.5431821017434,560.5475903574523,-29.775444148413516,230.63529259049926,10,1.309090909090909,8.48696868367891,-0.018600891366343242,1.8017845487724962
-30_deg,0.8248365000108606,16574.833622863378,-276.2095311342418,488.16467548018363,560.8889867666066,-29.50171117209203,243.2968847863701,10,1.309090909090909,8.485946000610902,0.3250059912821448,-0.8767851569927583
-30_deg,0.9426642000144057,16574.95145056338,-277.2327933002684,487.1090198915956,560.4758861367902,-29.645896824181193,241.49206813351958,10,1.309090909090909,8.485946000610902,-0.08766401898171966,0.5343057843598515
-30_deg,1.0604777000153263,16575.069264063382,-275.44434083993366,488.1300662460397,560.4824229840831,-29.435373426370262,240.03206823338397,10,1.309090909090909,8.485946000610902,-0.08294738179833916,-1.5250814094758676
-30_deg,1.1783054000188713,16575.187091763386,-277.8367383611555,486.8194594093557,560.5233619063371,-29.714190533992905,241.3943088522296,10,1.309090909090909,8.485946000610902,-0.041223370795314906,1.2024660762366943
-30_deg,1.2961473000177648,16575.304933663385,-275.67013912459987,488.3006976517614,560.7420056783451,-29.446898625638475,242.56227608975215,10,1.309090909090909,8.485946000610902,0.17692992333684954,-1.4129933715215388
-30_deg,1.4139892000239342,16575.42277556339,-277.58545446764634,487.1305753560802,560.6691377084666,-29.676128763085607,241.20856116165342,10,1.309090909090909,8.485946000610902,0.105227394658098,0.8303251073263858
-30_deg,1.5318311000228277,16575.54061746339,-274.1979258199129,489.3101066296405,560.9000650506761,-29.265249281583422,232.38483999889206,10,1.309090909090909,8.485946000610902,0.3276889367379492,-3.1916417963088923
-30_deg,1.6496730000289972,16575.658459363396,-276.1676921054728,487.98116606367824,560.7086699844496,-29.507224531728586,240.88522363556518,10,1.309090909090909,8.485946000610902,0.14477117614960777,-0.8225484379859676
-30_deg,1.7675189000292448,16575.776305263396,-277.9321604257448,486.6590636945487,560.4313785602808,-29.730791358644066,241.02145207058126,10,1.309090909090909,8.485946000610902,-0.13357837308368392,1.3646471765266466
-30_deg,1.8853648000294925,16575.894151163397,-272.4038731223345,489.9682139692989,560.6003217911257,-29.072410967105707,230.72406391738832,10,1.306715063520871,8.485946000610902,0.014039199099455502,-5.076676065037137
-30_deg,2.003210700033378,16576.0119970634,-277.40584776453306,487.0599273772604,560.5188464545162,-29.663752930811345,241.20856116165336,10,1.309090909090909,8.485946000610902,-0.04489746879883205,0.7090311252556185
-30_deg,2.12106060003498,16576.129846963402,-276.3948355924582,488.04794819137817,560.8786899820639,-29.524058332499752,241.33471688691648,10,1.309090909090909,8.485946000610902,0.31500852521917366,-0.6580088948913239
-30_deg,2.2389105000365817,16576.247696863404,-275.2365740650824,488.4088870487287,560.623235918082,-29.40287680136747,230.9366695656399,10,1.309090909090909,8.485946000610902,0.056909656694533406,-1.84343354395628
-30_deg,2.356771100035985,16576.365557463403,-275.2922480320171,488.3959847729197,560.639331271747,-29.408480979609198,240.88040962524198,10,1.309090909090909,8.48594600008695,0.07318255544754027,-1.788649859510342
-30_deg,2.474642400040466,16576.483428763408,-275.946320828363,487.59311182457776,560.2619161405539,-29.50706823134779,230.74377210193842,10,1.309090909090909,8.48594600008695,-0.30198443120480717,-0.8234214273631939
-30_deg,2.592513700037671,16576.601300063405,-277.7432785314586,486.8499130335449,560.5034938251265,-29.704350058375827,241.30632392971324,10,1.309090909090909,8.485657965172303,-0.060893158363981126,1.1061579122513372
-30_deg,2.7103850000421517,16576.71917136341,-277.8000083968556,486.6436161835379,560.3524371656499,-29.71984090310389,230.8111370656605,10,1.309090909090909,8.485657965172303,-0.21226899109014813,1.257359847481118
-30_deg,2.8282563000393566,16576.837042663406,-277.8497066265697,486.37969561207376,560.147898127061,-29.73763902803529,240.93353891844527,10,1.309090909090909,8.485657964910345,-0.417224978832219,1.430902421990517
-30_deg,2.9461344000446843,16576.95492076341,-277.38806071174287,487.1607812348281,560.5976837258156,-29.657071858280254,241.20856116165314,10,1.309090909090909,8.485369949286408,0.0340186175884738,0.64376144513875
-30_deg,3.064012500042736,16577.07279886341,-278.40001939632475,486.1718128538047,560.2406647267127,-29.79705334482573,220.9161627262675,9,1.309090909090909,8.485369949286408,-0.32624395545899487,2.012092441800746
-30_deg,3.1818731000457774,16577.190659463413,-275.47738396869386,487.89110876191234,560.2905702286657,-29.450325109728215,241.25188341419005,10,1.309090909090909,8.484599603303074,-0.2744206612008654,-1.378348622227823
-30_deg,3.299723000047379,16577.308509363414,-277.4325234157327,487.0691234237406,560.5400396417656,-29.665657044949114,241.1288994604454,10,1.309090909090909,8.484599603303074,-0.023728172210874254,0.72768637973692
-30_deg,3.417572900048981,16577.426359263416,-276.4353996103748,487.8145371579942,560.6955972900231,-29.53941898662132,240.60589482113218,10,1.309090909090909,8.484599603303074,0.13207216000622024,-0.5074750570422228
-30_deg,3.5354228000505827,16577.544209163418,-277.7536047360701,486.81689873866134,560.4799352710221,-29.706939314537696,241.30632392971324,10,1.309090909090909,8.484599603303074,-0.08450222523587786,1.13144004289288
-30_deg,3.653255250050279,16577.662041613417,-275.65775951609254,488.5212041264064,560.9279519354923,-29.434724520059568,241.5744667293079,10,1.309090909090909,8.484599603303074,0.3625625981835423,-1.5326464955777848
-30_deg,3.7710702500553452,16577.779856613422,-277.6694446699045,487.0594564123727,560.6489405893934,-29.687184741174683,240.2167909439572,10,1.309090909090909,8.484599603303074,0.08485964348462899,0.9384796862473839
-30_deg,3.8888852500531357,16577.89767161342,-277.1662946078136,487.20513454968926,560.5265363907458,-29.635129619069502,241.16428614067434,10,1.313868613138686,8.484599603303074,-0.03692326805268101,0.42901817923078833
-30_deg,4.0067000000562984,16578.015486363423,-276.33832245422786,487.1785847575661,560.0944937269085,-29.56285309220503,230.99674450267676,10,1.313868613138686,8.484599603303074,-0.4688706680523631,-0.27785113132717776
-30_deg,4.124514500050282,16578.133300863417,-277.1854543396484,487.7599514624251,561.0183119543466,-29.60881225373272,243.25679606187768,10,1.3211009174311927,8.485369949286408,0.45499020145435026,0.17170506161095292
-30_deg,4.242329250053444,16578.25111561342,-275.78470760482645,487.94535839381945,560.4889630730944,-29.474955025106546,241.15451902625628,10,1.3211009174311927,8.485369949286408,-0.07548747876675477,-1.1378981516222262
-30_deg,4.360144000049331,16578.368930363416,-276.78427740837094,487.35459085486093,560.4676917073659,-29.593630087899285,241.58004991672792,10,1.3211009174311927,8.485369949286408,-0.09560424246430106,0.02302449569903602
-30_deg,4.47795850005059,16578.486744863418,-281.8496368565198,484.43768123073284,560.4632769346813,-30.19117991152576,231.13809939746776,10,1.3211009174311927,8.486626561720298,-0.13073922375070213,5.8681073545960745
-30_deg,4.595773250046477,16578.604559613414,-275.9897728356249,488.3336967650011,560.9279402080376,-29.473672559547953,243.44386270801974,10,1.3259668508287292,8.48788354587274,0.36346312119949886,-1.1513447200949454
-30_deg,4.713588250051544,16578.72237461342,-276.59748323181486,487.5317348183834,560.5295355154773,-29.56808512681655,241.16428614067442,10,1.3284132841328413,8.48788354587274,-0.03380587801950029,-0.22688150734945042
-30_deg,4.831403250049334,16578.840189613416,-279.77857797801374,485.6501746088709,560.4749278897552,-29.945847043085084,231.05010214803016,10,1.3284132841328413,8.487883546396931,-0.09909970096276921,3.4684357081275183
-30_deg,4.949218000052497,16578.95800436342,-276.4080166540566,487.0821112413399,560.0449756599467,-29.573924507471716,230.5861648762262,10,1.3308687615526802,8.487883546396931,-0.5183454994761734,-0.16960760090429616
-30_deg,5.06703250004648,16579.075818863414,-275.7239202310675,488.1755105071787,560.6594414138877,-29.457974087773792,241.73192873969788,10,1.3333333333333333,8.487901557089877,0.09462854223359463,-1.3044083299635612
-30_deg,5.184847000047739,16579.193633363415,-278.32469835981374,486.7712597495675,560.7235477802428,-29.759936221756224,231.2358724468354,10,1.3333333333333333,8.487901557089877,0.15782291543460092,1.650582962140744
-30_deg,5.302655100043921,16579.31144146341,-277.6816125011165,486.8594592165461,560.4812315768013,-29.69839098467983,241.40239188274998,10,1.3333333333333333,8.487901557089877,-0.08304335284227193,1.04782097890187
-30_deg,5.4204320500430185,16579.42921841341,-278.2170974645656,486.156906033949,560.136849891265,-29.781573928075286,240.85776990597446,10,1.3333333333333333,8.487901557614071,-0.42953506363855876,1.8603901235331983
-30_deg,5.538178600043466,16579.54696496341,-277.29988010290907,487.17551517437096,560.5668613916644,-29.64849439629684,231.35171223759286,10,1.3333333333333333,8.487901557614071,0.0032863911494318554,0.5598064631135561
-30_deg,5.655925150040275,16579.664711513407,-274.9978397372085,488.4389970430803,560.5323056636269,-29.380106471895424,241.63310541377137,10,1.3333333333333333,8.487919568383454,-0.034796864695335716,-2.065898383874456
-30_deg,5.773693800038018,16579.782480163405,-277.04866218559175,487.14045926342396,560.4121592811899,-29.627945836461212,241.39430885222959,10,1.3358070500927643,8.487919568383454,-0.15125096942601343,0.3586658081977735
-30_deg,5.8914789000409655,16579.900265263408,-277.1681598758115,487.24898155385705,560.5655705394457,-29.633079276563823,241.31448517457852,10,1.338289962825279,8.487919568383454,0.0021258638710089373,0.40898809447809015
-30_deg,6.009247550038708,16580.018033913406,-276.27067162600474,487.469547470159,560.3142365775167,-29.542156545848137,230.00025132720566,10,1.338289962825279,8.48791956890765,-0.24926480548979948,-0.48035841466987006
-30_deg,6.1269941000355175,16580.135780463403,-276.08988630913717,488.0835354892706,560.7594519380823,-29.495154127465717,241.11733782096522,10,1.338289962825279,8.488380680381123,0.19536733101334008,-0.9407570263056654
-30_deg,6.244735000036599,16580.253521363404,-275.3127085898973,488.3604142644798,560.6183922524127,-29.412087686476188,241.92773625199152,10,1.338289962825279,8.490038213449525,0.052355121293267026,-1.7532929155531698
-30_deg,6.362481550033408,16580.3712679134,-276.1033704296955,487.7756618700526,560.4981422586568,-29.511848987679873,241.34963529411772,10,1.338289962825279,8.490625712481641,-0.06569178418331545,-0.7770007278302505
-30_deg,6.480233750033221,16580.4890201134,-275.0217999822714,488.51436034781017,560.6097312137193,-29.378461546276665,230.8903022204833,10,1.3407821229050279,8.491224107766948,0.04256860967145004,-2.082278384463092
-30_deg,6.597995200034347,16580.6067815634,-275.8557164605193,487.56083078622095,560.1892002001613,-29.500629428695664,230.89905716885747,10,1.3457943925233644,8.491224107766948,-0.37479635303599623,-0.8862675962917663
-30_deg,6.715756650031835,16580.7245430134,-276.2599470331419,487.83962171024814,560.6309435316181,-29.52255477109446,240.88103239512787,10,1.348314606741573,8.49174326564796,0.06724479232061636,-0.6724303661971981
-30_deg,6.833518100029323,16580.842304463396,-275.37838869883376,488.12343496893817,560.4442387323124,-29.429834501535492,230.84729638084306,10,1.3457943925233644,8.491743265910294,-0.12128153438764333,-1.5791568336250879
-30_deg,6.9512901000307465,16580.960076463398,-275.52104858914134,488.284767731961,560.654851592952,-29.434431077022115,242.2227874489197,10,1.3407821229050279,8.491743265910294,0.0894554220335061,-1.5347717018183942
-30_deg,7.069063400031155,16581.0778497634,-277.5174966082824,487.09648383322974,560.6058735746744,-29.67181928257382,241.29654773546142,10,1.3407821229050279,8.491743265910294,0.04202419004674457,0.7880657000133243
-30_deg,7.186836700031563,16581.1956230634,-276.74030164211314,487.99339389024107,561.0015570686803,-29.557505357026386,242.25245712297476,10,1.338289962825279,8.491743265910294,0.4381641431198495,-0.33066250799169195
-30_deg,7.304615200031549,16581.3134015634,-278.1793987918562,486.5645022680682,560.4719375486801,-29.75753296983758,240.75770815785395,10,1.3407821229050279,8.49174326564796,-0.09371751696271846,1.6263336018619259
-30_deg,7.422399600029166,16581.431185963396,-277.7155778575427,486.8545497566314,560.4937955084616,-29.701655619466543,240.65025310285264,10,1.3457943925233644,8.491224107766948,-0.07054005771340705,1.0797805759696502
-30_deg,7.540184000030422,16581.548970363398,-277.5701777506819,486.8850825587945,560.448291276572,-29.68719739586775,240.7479396081132,10,1.348314606741573,8.491224107766948,-0.1157895954448947,0.9382675998220598
-30_deg,7.657967700029985,16581.666754063397,-277.9829195850281,486.6606620126544,560.4579409122608,-29.735216380227588,239.62443433664055,10,1.348314606741573,8.491224107766948,-0.10712316964422275,1.407996560407983
-30_deg,7.775752100031241,16581.7845384634,-275.26357390945856,488.4915727919437,560.7085266073228,-29.401132266257374,230.672703412432,10,1.348314606741573,8.490982576401137,0.14214348775247598,-1.860786289288054
-30_deg,7.893540550030593,16581.902326913398,-276.69425530148953,487.7176936392556,560.7390298575984,-29.56730924739729,241.11079655953586,10,1.3457943925233644,8.490888851688235,0.1756853220291732,-0.2345596341681779
-30_deg,8.011332800029777,16582.020119163397,-274.91738319376054,488.47421553683597,560.5235292353321,-29.371173939287566,240.88040962524195,10,1.3457943925233644,8.490888851688235,-0.043902118090073716,-2.153252216341203
-30_deg,8.129125500025111,16582.137911863392,-276.1775123469127,487.47797381106045,560.2756404459024,-29.533443418960946,230.6461684030161,10,1.348314606741573,8.490513973264395,-0.28794044581379225,-0.5655279476465567
-30_deg,8.24694480002654,16582.255731163394,-279.31412228668944,485.9449024101856,560.4987306740564,-29.889668182294784,231.05010214803025,10,1.348314606741573,8.49013912794136,-0.07216583059287252,2.9190195337221447
-30_deg,8.364790700026788,16582.373577063394,-275.89317063412915,488.20474790671454,560.7681494889055,-29.471562237898784,241.7319287396978,10,1.348314606741573,8.490088670657803,0.2036299639835773,-1.1716709406392587
-30_deg,8.482638700028474,16582.491425063396,-277.50420623956825,486.96057486799356,560.4812092804001,-29.677516496853126,240.93353891844558,10,1.348314606741573,8.490088670395572,-0.08272109588997573,0.8436219271052866
-30_deg,8.600488800031599,16582.6092751634,-276.2051706358463,487.7403137367695,560.517537575783,-29.522684720539615,241.16390516113813,10,1.348314606741573,8.490088670395572,-0.04615955858883719,-0.6710230666828476
-30_deg,8.718338900034723,16582.727125263402,-279.2982780242302,485.41544180230176,560.0318555648633,-29.915256464003996,240.55784673240265,10,1.3508442776735459,8.48979675006758,-0.5403930047196355,3.1666945008925502
-30_deg,8.836189000037848,16582.844975363405,-276.6629760707312,487.6552513173699,560.6692843965337,-29.567677745867897,241.2085611616534,10,1.348314606741573,8.489522867649868,0.10594136385596685,-0.23092450863509645
-30_deg,8.954044050042285,16582.96283041341,-275.87515162483464,488.2295664764661,560.7808920298761,-29.468711872411152,240.83270522266915,10,1.3508442776735459,8.489490435651868,0.21631349328766714,-1.1995953776946675
-30_deg,9.071904050040757,16583.080690413408,-275.19727346906774,488.3448014333266,560.5481107021627,-29.40259309856551,230.75938204207404,10,1.3508442776735459,8.48757376752257,-0.01822428658857711,-1.8459620841077544
-30_deg,9.189789300042321,16583.19857566341,-276.42347245750733,487.7751227491206,560.6554258173071,-29.54034439243445,240.88103239512787,10,1.3508442776735459,8.485657965172303,0.09190882645015808,-0.4983833443298703
-30_deg,9.307702950041858,16583.31648931341,-276.140639148769,488.1368793607614,560.8308707458543,-29.496983985720473,243.19836198619566,10,1.3508442776735459,8.485506754341966,0.2668158010967794,-0.9229655823210929
-30_deg,9.425616600041394,16583.43440296341,-278.99702606554456,486.1366622868553,560.5070873528917,-29.85179741039902,241.02280685012897,10,1.3533834586466165,8.48535554890056,-0.06200228886351855,2.5485892890278636
-30_deg,9.543527100046049,16583.552313463413,-279.34755783825653,486.0760038667432,560.6290570468678,-29.885953879246202,230.96210347335915,10,1.3508442776735459,8.48535554890056,0.058346871574335823,2.883354949144016
-30_deg,9.661440750045585,16583.670227113413,-275.7777114823725,488.2300782658139,560.7334085587353,-29.46001782522768,241.53885251098822,10,1.3508442776735459,8.48535554890056,0.16864166448589313,-1.284579141026665
-30_deg,9.779362050041527,16583.78814841341,-276.9501038565736,487.34689529542476,560.5429121666392,-29.608757343972222,240.94330711983469,10,1.348314606741573,8.484999157544417,-0.020409399829366584,0.17102236122301684
-30_deg,9.897283350037469,16583.906069713405,-276.6575643226591,487.739257160547,560.7396819135137,-29.562961188461603,241.31362745402961,10,1.348314606741573,8.48464279664822,0.17631796297400587,-0.2771132843460235
-30_deg,10.015204650037049,16584.023991013404,-277.6175898268748,486.843601578414,560.4357399195062,-29.693508621512382,241.1642861406747,10,1.348314606741573,8.482825459391531,-0.12844768433523984,0.9999794259811707
-30_deg,10.133130450034514,16584.1419168134,-275.8557164605193,487.56083078622095,560.1892002001613,-29.500629428695664,230.89905716885747,10,1.348314606741573,8.481008900484037,-0.37479635303599623,-0.8862675962917663
-30_deg,10.25106485003198,16584.2598512134,-276.29896941569496,487.77467459620425,560.5936618243271,-29.529296200147858,240.8999624313972,10,1.348314606741573,8.48078233524219,0.030038344430978636,-0.6064261678596391
-30_deg,10.368999250033085,16584.3777856134,-276.2137232274373,487.6871823638378,560.475520197932,-29.5261219606842,240.59689875825325,10,1.348314606741573,8.48078233524219,-0.08813766245577334,-0.6373492132017196
-30_deg,10.48692505003055,16584.495711413398,-276.47223474202474,487.667906021995,560.5861960012274,-29.5500832132564,241.16428614067465,10,1.348314606741573,8.48078233524219,0.02275564168012867,-0.4030364828028908
-30_deg,10.604846350026492,16584.613632713394,-278.129158765864,486.8199967321784,560.6688311063184,-29.74011694716137,231.32386668566488,10,1.348314606741573,8.480232155127313,0.10364383541534172,1.4564807891382099
-30_deg,10.722760000026028,16584.731546363393,-276.414098518493,487.78324904239685,560.6578742032864,-29.539101514418725,241.30471767069926,10,1.348314606741573,8.480232155127313,0.094346268416507,-0.510547482265471
-30_deg,10.840670500030683,16584.849456863398,-277.2042728044155,487.04556891824376,560.4066336723009,-29.646571415984024,241.58004991672792,10,1.348314606741573,8.480232155127313,-0.1569227809033768,0.5408379050010214
-30_deg,10.958562200030428,16584.967348563398,-278.44033076334586,486.299452947146,560.3714622750653,-29.794144826095412,241.3144851745785,10,1.348314606741573,8.480232155127313,-0.1953458085229144,1.9841161148797672
-30_deg,11.07643510003254,16585.0852214634,-276.798717322551,487.82368316961976,560.882764731261,-29.571248113242973,244.53932476108895,10,1.348314606741573,8.480232155127313,0.31943498695192957,-0.19606121568557613
-30_deg,11.194300050032325,16585.2030864134,-275.97144405847854,487.9483093721843,560.5834376387647,-29.491422203026715,241.25218934677488,10,1.348314606741573,8.480232155127313,0.019290833878778668,-0.9769749312718554
-30_deg,11.312165000035748,16585.320951363403,-276.6533249783353,487.4746503463645,560.5074459379454,-29.575929405774634,241.40239188274998,10,1.348314606741573,8.480232155127313,-0.05586964601771048,-0.1501343397023356
-30_deg,11.43002995003917,16585.438816313406,-275.41728763336187,488.34416053785634,560.6555996855303,-29.422213284796204,241.95312250125178,10,1.348314606741573,8.480232155127313,0.08986348867506655,-1.6543278594097552
-30_deg,11.547886950036627,16585.556673313404,-276.03381192579883,487.94404831318576,560.6104348034809,-29.497184840722113,241.25218934677457,10,1.348314606741573,8.48078233524219,0.046383388048241936,-0.9206375457588118
-30_deg,11.665743400037172,16585.674529763404,-276.5588807608028,487.6367716123699,560.6018511887047,-29.559356240843552,241.4040848629675,10,1.3457943925233644,8.481008900484037,0.038468714183803585,-0.3123172269346334
-30_deg,11.783563300039532,16585.792349663407,-279.4091675541561,485.9438398633466,560.545179637146,-29.89814507417176,241.11913160767708,10,1.3457943925233644,8.482361353701398,-0.026155536014396796,3.0021927545711558
-30_deg,11.901340750038798,16585.910127113406,-275.40385779285464,488.1957109070545,560.5197026289363,-29.428471840170303,240.21799345761346,10,1.3457943925233644,8.483714237811077,-0.04585565788346002,-1.5927002133515114
-30_deg,12.019118200041703,16586.02790456341,-276.4529108580232,487.507426262165,560.4370638908836,-29.556456052428352,241.12057310225885,10,1.3457943925233644,8.4842864648987,-0.1263350802061144,-0.3405935291936412
-30_deg,12.13690210004279,16586.14568846341,-275.27874996762665,488.46638053190264,560.6940298359496,-29.403747120708015,241.75248735660332,10,1.3457943925233644,8.4842864648987,0.12773113233514966,-1.835149465794815
-30_deg,12.254679550045694,16586.263465913413,-278.6265201444804,486.0085221633242,560.2115862272049,-29.82545510564358,240.9553640931172,10,1.3457943925233644,8.484286465160572,-0.3563884462774147,2.289685215816883
-30_deg,12.37245700004496,16586.381243363412,-279.25372062923907,486.1388467083785,560.6367975474187,-29.87443909639762,230.68832071028757,10,1.3432835820895523,8.484858769708858,0.06665542639909883,2.770724524934076
-30_deg,12.490240900046047,16586.499027263413,-276.12808724326527,488.2361192253262,560.9110702070617,-29.490876732808093,242.6860837424547,10,1.3432835820895523,8.484898365726913,0.3469135727157485,-0.9828859297190756
-30_deg,12.608024800047133,16586.616811163414,-276.9501038565736,487.34689529542476,560.5429121666392,-29.608757343972222,240.94330711983469,10,1.3432835820895523,8.487530544330562,-0.020409399829366584,0.17102236122301684
-30_deg,12.72580870004822,16586.734595063415,-278.03093955847595,486.9048459837465,560.6937955731495,-29.727101035484477,239.9863720542412,10,1.3432835820895523,8.490124711363585,0.12892463457375808,1.3291729363344074
-30_deg,12.843592600049305,16586.852378963416,-272.83272397953243,489.8123078419233,560.6726247887646,-29.118455791041868,231.01884945947046,10,1.3432835820895523,8.490124711363585,0.09023850472585604,-4.626772248544436
-30_deg,12.961376500050392,16586.970162863417,-275.54691105422245,488.58565297656173,560.9296216871211,-29.421628399477143,242.0909260948528,10,1.3432835820895523,8.490124711363585,0.3638673722094308,-1.6608624592876473
-30_deg,13.079170550052368,16587.08795691342,-279.4778911277839,485.5784513686397,560.262727711562,-29.92286364423027,239.71236955188084,10,1.3432835820895523,8.490124711363585,-0.30995010342106766,3.2423850216132317
-30_deg,13.196974750047957,16587.205761113415,-277.71174908241136,486.8562963679014,560.4934155647879,-29.701227183329895,240.93353891844538,10,1.3432835820895523,8.490124711363585,-0.07091194216726415,1.0755886943052997
-30_deg,13.314778950050822,16587.323565313418,-278.19745150470595,486.8007459791284,560.6859979610238,-29.747152351538134,230.53759875732302,10,1.3457943925233644,8.490124711363585,0.12062755713990558,1.525372318863625
-30_deg,13.432609000046796,16587.441395363414,-275.4341235440264,488.4203982447169,560.7302754747543,-29.41988493011413,242.24590589125424,10,1.3457943925233644,8.490124711363585,0.164471253188048,-1.677334756411313
-30_deg,13.55046870005026,16587.559255063417,-278.56283573252546,486.2965883111539,560.429857568647,-29.80515917878923,241.03122010686783,10,1.3457943925233644,8.490124711363585,-0.1373426959668682,2.0920573606891093
-30_deg,13.66833220004628,16587.677118563413,-277.972061608823,486.93541427745305,560.6911491299056,-29.720327281650793,240.08415769425432,10,1.3432835820895523,8.490124711363585,0.12643142019798803,1.2628795172225629
-30_deg,13.786195700049575,16587.794982063417,-273.9394681054094,488.73262428914444,560.2699440719881,-29.271061441215892,219.52119863698135,10,1.3432835820895523,8.490124711363585,-0.3021013226625566,-3.131222652526572
-30_deg,13.904071950048092,16587.912858313415,-277.22517029699947,487.31862614229414,560.654294937097,-29.634624321576936,241.30632392971322,10,1.3432835820895523,8.489393139833686,0.09083900349301467,0.4241714959746422
-30_deg,14.021948200046609,16588.030734563414,-275.612734884843,488.2710945566868,560.6880071932052,-29.443277591105286,241.4508055486442,10,1.3432835820895523,8.48866169489237,0.12284119878015998,-1.4482920946696944
-30_deg,14.139824450048764,16588.148610813416,-275.1734420054763,488.39719486663927,560.5820574534501,-29.397842080865036,230.4858617031353,10,1.3432835820895523,8.488661694368083,0.015567275280175097,-1.892557586655399
-30_deg,14.257700700050918,16588.266487063418,-276.799815031616,487.5495643170123,560.64491014121,-29.585170698264918,241.06661417304176,10,1.3432835820895523,8.486799420302159,0.08161148104234783,-0.059744194162627516
-30_deg,14.375564200046938,16588.384350563414,-279.248951577418,485.9773440483962,560.4943852398706,-29.88223971050431,241.3144851745785,10,1.3432835820895523,8.484664393092865,-0.07613746487264428,2.8463290435746593
-30_deg,14.493440450049093,16588.502226813416,-275.2851495812982,488.3106132390383,560.561476184266,-29.412133653911866,241.33986018830967,10,1.3432835820895523,8.48439084223506,-0.004559262196447644,-1.7526651879225255
-30_deg,14.611329450050107,16588.620115813417,-277.4833103292471,487.1343568111506,560.6218592751184,-29.66686747696506,241.29654773546142,10,1.3432835820895523,8.48439084223506,0.058075891727832785,0.7396362977455471
-30_deg,14.729218450051121,16588.73800481342,-279.43960291875646,485.68719402396897,560.3378821017448,-29.913923857446385,240.09340506425428,10,1.3432835820895523,8.4843908417113,-0.23429781935964988,3.1553925854197615
-30_deg,14.847107450052135,16588.85589381342,-275.68903559136146,488.1103407411236,560.5855412724367,-29.4581452721445,241.0661498127596,10,1.3432835820895523,8.48347313400776,0.0207324949945773,-1.3025615225697447
-30_deg,14.96499645005315,16588.97378281342,-278.1664258462426,486.44604945906894,560.3626678343304,-29.76239275166309,240.84562428068858,10,1.3432835820895523,8.48347313400776,-0.20312670439649372,1.6735458352638202
-30_deg,15.082885450054164,16589.09167181342,-276.90645986220653,487.5130365964817,560.6658080933261,-29.596491072680774,241.11079655953586,10,1.3432835820895523,8.483473133745937,0.10251029425400948,0.05102869902515393
-30_deg,15.200774450055178,16589.209560813422,-276.92813824315675,487.8129190780731,560.9372850598288,-29.58328821538253,241.7613336517892,10,1.3432835820895523,8.483473133745937,0.37398413128883035,-0.07820523913208302
-30_deg,15.318663450056192,16589.327449813423,-280.0993006941018,485.4688730960393,560.4780504127376,-29.983508129533647,230.96210347335943,10,1.3432835820895523,8.483473133745937,-0.09837816437592273,3.8368550053350434
-30_deg,15.436539700058347,16589.445326063425,-275.6928270549018,487.6262530223224,560.1659553436945,-29.482833423626726,240.46013586435362,10,1.3432835820895523,8.483473133745937,-0.3983434627470942,-1.0602174771862292
-30_deg,15.554400200056989,16589.563186563424,-275.15117396556946,488.512330746442,560.6714419568311,-29.390083968639424,241.95312250125178,10,1.3407821229050279,8.483473133745937,0.10468982764123624,-1.968776397193811
-30_deg,15.672257700058253,16589.681044063425,-278.6292350278493,486.0743779097608,560.2700701202639,-29.822346396101818,241.3063239297132,10,1.3407821229050279,8.483473133745937,-0.2977816214586211,2.259525805758148
-30_deg,15.790115200059518,16589.798901563427,-274.9315841424938,488.55473938765624,560.6006683346371,-29.3684023034814,230.7606935432894,10,1.338289962825279,8.483473133745937,0.03313157999736849,-2.1806669360155517
-30_deg,15.907972700060782,16589.916759063428,-274.82489982389455,488.4972922549298,560.4982873333441,-29.36177822543161,241.35297386059702,10,1.338289962825279,8.483473133745937,-0.06950445770160485,-2.245068493907692
-30_deg,16.025833200059424,16590.034619563427,-279.43843505170713,485.6540170908688,560.3085429481198,-29.91551222446713,239.9957062992181,10,1.338289962825279,8.483473133745937,-0.2637241930508296,3.170760127017683
-30_deg,16.143693700061704,16590.15248006343,-276.17476879585377,487.88329091120846,560.6269780074753,-29.51278066415542,241.21833752100412,10,1.338289962825279,8.483473133745937,0.06315640429661351,-0.7680630818513581
-30_deg,16.2615507000628,16590.27033706343,-275.56965181259005,487.6233765943551,560.1028391299158,-29.472009704072384,230.72321553936024,10,1.338289962825279,8.483473133745937,-0.46166982023345715,-1.1659065807112101
-30_deg,16.379407200063724,16590.38819356343,-276.4260370679058,487.7320855722587,560.6192480335761,-29.54274101566077,241.12057310225887,10,1.338289962825279,8.484606801945148,0.055751412080741414,-0.47490107006061133
-30_deg,16.49726370006465,16590.50605006343,-279.0921507455256,486.004814634025,560.4401024687796,-29.866941408625117,241.3063239297132,10,1.338289962825279,8.484606802207042,-0.12967960065496786,2.6964144890684336
-30_deg,16.615120200065576,16590.623906563433,-278.00981143533073,486.5207541031547,560.3498009524144,-29.744699475210098,230.90882598134294,10,1.338289962825279,8.484606802207042,-0.21550345759522815,1.500468761295311
-30_deg,16.73297720006667,16590.741763563434,-276.43693245527095,487.5958298318336,560.5060846187796,-29.550577607229464,241.02145207058118,10,1.338289962825279,8.484822773173306,-0.05735226370439067,-0.3981423911472741
-30_deg,16.850834200067766,16590.859620563435,-276.4010945965353,488.0176864832995,560.8554425292447,-29.526138153850315,244.72693554976024,10,1.338289962825279,8.484822773173306,0.29178460344253765,-0.6376227337718486
-30_deg,16.96869070006869,16590.977477063436,-279.4592422654528,486.0432941966635,560.6563581384995,-29.897515194412314,231.05010214803025,10,1.338289962825279,8.484822773173306,0.08505434794632505,2.9966247354981963
-30_deg,17.086539600066317,16591.095325963433,-275.0765816846885,488.4620668580465,560.5910421604754,-29.385962509915228,241.35297386059702,10,1.338289962825279,8.48485876944695,0.024147476892457664,-2.0088188319289295
-30_deg,17.20438850006758,16591.213174863435,-277.5266581374335,486.9414245173244,560.4756880435519,-29.680479902658636,241.11913160767708,10,1.338289962825279,8.48485876944695,-0.08828670884064532,0.8726020513456729
-30_deg,17.322245000068506,16591.331031363436,-277.20659381047494,487.7421512788123,561.0132812920648,-29.611587478423335,243.44386270801948,10,1.338289962825279,8.48485876944695,0.44995056453415394,0.1988772132222597
-30_deg,17.44009390006977,16591.448880263437,-276.2624024770064,487.4509759289304,560.2940022492068,-29.54235726748289,239.9848983678202,10,1.338289962825279,8.484894766026017,-0.2694974470456111,-0.47837821658977353
-30_deg,17.557930050068535,16591.566716413436,-276.74191346200075,487.3976746013201,560.4842369535327,-29.587689328389263,241.3943088522296,10,1.338289962825279,8.484894766026017,-0.07905962173976097,-0.03508908865173743
-30_deg,17.675761050064466,16591.68454741343,-281.3687742398512,484.79460063084315,560.5302774320537,-30.130347972685705,230.8013680774495,10,1.338289962825279,8.484894766026017,-0.05782729219496874,5.273713407351229
-30_deg,17.793592050067673,16591.802378413435,-275.4836951801491,488.2727860058608,560.6260606358167,-29.43170810727416,246.1232502936109,10,1.338289962825279,8.484894766026017,0.06059100370623505,-1.561336420493954
-30_deg,17.911413000067114,16591.920199363434,-276.5197068110218,487.8934063341769,560.8057811749267,-29.542940108546205,243.17738385015107,10,1.338289962825279,8.484894766026017,0.24228613386720393,-0.4731103804331904
-30_deg,18.02922390006279,16592.03801026343,-276.847433664668,487.764447204014,560.8552910358876,-29.578563020573306,230.9869758484072,10,1.338289962825279,8.485441951424924,0.29198175220259703,-0.12444765892216639
-30_deg,18.1470370000643,16592.15582336343,-276.8422507328272,487.36473686171246,560.5051458524746,-29.598270966451082,231.1725772720498,10,1.338289962825279,8.485441951424924,-0.05815380113808172,0.06842617240832341
-30_deg,18.264850100065814,16592.273636463433,-275.32473053046493,487.58591210853837,559.9497557177683,-29.452077674396406,231.52768895951473,10,1.338289962825279,8.48544195168687,-0.6151922674460929,-1.3603824926827612
-30_deg,18.38266100006149,16592.39144736343,-276.21468340958154,487.5948001854302,560.395610706334,-29.530862221483332,231.08466159975978,10,1.338289962825279,8.486360085682305,-0.16799629788170936,-0.5908950725359841
-30_deg,18.50047190006444,16592.50925826343,-276.34830475383865,488.2112881097059,560.9979031850821,-29.511702327077128,243.91226647364837,10,1.338289962825279,8.486730995856634,0.4340666695284823,-0.7791295212749846
-30_deg,18.61825430006138,16592.62704066343,-272.74830041917494,489.8571863680077,560.6707575912351,-29.108687063562325,231.3810512022008,10,1.338289962825279,8.48673099638068,0.08757437632010179,-4.7223458958892
-30_deg,18.736008200066863,16592.744794563434,-276.1937493597522,487.8134959905771,560.5755917411553,-29.517983090863087,241.4475244945362,10,1.338289962825279,8.48745490513143,0.011837608689900081,-0.7170927574525934
-30_deg,18.853757100063376,16592.86254346343,-277.5133605311601,487.11731734006565,560.6219279745306,-29.670397984415384,241.49206813351967,10,1.338289962825279,8.488020432253792,0.058097951129710335,0.7741813078519392
-30_deg,18.971494300065388,16592.980280663432,-277.3764612918368,487.066797985133,560.5102737490832,-29.66079511743293,241.34985783645186,10,1.338289962825279,8.488020432253792,-0.05343431208418553,0.6800847552450423
-30_deg,19.089231500060123,16593.098017863427,-276.89790673919333,487.3027037188543,560.4787023681207,-29.60635019136898,241.5800499167282,10,1.338289962825279,8.488178937389945,-0.08461250570670878,0.14745552651197028
-30_deg,19.206968700062134,16593.21575506343,-281.7516967784276,484.52941103070935,560.4933262682875,-30.17781062399613,230.88928833879578,10,1.338289962825279,8.488178937914173,-0.09933746855883507,5.737644544296308
-30_deg,19.324691650057503,16593.333478013425,-276.46530734626964,488.0066440357844,560.8774828687065,-29.532401761224573,245.24269225793543,10,1.338289962825279,8.488178937914173,0.3138912851641772,-0.5763323797279523
-30_deg,19.442397900060314,16593.451184263427,-275.2998624991539,488.3790932174277,560.6283554940206,-29.41000656679252,245.34153585598153,10,1.338289962825279,8.49023283636584,0.06225425943379703,-1.773687336228712
-30_deg,19.56009590006215,16593.56888226343,-276.97994891918273,487.6930415017372,560.8586228564986,-29.593936958537622,231.2539449297276,10,1.338289962825279,8.492287728503634,0.2953267748913212,0.02604445987465781
-30_deg,19.67779390006399,16593.68658026343,-275.92725202259635,487.9941301012388,560.6015692289901,-29.485185373186557,242.42377287450577,10,1.338289962825279,8.492648339216839,0.037312724981060474,-1.0380297155855631
-30_deg,19.795491900065826,16593.804278263433,-277.14988844153925,487.81934810771423,561.0523835181461,-29.60265755626163,243.20022796448606,10,1.338289962825279,8.493492286065207,0.48907697229903613,0.11144739294298689
-30_deg,19.913199050068215,16593.921985413435,-276.0182103248161,488.35965518451565,560.9645311807632,-29.474896683970485,244.0009829961629,10,1.338289962825279,8.493492286065207,0.40007848890201503,-1.1394348425471392
