t_from_stable_start_s,t,cx_mm,cy_mm,r_mm,angle_deg,width_mm,n_bins,dtheta_deg,dt_s,hz,e_radial_mm,e_tangential_mm
0.02195794994077005,15017.732685053148,13.06648650281678,513.2212482217552,513.3875560391241,1.4584213652486278,222.17187954090812,10,1.1940298507462686,0.12661669999943115,7.897852337049478,-0.024689471823892594,-1.2606538375173266
0.14853414994104241,15017.859261253148,12.508268948551905,513.1436081164217,513.2960348013893,1.3963520457604988,222.23176281352502,10,1.1940298507462686,0.12661669999943115,7.897852337049478,-0.11514618669146079,-0.7043693719953853
0.2751103499413148,15017.985837453149,12.959813863491236,513.0615335782737,513.2251884047259,1.4469702396995128,222.33853739368053,10,1.1940298507462686,0.12661669999943115,7.897852337049478,-0.18681499240010344,-1.1576823128078686
0.40168654994158715,15018.112413653149,14.28300826010915,513.3482964018069,513.5469576811801,1.5937425406686865,213.58492693191207,10,1.1940298507462686,0.12660560000040277,7.898544772086058,0.13030105262405936,-2.4739321911326533
0.5282627499418595,15018.23898985315,13.258041562466545,513.2294890600382,513.4007052068588,1.479768675308532,213.12798533483357,10,1.196013289036545,0.12660560000040277,7.898544772086058,-0.01204568535970827,-1.4519687270499486
0.6548389499421319,15018.36556605315,12.937489984007843,512.976758812151,513.1398773516887,1.4447174374106542,222.12477752164023,10,1.1940298507462686,0.12660560000040277,7.898544772086058,-0.2720807139131456,-1.1373138739574291
0.7815930999422562,15018.49232020315,13.78627994066668,513.2187637720972,513.4038965593874,1.5387312404476612,213.49487049577857,10,1.1920529801324504,0.12660560000040277,7.898544772086058,-0.01062041587710287,-1.9803140540964055
0.9083472499423806,15018.61907435315,14.259035381729753,513.2282662652273,513.4263076466071,1.5914408647990528,222.11914459069823,10,1.1920529801324504,0.12660560000040277,7.898544772086058,0.009751362753093212,-2.452725945422048
1.035101399942505,15018.74582850315,13.535290614603786,513.457300938439,513.6356724167515,1.5100290974145667,222.83842522376804,10,1.1920529801324504,0.12660560000040277,7.898544772086058,0.22208174988403181,-1.7239055449280518
1.1618555499426293,15018.87258265315,12.329602966951622,513.1656221568115,513.3137197396054,1.3763554960457072,221.8717965084733,10,1.1900826446280992,0.12660560000040277,7.898544772086058,-0.09724668982538977,-0.525244390578998
1.2884317499429017,15018.99915885315,14.072308056002935,513.3089095453104,513.5017687142067,1.5703642408310732,222.44054669961614,10,1.1900826446280992,0.12659644999985176,7.89911565451615,0.08607921029463012,-2.2641934747828296
1.415185899943026,15019.12591300315,13.194951559014704,513.480929345528,513.6504371147677,1.472009278575789,213.12948072116822,10,1.1900826446280992,0.12660560000040277,7.898544772086058,0.2378772449919007,-1.383113120254128
1.5419400499431504,15019.25266715315,12.156816843529281,513.1134923393612,513.2574833516437,1.3572124389659244,222.16333774185344,10,1.1900826446280992,0.12661669999943115,7.897852337049478,-0.15333622571430253,-0.3537027738252385
1.6686941999432747,15019.37942130315,12.16611531014295,513.1755358677934,513.3197297736924,1.358085997938808,221.4874029861154,10,1.1900826446280992,0.12662584999998217,7.897281637202363,-0.0910952714843727,-0.36157198714269234
1.795626299943251,15019.50635340315,12.619734626334305,513.4796610961239,513.6347146186961,1.4078688191314392,220.86759572845463,10,1.188118811881188,0.12675415000012435,7.889288043026748,0.22338125987395496,-0.8080774739553451
1.9225583999432274,15019.63328550315,12.780310751503238,513.4393643914293,513.5984007467117,1.4258873406365373,212.97795078442553,10,1.188118811881188,0.12675415000012435,7.889288043026748,0.18678792733639663,-0.9695378232591516
2.04954904994338,15019.76027615315,13.541800454062972,513.16534280056,513.3439874111256,1.5116141379864423,212.933552248203,10,1.188118811881188,0.12675415000012435,7.889288043026748,-0.06964947265350963,-1.737127726302101
2.1765396999435325,15019.88726680315,13.246539411677988,513.2743117168887,513.4452160404564,1.4783564025242621,221.95463803906878,10,1.188118811881188,0.12675415000012435,7.889288043026748,0.032500606659900975,-1.4394388464755337
2.303482899944356,15020.014210003152,14.153842360237268,513.4458508448835,513.6408988811004,1.579037218811746,222.3439195000074,10,1.188118811881188,0.12675415000012435,7.889288043026748,0.22485931169040244,-2.342557023402862
2.430400599943823,15020.141127703151,14.099318550010587,513.446133672582,513.6396820407256,1.5729566051576447,213.12826985709555,10,1.188118811881188,0.12675415000012435,7.889288043026748,0.22388819879363725,-2.288041128354867
2.557308649944389,15020.268035753152,13.820727745875125,513.4403851678948,513.6263638451416,1.5419087007079462,222.65013345300028,10,1.188118811881188,0.12675415000012435,7.889288043026748,0.21173455494647525,-2.0096561962981565
2.6842436499446194,15020.394970753152,13.48414101681867,513.2563714447735,513.4334668558496,1.5049139963259857,213.60819598918522,10,1.188118811881188,0.1269080500005657,7.879720789938403,0.020029123518916482,-1.6773901823349069
2.811188299943751,15020.521915403151,10.91478571972264,513.0295181263298,513.1456119039133,1.2187930813341659,230.8879911773062,11,1.188118811881188,0.126917699999467,7.879121667066134,-0.26585080476528583,0.8860687577319315
2.9381425999454223,15020.648869703153,8.019997132795062,513.2613298620187,513.3239845221904,0.8952059473138756,230.81217697944192,11,1.188118811881188,0.12693209999997634,7.878227808412422,-0.1006708570351505,3.7854226907103006
3.065087249944554,15020.775814353152,10.637754652533324,513.0787136850302,513.1889790912629,1.187753686445335,230.8879911773062,11,1.188118811881188,0.12693209999997634,7.878227808412422,-0.2230390468886695,1.1641578955482217
3.192031899943686,15020.902759003151,8.557201432411256,513.343045779555,513.4143632063532,0.9550068419307033,230.8116939349842,11,1.188118811881188,0.1269350000002305,7.8780478197359605,-0.006622642625082137,3.250239652795967
3.318986199945357,15021.029713303153,10.575366453934494,513.4330223544893,513.5419231374401,1.179975132163318,231.20465731705164,11,1.188118811881188,0.1269432000008237,7.87753893074628,0.12974120220846563,1.2346775128560952
3.44594049994339,15021.15666760315,10.583267003553884,513.3264159409113,513.4355021258366,1.1811015758542713,231.286997875028,11,1.188118811881188,0.1269446499991318,7.877448951230629,0.02334466787122887,1.22432746062069
3.572894799945061,15021.283621903152,9.65530283610547,513.037649456851,513.1284971944821,1.078171950431998,230.6826916540806,11,1.188118811881188,0.1269446499991318,7.877448951230629,-0.28668553061066093,2.145405554168698
3.699849099943094,15021.41057620315,8.179292580328262,513.3785467985654,513.4437000685873,0.9127753788665711,231.09894317851231,11,1.188118811881188,0.1269446499991318,7.877448951230629,0.020178344568918052,3.628864968799645
3.8268033999447653,15021.537530503152,10.830066603340763,512.9338382667919,513.0481583455263,1.2095613076250828,230.40338481287392,11,1.1900826446280992,0.1269542999980331,7.876850173767198,-0.36345361811299376,0.9685651517642008
3.953748049943897,15021.664475153151,8.603768745302647,513.3102419808496,513.382342274314,0.9602642613097427,230.91079388521922,11,1.188118811881188,0.1269446499991318,7.877448951230629,-0.03834687319938646,3.2029302770454744
4.080692699943029,15021.79141980315,11.53938792777235,513.3223846292594,513.4520698519161,1.2877811482618207,221.33239955032664,10,1.188118811881188,0.1269446499991318,7.877448951230629,0.041302014942954754,0.26836668376415357
4.20763734994398,15021.918364453151,9.557612024510895,513.3896637688657,513.4786215728169,1.0665340952776108,222.36952717584515,11,1.188118811881188,0.1269446499991318,7.877448951230629,0.062989125438608,2.2511656858347777
4.33457234994421,15022.045299453152,10.578341406003524,513.1167319905334,513.2257611963246,1.1810343238011982,230.80662927142473,11,1.1900826446280992,0.1269446499991318,7.877448951230629,-0.18639710216876693,1.224429723989793
4.461516999945161,15022.172244103152,7.388668213095661,513.4810491511677,513.5342055358602,0.8243932100805182,230.97964199386882,11,1.1920529801324504,0.1269446500009508,7.877448951117753,0.10447186584897046,4.421637461146073
4.588461649944293,15022.299188753152,10.152822779047765,513.3126037342839,513.4130003835633,1.1331069051406708,231.01576311656964,11,1.1920529801324504,0.1269446500009508,7.877448951117753,-0.00036266764323988204,1.654340215902896
4.7154062999434245,15022.42613340315,7.503811324282706,513.2508261911034,513.305676736816,0.8376140246783265,230.95517318019117,11,1.1920529801324504,0.1269446500009508,7.877448951117753,-0.12304230229254717,4.301230440215234
4.842350949944375,15022.553078053152,11.461772643119863,513.4079675781783,513.535893005424,1.27890911431647,231.63289943616635,11,1.1940298507462686,0.1269446500009508,7.877448951117753,0.12507743804183952,0.3479295648201727
4.969258999944941,15022.679986103152,10.860266650231376,513.4442889362033,513.5591331413721,1.2117277069247303,231.72149249294304,11,1.1940298507462686,0.1269446500009508,7.877448951117753,0.14755655875926907,0.9501117545778224
5.096167049945507,15022.806894153153,10.912655456617173,513.4857180813981,513.6016634734392,1.2174729943146092,231.91853095142747,11,1.196013289036545,0.1269446500009508,7.877448951117753,0.19017951550508583,0.8986895350191096
5.223102049945737,15022.933829153153,10.977577380486288,513.2065779665907,513.3239706786766,1.2253797602660093,230.91356014518794,11,1.196013289036545,0.1269446499991318,7.877448951230629,-0.08739379065501995,0.8273654885766785
5.350037049945968,15023.060764153153,8.850513742250078,513.4165168237569,513.4927958023761,0.9875935927914679,231.10782712345784,11,1.196013289036545,0.1269446499991318,7.877448951230629,0.07357417648617533,2.9586945008151337
5.476972049946198,15023.187699153154,13.723608403487436,513.3517417905344,513.5351479957218,1.5313430166933606,222.5467121592092,10,1.196013289036545,0.1269446499991318,7.877448951230629,0.12088119907684305,-1.9146010399788596
5.603880099946764,15023.314607203154,14.241803407228657,513.1973182436333,513.3948932515274,1.5896144092251054,213.3072953341037,10,1.196013289036545,0.1269446499991318,7.877448951230629,-0.02158475232582121,-2.436210229344649
5.73078814994733,15023.441515253155,13.486212651299295,512.9333042524031,513.1105656122902,1.5060926651177153,222.14682376417895,10,1.1980033277870217,0.1269350000002305,7.8780478197359605,-0.30290499037654023,-1.6868907369555375
5.857556899947667,15023.568284003155,13.208567697403614,513.3402186070887,513.5101228799589,1.4739313332606847,213.04746168676687,10,1.196013289036545,0.1269350000002305,7.8780478197359605,0.09751684444437826,-1.3999615354587978
5.983900499948504,15023.694627603156,12.191920787691348,513.2203151179573,513.3651086529632,1.3608468424529943,221.95409922374816,10,1.196013289036545,0.1269350000002305,7.8780478197359605,-0.04573442364076831,-0.38634086680341784
6.109985199946095,15023.820712303153,13.819391836630857,513.2050354223434,513.3910633947411,1.5424664232590044,222.2379954127997,10,1.196013289036545,0.1269350000002305,7.8780478197359605,-0.023583671875734867,-2.0137328996063815
6.236328799946932,15023.947055903154,11.669019301853814,513.4475377200199,513.5801203339341,1.3019255791558402,222.04251309131908,10,1.1940298507462686,0.1269080500005657,7.879720789938403,0.16940309721898486,0.141647695475663
6.362931299947377,15024.073658403155,13.37581819507595,513.2856868439371,513.4599388766761,1.4927447667175633,213.6047928297833,10,1.1940298507462686,0.1269080500005657,7.879720789938403,0.04684570633745042,-1.5684218510438308
6.489274899948214,15024.200002003156,13.49069356984081,513.3539358035499,513.5311696654747,1.505358945071643,222.32783468490507,10,1.196013289036545,0.1269080500005657,7.879720789938403,0.11771836746059955,-1.681697347603846
6.615359599945805,15024.326086703153,6.520135722928826,513.4117077823149,513.4531077496742,0.727595751209012,231.34115833758182,11,1.196013289036545,0.1269080500005657,7.879720789938403,0.015175484162058037,5.288345640481772
6.741703199946642,15024.452430303154,8.88434363224755,513.3029077387255,513.379787929761,0.9915871587289548,231.53497831829037,11,1.196013289036545,0.1267687500003376,7.888379431029626,-0.039226889035293096,2.9222609273405085
6.86817289994724,15024.578900003155,8.486418131431172,513.4119247224769,513.4820578559097,0.9469816386759734,239.87706005741356,11,1.196013289036545,0.1266025000004447,7.898738176548546,0.060610304829261094,3.322588220523815
6.994642599947838,15024.705369703155,8.560986141507426,513.4771717228211,513.5485336014334,0.955179624964214,230.61531615370237,11,1.196013289036545,0.1264697000005981,7.9070322772590655,0.12755486561336454,3.249540393984777
7.121112299948436,15024.831839403156,10.663466384807172,513.0833794482548,513.1941774624706,1.1906128689867317,230.91356014518794,11,1.196013289036545,0.1264697000005981,7.9070322772590655,-0.21778323346954245,1.1385602599485367
7.247581999949034,15024.958309103156,8.557869719562872,513.3137890629038,513.3851216935024,0.9551358362909665,238.22960146083005,11,1.1980033277870217,0.1264697000005981,7.9070322772590655,-0.035856253719924215,3.248898735466094
7.374051699949632,15025.084778803157,10.126912149590822,513.5352179903273,513.6350596153445,1.1297260831242726,221.2136299099146,11,1.2,0.1264697000005981,7.9070322772590655,0.2215968581530817,1.6853633785538007
7.50052139995023,15025.211248503158,10.342184118671065,513.1397799958658,513.2439912814859,1.1546235705152348,230.68374248484352,11,1.2020033388981637,0.1264697000005981,7.9070322772590655,-0.16878602210007213,1.4610545848325225
7.627130799950464,15025.337857903158,8.032147077151107,513.4095110037205,513.4723374980861,0.8963031988713945,231.04697683451357,11,1.2020033388981637,0.1264697000005981,7.9070322772590655,0.047750505138590235,3.776683631585051
7.753740199950698,15025.464467303158,10.03579127280796,513.1858676664316,513.2839875536929,1.1203254737859623,231.0135375130659,11,1.2,0.1264697000005981,7.9070322772590655,-0.12975655343973275,1.768426265295068
7.880342699951143,15025.591069803158,8.235299775827167,513.2348352624862,513.3009022876436,0.9192817760266293,230.75480807989075,11,1.2020033388981637,0.1264697000005981,7.9070322772590655,-0.12220720709263974,3.569567698812502
8.006945199951588,15025.717672303159,10.754587532160079,513.3287500102576,513.4413956237659,1.2002100883222167,230.8094492647782,11,1.2020033388981637,0.1264697000005981,7.9070322772590655,0.029617920760528237,1.0531059149559967
8.133554599951822,15025.84428170316,8.48140567231762,513.2395731304571,513.309646966928,0.946740172019447,230.7135336190997,11,1.2020033388981637,0.1264697000005981,7.9070322772590655,-0.11181097722984265,3.3236358422243004
8.260170899951845,15025.97089800316,6.970120820746347,513.3467899820321,513.3941072598246,0.7779029201332213,231.34115833758182,11,1.2040133779264215,0.1264697000005981,7.9070322772590655,-0.03937699151454431,4.836986652038027
8.386647499952232,15026.09737460316,8.380538132586572,513.2411322134388,513.3095491174155,0.9354799657929717,231.63347111097394,11,1.2040133779264215,0.1264697000005981,7.9070322772590655,-0.11257192358272812,3.424512560409354
8.512872849953055,15026.22359995316,8.724126833434319,513.3548039879013,513.4289290315286,0.9736103202629545,230.90186376429247,11,1.2040133779264215,0.1264697000005981,7.9070322772590655,0.008971183695846638,3.0836287961542213
8.639098199953878,15026.349825303161,11.224383320588764,513.3392278383257,513.4619261625695,1.2525973017311696,231.7769180056565,11,1.2040133779264215,0.1264697000005981,7.9070322772590655,0.05089671425308266,0.583675323010974
8.76543509995463,15026.476162203162,12.012851743306731,513.3351505063947,513.4756911017595,1.340566884155478,231.58502539828586,11,1.2040133779264215,0.1264697000005981,7.9070322772590655,0.06495260479989406,-0.20467834774852095
8.891771999955381,15026.602499103163,7.702231895745692,513.3444182815039,513.4021972654105,0.8596027414565174,231.14071880968928,11,1.2040133779264215,0.1264697000005981,7.9070322772590655,-0.024911951680057484,4.105014648664483
9.018228549955893,15026.728955653163,8.462860021737487,513.3046754417383,513.3744343362803,0.9445505915835904,239.9753512038725,11,1.2040133779264215,0.1264697000005981,7.9070322772590655,-0.04715237090719034,3.3436737242981205
9.14482479995604,15026.855551903163,10.708481917917478,513.1909486821379,513.3026606148259,1.195387009678584,231.10371384408813,11,1.2040133779264215,0.1264766000003874,7.906600904807189,-0.10920724002449693,1.0960303652059697
9.271421049956189,15026.982148153164,9.282338114500433,513.4363157233148,513.5202158673048,1.0357289699453978,230.9179127494717,11,1.2040133779264215,0.12659625000014785,7.899128133723014,0.10329836049614177,2.5274396367520593
9.397997249956461,15027.108724353164,10.143074341265494,513.1698821296125,513.270113957566,1.132333965484468,230.49593250957946,11,1.2060301507537687,0.12659625000014785,7.899128133723014,-0.14327070996415284,1.660803954696879
9.524573449956733,15027.235300553164,8.768512912446598,513.2400397269294,513.314937633414,0.9787816058388938,230.71380435715793,11,1.2040133779264215,0.12657620000027237,7.900379376200646,-0.10474199512770219,3.0366152601421343
9.651183949956248,15027.361911053164,10.686032544959113,513.2715256450958,513.3827522712428,1.1926944999428049,230.7199644879619,11,1.2040133779264215,0.12657620000027237,7.900379376200646,-0.02916784702055287,1.1203268026672168
9.777828749955006,15027.488555853162,6.96217515454012,513.3684691316859,513.4156766027827,0.776983441127016,231.55415303090098,11,1.2040133779264215,0.12657620000027237,7.900379376200646,-0.017886298915259863,4.845428765089553
9.904473549953764,15027.615200653161,9.282868285119012,513.3534359165682,513.4373591889715,1.0359553031399873,230.42541767734676,11,1.2040133779264215,0.12657620000027237,7.900379376200646,0.020452664155939868,2.525003647189072
10.031118349952521,15027.74184545316,10.778511345744224,513.2682178310453,513.3813784529856,1.2030210177766092,230.90834866158318,11,1.2040133779264215,0.12657620000027237,7.900379376200646,-0.030348082289528823,1.0277963899741176
10.157763149951279,15027.868490253159,10.112151808193405,513.0793458548533,513.1789851085448,1.1290819343697482,230.78055552830224,11,1.2040133779264215,0.12657620000027237,7.900379376200646,-0.23449415679127367,1.6896362776668572
10.284407949950037,15027.995135053157,8.330438848455103,513.3968215645151,513.4644024700782,0.9296066613690256,230.94397706668383,11,1.2040133779264215,0.12659625000014785,7.899128133723014,0.04192413770232992,3.4781789312242033
10.411140499949397,15028.121867603157,10.55182457462359,512.923213908033,513.0317381679221,1.1785189931573794,230.904606615612,11,1.2040133779264215,0.12659625000014785,7.899128133723014,-0.38047380590041874,1.2464892722564094
10.537838749949515,15028.248565853157,8.713530181551246,513.3669633234402,513.4409066680948,0.9724049358615963,231.01579231457848,11,1.2040133779264215,0.126610499999515,7.898239087625675,0.020883615944317785,3.094502269831286
10.664606599950275,15028.375333703158,12.437493501135979,513.4251132251864,513.5757374865816,1.387693202969355,221.4463951956358,10,1.2060301507537687,0.12664479999875766,7.89609995838605,0.16465687646351804,-0.6271389630450516
10.791374449951036,15028.502101553158,10.245795756008297,513.4235146922543,513.5257362290827,1.1432334701685904,221.0411788158047,11,1.2060301507537687,0.12664479999875766,7.89609995838605,0.11265702741388563,1.5639424085621545
10.918142299951796,15028.62886940316,10.862897005853045,513.1003167433017,513.2152935887982,1.2128333718338946,230.90506324568472,11,1.2060301507537687,0.12664479999875766,7.89609995838605,-0.19626417844410918,0.9395718812801835
11.044910149952557,15028.75563725316,8.563840685060885,513.4069594893064,513.4783787262453,0.9556287047481373,231.05143750839838,11,1.2040133779264215,0.12664479999875766,7.89609995838605,0.05742684528626962,3.2450719581247434
11.171542149952074,15028.88226925316,10.605708581834175,513.4093955116612,513.5189270651784,1.1834141180239968,231.28011276977128,11,1.2060301507537687,0.12664479999875766,7.89609995838605,0.10681837544555998,1.2038000705931442
11.298229949950837,15029.008957053158,9.78820054365977,513.1590224804095,513.2523660178609,1.0927501130294497,230.8172081689066,11,1.2060301507537687,0.12664479999875766,7.89609995838605,-0.16228840108989104,2.015334167277086
11.424861949950355,15029.135589053158,8.494691587500125,513.4122575790647,513.482527470603,0.9479040735194078,231.20021322477572,11,1.2060301507537687,0.12664479999875766,7.89609995838605,0.06113333528809396,3.3143246070301893
11.551493949949872,15029.262221053157,10.989586206438393,513.0671646528008,513.1848462784661,1.2270530733581477,230.78142430487955,11,1.2060301507537687,0.12664479999875766,7.89609995838605,-0.22649407249344225,0.812153797181796
11.678267799949026,15029.388994903156,7.026714989778368,513.3548198916809,513.4029078896688,0.78420608248834,231.04560089682994,11,1.2060301507537687,0.12668779999876278,7.893419887390624,-0.03004772829459633,4.780592110944351
11.80512769994857,15029.515854803156,10.133698055543373,513.0490471317963,513.1491173130137,1.131553880298428,230.924936490951,11,1.2100840336134453,0.1266982500001177,7.892768842498385,-0.2642893752676566,1.6673989588156097
11.931901549947725,15029.642628653155,11.240323070203328,513.4143103443209,513.5373393717903,1.2541921643121006,231.0254599986973,11,1.2121212121212122,0.12673254999936034,7.890632674913014,0.12632592514105875,0.5694664360340173
12.058589349946487,15029.769316453154,9.995494812808714,513.2217310217499,513.3190578086053,1.115750245633919,231.21153635737068,11,1.2100840336134453,0.12673254999936034,7.890632674913014,-0.09482936667433547,1.8095368061308497
12.185363199945641,15029.896090303153,8.144063080681109,513.3567210216734,513.4213170307465,0.9088832063891389,231.05143750839838,11,1.2100840336134453,0.12676785000076052,7.888435435277956,-0.002451821317980732,3.6635832316343495
12.312233199945695,15030.022960303153,8.014246822380311,513.3529959284293,513.4155496094991,0.8944044815747596,231.23962739450042,11,1.2121212121212122,0.12676785000076052,7.888435435277956,-0.009161270436192429,3.7932794942305645
12.439113299946257,15030.149840403154,8.41314075664606,513.4484259206566,513.5173483123926,0.938739511540633,231.00524250244854,11,1.2100840336134453,0.12676785000076052,7.888435435277956,0.09541671472402427,3.3966856223284116
12.56599339994682,15030.276720503154,8.750574659777303,513.4781571243618,513.5527143348647,0.9763267657349193,231.34211842358917,11,1.2100840336134453,0.12676785000076052,7.888435435277956,0.13289991020214492,3.060024674915598
12.692913199947725,15030.403640303155,9.287557199903906,513.0978437113084,513.1818936205133,1.0369946593515609,231.29897420495726,11,1.2060301507537687,0.12677384999915375,7.888062088566966,-0.23496411822876676,2.5144382041011943
12.819872699948974,15030.530599803156,10.504509127806653,513.0303515968455,513.1378824171912,1.1729909334656945,231.26870736397603,11,1.2060301507537687,0.12677384999915375,7.888062088566966,-0.27445254801622965,1.2962560156524372
12.94679249994988,15030.657519603157,10.744630290922354,513.4235599726836,513.5359763591179,1.1988778227829375,231.6006226164051,11,1.2060301507537687,0.12677384999915375,7.888062088566966,0.12417382656663085,1.0652408358650998
13.073712299950785,15030.784439403158,10.937886176629679,513.4006199364951,513.5171213359788,1.2204892215391538,231.6974569366919,11,1.2100840336134453,0.12685989999954472,7.882711558211766,0.10568409792654568,0.8715085139472817
13.200671799952033,15030.91139890316,10.972988292325933,513.419844947201,513.5370908295441,1.2243590192494336,231.3051068668068,11,1.2121212121212122,0.12687000000005355,7.882084023012358,0.12571125601541763,0.8368577924269676
13.327631299953282,15031.03835840316,11.080958290317291,513.2867461115871,513.4063413812228,1.2367230294193483,231.50212149914572,11,1.2121212121212122,0.12688010000056238,7.8814565877199625,-0.004869430634945684,0.7258555186577504
13.454551099954188,15031.165278203162,10.612912565391456,512.9731333082252,513.0829069547912,1.1852245699897535,231.17398057848604,11,1.2121212121212122,0.12688010000056238,7.8814565877199625,-0.32916278724612796,1.1865654164369648
13.581421099954241,15031.292148203162,10.795949655567268,513.3239437288469,513.437458444845,1.2048360135585716,231.477780271862,11,1.2121212121212122,0.12688010000056238,7.8814565877199625,0.025764101307010817,1.0116442016608282
13.708291099954295,15031.419018203162,8.207186663729784,513.3223913274443,513.3879968903238,0.9159878918620363,240.17387133393754,11,1.2121212121212122,0.12688010000056238,7.8814565877199625,-0.03532080488148682,3.599686873660929
13.835161099954348,15031.545888203162,7.780685012633897,513.3469790248869,513.405940687526,0.8683527872433678,231.45482057058527,11,1.2121212121212122,0.12688010000056238,7.8814565877199625,-0.020547725458202423,4.026641167909623
13.962020999953893,15031.672748103161,7.939488165839111,513.2089899644973,513.2703993537081,0.8863112050180382,231.23053264839734,11,1.2121212121212122,0.12688010000056238,7.8814565877199625,-0.1548483505817287,3.8647067233138124
14.08886924995386,15031.799596353161,8.6804837762758,513.3060239656265,513.3794162585705,0.9688327396954342,231.00036522182833,11,1.2121212121212122,0.12688010000056238,7.8814565877199625,-0.040799583064376754,3.1261385337135783
14.215705849954247,15031.926432953162,9.936612045605708,513.1243799805484,513.220581806076,1.1093894683848502,231.40197824070137,11,1.2121212121212122,0.12688010000056238,7.8814565877199625,-0.19350876986050305,1.8661652520155543
14.342542449954635,15032.053269553162,10.954628575175828,513.2994030987098,513.4162844210455,1.2225977948298952,231.6963672642244,11,1.2121212121212122,0.12688010000056238,7.8814565877199625,0.004879047102036176,0.8524428933542754
14.469340299954638,15032.180067403162,6.645468512304378,513.2441398634572,513.2871607160344,0.741822445188535,231.4413718431924,11,1.2141652613827993,0.12687000000005355,7.882084023012358,-0.14946588380079576,5.159192493101337
14.596099399954255,15032.306826503162,7.829583020997073,513.3671196801783,513.4268223797869,0.8737748632061921,231.25137085811375,11,1.2141652613827993,0.12687000000005355,7.882084023012358,0.0007120945887311714,3.9782192589321044
14.722843899955478,15032.433571003163,8.52246495769002,513.2863108076035,513.3570582659157,0.951235982785069,231.6919609430832,11,1.2162162162162162,0.12687000000005355,7.882084023012358,-0.06414143361710743,3.283662226024481
14.849573799954669,15032.560300903162,9.134395969179215,513.1564299370508,513.2377215048218,1.0197807935583028,231.58861614955362,11,1.2162162162162162,0.12685989999954472,7.882711558211766,-0.17991558361484405,2.668906217879771
14.976303699957498,15032.687030803165,9.431454396735315,513.3830591251636,513.469685306493,1.052472887842169,231.30303286210307,11,1.2162162162162162,0.12684824999996636,7.883435522368383,0.05348502368390473,2.377138065403592
15.103033599956689,15032.813760703164,8.873312719642886,513.3463886101908,513.4230715284867,0.9902723697218901,231.09886975890558,11,1.2162162162162162,0.126836600000388,7.884159619517876,0.003988809352022657,2.9342888377648375
15.229707299957226,15032.940434403165,9.291926225780026,513.1623516733781,513.246470097883,1.0373519827719817,231.30083454768797,11,1.2162162162162162,0.126836600000388,7.884159619517876,-0.1703727427986129,2.5115538016447356
15.356373499958863,15033.067100603166,9.646126927115072,513.2836844511888,513.3743161558451,1.0766313588452687,231.2034202282225,11,1.2162162162162162,0.12679785000000265,7.8865690546013125,-0.04092661756707599,2.1602370208612873
15.483088399956614,15033.193815503164,9.444758497790236,513.1056332445745,513.1925509303476,1.0545269064285998,231.20199176777356,11,1.218274111675127,0.12675909999961732,7.888979962803609,-0.22356153938147594,2.357457612685309
15.609803299958003,15033.320530403165,10.75393545609134,513.3388120489932,513.4514417972408,1.2001138208214335,231.1156327774603,11,1.218274111675127,0.12674450000122306,7.8898887130435655,0.03966230293180766,1.0539892119120153
15.736518199955754,15033.447245303163,9.561692964641992,513.3866007926855,513.4756351043527,1.0669957466224482,231.10597777773336,11,1.218274111675127,0.1267299000028288,7.890797672669816,0.06002080730092097,2.247015386704877
15.863233099957142,15033.573960203164,8.361153064097966,513.2532361224095,513.3213352966026,0.9332944789329924,231.23948722169177,11,1.2162162162162162,0.12672989999919082,7.890797672896333,-0.10091700751728622,3.4441708518962755
15.989947999954893,15033.700675103162,10.050605868018293,513.0852516127119,513.1836806649195,1.1221988129085196,230.20043372007524,11,1.218274111675127,0.12672989999919082,7.890797672896333,-0.23000531212852066,1.7513017542442475
16.11666289995628,15033.827390003164,8.699340798610706,513.3016570534445,513.3753691638725,0.970945236726234,231.0987963351853,11,1.2162162162162162,0.12671490000138874,7.891731753637815,-0.04473169175452045,3.107186073857569
16.243372799955978,15033.954099903163,10.834179688637757,513.2524887788265,513.366824685025,1.2092695303267047,231.08379805531632,11,1.2162162162162162,0.12671490000138874,7.891731753637815,-0.04479278859674102,0.9717810532893356
16.370082699955674,15034.080809803163,10.800726304436614,512.9977634397648,513.1114508397802,1.2061351194515457,231.10451976881797,11,1.2162162162162162,0.12671490000138874,7.891731753637815,-0.3002200797061843,0.9993677571726598
16.496797599953425,15034.20752470316,8.510712062041815,513.1359295301108,513.2065026814585,0.9502027593131804,230.91694774371905,11,1.2162162162162162,0.12671489999775076,7.891731753864387,-0.21475321894148558,3.291953745658932
16.62350749995312,15034.33423460316,7.225066529951045,513.4059477543358,513.4567837470745,0.8062596393661058,231.04560089682994,11,1.2141652613827993,0.12671489999775076,7.891731753864387,0.025628037099101997,4.58346879680735
16.750217399952817,15034.46094450316,12.001877276630593,513.3074360852943,513.4477276204675,1.339414928770469,239.95183573182933,12,1.2121212121212122,0.12671489999775076,7.891731753864387,0.03699313687343665,-0.19434412261903639
16.876939799953107,15034.58766690316,11.558169402124836,513.2797103127818,513.4098287905107,1.2899836342833717,240.1545167763865,12,1.2121212121212122,0.12671489999775076,7.891731753864387,-0.000929104684515074,0.24860880936702484
17.003669699955935,15034.714396803163,10.327215651537175,513.3248138906037,513.4286863225858,1.1525374270630793,239.7602931489806,12,1.2121212121212122,0.12671489999775076,7.891731753864387,0.015854714069632257,1.4802742559255393
17.130392099956225,15034.841119203164,10.61052638278992,513.318667609148,513.4283180602242,1.1841607496695663,252.05645597773992,12,1.2121212121212122,0.12671489999775076,7.891731753864387,0.01622526003119141,1.1968971045629277
17.257106999953976,15034.967834103161,12.612431218424371,513.2347435278291,513.3896915456289,1.407725553656348,240.6124564928882,12,1.2121212121212122,0.12671489999775076,7.891731753864387,-0.02163949196961358,-0.8064082847668488
17.383821899955365,15035.094549003163,12.289137929358969,513.4455398023393,513.59258683704,1.3710924993188658,240.40480684007818,12,1.2121212121212122,0.12671489999775076,7.891731753864387,0.1816663682517118,-0.4783528819736758
17.51053179995506,15035.221258903162,10.954578789623339,513.2075429296211,513.3244441055939,1.2228110082588906,253.03408424174603,12,1.2121212121212122,0.12671489999775076,7.891731753864387,-0.08695797370693906,0.85038018820364
17.637241699954757,15035.347968803162,10.859953285122064,513.2505130949704,513.3653940202879,1.2121500874986664,253.03408424174603,12,1.2121212121212122,0.12671489999775076,7.891731753864387,-0.04617524320230799,0.9459688387059495
17.763951599954453,15035.474678703162,10.10922905604949,513.0783159612242,513.1778978304828,1.1287579412873374,240.33445017070633,12,1.2121212121212122,0.12671489999775076,7.891731753864387,-0.23559099160840535,1.6925345727460064
17.890641049953047,15035.60136815316,10.918093662690172,513.4098252739198,513.5259033943897,1.2182595299178345,239.8419325319218,12,1.2121212121212122,0.12670989999969606,7.892043163181398,0.1144318391106733,0.891507485653914
18.01733049995164,15035.728057603159,11.842365326563968,513.2179758156879,513.3545873145381,1.3218499723240178,240.25549851641344,12,1.2121212121212122,0.12670989999969606,7.892043163181398,-0.05611171710672624,-0.036931644659232446
18.14403539995328,15035.85476250316,12.216312548663819,513.104068968857,513.2494752892438,1.3638771994073209,239.826471920937,12,1.2121212121212122,0.12670989999969606,7.892043163181398,-0.16138890132935804,-0.4133994509233371
18.270740299951285,15035.981467403159,12.532981292324072,513.3916428915509,513.5445984634241,1.3984340128509611,241.0627484375697,12,1.2100840336134453,0.12670989999969606,7.892043163181398,0.13339129508172218,-0.7233712077476947
18.397445199952926,15036.10817230316,11.09554124536027,513.361275321222,513.4811681405259,1.2381703703447087,240.06996371614457,12,1.2100840336134453,0.12670989999969606,7.892043163181398,0.06997542846616105,0.7129903434657778
18.52413464995152,15036.234861753159,10.327219825155108,513.1611178144631,513.2650234585504,1.1529054478804872,240.0502890006031,12,1.2080536912751678,0.12670989999969606,7.892043163181398,-0.14779797531054795,1.476505619583777
18.650808649950704,15036.361535753158,10.361949145432142,513.1775671049345,513.2821693472627,1.1567444229599968,240.03843104395602,12,1.2080536912751678,0.12670989999969606,7.892043163181398,-0.1305543764453477,1.4421637625854395
18.777482099951158,15036.488209203158,11.516597843764036,513.103356976744,513.2325856438764,1.2857871012810946,240.35986917581067,12,1.2060301507537687,0.12670490000164136,7.892354597075928,-0.1781918098260944,0.28611383519195177
18.90414859995144,15036.614875703159,12.67578993348098,512.9770586887985,513.1336457409986,1.4155048221007975,240.36590844776651,12,1.2080536912751678,0.12670490000164136,7.892354597075928,-0.277799144967431,-0.8756761360103887
19.030808699950285,15036.741535803158,10.006773022926527,513.1313048665538,513.2288685765684,1.1172056547000295,240.4841281008938,12,1.2080536912751678,0.12670489999800338,7.8923545973025355,-0.18497224670573897,1.796182078629168
19.157456349952554,15036.86818345316,10.679056251833,513.4174689746865,513.52851886804,1.1915773686288536,240.3766969938773,12,1.2080536912751678,0.12668944999859377,7.893317083712178,0.11657645517353613,1.130657460716958
19.284080599951267,15036.994807703159,11.955120616413314,513.0125629986917,513.1518437104554,1.3349653571678235,239.9575622525836,12,1.2080536912751678,0.12668944999859377,7.893317083712178,-0.2588772153551159,-0.15438092518231505
19.410704849953618,15037.121431953161,10.59680934844765,513.4330946167879,513.5424374052634,1.1823668362822262,239.83451181328098,12,1.2060301507537687,0.12668944999859377,7.893317083712178,0.1303065604588724,1.213241950885603
19.53732909995233,15037.24805620316,10.422072347836718,513.2378209960168,513.3436280823626,1.1633178173366119,240.06444129418293,12,1.2040133779264215,0.12667399999918416,7.894279804904246,-0.06893378685739684,1.3834420988081422
19.663940699952946,15037.37466780316,10.21697713813158,513.1357422986648,513.2374466523686,1.1406578839552852,250.18745978109942,12,1.2040133779264215,0.12667345000045316,7.894314080783484,-0.17570199448783536,1.5861355997805675
19.79055229995356,15037.50127940316,12.5985414246364,513.201288658415,513.3559057093686,1.4062675090009373,240.17798778339662,12,1.2060301507537687,0.12666650000028312,7.8947472299129196,-0.05540493290169124,-0.7932915146748116
19.917165599956206,15037.627892703164,12.060487950928332,513.1982248537618,513.3399198997354,1.3462398266884978,240.15870350130854,12,1.2060301507537687,0.1266600999988441,7.895146143174734,-0.07084136280249373,-0.2554507909468759
20.04377719995682,15037.754504303164,13.155199625701965,513.1258425026851,513.2944471950602,1.4685916831583494,239.96071176897394,12,1.2080536912751678,0.12664765000226907,7.895922269241344,-0.11802985409295913,-1.3515375128456495
20.170388799957436,15037.881115903165,12.846658564458627,513.1291590819221,513.2899478232476,1.434152736714724,240.04695869128423,12,1.2080536912751678,0.1266242500023509,7.897381425607134,-0.12180956738214187,-1.0430017775758893
20.29700039995805,15038.007727503165,10.589830801196642,513.1418111006524,513.2510719093099,1.182258942410754,240.0644412941829,12,1.2080536912751678,0.1266242499987129,7.89738142583403,-0.16106040665533186,1.2135201031565788
20.423611999958666,15038.134339103166,11.008355097122648,513.4399901631277,513.5579883330188,1.2282558389969513,240.15013966893582,12,1.2060301507537687,0.1266242499987129,7.89738142583403,0.1466644629358223,0.8019636134566256
20.550238699957845,15038.260965803165,11.940394240471129,512.9785153661379,513.1174624214858,1.3334099981416487,240.3411523264976,12,1.2040133779264215,0.1266242499987129,7.89738142583403,-0.29325450126534575,-0.1404414257524912
20.676878799960832,15038.387605903168,12.0064796024189,513.1339799031027,513.2744264851319,1.3403811378921675,239.72799157083134,12,1.2040133779264215,0.1266242499987129,7.89738142583403,-0.13631133525179936,-0.20293414500118734
20.80351889996018,15038.514246003168,12.290168211711203,513.1739243427545,513.3210738514592,1.3719328862196527,240.35284728192767,12,1.2040133779264215,0.1266242499987129,7.89738142583403,-0.08985356732044064,-0.4856291415966907
20.93015899996317,15038.64088610317,11.698939837402719,513.2152094919905,513.3485331110112,1.3058533704227684,240.45447779573206,12,1.2040133779264215,0.1266242499987129,7.89738142583403,-0.062175617155966686,0.10639229822587877
21.056785699962347,15038.76751280317,11.500269164306868,513.0657755651935,513.1946475238854,1.284058690404697,240.26182349153152,12,1.2040133779264215,0.1266242499987129,7.89738142583403,-0.21613878783314505,0.3015739492625112
21.183398999964993,15038.894126103172,11.977564184576005,513.0409200530773,513.1807164076839,1.3373967042658743,239.9375067839228,12,1.2040133779264215,0.1266133000026457,7.898064421187222,-0.2300115330081906,-0.1761664402772251
21.310012299964,15039.020739403171,10.896241226459729,513.3492944951668,513.4649221042764,1.215965249120302,239.74348680903228,12,1.2040133779264215,0.1266133000026457,7.898064421187222,0.05341453506692184,0.9119621367846839
21.436625099966477,15039.147352203174,10.726822438499326,513.2285215864548,513.3406082606803,1.1973461276736934,252.00770279295818,12,1.2040133779264215,0.12661329999900772,7.898064421414157,-0.07122250136481441,1.0785587464207522
21.563237899965316,15039.273965003173,12.491314541995438,513.0328990588256,513.1849456635397,1.3947608962895433,239.52527745751456,12,1.2040133779264215,0.12661329999900772,7.898064421414157,-0.22621586116981834,-0.6899653882838134
21.68985119996796,15039.400578303175,11.019036638346458,513.3528970780121,513.4711443760256,1.22965578331246,239.46953158110787,12,1.2020033388981637,0.1266133000026457,7.898064421187222,0.05984005013221998,0.789282046551041
21.81647789996714,15039.527205003174,12.29218029119662,513.2821539422599,513.4293206001358,1.371868186090789,240.27606860993447,12,1.2,0.1266133000026457,7.898064421187222,0.018393681090241802,-0.48515176912631514
21.943117999970127,15039.653845103177,12.773396071195558,512.9093883381598,513.0684167755962,1.4265881220763028,240.05541734772714,12,1.2,0.1266133000026457,7.898064421187222,-0.3432069839696082,-0.9748126533598517
22.069839749969105,15039.780566853176,11.530088125692183,513.1130691746438,513.2425982807828,1.2872683790053774,239.64704882505274,12,1.1980033277870217,0.12662669999917853,7.897228625609665,-0.16817194890283457,0.272850469042105
22.196613249969232,15039.907340353177,11.055952574272487,513.1546665674533,513.2737533785248,1.2342505571568856,240.24673569285494,12,1.196013289036545,0.12662669999917853,7.897228625609665,-0.13748909331641604,0.7478172327021249
22.32335684996724,15040.034083953175,10.134398808537817,513.3633705083056,513.4633932607643,1.1309394093143303,239.72613143870376,12,1.196013289036545,0.12662669999917853,7.897228625609665,0.04996699080709699,1.6739267805376379
22.450130349967367,15040.160857453175,10.12803161314586,513.1548397992188,513.2547775069598,1.1306882239769984,239.96604271571644,12,1.196013289036545,0.12664009999934933,7.896393006679069,-0.1586549948685986,1.675496781209524
22.576903849967493,15040.287630953175,12.176865699907506,513.4214451681738,513.5658248139665,1.3586347965894983,239.97972850271074,12,1.196013289036545,0.12664009999934933,7.896393006679069,0.15499621926006885,-0.36666444007239457
22.7036773499658,15040.414404453173,11.431721050908793,513.0810241579949,513.2083608021236,1.2763695916160496,239.74550707333913,12,1.196013289036545,0.1266401000029873,7.89639300645223,-0.20247060564955713,0.3704546013257348
22.830492899964156,15040.541220003171,12.181751256761011,513.4374108293841,513.5819018451326,1.3591374498612516,240.30649431701931,12,1.196013289036545,0.1266401000029873,7.89639300645223,0.1710700097336223,-0.3711815479373602
22.95730844996433,15040.668035553172,11.207746125338225,513.3586649916508,513.4809952619669,1.2506939045709464,253.7288776081895,12,1.1940298507462686,0.12672174999897834,7.891305162752742,0.06994612725630028,0.6007551081215382
23.084123999964504,15040.794851103172,11.105925476356948,513.3790211500366,513.4991343105225,1.2392859769772948,239.23161145880474,12,1.1920529801324504,0.126743599998008,7.889944738951054,0.08795536693121497,0.7030169535455596
23.210951699962607,15040.92167880317,12.00730704427958,513.4295771535594,513.5699622432551,1.3397020076634936,229.82762475633956,12,1.1920529801324504,0.12677349999830767,7.888083866212964,0.1592267704707026,-0.19696361708937152
23.337779399964347,15041.048506503172,9.273756261243115,513.3759485770911,513.4597035139379,1.0348932606651262,230.81691292488964,11,1.1920529801324504,0.12677350000012666,7.888083866099784,0.04274982485890522,2.534630977427582
23.464607299963973,15041.175334403171,12.284787535230446,513.1254447743845,513.272479371041,1.3714619914622825,239.24014629347067,12,1.1920529801324504,0.12677350000012666,7.888083866099784,-0.13844405248224792,-0.4813647564742941
23.59145449996322,15041.30218160317,12.291558441829896,513.3348466927152,513.4819833625737,1.371658052656221,240.2086254686851,12,1.1920529801324504,0.12677350000012666,7.888083866099784,0.07105819605035679,-0.4833183266817604
23.718348999962473,15041.42907610317,11.544275790488092,513.101089414628,513.2309404761222,1.2888818983093,239.74494451361306,12,1.1920529801324504,0.12681554999835498,7.885468304265303,-0.17982227179737606,0.25839106176341775
23.845271699963632,15041.555998803171,9.907200781358016,513.2589847536274,513.3545929059625,1.1058166061763046,250.4166775530934,12,1.1920529801324504,0.12681555000017397,7.885468304152197,-0.059615955118565774,1.8986641990873496
23.972194399961154,15041.682921503168,11.781963179420499,513.0066827820812,513.1419601196496,1.3156516987962337,239.5572436727174,12,1.1920529801324504,0.12681555000017397,7.885468304152197,-0.2687379204674383,0.0185954935226499
24.099117099962314,15041.80984420317,11.138131535495532,513.3694230759754,513.4902360546516,1.2429018850041869,252.3455640912994,12,1.1920529801324504,0.12682769999810262,7.884712882240712,0.07910046311364022,0.6705986878716685
24.226039799959835,15041.936766903167,12.845752953447956,513.0370314127127,513.1978263493619,1.4343090895157005,240.03629539889,12,1.1920529801324504,0.1268277000017406,7.884712882014544,-0.21393369870055795,-1.0442150352091306
24.352962499960995,15042.063689603168,10.305918337385823,513.1572118169837,513.2606900908714,1.1505367971095326,239.64502011851332,12,1.1920529801324504,0.12682789999962552,7.884700448426195,-0.152192802995167,1.4977116490828684
24.479885199958517,15042.190612303166,10.502004873813295,513.3527567472871,513.4601688217002,1.1719750707946748,239.72613143870376,12,1.1920529801324504,0.1268471999992471,7.88350077893667,0.04780975022679963,1.3061738506195273
24.606816949959466,15042.317544053167,10.96012563675536,513.3865967106315,513.5035754852132,1.2230034241352752,253.83438152375612,12,1.1920529801324504,0.12689449999925273,7.880562199353706,0.0921760140356249,0.8489524478031109
24.733748699960415,15042.444475803168,12.34688926077379,513.4438662300902,513.5922988555421,1.3775377957018753,240.3062944661581,12,1.1920529801324504,0.1269226999975217,7.8788112766236935,0.18132132661539677,-0.5361274271516936
24.860671399957937,15042.571398503165,12.464995215625628,513.0772017183359,513.2285952953553,1.3917031456819513,239.72680490915437,12,1.1920529801324504,0.1269226999975217,7.8788112766236935,-0.18253017459618406,-0.6626342088574092
24.987603149958886,15042.698330253166,11.593268297613802,513.3284447422518,513.4593421599411,1.293776821866273,239.95064891421606,12,1.1920529801324504,0.1269226999975217,7.8788112766236935,0.048599594104556776,0.2146399254205477
25.114543949959625,15042.825271053167,11.787791846448226,513.159056833026,513.2944278349182,1.315911620610195,239.93802099833255,12,1.1920529801324504,0.1269226999975217,7.8788112766236935,-0.11627012619731839,0.016272462940961865
25.241484749960364,15042.952211853168,10.259794181889498,513.39649142567,513.4989978421017,1.144855251174051,239.62772544683358,12,1.1920529801324504,0.12692270000115968,7.8788112763978635,0.08596282446660536,1.5493262396711434
25.368425549961103,15043.079152653168,10.323658383591704,513.3522825912249,513.4560779307632,1.1520789033720347,251.61993264632278,12,1.1920529801324504,0.12692270000115968,7.8788112763978635,0.043234345066553,1.4844622716287192
25.49536634996184,15043.20609345317,10.732045108338566,513.2935666911916,513.4057483109945,1.1977771625167284,253.51352886858555,12,1.1920529801324504,0.12692270000115968,7.8788112763978635,-0.006074494355118497,1.0748332782443604
25.62229809996279,15043.33302520317,10.638274179847143,513.3867874987983,513.4969975139697,1.1870990978589708,240.2450330297752,12,1.1920529801324504,0.12693175000094925,7.878249531677627,0.08496524160724718,1.1707231759233867
25.74922984996192,15043.45995695317,10.979117794906708,513.3067034947619,513.4241062515607,1.225312674631686,239.7435113969858,12,1.1920529801324504,0.12693175000094925,7.878249531677627,0.012740682886674307,0.8281280347625801
25.87616159996105,15043.586888703168,10.837565455490802,513.4509087800349,513.5652719489955,1.2091800022673453,239.95418794674276,12,1.1920529801324504,0.12693175000094925,7.878249531677627,0.15365260014746263,0.9729591801307654
26.00303184996119,15043.713758953169,11.000600140158497,513.2555685233349,513.3734428499934,1.2278317332912727,253.52942777128652,12,1.1920529801324504,0.12693175000094925,7.878249531677627,-0.03788674317673027,0.8054754368860999
26.129880699962087,15043.84060780317,9.473248036339573,513.2749443272954,513.3623582836457,1.0573582804504809,250.40335473847384,12,1.1920529801324504,0.12693175000094925,7.878249531677627,-0.053640068002082854,2.3328691986830234
26.256729549961165,15043.967456653168,11.89515845475919,513.121002566123,513.2588606825284,1.3279914955301924,239.71902129068545,12,1.1920529801324504,0.12693175000094925,7.878249531677627,-0.1518452554094354,-0.0919408726109402
26.383578399960243,15044.094305503168,12.078801261093036,513.0962714242235,513.2384252853107,1.34855108561757,239.85342712893242,12,1.1920529801324504,0.12693175000094925,7.878249531677627,-0.17234668485398463,-0.2761038468716658
26.51042724996114,15044.221154353168,10.106419668151531,513.3488088247366,513.4482829266105,1.1278498925741611,239.9751415695136,12,1.1920529801324504,0.12693174999913026,7.878249531790526,0.03476573127680629,1.7015636514497423
26.637245049960256,15044.347972153168,10.083548926648481,513.3969781656176,513.4959933130382,1.1251926812514734,252.4792009051128,12,1.1920529801324504,0.12693174999913026,7.878249531790526,0.0823963825962471,1.7255360787923835
26.76405624996005,15044.474783353167,12.61597771948237,513.0376049150391,513.1926996273215,1.4086620972927482,239.75094076624674,12,1.1920529801324504,0.12693174999913026,7.878249531790526,-0.21864441212631822,-0.8144873785635306
26.89081824996174,15044.601545353169,11.310512248036142,513.0692954449704,513.1939493171284,1.2628697035922538,239.9383994861794,12,1.1920529801324504,0.12687025000013818,7.88206849122557,-0.21698361515562387,0.4913616282435628
27.017537649961014,15044.728264753168,10.241884508211049,513.3591454577225,513.4613017778095,1.1429404213996326,240.1797332008959,12,1.1920529801324504,0.12684885000089707,7.883398233353539,0.04821487020310643,1.5663723442736577
27.144257049963926,15044.854984153171,12.387421189442591,513.3757377785245,513.5251662220353,1.3822415140749702,240.28298744106604,12,1.1920529801324504,0.12684885000089707,7.883398233353539,0.11414299136820871,-0.5782153639955316
27.270997699963118,15044.98172480317,12.7162170168715,513.0834757318769,513.2410303593465,1.4197230661156721,240.25199622609776,12,1.1920529801324504,0.12684884999907808,7.883398233466585,-0.17048055666179718,-0.9136452910326157
27.397759599962228,15045.10848670317,13.032712598943224,513.0492255451862,513.2147303324429,1.4551408264522496,239.62065622378577,12,1.1920529801324504,0.12684884999907808,7.883398233466585,-0.19744334272711725,-1.23084481330032
27.524521499961338,15045.235248603169,10.513359034163846,513.332981723357,513.4406303003041,1.173286972420646,239.53654312311178,12,1.1920529801324504,0.1268177999991167,7.885328400326809,0.02830106378739603,1.2943679333695581
27.651283399960448,15045.362010503168,8.692709419168759,513.1030824825029,513.1767107440597,0.9705806455627122,248.20920428959414,12,1.1920529801324504,0.12681119999979273,7.8857387991094985,-0.24340624762020163,3.1092491466875734
27.778045299959558,15045.488772403167,13.170052286069055,513.1392988621867,513.3082799975024,1.4702105066241575,229.82396240045873,11,1.1920529801324504,0.12676200000169047,7.888799482389551,-0.10423549158188228,-1.3660767939120702
27.904828549959348,15045.615555653167,12.790773334167223,513.4565745864983,513.6158660600219,1.4270063460588776,231.5001925388266,12,1.1920529801324504,0.12676200000169047,7.888799482389551,0.2042341755356858,-0.9796018619157495
28.031633149959816,15045.742360253167,12.24736781488529,513.1344525840394,513.2805903666286,1.3672620848245525,231.2895927218073,12,1.1920529801324504,0.12676200000169047,7.888799482389551,-0.13029915379088994,-0.4437477825024763
28.158416399959606,15045.869143503167,11.043661897031223,513.393814341167,513.5125812206246,1.2323047703747576,231.11582017310076,11,1.1920529801324504,0.12676200000169047,7.888799482389551,0.10131279120334259,0.765604260813765
28.285199649959395,15045.995926753167,8.261567718188289,513.369066146607,513.4355378987722,0.921972391900952,230.9169102115077,11,1.1900826446280992,0.12676200000169047,7.888799482389551,0.012592253631945785,3.546393565903016
28.412004249959864,15046.122731353167,12.188876746928159,513.0980299208665,513.2427856531704,1.3608313220838049,239.65222550698786,12,1.1900826446280992,0.12676200000169047,7.888799482389551,-0.16805728418565555,-0.3861097827759996
28.538815449959657,15046.249542553167,10.327076642406253,513.4847956583517,513.588632939123,1.1521629336392254,252.13100694669373,12,1.188118811881188,0.12676200000169047,7.888799482389551,0.17579097656971404,1.4840922754160522
28.665637599959155,15046.376364703166,10.76148799830949,513.2836434676932,513.3964435749509,1.2010854629375307,239.13463969931624,12,1.188118811881188,0.12676200000169047,7.888799482389551,-0.015318005297199842,1.0451699736425022
28.792464099959034,15046.503191203166,10.487352342342616,513.2484180788274,513.3555524386302,1.1705782245063012,238.92963561753038,12,1.188118811881188,0.1267832499997894,7.88747724957091,-0.05683828436703964,1.3184230657002098
28.919290599958913,15046.630017703166,10.850837478818883,513.2161427690281,513.3308386145442,1.2112140021783038,239.95180671578902,12,1.188118811881188,0.1267832499997894,7.88747724957091,-0.08074611277157233,0.95429183138655
29.046117099958792,15046.756844203166,13.005324891939187,513.1012205246927,513.2660138558506,1.4519371351561403,239.7442432788553,12,1.188118811881188,0.1267832499997894,7.88747724957091,-0.14609193964649636,-1.2022686380756291
29.172956499958673,15046.883683603166,11.374138556435751,513.2076136154637,513.3336397517506,1.269629380930698,239.85335489331203,12,1.188118811881188,0.12680460000046878,7.886149240613536,-0.07723883114584788,0.43093300297998
29.299795899958553,15047.010523003166,12.374100579426148,513.3160160793299,513.4651407142501,1.3809163007523086,239.99291635846194,12,1.188118811881188,0.12680460000046878,7.886149240613536,0.05413075646449616,-0.5662716766351845
29.426635299958434,15047.137362403166,9.344542092217166,513.2825152439457,513.3675690205455,1.0429805578220475,239.4388192116003,12,1.188118811881188,0.12681119999979273,7.8857387991094985,-0.049030961026010705,2.4617152112881806
29.553487599958316,15047.264214703166,12.178571096772732,513.1479964045698,513.2924934264902,1.3595488305339603,239.24250634413963,12,1.188118811881188,0.12682214999949792,7.885057933523118,-0.1183410101165856,-0.37465779554718937
29.680348199959553,15047.391075303167,12.07436400768677,513.1727647106417,513.3147929944682,1.347854999976991,239.54658103857574,12,1.188118811881188,0.12682649999987916,7.884787485272816,-0.09597566974814614,-0.2699086764499619
29.807217099958507,15047.517944203166,13.810371400630888,513.4977686818102,513.6834480489139,1.5405817561053123,230.26922401727407,11,1.188118811881188,0.12682649999987916,7.884787485272816,0.26886473191467314,-1.9979829604280652
29.9340859999611,15047.644813103168,12.099985101290054,513.2689814438812,513.4115863046827,1.3504609016531086,230.21475563788135,12,1.188118811881188,0.12682649999987916,7.884787485272816,0.000804817887536567,-0.2933103303598305
30.06096759996035,15047.771694703168,10.720227356704338,513.0926537868908,513.2046323296912,1.1969269597851353,230.91356014518794,11,1.188118811881188,0.1268393999998807,7.883985575467407,-0.2072060344524252,1.0820275778186674
30.1878618999599,15047.898589003167,7.4891426236600775,513.243867205091,513.2985042651835,0.8359881947094461,231.10766712739166,11,1.188118811881188,0.1268393999998807,7.883985575467407,-0.130336779138074,4.315735228108487
30.314756199959447,15048.025483303167,9.60483025637907,513.563001006382,513.6528095581051,1.071440283390637,251.58199083949967,12,1.188118811881188,0.1268393999998807,7.883985575467407,0.23736638434990884,2.2079461196046246
30.441650499958996,15048.152377603166,11.105084172209247,513.0931840168397,513.2133458699319,1.2398822483553933,239.75384926097652,12,1.188118811881188,0.12685229999988223,7.883183828759339,-0.19782552146156776,0.6972847344019161
30.568544799958545,15048.279271903166,13.115716585473503,513.0750190182675,513.2426299150783,1.4643308568225417,239.9738249342334,12,1.188118811881188,0.1268606000012369,7.882668062347569,-0.16974787606977929,-1.3132336848798438
30.69544639995729,15048.406173503165,10.735809173889393,513.4411690707933,513.5533971218583,1.1978527847671894,251.08031740402552,12,1.188118811881188,0.12686889999895357,7.8821523636466315,0.14157541153121417,1.074464570611187
30.822355299958872,15048.533082403166,9.732813013994406,513.5205828858294,513.6128081508165,1.085803312418807,249.0624806569061,12,1.188118811881188,0.12686890000259154,7.8821523634206105,0.19790265822488942,2.07902173277897
30.949271699957535,15048.659998803165,10.25881263638235,513.4504268460581,513.5529028884051,1.144625535154153,251.43306074548727,12,1.188118811881188,0.1268815999992512,7.8813634128660235,0.13986140891355217,1.5515478603956736
31.076195999958145,15048.786923103165,11.794043495843916,513.3373990934797,513.4728666346844,1.316152016248465,239.75490679602393,12,1.188118811881188,0.12689429999954882,7.88057462000701,0.06216873725759572,0.014123744067655384
31.203126299957148,15048.913853403164,10.213451594968024,513.3481271478905,513.4497192907301,1.1397927531569634,239.77682548151708,12,1.188118811881188,0.12689429999954882,7.88057462000701,0.03654561207293554,1.5945443538173754
31.330062199956956,15049.040789303164,12.173227143824326,513.0683269151099,513.212719583766,1.3591634243452133,239.82435552736274,12,1.188118811881188,0.12689429999954882,7.88057462000701,-0.1981123234169372,-0.3711473884125072
31.456998099956763,15049.167725203164,11.030629544129306,513.5128254484941,513.6312847639203,1.2305658327463889,251.72866310515795,12,1.188118811881188,0.12689429999954882,7.88057462000701,0.21999272440491344,0.781370025770666
31.583938099956868,15049.294665203164,14.03174721036625,513.0876140798304,513.2794459667253,1.5665152235357458,231.0563805476641,11,1.188118811881188,0.12690159999874595,7.88012129090478,-0.13609049594932038,-2.228732413486604
31.71087809995697,15049.421605203164,15.607666813365206,513.3923135759671,513.6295035356139,1.741315692993058,233.86007251844893,11,1.188118811881188,0.12690890000158106,7.879668013729074,0.204769315089476,-3.7972281792701748
31.837808399955975,15049.548535503163,15.547035700907339,513.2178841135398,513.4533152031098,1.7351445133808814,231.6004502010946,11,1.188118811881188,0.1269163999986631,7.879202372668415,0.02899166859317722,-3.740624397127929
31.96473309995781,15049.675460203165,12.326653842523132,512.9619324074359,513.1100179241527,1.3765726013600499,240.0470204888544,12,1.186161449752883,0.12692430000060995,7.878711956616616,-0.3009503917888193,-0.5269802310046086
32.09165779995601,15049.802384903163,12.681512039151214,513.3713281543246,513.527936259104,1.4150563925496231,239.96773650813648,12,1.188118811881188,0.12692469999819878,7.8786871272036985,0.11649764208519911,-0.8723298455973808
32.21858249995785,15049.929309603165,12.638805372506502,513.3788901385933,513.534443091384,1.4102721660670818,240.14984060331912,12,1.188118811881188,0.12692470000183675,7.8786871269778755,0.12307551561781149,-0.8294605726647589
32.34550264995778,15050.056229753165,11.60259857872104,513.1701271603008,513.3012757664823,1.295217028023692,239.95731333150786,12,1.186161449752883,0.12692470000183675,7.8786871269778755,-0.10946155410346402,0.20167133538490675
32.47241824995581,15050.183145353163,10.396392850253122,513.2444510321673,513.3497360470808,1.1604372550665043,239.536347626847,12,1.188118811881188,0.12692470000183675,7.8786871269778755,-0.0628960468785638,1.4092672739566332
32.59928614995624,15050.310013253164,9.443624028458254,513.4373595761201,513.5242002508635,1.053719186191375,250.2653397781941,12,1.188118811881188,0.12692470000183675,7.8786871269778755,0.10805097538116867,2.366220381321315
32.726106349955444,15050.436833453163,8.936928431355806,513.5213156807749,513.5990754940095,0.9970308526609032,251.45188613941505,12,1.188118811881188,0.12692470000183675,7.8786871269778755,0.18033256823771365,2.8747126889975845
32.852898749955784,15050.563625853163,9.703203726307512,513.1807877992281,513.2725135138162,1.0832174462116466,239.43810084416793,12,1.188118811881188,0.12692470000183675,7.8786871269778755,-0.1424834816259346,2.1008090362639256
32.97965824995481,15050.690385353162,12.208153402777311,513.2165682478345,513.3617486077336,1.3626679684972125,240.78200451630258,12,1.188118811881188,0.12692470000183675,7.8786871269778755,-0.04910700686126637,-0.402655354557152
33.10641264995502,15050.817139753162,9.685019999414331,513.3170840906699,513.4084421118696,1.0809009779793173,240.97776307862497,12,1.188118811881188,0.12692469999819878,7.8786871272036985,-0.006641399941707149,2.122122314477475
33.233163799955946,15050.943890903163,12.5877967594505,513.4214120129028,513.575699328327,1.4044664896135017,242.17870393867912,12,1.188118811881188,0.12692014999993262,7.878969572605539,0.16441311667857023,-0.7774875879589387
33.359911699953955,15051.070638803161,11.90180049865613,513.1590940598052,513.2970959117047,1.3286341607981607,240.0234113467655,12,1.188118811881188,0.12691559999802848,7.879252038484899,-0.11361109047928714,-0.09770518264424087
33.486632549955175,15051.197359653162,10.483557841360069,513.2054715898428,513.3125374026686,1.170252701983678,240.16283767899574,12,1.1900826446280992,0.12686790000043402,7.882214492370244,-0.09986067666548618,1.3212289371747623
33.613322449955376,15051.324049553163,12.094208297534498,513.3383937908675,513.480843278629,1.3496339486579472,240.65954648238807,12,1.1900826446280992,0.12682019999920158,7.8851791749760345,0.07006596098376768,-0.28593880183612624
33.740008449954985,15051.450735553162,10.287327454889065,513.290720124837,513.3937986306787,1.1481632580139913,240.27017668675595,12,1.1920529801324504,0.12679240000034042,7.886908048095274,-0.01914733081516675,1.5193678608996708
33.86669104995417,15051.577418153161,12.978125763471,513.1908508050606,513.354927022576,1.4486489257063109,240.34749749578233,12,1.1920529801324504,0.12675949999902514,7.888955068517078,-0.057110851993690266,-1.1730155051089186
33.993373649953355,15051.70410075316,11.036652212894563,513.2860309030016,513.4046719812992,1.2317813613814743,253.10141384222246,12,1.1920529801324504,0.126754400000209,7.889272482835714,-0.006603342098396426,0.770133431559632
34.120059649952964,15051.83078675316,10.84558318888695,513.1746673764547,513.2892614419691,1.2107254871110906,240.47517560814765,12,1.1920529801324504,0.12675115000092774,7.88947476999365,-0.1223313679798442,0.9585909360686058
34.24674224995215,15051.95746935316,10.60710024783194,513.1165251125823,513.2261479302072,1.184244710746512,239.12405932638484,12,1.1900826446280992,0.1267478999980085,7.88967706775191,-0.18594256795746772,1.195673730171994
34.373391249951965,15052.08411835316,12.320303718809523,513.4116157992172,513.5594192703379,1.3746591079417567,241.09755138206236,12,1.1920529801324504,0.12672085000122024,7.891361208438632,0.1484680458327322,-0.5102905683092981
34.50004024995178,15052.21076735316,12.65104912174282,513.1837200963635,513.3396337862716,1.4121744500243472,239.53634735577896,12,1.1920529801324504,0.1266899000002013,7.8932890467070465,-0.07176134688056675,-0.8461893440228196
34.626722849950966,15052.337449953158,12.75179083256832,512.9697073589441,513.1281797342242,1.4240087532975259,239.7597847400462,12,1.1920529801324504,0.1266859999996086,7.893532039870936,-0.2834007634845375,-0.9518259921015245
34.753408849950574,15052.464135953158,11.134000027103635,513.2739093207643,513.3946551591902,1.2426721253403865,250.11749857904005,12,1.1920529801324504,0.1266859999996086,7.893532039870936,-0.016483043609467434,0.672532605818913
34.88006124995081,15052.590788353158,10.31627855416046,513.2634252775152,513.367090229608,1.1514548199981303,239.56394575601132,12,1.1920529801324504,0.1266859999996086,7.893532039870936,-0.045769181056990516,1.4897967275253596
35.00671364995105,15052.717440753158,12.038053937154757,513.1832841814502,513.3244567579582,1.3437756782992345,239.63584084826763,12,1.1920529801324504,0.12668259999918519,7.893743892266436,-0.08629399142945693,-0.2333662956700496
35.13339964995066,15052.844126753158,10.364528593638656,513.426220145157,513.5308237929945,1.1564720983107561,251.00875291002967,12,1.1920529801324504,0.12668259999918519,7.893743892266436,0.11809222413063633,1.4453031872067528
35.26008564995027,15052.970812753158,9.897183942249502,513.3171648047249,513.4125689279022,1.1045736522095584,240.16359020044155,12,1.1920529801324504,0.12668259999918519,7.893743892266436,-0.0016816441101704313,1.910016336305676
35.38677554995047,15053.097502653158,10.64843926338282,513.4132909162547,513.5237059262257,1.1881717483416714,253.33182856354227,12,1.1920529801324504,0.12668259999918519,7.893743892266436,0.11169541303666554,1.161170270841163
35.51346544995067,15053.224192553158,10.165272125183957,513.3594373265967,513.4600711347076,1.1343924802762229,240.0645076219616,12,1.1920529801324504,0.12668259999918519,7.893743892266436,0.04674483258146724,1.6429711785331977
35.64015144995028,15053.350878553158,10.477531165956954,513.319097712476,513.4260168083462,1.1693213251958032,240.2567923430261,12,1.1920529801324504,0.12668259999918519,7.893743892266436,0.013596803164544095,1.3298670406530864
35.76683744994989,15053.477564553157,12.439633046950378,513.4220779662227,513.5727549369192,1.3879400279566876,241.31512518329066,12,1.1940298507462686,0.1266859999996086,7.893532039870936,0.1616716226175569,-0.6293477438724935
35.89350369995009,15053.604230803157,10.297539444361371,513.3810475524388,513.4843126178711,1.1491005460995627,239.7435113969858,12,1.196013289036545,0.1266859999996086,7.893532039870936,0.07139105065242127,1.5112358016668248
36.02016994995029,15053.730897053158,10.040561829483048,513.2731595139318,513.3713559980395,1.1206673149541777,240.16455087038992,12,1.1940298507462686,0.12668259999918519,7.893743892266436,-0.04237808409672761,1.7656643916088095
36.146836199950485,15053.857563303158,10.841205917831942,513.4881175001268,513.6025492144455,1.2094984352250326,249.95660024009834,12,1.196013289036545,0.12668259999918519,7.893743892266436,0.19093519857862204,0.970175357011658
36.27348269995127,15053.984209803159,10.710624291132817,513.4286225204416,513.5403274290579,1.195072780454396,239.7708039717626,12,1.1940298507462686,0.12668259999918519,7.893743892266436,0.1284530109063156,1.0993542642016847
36.40016989995274,15054.11089700316,10.202245436297131,513.2743339356002,513.3757178606878,1.1387061510534962,239.95779800094692,12,1.1940298507462686,0.1266859999996086,7.893532039870936,-0.037485789269179434,1.6040505511433754
36.52689779995126,15054.237624903159,13.303463244085986,513.3666804585149,513.5390255270594,1.484439427995334,229.84581292906557,11,1.196013289036545,0.1266859999996086,7.893532039870936,0.12615397891380692,-1.4942234518960846
36.653662349952356,15054.36438945316,10.919035906759898,513.457644061247,513.5737314057831,1.2182512021970306,231.12235984078274,11,1.196013289036545,0.1266859999996086,7.893532039870936,0.16225964883542437,0.8916651634021016
36.7804635499524,15054.49119065316,10.40951551898426,513.1239597045222,513.2295354285333,1.162174357735855,231.11270268989634,11,1.1980033277870217,0.1266859999996086,7.893532039870936,-0.18305373197859034,1.3933771769244774
36.90726564995202,15054.61799275316,10.939459500515332,513.1361832948523,513.252778249248,1.2212935854872946,231.10768749159146,11,1.1980033277870217,0.1266859999996086,7.893532039870936,-0.15864643005706994,0.8638544452741033
37.03406864995486,15054.744795753162,8.845998438555627,513.385065243288,513.4612710840322,0.9871503079994483,231.1046978526438,11,1.1980033277870217,0.12668720000147005,7.893457271045506,0.042027076721314616,2.9624853289398865
37.16087164995406,15054.871598753161,7.751797134173812,513.1736453846448,513.2321898285167,0.8654214542658722,230.71326521847078,11,1.1980033277870217,0.1266899000002013,7.8932890467070465,-0.19449985104960787,4.051535311070548
37.2876746499569,15054.998401753164,8.18715048117686,513.3839481242181,513.449225946063,0.9136425287469269,231.00031909385692,11,1.1980033277870217,0.1266899000002013,7.8932890467070465,0.02575894731000042,3.6211333585145966
37.4144776499561,15055.125204753163,8.260482546815627,513.3754703102024,513.441923773398,0.921839812354543,231.43652711215728,11,1.1980033277870217,0.12672789999851375,7.890922204279625,0.018969768270825485,3.5476257246980514
37.541280649958935,15055.252007753166,10.04499909478196,513.3189425395007,513.4172170629705,1.1210624783197984,249.23894017034382,12,1.2,0.12676455000109854,7.888640791067645,0.0034948760760838485,1.7622811566838665
37.66811014995801,15055.378837253165,10.349862457396146,513.2800343296589,513.3843718836237,1.1551649135948665,239.9522324528312,12,1.1980033277870217,0.12680120000004536,7.886360696899101,-0.028392203541896387,1.4566036586390194
37.79493964995709,15055.505666753164,12.359999720409691,513.0918586810579,513.2407086717413,1.3799456598419815,239.85008999490995,12,1.1980033277870217,0.12680209999962244,7.886304722106161,-0.17029163426091953,-0.5573294193066163
37.921742649959924,15055.632469753167,12.597838558371356,513.3550074457438,513.5095609684034,1.4057681859233182,239.96764177993245,12,1.1980033277870217,0.12680299999919953,7.8862487481077945,0.09825703864247565,-0.7890538148295682
38.048572149959,15055.759299253166,10.77829632907246,513.2436189318685,513.3567804617353,1.2030546668618387,253.4200338563607,12,1.2,0.12680299999919953,7.8862487481077945,-0.05494542075037581,1.0274456571387938
38.17542814995795,15055.886155253165,11.346207816303634,513.2535179064432,513.3789147161679,1.2663994132341088,239.6561417012639,12,1.2,0.1268030000028375,7.886248747881538,-0.031988993810239556,0.45991200219937173
38.30229909995796,15056.013026203165,12.129264349414301,513.0242569616767,513.1676210408626,1.3543730183702767,239.42081948238211,12,1.1980033277870217,0.1268030000028375,7.886248747881538,-0.24318161984276596,-0.3282096822834502
38.429184999959034,15056.139912103166,12.647591190919137,513.0733659104742,513.2292278988366,1.412092145509361,239.55369267964832,12,1.1980033277870217,0.1268030000028375,7.886248747881538,-0.1821658695695429,-0.8452701059236414
38.556070899960105,15056.266798003167,12.253636825450057,513.397735462335,513.5439478694144,1.3672604161231534,239.34426390646078,12,1.196013289036545,0.1268030000028375,7.886248747881538,0.1330582635061574,-0.44396050701871836
38.682956799961175,15056.393683903168,12.516999206466995,512.9840334547496,513.1367204251108,1.3977607516915826,239.544967142099,12,1.1980033277870217,0.12682949999907578,7.884600980113357,-0.27447788070779094,-0.7167670061612197
38.809842699962246,15056.52056980317,14.49206526943489,513.3114395548819,513.5159724231357,1.6171735231961826,230.17224804629305,11,1.1980033277870217,0.12682949999907578,7.884600980113357,0.09826156680987629,-2.68378149816568
38.93672859996332,15056.64745570317,12.302720430378757,513.0733236406342,513.220802736634,1.3736027078792168,230.48051134951587,12,1.1980033277870217,0.12682949999907578,7.884600980113357,-0.19013900558522334,-0.5004915213733325
39.06361449996439,15056.774341603172,11.066770691579007,513.4349316366402,513.5541864674665,1.2347837006817752,231.20201009976864,11,1.1980033277870217,0.12685599999895203,7.882953900550712,0.14295063807488545,0.7434471382482053
39.19050039996546,15056.901227503173,7.645944031236748,513.4062339182435,513.4631646829624,0.8532189748077971,231.10500146466993,11,1.1980033277870217,0.12687095000001136,7.8820250025708045,0.03559290423861561,4.162709180873059
39.31738629996653,15057.028113403174,8.450204422803322,513.3538219876391,513.4233657558875,0.9430480632151186,231.44123183753334,11,1.1980033277870217,0.1268859000010707,7.8810963234808735,0.0016901412138654454,3.357456183007302
39.444272049968276,15057.154999153176,12.225831901261103,513.3238982102719,513.4694688484092,1.3643552656728457,239.7445205296551,12,1.1980033277870217,0.1268859000010707,7.8810963234808735,0.05860111778752451,-0.417860946623375
39.57115764996706,15057.281884753174,11.803524975556922,513.1547300103641,513.2904637082772,1.317678451360767,240.15716320892122,12,1.1980033277870217,0.1268859000010707,7.8810963234808735,-0.12023399509544049,0.00044399209702816267
39.69804339996881,15057.408770503176,10.44220212194142,513.2893095415791,513.3955150513359,1.1654472086508927,240.03834047347212,12,1.1980033277870217,0.1268859000010707,7.8810963234808735,-0.016995940194853433,1.3645017130231756
39.82492914997056,15057.535656253178,12.575160225506568,513.4681437056719,513.622107444029,1.4029295053858637,240.897181041344,12,1.1980033277870217,0.1268859000010707,7.8810963234808735,0.2108418527269338,-0.763779722766633
39.951814899970486,15057.662542003178,13.01480343165676,513.218503015983,513.383498903433,1.4526629811900522,240.05828696676411,12,1.1980033277870217,0.1268859000010707,7.8810963234808735,-0.028622489878303174,-1.2090475649504442
40.078700649970415,15057.789427753178,11.240118205126446,513.0980423097542,513.2211426659735,1.2549421219616077,239.837938496594,12,1.2,0.1268859000010707,7.8810963234808735,-0.1898631809419453,0.5623981368861668
40.20558639997216,15057.91631350318,11.30918268553737,513.1246549930319,513.2492661219623,1.262585112729071,240.04401678542084,12,1.2,0.1268859000010707,7.8810963234808735,-0.16166928288787707,0.49396392411078904
40.33249074997366,15058.043217853181,11.195142125011797,513.3485102294768,513.470567960835,1.2493125508322345,239.853579860395,12,1.2,0.1268859000010707,7.8810963234808735,0.05950420061974736,0.6131222495518032
40.45939494997219,15058.17012205318,10.839555252277203,513.1915426480895,513.3060056180846,1.2100129919963698,239.85869631117401,12,1.2,0.1268859000010707,7.8810963234808735,-0.10559918158922711,0.9650053535095174
40.586325699972804,15058.29705280318,10.493836054936212,513.2920632729557,513.3993210106105,1.1712021545869524,250.08794222938812,12,1.2,0.1268859000010707,7.8810963234808735,-0.01305552880467711,1.312944761686994
40.7133015999716,15058.424028703179,11.81934252521726,513.151964883644,513.2880632955271,1.3194507162443456,239.8309598563439,12,1.2,0.1268859000010707,7.8810963234808735,-0.12263463966396364,-0.015432963174401983
40.84023234997221,15058.55095945318,10.683689725993844,513.4203109923509,513.5314566466631,1.1920876292200968,250.17163275370734,12,1.2,0.1268859000010707,7.8810963234808735,0.1195242756960227,1.1260905688448755
40.967163099971,15058.677890203178,10.669272308092319,513.3516090051583,513.462469748052,1.1906386712652035,239.34045028288406,12,1.2,0.1268859000010707,7.8810963234808735,0.05050890478217497,1.1389242573555427
41.09415759997137,15058.804884703179,12.222234243514665,513.4256765673457,513.5711327250978,1.3636836530008807,240.978597528689,12,1.2,0.1268859000010707,7.8810963234808735,0.1602698246030857,-0.41192367752368886
41.22110694997173,15058.931834053179,11.381701179708832,513.3901261648447,513.5162750734385,1.2700217651543002,240.05941657690926,12,1.2,0.12690419999853475,7.8799598438156195,0.10539936639607347,0.4275695596646505
41.347986749970005,15059.058713853177,12.052302241508468,513.3857533390267,513.5272044602901,1.3448352034772653,239.73248637358654,12,1.2,0.12690419999853475,7.8799598438156195,0.1164492849861768,-0.24295471654880985
41.47485239996968,15059.185579503177,11.188520523582302,513.2875041461623,513.40943203656,1.2487222032752294,240.1581220542321,12,1.2,0.12690419999853475,7.8799598438156195,-0.0016380238814565993,0.6183391633820662
41.60171804996935,15059.312445153177,10.982895711324439,513.4114335133592,513.5288931116226,1.225484216939787,239.73446799538615,12,1.2,0.12690419999853475,7.8799598438156195,0.11752988424270708,0.8267595586009788
41.72859204997076,15059.439319153178,10.253690488791328,513.180838539888,513.2832660560273,1.1446550281408325,239.7692389815401,12,1.2,0.12690419999853475,7.8799598438156195,-0.1297733947118287,1.5504690214229515
41.85546604996853,15059.566193153176,10.67523226377919,513.2917591269182,513.4027566847415,1.1914424476846233,251.22364490796986,12,1.2,0.12690419999853475,7.8799598438156195,-0.009188086558133194,1.1315895302270578
41.98234584997044,15059.693072953178,10.653018090368684,513.2383125206264,513.3488601657298,1.1890876567514317,251.63694633199916,12,1.1980033277870217,0.12690419999853475,7.8799598438156195,-0.06313141035744144,1.152568735214513
42.10917699996935,15059.819904103177,10.696738823438677,513.3289895427663,513.4404266577129,1.1937554988762202,240.67348746449693,12,1.2,0.12690419999853475,7.8799598438156195,0.02852706254671035,1.1109448335568282
42.23600814996826,15059.946735253176,12.189370117972476,513.2880045682496,513.4327184525041,1.3603828912938445,240.0652845597346,12,1.1980033277870217,0.126879800001916,7.881475222887324,0.02187846871949195,-0.3822342400167014
42.36289374997068,15060.073620853178,12.244453582605034,513.3551626806399,513.5011681529096,1.3663493983364006,240.36302176781146,12,1.2,0.126879800001916,7.881475222887324,0.09028555657569497,-0.4357587247576915
42.48987779996969,15060.200604903177,11.876409522399157,513.238165392763,513.3755579679197,1.325596516941883,239.93700975834935,12,1.2,0.126879800001916,7.881475222887324,-0.03514457636481907,-0.07050254428445779
42.61696029996892,15060.327687403176,10.777172026933458,513.3472444787212,513.4603595710131,1.2026864561492885,239.7435113969858,12,1.2,0.126879800001916,7.881475222887324,0.048626866269857835,1.0309527039349562
42.743869199968685,15060.454596303176,10.890651471264222,513.2783076341632,513.393832624876,1.2155096803777574,252.74606650479967,12,1.1980033277870217,0.126879800001916,7.881475222887324,-0.017682098601954604,0.9159179526601049
42.87060449996898,15060.581331603176,11.011351965584543,513.2295446088729,513.3476554261654,1.229093730514007,251.2162601738257,12,1.196013289036545,0.12687979999827803,7.8814752231133065,-0.06365651927171966,0.7941279916258949
42.99733979996927,15060.708066903177,12.805837881104377,513.2952351630903,513.454952186625,1.4291352102256858,241.7088674641601,12,1.196013289036545,0.1268740000014077,7.881835521768879,0.04328385401205268,-0.9983726935830062
43.12407509996956,15060.834802203177,10.506619463412322,513.3936810343122,513.5011789455892,1.1723964569717646,252.63873739740052,12,1.196013289036545,0.12687399999776972,7.881835521994883,0.08882933465691323,1.3025016035066506
43.25083509997057,15060.961562203178,12.288834033340644,513.3843001611838,513.5313574591988,1.3712220926224101,240.25670332678936,12,1.196013289036545,0.12686564999967231,7.882354285833737,0.12043593383076963,-0.4794573738365725
43.37759509996977,15061.088322203177,10.757995390972372,513.4410412183607,513.5537335783147,1.2003277973383772,253.53728283667604,12,1.196013289036545,0.12686564999967231,7.882354285833737,0.14195780191252574,1.0522812806772335
43.50433039997006,15061.215057503177,11.76289647293336,513.1639396551242,513.2987382565838,1.3131209485530861,240.65907764190294,12,1.1940298507462686,0.12683114999890677,7.884498406019496,-0.11196110596706903,0.041273541292543674
43.63106569997035,15061.341792803178,12.619797556928308,512.962757809974,513.1179690776693,1.4092939560447277,239.62026999845546,12,1.196013289036545,0.12683114999890677,7.884498406019496,-0.29338387973326474,-0.8200274396245275
43.75780099997064,15061.468528103178,12.663358464712907,513.0753953996119,513.2316455676461,1.4138462430269316,239.9582236668021,12,1.196013289036545,0.1267600000010134,7.888923950710046,-0.1797743224333389,-0.8609865384496054
43.88453629997093,15061.595263403178,10.442757403610182,513.3908977581798,513.4970935488734,1.1652786023903123,239.6673682338323,12,1.196013289036545,0.1267599999991944,7.8889239508232505,0.0845781801883579,1.366282768390069
44.01094449997254,15061.72167160318,12.130370123189174,513.486522243402,513.6297834091685,1.3532775156002035,240.50331515128465,12,1.196013289036545,0.12673530000029132,7.890461457839303,0.2189868411149244,-0.3186846037945482
44.13702559997182,15061.84775270318,10.944536482940357,513.4099910716109,513.5266320367211,1.2212087782504257,239.34053514126632,12,1.1940298507462686,0.12673530000029132,7.890461457839303,0.1152056896346216,0.8650754712201901
44.26310669997474,15061.973833803182,12.970378819325552,513.264993271023,513.4288500310632,1.4475755144687092,239.7524033989051,12,1.1940298507462686,0.12673530000029132,7.890461457839303,0.01683385250098968,-1.1635655802536566
44.389347049975186,15062.100074153183,10.005996195754184,513.3623798845317,513.4598845485202,1.116616236861288,240.24863576434896,12,1.1920529801324504,0.12673530000029132,7.890461457839303,0.04602379713840017,1.8022726551453407
44.51593919997322,15062.22666630318,11.634790768696034,512.9083031599836,513.0402477454229,1.2994722407240913,239.2163900879721,12,1.1920529801324504,0.12673530000029132,7.890461457839303,-0.3704759998895056,0.16346658007211595
44.64282184997501,15062.353548953182,12.958676250852468,513.3079690434968,513.4715166138565,1.4461489546111943,239.4465314852999,12,1.1920529801324504,0.12673530000029132,7.890461457839303,0.05952913962935934,-1.1508778071781658
44.769775449974986,15062.480502553182,13.282914305136993,513.0880755938015,513.2599820061838,1.4829519818768981,229.42848857019425,11,1.1920529801324504,0.12673530000029132,7.890461457839303,-0.15284976350453813,-1.4800869300298158
44.8967020499731,15062.60742915318,10.437624394438334,513.0841456122436,513.1903004555379,1.1654021201785658,230.81995876839895,11,1.1920529801324504,0.12673530000029132,7.890461457839303,-0.22221088469848083,1.3643601437518968
45.02362864997485,15062.734355753182,9.137866712117656,513.3343006217427,513.4156257875895,1.0198147775138036,231.1126236035038,11,1.1920529801324504,0.12673530000029132,7.890461457839303,-0.0020121227837680902,2.6695268253601796
45.15048429997478,15062.861211403182,9.777567342771246,513.1044731180888,513.1976238808339,1.0916793334703412,231.30968816283018,11,1.1920529801324504,0.12673530000029132,7.890461457839303,-0.21706786553948973,2.0247101027155265
45.27730489997339,15062.98803200318,10.174004188871638,513.4639023447327,513.5646885956202,1.1351357474023904,249.85576845149316,12,1.1920529801324504,0.12673530000029132,7.890461457839303,0.1513830324230342,1.636643771140026
45.404125499975635,15063.114852603183,10.34702581381853,513.1349228886547,513.2392327473976,1.1551748925970682,240.05061604642182,12,1.1920529801324504,0.12673530000029132,7.890461457839303,-0.1735305019675053,1.4561024728438985
45.530946099974244,15063.241673203182,9.706292785590035,513.3812217360004,513.4729700293756,1.0831392684380314,249.57465156090788,12,1.1920529801324504,0.1268205999986094,7.885154304671048,0.05796848679566961,2.1023301060106356
45.65776669997649,15063.368493803184,11.978377566945976,513.1794099694918,513.3191875877737,1.3371266803492161,239.7324904707797,12,1.1920529801324504,0.1268205999986094,7.885154304671048,-0.09153953631559582,-0.1737948013255085
45.7845872999751,15063.495314403182,13.246338351850207,513.3892542654462,513.5601151520265,1.4780031366881032,239.84911997854306,12,1.1940298507462686,0.1268205999986094,7.885154304671048,0.14740813400429914,-1.436594544534329
45.91144379997786,15063.622170903185,9.84376698167847,513.1220623929596,513.2164754397445,1.099031144952289,240.27821619114692,12,1.196013289036545,0.12682060000224737,7.885154304444854,-0.19796087137767834,1.9589324655123777
46.03826639997715,15063.748993503184,10.358094604600945,513.3130667035673,513.4175635605573,1.1560090923071524,249.83119681771177,12,1.196013289036545,0.12682060000224737,7.885154304444854,0.004820746613723309,1.4491333229311125
46.165088549976645,15063.875815653184,12.09378153081035,513.378252044728,513.5206804250587,1.3494815999218106,239.5480371602255,12,1.196013289036545,0.12682214999949792,7.885057933523118,0.10990385978803913,-0.2845955410617806
46.291944599979615,15064.002671703187,12.181505183292733,513.1808867364799,513.3254441191966,1.359789129616447,239.11922512021715,12,1.196013289036545,0.12682259999928647,7.885029955273163,-0.08539190212187978,-0.3768347381785151
46.41880109997874,15064.129528203186,11.626805773249686,512.9385069333306,513.0702627394062,1.2985042749062796,239.02511195411475,12,1.196013289036545,0.12685564999992494,7.8829756498870305,-0.34046384244558275,0.17214404987828796
46.54569264997917,15064.256419753186,12.07436400768677,513.1727647106417,513.3147929944682,1.347854999976991,239.54658103857574,12,1.196013289036545,0.12685564999992494,7.8829756498870305,-0.09597566974814614,-0.2699086764499619
46.672619249980926,15064.383346353188,13.258481270974737,513.1197758655697,513.2910399665528,1.4801339985378523,229.24019991224046,11,1.196013289036545,0.12685564999992494,7.8829756498870305,-0.1217197534372716,-1.4549313568547086
46.79954584997904,15064.510272953186,7.354679615551834,513.280530178666,513.3332192375045,0.8209219739087931,230.52567168895325,11,1.196013289036545,0.12685564999992494,7.8829756498870305,-0.09677570214420074,4.451005802484049
46.92647244998079,15064.637199553188,11.31647800676317,513.079137801633,513.2039207973227,1.2635113611282989,239.0343010082961,12,1.196013289036545,0.12685564999992494,7.8829756498870305,-0.20700666883062072,0.4856237885899137
47.053411849979966,15064.764138953187,12.405659788561705,513.4416622940902,513.5915117815988,1.3840981956791378,239.85395288221466,12,1.196013289036545,0.12685605000297073,7.882950793254101,0.18046949960489977,-0.5949330957654118
47.1803640499802,15064.891091153188,10.012121930291887,513.2344685762268,513.3321169771759,1.1175780525590335,240.07229471777765,12,1.196013289036545,0.1268564999991213,7.882922830181557,-0.0817128124980159,1.793207007099843
47.30730344997937,15065.018030553187,12.682757215145744,513.3119402623732,513.4685972350213,1.415358943174947,240.047697801247,12,1.196013289036545,0.12685650000275928,7.882922829955492,0.05715409064823896,-0.8749404157520836
47.434230049981124,15065.144957153188,12.604708998621588,513.0170971623313,513.1719211626887,1.4074606102055423,240.06404666060004,12,1.196013289036545,0.12689155000043684,7.880745408158048,-0.23940588438809046,-0.803693247728442
47.5611694499803,15065.271896553188,12.170748782574714,513.4248316521331,513.5690653485174,1.3579436031253636,240.70930071067468,12,1.196013289036545,0.1269265999981144,7.878569188923802,0.15824113893681674,-0.36047126257178247
47.68810884997947,15065.398835953187,9.950864551406198,513.2638727459054,513.3603245006818,1.1106784523437792,251.15758712631884,12,1.196013289036545,0.12692660000175238,7.878569188697986,-0.053725134417390824,1.8551243838052796
47.815035449981224,15065.525762553189,10.830535737169454,513.2592528772491,513.3735103883585,1.2088470006350243,240.17973320089584,12,1.196013289036545,0.12692660000175238,7.878569188697986,-0.03811427772722608,0.9755795927901019
47.941948049980056,15065.652675153187,10.470894494297204,513.2076430328658,513.3144499221312,1.1688345732586112,239.9660427157164,12,1.196013289036545,0.12692660000175238,7.878569188697986,-0.0979810226489179,1.3339388712585742
48.06882559998121,15065.779552703189,10.291321825249323,513.2289659029663,513.3321368731349,1.148747117419636,240.0722947177774,12,1.196013289036545,0.12692660000175238,7.878569188697986,-0.0807933640740838,1.51395440572995
48.195703149980545,15065.906430253188,11.799915165213271,513.1515328479311,513.2871843929942,1.3172838189794547,239.54703340425223,12,1.196013289036545,0.12692660000175238,7.878569188697986,-0.12351332561166709,0.003979323723003611
48.32261484998162,15066.033341953189,12.056350914392116,513.3700419240889,513.5115924129774,1.3453279582656252,238.94255983587442,12,1.196013289036545,0.12692660000175238,7.878569188697986,0.10083513103610427,-0.24736362887369573
48.449561899980836,15066.160289003188,10.814971954327593,513.3732088099083,513.4871129270476,1.2068424991693096,239.53683018452648,12,1.1940298507462686,0.12692660000175238,7.878569188697986,0.07545360324277667,0.9937598660709236
48.576531549981155,15066.287258653188,14.642487040267858,513.663805514594,513.8724623118649,1.6328298179191045,232.39151910549768,11,1.1940298507462686,0.12692660000175238,7.878569188697986,0.4539935395049116,-2.8260602467785185
48.70350154998232,15066.41422865319,9.921119186082208,513.4075611408803,513.5034103514125,1.10704937167993,249.13000523682894,12,1.1940298507462686,0.12693939999917347,7.8777747492623345,0.08924121677099196,1.8881662366074603
48.83047649998298,15066.54120360319,13.445758170552812,512.9758968278339,513.1520818812894,1.5014523034538954,229.33669711226094,11,1.196013289036545,0.12693939999917347,7.8777747492623345,-0.26125399704668145,-1.64546746754166
48.95745639998313,15066.66818350319,10.664100890172664,513.2693740246417,513.3801450771575,1.1902523467297472,230.624773175142,11,1.196013289036545,0.12693939999917347,7.8777747492623345,-0.03182325337924742,1.1422031773513555
49.08443629998328,15066.79516340319,15.328492535289385,513.065338990768,513.2942672162978,1.7112766985093775,231.11731109069467,11,1.1940298507462686,0.12693939999917347,7.8777747492623345,-0.1285388763306878,-3.5256470561458175
49.21141619998343,15066.92214330319,15.656959832825132,513.4275705366663,513.6662443439224,1.7466919343365894,233.9380304361384,11,1.1920529801324504,0.12693939999917347,7.8777747492623345,0.2411505268499753,-3.8456973702687387
49.338396099983584,15067.04912320319,13.775259625503116,513.33151322705,513.5163096238746,1.5371642792839,230.79146968177616,11,1.1940298507462686,0.1269470499992167,7.877300023956211,0.10184579105368718,-1.9667037918999446
49.46537104998424,15067.176098153192,13.429851988275253,513.3159477838342,513.4915999056294,1.498683891923632,221.9659162074201,10,1.196013289036545,0.12696965000031923,7.875897901565341,0.07834124052049116,-1.6217454538617524
49.5923459999849,15067.303073103192,12.492282658922083,513.2643813091235,513.4163829161158,1.3942401144569958,222.4194240030015,10,1.196013289036545,0.12697000000116532,7.87587619115399,0.00522743519324151,-0.6856099294164848
49.71932059998471,15067.430047703192,13.582829632482264,513.3976433542388,513.5772906413515,1.5155061960064946,222.28201714757594,10,1.196013289036545,0.1269745999998122,7.875590866216386,0.163533181494744,-1.7728039161996683
49.84626764998393,15067.556994753191,12.901468468356088,513.1611870483974,513.3233403826094,1.4401790830831824,222.33013015571447,10,1.196013289036545,0.1269745999998122,7.875590866216386,-0.08852962596790168,-1.0970606501247808
49.973214699984965,15067.683941803192,14.421694627187877,513.2286440560462,513.4312284576461,1.6095844678978852,213.69834010020028,10,1.196013289036545,0.1269745999998122,7.875590866216386,0.013869673841782497,-2.615333486368604
50.100161749986,15067.810888853193,13.147525480712515,513.1459230771142,513.314324558481,1.467677937714274,222.042089048246,10,1.196013289036545,0.1269745999998122,7.875590866216386,-0.0981310698795306,-1.3434036111038181
50.22705624998525,15067.937783353193,13.586024365416963,513.090655801622,513.2704950890868,1.5167690154789777,221.59154801581414,10,1.196013289036545,0.1269745999998122,7.875590866216386,-0.1432997175218113,-1.7830574941726907
50.353950749984506,15068.064677853192,12.510338771164246,513.1118899679705,513.2643765182539,1.3966693134457555,221.58718226622543,10,1.196013289036545,0.1269745999998122,7.875590866216386,-0.1468083479987371,-0.7071680588609064
50.4808836999855,15068.191610803193,13.177791860510355,513.3336303433966,513.5027460879347,1.4705174614296792,221.96418528820945,10,1.196013289036545,0.1269745999998122,7.875590866216386,0.09022258146151163,-1.369345345583291
50.60782479998488,15068.318551903192,11.497341527077987,513.1352080136489,513.2639969503034,1.283558271493787,220.93224376931525,10,1.196013289036545,0.1269745999998122,7.875590866216386,-0.1467920272555187,0.30609752701194526
50.734757749985874,15068.445484853193,13.857299550687804,513.597879836183,513.7847865819498,1.5455130079982202,222.47625314982656,10,1.196013289036545,0.12694705000103568,7.87730002384334,0.3700286020115212,-2.042596477266039
50.861682549984835,15068.572409653192,13.331314501181023,513.4171907202962,513.5902410224033,1.4873994782214248,213.22658405041642,10,1.196013289036545,0.12694705000103568,7.87730002384334,0.1772913688683252,-1.5209057759257552
50.98860734998743,15068.699334453195,13.405336225617797,513.3690318870721,513.5440253181722,1.4957947210171303,222.43943727653956,10,1.196013289036545,0.1269470499992167,7.877300023956211,0.13084752444680942,-1.5960154172605954
51.11553214998639,15068.826259253194,12.277578512557998,513.1115920825398,513.2584581510672,1.3706944802450052,221.93603673660868,10,1.196013289036545,0.1269410999993852,7.877669249792567,-0.15245886434752864,-0.4744762060014446
51.242465099987385,15068.953192203195,13.553539691762824,513.3516050873789,513.5304945998479,1.5123752430529551,221.98459908078476,10,1.196013289036545,0.1269329500009917,7.878175052200294,0.11683351888015547,-1.7445804480482132
51.369398049988376,15069.080125153196,12.01857859806812,513.193016006287,513.3337295650337,1.341577061722945,222.24009921831504,10,1.196013289036545,0.1269329500009917,7.878175052200294,-0.07701260810320598,-0.21367230748211877
51.49633099998755,15069.207058103195,13.478879070951466,512.9811124928834,513.1581646582715,1.5051338313178262,222.1473014316121,10,1.196013289036545,0.1269329500009917,7.878175052200294,-0.2552780410714226,-1.678459665942309
51.623233649987014,15069.333960753194,13.410650617592548,513.1758562222282,513.351054308262,1.4969504735699086,212.84976273059408,10,1.196013289036545,0.1269329500009917,7.878175052200294,-0.06215484020296165,-1.6057707998542614
51.750096549985756,15069.460823653193,13.818962746230627,513.2400475034494,513.4260512408041,1.5423133835042602,213.3156353872048,10,1.1980033277870217,0.1269329499991727,7.87817505231319,0.011409282347729983,-2.0124987615819174
51.87695229998644,15069.587679403194,12.503646703082547,513.3451156710825,513.4973699681748,1.3952885463577849,222.23178636773946,10,1.1980033277870217,0.1269248000025982,7.878680919564416,0.08620178139934301,-0.6951143471841696
52.00378579998687,15069.714512903194,13.9092920291805,513.1667980162991,513.355267812705,1.5526114598813592,222.53641138974447,10,1.1980033277870217,0.12692479999896022,7.878680919790239,-0.05974356110869921,-2.10448865012454
52.13060204998692,15069.841329153194,13.421890910406088,513.321649028535,513.4970910501688,1.4977792645608246,223.2166385154213,10,1.1980033277870217,0.12692479999896022,7.878680919790239,0.08385789923909495,-1.6136553717509037
52.257418299986966,15069.968145403194,12.554415495356146,513.217293294429,513.3708245361145,1.4013003927143755,213.49673128128128,10,1.1980033277870217,0.12692479999896022,7.878680919790239,-0.04041927866022778,-0.7488092016083477
52.38423454998701,15070.094961653194,13.837775746182464,513.3672637390995,513.5537279745633,1.544029526018591,222.65109046100827,10,1.1980033277870217,0.12692479999896022,7.878680919790239,0.13902451087003675,-2.028381237124385
52.511049949986045,15070.221777053193,12.731952550865849,513.1444913064348,513.3024172687064,1.42131021345389,222.42743719493203,10,1.1980033277870217,0.1269026499994652,7.880056090272459,-0.10911925337303313,-0.927973508905947
52.63787449998563,15070.348601603193,13.915274416613116,513.2714807412922,513.4600742067959,1.5529622719736276,222.45151087569343,10,1.1980033277870217,0.12686289999874134,7.882525151245332,0.045049054631775456,-2.1080621019056083
52.76469904998521,15070.475426153193,12.564443861425042,513.1106898092298,513.2644983301013,1.4027105425094564,222.05130888862277,10,1.196013289036545,0.12685575000068638,7.882969435714102,-0.14676395271102932,-0.7612864402316573
52.891523599984794,15070.602250703192,13.644893117814435,513.3239758329868,513.5052942990767,1.5226460688034578,222.2603006181554,10,1.196013289036545,0.12683350000042992,7.884352320141054,0.09131239540994282,-1.8365450956387293
53.01835729998493,15070.729084403192,14.037212499667026,513.46506174224,513.6569019926853,1.565973650228403,213.13719826568564,10,1.196013289036545,0.12683350000042992,7.884352320141054,0.24138303073174183,-2.2255162199926004
53.14518184998451,15070.855908953192,13.656745882924605,513.4598015106426,513.6413870352147,1.5235651604930476,213.66546269667845,10,1.1980033277870217,0.12682454999958281,7.884908718408932,0.22737472691078175,-1.8452711885774062
53.27199724998354,15070.98272435319,13.733594842006276,513.4552279937122,513.6388641656308,1.532148100671588,213.75503805457203,10,1.1980033277870217,0.12682454999958281,7.884908718408932,0.22456968925370188,-1.9222049999531003
53.398821799983125,15071.10954890319,13.392525265324302,513.1060852259726,513.280833880348,1.4951313526189776,222.62520610658143,10,1.1940298507462686,0.12682454999958281,7.884908718408932,-0.13232420759597474,-1.5892547412141007
53.52564634998271,15071.23637345319,13.309943109798636,513.3065530339119,513.4790862081359,1.4853360368455124,222.451199911643,10,1.1940298507462686,0.12682454999958281,7.884908718408932,0.06619147080662284,-1.5020843341965802
53.65246174998174,15071.363188853189,12.998570820981827,513.1231790108285,513.2877942066875,1.4511213463383905,222.14919597789063,10,1.1920529801324504,0.12682454999958281,7.884908718408932,-0.12429458172129998,-1.195011381338249
53.779276849982125,15071.49000395319,13.971369676335419,513.3241427063916,513.5142399738149,1.5590596084358712,213.22658405041642,10,1.1940298507462686,0.12682454999958281,7.884908718408932,0.09898709673590153,-2.1629314772020476
53.906091649980226,15071.616818753188,12.878710968390711,513.3609183315608,513.5224373544264,1.4370806491652546,222.05355731515158,10,1.1940298507462686,0.12681625000004715,7.885424777973077,0.11062549000252958,-1.0697160151561826
54.03290359998209,15071.74363070319,11.823108333123944,513.3291200029116,513.4652581564019,1.3194156231206162,220.7560231278819,10,1.1940298507462686,0.12681625000004715,7.885424777973077,0.05456023049019604,-0.015123798248225004
54.159712699980446,15071.870439803188,11.576386752410098,513.2269077348653,513.3574500806756,1.2921490288980053,221.3163347888405,10,1.1940298507462686,0.12681625000004715,7.885424777973077,-0.05329878022061018,0.22918199361433197
54.28652179998244,15071.99724890319,13.874684711396863,513.4335609127102,513.6209967936926,1.5479460475676639,213.58632761550066,10,1.1920529801324504,0.1268153999990318,7.885477631325807,0.20615293475402768,-2.063755827564606
54.41332004998185,15072.12404715319,12.942333343797396,513.3785781646396,513.5416911125415,1.4441273430591746,213.30711299758,10,1.1920529801324504,0.1268153999990318,7.885477631325807,0.1297437552472518,-1.132915447833964
54.540107449982315,15072.25083455319,13.148582987312496,513.0397884319177,513.2082518323738,1.468099453207713,222.03913882272664,10,1.1940298507462686,0.1268153999990318,7.885477631325807,-0.20421332776628634,-1.3469015809196976
54.66689484998278,15072.37762195319,13.968688442081548,513.180572868162,513.3706503356876,1.5591964292257097,214.22607795018186,10,1.1920529801324504,0.12681510000038543,7.885496285513009,-0.044606432708628324,-2.1635525794990387
54.79368224998325,15072.50440935319,12.379423629374442,513.26208649579,513.4113551173243,1.3816552106858941,213.2064558098922,10,1.1920529801324504,0.12681479999810108,7.885514940014683,0.00033784744548014806,-0.5728335194260625
54.920451999983925,15072.631179103191,13.790772257887872,513.1586042012636,513.3438793491728,1.5394127646661706,222.16790664984387,10,1.1920529801324504,0.12681195000186563,7.885692160599126,-0.07066076870033697,-1.9861886527851735
55.04720409998481,15072.757931203192,14.636500985081272,513.3971332598584,513.6057277723128,1.6330099853778532,213.1372284124271,10,1.1920529801324504,0.1268091000019922,7.885869389375761,0.1872541491466,-2.8262083471651724
55.173956199985696,15072.884683303193,12.872760307744183,513.1872014779053,513.3486259051102,1.4369029501466697,221.84601472040714,10,1.1920529801324504,0.1268090999983542,7.885869389601996,-0.06318226814388543,-1.0677618365023707
55.30074119998608,15073.011468303193,13.83837819528068,513.1045357178104,513.2911116367255,1.5448869653397015,222.06931591729486,10,1.1920529801324504,0.12679824999941047,7.886544175528048,-0.12362017550089711,-2.035025395196077
55.42752619998646,15073.138253303194,12.787044680533006,513.4527788378389,513.6119786453199,1.4266010715108426,212.87191453457493,10,1.1920529801324504,0.12678740000046673,7.887219076945491,0.2003536840948202,-0.97596148391523
55.55431119998684,15073.265038303194,13.97316635398766,513.2567573089258,513.446928417368,1.55946461392802,222.1698551553815,10,1.1920529801324504,0.12678740000046673,7.887219076945491,0.031660837489811536,-2.1662773191205735
55.68109619998722,15073.391823303195,12.535167181147235,513.4727625659766,513.6257473232773,1.3984569393738195,213.43804656136038,10,1.1920529801324504,0.12678740000046673,7.887219076945491,0.21453978489172384,-0.7236910365154371
55.80784829998811,15073.518575403195,13.763891863579722,513.3961735034378,513.5806418540367,1.535703024955033,212.6892289917838,10,1.1920529801324504,0.12678500000038184,7.887368379516412,0.16622754688373637,-1.9538520655592158
55.93462154998997,15073.645348653197,13.973004779042688,513.3356932417261,513.5258307218037,1.5592069117413574,213.51793792874653,10,1.1920529801324504,0.12678500000038184,7.887368379516412,0.11057217934497224,-2.1643005237010318
56.06139479999001,15073.772121903197,11.345435637603602,513.3530903671484,513.4784457981743,1.2660677147682113,220.96142203185352,10,1.1920529801324504,0.12678500000038184,7.887368379516412,0.06753937659935103,0.46297381121410097
56.188137649991404,15073.898864753199,12.957191403401824,513.2075811358952,513.3711232085623,1.4462660474055584,222.23125020673737,10,1.1920529801324504,0.12678500000038184,7.887368379516412,-0.04086636609923104,-1.1517019394905643
56.31488049999098,15074.025607603198,11.410511481715412,513.1974960565501,513.3243319101357,1.2737132472907569,221.01502589458383,10,1.1920529801324504,0.12677325000186102,7.888099421489313,-0.08651725840901607,0.3943370267080896
56.44163259999186,15074.1523597032,13.929660849552722,513.2988802486784,513.4878537180122,1.5544840877955965,220.65771937024363,10,1.1920529801324504,0.12677325000004203,7.888099421602495,0.07277215597078687,-2.121814632941059
56.56838469999275,15074.2791118032,13.486212651299295,512.9333042524031,513.1105656122902,1.5060926651177153,222.14682376417895,10,1.1920529801324504,0.12676975000067614,7.888317204969375,-0.30290499037654023,-1.6868907369555375
56.69515794999461,15074.405885053202,13.586627203542248,513.0408114359043,513.2206841482318,1.516983585041472,221.9579440187423,10,1.1920529801324504,0.12676975000067614,7.888317204969375,-0.19311703821837362,-1.7848064270538357
56.82193119999465,15074.532658303202,12.917546431479941,513.2796930069368,513.4422131643489,1.4416403119860355,213.48627120802396,10,1.1940298507462686,0.12677325000004203,7.888099421602495,0.03031473222277108,-1.1104091194672912
56.94868329999554,15074.659410403203,13.214750073518896,513.2304381445297,513.4005378430485,1.4749361975655664,213.4057022132816,10,1.1920529801324504,0.12677325000004203,7.888099421602495,-0.012092411730879792,-1.408666861116451
57.07542614999693,15074.786153253204,13.38004985262075,513.3085206318286,513.4828751645911,1.4931504134962856,213.75384439969545,10,1.1920529801324504,0.12677325000004203,7.888099421602495,0.06977076965592996,-1.5721272885205906
57.20215974999519,15074.912886853203,12.43224114976766,513.1452285796499,513.2958077308514,1.3878636831149866,222.4279327546621,10,1.1920529801324504,0.12675210000088555,7.889415638817925,-0.11527453782869435,-0.6283244141412497
57.32889229999637,15075.039619403204,13.817595135749459,513.3055215170996,513.4914647345923,1.5419642069628354,223.0451931948446,10,1.1900826446280992,0.12675210000088555,7.889415638817925,0.0768345303733847,-2.0096258288174305
57.45562484999755,15075.166351953205,14.024991490869798,513.41484014567,513.6063652916724,1.5647639401335045,213.58492693191207,10,1.1900826446280992,0.12675210000088555,7.889415638817925,0.1908936732328708,-2.2144533723751474
57.58235844999581,15075.293085553203,13.495376589137082,513.2936638709282,513.4710415975998,1.5060580012267297,214.04772006923437,10,1.1900826446280992,0.12675210000088555,7.889415638817925,0.057570068075925136,-1.6877651818813573
57.7091012999972,15075.419828403205,11.618591476376462,513.1503830784688,513.2818984938727,1.297051618552509,222.1409570254032,10,1.1900826446280992,0.12674285000139207,7.889991427437655,-0.128832631139668,0.18522861914757613
57.83584414999859,15075.546571253206,12.306382698179359,513.3604346678674,513.5079190601599,1.3732432849571448,213.49896286450925,10,1.1900826446280992,0.12674285000139207,7.889991427437655,0.09698031270822743,-0.4975502245410023
57.962586999998166,15075.673314103205,11.922132839685002,513.0812067459401,513.2197014606096,1.3311050686645893,222.2304557156018,10,1.1900826446280992,0.12674285000139207,7.889991427437655,-0.19101023036441772,-0.11982329508339588
58.08932984999774,15075.800056953205,12.557567488331774,513.1598798005259,513.3135053143587,1.401808829396955,222.05130888862277,10,1.1920529801324504,0.12674285000139207,7.889991427437655,-0.0977451037634984,-0.7532806799001035
58.21606344999964,15075.926790553207,14.028317341449961,513.3711876758299,513.562819938442,1.5652678384926482,213.49531745473493,10,1.1940298507462686,0.12674285000139207,7.889991427437655,0.14732923112107568,-2.2187822046326913
58.342795999999,15076.053523103206,12.68915778094054,513.46375277168,513.6205215288487,1.4156544262670032,213.6165694568017,10,1.1940298507462686,0.12674284999957308,7.889991427550891,0.20907364354891003,-0.8778481074424289
58.46952749999946,15076.180254603207,12.491298660572168,512.956114978305,513.108183949412,1.3949678218276549,222.13952190485153,10,1.1940298507462686,0.12674284999957308,7.889991427550891,-0.30298000072509895,-0.6917152888388763
58.59625899999992,15076.306986103207,11.643172734797465,513.0844858740606,513.216575254523,1.2999617082564563,222.23063820989995,10,1.1940298507462686,0.1267336000018986,7.890567300108408,-0.19414712152159164,0.15913844550832817
58.72299050000038,15076.433717603208,13.087498948282676,513.3819430149194,513.5487338534633,1.4603086233885472,213.2176220691055,10,1.196013289036545,0.12673359999826062,7.890567300334913,0.13644604044289255,-1.2779652817398963
58.84972200000084,15076.560449103208,13.971841748726508,513.0542993719255,513.2445094356771,1.559931878209211,222.1504784853137,10,1.196013289036545,0.12673359999826062,7.890567300334913,-0.1707740193381883,-2.169608921519435
58.976449650001086,15076.687176753208,14.451868684316201,513.3108998172764,513.5143000732216,1.6126920421030402,213.6075782316988,10,1.196013289036545,0.12673255000117933,7.89063267479976,0.09679758453971792,-2.643607955531262
59.10317345000112,15076.813900553208,12.395416621106069,513.4572743359953,513.606871957298,1.3829137770916322,221.16075661268,10,1.196013289036545,0.12673255000117933,7.89063267479976,0.195841854085732,-0.5843336123021999
59.22989725000116,15076.940624353208,13.978494628569115,513.1808666444223,513.3712109205202,1.560289570134877,212.88876281352555,10,1.196013289036545,0.12673254999936034,7.890632674913014,-0.04408722455417845,-2.173349416785243
59.356621050001195,15077.067348153209,13.12639548392957,513.4017427635436,513.5695198617655,1.464590366803407,213.59030932208535,10,1.196013289036545,0.12673150000046007,7.890698050574401,0.15713504346032098,-1.3163962026897373
59.48334485000123,15077.194071953209,13.70740324589619,513.4328448183356,513.6157893231036,1.5292941363357626,213.779510301149,10,1.196013289036545,0.12673150000046007,7.890698050574401,0.2015901139309362,-1.8965350688133598
59.61006865000127,15077.320795753209,12.121819216518043,513.0921760098739,513.2353452205581,1.3533628878617134,222.55709521808217,10,1.196013289036545,0.12673150000046007,7.890698050574401,-0.1754517466267077,-0.3192046067145024
59.73679210000046,15077.447519203208,12.50950469170865,513.159156866654,513.311609048273,1.3964476455115442,222.33012283795867,10,1.196013289036545,0.12673150000046007,7.890698050574401,-0.0995731304832565,-0.7052472189491079
59.86351520000244,15077.57424230321,13.81492608651894,513.3492345933533,513.5350901743304,1.5415352864341612,213.99787090769766,10,1.196013289036545,0.1267276500002481,7.89093777086565,0.12047466711155921,-2.0059522304675896
59.99023830000078,15077.700965403208,13.588244958018274,513.4628047233483,513.6425724522904,1.5159178165228433,213.59001626594514,10,1.1980033277870217,0.12672380000003614,7.8911775057227995,0.22880185256865115,-1.7767193154306038
60.11696175000179,15077.82768885321,14.579156005383112,513.4001653115475,513.6071276099599,1.6266057876400937,213.69584877680023,10,1.1980033277870217,0.12672380000003614,7.8911775057227995,0.18896665569609983,-2.76880880574413
60.24368555000183,15077.95441265321,13.21464807030923,513.077352104972,513.2474999127336,1.475364694123374,213.39455891847516,10,1.2,0.12672380000003614,7.8911775057227995,-0.16514031215304142,-1.4120853532528423
60.370409350001864,15078.08113645321,13.434779112255868,513.0526738767753,513.2285450575639,1.5000024589046135,222.42507655333708,10,1.2,0.12672380000003614,7.8911775057227995,-0.18474973415669768,-1.632725696671992
60.49713755000266,15078.20786465321,14.107471656921849,513.208175052564,513.4020370989329,1.5745951147410946,222.04755445641797,10,1.2020033388981637,0.12672380000003614,7.8911775057227995,-0.013819996830935974,-2.3016643337820066
60.62386575000346,15078.33459285321,12.804193584917828,513.3518104556698,513.5114688801741,1.4287943662608689,213.688982766479,10,1.2020033388981637,0.12672380000003614,7.8911775057227995,0.09980637145896927,-0.9954277891925002
60.75059395000426,15078.461321053212,13.195962488142278,513.3223172094112,513.4919033161358,1.4725766793630224,222.43889049285625,10,1.2,0.12672380000003614,7.8911775057227995,0.07933030316466957,-1.3877713321950196
60.87732215000506,15078.588049253212,12.823515302108495,513.2271956493081,513.3873750870356,1.4312968413733824,222.79505889045512,10,1.1980033277870217,0.12672380000003614,7.8911775057227995,-0.02433114442884096,-1.0176101215533047
61.004050350005855,15078.714777453213,13.746233285237432,513.0582385633734,513.2423551182068,1.5347434528796386,222.22679171449025,10,1.1980033277870217,0.12672380000003614,7.8911775057227995,-0.17202411190186934,-1.9439695337881548
61.13077855000665,15078.841505653214,13.437509219053174,513.333146907221,513.5089934632914,1.499487780121306,222.6277394933181,10,1.1980033277870217,0.12672380000003614,7.8911775057227995,0.09571190622806183,-1.6290051371425587
61.25750675000745,15078.968233853215,13.094723678621584,513.4430342221746,513.6099893688718,1.4609406394374502,213.93048966127816,10,1.1980033277870217,0.12672380000003614,7.8911775057227995,0.19768723632646562,-1.2837832074103972
61.38423495000825,15079.094962053216,13.37768147659236,512.985481370022,513.1598839135054,1.4938259139570036,222.3994054587244,10,1.196013289036545,0.1267282000007981,7.890903524185638,-0.25323752649658193,-1.577188364519884
61.51096315000905,15079.221690253216,14.422005622035586,513.4621646411973,513.6646656761452,1.6088874956665165,222.35181076022164,10,1.196013289036545,0.1267282000007981,7.890903524185638,0.2473356543873048,-2.610274204299895
61.63769575001061,15079.348422853218,13.489374912030696,513.0315000665552,513.208810618112,1.5061574470070698,222.1468468673953,10,1.196013289036545,0.1267282000007981,7.890903524185638,-0.2046624234688762,-1.687793985156824
61.76442835001217,15079.47515545322,14.140499116398184,513.3467858872554,513.5415039663653,1.577853645945038,222.21135873150251,10,1.1980033277870217,0.1267282000007981,7.890903524185638,0.12551370250079677,-2.3314954719404417
61.891156550012965,15079.60188365322,14.192333582094328,513.3228716849301,513.519028787998,1.5837083430632348,213.24637818298655,10,1.2,0.1267282000007981,7.890903524185638,0.10279784432804195,-2.383866176483479
62.01788475001376,15079.728611853221,13.084107405349636,513.3755360330881,513.5422425310845,1.4599485696069754,222.0535142397658,10,1.2,0.1267282000007981,7.890903524185638,0.12996275881416963,-1.2747219749433778
62.14462370001456,15079.855350803222,12.800243665262414,513.2715734673646,513.4311583528549,1.428576979598152,213.2296953803654,10,1.2,0.1267282000007981,7.890903524185638,0.019499767509770727,-0.99332409726802
62.2713690000146,15079.982096103222,12.4884819898295,513.1023463460049,513.2543034482866,1.3942560822188217,222.42763982119115,10,1.2,0.1267282000007981,7.890903524185638,-0.15685207915326047,-0.6855365292101306
62.39812930001426,15080.108856403222,13.120435187759218,513.3639581912507,513.5315953174687,1.4640333312488418,213.36778882423664,10,1.2020033388981637,0.1267282000007981,7.890903524185638,0.11922339667569146,-1.3113064019208223
62.52491590001591,15080.235643003223,12.590162763860114,513.2495487261654,513.4039457055554,1.4052005575928501,222.3299839941673,10,1.2,0.1267282000007981,7.890903524185638,-0.007350309180548176,-0.7838052490929153
62.651702500017564,15080.362429603225,13.951380880618794,513.3704569666654,513.5599936858779,1.5566897831728552,213.79585108572857,10,1.2,0.1267282000007981,7.890903524185638,0.14482943318135502,-2.141882894158739
62.778489100017396,15080.489216203225,12.82715458794361,513.3853290877763,513.5455500901428,1.4312620602515367,221.8557336065022,10,1.1980033277870217,0.12673260000156006,7.890629561673083,0.13384416578104974,-1.017611903236768
62.90528700001778,15080.616014103225,14.654924144080654,513.1596106066069,513.3688272183978,1.635820761620003,222.04144402918064,10,1.196013289036545,0.12673260000156006,7.890629561673083,-0.049782018058882785,-2.8500888628985357
63.03209115001664,15080.742818253224,14.095282456080486,513.2585580098627,513.452066270923,1.5730809542695867,220.72304416907795,10,1.1980033277870217,0.12673895000079938,7.890234217607868,0.036269325309431666,-2.288319716484056
63.158904050016645,15080.869631153224,12.547295863524955,513.0400012043881,513.1934113658177,1.4009898116592565,222.14228680603972,10,1.1980033277870217,0.1267453000000387,7.889838913156501,-0.21782821013003398,-0.7457685794274825
63.28571945001568,15080.996446553223,13.68621000569044,513.3603393600541,513.542744445085,1.5271463468703443,221.84841702206356,10,1.2,0.12676029999965976,7.888905280302145,0.12861645647185646,-1.8770148170712435
63.41253235001568,15081.123259453223,12.898773301763695,513.4713816019672,513.6333693179633,1.4390088679186284,221.9546901051162,10,1.2,0.1267865999998321,7.887268843878803,0.22152091424356893,-1.0872327560529884
63.53934275001302,15081.25006985322,12.405331490616096,513.4479024496343,513.5977421867441,1.3840447671994378,221.4092271320316,10,1.2,0.1267866000016511,7.8872688437656455,0.18670045513038455,-0.5944613818742085
63.666155650013025,15081.37688275322,13.62057480825139,513.4068696698384,513.5875133629025,1.5196883496296074,212.80086973830672,10,1.2,0.1267866000016511,7.8872688437656455,0.1736250702821224,-1.8103269354557232
63.792971050012056,15081.50369815322,14.05497731117684,513.3886514932882,513.5810061414992,1.5681877315597728,222.04861863580524,10,1.2,0.12679790000038338,7.886565944680286,0.16540152052158313,-2.2450335143500926
63.919806600011725,15081.630533703219,12.168069549992488,513.2953444082088,513.4395509772452,1.3579871414664078,222.23379134763738,10,1.2,0.12680414999886125,7.886177226920258,0.028726525570895722,-0.36077051330725074
64.04666230001203,15081.75738940322,13.202919887913056,513.4400329147927,513.6097589543155,1.4730150893983065,213.94305130168468,10,1.2,0.12681039999733912,7.885788547477046,0.19717487464634137,-1.392019823380009
64.17351800001234,15081.88424510322,13.66472673773373,513.4284624531905,513.610271328236,1.524548102498879,222.75809890684042,10,1.2,0.12681290000000445,7.885633086223601,0.1962274903761928,-1.8539706265896445
64.30037370001264,15082.01110080322,13.974852753411605,513.3630612094508,513.5532388407437,1.5593299269734286,223.06253041792607,10,1.2,0.12681290000000445,7.885633086223601,0.1379754066318806,-2.165518637371886
64.42722940001295,15082.13795650322,13.078686921455125,512.9623262684172,513.129028824423,1.4605190493055615,222.04841077424936,10,1.2,0.12681290000000445,7.885633086223601,-0.28326238216956434,-1.278805371080487
64.55408510001325,15082.26481220322,13.719374507667832,513.4576374655225,513.6408927534465,1.5305552269628093,213.42554054819345,10,1.2,0.1268153999990318,7.885477631325807,0.22665150359395703,-1.907933016483587
64.68094080001356,15082.39166790322,13.464411852265254,513.2658652633772,513.4424396474163,1.5026853264482585,222.05330576841766,10,1.2,0.1268153999990318,7.885477631325807,0.029066726415462388,-1.657447909156058
64.80779650001386,15082.518523603221,14.762731877547623,513.3516252745499,513.5638513607731,1.6472319073134831,213.51001210853207,10,1.2020033388981637,0.12683554999966873,7.884224888074454,0.14466108834997568,-2.9534523887218085
64.93465220001417,15082.645379303221,13.502417420101894,513.2253466888319,513.4029331432168,1.5070438708027916,213.3958435405275,10,1.2020033388981637,0.12685570000030566,7.882972542799342,-0.010567131345425675,-1.6963752181917553
65.06151575001422,15082.772242853222,13.558969350081764,513.1150392236516,513.2941545812946,1.5136780495225175,214.6023156897144,10,1.2020033388981637,0.12685570000030566,7.882972542799342,-0.11954491901452138,-1.7554488963716643
65.18837930001428,15082.899106403222,12.871404322227125,513.1040509398656,513.2654675118193,1.4369843873670642,222.4213414944704,10,1.2020033388981637,0.12685570000030566,7.882972542799342,-0.14634199948086382,-1.0683183946561663
65.31523500001458,15083.025962103222,13.947799074773698,513.490781158214,513.6801762123034,1.555925823354816,223.11886611815694,10,1.2040133779264215,0.12685570000030566,7.882972542799342,0.2650394344131873,-2.135534980425355
65.44209070001489,15083.152817803222,14.321982858152037,513.4406165248236,513.640327359895,1.5978019972268769,214.05714325135395,10,1.2040133779264215,0.12685570000030566,7.882972542799342,0.22349304659602948,-2.510773427077438
65.568884850014,15083.279611953221,13.41014404768458,513.4441569410945,513.6192502820849,1.4961121062210136,222.6088899198674,10,1.2040133779264215,0.12685570000030566,7.882972542799342,0.20606327490098125,-1.599094342157346
65.69560200001433,15083.406329103222,13.672137342916086,512.9583557878834,513.1405286197265,1.5267717852794904,222.23595500285617,10,1.2040133779264215,0.12685570000030566,7.882972542799342,-0.2735844321304877,-1.8721901574804272
65.82231915001466,15083.533046253222,13.956732342581718,513.3027597704408,513.4924669025178,1.5574918856750222,213.873418744261,10,1.2040133779264215,0.12685570000030566,7.882972542799342,0.07727320581829508,-2.148789750627446
65.94903630001318,15083.65976340322,12.963821273318766,513.1187918617796,513.2825296303185,1.4472560320644945,222.70541148203048,10,1.2040133779264215,0.12685570000030566,7.882972542799342,-0.12947969425939923,-1.160371913277503
66.07572795001397,15083.786455053221,13.4990372001028,513.0538388880728,513.2313957691193,1.507170197114429,222.6034208931083,10,1.2040133779264215,0.12685570000030566,7.882972542799342,-0.1821073092352007,-1.6969399995616261
66.20240955001282,15083.91313665322,12.28595038018983,513.2983166555023,513.445329570848,1.3711300037263316,214.095308811854,10,1.2040133779264215,0.12685570000030566,7.882972542799342,0.034408852792902546,-0.4785518171688136
66.3290911500153,15084.039818253223,13.111860094293249,513.0790790128365,513.2465900478958,1.4638888996011408,221.92677955949512,10,1.2020033388981637,0.12685570000030566,7.882972542799342,-0.16577764163579836,-1.309284847245503
66.45577275001415,15084.166499853221,13.396691145125192,513.4279698383068,513.6027176192929,1.4946590048642052,222.65875970692807,10,1.2040133779264215,0.12679414999911387,7.886799193866505,0.18957108103277928,-1.5860172467096987
66.58245215001443,15084.293179253222,13.925857594104924,513.3420204022193,513.5308748462587,1.553929334888361,222.54095172303866,10,1.2040133779264215,0.12671715000033146,7.891591627474137,0.11581343854979535,-2.117020303635863
66.70913155001472,15084.419858653222,13.348160192602002,513.1879923427516,513.361557642673,1.4899429742182793,222.73316489786177,10,1.2040133779264215,0.12671715000033146,7.891591627474137,-0.0514590005472175,-1.54301781067512
66.835810950015,15084.546538053222,14.011304374494507,513.3508331265691,513.5420085270702,1.5634324460597042,222.63867130272192,10,1.2040133779264215,0.12671714999851247,7.8915916275874185,0.12658882328715607,-2.2022418236479657
66.96248815001672,15084.673215253224,11.926345164469874,513.2401717402281,513.3787214103453,1.3311629269790308,213.95646556811533,10,1.2040133779264215,0.12669165000079374,7.893180016155247,-0.031990406261784975,-0.12037884116109622
67.08914450001612,15084.799871603223,14.674120277939872,513.275808662827,513.4855261488979,1.637591709006065,221.65376184094632,10,1.2040133779264215,0.12668160000248463,7.893806203745349,0.06682675568429448,-2.8666077524068987
67.21580085001551,15084.926527953223,12.205356676327836,513.361569592497,513.5066424751178,1.361971258197816,213.70678599522535,10,1.2040133779264215,0.12668159999884665,7.89380620397204,0.09579167561510141,-0.39652482037492154
67.3424780500136,15085.053205153221,11.926345164469874,513.2401717402281,513.3787214103453,1.3311629269790308,213.95646556811533,10,1.2040133779264215,0.12668159999884665,7.89380620397204,-0.031990406261784975,-0.12037884116109622
67.46913130001485,15085.179858403222,12.806012623537752,513.2499966377251,513.4097320931295,1.4292806187573115,222.60791213780038,10,1.2040133779264215,0.12667940000028466,7.893943293051222,-0.001938689157806664,-0.9995877250179792
67.5957539500123,15085.30648105322,12.585177975382363,513.2972510651718,513.4515114942541,1.4045139375787998,214.01423390290185,10,1.2040133779264215,0.12667940000028466,7.893943293051222,0.04022478103709024,-0.7777247841730494
67.72236995001367,15085.433097053221,13.135751864060754,513.376166902757,513.5441915948437,1.4657068433428941,223.00415404930467,10,1.2060301507537687,0.12667940000028466,7.893943293051222,0.13178111196126363,-1.326338267951845
67.84897835001175,15085.559705453219,13.283477346937435,513.083499275829,513.255421792655,1.4830280352696013,222.79949986488057,10,1.2040133779264215,0.12667720000172267,7.894080386892046,-0.15741192314819324,-1.4807550629806203
67.9755791500138,15085.686306253221,12.55718129743058,513.2698999872887,513.4234831356059,1.4014653850953929,213.6961596290105,10,1.2060301507537687,0.1266771999980847,7.894080387118753,0.012237106148221351,-0.7503644937502126
68.10217760001251,15085.81290470322,12.173487400152958,512.9932029165788,513.1376228986643,1.3593914403855363,222.83692097549172,10,1.2060301507537687,0.12665634999939357,7.895379900058607,-0.2732104697577652,-0.37313517734314716
68.22877370001152,15085.939500803219,11.574858003538035,513.2528777255488,513.3833789979564,1.2919130983177953,222.66837833306658,10,1.2060301507537687,0.12665634999939357,7.895379900058607,-0.02737081364161824,0.23130756137235262
68.35536980001052,15086.066096903218,12.728989655350944,513.18465700199,513.3424971302261,1.4208684202299975,222.51812436891026,10,1.2100840336134453,0.1266532500012545,7.895573149446185,-0.0690323166838563,-0.924087719907413
68.48196590000953,15086.192693003217,14.415275574189891,513.3845723375003,513.5869150241641,1.6083800247161548,213.04926868002835,10,1.2100840336134453,0.12662264999744366,7.897481216987551,0.16960910196087953,-2.6053303004870156
68.60856435000824,15086.319291453216,13.734270376709542,513.3466227570506,513.5303158323276,1.532547436250067,222.44834868961246,10,1.2100840336134453,0.12661600000137696,7.897896000419575,0.1160087091903105,-1.9253779142522112
68.73517275000995,15086.445899853217,12.94510935852007,513.3077488601085,513.4709542867408,1.444636191927092,213.68973276876596,10,1.2060301507537687,0.12660840000171447,7.898370092240787,0.058997021192138566,-1.1373195662062647
68.86178875000769,15086.572515853215,12.99518246079566,513.1025571363396,513.2670931464826,1.4508015229259117,221.951614542716,10,1.2060301507537687,0.12660840000171447,7.898370092240787,-0.14498892356914383,-1.1920981515715956
68.98840475000907,15086.699131853216,13.777031505341846,512.9665217505483,513.1514971564975,1.5384552611162943,221.8597309162651,10,1.2060301507537687,0.12660840000171447,7.898370092240787,-0.2630084131064578,-1.976868789869511
69.11502740000651,15086.825754503214,13.09097562927867,513.1209220895388,513.2878864038629,1.4614391084608185,221.7639436540013,10,1.2060301507537687,0.12660840000171447,7.898370092240787,-0.12442590372715137,-1.2874436540822154
69.2416567000073,15086.952383803215,14.29077142021472,513.2304326566336,513.4293555618924,1.5949743449652356,222.06529286197195,10,1.2060301507537687,0.12660840000171447,7.898370092240787,0.012647004285346715,-2.484403771271711
69.36827545000597,15087.079002553213,13.42136868605971,513.2863534006929,513.461793831623,1.4978239572934242,221.78676522318892,10,1.2040133779264215,0.12660840000171447,7.898370092240787,0.04855959619924232,-1.6139449672411186
69.49488365000616,15087.205610753213,13.08458047150499,513.2423450093985,513.4091068113827,1.4603800518215535,222.5286627818414,10,1.2040133779264215,0.1266083999980765,7.89837009246774,-0.0031821624638346986,-1.2782578653475163
69.62148580000576,15087.332212903213,13.805662972445168,513.4337093879551,513.6192853330022,1.5402488268990433,222.6610485637828,10,1.2040133779264215,0.12660820000019157,7.898382569205524,0.20471410092391032,-1.9947489275471177
69.74808795000536,15087.458815053213,12.791901730945625,513.1228008626848,513.282224039622,1.4280601139051465,222.44459294431024,10,1.2040133779264215,0.12660214999959862,7.8987600131843765,-0.12942532969347684,-0.9884056427982549
69.87469615000555,15087.585423253213,13.631532239133344,513.029863692894,513.2109310136875,1.5220274622011576,222.1473014316121,10,1.2040133779264215,0.12660820000019157,7.898382569205524,-0.20302921994645806,-1.8299513487156025
70.00130435000574,15087.712031453213,12.865121574794584,513.2206344594105,513.3818568941193,1.435957134784397,222.42743719493203,10,1.2040133779264215,0.12660820000019157,7.898382569205524,-0.029933793649988244,-1.059356276602684
70.12791255000593,15087.838639653213,12.317172697859842,513.3210501841693,513.468804607882,1.3745522703859725,222.51851887274555,10,1.2040133779264215,0.12660820000019157,7.898382569205524,0.05785437857075035,-0.5092430824953027
70.25452075000612,15087.965247853213,12.96558391512199,513.4054936864173,513.5691845444526,1.4466447666052376,222.42005116292844,10,1.2040133779264215,0.12660820000019157,7.898382569205524,0.157186844592837,-1.1555409031146124
70.38112895000631,15088.091856053214,12.62736952795131,512.985722615919,513.1411132125081,1.4100760992829675,222.21176659399825,10,1.2040133779264215,0.12660820000019157,7.898382569205524,-0.27025101694000336,-0.8270692942276776
70.5077371500065,15088.218464253214,12.930685107796343,513.4172609257307,513.5800681820089,1.442719500846031,222.05288583900992,10,1.2040133779264215,0.12660820000019157,7.898382569205524,0.1681484157809014,-1.1203807178065148
70.6343453500067,15088.345072453214,13.416286542198335,513.2278259612917,513.4031535601786,1.4974277149179236,213.31615302278482,10,1.2020033388981637,0.12660820000019157,7.898382569205524,-0.01006923749646356,-1.61021010331292
70.76097025000672,15088.471697353214,13.502821015241727,512.9496894086608,513.1273818846654,1.5078984266683377,222.1468468673953,10,1.2020033388981637,0.12660820000019157,7.898382569205524,-0.2861422303268727,-1.7031179047290659
70.88761185000658,15088.598338953214,13.994200645823566,513.4636548263028,513.6543219708175,1.5611819561431242,213.22674569563307,10,1.2020033388981637,0.12660820000019157,7.898382569205524,0.23898735767050938,-2.1825480953641136
71.01433995000662,15088.725067053214,13.358460237064406,513.4313276039449,513.6050784650154,1.4903857945034136,222.56239810463228,10,1.2040133779264215,0.12660820000019157,7.898382569205524,0.19204877529596673,-1.547719231717137
71.14115455000683,15088.851881653214,12.604751464720545,513.1203015326087,513.2750954453203,1.4071823791266347,222.45847133438318,10,1.2040133779264215,0.12660820000019157,7.898382569205524,-0.13622783078130846,-0.8013623462653453
71.26798760000747,15088.978714703215,13.413060928460215,513.4681624084034,513.6433237281811,1.496367453053398,213.32047703841462,10,1.2040133779264215,0.12660820000019157,7.898382569205524,0.23012947229554193,-1.601458405849463
71.3948206500063,15089.105547753214,13.206266319030123,513.360592578357,513.5304309215677,1.473616177327088,213.84454508734729,10,1.2040133779264215,0.12660820000019157,7.898382569205524,0.11783250361997796,-1.3971922323115287
71.52163525000651,15089.232362353214,13.476973076947216,513.3806790349555,513.557543425962,1.5037503452887915,213.48630002322398,10,1.2040133779264215,0.12660820000019157,7.898382569205524,0.14413900081853637,-1.6673654780739644
71.64844985000673,15089.359176953214,14.02634433227652,513.4420342216256,513.6335861691373,1.5648319578399241,213.9431608807685,10,1.2020033388981637,0.12662490000002435,7.897340886348638,0.2181116683307888,-2.2151804829565793
71.77517795000676,15089.485905053214,12.788085582846247,513.0353217630776,513.1946770080715,1.4278775929361998,222.60503659411262,10,1.2,0.12664159999985714,7.896299478221438,-0.21696905340883435,-0.9866022314604431
71.90181955000662,15089.612546653214,13.306255242850435,513.407840121382,513.5802437075345,1.4846318494704482,213.58599894246652,10,1.2,0.12664159999985714,7.896299478221438,0.16736696342801374,-1.4960681773142088
72.02846115000648,15089.739188253214,13.810695223033244,513.450452855655,513.6361580342848,1.540759765508365,213.844604842156,10,1.2,0.12664159999985714,7.896299478221438,0.221568865656402,-1.9993948033969935
72.1550860500065,15089.865813153214,13.81669222807422,513.4215352139047,513.6074121403702,1.5415152620390826,213.78274894447142,10,1.2,0.12664159999985714,7.896299478221438,0.19279678253159044,-2.006055231800801
72.2816942500067,15089.992421353214,14.05498377158204,513.4717093006153,513.6640330224757,1.5679349126952031,213.77901360037316,10,1.2,0.12664159999985714,7.896299478221438,0.24843751109244125,-2.2431299204746487
72.40828485000748,15090.119011953215,12.070402211746806,513.1357213424357,513.2776666943295,1.3475101439518185,222.41886637683845,10,1.1980033277870217,0.12664159999985714,7.896299478221438,-0.13310034962318432,-0.2667998021694287
72.53489215000627,15090.245619253214,8.852450782005858,513.3812017675805,513.4575193851707,0.9878776336455579,231.04248256774662,11,1.2,0.12664159999985714,7.896299478221438,0.038313005122839125,2.9559458448085962
72.66149070000756,15090.372217803215,10.851597404305428,513.2348364138699,513.3495441460885,1.2112546966269129,230.88221693541956,11,1.1980033277870217,0.12664159999985714,7.896299478221438,-0.062039935866963276,0.9539619983569542
72.78804620000665,15090.498773303214,9.512221828500024,512.9605936027344,513.0487822355534,1.0623578363118658,230.87935083235217,11,1.1980033277870217,0.12664159999985714,7.896299478221438,-0.3670113926715259,2.2866766951536914
72.91459225000835,15090.625319353216,8.175044406505778,513.4229429388625,513.4880229246354,0.9122225061193804,230.94397706668383,11,1.1980033277870217,0.12664159999985714,7.896299478221438,0.06446505010931063,3.634132982323884
73.04112885000904,15090.751855953216,9.776150894162333,513.3902587390758,513.4833306880377,1.09091376007645,231.10477671503162,11,1.1980033277870217,0.12662490000002435,7.897340886348638,0.06860960348239506,2.0326982929253594
73.16767490001075,15090.878402003218,12.11246615024572,512.978634312353,513.1216143344652,1.3526182439176124,220.8487303496544,10,1.1980033277870217,0.12660820000019157,7.898382569205524,-0.289178506438622,-0.3124650943212363
73.29423040000984,15091.004957503217,11.745479081330824,513.2922570236972,513.4266231890699,1.3108496163331669,222.16309144583792,11,1.196013289036545,0.1266072999987955,7.898438715694227,0.01592178609646522,0.06163719826274356
73.42078590001256,15091.13151300322,10.599760060401707,513.1447316505764,513.2541968012343,1.1833604062470355,231.3007893863537,11,1.196013289036545,0.12659855000129028,7.898984624940871,-0.15791228924705195,1.2036606327344952
73.54734140001165,15091.258068503219,8.253289456883769,513.3857668753399,513.4521033329593,0.9210187586967579,230.91079388521922,11,1.1980033277870217,0.1265906000007817,7.899480688090782,0.029098193316846307,3.5550536990170793
73.67388745001335,15091.38461455322,8.736921035678327,513.3971790915833,513.4715155569771,0.9749574117457033,240.5380449841002,11,1.196013289036545,0.12655550000272342,7.901671598456649,0.05162930491444516,3.0718124635072357
73.80043350001506,15091.511160603222,10.469532507079755,513.3999319877371,513.5066711114179,1.1682449835044424,231.28010180672618,11,1.1980033277870217,0.12655549999908544,7.901671598683791,0.09422575865422017,1.339722502968854
73.92697955001495,15091.637706653222,14.257694669460781,513.3171175803736,513.5150874690156,1.5910160068694363,223.47477594908347,10,1.2,0.12655549999908544,7.901671598683791,0.09854834852343683,-2.449342303784796
74.05350405001445,15091.764231153222,13.38071864749851,513.3662542906171,513.5406066475192,1.493057160565343,213.38732219461173,10,1.2,0.12655549999908544,7.901671598683791,0.12750454035266556,-1.5714682249186576
74.18001635001565,15091.890743453223,13.69581848491113,513.2823183987317,513.4650074004544,1.5284501651933662,213.77832634026154,10,1.2,0.12654605000170704,7.902261666693749,0.05083709141586519,-1.8884149771619663
74.30652865001684,15092.017255753224,13.24219768988582,513.3849607459615,513.5557162760341,1.4775536851761581,213.60819598918522,10,1.2,0.12654605000170704,7.902261666693749,0.14302052856020098,-1.4325537142315747
74.43304095001622,15092.143768053224,12.773694649100934,513.2386735869734,513.3976074547916,1.4257065364758053,214.02334038877012,10,1.2,0.12654605000170704,7.902261666693749,-0.014001951067224457,-0.9675386897418768
74.5595532500156,15092.270280353223,14.176680638425395,513.1822898733917,513.3780682047313,1.5823956792991436,221.4061826404329,10,1.2,0.12654605000170704,7.902261666693749,-0.03810675468973013,-2.3714502851923593
74.68608720001794,15092.396814303225,14.202831325461693,513.2392477908181,513.4357271271101,1.585137276794487,222.32750229826917,10,1.2,0.12654604999988806,7.902261666807337,0.01943747833411283,-2.3962842143160907
74.81262115001664,15092.523348253224,13.188294847476323,513.0150425985157,513.1845331392411,1.4726025126719628,222.39202502808078,10,1.2,0.12653660000069067,7.902851823065752,-0.22803937658260476,-1.3871720105949938
74.93915510001898,15092.649882203226,13.838207089302571,513.3172533138247,513.5037473330606,1.5442279927190496,213.22674569563307,10,1.2,0.12653395000234013,7.9030173323563035,0.08903723071906586,-2.029962539169631
75.06571060001806,15092.776437703225,13.830971973559933,513.3697767114999,513.5560567518883,1.5432631723870804,222.886593572844,10,1.2,0.12653395000234013,7.9030173323563035,0.14138035461423382,-2.0215214738313034
75.19234440002037,15092.903071503228,14.172286259687086,513.1476475324416,513.3433177376573,1.5820121690643683,222.22830743561124,10,1.2,0.12653395000234013,7.9030173323563035,-0.07284099024206027,-2.3678537268940776
75.31907155002045,15093.029798653228,13.96574105205508,513.1330032320069,513.3230181172785,1.5590120439025816,222.44019816902332,10,1.2,0.12653395000234013,7.9030173323563035,-0.09223126882117438,-2.1616999119218696
75.44579870002053,15093.156525803228,13.254776526335643,513.0166566379501,513.1878594518224,1.4800178965928352,222.90422854530684,10,1.2,0.12653395000234013,7.9030173323563035,-0.22489690709585214,-1.4535989903003383
75.57251080001879,15093.283237903226,12.698584266397226,513.1825587870812,513.3396465164432,1.4174816102694863,213.2064558098922,10,1.2,0.12653395000234013,7.9030173323563035,-0.07182919924680276,-0.8937386238556484
75.69922290002069,15093.409950003228,12.993142879579977,513.3249016465056,513.4893147985495,1.449945876652665,213.00168521550853,10,1.2,0.12653395000234013,7.9030173323563035,0.07724988218642106,-1.18494592752141
75.82595005002077,15093.536677153228,12.548039291828761,513.341978500177,513.4953166101376,1.4002489239152125,213.58477188046427,10,1.2,0.12653395000234013,7.9030173323563035,0.08408632163729975,-0.7395673404115755
75.95269225001903,15093.663419353226,14.13931932346548,513.2408620078442,513.4355877668453,1.5780475158915992,213.48666126989724,10,1.2,0.12655549999908544,7.901671598683791,0.019590704232645417,-2.3327518869858412
76.07943445002093,15093.790161553228,12.89063822704124,513.2518187585005,513.4136714315358,1.4387166303059995,223.10362875889362,10,1.2,0.12663380000230973,7.896785850079209,0.001829056398290247,-1.084149045879672
76.20617665001919,15093.916903753227,12.919303183690207,513.0362828529704,513.1989243152651,1.4425200790133146,222.32886532139494,10,1.2,0.12671209999825805,7.891906140090388,-0.21299065047325608,-1.11776302886237
76.33290380001927,15094.043630903227,8.986479606359442,513.3950103198144,513.4736540826588,1.0028044056458494,231.197369274008,11,1.2,0.12671210000189603,7.891906139863807,0.05520012154723264,2.8222700161361285
76.45958385002086,15094.170310953228,8.58350995368184,513.490274697629,513.5620107174707,0.9576677859000681,231.24056899305114,11,1.2,0.12671210000189603,7.891906139863807,0.14117234779469912,3.2273238631411463
76.58626390001882,15094.296991003226,7.446461446365298,513.1366196599864,513.1906470544351,0.8313982113613011,231.57314214260313,11,1.2,0.12671210000189603,7.891906139863807,-0.2385374864791447,4.3559387821443085
76.71297600002072,15094.423703103228,10.009699961959655,513.1719597263487,513.2695727809216,1.117443838335254,230.9152438697959,11,1.2,0.12671210000189603,7.891906139863807,-0.14426082858823258,1.794190839841285
76.83968810001898,15094.550415203226,10.620651652114358,512.8875246594971,512.9974767899564,1.1862865252626793,230.59372905995525,11,1.2,0.12671210000189603,7.891906139863807,-0.41457082287419406,1.1768596629622043
76.96640020002087,15094.677127303228,10.993923734325127,513.0094769307019,513.1272647012518,1.2276752300024794,230.29692491049263,11,1.2,0.12671210000189603,7.891906139863807,-0.28406678992131745,0.8064907911694895
77.09312735002095,15094.803854453228,10.802289637084968,513.0745312048939,513.1882345032134,1.2061292094516394,230.7125895632941,11,1.2,0.12672715000007884,7.890968904448478,-0.22343666501017298,0.9995702405393202
77.21987615002035,15094.930603253228,8.495038953596987,513.5013695947264,513.571633039134,0.9477783541501665,229.8451827986909,11,1.2,0.12672715000007884,7.890968904448478,0.15022977280208655,3.316026611970312
77.3466502500196,15095.057377353227,11.590330625717122,513.198997622178,513.3298617111825,1.2937752403484717,220.28716125208152,10,1.2,0.12672715000007884,7.890968904448478,-0.08088084926433628,0.21459996836786727
77.47344305002116,15095.184170153228,10.444193913695317,513.2450023432992,513.3512575390072,1.1657700515199287,228.7499531422389,11,1.2,0.12672715000007884,7.890968904448478,-0.061245616501951344,1.361491530218404
77.60023955001998,15095.310966653227,7.424687038044149,513.2728147912053,513.326512447292,0.828747503208992,237.76326774009598,11,1.2020033388981637,0.12672715000007884,7.890968904448478,-0.10287911196316638,4.3808394658526675
77.72703975001969,15095.437766853227,8.326869514853238,513.1118903127729,513.1794508125441,0.9297243230067025,230.31811214716595,11,1.2020033388981637,0.12674219999826164,7.890031891617123,-0.2430138443831808,3.4751948523371317
77.85383995001939,15095.564567053227,9.603789956331884,513.0481446636459,513.138023853558,1.0723991117602019,228.4617709228991,11,1.2020033388981637,0.12674219999826164,7.890031891617123,-0.2773777238002282,2.197146165690159
77.98070060001919,15095.691427703227,10.496089763111831,513.0214886209715,513.1288490108433,1.1720712862626634,229.80433882139346,11,1.2020033388981637,0.12674219999826164,7.890031891617123,-0.2835067973125849,1.3044693348894087
78.10762720001912,15095.818354303226,10.327102921579895,513.0940442523863,513.1979611241871,1.1530430702731966,229.14161168025618,11,1.2040133779264215,0.12674879999940458,7.889621045758994,-0.2148564876214717,1.475080024004307
78.23458165002012,15095.945308753227,7.336361717116046,513.4686703670036,513.5210780987504,0.8185776228657877,238.27626861970984,11,1.2040133779264215,0.1267740999992384,7.888046533211497,0.09089348039049686,4.473645453487513
78.3615670500185,15096.072294153226,9.844792224631085,513.2074851069415,513.3019021041493,1.0989626761268114,237.75597170253124,11,1.2040133779264215,0.12679280000156723,7.886883166770033,-0.11253717097022725,1.9598719312320114
78.48856105002051,15096.199288153228,13.414981870798002,513.3752494111063,513.5504925968911,1.4968523918079455,222.37132199634914,10,1.2040133779264215,0.12679649999881804,7.886653022830455,0.13728522187648118,-1.6055155292527135
78.61557060001905,15096.326297703226,12.595256154859731,513.414959911362,513.5694320521734,1.405316081322516,221.77756420128873,10,1.2040133779264215,0.12680019999970682,7.886422892095692,0.1581342626667916,-0.7850933874871543
78.74259570001777,15096.453322803225,14.226335934476992,513.2930105756931,513.4901200023027,1.5875929988591806,221.88391933263483,10,1.2040133779264215,0.12680019999970682,7.886422892095692,0.07372657281585723,-2.4185462425890103
78.86962080001649,15096.580347903224,13.063636588144487,513.39786352304,513.564041645177,1.4576020187459127,213.14098302386694,10,1.2040133779264215,0.12686064999979862,7.882664955615373,0.15181358355077765,-1.2537431136080428
78.99664590001521,15096.707373003223,12.00096590765053,513.2526780621525,513.392963255914,1.339456093543952,222.2392267507894,10,1.2040133779264215,0.1269265999999334,7.878569188810894,-0.017771363503378056,-0.1946922465732128
79.12367100001393,15096.834398103221,12.926520730783835,513.3106596822215,513.4733958849288,1.4425544559791723,213.4769728732785,10,1.2040133779264215,0.12695445000099426,7.876840866879172,0.06147959706897969,-1.1186689151853082
79.25069610001265,15096.96142320322,11.525787550016744,513.2410315351597,513.3704317838367,1.2864676887687656,220.62551575497355,10,1.2040133779264215,0.12698539999837521,7.874921054017195,-0.04034232798963368,0.280092614934289
79.37773120001293,15097.08845830322,11.445152641964714,513.1647572059311,513.2923723933759,1.277660312251716,221.3975769344976,10,1.2040133779264215,0.12699400000201422,7.874387766226272,-0.11845081981018211,0.35895214321937685
79.50477630001114,15097.215503403218,14.233305906251399,513.4516590664988,513.6489007047139,1.5878798867814328,213.96440036487232,10,1.2040133779264215,0.1270095499985473,7.873423691458144,0.23249339382222503,-2.4218659848982518
79.631821400013,15097.34254850322,13.94139745131773,513.2430208745809,513.4323334572542,1.555962436695791,213.69604239195175,10,1.2040133779264215,0.12702509999871836,7.872459852502298,0.01719745704594365,-2.13483271017884
79.75885650001146,15097.469583603219,12.6716321201634,513.3625393228568,513.5189062153413,1.4139785946507413,213.3091219663977,10,1.2040133779264215,0.12702509999871836,7.872459852502298,0.10748392970923996,-0.8626546532490047
79.88588160001018,15097.596608703217,13.560354913519598,513.3292480202002,513.508325247376,1.5132012389426013,222.23267695159177,10,1.2040133779264215,0.12702509999871836,7.872459852502298,0.09463909158458873,-1.7519080054478982
80.0129067000089,15097.723633803216,11.912607482219515,513.1959027170465,513.334145350365,1.3297447964792468,222.23883387977872,10,1.2040133779264215,0.12702509999871836,7.872459852502298,-0.07656364301095889,-0.10766283185115136
80.13993785000821,15097.850664953216,13.622498514263581,513.3852701331542,513.5659724470293,1.5199667991205026,221.6863620271979,10,1.2040133779264215,0.12702509999871836,7.872459852502298,0.15207548459675999,-1.8127468500375956
80.26697505000811,15097.977702153215,14.089074994675407,513.3172665714095,513.5105823588732,1.5722087833102747,221.97537967410165,10,1.2040133779264215,0.12702509999871836,7.872459852502298,0.09481960998110782,-2.280763795569968
80.39401225000802,15098.104739353215,13.573287093913281,513.1319414958845,513.3114293544121,1.5152258007781554,221.8718403922863,10,1.2040133779264215,0.12702509999871836,7.872459852502298,-0.10231785636863625,-1.7693741578648545
80.52105280000796,15098.231779903215,13.782275537783638,513.3106093399716,513.4956015195966,1.538009401143936,222.1195928015212,10,1.2040133779264215,0.1270311499993113,7.872084917797102,0.08110877476564217,-1.9741985684531334
80.64809670000795,15098.358823803215,14.088401874862878,513.3975349500373,513.5908020595408,1.5718880314235206,212.95801946301802,10,1.2040133779264215,0.12703509999846574,7.87184014506288,0.175051281461519,-2.278244948754791
80.7751372500079,15098.485864353215,13.782769480204788,513.315140376277,513.5001441811496,1.5380509253403238,222.62751836214716,10,1.2040133779264215,0.12703510000028473,7.8718401449501645,0.08564997182938205,-1.9745881815230313
80.90214365000793,15098.612870753215,12.177466209261466,513.1541985989564,513.2986676614454,1.3594091088290243,222.14190546118505,10,1.2040133779264215,0.12703510000028473,7.8718401449501645,-0.11216586467948748,-0.3734105704458835
81.02910515000804,15098.739832253215,12.38444393326182,513.282047131834,513.4314310201338,1.3821615734368615,213.61730515141423,10,1.2040133779264215,0.12703510000028473,7.8718401449501645,0.02040865498104511,-0.5773934675919322
81.15604145000907,15098.866768553216,13.251887748847821,513.245857820483,513.4169096346473,1.479034984536803,221.85632337238263,10,1.2040133779264215,0.12703510000028473,7.8718401449501645,0.004177229040690098,-1.4454401139574378
81.28296665000744,15098.993693753215,12.77451389259922,513.0044592665471,513.1634860671154,1.4264486218021522,221.67707395121784,10,1.2040133779264215,0.12703509999846574,7.87184014506288,-0.2481354917112332,-0.9737438648534369
81.40988635000758,15099.120613453215,14.023000088644263,513.1153468152357,513.306929301374,1.5654546023769838,222.44633010031833,10,1.2040133779264215,0.1270311499993113,7.872084917797102,-0.10856624932327161,-2.2193498445871773
81.5368005500095,15099.247527653217,13.46370952547075,513.3814496014443,513.5579658315763,1.5022688330542087,213.12774170078444,10,1.2040133779264215,0.12702509999871836,7.872459852502298,0.14460434607438588,-1.6540877137939605
81.66371475000778,15099.374441853215,12.587390812543768,513.4548757363518,513.6091430503357,1.4043297201854774,221.53763018711655,10,1.2040133779264215,0.12702509999871836,7.872459852502298,0.1978586549441466,-0.7763121943698506
81.79062815000907,15099.501355253216,12.62849829144206,513.393528694062,513.5488236516929,1.4090823753467148,221.50784757614127,10,1.2040133779264215,0.1270064000000275,7.873618967231443,0.1374731713088663,-0.8188195794367019
81.91754075000972,15099.628267853217,12.158360090003526,513.4430572909713,513.5869924368975,1.356513723607909,221.78575687001012,10,1.2040133779264215,0.12696150000010675,7.876403476637872,0.17617705924104593,-0.34766671738172017
82.04445335001037,15099.755180453218,11.606409358258748,513.1212422298031,513.2524894880178,1.2957656800135822,221.109709150442,10,1.2040133779264215,0.1269363000010344,7.877967137783684,-0.1582459213565386,0.19673737326833451
82.17136675001166,15099.882093853219,13.24021860908282,513.3325908754035,513.5033127874354,1.4774836085968563,213.49507886837063,10,1.2040133779264215,0.12692519999836804,7.878656090460032,0.0906189953893211,-1.4317794891830575
82.29828095000994,15100.009008053217,13.124651975135565,513.0511706544007,513.2190177685541,1.465396115510322,222.3455556375657,10,1.2040133779264215,0.12691970000014408,7.8789975078641445,-0.19338444887669295,-1.3227151443392584
82.42519515001186,15100.13592225322,13.598737636544467,513.3807243558622,513.5607985481927,1.5173302848535515,213.9581891585123,10,1.2020033388981637,0.1269142000019201,7.879338954859825,0.14698448852770868,-1.7890967937967235
82.55210855001133,15100.262835653219,11.69897405143662,513.2877427406402,513.421048304058,1.305672719908095,222.05974688761555,10,1.2,0.1269142000019201,7.879338954859825,0.010339236284871751,0.10802611606194079
82.67902195001079,15100.389749053218,13.716078136829536,513.0907192123307,513.2740174032604,1.5312813909528666,222.0386033075197,10,1.2,0.12691419999828213,7.879338955085685,-0.14024552056728262,-1.9130754135550385
82.80593615001271,15100.51666325322,13.464299016909655,513.2269575403254,513.4035423466767,1.5027866046661291,213.2018378649825,10,1.2,0.12691419999828213,7.879338955085685,-0.009833302004089939,-1.6582298515142921
82.932850350011,15100.643577453218,11.93089799789509,513.4647387826428,513.6033336147301,1.3310887049359097,222.8855403294971,10,1.2,0.12691419999828213,7.879338955085685,0.19262194752654724,-0.11976617750362677
83.05976455001291,15100.77049165322,12.450795513535947,513.3054719829537,513.4564537295862,1.389500434611168,213.42657014161355,10,1.2,0.12691419999828213,7.879338955085685,0.045353176270015685,-0.6431888071876567
83.1866787500112,15100.897405853219,11.73435076631807,513.0151264627938,513.1493105983319,1.3103152809753795,222.5402447844667,10,1.2,0.12691419999828213,7.879338955085685,-0.2613913994707758,0.0663894916255354
83.31359295001312,15101.02432005322,13.802450341234502,513.1848161759642,513.3703957076026,1.5406370604336863,222.1616024421467,10,1.2,0.12691419999828213,7.879338955085685,-0.044187169002486565,-1.9972608597644659
83.44050635001258,15101.15123345322,12.86393294383707,513.4481923802456,513.6093136123266,1.4351884350095536,212.96122342566528,10,1.2,0.12691419999828213,7.879338955085685,0.19753661306310055,-1.0529348867110824
83.56740560001344,15101.27813270322,12.97021713363446,513.221041352205,513.3849080554817,1.447681392146369,222.84653791339372,10,1.2,0.12691340000128548,7.879388622398196,-0.0271101611001957,-1.1644146848755863
83.6942803000129,15101.40500740322,13.666335627433883,513.0103927550045,513.1923925820859,1.525969483888966,222.05730371296045,10,1.2,0.12691340000128548,7.879388622398196,-0.22169464672313222,-1.8651932996084863
83.82114380001076,15101.531870903218,12.706761155361596,513.3833090026067,513.5405375834758,1.4178395706155125,222.51877828944097,10,1.2,0.12691340000128548,7.879388622398196,0.1290559674003149,-0.8972967649156098
83.94800550001128,15101.658732603219,12.921894233504206,513.1490524659011,513.3117234169058,1.442492325749872,222.14067240059285,10,1.2,0.12691340000128548,7.879388622398196,-0.10019127489467033,-1.1177600684391704
84.07486540001082,15101.785592503218,11.922390982998428,513.1108517949177,513.2493445066028,1.331057001200834,222.42706882724082,10,1.2,0.1269133999994665,7.879388622511128,-0.1613670848298669,-0.11939963286794128
84.2017250000099,15101.912452103217,12.359359505535537,513.2358300984682,513.3846229331872,1.379487281294502,222.61497159509537,10,1.2,0.1269133999994665,7.879388622511128,-0.0263730140896177,-0.5533785112843947
84.32858430000852,15102.039311403216,12.457326359568386,513.3348483327009,513.4859798405267,1.3901494599929076,213.40916136566912,10,1.1980033277870217,0.1269133999994665,7.879388622511128,0.07487194487703344,-0.6490423680092983
84.45544360000713,15102.166170703214,14.477309498713566,513.3214561570306,513.5255688293387,1.6154962881526007,213.76402939508066,10,1.1980033277870217,0.12689925000086077,7.880267219807973,0.10793618646902334,-2.668799281285732
84.58227995000561,15102.293007053213,14.713122028688995,513.1683162601186,513.3791939425245,1.6422855644957988,221.76605002872088,10,1.1980033277870217,0.12687469999946188,7.881792035797849,-0.039740309572225796,-2.9080711555974315
84.70908105000672,15102.419808153214,13.290600920984106,513.5277380865973,513.6996961817067,1.4825399465305773,213.0397164609513,10,1.1980033277870217,0.12686349999785307,7.8824878709551855,0.2868732234387991,-1.4776607420205026
84.83588215000782,15102.546609253215,13.987040355190448,513.4401234788844,513.6306043217342,1.5604550329895952,213.2407198549207,10,1.1980033277870217,0.12686170000051789,7.88259971288354,0.21529757050644216,-2.1759308408430447
84.96269555000617,15102.673422653213,11.830534401007197,513.357070448146,513.4933722292004,1.320172194799224,221.7910457703576,10,1.196013289036545,0.12685989999954472,7.882711558211766,0.08267405879371605,-0.021905135220285383
85.08953190000648,15102.800259003214,12.491051172467998,513.4571622845096,513.6090768869399,1.3935795059408294,212.05476144150737,10,1.196013289036545,0.12685959999907936,7.882730199427218,0.19792910797473684,-0.6799454491266
85.21639150000556,15102.927118603213,13.805320933388199,513.3299392721061,513.5155435224702,1.5405218901728452,213.14306056431934,10,1.196013289036545,0.12685959999907936,7.882730199427218,0.10096356218262537,-1.9967933455381446
85.3432514000051,15103.053978503212,12.499463965735492,513.460572340115,513.6126906018476,1.3945084613021888,220.7623375953396,10,1.196013289036545,0.12685959999907936,7.882730199427218,0.2015317279513592,-0.6882775976548943
85.47011130000465,15103.180838403212,12.27177364369201,513.3748612691364,513.5215132898203,1.3693443391128273,213.49673128128128,10,1.1980033277870217,0.12685959999907936,7.882730199427218,0.11060720591068297,-0.46261855898761395
85.5969785000052,15103.307705603213,12.753199566262484,513.021681354925,513.180172687343,1.4240217813956932,221.93503021355866,10,1.2,0.12685959999907936,7.882730199427218,-0.2314081162798231,-0.9520391246692533
85.72385300000315,15103.43458010321,13.454785613695488,513.0942218813378,513.2706028830465,1.5021135876032095,213.1239035252888,10,1.2,0.12685959999907936,7.882730199427218,-0.14275263449582726,-1.65177144168381
85.85072750000472,15103.561454603212,12.160514736096953,513.2863584719738,513.4303885747964,1.3571680708722322,221.86966272723322,10,1.2,0.12685959999907936,7.882730199427218,0.019569230216591574,-0.353424343910189
85.97760200000266,15103.68832910321,12.801494330945205,513.0513368126888,513.2110213765798,1.4293295511396191,221.951614542716,10,1.2,0.12685959999907936,7.882730199427218,-0.20064988262166653,-0.9996391407739406
86.10446920000322,15103.81519630321,13.100432901100318,513.1286919714402,513.2958950415612,1.4624722971718,221.96950628550377,10,1.1980033277870217,0.12685959999907936,7.882730199427218,-0.1164405909232541,-1.2967197434788114
86.23132910000277,15103.94205620321,14.090875374313601,513.4011189613046,513.5944525786217,1.5721528995316048,221.75230680155065,10,1.1980033277870217,0.12685989999954472,7.882711558211766,0.1786912271457084,-2.280635373761597
86.35819630000333,15104.06892340321,13.554222458755468,513.4806464589009,513.6595090469095,1.51207148098617,213.047523617314,10,1.1980033277870217,0.12685989999954472,7.882711558211766,0.24585646570811512,-1.742295513283274
86.48507080000127,15104.195797903209,13.293659380234557,513.4064453701867,513.578523234148,1.4832311346613185,222.1428902394412,10,1.196013289036545,0.12685989999954472,7.882711558211766,0.1656829182529917,-1.4835077204043885
86.61194530000284,15104.32267240321,13.279367509180057,513.4061644411915,513.5778726616438,1.4816380502731548,221.09367703554756,10,1.196013289036545,0.12686720000056084,7.88225798311604,0.16507339818073058,-1.4692260893833784
86.73881980000078,15104.449546903208,11.83255733000542,513.2342394687802,513.3706204839395,1.3207137494041243,220.83517606433506,10,1.196013289036545,0.12686720000056084,7.88225798311604,-0.040077916283307126,-0.02675223212437245
86.86569430000236,15104.57642140321,13.142243005665739,513.425756369122,513.5939308971875,1.4662892443831819,213.6791431591676,10,1.196013289036545,0.12686720000056084,7.88225798311604,0.18150673859093497,-1.3316873005743874
86.99256985000102,15104.703296953208,13.200574842764256,513.1593771923464,513.3291357176371,1.4735586934261835,213.29775539097588,10,1.196013289036545,0.12687449999793898,7.88180446044118,-0.0834605542909013,-1.3961295440319514
87.1194464500004,15104.830173553208,13.567354997734169,513.4116318603443,513.5908652333453,1.513739189663826,222.5401709274553,10,1.196013289036545,0.12687449999793898,7.88180446044118,0.17716212323259276,-1.7570116848577126
87.24632304999977,15104.957050153207,13.388934473065833,513.2996149689593,513.4742041170189,1.494167357267269,212.94832549206208,10,1.196013289036545,0.12687449999793898,7.88180446044118,0.061071778602979014,-1.5812143599000783
87.3732334999986,15105.083960603206,13.137997857687626,513.0420885411701,513.2102801020205,1.4669115179402357,221.95918071868607,10,1.196013289036545,0.12687449999793898,7.88180446044118,-0.2021572494769831,-1.336266355777918
87.50014394999926,15105.210871053207,13.284289846043103,513.357795178302,513.5296468822819,1.4823266036804275,213.11882843195852,10,1.196013289036545,0.12687450000157696,7.881804460215179,0.11683012427471995,-1.475259456229516
87.62701949999973,15105.337746603207,12.376005974256426,513.2620463593917,513.4112325971308,1.3812740253500262,213.47994311617293,10,1.196013289036545,0.12687450000157696,7.881804460215179,0.00021912699169312697,-0.5694176911385136
87.75389399999767,15105.464621103205,13.500973647520654,513.3496627242224,513.5271682282291,1.506518053288597,213.20819129231222,10,1.196013289036545,0.12687450000157696,7.881804460215179,0.11368282568701268,-1.6920729732060165
87.88076954999815,15105.591496653205,14.096740101063359,513.2563156767358,513.4498648003853,1.5732504203933688,222.3305245226726,10,1.196013289036545,0.12687450000157696,7.881804460215179,0.034061106159454825,-2.2898285421644338
88.00764509999863,15105.718372203206,14.22404460788441,513.1498036701884,513.3469045896351,1.5877801865864836,222.26855269204475,10,1.196013289036545,0.12687554999865824,7.881739231952692,-0.06949515330846173,-2.419548803190686
88.13452064999728,15105.845247753205,13.263468578051992,513.1135744054496,513.2849694252286,1.4807084051379285,221.67202374964367,10,1.196013289036545,0.12687554999865824,7.881739231952692,-0.1278048820997747,-1.4600599578983586
88.26139724999666,15105.972124353204,13.324143586624034,513.4691140845881,513.641960825952,1.4864495036281031,222.74869647747795,10,1.196013289036545,0.12687555000047723,7.881739231839693,0.2290360944772502,-1.5125426935612551
88.38825319999523,15106.098980303203,13.729996670574854,513.2398352319982,513.4234522083527,1.5323893984732737,213.39630739459975,10,1.196013289036545,0.12687555000047723,7.881739231839693,0.009151143993719073,-1.9235610952760616
88.51506304999566,15106.225790153203,13.60843767017993,513.0142637813324,513.1947236857815,1.5194962323959522,222.6238425117929,10,1.196013289036545,0.12687555000047723,7.881739231839693,-0.219156104048358,-1.807221633252415
88.64187289999609,15106.352600003203,12.74944297276557,513.2910070971246,513.4493220006199,1.4228558304585894,212.95013080938446,10,1.196013289036545,0.12687555000047723,7.881739231839693,0.037760011377677635,-0.9420899307607778
88.76868274999651,15106.479409853204,13.906106959034032,513.4268319466827,513.615120078803,1.5514703207156408,213.40579618831143,10,1.196013289036545,0.12687555000047723,7.881739231839693,0.2001483551602498,-2.0953245091061676
88.89549259999694,15106.606219703204,13.48770998970511,513.4407869199938,513.6179124541792,1.5047717096819124,213.97222435099798,10,1.196013289036545,0.12687555000047723,7.881739231839693,0.20447790301554386,-1.676717270469388
89.02230244999737,15106.733029553205,13.745374822435382,513.4183395000338,513.602303990141,1.5335717970800626,212.7602472229208,10,1.196013289036545,0.12687554999865824,7.881739231952692,0.18796185130628223,-1.9348301774010606
89.14908685000046,15106.859813953208,12.644793736416045,513.3074022129982,513.4631242604412,1.4111365149942878,222.2323929952471,10,1.196013289036545,0.12687449999793898,7.88180446044118,0.05174420799469051,-0.8370913367796011
89.27589670000089,15106.986623803208,13.1926517385095,513.3134459825885,513.4829499471364,1.472232817488641,213.48631906780616,10,1.196013289036545,0.1268559499985713,7.882957007623705,0.07038528621107402,-1.3846654667488905
89.40270655000131,15107.113433653209,12.31102532778061,513.2804350563717,513.428053729322,1.3739751793135484,221.00630629849795,10,1.196013289036545,0.1268098500004271,7.885822749546915,0.017108622769201488,-0.5040313506275038
89.52947055000186,15107.24019765321,11.781423997979367,513.0837239775484,513.2189686304367,1.315394040452569,221.41348909998328,10,1.196013289036545,0.1268098500004271,7.885822749546915,-0.1917294985564527,0.02090622293744855
89.65621414999987,15107.366941253207,13.52597201300159,513.1389058125332,513.3171422983849,1.5099258456912408,212.7342386869503,10,1.196013289036545,0.1268098500004271,7.885822749546915,-0.09644347055704904,-1.7219114337605668
89.78297815000042,15107.493705253208,13.029584411711852,513.2911213002404,513.4564687250518,1.454106408329348,213.19868880170094,10,1.196013289036545,0.1268098500004271,7.885822749546915,0.04431650312030386,-1.222154657695953
89.90974215000097,15107.620469253208,13.364636975880952,513.1659317959655,513.3399332581859,1.4918454099179763,214.1421266265893,10,1.196013289036545,0.1268098500004271,7.885822749546915,-0.07313480217362227,-1.5599975555369963
90.03648575000261,15107.74721285321,13.435776376563336,513.2983429745669,513.4741561045474,1.4993961134870775,222.93626904114564,10,1.196013289036545,0.1268098500004271,7.885822749546915,0.06087732816353057,-1.628073127297762
90.16321935000087,15107.873946453208,13.733594842006276,513.4552279937122,513.6388641656308,1.532148100671588,213.75503805457203,10,1.196013289036545,0.1268098500004271,7.885822749546915,0.22456968925370188,-1.9222049999531003
90.28995295000277,15108.00068005321,13.205372401460982,513.4030992922178,513.572900592619,1.4733945292604642,213.76388968202073,10,1.196013289036545,0.1267844000030891,7.887405705872607,0.16030741910587804,-1.3953210384866583
90.41668655000103,15108.127413653208,12.472667497924448,513.4277506282797,513.5792271400088,1.3916089979372237,221.32116370360933,10,1.196013289036545,0.12676400000054855,7.888675018109816,0.1681024666952378,-0.6622430063037279
90.54341015000318,15108.25413725321,11.686911280597458,513.3691030475338,513.5021128088082,1.3041202683654385,221.30058342324273,10,1.196013289036545,0.12676400000054855,7.888675018109816,0.09140062327235507,0.1219567125248957
90.6701337500017,15108.380860853209,13.378288115425555,513.3250408965666,513.4993439181409,1.4929058751516722,213.2176220691055,10,1.196013289036545,0.12676400000054855,7.888675018109816,0.08624615139317676,-1.5699861062371963
90.7968673500036,15108.507594453211,13.25518606802543,513.1609702467879,513.3321355051938,1.4796475597747418,222.17530282179712,10,1.196013289036545,0.12674360000164597,7.889944738724585,-0.08061204509231806,-1.4506896919636236
90.92364095000266,15108.63436805321,12.736179872424433,513.1808022337536,513.3388218896188,1.4216813705877027,221.48002060410226,10,1.196013289036545,0.12674360000164597,7.889944738724585,-0.07272071448143112,-0.9313646822823831
91.05041455000173,15108.761141653209,13.495818111330875,513.4210173822918,513.5983627274932,1.5057338353392502,221.77586240663186,10,1.196013289036545,0.12674360000164597,7.889944738724585,0.18490005328820938,-1.6852778812714064
91.17718815000262,15108.88791525321,13.043814227465054,513.1500558631936,513.3158101227737,1.4560937774122984,221.9548964312138,10,1.196013289036545,0.12674360000164597,7.889944738724585,-0.09638438969891591,-1.2396247448579183
91.30395175000376,15109.014678853211,13.146392483773456,513.2260706638777,513.3944168418868,1.4673224359382135,221.95494758557498,10,1.196013289036545,0.12674360000164597,7.889944738724585,-0.01803073395915913,-1.3404277865904584
91.43071535000308,15109.14144245321,12.166837635336158,513.1239915886458,513.2682170969767,1.3583029791677208,221.67469726445356,10,1.196013289036545,0.12674360000164597,7.889944738724585,-0.14260930825058374,-0.36347946783212265
91.5574789500024,15109.26820605321,14.060736183217285,513.4740357036463,513.666515984645,1.5685692119966972,213.24068551961432,10,1.196013289036545,0.12676359999932174,7.888699910742126,0.25089558517035515,-2.2488273113258668
91.68424255000355,15109.39496965321,12.760806124515527,513.3734298493457,513.5320015814287,1.4238949015395104,213.04742175683813,10,1.196013289036545,0.12676359999932174,7.888699910742126,0.1204222808146206,-0.951554629008687
91.81104615000368,15109.521773253211,11.597060055743738,513.2479891358726,513.3789927080707,1.2944026345913298,220.55831112102638,10,1.196013289036545,0.12676359999932174,7.888699910742126,-0.03174753733267247,0.20899895942377697
91.93790085000364,15109.648627953211,13.487821438863739,513.412112592647,513.5892509428244,1.504868142231194,212.59969085623987,10,1.196013289036545,0.12676359999932174,7.888699910742126,0.17581372179068125,-1.677488104054944
92.06478740000239,15109.77551450321,14.128593526773956,513.1160020804758,513.3104798716812,1.5772345579673854,221.6729591904585,10,1.196013289036545,0.12676360000114073,7.888699910628928,-0.10548286044885358,-2.3249002887436716
92.19167395000295,15109.90240105321,12.217533528579233,513.0265132198082,513.1719705829577,1.3642195869801226,221.67353963508128,10,1.196013289036545,0.12676360000114073,7.888699910628928,-0.23889606165279606,-0.41640363152152066
92.31856050000351,15110.02928760321,14.31981066772728,513.2536718045866,513.4533947676749,1.5981413717100823,212.7682957450991,10,1.196013289036545,0.12677359999906912,7.888077643983785,0.03654781230081927,-2.5129009162143605
92.4454278000012,15110.156154903209,13.536201912762447,513.2579201199665,513.436384889206,1.5107170724038987,220.64501315376364,10,1.196013289036545,0.12677359999906912,7.888077643983785,0.022774616136357517,-1.7294016959795744
92.57229510000252,15110.28302220321,13.433597484049866,513.394959381649,513.570682438015,1.49887106729664,221.97335004050947,10,1.196013289036545,0.1267736000008881,7.888077643870605,0.1574180769764406,-1.6236729558616403
92.69921710000199,15110.40994420321,12.787364292877887,513.3485704135411,513.5078104870315,1.4269261985066208,221.95494758557498,10,1.196013289036545,0.12680360000013025,7.886211432474889,0.09618016859468298,-0.9786774579614932
92.82618275000095,15110.536909853208,13.023700405950706,513.4120995150467,513.5772587456655,1.453107695016186,211.31307755500976,10,1.196013289036545,0.12685469999996712,7.8830346845663515,0.16512741172777187,-1.2134901125285544
92.95314839999992,15110.663875503207,11.883424649347951,513.24619750801,513.3837502666285,1.3263584873077148,220.94345423990538,10,1.196013289036545,0.1268672999976843,7.882251770300565,-0.026953260752596686,-0.07733110416120179
93.08012510000117,15110.790852203208,11.67057593020148,513.2177463964013,513.3504237445835,1.302682003325297,221.69043266786917,10,1.196013289036545,0.1268673000013223,7.882251770074538,-0.06029165892309045,0.13480704469820073
93.20710875000077,15110.917835853208,12.648075357100625,513.0817671923882,513.2376385608355,1.412123066996412,220.679192815353,10,1.196013289036545,0.12688654999874416,7.881055951240674,-0.17375567523657418,-0.8455609425974915
93.33412854999915,15111.044855653206,14.021890755346536,513.309283784383,513.5007636212346,1.5647397092972228,212.7984446045019,10,1.196013289036545,0.12688655000056315,7.881055951127695,0.08529392062234828,-2.213780901147954
93.46118689999821,15111.171914003206,12.354994718339704,513.1240834496233,513.2728035952287,1.3793004932646826,221.3989081136537,10,1.196013289036545,0.12688655000056315,7.881055951127695,-0.1381904861581223,-0.5515846786428749
93.58825459999753,15111.298981703205,11.936152309527255,513.3683022453272,513.5070452118508,1.3319247649004948,220.66627987230902,10,1.196013289036545,0.12692199999946752,7.878854729709549,0.09633174529523333,-0.12723681833365905
93.71532229999684,15111.426049403204,13.878977230873236,513.3523888272002,513.5399703271091,1.5486694347290595,222.25328783043025,10,1.196013289036545,0.1269656499989651,7.876146028537255,0.12510102950587948,-2.069913899107895
93.84238999999616,15111.553117103203,14.217909498724495,513.3605500210944,513.5574001691285,1.5864444898378367,221.79780784909596,10,1.196013289036545,0.1269656499989651,7.876146028537255,0.14105437693196132,-2.408568853275818
93.96941914999479,15111.680146253202,13.664882923124399,513.0446677883157,513.226616779884,1.5257054664452785,221.79023069317918,10,1.196013289036545,0.12697670000125072,7.875460615925205,-0.18746208508238832,-1.8629527680191738
94.09640974999638,15111.807136853204,14.831801974388839,513.2207968524643,513.4350676294773,1.6553561376359351,220.0652149104915,10,1.196013289036545,0.12698364999960177,7.875029580604559,0.015455646802362173,-3.025512836802086
94.22340034999434,15111.934127453202,12.464086917009967,513.1331234917097,513.2844785175498,1.391450176448462,221.3974837995369,10,1.196013289036545,0.1269905999979528,7.8745985924637,-0.12664407803680242,-0.6604401361594029
94.35039094999593,15112.061118053203,13.381275533649617,513.4724546687517,513.6467854844034,1.4928105924950512,220.76451977491135,10,1.196013289036545,0.1269906000015908,7.874598592238112,0.23368963944318752,-1.5695827092759949
94.47742009999456,15112.188147203202,13.6787655142208,513.3216453731114,513.5038658418761,1.5264310610079121,220.38185744332813,10,1.196013289036545,0.1269906000015908,7.874598592238112,0.08976150399746641,-1.8704621270148263
94.60448779999388,15112.315214903201,13.374139937999859,513.2143859034505,513.3886184142935,1.4927648249157148,212.86832850863965,10,1.196013289036545,0.1270197999983793,7.872788337036898,-0.02447497234156184,-1.5683837216404581
94.7315679499934,15112.4422950532,11.981141784400268,513.4482545177838,513.5880234446835,1.336735098551186,220.82823650360504,10,1.196013289036545,0.12702914999863424,7.872208859232322,0.1772974815950929,-0.17037575974095776
94.85866054999315,15112.5693876532,13.178984119785211,513.0861675878749,513.2553954830308,1.4713594346160217,221.56031694314018,10,1.196013289036545,0.12702914999863424,7.872208859232322,-0.15714731250083142,-1.3762281076482
94.98576959999264,15112.6964967032,14.048734396869127,513.2049307446309,513.3971833568579,1.5680523860203421,220.3676402440965,10,1.1940298507462686,0.12705834999906074,7.870399702242256,-0.018414207873385637,-2.243017215546214
95.11289509999551,15112.823622203203,14.63428094506235,513.209151122322,513.417758725264,1.633360163925548,221.20042808561095,10,1.196013289036545,0.12706769999931566,7.869820576003073,-0.0007293284754719964,-2.828311856500268
95.240044999995,15112.950772103202,12.930182726313198,513.438438565064,513.601226460244,1.4426039922071838,220.3674398034453,10,1.196013289036545,0.12706769999931566,7.869820576003073,0.189308901413607,-1.1193914541047139
95.36721929999476,15113.077946403202,12.425191033430721,513.3729511946915,513.5232929386596,1.3864619152430884,220.48655444000198,10,1.1940298507462686,0.12706769999931566,7.869820576003073,0.11222572492031037,-0.6160393015710092
95.49439359999451,15113.205120703202,13.774818226469572,513.2343900193891,513.4192095313017,1.537405788003426,220.48307693674676,10,1.1940298507462686,0.12706769999931566,7.869820576003073,0.004738117722609375,-1.968496019469963
95.621543499994,15113.332270603201,14.244287042015877,513.1167594449734,513.3144343739478,1.5901409637287613,219.88488563818197,10,1.196013289036545,0.12708014999952866,7.869049572287325,-0.10206513122798759,-2.4405457910210515
95.74869339999532,15113.459420503203,12.163861299451138,513.0990963477249,513.2432583040562,1.35803668935004,221.52206334698312,10,1.1940298507462686,0.12709259999974165,7.868278719626735,-0.16756641121851812,-0.36107642657971506
95.87586769999507,15113.586594803202,11.995182837103169,513.3698039469028,513.5099220227171,1.338505526352042,220.56786788782333,10,1.1920529801324504,0.1271090499994898,7.867260435067479,0.09919055500191197,-0.18621720067028005
96.00306909999563,15113.713796203203,13.268501800496947,513.2291534234791,513.4006399137139,1.480936621318514,221.77572748643635,10,1.1940298507462686,0.12712550000287592,7.866242413814517,-0.012140682566906306,-1.4624339173054135
96.13027049999437,15113.840997603202,12.902377365348457,513.3961045666002,513.5582065606949,1.43962173991177,220.45690760257975,10,1.1940298507462686,0.12714989999949466,7.8647328861758785,0.14634666795409348,-1.092566987279125
96.2574718999931,15113.9681990032,13.031693353081778,513.0902073135152,513.255673005837,1.4549109069534099,221.55991927698562,10,1.196013289036545,0.12714989999949466,7.8647328861758785,-0.15649585162137053,-1.2288833929888123
96.38470039999447,15114.095427503202,13.878772823146742,513.4467925102928,513.6343340102802,1.548362037600765,212.86439636214715,10,1.196013289036545,0.12714990000131365,7.864732886063367,0.2194750460676877,-2.0675385755622786
96.5119288999922,15114.2226560032,13.017006065310031,513.2726606998942,513.4376950213658,1.452755488262662,220.6442042716185,10,1.196013289036545,0.12717429999975138,7.863223937556212,0.025571524813864502,-1.2100041699840334
96.63915739999356,15114.3498845032,12.243764508080325,513.0760230919516,513.2220915365805,1.3670155743044923,221.66481073568863,10,1.196013289036545,0.12717429999975138,7.863223937556212,-0.18879605775587918,-0.4414891120784435
96.76638589999129,15114.477113003199,11.122482544708186,513.2465785555387,513.3670811582333,1.2414531390942667,221.76484693330147,10,1.196013289036545,0.12717429999975138,7.863223937556212,-0.0440714446727189,0.6834185258683445
96.89358729999185,15114.6043144032,13.301703010813686,513.4106303616617,513.5829150890308,1.484116103842,211.68098981258245,10,1.1940298507462686,0.12720139999873936,7.861548693724366,0.17005177965030546,-1.4914529829318417
97.0207615999916,15114.731488703199,12.65200087008939,513.1754818565615,513.3314215053769,1.4123033087930135,220.36600930542946,10,1.1940298507462686,0.12720139999873936,7.861548693724366,-0.07997552097394048,-0.8473302927127211
97.14793589999135,15114.858663003199,14.146879347759423,513.228851703639,513.4237902710742,1.5789277704665128,212.68794445469067,10,1.1940298507462686,0.12720139999873936,7.861548693724366,0.007757431597920056,-2.3405861089113946
97.27510909999182,15114.9858362032,12.847248043718652,512.9566838820363,513.1175414284256,1.4347005528041736,221.5754142577284,10,1.1940298507462686,0.12720139999873936,7.861548693724366,-0.29422559871794507,-1.0475574553387381
97.40228119998937,15115.113008303197,13.468468207076825,513.2759128398776,513.4525901555612,1.5031084141353201,213.1370215882355,10,1.1920529801324504,0.12720139999873936,7.861548693724366,0.03920492838392357,-1.6612721304800422
97.52945329999056,15115.240180403198,12.33538169672977,513.1515164876932,513.2997569795093,1.3770381650804782,220.27599932949454,10,1.1920529801324504,0.12720139999873936,7.861548693724366,-0.11121573706990001,-0.5313459754718182
97.65662539998812,15115.367352503195,10.504368345723972,512.9595713265427,513.0671140989774,1.1731370240743593,230.99012460474222,11,1.1920529801324504,0.12720139999873936,7.861548693724366,-0.3452173374096504,1.2947690503381757
97.7837974999893,15115.494524603197,11.7843625532886,513.0583760814006,513.1936948833952,1.3157869953803745,220.34027141427987,10,1.1920529801324504,0.12720139999873936,7.861548693724366,-0.21700311427137245,0.01738552767687651
97.91096529998686,15115.621692403194,7.662280823720421,513.649338468768,513.7064857064046,0.8546371226177382,239.7783794101157,11,1.1920529801324504,0.12717429999975138,7.863223937556212,0.27900885549837817,4.151967302701746
98.03810979998889,15115.748836903196,13.0196806924446,513.3113877066245,513.4764773917436,1.4529442812256959,221.39936850479788,10,1.1920529801324504,0.12717429999975138,7.863223937556212,0.06434979737117477,-1.2117874977904564
98.16525429998728,15115.875981403195,14.193175982489102,513.1022823336932,513.298547027473,1.5844828480083601,221.4945057676845,10,1.1920529801324504,0.1271732000004704,7.863291951419805,-0.11771379783092027,-2.3897811735151797
98.29239359998792,15116.003120703195,11.239207165491539,513.3358162659264,513.45883967375,1.2542593897266439,221.6772380273265,10,1.1920529801324504,0.1271721000011894,7.863359966459997,0.04782694306783559,0.5687769436089304
98.41950199998792,15116.130229103195,13.027794214818599,513.4760634507863,513.6413059315028,1.4533832686791621,220.83676728738197,10,1.1920529801324504,0.1271721000011894,7.863359966459997,0.22916857562675294,-1.2161118815514738
98.54660179998791,15116.257328903195,13.854705164535531,513.467451345817,513.6543355669893,1.545616114657853,213.21775763732208,10,1.1920529801324504,0.1271720999975514,7.863359966684942,0.2395749423092351,-2.0430021975222385
98.67369489998782,15116.384422003195,11.195464663344497,513.1788170993256,513.3009222166771,1.2497615246039102,222.165453008162,10,1.1920529801324504,0.1271720999975514,7.863359966684942,-0.11013663547386851,0.6088974204472845
98.80078799998773,15116.511515103195,11.576967002674941,513.1850646743072,513.3156307475489,1.292319100329483,221.02388688794676,10,1.1920529801324504,0.1271677999975509,7.863625855124165,-0.09511743121434335,0.22763964595453592
98.92788109998764,15116.638608203195,14.233670353678985,513.3707020494393,513.5679848807472,1.5881708060942346,221.95982567057584,10,1.1920529801324504,0.12714450000203215,7.865066911931048,0.1515661675907944,-2.4240920773467827
99.05496169998878,15116.765688803196,13.411355956486135,513.3984399650506,513.573580538504,1.4963804290910547,213.1370047372109,10,1.1920529801324504,0.12714449999839417,7.86506691215609,0.16038625895012643,-1.6013572684432622
99.18203459998767,15116.892761703195,12.556507959568053,513.1434383438367,513.2970428586879,1.4017354939302165,220.36533259060423,10,1.1920529801324504,0.12713930000063556,7.865388593416836,-0.11420657800158243,-0.7525995300093978
99.30911519998881,15117.019842303196,11.972364881798018,513.4385055731884,513.5780724739832,1.3357815686524896,220.37949348225808,10,1.1920529801324504,0.12710839999999735,7.867300666203184,0.1673492756997416,-0.16182537147631318
99.43619579998995,15117.146922903197,11.840169546127248,513.2758786512021,513.4124240998113,1.3214559274302888,221.70191888131396,10,1.1920529801324504,0.12709979999999632,7.867832994229959,0.0017253098966651026,-0.03340487280296115
99.56326869998884,15117.273995803196,13.369957866213594,513.5231714333897,513.697190348897,1.4914013255859015,213.13814940974555,10,1.1920529801324504,0.12709309999991092,7.868247764833031,0.28413272300663334,-1.5571017184436027
99.69034159999137,15117.401068703199,11.624470105813575,513.1447026153672,513.2763525893772,1.2977220207192919,222.25490812328258,10,1.1920529801324504,0.12709309999991092,7.868247764833031,-0.13437640312391175,0.17922091265554577
99.81741449999026,15117.528141603198,12.951122162092048,513.1770310544487,513.3404297024695,1.4456749147725603,221.7668368814183,10,1.1920529801324504,0.12709309999991092,7.868247764833031,-0.07154794063341265,-1.1463368532311098
99.9444862999917,15117.655213403199,11.7619686701452,513.0498244364443,513.1846317469608,1.3133093578253656,220.71627642249032,10,1.1920529801324504,0.1270806000011362,7.869021707412927,-0.22606748230357215,0.03957682925827787
100.07155494999097,15117.782282053198,13.993633178390436,513.3875113389396,513.5781912896235,1.5613501052411387,222.14705597872924,10,1.1920529801324504,0.1270806000011362,7.869021707412927,0.1628509572237874,-2.1837318242745445
100.19861364999088,15117.909340753198,13.623800824730676,513.3070594368031,513.4878238250345,1.520343544874984,213.22637005574654,10,1.1920529801324504,0.1270806000011362,7.869021707412927,0.07391542050866819,-1.815847401282638
100.32566444999247,15118.0363915532,13.030437147848426,513.1426599109798,513.3080768045438,1.454622079022906,221.95503295097723,10,1.1920529801324504,0.12707290000253124,7.869498531788292,-0.1040860142109048,-1.2264212851561667
100.45271524999043,15118.163442353198,14.450651495589932,513.291731506635,513.4951051000646,1.6126164743859164,222.05005622988068,10,1.1920529801324504,0.12707289999889326,7.869498532013588,0.07760635183511368,-2.642831895919379
100.57976604999203,15118.2904931532,14.462686817282933,513.3242912101528,513.5279907233689,1.6138565248929042,212.94832549206208,10,1.1920529801324504,0.12707289999889326,7.869498532013588,0.11043421693138306,-2.6541152701771784
100.70681684998999,15118.417543953197,14.212057033352194,513.4019762148577,513.5986485052706,1.5856639095243061,213.30735827782783,10,1.1920529801324504,0.12707289999889326,7.869498532013588,0.182335028010035,-2.4017652713354867
100.83380989999205,15118.5445370032,13.534696928849447,513.1540509220911,513.3325121192967,1.5108547989913286,221.76681776915623,10,1.1920529801324504,0.12707180000143126,7.869566654353969,-0.08110172228154844,-1.7302857552211257
100.96073704999071,15118.671464153198,13.243301247190171,512.9430688007742,513.1139998661891,1.478949193501328,221.9586898868745,10,1.1920529801324504,0.12706864999927348,7.869761739073466,-0.2987291765100846,-1.4438190207281851
101.08765604998916,15118.798383153196,12.84983512206487,513.1044212763693,513.2652972839895,1.4345763391276583,221.7662383554336,10,1.1920529801324504,0.12705869999990682,7.870378022132552,-0.1464677805865349,-1.046746382142754
101.21457504998762,15118.925302153195,13.728304929828465,513.4250513731461,513.6085569125227,1.5316482029655412,213.04762708143312,10,1.1920529801324504,0.12705080000159796,7.870867400972073,0.19427939880607004,-1.9176104483708127
101.34149224998691,15119.052219353194,13.789803059914297,513.3427108963255,513.5278935937362,1.538752833600239,213.1518603694771,10,1.1940298507462686,0.12705080000159796,7.870867400972073,0.1133749495022657,-1.9809858711303228
101.46840944998621,15119.179136553194,12.59259420046057,513.415974484804,513.5703810432202,1.4050164173687072,211.76855181699588,10,1.1940298507462686,0.12705079999795998,7.870867401197447,0.1590873517228815,-0.7824088052582676
101.59533659998488,15119.306063703192,12.157116348309854,513.3483700103463,513.4923022501757,1.3566251009693533,220.17228763935563,10,1.1920529801324504,0.12705079999795998,7.870867401197447,0.08148621753942459,-0.34860079627971263
101.72227189998739,15119.432999003195,13.431420386272459,513.1186009149412,513.2943616079369,1.4994350373165963,221.5796679292034,10,1.1920529801324504,0.1269930500020564,7.874446672347872,-0.11891737043757367,-1.627851756919192
101.84920719998627,15119.559934303194,12.676820709102826,513.121835996249,513.2784043376969,1.4152206272873806,221.18379678613854,10,1.1940298507462686,0.12693530000251485,7.878029200546956,-0.13303642067144922,-0.8733772437936153
101.97614249998878,15119.686869603196,10.982766587471676,513.1718913223215,513.2894029738422,1.2260416728918657,221.67505540565486,10,1.196013289036545,0.12693530000251485,7.878029200546956,-0.1219519272995233,0.8213799767811751
102.10307779998766,15119.813804903195,14.34910264949287,513.4141954536143,513.6146735054673,1.6009083251370917,213.13721317611214,10,1.196013289036545,0.12693529999887687,7.87802920077274,0.19770262741434963,-2.538493642889155
102.23005914998794,15119.940786253195,13.804289088439157,513.557581142893,513.7430754244541,1.5397243241415652,219.98952999798126,10,1.196013289036545,0.12693529999887687,7.87802920077274,0.3285215022015437,-1.9905267696227384
102.35704049998822,15120.067767603196,12.727842089901957,513.0539352685098,513.2117871393541,1.4211022202101666,221.4606872378987,10,1.196013289036545,0.12693529999887687,7.87802920077274,-0.19974586989876542,-0.925946621856865
102.48397579999073,15120.194702903198,13.275490724791185,513.4507611667166,513.6223542610511,1.4810770973503828,220.650422888954,10,1.196013289036545,0.12693529999887687,7.87802920077274,0.20956917662094077,-1.464324754284452
102.61095714999101,15120.321684253198,12.793737602961077,513.3034153430552,513.4628281820394,1.42776263066916,221.7668635394324,10,1.196013289036545,0.12693529999887687,7.87802920077274,0.05118360461767678,-0.986087498599899
102.73793849999129,15120.448665603199,13.005070785823373,513.1092621464753,513.2740464572942,1.4518860333843953,221.6596313343434,10,1.196013289036545,0.12693529999887687,7.87802920077274,-0.13805828813052404,-1.201829668677952
102.86491984999157,15120.575646953199,13.08456950192286,513.1880268140116,513.3548059815056,1.4605333343323403,221.8650083928623,10,1.196013289036545,0.12693530000251485,7.878029200546956,-0.057486245218597486,-1.2794960360100163
102.99190119999184,15120.7026283032,12.87709760382939,513.2613930396941,513.4229029053397,1.437179205287036,213.31582956571756,10,1.1980033277870217,0.12693530000251485,7.878029200546956,0.011089416417962785,-1.070391827060224
103.11883649999072,15120.829563603198,14.249793358208949,513.2074377306957,513.4052305468435,1.5904744126850878,213.2418232548985,10,1.1980033277870217,0.12693530000251485,7.878029200546956,-0.011284199219257308,-2.443965352862211
103.245817849991,15120.956544953198,12.565513578629702,513.2708740434858,513.4246607564334,1.4023922918147027,221.67508759355536,10,1.2,0.12693530000251485,7.878029200546956,0.013402519427718093,-0.7586721713645898
103.37284524999268,15121.0835723532,12.906614185331241,513.2524614513992,513.4147152893546,1.440497143869255,221.58652973186355,10,1.2,0.12698135000027833,7.875172220155228,0.0028389730926929903,-1.1001059994020808
103.49987264999072,15121.210599753198,13.948683254981352,513.3200071723614,513.5094892287591,1.5565418199820735,212.68898636592658,10,1.2,0.12698135000027833,7.875172220155228,0.09433094434958292,-2.1403461589504835
103.62692254999274,15121.3376496532,12.043712540025172,513.1634375369684,513.3047483089406,1.3444590771820626,220.37833852111333,10,1.2,0.12698135000027833,7.875172220155228,-0.10600525830724829,-0.23947980871099378
103.75399494999147,15121.464722053199,13.425843945161578,513.5872723423338,513.7627269447233,1.4974456768013376,222.69833562020216,10,1.2,0.12698135000027833,7.875172220155228,0.3495018733718739,-1.6114989107255664
103.88106484999298,15121.5917919532,13.462849165408105,513.4833813025047,513.6598399539367,1.5018748187386644,222.28166391490237,10,1.2,0.12698135000027833,7.875172220155228,0.246489305041287,-1.6508834920767674
104.00813224999001,15121.718859353197,12.583990189580925,512.9875752037016,513.1418995974358,1.4052288779062707,221.7701149915192,10,1.2,0.12698135000027833,7.875172220155228,-0.26939649920278275,-0.783658824541425
104.13520214999153,15121.845929253199,13.105178980676662,513.0213557834039,513.1887150025393,1.4633078590093627,221.67246593652388,10,1.2,0.12698135000027833,7.875172220155228,-0.22363924901473586,-1.3039329422756163
104.26227454999025,15121.973001653198,12.528550726733481,513.2897676974515,513.4426454884868,1.3982171911477252,221.67508759355536,10,1.2,0.1270273999980418,7.8723173111896765,0.0314411544871707,-0.7212846035690461
104.38934444999177,15122.100071553199,12.698701174050175,513.1564254111333,513.3135240301388,1.4175668136870037,222.04227376867496,10,1.2,0.12702740000167978,7.8723173109642195,-0.09795297552116959,-0.8944564810838342
104.51641434998965,15122.227141453197,12.601114457437646,513.08027256443,513.2349892401717,1.4068862186357953,221.86462910379106,10,1.2,0.12704990000202088,7.8709231568391145,-0.17632985200649834,-0.7986468335912763
104.64348424999116,15122.354211353198,13.80217842827163,513.3415077486571,513.527023346416,1.540136698084288,221.84909697677946,10,1.2,0.12706739999703132,7.869839156411189,0.11245671221686981,-1.9933856351030428
104.7705316499887,15122.481258753196,13.900108299431968,513.4513183184138,513.6394351037048,1.550727470593645,220.65160518413177,10,1.2,0.12706739999703132,7.869839156411189,0.22449030210240997,-2.0887643310110673
104.89754369998991,15122.608270803197,12.51643416438672,513.3578541526911,513.510416198588,1.3966802965558607,211.96351477463878,10,1.2,0.12706739999703132,7.869839156411189,0.09923096317516965,-0.7076054841440715
105.02454039998702,15122.735267503194,13.103936759251955,513.2872195266672,513.4544603837885,1.4624116762267336,212.94861537531224,10,1.2,0.12706739999703132,7.869839156411189,0.042125617432927615,-1.296577069922688
105.15153174998704,15122.862258853194,12.587227166561886,513.1939007225243,513.3482424500378,1.4050253198518092,221.95281216434702,10,1.2,0.12706739999703132,7.869839156411189,-0.06305110519453355,-0.7821501466362605
105.27852309998707,15122.989250203194,14.117150852716584,513.3447550460301,513.5388315224731,1.5752558954192062,222.06486025510821,10,1.2,0.12706739999703132,7.869839156411189,0.12294646614965157,-2.308200085475624
105.40551979998781,15123.116246903195,13.255016871284239,513.1880003100217,513.3591521872936,1.479550782405097,221.8694328619127,10,1.2,0.12706739999703132,7.869839156411189,-0.0535930211430214,-1.4498989386583365
105.53251649998492,15123.243243603192,13.040991887394206,513.3117914382748,513.4774218005871,1.4553203592328816,213.33662183283602,10,1.2,0.12706739999703132,7.869839156411189,0.06524350866266027,-1.233083772336795
105.65951319998567,15123.370240303193,13.799473156644705,513.3483661154374,513.5338065335038,1.5398144092695205,220.46293001635289,10,1.2,0.12704739999753656,7.871078038742941,0.11925105301997868,-1.9905233593441636
105.78650989998278,15123.49723700319,12.536684505385523,513.1636748794605,513.3167888099708,1.3994682316132485,221.865386540838,10,1.2,0.12701205000121263,7.873268717341801,-0.09443126743231689,-0.7323159454724252
105.91350659998352,15123.62423370319,13.384125517721857,513.2971488875017,513.4716135015764,1.4936381072917375,212.94832549206208,10,1.2,0.12699670000074548,7.874220353711001,0.05849575938593324,-1.576463387973298
106.04050329998063,15123.751230403188,12.923517186841018,513.4394701912845,513.6020899945653,1.4418577446523368,222.24152861183035,10,1.2,0.12699670000074548,7.874220353711001,0.19018696963366094,-1.1127039534269547
106.16749999998137,15123.878227103189,12.680927281362752,513.3511301199079,513.5077299438655,1.4150468201844737,220.91289542985382,10,1.2,0.12699670000074548,7.874220353711001,0.09629150172676776,-0.8722097298844322
106.29450299997916,15124.005230103186,14.064988557452835,513.2860729985483,513.4787402000129,1.5696176438826928,220.53168166006878,10,1.2,0.12699670000074548,7.874220353711001,0.06308037878998189,-2.257401076350683
106.42150599998058,15124.132233103188,13.769596606511763,513.3730822224256,513.5577117922186,1.536408296024259,222.00226230034883,10,1.2,0.12699670000074548,7.874220353711001,0.1432735626140103,-1.9600863222790565
106.54850269997769,15124.259229803185,13.825264243573821,513.4436302006727,513.6297297908775,1.5424048268114572,213.42554054819345,10,1.2,0.12699670000074548,7.874220353711001,0.21508305386660148,-2.0141168693507563
106.67549939997843,15124.386226503186,13.613367965397359,513.2209782395821,513.401496192361,1.5194345277684236,222.05650986891246,10,1.2,0.12699670000074548,7.874220353711001,-0.012382932799094054,-1.807396881461992
106.80249074997846,15124.513217853186,13.215987796504443,513.2224619802004,513.3925961819624,1.4750971968517523,222.19686965880152,10,1.2,0.1269966999971075,7.874220353936568,-0.020038003196684286,-1.410087681955119
106.92945879997933,15124.640185903187,13.501588600517204,513.1504586836054,513.3280492452485,1.507171226123131,221.93631779509005,10,1.2,0.1269966999971075,7.874220353936568,-0.08545439190597767,-1.6972687921652325
107.05640294998011,15124.767130053187,13.512582462718335,513.3957912369253,513.5735861048545,1.5076774212771502,222.71855009746983,10,1.2,0.1269966999971075,7.874220353936568,0.16006610335760885,-1.7026179164021584
107.18334114997924,15124.894068253187,12.593259884157487,513.2361779503753,513.3906549126301,1.4055826940662228,222.42970519336495,10,1.2,0.1269966999971075,7.874220353936568,-0.020646325520326494,-0.78720903358307
107.31027334997998,15125.021000453187,14.326293752469216,513.3986358828441,513.598483271755,1.5984133075885225,213.31632743005505,10,1.2,0.1269966999971075,7.874220353936568,0.18162264293709623,-2.516048596103756
107.43720554998072,15125.147932653188,14.1806114506836,513.1979262780438,513.3938072057354,1.5827860097392077,222.35880894820505,10,1.2020033388981637,0.1269966999971075,7.874220353936568,-0.022384089641380417,-2.3750204727549016
107.56413774998146,15125.274864853189,14.186843069630783,513.3044750208328,513.5004874317989,1.5831526828613112,213.4195411598845,10,1.2020033388981637,0.1269966999971075,7.874220353936568,0.08427978190482734,-2.378800177953034
107.69103559998257,15125.40176270319,12.52276631873148,513.392864022193,513.5455700375416,1.3972913527052393,213.58831447860285,10,1.2020033388981637,0.1269913500000257,7.874552085632585,0.1343771924598398,-0.713130853657029
107.81793344998368,15125.528660553191,14.102453701253157,513.441688850331,513.6353249630288,1.5733198081375215,213.60759134882042,10,1.2040133779264215,0.12696805000086897,7.875997150410328,0.2195166500355402,-2.2912776665691297
107.94480384998315,15125.65553095319,12.470394648143722,513.3864291469796,513.5378626498411,1.3914674531657987,213.39797245487455,10,1.2040133779264215,0.12694415000078152,7.877479978351453,0.1267396452375691,-0.6609210138603816
108.07161844998336,15125.78234555319,12.623717395443135,513.4387283460835,513.5938921039884,1.4084251908523595,213.49847101155626,10,1.2040133779264215,0.12693819999913103,7.877849221170976,0.1825509252448704,-0.8130005065288441
108.19843069998387,15125.909157803191,13.661966757660263,513.359167336734,513.5409273118864,1.524445972449962,214.1218882019612,10,1.2040133779264215,0.1269322000007378,7.878221601722711,0.12688722924912274,-1.852804932996186
108.32524059998468,15126.035967703192,12.816785716527253,513.3106700844555,513.4706554601306,1.4303134924443888,222.42493792256138,10,1.2020033388981637,0.1269322000007378,7.878221601722711,0.05896645718855645,-1.0089626820440676
108.4520401499849,15126.162767253192,13.295522622337183,512.9100788716852,513.082371486255,1.4848738809404842,222.60153222836266,10,1.2040133779264215,0.1269322000007378,7.878221601722711,-0.3305094636685467,-1.4967852438488558
108.57881424998413,15126.289541353191,13.445305496453113,513.0914268596745,513.2675603978782,1.5010638698071188,222.55674375324125,10,1.2040133779264215,0.12689785000111442,7.880354158807402,-0.14576492807313665,-1.6423581077137472
108.70558834998337,15126.41631545319,14.020644619525667,513.1775952777609,513.369090197893,1.5650020174993338,213.59980371043295,10,1.2040133779264215,0.12689785000111442,7.880354158807402,-0.04638841685307134,-2.2155634913513635
108.832377549983,15126.54310465319,12.95248157382175,513.0358898434898,513.1993677377454,1.446224187508294,222.07703595270527,10,1.2040133779264215,0.12687039999946137,7.882059172228081,-0.21262056369559912,-1.1509416826016297
108.95915164998223,15126.66987875319,12.84676591097852,513.129226662601,513.2900180694443,1.4341645266673322,213.2391952121934,10,1.2040133779264215,0.12681460000021616,7.885527376171951,-0.12173953596356488,-1.0431075415768738
109.08592574998147,15126.796652853189,13.98651147884125,513.4133375506499,513.6038139249409,1.560477427535943,213.13651387794334,10,1.2040133779264215,0.126812250000512,7.885673505485176,0.1885065636399295,-2.176018091378345
109.21271494998109,15126.923442053188,12.512428852617223,513.1868434147092,513.3393586407973,1.3966986165890098,221.95398164896196,10,1.2040133779264215,0.12680990000080783,7.885819640214444,-0.07182665841583083,-0.7075339082680492
109.33950414998071,15127.050231253188,12.857224166551678,513.4298290735643,513.5907880752715,1.4344915533674616,222.1431857883694,10,1.2040133779264215,0.12679955000021437,7.8864633194542835,0.17902388320621837,-1.0466501784296756
109.46629334998033,15127.177020453188,10.64561334578667,513.3092253364435,513.4196041241586,1.1880972684858595,231.20354046767292,11,1.2040133779264215,0.1267891999996209,7.887107103783208,0.007592367548385961,1.161602279821333
109.59308254997995,15127.303809653187,8.567473269716139,513.2529553295755,513.3244566088493,0.9563207948840938,231.30174306276362,11,1.2040133779264215,0.1267891999996209,7.887107103783208,-0.09645304943851005,3.237898752064011
109.71985664997919,15127.430583753187,8.619506008832108,513.3943109244823,513.466663351634,0.9618628607591272,238.36446377845843,11,1.2040133779264215,0.1267891999996209,7.887107103783208,0.04606174228358659,3.189130480700543
109.84661564997805,15127.557342753185,12.100987743445977,512.9892449737669,513.1319512202708,1.351308966940653,221.1909186625688,10,1.2040133779264215,0.1267891999996209,7.887107103783208,-0.27883461617807714,-0.3007457132549582
109.97338974997729,15127.684116853185,13.3441204083636,513.1904081875928,513.3638676467414,1.489485241583184,222.5576872392483,10,1.2040133779264215,0.1267891999996209,7.887107103783208,-0.049136696161083106,-1.5389235384165236
110.10016384997652,15127.810890953184,11.552216638172602,513.4560617025918,513.5860015697381,1.2888768031061717,222.53417586799748,11,1.2060301507537687,0.1267740999992384,7.888046533211497,0.17523875382343512,0.25861549289831653
110.22693794997576,15127.937665053183,9.891670834010144,513.376672567803,513.471959398639,1.1038305818912573,222.07257675755363,11,1.2040133779264215,0.1267740999992384,7.888046533211497,0.05768359854441524,1.9168964666513737
110.353712049975,15128.064439153182,11.411748889317725,513.4060164449373,513.5328282929652,1.2733341233481896,231.3854988744247,11,1.2040133779264215,0.1267740999992384,7.888046533211497,0.12197644128515152,0.39789521986937476
110.48047104997386,15128.191198153181,10.783570826377622,512.8848838644959,512.9982353736365,1.2044848589217014,231.27282164832775,11,1.2040133779264215,0.1267740999992384,7.888046533211497,-0.4134643218199474,1.0139228445439017
110.60723004997271,15128.31795715318,13.768660462206853,512.9813240323508,513.1660694326031,1.537476586777953,222.60298385179576,10,1.2040133779264215,0.1267740999992384,7.888046533211497,-0.24840255196458183,-1.9681595574100064
110.73398904997157,15128.444716153179,14.241994550220637,513.5098766991889,513.7073367943899,1.5886686640885945,222.53088790556274,10,1.2040133779264215,0.1267740999992384,7.888046533211497,0.2908954402127256,-2.4292135196866886
110.86074804997043,15128.571475153178,13.813314920427564,513.295016476706,513.4808483370268,1.541518322703444,214.2375204098312,10,1.2020033388981637,0.1267740999992384,7.888046533211497,0.06623383744665423,-2.0055883263287946
110.98749634996966,15128.698223453177,12.72706040295036,513.4041912892114,513.5619161306936,1.4200459266138707,221.8758623849273,10,1.2020033388981637,0.1267740999992384,7.888046533211497,0.1503995465085918,-0.9171104212506371
111.1142446499689,15128.824971753176,13.729650982915908,513.4048682942038,513.5884170270017,1.531858498402712,213.6740723463225,10,1.2,0.1267740999992384,7.888046533211497,0.17413261217786233,-1.9194202889888299
111.24099294996813,15128.951720053175,13.775633974471235,513.1332253634527,513.3181031907003,1.5377997631154672,222.9124155567596,10,1.2020033388981637,0.12675899999885587,7.8889861864563935,-0.09638102490044667,-1.9716380014444372
111.36773054996775,15129.078457653175,13.18241860204077,513.3754174629368,513.5446381917,1.4709138505640154,214.0472397554752,10,1.2,0.12675899999885587,7.8889861864563935,0.1321050496773803,-1.3730098991435609
111.49446814996736,15129.205195253175,13.001391778616162,513.5177501731158,513.6823103154708,1.4503213727234603,214.32206798541984,10,1.2,0.12675899999885587,7.8889861864563935,0.2702371055767791,-1.1887577721025784
111.62120574996698,15129.331932853174,12.256594220339894,513.1085163788472,513.254881791088,1.3683608406825036,214.9252618996401,10,1.2,0.12675899999885587,7.8889861864563935,-0.1560163233836224,-0.45356819418046845
111.74794194996684,15129.458669053174,12.124422102729513,513.041920141911,513.1851648617915,1.3537859337910003,223.1701053191811,10,1.2,0.12675899999885587,7.8889861864563935,-0.225634466307485,-0.3229625219318628
111.87467674996697,15129.585403853174,13.186304346257954,513.1812751477829,513.3506596709666,1.4719036196929072,223.07443258134634,10,1.2,0.12674829999923531,7.889652168952429,-0.06189656377754964,-1.3813592415307396
112.00135029996818,15129.712077403175,14.33540573132588,513.3606703887185,513.5607868202519,1.5995476454886248,214.32491414599545,10,1.2,0.12674829999923531,7.889652168952429,0.1438767342257862,-2.526031244972861
112.12802384996758,15129.838750953175,14.267578966777757,513.0727102567324,513.2710490761798,1.592876458931712,214.03276035692087,10,1.2,0.12674829999923531,7.889652168952429,-0.1455670337054556,-2.464844540467044
112.25469739996697,15129.965424503174,13.109705891578212,513.4081655994373,513.5755143041215,1.4627107277189129,223.2146257973432,10,1.2,0.12673759999961476,7.8903182639014755,0.16317237581745245,-1.2995633202335926
112.38130969996928,15130.092036803177,14.33124842824988,513.3022474435277,513.5022706007138,1.599265923349952,214.25983851084715,10,1.2,0.12673759999961476,7.8903182639014755,0.0853736353597482,-2.5232185742298925
112.50793764996888,15130.218664753176,12.695940634636706,513.0145605630327,513.1716343079377,1.4176505352548008,222.41920355082735,10,1.2020033388981637,0.12673759999961476,7.8903182639014755,-0.23984378948970042,-0.8949590901072803
112.63455594996958,15130.345283053177,13.477435137631822,513.1723586755372,513.349306969926,1.5044120601390258,222.42371872376535,10,1.2020033388981637,0.1267361999998684,7.890405424819731,-0.06411564070309762,-1.6726180900845329
112.76114894997045,15130.471876053178,12.368081587692394,513.5083813593503,513.6573051835823,1.379728004015819,212.98668994785942,10,1.2020033388981637,0.12673480000012205,7.8904925876636645,0.24630674715914014,-0.5558305167680697
112.88774194997131,15130.598469053179,13.95691091954571,513.4403057151114,513.6299668976131,1.5570947663531796,213.69427222098727,10,1.2020033388981637,0.1266735500012146,7.8943078487214695,0.21478688200092932,-2.1458051823512667
113.01432299997032,15130.725050103178,14.329675714487195,513.3213866191995,513.52135843287,1.599030919652829,222.021062380142,10,1.2020033388981637,0.12667354999939562,7.8943078488348295,0.10447158234674532,-2.5212061391727434
113.1408920999711,15130.851619203178,13.126791026349418,513.3405199664106,513.508327178863,1.4648090819751263,222.33073244008193,10,1.2,0.12667354999939562,7.8943078488348295,0.0959375333589392,-1.3181995606621808
113.26746119996824,15130.978188303176,12.939368282800752,513.384731716133,513.5477679932061,1.4437793382508475,213.61706183833533,10,1.2020033388981637,0.1266279499996017,7.897150668577873,0.13582749286858703,-1.129809659809864
113.39403029996902,15131.104757403176,13.587159969797781,513.4013974694952,513.5811579873969,1.5159780484855687,213.51058816999333,10,1.2020033388981637,0.1266183000007004,7.897752536516983,0.16738588726104262,-1.7770467761906827
113.52061134996802,15131.231338453175,12.510396320088375,513.3343750136034,513.4867968961739,1.396070639957422,213.49673128128128,10,1.2040133779264215,0.12661230000230717,7.898126801122622,0.07561918305730925,-0.702109178500067
113.64720434996889,15131.357931453176,13.679840432513231,513.3171970747876,513.4994477572253,1.5265641782766632,222.74858289260794,10,1.2040133779264215,0.1265930000008666,7.899330926616436,0.08533910159880051,-1.871639057062674
113.77379734996975,15131.484524453177,14.025359310632153,513.4028235973054,513.5943632687943,1.5648415643996245,222.44662150280723,10,1.2040133779264215,0.1265930000008666,7.899330926616436,0.17888876137171125,-2.2150974354019235
113.90037764997032,15131.611104753178,14.165418885872688,513.3990944798636,513.5944794338781,1.580471920529214,222.44652169404873,10,1.2040133779264215,0.1265930000008666,7.899330926616436,0.17838153326004558,-2.3552057279941065
114.02695794997089,15131.737685053178,13.645039804387022,513.2153188043027,513.3966795438644,1.522984653537135,213.67437428277685,10,1.2040133779264215,0.1265930000008666,7.899330926616436,-0.017312524722344264,-1.8391904927092122
114.15353824997146,15131.864265353179,14.193236946600203,513.2620256281847,513.4582309467535,1.5839967586170567,213.307354004426,10,1.2040133779264215,0.12658104999900388,7.9000766703062535,0.04198865319648677,-2.38616855847171
114.28010584997173,15131.990832953179,13.84961634762217,513.2988221397445,513.4856304542761,1.545556020976715,222.00914105181334,10,1.2060301507537687,0.12658104999900388,7.9000766703062535,0.07087330580693846,-2.0417926357527016
114.40671144997214,15132.11743855318,13.92874513920798,513.3214586898623,513.5103990111992,1.5543136130565594,222.37204827101047,10,1.2060301507537687,0.12658104999900388,7.9000766703062535,0.0953235678151366,-2.120379935914982
114.53335504997267,15132.24408215318,12.490696673089184,513.2308196786387,513.3827926327357,1.3941543012224344,222.24817366238025,10,1.2040133779264215,0.12658104999900388,7.9000766703062535,-0.028361792025710517,-0.6847961685843336
114.66003314997215,15132.37076025318,13.773894323509642,512.924679235893,513.1095855020435,1.5382305189040923,222.26539798706392,10,1.2040133779264215,0.12658104999900388,7.9000766703062535,-0.3049120068823965,-1.974694675983978
114.78674574997422,15132.497472853182,13.342353428527266,513.335209190461,513.5085738228975,1.48886819065211,221.84909697677946,10,1.2040133779264215,0.12658104999900388,7.9000766703062535,0.09558537824104582,-1.5338270857155574
114.91346799997336,15132.62419510318,12.72996514207934,513.357326401587,513.5151376373476,1.4204995094619879,222.15052077272733,10,1.2040133779264215,0.12658104999900388,7.9000766703062535,0.10361385200395742,-0.9210921283190849
115.04019989997687,15132.750927003184,13.101823363778628,513.3762839558419,513.5434418856548,1.461922362374446,213.4057022132816,10,1.2020033388981637,0.1265930000008666,7.899330926616436,0.13111789173507293,-1.2924160485116236
115.16693884997585,15132.877665953183,13.524259798526897,513.1904510136786,513.368624493863,1.5095832282930175,222.24645416268316,10,1.2,0.1265930000008666,7.899330926616436,-0.04495127618901152,-1.719014304371183
115.29368484997758,15133.004411953185,7.912029111772122,513.2807352824991,513.3417121341382,0.8831229080621721,231.10481586331414,11,1.2020033388981637,0.12660560000040277,7.898544772086058,-0.08375347289063767,3.8938084186514814
115.42043699997521,15133.131164103183,10.663654332608402,513.4469122406834,513.557635726719,1.1897910929067153,230.23610196752787,11,1.2,0.1266436000005342,7.896174777057679,0.14565774187829608,1.1467324037017765
115.54719529997601,15133.257922403183,12.737129693601311,513.0257428083028,513.1838337836086,1.4222169027904346,221.31461586410444,10,1.2,0.12667809999948076,7.894024302575574,-0.2277172904654653,-0.935880101935994
115.67396534997533,15133.384692453183,12.600956535630662,513.1011367745537,513.2558432837877,1.4068114096570983,221.5596260506443,10,1.2,0.1267126000020653,7.8918749988848855,-0.15547479127060276,-0.7980091462969641
115.80074714997318,15133.51147425318,9.249561791955552,513.1194327649379,513.20279293312,1.03270979085445,231.21102902645123,11,1.2,0.1267222499991476,7.891274026516468,-0.21425454167186708,2.552920040084041
115.92752894997466,15133.638256053182,10.127873365537317,513.2625460862719,513.3624597045159,1.1304333563327884,231.10534414609648,11,1.2,0.12673190000350587,7.890673145217079,-0.050980830801168206,1.6781318723717442
116.05432354997356,15133.76505065318,9.410174699847772,513.2096331013815,513.2958979925091,1.0504535551192509,231.21101126418455,11,1.2,0.1267389499989804,7.890234217721111,-0.12038449821294839,2.394423914525189
116.18113094997352,15133.89185805318,13.804440428923455,513.3432739657891,513.5288497265474,1.5403836878732937,213.94300218402537,10,1.2,0.12674600000173086,7.88979533860117,0.11427448072934485,-1.9956064204463586
116.30792554997242,15134.01865265318,12.105167910220061,513.1621382687104,513.3048950113856,1.3513203221883234,222.2194559708146,10,1.2,0.1267521499976283,7.889412526877938,-0.10589091440124865,-0.30094880536189456
116.4347073499739,15134.145434453181,12.874719425685704,513.3005568568119,513.4619947667045,1.4368043065989973,222.60883962496573,10,1.2,0.12675830000080168,7.8890297518480095,0.05018818617432921,-1.0671136406623773
116.56148914997175,15134.272216253179,13.316163913291787,512.8929299384345,513.0657636231417,1.4872278147990567,222.60292452422976,10,1.2,0.1267700499993225,7.8882985374332835,-0.3471791808884515,-1.5178154443167258
116.68827094997323,15134.39899805318,13.665149154513234,513.0896092535241,513.2715494018241,1.5256016017190164,222.34458931918135,10,1.2,0.12678179999784334,7.887567458554862,-0.14252638258199724,-1.8621854251801508
116.81505274997107,15134.525779853178,12.7663601009686,513.3308023866339,513.4895253353596,1.4246326223867094,222.51903867786942,10,1.2,0.12678179999784334,7.887567458554862,0.07793381422383358,-0.9580874261472566
116.94180959997175,15134.652536703179,13.43836694426457,513.2287484524652,513.4046532163616,1.4998883482542238,222.42421178993544,10,1.2,0.12678179999784334,7.887567458554862,-0.008639214673659822,-1.6322634518137256
117.06854324997403,15134.779270353181,12.979191504318136,513.2618075509689,513.4258880331158,1.44856763349425,222.05334209073388,10,1.2,0.12678179999784334,7.887567458554862,0.01385163730164305,-1.1724491955957335
117.19530184997348,15134.90602895318,13.73706242116296,513.3757775049877,513.5595348280602,1.5327718297739483,213.21757433035518,10,1.2,0.12678179999784334,7.887567458554862,0.14521995462424256,-1.9274987583544227
117.32208364997132,15135.032810753179,12.601655017219043,513.4220796241424,513.5767065928441,1.4060102582269225,221.5375281453789,10,1.2,0.12678179999784334,7.887567458554862,0.16539924507445508,-0.7913268279645689
117.44886729997233,15135.15959440318,12.340080952076594,513.3281593183508,513.4764617264067,1.3770887014516424,221.20207308995137,10,1.2,0.12678179999784334,7.887567458554862,0.06548844613128568,-0.5319817920574426
117.57565279997289,15135.28637990318,13.564114925007425,513.2457478220412,513.4249534947684,1.5138667608919314,213.40568071366854,10,1.2,0.12678180000148132,7.8875674583285305,0.011247443468114494,-1.7575872486554964
117.70243829997344,15135.41316540318,13.91920536564768,513.3312436551249,513.51992170755,1.5532199949377077,222.14096438296008,10,1.2,0.12678180000148132,7.8875674583285305,0.1048865623858591,-2.11061766365835
117.82919874997242,15135.53992585318,13.862247331852162,513.3015955793984,513.4887437183464,1.5469565440141486,222.81624366643862,10,1.2,0.12678180000148132,7.8875674583285305,0.07393648251493472,-2.0543564997517905
117.95595919997322,15135.66668630318,13.57850894812056,513.4173825796944,513.5969087136706,1.5149661191295705,223.2180877316406,10,1.2,0.12678179999784334,7.887567458554862,0.18316782541804194,-1.76803043812318
118.08271964997402,15135.793446753181,13.002955413441292,513.2693448081088,513.4340241639906,1.4511974153944254,213.66481293484742,10,1.2,0.12678179999784334,7.887567458554862,0.021933391809170713,-1.196033488379001
118.20944564997262,15135.92017275318,13.932685759634317,513.4019372450903,513.590954845866,1.5545095360429855,213.58438317401732,10,1.2,0.12678179999784334,7.887567458554862,0.17587146095150444,-2.122468775836042
118.3361622499724,15136.04688935318,12.185953496896394,513.1112712838891,513.2559538682405,1.3604699814773233,222.6380383413978,10,1.2,0.12676045000080194,7.888895945018131,-0.15488664795271065,-0.3828827986320826
118.46286989997316,15136.17359700318,12.915281667827148,513.2014792068799,513.3639671428925,1.4416072437214194,222.82591458644904,10,1.2,0.12676045000080194,7.888895945018131,-0.04793046555895328,-1.1099436113095795
118.58955724997213,15136.30028435318,13.414259814042452,513.2665183748426,513.4417798066215,1.4970887946797389,221.28468021461467,10,1.2,0.12676044999898295,7.888895945131336,0.028566335537152147,-1.6072941146689366
118.71624459997474,15136.426971703182,13.011478528233548,513.3877813401733,513.5526385901219,1.4518133706809582,222.5194185893483,10,1.2,0.12675859999944805,7.889011080939316,0.1405346055690623,-1.2018307039094196
118.84293194997372,15136.553659053181,12.990241638021887,513.4340680871827,513.5983729047124,1.449314168637792,213.84798426593903,10,1.2,0.12675859999944805,7.889011080939316,0.1863207340152152,-1.1795349891533107
118.96961929997633,15136.680346403184,12.763930013059461,512.8621708421709,513.0209783140671,1.4256625378769752,222.882481512254,10,1.2,0.12675859999944805,7.889011080939316,-0.39062968066917825,-0.9664349435393046
119.0963066499753,15136.807033753183,14.404962491878464,513.1305306817496,513.332683999496,1.6080252422695118,222.52781091394033,10,1.2,0.12672599999859813,7.891040512689284,-0.0846025368722419,-2.6008620564131193
119.22295924997707,15136.933686353184,12.181384538726865,513.4250547877973,513.569540581539,1.359129245518842,213.58605860101693,10,1.2,0.12671659999978147,7.891625880127187,0.15870880251239106,-0.371099074634138
119.34959634997722,15137.060323453185,12.06692027022892,513.4791226363008,513.6208912691862,1.3462209840606574,213.85701014622677,10,1.2,0.12670765000075335,7.892183305380965,0.21013005588711609,-0.255421696958405
119.47625684997911,15137.186983953186,13.381514302652754,513.346826395808,513.5212060817742,1.4932023851024736,213.7838462756397,10,1.2,0.12668735000261222,7.893447924985254,0.10810008082601325,-1.5727104464442243
119.60294419997808,15137.313671303185,13.506805324086997,513.5144667365984,513.6920685954143,1.506685008069875,213.31710738284585,10,1.2,0.12668735000261222,7.893447924985254,0.2785773633914403,-1.6941131648712215
119.7296315499807,15137.440358653188,14.192761208674604,513.2972027327563,513.4933814607534,1.5838351972718658,213.39493475061298,10,1.2,0.12668735000261222,7.893447924985254,0.07714551450618651,-2.384883990268843
119.85629204998077,15137.567019153188,13.881437089710657,513.4408077140084,513.6284233973904,1.5486771700754134,213.86856191572554,10,1.2,0.12668734999897424,7.893447925211923,0.2135531017579077,-2.0703397678942124
119.98295254998084,15137.693679653188,12.580225018961494,513.133483164177,513.2876713946366,1.4044093042929473,222.4279327546621,10,1.2,0.12668734999897424,7.893447925211923,-0.12361371166157767,-0.7765392531621564
120.10962854998434,15137.820355653192,13.184268805785912,513.2547555768634,513.4240635831253,1.471465904312525,222.42078252811277,10,1.2,0.12668734999897424,7.893447925211923,0.011517622153449064,-1.377634434561351
120.2363045499842,15137.947031653192,13.978597835031309,513.3215610577731,513.5118559918774,1.5598736385665044,223.03657036392744,10,1.2,0.12668734999897424,7.893447925211923,0.09657235439994481,-2.1702170936600638
120.36296504998609,15138.073692153193,12.758954675510893,513.3345046876113,513.4930424331833,1.423796306584412,213.67762817340991,10,1.2,0.1266760000034992,7.89415516729591,0.08146483600862953,-0.9505988185401851
120.48957744998552,15138.200304553193,14.092544258203851,513.3960979912654,513.5894792889808,1.5723543770836281,213.60469658103847,10,1.2,0.12667599999986123,7.89415516752262,0.1737099637072807,-2.282419281867753
120.61615724998774,15138.326884353195,13.32652786332499,513.3589359292696,513.5318816230633,1.4870343142806155,213.58483280718443,10,1.2,0.1266605000018899,7.895121209730572,0.118941907095679,-1.517460069850554
120.74276964998717,15138.453496753194,12.215800800717709,513.1970746909017,513.3424424889313,1.363573018255889,213.6870506992546,10,1.2,0.1266605000018899,7.895121209730572,-0.0684195439130808,-0.41074901687869136
120.86937389998639,15138.580101003194,13.149360087256415,513.2659321003143,513.4343412019776,1.4675395858335394,213.75498194511763,10,1.2,0.1266605000000709,7.895121209843955,0.02188840577410136,-1.342477925165312
120.99593739998818,15138.706664503195,13.197388149260558,513.1148755925885,513.2845668908816,1.4733308369411782,222.9121695419597,10,1.2,0.1266605000000709,7.895121209843955,-0.12802366855566802,-1.393967081658049
121.12250089998633,15138.833228003194,13.249167313249066,513.3546763781228,513.5256217500561,1.4784181776740284,213.67590044567524,10,1.2,0.1266605000000709,7.895121209843955,0.1129044477668034,-1.4402179338827161
121.24905984998622,15138.959786953194,12.331316066107298,513.3897001040406,513.537774198587,1.3759460690648084,213.39822797484177,10,1.1980033277870217,0.1266605000000709,7.895121209843955,0.12681139370479055,-0.5218039912013464
121.37561879998611,15139.086345903193,12.39267895147616,513.1489597333382,513.298581107528,1.383438851378813,221.87183326962898,10,1.1980033277870217,0.12661239999943064,7.898120563266291,-0.11245416949633381,-0.5886868743087731
121.502177749986,15139.212904853193,16.353251718591874,513.3957968487292,513.6561817633593,1.8244317793075977,222.54601367458787,11,1.196013289036545,0.12661239999943064,7.898120563266291,0.22539763297838447,-4.54253580474577
121.6287366999859,15139.339463803193,15.28664396629831,513.4898083334324,513.7173004153719,1.7051975699721595,231.23999961700227,11,1.196013289036545,0.12660424999921815,7.898628995520889,0.29485583438308344,-3.4740481750717294
121.75534094998693,15139.466068053194,15.397358990089568,513.4636513074233,513.6944615993255,1.7176277036528023,222.0428100124488,11,1.196013289036545,0.12660424999921815,7.898628995520889,0.2712518021303315,-3.5853354437242952
121.88198594998721,15139.592713053195,14.235190362963555,512.9880512313592,513.1855233254514,1.5895244952970677,230.7892209157784,11,1.1940298507462686,0.12660424999921815,7.898628995520889,-0.23094850017152568,-2.434411377334136
122.00867124998695,15139.719398353194,16.155684797625675,513.4717420605359,513.725837432732,1.8021386700604374,235.02538802330199,11,1.1920529801324504,0.12660424999921815,7.898628995520889,0.2967793801458805,-4.343274645390153
122.13539684998614,15139.846123953193,14.000445766626306,513.1675574574069,513.3585048564651,1.5627790679212654,230.86781398624439,11,1.1920529801324504,0.12660424999921815,7.898628995520889,-0.05688808887631709,-2.1956008165978775
122.26213084998744,15139.972857953195,15.28670228556893,513.3795253082424,513.6070679736445,1.7055701632774554,222.5072758652778,11,1.1940298507462686,0.12660424999921815,7.898628995520889,0.18460331559984144,-3.476642620706675
122.38887324998723,15140.099600353195,14.229820217249362,513.4729076522557,513.6700445580578,1.5874255592160547,231.36780051594886,11,1.1940298507462686,0.12660424999921815,7.898628995520889,0.25365620099255587,-2.417892571106765
122.51561859998765,15140.226345703195,13.933956414137718,513.2798862604603,513.4689832705595,1.5550207304840045,229.82455090618026,11,1.1940298507462686,0.12660425000103714,7.898628995407405,0.05388197452978634,-2.126545859912862
122.64236394998807,15140.353091053195,13.486415879522763,513.1216541845072,513.298855839676,1.5055627600063208,221.6518467473742,10,1.196013289036545,0.12660425000103714,7.898628995407405,-0.11460019539829447,-1.6827624911390773
122.76910634999149,15140.479833453199,13.132196683682848,513.1007486248726,513.268772505345,1.4660965187989818,231.63934820079783,11,1.196013289036545,0.12664500000028056,7.896087488631882,-0.14364608657399722,-1.3291177296468135
122.89585169999191,15140.6065788032,15.633867572506999,513.250654239275,513.4887066843033,1.7447181735395902,234.27335385679874,11,1.1940298507462686,0.12668529999973543,7.893575655597677,0.06374997146166239,-3.8266797017169476
123.02262669999072,15140.733353803198,13.350406458243368,513.0600032795462,513.2336702885035,1.4905651721756377,231.27390209009386,11,1.1940298507462686,0.1267255999991903,7.891065420139177,-0.17936255936789003,-1.5482068038853154
123.14940169998954,15140.860128803197,16.05432262593227,513.3423878708,513.5933687849488,1.791290250407174,222.62580414253566,11,1.1940298507462686,0.1267340000013064,7.890542395802955,0.16512840728744305,-4.244913994731201
123.2761499999906,15140.986877103198,14.72470073799861,513.2986681898698,513.5098242266818,1.6431601200909929,231.15497617720024,11,1.1940298507462686,0.12674239999978454,7.890019441021316,0.09084341923247083,-2.9166491431588253
123.40289829998801,15141.113625403195,15.438311465344313,513.3515579512389,513.583648018378,1.722569168494196,231.17864267493778,11,1.1940298507462686,0.12674240000342252,7.890019440794843,0.1601298603159752,-3.6288548621210683
123.52966119998746,15141.240388303195,15.128774622461348,513.2316524171019,513.4545830590727,1.6884461374021762,230.99060138784418,11,1.196013289036545,0.12674535000041942,7.889835800656125,0.0331377211030161,-3.322157306218298
123.6564507999883,15141.367177903196,16.297231822464052,513.3905395332661,513.6491466432444,1.8182047923185163,222.5369936581972,11,1.196013289036545,0.12674535000041942,7.889835800656125,0.2188534370702523,-4.486651624265359
123.78325249998852,15141.493979603196,15.442679855031528,513.3068542961108,513.5390959104027,1.7232062586905585,231.1415187196315,11,1.196013289036545,0.12674535000041942,7.889835800656125,0.11553848583352844,-3.6342501315335127
123.91005419998874,15141.620781303196,12.75168014842163,513.1395712847637,513.2979884676334,1.4235252084619459,222.4302012513416,10,1.196013289036545,0.12674829999741632,7.889652169065655,-0.11358430495110475,-0.9478090334256509
124.03685589998895,15141.747583003196,14.010542686072819,513.3943422331675,513.5854806586583,1.5632150715476598,213.76402939508066,10,1.196013289036545,0.1267483000010543,7.889652168839203,0.1700689072490486,-2.200479772311453
124.16365759998916,15141.874384703196,13.20319636467726,513.2597130381808,513.4295057963459,1.4735632081844459,213.6742529821163,10,1.196013289036545,0.12676289999944856,7.888743473085186,0.016909043160633484,-1.396442982825967
124.29045929998938,15142.001186403197,14.297652466217198,513.3883250573429,513.5873783215751,1.5952514163002711,213.87341874426096,10,1.196013289036545,0.12677499999881547,7.88799053448506,0.17065589015330324,-2.487651998876852
124.4172609999896,15142.127988103197,13.040602430939764,513.2045332503712,513.3701883246565,1.4555809338245604,213.3947045553315,10,1.196013289036545,0.12677499999881547,7.88799053448506,-0.04199527012568064,-1.2351609994948642
124.54405059999044,15142.254777703198,13.981417596331056,513.2236531726128,513.4140611765959,1.5604856311831603,222.75007479663685,10,1.196013289036545,0.1267896000008477,7.887082221202007,-0.0012447931044239635,-2.175287664088156
124.67084019998947,15142.381567303197,13.860168754235326,513.299120123573,513.4862130549661,1.5467321536426306,222.74864759950012,10,1.196013289036545,0.1267896000008477,7.887082221202007,0.07141388099108682,-2.0523353990603774
124.79764189998969,15142.508369003197,13.121604895881337,513.0221406803004,513.1899193702478,1.465138916557314,222.14385416007448,10,1.196013289036545,0.1267896000008477,7.887082221202007,-0.2224768184212061,-1.3203364635001718
124.92445194998982,15142.635179053197,13.489610123451087,513.2755106011745,513.4527430681221,1.5054679892196292,222.4296907800592,10,1.196013289036545,0.12680170000021462,7.886329599668675,0.039288989624802734,-1.6824177058483878
125.05126199998995,15142.761989103197,13.53578094554868,513.1172400073035,513.2957425875638,1.5110840966098307,213.77872312537608,10,1.196013289036545,0.12680170000021462,7.886329599668675,-0.11787797334936603,-1.7322160135195108
125.17805159998898,15142.888778703196,11.49914758569553,513.1533781933092,513.2822030290969,1.2837143903636237,222.3440849040347,10,1.196013289036545,0.12680170000021462,7.886329599668675,-0.1285851195244957,0.30470979955648303
125.30482909999046,15143.015556203198,14.283135624718941,513.2233811320398,513.4220942887802,1.5941444550808692,231.56170853228298,11,1.196013289036545,0.12680170000021462,7.886329599668675,0.005421746694326109,-2.476932156674143
125.43157184998927,15143.142298953197,14.952512447356627,513.3198766159903,513.5376065660079,1.6684989431775494,231.37561405502382,11,1.1980033277870217,0.12680170000021462,7.886329599668675,0.1172851461763621,-3.1439128827552625
125.55827984998905,15143.269006953196,14.55232427972942,513.2217029159937,513.427975947878,1.624178034894333,231.36462981841228,11,1.2,0.12680170000021462,7.886329599668675,0.009934415791933653,-2.7460882158908433
125.68498784998883,15143.395714953196,14.766652049959458,513.1205489968436,513.3329833700409,1.6484106749369072,231.17852492354157,11,1.2,0.12680170000021462,7.886329599668675,-0.08626392843189146,-2.9626855081633803
125.81169584998861,15143.522422953196,14.151350823992063,513.1223935644197,513.3174958127016,1.5797540970272737,231.1765541150744,11,1.1980033277870217,0.1267896000008477,7.887082221202007,-0.0985697248449828,-2.3475045847911082
125.93840204998924,15143.649129153197,16.273582764216037,513.2478608935113,513.5057898483219,1.8160725211687787,222.5358693468854,11,1.1980033277870217,0.12678959999902872,7.8870822213151595,0.0756686803912365,-4.466289953089875
126.06510644998707,15143.775833553194,15.491763916101316,513.3760024289215,513.6096909318712,1.7284473965193015,222.5362407858259,11,1.2,0.12678959999902872,7.8870822213151595,0.18579710155874757,-3.6817310354706354
126.19181084998854,15143.902537953196,15.530288317284917,513.4764253414834,513.7112313709774,1.7324043508929938,233.94833889307617,11,1.1980033277870217,0.1267775000014808,7.88783498639995,0.28707938919985276,-3.7179358564775447
126.31851524998638,15144.029242353194,14.805787069062871,513.305407303754,513.5188920555963,1.6521820320566643,232.56716844926376,11,1.2,0.12674274999881163,7.889997652799677,0.09944546609523809,-2.997559053127744
126.44522049998704,15144.155947603194,12.870368543465268,513.1592855054123,513.3206587376645,1.4367142054188395,232.24309637913353,11,1.2,0.12670799999978044,7.892161505206718,-0.09114586062903457,-1.0660126790133406
126.57192754998687,15144.282654653194,13.867429781545317,513.1871487498898,513.3744785736701,1.5478795486747565,230.76942319669237,11,1.2,0.12670799999978044,7.892161505206718,-0.040360901523513786,-2.062169474303713
126.69863554998665,15144.409362653194,15.612528467505948,513.4332996033305,513.6706183798252,1.7417188015158922,234.62600587527248,11,1.2,0.12670799999978044,7.892161505206718,0.24585630519066015,-3.801146005764626
126.82534259998647,15144.536069703194,15.441279111038918,513.4723050565,513.704429765425,1.7224951820310805,231.8634173375392,11,1.1980033277870217,0.12670799999978044,7.892161505206718,0.2809132789604361,-3.629044942265784
126.95204784998714,15144.662774953194,14.537853340149724,513.1188482270755,513.3247525549691,1.6228888730134938,231.364198289187,11,1.196013289036545,0.12670704999982263,7.892220677550301,-0.09322585570307754,-2.7339864180972553
127.07875309998599,15144.789480203193,14.909130331695371,513.26693699226,513.48342794745,1.6638323055953685,230.6717363198927,11,1.196013289036545,0.12670704999982263,7.892220677550301,0.06336187878571904,-3.10175967464631
127.20545919998585,15144.916186303193,15.908537110894967,513.3224489000622,513.5689029699575,1.775103323471522,222.51468340253902,11,1.196013289036545,0.12670620000062627,7.892273621930555,0.14184212892170353,-4.099625563709841
127.33216529998572,15145.042892403193,13.875925923627605,513.0242993193804,513.2119182290871,1.5493188295430793,231.27930742974493,11,1.196013289036545,0.12670609999986482,7.892279850781192,-0.20297188222092472,-2.074408363312575
127.45887019998554,15145.169597303193,15.784321320494504,513.4425045371809,513.6850691473927,1.7608402997581614,222.63495715964044,11,1.196013289036545,0.12670609999986482,7.892279850781192,0.25900946741260017,-3.9726817439322173
127.58557389998532,15145.296301003193,14.226934567690954,513.1115197400609,513.3087154502135,1.5882210472285043,231.25275299961194,11,1.196013289036545,0.12670525000066846,7.8923327959553715,-0.1077024994964239,-2.4233184014401283
127.71227879998514,15145.423005903192,14.268851631647895,513.240238294089,513.4385477650263,1.5924987565836608,231.27509362427773,11,1.196013289036545,0.12670525000066846,7.8923327959553715,0.021945966523832572,-2.462264282614414
127.83897149998484,15145.549698603192,15.436393289114056,513.3409869184487,513.5730241048328,1.7223907184194602,231.49429443123037,11,1.196013289036545,0.12670524999884947,7.892332796068675,0.14951751146665554,-3.627180291668336
127.96565079998436,15145.676377903192,11.809747116781132,513.1855990126315,513.3214676602915,1.318293536341613,240.14680560623717,12,1.196013289036545,0.12670524999884947,7.892332796068675,-0.08923006789353448,-0.005066619525929844
128.09232019998308,15145.80304730319,12.399994873242276,513.0068949389866,513.1567344659884,1.3846384227264275,240.14708072546145,12,1.196013289036545,0.12670524999884947,7.892332796068675,-0.25431315183598213,-0.5992678778052647
128.21897969998463,15145.929706803192,12.817019862051337,513.1715253729639,513.3315599607711,1.430727282039068,240.06739682248275,12,1.196013289036545,0.12670524999884947,7.892332796068675,-0.08013607176724244,-1.0123966299654712
128.34563919998254,15146.05636630319,12.371344312019039,513.4319960679595,513.5810206251938,1.3802970804862296,240.3556070337889,12,1.196013289036545,0.12670489999982237,7.8923545971892315,0.17001668826873298,-0.5608489851986116
128.4722986999841,15146.183025803191,12.544601306361399,513.1505659041748,513.3038771621644,1.4003873903676496,239.95977457853652,12,1.196013289036545,0.12670489999982237,7.8923545971892315,-0.10735471592106147,-0.7405321154981702
128.598958199982,15146.30968530319,12.696813680086315,513.3507812221499,513.5077737084595,1.4168198014694124,242.56486957782423,12,1.196013289036545,0.12670369999977993,7.892429345013104,0.09630803042739051,-0.8880999508033383
128.72562354998263,15146.43635065319,11.140463238004932,513.4025452790825,513.5234010443902,1.2430818200573812,240.25755257205782,12,1.196013289036545,0.12669269999969401,7.8931145993606195,0.11226752816167539,0.6690293022097531
128.85228889998325,15146.56301600319,10.274197848926576,513.3420828608879,513.444888159765,1.1465835581344779,240.1797332008958,12,1.196013289036545,0.1266792999995232,7.893949524537661,0.03189988478530935,1.5336751662645915
128.97894839998116,15146.689675503188,12.378452930245857,512.9747421148454,513.124070907552,1.3823204914846015,240.35135058259416,12,1.196013289036545,0.1266693999987183,7.894566485750454,-0.28695286574386886,-0.5784710394799446
129.10560789998272,15146.81633500319,10.6309748606765,513.4517930295973,513.5618379433939,1.1861346708508556,240.57798398451428,12,1.196013289036545,0.1266653500006214,7.894818906631484,0.1497857211582097,1.1795154751447348
129.23226739998063,15146.942994503188,12.268619563753285,513.0937729659488,513.2404298985347,1.3697422153588574,240.14513887807038,12,1.196013289036545,0.1266653500006214,7.894818906631484,-0.1704792944703458,-0.46592940671997335
129.35892239998066,15147.069649503188,10.01944425474398,513.1897899576986,513.2875897389306,1.1184925246163842,240.27821619114692,12,1.196013289036545,0.12665950000155135,7.89518354318272,-0.12621122635350634,1.784859159873297
129.4855728999828,15147.19630000319,12.564609996277953,513.2656439243036,513.4194100902191,1.4023057699562227,240.91551140485555,12,1.196013289036545,0.12665950000155135,7.89518354318272,0.008153004013115544,-0.7578891032714987
129.6121829999829,15147.32291010319,12.408673541788145,513.3338280562798,513.4837818334489,1.384725019015328,240.65132009286006,12,1.196013289036545,0.12665950000155135,7.89518354318272,0.0727330857238939,-0.60042587982416
129.73875269998098,15147.449479803188,10.186101867855376,513.2276489867347,513.328721537879,1.1370081772262663,240.86201538747142,12,1.196013289036545,0.12665949999791337,7.89518354340949,-0.08452964014950162,1.61911625215456
129.8653192999809,15147.576046403188,9.655173392800968,513.4264452134754,513.5172217343746,1.0773412496021155,250.87024938000488,12,1.1980033277870217,0.12665949999791337,7.89518354340949,0.1020044289962363,2.15447596901591
129.99188154998228,15147.70260865319,10.232147057547262,513.3090009622946,513.4109731027535,1.1419655776934061,231.8759893634651,11,1.2,0.12665949999791337,7.89518354340949,-0.0021402929893717393,1.5749540636242918
130.11844254998323,15147.82916965319,10.761109649676442,513.0516595410367,513.1645027071769,1.2015861583225285,231.54998382988327,11,1.2,0.12665949999791337,7.89518354340949,-0.24724928264259327,1.0402133655675132
130.24500354998418,15147.955730653191,13.276634445849371,513.3504845196562,513.5221406899361,1.4814938455017017,231.66578905707965,12,1.2,0.12665500000002794,7.8954640558981435,0.1093453503192406,-1.4677742013376056
130.37156039998445,15148.082287503192,15.172997958340023,513.1226847521953,513.3469679216432,1.6937382107082977,231.06923599680604,11,1.2,0.1266505000021425,7.895744588320483,-0.07478413716238935,-3.3688748397575985
130.49811849998514,15148.208845603192,13.979970026006823,513.175629604008,513.3660159977461,1.5604700904460245,230.1235230906652,11,1.2,0.1266101000001072,7.898264040539841,-0.04928895076916077,-2.1749448585059845
130.6246819999833,15148.33540910319,14.360006651862538,513.3961347519362,513.5969246104087,1.6021805664443092,230.8518524652625,11,1.2,0.12656969999807188,7.900785101135845,0.1798974577279996,-2.5498100975116795
130.7512454999851,15148.461972603192,14.435074305723337,513.2685723762374,513.4715169893581,1.610951704561138,230.22481370602281,11,1.2,0.1265665999999328,7.900978615215474,0.05409512264389174,-2.6277914083333003
130.87780359998396,15148.588530703191,9.673331127971453,513.3942610971999,513.4853850526334,1.0794344910969789,240.1464226324198,12,1.2,0.12656350000179373,7.901172138774824,0.07024639142961311,2.135582908467805
131.00436169998284,15148.71508880319,13.229963539816335,513.3806967049348,513.5511383343525,1.4762014684379037,243.24298117988488,12,1.2,0.12656349999815575,7.901172139001938,0.1384762705435419,-1.4204208583073605
131.13091979998353,15148.84164690319,12.852175078243015,513.1423649866207,513.3032876850723,1.4347314133910696,240.77927697797725,12,1.2,0.12656225000137056,7.901250175223424,-0.10848029367472636,-1.0482131407059874
131.25747789998422,15148.968205003192,10.68662221702229,513.3062907382897,513.4175221064343,1.1926795360198497,240.35520166170508,12,1.2,0.1265610000009474,7.901328213213505,0.005601612747818854,1.120536767750153
131.38404139998238,15149.09476850319,10.98744663933154,513.4084833290678,513.5260409540161,1.225998902533216,241.1946864993418,12,1.2,0.1265610000009474,7.901328213213505,0.1146851363189284,0.8221419897245391
131.51060489998417,15149.221332003191,11.376822159207691,513.1943267484505,513.3204156170273,1.269961706267978,239.95197556960795,12,1.2,0.1265610000009474,7.901328213213505,-0.09046047042321989,0.42794455627916
131.63716299998305,15149.34789010319,10.383314818798365,513.4212800629539,513.5262642242443,1.1585788354303908,252.48458212762668,12,1.2,0.1265610000009474,7.901328213213505,0.11358546890003819,1.42640832480407
131.76372109998192,15149.47444820319,12.114793210549728,513.2087679747922,513.3517388114493,1.3522715800577216,239.32728004751024,12,1.2,0.12655810000069323,7.901509267241863,-0.059052190123452905,-0.3094992324706896
131.89028459998372,15149.601011703191,9.589700357590706,513.4134440662573,513.5029959999496,1.0700644476278147,249.48036249082259,12,1.2,0.12655810000069323,7.901509267241863,0.08750105858065199,2.2196327063131367
132.01686034998238,15149.72758745319,10.162204979766305,513.4651737825548,513.565726171052,1.1338168210483732,239.5375589878198,12,1.2,0.12655810000069323,7.901509267241863,0.1523827915436117,1.6484690986766162
132.14345209998282,15149.85417920319,10.883511649882498,513.1063233926438,513.2217356380667,1.2151200695423006,239.75382030782256,12,1.2,0.12655810000069323,7.901509267241863,-0.1897850495469042,0.9191008218666212
132.27005464998183,15149.98078175319,15.620363931128582,513.2125900683612,513.4502491712481,1.7433413274170644,230.08919650644793,11,1.2,0.12656349999815575,7.901172139001938,0.025385328215366564,-3.8140549804758175
132.39666424998177,15150.107391353189,11.98415420035412,513.2014632307491,513.3413696694236,1.3377138164714788,230.7165784905476,11,1.2,0.12656349999815575,7.901172139001938,-0.06935926392212105,-0.17906275559350854
132.5232738499817,15150.234000953189,9.868781428407702,513.500189458282,513.5950130409885,1.1010121038802088,249.13586719894576,12,1.2,0.12656350000179373,7.901172138774824,0.18064144396714638,1.9426202955154752
132.64988639998046,15150.360613503188,10.690936928210448,513.3535069994977,513.4648179584325,1.1930512292181756,239.2412489485748,12,1.1980033277870217,0.12656350000179373,7.901172138774824,0.05290461119285079,1.1173090141653987
132.7765189999809,15150.487246103188,13.235055356282224,513.1295600096834,513.3002162925856,1.4774918051483645,239.97945061407157,12,1.2,0.12656350000179373,7.901172138774824,-0.1124769147343849,-1.4312866346544117
132.90316869998423,15150.613895803192,10.729505782663521,513.4314357954207,513.5435342376413,1.1971723738882454,239.85366605660482,12,1.2,0.12657574999866483,7.900407463598267,0.1316997532273072,1.0805424619798603
133.02981839998392,15150.740545503191,10.527879272552893,513.3364965117936,513.4444418756328,1.1748989294606995,240.17078009334216,12,1.2,0.12659175000044343,7.899408926699388,0.03214883976735663,1.279932363389919
133.15646809998725,15150.867195203195,11.040549184626993,513.3830096983224,513.501712142429,1.2319834658007032,252.62013409798072,12,1.2,0.12660254999900644,7.898735057136273,0.09043942373153877,0.7684676792833353
133.28315319998728,15150.993880303195,10.231817551782875,513.2796263802434,513.3815977880929,1.1419941470867487,250.78843352057183,12,1.2,0.12660959999993793,7.898295231961007,-0.03151468422312272,1.574607964824713
133.40982119998444,15151.120548303192,13.029984977133285,513.4424897456556,513.6077986019312,1.4537225767705615,240.93807477765188,12,1.2,0.12660959999993793,7.898295231961007,0.19565412956709236,-1.2190741477512141
133.53649279998535,15151.247219903193,12.09151649007159,513.2127773252705,513.3551982603735,1.3496638191023693,239.96176271175221,12,1.2,0.12661254999875382,7.898111206273331,-0.05557918689454367,-0.28613646602389736
133.66322049998598,15151.373947603193,13.93635007717196,513.1060019360812,513.2952279890231,1.555814536455816,231.27494106076077,11,1.2,0.1266326000004483,7.89686068197652,-0.11990131843481361,-2.1329376494825474
133.78988914998627,15151.500616253194,15.761637917459778,513.27803525195,513.5199808205549,1.758874473637442,234.3355279585906,11,1.2,0.1266496999996889,7.89579446301457,0.09406203482332125,-3.953786584769031
133.9164987499862,15151.627225853194,14.85201040334461,513.4382825510296,513.6530465226231,1.6569085635116805,232.46900674846617,11,1.2,0.1266496999996889,7.89579446301457,0.23334855594724402,-3.0407144757158346
134.04310834998614,15151.753835453193,15.352188886551971,513.4253961710657,513.6548716181169,1.7127193588790743,230.98156367832303,11,1.2,0.1266496999996889,7.89579446301457,0.23196802092004826,-3.5410570263501273
134.16971794998608,15151.880445053193,14.46282877956663,513.206915453287,513.410665535285,1.614241271861386,230.7690531654758,11,1.2020033388981637,0.1266496999996889,7.89579446301457,-0.006907234285655317,-2.6569564458795156
134.29632754998602,15152.007054653193,15.846973224709101,513.5445339525835,513.788978971874,1.7674740843289751,222.1457720378651,11,1.2020033388981637,0.1266496999996889,7.89579446301457,0.3624526851464266,-4.032970743044732
134.42302594998546,15152.133753053193,14.702407126618551,513.1235912400952,513.3341802982236,1.6412331792968728,231.19146962247498,11,1.2040133779264215,0.12664970000332687,7.895794462787766,-0.08469990870781195,-2.8983876134748034
134.5498131499844,15152.260540253192,15.844182208339266,513.3009552522111,513.5454300961926,1.7680010355388156,221.76363037481553,11,1.2040133779264215,0.12664970000332687,7.895794462787766,0.11887421710724949,-4.035781962559961
134.67660034998335,15152.38732745319,14.756505085191918,513.251032665183,513.4631213380432,1.6468600306361272,230.76245544742443,11,1.2040133779264215,0.12666799999715295,7.894653740664387,0.04395188607258058,-2.9495405376336197
134.80343109998284,15152.51415820319,11.951909482792479,513.4415570911686,513.5806467230718,1.3334922196798682,240.27641788674111,12,1.2020033388981637,0.12666865000028338,7.894613229064673,0.1699295807220843,-0.14130520733342317
134.93029544998353,15152.64102255319,10.717128685196181,513.0841631986989,513.1960788748918,1.196600885223811,239.73250740274457,12,1.2020033388981637,0.12667160000091826,7.894429374798698,-0.2157656363487065,1.0849301746450732
135.05714984998122,15152.767876953189,11.216164129261681,513.0384139499848,513.1610044869841,1.2524140380207478,239.95731333150786,12,1.2020033388981637,0.12668510000003153,7.893588117306227,-0.25002663535688846,0.5849746244823483
135.18397064998135,15152.894697753189,10.245643192533612,513.3112249159118,513.4134657652666,1.1434664703086634,239.95236571717322,12,1.2040133779264215,0.12669839999944088,7.8927594981816105,0.0003934385802089671,1.5615126413188012
135.3107578499803,15153.021484953188,11.430694599539232,513.0306725479304,513.1579988210353,1.2763802417655943,240.055997842445,12,1.2040133779264215,0.12672770000062883,7.890934657498226,-0.2528325047726352,0.37032286213203164
135.43754504997924,15153.148272153187,10.589031844629043,513.3857701546759,513.4949625777416,1.1816081679627501,239.95216694210987,12,1.2040133779264215,0.12678719999894383,7.887231518704808,0.08281575704228172,1.2199290930767133
135.564275849978,15153.275002953185,11.33802032007034,513.0399404477785,513.1652084849853,1.2660125162933482,240.15424871390672,12,1.2040133779264215,0.12678719999894383,7.887231518704808,-0.24569825525796452,0.46318576390951305
135.6910066499786,15153.401733753186,12.19994750735296,513.1099553138331,513.2549707127502,1.3620352111058287,240.2564496763673,12,1.2040133779264215,0.12678719999894383,7.887231518704808,-0.15588045441883247,-0.396903371179402
135.81773744997918,15153.528464553186,12.362760535425197,513.46263522245,513.611444204312,1.3792574648126523,242.2862812767931,12,1.2040133779264215,0.12678719999894383,7.887231518704808,0.20045034174650578,-0.5515628802832616
135.94441184997777,15153.655138953185,10.942676270410422,513.5272952187966,513.6438699125027,1.2207224488286526,252.5632878100215,12,1.2040133779264215,0.12678719999894383,7.887231518704808,0.2324360360840554,0.8696327959794541
136.07111409997742,15153.781841203185,9.676295394693334,513.3221721913784,513.4133648005674,1.0799167934631742,240.58359194380435,12,1.2040133779264215,0.12678719999894383,7.887231518704808,-0.0017552816357288004,2.130961621252166
136.1978736999772,15153.908600803185,10.030265743319685,513.5179539498308,513.6159024599045,1.118984880529183,240.18304037809818,12,1.2040133779264215,0.12678719999894383,7.887231518704808,0.20211483824480905,1.781587210527396
136.3246627999797,15154.035389903187,11.976696903556922,513.525502377177,513.6651466280846,1.3360384303704822,240.50331515128465,12,1.2040133779264215,0.12678719999894383,7.887231518704808,0.25442269471723594,-0.16415561123737613
136.45145189997857,15154.162179003186,12.431295960987702,513.1660839902329,513.316634132521,1.3877018315947511,239.71857861264198,12,1.2040133779264215,0.12678719999894383,7.887231518704808,-0.0944463788212949,-0.6268998704333159
136.57827364997866,15154.289000753186,10.5135518724477,513.370355165777,513.4779998558952,1.173223093919024,239.43839736806228,12,1.2040133779264215,0.12678719999894383,7.887231518704808,0.06566905712894652,1.2950346106192445
136.70509539997875,15154.415822503186,10.195873776803491,513.3495894869166,513.4508319873075,1.1378283933563411,251.16518180781068,12,1.2040133779264215,0.12678719999894383,7.887231518704808,0.0376033331752637,1.6121511523032481
136.83191714997884,15154.542644253186,13.143136485551638,513.1318440166024,513.3001377172585,1.4672284402059017,240.08550526702575,12,1.2040133779264215,0.12678719999894383,7.887231518704808,-0.11230733931880914,-1.3393395480873502
136.95878849998007,15154.669515603187,12.807478682982856,513.1496999410764,513.3095031848054,1.4297234512792603,240.28501783347645,12,1.2040133779264215,0.12678719999894383,7.887231518704808,-0.1021751470376505,-1.0033598862866642
137.0856598499813,15154.796386953189,12.814234575858391,513.1821028960145,513.3420646513791,1.430387026716191,240.18399492586815,12,1.2040133779264215,0.12678719999894383,7.887231518704808,-0.06962539832360251,-1.0093688326101897
137.21252214998094,15154.923249253188,12.125566376363437,513.1797346692528,513.3229679598919,1.3535501947590567,239.82645766776432,12,1.2040133779264215,0.12678909999885946,7.887113324481328,-0.08783007067973618,-0.32093721843342743
137.33938444998057,15155.050111553188,11.604769858537935,513.2339679975697,513.3651493722573,1.2952982425101074,239.63510990843858,12,1.2040133779264215,0.12678910000249743,7.887113324255022,-0.0455876678773261,0.2009687561299835
137.4662467499802,15155.176973853188,10.058356635637796,513.3440694570119,513.4426006720664,1.1224979205168044,239.43905699967104,12,1.2040133779264215,0.1268217500000901,7.885082803220185,0.028922327458673618,1.749504983645089
137.59310904997983,15155.303836153187,13.82497619051566,513.2115964114801,513.3977723538428,1.5430697080892015,229.63299822318336,11,1.2040133779264215,0.1268217500000901,7.885082803220185,-0.016895996331259773,-2.019164895793261
137.71997134997946,15155.430698453187,10.956638589337556,513.2868862715678,513.4038133356031,1.2228518657794265,231.2036267347283,11,1.2040133779264215,0.1268217500000901,7.885082803220185,-0.007588246239163094,0.8501455654765567
137.8468336499791,15155.557560753186,8.156762869520245,513.3527582108359,513.4175563254363,0.9103072993617908,230.6151087483624,11,1.2040133779264215,0.1268622999996296,7.882562431888115,-0.006121531367656599,3.6507956699260453
137.97368804997677,15155.684415153184,9.594987471034786,513.526954092962,513.6165849780987,1.0704176692316871,251.97719775205474,12,1.2040133779264215,0.1268622999996296,7.882562431888115,0.20110265259685386,2.2169573431501135
138.1005385499775,15155.811265653185,8.255407168291086,513.4967718018883,513.5631279584572,0.9210559245910792,231.62803932970823,11,1.2040133779264215,0.1268622999996296,7.882562431888115,0.14012246399423164,3.555489290767111
138.22738514997764,15155.938112253185,8.414034483002203,513.4199317429554,513.488872603119,0.9388913109142367,231.23948722169175,11,1.2040133779264215,0.1268622999996296,7.882562431888115,0.0669506252694033,3.39513686126607
138.35423174997777,15156.064958853185,10.422976626050636,513.6929880752245,513.7987197720523,1.1623881401521752,253.05511801803982,12,1.2040133779264215,0.1268622999996296,7.882562431888115,0.38613371503516597,1.393005384585313
138.48104959997727,15156.191776703185,12.761687692703118,513.2742584261438,513.4328826980932,1.4242682506083886,240.502781263147,12,1.2040133779264215,0.1268622999996296,7.882562431888115,0.021297357443999586,-0.954716576056899
138.60783869997977,15156.318565803187,11.245518764915595,513.0901417476799,513.2133623074777,1.2555642199867292,239.7449196086801,12,1.2040133779264215,0.1268622999996296,7.882562431888115,-0.19763745878286146,0.556817318740251
138.73462779997863,15156.445354903186,10.493092520433631,513.4241267851974,513.5313417463288,1.1708180401787294,239.87644869453544,12,1.2020033388981637,0.1268622999996296,7.882562431888115,0.11895595933509953,1.3167251199076957
138.86140179997892,15156.572128903186,10.586844316702322,513.2975787198023,513.4067447864293,1.181567052156299,251.81631029722968,12,1.2020033388981637,0.12685439999768278,7.883053327423147,-0.005402660723944398,1.2200879336084396
138.98816069998065,15156.698887803188,13.173704691152286,513.3965744062159,513.5655645653502,1.4698814168124033,240.42896798865635,12,1.2040133779264215,0.12685050000072806,7.883295690551164,0.1530560069382244,-1.3638117535835055
139.11493469998095,15156.825661803188,10.03881477795512,513.2372482743777,513.3354174595801,1.1205507487792168,240.05029981871917,12,1.2040133779264215,0.12684660000013537,7.8835380688085674,-0.07832000298522031,1.7665851423681498
139.24170869998125,15156.952435803189,10.426604551235233,513.3846456691197,513.4905145095432,1.1634908109523725,250.4569481129433,12,1.2040133779264215,0.12684660000013537,7.8835380688085674,0.07795628280975525,1.3822875718118517
139.36844479998035,15157.079171903188,12.703110372068377,513.398033708489,513.5551674638936,1.417391740300301,240.47447200191795,12,1.2040133779264215,0.1268178499994974,7.885325291384163,0.1436928233719995,-0.8933083279735763
139.49515809997683,15157.205885203184,12.1382550249003,513.2181311687688,513.3616536082658,1.3548647385922463,240.45168404190497,12,1.2040133779264215,0.12678910000249743,7.887113324255022,-0.049151928835643614,-0.33273951991505935
139.62187139997695,15157.332598503184,12.635766818287161,513.1877538006438,513.3432898694949,1.4104581691656246,240.15413507952357,12,1.2040133779264215,0.12678909999885946,7.887113324481328,-0.0680801513599324,-0.8308183203525819
139.74858469997343,15157.45931180318,12.331531632391545,513.4706958008843,513.6187517202277,1.375753148690108,241.0627484375697,12,1.2040133779264215,0.12677400000029593,7.888052755278414,0.20779062787227967,-0.5201568695691853
139.87532079997254,15157.58604790318,13.174155013321943,513.3116894689527,513.4807191178512,1.4701746121948656,240.60407999918118,12,1.2040133779264215,0.12677400000029593,7.888052755278414,0.06820387410681564,-1.3662140271289576
140.00205689997165,15157.712784003179,12.821233674359982,513.3725071321213,513.5325842748954,1.430637391324149,242.76159187945785,12,1.2040133779264215,0.12677400000029593,7.888052755278414,0.12088943973198503,-1.0119874177067623
140.1287567999716,15157.839483903179,12.719693074919485,513.160048779903,513.317666027298,1.4198991771755534,240.46135372904578,12,1.2040133779264215,0.1267589000017324,7.888992409892585,-0.09384782126895283,-0.9153595050735267
140.25544329997138,15157.966170403179,13.110209967229277,513.4035407269149,513.5709038062007,1.4627801166035725,240.51581159216744,12,1.2040133779264215,0.12673609999910695,7.890411650721827,0.1585603184397164,-1.3001736192218267
140.3821262499714,15158.092853353179,10.456708541910332,513.4374863404965,513.5439563787876,1.1667290938006676,250.40148116783112,12,1.2040133779264215,0.12673609999910695,7.890411650721827,0.13147527142332543,1.3534067016049667
140.50880444997165,15158.219531553179,13.179678819696747,513.3378190357627,513.5069818280797,1.470715940371108,240.70287507793861,12,1.2040133779264215,0.12673609999910695,7.890411650721827,0.0944535598615133,-1.3711354797925202
140.63548144997185,15158.34620855318,10.441031223354166,513.4339861993786,513.5401379810451,1.1649882862971253,250.03658634414646,12,1.2040133779264215,0.1267133000001195,7.891831402063217,0.12761552990348082,1.3689993825917885
140.76215844997205,15158.47288555318,10.927137595375262,513.3250587140017,513.4413483931359,1.2194696426862992,253.50476560180758,12,1.2040133779264215,0.1267132999964815,7.891831402289794,0.029895676700780097,0.8805165965285494
140.88883399997212,15158.59956110318,12.047881539748357,513.298323128779,513.4396945858513,1.3445710062248226,240.35602765687875,12,1.2040133779264215,0.1267132999964815,7.891831402289794,0.028940534983108057,-0.24054578713725755
141.0155095499722,15158.72623665318,11.9396665079223,513.2377478410027,513.3766078087558,1.332655548718979,240.25653924393194,12,1.2040133779264215,0.12669989999994868,7.892666055777511,-0.034107317994030585,-0.1337524032726
141.14218509997227,15158.85291220318,12.223389634453616,513.0154066455303,513.1610066147217,1.3649027749383331,240.15402196679,12,1.2040133779264215,0.12668649999977788,7.893500886059314,-0.2498650278001266,-0.422513602868427
141.2688591999722,15158.97958630318,12.554505188549873,513.1943660116102,513.3479063038905,1.4013729795734102,239.84976316636525,12,1.2040133779264215,0.12668295000003127,7.893722083356546,-0.06333843552518781,-0.7494261221246996
141.39553474997228,15159.10626185318,10.815861410455934,513.3166378699129,513.4305732736623,1.2070746979321998,239.653722990638,12,1.2040133779264215,0.1266782000002422,7.894018070971074,0.018918078424965276,0.9915697022098497
141.52221174997248,15159.23293885318,13.375585782145293,513.2699805510891,513.4442318596354,1.4927644983118415,240.29979546972254,12,1.2020033388981637,0.12667700000019977,7.894092850307657,0.03113822242617927,-1.5685506919319772
141.64888874997268,15159.35961585318,12.364973363711817,513.2279513652041,513.3768816657113,1.3801348069845656,240.28383067988196,12,1.2,0.12667700000019977,7.894092850307657,-0.03412056374159521,-0.5591720694190849
141.77556574997288,15159.48629285318,10.215782516929961,513.5085188951671,513.6101256695991,1.1396968132107226,250.6540080535122,12,1.2,0.12667700000019977,7.894092850307657,0.1969485458570105,1.595902523570614
141.90224274997308,15159.61296985318,12.890085812408625,513.430679438609,513.592461881055,1.4381540366855428,240.51491542176896,12,1.2020033388981637,0.12667700000019977,7.894092850307657,0.18062973162652243,-1.0794835781925338
142.02891974997328,15159.73964685318,12.883447734588868,513.1550280260394,513.3167306974664,1.438185544577654,240.07937342396332,12,1.2,0.12667700000019977,7.894092850307657,-0.09510143629932596,-1.0791863190636368
142.15559529997336,15159.86632240318,12.82603215050689,513.3473792377076,513.5075840442365,1.4312426246442242,240.25693046667615,12,1.2,0.12667700000019977,7.894092850307657,0.09587853954632741,-1.0173624826273797
142.2822678499724,15159.99299495318,9.98616389225693,513.4504523402544,513.5475542514976,1.114212509288642,252.85397062149315,12,1.2020033388981637,0.12667700000019977,7.894092850307657,0.13361688453176435,1.8241250865873873
142.4089403999733,15160.11966750318,12.127433923015523,513.2450108940703,513.3882700853336,1.353586475789341,240.46350393275208,12,1.2040133779264215,0.1266755500000727,7.894183210567676,-0.022528161354884172,-0.32130313572166247
142.53561294997417,15160.246340053181,9.390699294681658,513.5682710928962,513.654119331861,1.0475481322265234,252.54805820113583,12,1.2040133779264215,0.1266755500000727,7.894183210567676,0.2377107791502573,2.422141647012522
142.66228549997322,15160.37301260318,10.268191294977386,513.0945086700812,513.1972433478791,1.1464661846823145,231.68958673058282,11,1.2040133779264215,0.1266755500000727,7.894183210567676,-0.2157469636883041,1.5339867509981155
142.78895804997228,15160.49968515318,12.18258851942195,513.1987429066987,513.3433209695529,1.3598627153823126,231.56536447443236,12,1.2040133779264215,0.1266755500000727,7.894183210567676,-0.06751554099689483,-0.3775071554455272
142.9156290499741,15160.626356153181,13.624437109086378,513.4052290306639,513.5859757456077,1.5201239313630501,231.2809955228196,12,1.2040133779264215,0.1266755500000727,7.894183210567676,0.1720736850266918,-1.8142259441028228
143.04228669997246,15160.75301380318,14.801921569406794,513.3941319059022,513.60746836233,1.651465621872959,231.58386929360157,11,1.2040133779264215,0.1266740999999456,7.894273572896349,0.18805771068793495,-2.9916542057806628
143.1689309999747,15160.879658103182,7.52449012292266,513.2035105643894,513.2586689060627,0.8399993952083673,249.41610194509926,12,1.2040133779264215,0.12667255000087607,7.894370169330956,-0.16986987259255348,4.27946900863699
143.29557529997328,15161.00630240318,9.960174526775365,513.3287822362036,513.4254023212209,1.1115767970999637,240.46917653178437,12,1.2040133779264215,0.12667255000087607,7.894370169330956,0.011381288414167252,1.8473095723408945
143.4222329499753,15161.132960053183,11.687317478520344,513.3932651605578,513.5262779080176,1.3041042220933299,240.15872520622847,12,1.2040133779264215,0.12667254999905708,7.894370169444318,0.11556568762328387,0.12210627004372214
143.54889059997367,15161.259617703181,12.33332123886775,513.1034669124239,513.251671765743,1.376937119689666,240.02218785020384,12,1.2040133779264215,0.12667254999905708,7.894370169444318,-0.15929998889095662,-0.5303910425015909
143.6755348999759,15161.386262003183,12.560892729120681,513.3928409393473,513.5464780854079,1.4015438696226379,240.85607781659888,12,1.2040133779264215,0.12667254999905708,7.894370169444318,0.13523089600660393,-0.7512477120301668
143.80217344997436,15161.512900553182,12.30936369757839,512.987986787331,513.1356497289563,1.3745726843355601,240.12994146616913,12,1.2040133779264215,0.12667100000180653,7.8944667681295515,-0.27530051786136817,-0.5090954947350192
143.92880624997633,15161.639533353184,12.661247709099051,513.1050724000835,513.2612614607166,1.4135289484259828,240.3834870166931,12,1.2040133779264215,0.12665765000201645,7.895298862595978,-0.15015371062976238,-0.858193869003978
144.05543904997467,15161.766166153182,12.540804189044112,513.0390591563545,513.1923109222754,1.400267831444292,240.47970716752477,12,1.2040133779264215,0.12665764999837847,7.895298862822754,-0.21891929589468265,-0.7393002856867009
144.18206799997643,15161.892795103184,12.193233792747595,512.9588872211848,513.103785729087,1.3616867082299282,240.5867354077764,12,1.2060301507537687,0.12665764999837847,7.895298862822754,-0.3070629889064932,-0.3936654943927544
144.30869694997455,15162.019424053182,12.50272259281846,512.9766218761588,513.1289629944002,1.3961872920310163,240.4862091332443,12,1.2080536912751678,0.12664430000222637,7.896131132490134,-0.28221581374697957,-0.7026646096713303
144.4353258999763,15162.146053003184,10.428177316427439,513.3849373345124,513.4908380527388,1.1636656045326053,240.18104158796197,12,1.2080536912751678,0.12664430000222637,7.896131132490134,0.07828403942345677,1.3807219298817417
144.56195099997421,15162.272678103182,10.622738899569944,513.4408319792659,513.5507088158765,1.185241313416172,240.18098383643502,12,1.2080536912751678,0.1266442999985884,7.896131132716958,0.13863816992857003,1.1874971905805618
144.68857609997576,15162.399303203183,11.895101954844447,513.0449317292953,513.1828089712607,1.3281820242087758,240.157965278362,12,1.2100840336134453,0.1266385499984608,7.896489655102291,-0.22789727398487972,-0.0936337631901454
144.81520119997367,15162.525928303181,9.810503252228692,513.3611367187445,513.4548691630292,1.0948082719256187,251.0577330469593,12,1.2121212121212122,0.1266328000019712,7.896848209819524,0.04028527438128762,1.9976853102780157
144.94182629997522,15162.652553403183,10.757676880979709,513.394258598331,513.5069545523269,1.200401613472036,240.0572376403882,12,1.2121212121212122,0.1266327999983332,7.896848210046389,0.09518022926596402,1.0515238621958611
145.06845139997313,15162.77917850318,11.69331640183682,513.1069324146509,513.2401560092961,1.3055012278689497,240.05587672686164,12,1.2121212121212122,0.12662895000175922,7.8970883039471405,-0.17055337999096942,0.10952423495115494
145.19507649997468,15162.905803603182,10.43516192422582,513.4565838314937,513.5626116495364,1.1642823534449338,240.149491997917,12,1.2121212121212122,0.12662895000175922,7.8970883039471405,0.1500722115819403,1.3753867997113653
145.32170159997258,15163.03242870318,10.823527843894016,513.4831599986348,513.5972199663577,1.207538421285902,252.08157230449345,12,1.2121212121212122,0.12662894999812124,7.897088304174019,0.18557247139443847,0.9877347498356017
145.44832559997303,15163.15905270318,9.80920018734687,513.4216684734927,513.5153649759864,1.0945338631512698,252.01993059758817,12,1.2121212121212122,0.12662510000154725,7.897328412674745,0.10077105485968847,2.000380059040378
145.5749017999733,15163.28562890318,9.646094602632983,513.4728024174462,513.563400140147,1.0762313107102894,240.4762889190961,12,1.2121212121212122,0.12662510000154725,7.897328412674745,0.14814059152486148,2.1646184193135882
145.7014312999745,15163.412158403182,10.5711638246123,513.4737435408597,513.5825491685551,1.179412830246847,240.35543323150605,12,1.2121212121212122,0.12662510000154725,7.897328412674745,0.17035497306568512,1.239815482240258
145.8279607999757,15163.538687903183,12.90353726231717,513.4091880151202,513.5713150208304,1.4397144300359621,241.0155191050593,12,1.2121212121212122,0.12662509999790927,7.897328412901637,0.15945333020995378,-1.0934257018206142
145.9544902999769,15163.665217403184,10.903083288147377,513.3899340203288,513.5056977080059,1.216632272755837,240.3623189905197,12,1.2121212121212122,0.12662509999790927,7.897328412901637,0.09420065737113571,0.9060564580834296
146.0810197999781,15163.791746903185,12.353258414659381,513.4213851531551,513.5699774383661,1.3783084515757744,240.25632505832712,12,1.2121212121212122,0.12662509999790927,7.897328412901637,0.15899266428542227,-0.54301188645736
146.2075492999793,15163.918276403187,12.764065905603259,513.2537984085747,513.4124881216587,1.4245903250035161,240.85607781659888,12,1.2121212121212122,0.12662509999790927,7.897328412901637,0.0008974416611329181,-0.9575646721892459
146.3340787999805,15164.044805903188,10.265437847997918,513.4816838431929,513.5842860297147,1.1452948425103595,252.17530968272635,12,1.2121212121212122,0.12662400000044727,7.89739701791499,0.17126249764908524,1.5456432075646487
146.4606082999817,15164.171335403189,10.55186888525489,513.2912805812492,513.3997279486135,1.1776790926276208,240.45387307718394,12,1.2121212121212122,0.12657620000027237,7.900379376200646,-0.012503451963054673,1.254909279331241
146.58711284998208,15164.29783995319,12.381271831359397,513.1435932279256,513.2929408856397,1.3821803773866133,240.2203377910829,12,1.2121212121212122,0.12652950000119745,7.90329527889177,-0.11808158141228152,-0.577406182626546
146.7136173999843,15164.424344503192,10.186951916237238,513.2370336917221,513.33812126319,1.1370822508386393,240.07355947683553,12,1.2121212121212122,0.12652950000119745,7.90329527889177,-0.07512786874707864,1.6184822454918995
146.84014689998548,15164.550874003193,11.692662035118953,512.9679618768226,513.1012066420511,1.3057817335249162,240.55738521785543,12,1.2121212121212122,0.12652950000119745,7.90329527889177,-0.3095022141634579,0.10698256971068218
146.9667612999874,15164.677488403195,12.457681919263349,513.1240856106544,513.2752878062335,1.3907599102135482,240.46114453731363,12,1.2121212121212122,0.12652950000119745,7.90329527889177,-0.13582686253731838,-0.6542446733904996
147.09337569998752,15164.804102803195,10.4796654276105,513.3873021324758,513.4942505796308,1.1694041136072062,253.10428071569336,12,1.2121212121212122,0.12652950000119745,7.90329527889177,0.08183226684172876,1.329301817622088
147.21999009998763,15164.930717203195,11.351391964444534,513.1856969878926,513.3112249819592,1.2671452349047585,240.25648597604578,12,1.2121212121212122,0.12652950000119745,7.90329527889177,-0.09967275843989092,0.45316957010427655
147.34668939999028,15165.057416503198,12.74144291444039,513.0186484060603,513.1768486398454,1.4227179814402116,240.57370412617718,12,1.2121212121212122,0.12652950000119745,7.90329527889177,-0.23471062683984237,-0.9403553297000166
147.4733886999893,15165.184115803197,10.925603701801519,513.3247691166148,513.4410262190535,1.219299199364293,240.6649750905651,12,1.2121212121212122,0.12652950000119745,7.90329527889177,0.029570881463635446,0.8820434246773559
147.60000309999123,15165.310730203199,9.304830002030512,513.5459164272007,513.6302056347739,1.0380165480999934,252.4663454178624,12,1.2121212121212122,0.12652950000119745,7.90329527889177,0.21338731797264013,2.507474148060522
147.72653259999242,15165.4372597032,11.085976452122026,513.231326862014,513.3510433869211,1.2374164836570485,231.49910112721213,11,1.2121212121212122,0.12652950000119745,7.90329527889177,-0.06015862314315887,0.7195642260294877
147.85314699999435,15165.563874103202,12.861218411920163,513.3289629065904,513.4900535529338,1.4352188473543384,231.46688163233128,12,1.2121212121212122,0.12652950000119745,7.90329527889177,0.07827624544707439,-1.0529629529403726
147.97984629999337,15165.6905734032,13.23713850864775,513.4303455309612,513.6009555559056,1.4768589349579053,231.2808035255402,12,1.2121212121212122,0.1266144000001077,7.89799580457791,0.18827696688195167,-1.426452172238323
148.10654559999602,15165.817272703203,13.319425048758669,513.4249963730782,513.5977355716484,1.4860509622795686,230.89578786990242,12,1.2121212121212122,0.1266144000001077,7.89799580457791,0.18482153962635692,-1.508839963785154
148.23324489999504,15165.943972003202,10.625100695758851,513.2224349037951,513.3324073671711,1.1860090942356698,231.20012040876532,11,1.2121212121212122,0.1266144000019267,7.897995804464444,-0.07964683519363712,1.1801136146029287
148.35995969999567,15166.070686803203,8.831259389382472,513.396002930688,513.4719534381694,0.9854848682840182,230.51683310464395,11,1.2121212121212122,0.1266144000019267,7.897995804464444,0.052622922583011975,2.977472010582794
148.4866744999963,15166.197401603204,12.635854659704302,513.2359679353635,513.3914915593466,1.4103355225393623,240.58141417486107,12,1.2121212121212122,0.1266144000019267,7.897995804464444,-0.019876747207218638,-0.829797374234107
148.61338929999692,15166.324116403204,13.021857633295438,513.3564440044456,513.5215744027814,1.4530596262267608,240.85394013678717,12,1.2121212121212122,0.12669929999901797,7.892703432518971,0.10944424206124066,-1.212927718343391
148.74011959999916,15166.450846703206,10.252393069547924,513.475732021833,513.5780748231078,1.1438531039810027,252.86599217041334,12,1.2121212121212122,0.12669929999901797,7.892703432518971,0.16501226389736,1.558547664173047
148.86689119999937,15166.577618303207,7.9327043826101,513.4399329308771,513.5012098592227,0.8851557747889232,231.58540448706282,11,1.2121212121212122,0.12669929999901797,7.892703432518971,0.07587753663031187,3.876799630551081
148.99364729999797,15166.704374403205,10.64489494016953,513.1831256067032,513.2935166118433,1.1883089509712146,231.39295960317548,11,1.2121212121212122,0.12669930000265595,7.892703432292344,-0.11849053500886209,1.1594206222066128
149.12034660000063,15166.831073703208,11.918766954070685,513.4278110406792,513.5661341596901,1.3298313783120261,231.69936476350532,11,1.2121212121212122,0.12669930000265595,7.892703432292344,0.15542499785855962,-0.10848755674585042
149.24704589999965,15166.957773003207,12.731138595381182,513.351178361585,513.5090205781809,1.4206474049219218,231.46688163233128,12,1.2121212121212122,0.12669930000265595,7.892703432292344,0.09749442341445856,-0.9224066557079332
149.3737452000023,15167.08447230321,12.803813431310623,513.3191459778609,513.4788050794543,1.428842842574748,231.28040460414275,12,1.2121212121212122,0.12669930000265595,7.892703432292344,0.06714178977619485,-0.9957989101741822
149.50039095000102,15167.211118053208,13.150892838120141,513.3705715142589,513.5389855496041,1.467411544255685,230.89540278111264,12,1.2121212121212122,0.12669930000265595,7.892703432292344,0.12653539511847584,-1.3416039131303532
149.6269675500007,15167.337694653208,11.777464347034343,513.2360831432321,513.3711968027154,1.3145618818928615,231.09141215181924,11,1.2121212121212122,0.12669930000265595,7.892703432292344,-0.03950168428048022,0.028368579415508532
149.75354415000038,15167.464271253208,10.366983558672942,513.1064191319822,513.2111375472585,1.1574667110213246,231.107858650626,11,1.2121212121212122,0.12669930000265595,7.892703432292344,-0.2015677590129525,1.4354945146362441
149.88013635000243,15167.59086345321,10.067822151051503,513.2978551940021,513.3965808121709,1.1236551197006714,231.49076197892597,11,1.2121212121212122,0.12669930000265595,7.892703432292344,-0.01706203851990044,1.7389791975397766
150.00672855000084,15167.717455653208,8.397896891905342,513.3434318047526,513.4121187207094,0.9372305207246158,230.90848488010374,11,1.2121212121212122,0.12669930000265595,7.892703432292344,-0.00990019266871589,3.409510941190848
150.1333207500029,15167.84404785321,8.479749024417789,513.4560150582989,513.5260320013633,0.9461563439372228,231.43807395751494,11,1.2121212121212122,0.12669930000265595,7.892703432292344,0.10453561337740991,3.3302694945200746
150.2599129500013,15167.970640053209,12.514080252153544,513.3438153325538,513.4963241784117,1.3964559067012685,240.60259467148242,12,1.2121212121212122,0.12669929999901797,7.892703432518971,0.08514172358893497,-0.7055750404663804
150.38650515000336,15168.09723225321,12.635046008875099,513.3912671968219,513.546723893362,1.4098188797887103,241.31568200008192,12,1.2141652613827993,0.12664574999871547,7.896040727858161,0.13536284780489058,-0.8254175721661815
150.51309735000177,15168.223824453209,7.994501436872286,513.4608388032199,513.5230715729629,0.8920138574393265,231.5288396109235,11,1.2121212121212122,0.12659220000205096,7.899380846401269,0.09819900639809724,3.8154996843741085
150.63983165000172,15168.350558753209,8.124965878726757,513.3621433046596,513.4264360635167,0.9067427256004195,231.10498755361218,11,1.2121212121212122,0.12659220000205096,7.899380846401269,0.0025298557446115644,3.6828000776011725
150.76670805000322,15168.47743515321,8.267127656703924,513.3191256613604,513.3856933821157,0.9226825042691439,231.1054602932358,11,1.2121212121212122,0.12659220000205096,7.899380846401269,-0.03720716439672871,3.539686633149109
150.89358445000107,15168.604311553208,8.502779441311645,513.4036686312077,513.4740735638076,0.9488222846310927,231.25276145663494,11,1.2121212121212122,0.12659220000205096,7.899380846401269,0.05273265251420195,3.3060413749617816
151.02040220000163,15168.731129303209,10.016133820839825,513.1610021533065,513.2587428068838,1.1181857770848622,231.40302900410168,11,1.2121212121212122,0.12659220000205096,7.899380846401269,-0.15506754651220844,1.7875066948116543
151.14716130000124,15168.857888403209,10.940406883818703,513.2401329440054,513.3567244783727,1.2211520178619857,231.50846492793414,11,1.2121212121212122,0.12659220000205096,7.899380846401269,-0.054702484591948514,0.8652978077742727
151.27392040000086,15168.984647503208,11.955121744773473,513.265387516474,513.4045996661586,1.3343081429481456,231.45252068795955,12,1.2121212121212122,0.12659220000205096,7.899380846401269,-0.006119533158889891,-0.14856793250058467
151.40064845000052,15169.111375553208,13.392878173298586,513.4565493082771,513.6311879289731,1.4941506545429608,231.37952500503664,12,1.2121212121212122,0.12659220000205096,7.899380846401269,0.21805530729005917,-1.5815480507577593
151.52729304999957,15169.238020153207,12.646979474906605,512.9701810574973,513.1260593109653,1.4123077916774665,222.88937100203574,10,1.2121212121212122,0.12664459999905375,7.896112428066192,-0.28533750188699397,-0.847031459183191
151.65393765000044,15169.364664753208,12.470196156133218,513.3857633088268,513.5371921880236,1.3914471177354744,221.8746455865862,10,1.2121212121212122,0.12664460000087274,7.89611242795278,0.1260694185168742,-0.6607378863996869
151.78058225000132,15169.491309353209,8.69065150039351,513.4200928809995,513.4936408539403,0.9697518863505222,231.68713615991786,11,1.2121212121212122,0.12664460000087274,7.89611242795278,0.07347298958608559,3.1185967031702653
151.90720520000104,15169.617932303208,10.656480997922603,513.2793536594085,513.3899643353765,1.1893789932847598,231.07132229034323,11,1.2121212121212122,0.12664460000087274,7.89611242795278,-0.022021489918981865,1.150050552775615
152.03382815000077,15169.744555253208,11.24679932009497,513.2234243042636,513.3466409255452,1.2553811494895624,231.37862773105286,11,1.2121212121212122,0.12664460000087274,7.89611242795278,-0.06436070137499761,0.5586021565206271
152.1604511000005,15169.871178203208,8.105604826038022,513.3578570575526,513.4218443271756,0.904589951333613,231.43652711215728,11,1.2121212121212122,0.12664460000087274,7.89611242795278,-0.0022004974720247206,3.7020574407105062
152.2871047999979,15169.997831903205,9.816065596385345,513.2406416896201,513.3345024696524,1.0956859678336635,231.489937153591,11,1.2121212121212122,0.12665369999740506,7.895545096751919,-0.08004997347089628,1.9893534533083066
152.41372774999763,15170.124454853205,11.100142558284812,513.4645935424288,513.5845616707203,1.2384345111716286,231.47917191514975,11,1.2100840336134453,0.12665369999740506,7.895545096751919,0.17337214116687216,0.7107662219197204
152.54031994999968,15170.251047053207,9.765526080910364,513.1633216133591,513.2562324501212,1.0902102269898375,231.4885404118052,11,1.2100840336134453,0.12664460000087274,7.89611242795278,-0.15851184210578417,2.0381014992976048
152.6669121499981,15170.377639253205,7.544786075560184,513.2551329363795,513.3105836454831,0.8421801144162481,231.59115367011364,11,1.2080536912751678,0.12664460000087274,7.89611242795278,-0.1177944133416359,4.260365565828021
152.79350435000015,15170.504231453207,10.628562750394801,513.4186446804835,513.5286467683021,1.185942162550265,231.30234100825757,11,1.2080536912751678,0.12664459999905375,7.896112428066192,0.11659066790729475,1.18116464604349
152.92009654999856,15170.630823653206,7.1610472001433365,513.3968691719876,513.446809195073,0.7991306539804208,231.8350866862652,11,1.2080536912751678,0.126622949999728,7.897462505826535,0.015079624574955,4.6472624190567595
153.0466821000009,15170.757409203208,8.668278276762297,513.4204573070632,513.4936270584839,0.9672551444222425,231.29585070343748,11,1.2080536912751678,0.126622949999728,7.897462505826535,0.07332280974510269,3.1409723906015716
153.17326764999962,15170.883994753207,10.685553348325941,513.2379469892845,513.3491709159912,1.1927190372174654,231.6843995254652,11,1.2080536912751678,0.126622949999728,7.897462505826535,-0.06274864260308848,1.1200336754734677
153.29985985000167,15171.010586953209,7.144575888505585,513.3900503207016,513.4397615425972,0.7973033785295157,231.6471007496499,11,1.2080536912751678,0.126622949999728,7.897462505826535,0.007883791354364025,4.663572563881104
153.42645205000008,15171.137179153207,9.886749606314034,513.3087644912115,513.40396913276,1.1034274707171043,242.18708091805598,12,1.2080536912751678,0.12659220000205096,7.899380846401269,-0.010319691019420152,1.9202547335988083
153.55303760000243,15171.26376470321,11.197473889786615,513.0623577876783,513.1845344514622,1.2502693879911024,240.86424326862888,12,1.2080536912751678,0.12659220000205096,7.899380846401269,-0.2265189429856525,0.6042105495836702
153.67961650000143,15171.390343603209,6.94188920079417,513.4861158428166,513.5330378748953,0.7745423140430535,232.47116465304697,11,1.2080536912751678,0.12659220000205096,7.899380846401269,0.09926279028695634,4.868414836053476
153.8061710500042,15171.516898153212,11.428219025657903,513.2695347783061,513.3967466995065,1.2755102351682983,231.48864797479573,11,1.2080536912751678,0.12659219999841298,7.899380846628279,-0.014090373432400691,0.37829081602450176
153.93272560000332,15171.64345270321,12.785499410770777,513.3600618427231,513.5192519179269,1.4266862611225546,231.37894763850687,12,1.2080536912751678,0.12659219999841298,7.899380846628279,0.10762567270408953,-0.9765488044904155
154.05930450000596,15171.770031603213,13.40834810113322,513.4139914048891,513.5890481397561,1.4959996832951843,231.18237089901103,12,1.2060301507537687,0.12659219999841298,7.899380846628279,0.17586441543981213,-1.5979925772900732
154.18587320000552,15171.896600303213,11.594834176861259,513.3881793782043,513.5190969232364,1.2938010053485984,230.80319520257908,11,1.2060301507537687,0.12658555000234628,7.899795829630356,0.10835444273909114,0.2144481576957112
154.31243170000562,15172.023158803213,11.040324655942632,513.4428396867016,513.5615234750873,1.231814906738245,222.7252065012008,11,1.2060301507537687,0.12658555000234628,7.899795829630356,0.15024842616456716,0.7700680387899473
154.43900040000517,15172.149727503212,11.403345506129089,513.462391013005,513.589002290279,1.272257119666371,221.79422209468592,11,1.2060301507537687,0.1265855499987083,7.89979582985739,0.17814285084387652,0.4075928077711517
154.56556910000654,15172.276296203214,9.957071382190604,513.0736395958311,513.1702474994266,1.1117830234349095,230.8259764606758,11,1.2060301507537687,0.1265789000026416,7.900210856462892,-0.24376523935353087,1.8445444664412483
154.69212760000664,15172.402854703214,9.139171869115687,513.2935901579896,513.3749450058226,1.0200412846387719,230.33465053071845,11,1.2040133779264215,0.12657889999900362,7.9002108566899505,-0.042681806059830886,2.6672858086240985
154.81868610000674,15172.529413203214,9.336304406822261,513.3729414483184,513.4578303924047,1.0418778110343285,230.81794592000048,11,1.2040133779264215,0.12656870000137133,7.900847523828287,0.04118189009763538,2.472030219289762
154.94526145000782,15172.655988553215,10.305204172767944,513.1040858662255,513.2075605110056,1.1505761747145156,231.11289511373397,11,1.2040133779264215,0.12656870000137133,7.900847523828287,-0.20532112756077775,1.4972039051407209
155.07185365000623,15172.782580753214,10.482238795495865,513.183394658612,513.2904381376128,1.1701558246571222,230.48675353257832,11,1.2040133779264215,0.12656870000137133,7.900847523828287,-0.12196210312512545,1.3220399384142638
155.19844585000828,15172.909172953216,10.778421039424746,513.3783423910941,513.4914768487696,1.2027529598577484,230.99496908500632,11,1.2040133779264215,0.12656870000137133,7.900847523828287,0.07974527766445694,1.0304191700289127
155.3250380500067,15173.035765153214,10.305588331408643,513.3715548389946,513.4749832938926,1.1500197376476695,231.40109622634765,11,1.2040133779264215,0.12656870000137133,7.900847523828287,0.062085945194020734,1.5029707424631211
155.45166405000782,15173.162391153215,9.272279337321962,513.3673316954927,513.4510613644297,1.034745845182202,230.81233731692822,11,1.2040133779264215,0.12656870000137133,7.900847523828287,0.03410125774142194,2.5359093512243813
155.5783512000089,15173.289078303216,9.28598395162526,513.1578957517577,513.2419073597962,1.0366977312045143,230.52141860673603,11,1.2040133779264215,0.12656870000137133,7.900847523828287,-0.17496413850189851,2.517392032979112
155.70507370000814,15173.415800803215,8.71147378820205,513.3489640799528,513.422875121009,0.9722095725781629,239.88455979895977,11,1.2040133779264215,0.126575350001076,7.900432430101905,0.002841842316666038,3.0961441967772174
155.8318226500087,15173.542549753216,10.081810079538196,513.0705643423177,513.1696083060884,1.1257142348349611,231.10463077244398,11,1.2040133779264215,0.1265789000026416,7.900210856462892,-0.24397110555319618,1.7197680366988732
155.95859005000602,15173.669317153213,8.51905983659496,513.3338768237012,513.4045612140102,0.9507678984985137,231.4004319855592,11,1.2040133779264215,0.12659219999841298,7.899380846628279,-0.016666303174926192,3.288160306345491
156.08533900000657,15173.796066103214,9.011156794739957,513.6389233008467,513.7179619951326,1.0050801634620192,231.2419517581278,11,1.2040133779264215,0.12659219999841298,7.899380846628279,0.2996160908092548,2.8032085389602215
156.2120695000067,15173.922796603214,9.817394938463098,513.1097590917805,513.2036692372753,1.0961137692361251,231.6947467516387,11,1.2040133779264215,0.12659220000205096,7.899380846401269,-0.2108673878907114,1.9850145995270063
156.33881845000724,15174.049545553215,10.403954161497923,513.4751491297537,513.5805399701369,1.1607594051305306,231.66529042251068,11,1.2040133779264215,0.12662600000112434,7.897272282083622,0.16791492562990148,1.4070132492333425
156.46556740000597,15174.176294503213,9.77411295309759,513.0152412536022,513.1083424019839,1.0914835086758414,231.60383007653465,11,1.2040133779264215,0.12668715000108932,7.8934603864038415,-0.3063555713637163,2.0261115435508374
156.5922979000061,15174.303025003213,11.023584787479823,513.4743601184371,513.5926770511873,1.2298722651256497,231.2816334784368,11,1.2040133779264215,0.12672249999923224,7.89125845849047,0.18137556091368437,0.7875283450659076
156.7190284000062,15174.429755503214,9.904011186817455,513.292171259199,513.3877116892958,1.105389225124023,231.3904824564939,11,1.2040133779264215,0.12673050000012154,7.890760314202509,-0.026511576029985936,1.9026161290649672
156.84575890000633,15174.556486003214,6.79288566112745,513.335951152613,513.3808937244968,0.7581408687422968,231.53929021607655,11,1.2040133779264215,0.12673050000012154,7.890760314202509,-0.054288772110501766,5.0139256834238966
156.97248940000645,15174.683216503214,8.481361602527645,513.4996874388199,513.5697250562952,0.9462557701649614,231.53871347621353,11,1.2040133779264215,0.12673050000012154,7.890760314202509,0.148233528294817,3.329661661975165
157.0992119000075,15174.809939003215,10.323905572760447,513.1519265229628,513.2557673524025,1.1525561907090782,231.3632818686513,11,1.2040133779264215,0.12673050000012154,7.890760314202509,-0.15706305284991465,1.4796076264452784
157.22592640000585,15174.936653503213,10.160966148529777,513.1678055529303,513.2683916715324,1.1343354058593917,231.79384093974144,11,1.2040133779264215,0.12673050000012154,7.890760314202509,-0.14493528558023006,1.6428691247306517
157.3526489000069,15175.063376003214,10.515375482876962,513.1219051021345,513.2296392621823,1.1739945424671627,231.1875558933658,11,1.2040133779264215,0.12673050000012154,7.890760314202509,-0.18267336488137728,1.28749795957184
157.47937940000702,15175.190106503214,9.346716393083256,513.3249423186711,513.4100286455259,1.04313698143747,239.03227875048245,11,1.2040133779264215,0.12673050000012154,7.890760314202509,-0.006565104822707946,2.460517166659042
157.60612395000862,15175.316851053216,10.262936328514959,513.0273260991223,513.1299690979844,1.146029629162685,231.57188009538567,11,1.2040133779264215,0.12673050000012154,7.890760314202509,-0.28303261436405763,1.5376953526618924
157.73288255000807,15175.443609653215,9.70287381836259,513.1525892089604,513.2443137261192,1.0832401341015443,231.21103470457362,11,1.2040133779264215,0.12673050000012154,7.890760314202509,-0.17068220132575135,2.1004903834276285
157.85962710000967,15175.570354203217,7.337053295199597,513.4146880467292,513.467111169914,0.8187408420395648,231.1540790498149,11,1.2040133779264215,0.12673050000012154,7.890760314202509,0.03694134017667772,4.471712644961323
157.9863576000098,15175.697084703217,10.751861333497086,513.3281140493683,513.4407027063749,1.199907420114058,230.62177128607115,11,1.2020033388981637,0.12673050000012154,7.890760314202509,0.028919434578896352,1.0558167676736716
158.11303900001076,15175.823766103218,10.153592570104447,512.9904859089471,513.0909608199869,1.133904165910698,230.7729098985244,11,1.2020033388981637,0.12673050000012154,7.890760314202509,-0.3223776036301578,1.6461629926985994
158.23966295001082,15175.950390053218,8.223530237285459,513.4598437874815,513.5256932538317,0.9175659992622981,231.04248256774662,11,1.2040133779264215,0.12673050000012154,7.890760314202509,0.1024711524022099,3.586508570477661
158.36627855000916,15176.077005653216,9.7436143159117,513.0154224934779,513.1079435519381,1.0880781356788314,230.9781078235843,11,1.2040133779264215,0.12673050000012154,7.890760314202509,-0.3068757463612335,2.0566062830326093
158.49289415001113,15176.203621253218,10.15279944099501,513.1087512145074,513.2091872807815,1.1335543537377508,231.01501075414834,11,1.2020033388981637,0.12673050000012154,7.890760314202509,-0.20416181363244515,1.6496756196735696
158.61950975000946,15176.330236853217,8.193245397757599,513.4815624119883,513.5469250294509,0.9141487878660464,231.14209324031853,11,1.2020033388981637,0.12672250000105123,7.891258458377198,0.1234875829294092,3.6172848568616605
158.74612535001143,15176.456852453219,12.505225854967163,513.2660868606426,513.4184030543904,1.3956794731441133,240.1842465110902,12,1.2020033388981637,0.12672250000105123,7.891258458377198,0.007230186008927535,-0.6985104805293746
158.87274095000976,15176.583468053217,12.02005251567532,513.1940753123979,513.3348230913491,1.3417387594971812,239.72874180137006,12,1.2020033388981637,0.12671449999834294,7.891756665678175,-0.07591968694514566,-0.21512147479183835
158.99934575000952,15176.710072853217,11.682102568654525,513.118093063897,513.2510584012026,1.304221332765016,239.93624495765002,12,1.2,0.12668140000096173,7.893818666295196,-0.15965356303610173,0.12099176025460874
159.1259505500093,15176.836677653217,14.442343155007206,513.5829311677845,513.7859558830897,1.6107764558392044,231.03535339948584,11,1.2,0.12662395000006654,7.8974001363839506,0.36853793870082635,-2.6278291314855546
159.25257450000936,15176.963301603217,13.406157918151209,513.1920186773012,513.3670939047514,1.4964021008524986,230.5267772522181,11,1.2,0.12662395000006654,7.8974001363839506,-0.046099976528871565,-1.6009076059792788
159.37920680001116,15177.089933903218,12.580764976137772,513.3178431456216,513.4719892448446,1.4039653404975891,231.1003151429945,12,1.2,0.12662395000006654,7.8974001363839506,0.060709931475544245,-0.7728394028065004
159.50583075001123,15177.216557853219,11.903157864651062,513.4205417656315,513.558504821082,1.3281092219916515,231.21416065751438,11,1.2,0.12662395000006654,7.8974001363839506,0.14779868823011486,-0.09304976436220029
159.6324547000113,15177.343181803219,11.045359219558918,513.2852838032254,513.4041123026253,1.2327546290889217,231.30063250488564,11,1.2,0.12662395000006654,7.8974001363839506,-0.007150012182285385,0.7614115467319095
159.75910330000988,15177.469830403217,10.473219552327894,513.2050990394349,513.3119538914591,1.1690998341663867,231.10511020222071,11,1.2,0.12662395000006654,7.8974001363839506,-0.1004708747190303,1.3315559247439734
159.88576820001254,15177.59649530322,11.452237098095445,513.233483152686,513.361239249312,1.2782797734753337,231.39911108150292,11,1.2,0.12662395000006654,7.8974001363839506,-0.0495801293358497,0.35345002820714594
160.01243310001155,15177.723160203219,13.084037910846417,513.3903553718308,513.5570552887646,1.4598986947583006,231.4685237036458,12,1.2,0.12662395000006654,7.8974001363839506,0.14477658031832613,-1.2743117034497191
160.1390980000142,15177.849825103222,15.337104593147483,513.2786120016906,513.5077022944088,1.711526547971973,232.0185976091872,11,1.2,0.12662395000006654,7.8974001363839506,0.0848757813900014,-3.5293522684846734
160.26576290001321,15177.97649000322,11.740911731962736,513.1044675727575,513.2387783979506,1.3108194566837628,240.16361395876567,12,1.2,0.12662395000006654,7.8974001363839506,-0.17192303617334473,0.061884808660561154
160.39242780001587,15178.103154903223,10.391770135469585,513.3278016946341,513.4329760340623,1.1597331235758517,250.88694200420784,12,1.2,0.12662395000006654,7.8974001363839506,0.020326265792930023,1.4158055534886977
160.51909270001488,15178.229819803222,10.896888166921059,513.4771911660381,513.5928037068728,1.2157346235710333,240.17189887099173,12,1.2,0.12663230000180192,7.896879390059016,0.18129226007901172,0.9142565643089072
160.64575285001592,15178.356479953223,12.078211379451737,513.0881419977592,513.2302842280835,1.3485066096126577,240.5381381686881,12,1.2,0.1266485999985889,7.895863041606002,-0.1804875267347093,-0.2757010709266239
160.77239670001654,15178.483123803224,10.390528006181261,513.4422892401062,513.5474149992074,1.1593360421890644,240.66010496636216,12,1.2,0.1266485999985889,7.895863041606002,0.13475496925567845,1.4196801860174817
160.8990206500166,15178.609747753224,10.82095361275021,513.3492162448632,513.4632517097058,1.2075662137923426,241.20245756057548,12,1.2,0.1266485999985889,7.895863041606002,0.05160494142492097,0.9872280405661072
161.02562545001638,15178.736352553224,10.37170177013843,513.4479098891503,513.5526539383724,1.1572233886379406,241.08871911528502,12,1.2,0.1266485999985889,7.895863041606002,0.13994119122884066,1.4386306994897429
161.15221945001394,15178.862946553221,7.672440144052696,513.2784599750514,513.3358002439772,0.8563883665370734,231.92110115639355,11,1.2,0.1266485999985889,7.895863041606002,-0.09153792584683146,4.133281700603799
161.27881345001515,15178.989540553222,6.70737157337977,513.3990694486322,513.4428822606706,0.7485058757327783,231.8366002268866,11,1.2,0.1266485999985889,7.895863041606002,0.0068462929231543485,5.100868666573853
161.40540745001272,15179.11613455322,10.673431944949092,513.1699313036783,513.2809177669723,1.1915242976194151,231.99898139555367,11,1.2,0.1266485999985889,7.895863041606002,-0.13102509275179863,1.1305877393071706
161.5319903000127,15179.24271740322,8.761536178300023,513.2128032054453,513.2875859498209,0.9780548752570807,231.58899074859167,11,1.2,0.1266485999985889,7.895863041606002,-0.13213175530647106,3.042963800072873
161.65856200001508,15179.369289103222,11.100704947617828,513.3680028518336,513.4880057045289,1.238730188844966,231.59046142026713,11,1.2,0.12664385000061884,7.896159189689144,0.07681992785767387,0.7079827175598501
161.78513370001383,15179.495860803221,10.017449798590343,513.4048207628447,513.5025406782287,1.1178016863219988,250.94304336805726,12,1.2,0.12662395000006654,7.8974001363839506,0.08871684627776114,1.7917980799707571
161.91169170001376,15179.622418803221,8.30596231953154,513.3668620879278,513.4340503901732,0.9269298464671898,231.337986372725,11,1.2,0.12660479999976815,7.898594682048637,0.011409705609898319,3.501960019080111
162.03823600001488,15179.748963103222,6.968242791777258,513.4455916048773,513.4928742894955,0.7775437156820048,231.11059129175572,11,1.2,0.12659400000120513,7.8992685276591335,0.059355314021365096,4.841136292170516
162.16477085001316,15179.87549795322,11.048100705957507,513.1718674793113,513.2907812355613,1.2333329425263762,230.6838721574047,11,1.2,0.12659399999756715,7.899268527886138,-0.12047329716717875,0.7560625881335765
162.2912903500128,15180.00201745322,10.852094792221791,513.2906025080817,513.4053082940309,1.2111786357618661,231.58882738273624,11,1.2,0.12659399999756715,7.899268527886138,-0.006277151196579175,0.9547471761668275
162.41780395001297,15180.12853105322,7.943426121950239,513.3447640679495,513.406218129985,0.8865162433608795,231.78578242083447,11,1.2,0.12658284999997704,7.899964331662475,-0.019019593856441544,3.8638921602028
162.54431755001315,15180.25504465322,10.319186388278208,513.2644220763461,513.3681452691446,1.1517770551997528,231.2935104190547,11,1.2,0.12657170000238693,7.900660258028783,-0.0447057753506573,1.4869125854571956
162.67083705001278,15180.38156415322,10.725918021104816,513.1936920178556,513.3057673982565,1.1973264357632298,231.2037154346508,11,1.2,0.12657169999874895,7.900660258255867,-0.10606365758042056,1.0786619607128458
162.79736245001186,15180.50808955322,10.504949760647104,513.0928911919003,513.2004179276718,1.1728971842393454,231.11686024258486,11,1.2,0.12655799999993178,7.901515510679206,-0.21191935898874667,1.2972537014587484
162.9238819500115,15180.634609053219,8.377592587482942,513.3022355728388,513.3705962573586,0.9350399264936555,230.91003557966673,11,1.2020033388981637,0.1265443000011146,7.9023709482860305,-0.05155246118558046,3.428862500026746
163.05039555001167,15180.761122653219,8.386839033542488,513.4092098531981,513.477707238649,0.9358767515382166,231.05143750839838,11,1.2040133779264215,0.12653484999827924,7.90296112109509,0.055606166363320345,3.422078550957172
163.17690915001185,15180.88763625322,10.239937891349571,513.0841524760447,513.1863246912176,1.1433355391180697,231.49806321142455,11,1.2040133779264215,0.12652539999908186,7.903551381835241,-0.22675015300244944,1.561994524854578
163.30341870001212,15181.01414580322,10.740777281554356,513.3627144661234,513.4750635626218,1.1985900350127272,223.09101807704207,11,1.2040133779264215,0.12651949999963108,7.903919949121803,0.06325580473807975,1.0676935825407596
163.42992825001238,15181.14065535322,5.966399824415396,513.2383760687867,513.2730546177055,0.6660338484844672,231.44480489981555,11,1.2040133779264215,0.12651949999963108,7.903919949121803,-0.1708444693269833,5.837949047604618
163.55644185001256,15181.26716895322,8.261461045697667,513.4745957090936,513.5410520856407,0.9217710404488202,232.8795491268411,11,1.2040133779264215,0.12651949999963108,7.903919949121803,0.11809145484147433,3.5489270381810942
163.68295140001283,15181.39367850322,8.848716224110145,513.4501681182172,513.5264111216095,0.9873283541238734,231.9827832282832,11,1.2040133779264215,0.1265136000001803,7.904288550784855,0.10717523466088764,2.9612654111326164
163.80944660001296,15181.52017370322,8.553905237687578,513.3934082246437,513.464663733865,0.9545454156991479,232.12613968153224,11,1.2040133779264215,0.1265136000001803,7.904288550784855,0.04365068221261875,3.254693144092825
163.93593150001288,15181.64665860322,8.000376187674208,513.4664732013046,513.5287967786522,0.8926594529325882,232.3053133214771,11,1.2040133779264215,0.1265136000001803,7.904288550784855,0.10396701409585676,3.8097560595639464
164.0624164000128,15181.77314350322,8.04820117659232,513.253879820107,513.3169768209228,0.8983666541655242,231.72300817264113,11,1.2040133779264215,0.1265136000001803,7.904288550784855,-0.10747032977425364,3.75705477958747
164.18890130001273,15181.89962840322,9.582985790518553,513.3147725982526,513.4042163678217,1.069520878718048,231.88438588305615,11,1.2040133779264215,0.1265136000001803,7.904288550784855,-0.011298727587990595,2.224076382966074
164.31538620001265,15182.02611330322,10.929193754307835,513.3402099319479,513.456539941888,1.2196630524162917,232.08191170998097,11,1.2040133779264215,0.12650955000026443,7.9045415938789585,0.04509017258034115,0.8788094088479176
164.44187110001258,15182.15259820322,10.155191024707525,513.4139531611472,513.5143768243544,1.1331474720622294,223.19465354233407,11,1.2040133779264215,0.12650955000026443,7.9045415938789585,0.10101441827807169,1.6543032953645107
164.56835010001305,15182.27907720322,8.879335739250346,513.4973878830767,513.5741523537894,0.9906530724838707,231.78468051995222,11,1.2040133779264215,0.12650955000026443,7.9045415938789585,0.15508665859572443,2.9317398906910674
164.69482910001352,15182.40555620322,9.771749582019048,513.0917431911737,513.1847854533988,1.0910569914103143,232.0798852445011,11,1.2040133779264215,0.1264952000001358,7.905438309113124,-0.22992821501529187,2.0302335790478248
164.821308100014,15182.532035203221,10.306315590088236,513.3044299419932,513.4078865182314,1.150251230454984,231.9745213722708,11,1.2040133779264215,0.12648489999992307,7.906082069880343,-0.005004475548956087,1.5007000273424702
164.94778120001502,15182.658508303222,9.84410574292808,513.3397797824434,513.434159289159,1.0986029352282887,231.60578979631796,11,1.2040133779264215,0.12648489999992307,7.906082069880343,0.019706731320943187,1.963600567725283
165.0742466000156,15182.784973703223,8.407335674622345,513.4224283254947,513.4912591279364,0.9381393880233346,231.58232577772264,11,1.2040133779264215,0.12648489999992307,7.906082069880343,0.06929249731444588,3.4018913111629945
165.20068310001443,15182.911410203222,9.276142834833106,513.4512270261954,513.5350127893889,1.035007794950234,222.81613215944105,11,1.2040133779264215,0.12648489999992307,7.906082069880343,0.11806324918817415,2.533976188263753
165.32711960001507,15183.037846703222,9.107197032697805,513.4311619816062,513.5119269613655,1.0162009563418264,231.8278657218615,11,1.2040133779264215,0.12648489999992307,7.906082069880343,0.09411832094828679,2.7024158821755266
165.45357730001524,15183.164304403223,10.613590264414814,513.093001692802,513.2027637147238,1.1850234022576018,231.20418007004488,11,1.2040133779264215,0.1264790000004723,7.906450873237975,-0.20931051803756098,1.1886444697229408
165.58001380001588,15183.290740903223,10.680291141866823,513.3479032009491,513.4589938249071,1.191876566256805,231.4780497058189,11,1.2040133779264215,0.1264790000004723,7.906450873237975,0.04705747703275803,1.1278231164647405
165.7064503000147,15183.417177403222,8.541808741710213,513.3833057350192,513.4543612668961,0.9532145493208406,231.92104529815595,11,1.2040133779264215,0.1264790000004723,7.906450873237975,0.03327268520917803,3.26655411748206
165.8328868000135,15183.54361390322,10.949424167040261,513.1961872302629,513.3129810137951,1.2222628319007098,231.35588821920962,11,1.2040133779264215,0.12647310000102152,7.906819711005131,-0.09842920908536815,0.8552723043899739
165.9593021000146,15183.670029203222,8.37235978948776,513.4287661855197,513.4970246800168,0.9342257382519508,231.33798637272525,11,1.2040133779264215,0.12646540000059758,7.90730112738563,0.07482435252588185,3.437003696279424
166.08573860001343,15183.79646570322,8.732379472699174,513.1965903413646,513.2708785712059,0.9748315159057368,231.40062523963556,11,1.2040133779264215,0.12645770000017365,7.907782602392949,-0.14901083875285284,3.0717399531375724
166.2121963000136,15183.922923403221,10.531116350443543,513.0891947514046,513.1972585490217,1.175826382036919,231.36333269821196,11,1.2040133779264215,0.12645770000017365,7.907782602392949,-0.21501307762997937,1.271009025829546
166.33863280001242,15184.04935990322,10.543274549156708,513.1868533045689,513.2951461321878,1.1769595416785263,231.68958773914198,11,1.2040133779264215,0.12643650000063644,7.909108524792812,-0.11710075305473727,1.261099863485728
166.46504810001352,15184.17577520322,12.523214464694851,513.0117998111184,513.164630158755,1.3983788676151168,223.10362875889362,10,1.2040133779264215,0.12643650000063644,7.909108524792812,-0.24657593717007298,-0.7223420871164845
166.5914593000125,15184.30218640322,8.116435863356516,513.4131539064905,513.4773053751584,0.9057009575707553,231.39420197830043,11,1.2040133779264215,0.12643649999881745,7.909108524906596,0.05333080549389324,3.6925009108609164
166.717866400013,15184.42859350322,11.138607637911386,513.2944284064334,513.4152693611659,1.2431365409523454,231.9519214140047,11,1.2040133779264215,0.12643649999881745,7.909108524906596,0.004136575300000963,0.6683980840715295
166.844277600012,15184.55500470322,9.568532978808815,512.9999400308891,513.0891689512285,1.0685634615155022,231.59509215390904,11,1.2040133779264215,0.12643649999881745,7.909108524906596,-0.32638040134482477,2.231285273422178
166.9706929000131,15184.68142000322,8.415377194755202,513.4473484928616,513.5163076745275,0.9389909790079548,232.40971970989278,11,1.2040133779264215,0.12643649999881745,7.909108524906596,0.09439100248168875,3.394424998417741
167.09713325001212,15184.80786035322,8.939669665462855,513.4136186778741,513.491442516462,0.9975457768822382,232.2078358599781,11,1.2040133779264215,0.12643649999881745,7.909108524906596,0.07272708594241802,2.8694955079335362
167.22359865001272,15184.93432575322,10.756475728422908,513.3118107747409,513.424499659823,1.2004603512063499,232.1760917375759,11,1.2060301507537687,0.12643649999881745,7.909108524906596,0.012726587181689116,1.0508286721174656
167.35006790001353,15185.06079500322,10.580535914301596,513.2129475995246,513.3220015974633,1.1810578635335067,231.59806288900782,11,1.2080536912751678,0.12643649999881745,7.909108524906596,-0.09015647181886241,1.2244484341769521
167.47654100001455,15185.187268103222,8.891962440341812,513.3341758686958,513.4111832740241,0.9923768895771916,231.48387357830327,11,1.2080536912751678,0.12643649999881745,7.909108524906596,-0.0077918210030091875,2.915363196813684
167.60302430001502,15185.313751403222,11.309970965716111,513.057934673045,513.1825793752315,1.262837240201906,231.57409232946353,11,1.2080536912751678,0.12643649999881745,7.909108524906596,-0.22835383031913803,0.4916415075507059
167.72952225001427,15185.440249353222,8.975751558080935,513.439888242395,513.5183375054833,1.0015199739552922,231.7301115634203,11,1.2080536912751678,0.12643649999881745,7.909108524906596,0.09981946645747256,2.834027269845784
167.85602020001534,15185.566747303223,10.597483861997542,512.9734345625767,513.0828892402586,1.1835013250635453,231.1647983442688,11,1.2060301507537687,0.12644034999902942,7.908867699335506,-0.3292164212874425,1.2019969674280762
167.9825181500164,15185.693245253224,11.177803445932579,513.3694394762824,513.4911145074161,1.2473274296614925,231.71598100511275,11,1.2080536912751678,0.12645770000017365,7.907782602392949,0.0800291807183465,0.6309376461517913
168.10901610001565,15185.819743203223,7.69235215358088,513.4277137187185,513.4853352298243,0.8583610270799819,231.72409606110722,11,1.2080536912751678,0.12646540000059758,7.90730112738563,0.05813425624628557,4.116807295316829
168.2355140500149,15185.946241153222,11.812071112792053,513.4121462007399,513.5480083599036,1.317971250164156,231.36648356973055,11,1.2080536912751678,0.12646925000080955,7.907060411867698,0.13731065209516435,-0.0021801711414487185
168.3620164500171,15186.072743553224,12.98221008912944,513.0425124772565,513.2067394216235,1.4495234409023587,222.8950233185552,10,1.2060301507537687,0.12647310000102152,7.906819711005131,-0.20531602463117865,-1.1805100374673285
168.48852280001665,15186.199249903224,8.319163043821364,513.3560338620932,513.4234373072272,0.9284223443251639,231.58915686388738,11,1.2060301507537687,0.1264833000004728,7.9061820809250065,0.0008879160237131173,3.4885137727487523
168.61503310001717,15186.325760203224,10.593329191217439,513.0851171727479,513.1944622533704,1.1827800362253538,231.6716912330616,11,1.2060301507537687,0.1264979499992478,7.9052664490289875,-0.21765889007829195,1.2087188670454467
168.7415434000177,15186.452270503225,10.339016860202367,513.1121808419498,513.2163339158423,1.1543321354816918,231.88412214847924,11,1.2060301507537687,0.1264979499992478,7.9052664490289875,-0.19645071357355715,1.4635863171961718
168.86805855001876,15186.578785653226,9.040617994929214,513.4272418450771,513.506830959797,1.0087811631918522,231.10540527824784,11,1.2060301507537687,0.1264979499992478,7.9052664490289875,0.08866812530297141,2.7688871625003877
168.99458225001763,15186.705309353225,9.026545437539147,513.5181481282096,513.5974756358931,1.0070329595360867,231.54047169673652,11,1.2060301507537687,0.12649795000106678,7.905266448915313,0.179226745628909,2.785046539627398
169.1211096500174,15186.831836753225,10.331009124646531,513.3766584144905,513.480596667841,1.1528442688463152,231.30252692048757,11,1.2040133779264215,0.12649795000106678,7.905266448915313,0.06777276447375132,1.4776740371803034
169.24763705001715,15186.958364153224,10.429189603745618,512.9619861826473,513.067994776752,1.1647378361032816,230.96998898371882,11,1.2040133779264215,0.12650240000220947,7.904988363719061,-0.34453198027941734,1.369983444313383
169.37416075001602,15187.084887853223,11.253664908101948,513.2255809948456,513.3489475603906,1.256141972215633,231.28080372663575,11,1.2040133779264215,0.1265063499995449,7.904741540670467,-0.062046695520162336,0.5517879808660348
169.5006844500167,15187.211411553224,11.304779426028501,513.359426710008,513.4838839047427,1.2615166814973726,231.28144322528084,11,1.2040133779264215,0.12651030000051833,7.904494732807549,0.07293908648227375,0.5037649856719973
169.62721065001642,15187.337937753224,10.191859463348393,513.0032264743742,513.104457564382,1.1381482461617431,230.99867946172355,11,1.2040133779264215,0.12651030000051833,7.904494732807549,-0.3087603966258175,1.6081992099662916
169.75373685001614,15187.464463953223,10.786831645842442,512.9226361405256,513.0360478585318,1.2047603195175058,231.17448356170706,11,1.2040133779264215,0.12651515000106883,7.904191711360669,-0.37564704171897906,1.0115310638752333
169.8802787000168,15187.591005803224,10.151168939624313,513.3390577907344,513.4394165666673,1.1328640083053696,231.01585426205725,11,1.2040133779264215,0.12652369999887014,7.9036575756868475,0.026046360022004382,1.6566019730293635
170.0068350000147,15187.717562103222,8.98851761646074,513.4524091415964,513.5310797821791,1.0029196754758622,231.197369274008,11,1.2040133779264215,0.12652369999887014,7.9036575756868475,0.1126306311716531,2.8215525264803367
170.13339485001416,15187.844121953221,8.071370558637982,513.3140571716732,513.377510524895,0.9008468670519202,239.8780930614381,11,1.2040133779264215,0.12652370000068913,7.903657575573219,-0.04677607408883934,3.7352754032720696
170.2599582500152,15187.970685353223,12.374076409851948,513.3755233543371,513.5246301262837,1.3807535996506346,213.58831447860285,10,1.2040133779264215,0.12652619999971648,7.903501409212011,0.11362173846115482,-0.5648790445834211
170.38652165001258,15188.09724875322,9.105455598471245,513.3867915433182,513.4675326179818,1.0160944759565609,239.76540008540857,11,1.2040133779264215,0.12652619999971648,7.903501409212011,0.04971956961001053,2.703136483759442
170.51309765001315,15188.22382475322,10.464266896247688,513.4062799391602,513.5129104147658,1.1676431485597218,231.0693225704212,11,1.2040133779264215,0.12652739999975893,7.903426451518843,0.10045093982064927,1.3451327029790099
170.63968625001326,15188.35041335322,7.7325169827919105,513.4756980384215,513.5339173754089,0.8627615750363284,231.8226760857277,11,1.2040133779264215,0.12652739999975893,7.903426451518843,0.10702954322193792,4.07775656735332
170.76627530001315,15188.47700240322,10.700388149739148,513.1465537717197,513.2581065646674,1.1945870757324888,231.66582918241969,11,1.2040133779264215,0.126541850000649,7.9025239475704785,-0.1537765395170015,1.1031010580370295
170.89286435001304,15188.60359145322,9.389924699954099,513.0201334421943,513.1060592147763,1.0485806575338448,231.882752592133,11,1.2020033388981637,0.12655629999790108,7.901621649942238,-0.31029972511233,2.4103106989557856
171.01945340001294,15188.73018050322,9.746181930681216,513.261349492372,513.3538749682881,1.0878434345304664,231.78474427250578,11,1.2,0.12655984999946668,7.90140000959399,-0.060954738319063534,2.0596948481022195
171.14604245001283,15188.85676955322,7.510978120609841,513.3138021260204,513.3687507488155,0.8383110590336185,233.46276250691656,11,1.2020033388981637,0.1265633999973943,7.901178381906524,-0.059918209468021205,4.295513775686067
171.27263150001272,15188.98335860322,10.614905534595573,513.0657920418423,513.17558708792,1.1852330480196822,232.1669171764992,11,1.2020033388981637,0.12656340000103228,7.90117838167941,-0.2364827263522485,1.1867038161479133
171.3992220500113,15189.109949153219,10.087151873580968,513.2771384072204,513.3762474486189,1.1258573555541413,224.4885368426125,11,1.2040133779264215,0.12657600000056846,7.900391859400747,-0.0373288274221194,1.7191781699094484
171.52581365001242,15189.23654075322,9.923716003127835,513.1104923495079,513.206447249511,1.1079800073800803,231.69534054518692,11,1.2020033388981637,0.12658860000010463,7.899605493695115,-0.20768929417099105,1.8787385148294282
171.6524066000111,15189.363133703218,9.89937549172506,513.0901455154108,513.1856341131847,1.105306890184896,231.97266727476762,11,1.2020033388981637,0.12658904999989318,7.899577412113006,-0.2285904979666673,1.9026046798547802
171.7790143000111,15189.489741403218,10.452567603241516,513.3727968274356,513.4791959679807,1.1664141069425638,231.8848594597883,11,1.2,0.12658904999989318,7.899577412113006,0.06670763825971872,1.3560589021063423
171.9056354000113,15189.616362503219,10.9515807921449,513.0077943494995,513.1246770378377,1.2229523047893969,232.06841982176883,11,1.2,0.12658904999989318,7.899577412113006,-0.28672267260838064,0.8487838416522032
172.0322565000115,15189.742983603219,7.270590408076039,513.2431664590183,513.2946613805384,0.811596354721455,233.07656309303044,11,1.2,0.12658904999989318,7.899577412113006,-0.1360633119831083,4.5342135309289855
172.15886420001152,15189.869591303219,7.607282829583739,513.3411842817777,513.397547941035,0.8490129193655529,232.88921121718562,11,1.2,0.12658904999989318,7.899577412113006,-0.030328608016422204,4.19986423355229
172.2854571500102,15189.996184253218,9.6775626975678,513.3031525216375,513.3943723965201,1.0800982069311342,233.0495773442358,11,1.2020033388981637,0.126590549998582,7.8994838083190375,-0.020740777728035367,2.129257264552661
172.4120472500108,15190.122774353218,11.55650339768772,513.3826125527772,513.5126674604004,1.2895393184241148,232.18128394949233,11,1.2020033388981637,0.126590549998582,7.8994838083190375,0.1019076094165433,0.2526407815581463
172.53863870001078,15190.249365803218,7.455784432579153,513.4318834113772,513.4860150236412,0.8319603267414639,233.04288996820503,11,1.2020033388981637,0.12659144999997807,7.8994276469712075,0.05686257756160948,4.353408343053609
172.66523300001063,15190.375960103218,10.26605052683126,513.0901862724116,513.1928789865244,1.1462368805000795,232.2884917103548,11,1.2020033388981637,0.12659160000112024,7.899418286767453,-0.22011744879194092,1.5360275522691267
172.79181185000925,15190.502538953217,9.436182514981448,513.4116887265532,513.4983969415164,1.0529416825534517,223.27393777714877,11,1.2020033388981637,0.12659160000112024,7.899418286767453,0.08221578469004107,2.373069582900152
172.9183907000097,15190.629117803217,8.305132178810906,513.3786222712129,513.4457956061148,0.9268159927257001,231.81298411901264,11,1.2020033388981637,0.12659160000112024,7.899418286767453,0.02314768834920726,3.5030603852587103
173.04496955001014,15190.755696653217,8.538831009281651,513.3455942827103,513.4166055012967,0.952952301388101,232.20647798179687,11,1.2040133779264215,0.12659160000112024,7.899418286767453,-0.004497271909493561,3.2686638247886073
173.17148950000774,15190.882216603215,11.442842763393942,513.3429943458325,513.4705137536655,1.2769591599428722,231.45627063713394,11,1.2040133779264215,0.12659160000112024,7.899418286767453,0.059686064301819844,0.3653602707235313
173.2979414000074,15191.008668503215,10.421563184458766,513.107891871098,513.2137154048107,1.1635554796942003,232.27966220017646,11,1.2040133779264215,0.12659160000112024,7.899418286767453,-0.1988402600042523,1.3809631909719382
173.424350900008,15191.135078003215,11.10497499366779,513.2284562826717,513.3485841101583,1.2395433702492118,231.7647630400862,11,1.2040133779264215,0.12659144999997807,7.8994276469712075,-0.06259154024133232,0.7005046950536131
173.55074260000765,15191.261469703215,9.760469468195172,513.1396875336924,513.2325064592217,1.089696024251215,231.59717475499988,11,1.2040133779264215,0.12659010000061244,7.899511889122151,-0.18225595677344192,2.0426132697366683
173.6771343000073,15191.387861403215,11.735105476422683,513.4846832754986,513.6187619811818,1.3092016467335155,223.19723222173928,11,1.2040133779264215,0.1265788500004419,7.900213977267995,0.20805859086712203,0.07643322183840068
173.80352300000595,15191.514250103213,7.8115765034838445,513.4019850723851,513.4614094591095,0.8717064685971423,231.49272177415568,11,1.2040133779264215,0.1265788500004419,7.900213977267995,0.03515417650276381,3.9970228022181202
173.92991170000641,15191.640638803214,9.00764988614382,513.4911243269686,513.5701242469676,1.004978214484801,231.92125565996977,11,1.2040133779264215,0.1265788499986229,7.900213977381524,0.1517755563898308,2.8033156366332688
174.05629720000616,15191.767024303213,9.607999670216676,513.0470837551436,513.1370419364794,1.0728712940862644,232.08087880509706,11,1.2040133779264215,0.12651994999760063,7.9038918369708835,-0.2783415423564436,2.192913167741577
174.1826827000059,15191.893409803213,10.109193603755724,513.1725985473835,513.2721614262673,1.12854665726527,232.05038053167578,11,1.2020033388981637,0.12645189999966533,7.908145310609383,-0.1413341545433212,1.6947382007149459
174.30906820000564,15192.019795303213,7.4785848331904505,513.2183468995877,513.2728327365991,0.834851336314895,233.08547788917906,11,1.2040133779264215,0.12640950000059092,7.910797843479528,-0.15609312955625587,4.3257033445663255
174.43545370000538,15192.146180803213,10.797620390006811,513.1359104430265,513.249501891897,1.2054638513753557,232.3639927253819,11,1.2040133779264215,0.12639169999965816,7.9119119372767726,-0.16218103623559818,1.0056497705747982
174.56183920000512,15192.272566303212,7.366373722071793,513.4745848527905,513.5274216159822,0.8219163821131468,233.3884483580232,11,1.2040133779264215,0.12639169999965816,7.9119119372767726,0.09749657806715743,4.443777398903064
174.68821850000495,15192.398945603212,11.586243995943617,513.5283616521526,513.6590496341689,1.2924900030627176,223.3850034642587,11,1.2040133779264215,0.12638870000046154,7.912099736735549,0.24830209881274812,0.2262597916642572
174.81459780000478,15192.525324903212,9.303643213479384,513.3139040050875,513.3982097962437,1.0383531927157732,231.88488529153307,11,1.2020033388981637,0.12638869999864255,7.91209973684942,-0.018591038715594227,2.503325110804516
174.94096280000485,15192.651689903212,11.041671338611838,513.121474579541,513.2402616520185,1.2327364502563691,231.4658262416692,11,1.2,0.12638549999974202,7.912300066083856,-0.17100072412557435,0.7613313865446334
175.06731350000518,15192.778040603213,10.472927077053564,513.0482760745178,513.1551576127789,1.1694244433362664,231.86795485425853,11,1.2,0.12638549999974202,7.912300066083856,-0.2572590924620047,1.3282419174796518
175.19366420000551,15192.904391303213,9.755667147114957,513.1718395760861,513.2645613866104,1.08909178068576,231.69471136318674,11,1.2,0.12638549999974202,7.912300066083856,-0.150222854622432,2.0481537105518934
175.32001490000584,15193.030742003213,8.443499101976009,513.5129095556932,513.5823215001064,0.9420080060092115,231.82153868927088,11,1.2,0.12638549999974202,7.912300066083856,0.16058143722807033,3.3678182140679547
175.44636560000617,15193.157092703213,11.050329447375544,513.1849209259743,513.3038796333942,1.2335502989407379,231.79586544481745,11,1.2,0.12638549999974202,7.912300066083856,-0.10737204897632179,0.7541346218648632
175.57273060000625,15193.283457703214,10.571281604174317,513.1871953480828,513.2960641423097,1.1800843366439204,231.11053340792145,11,1.2,0.1263792999998259,7.912688232973103,-0.11611473113471435,1.2331080810255486
175.69910990000608,15193.409837003213,10.746467226709203,513.3271471133284,513.439623053542,1.1993078722431076,231.1050164778001,11,1.2,0.1263792999998259,7.912688232973103,0.02782870778630423,1.0611872116412011
175.82549185000607,15193.536218953213,8.651038569495425,513.3637887703944,513.436675831621,0.9654383451357854,230.81133711294086,11,1.2,0.1263792999998259,7.912688232973103,0.016272803766490193,3.156904351330518
175.95188215000599,15193.662609253213,10.99551527314077,513.1341263003188,513.2519195581381,1.2275547244438836,230.80177007028334,11,1.2,0.1263792999998259,7.912688232973103,-0.15941378477604468,0.8077661930470905
176.07827815000564,15193.789005253213,11.020142016306439,513.2132764973381,513.3315796862616,1.230113559516495,230.68392412513643,11,1.2,0.1263792999998259,7.912688232973103,-0.07971818671786798,0.7849661531941864
176.20470400000522,15193.915431103213,8.720734016776978,513.4839537594585,513.558002537432,0.9729870186931926,231.00733744916658,11,1.2,0.1263792999998259,7.912688232973103,0.1380087770597475,3.089990729586641
176.33115970000472,15194.041886803212,10.905564371632698,513.1887319463159,513.3045937169582,1.217386004772278,230.99987806386898,11,1.2,0.1263792999998259,7.912688232973103,-0.10689115044359238,0.8989490540443843
176.45765255000515,15194.168379653212,8.312336361986992,513.3964402949649,513.4637278750431,0.9275876187591547,231.4013171395075,11,1.2,0.1263792999998259,7.912688232973103,0.04112667216474719,3.496267862411933
176.58418255000288,15194.29490965321,7.912788859760987,513.2816701826624,513.3426586336291,0.8832060875578986,232.11811916634508,11,1.2,0.1263792999998259,7.912688232973103,-0.08280134829940493,3.8930703711701353
176.71071255000425,15194.421439653212,7.311751211305744,513.054035031152,513.1061338237174,0.8164912425311773,232.8878199628431,11,1.2,0.1263819499999954,7.912522318258551,-0.32419816127548773,4.488714220923297
176.83720540000286,15194.54793250321,7.961470670130882,513.3694583703613,513.4311889656777,0.8884870267794118,232.29745111873123,11,1.2,0.1263902999999118,7.911999575922343,0.006083142372670686,3.8464202706525388
176.96370780000143,15194.674434903209,8.051360901388653,513.3875751553086,513.4507052641101,0.8984852909335439,231.82189733597008,11,1.2,0.12639599999965867,7.9116427735268555,0.02626231172291077,3.756970437244435
177.09025690000271,15194.80098400321,7.368673675839192,513.3830264434157,513.4359056317953,0.8223195772514827,231.73564292620344,11,1.2020033388981637,0.12642584999957762,7.909774781054199,0.0060152733372672434,4.439372515307593
177.21680600000036,15194.927533103208,9.159903123714791,513.1911375892713,513.2728782289263,1.022558708690608,231.87546620412988,11,1.2,0.12645569999949657,7.9079076704646845,-0.1446305306316154,2.6442039691737924
177.34335510000165,15195.054082203209,8.053911239986691,513.3739878036938,513.4371595820941,0.8987936309202142,231.59756330353213,11,1.2020033388981637,0.12649284999861266,7.905585177430723,0.012737202678057821,3.7541083093309795
177.46990775000086,15195.180634853208,11.263196079272355,513.3667015924601,513.4902432275048,1.2568600215750885,231.99345534411827,11,1.2040133779264215,0.12649285000043164,7.905585177317039,0.07925576673588115,0.5455046334029856
177.59646395000163,15195.307191053209,11.729469563905914,513.5080652492909,513.642009119504,1.3085135434364317,222.1628845337523,11,1.2040133779264215,0.1265023999985715,7.904988363946394,0.2313047739108818,0.08260535131023042
177.7230201500024,15195.43374725321,11.4682087772362,513.459868429851,513.5879246054741,1.2794977194698955,222.54312443864765,11,1.2040133779264215,0.12652999999772874,7.903264048193712,0.17711257372538225,0.3426886792927366
177.8495763500032,15195.56030345321,11.387508227445197,513.4868719893728,513.613125853556,1.2704302016600533,223.01515521142403,11,1.2040133779264215,0.12653000000136672,7.903264047966478,0.20225314842238598,0.42398887896853676
177.97613670000283,15195.68686380321,12.69247853763925,513.508294933258,513.665132140279,1.415901975437996,221.8819886612195,10,1.2040133779264215,0.1265490999976464,7.902071212032312,0.2536803919132832,-0.8801436647706319
178.10270120000496,15195.813428303212,10.639877771990788,513.2545304961046,513.3648021376024,1.1875838414123605,231.68727120981964,11,1.2040133779264215,0.1265491000012844,7.902071211805147,-0.04721990735694649,1.1660785378758667
178.22926570000345,15195.93999280321,9.890856411622842,513.071388224491,513.166716043784,1.1043962987116855,231.49806321142455,11,1.2040133779264215,0.1265491000012844,7.902071211805147,-0.24753873879710225,1.9106901518799062
178.35583125000448,15196.066558353212,10.617137173267132,513.4038412671827,513.5136101698323,1.1847018013053179,231.46822550026474,11,1.2040133779264215,0.126552649999212,7.901849546463283,0.10152841932174095,1.1922467724460135
178.48239785000442,15196.193124953212,10.366365062345293,513.32158438736,513.4262464293731,1.1569126690694644,231.68775353202074,11,1.2040133779264215,0.1265562000007776,7.901627893330043,0.013526370780746602,1.4410609306986106
178.60896445000435,15196.319691553212,9.346666231478276,513.4081790816679,513.493250703061,1.0429623031512383,231.78750066087483,11,1.2040133779264215,0.1265562000007776,7.901627893330043,0.0766484919740821,2.462481482954094
178.73553105000428,15196.446258153212,6.666535840912945,513.3121812994895,513.3554696022612,0.7440752595825176,231.7281139944478,11,1.2040133779264215,0.1265562000007776,7.901627893330043,-0.08095796359023115,5.139695462033745
178.86209660000532,15196.572823703213,11.41595757646469,513.289042463333,513.4159767676819,1.274093770852604,231.99297392971198,11,1.2040133779264215,0.12656034999963595,7.901368793645692,0.005130180186085151,0.3909976342738892
178.9886611000038,15196.699388203211,10.252708258616071,513.0916305870611,513.1940562839027,1.1447443493745078,231.68739782119442,11,1.2040133779264215,0.12656449999849428,7.9011097109528885,-0.21898034377614276,1.549399506431317
179.11520595000547,15196.825933053213,10.036842916827252,513.4043751009814,513.5024737901135,1.1199660975216554,232.17165450758355,11,1.2060301507537687,0.12656449999849428,7.9011097109528885,0.08871727931715706,1.7723998416677667
179.24169610000536,15196.952423203213,10.720666543836122,513.3205261518691,513.4324641663944,1.196444776288322,233.12359262185004,11,1.2080536912751678,0.12656449999849428,7.9011097109528885,0.02061616763383153,1.0868288112775557
179.3681141000052,15197.078841203213,10.166365250486175,513.3477251258387,513.4483828723974,1.1345403131607992,224.2113493341727,11,1.2080536912751678,0.12656449999849428,7.9011097109528885,0.035060867448230816,1.6416090007595652
179.49449500000264,15197.20522210321,8.133023755142798,513.3890289090577,513.4534458737102,0.907594306580489,231.3942351335984,11,1.2080536912751678,0.12656449999849428,7.9011097109528885,0.029593654306973555,3.675362611395307
179.62087280000196,15197.33159990321,7.113721257237159,513.2786279403543,513.3279214405334,0.794032887396113,232.74492611534322,11,1.2080536912751678,0.12656449999849428,7.9011097109528885,-0.1042186760424057,4.691856692230898
179.74724750000314,15197.45797460321,7.347114568411118,513.497290346475,513.5498488809566,0.8197315580576939,231.87935116955185,11,1.2080536912751678,0.12656449999849428,7.9011097109528885,0.11975317079083271,4.463553609953585
179.87362220000068,15197.584349303208,9.099469111145313,513.3816828614143,513.4623186132771,1.015436675221077,231.88599423906456,11,1.2080536912751678,0.12656449999849428,7.9011097109528885,0.0444745694956923,2.7090039052628727
180.0,15197.710727103207,9.980077711469162,513.2608584177527,513.357877834611,1.1139448365052458,231.98197016769063,11,1.2080536912751678,0.1265448500016646,7.902336602294331,-0.056066860149961456,1.825849629909311
