t,epoch_s,dt,co_do,u,v,conf,theta_m,phi_m,theta_hat,dtheta_hat,phi_hat,dphi_hat,theta_du_doan,phi_du_doan,ld_huong,ld_cu_ly,ld_toc_do,trang_thai,theta_s,phi_s,theta_cmd,phi_cmd,e_theta,e_phi,u_theta,u_phi,nis,t_inf,e_px,ld_id,iff_ket,iff_ly_do,iff_ms,the_che_do,luot,nhan,dang_do
0.0208,1790267675.519091,0.0208,0,,,0.000,,,0.0000,0.0000,0.0000,0.0000,0.0000,-13.0000,,,,CHO,0.0000,0.0000,0.0000,-0.1727,0.0000,-13.0000,0.000,-8.311,,0.0,,,,,,,0,,0
0.0417,1790267675.539690,0.0209,0,,,0.000,,,0.0000,0.0000,0.0000,0.0000,0.0000,-13.0000,,,,CHO,0.0000,0.0000,0.0000,-0.5207,0.0000,-13.0000,0.000,-16.664,,0.0,,,,,,,0,,0
0.0625,1790267675.561493,0.0209,0,,,0.000,,,0.0000,0.0000,0.0000,0.0000,0.0000,-13.0000,,,,CHO,0.0000,0.0000,0.0000,-1.0431,0.0000,-13.0000,0.000,-25.017,,0.0,,,,,,,0,,0
0.0955,1790267675.621553,0.0329,0,,,0.000,,,0.0000,0.0000,0.0000,0.0000,0.0000,-13.0000,,,,CHO,0.0000,0.0000,0.0000,-2.3012,0.0000,-13.0000,0.000,-38.193,,0.0,,,,,,,0,,0
0.1238,1790267675.621553,0.0283,0,,,0.000,,,0.0000,0.0000,0.0000,0.0000,0.0000,-13.0000,,,,CHO,0.0000,0.0000,0.0000,-3.7038,0.0000,-13.0000,0.000,-49.522,,0.0,,,,,,,0,,0
0.1439,1790267675.643304,0.0201,0,,,0.000,,,0.0000,0.0000,0.0000,0.0000,0.0000,-13.0000,,,,CHO,0.0000,-0.0533,0.0000,-4.8582,0.0000,-12.9467,0.000,-57.547,,0.0,,,,,,,0,,0
0.1726,1790267675.671409,0.0287,0,,,0.000,,,0.0000,0.0000,0.0000,0.0000,0.0000,-13.0000,,,,CHO,0.0000,-0.2352,0.0000,-6.6794,0.0000,-12.7648,0.000,-63.473,,0.0,,,,,,,0,,0
0.1936,1790267675.691046,0.0210,0,,,0.000,,,0.0000,0.0000,0.0000,0.0000,0.0000,-13.0000,,,,CHO,0.0000,-0.4925,0.0000,-7.9794,0.0000,-12.5075,0.000,-61.831,,0.0,,,,,,,0,,0
0.2139,1790267675.712608,0.0203,0,,,0.000,,,0.0000,0.0000,0.0000,0.0000,0.0000,-13.0000,,,,CHO,0.0000,-1.0550,0.0000,-9.1620,0.0000,-11.9450,0.000,-58.213,,0.0,,,,,,,0,,0
0.2343,1790267675.732773,0.0204,0,,,0.000,,,0.0000,0.0000,0.0000,0.0000,0.0000,-13.0000,,,,CHO,0.0000,-1.4434,0.0000,-10.3020,0.0000,-11.5566,0.000,-55.956,,0.0,,,,,,,0,,0
0.2544,1790267675.753052,0.0201,0,,,0.000,,,0.0000,0.0000,0.0000,0.0000,0.0000,-13.0000,,,,CHO,0.0000,-2.1408,0.0000,-11.3399,0.0000,-10.8592,0.000,-51.686,,0.0,,,,,,,0,,0
0.2770,1790267675.774216,0.0227,0,,,0.000,,,0.0000,0.0000,0.0000,0.0000,0.0000,-13.0000,,,,CHO,0.0000,-3.0518,0.0000,-12.3898,0.0000,-9.9482,0.000,-46.264,,0.0,,,,,,,0,,0
0.2971,1790267675.795794,0.0201,0,,,0.000,,,0.0000,0.0000,0.0000,0.0000,0.0000,-13.0000,,,,CHO,0.0000,-4.1703,0.0000,-13.1830,0.0000,-8.8297,0.000,-39.542,,0.0,,,,,,,0,,0
0.3172,1790267675.816888,0.0201,0,,,0.000,,,0.0000,0.0000,0.0000,0.0000,0.0000,-13.0000,,,,CHO,0.0000,-5.3449,0.0000,-13.8391,0.0000,-7.6551,0.000,-32.703,,0.0,,,,,,,0,,0
0.3375,1790267675.836213,0.0203,0,,,0.000,,,0.0000,0.0000,0.0000,0.0000,0.0000,-13.0000,,,,CHO,0.0000,-6.5330,0.0000,-14.3682,0.0000,-6.4670,0.000,-26.017,,0.0,,,,,,,0,,0
0.3587,1790267675.857359,0.0211,0,,,0.000,,,0.0000,0.0000,0.0000,0.0000,0.0000,-13.0000,,,,CHO,0.0000,-7.7380,0.0000,-14.7797,0.0000,-5.2620,0.000,-19.455,,0.0,,,,,,,0,,0
0.3792,1790267675.876962,0.0205,0,,,0.000,,,0.0000,0.0000,0.0000,0.0000,0.0000,-13.0000,,,,CHO,0.0000,-8.8651,0.0000,-15.0562,0.0000,-4.1349,0.000,-13.491,,0.0,,,,,,,0,,0
0.3994,1790267675.898542,0.0203,0,,,0.000,,,0.0000,0.0000,0.0000,0.0000,0.0000,-13.0000,,,,CHO,0.0000,-9.9592,0.0000,-15.2143,0.0000,-3.0408,0.000,-7.807,,0.0,,,,,,,0,,0
0.4331,1790267675.931725,0.0337,0,,,0.000,,,0.0000,0.0000,0.0000,0.0000,0.0000,-13.0000,,,,CHO,0.0000,-11.6201,0.0000,-15.1975,0.0000,-1.3799,0.000,0.498,,0.0,,,,,,,0,,0
0.4551,1790267675.953963,0.0220,0,,,0.000,,,0.0000,0.0000,0.0000,0.0000,0.0000,-13.0000,,,,CHO,0.0000,-12.5222,0.0000,-15.0417,0.0000,0.0000,0.000,7.088,,0.0,,,,,,,0,,0
0.4754,1790267675.974016,0.0203,0,,,0.000,,,0.0000,0.0000,0.0000,0.0000,0.0000,-13.0000,,,,CHO,0.0000,-13.2239,0.0000,-14.9068,0.0000,0.0000,0.000,6.644,,0.0,,,,,,,0,,0
0.4955,1790267675.994150,0.0201,0,,,0.000,,,0.0000,0.0000,0.0000,0.0000,0.0000,-13.0000,,,,CHO,0.0000,-13.7894,0.0000,-14.7846,0.0000,0.0000,0.000,6.084,,0.0,,,,,,,0,,0
0.5160,1790267676.014625,0.0205,0,,,0.000,,,0.0000,0.0000,0.0000,0.0000,0.0000,-13.0000,,,,CHO,0.0000,-14.2359,0.0000,-14.5464,0.0000,1.2359,0.000,11.599,,0.0,,,,,,,0,,0
0.5364,1790267676.034384,0.0204,0,,,0.000,,,0.0000,0.0000,0.0000,0.0000,0.0000,-13.0000,,,,CHO,0.0000,-14.5414,0.0000,-14.2935,0.0000,1.5414,0.000,12.381,,0.0,,,,,,,0,,0
0.5567,1790267676.055413,0.0203,0,,,0.000,,,0.0000,0.0000,0.0000,0.0000,0.0000,-13.0000,,,,CHO,0.0000,-14.7506,0.0000,-14.0358,0.0000,1.7506,0.000,12.697,,0.0,,,,,,,0,,0
0.5774,1790267676.085979,0.0207,0,,,0.000,,,0.0000,0.0000,0.0000,0.0000,0.0000,-13.0000,,,,CHO,0.0000,-14.8423,0.0000,-13.7793,0.0000,1.8423,0.000,12.378,,0.0,,,,,,,0,,0
0.5979,1790267676.096546,0.0204,0,,,0.000,,,0.0000,0.0000,0.0000,0.0000,0.0000,-13.0000,,,,CHO,0.0000,-14.8625,0.0000,-13.5387,0.0000,1.8625,0.000,11.770,,0.0,,,,,,,0,,0
0.6182,1790267676.117281,0.0203,0,,,0.000,,,0.0000,0.0000,0.0000,0.0000,0.0000,-13.0000,,,,CHO,0.0000,-14.8383,0.0000,-13.3148,0.0000,1.8383,0.000,11.034,,0.0,,,,,,,0,,0
0.6391,1790267676.137277,0.0209,0,,,0.000,,,0.0000,0.0000,0.0000,0.0000,0.0000,-13.0000,,,,CHO,0.0000,-14.7457,0.0000,-13.1063,0.0000,1.7457,0.000,9.973,,0.0,,,,,,,0,,0
0.6727,1790267676.173926,0.0336,0,,,0.000,,,0.0000,0.0000,0.0000,0.0000,0.0000,-13.0000,,,,CHO,0.0000,-14.5524,0.0000,-12.8274,0.0000,1.5524,0.000,8.300,,0.0,,,,,,,0,,0
0.7082,1790267676.216691,0.0355,0,,,0.000,,,0.0000,0.0000,0.0000,0.0000,0.0000,-13.0000,,,,CHO,0.0000,-14.2115,0.0000,-12.6177,0.0000,1.2115,0.000,5.908,,0.0,,,,,,,0,,0
0.7299,1790267676.228470,0.0217,0,,,0.000,,,0.0000,0.0000,0.0000,0.0000,0.0000,-13.0000,,,,CHO,0.0000,-13.9925,0.0000,-12.6282,0.0000,0.0000,0.000,-0.484,,0.0,,,,,,,0,,0
0.7504,1790267676.248878,0.0205,0,,,0.000,,,0.0000,0.0000,0.0000,0.0000,0.0000,-13.0000,,,,CHO,0.0000,-13.7803,0.0000,-12.6433,0.0000,0.0000,0.000,-0.736,,0.0,,,,,,,0,,0
0.7708,1790267676.269437,0.0203,0,,,0.000,,,0.0000,0.0000,0.0000,0.0000,0.0000,-13.0000,,,,CHO,0.0000,-13.5704,0.0000,-12.6621,0.0000,0.0000,0.000,-0.925,,0.0,,,,,,,0,,0
0.7908,1790267676.289485,0.0200,0,,,0.000,,,0.0000,0.0000,0.0000,0.0000,0.0000,-13.0000,,,,CHO,0.0000,-13.3415,0.0000,-12.6843,0.0000,0.0000,0.000,-1.107,,0.0,,,,,,,0,,0
0.8112,1790267676.309820,0.0204,0,,,0.000,,,0.0000,0.0000,0.0000,0.0000,0.0000,-13.0000,,,,CHO,0.0000,-13.1814,0.0000,-12.7072,0.0000,0.0000,0.000,-1.124,,0.0,,,,,,,0,,0
0.8315,1790267676.330203,0.0204,0,,,0.000,,,0.0000,0.0000,0.0000,0.0000,0.0000,-13.0000,,,,CHO,0.0000,-13.0057,0.0000,-12.7309,0.0000,0.0000,0.000,-1.164,,0.0,,,,,,,0,,0
0.8521,1790267676.350728,0.0206,0,,,0.000,,,0.0000,0.0000,0.0000,0.0000,0.0000,-13.0000,,,,CHO,0.0000,-12.8838,0.0000,-12.7536,0.0000,0.0000,0.000,-1.099,,0.0,,,,,,,0,,0
0.8722,1790267676.370799,0.0200,0,,,0.000,,,0.0000,0.0000,0.0000,0.0000,0.0000,-13.0000,,,,CHO,0.0000,-12.8019,0.0000,-12.7733,0.0000,0.0000,0.000,-0.987,,0.0,,,,,,,0,,0
0.8924,1790267676.391051,0.0202,0,,,0.000,,,0.0000,0.0000,0.0000,0.0000,0.0000,-13.0000,,,,CHO,0.0000,-12.7447,0.0000,-12.7906,0.0000,0.0000,0.000,-0.856,,0.0,,,,,,,0,,0
0.9135,1790267676.412193,0.0211,0,,,0.000,,,0.0000,0.0000,0.0000,0.0000,0.0000,-13.0000,,,,CHO,0.0000,-12.7042,0.0000,-12.8058,0.0000,0.0000,0.000,-0.719,,0.0,,,,,,,0,,0
0.9341,1790267676.432751,0.0206,0,,,0.000,,,0.0000,0.0000,0.0000,0.0000,0.0000,-13.0000,,,,CHO,0.0000,-12.6770,0.0000,-12.8181,0.0000,0.0000,0.000,-0.596,,0.0,,,,,,,0,,0
0.9542,1790267676.452949,0.0201,0,,,0.000,,,0.0000,0.0000,0.0000,0.0000,0.0000,-13.0000,,,,CHO,0.0000,-12.6937,0.0000,-12.8267,0.0000,0.0000,0.000,-0.429,,0.0,,,,,,,0,,0
0.9746,1790267676.473269,0.0203,0,,,0.000,,,0.0000,0.0000,0.0000,0.0000,0.0000,-13.0000,,,,CHO,0.0000,-12.7053,0.0000,-12.8330,0.0000,0.0000,0.000,-0.309,,0.0,,,,,,,0,,0
0.9949,1790267676.493506,0.0203,0,,,0.000,,,0.0000,0.0000,0.0000,0.0000,0.0000,-13.0000,,,,CHO,0.0000,-12.7132,0.0000,-12.8375,0.0000,0.0000,0.000,-0.223,,0.0,,,,,,,0,,0
1.0153,1790267676.513994,0.0205,0,,,0.000,,,0.0000,0.0000,0.0000,0.0000,0.0000,-13.0000,,,,CHO,0.0000,-12.7188,0.0000,-12.8408,0.0000,0.0000,0.000,-0.161,,0.0,,,,,,,0,,0
1.0362,1790267676.534836,0.0209,0,,,0.000,,,0.0000,0.0000,0.0000,0.0000,0.0000,-13.0000,,,,CHO,0.0000,-12.7226,0.0000,-12.8432,0.0000,0.0000,0.000,-0.116,,0.0,,,,,,,0,,0
1.0616,1790267676.559249,0.0254,0,,,0.000,,,0.0000,0.0000,0.0000,0.0000,0.0000,-13.0000,,,,CHO,0.0000,-12.7256,0.0000,-12.8453,0.0000,0.0000,0.000,-0.079,,0.0,,,,,,,0,,0
1.0904,1790267676.588484,0.0288,0,,,0.000,,,0.0000,0.0000,0.0000,0.0000,0.0000,-13.0000,,,,CHO,0.0000,-12.7675,0.0000,-12.8450,0.0000,0.0000,0.000,0.011,,0.0,,,,,,,0,,0
1.1112,1790267676.609871,0.0208,0,,,0.000,,,0.0000,0.0000,0.0000,0.0000,0.0000,-13.0000,,,,CHO,0.0000,-12.7882,0.0000,-12.8440,0.0000,0.0000,0.000,0.044,,0.0,,,,,,,0,,0
1.1317,1790267676.630361,0.0205,0,,,0.000,,,0.0000,0.0000,0.0000,0.0000,0.0000,-13.0000,,,,CHO,0.0000,-12.8022,0.0000,-12.8429,0.0000,0.0000,0.000,0.057,,0.0,,,,,,,0,,0
1.1523,1790267676.650980,0.0206,0,,,0.000,,,0.0000,0.0000,0.0000,0.0000,0.0000,-13.0000,,,,CHO,0.0000,-12.8119,0.0000,-12.8416,0.0000,0.0000,0.000,0.060,,0.0,,,,,,,0,,0
1.1800,1790267676.678492,0.0277,0,,,0.000,,,0.0000,0.0000,0.0000,0.0000,0.0000,-13.0000,,,,CHO,0.0000,-12.8199,0.0000,-12.8401,0.0000,0.0000,0.000,0.056,,0.0,,,,,,,0,,0
1.2009,1790267676.699135,0.0209,0,,,0.000,,,0.0000,0.0000,0.0000,0.0000,0.0000,-13.0000,,,,CHO,0.0000,-12.8241,0.0000,-12.8391,0.0000,0.0000,0.000,0.049,,0.0,,,,,,,0,,0
1.2240,1790267676.721886,0.0232,0,,,0.000,,,0.0000,0.0000,0.0000,0.0000,0.0000,-13.0000,,,,CHO,0.0000,-12.8271,0.0000,-12.8381,0.0000,0.0000,0.000,0.042,,0.0,,,,,,,0,,0
1.2454,1790267676.742357,0.0213,0,,,0.000,,,0.0000,0.0000,0.0000,0.0000,0.0000,-13.0000,,,,CHO,0.0000,-12.8290,0.0000,-12.8373,0.0000,0.0000,0.000,0.035,,0.0,,,,,,,0,,0
1.2672,1790267676.765994,0.0218,0,,,0.000,,,0.0000,0.0000,0.0000,0.0000,0.0000,-13.0000,,,,CHO,0.0000,-12.8303,0.0000,-12.8367,0.0000,0.0000,0.000,0.028,,0.0,,,,,,,0,,0
1.2886,1790267676.787344,0.0214,0,,,0.000,,,0.0000,0.0000,0.0000,0.0000,0.0000,-13.0000,,,,CHO,0.0000,-12.8312,0.0000,-12.8362,0.0000,0.0000,0.000,0.023,,0.0,,,,,,,0,,0
1.3362,1790267676.833313,0.0476,0,,,0.000,,,0.0000,0.0000,0.0000,0.0000,0.0000,-13.0000,,,,CHO,0.0000,-12.8321,0.0000,-12.8355,0.0000,0.0000,0.000,0.015,,0.0,,,,,,,0,,0
1.3585,1790267676.856454,0.0223,0,,,0.000,,,0.0000,0.0000,0.0000,0.0000,0.0000,-13.0000,,,,CHO,0.0000,-12.8324,0.0000,-12.8353,0.0000,0.0000,0.000,0.011,,0.0,,,,,,,0,,0
1.3812,1790267676.878563,0.0226,0,,,0.000,,,0.0000,0.0000,0.0000,0.0000,0.0000,-13.0000,,,,CHO,0.0000,-12.8326,0.0000,-12.8351,0.0000,0.0000,0.000,0.009,,0.0,,,,,,,0,,0
1.4023,1790267676.900075,0.0211,0,,,0.000,,,0.0000,0.0000,0.0000,0.0000,0.0000,-13.0000,,,,CHO,0.0000,-12.8327,0.0000,-12.8349,0.0000,0.0000,0.000,0.007,,0.0,,,,,,,0,,0
1.4229,1790267676.921265,0.0206,0,,,0.000,,,0.0000,0.0000,0.0000,0.0000,0.0000,-13.0000,,,,CHO,0.0000,-12.8328,0.0000,-12.8348,0.0000,0.0000,0.000,0.005,,0.0,,,,,,,0,,0
1.4452,1790267676.943551,0.0223,0,,,0.000,,,0.0000,0.0000,0.0000,0.0000,0.0000,-13.0000,,,,CHO,0.0000,-12.8329,0.0000,-12.8347,0.0000,0.0000,0.000,0.004,,0.0,,,,,,,0,,0
1.4658,1790267676.963822,0.0206,0,,,0.000,,,0.0000,0.0000,0.0000,0.0000,0.0000,-13.0000,,,,CHO,0.0000,-12.8329,0.0000,-12.8347,0.0000,0.0000,0.000,0.003,,0.0,,,,,,,0,,0
1.4869,1790267676.984409,0.0211,0,,,0.000,,,0.0000,0.0000,0.0000,0.0000,0.0000,-13.0000,,,,CHO,0.0000,-12.8329,0.0000,-12.8346,0.0000,0.0000,0.000,0.003,,0.0,,,,,,,0,,0
1.5079,1790267677.005827,0.0210,0,,,0.000,,,0.0000,0.0000,0.0000,0.0000,0.0000,-13.0000,,,,CHO,0.0000,-12.8330,0.0000,-12.8346,0.0000,0.0000,0.000,0.002,,0.0,,,,,,,0,,0
1.5404,1790267677.038695,0.0324,0,,,0.000,,,0.0000,0.0000,0.0000,0.0000,0.0000,-13.0000,,,,CHO,0.0000,-12.8330,0.0000,-12.8345,0.0000,0.0000,0.000,0.001,,0.0,,,,,,,0,,0
1.5660,1790267677.064360,0.0257,0,,,0.000,,,0.0000,0.0000,0.0000,0.0000,0.0000,-13.0000,,,,CHO,0.0000,-12.8330,0.0000,-12.8345,0.0000,0.0000,0.000,0.001,,0.0,,,,,,,0,,0
1.5929,1790267677.091500,0.0269,0,,,0.000,,,0.0000,0.0000,0.0000,0.0000,0.0000,-13.0000,,,,CHO,0.0000,-12.8330,0.0000,-12.8345,0.0000,0.0000,0.000,0.001,,0.0,,,,,,,0,,0
1.6275,1790267677.125796,0.0346,0,,,0.000,,,0.0000,0.0000,0.0000,0.0000,0.0000,-13.0000,,,,CHO,0.0000,-12.8330,0.0000,-12.8345,0.0000,0.0000,0.000,0.000,,0.0,,,,,,,0,,0
1.6642,1790267677.162832,0.0368,0,,,0.000,,,0.0000,0.0000,0.0000,0.0000,0.0000,-13.0000,,,,CHO,0.0000,-12.8330,0.0000,-12.8344,0.0000,0.0000,0.000,0.000,,0.0,,,,,,,0,,0
1.6868,1790267677.183534,0.0225,0,,,0.000,,,0.0000,0.0000,0.0000,0.0000,0.0000,-13.0000,,,,CHO,0.0000,-12.8330,0.0000,-12.8344,0.0000,0.0000,0.000,0.000,,0.0,,,,,,,0,,0
1.7070,1790267677.205700,0.0202,0,,,0.000,,,0.0000,0.0000,0.0000,0.0000,0.0000,-13.0000,,,,CHO,0.0000,-12.8330,0.0000,-12.8344,0.0000,0.0000,0.000,0.000,,0.0,,,,,,,0,,0
1.7285,1790267677.225967,0.0214,0,,,0.000,,,0.0000,0.0000,0.0000,0.0000,0.0000,-13.0000,,,,CHO,0.0000,-12.8330,0.0000,-12.8344,0.0000,0.0000,0.000,0.000,,0.0,,,,,,,0,,0
1.7490,1790267677.247453,0.0205,0,,,0.000,,,0.0000,0.0000,0.0000,0.0000,0.0000,-13.0000,,,,CHO,0.0000,-12.8330,0.0000,-12.8344,0.0000,0.0000,0.000,0.000,,0.0,,,,,,,0,,0
1.7695,1790267677.268176,0.0205,0,,,0.000,,,0.0000,0.0000,0.0000,0.0000,0.0000,-13.0000,,,,CHO,0.0000,-12.8330,0.0000,-12.8344,0.0000,0.0000,0.000,0.000,,0.0,,,,,,,0,,0
1.7906,1790267677.288744,0.0211,0,,,0.000,,,0.0000,0.0000,0.0000,0.0000,0.0000,-13.0000,,,,CHO,0.0000,-12.8330,0.0000,-12.8344,0.0000,0.0000,0.000,0.000,,0.0,,,,,,,0,,0
1.8115,1790267677.308666,0.0209,0,,,0.000,,,0.0000,0.0000,0.0000,0.0000,0.0000,-13.0000,,,,CHO,0.0000,-12.8330,0.0000,-12.8344,0.0000,0.0000,0.000,0.000,,0.0,,,,,,,0,,0
1.8332,1790267677.330930,0.0217,0,,,0.000,,,0.0000,0.0000,0.0000,0.0000,0.0000,-13.0000,,,,CHO,0.0000,-12.8330,0.0000,-12.8344,0.0000,0.0000,0.000,0.000,,0.0,,,,,,,0,,0
1.8534,1790267677.352081,0.0202,0,,,0.000,,,0.0000,0.0000,0.0000,0.0000,0.0000,-13.0000,,,,CHO,0.0000,-12.8330,0.0000,-12.8344,0.0000,0.0000,0.000,0.000,,0.0,,,,,,,0,,0
1.8740,1790267677.372640,0.0206,0,,,0.000,,,0.0000,0.0000,0.0000,0.0000,0.0000,-13.0000,,,,CHO,0.0000,-12.8330,0.0000,-12.8344,0.0000,0.0000,0.000,0.000,,0.0,,,,,,,0,,0
1.8945,1790267677.393204,0.0205,0,,,0.000,,,0.0000,0.0000,0.0000,0.0000,0.0000,-13.0000,,,,CHO,0.0000,-12.8330,0.0000,-12.8344,0.0000,0.0000,0.000,0.000,,0.0,,,,,,,0,,0
1.9153,1790267677.414002,0.0208,0,,,0.000,,,0.0000,0.0000,0.0000,0.0000,0.0000,-13.0000,,,,CHO,0.0000,-12.8330,0.0000,-12.8344,0.0000,0.0000,0.000,0.000,,0.0,,,,,,,0,,0
1.9358,1790267677.434458,0.0204,0,,,0.000,,,0.0000,0.0000,0.0000,0.0000,0.0000,-13.0000,,,,CHO,0.0000,-12.8330,0.0000,-12.8344,0.0000,0.0000,0.000,0.000,,0.0,,,,,,,0,,0
1.9561,1790267677.454832,0.0204,0,,,0.000,,,0.0000,0.0000,0.0000,0.0000,0.0000,-13.0000,,,,CHO,0.0000,-12.8330,0.0000,-12.8344,0.0000,0.0000,0.000,0.000,,0.0,,,,,,,0,,0
1.9763,1790267677.474970,0.0201,0,,,0.000,,,0.0000,0.0000,0.0000,0.0000,0.0000,-13.0000,,,,CHO,0.0000,-12.8330,0.0000,-12.8344,0.0000,0.0000,0.000,0.000,,0.0,,,,,,,0,,0
1.9965,1790267677.495170,0.0202,0,,,0.000,,,0.0000,0.0000,0.0000,0.0000,0.0000,-13.0000,,,,CHO,0.0000,-12.8330,0.0000,-12.8344,0.0000,0.0000,0.000,0.000,,0.0,,,,,,,0,,0
2.0166,1790267677.515348,0.0202,0,,,0.000,,,0.0000,0.0000,0.0000,0.0000,0.0000,-13.0000,,,,CHO,0.0000,-12.8330,0.0000,-12.8344,0.0000,0.0000,0.000,0.000,,0.0,,,,,,,0,,0
2.0370,1790267677.535552,0.0203,0,,,0.000,,,0.0000,0.0000,0.0000,0.0000,0.0000,-13.0000,,,,CHO,0.0000,-12.8330,0.0000,-12.8344,0.0000,0.0000,0.000,0.000,,0.0,,,,,,,0,,0
2.0577,1790267677.556346,0.0207,0,,,0.000,,,0.0000,0.0000,0.0000,0.0000,0.0000,-13.0000,,,,CHO,0.0000,-12.8330,0.0000,-12.8344,0.0000,0.0000,0.000,0.000,,0.0,,,,,,,0,,0
2.0783,1790267677.576986,0.0206,0,,,0.000,,,0.0000,0.0000,0.0000,0.0000,0.0000,-13.0000,,,,CHO,0.0000,-12.8330,0.0000,-12.8344,0.0000,0.0000,0.000,0.000,,0.0,,,,,,,0,,0
2.0986,1790267677.597274,0.0203,0,,,0.000,,,0.0000,0.0000,0.0000,0.0000,0.0000,-13.0000,,,,CHO,0.0000,-12.8330,0.0000,-12.8344,0.0000,0.0000,0.000,0.000,,0.0,,,,,,,0,,0
2.1191,1790267677.617689,0.0205,0,,,0.000,,,0.0000,0.0000,0.0000,0.0000,0.0000,-13.0000,,,,CHO,0.0000,-12.8330,0.0000,-12.8344,0.0000,0.0000,0.000,0.000,,0.0,,,,,,,0,,0
2.1394,1790267677.638016,0.0203,0,,,0.000,,,0.0000,0.0000,0.0000,0.0000,0.0000,-13.0000,,,,CHO,0.0000,-12.8330,0.0000,-12.8344,0.0000,0.0000,0.000,0.000,,0.0,,,,,,,0,,0
2.1598,1790267677.658376,0.0204,0,,,0.000,,,0.0000,0.0000,0.0000,0.0000,0.0000,-13.0000,,,,CHO,0.0000,-12.8330,0.0000,-12.8344,0.0000,0.0000,0.000,0.000,,0.0,,,,,,,0,,0
2.1799,1790267677.678505,0.0201,0,,,0.000,,,0.0000,0.0000,0.0000,0.0000,0.0000,-13.0000,,,,CHO,0.0000,-12.8330,0.0000,-12.8344,0.0000,0.0000,0.000,0.000,,0.0,,,,,,,0,,0
2.1999,1790267677.698546,0.0200,0,,,0.000,,,0.0000,0.0000,0.0000,0.0000,0.0000,-13.0000,,,,CHO,0.0000,-12.8330,0.0000,-12.8344,0.0000,0.0000,0.000,0.000,,0.0,,,,,,,0,,0
2.2200,1790267677.718686,0.0201,0,,,0.000,,,0.0000,0.0000,0.0000,0.0000,0.0000,-13.0000,,,,CHO,0.0000,-12.8330,0.0000,-12.8344,0.0000,0.0000,0.000,0.000,,0.0,,,,,,,0,,0
2.2404,1790267677.739051,0.0204,0,,,0.000,,,0.0000,0.0000,0.0000,0.0000,0.0000,-13.0000,,,,CHO,0.0000,-12.8330,0.0000,-12.8344,0.0000,0.0000,0.000,0.000,,0.0,,,,,,,0,,0
2.2604,1790267677.759115,0.0201,0,,,0.000,,,0.0000,0.0000,0.0000,0.0000,0.0000,-13.0000,,,,CHO,0.0000,-12.8330,0.0000,-12.8344,0.0000,0.0000,0.000,0.000,,0.0,,,,,,,0,,0
2.2810,1790267677.779539,0.0206,0,,,0.000,,,0.0000,0.0000,0.0000,0.0000,0.0000,-13.0000,,,,CHO,0.0000,-12.8330,0.0000,-12.8344,0.0000,0.0000,0.000,0.000,,0.0,,,,,,,0,,0
2.3011,1790267677.799754,0.0201,0,,,0.000,,,0.0000,0.0000,0.0000,0.0000,0.0000,-13.0000,,,,CHO,0.0000,-12.8330,0.0000,-12.8344,0.0000,0.0000,0.000,0.000,,0.0,,,,,,,0,,0
2.3211,1790267677.819766,0.0200,0,,,0.000,,,0.0000,0.0000,0.0000,0.0000,0.0000,-13.0000,,,,CHO,0.0000,-12.8330,0.0000,-12.8344,0.0000,0.0000,0.000,0.000,,0.0,,,,,,,0,,0
2.3412,1790267677.839390,0.0201,0,,,0.000,,,0.0000,0.0000,0.0000,0.0000,0.0000,-13.0000,,,,CHO,0.0000,-12.8330,0.0000,-12.8344,0.0000,0.0000,0.000,0.000,,0.0,,,,,,,0,,0
2.3612,1790267677.859950,0.0200,0,,,0.000,,,0.0000,0.0000,0.0000,0.0000,0.0000,-13.0000,,,,CHO,0.0000,-12.8330,0.0000,-12.8344,0.0000,0.0000,0.000,0.000,,0.0,,,,,,,0,,0
2.3815,1790267677.880231,0.0203,0,,,0.000,,,0.0000,0.0000,0.0000,0.0000,0.0000,-13.0000,,,,CHO,0.0000,-12.8330,0.0000,-12.8344,0.0000,0.0000,0.000,0.000,,0.0,,,,,,,0,,0
2.4020,1790267677.900685,0.0205,0,,,0.000,,,0.0000,0.0000,0.0000,0.0000,0.0000,-13.0000,,,,CHO,0.0000,-12.8330,0.0000,-12.8344,0.0000,0.0000,0.000,0.000,,0.0,,,,,,,0,,0
2.4224,1790267677.921119,0.0204,0,,,0.000,,,0.0000,0.0000,0.0000,0.0000,0.0000,-13.0000,,,,CHO,0.0000,-12.8330,0.0000,-12.8344,0.0000,0.0000,0.000,0.000,,0.0,,,,,,,0,,0
2.4425,1790267677.941237,0.0201,0,,,0.000,,,0.0000,0.0000,0.0000,0.0000,0.0000,-13.0000,,,,CHO,0.0000,-12.8330,0.0000,-12.8344,0.0000,0.0000,0.000,0.000,,0.0,,,,,,,0,,0
2.4629,1790267677.961578,0.0204,0,,,0.000,,,0.0000,0.0000,0.0000,0.0000,0.0000,-13.0000,,,,CHO,0.0000,-12.8330,0.0000,-12.8344,0.0000,0.0000,0.000,0.000,,0.0,,,,,,,0,,0
2.4829,1790267677.981614,0.0200,0,,,0.000,,,0.0000,0.0000,0.0000,0.0000,0.0000,-13.0000,,,,CHO,0.0000,-12.8330,0.0000,-12.8344,0.0000,0.0000,0.000,0.000,,0.0,,,,,,,0,,0
2.5037,1790267678.002404,0.0208,0,,,0.000,,,0.0000,0.0000,0.0000,0.0000,0.0000,-13.0000,,,,CHO,0.0000,-12.8330,0.0000,-12.8344,0.0000,0.0000,0.000,0.000,,0.0,,,,,,,0,,0
2.5241,1790267678.022818,0.0204,0,,,0.000,,,0.0000,0.0000,0.0000,0.0000,0.0000,-13.0000,,,,CHO,0.0000,-12.8330,0.0000,-12.8344,0.0000,0.0000,0.000,0.000,,0.0,,,,,,,0,,0
2.5443,1790267678.042959,0.0201,0,,,0.000,,,0.0000,0.0000,0.0000,0.0000,0.0000,-13.0000,,,,CHO,0.0000,-12.8330,0.0000,-12.8344,0.0000,0.0000,0.000,0.000,,0.0,,,,,,,0,,0
2.5646,1790267678.063314,0.0203,0,,,0.000,,,0.0000,0.0000,0.0000,0.0000,0.0000,-13.0000,,,,CHO,0.0000,-12.8330,0.0000,-12.8344,0.0000,0.0000,0.000,0.000,,0.0,,,,,,,0,,0
2.5850,1790267678.083690,0.0204,0,,,0.000,,,0.0000,0.0000,0.0000,0.0000,0.0000,-13.0000,,,,CHO,0.0000,-12.8330,0.0000,-12.8344,0.0000,0.0000,0.000,0.000,,0.0,,,,,,,0,,0
2.6055,1790267678.104011,0.0205,0,,,0.000,,,0.0000,0.0000,0.0000,0.0000,0.0000,-13.0000,,,,CHO,0.0000,-12.8330,0.0000,-12.8344,0.0000,0.0000,0.000,0.000,,0.0,,,,,,,0,,0
2.6257,1790267678.124422,0.0202,0,,,0.000,,,0.0000,0.0000,0.0000,0.0000,0.0000,-13.0000,,,,CHO,0.0000,-12.8330,0.0000,-12.8344,0.0000,0.0000,0.000,0.000,,0.0,,,,,,,0,,0
2.6461,1790267678.144787,0.0204,0,,,0.000,,,0.0000,0.0000,0.0000,0.0000,0.0000,-13.0000,,,,CHO,0.0000,-12.8330,0.0000,-12.8344,0.0000,0.0000,0.000,0.000,,0.0,,,,,,,0,,0
2.6666,1790267678.165272,0.0204,0,,,0.000,,,0.0000,0.0000,0.0000,0.0000,0.0000,-13.0000,,,,CHO,0.0000,-12.8330,0.0000,-12.8344,0.0000,0.0000,0.000,0.000,,0.0,,,,,,,0,,0
2.6870,1790267678.185643,0.0204,0,,,0.000,,,0.0000,0.0000,0.0000,0.0000,0.0000,-13.0000,,,,CHO,0.0000,-12.8330,0.0000,-12.8344,0.0000,0.0000,0.000,0.000,,0.0,,,,,,,0,,0
2.7074,1790267678.206006,0.0204,0,,,0.000,,,0.0000,0.0000,0.0000,0.0000,0.0000,-13.0000,,,,CHO,0.0000,-12.8330,0.0000,-12.8344,0.0000,0.0000,0.000,0.000,,0.0,,,,,,,0,,0
2.7276,1790267678.226228,0.0201,0,,,0.000,,,0.0000,0.0000,0.0000,0.0000,0.0000,-13.0000,,,,CHO,0.0000,-12.8330,0.0000,-12.8344,0.0000,0.0000,0.000,0.000,,0.0,,,,,,,0,,0
2.7477,1790267678.246408,0.0201,0,,,0.000,,,0.0000,0.0000,0.0000,0.0000,0.0000,-13.0000,,,,CHO,0.0000,-12.8330,0.0000,-12.8344,0.0000,0.0000,0.000,0.000,,0.0,,,,,,,0,,0
2.7681,1790267678.266777,0.0204,0,,,0.000,,,0.0000,0.0000,0.0000,0.0000,0.0000,-13.0000,,,,CHO,0.0000,-12.8330,0.0000,-12.8344,0.0000,0.0000,0.000,0.000,,0.0,,,,,,,0,,0
2.8339,1790267678.332067,0.0659,0,,,0.000,,,0.0000,0.0000,0.0000,0.0000,0.0000,-13.0000,,,,CHO,0.0000,-12.8330,0.0000,-12.8344,0.0000,0.0000,0.000,0.000,,0.0,,,,,,,0,,0
2.8539,1790267678.352638,0.0200,0,,,0.000,,,0.0000,0.0000,0.0000,0.0000,0.0000,-13.0000,,,,CHO,0.0000,-12.8330,0.0000,-12.8344,0.0000,0.0000,0.000,0.000,,0.0,,,,,,,0,,0
2.8744,1790267678.373024,0.0205,0,,,0.000,,,0.0000,0.0000,0.0000,0.0000,0.0000,-13.0000,,,,CHO,0.0000,-12.8330,0.0000,-12.8344,0.0000,0.0000,0.000,0.000,,0.0,,,,,,,0,,0
2.8945,1790267678.393170,0.0201,0,,,0.000,,,0.0000,0.0000,0.0000,0.0000,0.0000,-13.0000,,,,CHO,0.0000,-12.8330,0.0000,-12.8344,0.0000,0.0000,0.000,0.000,,0.0,,,,,,,0,,0
2.9151,1790267678.413725,0.0205,0,,,0.000,,,0.0000,0.0000,0.0000,0.0000,0.0000,-13.0000,,,,CHO,0.0000,-12.8330,0.0000,-12.8344,0.0000,0.0000,0.000,0.000,,0.0,,,,,,,0,,0
2.9356,1790267678.434283,0.0205,0,,,0.000,,,0.0000,0.0000,0.0000,0.0000,0.0000,-13.0000,,,,CHO,0.0000,-12.8330,0.0000,-12.8344,0.0000,0.0000,0.000,0.000,,0.0,,,,,,,0,,0
2.9561,1790267678.454737,0.0205,0,,,0.000,,,0.0000,0.0000,0.0000,0.0000,0.0000,-13.0000,,,,CHO,0.0000,-12.8330,0.0000,-12.8344,0.0000,0.0000,0.000,0.000,,0.0,,,,,,,0,,0
2.9762,1790267678.474858,0.0202,0,,,0.000,,,0.0000,0.0000,0.0000,0.0000,0.0000,-13.0000,,,,CHO,0.0000,-12.8330,0.0000,-12.8344,0.0000,0.0000,0.000,0.000,,0.0,,,,,,,0,,0
2.9963,1790267678.494966,0.0201,0,,,0.000,,,0.0000,0.0000,0.0000,0.0000,0.0000,-13.0000,,,,CHO,0.0000,-12.8330,0.0000,-12.8344,0.0000,0.0000,0.000,0.000,,0.0,,,,,,,0,,0
3.0165,1790267678.515068,0.0202,0,,,0.000,,,0.0000,0.0000,0.0000,0.0000,0.0000,-13.0000,,,,CHO,0.0000,-12.8330,0.0000,-12.8344,0.0000,0.0000,0.000,0.000,,0.0,,,,,,,0,,0
3.0367,1790267678.535359,0.0202,0,,,0.000,,,0.0000,0.0000,0.0000,0.0000,0.0000,-13.0000,,,,CHO,0.0000,-12.8330,0.0000,-12.8344,0.0000,0.0000,0.000,0.000,,0.0,,,,,,,0,,0
3.0572,1790267678.555883,0.0205,0,,,0.000,,,0.0000,0.0000,0.0000,0.0000,0.0000,-13.0000,,,,CHO,0.0000,-12.8330,0.0000,-12.8344,0.0000,0.0000,0.000,0.000,,0.0,,,,,,,0,,0
3.0773,1790267678.575995,0.0201,0,,,0.000,,,0.0000,0.0000,0.0000,0.0000,0.0000,-13.0000,,,,CHO,0.0000,-12.8330,0.0000,-12.8344,0.0000,0.0000,0.000,0.000,,0.0,,,,,,,0,,0
3.0977,1790267678.596400,0.0204,0,,,0.000,,,0.0000,0.0000,0.0000,0.0000,0.0000,-13.0000,,,,CHO,0.0000,-12.8330,0.0000,-12.8344,0.0000,0.0000,0.000,0.000,,0.0,,,,,,,0,,0
3.1177,1790267678.616381,0.0200,0,,,0.000,,,0.0000,0.0000,0.0000,0.0000,0.0000,-13.0000,,,,CHO,0.0000,-12.8330,0.0000,-12.8344,0.0000,0.0000,0.000,0.000,,0.0,,,,,,,0,,0
3.1382,1790267678.636899,0.0205,0,,,0.000,,,0.0000,0.0000,0.0000,0.0000,0.0000,-13.0000,,,,CHO,0.0000,-12.8330,0.0000,-12.8344,0.0000,0.0000,0.000,0.000,,0.0,,,,,,,0,,0
3.1583,1790267678.656945,0.0201,0,,,0.000,,,0.0000,0.0000,0.0000,0.0000,0.0000,-13.0000,,,,CHO,0.0000,-12.8330,0.0000,-12.8344,0.0000,0.0000,0.000,0.000,,0.0,,,,,,,0,,0
3.1787,1790267678.677378,0.0204,0,,,0.000,,,0.0000,0.0000,0.0000,0.0000,0.0000,-13.0000,,,,CHO,0.0000,-12.8330,0.0000,-12.8344,0.0000,0.0000,0.000,0.000,,0.0,,,,,,,0,,0
3.1992,1790267678.697926,0.0205,0,,,0.000,,,0.0000,0.0000,0.0000,0.0000,0.0000,-13.0000,,,,CHO,0.0000,-12.8330,0.0000,-12.8344,0.0000,0.0000,0.000,0.000,,0.0,,,,,,,0,,0
3.2194,1790267678.718135,0.0202,0,,,0.000,,,0.0000,0.0000,0.0000,0.0000,0.0000,-13.0000,,,,CHO,0.0000,-12.8330,0.0000,-12.8344,0.0000,0.0000,0.000,0.000,,0.0,,,,,,,0,,0
3.2399,1790267678.738573,0.0205,0,,,0.000,,,0.0000,0.0000,0.0000,0.0000,0.0000,-13.0000,,,,CHO,0.0000,-12.8330,0.0000,-12.8344,0.0000,0.0000,0.000,0.000,,0.0,,,,,,,0,,0
3.2599,1790267678.758627,0.0201,0,,,0.000,,,0.0000,0.0000,0.0000,0.0000,0.0000,-13.0000,,,,CHO,0.0000,-12.8330,0.0000,-12.8344,0.0000,0.0000,0.000,0.000,,0.0,,,,,,,0,,0
3.2801,1790267678.778766,0.0201,0,,,0.000,,,0.0000,0.0000,0.0000,0.0000,0.0000,-13.0000,,,,CHO,0.0000,-12.8330,0.0000,-12.8344,0.0000,0.0000,0.000,0.000,,0.0,,,,,,,0,,0
3.3002,1790267678.798913,0.0201,0,,,0.000,,,0.0000,0.0000,0.0000,0.0000,0.0000,-13.0000,,,,CHO,0.0000,-12.8330,0.0000,-12.8344,0.0000,0.0000,0.000,0.000,,0.0,,,,,,,0,,0
3.3204,1790267678.819120,0.0202,0,,,0.000,,,0.0000,0.0000,0.0000,0.0000,0.0000,-13.0000,,,,CHO,0.0000,-12.8330,0.0000,-12.8344,0.0000,0.0000,0.000,0.000,,0.0,,,,,,,0,,0
3.3404,1790267678.839015,0.0200,0,,,0.000,,,0.0000,0.0000,0.0000,0.0000,0.0000,-13.0000,,,,CHO,0.0000,-12.8330,0.0000,-12.8344,0.0000,0.0000,0.000,0.000,,0.0,,,,,,,0,,0
3.3607,1790267678.859388,0.0203,0,,,0.000,,,0.0000,0.0000,0.0000,0.0000,0.0000,-13.0000,,,,CHO,0.0000,-12.8330,0.0000,-12.8344,0.0000,0.0000,0.000,0.000,,0.0,,,,,,,0,,0
3.3810,1790267678.879666,0.0203,0,,,0.000,,,0.0000,0.0000,0.0000,0.0000,0.0000,-13.0000,,,,CHO,0.0000,-12.8330,0.0000,-12.8344,0.0000,0.0000,0.000,0.000,,0.0,,,,,,,0,,0
3.4017,1790267678.900249,0.0207,0,,,0.000,,,0.0000,0.0000,0.0000,0.0000,0.0000,-13.0000,,,,CHO,0.0000,-12.8330,0.0000,-12.8344,0.0000,0.0000,0.000,0.000,,0.0,,,,,,,0,,0
3.4218,1790267678.920466,0.0202,0,,,0.000,,,0.0000,0.0000,0.0000,0.0000,0.0000,-13.0000,,,,CHO,0.0000,-12.8330,0.0000,-12.8344,0.0000,0.0000,0.000,0.000,,0.0,,,,,,,0,,0
3.4424,1790267678.941065,0.0206,0,,,0.000,,,0.0000,0.0000,0.0000,0.0000,0.0000,-13.0000,,,,CHO,0.0000,-12.8330,0.0000,-12.8344,0.0000,0.0000,0.000,0.000,,0.0,,,,,,,0,,0
3.4628,1790267678.961390,0.0204,0,,,0.000,,,0.0000,0.0000,0.0000,0.0000,0.0000,-13.0000,,,,CHO,0.0000,-12.8330,0.0000,-12.8344,0.0000,0.0000,0.000,0.000,,0.0,,,,,,,0,,0
3.4829,1790267678.981584,0.0201,0,,,0.000,,,0.0000,0.0000,0.0000,0.0000,0.0000,-13.0000,,,,CHO,0.0000,-12.8330,0.0000,-12.8344,0.0000,0.0000,0.000,0.000,,0.0,,,,,,,0,,0
3.5032,1790267679.001847,0.0203,0,,,0.000,,,0.0000,0.0000,0.0000,0.0000,0.0000,-13.0000,,,,CHO,0.0000,-12.8330,0.0000,-12.8344,0.0000,0.0000,0.000,0.000,,0.0,,,,,,,0,,0
3.5236,1790267679.022254,0.0204,0,,,0.000,,,0.0000,0.0000,0.0000,0.0000,0.0000,-13.0000,,,,CHO,0.0000,-12.8330,0.0000,-12.8344,0.0000,0.0000,0.000,0.000,,0.0,,,,,,,0,,0
3.5436,1790267679.042233,0.0200,0,,,0.000,,,0.0000,0.0000,0.0000,0.0000,0.0000,-13.0000,,,,CHO,0.0000,-12.8330,0.0000,-12.8344,0.0000,0.0000,0.000,0.000,,0.0,,,,,,,0,,0
3.5640,1790267679.062712,0.0204,0,,,0.000,,,0.0000,0.0000,0.0000,0.0000,0.0000,-13.0000,,,,CHO,0.0000,-12.8330,0.0000,-12.8344,0.0000,0.0000,0.000,0.000,,0.0,,,,,,,0,,0
3.5842,1790267679.082908,0.0202,0,,,0.000,,,0.0000,0.0000,0.0000,0.0000,0.0000,-13.0000,,,,CHO,0.0000,-12.8330,0.0000,-12.8344,0.0000,0.0000,0.000,0.000,,0.0,,,,,,,0,,0
3.6047,1790267679.103382,0.0205,0,,,0.000,,,0.0000,0.0000,0.0000,0.0000,0.0000,-13.0000,,,,CHO,0.0000,-12.8330,0.0000,-12.8344,0.0000,0.0000,0.000,0.000,,0.0,,,,,,,0,,0
3.6248,1790267679.123470,0.0201,0,,,0.000,,,0.0000,0.0000,0.0000,0.0000,0.0000,-13.0000,,,,CHO,0.0000,-12.8330,0.0000,-12.8344,0.0000,0.0000,0.000,0.000,,0.0,,,,,,,0,,0
3.6454,1790267679.143945,0.0206,0,,,0.000,,,0.0000,0.0000,0.0000,0.0000,0.0000,-13.0000,,,,CHO,0.0000,-12.8330,0.0000,-12.8344,0.0000,0.0000,0.000,0.000,,0.0,,,,,,,0,,0
3.6661,1790267679.164716,0.0207,0,,,0.000,,,0.0000,0.0000,0.0000,0.0000,0.0000,-13.0000,,,,CHO,0.0000,-12.8330,0.0000,-12.8344,0.0000,0.0000,0.000,0.000,,0.0,,,,,,,0,,0
3.6863,1790267679.185001,0.0203,0,,,0.000,,,0.0000,0.0000,0.0000,0.0000,0.0000,-13.0000,,,,CHO,0.0000,-12.8330,0.0000,-12.8344,0.0000,0.0000,0.000,0.000,,0.0,,,,,,,0,,0
3.7070,1790267679.205544,0.0207,0,,,0.000,,,0.0000,0.0000,0.0000,0.0000,0.0000,-13.0000,,,,CHO,0.0000,-12.8330,0.0000,-12.8344,0.0000,0.0000,0.000,0.000,,0.0,,,,,,,0,,0
3.7275,1790267679.226133,0.0204,0,,,0.000,,,0.0000,0.0000,0.0000,0.0000,0.0000,-13.0000,,,,CHO,0.0000,-12.8330,0.0000,-12.8344,0.0000,0.0000,0.000,0.000,,0.0,,,,,,,0,,0
3.7478,1790267679.246523,0.0203,0,,,0.000,,,0.0000,0.0000,0.0000,0.0000,0.0000,-13.0000,,,,CHO,0.0000,-12.8330,0.0000,-12.8344,0.0000,0.0000,0.000,0.000,,0.0,,,,,,,0,,0
3.7679,1790267679.266645,0.0201,0,,,0.000,,,0.0000,0.0000,0.0000,0.0000,0.0000,-13.0000,,,,CHO,0.0000,-12.8330,0.0000,-12.8344,0.0000,0.0000,0.000,0.000,,0.0,,,,,,,0,,0
3.7884,1790267679.287106,0.0205,0,,,0.000,,,0.0000,0.0000,0.0000,0.0000,0.0000,-13.0000,,,,CHO,0.0000,-12.8330,0.0000,-12.8344,0.0000,0.0000,0.000,0.000,,0.0,,,,,,,0,,0
3.8088,1790267679.307436,0.0203,0,,,0.000,,,0.0000,0.0000,0.0000,0.0000,0.0000,-13.0000,,,,CHO,0.0000,-12.8330,0.0000,-12.8344,0.0000,0.0000,0.000,0.000,,0.0,,,,,,,0,,0
3.8290,1790267679.327535,0.0202,0,,,0.000,,,0.0000,0.0000,0.0000,0.0000,0.0000,-13.0000,,,,CHO,0.0000,-12.8330,0.0000,-12.8344,0.0000,0.0000,0.000,0.000,,0.0,,,,,,,0,,0
3.8492,1790267679.347760,0.0203,0,,,0.000,,,0.0000,0.0000,0.0000,0.0000,0.0000,-13.0000,,,,CHO,0.0000,-12.8330,0.0000,-12.8344,0.0000,0.0000,0.000,0.000,,0.0,,,,,,,0,,0
3.8693,1790267679.367987,0.0201,0,,,0.000,,,0.0000,0.0000,0.0000,0.0000,0.0000,-13.0000,,,,CHO,0.0000,-12.8330,0.0000,-12.8344,0.0000,0.0000,0.000,0.000,,0.0,,,,,,,0,,0
3.8895,1790267679.388204,0.0202,0,,,0.000,,,0.0000,0.0000,0.0000,0.0000,0.0000,-13.0000,,,,CHO,0.0000,-12.8330,0.0000,-12.8344,0.0000,0.0000,0.000,0.000,,0.0,,,,,,,0,,0
3.9097,1790267679.408339,0.0202,0,,,0.000,,,0.0000,0.0000,0.0000,0.0000,0.0000,-13.0000,,,,CHO,0.0000,-12.8330,0.0000,-12.8344,0.0000,0.0000,0.000,0.000,,0.0,,,,,,,0,,0
3.9299,1790267679.428631,0.0202,0,,,0.000,,,0.0000,0.0000,0.0000,0.0000,0.0000,-13.0000,,,,CHO,0.0000,-12.8330,0.0000,-12.8344,0.0000,0.0000,0.000,0.000,,0.0,,,,,,,0,,0
3.9499,1790267679.448649,0.0200,0,,,0.000,,,0.0000,0.0000,0.0000,0.0000,0.0000,-13.0000,,,,CHO,0.0000,-12.8330,0.0000,-12.8344,0.0000,0.0000,0.000,0.000,,0.0,,,,,,,0,,0
3.9701,1790267679.468828,0.0202,0,,,0.000,,,0.0000,0.0000,0.0000,0.0000,0.0000,-13.0000,,,,CHO,0.0000,-12.8330,0.0000,-12.8344,0.0000,0.0000,0.000,0.000,,0.0,,,,,,,0,,0
3.9903,1790267679.489051,0.0202,0,,,0.000,,,0.0000,0.0000,0.0000,0.0000,0.0000,-13.0000,,,,CHO,0.0000,-12.8330,0.0000,-12.8344,0.0000,0.0000,0.000,0.000,,0.0,,,,,,,0,,0
4.0107,1790267679.509369,0.0203,0,,,0.000,,,0.0000,0.0000,0.0000,0.0000,0.0000,-13.0000,,,,CHO,0.0000,-12.8330,0.0000,-12.8344,0.0000,0.0000,0.000,0.000,,0.0,,,,,,,0,,0
4.0310,1790267679.529733,0.0204,0,,,0.000,,,0.0000,0.0000,0.0000,0.0000,0.0000,-13.0000,,,,CHO,0.0000,-12.8330,0.0000,-12.8344,0.0000,0.0000,0.000,0.000,,0.0,,,,,,,0,,0
4.0512,1790267679.549924,0.0202,0,,,0.000,,,0.0000,0.0000,0.0000,0.0000,0.0000,-13.0000,,,,CHO,0.0000,-12.8330,0.0000,-12.8344,0.0000,0.0000,0.000,0.000,,0.0,,,,,,,0,,0
4.0718,1790267679.570460,0.0205,0,,,0.000,,,0.0000,0.0000,0.0000,0.0000,0.0000,-13.0000,,,,CHO,0.0000,-12.8330,0.0000,-12.8344,0.0000,0.0000,0.000,0.000,,0.0,,,,,,,0,,0
4.0922,1790267679.590821,0.0204,0,,,0.000,,,0.0000,0.0000,0.0000,0.0000,0.0000,-13.0000,,,,CHO,0.0000,-12.8330,0.0000,-12.8344,0.0000,0.0000,0.000,0.000,,0.0,,,,,,,0,,0
4.1123,1790267679.610950,0.0201,0,,,0.000,,,0.0000,0.0000,0.0000,0.0000,0.0000,-13.0000,,,,CHO,0.0000,-12.8330,0.0000,-12.8344,0.0000,0.0000,0.000,0.000,,0.0,,,,,,,0,,0
4.1326,1790267679.631282,0.0203,0,,,0.000,,,0.0000,0.0000,0.0000,0.0000,0.0000,-13.0000,,,,CHO,0.0000,-12.8330,0.0000,-12.8344,0.0000,0.0000,0.000,0.000,,0.0,,,,,,,0,,0
4.1526,1790267679.651254,0.0200,0,,,0.000,,,0.0000,0.0000,0.0000,0.0000,0.0000,-13.0000,,,,CHO,0.0000,-12.8330,0.0000,-12.8344,0.0000,0.0000,0.000,0.000,,0.0,,,,,,,0,,0
4.1726,1790267679.671349,0.0201,0,,,0.000,,,0.0000,0.0000,0.0000,0.0000,0.0000,-13.0000,,,,CHO,0.0000,-12.8330,0.0000,-12.8344,0.0000,0.0000,0.000,0.000,,0.0,,,,,,,0,,0
4.1928,1790267679.691282,0.0201,0,,,0.000,,,0.0000,0.0000,0.0000,0.0000,0.0000,-13.0000,,,,CHO,0.0000,-12.8330,0.0000,-12.8344,0.0000,0.0000,0.000,0.000,,0.0,,,,,,,0,,0
4.2131,1790267679.711721,0.0203,0,,,0.000,,,0.0000,0.0000,0.0000,0.0000,0.0000,-13.0000,,,,CHO,0.0000,-12.8330,0.0000,-12.8344,0.0000,0.0000,0.000,0.000,,0.0,,,,,,,0,,0
4.2333,1790267679.731997,0.0202,0,,,0.000,,,0.0000,0.0000,0.0000,0.0000,0.0000,-13.0000,,,,CHO,0.0000,-12.8330,0.0000,-12.8344,0.0000,0.0000,0.000,0.000,,0.0,,,,,,,0,,0
4.2539,1790267679.752472,0.0206,0,,,0.000,,,0.0000,0.0000,0.0000,0.0000,0.0000,-13.0000,,,,CHO,0.0000,-12.8330,0.0000,-12.8344,0.0000,0.0000,0.000,0.000,,0.0,,,,,,,0,,0
4.2742,1790267679.772865,0.0203,0,,,0.000,,,0.0000,0.0000,0.0000,0.0000,0.0000,-13.0000,,,,CHO,0.0000,-12.8330,0.0000,-12.8344,0.0000,0.0000,0.000,0.000,,0.0,,,,,,,0,,0
4.2945,1790267679.793255,0.0204,0,,,0.000,,,0.0000,0.0000,0.0000,0.0000,0.0000,-13.0000,,,,CHO,0.0000,-12.8330,0.0000,-12.8344,0.0000,0.0000,0.000,0.000,,0.0,,,,,,,0,,0
4.3147,1790267679.813343,0.0202,0,,,0.000,,,0.0000,0.0000,0.0000,0.0000,0.0000,-13.0000,,,,CHO,0.0000,-12.8330,0.0000,-12.8344,0.0000,0.0000,0.000,0.000,,0.0,,,,,,,0,,0
4.3351,1790267679.833820,0.0204,0,,,0.000,,,0.0000,0.0000,0.0000,0.0000,0.0000,-13.0000,,,,CHO,0.0000,-12.8330,0.0000,-12.8344,0.0000,0.0000,0.000,0.000,,0.0,,,,,,,0,,0
4.3553,1790267679.854025,0.0202,0,,,0.000,,,0.0000,0.0000,0.0000,0.0000,0.0000,-13.0000,,,,CHO,0.0000,-12.8330,0.0000,-12.8344,0.0000,0.0000,0.000,0.000,,0.0,,,,,,,0,,0
4.3756,1790267679.874299,0.0203,0,,,0.000,,,0.0000,0.0000,0.0000,0.0000,0.0000,-13.0000,,,,CHO,0.0000,-12.8330,0.0000,-12.8344,0.0000,0.0000,0.000,0.000,,0.0,,,,,,,0,,0
4.3959,1790267679.894396,0.0203,0,,,0.000,,,0.0000,0.0000,0.0000,0.0000,0.0000,-13.0000,,,,CHO,0.0000,-12.8330,0.0000,-12.8344,0.0000,0.0000,0.000,0.000,,0.0,,,,,,,0,,0
4.4163,1790267679.915043,0.0205,0,,,0.000,,,0.0000,0.0000,0.0000,0.0000,0.0000,-13.0000,,,,CHO,0.0000,-12.8330,0.0000,-12.8344,0.0000,0.0000,0.000,0.000,,0.0,,,,,,,0,,0
4.4366,1790267679.935330,0.0203,0,,,0.000,,,0.0000,0.0000,0.0000,0.0000,0.0000,-13.0000,,,,CHO,0.0000,-12.8330,0.0000,-12.8344,0.0000,0.0000,0.000,0.000,,0.0,,,,,,,0,,0
4.4570,1790267679.955747,0.0204,0,,,0.000,,,0.0000,0.0000,0.0000,0.0000,0.0000,-13.0000,,,,CHO,0.0000,-12.8330,0.0000,-12.8344,0.0000,0.0000,0.000,0.000,,0.0,,,,,,,0,,0
4.4771,1790267679.975820,0.0201,0,,,0.000,,,0.0000,0.0000,0.0000,0.0000,0.0000,-13.0000,,,,CHO,0.0000,-12.8330,0.0000,-12.8344,0.0000,0.0000,0.000,0.000,,0.0,,,,,,,0,,0
4.4972,1790267679.995922,0.0201,0,,,0.000,,,0.0000,0.0000,0.0000,0.0000,0.0000,-13.0000,,,,CHO,0.0000,-12.8330,0.0000,-12.8344,0.0000,0.0000,0.000,0.000,,0.0,,,,,,,0,,0
4.5177,1790267680.016314,0.0204,0,,,0.000,,,0.0000,0.0000,0.0000,0.0000,0.0000,-13.0000,,,,CHO,0.0000,-12.8330,0.0000,-12.8344,0.0000,0.0000,0.000,0.000,,0.0,,,,,,,0,,0
4.5378,1790267680.036475,0.0202,0,,,0.000,,,0.0000,0.0000,0.0000,0.0000,0.0000,-13.0000,,,,CHO,0.0000,-12.8330,0.0000,-12.8344,0.0000,0.0000,0.000,0.000,,0.0,,,,,,,0,,0
4.5580,1790267680.056611,0.0202,0,,,0.000,,,0.0000,0.0000,0.0000,0.0000,0.0000,-13.0000,,,,CHO,0.0000,-12.8330,0.0000,-12.8344,0.0000,0.0000,0.000,0.000,,0.0,,,,,,,0,,0
4.5783,1790267680.077055,0.0204,0,,,0.000,,,0.0000,0.0000,0.0000,0.0000,0.0000,-13.0000,,,,CHO,0.0000,-12.8330,0.0000,-12.8344,0.0000,0.0000,0.000,0.000,,0.0,,,,,,,0,,0
4.5984,1790267680.097091,0.0200,0,,,0.000,,,0.0000,0.0000,0.0000,0.0000,0.0000,-13.0000,,,,CHO,0.0000,-12.8330,0.0000,-12.8344,0.0000,0.0000,0.000,0.000,,0.0,,,,,,,0,,0
4.6189,1790267680.117627,0.0205,0,,,0.000,,,0.0000,0.0000,0.0000,0.0000,0.0000,-13.0000,,,,CHO,0.0000,-12.8330,0.0000,-12.8344,0.0000,0.0000,0.000,0.000,,0.0,,,,,,,0,,0
4.6392,1790267680.137951,0.0203,0,,,0.000,,,0.0000,0.0000,0.0000,0.0000,0.0000,-13.0000,,,,CHO,0.0000,-12.8330,0.0000,-12.8344,0.0000,0.0000,0.000,0.000,,0.0,,,,,,,0,,0
4.6593,1790267680.157816,0.0201,0,,,0.000,,,0.0000,0.0000,0.0000,0.0000,0.0000,-13.0000,,,,CHO,0.0000,-12.8330,0.0000,-12.8344,0.0000,0.0000,0.000,0.000,,0.0,,,,,,,0,,0
4.6798,1790267680.178495,0.0205,0,,,0.000,,,0.0000,0.0000,0.0000,0.0000,0.0000,-13.0000,,,,CHO,0.0000,-12.8330,0.0000,-12.8344,0.0000,0.0000,0.000,0.000,,0.0,,,,,,,0,,0
4.7001,1790267680.198791,0.0203,0,,,0.000,,,0.0000,0.0000,0.0000,0.0000,0.0000,-13.0000,,,,CHO,0.0000,-12.8330,0.0000,-12.8344,0.0000,0.0000,0.000,0.000,,0.0,,,,,,,0,,0
4.7206,1790267680.219267,0.0205,0,,,0.000,,,0.0000,0.0000,0.0000,0.0000,0.0000,-13.0000,,,,CHO,0.0000,-12.8330,0.0000,-12.8344,0.0000,0.0000,0.000,0.000,,0.0,,,,,,,0,,0
4.7406,1790267680.239283,0.0200,0,,,0.000,,,0.0000,0.0000,0.0000,0.0000,0.0000,-13.0000,,,,CHO,0.0000,-12.8330,0.0000,-12.8344,0.0000,0.0000,0.000,0.000,,0.0,,,,,,,0,,0
4.7610,1790267680.259663,0.0204,0,,,0.000,,,0.0000,0.0000,0.0000,0.0000,0.0000,-13.0000,,,,CHO,0.0000,-12.8330,0.0000,-12.8344,0.0000,0.0000,0.000,0.000,,0.0,,,,,,,0,,0
4.7815,1790267680.280157,0.0205,0,,,0.000,,,0.0000,0.0000,0.0000,0.0000,0.0000,-13.0000,,,,CHO,0.0000,-12.8330,0.0000,-12.8344,0.0000,0.0000,0.000,0.000,,0.0,,,,,,,0,,0
4.8016,1790267680.300177,0.0201,0,,,0.000,,,0.0000,0.0000,0.0000,0.0000,0.0000,-13.0000,,,,CHO,0.0000,-12.8330,0.0000,-12.8344,0.0000,0.0000,0.000,0.000,,0.0,,,,,,,0,,0
4.8218,1790267680.320509,0.0202,0,,,0.000,,,0.0000,0.0000,0.0000,0.0000,0.0000,-13.0000,,,,CHO,0.0000,-12.8330,0.0000,-12.8344,0.0000,0.0000,0.000,0.000,,0.0,,,,,,,0,,0
4.8423,1790267680.340975,0.0205,0,,,0.000,,,0.0000,0.0000,0.0000,0.0000,0.0000,-13.0000,,,,CHO,0.0000,-12.8330,0.0000,-12.8344,0.0000,0.0000,0.000,0.000,,0.0,,,,,,,0,,0
4.8623,1790267680.360965,0.0200,0,,,0.000,,,0.0000,0.0000,0.0000,0.0000,0.0000,-13.0000,,,,CHO,0.0000,-12.8330,0.0000,-12.8344,0.0000,0.0000,0.000,0.000,,0.0,,,,,,,0,,0
4.8826,1790267680.381275,0.0203,0,,,0.000,,,0.0000,0.0000,0.0000,0.0000,0.0000,-13.0000,,,,CHO,0.0000,-12.8330,0.0000,-12.8344,0.0000,0.0000,0.000,0.000,,0.0,,,,,,,0,,0
4.9028,1790267680.401486,0.0202,0,,,0.000,,,0.0000,0.0000,0.0000,0.0000,0.0000,-13.0000,,,,CHO,0.0000,-12.8330,0.0000,-12.8344,0.0000,0.0000,0.000,0.000,,0.0,,,,,,,0,,0
4.9233,1790267680.421925,0.0205,0,,,0.000,,,0.0000,0.0000,0.0000,0.0000,0.0000,-13.0000,,,,CHO,0.0000,-12.8330,0.0000,-12.8344,0.0000,0.0000,0.000,0.000,,0.0,,,,,,,0,,0
4.9438,1790267680.442491,0.0205,0,,,0.000,,,0.0000,0.0000,0.0000,0.0000,0.0000,-13.0000,,,,CHO,0.0000,-12.8330,0.0000,-12.8344,0.0000,0.0000,0.000,0.000,,0.0,,,,,,,0,,0
4.9642,1790267680.462776,0.0204,0,,,0.000,,,0.0000,0.0000,0.0000,0.0000,0.0000,-13.0000,,,,CHO,0.0000,-12.8330,0.0000,-12.8344,0.0000,0.0000,0.000,0.000,,0.0,,,,,,,0,,0
4.9846,1790267680.483336,0.0203,0,,,0.000,,,0.0000,0.0000,0.0000,0.0000,0.0000,-13.0000,,,,CHO,0.0000,-12.8330,0.0000,-12.8344,0.0000,0.0000,0.000,0.000,,0.0,,,,,,,0,,0
5.0165,1790267680.515002,0.0319,0,,,0.000,,,0.0000,0.0000,0.0000,0.0000,0.0000,-13.0000,,,,CHO,0.0000,-12.8330,0.0000,-12.8344,0.0000,0.0000,0.000,0.000,,0.0,,,,,,,0,,0
5.0366,1790267680.535298,0.0201,0,,,0.000,,,0.0000,0.0000,0.0000,0.0000,0.0000,-13.0000,,,,CHO,0.0000,-12.8330,0.0000,-12.8344,0.0000,0.0000,0.000,0.000,,0.0,,,,,,,0,,0
5.0567,1790267680.555274,0.0201,0,,,0.000,,,0.0000,0.0000,0.0000,0.0000,0.0000,-13.0000,,,,CHO,0.0000,-12.8330,0.0000,-12.8344,0.0000,0.0000,0.000,0.000,,0.0,,,,,,,0,,0
5.0801,1790267680.578665,0.0234,0,,,0.000,,,0.0000,0.0000,0.0000,0.0000,0.0000,-13.0000,,,,CHO,0.0000,-12.8330,0.0000,-12.8344,0.0000,0.0000,0.000,0.000,,0.0,,,,,,,0,,0
5.1002,1790267680.598898,0.0201,0,,,0.000,,,0.0000,0.0000,0.0000,0.0000,0.0000,-13.0000,,,,CHO,0.0000,-12.8330,0.0000,-12.8344,0.0000,0.0000,0.000,0.000,,0.0,,,,,,,0,,0
5.1207,1790267680.619362,0.0205,0,,,0.000,,,0.0000,0.0000,0.0000,0.0000,0.0000,-13.0000,,,,CHO,0.0000,-12.8330,0.0000,-12.8344,0.0000,0.0000,0.000,0.000,,0.0,,,,,,,0,,0
5.1411,1790267680.639818,0.0204,0,,,0.000,,,0.0000,0.0000,0.0000,0.0000,0.0000,-13.0000,,,,CHO,0.0000,-12.8330,0.0000,-12.8344,0.0000,0.0000,0.000,0.000,,0.0,,,,,,,0,,0
5.1616,1790267680.660257,0.0205,0,,,0.000,,,0.0000,0.0000,0.0000,0.0000,0.0000,-13.0000,,,,CHO,0.0000,-12.8330,0.0000,-12.8344,0.0000,0.0000,0.000,0.000,,0.0,,,,,,,0,,0
5.1820,1790267680.680741,0.0205,0,,,0.000,,,0.0000,0.0000,0.0000,0.0000,0.0000,-13.0000,,,,CHO,0.0000,-12.8330,0.0000,-12.8344,0.0000,0.0000,0.000,0.000,,0.0,,,,,,,0,,0
5.2073,1790267680.706537,0.0253,0,,,0.000,,,0.0000,0.0000,0.0000,0.0000,0.0000,-13.0000,,,,CHO,0.0000,-12.8330,0.0000,-12.8344,0.0000,0.0000,0.000,0.000,,0.0,,,,,,,0,,0
5.2277,1790267680.726437,0.0204,0,,,0.000,,,0.0000,0.0000,0.0000,0.0000,0.0000,-13.0000,,,,CHO,0.0000,-12.8330,0.0000,-12.8344,0.0000,0.0000,0.000,0.000,,0.0,,,,,,,0,,0
5.2479,1790267680.746530,0.0201,0,,,0.000,,,0.0000,0.0000,0.0000,0.0000,0.0000,-13.0000,,,,CHO,0.0000,-12.8330,0.0000,-12.8344,0.0000,0.0000,0.000,0.000,,0.0,,,,,,,0,,0
5.2689,1790267680.767372,0.0210,0,,,0.000,,,0.0000,0.0000,0.0000,0.0000,0.0000,-13.0000,,,,CHO,0.0000,-12.8330,0.0000,-12.8344,0.0000,0.0000,0.000,0.000,,0.0,,,,,,,0,,0
5.2891,1790267680.787813,0.0202,0,,,0.000,,,0.0000,0.0000,0.0000,0.0000,0.0000,-13.0000,,,,CHO,0.0000,-12.8330,0.0000,-12.8344,0.0000,0.0000,0.000,0.000,,0.0,,,,,,,0,,0
5.3159,1790267680.814583,0.0268,0,,,0.000,,,0.0000,0.0000,0.0000,0.0000,0.0000,-13.0000,,,,CHO,0.0000,-12.8330,0.0000,-12.8344,0.0000,0.0000,0.000,0.000,,0.0,,,,,,,0,,0
5.3363,1790267680.834970,0.0203,0,,,0.000,,,0.0000,0.0000,0.0000,0.0000,0.0000,-13.0000,,,,CHO,0.0000,-12.8330,0.0000,-12.8344,0.0000,0.0000,0.000,0.000,,0.0,,,,,,,0,,0
5.3571,1790267680.855762,0.0208,0,,,0.000,,,0.0000,0.0000,0.0000,0.0000,0.0000,-13.0000,,,,CHO,0.0000,-12.8330,0.0000,-12.8344,0.0000,0.0000,0.000,0.000,,0.0,,,,,,,0,,0
5.3774,1790267680.876135,0.0204,0,,,0.000,,,0.0000,0.0000,0.0000,0.0000,0.0000,-13.0000,,,,CHO,0.0000,-12.8330,0.0000,-12.8344,0.0000,0.0000,0.000,0.000,,0.0,,,,,,,0,,0
5.3983,1790267680.896800,0.0209,0,,,0.000,,,0.0000,0.0000,0.0000,0.0000,0.0000,-13.0000,,,,CHO,0.0000,-12.8330,0.0000,-12.8344,0.0000,0.0000,0.000,0.000,,0.0,,,,,,,0,,0
5.4205,1790267680.919218,0.0222,0,,,0.000,,,0.0000,0.0000,0.0000,0.0000,0.0000,-13.0000,,,,CHO,0.0000,-12.8330,0.0000,-12.8344,0.0000,0.0000,0.000,0.000,,0.0,,,,,,,0,,0
5.4406,1790267680.939344,0.0201,0,,,0.000,,,0.0000,0.0000,0.0000,0.0000,0.0000,-13.0000,,,,CHO,0.0000,-12.8330,0.0000,-12.8344,0.0000,0.0000,0.000,0.000,,0.0,,,,,,,0,,0
5.4667,1790267680.965082,0.0260,0,,,0.000,,,0.0000,0.0000,0.0000,0.0000,0.0000,-13.0000,,,,CHO,0.0000,-12.8330,0.0000,-12.8344,0.0000,0.0000,0.000,0.000,,0.0,,,,,,,0,,0
5.4869,1790267680.985495,0.0202,0,,,0.000,,,0.0000,0.0000,0.0000,0.0000,0.0000,-13.0000,,,,CHO,0.0000,-12.8330,0.0000,-12.8344,0.0000,0.0000,0.000,0.000,,0.0,,,,,,,0,,0
5.5070,1790267681.005714,0.0202,0,,,0.000,,,0.0000,0.0000,0.0000,0.0000,0.0000,-13.0000,,,,CHO,0.0000,-12.8330,0.0000,-12.8344,0.0000,0.0000,0.000,0.000,,0.0,,,,,,,0,,0
5.5273,1790267681.025934,0.0203,0,,,0.000,,,0.0000,0.0000,0.0000,0.0000,0.0000,-13.0000,,,,CHO,0.0000,-12.8330,0.0000,-12.8344,0.0000,0.0000,0.000,0.000,,0.0,,,,,,,0,,0
5.5473,1790267681.046037,0.0200,0,,,0.000,,,0.0000,0.0000,0.0000,0.0000,0.0000,-13.0000,,,,CHO,0.0000,-12.8330,0.0000,-12.8344,0.0000,0.0000,0.000,0.000,,0.0,,,,,,,0,,0
5.5678,1790267681.066483,0.0205,0,,,0.000,,,0.0000,0.0000,0.0000,0.0000,0.0000,-13.0000,,,,CHO,0.0000,-12.8330,0.0000,-12.8344,0.0000,0.0000,0.000,0.000,,0.0,,,,,,,0,,0
5.5883,1790267681.087013,0.0205,0,,,0.000,,,0.0000,0.0000,0.0000,0.0000,0.0000,-13.0000,,,,CHO,0.0000,-12.8330,0.0000,-12.8344,0.0000,0.0000,0.000,0.000,,0.0,,,,,,,0,,0
5.6086,1790267681.107324,0.0203,0,,,0.000,,,0.0000,0.0000,0.0000,0.0000,0.0000,-13.0000,,,,CHO,0.0000,-12.8330,0.0000,-12.8344,0.0000,0.0000,0.000,0.000,,0.0,,,,,,,0,,0
5.6290,1790267681.127677,0.0203,0,,,0.000,,,0.0000,0.0000,0.0000,0.0000,0.0000,-13.0000,,,,CHO,0.0000,-12.8330,0.0000,-12.8344,0.0000,0.0000,0.000,0.000,,0.0,,,,,,,0,,0
5.6494,1790267681.148113,0.0204,0,,,0.000,,,0.0000,0.0000,0.0000,0.0000,0.0000,-13.0000,,,,CHO,0.0000,-12.8330,0.0000,-12.8344,0.0000,0.0000,0.000,0.000,,0.0,,,,,,,0,,0
5.6703,1790267681.169027,0.0209,0,,,0.000,,,0.0000,0.0000,0.0000,0.0000,0.0000,-13.0000,,,,CHO,0.0000,-12.8330,0.0000,-12.8344,0.0000,0.0000,0.000,0.000,,0.0,,,,,,,0,,0
5.6904,1790267681.189082,0.0200,0,,,0.000,,,0.0000,0.0000,0.0000,0.0000,0.0000,-13.0000,,,,CHO,0.0000,-12.8330,0.0000,-12.8344,0.0000,0.0000,0.000,0.000,,0.0,,,,,,,0,,0
5.7110,1790267681.209656,0.0206,0,,,0.000,,,0.0000,0.0000,0.0000,0.0000,0.0000,-13.0000,,,,CHO,0.0000,-12.8330,0.0000,-12.8344,0.0000,0.0000,0.000,0.000,,0.0,,,,,,,0,,0
5.7317,1790267681.230270,0.0207,0,,,0.000,,,0.0000,0.0000,0.0000,0.0000,0.0000,-13.0000,,,,CHO,0.0000,-12.8330,0.0000,-12.8344,0.0000,0.0000,0.000,0.000,,0.0,,,,,,,0,,0
5.7521,1790267681.250751,0.0203,0,,,0.000,,,0.0000,0.0000,0.0000,0.0000,0.0000,-13.0000,,,,CHO,0.0000,-12.8330,0.0000,-12.8344,0.0000,0.0000,0.000,0.000,,0.0,,,,,,,0,,0
5.7725,1790267681.271032,0.0204,0,,,0.000,,,0.0000,0.0000,0.0000,0.0000,0.0000,-13.0000,,,,CHO,0.0000,-12.8330,0.0000,-12.8344,0.0000,0.0000,0.000,0.000,,0.0,,,,,,,0,,0
5.7961,1790267681.294567,0.0236,0,,,0.000,,,0.0000,0.0000,0.0000,0.0000,0.0000,-13.0000,,,,CHO,0.0000,-12.8330,0.0000,-12.8344,0.0000,0.0000,0.000,0.000,,0.0,,,,,,,0,,0
5.8165,1790267681.315187,0.0205,0,,,0.000,,,0.0000,0.0000,0.0000,0.0000,0.0000,-13.0000,,,,CHO,0.0000,-12.8330,0.0000,-12.8344,0.0000,0.0000,0.000,0.000,,0.0,,,,,,,0,,0
5.8367,1790267681.335391,0.0202,0,,,0.000,,,0.0000,0.0000,0.0000,0.0000,0.0000,-13.0000,,,,CHO,0.0000,-12.8330,0.0000,-12.8344,0.0000,0.0000,0.000,0.000,,0.0,,,,,,,0,,0
5.8584,1790267681.356842,0.0217,0,,,0.000,,,0.0000,0.0000,0.0000,0.0000,0.0000,-13.0000,,,,CHO,0.0000,-12.8330,0.0000,-12.8344,0.0000,0.0000,0.000,0.000,,0.0,,,,,,,0,,0
5.8789,1790267681.377447,0.0205,0,,,0.000,,,0.0000,0.0000,0.0000,0.0000,0.0000,-13.0000,,,,CHO,0.0000,-12.8330,0.0000,-12.8344,0.0000,0.0000,0.000,0.000,,0.0,,,,,,,0,,0
5.8994,1790267681.398099,0.0205,0,,,0.000,,,0.0000,0.0000,0.0000,0.0000,0.0000,-13.0000,,,,CHO,0.0000,-12.8330,0.0000,-12.8344,0.0000,0.0000,0.000,0.000,,0.0,,,,,,,0,,0
5.9206,1790267681.419039,0.0212,0,,,0.000,,,0.0000,0.0000,0.0000,0.0000,0.0000,-13.0000,,,,CHO,0.0000,-12.8330,0.0000,-12.8344,0.0000,0.0000,0.000,0.000,,0.0,,,,,,,0,,0
5.9410,1790267681.439493,0.0204,0,,,0.000,,,0.0000,0.0000,0.0000,0.0000,0.0000,-13.0000,,,,CHO,0.0000,-12.8330,0.0000,-12.8344,0.0000,0.0000,0.000,0.000,,0.0,,,,,,,0,,0
5.9612,1790267681.459855,0.0202,0,,,0.000,,,0.0000,0.0000,0.0000,0.0000,0.0000,-13.0000,,,,CHO,0.0000,-12.8330,0.0000,-12.8344,0.0000,0.0000,0.000,0.000,,0.0,,,,,,,0,,0
5.9825,1790267681.481060,0.0213,0,,,0.000,,,0.0000,0.0000,0.0000,0.0000,0.0000,-13.0000,,,,CHO,0.0000,-12.8330,0.0000,-12.8344,0.0000,0.0000,0.000,0.000,,0.0,,,,,,,0,,0
6.0029,1790267681.501562,0.0204,0,,,0.000,,,0.0000,0.0000,0.0000,0.0000,0.0000,-13.0000,,,,CHO,0.0000,-12.8330,0.0000,-12.8344,0.0000,0.0000,0.000,0.000,,0.0,,,,,,,0,,0
6.0235,1790267681.522126,0.0206,0,,,0.000,,,0.0000,0.0000,0.0000,0.0000,0.0000,-13.0000,,,,CHO,0.0000,-12.8330,0.0000,-12.8344,0.0000,0.0000,0.000,0.000,,0.0,,,,,,,0,,0
6.0436,1790267681.542263,0.0202,0,,,0.000,,,0.0000,0.0000,0.0000,0.0000,0.0000,-13.0000,,,,CHO,0.0000,-12.8330,0.0000,-12.8344,0.0000,0.0000,0.000,0.000,,0.0,,,,,,,0,,0
6.0642,1790267681.562950,0.0206,0,,,0.000,,,0.0000,0.0000,0.0000,0.0000,0.0000,-13.0000,,,,CHO,0.0000,-12.8330,0.0000,-12.8344,0.0000,0.0000,0.000,0.000,,0.0,,,,,,,0,,0
6.0850,1790267681.583678,0.0208,0,,,0.000,,,0.0000,0.0000,0.0000,0.0000,0.0000,-13.0000,,,,CHO,0.0000,-12.8330,0.0000,-12.8344,0.0000,0.0000,0.000,0.000,,0.0,,,,,,,0,,0
6.1051,1790267681.603768,0.0201,0,,,0.000,,,0.0000,0.0000,0.0000,0.0000,0.0000,-13.0000,,,,CHO,0.0000,-12.8330,0.0000,-12.8344,0.0000,0.0000,0.000,0.000,,0.0,,,,,,,0,,0
6.1255,1790267681.624177,0.0204,0,,,0.000,,,0.0000,0.0000,0.0000,0.0000,0.0000,-13.0000,,,,CHO,0.0000,-12.8330,0.0000,-12.8344,0.0000,0.0000,0.000,0.000,,0.0,,,,,,,0,,0
6.1456,1790267681.644238,0.0201,0,,,0.000,,,0.0000,0.0000,0.0000,0.0000,0.0000,-13.0000,,,,CHO,0.0000,-12.8330,0.0000,-12.8344,0.0000,0.0000,0.000,0.000,,0.0,,,,,,,0,,0
6.1658,1790267681.664344,0.0202,0,,,0.000,,,0.0000,0.0000,0.0000,0.0000,0.0000,-13.0000,,,,CHO,0.0000,-12.8330,0.0000,-12.8344,0.0000,0.0000,0.000,0.000,,0.0,,,,,,,0,,0
6.1859,1790267681.684565,0.0201,0,,,0.000,,,0.0000,0.0000,0.0000,0.0000,0.0000,-13.0000,,,,CHO,0.0000,-12.8330,0.0000,-12.8344,0.0000,0.0000,0.000,0.000,,0.0,,,,,,,0,,0
6.2122,1790267681.710628,0.0263,0,,,0.000,,,0.0000,0.0000,0.0000,0.0000,0.0000,-13.0000,,,,CHO,0.0000,-12.8330,0.0000,-12.8344,0.0000,0.0000,0.000,0.000,,0.0,,,,,,,0,,0
6.2325,1790267681.731076,0.0203,0,,,0.000,,,0.0000,0.0000,0.0000,0.0000,0.0000,-13.0000,,,,CHO,0.0000,-12.8330,0.0000,-12.8344,0.0000,0.0000,0.000,0.000,,0.0,,,,,,,0,,0
6.2580,1790267681.756456,0.0256,0,,,0.000,,,0.0000,0.0000,0.0000,0.0000,0.0000,-13.0000,,,,CHO,0.0000,-12.8330,0.0000,-12.8344,0.0000,0.0000,0.000,0.000,,0.0,,,,,,,0,,0
6.2781,1790267681.776712,0.0201,0,,,0.000,,,0.0000,0.0000,0.0000,0.0000,0.0000,-13.0000,,,,CHO,0.0000,-12.8330,0.0000,-12.8344,0.0000,0.0000,0.000,0.000,,0.0,,,,,,,0,,0
6.2984,1790267681.797077,0.0203,0,,,0.000,,,0.0000,0.0000,0.0000,0.0000,0.0000,-13.0000,,,,CHO,0.0000,-12.8330,0.0000,-12.8344,0.0000,0.0000,0.000,0.000,,0.0,,,,,,,0,,0
6.3188,1790267681.817500,0.0204,0,,,0.000,,,0.0000,0.0000,0.0000,0.0000,0.0000,-13.0000,,,,CHO,0.0000,-12.8330,0.0000,-12.8344,0.0000,0.0000,0.000,0.000,,0.0,,,,,,,0,,0
6.3389,1790267681.837406,0.0201,0,,,0.000,,,0.0000,0.0000,0.0000,0.0000,0.0000,-13.0000,,,,CHO,0.0000,-12.8330,0.0000,-12.8344,0.0000,0.0000,0.000,0.000,,0.0,,,,,,,0,,0
6.3591,1790267681.857748,0.0202,0,,,0.000,,,0.0000,0.0000,0.0000,0.0000,0.0000,-13.0000,,,,CHO,0.0000,-12.8330,0.0000,-12.8344,0.0000,0.0000,0.000,0.000,,0.0,,,,,,,0,,0
6.3810,1790267681.879516,0.0219,0,,,0.000,,,0.0000,0.0000,0.0000,0.0000,0.0000,-13.0000,,,,CHO,0.0000,-12.8330,0.0000,-12.8344,0.0000,0.0000,0.000,0.000,,0.0,,,,,,,0,,0
6.4012,1790267681.899780,0.0202,0,,,0.000,,,0.0000,0.0000,0.0000,0.0000,0.0000,-13.0000,,,,CHO,0.0000,-12.8330,0.0000,-12.8344,0.0000,0.0000,0.000,0.000,,0.0,,,,,,,0,,0
6.4215,1790267681.920188,0.0203,0,,,0.000,,,0.0000,0.0000,0.0000,0.0000,0.0000,-13.0000,,,,CHO,0.0000,-12.8330,0.0000,-12.8344,0.0000,0.0000,0.000,0.000,,0.0,,,,,,,0,,0
6.4484,1790267681.946971,0.0269,0,,,0.000,,,0.0000,0.0000,0.0000,0.0000,0.0000,-13.0000,,,,CHO,0.0000,-12.8330,0.0000,-12.8344,0.0000,0.0000,0.000,0.000,,0.0,,,,,,,0,,0
6.4686,1790267681.967317,0.0202,0,,,0.000,,,0.0000,0.0000,0.0000,0.0000,0.0000,-13.0000,,,,CHO,0.0000,-12.8330,0.0000,-12.8344,0.0000,0.0000,0.000,0.000,,0.0,,,,,,,0,,0
6.4887,1790267681.987248,0.0201,0,,,0.000,,,0.0000,0.0000,0.0000,0.0000,0.0000,-13.0000,,,,CHO,0.0000,-12.8330,0.0000,-12.8344,0.0000,0.0000,0.000,0.000,,0.0,,,,,,,0,,0
6.5089,1790267682.007620,0.0202,0,,,0.000,,,0.0000,0.0000,0.0000,0.0000,0.0000,-13.0000,,,,CHO,0.0000,-12.8330,0.0000,-12.8344,0.0000,0.0000,0.000,0.000,,0.0,,,,,,,0,,0
6.5290,1790267682.027645,0.0201,0,,,0.000,,,0.0000,0.0000,0.0000,0.0000,0.0000,-13.0000,,,,CHO,0.0000,-12.8330,0.0000,-12.8344,0.0000,0.0000,0.000,0.000,,0.0,,,,,,,0,,0
6.5497,1790267682.048250,0.0207,0,,,0.000,,,0.0000,0.0000,0.0000,0.0000,0.0000,-13.0000,,,,CHO,0.0000,-12.8330,0.0000,-12.8344,0.0000,0.0000,0.000,0.000,,0.0,,,,,,,0,,0
6.5698,1790267682.068494,0.0201,0,,,0.000,,,0.0000,0.0000,0.0000,0.0000,0.0000,-13.0000,,,,CHO,0.0000,-12.8330,0.0000,-12.8344,0.0000,0.0000,0.000,0.000,,0.0,,,,,,,0,,0
6.5944,1790267682.092921,0.0246,0,,,0.000,,,0.0000,0.0000,0.0000,0.0000,0.0000,-13.0000,,,,CHO,0.0000,-12.8330,0.0000,-12.8344,0.0000,0.0000,0.000,0.000,,0.0,,,,,,,0,,0
6.6159,1790267682.114413,0.0215,0,,,0.000,,,0.0000,0.0000,0.0000,0.0000,0.0000,-13.0000,,,,CHO,0.0000,-12.8330,0.0000,-12.8344,0.0000,0.0000,0.000,0.000,,0.0,,,,,,,0,,0
6.6360,1790267682.134654,0.0201,0,,,0.000,,,0.0000,0.0000,0.0000,0.0000,0.0000,-13.0000,,,,CHO,0.0000,-12.8330,0.0000,-12.8344,0.0000,0.0000,0.000,0.000,,0.0,,,,,,,0,,0
6.6566,1790267682.155091,0.0206,0,,,0.000,,,0.0000,0.0000,0.0000,0.0000,0.0000,-13.0000,,,,CHO,0.0000,-12.8330,0.0000,-12.8344,0.0000,0.0000,0.000,0.000,,0.0,,,,,,,0,,0
6.6817,1790267682.180208,0.0251,0,,,0.000,,,0.0000,0.0000,0.0000,0.0000,0.0000,-13.0000,,,,CHO,0.0000,-12.8330,0.0000,-12.8344,0.0000,0.0000,0.000,0.000,,0.0,,,,,,,0,,0
6.7023,1790267682.200922,0.0206,0,,,0.000,,,0.0000,0.0000,0.0000,0.0000,0.0000,-13.0000,,,,CHO,0.0000,-12.8330,0.0000,-12.8344,0.0000,0.0000,0.000,0.000,,0.0,,,,,,,0,,0
6.7227,1790267682.221359,0.0204,0,,,0.000,,,0.0000,0.0000,0.0000,0.0000,0.0000,-13.0000,,,,CHO,0.0000,-12.8330,0.0000,-12.8344,0.0000,0.0000,0.000,0.000,,0.0,,,,,,,0,,0
6.7428,1790267682.241374,0.0201,0,,,0.000,,,0.0000,0.0000,0.0000,0.0000,0.0000,-13.0000,,,,CHO,0.0000,-12.8330,0.0000,-12.8344,0.0000,0.0000,0.000,0.000,,0.0,,,,,,,0,,0
6.7631,1790267682.261819,0.0204,0,,,0.000,,,0.0000,0.0000,0.0000,0.0000,0.0000,-13.0000,,,,CHO,0.0000,-12.8330,0.0000,-12.8344,0.0000,0.0000,0.000,0.000,,0.0,,,,,,,0,,0
6.7833,1790267682.281941,0.0202,0,,,0.000,,,0.0000,0.0000,0.0000,0.0000,0.0000,-13.0000,,,,CHO,0.0000,-12.8330,0.0000,-12.8344,0.0000,0.0000,0.000,0.000,,0.0,,,,,,,0,,0
6.8036,1790267682.302297,0.0203,0,,,0.000,,,0.0000,0.0000,0.0000,0.0000,0.0000,-13.0000,,,,CHO,0.0000,-12.8330,0.0000,-12.8344,0.0000,0.0000,0.000,0.000,,0.0,,,,,,,0,,0
6.8239,1790267682.322501,0.0202,0,,,0.000,,,0.0000,0.0000,0.0000,0.0000,0.0000,-13.0000,,,,CHO,0.0000,-12.8330,0.0000,-12.8344,0.0000,0.0000,0.000,0.000,,0.0,,,,,,,0,,0
6.8440,1790267682.342695,0.0201,0,,,0.000,,,0.0000,0.0000,0.0000,0.0000,0.0000,-13.0000,,,,CHO,0.0000,-12.8330,0.0000,-12.8344,0.0000,0.0000,0.000,0.000,,0.0,,,,,,,0,,0
6.8643,1790267682.362926,0.0203,0,,,0.000,,,0.0000,0.0000,0.0000,0.0000,0.0000,-13.0000,,,,CHO,0.0000,-12.8330,0.0000,-12.8344,0.0000,0.0000,0.000,0.000,,0.0,,,,,,,0,,0
6.8874,1790267682.386075,0.0231,0,,,0.000,,,0.0000,0.0000,0.0000,0.0000,0.0000,-13.0000,,,,CHO,0.0000,-12.8330,0.0000,-12.8344,0.0000,0.0000,0.000,0.000,,0.0,,,,,,,0,,0
6.9075,1790267682.406193,0.0201,0,,,0.000,,,0.0000,0.0000,0.0000,0.0000,0.0000,-13.0000,,,,CHO,0.0000,-12.8330,0.0000,-12.8344,0.0000,0.0000,0.000,0.000,,0.0,,,,,,,0,,0
6.9277,1790267682.426375,0.0202,0,,,0.000,,,0.0000,0.0000,0.0000,0.0000,0.0000,-13.0000,,,,CHO,0.0000,-12.8330,0.0000,-12.8344,0.0000,0.0000,0.000,0.000,,0.0,,,,,,,0,,0
6.9482,1790267682.446709,0.0205,0,,,0.000,,,0.0000,0.0000,0.0000,0.0000,0.0000,-13.0000,,,,CHO,0.0000,-12.8330,0.0000,-12.8344,0.0000,0.0000,0.000,0.000,,0.0,,,,,,,0,,0
6.9687,1790267682.467225,0.0205,0,,,0.000,,,0.0000,0.0000,0.0000,0.0000,0.0000,-13.0000,,,,CHO,0.0000,-12.8330,0.0000,-12.8344,0.0000,0.0000,0.000,0.000,,0.0,,,,,,,0,,0
6.9894,1790267682.488088,0.0207,0,,,0.000,,,0.0000,0.0000,0.0000,0.0000,0.0000,-13.0000,,,,CHO,0.0000,-12.8330,0.0000,-12.8344,0.0000,0.0000,0.000,0.000,,0.0,,,,,,,0,,0
7.0097,1790267682.508344,0.0203,0,,,0.000,,,0.0000,0.0000,0.0000,0.0000,0.0000,-13.0000,,,,CHO,0.0000,-12.8330,0.0000,-12.8344,0.0000,0.0000,0.000,0.000,,0.0,,,,,,,0,,0
7.0299,1790267682.528510,0.0202,0,,,0.000,,,0.0000,0.0000,0.0000,0.0000,0.0000,-13.0000,,,,CHO,0.0000,-12.8330,0.0000,-12.8344,0.0000,0.0000,0.000,0.000,,0.0,,,,,,,0,,0
7.0531,1790267682.552128,0.0233,0,,,0.000,,,0.0000,0.0000,0.0000,0.0000,0.0000,-13.0000,,,,CHO,0.0000,-12.8330,0.0000,-12.8344,0.0000,0.0000,0.000,0.000,,0.0,,,,,,,0,,0
7.0732,1790267682.571924,0.0201,0,,,0.000,,,0.0000,0.0000,0.0000,0.0000,0.0000,-13.0000,,,,CHO,0.0000,-12.8330,0.0000,-12.8344,0.0000,0.0000,0.000,0.000,,0.0,,,,,,,0,,0
7.0932,1790267682.591935,0.0200,0,,,0.000,,,0.0000,0.0000,0.0000,0.0000,0.0000,-13.0000,,,,CHO,0.0000,-12.8330,0.0000,-12.8344,0.0000,0.0000,0.000,0.000,,0.0,,,,,,,0,,0
7.1154,1790267682.614000,0.0222,0,,,0.000,,,0.0000,0.0000,0.0000,0.0000,0.0000,-13.0000,,,,CHO,0.0000,-12.8330,0.0000,-12.8344,0.0000,0.0000,0.000,0.000,,0.0,,,,,,,0,,0
7.1357,1790267682.634398,0.0203,0,,,0.000,,,0.0000,0.0000,0.0000,0.0000,0.0000,-13.0000,,,,CHO,0.0000,-12.8330,0.0000,-12.8344,0.0000,0.0000,0.000,0.000,,0.0,,,,,,,0,,0
7.1559,1790267682.654596,0.0202,0,,,0.000,,,0.0000,0.0000,0.0000,0.0000,0.0000,-13.0000,,,,CHO,0.0000,-12.8330,0.0000,-12.8344,0.0000,0.0000,0.000,0.000,,0.0,,,,,,,0,,0
7.1803,1790267682.679185,0.0244,0,,,0.000,,,0.0000,0.0000,0.0000,0.0000,0.0000,-13.0000,,,,CHO,0.0000,-12.8330,0.0000,-12.8344,0.0000,0.0000,0.000,0.000,,0.0,,,,,,,0,,0
7.2014,1790267682.699978,0.0211,0,,,0.000,,,0.0000,0.0000,0.0000,0.0000,0.0000,-13.0000,,,,CHO,0.0000,-12.8330,0.0000,-12.8344,0.0000,0.0000,0.000,0.000,,0.0,,,,,,,0,,0
7.2220,1790267682.720650,0.0206,0,,,0.000,,,0.0000,0.0000,0.0000,0.0000,0.0000,-13.0000,,,,CHO,0.0000,-12.8330,0.0000,-12.8344,0.0000,0.0000,0.000,0.000,,0.0,,,,,,,0,,0
7.2466,1790267682.745235,0.0247,0,,,0.000,,,0.0000,0.0000,0.0000,0.0000,0.0000,-13.0000,,,,CHO,0.0000,-12.8330,0.0000,-12.8344,0.0000,0.0000,0.000,0.000,,0.0,,,,,,,0,,0
7.2668,1790267682.765479,0.0202,0,,,0.000,,,0.0000,0.0000,0.0000,0.0000,0.0000,-13.0000,,,,CHO,0.0000,-12.8330,0.0000,-12.8344,0.0000,0.0000,0.000,0.000,,0.0,,,,,,,0,,0
7.2926,1790267682.791212,0.0257,0,,,0.000,,,0.0000,0.0000,0.0000,0.0000,0.0000,-13.0000,,,,CHO,0.0000,-12.8330,0.0000,-12.8344,0.0000,0.0000,0.000,0.000,,0.0,,,,,,,0,,0
7.3131,1790267682.811765,0.0205,0,,,0.000,,,0.0000,0.0000,0.0000,0.0000,0.0000,-13.0000,,,,CHO,0.0000,-12.8330,0.0000,-12.8344,0.0000,0.0000,0.000,0.000,,0.0,,,,,,,0,,0
7.3337,1790267682.832160,0.0206,0,,,0.000,,,0.0000,0.0000,0.0000,0.0000,0.0000,-13.0000,,,,CHO,0.0000,-12.8330,0.0000,-12.8344,0.0000,0.0000,0.000,0.000,,0.0,,,,,,,0,,0
7.3538,1790267682.852503,0.0202,0,,,0.000,,,0.0000,0.0000,0.0000,0.0000,0.0000,-13.0000,,,,CHO,0.0000,-12.8330,0.0000,-12.8344,0.0000,0.0000,0.000,0.000,,0.0,,,,,,,0,,0
7.3739,1790267682.872568,0.0200,0,,,0.000,,,0.0000,0.0000,0.0000,0.0000,0.0000,-13.0000,,,,CHO,0.0000,-12.8330,0.0000,-12.8344,0.0000,0.0000,0.000,0.000,,0.0,,,,,,,0,,0
7.3941,1790267682.892735,0.0202,0,,,0.000,,,0.0000,0.0000,0.0000,0.0000,0.0000,-13.0000,,,,CHO,0.0000,-12.8330,0.0000,-12.8344,0.0000,0.0000,0.000,0.000,,0.0,,,,,,,0,,0
7.4142,1790267682.912902,0.0202,0,,,0.000,,,0.0000,0.0000,0.0000,0.0000,0.0000,-13.0000,,,,CHO,0.0000,-12.8330,0.0000,-12.8344,0.0000,0.0000,0.000,0.000,,0.0,,,,,,,0,,0
7.4347,1790267682.933305,0.0204,0,,,0.000,,,0.0000,0.0000,0.0000,0.0000,0.0000,-13.0000,,,,CHO,0.0000,-12.8330,0.0000,-12.8344,0.0000,0.0000,0.000,0.000,,0.0,,,,,,,0,,0
7.4549,1790267682.953559,0.0203,0,,,0.000,,,0.0000,0.0000,0.0000,0.0000,0.0000,-13.0000,,,,CHO,0.0000,-12.8330,0.0000,-12.8344,0.0000,0.0000,0.000,0.000,,0.0,,,,,,,0,,0
7.4754,1790267682.974098,0.0205,0,,,0.000,,,0.0000,0.0000,0.0000,0.0000,0.0000,-13.0000,,,,CHO,0.0000,-12.8330,0.0000,-12.8344,0.0000,0.0000,0.000,0.000,,0.0,,,,,,,0,,0
7.4965,1790267682.994823,0.0211,0,,,0.000,,,0.0000,0.0000,0.0000,0.0000,0.0000,-13.0000,,,,CHO,0.0000,-12.8330,0.0000,-12.8344,0.0000,0.0000,0.000,0.000,,0.0,,,,,,,0,,0
7.5166,1790267683.015317,0.0202,0,,,0.000,,,0.0000,0.0000,0.0000,0.0000,0.0000,-13.0000,,,,CHO,0.0000,-12.8330,0.0000,-12.8344,0.0000,0.0000,0.000,0.000,,0.0,,,,,,,0,,0
7.5379,1790267683.036565,0.0212,0,,,0.000,,,0.0000,0.0000,0.0000,0.0000,0.0000,-13.0000,,,,CHO,0.0000,-12.8330,0.0000,-12.8344,0.0000,0.0000,0.000,0.000,,0.0,,,,,,,0,,0
7.5585,1790267683.057103,0.0206,0,,,0.000,,,0.0000,0.0000,0.0000,0.0000,0.0000,-13.0000,,,,CHO,0.0000,-12.8330,0.0000,-12.8344,0.0000,0.0000,0.000,0.000,,0.0,,,,,,,0,,0
7.5788,1790267683.077514,0.0204,0,,,0.000,,,0.0000,0.0000,0.0000,0.0000,0.0000,-13.0000,,,,CHO,0.0000,-12.8330,0.0000,-12.8344,0.0000,0.0000,0.000,0.000,,0.0,,,,,,,0,,0
7.5993,1790267683.097953,0.0205,0,,,0.000,,,0.0000,0.0000,0.0000,0.0000,0.0000,-13.0000,,,,CHO,0.0000,-12.8330,0.0000,-12.8344,0.0000,0.0000,0.000,0.000,,0.0,,,,,,,0,,0
7.6195,1790267683.118170,0.0203,0,,,0.000,,,0.0000,0.0000,0.0000,0.0000,0.0000,-13.0000,,,,CHO,0.0000,-12.8330,0.0000,-12.8344,0.0000,0.0000,0.000,0.000,,0.0,,,,,,,0,,0
7.6397,1790267683.138386,0.0202,0,,,0.000,,,0.0000,0.0000,0.0000,0.0000,0.0000,-13.0000,,,,CHO,0.0000,-12.8330,0.0000,-12.8344,0.0000,0.0000,0.000,0.000,,0.0,,,,,,,0,,0
7.6611,1790267683.159650,0.0214,0,,,0.000,,,0.0000,0.0000,0.0000,0.0000,0.0000,-13.0000,,,,CHO,0.0000,-12.8330,0.0000,-12.8344,0.0000,0.0000,0.000,0.000,,0.0,,,,,,,0,,0
7.6815,1790267683.180095,0.0203,0,,,0.000,,,0.0000,0.0000,0.0000,0.0000,0.0000,-13.0000,,,,CHO,0.0000,-12.8330,0.0000,-12.8344,0.0000,0.0000,0.000,0.000,,0.0,,,,,,,0,,0
7.7095,1790267683.208169,0.0281,0,,,0.000,,,0.0000,0.0000,0.0000,0.0000,0.0000,-13.0000,,,,CHO,0.0000,-12.8330,0.0000,-12.8344,0.0000,0.0000,0.000,0.000,,0.0,,,,,,,0,,0
7.7298,1790267683.228447,0.0202,0,,,0.000,,,0.0000,0.0000,0.0000,0.0000,0.0000,-13.0000,,,,CHO,0.0000,-12.8330,0.0000,-12.8344,0.0000,0.0000,0.000,0.000,,0.0,,,,,,,0,,0
7.7499,1790267683.248619,0.0202,0,,,0.000,,,0.0000,0.0000,0.0000,0.0000,0.0000,-13.0000,,,,CHO,0.0000,-12.8330,0.0000,-12.8344,0.0000,0.0000,0.000,0.000,,0.0,,,,,,,0,,0
7.7747,1790267683.273232,0.0248,0,,,0.000,,,0.0000,0.0000,0.0000,0.0000,0.0000,-13.0000,,,,CHO,0.0000,-12.8330,0.0000,-12.8344,0.0000,0.0000,0.000,0.000,,0.0,,,,,,,0,,0
7.7948,1790267683.293548,0.0201,0,,,0.000,,,0.0000,0.0000,0.0000,0.0000,0.0000,-13.0000,,,,CHO,0.0000,-12.8330,0.0000,-12.8344,0.0000,0.0000,0.000,0.000,,0.0,,,,,,,0,,0
7.8226,1790267683.321047,0.0277,0,,,0.000,,,0.0000,0.0000,0.0000,0.0000,0.0000,-13.0000,,,,CHO,0.0000,-12.8330,0.0000,-12.8344,0.0000,0.0000,0.000,0.000,,0.0,,,,,,,0,,0
7.8427,1790267683.341310,0.0201,0,,,0.000,,,0.0000,0.0000,0.0000,0.0000,0.0000,-13.0000,,,,CHO,0.0000,-12.8330,0.0000,-12.8344,0.0000,0.0000,0.000,0.000,,0.0,,,,,,,0,,0
7.8627,1790267683.361332,0.0200,0,,,0.000,,,0.0000,0.0000,0.0000,0.0000,0.0000,-13.0000,,,,CHO,0.0000,-12.8330,0.0000,-12.8344,0.0000,0.0000,0.000,0.000,,0.0,,,,,,,0,,0
7.8861,1790267683.384363,0.0234,0,,,0.000,,,0.0000,0.0000,0.0000,0.0000,0.0000,-13.0000,,,,CHO,0.0000,-12.8330,0.0000,-12.8344,0.0000,0.0000,0.000,0.000,,0.0,,,,,,,0,,0
7.9064,1790267683.405041,0.0203,0,,,0.000,,,0.0000,0.0000,0.0000,0.0000,0.0000,-13.0000,,,,CHO,0.0000,-12.8330,0.0000,-12.8344,0.0000,0.0000,0.000,0.000,,0.0,,,,,,,0,,0
7.9265,1790267683.425164,0.0201,0,,,0.000,,,0.0000,0.0000,0.0000,0.0000,0.0000,-13.0000,,,,CHO,0.0000,-12.8330,0.0000,-12.8344,0.0000,0.0000,0.000,0.000,,0.0,,,,,,,0,,0
7.9470,1790267683.445559,0.0205,0,,,0.000,,,0.0000,0.0000,0.0000,0.0000,0.0000,-13.0000,,,,CHO,0.0000,-12.8330,0.0000,-12.8344,0.0000,0.0000,0.000,0.000,,0.0,,,,,,,0,,0
7.9676,1790267683.466213,0.0206,0,,,0.000,,,0.0000,0.0000,0.0000,0.0000,0.0000,-13.0000,,,,CHO,0.0000,-12.8330,0.0000,-12.8344,0.0000,0.0000,0.000,0.000,,0.0,,,,,,,0,,0
7.9946,1790267683.493153,0.0270,0,,,0.000,,,0.0000,0.0000,0.0000,0.0000,0.0000,-13.0000,,,,CHO,0.0000,-12.8330,0.0000,-12.8344,0.0000,0.0000,0.000,0.000,,0.0,,,,,,,0,,0
8.0152,1790267683.513744,0.0207,0,,,0.000,,,0.0000,0.0000,0.0000,0.0000,0.0000,-13.0000,,,,CHO,0.0000,-12.8330,0.0000,-12.8344,0.0000,0.0000,0.000,0.000,,0.0,,,,,,,0,,0
8.0413,1790267683.539929,0.0261,0,,,0.000,,,0.0000,0.0000,0.0000,0.0000,0.0000,-13.0000,,,,CHO,0.0000,-12.8330,0.0000,-12.8344,0.0000,0.0000,0.000,0.000,,0.0,,,,,,,0,,0
8.0614,1790267683.560119,0.0201,0,,,0.000,,,0.0000,0.0000,0.0000,0.0000,0.0000,-13.0000,,,,CHO,0.0000,-12.8330,0.0000,-12.8344,0.0000,0.0000,0.000,0.000,,0.0,,,,,,,0,,0
8.0816,1790267683.580228,0.0201,0,,,0.000,,,0.0000,0.0000,0.0000,0.0000,0.0000,-13.0000,,,,CHO,0.0000,-12.8330,0.0000,-12.8344,0.0000,0.0000,0.000,0.000,,0.0,,,,,,,0,,0
8.1016,1790267683.600132,0.0200,0,,,0.000,,,0.0000,0.0000,0.0000,0.0000,0.0000,-13.0000,,,,CHO,0.0000,-12.8330,0.0000,-12.8344,0.0000,0.0000,0.000,0.000,,0.0,,,,,,,0,,0
8.1218,1790267683.620459,0.0202,0,,,0.000,,,0.0000,0.0000,0.0000,0.0000,0.0000,-13.0000,,,,CHO,0.0000,-12.8330,0.0000,-12.8344,0.0000,0.0000,0.000,0.000,,0.0,,,,,,,0,,0
8.1423,1790267683.640998,0.0205,0,,,0.000,,,0.0000,0.0000,0.0000,0.0000,0.0000,-13.0000,,,,CHO,0.0000,-12.8330,0.0000,-12.8344,0.0000,0.0000,0.000,0.000,,0.0,,,,,,,0,,0
8.1627,1790267683.661438,0.0204,0,,,0.000,,,0.0000,0.0000,0.0000,0.0000,0.0000,-13.0000,,,,CHO,0.0000,-12.8330,0.0000,-12.8344,0.0000,0.0000,0.000,0.000,,0.0,,,,,,,0,,0
8.1828,1790267683.681459,0.0200,0,,,0.000,,,0.0000,0.0000,0.0000,0.0000,0.0000,-13.0000,,,,CHO,0.0000,-12.8330,0.0000,-12.8344,0.0000,0.0000,0.000,0.000,,0.0,,,,,,,0,,0
8.2030,1790267683.701646,0.0202,0,,,0.000,,,0.0000,0.0000,0.0000,0.0000,0.0000,-13.0000,,,,CHO,0.0000,-12.8330,0.0000,-12.8344,0.0000,0.0000,0.000,0.000,,0.0,,,,,,,0,,0
8.2235,1790267683.722195,0.0205,0,,,0.000,,,0.0000,0.0000,0.0000,0.0000,0.0000,-13.0000,,,,CHO,0.0000,-12.8330,0.0000,-12.8344,0.0000,0.0000,0.000,0.000,,0.0,,,,,,,0,,0
8.2472,1790267683.745685,0.0236,0,,,0.000,,,0.0000,0.0000,0.0000,0.0000,0.0000,-13.0000,,,,CHO,0.0000,-12.8330,0.0000,-12.8344,0.0000,0.0000,0.000,0.000,,0.0,,,,,,,0,,0
8.2677,1790267683.766331,0.0205,0,,,0.000,,,0.0000,0.0000,0.0000,0.0000,0.0000,-13.0000,,,,CHO,0.0000,-12.8330,0.0000,-12.8344,0.0000,0.0000,0.000,0.000,,0.0,,,,,,,0,,0
8.2947,1790267683.793562,0.0271,0,,,0.000,,,0.0000,0.0000,0.0000,0.0000,0.0000,-13.0000,,,,CHO,0.0000,-12.8330,0.0000,-12.8344,0.0000,0.0000,0.000,0.000,,0.0,,,,,,,0,,0
8.3150,1790267683.813599,0.0202,0,,,0.000,,,0.0000,0.0000,0.0000,0.0000,0.0000,-13.0000,,,,CHO,0.0000,-12.8330,0.0000,-12.8344,0.0000,0.0000,0.000,0.000,,0.0,,,,,,,0,,0
8.3354,1790267683.834062,0.0204,0,,,0.000,,,0.0000,0.0000,0.0000,0.0000,0.0000,-13.0000,,,,CHO,0.0000,-12.8330,0.0000,-12.8344,0.0000,0.0000,0.000,0.000,,0.0,,,,,,,0,,0
8.3556,1790267683.854222,0.0202,0,,,0.000,,,0.0000,0.0000,0.0000,0.0000,0.0000,-13.0000,,,,CHO,0.0000,-12.8330,0.0000,-12.8344,0.0000,0.0000,0.000,0.000,,0.0,,,,,,,0,,0
8.3783,1790267683.876955,0.0228,0,,,0.000,,,0.0000,0.0000,0.0000,0.0000,0.0000,-13.0000,,,,CHO,0.0000,-12.8330,0.0000,-12.8344,0.0000,0.0000,0.000,0.000,,0.0,,,,,,,0,,0
8.3987,1790267683.897374,0.0203,0,,,0.000,,,0.0000,0.0000,0.0000,0.0000,0.0000,-13.0000,,,,CHO,0.0000,-12.8330,0.0000,-12.8344,0.0000,0.0000,0.000,0.000,,0.0,,,,,,,0,,0
8.4187,1790267683.917383,0.0200,0,,,0.000,,,0.0000,0.0000,0.0000,0.0000,0.0000,-13.0000,,,,CHO,0.0000,-12.8330,0.0000,-12.8344,0.0000,0.0000,0.000,0.000,,0.0,,,,,,,0,,0
8.4391,1790267683.937716,0.0204,0,,,0.000,,,0.0000,0.0000,0.0000,0.0000,0.0000,-13.0000,,,,CHO,0.0000,-12.8330,0.0000,-12.8344,0.0000,0.0000,0.000,0.000,,0.0,,,,,,,0,,0
8.4640,1790267683.962398,0.0249,0,,,0.000,,,0.0000,0.0000,0.0000,0.0000,0.0000,-13.0000,,,,CHO,0.0000,-12.8330,0.0000,-12.8344,0.0000,0.0000,0.000,0.000,,0.0,,,,,,,0,,0
8.4844,1790267683.983066,0.0204,0,,,0.000,,,0.0000,0.0000,0.0000,0.0000,0.0000,-13.0000,,,,CHO,0.0000,-12.8330,0.0000,-12.8344,0.0000,0.0000,0.000,0.000,,0.0,,,,,,,0,,0
8.5050,1790267684.003580,0.0206,0,,,0.000,,,0.0000,0.0000,0.0000,0.0000,0.0000,-13.0000,,,,CHO,0.0000,-12.8330,0.0000,-12.8344,0.0000,0.0000,0.000,0.000,,0.0,,,,,,,0,,0
8.5256,1790267684.024279,0.0206,0,,,0.000,,,0.0000,0.0000,0.0000,0.0000,0.0000,-13.0000,,,,CHO,0.0000,-12.8330,0.0000,-12.8344,0.0000,0.0000,0.000,0.000,,0.0,,,,,,,0,,0
8.5463,1790267684.044706,0.0207,0,,,0.000,,,0.0000,0.0000,0.0000,0.0000,0.0000,-13.0000,,,,CHO,0.0000,-12.8330,0.0000,-12.8344,0.0000,0.0000,0.000,0.000,,0.0,,,,,,,0,,0
8.5674,1790267684.066014,0.0211,0,,,0.000,,,0.0000,0.0000,0.0000,0.0000,0.0000,-13.0000,,,,CHO,0.0000,-12.8330,0.0000,-12.8344,0.0000,0.0000,0.000,0.000,,0.0,,,,,,,0,,0
8.5879,1790267684.086475,0.0205,0,,,0.000,,,0.0000,0.0000,0.0000,0.0000,0.0000,-13.0000,,,,CHO,0.0000,-12.8330,0.0000,-12.8344,0.0000,0.0000,0.000,0.000,,0.0,,,,,,,0,,0
8.6086,1790267684.107015,0.0207,0,,,0.000,,,0.0000,0.0000,0.0000,0.0000,0.0000,-13.0000,,,,CHO,0.0000,-12.8330,0.0000,-12.8344,0.0000,0.0000,0.000,0.000,,0.0,,,,,,,0,,0
8.6290,1790267684.127597,0.0205,0,,,0.000,,,0.0000,0.0000,0.0000,0.0000,0.0000,-13.0000,,,,CHO,0.0000,-12.8330,0.0000,-12.8344,0.0000,0.0000,0.000,0.000,,0.0,,,,,,,0,,0
8.6492,1790267684.148626,0.0202,0,,,0.000,,,0.0000,0.0000,0.0000,0.0000,0.0000,-13.0000,,,,CHO,0.0000,-12.8330,0.0000,-12.8344,0.0000,0.0000,0.000,0.000,,0.0,,,,,,,0,,0
8.6697,1790267684.168264,0.0205,0,,,0.000,,,0.0000,0.0000,0.0000,0.0000,0.0000,-13.0000,,,,CHO,0.0000,-12.8330,0.0000,-12.8344,0.0000,0.0000,0.000,0.000,,0.0,,,,,,,0,,0
8.6898,1790267684.188459,0.0201,0,,,0.000,,,0.0000,0.0000,0.0000,0.0000,0.0000,-13.0000,,,,CHO,0.0000,-12.8330,0.0000,-12.8344,0.0000,0.0000,0.000,0.000,,0.0,,,,,,,0,,0
8.7098,1790267684.208502,0.0201,0,,,0.000,,,0.0000,0.0000,0.0000,0.0000,0.0000,-13.0000,,,,CHO,0.0000,-12.8330,0.0000,-12.8344,0.0000,0.0000,0.000,0.000,,0.0,,,,,,,0,,0
8.7301,1790267684.228814,0.0203,0,,,0.000,,,0.0000,0.0000,0.0000,0.0000,0.0000,-13.0000,,,,CHO,0.0000,-12.8330,0.0000,-12.8344,0.0000,0.0000,0.000,0.000,,0.0,,,,,,,0,,0
8.7502,1790267684.248864,0.0201,0,,,0.000,,,0.0000,0.0000,0.0000,0.0000,0.0000,-13.0000,,,,CHO,0.0000,-12.8330,0.0000,-12.8344,0.0000,0.0000,0.000,0.000,,0.0,,,,,,,0,,0
8.7706,1790267684.269279,0.0204,0,,,0.000,,,0.0000,0.0000,0.0000,0.0000,0.0000,-13.0000,,,,CHO,0.0000,-12.8330,0.0000,-12.8344,0.0000,0.0000,0.000,0.000,,0.0,,,,,,,0,,0
8.7907,1790267684.289349,0.0201,0,,,0.000,,,0.0000,0.0000,0.0000,0.0000,0.0000,-13.0000,,,,CHO,0.0000,-12.8330,0.0000,-12.8344,0.0000,0.0000,0.000,0.000,,0.0,,,,,,,0,,0
8.8112,1790267684.309883,0.0205,0,,,0.000,,,0.0000,0.0000,0.0000,0.0000,0.0000,-13.0000,,,,CHO,0.0000,-12.8330,0.0000,-12.8344,0.0000,0.0000,0.000,0.000,,0.0,,,,,,,0,,0
8.8312,1790267684.329900,0.0200,0,,,0.000,,,0.0000,0.0000,0.0000,0.0000,0.0000,-13.0000,,,,CHO,0.0000,-12.8330,0.0000,-12.8344,0.0000,0.0000,0.000,0.000,,0.0,,,,,,,0,,0
8.8525,1790267684.351173,0.0213,0,,,0.000,,,0.0000,0.0000,0.0000,0.0000,0.0000,-13.0000,,,,CHO,0.0000,-12.8330,0.0000,-12.8344,0.0000,0.0000,0.000,0.000,,0.0,,,,,,,0,,0
8.8729,1790267684.371619,0.0204,0,,,0.000,,,0.0000,0.0000,0.0000,0.0000,0.0000,-13.0000,,,,CHO,0.0000,-12.8330,0.0000,-12.8344,0.0000,0.0000,0.000,0.000,,0.0,,,,,,,0,,0
8.8930,1790267684.391695,0.0201,0,,,0.000,,,0.0000,0.0000,0.0000,0.0000,0.0000,-13.0000,,,,CHO,0.0000,-12.8330,0.0000,-12.8344,0.0000,0.0000,0.000,0.000,,0.0,,,,,,,0,,0
8.9152,1790267684.413507,0.0221,0,,,0.000,,,0.0000,0.0000,0.0000,0.0000,0.0000,-13.0000,,,,CHO,0.0000,-12.8330,0.0000,-12.8344,0.0000,0.0000,0.000,0.000,,0.0,,,,,,,0,,0
8.9353,1790267684.433919,0.0202,0,,,0.000,,,0.0000,0.0000,0.0000,0.0000,0.0000,-13.0000,,,,CHO,0.0000,-12.8330,0.0000,-12.8344,0.0000,0.0000,0.000,0.000,,0.0,,,,,,,0,,0
8.9556,1790267684.454250,0.0202,0,,,0.000,,,0.0000,0.0000,0.0000,0.0000,0.0000,-13.0000,,,,CHO,0.0000,-12.8330,0.0000,-12.8344,0.0000,0.0000,0.000,0.000,,0.0,,,,,,,0,,0
8.9756,1790267684.474136,0.0201,0,,,0.000,,,0.0000,0.0000,0.0000,0.0000,0.0000,-13.0000,,,,CHO,0.0000,-12.8330,0.0000,-12.8344,0.0000,0.0000,0.000,0.000,,0.0,,,,,,,0,,0
8.9960,1790267684.494682,0.0204,0,,,0.000,,,0.0000,0.0000,0.0000,0.0000,0.0000,-13.0000,,,,CHO,0.0000,-12.8330,0.0000,-12.8344,0.0000,0.0000,0.000,0.000,,0.0,,,,,,,0,,0
9.0166,1790267684.514945,0.0205,0,,,0.000,,,0.0000,0.0000,0.0000,0.0000,0.0000,-13.0000,,,,CHO,0.0000,-12.8330,0.0000,-12.8344,0.0000,0.0000,0.000,0.000,,0.0,,,,,,,0,,0
9.0366,1790267684.535281,0.0201,0,,,0.000,,,0.0000,0.0000,0.0000,0.0000,0.0000,-13.0000,,,,CHO,0.0000,-12.8330,0.0000,-12.8344,0.0000,0.0000,0.000,0.000,,0.0,,,,,,,0,,0
9.0585,1790267684.556964,0.0219,0,,,0.000,,,0.0000,0.0000,0.0000,0.0000,0.0000,-13.0000,,,,CHO,0.0000,-12.8330,0.0000,-12.8344,0.0000,0.0000,0.000,0.000,,0.0,,,,,,,0,,0
9.0790,1790267684.577551,0.0205,0,,,0.000,,,0.0000,0.0000,0.0000,0.0000,0.0000,-13.0000,,,,CHO,0.0000,-12.8330,0.0000,-12.8344,0.0000,0.0000,0.000,0.000,,0.0,,,,,,,0,,0
9.0994,1790267684.598051,0.0204,0,,,0.000,,,0.0000,0.0000,0.0000,0.0000,0.0000,-13.0000,,,,CHO,0.0000,-12.8330,0.0000,-12.8344,0.0000,0.0000,0.000,0.000,,0.0,,,,,,,0,,0
9.1200,1790267684.618656,0.0206,0,,,0.000,,,0.0000,0.0000,0.0000,0.0000,0.0000,-13.0000,,,,CHO,0.0000,-12.8330,0.0000,-12.8344,0.0000,0.0000,0.000,0.000,,0.0,,,,,,,0,,0
9.1400,1790267684.638722,0.0201,0,,,0.000,,,0.0000,0.0000,0.0000,0.0000,0.0000,-13.0000,,,,CHO,0.0000,-12.8330,0.0000,-12.8344,0.0000,0.0000,0.000,0.000,,0.0,,,,,,,0,,0
9.1616,1790267684.660240,0.0215,0,,,0.000,,,0.0000,0.0000,0.0000,0.0000,0.0000,-13.0000,,,,CHO,0.0000,-12.8330,0.0000,-12.8344,0.0000,0.0000,0.000,0.000,,0.0,,,,,,,0,,0
9.1820,1790267684.680672,0.0204,0,,,0.000,,,0.0000,0.0000,0.0000,0.0000,0.0000,-13.0000,,,,CHO,0.0000,-12.8330,0.0000,-12.8344,0.0000,0.0000,0.000,0.000,,0.0,,,,,,,0,,0
9.2023,1790267684.700989,0.0203,0,,,0.000,,,0.0000,0.0000,0.0000,0.0000,0.0000,-13.0000,,,,CHO,0.0000,-12.8330,0.0000,-12.8344,0.0000,0.0000,0.000,0.000,,0.0,,,,,,,0,,0
9.2226,1790267684.721258,0.0203,0,,,0.000,,,0.0000,0.0000,0.0000,0.0000,0.0000,-13.0000,,,,CHO,0.0000,-12.8330,0.0000,-12.8344,0.0000,0.0000,0.000,0.000,,0.0,,,,,,,0,,0
9.2428,1790267684.741466,0.0203,0,,,0.000,,,0.0000,0.0000,0.0000,0.0000,0.0000,-13.0000,,,,CHO,0.0000,-12.8330,0.0000,-12.8344,0.0000,0.0000,0.000,0.000,,0.0,,,,,,,0,,0
9.2630,1790267684.761681,0.0202,0,,,0.000,,,0.0000,0.0000,0.0000,0.0000,0.0000,-13.0000,,,,CHO,0.0000,-12.8330,0.0000,-12.8344,0.0000,0.0000,0.000,0.000,,0.0,,,,,,,0,,0
9.2849,1790267684.783467,0.0219,0,,,0.000,,,0.0000,0.0000,0.0000,0.0000,0.0000,-13.0000,,,,CHO,0.0000,-12.8330,0.0000,-12.8344,0.0000,0.0000,0.000,0.000,,0.0,,,,,,,0,,0
9.3057,1790267684.804335,0.0207,0,,,0.000,,,0.0000,0.0000,0.0000,0.0000,0.0000,-13.0000,,,,CHO,0.0000,-12.8330,0.0000,-12.8344,0.0000,0.0000,0.000,0.000,,0.0,,,,,,,0,,0
9.3258,1790267684.824530,0.0202,0,,,0.000,,,0.0000,0.0000,0.0000,0.0000,0.0000,-13.0000,,,,CHO,0.0000,-12.8330,0.0000,-12.8344,0.0000,0.0000,0.000,0.000,,0.0,,,,,,,0,,0
9.3461,1790267684.844763,0.0202,0,,,0.000,,,0.0000,0.0000,0.0000,0.0000,0.0000,-13.0000,,,,CHO,0.0000,-12.8330,0.0000,-12.8344,0.0000,0.0000,0.000,0.000,,0.0,,,,,,,0,,0
9.3665,1790267684.865179,0.0204,0,,,0.000,,,0.0000,0.0000,0.0000,0.0000,0.0000,-13.0000,,,,CHO,0.0000,-12.8330,0.0000,-12.8344,0.0000,0.0000,0.000,0.000,,0.0,,,,,,,0,,0
9.3869,1790267684.885510,0.0203,0,,,0.000,,,0.0000,0.0000,0.0000,0.0000,0.0000,-13.0000,,,,CHO,0.0000,-12.8330,0.0000,-12.8344,0.0000,0.0000,0.000,0.000,,0.0,,,,,,,0,,0
9.4074,1790267684.906034,0.0205,0,,,0.000,,,0.0000,0.0000,0.0000,0.0000,0.0000,-13.0000,,,,CHO,0.0000,-12.8330,0.0000,-12.8344,0.0000,0.0000,0.000,0.000,,0.0,,,,,,,0,,0
9.4278,1790267684.926431,0.0204,0,,,0.000,,,0.0000,0.0000,0.0000,0.0000,0.0000,-13.0000,,,,CHO,0.0000,-12.8330,0.0000,-12.8344,0.0000,0.0000,0.000,0.000,,0.0,,,,,,,0,,0
9.4485,1790267684.947097,0.0207,0,,,0.000,,,0.0000,0.0000,0.0000,0.0000,0.0000,-13.0000,,,,CHO,0.0000,-12.8330,0.0000,-12.8344,0.0000,0.0000,0.000,0.000,,0.0,,,,,,,0,,0
9.4688,1790267684.967506,0.0203,0,,,0.000,,,0.0000,0.0000,0.0000,0.0000,0.0000,-13.0000,,,,CHO,0.0000,-12.8330,0.0000,-12.8344,0.0000,0.0000,0.000,0.000,,0.0,,,,,,,0,,0
9.4890,1790267684.987422,0.0202,0,,,0.000,,,0.0000,0.0000,0.0000,0.0000,0.0000,-13.0000,,,,CHO,0.0000,-12.8330,0.0000,-12.8344,0.0000,0.0000,0.000,0.000,,0.0,,,,,,,0,,0
9.5097,1790267685.008402,0.0207,0,,,0.000,,,0.0000,0.0000,0.0000,0.0000,0.0000,-13.0000,,,,CHO,0.0000,-12.8330,0.0000,-12.8344,0.0000,0.0000,0.000,0.000,,0.0,,,,,,,0,,0
9.5302,1790267685.028859,0.0205,0,,,0.000,,,0.0000,0.0000,0.0000,0.0000,0.0000,-13.0000,,,,CHO,0.0000,-12.8330,0.0000,-12.8344,0.0000,0.0000,0.000,0.000,,0.0,,,,,,,0,,0
9.5505,1790267685.049209,0.0203,0,,,0.000,,,0.0000,0.0000,0.0000,0.0000,0.0000,-13.0000,,,,CHO,0.0000,-12.8330,0.0000,-12.8344,0.0000,0.0000,0.000,0.000,,0.0,,,,,,,0,,0
9.5706,1790267685.069276,0.0201,0,,,0.000,,,0.0000,0.0000,0.0000,0.0000,0.0000,-13.0000,,,,CHO,0.0000,-12.8330,0.0000,-12.8344,0.0000,0.0000,0.000,0.000,,0.0,,,,,,,0,,0
9.5910,1790267685.089674,0.0203,0,,,0.000,,,0.0000,0.0000,0.0000,0.0000,0.0000,-13.0000,,,,CHO,0.0000,-12.8330,0.0000,-12.8344,0.0000,0.0000,0.000,0.000,,0.0,,,,,,,0,,0
9.6112,1790267685.109885,0.0202,0,,,0.000,,,0.0000,0.0000,0.0000,0.0000,0.0000,-13.0000,,,,CHO,0.0000,-12.8330,0.0000,-12.8344,0.0000,0.0000,0.000,0.000,,0.0,,,,,,,0,,0
9.6317,1790267685.130229,0.0205,0,,,0.000,,,0.0000,0.0000,0.0000,0.0000,0.0000,-13.0000,,,,CHO,0.0000,-12.8330,0.0000,-12.8344,0.0000,0.0000,0.000,0.000,,0.0,,,,,,,0,,0
9.6521,1790267685.150733,0.0204,0,,,0.000,,,0.0000,0.0000,0.0000,0.0000,0.0000,-13.0000,,,,CHO,0.0000,-12.8330,0.0000,-12.8344,0.0000,0.0000,0.000,0.000,,0.0,,,,,,,0,,0
9.6727,1790267685.171334,0.0206,0,,,0.000,,,0.0000,0.0000,0.0000,0.0000,0.0000,-13.0000,,,,CHO,0.0000,-12.8330,0.0000,-12.8344,0.0000,0.0000,0.000,0.000,,0.0,,,,,,,0,,0
9.6945,1790267685.193046,0.0218,0,,,0.000,,,0.0000,0.0000,0.0000,0.0000,0.0000,-13.0000,,,,CHO,0.0000,-12.8330,0.0000,-12.8344,0.0000,0.0000,0.000,0.000,,0.0,,,,,,,0,,0
9.7154,1790267685.214021,0.0209,0,,,0.000,,,0.0000,0.0000,0.0000,0.0000,0.0000,-13.0000,,,,CHO,0.0000,-12.8330,0.0000,-12.8344,0.0000,0.0000,0.000,0.000,,0.0,,,,,,,0,,0
9.7357,1790267685.234421,0.0204,0,,,0.000,,,0.0000,0.0000,0.0000,0.0000,0.0000,-13.0000,,,,CHO,0.0000,-12.8330,0.0000,-12.8344,0.0000,0.0000,0.000,0.000,,0.0,,,,,,,0,,0
9.7594,1790267685.257872,0.0237,0,,,0.000,,,0.0000,0.0000,0.0000,0.0000,0.0000,-13.0000,,,,CHO,0.0000,-12.8330,0.0000,-12.8344,0.0000,0.0000,0.000,0.000,,0.0,,,,,,,0,,0
9.7798,1790267685.278396,0.0204,0,,,0.000,,,0.0000,0.0000,0.0000,0.0000,0.0000,-13.0000,,,,CHO,0.0000,-12.8330,0.0000,-12.8344,0.0000,0.0000,0.000,0.000,,0.0,,,,,,,0,,0
9.8103,1790267685.309319,0.0305,0,,,0.000,,,0.0000,0.0000,0.0000,0.0000,0.0000,-13.0000,,,,CHO,0.0000,-12.8330,0.0000,-12.8344,0.0000,0.0000,0.000,0.000,,0.0,,,,,,,0,,0
9.8307,1790267685.329399,0.0204,0,,,0.000,,,0.0000,0.0000,0.0000,0.0000,0.0000,-13.0000,,,,CHO,0.0000,-12.8330,0.0000,-12.8344,0.0000,0.0000,0.000,0.000,,0.0,,,,,,,0,,0
9.8510,1790267685.349688,0.0203,0,,,0.000,,,0.0000,0.0000,0.0000,0.0000,0.0000,-13.0000,,,,CHO,0.0000,-12.8330,0.0000,-12.8344,0.0000,0.0000,0.000,0.000,,0.0,,,,,,,0,,0
9.8714,1790267685.370059,0.0204,0,,,0.000,,,0.0000,0.0000,0.0000,0.0000,0.0000,-13.0000,,,,CHO,0.0000,-12.8330,0.0000,-12.8344,0.0000,0.0000,0.000,0.000,,0.0,,,,,,,0,,0
9.8916,1790267685.390271,0.0202,0,,,0.000,,,0.0000,0.0000,0.0000,0.0000,0.0000,-13.0000,,,,CHO,0.0000,-12.8330,0.0000,-12.8344,0.0000,0.0000,0.000,0.000,,0.0,,,,,,,0,,0
9.9116,1790267685.410310,0.0200,0,,,0.000,,,0.0000,0.0000,0.0000,0.0000,0.0000,-13.0000,,,,CHO,0.0000,-12.8330,0.0000,-12.8344,0.0000,0.0000,0.000,0.000,,0.0,,,,,,,0,,0
9.9320,1790267685.430687,0.0204,0,,,0.000,,,0.0000,0.0000,0.0000,0.0000,0.0000,-13.0000,,,,CHO,0.0000,-12.8330,0.0000,-12.8344,0.0000,0.0000,0.000,0.000,,0.0,,,,,,,0,,0
9.9524,1790267685.451010,0.0204,0,,,0.000,,,0.0000,0.0000,0.0000,0.0000,0.0000,-13.0000,,,,CHO,0.0000,-12.8330,0.0000,-12.8344,0.0000,0.0000,0.000,0.000,,0.0,,,,,,,0,,0
9.9726,1790267685.471183,0.0201,0,,,0.000,,,0.0000,0.0000,0.0000,0.0000,0.0000,-13.0000,,,,CHO,0.0000,-12.8330,0.0000,-12.8344,0.0000,0.0000,0.000,0.000,,0.0,,,,,,,0,,0
9.9928,1790267685.491425,0.0202,0,,,0.000,,,0.0000,0.0000,0.0000,0.0000,0.0000,-13.0000,,,,CHO,0.0000,-12.8330,0.0000,-12.8344,0.0000,0.0000,0.000,0.000,,0.0,,,,,,,0,,0
10.0150,1790267685.513637,0.0223,0,,,0.000,,,0.0000,0.0000,0.0000,0.0000,0.0000,-13.0000,,,,CHO,0.0000,-12.8330,0.0000,-12.8344,0.0000,0.0000,0.000,0.000,,0.0,,,,,,,0,,0
10.0353,1790267685.533952,0.0202,0,,,0.000,,,0.0000,0.0000,0.0000,0.0000,0.0000,-13.0000,,,,CHO,0.0000,-12.8330,0.0000,-12.8344,0.0000,0.0000,0.000,0.000,,0.0,,,,,,,0,,0
10.0558,1790267685.554316,0.0205,0,,,0.000,,,0.0000,0.0000,0.0000,0.0000,0.0000,-13.0000,,,,CHO,0.0000,-12.8330,0.0000,-12.8344,0.0000,0.0000,0.000,0.000,,0.0,,,,,,,0,,0
10.0761,1790267685.574699,0.0203,0,,,0.000,,,0.0000,0.0000,0.0000,0.0000,0.0000,-13.0000,,,,CHO,0.0000,-12.8330,0.0000,-12.8344,0.0000,0.0000,0.000,0.000,,0.0,,,,,,,0,,0
10.0961,1790267685.594909,0.0201,0,,,0.000,,,0.0000,0.0000,0.0000,0.0000,0.0000,-13.0000,,,,CHO,0.0000,-12.8330,0.0000,-12.8344,0.0000,0.0000,0.000,0.000,,0.0,,,,,,,0,,0
10.1167,1790267685.615299,0.0205,0,,,0.000,,,0.0000,0.0000,0.0000,0.0000,0.0000,-13.0000,,,,CHO,0.0000,-12.8330,0.0000,-12.8344,0.0000,0.0000,0.000,0.000,,0.0,,,,,,,0,,0
10.1371,1790267685.635730,0.0205,0,,,0.000,,,0.0000,0.0000,0.0000,0.0000,0.0000,-13.0000,,,,CHO,0.0000,-12.8330,0.0000,-12.8344,0.0000,0.0000,0.000,0.000,,0.0,,,,,,,0,,0
10.1592,1790267685.657799,0.0221,0,,,0.000,,,0.0000,0.0000,0.0000,0.0000,0.0000,-13.0000,,,,CHO,0.0000,-12.8330,0.0000,-12.8344,0.0000,0.0000,0.000,0.000,,0.0,,,,,,,0,,0
10.1793,1790267685.677876,0.0200,0,,,0.000,,,0.0000,0.0000,0.0000,0.0000,0.0000,-13.0000,,,,CHO,0.0000,-12.8330,0.0000,-12.8344,0.0000,0.0000,0.000,0.000,,0.0,,,,,,,0,,0
10.1998,1790267685.698498,0.0206,0,,,0.000,,,0.0000,0.0000,0.0000,0.0000,0.0000,-13.0000,,,,CHO,0.0000,-12.8330,0.0000,-12.8344,0.0000,0.0000,0.000,0.000,,0.0,,,,,,,0,,0
10.2214,1790267685.720201,0.0216,0,,,0.000,,,0.0000,0.0000,0.0000,0.0000,0.0000,-13.0000,,,,CHO,0.0000,-12.8330,0.0000,-12.8344,0.0000,0.0000,0.000,0.000,,0.0,,,,,,,0,,0
10.2416,1790267685.740276,0.0202,0,,,0.000,,,0.0000,0.0000,0.0000,0.0000,0.0000,-13.0000,,,,CHO,0.0000,-12.8330,0.0000,-12.8344,0.0000,0.0000,0.000,0.000,,0.0,,,,,,,0,,0
10.2616,1790267685.760275,0.0200,0,,,0.000,,,0.0000,0.0000,0.0000,0.0000,0.0000,-13.0000,,,,CHO,0.0000,-12.8330,0.0000,-12.8344,0.0000,0.0000,0.000,0.000,,0.0,,,,,,,0,,0
10.2839,1790267685.782554,0.0223,0,,,0.000,,,0.0000,0.0000,0.0000,0.0000,0.0000,-13.0000,,,,CHO,0.0000,-12.8330,0.0000,-12.8344,0.0000,0.0000,0.000,0.000,,0.0,,,,,,,0,,0
10.3045,1790267685.803168,0.0206,0,,,0.000,,,0.0000,0.0000,0.0000,0.0000,0.0000,-13.0000,,,,CHO,0.0000,-12.8330,0.0000,-12.8344,0.0000,0.0000,0.000,0.000,,0.0,,,,,,,0,,0
10.3249,1790267685.823435,0.0204,0,,,0.000,,,0.0000,0.0000,0.0000,0.0000,0.0000,-13.0000,,,,CHO,0.0000,-12.8330,0.0000,-12.8344,0.0000,0.0000,0.000,0.000,,0.0,,,,,,,0,,0
10.3456,1790267685.844222,0.0207,0,,,0.000,,,0.0000,0.0000,0.0000,0.0000,0.0000,-13.0000,,,,CHO,0.0000,-12.8330,0.0000,-12.8344,0.0000,0.0000,0.000,0.000,,0.0,,,,,,,0,,0
10.3661,1790267685.864798,0.0206,0,,,0.000,,,0.0000,0.0000,0.0000,0.0000,0.0000,-13.0000,,,,CHO,0.0000,-12.8330,0.0000,-12.8344,0.0000,0.0000,0.000,0.000,,0.0,,,,,,,0,,0
10.3869,1790267685.885398,0.0208,0,,,0.000,,,0.0000,0.0000,0.0000,0.0000,0.0000,-13.0000,,,,CHO,0.0000,-12.8330,0.0000,-12.8344,0.0000,0.0000,0.000,0.000,,0.0,,,,,,,0,,0
10.4070,1790267685.905723,0.0201,0,,,0.000,,,0.0000,0.0000,0.0000,0.0000,0.0000,-13.0000,,,,CHO,0.0000,-12.8330,0.0000,-12.8344,0.0000,0.0000,0.000,0.000,,0.0,,,,,,,0,,0
10.4272,1790267685.925927,0.0202,0,,,0.000,,,0.0000,0.0000,0.0000,0.0000,0.0000,-13.0000,,,,CHO,0.0000,-12.8330,0.0000,-12.8344,0.0000,0.0000,0.000,0.000,,0.0,,,,,,,0,,0
10.4479,1790267685.946554,0.0206,0,,,0.000,,,0.0000,0.0000,0.0000,0.0000,0.0000,-13.0000,,,,CHO,0.0000,-12.8330,0.0000,-12.8344,0.0000,0.0000,0.000,0.000,,0.0,,,,,,,0,,0
10.4680,1790267685.966628,0.0201,0,,,0.000,,,0.0000,0.0000,0.0000,0.0000,0.0000,-13.0000,,,,CHO,0.0000,-12.8330,0.0000,-12.8344,0.0000,0.0000,0.000,0.000,,0.0,,,,,,,0,,0
10.4880,1790267685.986693,0.0200,0,,,0.000,,,0.0000,0.0000,0.0000,0.0000,0.0000,-13.0000,,,,CHO,0.0000,-12.8330,0.0000,-12.8344,0.0000,0.0000,0.000,0.000,,0.0,,,,,,,0,,0
10.5083,1790267686.007033,0.0203,0,,,0.000,,,0.0000,0.0000,0.0000,0.0000,0.0000,-13.0000,,,,CHO,0.0000,-12.8330,0.0000,-12.8344,0.0000,0.0000,0.000,0.000,,0.0,,,,,,,0,,0
10.5284,1790267686.027030,0.0201,0,,,0.000,,,0.0000,0.0000,0.0000,0.0000,0.0000,-13.0000,,,,CHO,0.0000,-12.8330,0.0000,-12.8344,0.0000,0.0000,0.000,0.000,,0.0,,,,,,,0,,0
10.5488,1790267686.047471,0.0204,0,,,0.000,,,0.0000,0.0000,0.0000,0.0000,0.0000,-13.0000,,,,CHO,0.0000,-12.8330,0.0000,-12.8344,0.0000,0.0000,0.000,0.000,,0.0,,,,,,,0,,0
10.5688,1790267686.067307,0.0201,0,,,0.000,,,0.0000,0.0000,0.0000,0.0000,0.0000,-13.0000,,,,CHO,0.0000,-12.8330,0.0000,-12.8344,0.0000,0.0000,0.000,0.000,,0.0,,,,,,,0,,0
10.5889,1790267686.087584,0.0201,0,,,0.000,,,0.0000,0.0000,0.0000,0.0000,0.0000,-13.0000,,,,CHO,0.0000,-12.8330,0.0000,-12.8344,0.0000,0.0000,0.000,0.000,,0.0,,,,,,,0,,0
10.6093,1790267686.107948,0.0203,0,,,0.000,,,0.0000,0.0000,0.0000,0.0000,0.0000,-13.0000,,,,CHO,0.0000,-12.8330,0.0000,-12.8344,0.0000,0.0000,0.000,0.000,,0.0,,,,,,,0,,0
10.6296,1790267686.128334,0.0204,0,,,0.000,,,0.0000,0.0000,0.0000,0.0000,0.0000,-13.0000,,,,CHO,0.0000,-12.8330,0.0000,-12.8344,0.0000,0.0000,0.000,0.000,,0.0,,,,,,,0,,0
10.6498,1790267686.148497,0.0202,0,,,0.000,,,0.0000,0.0000,0.0000,0.0000,0.0000,-13.0000,,,,CHO,0.0000,-12.8330,0.0000,-12.8344,0.0000,0.0000,0.000,0.000,,0.0,,,,,,,0,,0
10.6699,1790267686.168567,0.0201,0,,,0.000,,,0.0000,0.0000,0.0000,0.0000,0.0000,-13.0000,,,,CHO,0.0000,-12.8330,0.0000,-12.8344,0.0000,0.0000,0.000,0.000,,0.0,,,,,,,0,,0
10.6939,1790267686.192412,0.0240,0,,,0.000,,,0.0000,0.0000,0.0000,0.0000,0.0000,-13.0000,,,,CHO,0.0000,-12.8330,0.0000,-12.8344,0.0000,0.0000,0.000,0.000,,0.0,,,,,,,0,,0
10.7144,1790267686.212991,0.0205,0,,,0.000,,,0.0000,0.0000,0.0000,0.0000,0.0000,-13.0000,,,,CHO,0.0000,-12.8330,0.0000,-12.8344,0.0000,0.0000,0.000,0.000,,0.0,,,,,,,0,,0
10.7347,1790267686.233361,0.0203,0,,,0.000,,,0.0000,0.0000,0.0000,0.0000,0.0000,-13.0000,,,,CHO,0.0000,-12.8330,0.0000,-12.8344,0.0000,0.0000,0.000,0.000,,0.0,,,,,,,0,,0
10.7549,1790267686.253501,0.0202,0,,,0.000,,,0.0000,0.0000,0.0000,0.0000,0.0000,-13.0000,,,,CHO,0.0000,-12.8330,0.0000,-12.8344,0.0000,0.0000,0.000,0.000,,0.0,,,,,,,0,,0
10.7750,1790267686.273703,0.0201,0,,,0.000,,,0.0000,0.0000,0.0000,0.0000,0.0000,-13.0000,,,,CHO,0.0000,-12.8330,0.0000,-12.8344,0.0000,0.0000,0.000,0.000,,0.0,,,,,,,0,,0
10.7952,1790267686.293904,0.0202,0,,,0.000,,,0.0000,0.0000,0.0000,0.0000,0.0000,-13.0000,,,,CHO,0.0000,-12.8330,0.0000,-12.8344,0.0000,0.0000,0.000,0.000,,0.0,,,,,,,0,,0
10.8156,1790267686.314231,0.0203,0,,,0.000,,,0.0000,0.0000,0.0000,0.0000,0.0000,-13.0000,,,,CHO,0.0000,-12.8330,0.0000,-12.8344,0.0000,0.0000,0.000,0.000,,0.0,,,,,,,0,,0
10.8357,1790267686.334391,0.0201,0,,,0.000,,,0.0000,0.0000,0.0000,0.0000,0.0000,-13.0000,,,,CHO,0.0000,-12.8330,0.0000,-12.8344,0.0000,0.0000,0.000,0.000,,0.0,,,,,,,0,,0
10.8562,1790267686.354856,0.0205,0,,,0.000,,,0.0000,0.0000,0.0000,0.0000,0.0000,-13.0000,,,,CHO,0.0000,-12.8330,0.0000,-12.8344,0.0000,0.0000,0.000,0.000,,0.0,,,,,,,0,,0
10.8763,1790267686.374970,0.0201,0,,,0.000,,,0.0000,0.0000,0.0000,0.0000,0.0000,-13.0000,,,,CHO,0.0000,-12.8330,0.0000,-12.8344,0.0000,0.0000,0.000,0.000,,0.0,,,,,,,0,,0
10.8969,1790267686.395530,0.0206,0,,,0.000,,,0.0000,0.0000,0.0000,0.0000,0.0000,-13.0000,,,,CHO,0.0000,-12.8330,0.0000,-12.8344,0.0000,0.0000,0.000,0.000,,0.0,,,,,,,0,,0
10.9169,1790267686.415576,0.0200,0,,,0.000,,,0.0000,0.0000,0.0000,0.0000,0.0000,-13.0000,,,,CHO,0.0000,-12.8330,0.0000,-12.8344,0.0000,0.0000,0.000,0.000,,0.0,,,,,,,0,,0
10.9374,1790267686.435993,0.0204,0,,,0.000,,,0.0000,0.0000,0.0000,0.0000,0.0000,-13.0000,,,,CHO,0.0000,-12.8330,0.0000,-12.8344,0.0000,0.0000,0.000,0.000,,0.0,,,,,,,0,,0
10.9575,1790267686.456192,0.0202,0,,,0.000,,,0.0000,0.0000,0.0000,0.0000,0.0000,-13.0000,,,,CHO,0.0000,-12.8330,0.0000,-12.8344,0.0000,0.0000,0.000,0.000,,0.0,,,,,,,0,,0
10.9779,1790267686.476480,0.0203,0,,,0.000,,,0.0000,0.0000,0.0000,0.0000,0.0000,-13.0000,,,,CHO,0.0000,-12.8330,0.0000,-12.8344,0.0000,0.0000,0.000,0.000,,0.0,,,,,,,0,,0
10.9984,1790267686.497001,0.0205,0,,,0.000,,,0.0000,0.0000,0.0000,0.0000,0.0000,-13.0000,,,,CHO,0.0000,-12.8330,0.0000,-12.8344,0.0000,0.0000,0.000,0.000,,0.0,,,,,,,0,,0
11.0186,1790267686.517334,0.0203,0,,,0.000,,,0.0000,0.0000,0.0000,0.0000,0.0000,-13.0000,,,,CHO,0.0000,-12.8330,0.0000,-12.8344,0.0000,0.0000,0.000,0.000,,0.0,,,,,,,0,,0
11.0389,1790267686.537615,0.0203,0,,,0.000,,,0.0000,0.0000,0.0000,0.0000,0.0000,-13.0000,,,,CHO,0.0000,-12.8330,0.0000,-12.8344,0.0000,0.0000,0.000,0.000,,0.0,,,,,,,0,,0
11.0595,1790267686.558143,0.0206,0,,,0.000,,,0.0000,0.0000,0.0000,0.0000,0.0000,-13.0000,,,,CHO,0.0000,-12.8330,0.0000,-12.8344,0.0000,0.0000,0.000,0.000,,0.0,,,,,,,0,,0
11.0798,1790267686.578543,0.0203,0,,,0.000,,,0.0000,0.0000,0.0000,0.0000,0.0000,-13.0000,,,,CHO,0.0000,-12.8330,0.0000,-12.8344,0.0000,0.0000,0.000,0.000,,0.0,,,,,,,0,,0
11.0999,1790267686.598505,0.0201,0,,,0.000,,,0.0000,0.0000,0.0000,0.0000,0.0000,-13.0000,,,,CHO,0.0000,-12.8330,0.0000,-12.8344,0.0000,0.0000,0.000,0.000,,0.0,,,,,,,0,,0
11.1202,1790267686.618834,0.0203,0,,,0.000,,,0.0000,0.0000,0.0000,0.0000,0.0000,-13.0000,,,,CHO,0.0000,-12.8330,0.0000,-12.8344,0.0000,0.0000,0.000,0.000,,0.0,,,,,,,0,,0
11.1404,1790267686.639096,0.0201,0,,,0.000,,,0.0000,0.0000,0.0000,0.0000,0.0000,-13.0000,,,,CHO,0.0000,-12.8330,0.0000,-12.8344,0.0000,0.0000,0.000,0.000,,0.0,,,,,,,0,,0
11.1605,1790267686.659197,0.0201,0,,,0.000,,,0.0000,0.0000,0.0000,0.0000,0.0000,-13.0000,,,,CHO,0.0000,-12.8330,0.0000,-12.8344,0.0000,0.0000,0.000,0.000,,0.0,,,,,,,0,,0
11.1806,1790267686.679283,0.0201,0,,,0.000,,,0.0000,0.0000,0.0000,0.0000,0.0000,-13.0000,,,,CHO,0.0000,-12.8330,0.0000,-12.8344,0.0000,0.0000,0.000,0.000,,0.0,,,,,,,0,,0
11.2007,1790267686.699425,0.0201,0,,,0.000,,,0.0000,0.0000,0.0000,0.0000,0.0000,-13.0000,,,,CHO,0.0000,-12.8330,0.0000,-12.8344,0.0000,0.0000,0.000,0.000,,0.0,,,,,,,0,,0
11.2208,1790267686.719448,0.0201,0,,,0.000,,,0.0000,0.0000,0.0000,0.0000,0.0000,-13.0000,,,,CHO,0.0000,-12.8330,0.0000,-12.8344,0.0000,0.0000,0.000,0.000,,0.0,,,,,,,0,,0
11.2413,1790267686.739899,0.0205,0,,,0.000,,,0.0000,0.0000,0.0000,0.0000,0.0000,-13.0000,,,,CHO,0.0000,-12.8330,0.0000,-12.8344,0.0000,0.0000,0.000,0.000,,0.0,,,,,,,0,,0
11.2619,1790267686.760522,0.0207,0,,,0.000,,,0.0000,0.0000,0.0000,0.0000,0.0000,-13.0000,,,,CHO,0.0000,-12.8330,0.0000,-12.8344,0.0000,0.0000,0.000,0.000,,0.0,,,,,,,0,,0
11.2820,1790267686.780663,0.0201,0,,,0.000,,,0.0000,0.0000,0.0000,0.0000,0.0000,-13.0000,,,,CHO,0.0000,-12.8330,0.0000,-12.8344,0.0000,0.0000,0.000,0.000,,0.0,,,,,,,0,,0
11.3024,1790267686.801126,0.0204,0,,,0.000,,,0.0000,0.0000,0.0000,0.0000,0.0000,-13.0000,,,,CHO,0.0000,-12.8330,0.0000,-12.8344,0.0000,0.0000,0.000,0.000,,0.0,,,,,,,0,,0
11.3230,1790267686.821642,0.0205,0,,,0.000,,,0.0000,0.0000,0.0000,0.0000,0.0000,-13.0000,,,,CHO,0.0000,-12.8330,0.0000,-12.8344,0.0000,0.0000,0.000,0.000,,0.0,,,,,,,0,,0
11.3431,1790267686.841762,0.0201,0,,,0.000,,,0.0000,0.0000,0.0000,0.0000,0.0000,-13.0000,,,,CHO,0.0000,-12.8330,0.0000,-12.8344,0.0000,0.0000,0.000,0.000,,0.0,,,,,,,0,,0
11.3631,1790267686.861753,0.0200,0,,,0.000,,,0.0000,0.0000,0.0000,0.0000,0.0000,-13.0000,,,,CHO,0.0000,-12.8330,0.0000,-12.8344,0.0000,0.0000,0.000,0.000,,0.0,,,,,,,0,,0
11.3832,1790267686.881852,0.0201,0,,,0.000,,,0.0000,0.0000,0.0000,0.0000,0.0000,-13.0000,,,,CHO,0.0000,-12.8330,0.0000,-12.8344,0.0000,0.0000,0.000,0.000,,0.0,,,,,,,0,,0
11.4035,1790267686.902178,0.0203,0,,,0.000,,,0.0000,0.0000,0.0000,0.0000,0.0000,-13.0000,,,,CHO,0.0000,-12.8330,0.0000,-12.8344,0.0000,0.0000,0.000,0.000,,0.0,,,,,,,0,,0
11.4239,1790267686.922626,0.0205,0,,,0.000,,,0.0000,0.0000,0.0000,0.0000,0.0000,-13.0000,,,,CHO,0.0000,-12.8330,0.0000,-12.8344,0.0000,0.0000,0.000,0.000,,0.0,,,,,,,0,,0
11.4443,1790267686.942965,0.0203,0,,,0.000,,,0.0000,0.0000,0.0000,0.0000,0.0000,-13.0000,,,,CHO,0.0000,-12.8330,0.0000,-12.8344,0.0000,0.0000,0.000,0.000,,0.0,,,,,,,0,,0
11.4644,1790267686.963101,0.0202,0,,,0.000,,,0.0000,0.0000,0.0000,0.0000,0.0000,-13.0000,,,,CHO,0.0000,-12.8330,0.0000,-12.8344,0.0000,0.0000,0.000,0.000,,0.0,,,,,,,0,,0
11.4849,1790267686.983533,0.0204,0,,,0.000,,,0.0000,0.0000,0.0000,0.0000,0.0000,-13.0000,,,,CHO,0.0000,-12.8330,0.0000,-12.8344,0.0000,0.0000,0.000,0.000,,0.0,,,,,,,0,,0
11.5049,1790267687.003598,0.0200,0,,,0.000,,,0.0000,0.0000,0.0000,0.0000,0.0000,-13.0000,,,,CHO,0.0000,-12.8330,0.0000,-12.8344,0.0000,0.0000,0.000,0.000,,0.0,,,,,,,0,,0
11.5260,1790267687.024651,0.0210,0,,,0.000,,,0.0000,0.0000,0.0000,0.0000,0.0000,-13.0000,,,,CHO,0.0000,-12.8330,0.0000,-12.8344,0.0000,0.0000,0.000,0.000,,0.0,,,,,,,0,,0
11.5464,1790267687.044662,0.0205,0,,,0.000,,,0.0000,0.0000,0.0000,0.0000,0.0000,-13.0000,,,,CHO,0.0000,-12.8330,0.0000,-12.8344,0.0000,0.0000,0.000,0.000,,0.0,,,,,,,0,,0
11.5667,1790267687.065297,0.0202,0,,,0.000,,,0.0000,0.0000,0.0000,0.0000,0.0000,-13.0000,,,,CHO,0.0000,-12.8330,0.0000,-12.8344,0.0000,0.0000,0.000,0.000,,0.0,,,,,,,0,,0
11.5870,1790267687.085674,0.0203,0,,,0.000,,,0.0000,0.0000,0.0000,0.0000,0.0000,-13.0000,,,,CHO,0.0000,-12.8330,0.0000,-12.8344,0.0000,0.0000,0.000,0.000,,0.0,,,,,,,0,,0
11.6074,1790267687.106091,0.0204,0,,,0.000,,,0.0000,0.0000,0.0000,0.0000,0.0000,-13.0000,,,,CHO,0.0000,-12.8330,0.0000,-12.8344,0.0000,0.0000,0.000,0.000,,0.0,,,,,,,0,,0
11.6278,1790267687.126392,0.0204,0,,,0.000,,,0.0000,0.0000,0.0000,0.0000,0.0000,-13.0000,,,,CHO,0.0000,-12.8330,0.0000,-12.8344,0.0000,0.0000,0.000,0.000,,0.0,,,,,,,0,,0
11.6480,1790267687.146693,0.0202,0,,,0.000,,,0.0000,0.0000,0.0000,0.0000,0.0000,-13.0000,,,,CHO,0.0000,-12.8330,0.0000,-12.8344,0.0000,0.0000,0.000,0.000,,0.0,,,,,,,0,,0
11.6682,1790267687.166655,0.0202,0,,,0.000,,,0.0000,0.0000,0.0000,0.0000,0.0000,-13.0000,,,,CHO,0.0000,-12.8330,0.0000,-12.8344,0.0000,0.0000,0.000,0.000,,0.0,,,,,,,0,,0
11.6888,1790267687.187439,0.0206,0,,,0.000,,,0.0000,0.0000,0.0000,0.0000,0.0000,-13.0000,,,,CHO,0.0000,-12.8330,0.0000,-12.8344,0.0000,0.0000,0.000,0.000,,0.0,,,,,,,0,,0
11.7094,1790267687.207849,0.0206,0,,,0.000,,,0.0000,0.0000,0.0000,0.0000,0.0000,-13.0000,,,,CHO,0.0000,-12.8330,0.0000,-12.8344,0.0000,0.0000,0.000,0.000,,0.0,,,,,,,0,,0
11.7295,1790267687.228122,0.0201,0,,,0.000,,,0.0000,0.0000,0.0000,0.0000,0.0000,-13.0000,,,,CHO,0.0000,-12.8330,0.0000,-12.8344,0.0000,0.0000,0.000,0.000,,0.0,,,,,,,0,,0
11.7498,1790267687.248411,0.0203,0,,,0.000,,,0.0000,0.0000,0.0000,0.0000,0.0000,-13.0000,,,,CHO,0.0000,-12.8330,0.0000,-12.8344,0.0000,0.0000,0.000,0.000,,0.0,,,,,,,0,,0
11.7702,1790267687.268770,0.0204,0,,,0.000,,,0.0000,0.0000,0.0000,0.0000,0.0000,-13.0000,,,,CHO,0.0000,-12.8330,0.0000,-12.8344,0.0000,0.0000,0.000,0.000,,0.0,,,,,,,0,,0
11.7907,1790267687.289319,0.0205,0,,,0.000,,,0.0000,0.0000,0.0000,0.0000,0.0000,-13.0000,,,,CHO,0.0000,-12.8330,0.0000,-12.8344,0.0000,0.0000,0.000,0.000,,0.0,,,,,,,0,,0
11.8111,1790267687.309775,0.0204,0,,,0.000,,,0.0000,0.0000,0.0000,0.0000,0.0000,-13.0000,,,,CHO,0.0000,-12.8330,0.0000,-12.8344,0.0000,0.0000,0.000,0.000,,0.0,,,,,,,0,,0
11.8314,1790267687.330001,0.0203,0,,,0.000,,,0.0000,0.0000,0.0000,0.0000,0.0000,-13.0000,,,,CHO,0.0000,-12.8330,0.0000,-12.8344,0.0000,0.0000,0.000,0.000,,0.0,,,,,,,0,,0
11.8518,1790267687.350516,0.0204,0,,,0.000,,,0.0000,0.0000,0.0000,0.0000,0.0000,-13.0000,,,,CHO,0.0000,-12.8330,0.0000,-12.8344,0.0000,0.0000,0.000,0.000,,0.0,,,,,,,0,,0
11.8720,1790267687.370704,0.0202,0,,,0.000,,,0.0000,0.0000,0.0000,0.0000,0.0000,-13.0000,,,,CHO,0.0000,-12.8330,0.0000,-12.8344,0.0000,0.0000,0.000,0.000,,0.0,,,,,,,0,,0
11.8921,1790267687.390792,0.0201,0,,,0.000,,,0.0000,0.0000,0.0000,0.0000,0.0000,-13.0000,,,,CHO,0.0000,-12.8330,0.0000,-12.8344,0.0000,0.0000,0.000,0.000,,0.0,,,,,,,0,,0
11.9126,1790267687.411182,0.0205,0,,,0.000,,,0.0000,0.0000,0.0000,0.0000,0.0000,-13.0000,,,,CHO,0.0000,-12.8330,0.0000,-12.8344,0.0000,0.0000,0.000,0.000,,0.0,,,,,,,0,,0
11.9329,1790267687.431555,0.0202,0,,,0.000,,,0.0000,0.0000,0.0000,0.0000,0.0000,-13.0000,,,,CHO,0.0000,-12.8330,0.0000,-12.8344,0.0000,0.0000,0.000,0.000,,0.0,,,,,,,0,,0
11.9529,1790267687.451405,0.0200,0,,,0.000,,,0.0000,0.0000,0.0000,0.0000,0.0000,-13.0000,,,,CHO,0.0000,-12.8330,0.0000,-12.8344,0.0000,0.0000,0.000,0.000,,0.0,,,,,,,0,,0
11.9733,1790267687.472011,0.0204,0,,,0.000,,,0.0000,0.0000,0.0000,0.0000,0.0000,-13.0000,,,,CHO,0.0000,-12.8330,0.0000,-12.8344,0.0000,0.0000,0.000,0.000,,0.0,,,,,,,0,,0
11.9938,1790267687.492527,0.0205,0,,,0.000,,,0.0000,0.0000,0.0000,0.0000,0.0000,-13.0000,,,,CHO,0.0000,-12.8330,0.0000,-12.8344,0.0000,0.0000,0.000,0.000,,0.0,,,,,,,0,,0
12.0138,1790267687.512709,0.0200,0,,,0.000,,,0.0000,0.0000,0.0000,0.0000,0.0000,-13.0000,,,,CHO,0.0000,-12.8330,0.0000,-12.8344,0.0000,0.0000,0.000,0.000,,0.0,,,,,,,0,,0
12.0342,1790267687.532914,0.0204,0,,,0.000,,,0.0000,0.0000,0.0000,0.0000,0.0000,-13.0000,,,,CHO,0.0000,-12.8330,0.0000,-12.8344,0.0000,0.0000,0.000,0.000,,0.0,,,,,,,0,,0
12.0544,1790267687.553060,0.0201,0,,,0.000,,,0.0000,0.0000,0.0000,0.0000,0.0000,-13.0000,,,,CHO,0.0000,-12.8330,0.0000,-12.8344,0.0000,0.0000,0.000,0.000,,0.0,,,,,,,0,,0
12.0765,1790267687.575010,0.0221,0,,,0.000,,,0.0000,0.0000,0.0000,0.0000,0.0000,-13.0000,,,,CHO,0.0000,-12.8330,0.0000,-12.8344,0.0000,0.0000,0.000,0.000,,0.0,,,,,,,0,,0
12.0966,1790267687.595281,0.0201,0,,,0.000,,,0.0000,0.0000,0.0000,0.0000,0.0000,-13.0000,,,,CHO,0.0000,-12.8330,0.0000,-12.8344,0.0000,0.0000,0.000,0.000,,0.0,,,,,,,0,,0
12.1167,1790267687.615329,0.0201,0,,,0.000,,,0.0000,0.0000,0.0000,0.0000,0.0000,-13.0000,,,,CHO,0.0000,-12.8330,0.0000,-12.8344,0.0000,0.0000,0.000,0.000,,0.0,,,,,,,0,,0
12.1370,1790267687.635605,0.0203,0,,,0.000,,,0.0000,0.0000,0.0000,0.0000,0.0000,-13.0000,,,,CHO,0.0000,-12.8330,0.0000,-12.8344,0.0000,0.0000,0.000,0.000,,0.0,,,,,,,0,,0
12.1575,1790267687.656210,0.0205,0,,,0.000,,,0.0000,0.0000,0.0000,0.0000,0.0000,-13.0000,,,,CHO,0.0000,-12.8330,0.0000,-12.8344,0.0000,0.0000,0.000,0.000,,0.0,,,,,,,0,,0
12.1776,1790267687.676239,0.0201,0,,,0.000,,,0.0000,0.0000,0.0000,0.0000,0.0000,-13.0000,,,,CHO,0.0000,-12.8330,0.0000,-12.8344,0.0000,0.0000,0.000,0.000,,0.0,,,,,,,0,,0
12.1980,1790267687.696635,0.0203,0,,,0.000,,,0.0000,0.0000,0.0000,0.0000,0.0000,-13.0000,,,,CHO,0.0000,-12.8330,0.0000,-12.8344,0.0000,0.0000,0.000,0.000,,0.0,,,,,,,0,,0
12.2181,1790267687.716782,0.0201,0,,,0.000,,,0.0000,0.0000,0.0000,0.0000,0.0000,-13.0000,,,,CHO,0.0000,-12.8330,0.0000,-12.8344,0.0000,0.0000,0.000,0.000,,0.0,,,,,,,0,,0
12.2382,1790267687.736840,0.0201,0,,,0.000,,,0.0000,0.0000,0.0000,0.0000,0.0000,-13.0000,,,,CHO,0.0000,-12.8330,0.0000,-12.8344,0.0000,0.0000,0.000,0.000,,0.0,,,,,,,0,,0
12.2586,1790267687.757291,0.0204,0,,,0.000,,,0.0000,0.0000,0.0000,0.0000,0.0000,-13.0000,,,,CHO,0.0000,-12.8330,0.0000,-12.8344,0.0000,0.0000,0.000,0.000,,0.0,,,,,,,0,,0
12.2790,1790267687.777663,0.0204,0,,,0.000,,,0.0000,0.0000,0.0000,0.0000,0.0000,-13.0000,,,,CHO,0.0000,-12.8330,0.0000,-12.8344,0.0000,0.0000,0.000,0.000,,0.0,,,,,,,0,,0
12.2990,1790267687.797526,0.0200,0,,,0.000,,,0.0000,0.0000,0.0000,0.0000,0.0000,-13.0000,,,,CHO,0.0000,-12.8330,0.0000,-12.8344,0.0000,0.0000,0.000,0.000,,0.0,,,,,,,0,,0
12.3195,1790267687.818129,0.0205,0,,,0.000,,,0.0000,0.0000,0.0000,0.0000,0.0000,-13.0000,,,,CHO,0.0000,-12.8330,0.0000,-12.8344,0.0000,0.0000,0.000,0.000,,0.0,,,,,,,0,,0
12.3396,1790267687.838238,0.0201,0,,,0.000,,,0.0000,0.0000,0.0000,0.0000,0.0000,-13.0000,,,,CHO,0.0000,-12.8330,0.0000,-12.8344,0.0000,0.0000,0.000,0.000,,0.0,,,,,,,0,,0
12.3611,1790267687.859649,0.0215,0,,,0.000,,,0.0000,0.0000,0.0000,0.0000,0.0000,-13.0000,,,,CHO,0.0000,-12.8330,0.0000,-12.8344,0.0000,0.0000,0.000,0.000,,0.0,,,,,,,0,,0
12.3814,1790267687.880053,0.0203,0,,,0.000,,,0.0000,0.0000,0.0000,0.0000,0.0000,-13.0000,,,,CHO,0.0000,-12.8330,0.0000,-12.8344,0.0000,0.0000,0.000,0.000,,0.0,,,,,,,0,,0
12.4015,1790267687.900091,0.0201,0,,,0.000,,,0.0000,0.0000,0.0000,0.0000,0.0000,-13.0000,,,,CHO,0.0000,-12.8330,0.0000,-12.8344,0.0000,0.0000,0.000,0.000,,0.0,,,,,,,0,,0
12.4216,1790267687.920274,0.0201,0,,,0.000,,,0.0000,0.0000,0.0000,0.0000,0.0000,-13.0000,,,,CHO,0.0000,-12.8330,0.0000,-12.8344,0.0000,0.0000,0.000,0.000,,0.0,,,,,,,0,,0
12.4421,1790267687.940825,0.0206,0,,,0.000,,,0.0000,0.0000,0.0000,0.0000,0.0000,-13.0000,,,,CHO,0.0000,-12.8330,0.0000,-12.8344,0.0000,0.0000,0.000,0.000,,0.0,,,,,,,0,,0
12.4626,1790267687.961221,0.0204,0,,,0.000,,,0.0000,0.0000,0.0000,0.0000,0.0000,-13.0000,,,,CHO,0.0000,-12.8330,0.0000,-12.8344,0.0000,0.0000,0.000,0.000,,0.0,,,,,,,0,,0
12.4830,1790267687.981591,0.0204,0,,,0.000,,,0.0000,0.0000,0.0000,0.0000,0.0000,-13.0000,,,,CHO,0.0000,-12.8330,0.0000,-12.8344,0.0000,0.0000,0.000,0.000,,0.0,,,,,,,0,,0
12.5032,1790267688.001714,0.0202,0,,,0.000,,,0.0000,0.0000,0.0000,0.0000,0.0000,-13.0000,,,,CHO,0.0000,-12.8330,0.0000,-12.8344,0.0000,0.0000,0.000,0.000,,0.0,,,,,,,0,,0
12.5232,1790267688.021889,0.0200,0,,,0.000,,,0.0000,0.0000,0.0000,0.0000,0.0000,-13.0000,,,,CHO,0.0000,-12.8330,0.0000,-12.8344,0.0000,0.0000,0.000,0.000,,0.0,,,,,,,0,,0
12.5435,1790267688.042176,0.0203,0,,,0.000,,,0.0000,0.0000,0.0000,0.0000,0.0000,-13.0000,,,,CHO,0.0000,-12.8330,0.0000,-12.8344,0.0000,0.0000,0.000,0.000,,0.0,,,,,,,0,,0
12.5667,1790267688.065377,0.0232,0,,,0.000,,,0.0000,0.0000,0.0000,0.0000,0.0000,-13.0000,,,,CHO,0.0000,-12.8330,0.0000,-12.8344,0.0000,0.0000,0.000,0.000,,0.0,,,,,,,0,,0
12.5883,1790267688.086855,0.0215,0,,,0.000,,,0.0000,0.0000,0.0000,0.0000,0.0000,-13.0000,,,,CHO,0.0000,-12.8330,0.0000,-12.8344,0.0000,0.0000,0.000,0.000,,0.0,,,,,,,0,,0
12.6087,1790267688.107265,0.0204,0,,,0.000,,,0.0000,0.0000,0.0000,0.0000,0.0000,-13.0000,,,,CHO,0.0000,-12.8330,0.0000,-12.8344,0.0000,0.0000,0.000,0.000,,0.0,,,,,,,0,,0
12.6288,1790267688.127383,0.0201,0,,,0.000,,,0.0000,0.0000,0.0000,0.0000,0.0000,-13.0000,,,,CHO,0.0000,-12.8330,0.0000,-12.8344,0.0000,0.0000,0.000,0.000,,0.0,,,,,,,0,,0
12.6505,1790267688.148981,0.0217,0,,,0.000,,,0.0000,0.0000,0.0000,0.0000,0.0000,-13.0000,,,,CHO,0.0000,-12.8330,0.0000,-12.8344,0.0000,0.0000,0.000,0.000,,0.0,,,,,,,0,,0
12.6712,1790267688.169812,0.0207,0,,,0.000,,,0.0000,0.0000,0.0000,0.0000,0.0000,-13.0000,,,,CHO,0.0000,-12.8330,0.0000,-12.8344,0.0000,0.0000,0.000,0.000,,0.0,,,,,,,0,,0
12.6913,1790267688.189903,0.0201,0,,,0.000,,,0.0000,0.0000,0.0000,0.0000,0.0000,-13.0000,,,,CHO,0.0000,-12.8330,0.0000,-12.8344,0.0000,0.0000,0.000,0.000,,0.0,,,,,,,0,,0
12.7160,1790267688.214415,0.0247,0,,,0.000,,,0.0000,0.0000,0.0000,0.0000,0.0000,-13.0000,,,,CHO,0.0000,-12.8330,0.0000,-12.8344,0.0000,0.0000,0.000,0.000,,0.0,,,,,,,0,,0
12.7378,1790267688.236374,0.0218,0,,,0.000,,,0.0000,0.0000,0.0000,0.0000,0.0000,-13.0000,,,,CHO,0.0000,-12.8330,0.0000,-12.8344,0.0000,0.0000,0.000,0.000,,0.0,,,,,,,0,,0
12.7640,1790267688.262450,0.0262,0,,,0.000,,,0.0000,0.0000,0.0000,0.0000,0.0000,-13.0000,,,,CHO,0.0000,-12.8330,0.0000,-12.8344,0.0000,0.0000,0.000,0.000,,0.0,,,,,,,0,,0
12.7842,1790267688.282912,0.0203,0,,,0.000,,,0.0000,0.0000,0.0000,0.0000,0.0000,-13.0000,,,,CHO,0.0000,-12.8330,0.0000,-12.8344,0.0000,0.0000,0.000,0.000,,0.0,,,,,,,0,,0
12.8045,1790267688.303184,0.0203,0,,,0.000,,,0.0000,0.0000,0.0000,0.0000,0.0000,-13.0000,,,,CHO,0.0000,-12.8330,0.0000,-12.8344,0.0000,0.0000,0.000,0.000,,0.0,,,,,,,0,,0
12.8247,1790267688.323328,0.0202,0,,,0.000,,,0.0000,0.0000,0.0000,0.0000,0.0000,-13.0000,,,,CHO,0.0000,-12.8330,0.0000,-12.8344,0.0000,0.0000,0.000,0.000,,0.0,,,,,,,0,,0
12.8452,1790267688.343805,0.0205,0,,,0.000,,,0.0000,0.0000,0.0000,0.0000,0.0000,-13.0000,,,,CHO,0.0000,-12.8330,0.0000,-12.8344,0.0000,0.0000,0.000,0.000,,0.0,,,,,,,0,,0
12.8657,1790267688.364407,0.0205,0,,,0.000,,,0.0000,0.0000,0.0000,0.0000,0.0000,-13.0000,,,,CHO,0.0000,-12.8330,0.0000,-12.8344,0.0000,0.0000,0.000,0.000,,0.0,,,,,,,0,,0
12.8882,1790267688.386758,0.0225,0,,,0.000,,,0.0000,0.0000,0.0000,0.0000,0.0000,-13.0000,,,,CHO,0.0000,-12.8330,0.0000,-12.8344,0.0000,0.0000,0.000,0.000,,0.0,,,,,,,0,,0
12.9083,1790267688.406942,0.0201,0,,,0.000,,,0.0000,0.0000,0.0000,0.0000,0.0000,-13.0000,,,,CHO,0.0000,-12.8330,0.0000,-12.8344,0.0000,0.0000,0.000,0.000,,0.0,,,,,,,0,,0
12.9285,1790267688.427725,0.0203,0,,,0.000,,,0.0000,0.0000,0.0000,0.0000,0.0000,-13.0000,,,,CHO,0.0000,-12.8330,0.0000,-12.8344,0.0000,0.0000,0.000,0.000,,0.0,,,,,,,0,,0
12.9486,1790267688.447270,0.0200,0,,,0.000,,,0.0000,0.0000,0.0000,0.0000,0.0000,-13.0000,,,,CHO,0.0000,-12.8330,0.0000,-12.8344,0.0000,0.0000,0.000,0.000,,0.0,,,,,,,0,,0
12.9688,1790267688.467479,0.0202,0,,,0.000,,,0.0000,0.0000,0.0000,0.0000,0.0000,-13.0000,,,,CHO,0.0000,-12.8330,0.0000,-12.8344,0.0000,0.0000,0.000,0.000,,0.0,,,,,,,0,,0
12.9891,1790267688.487831,0.0203,0,,,0.000,,,0.0000,0.0000,0.0000,0.0000,0.0000,-13.0000,,,,CHO,0.0000,-12.8330,0.0000,-12.8344,0.0000,0.0000,0.000,0.000,,0.0,,,,,,,0,,0
13.0101,1790267688.508830,0.0210,0,,,0.000,,,0.0000,0.0000,0.0000,0.0000,0.0000,-13.0000,,,,CHO,0.0000,-12.8330,0.0000,-12.8344,0.0000,0.0000,0.000,0.000,,0.0,,,,,,,0,,0
13.0335,1790267688.532133,0.0234,0,,,0.000,,,0.0000,0.0000,0.0000,0.0000,0.0000,-13.0000,,,,CHO,0.0000,-12.8330,0.0000,-12.8344,0.0000,0.0000,0.000,0.000,,0.0,,,,,,,0,,0
13.0537,1790267688.552390,0.0202,0,,,0.000,,,0.0000,0.0000,0.0000,0.0000,0.0000,-13.0000,,,,CHO,0.0000,-12.8330,0.0000,-12.8344,0.0000,0.0000,0.000,0.000,,0.0,,,,,,,0,,0
13.0741,1790267688.572781,0.0204,0,,,0.000,,,0.0000,0.0000,0.0000,0.0000,0.0000,-13.0000,,,,CHO,0.0000,-12.8330,0.0000,-12.8344,0.0000,0.0000,0.000,0.000,,0.0,,,,,,,0,,0
13.0956,1790267688.593705,0.0215,0,,,0.000,,,0.0000,0.0000,0.0000,0.0000,0.0000,-13.0000,,,,CHO,0.0000,-12.8330,0.0000,-12.8344,0.0000,0.0000,0.000,0.000,,0.0,,,,,,,0,,0
13.1158,1790267688.614393,0.0202,0,,,0.000,,,0.0000,0.0000,0.0000,0.0000,0.0000,-13.0000,,,,CHO,0.0000,-12.8330,0.0000,-12.8344,0.0000,0.0000,0.000,0.000,,0.0,,,,,,,0,,0
13.1360,1790267688.634639,0.0202,0,,,0.000,,,0.0000,0.0000,0.0000,0.0000,0.0000,-13.0000,,,,CHO,0.0000,-12.8330,0.0000,-12.8344,0.0000,0.0000,0.000,0.000,,0.0,,,,,,,0,,0
13.1562,1790267688.654788,0.0202,0,,,0.000,,,0.0000,0.0000,0.0000,0.0000,0.0000,-13.0000,,,,CHO,0.0000,-12.8330,0.0000,-12.8344,0.0000,0.0000,0.000,0.000,,0.0,,,,,,,0,,0
13.1765,1790267688.675212,0.0203,0,,,0.000,,,0.0000,0.0000,0.0000,0.0000,0.0000,-13.0000,,,,CHO,0.0000,-12.8330,0.0000,-12.8344,0.0000,0.0000,0.000,0.000,,0.0,,,,,,,0,,0
13.1971,1790267688.695759,0.0206,0,,,0.000,,,0.0000,0.0000,0.0000,0.0000,0.0000,-13.0000,,,,CHO,0.0000,-12.8330,0.0000,-12.8344,0.0000,0.0000,0.000,0.000,,0.0,,,,,,,0,,0
13.2174,1790267688.716144,0.0203,0,,,0.000,,,0.0000,0.0000,0.0000,0.0000,0.0000,-13.0000,,,,CHO,0.0000,-12.8330,0.0000,-12.8344,0.0000,0.0000,0.000,0.000,,0.0,,,,,,,0,,0
13.2375,1790267688.736190,0.0200,0,,,0.000,,,0.0000,0.0000,0.0000,0.0000,0.0000,-13.0000,,,,CHO,0.0000,-12.8330,0.0000,-12.8344,0.0000,0.0000,0.000,0.000,,0.0,,,,,,,0,,0
13.2578,1790267688.756555,0.0204,0,,,0.000,,,0.0000,0.0000,0.0000,0.0000,0.0000,-13.0000,,,,CHO,0.0000,-12.8330,0.0000,-12.8344,0.0000,0.0000,0.000,0.000,,0.0,,,,,,,0,,0
13.2779,1790267688.776515,0.0200,0,,,0.000,,,0.0000,0.0000,0.0000,0.0000,0.0000,-13.0000,,,,CHO,0.0000,-12.8330,0.0000,-12.8344,0.0000,0.0000,0.000,0.000,,0.0,,,,,,,0,,0
13.2981,1790267688.796768,0.0202,0,,,0.000,,,0.0000,0.0000,0.0000,0.0000,0.0000,-13.0000,,,,CHO,0.0000,-12.8330,0.0000,-12.8344,0.0000,0.0000,0.000,0.000,,0.0,,,,,,,0,,0
13.3186,1790267688.817331,0.0205,0,,,0.000,,,0.0000,0.0000,0.0000,0.0000,0.0000,-13.0000,,,,CHO,0.0000,-12.8330,0.0000,-12.8344,0.0000,0.0000,0.000,0.000,,0.0,,,,,,,0,,0
13.3390,1790267688.837733,0.0204,0,,,0.000,,,0.0000,0.0000,0.0000,0.0000,0.0000,-13.0000,,,,CHO,0.0000,-12.8330,0.0000,-12.8344,0.0000,0.0000,0.000,0.000,,0.0,,,,,,,0,,0
13.3592,1790267688.857893,0.0202,0,,,0.000,,,0.0000,0.0000,0.0000,0.0000,0.0000,-13.0000,,,,CHO,0.0000,-12.8330,0.0000,-12.8344,0.0000,0.0000,0.000,0.000,,0.0,,,,,,,0,,0
13.3793,1790267688.878005,0.0202,0,,,0.000,,,0.0000,0.0000,0.0000,0.0000,0.0000,-13.0000,,,,CHO,0.0000,-12.8330,0.0000,-12.8344,0.0000,0.0000,0.000,0.000,,0.0,,,,,,,0,,0
13.4040,1790267688.902865,0.0246,0,,,0.000,,,0.0000,0.0000,0.0000,0.0000,0.0000,-13.0000,,,,CHO,0.0000,-12.8330,0.0000,-12.8344,0.0000,0.0000,0.000,0.000,,0.0,,,,,,,0,,0
13.4242,1790267688.922936,0.0203,0,,,0.000,,,0.0000,0.0000,0.0000,0.0000,0.0000,-13.0000,,,,CHO,0.0000,-12.8330,0.0000,-12.8344,0.0000,0.0000,0.000,0.000,,0.0,,,,,,,0,,0
13.4503,1790267688.948815,0.0261,0,,,0.000,,,0.0000,0.0000,0.0000,0.0000,0.0000,-13.0000,,,,CHO,0.0000,-12.8330,0.0000,-12.8344,0.0000,0.0000,0.000,0.000,,0.0,,,,,,,0,,0
13.4709,1790267688.969550,0.0205,0,,,0.000,,,0.0000,0.0000,0.0000,0.0000,0.0000,-13.0000,,,,CHO,0.0000,-12.8330,0.0000,-12.8344,0.0000,0.0000,0.000,0.000,,0.0,,,,,,,0,,0
13.4914,1790267688.990090,0.0205,0,,,0.000,,,0.0000,0.0000,0.0000,0.0000,0.0000,-13.0000,,,,CHO,0.0000,-12.8330,0.0000,-12.8344,0.0000,0.0000,0.000,0.000,,0.0,,,,,,,0,,0
13.5122,1790267689.011434,0.0208,0,,,0.000,,,0.0000,0.0000,0.0000,0.0000,0.0000,-13.0000,,,,CHO,0.0000,-12.8330,0.0000,-12.8344,0.0000,0.0000,0.000,0.000,,0.0,,,,,,,0,,0
13.5329,1790267689.031481,0.0206,0,,,0.000,,,0.0000,0.0000,0.0000,0.0000,0.0000,-13.0000,,,,CHO,0.0000,-12.8330,0.0000,-12.8344,0.0000,0.0000,0.000,0.000,,0.0,,,,,,,0,,0
13.5534,1790267689.052075,0.0205,0,,,0.000,,,0.0000,0.0000,0.0000,0.0000,0.0000,-13.0000,,,,CHO,0.0000,-12.8330,0.0000,-12.8344,0.0000,0.0000,0.000,0.000,,0.0,,,,,,,0,,0
13.5739,1790267689.072404,0.0205,0,,,0.000,,,0.0000,0.0000,0.0000,0.0000,0.0000,-13.0000,,,,CHO,0.0000,-12.8330,0.0000,-12.8344,0.0000,0.0000,0.000,0.000,,0.0,,,,,,,0,,0
13.5943,1790267689.092998,0.0204,0,,,0.000,,,0.0000,0.0000,0.0000,0.0000,0.0000,-13.0000,,,,CHO,0.0000,-12.8330,0.0000,-12.8344,0.0000,0.0000,0.000,0.000,,0.0,,,,,,,0,,0
13.6149,1790267689.113583,0.0206,0,,,0.000,,,0.0000,0.0000,0.0000,0.0000,0.0000,-13.0000,,,,CHO,0.0000,-12.8330,0.0000,-12.8344,0.0000,0.0000,0.000,0.000,,0.0,,,,,,,0,,0
13.6371,1790267689.135617,0.0222,0,,,0.000,,,0.0000,0.0000,0.0000,0.0000,0.0000,-13.0000,,,,CHO,0.0000,-12.8330,0.0000,-12.8344,0.0000,0.0000,0.000,0.000,,0.0,,,,,,,0,,0
13.6578,1790267689.156331,0.0207,0,,,0.000,,,0.0000,0.0000,0.0000,0.0000,0.0000,-13.0000,,,,CHO,0.0000,-12.8330,0.0000,-12.8344,0.0000,0.0000,0.000,0.000,,0.0,,,,,,,0,,0
13.6780,1790267689.176619,0.0202,0,,,0.000,,,0.0000,0.0000,0.0000,0.0000,0.0000,-13.0000,,,,CHO,0.0000,-12.8330,0.0000,-12.8344,0.0000,0.0000,0.000,0.000,,0.0,,,,,,,0,,0
13.6988,1790267689.197353,0.0208,0,,,0.000,,,0.0000,0.0000,0.0000,0.0000,0.0000,-13.0000,,,,CHO,0.0000,-12.8330,0.0000,-12.8344,0.0000,0.0000,0.000,0.000,,0.0,,,,,,,0,,0
13.7191,1790267689.217816,0.0203,0,,,0.000,,,0.0000,0.0000,0.0000,0.0000,0.0000,-13.0000,,,,CHO,0.0000,-12.8330,0.0000,-12.8344,0.0000,0.0000,0.000,0.000,,0.0,,,,,,,0,,0
13.7400,1790267689.238583,0.0208,0,,,0.000,,,0.0000,0.0000,0.0000,0.0000,0.0000,-13.0000,,,,CHO,0.0000,-12.8330,0.0000,-12.8344,0.0000,0.0000,0.000,0.000,,0.0,,,,,,,0,,0
13.7602,1790267689.258823,0.0202,0,,,0.000,,,0.0000,0.0000,0.0000,0.0000,0.0000,-13.0000,,,,CHO,0.0000,-12.8330,0.0000,-12.8344,0.0000,0.0000,0.000,0.000,,0.0,,,,,,,0,,0
13.7805,1790267689.279174,0.0203,0,,,0.000,,,0.0000,0.0000,0.0000,0.0000,0.0000,-13.0000,,,,CHO,0.0000,-12.8330,0.0000,-12.8344,0.0000,0.0000,0.000,0.000,,0.0,,,,,,,0,,0
13.8005,1790267689.299174,0.0200,0,,,0.000,,,0.0000,0.0000,0.0000,0.0000,0.0000,-13.0000,,,,CHO,0.0000,-12.8330,0.0000,-12.8344,0.0000,0.0000,0.000,0.000,,0.0,,,,,,,0,,0
13.8232,1790267689.321715,0.0227,0,,,0.000,,,0.0000,0.0000,0.0000,0.0000,0.0000,-13.0000,,,,CHO,0.0000,-12.8330,0.0000,-12.8344,0.0000,0.0000,0.000,0.000,,0.0,,,,,,,0,,0
13.8435,1790267689.342143,0.0203,0,,,0.000,,,0.0000,0.0000,0.0000,0.0000,0.0000,-13.0000,,,,CHO,0.0000,-12.8330,0.0000,-12.8344,0.0000,0.0000,0.000,0.000,,0.0,,,,,,,0,,0
13.8641,1790267689.362777,0.0206,0,,,0.000,,,0.0000,0.0000,0.0000,0.0000,0.0000,-13.0000,,,,CHO,0.0000,-12.8330,0.0000,-12.8344,0.0000,0.0000,0.000,0.000,,0.0,,,,,,,0,,0
13.8844,1790267689.383038,0.0203,0,,,0.000,,,0.0000,0.0000,0.0000,0.0000,0.0000,-13.0000,,,,CHO,0.0000,-12.8330,0.0000,-12.8344,0.0000,0.0000,0.000,0.000,,0.0,,,,,,,0,,0
13.9103,1790267689.408638,0.0259,0,,,0.000,,,0.0000,0.0000,0.0000,0.0000,0.0000,-13.0000,,,,CHO,0.0000,-12.8330,0.0000,-12.8344,0.0000,0.0000,0.000,0.000,,0.0,,,,,,,0,,0
13.9306,1790267689.429228,0.0203,0,,,0.000,,,0.0000,0.0000,0.0000,0.0000,0.0000,-13.0000,,,,CHO,0.0000,-12.8330,0.0000,-12.8344,0.0000,0.0000,0.000,0.000,,0.0,,,,,,,0,,0
13.9508,1790267689.449514,0.0203,0,,,0.000,,,0.0000,0.0000,0.0000,0.0000,0.0000,-13.0000,,,,CHO,0.0000,-12.8330,0.0000,-12.8344,0.0000,0.0000,0.000,0.000,,0.0,,,,,,,0,,0
13.9715,1790267689.470018,0.0206,0,,,0.000,,,0.0000,0.0000,0.0000,0.0000,0.0000,-13.0000,,,,CHO,0.0000,-12.8330,0.0000,-12.8344,0.0000,0.0000,0.000,0.000,,0.0,,,,,,,0,,0
13.9915,1790267689.490137,0.0201,0,,,0.000,,,0.0000,0.0000,0.0000,0.0000,0.0000,-13.0000,,,,CHO,0.0000,-12.8330,0.0000,-12.8344,0.0000,0.0000,0.000,0.000,,0.0,,,,,,,0,,0
14.0117,1790267689.510360,0.0202,0,,,0.000,,,0.0000,0.0000,0.0000,0.0000,0.0000,-13.0000,,,,CHO,0.0000,-12.8330,0.0000,-12.8344,0.0000,0.0000,0.000,0.000,,0.0,,,,,,,0,,0
14.0319,1790267689.530623,0.0202,0,,,0.000,,,0.0000,0.0000,0.0000,0.0000,0.0000,-13.0000,,,,CHO,0.0000,-12.8330,0.0000,-12.8344,0.0000,0.0000,0.000,0.000,,0.0,,,,,,,0,,0
14.0523,1790267689.550973,0.0204,0,,,0.000,,,0.0000,0.0000,0.0000,0.0000,0.0000,-13.0000,,,,CHO,0.0000,-12.8330,0.0000,-12.8344,0.0000,0.0000,0.000,0.000,,0.0,,,,,,,0,,0
14.0729,1790267689.571493,0.0206,0,,,0.000,,,0.0000,0.0000,0.0000,0.0000,0.0000,-13.0000,,,,CHO,0.0000,-12.8330,0.0000,-12.8344,0.0000,0.0000,0.000,0.000,,0.0,,,,,,,0,,0
14.0932,1790267689.591875,0.0203,0,,,0.000,,,0.0000,0.0000,0.0000,0.0000,0.0000,-13.0000,,,,CHO,0.0000,-12.8330,0.0000,-12.8344,0.0000,0.0000,0.000,0.000,,0.0,,,,,,,0,,0
14.1136,1790267689.612186,0.0204,0,,,0.000,,,0.0000,0.0000,0.0000,0.0000,0.0000,-13.0000,,,,CHO,0.0000,-12.8330,0.0000,-12.8344,0.0000,0.0000,0.000,0.000,,0.0,,,,,,,0,,0
14.1340,1790267689.632718,0.0204,0,,,0.000,,,0.0000,0.0000,0.0000,0.0000,0.0000,-13.0000,,,,CHO,0.0000,-12.8330,0.0000,-12.8344,0.0000,0.0000,0.000,0.000,,0.0,,,,,,,0,,0
14.1541,1790267689.652836,0.0201,0,,,0.000,,,0.0000,0.0000,0.0000,0.0000,0.0000,-13.0000,,,,CHO,0.0000,-12.8330,0.0000,-12.8344,0.0000,0.0000,0.000,0.000,,0.0,,,,,,,0,,0
14.1743,1790267689.672884,0.0202,0,,,0.000,,,0.0000,0.0000,0.0000,0.0000,0.0000,-13.0000,,,,CHO,0.0000,-12.8330,0.0000,-12.8344,0.0000,0.0000,0.000,0.000,,0.0,,,,,,,0,,0
14.1948,1790267689.693366,0.0205,0,,,0.000,,,0.0000,0.0000,0.0000,0.0000,0.0000,-13.0000,,,,CHO,0.0000,-12.8330,0.0000,-12.8344,0.0000,0.0000,0.000,0.000,,0.0,,,,,,,0,,0
14.2149,1790267689.713589,0.0201,0,,,0.000,,,0.0000,0.0000,0.0000,0.0000,0.0000,-13.0000,,,,CHO,0.0000,-12.8330,0.0000,-12.8344,0.0000,0.0000,0.000,0.000,,0.0,,,,,,,0,,0
14.2350,1790267689.733636,0.0201,0,,,0.000,,,0.0000,0.0000,0.0000,0.0000,0.0000,-13.0000,,,,CHO,0.0000,-12.8330,0.0000,-12.8344,0.0000,0.0000,0.000,0.000,,0.0,,,,,,,0,,0
14.2550,1790267689.753731,0.0200,0,,,0.000,,,0.0000,0.0000,0.0000,0.0000,0.0000,-13.0000,,,,CHO,0.0000,-12.8330,0.0000,-12.8344,0.0000,0.0000,0.000,0.000,,0.0,,,,,,,0,,0
14.2750,1790267689.773723,0.0200,0,,,0.000,,,0.0000,0.0000,0.0000,0.0000,0.0000,-13.0000,,,,CHO,0.0000,-12.8330,0.0000,-12.8344,0.0000,0.0000,0.000,0.000,,0.0,,,,,,,0,,0
14.2956,1790267689.794178,0.0206,0,,,0.000,,,0.0000,0.0000,0.0000,0.0000,0.0000,-13.0000,,,,CHO,0.0000,-12.8330,0.0000,-12.8344,0.0000,0.0000,0.000,0.000,,0.0,,,,,,,0,,0
14.3161,1790267689.814706,0.0205,0,,,0.000,,,0.0000,0.0000,0.0000,0.0000,0.0000,-13.0000,,,,CHO,0.0000,-12.8330,0.0000,-12.8344,0.0000,0.0000,0.000,0.000,,0.0,,,,,,,0,,0
14.3367,1790267689.835305,0.0206,0,,,0.000,,,0.0000,0.0000,0.0000,0.0000,0.0000,-13.0000,,,,CHO,0.0000,-12.8330,0.0000,-12.8344,0.0000,0.0000,0.000,0.000,,0.0,,,,,,,0,,0
14.3575,1790267689.856068,0.0208,0,,,0.000,,,0.0000,0.0000,0.0000,0.0000,0.0000,-13.0000,,,,CHO,0.0000,-12.8330,0.0000,-12.8344,0.0000,0.0000,0.000,0.000,,0.0,,,,,,,0,,0
14.3780,1790267689.876573,0.0205,0,,,0.000,,,0.0000,0.0000,0.0000,0.0000,0.0000,-13.0000,,,,CHO,0.0000,-12.8330,0.0000,-12.8344,0.0000,0.0000,0.000,0.000,,0.0,,,,,,,0,,0
14.4039,1790267689.902689,0.0259,0,,,0.000,,,0.0000,0.0000,0.0000,0.0000,0.0000,-13.0000,,,,CHO,0.0000,-12.8330,0.0000,-12.8344,0.0000,0.0000,0.000,0.000,,0.0,,,,,,,0,,0
14.4241,1790267689.922796,0.0202,0,,,0.000,,,0.0000,0.0000,0.0000,0.0000,0.0000,-13.0000,,,,CHO,0.0000,-12.8330,0.0000,-12.8344,0.0000,0.0000,0.000,0.000,,0.0,,,,,,,0,,0
14.4446,1790267689.943270,0.0205,0,,,0.000,,,0.0000,0.0000,0.0000,0.0000,0.0000,-13.0000,,,,CHO,0.0000,-12.8330,0.0000,-12.8344,0.0000,0.0000,0.000,0.000,,0.0,,,,,,,0,,0
14.4684,1790267689.966861,0.0238,0,,,0.000,,,0.0000,0.0000,0.0000,0.0000,0.0000,-13.0000,,,,CHO,0.0000,-12.8330,0.0000,-12.8344,0.0000,0.0000,0.000,0.000,,0.0,,,,,,,0,,0
14.4884,1790267689.987111,0.0201,0,,,0.000,,,0.0000,0.0000,0.0000,0.0000,0.0000,-13.0000,,,,CHO,0.0000,-12.8330,0.0000,-12.8344,0.0000,0.0000,0.000,0.000,,0.0,,,,,,,0,,0
14.5089,1790267690.007632,0.0205,0,,,0.000,,,0.0000,0.0000,0.0000,0.0000,0.0000,-13.0000,,,,CHO,0.0000,-12.8330,0.0000,-12.8344,0.0000,0.0000,0.000,0.000,,0.0,,,,,,,0,,0
14.5301,1790267690.028697,0.0211,0,,,0.000,,,0.0000,0.0000,0.0000,0.0000,0.0000,-13.0000,,,,CHO,0.0000,-12.8330,0.0000,-12.8344,0.0000,0.0000,0.000,0.000,,0.0,,,,,,,0,,0
14.5503,1790267690.048939,0.0203,0,,,0.000,,,0.0000,0.0000,0.0000,0.0000,0.0000,-13.0000,,,,CHO,0.0000,-12.8330,0.0000,-12.8344,0.0000,0.0000,0.000,0.000,,0.0,,,,,,,0,,0
14.5708,1790267690.069468,0.0205,0,,,0.000,,,0.0000,0.0000,0.0000,0.0000,0.0000,-13.0000,,,,CHO,0.0000,-12.8330,0.0000,-12.8344,0.0000,0.0000,0.000,0.000,,0.0,,,,,,,0,,0
14.5910,1790267690.089604,0.0202,0,,,0.000,,,0.0000,0.0000,0.0000,0.0000,0.0000,-13.0000,,,,CHO,0.0000,-12.8330,0.0000,-12.8344,0.0000,0.0000,0.000,0.000,,0.0,,,,,,,0,,0
14.6115,1790267690.110508,0.0205,0,,,0.000,,,0.0000,0.0000,0.0000,0.0000,0.0000,-13.0000,,,,CHO,0.0000,-12.8330,0.0000,-12.8344,0.0000,0.0000,0.000,0.000,,0.0,,,,,,,0,,0
14.6321,1790267690.130743,0.0206,0,,,0.000,,,0.0000,0.0000,0.0000,0.0000,0.0000,-13.0000,,,,CHO,0.0000,-12.8330,0.0000,-12.8344,0.0000,0.0000,0.000,0.000,,0.0,,,,,,,0,,0
14.6522,1790267690.150760,0.0202,0,,,0.000,,,0.0000,0.0000,0.0000,0.0000,0.0000,-13.0000,,,,CHO,0.0000,-12.8330,0.0000,-12.8344,0.0000,0.0000,0.000,0.000,,0.0,,,,,,,0,,0
14.6723,1790267690.170972,0.0201,0,,,0.000,,,0.0000,0.0000,0.0000,0.0000,0.0000,-13.0000,,,,CHO,0.0000,-12.8330,0.0000,-12.8344,0.0000,0.0000,0.000,0.000,,0.0,,,,,,,0,,0
14.6926,1790267690.191303,0.0203,0,,,0.000,,,0.0000,0.0000,0.0000,0.0000,0.0000,-13.0000,,,,CHO,0.0000,-12.8330,0.0000,-12.8344,0.0000,0.0000,0.000,0.000,,0.0,,,,,,,0,,0
14.7130,1790267690.211718,0.0204,0,,,0.000,,,0.0000,0.0000,0.0000,0.0000,0.0000,-13.0000,,,,CHO,0.0000,-12.8330,0.0000,-12.8344,0.0000,0.0000,0.000,0.000,,0.0,,,,,,,0,,0
14.7359,1790267690.234241,0.0228,0,,,0.000,,,0.0000,0.0000,0.0000,0.0000,0.0000,-13.0000,,,,CHO,0.0000,-12.8330,0.0000,-12.8344,0.0000,0.0000,0.000,0.000,,0.0,,,,,,,0,,0
14.7565,1790267690.255208,0.0207,0,,,0.000,,,0.0000,0.0000,0.0000,0.0000,0.0000,-13.0000,,,,CHO,0.0000,-12.8330,0.0000,-12.8344,0.0000,0.0000,0.000,0.000,,0.0,,,,,,,0,,0
14.7767,1790267690.275379,0.0202,0,,,0.000,,,0.0000,0.0000,0.0000,0.0000,0.0000,-13.0000,,,,CHO,0.0000,-12.8330,0.0000,-12.8344,0.0000,0.0000,0.000,0.000,,0.0,,,,,,,0,,0
14.7970,1790267690.295687,0.0203,0,,,0.000,,,0.0000,0.0000,0.0000,0.0000,0.0000,-13.0000,,,,CHO,0.0000,-12.8330,0.0000,-12.8344,0.0000,0.0000,0.000,0.000,,0.0,,,,,,,0,,0
14.8174,1790267690.316079,0.0204,0,,,0.000,,,0.0000,0.0000,0.0000,0.0000,0.0000,-13.0000,,,,CHO,0.0000,-12.8330,0.0000,-12.8344,0.0000,0.0000,0.000,0.000,,0.0,,,,,,,0,,0
14.8375,1790267690.336147,0.0201,0,,,0.000,,,0.0000,0.0000,0.0000,0.0000,0.0000,-13.0000,,,,CHO,0.0000,-12.8330,0.0000,-12.8344,0.0000,0.0000,0.000,0.000,,0.0,,,,,,,0,,0
14.8579,1790267690.356536,0.0204,0,,,0.000,,,0.0000,0.0000,0.0000,0.0000,0.0000,-13.0000,,,,CHO,0.0000,-12.8330,0.0000,-12.8344,0.0000,0.0000,0.000,0.000,,0.0,,,,,,,0,,0
14.8785,1790267690.377163,0.0206,0,,,0.000,,,0.0000,0.0000,0.0000,0.0000,0.0000,-13.0000,,,,CHO,0.0000,-12.8330,0.0000,-12.8344,0.0000,0.0000,0.000,0.000,,0.0,,,,,,,0,,0
14.8986,1790267690.397304,0.0201,0,,,0.000,,,0.0000,0.0000,0.0000,0.0000,0.0000,-13.0000,,,,CHO,0.0000,-12.8330,0.0000,-12.8344,0.0000,0.0000,0.000,0.000,,0.0,,,,,,,0,,0
14.9190,1790267690.417605,0.0204,0,,,0.000,,,0.0000,0.0000,0.0000,0.0000,0.0000,-13.0000,,,,CHO,0.0000,-12.8330,0.0000,-12.8344,0.0000,0.0000,0.000,0.000,,0.0,,,,,,,0,,0
14.9395,1790267690.438246,0.0205,0,,,0.000,,,0.0000,0.0000,0.0000,0.0000,0.0000,-13.0000,,,,CHO,0.0000,-12.8330,0.0000,-12.8344,0.0000,0.0000,0.000,0.000,,0.0,,,,,,,0,,0
14.9600,1790267690.458695,0.0205,0,,,0.000,,,0.0000,0.0000,0.0000,0.0000,0.0000,-13.0000,,,,CHO,0.0000,-12.8330,0.0000,-12.8344,0.0000,0.0000,0.000,0.000,,0.0,,,,,,,0,,0
14.9802,1790267690.478846,0.0202,0,,,0.000,,,0.0000,0.0000,0.0000,0.0000,0.0000,-13.0000,,,,CHO,0.0000,-12.8330,0.0000,-12.8344,0.0000,0.0000,0.000,0.000,,0.0,,,,,,,0,,0
15.0007,1790267690.499422,0.0205,0,,,0.000,,,0.0000,0.0000,0.0000,0.0000,0.0000,-13.0000,,,,CHO,0.0000,-12.8330,0.0000,-12.8344,0.0000,0.0000,0.000,0.000,,0.0,,,,,,,0,,0
15.0210,1790267690.519666,0.0202,0,,,0.000,,,0.0000,0.0000,0.0000,0.0000,0.0000,-13.0000,,,,CHO,0.0000,-12.8330,0.0000,-12.8344,0.0000,0.0000,0.000,0.000,,0.0,,,,,,,0,,0
15.0410,1790267690.539717,0.0200,0,,,0.000,,,0.0000,0.0000,0.0000,0.0000,0.0000,-13.0000,,,,CHO,0.0000,-12.8330,0.0000,-12.8344,0.0000,0.0000,0.000,0.000,,0.0,,,,,,,0,,0
15.0614,1790267690.560023,0.0204,0,,,0.000,,,0.0000,0.0000,0.0000,0.0000,0.0000,-13.0000,,,,CHO,0.0000,-12.8330,0.0000,-12.8344,0.0000,0.0000,0.000,0.000,,0.0,,,,,,,0,,0
15.0816,1790267690.580234,0.0202,0,,,0.000,,,0.0000,0.0000,0.0000,0.0000,0.0000,-13.0000,,,,CHO,0.0000,-12.8330,0.0000,-12.8344,0.0000,0.0000,0.000,0.000,,0.0,,,,,,,0,,0
15.1017,1790267690.600323,0.0201,0,,,0.000,,,0.0000,0.0000,0.0000,0.0000,0.0000,-13.0000,,,,CHO,0.0000,-12.8330,0.0000,-12.8344,0.0000,0.0000,0.000,0.000,,0.0,,,,,,,0,,0
15.1219,1790267690.620546,0.0202,0,,,0.000,,,0.0000,0.0000,0.0000,0.0000,0.0000,-13.0000,,,,CHO,0.0000,-12.8330,0.0000,-12.8344,0.0000,0.0000,0.000,0.000,,0.0,,,,,,,0,,0
15.1429,1790267690.641505,0.0211,0,,,0.000,,,0.0000,0.0000,0.0000,0.0000,0.0000,-13.0000,,,,CHO,0.0000,-12.8330,0.0000,-12.8344,0.0000,0.0000,0.000,0.000,,0.0,,,,,,,0,,0
15.1634,1790267690.662158,0.0205,0,,,0.000,,,0.0000,0.0000,0.0000,0.0000,0.0000,-13.0000,,,,CHO,0.0000,-12.8330,0.0000,-12.8344,0.0000,0.0000,0.000,0.000,,0.0,,,,,,,0,,0
15.1835,1790267690.682210,0.0201,0,,,0.000,,,0.0000,0.0000,0.0000,0.0000,0.0000,-13.0000,,,,CHO,0.0000,-12.8330,0.0000,-12.8344,0.0000,0.0000,0.000,0.000,,0.0,,,,,,,0,,0
15.2035,1790267690.702249,0.0200,0,,,0.000,,,0.0000,0.0000,0.0000,0.0000,0.0000,-13.0000,,,,CHO,0.0000,-12.8330,0.0000,-12.8344,0.0000,0.0000,0.000,0.000,,0.0,,,,,,,0,,0
15.2240,1790267690.722684,0.0205,0,,,0.000,,,0.0000,0.0000,0.0000,0.0000,0.0000,-13.0000,,,,CHO,0.0000,-12.8330,0.0000,-12.8344,0.0000,0.0000,0.000,0.000,,0.0,,,,,,,0,,0
15.2451,1790267690.743757,0.0211,0,,,0.000,,,0.0000,0.0000,0.0000,0.0000,0.0000,-13.0000,,,,CHO,0.0000,-12.8330,0.0000,-12.8344,0.0000,0.0000,0.000,0.000,,0.0,,,,,,,0,,0
15.2654,1790267690.764038,0.0203,0,,,0.000,,,0.0000,0.0000,0.0000,0.0000,0.0000,-13.0000,,,,CHO,0.0000,-12.8330,0.0000,-12.8344,0.0000,0.0000,0.000,0.000,,0.0,,,,,,,0,,0
15.2858,1790267690.784522,0.0205,0,,,0.000,,,0.0000,0.0000,0.0000,0.0000,0.0000,-13.0000,,,,CHO,0.0000,-12.8330,0.0000,-12.8344,0.0000,0.0000,0.000,0.000,,0.0,,,,,,,0,,0
15.3059,1790267690.804629,0.0201,0,,,0.000,,,0.0000,0.0000,0.0000,0.0000,0.0000,-13.0000,,,,CHO,0.0000,-12.8330,0.0000,-12.8344,0.0000,0.0000,0.000,0.000,,0.0,,,,,,,0,,0
15.3262,1790267690.824890,0.0203,0,,,0.000,,,0.0000,0.0000,0.0000,0.0000,0.0000,-13.0000,,,,CHO,0.0000,-12.8330,0.0000,-12.8344,0.0000,0.0000,0.000,0.000,,0.0,,,,,,,0,,0
15.3465,1790267690.845100,0.0203,0,,,0.000,,,0.0000,0.0000,0.0000,0.0000,0.0000,-13.0000,,,,CHO,0.0000,-12.8330,0.0000,-12.8344,0.0000,0.0000,0.000,0.000,,0.0,,,,,,,0,,0
15.3666,1790267690.865177,0.0201,0,,,0.000,,,0.0000,0.0000,0.0000,0.0000,0.0000,-13.0000,,,,CHO,0.0000,-12.8330,0.0000,-12.8344,0.0000,0.0000,0.000,0.000,,0.0,,,,,,,0,,0
15.3868,1790267690.885375,0.0202,0,,,0.000,,,0.0000,0.0000,0.0000,0.0000,0.0000,-13.0000,,,,CHO,0.0000,-12.8330,0.0000,-12.8344,0.0000,0.0000,0.000,0.000,,0.0,,,,,,,0,,0
15.4069,1790267690.905459,0.0201,0,,,0.000,,,0.0000,0.0000,0.0000,0.0000,0.0000,-13.0000,,,,CHO,0.0000,-12.8330,0.0000,-12.8344,0.0000,0.0000,0.000,0.000,,0.0,,,,,,,0,,0
15.4272,1790267690.925766,0.0202,0,,,0.000,,,0.0000,0.0000,0.0000,0.0000,0.0000,-13.0000,,,,CHO,0.0000,-12.8330,0.0000,-12.8344,0.0000,0.0000,0.000,0.000,,0.0,,,,,,,0,,0
15.4474,1790267690.946084,0.0202,0,,,0.000,,,0.0000,0.0000,0.0000,0.0000,0.0000,-13.0000,,,,CHO,0.0000,-12.8330,0.0000,-12.8344,0.0000,0.0000,0.000,0.000,,0.0,,,,,,,0,,0
15.4674,1790267690.966058,0.0200,0,,,0.000,,,0.0000,0.0000,0.0000,0.0000,0.0000,-13.0000,,,,CHO,0.0000,-12.8330,0.0000,-12.8344,0.0000,0.0000,0.000,0.000,,0.0,,,,,,,0,,0
15.4877,1790267690.986380,0.0203,0,,,0.000,,,0.0000,0.0000,0.0000,0.0000,0.0000,-13.0000,,,,CHO,0.0000,-12.8330,0.0000,-12.8344,0.0000,0.0000,0.000,0.000,,0.0,,,,,,,0,,0
15.5081,1790267691.006763,0.0204,0,,,0.000,,,0.0000,0.0000,0.0000,0.0000,0.0000,-13.0000,,,,CHO,0.0000,-12.8330,0.0000,-12.8344,0.0000,0.0000,0.000,0.000,,0.0,,,,,,,0,,0
15.5282,1790267691.026849,0.0201,0,,,0.000,,,0.0000,0.0000,0.0000,0.0000,0.0000,-13.0000,,,,CHO,0.0000,-12.8330,0.0000,-12.8344,0.0000,0.0000,0.000,0.000,,0.0,,,,,,,0,,0
15.5487,1790267691.047349,0.0205,0,,,0.000,,,0.0000,0.0000,0.0000,0.0000,0.0000,-13.0000,,,,CHO,0.0000,-12.8330,0.0000,-12.8344,0.0000,0.0000,0.000,0.000,,0.0,,,,,,,0,,0
15.5688,1790267691.067480,0.0201,0,,,0.000,,,0.0000,0.0000,0.0000,0.0000,0.0000,-13.0000,,,,CHO,0.0000,-12.8330,0.0000,-12.8344,0.0000,0.0000,0.000,0.000,,0.0,,,,,,,0,,0
15.5891,1790267691.087689,0.0203,0,,,0.000,,,0.0000,0.0000,0.0000,0.0000,0.0000,-13.0000,,,,CHO,0.0000,-12.8330,0.0000,-12.8344,0.0000,0.0000,0.000,0.000,,0.0,,,,,,,0,,0
15.6093,1790267691.107856,0.0202,0,,,0.000,,,0.0000,0.0000,0.0000,0.0000,0.0000,-13.0000,,,,CHO,0.0000,-12.8330,0.0000,-12.8344,0.0000,0.0000,0.000,0.000,,0.0,,,,,,,0,,0
15.6295,1790267691.128210,0.0202,0,,,0.000,,,0.0000,0.0000,0.0000,0.0000,0.0000,-13.0000,,,,CHO,0.0000,-12.8330,0.0000,-12.8344,0.0000,0.0000,0.000,0.000,,0.0,,,,,,,0,,0
15.6498,1790267691.148511,0.0203,0,,,0.000,,,0.0000,0.0000,0.0000,0.0000,0.0000,-13.0000,,,,CHO,0.0000,-12.8330,0.0000,-12.8344,0.0000,0.0000,0.000,0.000,,0.0,,,,,,,0,,0
15.6699,1790267691.168504,0.0201,0,,,0.000,,,0.0000,0.0000,0.0000,0.0000,0.0000,-13.0000,,,,CHO,0.0000,-12.8330,0.0000,-12.8344,0.0000,0.0000,0.000,0.000,,0.0,,,,,,,0,,0
15.6902,1790267691.188942,0.0203,0,,,0.000,,,0.0000,0.0000,0.0000,0.0000,0.0000,-13.0000,,,,CHO,0.0000,-12.8330,0.0000,-12.8344,0.0000,0.0000,0.000,0.000,,0.0,,,,,,,0,,0
15.7107,1790267691.209244,0.0204,0,,,0.000,,,0.0000,0.0000,0.0000,0.0000,0.0000,-13.0000,,,,CHO,0.0000,-12.8330,0.0000,-12.8344,0.0000,0.0000,0.000,0.000,,0.0,,,,,,,0,,0
15.7313,1790267691.229970,0.0206,0,,,0.000,,,0.0000,0.0000,0.0000,0.0000,0.0000,-13.0000,,,,CHO,0.0000,-12.8330,0.0000,-12.8344,0.0000,0.0000,0.000,0.000,,0.0,,,,,,,0,,0
15.7515,1790267691.250164,0.0202,0,,,0.000,,,0.0000,0.0000,0.0000,0.0000,0.0000,-13.0000,,,,CHO,0.0000,-12.8330,0.0000,-12.8344,0.0000,0.0000,0.000,0.000,,0.0,,,,,,,0,,0
15.7719,1790267691.270612,0.0204,0,,,0.000,,,0.0000,0.0000,0.0000,0.0000,0.0000,-13.0000,,,,CHO,0.0000,-12.8330,0.0000,-12.8344,0.0000,0.0000,0.000,0.000,,0.0,,,,,,,0,,0
15.7924,1790267691.291083,0.0205,0,,,0.000,,,0.0000,0.0000,0.0000,0.0000,0.0000,-13.0000,,,,CHO,0.0000,-12.8330,0.0000,-12.8344,0.0000,0.0000,0.000,0.000,,0.0,,,,,,,0,,0
15.8125,1790267691.311188,0.0201,0,,,0.000,,,0.0000,0.0000,0.0000,0.0000,0.0000,-13.0000,,,,CHO,0.0000,-12.8330,0.0000,-12.8344,0.0000,0.0000,0.000,0.000,,0.0,,,,,,,0,,0
15.8329,1790267691.331552,0.0204,0,,,0.000,,,0.0000,0.0000,0.0000,0.0000,0.0000,-13.0000,,,,CHO,0.0000,-12.8330,0.0000,-12.8344,0.0000,0.0000,0.000,0.000,,0.0,,,,,,,0,,0
15.8533,1790267691.351945,0.0204,0,,,0.000,,,0.0000,0.0000,0.0000,0.0000,0.0000,-13.0000,,,,CHO,0.0000,-12.8330,0.0000,-12.8344,0.0000,0.0000,0.000,0.000,,0.0,,,,,,,0,,0
15.8741,1790267691.372736,0.0208,0,,,0.000,,,0.0000,0.0000,0.0000,0.0000,0.0000,-13.0000,,,,CHO,0.0000,-12.8330,0.0000,-12.8344,0.0000,0.0000,0.000,0.000,,0.0,,,,,,,0,,0
15.8945,1790267691.393231,0.0205,0,,,0.000,,,0.0000,0.0000,0.0000,0.0000,0.0000,-13.0000,,,,CHO,0.0000,-12.8330,0.0000,-12.8344,0.0000,0.0000,0.000,0.000,,0.0,,,,,,,0,,0
15.9150,1790267691.413680,0.0205,0,,,0.000,,,0.0000,0.0000,0.0000,0.0000,0.0000,-13.0000,,,,CHO,0.0000,-12.8330,0.0000,-12.8344,0.0000,0.0000,0.000,0.000,,0.0,,,,,,,0,,0
15.9355,1790267691.434127,0.0205,0,,,0.000,,,0.0000,0.0000,0.0000,0.0000,0.0000,-13.0000,,,,CHO,0.0000,-12.8330,0.0000,-12.8344,0.0000,0.0000,0.000,0.000,,0.0,,,,,,,0,,0
15.9561,1790267691.454657,0.0206,0,,,0.000,,,0.0000,0.0000,0.0000,0.0000,0.0000,-13.0000,,,,CHO,0.0000,-12.8330,0.0000,-12.8344,0.0000,0.0000,0.000,0.000,,0.0,,,,,,,0,,0
15.9764,1790267691.475057,0.0203,0,,,0.000,,,0.0000,0.0000,0.0000,0.0000,0.0000,-13.0000,,,,CHO,0.0000,-12.8330,0.0000,-12.8344,0.0000,0.0000,0.000,0.000,,0.0,,,,,,,0,,0
15.9965,1790267691.495138,0.0200,0,,,0.000,,,0.0000,0.0000,0.0000,0.0000,0.0000,-13.0000,,,,CHO,0.0000,-12.8330,0.0000,-12.8344,0.0000,0.0000,0.000,0.000,,0.0,,,,,,,0,,0
16.0167,1790267691.515213,0.0202,0,,,0.000,,,0.0000,0.0000,0.0000,0.0000,0.0000,-13.0000,,,,CHO,0.0000,-12.8330,0.0000,-12.8344,0.0000,0.0000,0.000,0.000,,0.0,,,,,,,0,,0
16.0367,1790267691.535439,0.0200,0,,,0.000,,,0.0000,0.0000,0.0000,0.0000,0.0000,-13.0000,,,,CHO,0.0000,-12.8330,0.0000,-12.8344,0.0000,0.0000,0.000,0.000,,0.0,,,,,,,0,,0
16.0570,1790267691.555659,0.0202,0,,,0.000,,,0.0000,0.0000,0.0000,0.0000,0.0000,-13.0000,,,,CHO,0.0000,-12.8330,0.0000,-12.8344,0.0000,0.0000,0.000,0.000,,0.0,,,,,,,0,,0
16.0770,1790267691.575709,0.0201,0,,,0.000,,,0.0000,0.0000,0.0000,0.0000,0.0000,-13.0000,,,,CHO,0.0000,-12.8330,0.0000,-12.8344,0.0000,0.0000,0.000,0.000,,0.0,,,,,,,0,,0
16.0974,1790267691.596043,0.0204,0,,,0.000,,,0.0000,0.0000,0.0000,0.0000,0.0000,-13.0000,,,,CHO,0.0000,-12.8330,0.0000,-12.8344,0.0000,0.0000,0.000,0.000,,0.0,,,,,,,0,,0
16.1179,1790267691.616506,0.0205,0,,,0.000,,,0.0000,0.0000,0.0000,0.0000,0.0000,-13.0000,,,,CHO,0.0000,-12.8330,0.0000,-12.8344,0.0000,0.0000,0.000,0.000,,0.0,,,,,,,0,,0
16.1380,1790267691.636677,0.0202,0,,,0.000,,,0.0000,0.0000,0.0000,0.0000,0.0000,-13.0000,,,,CHO,0.0000,-12.8330,0.0000,-12.8344,0.0000,0.0000,0.000,0.000,,0.0,,,,,,,0,,0
16.1584,1790267691.657081,0.0204,0,,,0.000,,,0.0000,0.0000,0.0000,0.0000,0.0000,-13.0000,,,,CHO,0.0000,-12.8330,0.0000,-12.8344,0.0000,0.0000,0.000,0.000,,0.0,,,,,,,0,,0
16.1789,1790267691.677435,0.0205,0,,,0.000,,,0.0000,0.0000,0.0000,0.0000,0.0000,-13.0000,,,,CHO,0.0000,-12.8330,0.0000,-12.8344,0.0000,0.0000,0.000,0.000,,0.0,,,,,,,0,,0
16.1993,1790267691.697903,0.0205,0,,,0.000,,,0.0000,0.0000,0.0000,0.0000,0.0000,-13.0000,,,,CHO,0.0000,-12.8330,0.0000,-12.8344,0.0000,0.0000,0.000,0.000,,0.0,,,,,,,0,,0
16.2199,1790267691.718628,0.0206,0,,,0.000,,,0.0000,0.0000,0.0000,0.0000,0.0000,-13.0000,,,,CHO,0.0000,-12.8330,0.0000,-12.8344,0.0000,0.0000,0.000,0.000,,0.0,,,,,,,0,,0
16.2405,1790267691.739124,0.0205,0,,,0.000,,,0.0000,0.0000,0.0000,0.0000,0.0000,-13.0000,,,,CHO,0.0000,-12.8330,0.0000,-12.8344,0.0000,0.0000,0.000,0.000,,0.0,,,,,,,0,,0
16.2606,1790267691.759246,0.0201,0,,,0.000,,,0.0000,0.0000,0.0000,0.0000,0.0000,-13.0000,,,,CHO,0.0000,-12.8330,0.0000,-12.8344,0.0000,0.0000,0.000,0.000,,0.0,,,,,,,0,,0
16.2806,1790267691.779286,0.0201,0,,,0.000,,,0.0000,0.0000,0.0000,0.0000,0.0000,-13.0000,,,,CHO,0.0000,-12.8330,0.0000,-12.8344,0.0000,0.0000,0.000,0.000,,0.0,,,,,,,0,,0
16.3013,1790267691.799874,0.0207,0,,,0.000,,,0.0000,0.0000,0.0000,0.0000,0.0000,-13.0000,,,,CHO,0.0000,-12.8330,0.0000,-12.8344,0.0000,0.0000,0.000,0.000,,0.0,,,,,,,0,,0
16.3214,1790267691.820142,0.0201,0,,,0.000,,,0.0000,0.0000,0.0000,0.0000,0.0000,-13.0000,,,,CHO,0.0000,-12.8330,0.0000,-12.8344,0.0000,0.0000,0.000,0.000,,0.0,,,,,,,0,,0
16.3418,1790267691.840415,0.0203,0,,,0.000,,,0.0000,0.0000,0.0000,0.0000,0.0000,-13.0000,,,,CHO,0.0000,-12.8330,0.0000,-12.8344,0.0000,0.0000,0.000,0.000,,0.0,,,,,,,0,,0
16.3618,1790267691.860434,0.0200,0,,,0.000,,,0.0000,0.0000,0.0000,0.0000,0.0000,-13.0000,,,,CHO,0.0000,-12.8330,0.0000,-12.8344,0.0000,0.0000,0.000,0.000,,0.0,,,,,,,0,,0
16.3819,1790267691.880601,0.0201,0,,,0.000,,,0.0000,0.0000,0.0000,0.0000,0.0000,-13.0000,,,,CHO,0.0000,-12.8330,0.0000,-12.8344,0.0000,0.0000,0.000,0.000,,0.0,,,,,,,0,,0
16.4020,1790267691.900705,0.0202,0,,,0.000,,,0.0000,0.0000,0.0000,0.0000,0.0000,-13.0000,,,,CHO,0.0000,-12.8330,0.0000,-12.8344,0.0000,0.0000,0.000,0.000,,0.0,,,,,,,0,,0
16.4223,1790267691.920936,0.0203,0,,,0.000,,,0.0000,0.0000,0.0000,0.0000,0.0000,-13.0000,,,,CHO,0.0000,-12.8330,0.0000,-12.8344,0.0000,0.0000,0.000,0.000,,0.0,,,,,,,0,,0
16.4425,1790267691.941128,0.0202,0,,,0.000,,,0.0000,0.0000,0.0000,0.0000,0.0000,-13.0000,,,,CHO,0.0000,-12.8330,0.0000,-12.8344,0.0000,0.0000,0.000,0.000,,0.0,,,,,,,0,,0
16.4629,1790267691.961513,0.0204,0,,,0.000,,,0.0000,0.0000,0.0000,0.0000,0.0000,-13.0000,,,,CHO,0.0000,-12.8330,0.0000,-12.8344,0.0000,0.0000,0.000,0.000,,0.0,,,,,,,0,,0
16.4831,1790267691.981754,0.0202,0,,,0.000,,,0.0000,0.0000,0.0000,0.0000,0.0000,-13.0000,,,,CHO,0.0000,-12.8330,0.0000,-12.8344,0.0000,0.0000,0.000,0.000,,0.0,,,,,,,0,,0
16.5031,1790267692.001607,0.0200,0,,,0.000,,,0.0000,0.0000,0.0000,0.0000,0.0000,-13.0000,,,,CHO,0.0000,-12.8330,0.0000,-12.8344,0.0000,0.0000,0.000,0.000,,0.0,,,,,,,0,,0
16.5235,1790267692.022190,0.0204,0,,,0.000,,,0.0000,0.0000,0.0000,0.0000,0.0000,-13.0000,,,,CHO,0.0000,-12.8330,0.0000,-12.8344,0.0000,0.0000,0.000,0.000,,0.0,,,,,,,0,,0
16.5437,1790267692.042228,0.0202,0,,,0.000,,,0.0000,0.0000,0.0000,0.0000,0.0000,-13.0000,,,,CHO,0.0000,-12.8330,0.0000,-12.8344,0.0000,0.0000,0.000,0.000,,0.0,,,,,,,0,,0
16.5642,1790267692.062916,0.0205,0,,,0.000,,,0.0000,0.0000,0.0000,0.0000,0.0000,-13.0000,,,,CHO,0.0000,-12.8330,0.0000,-12.8344,0.0000,0.0000,0.000,0.000,,0.0,,,,,,,0,,0
16.5848,1790267692.083450,0.0206,0,,,0.000,,,0.0000,0.0000,0.0000,0.0000,0.0000,-13.0000,,,,CHO,0.0000,-12.8330,0.0000,-12.8344,0.0000,0.0000,0.000,0.000,,0.0,,,,,,,0,,0
16.6052,1790267692.103946,0.0204,0,,,0.000,,,0.0000,0.0000,0.0000,0.0000,0.0000,-13.0000,,,,CHO,0.0000,-12.8330,0.0000,-12.8344,0.0000,0.0000,0.000,0.000,,0.0,,,,,,,0,,0
16.6259,1790267692.124591,0.0207,0,,,0.000,,,0.0000,0.0000,0.0000,0.0000,0.0000,-13.0000,,,,CHO,0.0000,-12.8330,0.0000,-12.8344,0.0000,0.0000,0.000,0.000,,0.0,,,,,,,0,,0
16.6462,1790267692.144882,0.0203,0,,,0.000,,,0.0000,0.0000,0.0000,0.0000,0.0000,-13.0000,,,,CHO,0.0000,-12.8330,0.0000,-12.8344,0.0000,0.0000,0.000,0.000,,0.0,,,,,,,0,,0
16.6667,1790267692.165271,0.0205,0,,,0.000,,,0.0000,0.0000,0.0000,0.0000,0.0000,-13.0000,,,,CHO,0.0000,-12.8330,0.0000,-12.8344,0.0000,0.0000,0.000,0.000,,0.0,,,,,,,0,,0
16.6868,1790267692.185402,0.0202,0,,,0.000,,,0.0000,0.0000,0.0000,0.0000,0.0000,-13.0000,,,,CHO,0.0000,-12.8330,0.0000,-12.8344,0.0000,0.0000,0.000,0.000,,0.0,,,,,,,0,,0
16.7070,1790267692.205624,0.0202,0,,,0.000,,,0.0000,0.0000,0.0000,0.0000,0.0000,-13.0000,,,,CHO,0.0000,-12.8330,0.0000,-12.8344,0.0000,0.0000,0.000,0.000,,0.0,,,,,,,0,,0
16.7276,1790267692.226244,0.0206,0,,,0.000,,,0.0000,0.0000,0.0000,0.0000,0.0000,-13.0000,,,,CHO,0.0000,-12.8330,0.0000,-12.8344,0.0000,0.0000,0.000,0.000,,0.0,,,,,,,0,,0
16.7481,1790267692.246689,0.0205,0,,,0.000,,,0.0000,0.0000,0.0000,0.0000,0.0000,-13.0000,,,,CHO,0.0000,-12.8330,0.0000,-12.8344,0.0000,0.0000,0.000,0.000,,0.0,,,,,,,0,,0
16.7683,1790267692.266986,0.0202,0,,,0.000,,,0.0000,0.0000,0.0000,0.0000,0.0000,-13.0000,,,,CHO,0.0000,-12.8330,0.0000,-12.8344,0.0000,0.0000,0.000,0.000,,0.0,,,,,,,0,,0
16.7884,1790267692.287094,0.0201,0,,,0.000,,,0.0000,0.0000,0.0000,0.0000,0.0000,-13.0000,,,,CHO,0.0000,-12.8330,0.0000,-12.8344,0.0000,0.0000,0.000,0.000,,0.0,,,,,,,0,,0
16.8090,1790267692.307642,0.0205,0,,,0.000,,,0.0000,0.0000,0.0000,0.0000,0.0000,-13.0000,,,,CHO,0.0000,-12.8330,0.0000,-12.8344,0.0000,0.0000,0.000,0.000,,0.0,,,,,,,0,,0
16.8291,1790267692.327639,0.0202,0,,,0.000,,,0.0000,0.0000,0.0000,0.0000,0.0000,-13.0000,,,,CHO,0.0000,-12.8330,0.0000,-12.8344,0.0000,0.0000,0.000,0.000,,0.0,,,,,,,0,,0
16.8497,1790267692.348396,0.0206,0,,,0.000,,,0.0000,0.0000,0.0000,0.0000,0.0000,-13.0000,,,,CHO,0.0000,-12.8330,0.0000,-12.8344,0.0000,0.0000,0.000,0.000,,0.0,,,,,,,0,,0
16.8700,1790267692.368684,0.0203,0,,,0.000,,,0.0000,0.0000,0.0000,0.0000,0.0000,-13.0000,,,,CHO,0.0000,-12.8330,0.0000,-12.8344,0.0000,0.0000,0.000,0.000,,0.0,,,,,,,0,,0
16.8908,1790267692.389308,0.0208,0,,,0.000,,,0.0000,0.0000,0.0000,0.0000,0.0000,-13.0000,,,,CHO,0.0000,-12.8330,0.0000,-12.8344,0.0000,0.0000,0.000,0.000,,0.0,,,,,,,0,,0
16.9109,1790267692.409535,0.0201,0,,,0.000,,,0.0000,0.0000,0.0000,0.0000,0.0000,-13.0000,,,,CHO,0.0000,-12.8330,0.0000,-12.8344,0.0000,0.0000,0.000,0.000,,0.0,,,,,,,0,,0
16.9310,1790267692.429434,0.0201,0,,,0.000,,,0.0000,0.0000,0.0000,0.0000,0.0000,-13.0000,,,,CHO,0.0000,-12.8330,0.0000,-12.8344,0.0000,0.0000,0.000,0.000,,0.0,,,,,,,0,,0
16.9513,1790267692.449937,0.0203,0,,,0.000,,,0.0000,0.0000,0.0000,0.0000,0.0000,-13.0000,,,,CHO,0.0000,-12.8330,0.0000,-12.8344,0.0000,0.0000,0.000,0.000,,0.0,,,,,,,0,,0
16.9719,1790267692.470523,0.0206,0,,,0.000,,,0.0000,0.0000,0.0000,0.0000,0.0000,-13.0000,,,,CHO,0.0000,-12.8330,0.0000,-12.8344,0.0000,0.0000,0.000,0.000,,0.0,,,,,,,0,,0
16.9945,1790267692.493235,0.0227,0,,,0.000,,,0.0000,0.0000,0.0000,0.0000,0.0000,-13.0000,,,,CHO,0.0000,-12.8330,0.0000,-12.8344,0.0000,0.0000,0.000,0.000,,0.0,,,,,,,0,,0
17.0146,1790267692.513276,0.0201,0,,,0.000,,,0.0000,0.0000,0.0000,0.0000,0.0000,-13.0000,,,,CHO,0.0000,-12.8330,0.0000,-12.8344,0.0000,0.0000,0.000,0.000,,0.0,,,,,,,0,,0
17.0351,1790267692.533745,0.0205,0,,,0.000,,,0.0000,0.0000,0.0000,0.0000,0.0000,-13.0000,,,,CHO,0.0000,-12.8330,0.0000,-12.8344,0.0000,0.0000,0.000,0.000,,0.0,,,,,,,0,,0
17.0553,1790267692.554004,0.0202,0,,,0.000,,,0.0000,0.0000,0.0000,0.0000,0.0000,-13.0000,,,,CHO,0.0000,-12.8330,0.0000,-12.8344,0.0000,0.0000,0.000,0.000,,0.0,,,,,,,0,,0
17.0759,1790267692.574611,0.0206,0,,,0.000,,,0.0000,0.0000,0.0000,0.0000,0.0000,-13.0000,,,,CHO,0.0000,-12.8330,0.0000,-12.8344,0.0000,0.0000,0.000,0.000,,0.0,,,,,,,0,,0
17.0964,1790267692.595025,0.0204,0,,,0.000,,,0.0000,0.0000,0.0000,0.0000,0.0000,-13.0000,,,,CHO,0.0000,-12.8330,0.0000,-12.8344,0.0000,0.0000,0.000,0.000,,0.0,,,,,,,0,,0
17.1166,1790267692.615210,0.0203,0,,,0.000,,,0.0000,0.0000,0.0000,0.0000,0.0000,-13.0000,,,,CHO,0.0000,-12.8330,0.0000,-12.8344,0.0000,0.0000,0.000,0.000,,0.0,,,,,,,0,,0
17.1368,1790267692.635346,0.0201,0,,,0.000,,,0.0000,0.0000,0.0000,0.0000,0.0000,-13.0000,,,,CHO,0.0000,-12.8330,0.0000,-12.8344,0.0000,0.0000,0.000,0.000,,0.0,,,,,,,0,,0
17.1571,1790267692.655766,0.0203,0,,,0.000,,,0.0000,0.0000,0.0000,0.0000,0.0000,-13.0000,,,,CHO,0.0000,-12.8330,0.0000,-12.8344,0.0000,0.0000,0.000,0.000,,0.0,,,,,,,0,,0
17.1771,1790267692.675821,0.0200,0,,,0.000,,,0.0000,0.0000,0.0000,0.0000,0.0000,-13.0000,,,,CHO,0.0000,-12.8330,0.0000,-12.8344,0.0000,0.0000,0.000,0.000,,0.0,,,,,,,0,,0
17.1973,1790267692.696011,0.0202,0,,,0.000,,,0.0000,0.0000,0.0000,0.0000,0.0000,-13.0000,,,,CHO,0.0000,-12.8330,0.0000,-12.8344,0.0000,0.0000,0.000,0.000,,0.0,,,,,,,0,,0
17.2177,1790267692.716401,0.0204,0,,,0.000,,,0.0000,0.0000,0.0000,0.0000,0.0000,-13.0000,,,,CHO,0.0000,-12.8330,0.0000,-12.8344,0.0000,0.0000,0.000,0.000,,0.0,,,,,,,0,,0
17.2378,1790267692.736432,0.0200,0,,,0.000,,,0.0000,0.0000,0.0000,0.0000,0.0000,-13.0000,,,,CHO,0.0000,-12.8330,0.0000,-12.8344,0.0000,0.0000,0.000,0.000,,0.0,,,,,,,0,,0
17.2583,1790267692.756834,0.0206,0,,,0.000,,,0.0000,0.0000,0.0000,0.0000,0.0000,-13.0000,,,,CHO,0.0000,-12.8330,0.0000,-12.8344,0.0000,0.0000,0.000,0.000,,0.0,,,,,,,0,,0
17.2791,1790267692.777694,0.0208,0,,,0.000,,,0.0000,0.0000,0.0000,0.0000,0.0000,-13.0000,,,,CHO,0.0000,-12.8330,0.0000,-12.8344,0.0000,0.0000,0.000,0.000,,0.0,,,,,,,0,,0
17.2995,1790267692.798150,0.0203,0,,,0.000,,,0.0000,0.0000,0.0000,0.0000,0.0000,-13.0000,,,,CHO,0.0000,-12.8330,0.0000,-12.8344,0.0000,0.0000,0.000,0.000,,0.0,,,,,,,0,,0
17.3196,1790267692.818257,0.0201,0,,,0.000,,,0.0000,0.0000,0.0000,0.0000,0.0000,-13.0000,,,,CHO,0.0000,-12.8330,0.0000,-12.8344,0.0000,0.0000,0.000,0.000,,0.0,,,,,,,0,,0
17.3397,1790267692.838358,0.0201,0,,,0.000,,,0.0000,0.0000,0.0000,0.0000,0.0000,-13.0000,,,,CHO,0.0000,-12.8330,0.0000,-12.8344,0.0000,0.0000,0.000,0.000,,0.0,,,,,,,0,,0
17.3597,1790267692.858424,0.0200,0,,,0.000,,,0.0000,0.0000,0.0000,0.0000,0.0000,-13.0000,,,,CHO,0.0000,-12.8330,0.0000,-12.8344,0.0000,0.0000,0.000,0.000,,0.0,,,,,,,0,,0
17.3798,1790267692.878428,0.0201,0,,,0.000,,,0.0000,0.0000,0.0000,0.0000,0.0000,-13.0000,,,,CHO,0.0000,-12.8330,0.0000,-12.8344,0.0000,0.0000,0.000,0.000,,0.0,,,,,,,0,,0
17.4000,1790267692.898696,0.0202,0,,,0.000,,,0.0000,0.0000,0.0000,0.0000,0.0000,-13.0000,,,,CHO,0.0000,-12.8330,0.0000,-12.8344,0.0000,0.0000,0.000,0.000,,0.0,,,,,,,0,,0
17.4204,1790267692.919129,0.0204,0,,,0.000,,,0.0000,0.0000,0.0000,0.0000,0.0000,-13.0000,,,,CHO,0.0000,-12.8330,0.0000,-12.8344,0.0000,0.0000,0.000,0.000,,0.0,,,,,,,0,,0
17.4409,1790267692.939515,0.0204,0,,,0.000,,,0.0000,0.0000,0.0000,0.0000,0.0000,-13.0000,,,,CHO,0.0000,-12.8330,0.0000,-12.8344,0.0000,0.0000,0.000,0.000,,0.0,,,,,,,0,,0
17.4613,1790267692.959958,0.0204,0,,,0.000,,,0.0000,0.0000,0.0000,0.0000,0.0000,-13.0000,,,,CHO,0.0000,-12.8330,0.0000,-12.8344,0.0000,0.0000,0.000,0.000,,0.0,,,,,,,0,,0
17.4816,1790267692.980233,0.0202,0,,,0.000,,,0.0000,0.0000,0.0000,0.0000,0.0000,-13.0000,,,,CHO,0.0000,-12.8330,0.0000,-12.8344,0.0000,0.0000,0.000,0.000,,0.0,,,,,,,0,,0
17.5019,1790267693.000560,0.0203,0,,,0.000,,,0.0000,0.0000,0.0000,0.0000,0.0000,-13.0000,,,,CHO,0.0000,-12.8330,0.0000,-12.8344,0.0000,0.0000,0.000,0.000,,0.0,,,,,,,0,,0
17.5223,1790267693.020881,0.0205,0,,,0.000,,,0.0000,0.0000,0.0000,0.0000,0.0000,-13.0000,,,,CHO,0.0000,-12.8330,0.0000,-12.8344,0.0000,0.0000,0.000,0.000,,0.0,,,,,,,0,,0
17.5428,1790267693.041514,0.0205,0,,,0.000,,,0.0000,0.0000,0.0000,0.0000,0.0000,-13.0000,,,,CHO,0.0000,-12.8330,0.0000,-12.8344,0.0000,0.0000,0.000,0.000,,0.0,,,,,,,0,,0
17.5633,1790267693.061834,0.0205,0,,,0.000,,,0.0000,0.0000,0.0000,0.0000,0.0000,-13.0000,,,,CHO,0.0000,-12.8330,0.0000,-12.8344,0.0000,0.0000,0.000,0.000,,0.0,,,,,,,0,,0
17.5835,1790267693.082083,0.0202,0,,,0.000,,,0.0000,0.0000,0.0000,0.0000,0.0000,-13.0000,,,,CHO,0.0000,-12.8330,0.0000,-12.8344,0.0000,0.0000,0.000,0.000,,0.0,,,,,,,0,,0
17.6040,1790267693.102666,0.0205,0,,,0.000,,,0.0000,0.0000,0.0000,0.0000,0.0000,-13.0000,,,,CHO,0.0000,-12.8330,0.0000,-12.8344,0.0000,0.0000,0.000,0.000,,0.0,,,,,,,0,,0
17.6243,1790267693.122965,0.0203,0,,,0.000,,,0.0000,0.0000,0.0000,0.0000,0.0000,-13.0000,,,,CHO,0.0000,-12.8330,0.0000,-12.8344,0.0000,0.0000,0.000,0.000,,0.0,,,,,,,0,,0
17.6448,1790267693.143473,0.0205,0,,,0.000,,,0.0000,0.0000,0.0000,0.0000,0.0000,-13.0000,,,,CHO,0.0000,-12.8330,0.0000,-12.8344,0.0000,0.0000,0.000,0.000,,0.0,,,,,,,0,,0
17.6650,1790267693.163731,0.0203,0,,,0.000,,,0.0000,0.0000,0.0000,0.0000,0.0000,-13.0000,,,,CHO,0.0000,-12.8330,0.0000,-12.8344,0.0000,0.0000,0.000,0.000,,0.0,,,,,,,0,,0
17.6852,1790267693.183885,0.0201,0,,,0.000,,,0.0000,0.0000,0.0000,0.0000,0.0000,-13.0000,,,,CHO,0.0000,-12.8330,0.0000,-12.8344,0.0000,0.0000,0.000,0.000,,0.0,,,,,,,0,,0
17.7055,1790267693.204159,0.0203,0,,,0.000,,,0.0000,0.0000,0.0000,0.0000,0.0000,-13.0000,,,,CHO,0.0000,-12.8330,0.0000,-12.8344,0.0000,0.0000,0.000,0.000,,0.0,,,,,,,0,,0
17.7256,1790267693.224219,0.0201,0,,,0.000,,,0.0000,0.0000,0.0000,0.0000,0.0000,-13.0000,,,,CHO,0.0000,-12.8330,0.0000,-12.8344,0.0000,0.0000,0.000,0.000,,0.0,,,,,,,0,,0
17.7458,1790267693.244456,0.0202,0,,,0.000,,,0.0000,0.0000,0.0000,0.0000,0.0000,-13.0000,,,,CHO,0.0000,-12.8330,0.0000,-12.8344,0.0000,0.0000,0.000,0.000,,0.0,,,,,,,0,,0
17.7660,1790267693.264562,0.0202,0,,,0.000,,,0.0000,0.0000,0.0000,0.0000,0.0000,-13.0000,,,,CHO,0.0000,-12.8330,0.0000,-12.8344,0.0000,0.0000,0.000,0.000,,0.0,,,,,,,0,,0
17.7863,1790267693.285036,0.0204,0,,,0.000,,,0.0000,0.0000,0.0000,0.0000,0.0000,-13.0000,,,,CHO,0.0000,-12.8330,0.0000,-12.8344,0.0000,0.0000,0.000,0.000,,0.0,,,,,,,0,,0
17.8065,1790267693.305131,0.0202,0,,,0.000,,,0.0000,0.0000,0.0000,0.0000,0.0000,-13.0000,,,,CHO,0.0000,-12.8330,0.0000,-12.8344,0.0000,0.0000,0.000,0.000,,0.0,,,,,,,0,,0
17.8270,1790267693.325701,0.0205,0,,,0.000,,,0.0000,0.0000,0.0000,0.0000,0.0000,-13.0000,,,,CHO,0.0000,-12.8330,0.0000,-12.8344,0.0000,0.0000,0.000,0.000,,0.0,,,,,,,0,,0
17.8474,1790267693.345860,0.0203,0,,,0.000,,,0.0000,0.0000,0.0000,0.0000,0.0000,-13.0000,,,,CHO,0.0000,-12.8330,0.0000,-12.8344,0.0000,0.0000,0.000,0.000,,0.0,,,,,,,0,,0
17.8677,1790267693.366391,0.0203,0,,,0.000,,,0.0000,0.0000,0.0000,0.0000,0.0000,-13.0000,,,,CHO,0.0000,-12.8330,0.0000,-12.8344,0.0000,0.0000,0.000,0.000,,0.0,,,,,,,0,,0
17.8880,1790267693.386647,0.0203,0,,,0.000,,,0.0000,0.0000,0.0000,0.0000,0.0000,-13.0000,,,,CHO,0.0000,-12.8330,0.0000,-12.8344,0.0000,0.0000,0.000,0.000,,0.0,,,,,,,0,,0
17.9090,1790267693.407645,0.0210,0,,,0.000,,,0.0000,0.0000,0.0000,0.0000,0.0000,-13.0000,,,,CHO,0.0000,-12.8330,0.0000,-12.8344,0.0000,0.0000,0.000,0.000,,0.0,,,,,,,0,,0
17.9293,1790267693.427973,0.0203,0,,,0.000,,,0.0000,0.0000,0.0000,0.0000,0.0000,-13.0000,,,,CHO,0.0000,-12.8330,0.0000,-12.8344,0.0000,0.0000,0.000,0.000,,0.0,,,,,,,0,,0
17.9498,1790267693.448446,0.0205,0,,,0.000,,,0.0000,0.0000,0.0000,0.0000,0.0000,-13.0000,,,,CHO,0.0000,-12.8330,0.0000,-12.8344,0.0000,0.0000,0.000,0.000,,0.0,,,,,,,0,,0
17.9699,1790267693.468601,0.0201,0,,,0.000,,,0.0000,0.0000,0.0000,0.0000,0.0000,-13.0000,,,,CHO,0.0000,-12.8330,0.0000,-12.8344,0.0000,0.0000,0.000,0.000,,0.0,,,,,,,0,,0
17.9900,1790267693.488693,0.0201,0,,,0.000,,,0.0000,0.0000,0.0000,0.0000,0.0000,-13.0000,,,,CHO,0.0000,-12.8330,0.0000,-12.8344,0.0000,0.0000,0.000,0.000,,0.0,,,,,,,0,,0
18.0102,1790267693.508833,0.0202,0,,,0.000,,,0.0000,0.0000,0.0000,0.0000,0.0000,-13.0000,,,,CHO,0.0000,-12.8330,0.0000,-12.8344,0.0000,0.0000,0.000,0.000,,0.0,,,,,,,0,,0
18.0308,1790267693.529428,0.0206,0,,,0.000,,,0.0000,0.0000,0.0000,0.0000,0.0000,-13.0000,,,,CHO,0.0000,-12.8330,0.0000,-12.8344,0.0000,0.0000,0.000,0.000,,0.0,,,,,,,0,,0
18.0509,1790267693.549575,0.0201,0,,,0.000,,,0.0000,0.0000,0.0000,0.0000,0.0000,-13.0000,,,,CHO,0.0000,-12.8330,0.0000,-12.8344,0.0000,0.0000,0.000,0.000,,0.0,,,,,,,0,,0
18.0709,1790267693.569540,0.0200,0,,,0.000,,,0.0000,0.0000,0.0000,0.0000,0.0000,-13.0000,,,,CHO,0.0000,-12.8330,0.0000,-12.8344,0.0000,0.0000,0.000,0.000,,0.0,,,,,,,0,,0
18.0911,1790267693.589677,0.0201,0,,,0.000,,,0.0000,0.0000,0.0000,0.0000,0.0000,-13.0000,,,,CHO,0.0000,-12.8330,0.0000,-12.8344,0.0000,0.0000,0.000,0.000,,0.0,,,,,,,0,,0
18.1111,1790267693.609712,0.0200,0,,,0.000,,,0.0000,0.0000,0.0000,0.0000,0.0000,-13.0000,,,,CHO,0.0000,-12.8330,0.0000,-12.8344,0.0000,0.0000,0.000,0.000,,0.0,,,,,,,0,,0
18.1311,1790267693.629726,0.0201,0,,,0.000,,,0.0000,0.0000,0.0000,0.0000,0.0000,-13.0000,,,,CHO,0.0000,-12.8330,0.0000,-12.8344,0.0000,0.0000,0.000,0.000,,0.0,,,,,,,0,,0
18.1513,1790267693.649975,0.0202,0,,,0.000,,,0.0000,0.0000,0.0000,0.0000,0.0000,-13.0000,,,,CHO,0.0000,-12.8330,0.0000,-12.8344,0.0000,0.0000,0.000,0.000,,0.0,,,,,,,0,,0
18.1718,1790267693.670464,0.0206,0,,,0.000,,,0.0000,0.0000,0.0000,0.0000,0.0000,-13.0000,,,,CHO,0.0000,-12.8330,0.0000,-12.8344,0.0000,0.0000,0.000,0.000,,0.0,,,,,,,0,,0
18.1920,1790267693.690603,0.0201,0,,,0.000,,,0.0000,0.0000,0.0000,0.0000,0.0000,-13.0000,,,,CHO,0.0000,-12.8330,0.0000,-12.8344,0.0000,0.0000,0.000,0.000,,0.0,,,,,,,0,,0
18.2122,1790267693.710892,0.0202,0,,,0.000,,,0.0000,0.0000,0.0000,0.0000,0.0000,-13.0000,,,,CHO,0.0000,-12.8330,0.0000,-12.8344,0.0000,0.0000,0.000,0.000,,0.0,,,,,,,0,,0
18.2325,1790267693.731230,0.0203,0,,,0.000,,,0.0000,0.0000,0.0000,0.0000,0.0000,-13.0000,,,,CHO,0.0000,-12.8330,0.0000,-12.8344,0.0000,0.0000,0.000,0.000,,0.0,,,,,,,0,,0
18.2531,1790267693.751733,0.0205,0,,,0.000,,,0.0000,0.0000,0.0000,0.0000,0.0000,-13.0000,,,,CHO,0.0000,-12.8330,0.0000,-12.8344,0.0000,0.0000,0.000,0.000,,0.0,,,,,,,0,,0
18.2737,1790267693.772396,0.0207,0,,,0.000,,,0.0000,0.0000,0.0000,0.0000,0.0000,-13.0000,,,,CHO,0.0000,-12.8330,0.0000,-12.8344,0.0000,0.0000,0.000,0.000,,0.0,,,,,,,0,,0
18.2938,1790267693.792447,0.0201,0,,,0.000,,,0.0000,0.0000,0.0000,0.0000,0.0000,-13.0000,,,,CHO,0.0000,-12.8330,0.0000,-12.8344,0.0000,0.0000,0.000,0.000,,0.0,,,,,,,0,,0
18.3139,1790267693.812513,0.0201,0,,,0.000,,,0.0000,0.0000,0.0000,0.0000,0.0000,-13.0000,,,,CHO,0.0000,-12.8330,0.0000,-12.8344,0.0000,0.0000,0.000,0.000,,0.0,,,,,,,0,,0
18.3347,1790267693.833347,0.0208,0,,,0.000,,,0.0000,0.0000,0.0000,0.0000,0.0000,-13.0000,,,,CHO,0.0000,-12.8330,0.0000,-12.8344,0.0000,0.0000,0.000,0.000,,0.0,,,,,,,0,,0
18.3548,1790267693.853497,0.0201,0,,,0.000,,,0.0000,0.0000,0.0000,0.0000,0.0000,-13.0000,,,,CHO,0.0000,-12.8330,0.0000,-12.8344,0.0000,0.0000,0.000,0.000,,0.0,,,,,,,0,,0
18.3749,1790267693.873594,0.0200,0,,,0.000,,,0.0000,0.0000,0.0000,0.0000,0.0000,-13.0000,,,,CHO,0.0000,-12.8330,0.0000,-12.8344,0.0000,0.0000,0.000,0.000,,0.0,,,,,,,0,,0
18.3955,1790267693.894063,0.0206,0,,,0.000,,,0.0000,0.0000,0.0000,0.0000,0.0000,-13.0000,,,,CHO,0.0000,-12.8330,0.0000,-12.8344,0.0000,0.0000,0.000,0.000,,0.0,,,,,,,0,,0
18.4156,1790267693.914243,0.0202,0,,,0.000,,,0.0000,0.0000,0.0000,0.0000,0.0000,-13.0000,,,,CHO,0.0000,-12.8330,0.0000,-12.8344,0.0000,0.0000,0.000,0.000,,0.0,,,,,,,0,,0
18.4356,1790267693.934352,0.0200,0,,,0.000,,,0.0000,0.0000,0.0000,0.0000,0.0000,-13.0000,,,,CHO,0.0000,-12.8330,0.0000,-12.8344,0.0000,0.0000,0.000,0.000,,0.0,,,,,,,0,,0
18.4560,1790267693.954657,0.0203,0,,,0.000,,,0.0000,0.0000,0.0000,0.0000,0.0000,-13.0000,,,,CHO,0.0000,-12.8330,0.0000,-12.8344,0.0000,0.0000,0.000,0.000,,0.0,,,,,,,0,,0
18.4763,1790267693.974823,0.0203,0,,,0.000,,,0.0000,0.0000,0.0000,0.0000,0.0000,-13.0000,,,,CHO,0.0000,-12.8330,0.0000,-12.8344,0.0000,0.0000,0.000,0.000,,0.0,,,,,,,0,,0
18.4964,1790267693.995088,0.0201,0,,,0.000,,,0.0000,0.0000,0.0000,0.0000,0.0000,-13.0000,,,,CHO,0.0000,-12.8330,0.0000,-12.8344,0.0000,0.0000,0.000,0.000,,0.0,,,,,,,0,,0
18.5169,1790267694.015505,0.0205,0,,,0.000,,,0.0000,0.0000,0.0000,0.0000,0.0000,-13.0000,,,,CHO,0.0000,-12.8330,0.0000,-12.8344,0.0000,0.0000,0.000,0.000,,0.0,,,,,,,0,,0
18.5371,1790267694.035744,0.0202,0,,,0.000,,,0.0000,0.0000,0.0000,0.0000,0.0000,-13.0000,,,,CHO,0.0000,-12.8330,0.0000,-12.8344,0.0000,0.0000,0.000,0.000,,0.0,,,,,,,0,,0
18.5576,1790267694.056312,0.0205,0,,,0.000,,,0.0000,0.0000,0.0000,0.0000,0.0000,-13.0000,,,,CHO,0.0000,-12.8330,0.0000,-12.8344,0.0000,0.0000,0.000,0.000,,0.0,,,,,,,0,,0
18.5780,1790267694.076666,0.0203,0,,,0.000,,,0.0000,0.0000,0.0000,0.0000,0.0000,-13.0000,,,,CHO,0.0000,-12.8330,0.0000,-12.8344,0.0000,0.0000,0.000,0.000,,0.0,,,,,,,0,,0
18.5982,1790267694.096785,0.0202,0,,,0.000,,,0.0000,0.0000,0.0000,0.0000,0.0000,-13.0000,,,,CHO,0.0000,-12.8330,0.0000,-12.8344,0.0000,0.0000,0.000,0.000,,0.0,,,,,,,0,,0
18.6186,1790267694.117296,0.0204,0,,,0.000,,,0.0000,0.0000,0.0000,0.0000,0.0000,-13.0000,,,,CHO,0.0000,-12.8330,0.0000,-12.8344,0.0000,0.0000,0.000,0.000,,0.0,,,,,,,0,,0
18.6388,1790267694.137432,0.0202,0,,,0.000,,,0.0000,0.0000,0.0000,0.0000,0.0000,-13.0000,,,,CHO,0.0000,-12.8330,0.0000,-12.8344,0.0000,0.0000,0.000,0.000,,0.0,,,,,,,0,,0
18.6590,1790267694.157658,0.0201,0,,,0.000,,,0.0000,0.0000,0.0000,0.0000,0.0000,-13.0000,,,,CHO,0.0000,-12.8330,0.0000,-12.8344,0.0000,0.0000,0.000,0.000,,0.0,,,,,,,0,,0
18.6792,1790267694.177876,0.0202,0,,,0.000,,,0.0000,0.0000,0.0000,0.0000,0.0000,-13.0000,,,,CHO,0.0000,-12.8330,0.0000,-12.8344,0.0000,0.0000,0.000,0.000,,0.0,,,,,,,0,,0
18.6996,1790267694.198309,0.0204,0,,,0.000,,,0.0000,0.0000,0.0000,0.0000,0.0000,-13.0000,,,,CHO,0.0000,-12.8330,0.0000,-12.8344,0.0000,0.0000,0.000,0.000,,0.0,,,,,,,0,,0
18.7200,1790267694.218738,0.0204,0,,,0.000,,,0.0000,0.0000,0.0000,0.0000,0.0000,-13.0000,,,,CHO,0.0000,-12.8330,0.0000,-12.8344,0.0000,0.0000,0.000,0.000,,0.0,,,,,,,0,,0
18.7402,1790267694.238919,0.0202,0,,,0.000,,,0.0000,0.0000,0.0000,0.0000,0.0000,-13.0000,,,,CHO,0.0000,-12.8330,0.0000,-12.8344,0.0000,0.0000,0.000,0.000,,0.0,,,,,,,0,,0
18.7605,1790267694.259202,0.0203,0,,,0.000,,,0.0000,0.0000,0.0000,0.0000,0.0000,-13.0000,,,,CHO,0.0000,-12.8330,0.0000,-12.8344,0.0000,0.0000,0.000,0.000,,0.0,,,,,,,0,,0
18.7868,1790267694.285451,0.0263,0,,,0.000,,,0.0000,0.0000,0.0000,0.0000,0.0000,-13.0000,,,,CHO,0.0000,-12.8330,0.0000,-12.8344,0.0000,0.0000,0.000,0.000,,0.0,,,,,,,0,,0
18.8071,1790267694.305796,0.0203,0,,,0.000,,,0.0000,0.0000,0.0000,0.0000,0.0000,-13.0000,,,,CHO,0.0000,-12.8330,0.0000,-12.8344,0.0000,0.0000,0.000,0.000,,0.0,,,,,,,0,,0
18.8370,1790267694.335527,0.0298,0,,,0.000,,,0.0000,0.0000,0.0000,0.0000,0.0000,-13.0000,,,,CHO,0.0000,-12.8330,0.0000,-12.8344,0.0000,0.0000,0.000,0.000,,0.0,,,,,,,0,,0
18.8573,1790267694.355905,0.0203,0,,,0.000,,,0.0000,0.0000,0.0000,0.0000,0.0000,-13.0000,,,,CHO,0.0000,-12.8330,0.0000,-12.8344,0.0000,0.0000,0.000,0.000,,0.0,,,,,,,0,,0
18.8831,1790267694.381773,0.0259,0,,,0.000,,,0.0000,0.0000,0.0000,0.0000,0.0000,-13.0000,,,,CHO,0.0000,-12.8330,0.0000,-12.8344,0.0000,0.0000,0.000,0.000,,0.0,,,,,,,0,,0
18.9037,1790267694.402371,0.0205,0,,,0.000,,,0.0000,0.0000,0.0000,0.0000,0.0000,-13.0000,,,,CHO,0.0000,-12.8330,0.0000,-12.8344,0.0000,0.0000,0.000,0.000,,0.0,,,,,,,0,,0
18.9240,1790267694.422729,0.0203,0,,,0.000,,,0.0000,0.0000,0.0000,0.0000,0.0000,-13.0000,,,,CHO,0.0000,-12.8330,0.0000,-12.8344,0.0000,0.0000,0.000,0.000,,0.0,,,,,,,0,,0
18.9444,1790267694.443122,0.0204,0,,,0.000,,,0.0000,0.0000,0.0000,0.0000,0.0000,-13.0000,,,,CHO,0.0000,-12.8330,0.0000,-12.8344,0.0000,0.0000,0.000,0.000,,0.0,,,,,,,0,,0
18.9649,1790267694.463531,0.0204,0,,,0.000,,,0.0000,0.0000,0.0000,0.0000,0.0000,-13.0000,,,,CHO,0.0000,-12.8330,0.0000,-12.8344,0.0000,0.0000,0.000,0.000,,0.0,,,,,,,0,,0
18.9849,1790267694.483608,0.0201,0,,,0.000,,,0.0000,0.0000,0.0000,0.0000,0.0000,-13.0000,,,,CHO,0.0000,-12.8330,0.0000,-12.8344,0.0000,0.0000,0.000,0.000,,0.0,,,,,,,0,,0
19.0052,1790267694.503938,0.0203,0,,,0.000,,,0.0000,0.0000,0.0000,0.0000,0.0000,-13.0000,,,,CHO,0.0000,-12.8330,0.0000,-12.8344,0.0000,0.0000,0.000,0.000,,0.0,,,,,,,0,,0
19.0258,1790267694.524429,0.0206,0,,,0.000,,,0.0000,0.0000,0.0000,0.0000,0.0000,-13.0000,,,,CHO,0.0000,-12.8330,0.0000,-12.8344,0.0000,0.0000,0.000,0.000,,0.0,,,,,,,0,,0
19.0460,1790267694.544683,0.0202,0,,,0.000,,,0.0000,0.0000,0.0000,0.0000,0.0000,-13.0000,,,,CHO,0.0000,-12.8330,0.0000,-12.8344,0.0000,0.0000,0.000,0.000,,0.0,,,,,,,0,,0
19.0663,1790267694.564964,0.0203,0,,,0.000,,,0.0000,0.0000,0.0000,0.0000,0.0000,-13.0000,,,,CHO,0.0000,-12.8330,0.0000,-12.8344,0.0000,0.0000,0.000,0.000,,0.0,,,,,,,0,,0
19.0891,1790267694.587575,0.0228,0,,,0.000,,,0.0000,0.0000,0.0000,0.0000,0.0000,-13.0000,,,,CHO,0.0000,-12.8330,0.0000,-12.8344,0.0000,0.0000,0.000,0.000,,0.0,,,,,,,0,,0
19.1091,1790267694.607753,0.0200,0,,,0.000,,,0.0000,0.0000,0.0000,0.0000,0.0000,-13.0000,,,,CHO,0.0000,-12.8330,0.0000,-12.8344,0.0000,0.0000,0.000,0.000,,0.0,,,,,,,0,,0
19.1293,1790267694.628048,0.0203,0,,,0.000,,,0.0000,0.0000,0.0000,0.0000,0.0000,-13.0000,,,,CHO,0.0000,-12.8330,0.0000,-12.8344,0.0000,0.0000,0.000,0.000,,0.0,,,,,,,0,,0
19.1538,1790267694.652405,0.0245,0,,,0.000,,,0.0000,0.0000,0.0000,0.0000,0.0000,-13.0000,,,,CHO,0.0000,-12.8330,0.0000,-12.8344,0.0000,0.0000,0.000,0.000,,0.0,,,,,,,0,,0
19.1742,1790267694.672764,0.0203,0,,,0.000,,,0.0000,0.0000,0.0000,0.0000,0.0000,-13.0000,,,,CHO,0.0000,-12.8330,0.0000,-12.8344,0.0000,0.0000,0.000,0.000,,0.0,,,,,,,0,,0
19.1946,1790267694.693263,0.0204,0,,,0.000,,,0.0000,0.0000,0.0000,0.0000,0.0000,-13.0000,,,,CHO,0.0000,-12.8330,0.0000,-12.8344,0.0000,0.0000,0.000,0.000,,0.0,,,,,,,0,,0
19.2146,1790267694.713334,0.0201,0,,,0.000,,,0.0000,0.0000,0.0000,0.0000,0.0000,-13.0000,,,,CHO,0.0000,-12.8330,0.0000,-12.8344,0.0000,0.0000,0.000,0.000,,0.0,,,,,,,0,,0
19.2351,1790267694.733766,0.0204,0,,,0.000,,,0.0000,0.0000,0.0000,0.0000,0.0000,-13.0000,,,,CHO,0.0000,-12.8330,0.0000,-12.8344,0.0000,0.0000,0.000,0.000,,0.0,,,,,,,0,,0
19.2571,1790267694.756035,0.0221,0,,,0.000,,,0.0000,0.0000,0.0000,0.0000,0.0000,-13.0000,,,,CHO,0.0000,-12.8330,0.0000,-12.8344,0.0000,0.0000,0.000,0.000,,0.0,,,,,,,0,,0
19.2775,1790267694.776203,0.0204,0,,,0.000,,,0.0000,0.0000,0.0000,0.0000,0.0000,-13.0000,,,,CHO,0.0000,-12.8330,0.0000,-12.8344,0.0000,0.0000,0.000,0.000,,0.0,,,,,,,0,,0
19.3066,1790267694.805393,0.0291,0,,,0.000,,,0.0000,0.0000,0.0000,0.0000,0.0000,-13.0000,,,,CHO,0.0000,-12.8330,0.0000,-12.8344,0.0000,0.0000,0.000,0.000,,0.0,,,,,,,0,,0
19.3271,1790267694.825734,0.0205,0,,,0.000,,,0.0000,0.0000,0.0000,0.0000,0.0000,-13.0000,,,,CHO,0.0000,-12.8330,0.0000,-12.8344,0.0000,0.0000,0.000,0.000,,0.0,,,,,,,0,,0
19.3473,1790267694.845976,0.0202,0,,,0.000,,,0.0000,0.0000,0.0000,0.0000,0.0000,-13.0000,,,,CHO,0.0000,-12.8330,0.0000,-12.8344,0.0000,0.0000,0.000,0.000,,0.0,,,,,,,0,,0
19.3710,1790267694.869539,0.0238,0,,,0.000,,,0.0000,0.0000,0.0000,0.0000,0.0000,-13.0000,,,,CHO,0.0000,-12.8330,0.0000,-12.8344,0.0000,0.0000,0.000,0.000,,0.0,,,,,,,0,,0
19.3912,1790267694.889893,0.0202,0,,,0.000,,,0.0000,0.0000,0.0000,0.0000,0.0000,-13.0000,,,,CHO,0.0000,-12.8330,0.0000,-12.8344,0.0000,0.0000,0.000,0.000,,0.0,,,,,,,0,,0
19.4115,1790267694.910248,0.0204,0,,,0.000,,,0.0000,0.0000,0.0000,0.0000,0.0000,-13.0000,,,,CHO,0.0000,-12.8330,0.0000,-12.8344,0.0000,0.0000,0.000,0.000,,0.0,,,,,,,0,,0
19.4318,1790267694.930472,0.0202,0,,,0.000,,,0.0000,0.0000,0.0000,0.0000,0.0000,-13.0000,,,,CHO,0.0000,-12.8330,0.0000,-12.8344,0.0000,0.0000,0.000,0.000,,0.0,,,,,,,0,,0
19.4521,1790267694.950771,0.0203,0,,,0.000,,,0.0000,0.0000,0.0000,0.0000,0.0000,-13.0000,,,,CHO,0.0000,-12.8330,0.0000,-12.8344,0.0000,0.0000,0.000,0.000,,0.0,,,,,,,0,,0
19.4723,1790267694.971021,0.0202,0,,,0.000,,,0.0000,0.0000,0.0000,0.0000,0.0000,-13.0000,,,,CHO,0.0000,-12.8330,0.0000,-12.8344,0.0000,0.0000,0.000,0.000,,0.0,,,,,,,0,,0
19.4927,1790267694.991386,0.0204,0,,,0.000,,,0.0000,0.0000,0.0000,0.0000,0.0000,-13.0000,,,,CHO,0.0000,-12.8330,0.0000,-12.8344,0.0000,0.0000,0.000,0.000,,0.0,,,,,,,0,,0
19.5135,1790267695.012171,0.0208,0,,,0.000,,,0.0000,0.0000,0.0000,0.0000,0.0000,-13.0000,,,,CHO,0.0000,-12.8330,0.0000,-12.8344,0.0000,0.0000,0.000,0.000,,0.0,,,,,,,0,,0
19.5339,1790267695.032531,0.0204,0,,,0.000,,,0.0000,0.0000,0.0000,0.0000,0.0000,-13.0000,,,,CHO,0.0000,-12.8330,0.0000,-12.8344,0.0000,0.0000,0.000,0.000,,0.0,,,,,,,0,,0
19.5543,1790267695.052959,0.0204,0,,,0.000,,,0.0000,0.0000,0.0000,0.0000,0.0000,-13.0000,,,,CHO,0.0000,-12.8330,0.0000,-12.8344,0.0000,0.0000,0.000,0.000,,0.0,,,,,,,0,,0
19.5744,1790267695.073027,0.0201,0,,,0.000,,,0.0000,0.0000,0.0000,0.0000,0.0000,-13.0000,,,,CHO,0.0000,-12.8330,0.0000,-12.8344,0.0000,0.0000,0.000,0.000,,0.0,,,,,,,0,,0
19.5945,1790267695.093225,0.0201,0,,,0.000,,,0.0000,0.0000,0.0000,0.0000,0.0000,-13.0000,,,,CHO,0.0000,-12.8330,0.0000,-12.8344,0.0000,0.0000,0.000,0.000,,0.0,,,,,,,0,,0
19.6146,1790267695.113296,0.0201,0,,,0.000,,,0.0000,0.0000,0.0000,0.0000,0.0000,-13.0000,,,,CHO,0.0000,-12.8330,0.0000,-12.8344,0.0000,0.0000,0.000,0.000,,0.0,,,,,,,0,,0
19.6349,1790267695.133554,0.0202,0,,,0.000,,,0.0000,0.0000,0.0000,0.0000,0.0000,-13.0000,,,,CHO,0.0000,-12.8330,0.0000,-12.8344,0.0000,0.0000,0.000,0.000,,0.0,,,,,,,0,,0
19.6565,1790267695.155036,0.0216,0,,,0.000,,,0.0000,0.0000,0.0000,0.0000,0.0000,-13.0000,,,,CHO,0.0000,-12.8330,0.0000,-12.8344,0.0000,0.0000,0.000,0.000,,0.0,,,,,,,0,,0
19.6778,1790267695.176370,0.0213,0,,,0.000,,,0.0000,0.0000,0.0000,0.0000,0.0000,-13.0000,,,,CHO,0.0000,-12.8330,0.0000,-12.8344,0.0000,0.0000,0.000,0.000,,0.0,,,,,,,0,,0
19.6982,1790267695.196869,0.0204,0,,,0.000,,,0.0000,0.0000,0.0000,0.0000,0.0000,-13.0000,,,,CHO,0.0000,-12.8330,0.0000,-12.8344,0.0000,0.0000,0.000,0.000,,0.0,,,,,,,0,,0
19.7182,1790267695.216878,0.0200,0,,,0.000,,,0.0000,0.0000,0.0000,0.0000,0.0000,-13.0000,,,,CHO,0.0000,-12.8330,0.0000,-12.8344,0.0000,0.0000,0.000,0.000,,0.0,,,,,,,0,,0
19.7395,1790267695.238143,0.0213,0,,,0.000,,,0.0000,0.0000,0.0000,0.0000,0.0000,-13.0000,,,,CHO,0.0000,-12.8330,0.0000,-12.8344,0.0000,0.0000,0.000,0.000,,0.0,,,,,,,0,,0
19.7596,1790267695.258154,0.0201,0,,,0.000,,,0.0000,0.0000,0.0000,0.0000,0.0000,-13.0000,,,,CHO,0.0000,-12.8330,0.0000,-12.8344,0.0000,0.0000,0.000,0.000,,0.0,,,,,,,0,,0
19.7798,1790267695.278457,0.0202,0,,,0.000,,,0.0000,0.0000,0.0000,0.0000,0.0000,-13.0000,,,,CHO,0.0000,-12.8330,0.0000,-12.8344,0.0000,0.0000,0.000,0.000,,0.0,,,,,,,0,,0
19.8000,1790267695.298716,0.0202,0,,,0.000,,,0.0000,0.0000,0.0000,0.0000,0.0000,-13.0000,,,,CHO,0.0000,-12.8330,0.0000,-12.8344,0.0000,0.0000,0.000,0.000,,0.0,,,,,,,0,,0
19.8202,1790267695.318917,0.0202,0,,,0.000,,,0.0000,0.0000,0.0000,0.0000,0.0000,-13.0000,,,,CHO,0.0000,-12.8330,0.0000,-12.8344,0.0000,0.0000,0.000,0.000,,0.0,,,,,,,0,,0
19.8404,1790267695.339048,0.0201,0,,,0.000,,,0.0000,0.0000,0.0000,0.0000,0.0000,-13.0000,,,,CHO,0.0000,-12.8330,0.0000,-12.8344,0.0000,0.0000,0.000,0.000,,0.0,,,,,,,0,,0
19.8626,1790267695.361125,0.0223,0,,,0.000,,,0.0000,0.0000,0.0000,0.0000,0.0000,-13.0000,,,,CHO,0.0000,-12.8330,0.0000,-12.8344,0.0000,0.0000,0.000,0.000,,0.0,,,,,,,0,,0
19.8831,1790267695.381797,0.0204,0,,,0.000,,,0.0000,0.0000,0.0000,0.0000,0.0000,-13.0000,,,,CHO,0.0000,-12.8330,0.0000,-12.8344,0.0000,0.0000,0.000,0.000,,0.0,,,,,,,0,,0
19.9089,1790267695.407433,0.0258,0,,,0.000,,,0.0000,0.0000,0.0000,0.0000,0.0000,-13.0000,,,,CHO,0.0000,-12.8330,0.0000,-12.8344,0.0000,0.0000,0.000,0.000,,0.0,,,,,,,0,,0
19.9291,1790267695.427623,0.0202,0,,,0.000,,,0.0000,0.0000,0.0000,0.0000,0.0000,-13.0000,,,,CHO,0.0000,-12.8330,0.0000,-12.8344,0.0000,0.0000,0.000,0.000,,0.0,,,,,,,0,,0
19.9499,1790267695.448555,0.0208,0,,,0.000,,,0.0000,0.0000,0.0000,0.0000,0.0000,-13.0000,,,,CHO,0.0000,-12.8330,0.0000,-12.8344,0.0000,0.0000,0.000,0.000,,0.0,,,,,,,0,,0
19.9699,1790267695.468607,0.0201,0,,,0.000,,,0.0000,0.0000,0.0000,0.0000,0.0000,-13.0000,,,,CHO,0.0000,-12.8330,0.0000,-12.8344,0.0000,0.0000,0.000,0.000,,0.0,,,,,,,0,,0
19.9903,1790267695.489053,0.0204,0,,,0.000,,,0.0000,0.0000,0.0000,0.0000,0.0000,-13.0000,,,,CHO,0.0000,-12.8330,0.0000,-12.8344,0.0000,0.0000,0.000,0.000,,0.0,,,,,,,0,,0
20.0136,1790267695.512815,0.0232,0,,,0.000,,,0.0000,0.0000,0.0000,0.0000,0.0000,-13.0000,,,,CHO,0.0000,-12.8330,0.0000,-12.8344,0.0000,0.0000,0.000,0.000,,0.0,,,,,,,0,,0
20.0339,1790267695.532533,0.0203,0,,,0.000,,,0.0000,0.0000,0.0000,0.0000,0.0000,-13.0000,,,,CHO,0.0000,-12.8330,0.0000,-12.8344,0.0000,0.0000,0.000,0.000,,0.0,,,,,,,0,,0
20.0541,1790267695.552766,0.0202,0,,,0.000,,,0.0000,0.0000,0.0000,0.0000,0.0000,-13.0000,,,,CHO,0.0000,-12.8330,0.0000,-12.8344,0.0000,0.0000,0.000,0.000,,0.0,,,,,,,0,,0
20.0745,1790267695.573208,0.0204,0,,,0.000,,,0.0000,0.0000,0.0000,0.0000,0.0000,-13.0000,,,,CHO,0.0000,-12.8330,0.0000,-12.8344,0.0000,0.0000,0.000,0.000,,0.0,,,,,,,0,,0
20.0949,1790267695.593474,0.0203,0,,,0.000,,,0.0000,0.0000,0.0000,0.0000,0.0000,-13.0000,,,,CHO,0.0000,-12.8330,0.0000,-12.8344,0.0000,0.0000,0.000,0.000,,0.0,,,,,,,0,,0
20.1172,1790267695.615777,0.0223,0,,,0.000,,,0.0000,0.0000,0.0000,0.0000,0.0000,-13.0000,,,,CHO,0.0000,-12.8330,0.0000,-12.8344,0.0000,0.0000,0.000,0.000,,0.0,,,,,,,0,,0
20.1377,1790267695.636425,0.0205,0,,,0.000,,,0.0000,0.0000,0.0000,0.0000,0.0000,-13.0000,,,,CHO,0.0000,-12.8330,0.0000,-12.8344,0.0000,0.0000,0.000,0.000,,0.0,,,,,,,0,,0
20.1646,1790267695.663212,0.0269,0,,,0.000,,,0.0000,0.0000,0.0000,0.0000,0.0000,-13.0000,,,,CHO,0.0000,-12.8330,0.0000,-12.8344,0.0000,0.0000,0.000,0.000,,0.0,,,,,,,0,,0
20.1863,1790267695.684847,0.0217,0,,,0.000,,,0.0000,0.0000,0.0000,0.0000,0.0000,-13.0000,,,,CHO,0.0000,-12.8330,0.0000,-12.8344,0.0000,0.0000,0.000,0.000,,0.0,,,,,,,0,,0
20.2068,1790267695.705501,0.0205,0,,,0.000,,,0.0000,0.0000,0.0000,0.0000,0.0000,-13.0000,,,,CHO,0.0000,-12.8330,0.0000,-12.8344,0.0000,0.0000,0.000,0.000,,0.0,,,,,,,0,,0
20.2272,1790267695.725868,0.0204,0,,,0.000,,,0.0000,0.0000,0.0000,0.0000,0.0000,-13.0000,,,,CHO,0.0000,-12.8330,0.0000,-12.8344,0.0000,0.0000,0.000,0.000,,0.0,,,,,,,0,,0
20.2477,1790267695.746308,0.0205,0,,,0.000,,,0.0000,0.0000,0.0000,0.0000,0.0000,-13.0000,,,,CHO,0.0000,-12.8330,0.0000,-12.8344,0.0000,0.0000,0.000,0.000,,0.0,,,,,,,0,,0
20.2702,1790267695.768703,0.0225,0,,,0.000,,,0.0000,0.0000,0.0000,0.0000,0.0000,-13.0000,,,,CHO,0.0000,-12.8330,0.0000,-12.8344,0.0000,0.0000,0.000,0.000,,0.0,,,,,,,0,,0
20.2906,1790267695.789332,0.0205,0,,,0.000,,,0.0000,0.0000,0.0000,0.0000,0.0000,-13.0000,,,,CHO,0.0000,-12.8330,0.0000,-12.8344,0.0000,0.0000,0.000,0.000,,0.0,,,,,,,0,,0
20.3107,1790267695.809359,0.0200,0,,,0.000,,,0.0000,0.0000,0.0000,0.0000,0.0000,-13.0000,,,,CHO,0.0000,-12.8330,0.0000,-12.8344,0.0000,0.0000,0.000,0.000,,0.0,,,,,,,0,,0
20.3312,1790267695.829900,0.0205,0,,,0.000,,,0.0000,0.0000,0.0000,0.0000,0.0000,-13.0000,,,,CHO,0.0000,-12.8330,0.0000,-12.8344,0.0000,0.0000,0.000,0.000,,0.0,,,,,,,0,,0
20.3513,1790267695.849906,0.0201,0,,,0.000,,,0.0000,0.0000,0.0000,0.0000,0.0000,-13.0000,,,,CHO,0.0000,-12.8330,0.0000,-12.8344,0.0000,0.0000,0.000,0.000,,0.0,,,,,,,0,,0
20.3780,1790267695.876683,0.0268,0,,,0.000,,,0.0000,0.0000,0.0000,0.0000,0.0000,-13.0000,,,,CHO,0.0000,-12.8330,0.0000,-12.8344,0.0000,0.0000,0.000,0.000,,0.0,,,,,,,0,,0
20.3984,1790267695.897018,0.0203,0,,,0.000,,,0.0000,0.0000,0.0000,0.0000,0.0000,-13.0000,,,,CHO,0.0000,-12.8330,0.0000,-12.8344,0.0000,0.0000,0.000,0.000,,0.0,,,,,,,0,,0
20.4190,1790267695.917675,0.0206,0,,,0.000,,,0.0000,0.0000,0.0000,0.0000,0.0000,-13.0000,,,,CHO,0.0000,-12.8330,0.0000,-12.8344,0.0000,0.0000,0.000,0.000,,0.0,,,,,,,0,,0
20.4400,1790267695.938581,0.0210,0,,,0.000,,,0.0000,0.0000,0.0000,0.0000,0.0000,-13.0000,,,,CHO,0.0000,-12.8330,0.0000,-12.8344,0.0000,0.0000,0.000,0.000,,0.0,,,,,,,0,,0
20.4601,1790267695.958618,0.0201,0,,,0.000,,,0.0000,0.0000,0.0000,0.0000,0.0000,-13.0000,,,,CHO,0.0000,-12.8330,0.0000,-12.8344,0.0000,0.0000,0.000,0.000,,0.0,,,,,,,0,,0
20.4803,1790267695.979052,0.0203,0,,,0.000,,,0.0000,0.0000,0.0000,0.0000,0.0000,-13.0000,,,,CHO,0.0000,-12.8330,0.0000,-12.8344,0.0000,0.0000,0.000,0.000,,0.0,,,,,,,0,,0
20.5005,1790267695.999205,0.0201,0,,,0.000,,,0.0000,0.0000,0.0000,0.0000,0.0000,-13.0000,,,,CHO,0.0000,-12.8330,0.0000,-12.8344,0.0000,0.0000,0.000,0.000,,0.0,,,,,,,0,,0
20.5214,1790267696.019957,0.0209,0,,,0.000,,,0.0000,0.0000,0.0000,0.0000,0.0000,-13.0000,,,,CHO,0.0000,-12.8330,0.0000,-12.8344,0.0000,0.0000,0.000,0.000,,0.0,,,,,,,0,,0
20.5415,1790267696.040254,0.0201,0,,,0.000,,,0.0000,0.0000,0.0000,0.0000,0.0000,-13.0000,,,,CHO,0.0000,-12.8330,0.0000,-12.8344,0.0000,0.0000,0.000,0.000,,0.0,,,,,,,0,,0
20.5618,1790267696.060494,0.0202,0,,,0.000,,,0.0000,0.0000,0.0000,0.0000,0.0000,-13.0000,,,,CHO,0.0000,-12.8330,0.0000,-12.8344,0.0000,0.0000,0.000,0.000,,0.0,,,,,,,0,,0
20.5820,1790267696.080670,0.0202,0,,,0.000,,,0.0000,0.0000,0.0000,0.0000,0.0000,-13.0000,,,,CHO,0.0000,-12.8330,0.0000,-12.8344,0.0000,0.0000,0.000,0.000,,0.0,,,,,,,0,,0
20.6025,1790267696.101223,0.0205,0,,,0.000,,,0.0000,0.0000,0.0000,0.0000,0.0000,-13.0000,,,,CHO,0.0000,-12.8330,0.0000,-12.8344,0.0000,0.0000,0.000,0.000,,0.0,,,,,,,0,,0
20.6227,1790267696.121343,0.0201,0,,,0.000,,,0.0000,0.0000,0.0000,0.0000,0.0000,-13.0000,,,,CHO,0.0000,-12.8330,0.0000,-12.8344,0.0000,0.0000,0.000,0.000,,0.0,,,,,,,0,,0
20.6428,1790267696.141412,0.0202,0,,,0.000,,,0.0000,0.0000,0.0000,0.0000,0.0000,-13.0000,,,,CHO,0.0000,-12.8330,0.0000,-12.8344,0.0000,0.0000,0.000,0.000,,0.0,,,,,,,0,,0
20.6630,1790267696.161673,0.0202,0,,,0.000,,,0.0000,0.0000,0.0000,0.0000,0.0000,-13.0000,,,,CHO,0.0000,-12.8330,0.0000,-12.8344,0.0000,0.0000,0.000,0.000,,0.0,,,,,,,0,,0
20.6831,1790267696.181736,0.0201,0,,,0.000,,,0.0000,0.0000,0.0000,0.0000,0.0000,-13.0000,,,,CHO,0.0000,-12.8330,0.0000,-12.8344,0.0000,0.0000,0.000,0.000,,0.0,,,,,,,0,,0
20.7032,1790267696.201888,0.0201,0,,,0.000,,,0.0000,0.0000,0.0000,0.0000,0.0000,-13.0000,,,,CHO,0.0000,-12.8330,0.0000,-12.8344,0.0000,0.0000,0.000,0.000,,0.0,,,,,,,0,,0
20.7232,1790267696.221820,0.0200,0,,,0.000,,,0.0000,0.0000,0.0000,0.0000,0.0000,-13.0000,,,,CHO,0.0000,-12.8330,0.0000,-12.8344,0.0000,0.0000,0.000,0.000,,0.0,,,,,,,0,,0
20.7436,1790267696.242361,0.0204,0,,,0.000,,,0.0000,0.0000,0.0000,0.0000,0.0000,-13.0000,,,,CHO,0.0000,-12.8330,0.0000,-12.8344,0.0000,0.0000,0.000,0.000,,0.0,,,,,,,0,,0
20.7640,1790267696.262683,0.0204,0,,,0.000,,,0.0000,0.0000,0.0000,0.0000,0.0000,-13.0000,,,,CHO,0.0000,-12.8330,0.0000,-12.8344,0.0000,0.0000,0.000,0.000,,0.0,,,,,,,0,,0
20.7843,1790267696.282942,0.0203,0,,,0.000,,,0.0000,0.0000,0.0000,0.0000,0.0000,-13.0000,,,,CHO,0.0000,-12.8330,0.0000,-12.8344,0.0000,0.0000,0.000,0.000,,0.0,,,,,,,0,,0
20.8045,1790267696.303143,0.0202,0,,,0.000,,,0.0000,0.0000,0.0000,0.0000,0.0000,-13.0000,,,,CHO,0.0000,-12.8330,0.0000,-12.8344,0.0000,0.0000,0.000,0.000,,0.0,,,,,,,0,,0
20.8251,1790267696.323707,0.0206,0,,,0.000,,,0.0000,0.0000,0.0000,0.0000,0.0000,-13.0000,,,,CHO,0.0000,-12.8330,0.0000,-12.8344,0.0000,0.0000,0.000,0.000,,0.0,,,,,,,0,,0
20.8453,1790267696.343965,0.0203,0,,,0.000,,,0.0000,0.0000,0.0000,0.0000,0.0000,-13.0000,,,,CHO,0.0000,-12.8330,0.0000,-12.8344,0.0000,0.0000,0.000,0.000,,0.0,,,,,,,0,,0
20.8657,1790267696.364325,0.0204,0,,,0.000,,,0.0000,0.0000,0.0000,0.0000,0.0000,-13.0000,,,,CHO,0.0000,-12.8330,0.0000,-12.8344,0.0000,0.0000,0.000,0.000,,0.0,,,,,,,0,,0
20.8858,1790267696.384430,0.0201,0,,,0.000,,,0.0000,0.0000,0.0000,0.0000,0.0000,-13.0000,,,,CHO,0.0000,-12.8330,0.0000,-12.8344,0.0000,0.0000,0.000,0.000,,0.0,,,,,,,0,,0
20.9060,1790267696.404592,0.0202,0,,,0.000,,,0.0000,0.0000,0.0000,0.0000,0.0000,-13.0000,,,,CHO,0.0000,-12.8330,0.0000,-12.8344,0.0000,0.0000,0.000,0.000,,0.0,,,,,,,0,,0
20.9287,1790267696.427277,0.0227,0,,,0.000,,,0.0000,0.0000,0.0000,0.0000,0.0000,-13.0000,,,,CHO,0.0000,-12.8330,0.0000,-12.8344,0.0000,0.0000,0.000,0.000,,0.0,,,,,,,0,,0
20.9490,1790267696.447711,0.0203,0,,,0.000,,,0.0000,0.0000,0.0000,0.0000,0.0000,-13.0000,,,,CHO,0.0000,-12.8330,0.0000,-12.8344,0.0000,0.0000,0.000,0.000,,0.0,,,,,,,0,,0
20.9694,1790267696.468075,0.0204,0,,,0.000,,,0.0000,0.0000,0.0000,0.0000,0.0000,-13.0000,,,,CHO,0.0000,-12.8330,0.0000,-12.8344,0.0000,0.0000,0.000,0.000,,0.0,,,,,,,0,,0
20.9897,1790267696.488326,0.0203,0,,,0.000,,,0.0000,0.0000,0.0000,0.0000,0.0000,-13.0000,,,,CHO,0.0000,-12.8330,0.0000,-12.8344,0.0000,0.0000,0.000,0.000,,0.0,,,,,,,0,,0
21.0099,1790267696.508625,0.0203,0,,,0.000,,,0.0000,0.0000,0.0000,0.0000,0.0000,-13.0000,,,,CHO,0.0000,-12.8330,0.0000,-12.8344,0.0000,0.0000,0.000,0.000,,0.0,,,,,,,0,,0
21.0302,1790267696.528889,0.0203,0,,,0.000,,,0.0000,0.0000,0.0000,0.0000,0.0000,-13.0000,,,,CHO,0.0000,-12.8330,0.0000,-12.8344,0.0000,0.0000,0.000,0.000,,0.0,,,,,,,0,,0
21.0536,1790267696.552190,0.0233,0,,,0.000,,,0.0000,0.0000,0.0000,0.0000,0.0000,-13.0000,,,,CHO,0.0000,-12.8330,0.0000,-12.8344,0.0000,0.0000,0.000,0.000,,0.0,,,,,,,0,,0
21.0740,1790267696.572545,0.0204,0,,,0.000,,,0.0000,0.0000,0.0000,0.0000,0.0000,-13.0000,,,,CHO,0.0000,-12.8330,0.0000,-12.8344,0.0000,0.0000,0.000,0.000,,0.0,,,,,,,0,,0
21.0944,1790267696.593102,0.0205,0,,,0.000,,,0.0000,0.0000,0.0000,0.0000,0.0000,-13.0000,,,,CHO,0.0000,-12.8330,0.0000,-12.8344,0.0000,0.0000,0.000,0.000,,0.0,,,,,,,0,,0
21.1154,1790267696.614033,0.0209,0,,,0.000,,,0.0000,0.0000,0.0000,0.0000,0.0000,-13.0000,,,,CHO,0.0000,-12.8330,0.0000,-12.8344,0.0000,0.0000,0.000,0.000,,0.0,,,,,,,0,,0
21.1360,1790267696.634675,0.0207,0,,,0.000,,,0.0000,0.0000,0.0000,0.0000,0.0000,-13.0000,,,,CHO,0.0000,-12.8330,0.0000,-12.8344,0.0000,0.0000,0.000,0.000,,0.0,,,,,,,0,,0
21.1565,1790267696.655202,0.0205,0,,,0.000,,,0.0000,0.0000,0.0000,0.0000,0.0000,-13.0000,,,,CHO,0.0000,-12.8330,0.0000,-12.8344,0.0000,0.0000,0.000,0.000,,0.0,,,,,,,0,,0
21.1768,1790267696.675504,0.0203,0,,,0.000,,,0.0000,0.0000,0.0000,0.0000,0.0000,-13.0000,,,,CHO,0.0000,-12.8330,0.0000,-12.8344,0.0000,0.0000,0.000,0.000,,0.0,,,,,,,0,,0
21.1969,1790267696.695606,0.0201,0,,,0.000,,,0.0000,0.0000,0.0000,0.0000,0.0000,-13.0000,,,,CHO,0.0000,-12.8330,0.0000,-12.8344,0.0000,0.0000,0.000,0.000,,0.0,,,,,,,0,,0
21.2170,1790267696.715755,0.0201,0,,,0.000,,,0.0000,0.0000,0.0000,0.0000,0.0000,-13.0000,,,,CHO,0.0000,-12.8330,0.0000,-12.8344,0.0000,0.0000,0.000,0.000,,0.0,,,,,,,0,,0
21.2372,1790267696.735838,0.0202,0,,,0.000,,,0.0000,0.0000,0.0000,0.0000,0.0000,-13.0000,,,,CHO,0.0000,-12.8330,0.0000,-12.8344,0.0000,0.0000,0.000,0.000,,0.0,,,,,,,0,,0
21.2576,1790267696.756243,0.0204,0,,,0.000,,,0.0000,0.0000,0.0000,0.0000,0.0000,-13.0000,,,,CHO,0.0000,-12.8330,0.0000,-12.8344,0.0000,0.0000,0.000,0.000,,0.0,,,,,,,0,,0
21.2777,1790267696.776316,0.0201,0,,,0.000,,,0.0000,0.0000,0.0000,0.0000,0.0000,-13.0000,,,,CHO,0.0000,-12.8330,0.0000,-12.8344,0.0000,0.0000,0.000,0.000,,0.0,,,,,,,0,,0
21.2983,1790267696.796953,0.0206,0,,,0.000,,,0.0000,0.0000,0.0000,0.0000,0.0000,-13.0000,,,,CHO,0.0000,-12.8330,0.0000,-12.8344,0.0000,0.0000,0.000,0.000,,0.0,,,,,,,0,,0
21.3183,1790267696.816980,0.0200,0,,,0.000,,,0.0000,0.0000,0.0000,0.0000,0.0000,-13.0000,,,,CHO,0.0000,-12.8330,0.0000,-12.8344,0.0000,0.0000,0.000,0.000,,0.0,,,,,,,0,,0
21.3388,1790267696.837340,0.0204,0,,,0.000,,,0.0000,0.0000,0.0000,0.0000,0.0000,-13.0000,,,,CHO,0.0000,-12.8330,0.0000,-12.8344,0.0000,0.0000,0.000,0.000,,0.0,,,,,,,0,,0
21.3591,1790267696.857762,0.0203,0,,,0.000,,,0.0000,0.0000,0.0000,0.0000,0.0000,-13.0000,,,,CHO,0.0000,-12.8330,0.0000,-12.8344,0.0000,0.0000,0.000,0.000,,0.0,,,,,,,0,,0
21.3794,1790267696.878027,0.0203,0,,,0.000,,,0.0000,0.0000,0.0000,0.0000,0.0000,-13.0000,,,,CHO,0.0000,-12.8330,0.0000,-12.8344,0.0000,0.0000,0.000,0.000,,0.0,,,,,,,0,,0
21.4023,1790267696.900929,0.0230,0,,,0.000,,,0.0000,0.0000,0.0000,0.0000,0.0000,-13.0000,,,,CHO,0.0000,-12.8330,0.0000,-12.8344,0.0000,0.0000,0.000,0.000,,0.0,,,,,,,0,,0
21.4229,1790267696.921457,0.0205,0,,,0.000,,,0.0000,0.0000,0.0000,0.0000,0.0000,-13.0000,,,,CHO,0.0000,-12.8330,0.0000,-12.8344,0.0000,0.0000,0.000,0.000,,0.0,,,,,,,0,,0
21.4434,1790267696.942036,0.0205,0,,,0.000,,,0.0000,0.0000,0.0000,0.0000,0.0000,-13.0000,,,,CHO,0.0000,-12.8330,0.0000,-12.8344,0.0000,0.0000,0.000,0.000,,0.0,,,,,,,0,,0
21.4636,1790267696.962178,0.0202,0,,,0.000,,,0.0000,0.0000,0.0000,0.0000,0.0000,-13.0000,,,,CHO,0.0000,-12.8330,0.0000,-12.8344,0.0000,0.0000,0.000,0.000,,0.0,,,,,,,0,,0
21.4880,1790267696.986423,0.0245,0,,,0.000,,,0.0000,0.0000,0.0000,0.0000,0.0000,-13.0000,,,,CHO,0.0000,-12.8330,0.0000,-12.8344,0.0000,0.0000,0.000,0.000,,0.0,,,,,,,0,,0
21.5083,1790267697.007020,0.0203,0,,,0.000,,,0.0000,0.0000,0.0000,0.0000,0.0000,-13.0000,,,,CHO,0.0000,-12.8330,0.0000,-12.8344,0.0000,0.0000,0.000,0.000,,0.0,,,,,,,0,,0
21.5288,1790267697.027457,0.0204,0,,,0.000,,,0.0000,0.0000,0.0000,0.0000,0.0000,-13.0000,,,,CHO,0.0000,-12.8330,0.0000,-12.8344,0.0000,0.0000,0.000,0.000,,0.0,,,,,,,0,,0
21.5491,1790267697.047621,0.0203,0,,,0.000,,,0.0000,0.0000,0.0000,0.0000,0.0000,-13.0000,,,,CHO,0.0000,-12.8330,0.0000,-12.8344,0.0000,0.0000,0.000,0.000,,0.0,,,,,,,0,,0
21.5694,1790267697.067962,0.0203,0,,,0.000,,,0.0000,0.0000,0.0000,0.0000,0.0000,-13.0000,,,,CHO,0.0000,-12.8330,0.0000,-12.8344,0.0000,0.0000,0.000,0.000,,0.0,,,,,,,0,,0
21.5901,1790267697.088736,0.0207,0,,,0.000,,,0.0000,0.0000,0.0000,0.0000,0.0000,-13.0000,,,,CHO,0.0000,-12.8330,0.0000,-12.8344,0.0000,0.0000,0.000,0.000,,0.0,,,,,,,0,,0
21.6106,1790267697.109175,0.0206,0,,,0.000,,,0.0000,0.0000,0.0000,0.0000,0.0000,-13.0000,,,,CHO,0.0000,-12.8330,0.0000,-12.8344,0.0000,0.0000,0.000,0.000,,0.0,,,,,,,0,,0
21.6308,1790267697.129329,0.0202,0,,,0.000,,,0.0000,0.0000,0.0000,0.0000,0.0000,-13.0000,,,,CHO,0.0000,-12.8330,0.0000,-12.8344,0.0000,0.0000,0.000,0.000,,0.0,,,,,,,0,,0
21.6511,1790267697.149670,0.0203,0,,,0.000,,,0.0000,0.0000,0.0000,0.0000,0.0000,-13.0000,,,,CHO,0.0000,-12.8330,0.0000,-12.8344,0.0000,0.0000,0.000,0.000,,0.0,,,,,,,0,,0
21.6734,1790267697.171940,0.0223,0,,,0.000,,,0.0000,0.0000,0.0000,0.0000,0.0000,-13.0000,,,,CHO,0.0000,-12.8330,0.0000,-12.8344,0.0000,0.0000,0.000,0.000,,0.0,,,,,,,0,,0
21.6938,1790267697.192416,0.0204,0,,,0.000,,,0.0000,0.0000,0.0000,0.0000,0.0000,-13.0000,,,,CHO,0.0000,-12.8330,0.0000,-12.8344,0.0000,0.0000,0.000,0.000,,0.0,,,,,,,0,,0
21.7142,1790267697.212859,0.0204,0,,,0.000,,,0.0000,0.0000,0.0000,0.0000,0.0000,-13.0000,,,,CHO,0.0000,-12.8330,0.0000,-12.8344,0.0000,0.0000,0.000,0.000,,0.0,,,,,,,0,,0
21.7343,1790267697.232989,0.0200,0,,,0.000,,,0.0000,0.0000,0.0000,0.0000,0.0000,-13.0000,,,,CHO,0.0000,-12.8330,0.0000,-12.8344,0.0000,0.0000,0.000,0.000,,0.0,,,,,,,0,,0
21.7547,1790267697.253306,0.0204,0,,,0.000,,,0.0000,0.0000,0.0000,0.0000,0.0000,-13.0000,,,,CHO,0.0000,-12.8330,0.0000,-12.8344,0.0000,0.0000,0.000,0.000,,0.0,,,,,,,0,,0
21.7749,1790267697.273540,0.0202,0,,,0.000,,,0.0000,0.0000,0.0000,0.0000,0.0000,-13.0000,,,,CHO,0.0000,-12.8330,0.0000,-12.8344,0.0000,0.0000,0.000,0.000,,0.0,,,,,,,0,,0
21.7982,1790267697.296858,0.0233,0,,,0.000,,,0.0000,0.0000,0.0000,0.0000,0.0000,-13.0000,,,,CHO,0.0000,-12.8330,0.0000,-12.8344,0.0000,0.0000,0.000,0.000,,0.0,,,,,,,0,,0
21.8184,1790267697.317104,0.0202,0,,,0.000,,,0.0000,0.0000,0.0000,0.0000,0.0000,-13.0000,,,,CHO,0.0000,-12.8330,0.0000,-12.8344,0.0000,0.0000,0.000,0.000,,0.0,,,,,,,0,,0
21.8385,1790267697.337101,0.0201,0,,,0.000,,,0.0000,0.0000,0.0000,0.0000,0.0000,-13.0000,,,,CHO,0.0000,-12.8330,0.0000,-12.8344,0.0000,0.0000,0.000,0.000,,0.0,,,,,,,0,,0
21.8587,1790267697.357277,0.0203,0,,,0.000,,,0.0000,0.0000,0.0000,0.0000,0.0000,-13.0000,,,,CHO,0.0000,-12.8330,0.0000,-12.8344,0.0000,0.0000,0.000,0.000,,0.0,,,,,,,0,,0
21.8793,1790267697.377961,0.0205,0,,,0.000,,,0.0000,0.0000,0.0000,0.0000,0.0000,-13.0000,,,,CHO,0.0000,-12.8330,0.0000,-12.8344,0.0000,0.0000,0.000,0.000,,0.0,,,,,,,0,,0
21.8995,1790267697.398142,0.0202,0,,,0.000,,,0.0000,0.0000,0.0000,0.0000,0.0000,-13.0000,,,,CHO,0.0000,-12.8330,0.0000,-12.8344,0.0000,0.0000,0.000,0.000,,0.0,,,,,,,0,,0
21.9197,1790267697.418359,0.0202,0,,,0.000,,,0.0000,0.0000,0.0000,0.0000,0.0000,-13.0000,,,,CHO,0.0000,-12.8330,0.0000,-12.8344,0.0000,0.0000,0.000,0.000,,0.0,,,,,,,0,,0
21.9400,1790267697.438708,0.0204,0,,,0.000,,,0.0000,0.0000,0.0000,0.0000,0.0000,-13.0000,,,,CHO,0.0000,-12.8330,0.0000,-12.8344,0.0000,0.0000,0.000,0.000,,0.0,,,,,,,0,,0
21.9602,1790267697.458906,0.0202,0,,,0.000,,,0.0000,0.0000,0.0000,0.0000,0.0000,-13.0000,,,,CHO,0.0000,-12.8330,0.0000,-12.8344,0.0000,0.0000,0.000,0.000,,0.0,,,,,,,0,,0
21.9807,1790267697.479309,0.0205,0,,,0.000,,,0.0000,0.0000,0.0000,0.0000,0.0000,-13.0000,,,,CHO,0.0000,-12.8330,0.0000,-12.8344,0.0000,0.0000,0.000,0.000,,0.0,,,,,,,0,,0
22.0012,1790267697.499597,0.0205,0,,,0.000,,,0.0000,0.0000,0.0000,0.0000,0.0000,-13.0000,,,,CHO,0.0000,-12.8330,0.0000,-12.8344,0.0000,0.0000,0.000,0.000,,0.0,,,,,,,0,,0
22.0215,1790267697.520121,0.0203,0,,,0.000,,,0.0000,0.0000,0.0000,0.0000,0.0000,-13.0000,,,,CHO,0.0000,-12.8330,0.0000,-12.8344,0.0000,0.0000,0.000,0.000,,0.0,,,,,,,0,,0
22.0422,1790267697.540732,0.0207,0,,,0.000,,,0.0000,0.0000,0.0000,0.0000,0.0000,-13.0000,,,,CHO,0.0000,-12.8330,0.0000,-12.8344,0.0000,0.0000,0.000,0.000,,0.0,,,,,,,0,,0
22.0626,1790267697.561236,0.0204,0,,,0.000,,,0.0000,0.0000,0.0000,0.0000,0.0000,-13.0000,,,,CHO,0.0000,-12.8330,0.0000,-12.8344,0.0000,0.0000,0.000,0.000,,0.0,,,,,,,0,,0
22.0853,1790267697.583959,0.0227,0,,,0.000,,,0.0000,0.0000,0.0000,0.0000,0.0000,-13.0000,,,,CHO,0.0000,-12.8330,0.0000,-12.8344,0.0000,0.0000,0.000,0.000,,0.0,,,,,,,0,,0
22.1055,1790267697.604251,0.0202,0,,,0.000,,,0.0000,0.0000,0.0000,0.0000,0.0000,-13.0000,,,,CHO,0.0000,-12.8330,0.0000,-12.8344,0.0000,0.0000,0.000,0.000,,0.0,,,,,,,0,,0
22.1259,1790267697.624581,0.0204,0,,,0.000,,,0.0000,0.0000,0.0000,0.0000,0.0000,-13.0000,,,,CHO,0.0000,-12.8330,0.0000,-12.8344,0.0000,0.0000,0.000,0.000,,0.0,,,,,,,0,,0
22.1462,1790267697.644796,0.0203,0,,,0.000,,,0.0000,0.0000,0.0000,0.0000,0.0000,-13.0000,,,,CHO,0.0000,-12.8330,0.0000,-12.8344,0.0000,0.0000,0.000,0.000,,0.0,,,,,,,0,,0
22.1687,1790267697.667123,0.0225,0,,,0.000,,,0.0000,0.0000,0.0000,0.0000,0.0000,-13.0000,,,,CHO,0.0000,-12.8330,0.0000,-12.8344,0.0000,0.0000,0.000,0.000,,0.0,,,,,,,0,,0
22.1893,1790267697.687949,0.0206,0,,,0.000,,,0.0000,0.0000,0.0000,0.0000,0.0000,-13.0000,,,,CHO,0.0000,-12.8330,0.0000,-12.8344,0.0000,0.0000,0.000,0.000,,0.0,,,,,,,0,,0
22.2093,1790267697.708019,0.0200,0,,,0.000,,,0.0000,0.0000,0.0000,0.0000,0.0000,-13.0000,,,,CHO,0.0000,-12.8330,0.0000,-12.8344,0.0000,0.0000,0.000,0.000,,0.0,,,,,,,0,,0
22.2297,1790267697.728357,0.0204,0,,,0.000,,,0.0000,0.0000,0.0000,0.0000,0.0000,-13.0000,,,,CHO,0.0000,-12.8330,0.0000,-12.8344,0.0000,0.0000,0.000,0.000,,0.0,,,,,,,0,,0
22.2502,1790267697.748887,0.0205,0,,,0.000,,,0.0000,0.0000,0.0000,0.0000,0.0000,-13.0000,,,,CHO,0.0000,-12.8330,0.0000,-12.8344,0.0000,0.0000,0.000,0.000,,0.0,,,,,,,0,,0
22.2703,1790267697.768930,0.0201,0,,,0.000,,,0.0000,0.0000,0.0000,0.0000,0.0000,-13.0000,,,,CHO,0.0000,-12.8330,0.0000,-12.8344,0.0000,0.0000,0.000,0.000,,0.0,,,,,,,0,,0
22.2907,1790267697.789404,0.0204,0,,,0.000,,,0.0000,0.0000,0.0000,0.0000,0.0000,-13.0000,,,,CHO,0.0000,-12.8330,0.0000,-12.8344,0.0000,0.0000,0.000,0.000,,0.0,,,,,,,0,,0
22.3111,1790267697.809733,0.0203,0,,,0.000,,,0.0000,0.0000,0.0000,0.0000,0.0000,-13.0000,,,,CHO,0.0000,-12.8330,0.0000,-12.8344,0.0000,0.0000,0.000,0.000,,0.0,,,,,,,0,,0
22.3317,1790267697.830392,0.0207,0,,,0.000,,,0.0000,0.0000,0.0000,0.0000,0.0000,-13.0000,,,,CHO,0.0000,-12.8330,0.0000,-12.8344,0.0000,0.0000,0.000,0.000,,0.0,,,,,,,0,,0
22.3520,1790267697.850663,0.0203,0,,,0.000,,,0.0000,0.0000,0.0000,0.0000,0.0000,-13.0000,,,,CHO,0.0000,-12.8330,0.0000,-12.8344,0.0000,0.0000,0.000,0.000,,0.0,,,,,,,0,,0
22.3726,1790267697.871253,0.0206,0,,,0.000,,,0.0000,0.0000,0.0000,0.0000,0.0000,-13.0000,,,,CHO,0.0000,-12.8330,0.0000,-12.8344,0.0000,0.0000,0.000,0.000,,0.0,,,,,,,0,,0
22.3930,1790267697.891722,0.0204,0,,,0.000,,,0.0000,0.0000,0.0000,0.0000,0.0000,-13.0000,,,,CHO,0.0000,-12.8330,0.0000,-12.8344,0.0000,0.0000,0.000,0.000,,0.0,,,,,,,0,,0
22.4134,1790267697.912095,0.0204,0,,,0.000,,,0.0000,0.0000,0.0000,0.0000,0.0000,-13.0000,,,,CHO,0.0000,-12.8330,0.0000,-12.8344,0.0000,0.0000,0.000,0.000,,0.0,,,,,,,0,,0
22.4351,1790267697.933650,0.0217,0,,,0.000,,,0.0000,0.0000,0.0000,0.0000,0.0000,-13.0000,,,,CHO,0.0000,-12.8330,0.0000,-12.8344,0.0000,0.0000,0.000,0.000,,0.0,,,,,,,0,,0
22.4555,1790267697.954158,0.0204,0,,,0.000,,,0.0000,0.0000,0.0000,0.0000,0.0000,-13.0000,,,,CHO,0.0000,-12.8330,0.0000,-12.8344,0.0000,0.0000,0.000,0.000,,0.0,,,,,,,0,,0
22.4761,1790267697.974768,0.0206,0,,,0.000,,,0.0000,0.0000,0.0000,0.0000,0.0000,-13.0000,,,,CHO,0.0000,-12.8330,0.0000,-12.8344,0.0000,0.0000,0.000,0.000,,0.0,,,,,,,0,,0
22.5000,1790267697.998554,0.0239,0,,,0.000,,,0.0000,0.0000,0.0000,0.0000,0.0000,-13.0000,,,,CHO,0.0000,-12.8330,0.0000,-12.8344,0.0000,0.0000,0.000,0.000,,0.0,,,,,,,0,,0
22.5200,1790267698.018683,0.0200,0,,,0.000,,,0.0000,0.0000,0.0000,0.0000,0.0000,-13.0000,,,,CHO,0.0000,-12.8330,0.0000,-12.8344,0.0000,0.0000,0.000,0.000,,0.0,,,,,,,0,,0
22.5403,1790267698.038918,0.0202,0,,,0.000,,,0.0000,0.0000,0.0000,0.0000,0.0000,-13.0000,,,,CHO,0.0000,-12.8330,0.0000,-12.8344,0.0000,0.0000,0.000,0.000,,0.0,,,,,,,0,,0
22.5607,1790267698.059245,0.0204,0,,,0.000,,,0.0000,0.0000,0.0000,0.0000,0.0000,-13.0000,,,,CHO,0.0000,-12.8330,0.0000,-12.8344,0.0000,0.0000,0.000,0.000,,0.0,,,,,,,0,,0
22.5857,1790267698.084224,0.0251,0,,,0.000,,,0.0000,0.0000,0.0000,0.0000,0.0000,-13.0000,,,,CHO,0.0000,-12.8330,0.0000,-12.8344,0.0000,0.0000,0.000,0.000,,0.0,,,,,,,0,,0
22.6062,1790267698.104943,0.0205,0,,,0.000,,,0.0000,0.0000,0.0000,0.0000,0.0000,-13.0000,,,,CHO,0.0000,-12.8330,0.0000,-12.8344,0.0000,0.0000,0.000,0.000,,0.0,,,,,,,0,,0
22.6263,1790267698.124883,0.0201,0,,,0.000,,,0.0000,0.0000,0.0000,0.0000,0.0000,-13.0000,,,,CHO,0.0000,-12.8330,0.0000,-12.8344,0.0000,0.0000,0.000,0.000,,0.0,,,,,,,0,,0
22.6463,1790267698.144909,0.0200,0,,,0.000,,,0.0000,0.0000,0.0000,0.0000,0.0000,-13.0000,,,,CHO,0.0000,-12.8330,0.0000,-12.8344,0.0000,0.0000,0.000,0.000,,0.0,,,,,,,0,,0
22.6776,1790267698.175745,0.0313,0,,,0.000,,,0.0000,0.0000,0.0000,0.0000,0.0000,-13.0000,,,,CHO,0.0000,-12.8330,0.0000,-12.8344,0.0000,0.0000,0.000,0.000,,0.0,,,,,,,0,,0
22.7055,1790267698.203425,0.0278,0,,,0.000,,,0.0000,0.0000,0.0000,0.0000,0.0000,-13.0000,,,,CHO,0.0000,-12.8330,0.0000,-12.8344,0.0000,0.0000,0.000,0.000,,0.0,,,,,,,0,,0
22.7256,1790267698.224312,0.0202,0,,,0.000,,,0.0000,0.0000,0.0000,0.0000,0.0000,-13.0000,,,,CHO,0.0000,-12.8330,0.0000,-12.8344,0.0000,0.0000,0.000,0.000,,0.0,,,,,,,0,,0
22.7462,1790267698.244745,0.0205,0,,,0.000,,,0.0000,0.0000,0.0000,0.0000,0.0000,-13.0000,,,,CHO,0.0000,-12.8330,0.0000,-12.8344,0.0000,0.0000,0.000,0.000,,0.0,,,,,,,0,,0
22.7665,1790267698.265088,0.0204,0,,,0.000,,,0.0000,0.0000,0.0000,0.0000,0.0000,-13.0000,,,,CHO,0.0000,-12.8330,0.0000,-12.8344,0.0000,0.0000,0.000,0.000,,0.0,,,,,,,0,,0
22.7868,1790267698.285470,0.0203,0,,,0.000,,,0.0000,0.0000,0.0000,0.0000,0.0000,-13.0000,,,,CHO,0.0000,-12.8330,0.0000,-12.8344,0.0000,0.0000,0.000,0.000,,0.0,,,,,,,0,,0
22.8070,1790267698.305694,0.0202,0,,,0.000,,,0.0000,0.0000,0.0000,0.0000,0.0000,-13.0000,,,,CHO,0.0000,-12.8330,0.0000,-12.8344,0.0000,0.0000,0.000,0.000,,0.0,,,,,,,0,,0
22.8319,1790267698.330427,0.0249,0,,,0.000,,,0.0000,0.0000,0.0000,0.0000,0.0000,-13.0000,,,,CHO,0.0000,-12.8330,0.0000,-12.8344,0.0000,0.0000,0.000,0.000,,0.0,,,,,,,0,,0
22.8519,1790267698.350598,0.0200,0,,,0.000,,,0.0000,0.0000,0.0000,0.0000,0.0000,-13.0000,,,,CHO,0.0000,-12.8330,0.0000,-12.8344,0.0000,0.0000,0.000,0.000,,0.0,,,,,,,0,,0
22.8721,1790267698.370685,0.0202,0,,,0.000,,,0.0000,0.0000,0.0000,0.0000,0.0000,-13.0000,,,,CHO,0.0000,-12.8330,0.0000,-12.8344,0.0000,0.0000,0.000,0.000,,0.0,,,,,,,0,,0
22.8925,1790267698.391080,0.0204,0,,,0.000,,,0.0000,0.0000,0.0000,0.0000,0.0000,-13.0000,,,,CHO,0.0000,-12.8330,0.0000,-12.8344,0.0000,0.0000,0.000,0.000,,0.0,,,,,,,0,,0
22.9151,1790267698.413685,0.0226,0,,,0.000,,,0.0000,0.0000,0.0000,0.0000,0.0000,-13.0000,,,,CHO,0.0000,-12.8330,0.0000,-12.8344,0.0000,0.0000,0.000,0.000,,0.0,,,,,,,0,,0
22.9351,1790267698.433840,0.0200,0,,,0.000,,,0.0000,0.0000,0.0000,0.0000,0.0000,-13.0000,,,,CHO,0.0000,-12.8330,0.0000,-12.8344,0.0000,0.0000,0.000,0.000,,0.0,,,,,,,0,,0
22.9552,1790267698.453930,0.0201,0,,,0.000,,,0.0000,0.0000,0.0000,0.0000,0.0000,-13.0000,,,,CHO,0.0000,-12.8330,0.0000,-12.8344,0.0000,0.0000,0.000,0.000,,0.0,,,,,,,0,,0
22.9755,1790267698.474166,0.0202,0,,,0.000,,,0.0000,0.0000,0.0000,0.0000,0.0000,-13.0000,,,,CHO,0.0000,-12.8330,0.0000,-12.8344,0.0000,0.0000,0.000,0.000,,0.0,,,,,,,0,,0
22.9957,1790267698.494317,0.0203,0,,,0.000,,,0.0000,0.0000,0.0000,0.0000,0.0000,-13.0000,,,,CHO,0.0000,-12.8330,0.0000,-12.8344,0.0000,0.0000,0.000,0.000,,0.0,,,,,,,0,,0
23.0159,1790267698.514634,0.0202,0,,,0.000,,,0.0000,0.0000,0.0000,0.0000,0.0000,-13.0000,,,,CHO,0.0000,-12.8330,0.0000,-12.8344,0.0000,0.0000,0.000,0.000,,0.0,,,,,,,0,,0
23.0363,1790267698.535001,0.0204,0,,,0.000,,,0.0000,0.0000,0.0000,0.0000,0.0000,-13.0000,,,,CHO,0.0000,-12.8330,0.0000,-12.8344,0.0000,0.0000,0.000,0.000,,0.0,,,,,,,0,,0
23.0565,1790267698.555135,0.0202,0,,,0.000,,,0.0000,0.0000,0.0000,0.0000,0.0000,-13.0000,,,,CHO,0.0000,-12.8330,0.0000,-12.8344,0.0000,0.0000,0.000,0.000,,0.0,,,,,,,0,,0
23.0768,1790267698.575399,0.0202,0,,,0.000,,,0.0000,0.0000,0.0000,0.0000,0.0000,-13.0000,,,,CHO,0.0000,-12.8330,0.0000,-12.8344,0.0000,0.0000,0.000,0.000,,0.0,,,,,,,0,,0
23.0973,1790267698.595880,0.0205,0,,,0.000,,,0.0000,0.0000,0.0000,0.0000,0.0000,-13.0000,,,,CHO,0.0000,-12.8330,0.0000,-12.8344,0.0000,0.0000,0.000,0.000,,0.0,,,,,,,0,,0
23.1182,1790267698.616810,0.0209,0,,,0.000,,,0.0000,0.0000,0.0000,0.0000,0.0000,-13.0000,,,,CHO,0.0000,-12.8330,0.0000,-12.8344,0.0000,0.0000,0.000,0.000,,0.0,,,,,,,0,,0
23.1385,1790267698.637194,0.0203,0,,,0.000,,,0.0000,0.0000,0.0000,0.0000,0.0000,-13.0000,,,,CHO,0.0000,-12.8330,0.0000,-12.8344,0.0000,0.0000,0.000,0.000,,0.0,,,,,,,0,,0
23.1589,1790267698.657506,0.0204,0,,,0.000,,,0.0000,0.0000,0.0000,0.0000,0.0000,-13.0000,,,,CHO,0.0000,-12.8330,0.0000,-12.8344,0.0000,0.0000,0.000,0.000,,0.0,,,,,,,0,,0
23.1791,1790267698.677726,0.0203,0,,,0.000,,,0.0000,0.0000,0.0000,0.0000,0.0000,-13.0000,,,,CHO,0.0000,-12.8330,0.0000,-12.8344,0.0000,0.0000,0.000,0.000,,0.0,,,,,,,0,,0
23.2017,1790267698.700316,0.0226,0,,,0.000,,,0.0000,0.0000,0.0000,0.0000,0.0000,-13.0000,,,,CHO,0.0000,-12.8330,0.0000,-12.8344,0.0000,0.0000,0.000,0.000,,0.0,,,,,,,0,,0
23.2220,1790267698.720672,0.0203,0,,,0.000,,,0.0000,0.0000,0.0000,0.0000,0.0000,-13.0000,,,,CHO,0.0000,-12.8330,0.0000,-12.8344,0.0000,0.0000,0.000,0.000,,0.0,,,,,,,0,,0
23.2421,1790267698.740760,0.0202,0,,,0.000,,,0.0000,0.0000,0.0000,0.0000,0.0000,-13.0000,,,,CHO,0.0000,-12.8330,0.0000,-12.8344,0.0000,0.0000,0.000,0.000,,0.0,,,,,,,0,,0
23.2625,1790267698.761142,0.0204,0,,,0.000,,,0.0000,0.0000,0.0000,0.0000,0.0000,-13.0000,,,,CHO,0.0000,-12.8330,0.0000,-12.8344,0.0000,0.0000,0.000,0.000,,0.0,,,,,,,0,,0
23.2849,1790267698.783396,0.0225,0,,,0.000,,,0.0000,0.0000,0.0000,0.0000,0.0000,-13.0000,,,,CHO,0.0000,-12.8330,0.0000,-12.8344,0.0000,0.0000,0.000,0.000,,0.0,,,,,,,0,,0
23.3053,1790267698.803923,0.0204,0,,,0.000,,,0.0000,0.0000,0.0000,0.0000,0.0000,-13.0000,,,,CHO,0.0000,-12.8330,0.0000,-12.8344,0.0000,0.0000,0.000,0.000,,0.0,,,,,,,0,,0
23.3256,1790267698.824220,0.0203,0,,,0.000,,,0.0000,0.0000,0.0000,0.0000,0.0000,-13.0000,,,,CHO,0.0000,-12.8330,0.0000,-12.8344,0.0000,0.0000,0.000,0.000,,0.0,,,,,,,0,,0
23.3456,1790267698.844182,0.0200,0,,,0.000,,,0.0000,0.0000,0.0000,0.0000,0.0000,-13.0000,,,,CHO,0.0000,-12.8330,0.0000,-12.8344,0.0000,0.0000,0.000,0.000,,0.0,,,,,,,0,,0
23.3673,1790267698.865759,0.0216,0,,,0.000,,,0.0000,0.0000,0.0000,0.0000,0.0000,-13.0000,,,,CHO,0.0000,-12.8330,0.0000,-12.8344,0.0000,0.0000,0.000,0.000,,0.0,,,,,,,0,,0
23.3874,1790267698.886112,0.0202,0,,,0.000,,,0.0000,0.0000,0.0000,0.0000,0.0000,-13.0000,,,,CHO,0.0000,-12.8330,0.0000,-12.8344,0.0000,0.0000,0.000,0.000,,0.0,,,,,,,0,,0
23.4077,1790267698.906407,0.0203,0,,,0.000,,,0.0000,0.0000,0.0000,0.0000,0.0000,-13.0000,,,,CHO,0.0000,-12.8330,0.0000,-12.8344,0.0000,0.0000,0.000,0.000,,0.0,,,,,,,0,,0
23.4278,1790267698.926420,0.0201,0,,,0.000,,,0.0000,0.0000,0.0000,0.0000,0.0000,-13.0000,,,,CHO,0.0000,-12.8330,0.0000,-12.8344,0.0000,0.0000,0.000,0.000,,0.0,,,,,,,0,,0
23.4484,1790267698.947057,0.0206,0,,,0.000,,,0.0000,0.0000,0.0000,0.0000,0.0000,-13.0000,,,,CHO,0.0000,-12.8330,0.0000,-12.8344,0.0000,0.0000,0.000,0.000,,0.0,,,,,,,0,,0
23.4689,1790267698.967503,0.0205,0,,,0.000,,,0.0000,0.0000,0.0000,0.0000,0.0000,-13.0000,,,,CHO,0.0000,-12.8330,0.0000,-12.8344,0.0000,0.0000,0.000,0.000,,0.0,,,,,,,0,,0
23.4893,1790267698.987923,0.0203,0,,,0.000,,,0.0000,0.0000,0.0000,0.0000,0.0000,-13.0000,,,,CHO,0.0000,-12.8330,0.0000,-12.8344,0.0000,0.0000,0.000,0.000,,0.0,,,,,,,0,,0
23.5097,1790267699.008343,0.0205,0,,,0.000,,,0.0000,0.0000,0.0000,0.0000,0.0000,-13.0000,,,,CHO,0.0000,-12.8330,0.0000,-12.8344,0.0000,0.0000,0.000,0.000,,0.0,,,,,,,0,,0
23.5300,1790267699.028572,0.0202,0,,,0.000,,,0.0000,0.0000,0.0000,0.0000,0.0000,-13.0000,,,,CHO,0.0000,-12.8330,0.0000,-12.8344,0.0000,0.0000,0.000,0.000,,0.0,,,,,,,0,,0
23.5503,1790267699.048816,0.0204,0,,,0.000,,,0.0000,0.0000,0.0000,0.0000,0.0000,-13.0000,,,,CHO,0.0000,-12.8330,0.0000,-12.8344,0.0000,0.0000,0.000,0.000,,0.0,,,,,,,0,,0
23.5705,1790267699.069206,0.0202,0,,,0.000,,,0.0000,0.0000,0.0000,0.0000,0.0000,-13.0000,,,,CHO,0.0000,-12.8330,0.0000,-12.8344,0.0000,0.0000,0.000,0.000,,0.0,,,,,,,0,,0
23.5910,1790267699.089635,0.0205,0,,,0.000,,,0.0000,0.0000,0.0000,0.0000,0.0000,-13.0000,,,,CHO,0.0000,-12.8330,0.0000,-12.8344,0.0000,0.0000,0.000,0.000,,0.0,,,,,,,0,,0
23.6159,1790267699.114683,0.0248,0,,,0.000,,,0.0000,0.0000,0.0000,0.0000,0.0000,-13.0000,,,,CHO,0.0000,-12.8330,0.0000,-12.8344,0.0000,0.0000,0.000,0.000,,0.0,,,,,,,0,,0
23.6366,1790267699.135076,0.0207,0,,,0.000,,,0.0000,0.0000,0.0000,0.0000,0.0000,-13.0000,,,,CHO,0.0000,-12.8330,0.0000,-12.8344,0.0000,0.0000,0.000,0.000,,0.0,,,,,,,0,,0
23.6568,1790267699.155445,0.0202,0,,,0.000,,,0.0000,0.0000,0.0000,0.0000,0.0000,-13.0000,,,,CHO,0.0000,-12.8330,0.0000,-12.8344,0.0000,0.0000,0.000,0.000,,0.0,,,,,,,0,,0
23.6774,1790267699.175830,0.0206,0,,,0.000,,,0.0000,0.0000,0.0000,0.0000,0.0000,-13.0000,,,,CHO,0.0000,-12.8330,0.0000,-12.8344,0.0000,0.0000,0.000,0.000,,0.0,,,,,,,0,,0
23.6980,1790267699.196616,0.0206,0,,,0.000,,,0.0000,0.0000,0.0000,0.0000,0.0000,-13.0000,,,,CHO,0.0000,-12.8330,0.0000,-12.8344,0.0000,0.0000,0.000,0.000,,0.0,,,,,,,0,,0
23.7233,1790267699.221798,0.0254,0,,,0.000,,,0.0000,0.0000,0.0000,0.0000,0.0000,-13.0000,,,,CHO,0.0000,-12.8330,0.0000,-12.8344,0.0000,0.0000,0.000,0.000,,0.0,,,,,,,0,,0
23.7434,1790267699.241986,0.0200,0,,,0.000,,,0.0000,0.0000,0.0000,0.0000,0.0000,-13.0000,,,,CHO,0.0000,-12.8330,0.0000,-12.8344,0.0000,0.0000,0.000,0.000,,0.0,,,,,,,0,,0
23.7641,1790267699.262792,0.0208,0,,,0.000,,,0.0000,0.0000,0.0000,0.0000,0.0000,-13.0000,,,,CHO,0.0000,-12.8330,0.0000,-12.8344,0.0000,0.0000,0.000,0.000,,0.0,,,,,,,0,,0
23.7847,1790267699.283264,0.0205,0,,,0.000,,,0.0000,0.0000,0.0000,0.0000,0.0000,-13.0000,,,,CHO,0.0000,-12.8330,0.0000,-12.8344,0.0000,0.0000,0.000,0.000,,0.0,,,,,,,0,,0
23.8070,1790267699.305846,0.0223,0,,,0.000,,,0.0000,0.0000,0.0000,0.0000,0.0000,-13.0000,,,,CHO,0.0000,-12.8330,0.0000,-12.8344,0.0000,0.0000,0.000,0.000,,0.0,,,,,,,0,,0
23.8273,1790267699.325960,0.0202,0,,,0.000,,,0.0000,0.0000,0.0000,0.0000,0.0000,-13.0000,,,,CHO,0.0000,-12.8330,0.0000,-12.8344,0.0000,0.0000,0.000,0.000,,0.0,,,,,,,0,,0
23.8474,1790267699.345979,0.0201,0,,,0.000,,,0.0000,0.0000,0.0000,0.0000,0.0000,-13.0000,,,,CHO,0.0000,-12.8330,0.0000,-12.8344,0.0000,0.0000,0.000,0.000,,0.0,,,,,,,0,,0
23.8674,1790267699.366116,0.0201,0,,,0.000,,,0.0000,0.0000,0.0000,0.0000,0.0000,-13.0000,,,,CHO,0.0000,-12.8330,0.0000,-12.8344,0.0000,0.0000,0.000,0.000,,0.0,,,,,,,0,,0
23.8878,1790267699.386461,0.0203,0,,,0.000,,,0.0000,0.0000,0.0000,0.0000,0.0000,-13.0000,,,,CHO,0.0000,-12.8330,0.0000,-12.8344,0.0000,0.0000,0.000,0.000,,0.0,,,,,,,0,,0
23.9080,1790267699.406730,0.0203,0,,,0.000,,,0.0000,0.0000,0.0000,0.0000,0.0000,-13.0000,,,,CHO,0.0000,-12.8330,0.0000,-12.8344,0.0000,0.0000,0.000,0.000,,0.0,,,,,,,0,,0
23.9281,1790267699.426781,0.0201,0,,,0.000,,,0.0000,0.0000,0.0000,0.0000,0.0000,-13.0000,,,,CHO,0.0000,-12.8330,0.0000,-12.8344,0.0000,0.0000,0.000,0.000,,0.0,,,,,,,0,,0
23.9482,1790267699.446887,0.0202,0,,,0.000,,,0.0000,0.0000,0.0000,0.0000,0.0000,-13.0000,,,,CHO,0.0000,-12.8330,0.0000,-12.8344,0.0000,0.0000,0.000,0.000,,0.0,,,,,,,0,,0
23.9704,1790267699.468872,0.0222,0,,,0.000,,,0.0000,0.0000,0.0000,0.0000,0.0000,-13.0000,,,,CHO,0.0000,-12.8330,0.0000,-12.8344,0.0000,0.0000,0.000,0.000,,0.0,,,,,,,0,,0
23.9910,1790267699.489621,0.0205,0,,,0.000,,,0.0000,0.0000,0.0000,0.0000,0.0000,-13.0000,,,,CHO,0.0000,-12.8330,0.0000,-12.8344,0.0000,0.0000,0.000,0.000,,0.0,,,,,,,0,,0
24.0110,1790267699.509665,0.0201,0,,,0.000,,,0.0000,0.0000,0.0000,0.0000,0.0000,-13.0000,,,,CHO,0.0000,-12.8330,0.0000,-12.8344,0.0000,0.0000,0.000,0.000,,0.0,,,,,,,0,,0
24.0315,1790267699.530172,0.0205,0,,,0.000,,,0.0000,0.0000,0.0000,0.0000,0.0000,-13.0000,,,,CHO,0.0000,-12.8330,0.0000,-12.8344,0.0000,0.0000,0.000,0.000,,0.0,,,,,,,0,,0
24.0552,1790267699.553977,0.0237,0,,,0.000,,,0.0000,0.0000,0.0000,0.0000,0.0000,-13.0000,,,,CHO,0.0000,-12.8330,0.0000,-12.8344,0.0000,0.0000,0.000,0.000,,0.0,,,,,,,0,,0
24.0757,1790267699.574281,0.0205,0,,,0.000,,,0.0000,0.0000,0.0000,0.0000,0.0000,-13.0000,,,,CHO,0.0000,-12.8330,0.0000,-12.8344,0.0000,0.0000,0.000,0.000,,0.0,,,,,,,0,,0
24.0960,1790267699.594687,0.0203,0,,,0.000,,,0.0000,0.0000,0.0000,0.0000,0.0000,-13.0000,,,,CHO,0.0000,-12.8330,0.0000,-12.8344,0.0000,0.0000,0.000,0.000,,0.0,,,,,,,0,,0
24.1162,1790267699.614911,0.0202,0,,,0.000,,,0.0000,0.0000,0.0000,0.0000,0.0000,-13.0000,,,,CHO,0.0000,-12.8330,0.0000,-12.8344,0.0000,0.0000,0.000,0.000,,0.0,,,,,,,0,,0
24.1363,1790267699.634974,0.0200,0,,,0.000,,,0.0000,0.0000,0.0000,0.0000,0.0000,-13.0000,,,,CHO,0.0000,-12.8330,0.0000,-12.8344,0.0000,0.0000,0.000,0.000,,0.0,,,,,,,0,,0
24.1576,1790267699.656217,0.0213,0,,,0.000,,,0.0000,0.0000,0.0000,0.0000,0.0000,-13.0000,,,,CHO,0.0000,-12.8330,0.0000,-12.8344,0.0000,0.0000,0.000,0.000,,0.0,,,,,,,0,,0
24.1782,1790267699.676879,0.0206,0,,,0.000,,,0.0000,0.0000,0.0000,0.0000,0.0000,-13.0000,,,,CHO,0.0000,-12.8330,0.0000,-12.8344,0.0000,0.0000,0.000,0.000,,0.0,,,,,,,0,,0
24.1984,1790267699.696894,0.0202,0,,,0.000,,,0.0000,0.0000,0.0000,0.0000,0.0000,-13.0000,,,,CHO,0.0000,-12.8330,0.0000,-12.8344,0.0000,0.0000,0.000,0.000,,0.0,,,,,,,0,,0
24.2184,1790267699.717009,0.0200,0,,,0.000,,,0.0000,0.0000,0.0000,0.0000,0.0000,-13.0000,,,,CHO,0.0000,-12.8330,0.0000,-12.8344,0.0000,0.0000,0.000,0.000,,0.0,,,,,,,0,,0
24.2387,1790267699.737352,0.0204,0,,,0.000,,,0.0000,0.0000,0.0000,0.0000,0.0000,-13.0000,,,,CHO,0.0000,-12.8330,0.0000,-12.8344,0.0000,0.0000,0.000,0.000,,0.0,,,,,,,0,,0
24.2597,1790267699.758240,0.0210,0,,,0.000,,,0.0000,0.0000,0.0000,0.0000,0.0000,-13.0000,,,,CHO,0.0000,-12.8330,0.0000,-12.8344,0.0000,0.0000,0.000,0.000,,0.0,,,,,,,0,,0
24.2800,1790267699.778747,0.0204,0,,,0.000,,,0.0000,0.0000,0.0000,0.0000,0.0000,-13.0000,,,,CHO,0.0000,-12.8330,0.0000,-12.8344,0.0000,0.0000,0.000,0.000,,0.0,,,,,,,0,,0
24.3002,1790267699.798882,0.0202,0,,,0.000,,,0.0000,0.0000,0.0000,0.0000,0.0000,-13.0000,,,,CHO,0.0000,-12.8330,0.0000,-12.8344,0.0000,0.0000,0.000,0.000,,0.0,,,,,,,0,,0
24.3204,1790267699.819045,0.0201,0,,,0.000,,,0.0000,0.0000,0.0000,0.0000,0.0000,-13.0000,,,,CHO,0.0000,-12.8330,0.0000,-12.8344,0.0000,0.0000,0.000,0.000,,0.0,,,,,,,0,,0
24.3405,1790267699.839113,0.0201,0,,,0.000,,,0.0000,0.0000,0.0000,0.0000,0.0000,-13.0000,,,,CHO,0.0000,-12.8330,0.0000,-12.8344,0.0000,0.0000,0.000,0.000,,0.0,,,,,,,0,,0
24.3605,1790267699.859176,0.0201,0,,,0.000,,,0.0000,0.0000,0.0000,0.0000,0.0000,-13.0000,,,,CHO,0.0000,-12.8330,0.0000,-12.8344,0.0000,0.0000,0.000,0.000,,0.0,,,,,,,0,,0
24.3811,1790267699.879633,0.0206,0,,,0.000,,,0.0000,0.0000,0.0000,0.0000,0.0000,-13.0000,,,,CHO,0.0000,-12.8330,0.0000,-12.8344,0.0000,0.0000,0.000,0.000,,0.0,,,,,,,0,,0
24.4014,1790267699.900074,0.0203,0,,,0.000,,,0.0000,0.0000,0.0000,0.0000,0.0000,-13.0000,,,,CHO,0.0000,-12.8330,0.0000,-12.8344,0.0000,0.0000,0.000,0.000,,0.0,,,,,,,0,,0
24.4221,1790267699.920634,0.0207,0,,,0.000,,,0.0000,0.0000,0.0000,0.0000,0.0000,-13.0000,,,,CHO,0.0000,-12.8330,0.0000,-12.8344,0.0000,0.0000,0.000,0.000,,0.0,,,,,,,0,,0
24.4427,1790267699.941051,0.0206,0,,,0.000,,,0.0000,0.0000,0.0000,0.0000,0.0000,-13.0000,,,,CHO,0.0000,-12.8330,0.0000,-12.8344,0.0000,0.0000,0.000,0.000,,0.0,,,,,,,0,,0
24.4631,1790267699.961683,0.0204,0,,,0.000,,,0.0000,0.0000,0.0000,0.0000,0.0000,-13.0000,,,,CHO,0.0000,-12.8330,0.0000,-12.8344,0.0000,0.0000,0.000,0.000,,0.0,,,,,,,0,,0
24.4832,1790267699.981708,0.0201,0,,,0.000,,,0.0000,0.0000,0.0000,0.0000,0.0000,-13.0000,,,,CHO,0.0000,-12.8330,0.0000,-12.8344,0.0000,0.0000,0.000,0.000,,0.0,,,,,,,0,,0
24.5037,1790267700.002327,0.0205,0,,,0.000,,,0.0000,0.0000,0.0000,0.0000,0.0000,-13.0000,,,,CHO,0.0000,-12.8330,0.0000,-12.8344,0.0000,0.0000,0.000,0.000,,0.0,,,,,,,0,,0
24.5279,1790267700.026206,0.0242,0,,,0.000,,,0.0000,0.0000,0.0000,0.0000,0.0000,-13.0000,,,,CHO,0.0000,-12.8330,0.0000,-12.8344,0.0000,0.0000,0.000,0.000,,0.0,,,,,,,0,,0
24.5484,1790267700.047001,0.0205,0,,,0.000,,,0.0000,0.0000,0.0000,0.0000,0.0000,-13.0000,,,,CHO,0.0000,-12.8330,0.0000,-12.8344,0.0000,0.0000,0.000,0.000,,0.0,,,,,,,0,,0
24.5685,1790267700.067112,0.0201,0,,,0.000,,,0.0000,0.0000,0.0000,0.0000,0.0000,-13.0000,,,,CHO,0.0000,-12.8330,0.0000,-12.8344,0.0000,0.0000,0.000,0.000,,0.0,,,,,,,0,,0
24.5885,1790267700.087200,0.0201,0,,,0.000,,,0.0000,0.0000,0.0000,0.0000,0.0000,-13.0000,,,,CHO,0.0000,-12.8330,0.0000,-12.8344,0.0000,0.0000,0.000,0.000,,0.0,,,,,,,0,,0
24.6090,1790267700.107620,0.0204,0,,,0.000,,,0.0000,0.0000,0.0000,0.0000,0.0000,-13.0000,,,,CHO,0.0000,-12.8330,0.0000,-12.8344,0.0000,0.0000,0.000,0.000,,0.0,,,,,,,0,,0
24.6297,1790267700.128039,0.0207,0,,,0.000,,,0.0000,0.0000,0.0000,0.0000,0.0000,-13.0000,,,,CHO,0.0000,-12.8330,0.0000,-12.8344,0.0000,0.0000,0.000,0.000,,0.0,,,,,,,0,,0
24.6521,1790267700.150629,0.0224,0,,,0.000,,,0.0000,0.0000,0.0000,0.0000,0.0000,-13.0000,,,,CHO,0.0000,-12.8330,0.0000,-12.8344,0.0000,0.0000,0.000,0.000,,0.0,,,,,,,0,,0
24.6724,1790267700.170963,0.0203,0,,,0.000,,,0.0000,0.0000,0.0000,0.0000,0.0000,-13.0000,,,,CHO,0.0000,-12.8330,0.0000,-12.8344,0.0000,0.0000,0.000,0.000,,0.0,,,,,,,0,,0
24.6925,1790267700.191079,0.0201,0,,,0.000,,,0.0000,0.0000,0.0000,0.0000,0.0000,-13.0000,,,,CHO,0.0000,-12.8330,0.0000,-12.8344,0.0000,0.0000,0.000,0.000,,0.0,,,,,,,0,,0
24.7128,1790267700.211271,0.0203,0,,,0.000,,,0.0000,0.0000,0.0000,0.0000,0.0000,-13.0000,,,,CHO,0.0000,-12.8330,0.0000,-12.8344,0.0000,0.0000,0.000,0.000,,0.0,,,,,,,0,,0
24.7347,1790267700.233164,0.0220,0,,,0.000,,,0.0000,0.0000,0.0000,0.0000,0.0000,-13.0000,,,,CHO,0.0000,-12.8330,0.0000,-12.8344,0.0000,0.0000,0.000,0.000,,0.0,,,,,,,0,,0
24.7551,1790267700.253642,0.0204,0,,,0.000,,,0.0000,0.0000,0.0000,0.0000,0.0000,-13.0000,,,,CHO,0.0000,-12.8330,0.0000,-12.8344,0.0000,0.0000,0.000,0.000,,0.0,,,,,,,0,,0
24.7759,1790267700.274407,0.0208,0,,,0.000,,,0.0000,0.0000,0.0000,0.0000,0.0000,-13.0000,,,,CHO,0.0000,-12.8330,0.0000,-12.8344,0.0000,0.0000,0.000,0.000,,0.0,,,,,,,0,,0
24.8034,1790267700.302316,0.0275,0,,,0.000,,,0.0000,0.0000,0.0000,0.0000,0.0000,-13.0000,,,,CHO,0.0000,-12.8330,0.0000,-12.8344,0.0000,0.0000,0.000,0.000,,0.0,,,,,,,0,,0
24.8240,1790267700.322495,0.0205,0,,,0.000,,,0.0000,0.0000,0.0000,0.0000,0.0000,-13.0000,,,,CHO,0.0000,-12.8330,0.0000,-12.8344,0.0000,0.0000,0.000,0.000,,0.0,,,,,,,0,,0
24.8443,1790267700.342938,0.0203,0,,,0.000,,,0.0000,0.0000,0.0000,0.0000,0.0000,-13.0000,,,,CHO,0.0000,-12.8330,0.0000,-12.8344,0.0000,0.0000,0.000,0.000,,0.0,,,,,,,0,,0
24.8645,1790267700.363118,0.0202,0,,,0.000,,,0.0000,0.0000,0.0000,0.0000,0.0000,-13.0000,,,,CHO,0.0000,-12.8330,0.0000,-12.8344,0.0000,0.0000,0.000,0.000,,0.0,,,,,,,0,,0
24.8846,1790267700.383298,0.0201,0,,,0.000,,,0.0000,0.0000,0.0000,0.0000,0.0000,-13.0000,,,,CHO,0.0000,-12.8330,0.0000,-12.8344,0.0000,0.0000,0.000,0.000,,0.0,,,,,,,0,,0
24.9048,1790267700.403478,0.0202,0,,,0.000,,,0.0000,0.0000,0.0000,0.0000,0.0000,-13.0000,,,,CHO,0.0000,-12.8330,0.0000,-12.8344,0.0000,0.0000,0.000,0.000,,0.0,,,,,,,0,,0
24.9249,1790267700.423579,0.0202,0,,,0.000,,,0.0000,0.0000,0.0000,0.0000,0.0000,-13.0000,,,,CHO,0.0000,-12.8330,0.0000,-12.8344,0.0000,0.0000,0.000,0.000,,0.0,,,,,,,0,,0
24.9455,1790267700.444066,0.0205,0,,,0.000,,,0.0000,0.0000,0.0000,0.0000,0.0000,-13.0000,,,,CHO,0.0000,-12.8330,0.0000,-12.8344,0.0000,0.0000,0.000,0.000,,0.0,,,,,,,0,,0
24.9686,1790267700.467002,0.0231,0,,,0.000,,,0.0000,0.0000,0.0000,0.0000,0.0000,-13.0000,,,,CHO,0.0000,-12.8330,0.0000,-12.8344,0.0000,0.0000,0.000,0.000,,0.0,,,,,,,0,,0
24.9890,1790267700.487676,0.0204,0,,,0.000,,,0.0000,0.0000,0.0000,0.0000,0.0000,-13.0000,,,,CHO,0.0000,-12.8330,0.0000,-12.8344,0.0000,0.0000,0.000,0.000,,0.0,,,,,,,0,,0
25.0094,1790267700.508035,0.0204,0,,,0.000,,,0.0000,0.0000,0.0000,0.0000,0.0000,-13.0000,,,,CHO,0.0000,-12.8330,0.0000,-12.8344,0.0000,0.0000,0.000,0.000,,0.0,,,,,,,0,,0
25.0294,1790267700.527908,0.0200,0,,,0.000,,,0.0000,0.0000,0.0000,0.0000,0.0000,-13.0000,,,,CHO,0.0000,-12.8330,0.0000,-12.8344,0.0000,0.0000,0.000,0.000,,0.0,,,,,,,0,,0
25.0594,1790267700.557797,0.0300,0,,,0.000,,,0.0000,0.0000,0.0000,0.0000,0.0000,-13.0000,,,,CHO,0.0000,-12.8330,0.0000,-12.8344,0.0000,0.0000,0.000,0.000,,0.0,,,,,,,0,,0
25.0799,1790267700.578411,0.0205,0,,,0.000,,,0.0000,0.0000,0.0000,0.0000,0.0000,-13.0000,,,,CHO,0.0000,-12.8330,0.0000,-12.8344,0.0000,0.0000,0.000,0.000,,0.0,,,,,,,0,,0
25.1001,1790267700.598769,0.0202,0,,,0.000,,,0.0000,0.0000,0.0000,0.0000,0.0000,-13.0000,,,,CHO,0.0000,-12.8330,0.0000,-12.8344,0.0000,0.0000,0.000,0.000,,0.0,,,,,,,0,,0
25.1203,1790267700.618883,0.0202,0,,,0.000,,,0.0000,0.0000,0.0000,0.0000,0.0000,-13.0000,,,,CHO,0.0000,-12.8330,0.0000,-12.8344,0.0000,0.0000,0.000,0.000,,0.0,,,,,,,0,,0
25.1448,1790267700.642782,0.0245,0,,,0.000,,,0.0000,0.0000,0.0000,0.0000,0.0000,-13.0000,,,,CHO,0.0000,-12.8330,0.0000,-12.8344,0.0000,0.0000,0.000,0.000,,0.0,,,,,,,0,,0
25.1649,1790267700.663497,0.0201,0,,,0.000,,,0.0000,0.0000,0.0000,0.0000,0.0000,-13.0000,,,,CHO,0.0000,-12.8330,0.0000,-12.8344,0.0000,0.0000,0.000,0.000,,0.0,,,,,,,0,,0
25.1854,1790267700.684108,0.0205,0,,,0.000,,,0.0000,0.0000,0.0000,0.0000,0.0000,-13.0000,,,,CHO,0.0000,-12.8330,0.0000,-12.8344,0.0000,0.0000,0.000,0.000,,0.0,,,,,,,0,,0
25.2057,1790267700.704408,0.0203,0,,,0.000,,,0.0000,0.0000,0.0000,0.0000,0.0000,-13.0000,,,,CHO,0.0000,-12.8330,0.0000,-12.8344,0.0000,0.0000,0.000,0.000,,0.0,,,,,,,0,,0
25.2270,1790267700.725836,0.0213,0,,,0.000,,,0.0000,0.0000,0.0000,0.0000,0.0000,-13.0000,,,,CHO,0.0000,-12.8330,0.0000,-12.8344,0.0000,0.0000,0.000,0.000,,0.0,,,,,,,0,,0
25.2479,1790267700.746329,0.0209,0,,,0.000,,,0.0000,0.0000,0.0000,0.0000,0.0000,-13.0000,,,,CHO,0.0000,-12.8330,0.0000,-12.8344,0.0000,0.0000,0.000,0.000,,0.0,,,,,,,0,,0
25.2683,1790267700.766796,0.0203,0,,,0.000,,,0.0000,0.0000,0.0000,0.0000,0.0000,-13.0000,,,,CHO,0.0000,-12.8330,0.0000,-12.8344,0.0000,0.0000,0.000,0.000,,0.0,,,,,,,0,,0
25.2888,1790267700.787445,0.0205,0,,,0.000,,,0.0000,0.0000,0.0000,0.0000,0.0000,-13.0000,,,,CHO,0.0000,-12.8330,0.0000,-12.8344,0.0000,0.0000,0.000,0.000,,0.0,,,,,,,0,,0
25.3088,1790267700.807408,0.0200,0,,,0.000,,,0.0000,0.0000,0.0000,0.0000,0.0000,-13.0000,,,,CHO,0.0000,-12.8330,0.0000,-12.8344,0.0000,0.0000,0.000,0.000,,0.0,,,,,,,0,,0
25.3291,1790267700.827733,0.0202,0,,,0.000,,,0.0000,0.0000,0.0000,0.0000,0.0000,-13.0000,,,,CHO,0.0000,-12.8330,0.0000,-12.8344,0.0000,0.0000,0.000,0.000,,0.0,,,,,,,0,,0
25.3496,1790267700.848185,0.0205,0,,,0.000,,,0.0000,0.0000,0.0000,0.0000,0.0000,-13.0000,,,,CHO,0.0000,-12.8330,0.0000,-12.8344,0.0000,0.0000,0.000,0.000,,0.0,,,,,,,0,,0
25.3698,1790267700.868450,0.0202,0,,,0.000,,,0.0000,0.0000,0.0000,0.0000,0.0000,-13.0000,,,,CHO,0.0000,-12.8330,0.0000,-12.8344,0.0000,0.0000,0.000,0.000,,0.0,,,,,,,0,,0
25.3900,1790267700.888618,0.0202,0,,,0.000,,,0.0000,0.0000,0.0000,0.0000,0.0000,-13.0000,,,,CHO,0.0000,-12.8330,0.0000,-12.8344,0.0000,0.0000,0.000,0.000,,0.0,,,,,,,0,,0
25.4102,1790267700.908907,0.0202,0,,,0.000,,,0.0000,0.0000,0.0000,0.0000,0.0000,-13.0000,,,,CHO,0.0000,-12.8330,0.0000,-12.8344,0.0000,0.0000,0.000,0.000,,0.0,,,,,,,0,,0
25.4302,1790267700.929063,0.0200,0,,,0.000,,,0.0000,0.0000,0.0000,0.0000,0.0000,-13.0000,,,,CHO,0.0000,-12.8330,0.0000,-12.8344,0.0000,0.0000,0.000,0.000,,0.0,,,,,,,0,,0
25.4508,1790267700.949406,0.0206,0,,,0.000,,,0.0000,0.0000,0.0000,0.0000,0.0000,-13.0000,,,,CHO,0.0000,-12.8330,0.0000,-12.8344,0.0000,0.0000,0.000,0.000,,0.0,,,,,,,0,,0
25.4712,1790267700.969840,0.0204,0,,,0.000,,,0.0000,0.0000,0.0000,0.0000,0.0000,-13.0000,,,,CHO,0.0000,-12.8330,0.0000,-12.8344,0.0000,0.0000,0.000,0.000,,0.0,,,,,,,0,,0
25.4912,1790267700.989881,0.0200,0,,,0.000,,,0.0000,0.0000,0.0000,0.0000,0.0000,-13.0000,,,,CHO,0.0000,-12.8330,0.0000,-12.8344,0.0000,0.0000,0.000,0.000,,0.0,,,,,,,0,,0
25.5113,1790267701.009899,0.0201,0,,,0.000,,,0.0000,0.0000,0.0000,0.0000,0.0000,-13.0000,,,,CHO,0.0000,-12.8330,0.0000,-12.8344,0.0000,0.0000,0.000,0.000,,0.0,,,,,,,0,,0
25.5347,1790267701.033565,0.0235,0,,,0.000,,,0.0000,0.0000,0.0000,0.0000,0.0000,-13.0000,,,,CHO,0.0000,-12.8330,0.0000,-12.8344,0.0000,0.0000,0.000,0.000,,0.0,,,,,,,0,,0
25.5552,1790267701.053654,0.0204,0,,,0.000,,,0.0000,0.0000,0.0000,0.0000,0.0000,-13.0000,,,,CHO,0.0000,-12.8330,0.0000,-12.8344,0.0000,0.0000,0.000,0.000,,0.0,,,,,,,0,,0
25.5754,1790267701.073841,0.0202,0,,,0.000,,,0.0000,0.0000,0.0000,0.0000,0.0000,-13.0000,,,,CHO,0.0000,-12.8330,0.0000,-12.8344,0.0000,0.0000,0.000,0.000,,0.0,,,,,,,0,,0
25.5988,1790267701.097445,0.0235,0,,,0.000,,,0.0000,0.0000,0.0000,0.0000,0.0000,-13.0000,,,,CHO,0.0000,-12.8330,0.0000,-12.8344,0.0000,0.0000,0.000,0.000,,0.0,,,,,,,0,,0
25.6191,1790267701.117823,0.0203,0,,,0.000,,,0.0000,0.0000,0.0000,0.0000,0.0000,-13.0000,,,,CHO,0.0000,-12.8330,0.0000,-12.8344,0.0000,0.0000,0.000,0.000,,0.0,,,,,,,0,,0
25.6391,1790267701.137810,0.0200,0,,,0.000,,,0.0000,0.0000,0.0000,0.0000,0.0000,-13.0000,,,,CHO,0.0000,-12.8330,0.0000,-12.8344,0.0000,0.0000,0.000,0.000,,0.0,,,,,,,0,,0
25.6592,1790267701.157794,0.0200,0,,,0.000,,,0.0000,0.0000,0.0000,0.0000,0.0000,-13.0000,,,,CHO,0.0000,-12.8330,0.0000,-12.8344,0.0000,0.0000,0.000,0.000,,0.0,,,,,,,0,,0
25.6796,1790267701.178256,0.0204,0,,,0.000,,,0.0000,0.0000,0.0000,0.0000,0.0000,-13.0000,,,,CHO,0.0000,-12.8330,0.0000,-12.8344,0.0000,0.0000,0.000,0.000,,0.0,,,,,,,0,,0
25.7034,1790267701.202340,0.0239,0,,,0.000,,,0.0000,0.0000,0.0000,0.0000,0.0000,-13.0000,,,,CHO,0.0000,-12.8330,0.0000,-12.8344,0.0000,0.0000,0.000,0.000,,0.0,,,,,,,0,,0
25.7238,1790267701.222514,0.0204,0,,,0.000,,,0.0000,0.0000,0.0000,0.0000,0.0000,-13.0000,,,,CHO,0.0000,-12.8330,0.0000,-12.8344,0.0000,0.0000,0.000,0.000,,0.0,,,,,,,0,,0
25.7442,1790267701.242891,0.0204,0,,,0.000,,,0.0000,0.0000,0.0000,0.0000,0.0000,-13.0000,,,,CHO,0.0000,-12.8330,0.0000,-12.8344,0.0000,0.0000,0.000,0.000,,0.0,,,,,,,0,,0
25.7665,1790267701.265089,0.0223,0,,,0.000,,,0.0000,0.0000,0.0000,0.0000,0.0000,-13.0000,,,,CHO,0.0000,-12.8330,0.0000,-12.8344,0.0000,0.0000,0.000,0.000,,0.0,,,,,,,0,,0
25.7871,1790267701.285718,0.0205,0,,,0.000,,,0.0000,0.0000,0.0000,0.0000,0.0000,-13.0000,,,,CHO,0.0000,-12.8330,0.0000,-12.8344,0.0000,0.0000,0.000,0.000,,0.0,,,,,,,0,,0
25.8074,1790267701.306095,0.0204,0,,,0.000,,,0.0000,0.0000,0.0000,0.0000,0.0000,-13.0000,,,,CHO,0.0000,-12.8330,0.0000,-12.8344,0.0000,0.0000,0.000,0.000,,0.0,,,,,,,0,,0
25.8304,1790267701.328929,0.0230,0,,,0.000,,,0.0000,0.0000,0.0000,0.0000,0.0000,-13.0000,,,,CHO,0.0000,-12.8330,0.0000,-12.8344,0.0000,0.0000,0.000,0.000,,0.0,,,,,,,0,,0
25.8536,1790267701.352116,0.0232,0,,,0.000,,,0.0000,0.0000,0.0000,0.0000,0.0000,-13.0000,,,,CHO,0.0000,-12.8330,0.0000,-12.8344,0.0000,0.0000,0.000,0.000,,0.0,,,,,,,0,,0
25.8736,1790267701.372332,0.0200,0,,,0.000,,,0.0000,0.0000,0.0000,0.0000,0.0000,-13.0000,,,,CHO,0.0000,-12.8330,0.0000,-12.8344,0.0000,0.0000,0.000,0.000,,0.0,,,,,,,0,,0
25.8943,1790267701.392954,0.0207,0,,,0.000,,,0.0000,0.0000,0.0000,0.0000,0.0000,-13.0000,,,,CHO,0.0000,-12.8330,0.0000,-12.8344,0.0000,0.0000,0.000,0.000,,0.0,,,,,,,0,,0
25.9148,1790267701.413465,0.0205,0,,,0.000,,,0.0000,0.0000,0.0000,0.0000,0.0000,-13.0000,,,,CHO,0.0000,-12.8330,0.0000,-12.8344,0.0000,0.0000,0.000,0.000,,0.0,,,,,,,0,,0
25.9352,1790267701.433949,0.0204,0,,,0.000,,,0.0000,0.0000,0.0000,0.0000,0.0000,-13.0000,,,,CHO,0.0000,-12.8330,0.0000,-12.8344,0.0000,0.0000,0.000,0.000,,0.0,,,,,,,0,,0
25.9554,1790267701.454100,0.0202,0,,,0.000,,,0.0000,0.0000,0.0000,0.0000,0.0000,-13.0000,,,,CHO,0.0000,-12.8330,0.0000,-12.8344,0.0000,0.0000,0.000,0.000,,0.0,,,,,,,0,,0
25.9761,1790267701.474748,0.0206,0,,,0.000,,,0.0000,0.0000,0.0000,0.0000,0.0000,-13.0000,,,,CHO,0.0000,-12.8330,0.0000,-12.8344,0.0000,0.0000,0.000,0.000,,0.0,,,,,,,0,,0
25.9961,1790267701.494776,0.0200,0,,,0.000,,,0.0000,0.0000,0.0000,0.0000,0.0000,-13.0000,,,,CHO,0.0000,-12.8330,0.0000,-12.8344,0.0000,0.0000,0.000,0.000,,0.0,,,,,,,0,,0
26.0171,1790267701.515652,0.0210,0,,,0.000,,,0.0000,0.0000,0.0000,0.0000,0.0000,-13.0000,,,,CHO,0.0000,-12.8330,0.0000,-12.8344,0.0000,0.0000,0.000,0.000,,0.0,,,,,,,0,,0
26.0373,1790267701.535761,0.0202,0,,,0.000,,,0.0000,0.0000,0.0000,0.0000,0.0000,-13.0000,,,,CHO,0.0000,-12.8330,0.0000,-12.8344,0.0000,0.0000,0.000,0.000,,0.0,,,,,,,0,,0
26.0577,1790267701.556434,0.0204,0,,,0.000,,,0.0000,0.0000,0.0000,0.0000,0.0000,-13.0000,,,,CHO,0.0000,-12.8330,0.0000,-12.8344,0.0000,0.0000,0.000,0.000,,0.0,,,,,,,0,,0
26.0784,1790267701.576985,0.0206,0,,,0.000,,,0.0000,0.0000,0.0000,0.0000,0.0000,-13.0000,,,,CHO,0.0000,-12.8330,0.0000,-12.8344,0.0000,0.0000,0.000,0.000,,0.0,,,,,,,0,,0
26.1000,1790267701.598492,0.0217,0,,,0.000,,,0.0000,0.0000,0.0000,0.0000,0.0000,-13.0000,,,,CHO,0.0000,-12.8330,0.0000,-12.8344,0.0000,0.0000,0.000,0.000,,0.0,,,,,,,0,,0
26.1203,1790267701.618981,0.0203,0,,,0.000,,,0.0000,0.0000,0.0000,0.0000,0.0000,-13.0000,,,,CHO,0.0000,-12.8330,0.0000,-12.8344,0.0000,0.0000,0.000,0.000,,0.0,,,,,,,0,,0
26.1404,1790267701.638962,0.0201,0,,,0.000,,,0.0000,0.0000,0.0000,0.0000,0.0000,-13.0000,,,,CHO,0.0000,-12.8330,0.0000,-12.8344,0.0000,0.0000,0.000,0.000,,0.0,,,,,,,0,,0
26.1637,1790267701.662263,0.0233,0,,,0.000,,,0.0000,0.0000,0.0000,0.0000,0.0000,-13.0000,,,,CHO,0.0000,-12.8330,0.0000,-12.8344,0.0000,0.0000,0.000,0.000,,0.0,,,,,,,0,,0
26.1843,1790267701.682942,0.0206,0,,,0.000,,,0.0000,0.0000,0.0000,0.0000,0.0000,-13.0000,,,,CHO,0.0000,-12.8330,0.0000,-12.8344,0.0000,0.0000,0.000,0.000,,0.0,,,,,,,0,,0
26.2046,1790267701.703295,0.0203,0,,,0.000,,,0.0000,0.0000,0.0000,0.0000,0.0000,-13.0000,,,,CHO,0.0000,-12.8330,0.0000,-12.8344,0.0000,0.0000,0.000,0.000,,0.0,,,,,,,0,,0
26.2248,1790267701.723505,0.0202,0,,,0.000,,,0.0000,0.0000,0.0000,0.0000,0.0000,-13.0000,,,,CHO,0.0000,-12.8330,0.0000,-12.8344,0.0000,0.0000,0.000,0.000,,0.0,,,,,,,0,,0
26.2504,1790267701.748941,0.0256,0,,,0.000,,,0.0000,0.0000,0.0000,0.0000,0.0000,-13.0000,,,,CHO,0.0000,-12.8330,0.0000,-12.8344,0.0000,0.0000,0.000,0.000,,0.0,,,,,,,0,,0
26.2709,1790267701.769598,0.0205,0,,,0.000,,,0.0000,0.0000,0.0000,0.0000,0.0000,-13.0000,,,,CHO,0.0000,-12.8330,0.0000,-12.8344,0.0000,0.0000,0.000,0.000,,0.0,,,,,,,0,,0
26.2911,1790267701.789714,0.0202,0,,,0.000,,,0.0000,0.0000,0.0000,0.0000,0.0000,-13.0000,,,,CHO,0.0000,-12.8330,0.0000,-12.8344,0.0000,0.0000,0.000,0.000,,0.0,,,,,,,0,,0
26.3114,1790267701.810212,0.0203,0,,,0.000,,,0.0000,0.0000,0.0000,0.0000,0.0000,-13.0000,,,,CHO,0.0000,-12.8330,0.0000,-12.8344,0.0000,0.0000,0.000,0.000,,0.0,,,,,,,0,,0
26.3316,1790267701.830229,0.0202,0,,,0.000,,,0.0000,0.0000,0.0000,0.0000,0.0000,-13.0000,,,,CHO,0.0000,-12.8330,0.0000,-12.8344,0.0000,0.0000,0.000,0.000,,0.0,,,,,,,0,,0
26.3520,1790267701.850636,0.0204,0,,,0.000,,,0.0000,0.0000,0.0000,0.0000,0.0000,-13.0000,,,,CHO,0.0000,-12.8330,0.0000,-12.8344,0.0000,0.0000,0.000,0.000,,0.0,,,,,,,0,,0
26.3725,1790267701.871030,0.0206,0,,,0.000,,,0.0000,0.0000,0.0000,0.0000,0.0000,-13.0000,,,,CHO,0.0000,-12.8330,0.0000,-12.8344,0.0000,0.0000,0.000,0.000,,0.0,,,,,,,0,,0
26.3931,1790267701.891619,0.0205,0,,,0.000,,,0.0000,0.0000,0.0000,0.0000,0.0000,-13.0000,,,,CHO,0.0000,-12.8330,0.0000,-12.8344,0.0000,0.0000,0.000,0.000,,0.0,,,,,,,0,,0
26.4133,1790267701.911959,0.0203,0,,,0.000,,,0.0000,0.0000,0.0000,0.0000,0.0000,-13.0000,,,,CHO,0.0000,-12.8330,0.0000,-12.8344,0.0000,0.0000,0.000,0.000,,0.0,,,,,,,0,,0
26.4339,1790267701.932502,0.0206,0,,,0.000,,,0.0000,0.0000,0.0000,0.0000,0.0000,-13.0000,,,,CHO,0.0000,-12.8330,0.0000,-12.8344,0.0000,0.0000,0.000,0.000,,0.0,,,,,,,0,,0
26.4540,1790267701.952689,0.0201,0,,,0.000,,,0.0000,0.0000,0.0000,0.0000,0.0000,-13.0000,,,,CHO,0.0000,-12.8330,0.0000,-12.8344,0.0000,0.0000,0.000,0.000,,0.0,,,,,,,0,,0
26.4742,1790267701.972836,0.0202,0,,,0.000,,,0.0000,0.0000,0.0000,0.0000,0.0000,-13.0000,,,,CHO,0.0000,-12.8330,0.0000,-12.8344,0.0000,0.0000,0.000,0.000,,0.0,,,,,,,0,,0
26.4977,1790267701.996223,0.0235,0,,,0.000,,,0.0000,0.0000,0.0000,0.0000,0.0000,-13.0000,,,,CHO,0.0000,-12.8330,0.0000,-12.8344,0.0000,0.0000,0.000,0.000,,0.0,,,,,,,0,,0
26.5182,1790267702.016796,0.0204,0,,,0.000,,,0.0000,0.0000,0.0000,0.0000,0.0000,-13.0000,,,,CHO,0.0000,-12.8330,0.0000,-12.8344,0.0000,0.0000,0.000,0.000,,0.0,,,,,,,0,,0
26.5384,1790267702.037006,0.0202,0,,,0.000,,,0.0000,0.0000,0.0000,0.0000,0.0000,-13.0000,,,,CHO,0.0000,-12.8330,0.0000,-12.8344,0.0000,0.0000,0.000,0.000,,0.0,,,,,,,0,,0
26.5611,1790267702.059663,0.0227,0,,,0.000,,,0.0000,0.0000,0.0000,0.0000,0.0000,-13.0000,,,,CHO,0.0000,-12.8330,0.0000,-12.8344,0.0000,0.0000,0.000,0.000,,0.0,,,,,,,0,,0
26.5816,1790267702.080145,0.0205,0,,,0.000,,,0.0000,0.0000,0.0000,0.0000,0.0000,-13.0000,,,,CHO,0.0000,-12.8330,0.0000,-12.8344,0.0000,0.0000,0.000,0.000,,0.0,,,,,,,0,,0
26.6023,1790267702.100828,0.0207,0,,,0.000,,,0.0000,0.0000,0.0000,0.0000,0.0000,-13.0000,,,,CHO,0.0000,-12.8330,0.0000,-12.8344,0.0000,0.0000,0.000,0.000,,0.0,,,,,,,0,,0
26.6225,1790267702.121252,0.0202,0,,,0.000,,,0.0000,0.0000,0.0000,0.0000,0.0000,-13.0000,,,,CHO,0.0000,-12.8330,0.0000,-12.8344,0.0000,0.0000,0.000,0.000,,0.0,,,,,,,0,,0
26.6429,1790267702.141417,0.0203,0,,,0.000,,,0.0000,0.0000,0.0000,0.0000,0.0000,-13.0000,,,,CHO,0.0000,-12.8330,0.0000,-12.8344,0.0000,0.0000,0.000,0.000,,0.0,,,,,,,0,,0
26.6682,1790267702.166693,0.0254,0,,,0.000,,,0.0000,0.0000,0.0000,0.0000,0.0000,-13.0000,,,,CHO,0.0000,-12.8330,0.0000,-12.8344,0.0000,0.0000,0.000,0.000,,0.0,,,,,,,0,,0
26.6886,1790267702.187115,0.0204,0,,,0.000,,,0.0000,0.0000,0.0000,0.0000,0.0000,-13.0000,,,,CHO,0.0000,-12.8330,0.0000,-12.8344,0.0000,0.0000,0.000,0.000,,0.0,,,,,,,0,,0
26.7089,1790267702.207544,0.0203,0,,,0.000,,,0.0000,0.0000,0.0000,0.0000,0.0000,-13.0000,,,,CHO,0.0000,-12.8330,0.0000,-12.8344,0.0000,0.0000,0.000,0.000,,0.0,,,,,,,0,,0
26.7290,1790267702.227649,0.0201,0,,,0.000,,,0.0000,0.0000,0.0000,0.0000,0.0000,-13.0000,,,,CHO,0.0000,-12.8330,0.0000,-12.8344,0.0000,0.0000,0.000,0.000,,0.0,,,,,,,0,,0
26.7491,1790267702.247544,0.0201,0,,,0.000,,,0.0000,0.0000,0.0000,0.0000,0.0000,-13.0000,,,,CHO,0.0000,-12.8330,0.0000,-12.8344,0.0000,0.0000,0.000,0.000,,0.0,,,,,,,0,,0
26.7749,1790267702.273609,0.0258,0,,,0.000,,,0.0000,0.0000,0.0000,0.0000,0.0000,-13.0000,,,,CHO,0.0000,-12.8330,0.0000,-12.8344,0.0000,0.0000,0.000,0.000,,0.0,,,,,,,0,,0
26.7954,1790267702.294036,0.0205,0,,,0.000,,,0.0000,0.0000,0.0000,0.0000,0.0000,-13.0000,,,,CHO,0.0000,-12.8330,0.0000,-12.8344,0.0000,0.0000,0.000,0.000,,0.0,,,,,,,0,,0
26.8221,1790267702.320683,0.0267,0,,,0.000,,,0.0000,0.0000,0.0000,0.0000,0.0000,-13.0000,,,,CHO,0.0000,-12.8330,0.0000,-12.8344,0.0000,0.0000,0.000,0.000,,0.0,,,,,,,0,,0
26.8427,1790267702.341244,0.0206,0,,,0.000,,,0.0000,0.0000,0.0000,0.0000,0.0000,-13.0000,,,,CHO,0.0000,-12.8330,0.0000,-12.8344,0.0000,0.0000,0.000,0.000,,0.0,,,,,,,0,,0
26.8645,1790267702.362992,0.0218,0,,,0.000,,,0.0000,0.0000,0.0000,0.0000,0.0000,-13.0000,,,,CHO,0.0000,-12.8330,0.0000,-12.8344,0.0000,0.0000,0.000,0.000,,0.0,,,,,,,0,,0
26.8849,1790267702.383643,0.0204,0,,,0.000,,,0.0000,0.0000,0.0000,0.0000,0.0000,-13.0000,,,,CHO,0.0000,-12.8330,0.0000,-12.8344,0.0000,0.0000,0.000,0.000,,0.0,,,,,,,0,,0
26.9053,1790267702.403935,0.0204,0,,,0.000,,,0.0000,0.0000,0.0000,0.0000,0.0000,-13.0000,,,,CHO,0.0000,-12.8330,0.0000,-12.8344,0.0000,0.0000,0.000,0.000,,0.0,,,,,,,0,,0
26.9259,1790267702.424582,0.0206,0,,,0.000,,,0.0000,0.0000,0.0000,0.0000,0.0000,-13.0000,,,,CHO,0.0000,-12.8330,0.0000,-12.8344,0.0000,0.0000,0.000,0.000,,0.0,,,,,,,0,,0
26.9475,1790267702.446032,0.0216,0,,,0.000,,,0.0000,0.0000,0.0000,0.0000,0.0000,-13.0000,,,,CHO,0.0000,-12.8330,0.0000,-12.8344,0.0000,0.0000,0.000,0.000,,0.0,,,,,,,0,,0
26.9685,1790267702.467082,0.0211,0,,,0.000,,,0.0000,0.0000,0.0000,0.0000,0.0000,-13.0000,,,,CHO,0.0000,-12.8330,0.0000,-12.8344,0.0000,0.0000,0.000,0.000,,0.0,,,,,,,0,,0
26.9889,1790267702.487628,0.0204,0,,,0.000,,,0.0000,0.0000,0.0000,0.0000,0.0000,-13.0000,,,,CHO,0.0000,-12.8330,0.0000,-12.8344,0.0000,0.0000,0.000,0.000,,0.0,,,,,,,0,,0
27.0153,1790267702.513813,0.0264,0,,,0.000,,,0.0000,0.0000,0.0000,0.0000,0.0000,-13.0000,,,,CHO,0.0000,-12.8330,0.0000,-12.8344,0.0000,0.0000,0.000,0.000,,0.0,,,,,,,0,,0
27.0356,1790267702.534173,0.0203,0,,,0.000,,,0.0000,0.0000,0.0000,0.0000,0.0000,-13.0000,,,,CHO,0.0000,-12.8330,0.0000,-12.8344,0.0000,0.0000,0.000,0.000,,0.0,,,,,,,0,,0
27.0561,1790267702.554750,0.0205,0,,,0.000,,,0.0000,0.0000,0.0000,0.0000,0.0000,-13.0000,,,,CHO,0.0000,-12.8330,0.0000,-12.8344,0.0000,0.0000,0.000,0.000,,0.0,,,,,,,0,,0
27.0763,1790267702.574949,0.0201,0,,,0.000,,,0.0000,0.0000,0.0000,0.0000,0.0000,-13.0000,,,,CHO,0.0000,-12.8330,0.0000,-12.8344,0.0000,0.0000,0.000,0.000,,0.0,,,,,,,0,,0
27.0964,1790267702.595069,0.0202,0,,,0.000,,,0.0000,0.0000,0.0000,0.0000,0.0000,-13.0000,,,,CHO,0.0000,-12.8330,0.0000,-12.8344,0.0000,0.0000,0.000,0.000,,0.0,,,,,,,0,,0
27.1207,1790267702.619508,0.0243,0,,,0.000,,,0.0000,0.0000,0.0000,0.0000,0.0000,-13.0000,,,,CHO,0.0000,-12.8330,0.0000,-12.8344,0.0000,0.0000,0.000,0.000,,0.0,,,,,,,0,,0
27.1411,1790267702.639596,0.0204,0,,,0.000,,,0.0000,0.0000,0.0000,0.0000,0.0000,-13.0000,,,,CHO,0.0000,-12.8330,0.0000,-12.8344,0.0000,0.0000,0.000,0.000,,0.0,,,,,,,0,,0
27.1614,1790267702.659988,0.0204,0,,,0.000,,,0.0000,0.0000,0.0000,0.0000,0.0000,-13.0000,,,,CHO,0.0000,-12.8330,0.0000,-12.8344,0.0000,0.0000,0.000,0.000,,0.0,,,,,,,0,,0
27.1876,1790267702.686124,0.0262,0,,,0.000,,,0.0000,0.0000,0.0000,0.0000,0.0000,-13.0000,,,,CHO,0.0000,-12.8330,0.0000,-12.8344,0.0000,0.0000,0.000,0.000,,0.0,,,,,,,0,,0
27.2080,1790267702.706609,0.0204,0,,,0.000,,,0.0000,0.0000,0.0000,0.0000,0.0000,-13.0000,,,,CHO,0.0000,-12.8330,0.0000,-12.8344,0.0000,0.0000,0.000,0.000,,0.0,,,,,,,0,,0
27.2283,1790267702.726940,0.0203,0,,,0.000,,,0.0000,0.0000,0.0000,0.0000,0.0000,-13.0000,,,,CHO,0.0000,-12.8330,0.0000,-12.8344,0.0000,0.0000,0.000,0.000,,0.0,,,,,,,0,,0
27.2489,1790267702.747584,0.0207,0,,,0.000,,,0.0000,0.0000,0.0000,0.0000,0.0000,-13.0000,,,,CHO,0.0000,-12.8330,0.0000,-12.8344,0.0000,0.0000,0.000,0.000,,0.0,,,,,,,0,,0
27.2690,1790267702.767659,0.0200,0,,,0.000,,,0.0000,0.0000,0.0000,0.0000,0.0000,-13.0000,,,,CHO,0.0000,-12.8330,0.0000,-12.8344,0.0000,0.0000,0.000,0.000,,0.0,,,,,,,0,,0
27.2893,1790267702.787995,0.0203,0,,,0.000,,,0.0000,0.0000,0.0000,0.0000,0.0000,-13.0000,,,,CHO,0.0000,-12.8330,0.0000,-12.8344,0.0000,0.0000,0.000,0.000,,0.0,,,,,,,0,,0
27.3095,1790267702.808064,0.0202,0,,,0.000,,,0.0000,0.0000,0.0000,0.0000,0.0000,-13.0000,,,,CHO,0.0000,-12.8330,0.0000,-12.8344,0.0000,0.0000,0.000,0.000,,0.0,,,,,,,0,,0
27.3300,1790267702.828631,0.0205,0,,,0.000,,,0.0000,0.0000,0.0000,0.0000,0.0000,-13.0000,,,,CHO,0.0000,-12.8330,0.0000,-12.8344,0.0000,0.0000,0.000,0.000,,0.0,,,,,,,0,,0
27.3500,1790267702.848543,0.0200,0,,,0.000,,,0.0000,0.0000,0.0000,0.0000,0.0000,-13.0000,,,,CHO,0.0000,-12.8330,0.0000,-12.8344,0.0000,0.0000,0.000,0.000,,0.0,,,,,,,0,,0
27.3703,1790267702.868796,0.0203,0,,,0.000,,,0.0000,0.0000,0.0000,0.0000,0.0000,-13.0000,,,,CHO,0.0000,-12.8330,0.0000,-12.8344,0.0000,0.0000,0.000,0.000,,0.0,,,,,,,0,,0
27.3934,1790267702.891873,0.0230,0,,,0.000,,,0.0000,0.0000,0.0000,0.0000,0.0000,-13.0000,,,,CHO,0.0000,-12.8330,0.0000,-12.8344,0.0000,0.0000,0.000,0.000,,0.0,,,,,,,0,,0
27.4138,1790267702.912264,0.0204,0,,,0.000,,,0.0000,0.0000,0.0000,0.0000,0.0000,-13.0000,,,,CHO,0.0000,-12.8330,0.0000,-12.8344,0.0000,0.0000,0.000,0.000,,0.0,,,,,,,0,,0
27.4346,1790267702.933115,0.0208,0,,,0.000,,,0.0000,0.0000,0.0000,0.0000,0.0000,-13.0000,,,,CHO,0.0000,-12.8330,0.0000,-12.8344,0.0000,0.0000,0.000,0.000,,0.0,,,,,,,0,,0
27.4548,1790267702.953346,0.0202,0,,,0.000,,,0.0000,0.0000,0.0000,0.0000,0.0000,-13.0000,,,,CHO,0.0000,-12.8330,0.0000,-12.8344,0.0000,0.0000,0.000,0.000,,0.0,,,,,,,0,,0
27.4780,1790267702.976663,0.0232,0,,,0.000,,,0.0000,0.0000,0.0000,0.0000,0.0000,-13.0000,,,,CHO,0.0000,-12.8330,0.0000,-12.8344,0.0000,0.0000,0.000,0.000,,0.0,,,,,,,0,,0
27.4981,1790267702.996723,0.0201,0,,,0.000,,,0.0000,0.0000,0.0000,0.0000,0.0000,-13.0000,,,,CHO,0.0000,-12.8330,0.0000,-12.8344,0.0000,0.0000,0.000,0.000,,0.0,,,,,,,0,,0
27.5185,1790267703.017040,0.0204,0,,,0.000,,,0.0000,0.0000,0.0000,0.0000,0.0000,-13.0000,,,,CHO,0.0000,-12.8330,0.0000,-12.8344,0.0000,0.0000,0.000,0.000,,0.0,,,,,,,0,,0
27.5391,1790267703.037788,0.0206,0,,,0.000,,,0.0000,0.0000,0.0000,0.0000,0.0000,-13.0000,,,,CHO,0.0000,-12.8330,0.0000,-12.8344,0.0000,0.0000,0.000,0.000,,0.0,,,,,,,0,,0
27.5596,1790267703.058083,0.0205,0,,,0.000,,,0.0000,0.0000,0.0000,0.0000,0.0000,-13.0000,,,,CHO,0.0000,-12.8330,0.0000,-12.8344,0.0000,0.0000,0.000,0.000,,0.0,,,,,,,0,,0
27.5842,1790267703.082659,0.0246,0,,,0.000,,,0.0000,0.0000,0.0000,0.0000,0.0000,-13.0000,,,,CHO,0.0000,-12.8330,0.0000,-12.8344,0.0000,0.0000,0.000,0.000,,0.0,,,,,,,0,,0
27.6045,1790267703.103084,0.0203,0,,,0.000,,,0.0000,0.0000,0.0000,0.0000,0.0000,-13.0000,,,,CHO,0.0000,-12.8330,0.0000,-12.8344,0.0000,0.0000,0.000,0.000,,0.0,,,,,,,0,,0
27.6249,1790267703.123480,0.0204,0,,,0.000,,,0.0000,0.0000,0.0000,0.0000,0.0000,-13.0000,,,,CHO,0.0000,-12.8330,0.0000,-12.8344,0.0000,0.0000,0.000,0.000,,0.0,,,,,,,0,,0
27.6450,1790267703.143582,0.0201,0,,,0.000,,,0.0000,0.0000,0.0000,0.0000,0.0000,-13.0000,,,,CHO,0.0000,-12.8330,0.0000,-12.8344,0.0000,0.0000,0.000,0.000,,0.0,,,,,,,0,,0
27.6660,1790267703.164705,0.0210,0,,,0.000,,,0.0000,0.0000,0.0000,0.0000,0.0000,-13.0000,,,,CHO,0.0000,-12.8330,0.0000,-12.8344,0.0000,0.0000,0.000,0.000,,0.0,,,,,,,0,,0
27.6864,1790267703.185010,0.0204,0,,,0.000,,,0.0000,0.0000,0.0000,0.0000,0.0000,-13.0000,,,,CHO,0.0000,-12.8330,0.0000,-12.8344,0.0000,0.0000,0.000,0.000,,0.0,,,,,,,0,,0
27.7069,1790267703.205384,0.0205,0,,,0.000,,,0.0000,0.0000,0.0000,0.0000,0.0000,-13.0000,,,,CHO,0.0000,-12.8330,0.0000,-12.8344,0.0000,0.0000,0.000,0.000,,0.0,,,,,,,0,,0
27.7333,1790267703.232069,0.0265,0,,,0.000,,,0.0000,0.0000,0.0000,0.0000,0.0000,-13.0000,,,,CHO,0.0000,-12.8330,0.0000,-12.8344,0.0000,0.0000,0.000,0.000,,0.0,,,,,,,0,,0
27.7536,1790267703.252209,0.0203,0,,,0.000,,,0.0000,0.0000,0.0000,0.0000,0.0000,-13.0000,,,,CHO,0.0000,-12.8330,0.0000,-12.8344,0.0000,0.0000,0.000,0.000,,0.0,,,,,,,0,,0
27.7741,1790267703.272615,0.0205,0,,,0.000,,,0.0000,0.0000,0.0000,0.0000,0.0000,-13.0000,,,,CHO,0.0000,-12.8330,0.0000,-12.8344,0.0000,0.0000,0.000,0.000,,0.0,,,,,,,0,,0
27.7944,1790267703.293076,0.0203,0,,,0.000,,,0.0000,0.0000,0.0000,0.0000,0.0000,-13.0000,,,,CHO,0.0000,-12.8330,0.0000,-12.8344,0.0000,0.0000,0.000,0.000,,0.0,,,,,,,0,,0
27.8145,1790267703.313052,0.0201,0,,,0.000,,,0.0000,0.0000,0.0000,0.0000,0.0000,-13.0000,,,,CHO,0.0000,-12.8330,0.0000,-12.8344,0.0000,0.0000,0.000,0.000,,0.0,,,,,,,0,,0
27.8398,1790267703.338041,0.0253,0,,,0.000,,,0.0000,0.0000,0.0000,0.0000,0.0000,-13.0000,,,,CHO,0.0000,-12.8330,0.0000,-12.8344,0.0000,0.0000,0.000,0.000,,0.0,,,,,,,0,,0
27.8600,1790267703.358638,0.0202,0,,,0.000,,,0.0000,0.0000,0.0000,0.0000,0.0000,-13.0000,,,,CHO,0.0000,-12.8330,0.0000,-12.8344,0.0000,0.0000,0.000,0.000,,0.0,,,,,,,0,,0
27.8802,1790267703.378786,0.0202,0,,,0.000,,,0.0000,0.0000,0.0000,0.0000,0.0000,-13.0000,,,,CHO,0.0000,-12.8330,0.0000,-12.8344,0.0000,0.0000,0.000,0.000,,0.0,,,,,,,0,,0
27.9004,1790267703.398834,0.0202,0,,,0.000,,,0.0000,0.0000,0.0000,0.0000,0.0000,-13.0000,,,,CHO,0.0000,-12.8330,0.0000,-12.8344,0.0000,0.0000,0.000,0.000,,0.0,,,,,,,0,,0
27.9242,1790267703.422999,0.0238,0,,,0.000,,,0.0000,0.0000,0.0000,0.0000,0.0000,-13.0000,,,,CHO,0.0000,-12.8330,0.0000,-12.8344,0.0000,0.0000,0.000,0.000,,0.0,,,,,,,0,,0
27.9445,1790267703.443153,0.0203,0,,,0.000,,,0.0000,0.0000,0.0000,0.0000,0.0000,-13.0000,,,,CHO,0.0000,-12.8330,0.0000,-12.8344,0.0000,0.0000,0.000,0.000,,0.0,,,,,,,0,,0
27.9649,1790267703.463547,0.0204,0,,,0.000,,,0.0000,0.0000,0.0000,0.0000,0.0000,-13.0000,,,,CHO,0.0000,-12.8330,0.0000,-12.8344,0.0000,0.0000,0.000,0.000,,0.0,,,,,,,0,,0
27.9927,1790267703.490992,0.0278,0,,,0.000,,,0.0000,0.0000,0.0000,0.0000,0.0000,-13.0000,,,,CHO,0.0000,-12.8330,0.0000,-12.8344,0.0000,0.0000,0.000,0.000,,0.0,,,,,,,0,,0
28.0128,1790267703.511454,0.0201,0,,,0.000,,,0.0000,0.0000,0.0000,0.0000,0.0000,-13.0000,,,,CHO,0.0000,-12.8330,0.0000,-12.8344,0.0000,0.0000,0.000,0.000,,0.0,,,,,,,0,,0
28.0332,1790267703.531908,0.0204,0,,,0.000,,,0.0000,0.0000,0.0000,0.0000,0.0000,-13.0000,,,,CHO,0.0000,-12.8330,0.0000,-12.8344,0.0000,0.0000,0.000,0.000,,0.0,,,,,,,0,,0
28.0538,1790267703.552412,0.0206,0,,,0.000,,,0.0000,0.0000,0.0000,0.0000,0.0000,-13.0000,,,,CHO,0.0000,-12.8330,0.0000,-12.8344,0.0000,0.0000,0.000,0.000,,0.0,,,,,,,0,,0
28.0739,1790267703.572527,0.0201,0,,,0.000,,,0.0000,0.0000,0.0000,0.0000,0.0000,-13.0000,,,,CHO,0.0000,-12.8330,0.0000,-12.8344,0.0000,0.0000,0.000,0.000,,0.0,,,,,,,0,,0
28.0945,1790267703.593160,0.0205,0,,,0.000,,,0.0000,0.0000,0.0000,0.0000,0.0000,-13.0000,,,,CHO,0.0000,-12.8330,0.0000,-12.8344,0.0000,0.0000,0.000,0.000,,0.0,,,,,,,0,,0
28.1149,1790267703.613494,0.0205,0,,,0.000,,,0.0000,0.0000,0.0000,0.0000,0.0000,-13.0000,,,,CHO,0.0000,-12.8330,0.0000,-12.8344,0.0000,0.0000,0.000,0.000,,0.0,,,,,,,0,,0
28.1351,1790267703.633755,0.0201,0,,,0.000,,,0.0000,0.0000,0.0000,0.0000,0.0000,-13.0000,,,,CHO,0.0000,-12.8330,0.0000,-12.8344,0.0000,0.0000,0.000,0.000,,0.0,,,,,,,0,,0
28.1554,1790267703.654033,0.0203,0,,,0.000,,,0.0000,0.0000,0.0000,0.0000,0.0000,-13.0000,,,,CHO,0.0000,-12.8330,0.0000,-12.8344,0.0000,0.0000,0.000,0.000,,0.0,,,,,,,0,,0
28.1758,1790267703.674519,0.0205,0,,,0.000,,,0.0000,0.0000,0.0000,0.0000,0.0000,-13.0000,,,,CHO,0.0000,-12.8330,0.0000,-12.8344,0.0000,0.0000,0.000,0.000,,0.0,,,,,,,0,,0
28.1985,1790267703.696766,0.0226,0,,,0.000,,,0.0000,0.0000,0.0000,0.0000,0.0000,-13.0000,,,,CHO,0.0000,-12.8330,0.0000,-12.8344,0.0000,0.0000,0.000,0.000,,0.0,,,,,,,0,,0
28.2188,1790267703.717394,0.0203,0,,,0.000,,,0.0000,0.0000,0.0000,0.0000,0.0000,-13.0000,,,,CHO,0.0000,-12.8330,0.0000,-12.8344,0.0000,0.0000,0.000,0.000,,0.0,,,,,,,0,,0
28.2388,1790267703.737434,0.0200,0,,,0.000,,,0.0000,0.0000,0.0000,0.0000,0.0000,-13.0000,,,,CHO,0.0000,-12.8330,0.0000,-12.8344,0.0000,0.0000,0.000,0.000,,0.0,,,,,,,0,,0
28.2591,1790267703.757708,0.0202,0,,,0.000,,,0.0000,0.0000,0.0000,0.0000,0.0000,-13.0000,,,,CHO,0.0000,-12.8330,0.0000,-12.8344,0.0000,0.0000,0.000,0.000,,0.0,,,,,,,0,,0
28.2791,1790267703.777765,0.0200,0,,,0.000,,,0.0000,0.0000,0.0000,0.0000,0.0000,-13.0000,,,,CHO,0.0000,-12.8330,0.0000,-12.8344,0.0000,0.0000,0.000,0.000,,0.0,,,,,,,0,,0
28.3001,1790267703.798491,0.0210,0,,,0.000,,,0.0000,0.0000,0.0000,0.0000,0.0000,-13.0000,,,,CHO,0.0000,-12.8330,0.0000,-12.8344,0.0000,0.0000,0.000,0.000,,0.0,,,,,,,0,,0
28.3201,1790267703.818738,0.0200,0,,,0.000,,,0.0000,0.0000,0.0000,0.0000,0.0000,-13.0000,,,,CHO,0.0000,-12.8330,0.0000,-12.8344,0.0000,0.0000,0.000,0.000,,0.0,,,,,,,0,,0
28.3403,1790267703.838775,0.0202,0,,,0.000,,,0.0000,0.0000,0.0000,0.0000,0.0000,-13.0000,,,,CHO,0.0000,-12.8330,0.0000,-12.8344,0.0000,0.0000,0.000,0.000,,0.0,,,,,,,0,,0
28.3603,1790267703.858905,0.0201,0,,,0.000,,,0.0000,0.0000,0.0000,0.0000,0.0000,-13.0000,,,,CHO,0.0000,-12.8330,0.0000,-12.8344,0.0000,0.0000,0.000,0.000,,0.0,,,,,,,0,,0
28.3807,1790267703.879326,0.0203,0,,,0.000,,,0.0000,0.0000,0.0000,0.0000,0.0000,-13.0000,,,,CHO,0.0000,-12.8330,0.0000,-12.8344,0.0000,0.0000,0.000,0.000,,0.0,,,,,,,0,,0
28.4011,1790267703.899733,0.0205,0,,,0.000,,,0.0000,0.0000,0.0000,0.0000,0.0000,-13.0000,,,,CHO,0.0000,-12.8330,0.0000,-12.8344,0.0000,0.0000,0.000,0.000,,0.0,,,,,,,0,,0
28.4216,1790267703.920149,0.0204,0,,,0.000,,,0.0000,0.0000,0.0000,0.0000,0.0000,-13.0000,,,,CHO,0.0000,-12.8330,0.0000,-12.8344,0.0000,0.0000,0.000,0.000,,0.0,,,,,,,0,,0
28.4416,1790267703.940309,0.0200,0,,,0.000,,,0.0000,0.0000,0.0000,0.0000,0.0000,-13.0000,,,,CHO,0.0000,-12.8330,0.0000,-12.8344,0.0000,0.0000,0.000,0.000,,0.0,,,,,,,0,,0
28.4617,1790267703.960194,0.0201,0,,,0.000,,,0.0000,0.0000,0.0000,0.0000,0.0000,-13.0000,,,,CHO,0.0000,-12.8330,0.0000,-12.8344,0.0000,0.0000,0.000,0.000,,0.0,,,,,,,0,,0
28.4821,1790267703.980652,0.0204,0,,,0.000,,,0.0000,0.0000,0.0000,0.0000,0.0000,-13.0000,,,,CHO,0.0000,-12.8330,0.0000,-12.8344,0.0000,0.0000,0.000,0.000,,0.0,,,,,,,0,,0
28.5022,1790267704.000754,0.0201,0,,,0.000,,,0.0000,0.0000,0.0000,0.0000,0.0000,-13.0000,,,,CHO,0.0000,-12.8330,0.0000,-12.8344,0.0000,0.0000,0.000,0.000,,0.0,,,,,,,0,,0
28.5223,1790267704.020888,0.0201,0,,,0.000,,,0.0000,0.0000,0.0000,0.0000,0.0000,-13.0000,,,,CHO,0.0000,-12.8330,0.0000,-12.8344,0.0000,0.0000,0.000,0.000,,0.0,,,,,,,0,,0
28.5429,1790267704.041419,0.0206,0,,,0.000,,,0.0000,0.0000,0.0000,0.0000,0.0000,-13.0000,,,,CHO,0.0000,-12.8330,0.0000,-12.8344,0.0000,0.0000,0.000,0.000,,0.0,,,,,,,0,,0
28.5630,1790267704.062089,0.0201,0,,,0.000,,,0.0000,0.0000,0.0000,0.0000,0.0000,-13.0000,,,,CHO,0.0000,-12.8330,0.0000,-12.8344,0.0000,0.0000,0.000,0.000,,0.0,,,,,,,0,,0
28.5836,1790267704.082193,0.0206,0,,,0.000,,,0.0000,0.0000,0.0000,0.0000,0.0000,-13.0000,,,,CHO,0.0000,-12.8330,0.0000,-12.8344,0.0000,0.0000,0.000,0.000,,0.0,,,,,,,0,,0
28.6041,1790267704.102621,0.0205,0,,,0.000,,,0.0000,0.0000,0.0000,0.0000,0.0000,-13.0000,,,,CHO,0.0000,-12.8330,0.0000,-12.8344,0.0000,0.0000,0.000,0.000,,0.0,,,,,,,0,,0
28.6305,1790267704.128764,0.0264,0,,,0.000,,,0.0000,0.0000,0.0000,0.0000,0.0000,-13.0000,,,,CHO,0.0000,-12.8330,0.0000,-12.8344,0.0000,0.0000,0.000,0.000,,0.0,,,,,,,0,,0
28.6508,1790267704.149387,0.0203,0,,,0.000,,,0.0000,0.0000,0.0000,0.0000,0.0000,-13.0000,,,,CHO,0.0000,-12.8330,0.0000,-12.8344,0.0000,0.0000,0.000,0.000,,0.0,,,,,,,0,,0
28.6710,1790267704.169693,0.0202,0,,,0.000,,,0.0000,0.0000,0.0000,0.0000,0.0000,-13.0000,,,,CHO,0.0000,-12.8330,0.0000,-12.8344,0.0000,0.0000,0.000,0.000,,0.0,,,,,,,0,,0
28.6910,1790267704.189710,0.0200,0,,,0.000,,,0.0000,0.0000,0.0000,0.0000,0.0000,-13.0000,,,,CHO,0.0000,-12.8330,0.0000,-12.8344,0.0000,0.0000,0.000,0.000,,0.0,,,,,,,0,,0
28.7126,1790267704.211155,0.0216,0,,,0.000,,,0.0000,0.0000,0.0000,0.0000,0.0000,-13.0000,,,,CHO,0.0000,-12.8330,0.0000,-12.8344,0.0000,0.0000,0.000,0.000,,0.0,,,,,,,0,,0
28.7332,1790267704.231848,0.0205,0,,,0.000,,,0.0000,0.0000,0.0000,0.0000,0.0000,-13.0000,,,,CHO,0.0000,-12.8330,0.0000,-12.8344,0.0000,0.0000,0.000,0.000,,0.0,,,,,,,0,,0
28.7536,1790267704.252271,0.0204,0,,,0.000,,,0.0000,0.0000,0.0000,0.0000,0.0000,-13.0000,,,,CHO,0.0000,-12.8330,0.0000,-12.8344,0.0000,0.0000,0.000,0.000,,0.0,,,,,,,0,,0
28.7742,1790267704.272637,0.0206,0,,,0.000,,,0.0000,0.0000,0.0000,0.0000,0.0000,-13.0000,,,,CHO,0.0000,-12.8330,0.0000,-12.8344,0.0000,0.0000,0.000,0.000,,0.0,,,,,,,0,,0
28.7948,1790267704.293529,0.0207,0,,,0.000,,,0.0000,0.0000,0.0000,0.0000,0.0000,-13.0000,,,,CHO,0.0000,-12.8330,0.0000,-12.8344,0.0000,0.0000,0.000,0.000,,0.0,,,,,,,0,,0
28.8171,1790267704.315318,0.0223,0,,,0.000,,,0.0000,0.0000,0.0000,0.0000,0.0000,-13.0000,,,,CHO,0.0000,-12.8330,0.0000,-12.8344,0.0000,0.0000,0.000,0.000,,0.0,,,,,,,0,,0
28.8375,1790267704.336138,0.0204,0,,,0.000,,,0.0000,0.0000,0.0000,0.0000,0.0000,-13.0000,,,,CHO,0.0000,-12.8330,0.0000,-12.8344,0.0000,0.0000,0.000,0.000,,0.0,,,,,,,0,,0
28.8579,1790267704.356502,0.0204,0,,,0.000,,,0.0000,0.0000,0.0000,0.0000,0.0000,-13.0000,,,,CHO,0.0000,-12.8330,0.0000,-12.8344,0.0000,0.0000,0.000,0.000,,0.0,,,,,,,0,,0
28.8803,1790267704.378786,0.0224,0,,,0.000,,,0.0000,0.0000,0.0000,0.0000,0.0000,-13.0000,,,,CHO,0.0000,-12.8330,0.0000,-12.8344,0.0000,0.0000,0.000,0.000,,0.0,,,,,,,0,,0
28.9006,1790267704.399306,0.0203,0,,,0.000,,,0.0000,0.0000,0.0000,0.0000,0.0000,-13.0000,,,,CHO,0.0000,-12.8330,0.0000,-12.8344,0.0000,0.0000,0.000,0.000,,0.0,,,,,,,0,,0
28.9278,1790267704.426368,0.0272,0,,,0.000,,,0.0000,0.0000,0.0000,0.0000,0.0000,-13.0000,,,,CHO,0.0000,-12.8330,0.0000,-12.8344,0.0000,0.0000,0.000,0.000,,0.0,,,,,,,0,,0
28.9479,1790267704.446425,0.0200,0,,,0.000,,,0.0000,0.0000,0.0000,0.0000,0.0000,-13.0000,,,,CHO,0.0000,-12.8330,0.0000,-12.8344,0.0000,0.0000,0.000,0.000,,0.0,,,,,,,0,,0
28.9681,1790267704.466691,0.0202,0,,,0.000,,,0.0000,0.0000,0.0000,0.0000,0.0000,-13.0000,,,,CHO,0.0000,-12.8330,0.0000,-12.8344,0.0000,0.0000,0.000,0.000,,0.0,,,,,,,0,,0
28.9886,1790267704.487160,0.0205,0,,,0.000,,,0.0000,0.0000,0.0000,0.0000,0.0000,-13.0000,,,,CHO,0.0000,-12.8330,0.0000,-12.8344,0.0000,0.0000,0.000,0.000,,0.0,,,,,,,0,,0
29.0089,1790267704.507481,0.0203,0,,,0.000,,,0.0000,0.0000,0.0000,0.0000,0.0000,-13.0000,,,,CHO,0.0000,-12.8330,0.0000,-12.8344,0.0000,0.0000,0.000,0.000,,0.0,,,,,,,0,,0
29.0290,1790267704.527715,0.0202,0,,,0.000,,,0.0000,0.0000,0.0000,0.0000,0.0000,-13.0000,,,,CHO,0.0000,-12.8330,0.0000,-12.8344,0.0000,0.0000,0.000,0.000,,0.0,,,,,,,0,,0
29.0502,1790267704.549084,0.0212,0,,,0.000,,,0.0000,0.0000,0.0000,0.0000,0.0000,-13.0000,,,,CHO,0.0000,-12.8330,0.0000,-12.8344,0.0000,0.0000,0.000,0.000,,0.0,,,,,,,0,,0
29.0705,1790267704.569101,0.0202,0,,,0.000,,,0.0000,0.0000,0.0000,0.0000,0.0000,-13.0000,,,,CHO,0.0000,-12.8330,0.0000,-12.8344,0.0000,0.0000,0.000,0.000,,0.0,,,,,,,0,,0
29.0911,1790267704.589729,0.0206,0,,,0.000,,,0.0000,0.0000,0.0000,0.0000,0.0000,-13.0000,,,,CHO,0.0000,-12.8330,0.0000,-12.8344,0.0000,0.0000,0.000,0.000,,0.0,,,,,,,0,,0
29.1116,1790267704.610201,0.0205,0,,,0.000,,,0.0000,0.0000,0.0000,0.0000,0.0000,-13.0000,,,,CHO,0.0000,-12.8330,0.0000,-12.8344,0.0000,0.0000,0.000,0.000,,0.0,,,,,,,0,,0
29.1339,1790267704.632694,0.0223,0,,,0.000,,,0.0000,0.0000,0.0000,0.0000,0.0000,-13.0000,,,,CHO,0.0000,-12.8330,0.0000,-12.8344,0.0000,0.0000,0.000,0.000,,0.0,,,,,,,0,,0
29.1545,1790267704.653052,0.0207,0,,,0.000,,,0.0000,0.0000,0.0000,0.0000,0.0000,-13.0000,,,,CHO,0.0000,-12.8330,0.0000,-12.8344,0.0000,0.0000,0.000,0.000,,0.0,,,,,,,0,,0
29.1750,1790267704.673625,0.0205,0,,,0.000,,,0.0000,0.0000,0.0000,0.0000,0.0000,-13.0000,,,,CHO,0.0000,-12.8330,0.0000,-12.8344,0.0000,0.0000,0.000,0.000,,0.0,,,,,,,0,,0
29.2021,1790267704.700986,0.0272,0,,,0.000,,,0.0000,0.0000,0.0000,0.0000,0.0000,-13.0000,,,,CHO,0.0000,-12.8330,0.0000,-12.8344,0.0000,0.0000,0.000,0.000,,0.0,,,,,,,0,,0
29.2225,1790267704.721177,0.0204,0,,,0.000,,,0.0000,0.0000,0.0000,0.0000,0.0000,-13.0000,,,,CHO,0.0000,-12.8330,0.0000,-12.8344,0.0000,0.0000,0.000,0.000,,0.0,,,,,,,0,,0
29.2431,1790267704.741673,0.0206,0,,,0.000,,,0.0000,0.0000,0.0000,0.0000,0.0000,-13.0000,,,,CHO,0.0000,-12.8330,0.0000,-12.8344,0.0000,0.0000,0.000,0.000,,0.0,,,,,,,0,,0
29.2715,1790267704.769671,0.0284,0,,,0.000,,,0.0000,0.0000,0.0000,0.0000,0.0000,-13.0000,,,,CHO,0.0000,-12.8330,0.0000,-12.8344,0.0000,0.0000,0.000,0.000,,0.0,,,,,,,0,,0
29.2919,1790267704.790426,0.0205,0,,,0.000,,,0.0000,0.0000,0.0000,0.0000,0.0000,-13.0000,,,,CHO,0.0000,-12.8330,0.0000,-12.8344,0.0000,0.0000,0.000,0.000,,0.0,,,,,,,0,,0
29.3125,1790267704.811144,0.0205,0,,,0.000,,,0.0000,0.0000,0.0000,0.0000,0.0000,-13.0000,,,,CHO,0.0000,-12.8330,0.0000,-12.8344,0.0000,0.0000,0.000,0.000,,0.0,,,,,,,0,,0
29.3329,1790267704.831542,0.0204,0,,,0.000,,,0.0000,0.0000,0.0000,0.0000,0.0000,-13.0000,,,,CHO,0.0000,-12.8330,0.0000,-12.8344,0.0000,0.0000,0.000,0.000,,0.0,,,,,,,0,,0
29.3550,1790267704.853512,0.0221,0,,,0.000,,,0.0000,0.0000,0.0000,0.0000,0.0000,-13.0000,,,,CHO,0.0000,-12.8330,0.0000,-12.8344,0.0000,0.0000,0.000,0.000,,0.0,,,,,,,0,,0
29.3756,1790267704.874225,0.0206,0,,,0.000,,,0.0000,0.0000,0.0000,0.0000,0.0000,-13.0000,,,,CHO,0.0000,-12.8330,0.0000,-12.8344,0.0000,0.0000,0.000,0.000,,0.0,,,,,,,0,,0
29.3960,1790267704.894651,0.0204,0,,,0.000,,,0.0000,0.0000,0.0000,0.0000,0.0000,-13.0000,,,,CHO,0.0000,-12.8330,0.0000,-12.8344,0.0000,0.0000,0.000,0.000,,0.0,,,,,,,0,,0
29.4161,1790267704.914752,0.0202,0,,,0.000,,,0.0000,0.0000,0.0000,0.0000,0.0000,-13.0000,,,,CHO,0.0000,-12.8330,0.0000,-12.8344,0.0000,0.0000,0.000,0.000,,0.0,,,,,,,0,,0
29.4395,1790267704.937782,0.0233,0,,,0.000,,,0.0000,0.0000,0.0000,0.0000,0.0000,-13.0000,,,,CHO,0.0000,-12.8330,0.0000,-12.8344,0.0000,0.0000,0.000,0.000,,0.0,,,,,,,0,,0
29.4599,1790267704.958542,0.0205,0,,,0.000,,,0.0000,0.0000,0.0000,0.0000,0.0000,-13.0000,,,,CHO,0.0000,-12.8330,0.0000,-12.8344,0.0000,0.0000,0.000,0.000,,0.0,,,,,,,0,,0
29.4806,1790267704.979114,0.0206,0,,,0.000,,,0.0000,0.0000,0.0000,0.0000,0.0000,-13.0000,,,,CHO,0.0000,-12.8330,0.0000,-12.8344,0.0000,0.0000,0.000,0.000,,0.0,,,,,,,0,,0
29.5006,1790267704.999176,0.0201,0,,,0.000,,,0.0000,0.0000,0.0000,0.0000,0.0000,-13.0000,,,,CHO,0.0000,-12.8330,0.0000,-12.8344,0.0000,0.0000,0.000,0.000,,0.0,,,,,,,0,,0
29.5230,1790267705.021509,0.0224,0,,,0.000,,,0.0000,0.0000,0.0000,0.0000,0.0000,-13.0000,,,,CHO,0.0000,-12.8330,0.0000,-12.8344,0.0000,0.0000,0.000,0.000,,0.0,,,,,,,0,,0
29.5432,1790267705.041804,0.0202,0,,,0.000,,,0.0000,0.0000,0.0000,0.0000,0.0000,-13.0000,,,,CHO,0.0000,-12.8330,0.0000,-12.8344,0.0000,0.0000,0.000,0.000,,0.0,,,,,,,0,,0
29.5637,1790267705.062384,0.0205,0,,,0.000,,,0.0000,0.0000,0.0000,0.0000,0.0000,-13.0000,,,,CHO,0.0000,-12.8330,0.0000,-12.8344,0.0000,0.0000,0.000,0.000,,0.0,,,,,,,0,,0
29.5840,1790267705.082468,0.0203,0,,,0.000,,,0.0000,0.0000,0.0000,0.0000,0.0000,-13.0000,,,,CHO,0.0000,-12.8330,0.0000,-12.8344,0.0000,0.0000,0.000,0.000,,0.0,,,,,,,0,,0
29.6044,1790267705.102863,0.0204,0,,,0.000,,,0.0000,0.0000,0.0000,0.0000,0.0000,-13.0000,,,,CHO,0.0000,-12.8330,0.0000,-12.8344,0.0000,0.0000,0.000,0.000,,0.0,,,,,,,0,,0
29.6245,1790267705.123165,0.0201,0,,,0.000,,,0.0000,0.0000,0.0000,0.0000,0.0000,-13.0000,,,,CHO,0.0000,-12.8330,0.0000,-12.8344,0.0000,0.0000,0.000,0.000,,0.0,,,,,,,0,,0
29.6461,1790267705.144948,0.0216,0,,,0.000,,,0.0000,0.0000,0.0000,0.0000,0.0000,-13.0000,,,,CHO,0.0000,-12.8330,0.0000,-12.8344,0.0000,0.0000,0.000,0.000,,0.0,,,,,,,0,,0
29.6664,1790267705.164917,0.0203,0,,,0.000,,,0.0000,0.0000,0.0000,0.0000,0.0000,-13.0000,,,,CHO,0.0000,-12.8330,0.0000,-12.8344,0.0000,0.0000,0.000,0.000,,0.0,,,,,,,0,,0
29.6866,1790267705.185243,0.0203,0,,,0.000,,,0.0000,0.0000,0.0000,0.0000,0.0000,-13.0000,,,,CHO,0.0000,-12.8330,0.0000,-12.8344,0.0000,0.0000,0.000,0.000,,0.0,,,,,,,0,,0
29.7071,1790267705.205736,0.0205,0,,,0.000,,,0.0000,0.0000,0.0000,0.0000,0.0000,-13.0000,,,,CHO,0.0000,-12.8330,0.0000,-12.8344,0.0000,0.0000,0.000,0.000,,0.0,,,,,,,0,,0
29.7303,1790267705.228839,0.0232,0,,,0.000,,,0.0000,0.0000,0.0000,0.0000,0.0000,-13.0000,,,,CHO,0.0000,-12.8330,0.0000,-12.8344,0.0000,0.0000,0.000,0.000,,0.0,,,,,,,0,,0
29.7509,1790267705.249543,0.0205,0,,,0.000,,,0.0000,0.0000,0.0000,0.0000,0.0000,-13.0000,,,,CHO,0.0000,-12.8330,0.0000,-12.8344,0.0000,0.0000,0.000,0.000,,0.0,,,,,,,0,,0
29.7711,1790267705.269819,0.0202,0,,,0.000,,,0.0000,0.0000,0.0000,0.0000,0.0000,-13.0000,,,,CHO,0.0000,-12.8330,0.0000,-12.8344,0.0000,0.0000,0.000,0.000,,0.0,,,,,,,0,,0
29.7913,1790267705.289963,0.0201,0,,,0.000,,,0.0000,0.0000,0.0000,0.0000,0.0000,-13.0000,,,,CHO,0.0000,-12.8330,0.0000,-12.8344,0.0000,0.0000,0.000,0.000,,0.0,,,,,,,0,,0
29.8138,1790267705.312240,0.0225,0,,,0.000,,,0.0000,0.0000,0.0000,0.0000,0.0000,-13.0000,,,,CHO,0.0000,-12.8330,0.0000,-12.8344,0.0000,0.0000,0.000,0.000,,0.0,,,,,,,0,,0
29.8343,1790267705.332873,0.0205,0,,,0.000,,,0.0000,0.0000,0.0000,0.0000,0.0000,-13.0000,,,,CHO,0.0000,-12.8330,0.0000,-12.8344,0.0000,0.0000,0.000,0.000,,0.0,,,,,,,0,,0
29.8549,1790267705.353591,0.0206,0,,,0.000,,,0.0000,0.0000,0.0000,0.0000,0.0000,-13.0000,,,,CHO,0.0000,-12.8330,0.0000,-12.8344,0.0000,0.0000,0.000,0.000,,0.0,,,,,,,0,,0
29.8755,1790267705.373966,0.0206,0,,,0.000,,,0.0000,0.0000,0.0000,0.0000,0.0000,-13.0000,,,,CHO,0.0000,-12.8330,0.0000,-12.8344,0.0000,0.0000,0.000,0.000,,0.0,,,,,,,0,,0
29.8990,1790267705.397632,0.0235,0,,,0.000,,,0.0000,0.0000,0.0000,0.0000,0.0000,-13.0000,,,,CHO,0.0000,-12.8330,0.0000,-12.8344,0.0000,0.0000,0.000,0.000,,0.0,,,,,,,0,,0
29.9200,1790267705.418578,0.0210,0,,,0.000,,,0.0000,0.0000,0.0000,0.0000,0.0000,-13.0000,,,,CHO,0.0000,-12.8330,0.0000,-12.8344,0.0000,0.0000,0.000,0.000,,0.0,,,,,,,0,,0
29.9455,1790267705.443959,0.0255,0,,,0.000,,,0.0000,0.0000,0.0000,0.0000,0.0000,-13.0000,,,,CHO,0.0000,-12.8330,0.0000,-12.8344,0.0000,0.0000,0.000,0.000,,0.0,,,,,,,0,,0
29.9657,1790267705.464307,0.0202,0,,,0.000,,,0.0000,0.0000,0.0000,0.0000,0.0000,-13.0000,,,,CHO,0.0000,-12.8330,0.0000,-12.8344,0.0000,0.0000,0.000,0.000,,0.0,,,,,,,0,,0
29.9862,1790267705.484833,0.0205,0,,,0.000,,,0.0000,0.0000,0.0000,0.0000,0.0000,-13.0000,,,,CHO,0.0000,-12.8330,0.0000,-12.8344,0.0000,0.0000,0.000,0.000,,0.0,,,,,,,0,,0
30.0067,1790267705.505357,0.0205,0,,,0.000,,,0.0000,0.0000,0.0000,0.0000,0.0000,-13.0000,,,,CHO,0.0000,-12.8330,0.0000,-12.8344,0.0000,0.0000,0.000,0.000,,0.0,,,,,,,0,,0
30.0305,1790267705.528916,0.0237,0,,,0.000,,,0.0000,0.0000,0.0000,0.0000,0.0000,-13.0000,,,,CHO,0.0000,-12.8330,0.0000,-12.8344,0.0000,0.0000,0.000,0.000,,0.0,,,,,,,0,,0
30.0510,1790267705.549714,0.0205,0,,,0.000,,,0.0000,0.0000,0.0000,0.0000,0.0000,-13.0000,,,,CHO,0.0000,-12.8330,0.0000,-12.8344,0.0000,0.0000,0.000,0.000,,0.0,,,,,,,0,,0
30.0719,1790267705.570550,0.0209,0,,,0.000,,,0.0000,0.0000,0.0000,0.0000,0.0000,-13.0000,,,,CHO,0.0000,-12.8330,0.0000,-12.8344,0.0000,0.0000,0.000,0.000,,0.0,,,,,,,0,,0
30.0922,1790267705.590887,0.0203,0,,,0.000,,,0.0000,0.0000,0.0000,0.0000,0.0000,-13.0000,,,,CHO,0.0000,-12.8330,0.0000,-12.8344,0.0000,0.0000,0.000,0.000,,0.0,,,,,,,0,,0
30.1127,1790267705.611312,0.0204,0,,,0.000,,,0.0000,0.0000,0.0000,0.0000,0.0000,-13.0000,,,,CHO,0.0000,-12.8330,0.0000,-12.8344,0.0000,0.0000,0.000,0.000,,0.0,,,,,,,0,,0
30.1350,1790267705.633456,0.0223,0,,,0.000,,,0.0000,0.0000,0.0000,0.0000,0.0000,-13.0000,,,,CHO,0.0000,-12.8330,0.0000,-12.8344,0.0000,0.0000,0.000,0.000,,0.0,,,,,,,0,,0
30.1557,1790267705.654224,0.0207,0,,,0.000,,,0.0000,0.0000,0.0000,0.0000,0.0000,-13.0000,,,,CHO,0.0000,-12.8330,0.0000,-12.8344,0.0000,0.0000,0.000,0.000,,0.0,,,,,,,0,,0
30.1758,1790267705.674366,0.0201,0,,,0.000,,,0.0000,0.0000,0.0000,0.0000,0.0000,-13.0000,,,,CHO,0.0000,-12.8330,0.0000,-12.8344,0.0000,0.0000,0.000,0.000,,0.0,,,,,,,0,,0
30.1961,1790267705.694707,0.0203,0,,,0.000,,,0.0000,0.0000,0.0000,0.0000,0.0000,-13.0000,,,,CHO,0.0000,-12.8330,0.0000,-12.8344,0.0000,0.0000,0.000,0.000,,0.0,,,,,,,0,,0
30.2181,1790267705.716697,0.0221,0,,,0.000,,,0.0000,0.0000,0.0000,0.0000,0.0000,-13.0000,,,,CHO,0.0000,-12.8330,0.0000,-12.8344,0.0000,0.0000,0.000,0.000,,0.0,,,,,,,0,,0
30.2402,1790267705.738919,0.0221,0,,,0.000,,,0.0000,0.0000,0.0000,0.0000,0.0000,-13.0000,,,,CHO,0.0000,-12.8330,0.0000,-12.8344,0.0000,0.0000,0.000,0.000,,0.0,,,,,,,0,,0
30.2608,1790267705.759326,0.0206,0,,,0.000,,,0.0000,0.0000,0.0000,0.0000,0.0000,-13.0000,,,,CHO,0.0000,-12.8330,0.0000,-12.8344,0.0000,0.0000,0.000,0.000,,0.0,,,,,,,0,,0
30.2809,1790267705.779507,0.0201,0,,,0.000,,,0.0000,0.0000,0.0000,0.0000,0.0000,-13.0000,,,,CHO,0.0000,-12.8330,0.0000,-12.8344,0.0000,0.0000,0.000,0.000,,0.0,,,,,,,0,,0
30.3012,1790267705.799710,0.0203,0,,,0.000,,,0.0000,0.0000,0.0000,0.0000,0.0000,-13.0000,,,,CHO,0.0000,-12.8330,0.0000,-12.8344,0.0000,0.0000,0.000,0.000,,0.0,,,,,,,0,,0
30.3248,1790267705.823353,0.0236,0,,,0.000,,,0.0000,0.0000,0.0000,0.0000,0.0000,-13.0000,,,,CHO,0.0000,-12.8330,0.0000,-12.8344,0.0000,0.0000,0.000,0.000,,0.0,,,,,,,0,,0
30.3453,1790267705.843911,0.0205,0,,,0.000,,,0.0000,0.0000,0.0000,0.0000,0.0000,-13.0000,,,,CHO,0.0000,-12.8330,0.0000,-12.8344,0.0000,0.0000,0.000,0.000,,0.0,,,,,,,0,,0
30.3653,1790267705.863839,0.0200,0,,,0.000,,,0.0000,0.0000,0.0000,0.0000,0.0000,-13.0000,,,,CHO,0.0000,-12.8330,0.0000,-12.8344,0.0000,0.0000,0.000,0.000,,0.0,,,,,,,0,,0
30.3931,1790267705.891701,0.0278,0,,,0.000,,,0.0000,0.0000,0.0000,0.0000,0.0000,-13.0000,,,,CHO,0.0000,-12.8330,0.0000,-12.8344,0.0000,0.0000,0.000,0.000,,0.0,,,,,,,0,,0
30.4135,1790267705.911996,0.0204,0,,,0.000,,,0.0000,0.0000,0.0000,0.0000,0.0000,-13.0000,,,,CHO,0.0000,-12.8330,0.0000,-12.8344,0.0000,0.0000,0.000,0.000,,0.0,,,,,,,0,,0
30.4335,1790267705.932161,0.0201,0,,,0.000,,,0.0000,0.0000,0.0000,0.0000,0.0000,-13.0000,,,,CHO,0.0000,-12.8330,0.0000,-12.8344,0.0000,0.0000,0.000,0.000,,0.0,,,,,,,0,,0
30.4537,1790267705.952242,0.0202,0,,,0.000,,,0.0000,0.0000,0.0000,0.0000,0.0000,-13.0000,,,,CHO,0.0000,-12.8330,0.0000,-12.8344,0.0000,0.0000,0.000,0.000,,0.0,,,,,,,0,,0
30.4758,1790267705.974273,0.0221,0,,,0.000,,,0.0000,0.0000,0.0000,0.0000,0.0000,-13.0000,,,,CHO,0.0000,-12.8330,0.0000,-12.8344,0.0000,0.0000,0.000,0.000,,0.0,,,,,,,0,,0
30.4968,1790267705.995302,0.0210,0,,,0.000,,,0.0000,0.0000,0.0000,0.0000,0.0000,-13.0000,,,,CHO,0.0000,-12.8330,0.0000,-12.8344,0.0000,0.0000,0.000,0.000,,0.0,,,,,,,0,,0
30.5177,1790267706.016200,0.0209,0,,,0.000,,,0.0000,0.0000,0.0000,0.0000,0.0000,-13.0000,,,,CHO,0.0000,-12.8330,0.0000,-12.8344,0.0000,0.0000,0.000,0.000,,0.0,,,,,,,0,,0
30.5380,1790267706.036515,0.0203,0,,,0.000,,,0.0000,0.0000,0.0000,0.0000,0.0000,-13.0000,,,,CHO,0.0000,-12.8330,0.0000,-12.8344,0.0000,0.0000,0.000,0.000,,0.0,,,,,,,0,,0
30.5584,1790267706.056892,0.0204,0,,,0.000,,,0.0000,0.0000,0.0000,0.0000,0.0000,-13.0000,,,,CHO,0.0000,-12.8330,0.0000,-12.8344,0.0000,0.0000,0.000,0.000,,0.0,,,,,,,0,,0
30.5806,1790267706.079132,0.0222,0,,,0.000,,,0.0000,0.0000,0.0000,0.0000,0.0000,-13.0000,,,,CHO,0.0000,-12.8330,0.0000,-12.8344,0.0000,0.0000,0.000,0.000,,0.0,,,,,,,0,,0
30.6009,1790267706.099484,0.0203,0,,,0.000,,,0.0000,0.0000,0.0000,0.0000,0.0000,-13.0000,,,,CHO,0.0000,-12.8330,0.0000,-12.8344,0.0000,0.0000,0.000,0.000,,0.0,,,,,,,0,,0
30.6216,1790267706.120096,0.0207,0,,,0.000,,,0.0000,0.0000,0.0000,0.0000,0.0000,-13.0000,,,,CHO,0.0000,-12.8330,0.0000,-12.8344,0.0000,0.0000,0.000,0.000,,0.0,,,,,,,0,,0
30.6418,1790267706.140335,0.0201,0,,,0.000,,,0.0000,0.0000,0.0000,0.0000,0.0000,-13.0000,,,,CHO,0.0000,-12.8330,0.0000,-12.8344,0.0000,0.0000,0.000,0.000,,0.0,,,,,,,0,,0
30.6658,1790267706.164347,0.0240,0,,,0.000,,,0.0000,0.0000,0.0000,0.0000,0.0000,-13.0000,,,,CHO,0.0000,-12.8330,0.0000,-12.8344,0.0000,0.0000,0.000,0.000,,0.0,,,,,,,0,,0
30.6862,1790267706.184705,0.0204,0,,,0.000,,,0.0000,0.0000,0.0000,0.0000,0.0000,-13.0000,,,,CHO,0.0000,-12.8330,0.0000,-12.8344,0.0000,0.0000,0.000,0.000,,0.0,,,,,,,0,,0
30.7067,1790267706.205210,0.0205,0,,,0.000,,,0.0000,0.0000,0.0000,0.0000,0.0000,-13.0000,,,,CHO,0.0000,-12.8330,0.0000,-12.8344,0.0000,0.0000,0.000,0.000,,0.0,,,,,,,0,,0
30.7272,1790267706.225854,0.0204,0,,,0.000,,,0.0000,0.0000,0.0000,0.0000,0.0000,-13.0000,,,,CHO,0.0000,-12.8330,0.0000,-12.8344,0.0000,0.0000,0.000,0.000,,0.0,,,,,,,0,,0
30.7473,1790267706.246020,0.0202,0,,,0.000,,,0.0000,0.0000,0.0000,0.0000,0.0000,-13.0000,,,,CHO,0.0000,-12.8330,0.0000,-12.8344,0.0000,0.0000,0.000,0.000,,0.0,,,,,,,0,,0
30.7678,1790267706.266366,0.0205,0,,,0.000,,,0.0000,0.0000,0.0000,0.0000,0.0000,-13.0000,,,,CHO,0.0000,-12.8330,0.0000,-12.8344,0.0000,0.0000,0.000,0.000,,0.0,,,,,,,0,,0
30.7939,1790267706.292335,0.0261,0,,,0.000,,,0.0000,0.0000,0.0000,0.0000,0.0000,-13.0000,,,,CHO,0.0000,-12.8330,0.0000,-12.8344,0.0000,0.0000,0.000,0.000,,0.0,,,,,,,0,,0
30.8145,1790267706.313210,0.0206,0,,,0.000,,,0.0000,0.0000,0.0000,0.0000,0.0000,-13.0000,,,,CHO,0.0000,-12.8330,0.0000,-12.8344,0.0000,0.0000,0.000,0.000,,0.0,,,,,,,1,v=3;lan=1,1
30.8348,1790267706.333401,0.0203,0,,,0.000,,,0.0000,0.0000,0.0000,0.0000,0.0000,-13.0000,,,,CHO,0.0000,-12.8330,0.0000,-12.8344,0.0000,0.0000,0.000,0.000,,0.0,,,,,,,1,v=3;lan=1,1
30.8568,1790267706.355385,0.0220,0,,,0.000,,,0.0000,0.0000,0.0000,0.0000,0.0000,-13.0000,,,,CHO,0.0000,-12.8330,0.0000,-12.8344,0.0000,0.0000,0.000,0.000,,0.0,,,,,,,1,v=3;lan=1,1
30.8789,1790267706.377483,0.0221,0,,,0.000,,,0.0000,0.0000,0.0000,0.0000,0.0000,-13.0000,,,,CHO,0.0000,-12.8330,0.0000,-12.8344,0.0000,0.0000,0.000,0.000,,0.0,,,,,,,1,v=3;lan=1,1
30.8996,1790267706.398062,0.0207,0,,,0.000,,,0.0000,0.0000,0.0000,0.0000,0.0000,-13.0000,,,,CHO,0.0000,-12.8330,0.0000,-12.8344,0.0000,0.0000,0.000,0.000,,0.0,,,,,,,1,v=3;lan=1,1
30.9213,1790267706.419867,0.0217,0,,,0.000,,,0.0000,0.0000,0.0000,0.0000,0.0000,-13.0000,,,,CHO,0.0000,-12.8330,0.0000,-12.8344,0.0000,0.0000,0.000,0.000,,0.0,,,,,,,1,v=3;lan=1,1
30.9417,1790267706.440211,0.0204,0,,,0.000,,,0.0000,0.0000,0.0000,0.0000,0.0000,-13.0000,,,,CHO,0.0000,-12.8330,0.0000,-12.8344,0.0000,0.0000,0.000,0.000,,0.0,,,,,,,1,v=3;lan=1,1
30.9623,1790267706.460885,0.0206,0,,,0.000,,,0.0000,0.0000,0.0000,0.0000,0.0000,-13.0000,,,,CHO,0.0000,-12.8330,0.0000,-12.8344,0.0000,0.0000,0.000,0.000,,0.0,,,,,,,1,v=3;lan=1,1
30.9829,1790267706.481458,0.0206,0,,,0.000,,,0.0000,0.0000,0.0000,0.0000,0.0000,-13.0000,,,,CHO,0.0000,-12.8330,0.0000,-12.8344,0.0000,0.0000,0.000,0.000,,0.0,,,,,,,1,v=3;lan=1,1
31.0089,1790267706.507116,0.0260,0,,,0.000,,,0.0000,0.0000,0.0000,0.0000,0.0000,-13.0000,,,,CHO,0.0000,-12.8330,0.0000,-12.8344,0.0000,0.0000,0.000,0.000,,0.0,,,,,,,1,v=3;lan=1,1
31.0293,1790267706.527900,0.0204,0,,,0.000,,,0.0000,0.0000,0.0000,0.0000,0.0000,-13.0000,,,,CHO,0.0000,-12.8330,0.0000,-12.8344,0.0000,0.0000,0.000,0.000,,0.0,,,,,,,1,v=3;lan=1,1
31.0493,1790267706.548030,0.0200,0,,,0.000,,,0.0000,0.0000,0.0000,0.0000,0.0000,-13.0000,,,,CHO,0.0000,-12.8330,0.0000,-12.8344,0.0000,0.0000,0.000,0.000,,0.0,,,,,,,1,v=3;lan=1,1
31.0697,1790267706.568382,0.0204,0,,,0.000,,,0.0000,0.0000,0.0000,0.0000,0.0000,-13.0000,,,,CHO,0.0000,-12.8330,0.0000,-12.8344,0.0000,0.0000,0.000,0.000,,0.0,,,,,,,1,v=3;lan=1,1
31.0898,1790267706.588468,0.0201,0,,,0.000,,,0.0000,0.0000,0.0000,0.0000,0.0000,-13.0000,,,,CHO,0.0000,-12.8330,0.0000,-12.8344,0.0000,0.0000,0.000,0.000,,0.0,,,,,,,1,v=3;lan=1,1
31.1163,1790267706.614673,0.0265,0,,,0.000,,,0.0000,0.0000,0.0000,0.0000,0.0000,-13.0000,,,,CHO,0.0000,-12.8330,0.0000,-12.8344,0.0000,0.0000,0.000,0.000,,0.0,,,,,,,1,v=3;lan=1,1
31.1369,1790267706.635570,0.0207,0,,,0.000,,,0.0000,0.0000,0.0000,0.0000,0.0000,-13.0000,,,,CHO,0.0000,-12.8330,0.0000,-12.8344,0.0000,0.0000,0.000,0.000,,0.0,,,,,,,1,v=3;lan=1,1
31.1575,1790267706.656001,0.0205,0,,,0.000,,,0.0000,0.0000,0.0000,0.0000,0.0000,-13.0000,,,,CHO,0.0000,-12.8330,0.0000,-12.8344,0.0000,0.0000,0.000,0.000,,0.0,,,,,,,1,v=3;lan=1,1
31.1778,1790267706.676458,0.0204,0,,,0.000,,,0.0000,0.0000,0.0000,0.0000,0.0000,-13.0000,,,,CHO,0.0000,-12.8330,0.0000,-12.8344,0.0000,0.0000,0.000,0.000,,0.0,,,,,,,1,v=3;lan=1,1
31.1978,1790267706.696264,0.0200,0,,,0.000,,,0.0000,0.0000,0.0000,0.0000,0.0000,-13.0000,,,,CHO,0.0000,-12.8330,0.0000,-12.8344,0.0000,0.0000,0.000,0.000,,0.0,,,,,,,1,v=3;lan=1,1
31.2184,1790267706.717009,0.0206,0,,,0.000,,,0.0000,0.0000,0.0000,0.0000,0.0000,-13.0000,,,,CHO,0.0000,-12.8330,0.0000,-12.8344,0.0000,0.0000,0.000,0.000,,0.0,,,,,,,1,v=3;lan=1,1
31.2388,1790267706.737251,0.0204,0,,,0.000,,,0.0000,0.0000,0.0000,0.0000,0.0000,-13.0000,,,,CHO,0.0000,-12.8330,0.0000,-12.8344,0.0000,0.0000,0.000,0.000,,0.0,,,,,,,1,v=3;lan=1,1
31.2591,1790267706.757646,0.0203,0,,,0.000,,,0.0000,0.0000,0.0000,0.0000,0.0000,-13.0000,,,,CHO,0.0000,-12.8330,0.0000,-12.8344,0.0000,0.0000,0.000,0.000,,0.0,,,,,,,1,v=3;lan=1,1
31.2824,1790267706.780490,0.0233,0,,,0.000,,,0.0000,0.0000,0.0000,0.0000,0.0000,-13.0000,,,,CHO,0.0000,-12.8330,0.0000,-12.8344,0.0000,0.0000,0.000,0.000,,0.0,,,,,,,1,v=3;lan=1,1
31.3031,1790267706.801729,0.0207,0,,,0.000,,,0.0000,0.0000,0.0000,0.0000,0.0000,-13.0000,,,,CHO,0.0000,-12.8330,0.0000,-12.8344,0.0000,0.0000,0.000,0.000,,0.0,,,,,,,1,v=3;lan=1,1
31.3235,1790267706.822162,0.0204,0,,,0.000,,,0.0000,0.0000,0.0000,0.0000,0.0000,-13.0000,,,,CHO,0.0000,-12.8330,0.0000,-12.8344,0.0000,0.0000,0.000,0.000,,0.0,,,,,,,1,v=3;lan=1,1
31.3439,1790267706.842546,0.0204,0,,,0.000,,,0.0000,0.0000,0.0000,0.0000,0.0000,-13.0000,,,,CHO,0.0000,-12.8330,0.0000,-12.8344,0.0000,0.0000,0.000,0.000,,0.0,,,,,,,1,v=3;lan=1,1
31.3673,1790267706.865922,0.0234,0,,,0.000,,,0.0000,0.0000,0.0000,0.0000,0.0000,-13.0000,,,,CHO,0.0000,-12.8330,0.0000,-12.8344,0.0000,0.0000,0.000,0.000,,0.0,,,,,,,1,v=3;lan=1,1
31.3878,1790267706.886420,0.0205,0,,,0.000,,,0.0000,0.0000,0.0000,0.0000,0.0000,-13.0000,,,,CHO,0.0000,-12.8330,0.0000,-12.8344,0.0000,0.0000,0.000,0.000,,0.0,,,,,,,1,v=3;lan=1,1
31.4096,1790267706.908416,0.0218,0,,,0.000,,,0.0000,0.0000,0.0000,0.0000,0.0000,-13.0000,,,,CHO,0.0000,-12.8330,0.0000,-12.8344,0.0000,0.0000,0.000,0.000,,0.0,,,,,,,1,v=3;lan=1,1
31.4302,1790267706.928840,0.0206,0,,,0.000,,,0.0000,0.0000,0.0000,0.0000,0.0000,-13.0000,,,,CHO,0.0000,-12.8330,0.0000,-12.8344,0.0000,0.0000,0.000,0.000,,0.0,,,,,,,1,v=3;lan=1,1
31.4518,1790267706.950449,0.0216,0,,,0.000,,,0.0000,0.0000,0.0000,0.0000,0.0000,-13.0000,,,,CHO,0.0000,-12.8330,0.0000,-12.8344,0.0000,0.0000,0.000,0.000,,0.0,,,,,,,1,v=3;lan=1,1
31.4723,1790267706.970980,0.0205,0,,,0.000,,,0.0000,0.0000,0.0000,0.0000,0.0000,-13.0000,,,,CHO,0.0000,-12.8330,0.0000,-12.8344,0.0000,0.0000,0.000,0.000,,0.0,,,,,,,1,v=3;lan=1,1
31.4925,1790267706.991047,0.0202,0,,,0.000,,,0.0000,0.0000,0.0000,0.0000,0.0000,-13.0000,,,,CHO,0.0000,-12.8330,0.0000,-12.8344,0.0000,0.0000,0.000,0.000,,0.0,,,,,,,1,v=3;lan=1,1
31.5127,1790267707.011337,0.0202,0,,,0.000,,,0.0000,0.0000,0.0000,0.0000,0.0000,-13.0000,,,,CHO,0.0000,-12.8330,0.0000,-12.8344,0.0000,0.0000,0.000,0.000,,0.0,,,,,,,1,v=3;lan=1,1
31.5327,1790267707.031310,0.0200,0,,,0.000,,,0.0000,0.0000,0.0000,0.0000,0.0000,-13.0000,,,,CHO,0.0000,-12.8330,0.0000,-12.8344,0.0000,0.0000,0.000,0.000,,0.0,,,,,,,1,v=3;lan=1,1
31.5532,1790267707.051815,0.0205,0,,,0.000,,,0.0000,0.0000,0.0000,0.0000,0.0000,-13.0000,,,,CHO,0.0000,-12.8330,0.0000,-12.8344,0.0000,0.0000,0.000,0.000,,0.0,,,,,,,1,v=3;lan=1,1
31.5742,1790267707.072628,0.0210,0,,,0.000,,,0.0000,0.0000,0.0000,0.0000,0.0000,-13.0000,,,,CHO,0.0000,-12.8330,0.0000,-12.8344,0.0000,0.0000,0.000,0.000,,0.0,,,,,,,1,v=3;lan=1,1
31.5947,1790267707.093269,0.0204,0,,,0.000,,,0.0000,0.0000,0.0000,0.0000,0.0000,-13.0000,,,,CHO,0.0000,-12.8330,0.0000,-12.8344,0.0000,0.0000,0.000,0.000,,0.0,,,,,,,1,v=3;lan=1,1
31.6213,1790267707.119731,0.0267,0,,,0.000,,,0.0000,0.0000,0.0000,0.0000,0.0000,-13.0000,,,,CHO,0.0000,-12.8330,0.0000,-12.8344,0.0000,0.0000,0.000,0.000,,0.0,,,,,,,1,v=3;lan=1,1
31.6417,1790267707.140157,0.0204,0,,,0.000,,,0.0000,0.0000,0.0000,0.0000,0.0000,-13.0000,,,,CHO,0.0000,-12.8330,0.0000,-12.8344,0.0000,0.0000,0.000,0.000,,0.0,,,,,,,1,v=3;lan=1,1
31.6622,1790267707.160885,0.0205,0,,,0.000,,,0.0000,0.0000,0.0000,0.0000,0.0000,-13.0000,,,,CHO,0.0000,-12.8330,0.0000,-12.8344,0.0000,0.0000,0.000,0.000,,0.0,,,,,,,1,v=3;lan=1,1
31.6828,1790267707.181386,0.0206,0,,,0.000,,,0.0000,0.0000,0.0000,0.0000,0.0000,-13.0000,,,,CHO,0.0000,-12.8330,0.0000,-12.8344,0.0000,0.0000,0.000,0.000,,0.0,,,,,,,1,v=3;lan=1,1
31.7033,1790267707.201975,0.0205,0,,,0.000,,,0.0000,0.0000,0.0000,0.0000,0.0000,-13.0000,,,,CHO,0.0000,-12.8330,0.0000,-12.8344,0.0000,0.0000,0.000,0.000,,0.0,,,,,,,1,v=3;lan=1,1
31.7237,1790267707.222359,0.0204,0,,,0.000,,,0.0000,0.0000,0.0000,0.0000,0.0000,-13.0000,,,,CHO,0.0000,-12.8330,0.0000,-12.8344,0.0000,0.0000,0.000,0.000,,0.0,,,,,,,1,v=3;lan=1,1
31.7444,1790267707.242962,0.0207,0,,,0.000,,,0.0000,0.0000,0.0000,0.0000,0.0000,-13.0000,,,,CHO,0.0000,-12.8330,0.0000,-12.8344,0.0000,0.0000,0.000,0.000,,0.0,,,,,,,1,v=3;lan=1,1
31.7645,1790267707.263064,0.0200,0,,,0.000,,,0.0000,0.0000,0.0000,0.0000,0.0000,-13.0000,,,,CHO,0.0000,-12.8330,0.0000,-12.8344,0.0000,0.0000,0.000,0.000,,0.0,,,,,,,1,v=3;lan=1,1
31.7845,1790267707.283085,0.0201,0,,,0.000,,,0.0000,0.0000,0.0000,0.0000,0.0000,-13.0000,,,,CHO,0.0000,-12.8330,0.0000,-12.8344,0.0000,0.0000,0.000,0.000,,0.0,,,,,,,1,v=3;lan=1,1
31.8046,1790267707.303099,0.0201,0,,,0.000,,,0.0000,0.0000,0.0000,0.0000,0.0000,-13.0000,,,,CHO,0.0000,-12.8330,0.0000,-12.8344,0.0000,0.0000,0.000,0.000,,0.0,,,,,,,1,v=3;lan=1,1
31.8250,1790267707.323700,0.0204,0,,,0.000,,,0.0000,0.0000,0.0000,0.0000,0.0000,-13.0000,,,,CHO,0.0000,-12.8330,0.0000,-12.8344,0.0000,0.0000,0.000,0.000,,0.0,,,,,,,1,v=3;lan=1,1
31.8451,1790267707.343549,0.0201,0,,,0.000,,,0.0000,0.0000,0.0000,0.0000,0.0000,-13.0000,,,,CHO,0.0000,-12.8330,0.0000,-12.8344,0.0000,0.0000,0.000,0.000,,0.0,,,,,,,1,v=3;lan=1,1
31.8664,1790267707.364931,0.0213,0,,,0.000,,,0.0000,0.0000,0.0000,0.0000,0.0000,-13.0000,,,,CHO,0.0000,-12.8330,0.0000,-12.8344,0.0000,0.0000,0.000,0.000,,0.0,,,,,,,1,v=3;lan=1,1
31.8871,1790267707.385546,0.0207,0,,,0.000,,,0.0000,0.0000,0.0000,0.0000,0.0000,-13.0000,,,,CHO,0.0000,-12.8330,0.0000,-12.8344,0.0000,0.0000,0.000,0.000,,0.0,,,,,,,1,v=3;lan=1,1
31.9074,1790267707.406006,0.0203,0,,,0.000,,,0.0000,0.0000,0.0000,0.0000,0.0000,-13.0000,,,,CHO,0.0000,-12.8330,0.0000,-12.8344,0.0000,0.0000,0.000,0.000,,0.0,,,,,,,1,v=3;lan=1,1
31.9342,1790267707.432784,0.0268,0,,,0.000,,,0.0000,0.0000,0.0000,0.0000,0.0000,-13.0000,,,,CHO,0.0000,-12.8330,0.0000,-12.8344,0.0000,0.0000,0.000,0.000,,0.0,,,,,,,1,v=3;lan=1,1
31.9544,1790267707.453081,0.0203,0,,,0.000,,,0.0000,0.0000,0.0000,0.0000,0.0000,-13.0000,,,,CHO,0.0000,-12.8330,0.0000,-12.8344,0.0000,0.0000,0.000,0.000,,0.0,,,,,,,1,v=3;lan=1,1
31.9745,1790267707.473110,0.0200,0,,,0.000,,,0.0000,0.0000,0.0000,0.0000,0.0000,-13.0000,,,,CHO,0.0000,-12.8330,0.0000,-12.8344,0.0000,0.0000,0.000,0.000,,0.0,,,,,,,1,v=3;lan=1,1
31.9945,1790267707.493046,0.0201,0,,,0.000,,,0.0000,0.0000,0.0000,0.0000,0.0000,-13.0000,,,,CHO,0.0000,-12.8330,0.0000,-12.8344,0.0000,0.0000,0.000,0.000,,0.0,,,,,,,1,v=3;lan=1,1
32.0150,1790267707.513651,0.0204,0,,,0.000,,,0.0000,0.0000,0.0000,0.0000,0.0000,-13.0000,,,,CHO,0.0000,-12.8330,0.0000,-12.8344,0.0000,0.0000,0.000,0.000,,0.0,,,,,,,1,v=3;lan=1,1
32.0354,1790267707.533878,0.0204,0,,,0.000,,,0.0000,0.0000,0.0000,0.0000,0.0000,-13.0000,,,,CHO,0.0000,-12.8330,0.0000,-12.8344,0.0000,0.0000,0.000,0.000,,0.0,,,,,,,1,v=3;lan=1,1
32.0603,1790267707.558715,0.0249,0,,,0.000,,,0.0000,0.0000,0.0000,0.0000,0.0000,-13.0000,,,,CHO,0.0000,-12.8330,0.0000,-12.8344,0.0000,0.0000,0.000,0.000,,0.0,,,,,,,1,v=3;lan=1,1
32.0803,1790267707.578901,0.0200,0,,,0.000,,,0.0000,0.0000,0.0000,0.0000,0.0000,-13.0000,,,,CHO,0.0000,-12.8330,0.0000,-12.8344,0.0000,0.0000,0.000,0.000,,0.0,,,,,,,1,v=3;lan=1,1
32.1005,1790267707.599083,0.0202,0,,,0.000,,,0.0000,0.0000,0.0000,0.0000,0.0000,-13.0000,,,,CHO,0.0000,-12.8330,0.0000,-12.8344,0.0000,0.0000,0.000,0.000,,0.0,,,,,,,1,v=3;lan=1,1
32.1209,1790267707.619414,0.0204,0,,,0.000,,,0.0000,0.0000,0.0000,0.0000,0.0000,-13.0000,,,,CHO,0.0000,-12.8330,0.0000,-12.8344,0.0000,0.0000,0.000,0.000,,0.0,,,,,,,1,v=3;lan=1,1
32.1447,1790267707.643576,0.0238,0,,,0.000,,,0.0000,0.0000,0.0000,0.0000,0.0000,-13.0000,,,,CHO,0.0000,-12.8330,0.0000,-12.8344,0.0000,0.0000,0.000,0.000,,0.0,,,,,,,1,v=3;lan=1,1
32.1654,1790267707.663918,0.0207,0,,,0.000,,,0.0000,0.0000,0.0000,0.0000,0.0000,-13.0000,,,,CHO,0.0000,-12.8330,0.0000,-12.8344,0.0000,0.0000,0.000,0.000,,0.0,,,,,,,1,v=3;lan=1,1
32.1858,1790267707.684373,0.0204,0,,,0.000,,,0.0000,0.0000,0.0000,0.0000,0.0000,-13.0000,,,,CHO,0.0000,-12.8330,0.0000,-12.8344,0.0000,0.0000,0.000,0.000,,0.0,,,,,,,1,v=3;lan=1,1
32.2059,1790267707.704530,0.0201,0,,,0.000,,,0.0000,0.0000,0.0000,0.0000,0.0000,-13.0000,,,,CHO,0.0000,-12.8330,0.0000,-12.8344,0.0000,0.0000,0.000,0.000,,0.0,,,,,,,1,v=3;lan=1,1
32.2302,1790267707.728951,0.0244,0,,,0.000,,,0.0000,0.0000,0.0000,0.0000,0.0000,-13.0000,,,,CHO,0.0000,-12.8330,0.0000,-12.8344,0.0000,0.0000,0.000,0.000,,0.0,,,,,,,1,v=3;lan=1,1
32.2503,1790267707.748674,0.0201,0,,,0.000,,,0.0000,0.0000,0.0000,0.0000,0.0000,-13.0000,,,,CHO,0.0000,-12.8330,0.0000,-12.8344,0.0000,0.0000,0.000,0.000,,0.0,,,,,,,1,v=3;lan=1,1
32.2703,1790267707.768986,0.0200,0,,,0.000,,,0.0000,0.0000,0.0000,0.0000,0.0000,-13.0000,,,,CHO,0.0000,-12.8330,0.0000,-12.8344,0.0000,0.0000,0.000,0.000,,0.0,,,,,,,1,v=3;lan=1,1
32.2906,1790267707.789126,0.0202,0,,,0.000,,,0.0000,0.0000,0.0000,0.0000,0.0000,-13.0000,,,,CHO,0.0000,-12.8330,0.0000,-12.8344,0.0000,0.0000,0.000,0.000,,0.0,,,,,,,1,v=3;lan=1,1
32.3111,1790267707.809647,0.0205,0,,,0.000,,,0.0000,0.0000,0.0000,0.0000,0.0000,-13.0000,,,,CHO,0.0000,-12.8330,0.0000,-12.8344,0.0000,0.0000,0.000,0.000,,0.0,,,,,,,1,v=3;lan=1,1
32.3337,1790267707.832610,0.0226,0,,,0.000,,,0.0000,0.0000,0.0000,0.0000,0.0000,-13.0000,,,,CHO,0.0000,-12.8330,0.0000,-12.8344,0.0000,0.0000,0.000,0.000,,0.0,,,,,,,1,v=3;lan=1,1
32.3540,1790267707.852643,0.0203,0,,,0.000,,,0.0000,0.0000,0.0000,0.0000,0.0000,-13.0000,,,,CHO,0.0000,-12.8330,0.0000,-12.8344,0.0000,0.0000,0.000,0.000,,0.0,,,,,,,1,v=3;lan=1,1
32.3744,1790267707.873015,0.0204,0,,,0.000,,,0.0000,0.0000,0.0000,0.0000,0.0000,-13.0000,,,,CHO,0.0000,-12.8330,0.0000,-12.8344,0.0000,0.0000,0.000,0.000,,0.0,,,,,,,1,v=3;lan=1,1
32.3949,1790267707.893391,0.0205,0,,,0.000,,,0.0000,0.0000,0.0000,0.0000,0.0000,-13.0000,,,,CHO,0.0000,-12.8330,0.0000,-12.8344,0.0000,0.0000,0.000,0.000,,0.0,,,,,,,1,v=3;lan=1,1
32.4174,1790267707.915974,0.0225,0,,,0.000,,,0.0000,0.0000,0.0000,0.0000,0.0000,-13.0000,,,,CHO,0.0000,-12.8330,0.0000,-12.8344,0.0000,0.0000,0.000,0.000,,0.0,,,,,,,1,v=3;lan=1,1
32.4385,1790267707.936892,0.0211,0,,,0.000,,,0.0000,0.0000,0.0000,0.0000,0.0000,-13.0000,,,,CHO,0.0000,-12.8330,0.0000,-12.8344,0.0000,0.0000,0.000,0.000,,0.0,,,,,,,1,v=3;lan=1,1
32.4589,1790267707.957406,0.0204,0,,,0.000,,,0.0000,0.0000,0.0000,0.0000,0.0000,-13.0000,,,,CHO,0.0000,-12.8330,0.0000,-12.8344,0.0000,0.0000,0.000,0.000,,0.0,,,,,,,1,v=3;lan=1,1
32.4790,1790267707.977447,0.0201,0,,,0.000,,,0.0000,0.0000,0.0000,0.0000,0.0000,-13.0000,,,,CHO,0.0000,-12.8330,0.0000,-12.8344,0.0000,0.0000,0.000,0.000,,0.0,,,,,,,1,v=3;lan=1,1
32.4996,1790267707.998285,0.0207,0,,,0.000,,,0.0000,0.0000,0.0000,0.0000,0.0000,-13.0000,,,,CHO,0.0000,-12.8330,0.0000,-12.8344,0.0000,0.0000,0.000,0.000,,0.0,,,,,,,1,v=3;lan=1,1
32.5226,1790267708.021395,0.0230,0,,,0.000,,,0.0000,0.0000,0.0000,0.0000,0.0000,-13.0000,,,,CHO,0.0000,-12.8330,0.0000,-12.8344,0.0000,0.0000,0.000,0.000,,0.0,,,,,,,1,v=3;lan=1,1
32.5430,1790267708.041644,0.0204,0,,,0.000,,,0.0000,0.0000,0.0000,0.0000,0.0000,-13.0000,,,,CHO,0.0000,-12.8330,0.0000,-12.8344,0.0000,0.0000,0.000,0.000,,0.0,,,,,,,1,v=3;lan=1,1
32.5632,1790267708.061800,0.0202,0,,,0.000,,,0.0000,0.0000,0.0000,0.0000,0.0000,-13.0000,,,,CHO,0.0000,-12.8330,0.0000,-12.8344,0.0000,0.0000,0.000,0.000,,0.0,,,,,,,1,v=3;lan=1,1
32.5833,1790267708.081991,0.0201,0,,,0.000,,,0.0000,0.0000,0.0000,0.0000,0.0000,-13.0000,,,,CHO,0.0000,-12.8330,0.0000,-12.8344,0.0000,0.0000,0.000,0.000,,0.0,,,,,,,1,v=3;lan=1,1
32.6034,1790267708.101991,0.0201,0,,,0.000,,,0.0000,0.0000,0.0000,0.0000,0.0000,-13.0000,,,,CHO,0.0000,-12.8330,0.0000,-12.8344,0.0000,0.0000,0.000,0.000,,0.0,,,,,,,1,v=3;lan=1,1
32.6256,1790267708.124372,0.0222,0,,,0.000,,,0.0000,0.0000,0.0000,0.0000,0.0000,-13.0000,,,,CHO,0.0000,-12.8330,0.0000,-12.8344,0.0000,0.0000,0.000,0.000,,0.0,,,,,,,1,v=3;lan=1,1
32.6462,1790267708.144722,0.0206,0,,,0.000,,,0.0000,0.0000,0.0000,0.0000,0.0000,-13.0000,,,,CHO,0.0000,-12.8330,0.0000,-12.8344,0.0000,0.0000,0.000,0.000,,0.0,,,,,,,1,v=3;lan=1,1
32.6667,1790267708.165386,0.0206,0,,,0.000,,,0.0000,0.0000,0.0000,0.0000,0.0000,-13.0000,,,,CHO,0.0000,-12.8330,0.0000,-12.8344,0.0000,0.0000,0.000,0.000,,0.0,,,,,,,1,v=3;lan=1,1
32.6872,1790267708.185848,0.0204,0,,,0.000,,,0.0000,0.0000,0.0000,0.0000,0.0000,-13.0000,,,,CHO,0.0000,-12.8330,0.0000,-12.8344,0.0000,0.0000,0.000,0.000,,0.0,,,,,,,1,v=3;lan=1,1
32.7077,1790267708.206354,0.0205,0,,,0.000,,,0.0000,0.0000,0.0000,0.0000,0.0000,-13.0000,,,,CHO,0.0000,-12.8330,0.0000,-12.8344,0.0000,0.0000,0.000,0.000,,0.0,,,,,,,1,v=3;lan=1,1
32.7278,1790267708.226388,0.0201,0,,,0.000,,,0.0000,0.0000,0.0000,0.0000,0.0000,-13.0000,,,,CHO,0.0000,-12.8330,0.0000,-12.8344,0.0000,0.0000,0.000,0.000,,0.0,,,,,,,1,v=3;lan=1,1
32.7482,1790267708.246866,0.0204,0,,,0.000,,,0.0000,0.0000,0.0000,0.0000,0.0000,-13.0000,,,,CHO,0.0000,-12.8330,0.0000,-12.8344,0.0000,0.0000,0.000,0.000,,0.0,,,,,,,1,v=3;lan=1,1
32.7683,1790267708.266891,0.0200,0,,,0.000,,,0.0000,0.0000,0.0000,0.0000,0.0000,-13.0000,,,,CHO,0.0000,-12.8330,0.0000,-12.8344,0.0000,0.0000,0.000,0.000,,0.0,,,,,,,1,v=3;lan=1,1
32.7886,1790267708.287129,0.0203,0,,,0.000,,,0.0000,0.0000,0.0000,0.0000,0.0000,-13.0000,,,,CHO,0.0000,-12.8330,0.0000,-12.8344,0.0000,0.0000,0.000,0.000,,0.0,,,,,,,1,v=3;lan=1,1
32.8136,1790267708.312005,0.0250,0,,,0.000,,,0.0000,0.0000,0.0000,0.0000,0.0000,-13.0000,,,,CHO,0.0000,-12.8330,0.0000,-12.8344,0.0000,0.0000,0.000,0.000,,0.0,,,,,,,1,v=3;lan=1,1
32.8341,1790267708.332731,0.0205,0,,,0.000,,,0.0000,0.0000,0.0000,0.0000,0.0000,-13.0000,,,,CHO,0.0000,-12.8330,0.0000,-12.8344,0.0000,0.0000,0.000,0.000,,0.0,,,,,,,1,v=3;lan=1,1
32.8547,1790267708.353184,0.0206,0,,,0.000,,,0.0000,0.0000,0.0000,0.0000,0.0000,-13.0000,,,,CHO,0.0000,-12.8330,0.0000,-12.8344,0.0000,0.0000,0.000,0.000,,0.0,,,,,,,1,v=3;lan=1,1
32.8816,1790267708.380344,0.0269,0,,,0.000,,,0.0000,0.0000,0.0000,0.0000,0.0000,-13.0000,,,,CHO,0.0000,-12.8330,0.0000,-12.8344,0.0000,0.0000,0.000,0.000,,0.0,,,,,,,1,v=3;lan=1,1
32.9022,1790267708.400784,0.0206,0,,,0.000,,,0.0000,0.0000,0.0000,0.0000,0.0000,-13.0000,,,,CHO,0.0000,-12.8330,0.0000,-12.8344,0.0000,0.0000,0.000,0.000,,0.0,,,,,,,1,v=3;lan=1,1
32.9233,1790267708.420959,0.0211,0,,,0.000,,,0.0000,0.0000,0.0000,0.0000,0.0000,-13.0000,,,,CHO,0.0000,-12.8330,0.0000,-12.8344,0.0000,0.0000,0.000,0.000,,0.0,,,,,,,1,v=3;lan=1,1
32.9437,1790267708.442286,0.0204,0,,,0.000,,,0.0000,0.0000,0.0000,0.0000,0.0000,-13.0000,,,,CHO,0.0000,-12.8330,0.0000,-12.8344,0.0000,0.0000,0.000,0.000,,0.0,,,,,,,1,v=3;lan=1,1
32.9639,1790267708.462439,0.0202,0,,,0.000,,,0.0000,0.0000,0.0000,0.0000,0.0000,-13.0000,,,,CHO,0.0000,-12.8330,0.0000,-12.8344,0.0000,0.0000,0.000,0.000,,0.0,,,,,,,1,v=3;lan=1,1
32.9878,1790267708.486403,0.0239,0,,,0.000,,,0.0000,0.0000,0.0000,0.0000,0.0000,-13.0000,,,,CHO,0.0000,-12.8330,0.0000,-12.8344,0.0000,0.0000,0.000,0.000,,0.0,,,,,,,1,v=3;lan=1,1
33.0083,1790267708.506949,0.0205,0,,,0.000,,,0.0000,0.0000,0.0000,0.0000,0.0000,-13.0000,,,,CHO,0.0000,-12.8330,0.0000,-12.8344,0.0000,0.0000,0.000,0.000,,0.0,,,,,,,1,v=3;lan=1,1
33.0287,1790267708.527274,0.0204,0,,,0.000,,,0.0000,0.0000,0.0000,0.0000,0.0000,-13.0000,,,,CHO,0.0000,-12.8330,0.0000,-12.8344,0.0000,0.0000,0.000,0.000,,0.0,,,,,,,1,v=3;lan=1,1
33.0492,1790267708.547698,0.0204,0,,,0.000,,,0.0000,0.0000,0.0000,0.0000,0.0000,-13.0000,,,,CHO,0.0000,-12.8330,0.0000,-12.8344,0.0000,0.0000,0.000,0.000,,0.0,,,,,,,1,v=3;lan=1,1
33.0696,1790267708.568215,0.0205,0,,,0.000,,,0.0000,0.0000,0.0000,0.0000,0.0000,-13.0000,,,,CHO,0.0000,-12.8330,0.0000,-12.8344,0.0000,0.0000,0.000,0.000,,0.0,,,,,,,1,v=3;lan=1,1
33.0897,1790267708.588212,0.0200,0,,,0.000,,,0.0000,0.0000,0.0000,0.0000,0.0000,-13.0000,,,,CHO,0.0000,-12.8330,0.0000,-12.8344,0.0000,0.0000,0.000,0.000,,0.0,,,,,,,1,v=3;lan=1,1
33.1101,1790267708.608581,0.0204,0,,,0.000,,,0.0000,0.0000,0.0000,0.0000,0.0000,-13.0000,,,,CHO,0.0000,-12.8330,0.0000,-12.8344,0.0000,0.0000,0.000,0.000,,0.0,,,,,,,1,v=3;lan=1,1
33.1302,1790267708.628846,0.0201,0,,,0.000,,,0.0000,0.0000,0.0000,0.0000,0.0000,-13.0000,,,,CHO,0.0000,-12.8330,0.0000,-12.8344,0.0000,0.0000,0.000,0.000,,0.0,,,,,,,1,v=3;lan=1,1
33.1533,1790267708.651988,0.0231,0,,,0.000,,,0.0000,0.0000,0.0000,0.0000,0.0000,-13.0000,,,,CHO,0.0000,-12.8330,0.0000,-12.8344,0.0000,0.0000,0.000,0.000,,0.0,,,,,,,1,v=3;lan=1,1
33.1738,1790267708.672249,0.0204,0,,,0.000,,,0.0000,0.0000,0.0000,0.0000,0.0000,-13.0000,,,,CHO,0.0000,-12.8330,0.0000,-12.8344,0.0000,0.0000,0.000,0.000,,0.0,,,,,,,1,v=3;lan=1,1
33.1943,1790267708.692860,0.0206,0,,,0.000,,,0.0000,0.0000,0.0000,0.0000,0.0000,-13.0000,,,,CHO,0.0000,-12.8330,0.0000,-12.8344,0.0000,0.0000,0.000,0.000,,0.0,,,,,,,1,v=3;lan=1,1
33.2148,1790267708.713360,0.0204,0,,,0.000,,,0.0000,0.0000,0.0000,0.0000,0.0000,-13.0000,,,,CHO,0.0000,-12.8330,0.0000,-12.8344,0.0000,0.0000,0.000,0.000,,0.0,,,,,,,1,v=3;lan=1,1
33.2348,1790267708.733407,0.0200,0,,,0.000,,,0.0000,0.0000,0.0000,0.0000,0.0000,-13.0000,,,,CHO,0.0000,-12.8330,0.0000,-12.8344,0.0000,0.0000,0.000,0.000,,0.0,,,,,,,1,v=3;lan=1,1
33.2581,1790267708.756552,0.0233,0,,,0.000,,,0.0000,0.0000,0.0000,0.0000,0.0000,-13.0000,,,,CHO,0.0000,-12.8330,0.0000,-12.8344,0.0000,0.0000,0.000,0.000,,0.0,,,,,,,1,v=3;lan=1,1
33.2785,1790267708.776945,0.0204,0,,,0.000,,,0.0000,0.0000,0.0000,0.0000,0.0000,-13.0000,,,,CHO,0.0000,-12.8330,0.0000,-12.8344,0.0000,0.0000,0.000,0.000,,0.0,,,,,,,1,v=3;lan=1,1
33.2987,1790267708.797302,0.0202,0,,,0.000,,,0.0000,0.0000,0.0000,0.0000,0.0000,-13.0000,,,,CHO,0.0000,-12.8330,0.0000,-12.8344,0.0000,0.0000,0.000,0.000,,0.0,,,,,,,1,v=3;lan=1,1
33.3190,1790267708.817520,0.0203,0,,,0.000,,,0.0000,0.0000,0.0000,0.0000,0.0000,-13.0000,,,,CHO,0.0000,-12.8330,0.0000,-12.8344,0.0000,0.0000,0.000,0.000,,0.0,,,,,,,1,v=3;lan=1,1
33.3395,1790267708.837900,0.0205,0,,,0.000,,,0.0000,0.0000,0.0000,0.0000,0.0000,-13.0000,,,,CHO,0.0000,-12.8330,0.0000,-12.8344,0.0000,0.0000,0.000,0.000,,0.0,,,,,,,1,v=3;lan=1,1
33.3597,1790267708.858638,0.0202,0,,,0.000,,,0.0000,0.0000,0.0000,0.0000,0.0000,-13.0000,,,,CHO,0.0000,-12.8330,0.0000,-12.8344,0.0000,0.0000,0.000,0.000,,0.0,,,,,,,1,v=3;lan=1,1
33.3817,1790267708.880155,0.0221,0,,,0.000,,,0.0000,0.0000,0.0000,0.0000,0.0000,-13.0000,,,,CHO,0.0000,-12.8330,0.0000,-12.8344,0.0000,0.0000,0.000,0.000,,0.0,,,,,,,1,v=3;lan=1,1
33.4024,1790267708.900929,0.0207,0,,,0.000,,,0.0000,0.0000,0.0000,0.0000,0.0000,-13.0000,,,,CHO,0.0000,-12.8330,0.0000,-12.8344,0.0000,0.0000,0.000,0.000,,0.0,,,,,,,1,v=3;lan=1,1
33.4229,1790267708.921421,0.0205,0,,,0.000,,,0.0000,0.0000,0.0000,0.0000,0.0000,-13.0000,,,,CHO,0.0000,-12.8330,0.0000,-12.8344,0.0000,0.0000,0.000,0.000,,0.0,,,,,,,1,v=3;lan=1,1
33.4430,1790267708.941598,0.0200,0,,,0.000,,,0.0000,0.0000,0.0000,0.0000,0.0000,-13.0000,,,,CHO,0.0000,-12.8330,0.0000,-12.8344,0.0000,0.0000,0.000,0.000,,0.0,,,,,,,1,v=3;lan=1,1
33.4655,1790267708.964123,0.0225,0,,,0.000,,,0.0000,0.0000,0.0000,0.0000,0.0000,-13.0000,,,,CHO,0.0000,-12.8330,0.0000,-12.8344,0.0000,0.0000,0.000,0.000,,0.0,,,,,,,1,v=3;lan=1,1
33.4859,1790267708.984405,0.0204,0,,,0.000,,,0.0000,0.0000,0.0000,0.0000,0.0000,-13.0000,,,,CHO,0.0000,-12.8330,0.0000,-12.8344,0.0000,0.0000,0.000,0.000,,0.0,,,,,,,1,v=3;lan=1,1
33.5063,1790267709.004849,0.0204,0,,,0.000,,,0.0000,0.0000,0.0000,0.0000,0.0000,-13.0000,,,,CHO,0.0000,-12.8330,0.0000,-12.8344,0.0000,0.0000,0.000,0.000,,0.0,,,,,,,1,v=3;lan=1,1
33.5351,1790267709.033254,0.0288,0,,,0.000,,,0.0000,0.0000,0.0000,0.0000,0.0000,-13.0000,,,,CHO,0.0000,-12.8330,0.0000,-12.8344,0.0000,0.0000,0.000,0.000,,0.0,,,,,,,1,v=3;lan=1,1
33.5558,1790267709.054273,0.0206,0,,,0.000,,,0.0000,0.0000,0.0000,0.0000,0.0000,-13.0000,,,,CHO,0.0000,-12.8330,0.0000,-12.8344,0.0000,0.0000,0.000,0.000,,0.0,,,,,,,1,v=3;lan=1,1
33.5764,1790267709.074999,0.0206,0,,,0.000,,,0.0000,0.0000,0.0000,0.0000,0.0000,-13.0000,,,,CHO,0.0000,-12.8330,0.0000,-12.8344,0.0000,0.0000,0.000,0.000,,0.0,,,,,,,1,v=3;lan=1,1
33.5969,1790267709.095401,0.0205,0,,,0.000,,,0.0000,0.0000,0.0000,0.0000,0.0000,-13.0000,,,,CHO,0.0000,-12.8330,0.0000,-12.8344,0.0000,0.0000,0.000,0.000,,0.0,,,,,,,1,v=3;lan=1,1
33.6191,1790267709.117627,0.0222,0,,,0.000,,,0.0000,0.0000,0.0000,0.0000,0.0000,-13.0000,,,,CHO,0.0000,-12.8330,0.0000,-12.8344,0.0000,0.0000,0.000,0.000,,0.0,,,,,,,1,v=3;lan=1,1
33.6430,1790267709.141417,0.0240,0,,,0.000,,,0.0000,0.0000,0.0000,0.0000,0.0000,-13.0000,,,,CHO,0.0000,-12.8330,0.0000,-12.8344,0.0000,0.0000,0.000,0.000,,0.0,,,,,,,1,v=3;lan=1,1
33.6634,1790267709.161958,0.0203,0,,,0.000,,,0.0000,0.0000,0.0000,0.0000,0.0000,-13.0000,,,,CHO,0.0000,-12.8330,0.0000,-12.8344,0.0000,0.0000,0.000,0.000,,0.0,,,,,,,1,v=3;lan=1,1
33.6834,1790267709.182055,0.0200,0,,,0.000,,,0.0000,0.0000,0.0000,0.0000,0.0000,-13.0000,,,,CHO,0.0000,-12.8330,0.0000,-12.8344,0.0000,0.0000,0.000,0.000,,0.0,,,,,,,1,v=3;lan=1,1
33.7040,1790267709.202585,0.0206,0,,,0.000,,,0.0000,0.0000,0.0000,0.0000,0.0000,-13.0000,,,,CHO,0.0000,-12.8330,0.0000,-12.8344,0.0000,0.0000,0.000,0.000,,0.0,,,,,,,1,v=3;lan=1,1
33.7245,1790267709.223059,0.0205,0,,,0.000,,,0.0000,0.0000,0.0000,0.0000,0.0000,-13.0000,,,,CHO,0.0000,-12.8330,0.0000,-12.8344,0.0000,0.0000,0.000,0.000,,0.0,,,,,,,1,v=3;lan=1,1
33.7447,1790267709.243354,0.0202,0,,,0.000,,,0.0000,0.0000,0.0000,0.0000,0.0000,-13.0000,,,,CHO,0.0000,-12.8330,0.0000,-12.8344,0.0000,0.0000,0.000,0.000,,0.0,,,,,,,1,v=3;lan=1,1
33.7652,1790267709.263739,0.0204,0,,,0.000,,,0.0000,0.0000,0.0000,0.0000,0.0000,-13.0000,,,,CHO,0.0000,-12.8330,0.0000,-12.8344,0.0000,0.0000,0.000,0.000,,0.0,,,,,,,1,v=3;lan=1,1
33.7856,1790267709.284251,0.0204,0,,,0.000,,,0.0000,0.0000,0.0000,0.0000,0.0000,-13.0000,,,,CHO,0.0000,-12.8330,0.0000,-12.8344,0.0000,0.0000,0.000,0.000,,0.0,,,,,,,1,v=3;lan=1,1
33.8059,1790267709.304446,0.0203,0,,,0.000,,,0.0000,0.0000,0.0000,0.0000,0.0000,-13.0000,,,,CHO,0.0000,-12.8330,0.0000,-12.8344,0.0000,0.0000,0.000,0.000,,0.0,,,,,,,1,v=3;lan=1,1
33.8262,1790267709.324810,0.0203,0,,,0.000,,,0.0000,0.0000,0.0000,0.0000,0.0000,-13.0000,,,,CHO,0.0000,-12.8330,0.0000,-12.8344,0.0000,0.0000,0.000,0.000,,0.0,,,,,,,1,v=3;lan=1,1
33.8499,1790267709.348916,0.0237,0,,,0.000,,,0.0000,0.0000,0.0000,0.0000,0.0000,-13.0000,,,,CHO,0.0000,-12.8330,0.0000,-12.8344,0.0000,0.0000,0.000,0.000,,0.0,,,,,,,1,v=3;lan=1,1
33.8701,1790267709.368732,0.0202,0,,,0.000,,,0.0000,0.0000,0.0000,0.0000,0.0000,-13.0000,,,,CHO,0.0000,-12.8330,0.0000,-12.8344,0.0000,0.0000,0.000,0.000,,0.0,,,,,,,1,v=3;lan=1,1
33.8902,1790267709.388855,0.0201,0,,,0.000,,,0.0000,0.0000,0.0000,0.0000,0.0000,-13.0000,,,,CHO,0.0000,-12.8330,0.0000,-12.8344,0.0000,0.0000,0.000,0.000,,0.0,,,,,,,1,v=3;lan=1,1
33.9105,1790267709.409156,0.0203,0,,,0.000,,,0.0000,0.0000,0.0000,0.0000,0.0000,-13.0000,,,,CHO,0.0000,-12.8330,0.0000,-12.8344,0.0000,0.0000,0.000,0.000,,0.0,,,,,,,1,v=3;lan=1,1
33.9307,1790267709.429427,0.0202,0,,,0.000,,,0.0000,0.0000,0.0000,0.0000,0.0000,-13.0000,,,,CHO,0.0000,-12.8330,0.0000,-12.8344,0.0000,0.0000,0.000,0.000,,0.0,,,,,,,1,v=3;lan=1,1
33.9511,1790267709.449774,0.0203,0,,,0.000,,,0.0000,0.0000,0.0000,0.0000,0.0000,-13.0000,,,,CHO,0.0000,-12.8330,0.0000,-12.8344,0.0000,0.0000,0.000,0.000,,0.0,,,,,,,1,v=3;lan=1,1
33.9713,1790267709.469997,0.0202,0,,,0.000,,,0.0000,0.0000,0.0000,0.0000,0.0000,-13.0000,,,,CHO,0.0000,-12.8330,0.0000,-12.8344,0.0000,0.0000,0.000,0.000,,0.0,,,,,,,1,v=3;lan=1,1
33.9914,1790267709.490128,0.0201,0,,,0.000,,,0.0000,0.0000,0.0000,0.0000,0.0000,-13.0000,,,,CHO,0.0000,-12.8330,0.0000,-12.8344,0.0000,0.0000,0.000,0.000,,0.0,,,,,,,1,v=3;lan=1,1
34.0119,1790267709.510433,0.0205,0,,,0.000,,,0.0000,0.0000,0.0000,0.0000,0.0000,-13.0000,,,,CHO,0.0000,-12.8330,0.0000,-12.8344,0.0000,0.0000,0.000,0.000,,0.0,,,,,,,1,v=3;lan=1,1
34.0321,1790267709.530667,0.0202,0,,,0.000,,,0.0000,0.0000,0.0000,0.0000,0.0000,-13.0000,,,,CHO,0.0000,-12.8330,0.0000,-12.8344,0.0000,0.0000,0.000,0.000,,0.0,,,,,,,1,v=3;lan=1,1
34.0558,1790267709.554271,0.0236,0,,,0.000,,,0.0000,0.0000,0.0000,0.0000,0.0000,-13.0000,,,,CHO,0.0000,-12.8330,0.0000,-12.8344,0.0000,0.0000,0.000,0.000,,0.0,,,,,,,1,v=3;lan=1,1
34.0761,1790267709.574810,0.0203,0,,,0.000,,,0.0000,0.0000,0.0000,0.0000,0.0000,-13.0000,,,,CHO,0.0000,-12.8330,0.0000,-12.8344,0.0000,0.0000,0.000,0.000,,0.0,,,,,,,1,v=3;lan=1,1
34.0966,1790267709.595162,0.0205,0,,,0.000,,,0.0000,0.0000,0.0000,0.0000,0.0000,-13.0000,,,,CHO,0.0000,-12.8330,0.0000,-12.8344,0.0000,0.0000,0.000,0.000,,0.0,,,,,,,1,v=3;lan=1,1
34.1172,1790267709.615824,0.0206,0,,,0.000,,,0.0000,0.0000,0.0000,0.0000,0.0000,-13.0000,,,,CHO,0.0000,-12.8330,0.0000,-12.8344,0.0000,0.0000,0.000,0.000,,0.0,,,,,,,1,v=3;lan=1,1
34.1405,1790267709.638884,0.0233,0,,,0.000,,,0.0000,0.0000,0.0000,0.0000,0.0000,-13.0000,,,,CHO,0.0000,-12.8330,0.0000,-12.8344,0.0000,0.0000,0.000,0.000,,0.0,,,,,,,1,v=3;lan=1,1
34.1609,1790267709.659565,0.0204,0,,,0.000,,,0.0000,0.0000,0.0000,0.0000,0.0000,-13.0000,,,,CHO,0.0000,-12.8330,0.0000,-12.8344,0.0000,0.0000,0.000,0.000,,0.0,,,,,,,1,v=3;lan=1,1
34.1810,1790267709.679454,0.0201,0,,,0.000,,,0.0000,0.0000,0.0000,0.0000,0.0000,-13.0000,,,,CHO,0.0000,-12.8330,0.0000,-12.8344,0.0000,0.0000,0.000,0.000,,0.0,,,,,,,1,v=3;lan=1,1
34.2014,1790267709.700015,0.0204,0,,,0.000,,,0.0000,0.0000,0.0000,0.0000,0.0000,-13.0000,,,,CHO,0.0000,-12.8330,0.0000,-12.8344,0.0000,0.0000,0.000,0.000,,0.0,,,,,,,1,v=3;lan=1,1
34.2216,1790267709.720264,0.0203,0,,,0.000,,,0.0000,0.0000,0.0000,0.0000,0.0000,-13.0000,,,,CHO,0.0000,-12.8330,0.0000,-12.8344,0.0000,0.0000,0.000,0.000,,0.0,,,,,,,1,v=3;lan=1,1
34.2422,1790267709.740806,0.0206,0,,,0.000,,,0.0000,0.0000,0.0000,0.0000,0.0000,-13.0000,,,,CHO,0.0000,-12.8330,0.0000,-12.8344,0.0000,0.0000,0.000,0.000,,0.0,,,,,,,1,v=3;lan=1,1
34.2623,1790267709.760914,0.0201,0,,,0.000,,,0.0000,0.0000,0.0000,0.0000,0.0000,-13.0000,,,,CHO,0.0000,-12.8330,0.0000,-12.8344,0.0000,0.0000,0.000,0.000,,0.0,,,,,,,1,v=3;lan=1,1
34.2824,1790267709.781042,0.0201,0,,,0.000,,,0.0000,0.0000,0.0000,0.0000,0.0000,-13.0000,,,,CHO,0.0000,-12.8330,0.0000,-12.8344,0.0000,0.0000,0.000,0.000,,0.0,,,,,,,1,v=3;lan=1,1
34.3027,1790267709.801291,0.0203,0,,,0.000,,,0.0000,0.0000,0.0000,0.0000,0.0000,-13.0000,,,,CHO,0.0000,-12.8330,0.0000,-12.8344,0.0000,0.0000,0.000,0.000,,0.0,,,,,,,1,v=3;lan=1,1
34.3228,1790267709.821460,0.0201,0,,,0.000,,,0.0000,0.0000,0.0000,0.0000,0.0000,-13.0000,,,,CHO,0.0000,-12.8330,0.0000,-12.8344,0.0000,0.0000,0.000,0.000,,0.0,,,,,,,1,v=3;lan=1,1
34.3434,1790267709.842055,0.0206,0,,,0.000,,,0.0000,0.0000,0.0000,0.0000,0.0000,-13.0000,,,,CHO,0.0000,-12.8330,0.0000,-12.8344,0.0000,0.0000,0.000,0.000,,0.0,,,,,,,1,v=3;lan=1,1
34.3643,1790267709.862793,0.0209,0,,,0.000,,,0.0000,0.0000,0.0000,0.0000,0.0000,-13.0000,,,,CHO,0.0000,-12.8330,0.0000,-12.8344,0.0000,0.0000,0.000,0.000,,0.0,,,,,,,1,v=3;lan=1,1
34.3846,1790267709.883275,0.0203,0,,,0.000,,,0.0000,0.0000,0.0000,0.0000,0.0000,-13.0000,,,,CHO,0.0000,-12.8330,0.0000,-12.8344,0.0000,0.0000,0.000,0.000,,0.0,,,,,,,1,v=3;lan=1,1
34.4052,1790267709.903881,0.0207,0,,,0.000,,,0.0000,0.0000,0.0000,0.0000,0.0000,-13.0000,,,,CHO,0.0000,-12.8330,0.0000,-12.8344,0.0000,0.0000,0.000,0.000,,0.0,,,,,,,1,v=3;lan=1,1
34.4258,1790267709.924398,0.0205,0,,,0.000,,,0.0000,0.0000,0.0000,0.0000,0.0000,-13.0000,,,,CHO,0.0000,-12.8330,0.0000,-12.8344,0.0000,0.0000,0.000,0.000,,0.0,,,,,,,1,v=3;lan=1,1
34.4458,1790267709.944450,0.0200,0,,,0.000,,,0.0000,0.0000,0.0000,0.0000,0.0000,-13.0000,,,,CHO,0.0000,-12.8330,0.0000,-12.8344,0.0000,0.0000,0.000,0.000,,0.0,,,,,,,1,v=3;lan=1,1
34.4681,1790267709.966330,0.0223,0,,,0.000,,,0.0000,0.0000,0.0000,0.0000,0.0000,-13.0000,,,,CHO,0.0000,-12.8330,0.0000,-12.8344,0.0000,0.0000,0.000,0.000,,0.0,,,,,,,1,v=3;lan=1,1
34.4886,1790267709.987212,0.0206,0,,,0.000,,,0.0000,0.0000,0.0000,0.0000,0.0000,-13.0000,,,,CHO,0.0000,-12.8330,0.0000,-12.8344,0.0000,0.0000,0.000,0.000,,0.0,,,,,,,1,v=3;lan=1,1
34.5089,1790267710.007409,0.0203,0,,,0.000,,,0.0000,0.0000,0.0000,0.0000,0.0000,-13.0000,,,,CHO,0.0000,-12.8330,0.0000,-12.8344,0.0000,0.0000,0.000,0.000,,0.0,,,,,,,1,v=3;lan=1,1
34.5294,1790267710.028037,0.0205,0,,,0.000,,,0.0000,0.0000,0.0000,0.0000,0.0000,-13.0000,,,,CHO,0.0000,-12.8330,0.0000,-12.8344,0.0000,0.0000,0.000,0.000,,0.0,,,,,,,1,v=3;lan=1,1
34.5502,1790267710.048850,0.0208,0,,,0.000,,,0.0000,0.0000,0.0000,0.0000,0.0000,-13.0000,,,,CHO,0.0000,-12.8330,0.0000,-12.8344,0.0000,0.0000,0.000,0.000,,0.0,,,,,,,1,v=3;lan=1,1
34.5742,1790267710.072667,0.0241,0,,,0.000,,,0.0000,0.0000,0.0000,0.0000,0.0000,-13.0000,,,,CHO,0.0000,-12.8330,0.0000,-12.8344,0.0000,0.0000,0.000,0.000,,0.0,,,,,,,1,v=3;lan=1,1
34.5944,1790267710.092966,0.0201,0,,,0.000,,,0.0000,0.0000,0.0000,0.0000,0.0000,-13.0000,,,,CHO,0.0000,-12.8330,0.0000,-12.8344,0.0000,0.0000,0.000,0.000,,0.0,,,,,,,1,v=3;lan=1,1
34.6148,1790267710.113457,0.0205,0,,,0.000,,,0.0000,0.0000,0.0000,0.0000,0.0000,-13.0000,,,,CHO,0.0000,-12.8330,0.0000,-12.8344,0.0000,0.0000,0.000,0.000,,0.0,,,,,,,1,v=3;lan=1,1
34.6352,1790267710.133813,0.0204,0,,,0.000,,,0.0000,0.0000,0.0000,0.0000,0.0000,-13.0000,,,,CHO,0.0000,-12.8330,0.0000,-12.8344,0.0000,0.0000,0.000,0.000,,0.0,,,,,,,1,v=3;lan=1,1
34.6559,1790267710.154444,0.0207,0,,,0.000,,,0.0000,0.0000,0.0000,0.0000,0.0000,-13.0000,,,,CHO,0.0000,-12.8330,0.0000,-12.8344,0.0000,0.0000,0.000,0.000,,0.0,,,,,,,1,v=3;lan=1,1
34.6763,1790267710.174855,0.0204,0,,,0.000,,,0.0000,0.0000,0.0000,0.0000,0.0000,-13.0000,,,,CHO,0.0000,-12.8330,0.0000,-12.8344,0.0000,0.0000,0.000,0.000,,0.0,,,,,,,1,v=3;lan=1,1
34.6965,1790267710.194959,0.0202,0,,,0.000,,,0.0000,0.0000,0.0000,0.0000,0.0000,-13.0000,,,,CHO,0.0000,-12.8330,0.0000,-12.8344,0.0000,0.0000,0.000,0.000,,0.0,,,,,,,1,v=3;lan=1,1
34.7167,1790267710.215306,0.0202,0,,,0.000,,,0.0000,0.0000,0.0000,0.0000,0.0000,-13.0000,,,,CHO,0.0000,-12.8330,0.0000,-12.8344,0.0000,0.0000,0.000,0.000,,0.0,,,,,,,1,v=3;lan=1,1
34.7410,1790267710.239465,0.0243,0,,,0.000,,,0.0000,0.0000,0.0000,0.0000,0.0000,-13.0000,,,,CHO,0.0000,-12.8330,0.0000,-12.8344,0.0000,0.0000,0.000,0.000,,0.0,,,,,,,1,v=3;lan=1,1
34.7622,1790267710.260789,0.0212,0,,,0.000,,,0.0000,0.0000,0.0000,0.0000,0.0000,-13.0000,,,,CHO,0.0000,-12.8330,0.0000,-12.8344,0.0000,0.0000,0.000,0.000,,0.0,,,,,,,1,v=3;lan=1,1
34.7822,1790267710.280696,0.0200,0,,,0.000,,,0.0000,0.0000,0.0000,0.0000,0.0000,-13.0000,,,,CHO,0.0000,-12.8330,0.0000,-12.8344,0.0000,0.0000,0.000,0.000,,0.0,,,,,,,1,v=3;lan=1,1
34.8027,1790267710.301173,0.0205,0,,,0.000,,,0.0000,0.0000,0.0000,0.0000,0.0000,-13.0000,,,,CHO,0.0000,-12.8330,0.0000,-12.8344,0.0000,0.0000,0.000,0.000,,0.0,,,,,,,1,v=3;lan=1,1
34.8252,1790267710.323688,0.0225,0,,,0.000,,,0.0000,0.0000,0.0000,0.0000,0.0000,-13.0000,,,,CHO,0.0000,-12.8330,0.0000,-12.8344,0.0000,0.0000,0.000,0.000,,0.0,,,,,,,1,v=3;lan=1,1
34.8456,1790267710.344095,0.0204,0,,,0.000,,,0.0000,0.0000,0.0000,0.0000,0.0000,-13.0000,,,,CHO,0.0000,-12.8330,0.0000,-12.8344,0.0000,0.0000,0.000,0.000,,0.0,,,,,,,1,v=3;lan=1,1
34.8665,1790267710.365168,0.0209,0,,,0.000,,,0.0000,0.0000,0.0000,0.0000,0.0000,-13.0000,,,,CHO,0.0000,-12.8330,0.0000,-12.8344,0.0000,0.0000,0.000,0.000,,0.0,,,,,,,1,v=3;lan=1,1
34.8867,1790267710.385215,0.0202,0,,,0.000,,,0.0000,0.0000,0.0000,0.0000,0.0000,-13.0000,,,,CHO,0.0000,-12.8330,0.0000,-12.8344,0.0000,0.0000,0.000,0.000,,0.0,,,,,,,1,v=3;lan=1,1
34.9073,1790267710.405914,0.0206,0,,,0.000,,,0.0000,0.0000,0.0000,0.0000,0.0000,-13.0000,,,,CHO,0.0000,-12.8330,0.0000,-12.8344,0.0000,0.0000,0.000,0.000,,0.0,,,,,,,1,v=3;lan=1,1
34.9300,1790267710.428485,0.0228,0,,,0.000,,,0.0000,0.0000,0.0000,0.0000,0.0000,-13.0000,,,,CHO,0.0000,-12.8330,0.0000,-12.8344,0.0000,0.0000,0.000,0.000,,0.0,,,,,,,1,v=3;lan=1,1
34.9509,1790267710.449414,0.0209,0,,,0.000,,,0.0000,0.0000,0.0000,0.0000,0.0000,-13.0000,,,,CHO,0.0000,-12.8330,0.0000,-12.8344,0.0000,0.0000,0.000,0.000,,0.0,,,,,,,1,v=3;lan=1,1
34.9711,1790267710.469707,0.0201,0,,,0.000,,,0.0000,0.0000,0.0000,0.0000,0.0000,-13.0000,,,,CHO,0.0000,-12.8330,0.0000,-12.8344,0.0000,0.0000,0.000,0.000,,0.0,,,,,,,1,v=3;lan=1,1
34.9914,1790267710.490047,0.0203,0,,,0.000,,,0.0000,0.0000,0.0000,0.0000,0.0000,-13.0000,,,,CHO,0.0000,-12.8330,0.0000,-12.8344,0.0000,0.0000,0.000,0.000,,0.0,,,,,,,1,v=3;lan=1,1
35.0146,1790267710.513348,0.0232,0,,,0.000,,,0.0000,0.0000,0.0000,0.0000,0.0000,-13.0000,,,,CHO,0.0000,-12.8330,0.0000,-12.8344,0.0000,0.0000,0.000,0.000,,0.0,,,,,,,1,v=3;lan=1,1
35.0350,1790267710.533453,0.0204,0,,,0.000,,,0.0000,0.0000,0.0000,0.0000,0.0000,-13.0000,,,,CHO,0.0000,-12.8330,0.0000,-12.8344,0.0000,0.0000,0.000,0.000,,0.0,,,,,,,1,v=3;lan=1,1
35.0557,1790267710.554154,0.0207,0,,,0.000,,,0.0000,0.0000,0.0000,0.0000,0.0000,-13.0000,,,,CHO,0.0000,-12.8330,0.0000,-12.8344,0.0000,0.0000,0.000,0.000,,0.0,,,,,,,1,v=3;lan=1,1
35.0764,1790267710.574823,0.0207,0,,,0.000,,,0.0000,0.0000,0.0000,0.0000,0.0000,-13.0000,,,,CHO,0.0000,-12.8330,0.0000,-12.8344,0.0000,0.0000,0.000,0.000,,0.0,,,,,,,1,v=3;lan=1,1
35.0966,1790267710.595106,0.0202,0,,,0.000,,,0.0000,0.0000,0.0000,0.0000,0.0000,-13.0000,,,,CHO,0.0000,-12.8330,0.0000,-12.8344,0.0000,0.0000,0.000,0.000,,0.0,,,,,,,1,v=3;lan=1,1
35.1171,1790267710.615679,0.0205,0,,,0.000,,,0.0000,0.0000,0.0000,0.0000,0.0000,-13.0000,,,,CHO,0.0000,-12.8330,0.0000,-12.8344,0.0000,0.0000,0.000,0.000,,0.0,,,,,,,1,v=3;lan=1,1
35.1375,1790267710.636070,0.0203,0,,,0.000,,,0.0000,0.0000,0.0000,0.0000,0.0000,-13.0000,,,,CHO,0.0000,-12.8330,0.0000,-12.8344,0.0000,0.0000,0.000,0.000,,0.0,,,,,,,1,v=3;lan=1,1
35.1578,1790267710.656474,0.0204,0,,,0.000,,,0.0000,0.0000,0.0000,0.0000,0.0000,-13.0000,,,,CHO,0.0000,-12.8330,0.0000,-12.8344,0.0000,0.0000,0.000,0.000,,0.0,,,,,,,1,v=3;lan=1,1
35.1779,1790267710.676588,0.0201,0,,,0.000,,,0.0000,0.0000,0.0000,0.0000,0.0000,-13.0000,,,,CHO,0.0000,-12.8330,0.0000,-12.8344,0.0000,0.0000,0.000,0.000,,0.0,,,,,,,1,v=3;lan=1,1
35.1987,1790267710.697178,0.0207,0,,,0.000,,,0.0000,0.0000,0.0000,0.0000,0.0000,-13.0000,,,,CHO,0.0000,-12.8330,0.0000,-12.8344,0.0000,0.0000,0.000,0.000,,0.0,,,,,,,1,v=3;lan=1,1
35.2187,1790267710.717299,0.0200,0,,,0.000,,,0.0000,0.0000,0.0000,0.0000,0.0000,-13.0000,,,,CHO,0.0000,-12.8330,0.0000,-12.8344,0.0000,0.0000,0.000,0.000,,0.0,,,,,,,1,v=3;lan=1,1
35.2389,1790267710.737430,0.0202,0,,,0.000,,,0.0000,0.0000,0.0000,0.0000,0.0000,-13.0000,,,,CHO,0.0000,-12.8330,0.0000,-12.8344,0.0000,0.0000,0.000,0.000,,0.0,,,,,,,1,v=3;lan=1,1
35.2622,1790267710.760944,0.0232,0,,,0.000,,,0.0000,0.0000,0.0000,0.0000,0.0000,-13.0000,,,,CHO,0.0000,-12.8330,0.0000,-12.8344,0.0000,0.0000,0.000,0.000,,0.0,,,,,,,1,v=3;lan=1,1
35.2823,1790267710.780919,0.0201,0,,,0.000,,,0.0000,0.0000,0.0000,0.0000,0.0000,-13.0000,,,,CHO,0.0000,-12.8330,0.0000,-12.8344,0.0000,0.0000,0.000,0.000,,0.0,,,,,,,1,v=3;lan=1,1
35.3026,1790267710.801140,0.0203,0,,,0.000,,,0.0000,0.0000,0.0000,0.0000,0.0000,-13.0000,,,,CHO,0.0000,-12.8330,0.0000,-12.8344,0.0000,0.0000,0.000,0.000,,0.0,,,,,,,1,v=3;lan=1,1
35.3234,1790267710.821835,0.0207,0,,,0.000,,,0.0000,0.0000,0.0000,0.0000,0.0000,-13.0000,,,,CHO,0.0000,-12.8330,0.0000,-12.8344,0.0000,0.0000,0.000,0.000,,0.0,,,,,,,1,v=3;lan=1,1
35.3437,1790267710.842147,0.0203,0,,,0.000,,,0.0000,0.0000,0.0000,0.0000,0.0000,-13.0000,,,,CHO,0.0000,-12.8330,0.0000,-12.8344,0.0000,0.0000,0.000,0.000,,0.0,,,,,,,1,v=3;lan=1,1
35.3642,1790267710.862821,0.0206,0,,,0.000,,,0.0000,0.0000,0.0000,0.0000,0.0000,-13.0000,,,,CHO,0.0000,-12.8330,0.0000,-12.8344,0.0000,0.0000,0.000,0.000,,0.0,,,,,,,1,v=3;lan=1,1
35.3844,1790267710.882946,0.0201,0,,,0.000,,,0.0000,0.0000,0.0000,0.0000,0.0000,-13.0000,,,,CHO,0.0000,-12.8330,0.0000,-12.8344,0.0000,0.0000,0.000,0.000,,0.0,,,,,,,1,v=3;lan=1,1
35.4045,1790267710.903066,0.0201,0,,,0.000,,,0.0000,0.0000,0.0000,0.0000,0.0000,-13.0000,,,,CHO,0.0000,-12.8330,0.0000,-12.8344,0.0000,0.0000,0.000,0.000,,0.0,,,,,,,1,v=3;lan=1,1
35.4248,1790267710.923455,0.0203,0,,,0.000,,,0.0000,0.0000,0.0000,0.0000,0.0000,-13.0000,,,,CHO,0.0000,-12.8330,0.0000,-12.8344,0.0000,0.0000,0.000,0.000,,0.0,,,,,,,1,v=3;lan=1,1
35.4450,1790267710.943610,0.0202,0,,,0.000,,,0.0000,0.0000,0.0000,0.0000,0.0000,-13.0000,,,,CHO,0.0000,-12.8330,0.0000,-12.8344,0.0000,0.0000,0.000,0.000,,0.0,,,,,,,1,v=3;lan=1,1
35.4678,1790267710.965944,0.0228,0,,,0.000,,,0.0000,0.0000,0.0000,0.0000,0.0000,-13.0000,,,,CHO,0.0000,-12.8330,0.0000,-12.8344,0.0000,0.0000,0.000,0.000,,0.0,,,,,,,1,v=3;lan=1,1
35.4883,1790267710.986904,0.0205,0,,,0.000,,,0.0000,0.0000,0.0000,0.0000,0.0000,-13.0000,,,,CHO,0.0000,-12.8330,0.0000,-12.8344,0.0000,0.0000,0.000,0.000,,0.0,,,,,,,1,v=3;lan=1,1
35.5085,1790267711.007083,0.0202,0,,,0.000,,,0.0000,0.0000,0.0000,0.0000,0.0000,-13.0000,,,,CHO,0.0000,-12.8330,0.0000,-12.8344,0.0000,0.0000,0.000,0.000,,0.0,,,,,,,1,v=3;lan=1,1
35.5288,1790267711.027460,0.0204,0,,,0.000,,,0.0000,0.0000,0.0000,0.0000,0.0000,-13.0000,,,,CHO,0.0000,-12.8330,0.0000,-12.8344,0.0000,0.0000,0.000,0.000,,0.0,,,,,,,1,v=3;lan=1,1
35.5519,1790267711.050438,0.0231,0,,,0.000,,,0.0000,0.0000,0.0000,0.0000,0.0000,-13.0000,,,,CHO,0.0000,-12.8330,0.0000,-12.8344,0.0000,0.0000,0.000,0.000,,0.0,,,,,,,1,v=3;lan=1,1
35.5736,1790267711.072206,0.0217,0,,,0.000,,,0.0000,0.0000,0.0000,0.0000,0.0000,-13.0000,,,,CHO,0.0000,-12.8330,0.0000,-12.8344,0.0000,0.0000,0.000,0.000,,0.0,,,,,,,1,v=3;lan=1,1
35.5937,1790267711.092197,0.0200,0,,,0.000,,,0.0000,0.0000,0.0000,0.0000,0.0000,-13.0000,,,,CHO,0.0000,-12.8330,0.0000,-12.8344,0.0000,0.0000,0.000,0.000,,0.0,,,,,,,1,v=3;lan=1,1
35.6138,1790267711.112280,0.0201,0,,,0.000,,,0.0000,0.0000,0.0000,0.0000,0.0000,-13.0000,,,,CHO,0.0000,-12.8330,0.0000,-12.8344,0.0000,0.0000,0.000,0.000,,0.0,,,,,,,1,v=3;lan=1,1
35.6342,1790267711.132833,0.0205,0,,,0.000,,,0.0000,0.0000,0.0000,0.0000,0.0000,-13.0000,,,,CHO,0.0000,-12.8330,0.0000,-12.8344,0.0000,0.0000,0.000,0.000,,0.0,,,,,,,1,v=3;lan=1,1
35.6543,1790267711.152800,0.0200,0,,,0.000,,,0.0000,0.0000,0.0000,0.0000,0.0000,-13.0000,,,,CHO,0.0000,-12.8330,0.0000,-12.8344,0.0000,0.0000,0.000,0.000,,0.0,,,,,,,1,v=3;lan=1,1
35.6759,1790267711.174235,0.0216,0,,,0.000,,,0.0000,0.0000,0.0000,0.0000,0.0000,-13.0000,,,,CHO,0.0000,-12.8330,0.0000,-12.8344,0.0000,0.0000,0.000,0.000,,0.0,,,,,,,1,v=3;lan=1,1
35.6963,1790267711.194927,0.0204,0,,,0.000,,,0.0000,0.0000,0.0000,0.0000,0.0000,-13.0000,,,,CHO,0.0000,-12.8330,0.0000,-12.8344,0.0000,0.0000,0.000,0.000,,0.0,,,,,,,1,v=3;lan=1,1
35.7166,1790267711.215168,0.0203,0,,,0.000,,,0.0000,0.0000,0.0000,0.0000,0.0000,-13.0000,,,,CHO,0.0000,-12.8330,0.0000,-12.8344,0.0000,0.0000,0.000,0.000,,0.0,,,,,,,1,v=3;lan=1,1
35.7369,1790267711.235424,0.0203,0,,,0.000,,,0.0000,0.0000,0.0000,0.0000,0.0000,-13.0000,,,,CHO,0.0000,-12.8330,0.0000,-12.8344,0.0000,0.0000,0.000,0.000,,0.0,,,,,,,1,v=3;lan=1,1
35.7610,1790267711.259730,0.0241,0,,,0.000,,,0.0000,0.0000,0.0000,0.0000,0.0000,-13.0000,,,,CHO,0.0000,-12.8330,0.0000,-12.8344,0.0000,0.0000,0.000,0.000,,0.0,,,,,,,1,v=3;lan=1,1
35.7819,1790267711.280262,0.0209,0,,,0.000,,,0.0000,0.0000,0.0000,0.0000,0.0000,-13.0000,,,,CHO,0.0000,-12.8330,0.0000,-12.8344,0.0000,0.0000,0.000,0.000,,0.0,,,,,,,1,v=3;lan=1,1
35.8022,1790267711.300730,0.0203,0,,,0.000,,,0.0000,0.0000,0.0000,0.0000,0.0000,-13.0000,,,,CHO,0.0000,-12.8330,0.0000,-12.8344,0.0000,0.0000,0.000,0.000,,0.0,,,,,,,1,v=3;lan=1,1
35.8304,1790267711.329249,0.0282,0,,,0.000,,,0.0000,0.0000,0.0000,0.0000,0.0000,-13.0000,,,,CHO,0.0000,-12.8330,0.0000,-12.8344,0.0000,0.0000,0.000,0.000,,0.0,,,,,,,1,v=3;lan=1,1
35.8508,1790267711.349447,0.0205,0,,,0.000,,,0.0000,0.0000,0.0000,0.0000,0.0000,-13.0000,,,,CHO,0.0000,-12.8330,0.0000,-12.8344,0.0000,0.0000,0.000,0.000,,0.0,,,,,,,1,v=3;lan=1,1
35.8711,1790267711.369698,0.0202,0,,,0.000,,,0.0000,0.0000,0.0000,0.0000,0.0000,-13.0000,,,,CHO,0.0000,-12.8330,0.0000,-12.8344,0.0000,0.0000,0.000,0.000,,0.0,,,,,,,1,v=3;lan=1,1
35.8915,1790267711.390198,0.0205,0,,,0.000,,,0.0000,0.0000,0.0000,0.0000,0.0000,-13.0000,,,,CHO,0.0000,-12.8330,0.0000,-12.8344,0.0000,0.0000,0.000,0.000,,0.0,,,,,,,1,v=3;lan=1,1
35.9123,1790267711.410969,0.0207,0,,,0.000,,,0.0000,0.0000,0.0000,0.0000,0.0000,-13.0000,,,,CHO,0.0000,-12.8330,0.0000,-12.8344,0.0000,0.0000,0.000,0.000,,0.0,,,,,,,1,v=3;lan=1,1
35.9325,1790267711.431146,0.0203,0,,,0.000,,,0.0000,0.0000,0.0000,0.0000,0.0000,-13.0000,,,,CHO,0.0000,-12.8330,0.0000,-12.8344,0.0000,0.0000,0.000,0.000,,0.0,,,,,,,1,v=3;lan=1,1
35.9536,1790267711.452132,0.0211,0,,,0.000,,,0.0000,0.0000,0.0000,0.0000,0.0000,-13.0000,,,,CHO,0.0000,-12.8330,0.0000,-12.8344,0.0000,0.0000,0.000,0.000,,0.0,,,,,,,1,v=3;lan=1,1
35.9744,1790267711.472999,0.0207,0,,,0.000,,,0.0000,0.0000,0.0000,0.0000,0.0000,-13.0000,,,,CHO,0.0000,-12.8330,0.0000,-12.8344,0.0000,0.0000,0.000,0.000,,0.0,,,,,,,1,v=3;lan=1,1
35.9945,1790267711.493119,0.0201,0,,,0.000,,,0.0000,0.0000,0.0000,0.0000,0.0000,-13.0000,,,,CHO,0.0000,-12.8330,0.0000,-12.8344,0.0000,0.0000,0.000,0.000,,0.0,,,,,,,1,v=3;lan=1,1
36.0188,1790267711.517382,0.0244,0,,,0.000,,,0.0000,0.0000,0.0000,0.0000,0.0000,-13.0000,,,,CHO,0.0000,-12.8330,0.0000,-12.8344,0.0000,0.0000,0.000,0.000,,0.0,,,,,,,1,v=3;lan=1,1
36.0394,1790267711.537954,0.0205,0,,,0.000,,,0.0000,0.0000,0.0000,0.0000,0.0000,-13.0000,,,,CHO,0.0000,-12.8330,0.0000,-12.8344,0.0000,0.0000,0.000,0.000,,0.0,,,,,,,1,v=3;lan=1,1
36.0601,1790267711.558612,0.0207,0,,,0.000,,,0.0000,0.0000,0.0000,0.0000,0.0000,-13.0000,,,,CHO,0.0000,-12.8330,0.0000,-12.8344,0.0000,0.0000,0.000,0.000,,0.0,,,,,,,1,v=3;lan=1,1
36.0804,1790267711.578959,0.0203,0,,,0.000,,,0.0000,0.0000,0.0000,0.0000,0.0000,-13.0000,,,,CHO,0.0000,-12.8330,0.0000,-12.8344,0.0000,0.0000,0.000,0.000,,0.0,,,,,,,1,v=3;lan=1,1
36.1008,1790267711.599349,0.0204,0,,,0.000,,,0.0000,0.0000,0.0000,0.0000,0.0000,-13.0000,,,,CHO,0.0000,-12.8330,0.0000,-12.8344,0.0000,0.0000,0.000,0.000,,0.0,,,,,,,1,v=3;lan=1,1
36.1215,1790267711.620005,0.0206,0,,,0.000,,,0.0000,0.0000,0.0000,0.0000,0.0000,-13.0000,,,,CHO,0.0000,-12.8330,0.0000,-12.8344,0.0000,0.0000,0.000,0.000,,0.0,,,,,,,1,v=3;lan=1,1
36.1418,1790267711.640440,0.0204,0,,,0.000,,,0.0000,0.0000,0.0000,0.0000,0.0000,-13.0000,,,,CHO,0.0000,-12.8330,0.0000,-12.8344,0.0000,0.0000,0.000,0.000,,0.0,,,,,,,1,v=3;lan=1,1
36.1624,1790267711.660988,0.0205,0,,,0.000,,,0.0000,0.0000,0.0000,0.0000,0.0000,-13.0000,,,,CHO,0.0000,-12.8330,0.0000,-12.8344,0.0000,0.0000,0.000,0.000,,0.0,,,,,,,1,v=3;lan=1,1
36.1826,1790267711.681162,0.0202,0,,,0.000,,,0.0000,0.0000,0.0000,0.0000,0.0000,-13.0000,,,,CHO,0.0000,-12.8330,0.0000,-12.8344,0.0000,0.0000,0.000,0.000,,0.0,,,,,,,1,v=3;lan=1,1
36.2029,1790267711.701417,0.0203,0,,,0.000,,,0.0000,0.0000,0.0000,0.0000,0.0000,-13.0000,,,,CHO,0.0000,-12.8330,0.0000,-12.8344,0.0000,0.0000,0.000,0.000,,0.0,,,,,,,1,v=3;lan=1,1
36.2234,1790267711.722041,0.0205,0,,,0.000,,,0.0000,0.0000,0.0000,0.0000,0.0000,-13.0000,,,,CHO,0.0000,-12.8330,0.0000,-12.8344,0.0000,0.0000,0.000,0.000,,0.0,,,,,,,1,v=3;lan=1,1
36.2464,1790267711.744903,0.0231,0,,,0.000,,,0.0000,0.0000,0.0000,0.0000,0.0000,-13.0000,,,,CHO,0.0000,-12.8330,0.0000,-12.8344,0.0000,0.0000,0.000,0.000,,0.0,,,,,,,1,v=3;lan=1,1
36.2667,1790267711.765311,0.0203,0,,,0.000,,,0.0000,0.0000,0.0000,0.0000,0.0000,-13.0000,,,,CHO,0.0000,-12.8330,0.0000,-12.8344,0.0000,0.0000,0.000,0.000,,0.0,,,,,,,1,v=3;lan=1,1
36.2871,1790267711.785659,0.0204,0,,,0.000,,,0.0000,0.0000,0.0000,0.0000,0.0000,-13.0000,,,,CHO,0.0000,-12.8330,0.0000,-12.8344,0.0000,0.0000,0.000,0.000,,0.0,,,,,,,1,v=3;lan=1,1
36.3077,1790267711.806416,0.0206,0,,,0.000,,,0.0000,0.0000,0.0000,0.0000,0.0000,-13.0000,,,,CHO,0.0000,-12.8330,0.0000,-12.8344,0.0000,0.0000,0.000,0.000,,0.0,,,,,,,1,v=3;lan=1,1
36.3300,1790267711.828550,0.0223,0,,,0.000,,,0.0000,0.0000,0.0000,0.0000,0.0000,-13.0000,,,,CHO,0.0000,-12.8330,0.0000,-12.8344,0.0000,0.0000,0.000,0.000,,0.0,,,,,,,1,v=3;lan=1,1
36.3507,1790267711.849125,0.0206,0,,,0.000,,,0.0000,0.0000,0.0000,0.0000,0.0000,-13.0000,,,,CHO,0.0000,-12.8330,0.0000,-12.8344,0.0000,0.0000,0.000,0.000,,0.0,,,,,,,1,v=3;lan=1,1
36.3709,1790267711.869503,0.0203,0,,,0.000,,,0.0000,0.0000,0.0000,0.0000,0.0000,-13.0000,,,,CHO,0.0000,-12.8330,0.0000,-12.8344,0.0000,0.0000,0.000,0.000,,0.0,,,,,,,1,v=3;lan=1,1
36.3912,1790267711.889773,0.0203,0,,,0.000,,,0.0000,0.0000,0.0000,0.0000,0.0000,-13.0000,,,,CHO,0.0000,-12.8330,0.0000,-12.8344,0.0000,0.0000,0.000,0.000,,0.0,,,,,,,1,v=3;lan=1,1
36.4159,1790267711.914142,0.0247,0,,,0.000,,,0.0000,0.0000,0.0000,0.0000,0.0000,-13.0000,,,,CHO,0.0000,-12.8330,0.0000,-12.8344,0.0000,0.0000,0.000,0.000,,0.0,,,,,,,1,v=3;lan=1,1
36.4365,1790267711.935081,0.0206,0,,,0.000,,,0.0000,0.0000,0.0000,0.0000,0.0000,-13.0000,,,,CHO,0.0000,-12.8330,0.0000,-12.8344,0.0000,0.0000,0.000,0.000,,0.0,,,,,,,1,v=3;lan=1,1
36.4570,1790267711.955672,0.0205,0,,,0.000,,,0.0000,0.0000,0.0000,0.0000,0.0000,-13.0000,,,,CHO,0.0000,-12.8330,0.0000,-12.8344,0.0000,0.0000,0.000,0.000,,0.0,,,,,,,1,v=3;lan=1,1
36.4775,1790267711.976027,0.0205,0,,,0.000,,,0.0000,0.0000,0.0000,0.0000,0.0000,-13.0000,,,,CHO,0.0000,-12.8330,0.0000,-12.8344,0.0000,0.0000,0.000,0.000,,0.0,,,,,,,1,v=3;lan=1,1
36.4976,1790267711.996095,0.0200,0,,,0.000,,,0.0000,0.0000,0.0000,0.0000,0.0000,-13.0000,,,,CHO,0.0000,-12.8330,0.0000,-12.8344,0.0000,0.0000,0.000,0.000,,0.0,,,,,,,1,v=3;lan=1,1
36.5222,1790267712.020931,0.0246,0,,,0.000,,,0.0000,0.0000,0.0000,0.0000,0.0000,-13.0000,,,,CHO,0.0000,-12.8330,0.0000,-12.8344,0.0000,0.0000,0.000,0.000,,0.0,,,,,,,1,v=3;lan=1,1
36.5428,1790267712.041407,0.0206,0,,,0.000,,,0.0000,0.0000,0.0000,0.0000,0.0000,-13.0000,,,,CHO,0.0000,-12.8330,0.0000,-12.8344,0.0000,0.0000,0.000,0.000,,0.0,,,,,,,1,v=3;lan=1,1
36.5652,1790267712.063681,0.0224,0,,,0.000,,,0.0000,0.0000,0.0000,0.0000,0.0000,-13.0000,,,,CHO,0.0000,-12.8330,0.0000,-12.8344,0.0000,0.0000,0.000,0.000,,0.0,,,,,,,1,v=3;lan=1,1
36.5858,1790267712.084226,0.0207,0,,,0.000,,,0.0000,0.0000,0.0000,0.0000,0.0000,-13.0000,,,,CHO,0.0000,-12.8330,0.0000,-12.8344,0.0000,0.0000,0.000,0.000,,0.0,,,,,,,1,v=3;lan=1,1
36.6063,1790267712.104768,0.0205,0,,,0.000,,,0.0000,0.0000,0.0000,0.0000,0.0000,-13.0000,,,,CHO,0.0000,-12.8330,0.0000,-12.8344,0.0000,0.0000,0.000,0.000,,0.0,,,,,,,1,v=3;lan=1,1
36.6269,1790267712.125457,0.0205,0,,,0.000,,,0.0000,0.0000,0.0000,0.0000,0.0000,-13.0000,,,,CHO,0.0000,-12.8330,0.0000,-12.8344,0.0000,0.0000,0.000,0.000,,0.0,,,,,,,1,v=3;lan=1,1
36.6472,1790267712.145838,0.0203,0,,,0.000,,,0.0000,0.0000,0.0000,0.0000,0.0000,-13.0000,,,,CHO,0.0000,-12.8330,0.0000,-12.8344,0.0000,0.0000,0.000,0.000,,0.0,,,,,,,1,v=3;lan=1,1
36.6676,1790267712.166073,0.0204,0,,,0.000,,,0.0000,0.0000,0.0000,0.0000,0.0000,-13.0000,,,,CHO,0.0000,-12.8330,0.0000,-12.8344,0.0000,0.0000,0.000,0.000,,0.0,,,,,,,1,v=3;lan=1,1
36.6928,1790267712.191185,0.0252,0,,,0.000,,,0.0000,0.0000,0.0000,0.0000,0.0000,-13.0000,,,,CHO,0.0000,-12.8330,0.0000,-12.8344,0.0000,0.0000,0.000,0.000,,0.0,,,,,,,1,v=3;lan=1,1
36.7141,1790267712.212553,0.0213,0,,,0.000,,,0.0000,0.0000,0.0000,0.0000,0.0000,-13.0000,,,,CHO,0.0000,-12.8330,0.0000,-12.8344,0.0000,0.0000,0.000,0.000,,0.0,,,,,,,1,v=3;lan=1,1
36.7345,1790267712.233088,0.0204,0,,,0.000,,,0.0000,0.0000,0.0000,0.0000,0.0000,-13.0000,,,,CHO,0.0000,-12.8330,0.0000,-12.8344,0.0000,0.0000,0.000,0.000,,0.0,,,,,,,1,v=3;lan=1,1
36.7545,1790267712.253050,0.0201,0,,,0.000,,,0.0000,0.0000,0.0000,0.0000,0.0000,-13.0000,,,,CHO,0.0000,-12.8330,0.0000,-12.8344,0.0000,0.0000,0.000,0.000,,0.0,,,,,,,1,v=3;lan=1,1
36.7750,1790267712.273660,0.0204,0,,,0.000,,,0.0000,0.0000,0.0000,0.0000,0.0000,-13.0000,,,,CHO,0.0000,-12.8330,0.0000,-12.8344,0.0000,0.0000,0.000,0.000,,0.0,,,,,,,1,v=3;lan=1,1
36.7951,1790267712.293752,0.0201,0,,,0.000,,,0.0000,0.0000,0.0000,0.0000,0.0000,-13.0000,,,,CHO,0.0000,-12.8330,0.0000,-12.8344,0.0000,0.0000,0.000,0.000,,0.0,,,,,,,1,v=3;lan=1,1
36.8163,1790267712.314836,0.0212,0,,,0.000,,,0.0000,0.0000,0.0000,0.0000,0.0000,-13.0000,,,,CHO,0.0000,-12.8330,0.0000,-12.8344,0.0000,0.0000,0.000,0.000,,0.0,,,,,,,1,v=3;lan=1,1
36.8365,1790267712.335172,0.0202,0,,,0.000,,,0.0000,0.0000,0.0000,0.0000,0.0000,-13.0000,,,,CHO,0.0000,-12.8330,0.0000,-12.8344,0.0000,0.0000,0.000,0.000,,0.0,,,,,,,1,v=3;lan=1,1
36.8575,1790267712.356113,0.0210,0,,,0.000,,,0.0000,0.0000,0.0000,0.0000,0.0000,-13.0000,,,,CHO,0.0000,-12.8330,0.0000,-12.8344,0.0000,0.0000,0.000,0.000,,0.0,,,,,,,1,v=3;lan=1,1
36.8825,1790267712.381379,0.0250,0,,,0.000,,,0.0000,0.0000,0.0000,0.0000,0.0000,-13.0000,,,,CHO,0.0000,-12.8330,0.0000,-12.8344,0.0000,0.0000,0.000,0.000,,0.0,,,,,,,1,v=3;lan=1,1
36.9029,1790267712.401592,0.0205,0,,,0.000,,,0.0000,0.0000,0.0000,0.0000,0.0000,-13.0000,,,,CHO,0.0000,-12.8330,0.0000,-12.8344,0.0000,0.0000,0.000,0.000,,0.0,,,,,,,1,v=3;lan=1,1
36.9230,1790267712.421620,0.0201,0,,,0.000,,,0.0000,0.0000,0.0000,0.0000,0.0000,-13.0000,,,,CHO,0.0000,-12.8330,0.0000,-12.8344,0.0000,0.0000,0.000,0.000,,0.0,,,,,,,1,v=3;lan=1,1
36.9433,1790267712.441997,0.0203,0,,,0.000,,,0.0000,0.0000,0.0000,0.0000,0.0000,-13.0000,,,,CHO,0.0000,-12.8330,0.0000,-12.8344,0.0000,0.0000,0.000,0.000,,0.0,,,,,,,1,v=3;lan=1,1
36.9654,1790267712.463903,0.0221,0,,,0.000,,,0.0000,0.0000,0.0000,0.0000,0.0000,-13.0000,,,,CHO,0.0000,-12.8330,0.0000,-12.8344,0.0000,0.0000,0.000,0.000,,0.0,,,,,,,1,v=3;lan=1,1
36.9916,1790267712.490227,0.0262,0,,,0.000,,,0.0000,0.0000,0.0000,0.0000,0.0000,-13.0000,,,,CHO,0.0000,-12.8330,0.0000,-12.8344,0.0000,0.0000,0.000,0.000,,0.0,,,,,,,1,v=3;lan=1,1
37.0121,1790267712.510632,0.0205,0,,,0.000,,,0.0000,0.0000,0.0000,0.0000,0.0000,-13.0000,,,,CHO,0.0000,-12.8330,0.0000,-12.8344,0.0000,0.0000,0.000,0.000,,0.0,,,,,,,1,v=3;lan=1,1
37.0321,1790267712.530694,0.0200,0,,,0.000,,,0.0000,0.0000,0.0000,0.0000,0.0000,-13.0000,,,,CHO,0.0000,-12.8330,0.0000,-12.8344,0.0000,0.0000,0.000,0.000,,0.0,,,,,,,1,v=3;lan=1,1
37.0527,1790267712.551256,0.0207,0,,,0.000,,,0.0000,0.0000,0.0000,0.0000,0.0000,-13.0000,,,,CHO,0.0000,-12.8330,0.0000,-12.8344,0.0000,0.0000,0.000,0.000,,0.0,,,,,,,1,v=3;lan=1,1
37.0733,1790267712.571980,0.0206,0,,,0.000,,,0.0000,0.0000,0.0000,0.0000,0.0000,-13.0000,,,,CHO,0.0000,-12.8330,0.0000,-12.8344,0.0000,0.0000,0.000,0.000,,0.0,,,,,,,1,v=3;lan=1,1
37.0935,1790267712.592005,0.0201,0,,,0.000,,,0.0000,0.0000,0.0000,0.0000,0.0000,-13.0000,,,,CHO,0.0000,-12.8330,0.0000,-12.8344,0.0000,0.0000,0.000,0.000,,0.0,,,,,,,1,v=3;lan=1,1
37.1142,1790267712.612745,0.0207,0,,,0.000,,,0.0000,0.0000,0.0000,0.0000,0.0000,-13.0000,,,,CHO,0.0000,-12.8330,0.0000,-12.8344,0.0000,0.0000,0.000,0.000,,0.0,,,,,,,1,v=3;lan=1,1
37.1389,1790267712.636945,0.0247,0,,,0.000,,,0.0000,0.0000,0.0000,0.0000,0.0000,-13.0000,,,,CHO,0.0000,-12.8330,0.0000,-12.8344,0.0000,0.0000,0.000,0.000,,0.0,,,,,,,1,v=3;lan=1,1
37.1593,1790267712.657836,0.0205,0,,,0.000,,,0.0000,0.0000,0.0000,0.0000,0.0000,-13.0000,,,,CHO,0.0000,-12.8330,0.0000,-12.8344,0.0000,0.0000,0.000,0.000,,0.0,,,,,,,1,v=3;lan=1,1
37.1799,1790267712.678469,0.0206,0,,,0.000,,,0.0000,0.0000,0.0000,0.0000,0.0000,-13.0000,,,,CHO,0.0000,-12.8330,0.0000,-12.8344,0.0000,0.0000,0.000,0.000,,0.0,,,,,,,1,v=3;lan=1,1
37.2002,1790267712.698679,0.0202,0,,,0.000,,,0.0000,0.0000,0.0000,0.0000,0.0000,-13.0000,,,,CHO,0.0000,-12.8330,0.0000,-12.8344,0.0000,0.0000,0.000,0.000,,0.0,,,,,,,1,v=3;lan=1,1
37.2242,1790267712.722688,0.0240,0,,,0.000,,,0.0000,0.0000,0.0000,0.0000,0.0000,-13.0000,,,,CHO,0.0000,-12.8330,0.0000,-12.8344,0.0000,0.0000,0.000,0.000,,0.0,,,,,,,1,v=3;lan=1,1
37.2445,1790267712.743107,0.0203,0,,,0.000,,,0.0000,0.0000,0.0000,0.0000,0.0000,-13.0000,,,,CHO,0.0000,-12.8330,0.0000,-12.8344,0.0000,0.0000,0.000,0.000,,0.0,,,,,,,1,v=3;lan=1,1
37.2649,1790267712.763576,0.0204,0,,,0.000,,,0.0000,0.0000,0.0000,0.0000,0.0000,-13.0000,,,,CHO,0.0000,-12.8330,0.0000,-12.8344,0.0000,0.0000,0.000,0.000,,0.0,,,,,,,1,v=3;lan=1,1
37.2851,1790267712.783609,0.0202,0,,,0.000,,,0.0000,0.0000,0.0000,0.0000,0.0000,-13.0000,,,,CHO,0.0000,-12.8330,0.0000,-12.8344,0.0000,0.0000,0.000,0.000,,0.0,,,,,,,1,v=3;lan=1,1
37.3055,1790267712.804084,0.0204,0,,,0.000,,,0.0000,0.0000,0.0000,0.0000,0.0000,-13.0000,,,,CHO,0.0000,-12.8330,0.0000,-12.8344,0.0000,0.0000,0.000,0.000,,0.0,,,,,,,1,v=3;lan=1,1
37.3257,1790267712.824286,0.0202,0,,,0.000,,,0.0000,0.0000,0.0000,0.0000,0.0000,-13.0000,,,,CHO,0.0000,-12.8330,0.0000,-12.8344,0.0000,0.0000,0.000,0.000,,0.0,,,,,,,1,v=3;lan=1,1
37.3459,1790267712.844581,0.0203,0,,,0.000,,,0.0000,0.0000,0.0000,0.0000,0.0000,-13.0000,,,,CHO,0.0000,-12.8330,0.0000,-12.8344,0.0000,0.0000,0.000,0.000,,0.0,,,,,,,1,v=3;lan=1,1
37.3667,1790267712.865203,0.0207,0,,,0.000,,,0.0000,0.0000,0.0000,0.0000,0.0000,-13.0000,,,,CHO,0.0000,-12.8330,0.0000,-12.8344,0.0000,0.0000,0.000,0.000,,0.0,,,,,,,1,v=3;lan=1,1
37.3868,1790267712.885475,0.0201,0,,,0.000,,,0.0000,0.0000,0.0000,0.0000,0.0000,-13.0000,,,,CHO,0.0000,-12.8330,0.0000,-12.8344,0.0000,0.0000,0.000,0.000,,0.0,,,,,,,1,v=3;lan=1,1
37.4068,1790267712.905432,0.0200,0,,,0.000,,,0.0000,0.0000,0.0000,0.0000,0.0000,-13.0000,,,,CHO,0.0000,-12.8330,0.0000,-12.8344,0.0000,0.0000,0.000,0.000,,0.0,,,,,,,1,v=3;lan=1,1
37.4276,1790267712.926105,0.0208,0,,,0.000,,,0.0000,0.0000,0.0000,0.0000,0.0000,-13.0000,,,,CHO,0.0000,-12.8330,0.0000,-12.8344,0.0000,0.0000,0.000,0.000,,0.0,,,,,,,1,v=3;lan=1,1
37.4499,1790267712.948745,0.0223,0,,,0.000,,,0.0000,0.0000,0.0000,0.0000,0.0000,-13.0000,,,,CHO,0.0000,-12.8330,0.0000,-12.8344,0.0000,0.0000,0.000,0.000,,0.0,,,,,,,1,v=3;lan=1,1
37.4700,1790267712.968737,0.0201,0,,,0.000,,,0.0000,0.0000,0.0000,0.0000,0.0000,-13.0000,,,,CHO,0.0000,-12.8330,0.0000,-12.8344,0.0000,0.0000,0.000,0.000,,0.0,,,,,,,1,v=3;lan=1,1
37.4903,1790267712.988961,0.0203,0,,,0.000,,,0.0000,0.0000,0.0000,0.0000,0.0000,-13.0000,,,,CHO,0.0000,-12.8330,0.0000,-12.8344,0.0000,0.0000,0.000,0.000,,0.0,,,,,,,1,v=3;lan=1,1
37.5107,1790267713.009270,0.0204,0,,,0.000,,,0.0000,0.0000,0.0000,0.0000,0.0000,-13.0000,,,,CHO,0.0000,-12.8330,0.0000,-12.8344,0.0000,0.0000,0.000,0.000,,0.0,,,,,,,1,v=3;lan=1,1
37.5338,1790267713.032359,0.0231,0,,,0.000,,,0.0000,0.0000,0.0000,0.0000,0.0000,-13.0000,,,,CHO,0.0000,-12.8330,0.0000,-12.8344,0.0000,0.0000,0.000,0.000,,0.0,,,,,,,1,v=3;lan=1,1
37.5543,1790267713.052912,0.0205,0,,,0.000,,,0.0000,0.0000,0.0000,0.0000,0.0000,-13.0000,,,,CHO,0.0000,-12.8330,0.0000,-12.8344,0.0000,0.0000,0.000,0.000,,0.0,,,,,,,1,v=3;lan=1,1
37.5749,1790267713.073474,0.0206,0,,,0.000,,,0.0000,0.0000,0.0000,0.0000,0.0000,-13.0000,,,,CHO,0.0000,-12.8330,0.0000,-12.8344,0.0000,0.0000,0.000,0.000,,0.0,,,,,,,1,v=3;lan=1,1
37.5951,1790267713.093652,0.0202,0,,,0.000,,,0.0000,0.0000,0.0000,0.0000,0.0000,-13.0000,,,,CHO,0.0000,-12.8330,0.0000,-12.8344,0.0000,0.0000,0.000,0.000,,0.0,,,,,,,1,v=3;lan=1,1
37.6152,1790267713.113788,0.0201,0,,,0.000,,,0.0000,0.0000,0.0000,0.0000,0.0000,-13.0000,,,,CHO,0.0000,-12.8330,0.0000,-12.8344,0.0000,0.0000,0.000,0.000,,0.0,,,,,,,1,v=3;lan=1,1
37.6399,1790267713.138347,0.0247,0,,,0.000,,,0.0000,0.0000,0.0000,0.0000,0.0000,-13.0000,,,,CHO,0.0000,-12.8330,0.0000,-12.8344,0.0000,0.0000,0.000,0.000,,0.0,,,,,,,1,v=3;lan=1,1
37.6601,1790267713.158591,0.0202,0,,,0.000,,,0.0000,0.0000,0.0000,0.0000,0.0000,-13.0000,,,,CHO,0.0000,-12.8330,0.0000,-12.8344,0.0000,0.0000,0.000,0.000,,0.0,,,,,,,1,v=3;lan=1,1
37.6803,1790267713.178764,0.0202,0,,,0.000,,,0.0000,0.0000,0.0000,0.0000,0.0000,-13.0000,,,,CHO,0.0000,-12.8330,0.0000,-12.8344,0.0000,0.0000,0.000,0.000,,0.0,,,,,,,1,v=3;lan=1,1
37.7008,1790267713.199285,0.0205,0,,,0.000,,,0.0000,0.0000,0.0000,0.0000,0.0000,-13.0000,,,,CHO,0.0000,-12.8330,0.0000,-12.8344,0.0000,0.0000,0.000,0.000,,0.0,,,,,,,1,v=3;lan=1,1
37.7241,1790267713.222866,0.0233,0,,,0.000,,,0.0000,0.0000,0.0000,0.0000,0.0000,-13.0000,,,,CHO,0.0000,-12.8330,0.0000,-12.8344,0.0000,0.0000,0.000,0.000,,0.0,,,,,,,1,v=3;lan=1,1
37.7445,1790267713.243095,0.0204,0,,,0.000,,,0.0000,0.0000,0.0000,0.0000,0.0000,-13.0000,,,,CHO,0.0000,-12.8330,0.0000,-12.8344,0.0000,0.0000,0.000,0.000,,0.0,,,,,,,1,v=3;lan=1,1
37.7646,1790267713.263203,0.0201,0,,,0.000,,,0.0000,0.0000,0.0000,0.0000,0.0000,-13.0000,,,,CHO,0.0000,-12.8330,0.0000,-12.8344,0.0000,0.0000,0.000,0.000,,0.0,,,,,,,1,v=3;lan=1,1
37.7846,1790267713.283199,0.0201,0,,,0.000,,,0.0000,0.0000,0.0000,0.0000,0.0000,-13.0000,,,,CHO,0.0000,-12.8330,0.0000,-12.8344,0.0000,0.0000,0.000,0.000,,0.0,,,,,,,1,v=3;lan=1,1
37.8051,1790267713.303771,0.0205,0,,,0.000,,,0.0000,0.0000,0.0000,0.0000,0.0000,-13.0000,,,,CHO,0.0000,-12.8330,0.0000,-12.8344,0.0000,0.0000,0.000,0.000,,0.0,,,,,,,1,v=3;lan=1,1
37.8254,1790267713.324062,0.0203,0,,,0.000,,,0.0000,0.0000,0.0000,0.0000,0.0000,-13.0000,,,,CHO,0.0000,-12.8330,0.0000,-12.8344,0.0000,0.0000,0.000,0.000,,0.0,,,,,,,1,v=3;lan=1,1
37.8457,1790267713.344311,0.0202,0,,,0.000,,,0.0000,0.0000,0.0000,0.0000,0.0000,-13.0000,,,,CHO,0.0000,-12.8330,0.0000,-12.8344,0.0000,0.0000,0.000,0.000,,0.0,,,,,,,1,v=3;lan=1,1
37.8660,1790267713.364613,0.0204,0,,,0.000,,,0.0000,0.0000,0.0000,0.0000,0.0000,-13.0000,,,,CHO,0.0000,-12.8330,0.0000,-12.8344,0.0000,0.0000,0.000,0.000,,0.0,,,,,,,1,v=3;lan=1,1
37.8861,1790267713.384717,0.0200,0,,,0.000,,,0.0000,0.0000,0.0000,0.0000,0.0000,-13.0000,,,,CHO,0.0000,-12.8330,0.0000,-12.8344,0.0000,0.0000,0.000,0.000,,0.0,,,,,,,1,v=3;lan=1,1
37.9062,1790267713.404678,0.0201,0,,,0.000,,,0.0000,0.0000,0.0000,0.0000,0.0000,-13.0000,,,,CHO,0.0000,-12.8330,0.0000,-12.8344,0.0000,0.0000,0.000,0.000,,0.0,,,,,,,1,v=3;lan=1,1
37.9283,1790267713.426862,0.0221,0,,,0.000,,,0.0000,0.0000,0.0000,0.0000,0.0000,-13.0000,,,,CHO,0.0000,-12.8330,0.0000,-12.8344,0.0000,0.0000,0.000,0.000,,0.0,,,,,,,1,v=3;lan=1,1
37.9484,1790267713.447039,0.0201,0,,,0.000,,,0.0000,0.0000,0.0000,0.0000,0.0000,-13.0000,,,,CHO,0.0000,-12.8330,0.0000,-12.8344,0.0000,0.0000,0.000,0.000,,0.0,,,,,,,1,v=3;lan=1,1
37.9687,1790267713.467200,0.0203,0,,,0.000,,,0.0000,0.0000,0.0000,0.0000,0.0000,-13.0000,,,,CHO,0.0000,-12.8330,0.0000,-12.8344,0.0000,0.0000,0.000,0.000,,0.0,,,,,,,1,v=3;lan=1,1
37.9899,1790267713.488298,0.0212,0,,,0.000,,,0.0000,0.0000,0.0000,0.0000,0.0000,-13.0000,,,,CHO,0.0000,-12.8330,0.0000,-12.8344,0.0000,0.0000,0.000,0.000,,0.0,,,,,,,1,v=3;lan=1,1
38.0130,1790267713.511457,0.0231,0,,,0.000,,,0.0000,0.0000,0.0000,0.0000,0.0000,-13.0000,,,,CHO,0.0000,-12.8330,0.0000,-12.8344,0.0000,0.0000,0.000,0.000,,0.0,,,,,,,1,v=3;lan=1,1
38.0335,1790267713.532104,0.0205,0,,,0.000,,,0.0000,0.0000,0.0000,0.0000,0.0000,-13.0000,,,,CHO,0.0000,-12.8330,0.0000,-12.8344,0.0000,0.0000,0.000,0.000,,0.0,,,,,,,1,v=3;lan=1,1
38.0543,1790267713.552892,0.0208,0,,,0.000,,,0.0000,0.0000,0.0000,0.0000,0.0000,-13.0000,,,,CHO,0.0000,-12.8330,0.0000,-12.8344,0.0000,0.0000,0.000,0.000,,0.0,,,,,,,1,v=3;lan=1,1
38.0743,1790267713.572997,0.0200,0,,,0.000,,,0.0000,0.0000,0.0000,0.0000,0.0000,-13.0000,,,,CHO,0.0000,-12.8330,0.0000,-12.8344,0.0000,0.0000,0.000,0.000,,0.0,,,,,,,1,v=3;lan=1,1
38.0955,1790267713.593993,0.0212,0,,,0.000,,,0.0000,0.0000,0.0000,0.0000,0.0000,-13.0000,,,,CHO,0.0000,-12.8330,0.0000,-12.8344,0.0000,0.0000,0.000,0.000,,0.0,,,,,,,1,v=3;lan=1,1
38.1174,1790267713.615877,0.0218,0,,,0.000,,,0.0000,0.0000,0.0000,0.0000,0.0000,-13.0000,,,,CHO,0.0000,-12.8330,0.0000,-12.8344,0.0000,0.0000,0.000,0.000,,0.0,,,,,,,1,v=3;lan=1,1
38.1376,1790267713.636296,0.0203,0,,,0.000,,,0.0000,0.0000,0.0000,0.0000,0.0000,-13.0000,,,,CHO,0.0000,-12.8330,0.0000,-12.8344,0.0000,0.0000,0.000,0.000,,0.0,,,,,,,1,v=3;lan=1,1
38.1578,1790267713.656401,0.0201,0,,,0.000,,,0.0000,0.0000,0.0000,0.0000,0.0000,-13.0000,,,,CHO,0.0000,-12.8330,0.0000,-12.8344,0.0000,0.0000,0.000,0.000,,0.0,,,,,,,1,v=3;lan=1,1
38.1783,1790267713.676777,0.0205,0,,,0.000,,,0.0000,0.0000,0.0000,0.0000,0.0000,-13.0000,,,,CHO,0.0000,-12.8330,0.0000,-12.8344,0.0000,0.0000,0.000,0.000,,0.0,,,,,,,1,v=3;lan=1,1
38.1983,1790267713.696979,0.0200,0,,,0.000,,,0.0000,0.0000,0.0000,0.0000,0.0000,-13.0000,,,,CHO,0.0000,-12.8330,0.0000,-12.8344,0.0000,0.0000,0.000,0.000,,0.0,,,,,,,1,v=3;lan=1,1
38.2215,1790267713.720140,0.0232,0,,,0.000,,,0.0000,0.0000,0.0000,0.0000,0.0000,-13.0000,,,,CHO,0.0000,-12.8330,0.0000,-12.8344,0.0000,0.0000,0.000,0.000,,0.0,,,,,,,1,v=3;lan=1,1
38.2417,1790267713.740372,0.0202,0,,,0.000,,,0.0000,0.0000,0.0000,0.0000,0.0000,-13.0000,,,,CHO,0.0000,-12.8330,0.0000,-12.8344,0.0000,0.0000,0.000,0.000,,0.0,,,,,,,1,v=3;lan=1,1
38.2619,1790267713.760412,0.0201,0,,,0.000,,,0.0000,0.0000,0.0000,0.0000,0.0000,-13.0000,,,,CHO,0.0000,-12.8330,0.0000,-12.8344,0.0000,0.0000,0.000,0.000,,0.0,,,,,,,1,v=3;lan=1,1
38.2863,1790267713.784791,0.0245,0,,,0.000,,,0.0000,0.0000,0.0000,0.0000,0.0000,-13.0000,,,,CHO,0.0000,-12.8330,0.0000,-12.8344,0.0000,0.0000,0.000,0.000,,0.0,,,,,,,1,v=3;lan=1,1
38.3068,1790267713.805476,0.0205,0,,,0.000,,,0.0000,0.0000,0.0000,0.0000,0.0000,-13.0000,,,,CHO,0.0000,-12.8330,0.0000,-12.8344,0.0000,0.0000,0.000,0.000,,0.0,,,,,,,1,v=3;lan=1,1
38.3276,1790267713.826068,0.0207,0,,,0.000,,,0.0000,0.0000,0.0000,0.0000,0.0000,-13.0000,,,,CHO,0.0000,-12.8330,0.0000,-12.8344,0.0000,0.0000,0.000,0.000,,0.0,,,,,,,1,v=3;lan=1,1
38.3530,1790267713.851457,0.0254,0,,,0.000,,,0.0000,0.0000,0.0000,0.0000,0.0000,-13.0000,,,,CHO,0.0000,-12.8330,0.0000,-12.8344,0.0000,0.0000,0.000,0.000,,0.0,,,,,,,1,v=3;lan=1,1
38.3732,1790267713.871943,0.0203,0,,,0.000,,,0.0000,0.0000,0.0000,0.0000,0.0000,-13.0000,,,,CHO,0.0000,-12.8330,0.0000,-12.8344,0.0000,0.0000,0.000,0.000,,0.0,,,,,,,1,v=3;lan=1,1
38.3938,1790267713.892356,0.0206,0,,,0.000,,,0.0000,0.0000,0.0000,0.0000,0.0000,-13.0000,,,,CHO,0.0000,-12.8330,0.0000,-12.8344,0.0000,0.0000,0.000,0.000,,0.0,,,,,,,1,v=3;lan=1,1
38.4141,1790267713.912594,0.0203,0,,,0.000,,,0.0000,0.0000,0.0000,0.0000,0.0000,-13.0000,,,,CHO,0.0000,-12.8330,0.0000,-12.8344,0.0000,0.0000,0.000,0.000,,0.0,,,,,,,1,v=3;lan=1,1
38.4378,1790267713.936358,0.0238,0,,,0.000,,,0.0000,0.0000,0.0000,0.0000,0.0000,-13.0000,,,,CHO,0.0000,-12.8330,0.0000,-12.8344,0.0000,0.0000,0.000,0.000,,0.0,,,,,,,1,v=3;lan=1,1
38.4581,1790267713.956696,0.0202,0,,,0.000,,,0.0000,0.0000,0.0000,0.0000,0.0000,-13.0000,,,,CHO,0.0000,-12.8330,0.0000,-12.8344,0.0000,0.0000,0.000,0.000,,0.0,,,,,,,1,v=3;lan=1,1
38.4787,1790267713.977284,0.0206,0,,,0.000,,,0.0000,0.0000,0.0000,0.0000,0.0000,-13.0000,,,,CHO,0.0000,-12.8330,0.0000,-12.8344,0.0000,0.0000,0.000,0.000,,0.0,,,,,,,1,v=3;lan=1,1
38.4993,1790267713.997571,0.0206,0,,,0.000,,,0.0000,0.0000,0.0000,0.0000,0.0000,-13.0000,,,,CHO,0.0000,-12.8330,0.0000,-12.8344,0.0000,0.0000,0.000,0.000,,0.0,,,,,,,1,v=3;lan=1,1
38.5195,1790267714.017942,0.0202,0,,,0.000,,,0.0000,0.0000,0.0000,0.0000,0.0000,-13.0000,,,,CHO,0.0000,-12.8330,0.0000,-12.8344,0.0000,0.0000,0.000,0.000,,0.0,,,,,,,1,v=3;lan=1,1
38.5399,1790267714.038786,0.0203,0,,,0.000,,,0.0000,0.0000,0.0000,0.0000,0.0000,-13.0000,,,,CHO,0.0000,-12.8330,0.0000,-12.8344,0.0000,0.0000,0.000,0.000,,0.0,,,,,,,1,v=3;lan=1,1
38.5602,1790267714.058796,0.0203,0,,,0.000,,,0.0000,0.0000,0.0000,0.0000,0.0000,-13.0000,,,,CHO,0.0000,-12.8330,0.0000,-12.8344,0.0000,0.0000,0.000,0.000,,0.0,,,,,,,1,v=3;lan=1,1
38.5807,1790267714.079379,0.0206,0,,,0.000,,,0.0000,0.0000,0.0000,0.0000,0.0000,-13.0000,,,,CHO,0.0000,-12.8330,0.0000,-12.8344,0.0000,0.0000,0.000,0.000,,0.0,,,,,,,1,v=3;lan=1,1
38.6048,1790267714.103237,0.0241,0,,,0.000,,,0.0000,0.0000,0.0000,0.0000,0.0000,-13.0000,,,,CHO,0.0000,-12.8330,0.0000,-12.8344,0.0000,0.0000,0.000,0.000,,0.0,,,,,,,1,v=3;lan=1,1
38.6256,1790267714.124127,0.0208,0,,,0.000,,,0.0000,0.0000,0.0000,0.0000,0.0000,-13.0000,,,,CHO,0.0000,-12.8330,0.0000,-12.8344,0.0000,0.0000,0.000,0.000,,0.0,,,,,,,1,v=3;lan=1,1
38.6463,1790267714.144861,0.0206,0,,,0.000,,,0.0000,0.0000,0.0000,0.0000,0.0000,-13.0000,,,,CHO,0.0000,-12.8330,0.0000,-12.8344,0.0000,0.0000,0.000,0.000,,0.0,,,,,,,1,v=3;lan=1,1
38.6668,1790267714.165344,0.0205,0,,,0.000,,,0.0000,0.0000,0.0000,0.0000,0.0000,-13.0000,,,,CHO,0.0000,-12.8330,0.0000,-12.8344,0.0000,0.0000,0.000,0.000,,0.0,,,,,,,1,v=3;lan=1,1
38.6875,1790267714.186015,0.0207,0,,,0.000,,,0.0000,0.0000,0.0000,0.0000,0.0000,-13.0000,,,,CHO,0.0000,-12.8330,0.0000,-12.8344,0.0000,0.0000,0.000,0.000,,0.0,,,,,,,1,v=3;lan=1,1
38.7079,1790267714.206471,0.0204,0,,,0.000,,,0.0000,0.0000,0.0000,0.0000,0.0000,-13.0000,,,,CHO,0.0000,-12.8330,0.0000,-12.8344,0.0000,0.0000,0.000,0.000,,0.0,,,,,,,1,v=3;lan=1,1
38.7282,1790267714.226837,0.0203,0,,,0.000,,,0.0000,0.0000,0.0000,0.0000,0.0000,-13.0000,,,,CHO,0.0000,-12.8330,0.0000,-12.8344,0.0000,0.0000,0.000,0.000,,0.0,,,,,,,1,v=3;lan=1,1
38.7534,1790267714.252119,0.0252,0,,,0.000,,,0.0000,0.0000,0.0000,0.0000,0.0000,-13.0000,,,,CHO,0.0000,-12.8330,0.0000,-12.8344,0.0000,0.0000,0.000,0.000,,0.0,,,,,,,1,v=3;lan=1,1
38.7740,1790267714.272659,0.0206,0,,,0.000,,,0.0000,0.0000,0.0000,0.0000,0.0000,-13.0000,,,,CHO,0.0000,-12.8330,0.0000,-12.8344,0.0000,0.0000,0.000,0.000,,0.0,,,,,,,1,v=3;lan=1,1
38.7944,1790267714.292938,0.0204,0,,,0.000,,,0.0000,0.0000,0.0000,0.0000,0.0000,-13.0000,,,,CHO,0.0000,-12.8330,0.0000,-12.8344,0.0000,0.0000,0.000,0.000,,0.0,,,,,,,1,v=3;lan=1,1
38.8145,1790267714.313059,0.0200,0,,,0.000,,,0.0000,0.0000,0.0000,0.0000,0.0000,-13.0000,,,,CHO,0.0000,-12.8330,0.0000,-12.8344,0.0000,0.0000,0.000,0.000,,0.0,,,,,,,1,v=3;lan=1,1
38.8361,1790267714.334578,0.0217,0,,,0.000,,,0.0000,0.0000,0.0000,0.0000,0.0000,-13.0000,,,,CHO,0.0000,-12.8330,0.0000,-12.8344,0.0000,0.0000,0.000,0.000,,0.0,,,,,,,1,v=3;lan=1,1
38.8564,1790267714.355061,0.0203,0,,,0.000,,,0.0000,0.0000,0.0000,0.0000,0.0000,-13.0000,,,,CHO,0.0000,-12.8330,0.0000,-12.8344,0.0000,0.0000,0.000,0.000,,0.0,,,,,,,1,v=3;lan=1,1
38.8765,1790267714.375040,0.0201,0,,,0.000,,,0.0000,0.0000,0.0000,0.0000,0.0000,-13.0000,,,,CHO,0.0000,-12.8330,0.0000,-12.8344,0.0000,0.0000,0.000,0.000,,0.0,,,,,,,1,v=3;lan=1,1
38.8970,1790267714.395527,0.0205,0,,,0.000,,,0.0000,0.0000,0.0000,0.0000,0.0000,-13.0000,,,,CHO,0.0000,-12.8330,0.0000,-12.8344,0.0000,0.0000,0.000,0.000,,0.0,,,,,,,1,v=3;lan=1,1
38.9219,1790267714.420338,0.0249,0,,,0.000,,,0.0000,0.0000,0.0000,0.0000,0.0000,-13.0000,,,,CHO,0.0000,-12.8330,0.0000,-12.8344,0.0000,0.0000,0.000,0.000,,0.0,,,,,,,1,v=3;lan=1,1
38.9419,1790267714.440599,0.0200,0,,,0.000,,,0.0000,0.0000,0.0000,0.0000,0.0000,-13.0000,,,,CHO,0.0000,-12.8330,0.0000,-12.8344,0.0000,0.0000,0.000,0.000,,0.0,,,,,,,1,v=3;lan=1,1
38.9620,1790267714.460612,0.0201,0,,,0.000,,,0.0000,0.0000,0.0000,0.0000,0.0000,-13.0000,,,,CHO,0.0000,-12.8330,0.0000,-12.8344,0.0000,0.0000,0.000,0.000,,0.0,,,,,,,1,v=3;lan=1,1
38.9823,1790267714.480977,0.0202,0,,,0.000,,,0.0000,0.0000,0.0000,0.0000,0.0000,-13.0000,,,,CHO,0.0000,-12.8330,0.0000,-12.8344,0.0000,0.0000,0.000,0.000,,0.0,,,,,,,1,v=3;lan=1,1
39.0039,1790267714.502939,0.0216,0,,,0.000,,,0.0000,0.0000,0.0000,0.0000,0.0000,-13.0000,,,,CHO,0.0000,-12.8330,0.0000,-12.8344,0.0000,0.0000,0.000,0.000,,0.0,,,,,,,1,v=3;lan=1,1
39.0245,1790267714.523058,0.0205,0,,,0.000,,,0.0000,0.0000,0.0000,0.0000,0.0000,-13.0000,,,,CHO,0.0000,-12.8330,0.0000,-12.8344,0.0000,0.0000,0.000,0.000,,0.0,,,,,,,1,v=3;lan=1,1
39.0452,1790267714.543769,0.0207,0,,,0.000,,,0.0000,0.0000,0.0000,0.0000,0.0000,-13.0000,,,,CHO,0.0000,-12.8330,0.0000,-12.8344,0.0000,0.0000,0.000,0.000,,0.0,,,,,,,1,v=3;lan=1,1
39.0654,1790267714.564082,0.0202,0,,,0.000,,,0.0000,0.0000,0.0000,0.0000,0.0000,-13.0000,,,,CHO,0.0000,-12.8330,0.0000,-12.8344,0.0000,0.0000,0.000,0.000,,0.0,,,,,,,1,v=3;lan=1,1
39.0857,1790267714.584256,0.0203,0,,,0.000,,,0.0000,0.0000,0.0000,0.0000,0.0000,-13.0000,,,,CHO,0.0000,-12.8330,0.0000,-12.8344,0.0000,0.0000,0.000,0.000,,0.0,,,,,,,1,v=3;lan=1,1
39.1060,1790267714.604654,0.0203,0,,,0.000,,,0.0000,0.0000,0.0000,0.0000,0.0000,-13.0000,,,,CHO,0.0000,-12.8330,0.0000,-12.8344,0.0000,0.0000,0.000,0.000,,0.0,,,,,,,1,v=3;lan=1,1
39.1264,1790267714.624995,0.0203,0,,,0.000,,,0.0000,0.0000,0.0000,0.0000,0.0000,-13.0000,,,,CHO,0.0000,-12.8330,0.0000,-12.8344,0.0000,0.0000,0.000,0.000,,0.0,,,,,,,1,v=3;lan=1,1
39.1465,1790267714.645237,0.0202,0,,,0.000,,,0.0000,0.0000,0.0000,0.0000,0.0000,-13.0000,,,,CHO,0.0000,-12.8330,0.0000,-12.8344,0.0000,0.0000,0.000,0.000,,0.0,,,,,,,1,v=3;lan=1,1
39.1683,1790267714.666895,0.0218,0,,,0.000,,,0.0000,0.0000,0.0000,0.0000,0.0000,-13.0000,,,,CHO,0.0000,-12.8330,0.0000,-12.8344,0.0000,0.0000,0.000,0.000,,0.0,,,,,,,1,v=3;lan=1,1
39.1886,1790267714.687280,0.0203,0,,,0.000,,,0.0000,0.0000,0.0000,0.0000,0.0000,-13.0000,,,,CHO,0.0000,-12.8330,0.0000,-12.8344,0.0000,0.0000,0.000,0.000,,0.0,,,,,,,1,v=3;lan=1,1
39.2091,1790267714.707794,0.0205,0,,,0.000,,,0.0000,0.0000,0.0000,0.0000,0.0000,-13.0000,,,,CHO,0.0000,-12.8330,0.0000,-12.8344,0.0000,0.0000,0.000,0.000,,0.0,,,,,,,1,v=3;lan=1,1
39.2294,1790267714.728095,0.0203,0,,,0.000,,,0.0000,0.0000,0.0000,0.0000,0.0000,-13.0000,,,,CHO,0.0000,-12.8330,0.0000,-12.8344,0.0000,0.0000,0.000,0.000,,0.0,,,,,,,1,v=3;lan=1,1
39.2498,1790267714.748398,0.0204,0,,,0.000,,,0.0000,0.0000,0.0000,0.0000,0.0000,-13.0000,,,,CHO,0.0000,-12.8330,0.0000,-12.8344,0.0000,0.0000,0.000,0.000,,0.0,,,,,,,1,v=3;lan=1,1
39.2709,1790267714.769399,0.0211,0,,,0.000,,,0.0000,0.0000,0.0000,0.0000,0.0000,-13.0000,,,,CHO,0.0000,-12.8330,0.0000,-12.8344,0.0000,0.0000,0.000,0.000,,0.0,,,,,,,1,v=3;lan=1,1
39.2914,1790267714.789989,0.0205,0,,,0.000,,,0.0000,0.0000,0.0000,0.0000,0.0000,-13.0000,,,,CHO,0.0000,-12.8330,0.0000,-12.8344,0.0000,0.0000,0.000,0.000,,0.0,,,,,,,1,v=3;lan=1,1
39.3115,1790267714.810083,0.0201,0,,,0.000,,,0.0000,0.0000,0.0000,0.0000,0.0000,-13.0000,,,,CHO,0.0000,-12.8330,0.0000,-12.8344,0.0000,0.0000,0.000,0.000,,0.0,,,,,,,1,v=3;lan=1,1
39.3318,1790267714.830472,0.0204,0,,,0.000,,,0.0000,0.0000,0.0000,0.0000,0.0000,-13.0000,,,,CHO,0.0000,-12.8330,0.0000,-12.8344,0.0000,0.0000,0.000,0.000,,0.0,,,,,,,1,v=3;lan=1,1
39.3524,1790267714.851053,0.0205,0,,,0.000,,,0.0000,0.0000,0.0000,0.0000,0.0000,-13.0000,,,,CHO,0.0000,-12.8330,0.0000,-12.8344,0.0000,0.0000,0.000,0.000,,0.0,,,,,,,1,v=3;lan=1,1
39.3756,1790267714.874066,0.0233,0,,,0.000,,,0.0000,0.0000,0.0000,0.0000,0.0000,-13.0000,,,,CHO,0.0000,-12.8330,0.0000,-12.8344,0.0000,0.0000,0.000,0.000,,0.0,,,,,,,1,v=3;lan=1,1
39.3962,1790267714.894836,0.0205,0,,,0.000,,,0.0000,0.0000,0.0000,0.0000,0.0000,-13.0000,,,,CHO,0.0000,-12.8330,0.0000,-12.8344,0.0000,0.0000,0.000,0.000,,0.0,,,,,,,1,v=3;lan=1,1
39.4165,1790267714.915185,0.0204,0,,,0.000,,,0.0000,0.0000,0.0000,0.0000,0.0000,-13.0000,,,,CHO,0.0000,-12.8330,0.0000,-12.8344,0.0000,0.0000,0.000,0.000,,0.0,,,,,,,1,v=3;lan=1,1
39.4365,1790267714.935183,0.0200,0,,,0.000,,,0.0000,0.0000,0.0000,0.0000,0.0000,-13.0000,,,,CHO,0.0000,-12.8330,0.0000,-12.8344,0.0000,0.0000,0.000,0.000,,0.0,,,,,,,1,v=3;lan=1,1
39.4566,1790267714.955252,0.0201,0,,,0.000,,,0.0000,0.0000,0.0000,0.0000,0.0000,-13.0000,,,,CHO,0.0000,-12.8330,0.0000,-12.8344,0.0000,0.0000,0.000,0.000,,0.0,,,,,,,1,v=3;lan=1,1
39.4776,1790267714.976034,0.0210,0,,,0.000,,,0.0000,0.0000,0.0000,0.0000,0.0000,-13.0000,,,,CHO,0.0000,-12.8330,0.0000,-12.8344,0.0000,0.0000,0.000,0.000,,0.0,,,,,,,1,v=3;lan=1,1
39.4977,1790267714.996326,0.0201,0,,,0.000,,,0.0000,0.0000,0.0000,0.0000,0.0000,-13.0000,,,,CHO,0.0000,-12.8330,0.0000,-12.8344,0.0000,0.0000,0.000,0.000,,0.0,,,,,,,1,v=3;lan=1,1
39.5180,1790267715.016612,0.0203,0,,,0.000,,,0.0000,0.0000,0.0000,0.0000,0.0000,-13.0000,,,,CHO,0.0000,-12.8330,0.0000,-12.8344,0.0000,0.0000,0.000,0.000,,0.0,,,,,,,1,v=3;lan=1,1
39.5390,1790267715.037608,0.0210,0,,,0.000,,,0.0000,0.0000,0.0000,0.0000,0.0000,-13.0000,,,,CHO,0.0000,-12.8330,0.0000,-12.8344,0.0000,0.0000,0.000,0.000,,0.0,,,,,,,1,v=3;lan=1,1
39.5593,1790267715.057929,0.0203,0,,,0.000,,,0.0000,0.0000,0.0000,0.0000,0.0000,-13.0000,,,,CHO,0.0000,-12.8330,0.0000,-12.8344,0.0000,0.0000,0.000,0.000,,0.0,,,,,,,1,v=3;lan=1,1
39.5794,1790267715.077981,0.0200,0,,,0.000,,,0.0000,0.0000,0.0000,0.0000,0.0000,-13.0000,,,,CHO,0.0000,-12.8330,0.0000,-12.8344,0.0000,0.0000,0.000,0.000,,0.0,,,,,,,1,v=3;lan=1,1
39.5996,1790267715.098043,0.0202,0,,,0.000,,,0.0000,0.0000,0.0000,0.0000,0.0000,-13.0000,,,,CHO,0.0000,-12.8330,0.0000,-12.8344,0.0000,0.0000,0.000,0.000,,0.0,,,,,,,1,v=3;lan=1,1
39.6197,1790267715.118350,0.0201,0,,,0.000,,,0.0000,0.0000,0.0000,0.0000,0.0000,-13.0000,,,,CHO,0.0000,-12.8330,0.0000,-12.8344,0.0000,0.0000,0.000,0.000,,0.0,,,,,,,1,v=3;lan=1,1
39.6399,1790267715.138516,0.0202,0,,,0.000,,,0.0000,0.0000,0.0000,0.0000,0.0000,-13.0000,,,,CHO,0.0000,-12.8330,0.0000,-12.8344,0.0000,0.0000,0.000,0.000,,0.0,,,,,,,1,v=3;lan=1,1
39.6600,1790267715.158705,0.0201,0,,,0.000,,,0.0000,0.0000,0.0000,0.0000,0.0000,-13.0000,,,,CHO,0.0000,-12.8330,0.0000,-12.8344,0.0000,0.0000,0.000,0.000,,0.0,,,,,,,1,v=3;lan=1,1
39.6800,1790267715.178678,0.0200,0,,,0.000,,,0.0000,0.0000,0.0000,0.0000,0.0000,-13.0000,,,,CHO,0.0000,-12.8330,0.0000,-12.8344,0.0000,0.0000,0.000,0.000,,0.0,,,,,,,1,v=3;lan=1,1
39.7003,1790267715.198869,0.0203,0,,,0.000,,,0.0000,0.0000,0.0000,0.0000,0.0000,-13.0000,,,,CHO,0.0000,-12.8330,0.0000,-12.8344,0.0000,0.0000,0.000,0.000,,0.0,,,,,,,1,v=3;lan=1,1
39.7208,1790267715.219435,0.0205,0,,,0.000,,,0.0000,0.0000,0.0000,0.0000,0.0000,-13.0000,,,,CHO,0.0000,-12.8330,0.0000,-12.8344,0.0000,0.0000,0.000,0.000,,0.0,,,,,,,1,v=3;lan=1,1
39.7413,1790267715.240039,0.0206,0,,,0.000,,,0.0000,0.0000,0.0000,0.0000,0.0000,-13.0000,,,,CHO,0.0000,-12.8330,0.0000,-12.8344,0.0000,0.0000,0.000,0.000,,0.0,,,,,,,1,v=3;lan=1,1
39.7617,1790267715.260406,0.0204,0,,,0.000,,,0.0000,0.0000,0.0000,0.0000,0.0000,-13.0000,,,,CHO,0.0000,-12.8330,0.0000,-12.8344,0.0000,0.0000,0.000,0.000,,0.0,,,,,,,1,v=3;lan=1,1
39.7818,1790267715.280419,0.0201,0,,,0.000,,,0.0000,0.0000,0.0000,0.0000,0.0000,-13.0000,,,,CHO,0.0000,-12.8330,0.0000,-12.8344,0.0000,0.0000,0.000,0.000,,0.0,,,,,,,1,v=3;lan=1,1
39.8047,1790267715.303225,0.0229,0,,,0.000,,,0.0000,0.0000,0.0000,0.0000,0.0000,-13.0000,,,,CHO,0.0000,-12.8330,0.0000,-12.8344,0.0000,0.0000,0.000,0.000,,0.0,,,,,,,1,v=3;lan=1,1
39.8251,1790267715.323726,0.0204,0,,,0.000,,,0.0000,0.0000,0.0000,0.0000,0.0000,-13.0000,,,,CHO,0.0000,-12.8330,0.0000,-12.8344,0.0000,0.0000,0.000,0.000,,0.0,,,,,,,1,v=3;lan=1,1
39.8455,1790267715.344186,0.0204,0,,,0.000,,,0.0000,0.0000,0.0000,0.0000,0.0000,-13.0000,,,,CHO,0.0000,-12.8330,0.0000,-12.8344,0.0000,0.0000,0.000,0.000,,0.0,,,,,,,1,v=3;lan=1,1
39.8658,1790267715.364462,0.0203,0,,,0.000,,,0.0000,0.0000,0.0000,0.0000,0.0000,-13.0000,,,,CHO,0.0000,-12.8330,0.0000,-12.8344,0.0000,0.0000,0.000,0.000,,0.0,,,,,,,1,v=3;lan=1,1
39.8863,1790267715.384939,0.0205,0,,,0.000,,,0.0000,0.0000,0.0000,0.0000,0.0000,-13.0000,,,,CHO,0.0000,-12.8330,0.0000,-12.8344,0.0000,0.0000,0.000,0.000,,0.0,,,,,,,1,v=3;lan=1,1
39.9099,1790267715.408334,0.0236,0,,,0.000,,,0.0000,0.0000,0.0000,0.0000,0.0000,-13.0000,,,,CHO,0.0000,-12.8330,0.0000,-12.8344,0.0000,0.0000,0.000,0.000,,0.0,,,,,,,1,v=3;lan=1,1
39.9301,1790267715.428734,0.0202,0,,,0.000,,,0.0000,0.0000,0.0000,0.0000,0.0000,-13.0000,,,,CHO,0.0000,-12.8330,0.0000,-12.8344,0.0000,0.0000,0.000,0.000,,0.0,,,,,,,1,v=3;lan=1,1
39.9501,1790267715.448796,0.0200,0,,,0.000,,,0.0000,0.0000,0.0000,0.0000,0.0000,-13.0000,,,,CHO,0.0000,-12.8330,0.0000,-12.8344,0.0000,0.0000,0.000,0.000,,0.0,,,,,,,1,v=3;lan=1,1
39.9701,1790267715.468808,0.0200,0,,,0.000,,,0.0000,0.0000,0.0000,0.0000,0.0000,-13.0000,,,,CHO,0.0000,-12.8330,0.0000,-12.8344,0.0000,0.0000,0.000,0.000,,0.0,,,,,,,1,v=3;lan=1,1
39.9905,1790267715.489195,0.0204,0,,,0.000,,,0.0000,0.0000,0.0000,0.0000,0.0000,-13.0000,,,,CHO,0.0000,-12.8330,0.0000,-12.8344,0.0000,0.0000,0.000,0.000,,0.0,,,,,,,1,v=3;lan=1,1
40.0106,1790267715.509324,0.0201,0,,,0.000,,,0.0000,0.0000,0.0000,0.0000,0.0000,-13.0000,,,,CHO,0.0000,-12.8330,0.0000,-12.8344,0.0000,0.0000,0.000,0.000,,0.0,,,,,,,1,v=3;lan=1,1
40.0314,1790267715.530072,0.0208,0,,,0.000,,,0.0000,0.0000,0.0000,0.0000,0.0000,-13.0000,,,,CHO,0.0000,-12.8330,0.0000,-12.8344,0.0000,0.0000,0.000,0.000,,0.0,,,,,,,1,v=3;lan=1,1
40.0521,1790267715.550766,0.0207,0,,,0.000,,,0.0000,0.0000,0.0000,0.0000,0.0000,-13.0000,,,,CHO,0.0000,-12.8330,0.0000,-12.8344,0.0000,0.0000,0.000,0.000,,0.0,,,,,,,1,v=3;lan=1,1
40.0722,1790267715.570877,0.0201,0,,,0.000,,,0.0000,0.0000,0.0000,0.0000,0.0000,-13.0000,,,,CHO,0.0000,-12.8330,0.0000,-12.8344,0.0000,0.0000,0.000,0.000,,0.0,,,,,,,1,v=3;lan=1,1
40.0926,1790267715.591234,0.0204,0,,,0.000,,,0.0000,0.0000,0.0000,0.0000,0.0000,-13.0000,,,,CHO,0.0000,-12.8330,0.0000,-12.8344,0.0000,0.0000,0.000,0.000,,0.0,,,,,,,1,v=3;lan=1,1
40.1133,1790267715.611943,0.0207,0,,,0.000,,,0.0000,0.0000,0.0000,0.0000,0.0000,-13.0000,,,,CHO,0.0000,-12.8330,0.0000,-12.8344,0.0000,0.0000,0.000,0.000,,0.0,,,,,,,1,v=3;lan=1,1
40.1335,1790267715.632233,0.0202,0,,,0.000,,,0.0000,0.0000,0.0000,0.0000,0.0000,-13.0000,,,,CHO,0.0000,-12.8330,0.0000,-12.8344,0.0000,0.0000,0.000,0.000,,0.0,,,,,,,1,v=3;lan=1,1
40.1540,1790267715.652639,0.0205,0,,,0.000,,,0.0000,0.0000,0.0000,0.0000,0.0000,-13.0000,,,,CHO,0.0000,-12.8330,0.0000,-12.8344,0.0000,0.0000,0.000,0.000,,0.0,,,,,,,1,v=3;lan=1,1
40.1745,1790267715.673194,0.0206,0,,,0.000,,,0.0000,0.0000,0.0000,0.0000,0.0000,-13.0000,,,,CHO,0.0000,-12.8330,0.0000,-12.8344,0.0000,0.0000,0.000,0.000,,0.0,,,,,,,1,v=3;lan=1,1
40.1950,1790267715.693710,0.0205,0,,,0.000,,,0.0000,0.0000,0.0000,0.0000,0.0000,-13.0000,,,,CHO,0.0000,-12.8330,0.0000,-12.8344,0.0000,0.0000,0.000,0.000,,0.0,,,,,,,1,v=3;lan=1,1
40.2169,1790267715.715724,0.0219,0,,,0.000,,,0.0000,0.0000,0.0000,0.0000,0.0000,-13.0000,,,,CHO,0.0000,-12.8330,0.0000,-12.8344,0.0000,0.0000,0.000,0.000,,0.0,,,,,,,1,v=3;lan=1,1
40.2370,1790267715.735672,0.0201,0,,,0.000,,,0.0000,0.0000,0.0000,0.0000,0.0000,-13.0000,,,,CHO,0.0000,-12.8330,0.0000,-12.8344,0.0000,0.0000,0.000,0.000,,0.0,,,,,,,1,v=3;lan=1,1
40.2575,1790267715.756225,0.0205,0,,,0.000,,,0.0000,0.0000,0.0000,0.0000,0.0000,-13.0000,,,,CHO,0.0000,-12.8330,0.0000,-12.8344,0.0000,0.0000,0.000,0.000,,0.0,,,,,,,1,v=3;lan=1,1
40.2776,1790267715.776198,0.0200,0,,,0.000,,,0.0000,0.0000,0.0000,0.0000,0.0000,-13.0000,,,,CHO,0.0000,-12.8330,0.0000,-12.8344,0.0000,0.0000,0.000,0.000,,0.0,,,,,,,1,v=3;lan=1,1
40.2983,1790267715.796884,0.0207,0,,,0.000,,,0.0000,0.0000,0.0000,0.0000,0.0000,-13.0000,,,,CHO,0.0000,-12.8330,0.0000,-12.8344,0.0000,0.0000,0.000,0.000,,0.0,,,,,,,1,v=3;lan=1,1
40.3187,1790267715.817236,0.0204,0,,,0.000,,,0.0000,0.0000,0.0000,0.0000,0.0000,-13.0000,,,,CHO,0.0000,-12.8330,0.0000,-12.8344,0.0000,0.0000,0.000,0.000,,0.0,,,,,,,1,v=3;lan=1,1
40.3389,1790267715.837589,0.0203,0,,,0.000,,,0.0000,0.0000,0.0000,0.0000,0.0000,-13.0000,,,,CHO,0.0000,-12.8330,0.0000,-12.8344,0.0000,0.0000,0.000,0.000,,0.0,,,,,,,1,v=3;lan=1,1
40.3601,1790267715.858562,0.0212,0,,,0.000,,,0.0000,0.0000,0.0000,0.0000,0.0000,-13.0000,,,,CHO,0.0000,-12.8330,0.0000,-12.8344,0.0000,0.0000,0.000,0.000,,0.0,,,,,,,1,v=3;lan=1,1
40.3803,1790267715.878882,0.0202,0,,,0.000,,,0.0000,0.0000,0.0000,0.0000,0.0000,-13.0000,,,,CHO,0.0000,-12.8330,0.0000,-12.8344,0.0000,0.0000,0.000,0.000,,0.0,,,,,,,1,v=3;lan=1,1
40.4006,1790267715.899180,0.0203,0,,,0.000,,,0.0000,0.0000,0.0000,0.0000,0.0000,-13.0000,,,,CHO,0.0000,-12.8330,0.0000,-12.8344,0.0000,0.0000,0.000,0.000,,0.0,,,,,,,1,v=3;lan=1,1
40.4208,1790267715.919383,0.0202,0,,,0.000,,,0.0000,0.0000,0.0000,0.0000,0.0000,-13.0000,,,,CHO,0.0000,-12.8330,0.0000,-12.8344,0.0000,0.0000,0.000,0.000,,0.0,,,,,,,1,v=3;lan=1,1
40.4427,1790267715.941155,0.0219,0,,,0.000,,,0.0000,0.0000,0.0000,0.0000,0.0000,-13.0000,,,,CHO,0.0000,-12.8330,0.0000,-12.8344,0.0000,0.0000,0.000,0.000,,0.0,,,,,,,1,v=3;lan=1,1
40.4632,1790267715.961776,0.0205,0,,,0.000,,,0.0000,0.0000,0.0000,0.0000,0.0000,-13.0000,,,,CHO,0.0000,-12.8330,0.0000,-12.8344,0.0000,0.0000,0.000,0.000,,0.0,,,,,,,1,v=3;lan=1,1
40.4834,1790267715.981897,0.0202,0,,,0.000,,,0.0000,0.0000,0.0000,0.0000,0.0000,-13.0000,,,,CHO,0.0000,-12.8330,0.0000,-12.8344,0.0000,0.0000,0.000,0.000,,0.0,,,,,,,1,v=3;lan=1,1
40.5037,1790267716.002311,0.0204,0,,,0.000,,,0.0000,0.0000,0.0000,0.0000,0.0000,-13.0000,,,,CHO,0.0000,-12.8330,0.0000,-12.8344,0.0000,0.0000,0.000,0.000,,0.0,,,,,,,1,v=3;lan=1,1
40.5281,1790267716.026551,0.0243,0,,,0.000,,,0.0000,0.0000,0.0000,0.0000,0.0000,-13.0000,,,,CHO,0.0000,-12.8330,0.0000,-12.8344,0.0000,0.0000,0.000,0.000,,0.0,,,,,,,1,v=3;lan=1,1
40.5486,1790267716.047425,0.0206,0,,,0.000,,,0.0000,0.0000,0.0000,0.0000,0.0000,-13.0000,,,,CHO,0.0000,-12.8330,0.0000,-12.8344,0.0000,0.0000,0.000,0.000,,0.0,,,,,,,1,v=3;lan=1,1
40.5690,1790267716.067502,0.0204,0,,,0.000,,,0.0000,0.0000,0.0000,0.0000,0.0000,-13.0000,,,,CHO,0.0000,-12.8330,0.0000,-12.8344,0.0000,0.0000,0.000,0.000,,0.0,,,,,,,1,v=3;lan=1,1
40.5895,1790267716.087947,0.0205,0,,,0.000,,,0.0000,0.0000,0.0000,0.0000,0.0000,-13.0000,,,,CHO,0.0000,-12.8330,0.0000,-12.8344,0.0000,0.0000,0.000,0.000,,0.0,,,,,,,1,v=3;lan=1,1
40.6097,1790267716.108433,0.0203,0,,,0.000,,,0.0000,0.0000,0.0000,0.0000,0.0000,-13.0000,,,,CHO,0.0000,-12.8330,0.0000,-12.8344,0.0000,0.0000,0.000,0.000,,0.0,,,,,,,1,v=3;lan=1,1
40.6300,1790267716.128595,0.0202,0,,,0.000,,,0.0000,0.0000,0.0000,0.0000,0.0000,-13.0000,,,,CHO,0.0000,-12.8330,0.0000,-12.8344,0.0000,0.0000,0.000,0.000,,0.0,,,,,,,1,v=3;lan=1,1
40.6502,1790267716.148913,0.0203,0,,,0.000,,,0.0000,0.0000,0.0000,0.0000,0.0000,-13.0000,,,,CHO,0.0000,-12.8330,0.0000,-12.8344,0.0000,0.0000,0.000,0.000,,0.0,,,,,,,1,v=3;lan=1,1
40.6703,1790267716.168903,0.0200,0,,,0.000,,,0.0000,0.0000,0.0000,0.0000,0.0000,-13.0000,,,,CHO,0.0000,-12.8330,0.0000,-12.8344,0.0000,0.0000,0.000,0.000,,0.0,,,,,,,1,v=3;lan=1,1
40.6905,1790267716.189155,0.0202,0,,,0.000,,,0.0000,0.0000,0.0000,0.0000,0.0000,-13.0000,,,,CHO,0.0000,-12.8330,0.0000,-12.8344,0.0000,0.0000,0.000,0.000,,0.0,,,,,,,1,v=3;lan=1,1
40.7106,1790267716.209197,0.0201,0,,,0.000,,,0.0000,0.0000,0.0000,0.0000,0.0000,-13.0000,,,,CHO,0.0000,-12.8330,0.0000,-12.8344,0.0000,0.0000,0.000,0.000,,0.0,,,,,,,1,v=3;lan=1,1
40.7312,1790267716.229882,0.0206,0,,,0.000,,,0.0000,0.0000,0.0000,0.0000,0.0000,-13.0000,,,,CHO,0.0000,-12.8330,0.0000,-12.8344,0.0000,0.0000,0.000,0.000,,0.0,,,,,,,1,v=3;lan=1,1
40.7521,1790267716.250621,0.0209,0,,,0.000,,,0.0000,0.0000,0.0000,0.0000,0.0000,-13.0000,,,,CHO,0.0000,-12.8330,0.0000,-12.8344,0.0000,0.0000,0.000,0.000,,0.0,,,,,,,1,v=3;lan=1,1
40.7728,1790267716.271489,0.0207,0,,,0.000,,,0.0000,0.0000,0.0000,0.0000,0.0000,-13.0000,,,,CHO,0.0000,-12.8330,0.0000,-12.8344,0.0000,0.0000,0.000,0.000,,0.0,,,,,,,1,v=3;lan=1,1
40.7931,1790267716.291824,0.0203,0,,,0.000,,,0.0000,0.0000,0.0000,0.0000,0.0000,-13.0000,,,,CHO,0.0000,-12.8330,0.0000,-12.8344,0.0000,0.0000,0.000,0.000,,0.0,,,,,,,1,v=3;lan=1,1
40.8132,1790267716.311887,0.0201,0,,,0.000,,,0.0000,0.0000,0.0000,0.0000,0.0000,-13.0000,,,,CHO,0.0000,-12.8330,0.0000,-12.8344,0.0000,0.0000,0.000,0.000,,0.0,,,,,,,1,v=3;lan=1,1
40.8333,1790267716.332027,0.0201,0,,,0.000,,,0.0000,0.0000,0.0000,0.0000,0.0000,-13.0000,,,,CHO,0.0000,-12.8330,0.0000,-12.8344,0.0000,0.0000,0.000,0.000,,0.0,,,,,,,1,v=3;lan=1,1
40.8535,1790267716.352182,0.0201,0,,,0.000,,,0.0000,0.0000,0.0000,0.0000,0.0000,-13.0000,,,,CHO,0.0000,-12.8330,0.0000,-12.8344,0.0000,0.0000,0.000,0.000,,0.0,,,,,,,1,v=3;lan=1,1
40.8736,1790267716.372258,0.0201,0,,,0.000,,,0.0000,0.0000,0.0000,0.0000,0.0000,-13.0000,,,,CHO,0.0000,-12.8330,0.0000,-12.8344,0.0000,0.0000,0.000,0.000,,0.0,,,,,,,1,v=3;lan=1,1
40.8938,1790267716.392382,0.0202,0,,,0.000,,,0.0000,0.0000,0.0000,0.0000,0.0000,-13.0000,,,,CHO,0.0000,-12.8330,0.0000,-12.8344,0.0000,0.0000,0.000,0.000,,0.0,,,,,,,1,v=3;lan=1,1
40.9141,1790267716.412801,0.0203,0,,,0.000,,,0.0000,0.0000,0.0000,0.0000,0.0000,-13.0000,,,,CHO,0.0000,-12.8330,0.0000,-12.8344,0.0000,0.0000,0.000,0.000,,0.0,,,,,,,1,v=3;lan=1,1
40.9342,1790267716.432891,0.0201,0,,,0.000,,,0.0000,0.0000,0.0000,0.0000,0.0000,-13.0000,,,,CHO,0.0000,-12.8330,0.0000,-12.8344,0.0000,0.0000,0.000,0.000,,0.0,,,,,,,1,v=3;lan=1,1
40.9543,1790267716.453034,0.0202,0,,,0.000,,,0.0000,0.0000,0.0000,0.0000,0.0000,-13.0000,,,,CHO,0.0000,-12.8330,0.0000,-12.8344,0.0000,0.0000,0.000,0.000,,0.0,,,,,,,1,v=3;lan=1,1
40.9749,1790267716.473532,0.0205,0,,,0.000,,,0.0000,0.0000,0.0000,0.0000,0.0000,-13.0000,,,,CHO,0.0000,-12.8330,0.0000,-12.8344,0.0000,0.0000,0.000,0.000,,0.0,,,,,,,1,v=3;lan=1,1
40.9949,1790267716.493536,0.0200,0,,,0.000,,,0.0000,0.0000,0.0000,0.0000,0.0000,-13.0000,,,,CHO,0.0000,-12.8330,0.0000,-12.8344,0.0000,0.0000,0.000,0.000,,0.0,,,,,,,1,v=3;lan=1,1
41.0159,1790267716.514371,0.0210,0,,,0.000,,,0.0000,0.0000,0.0000,0.0000,0.0000,-13.0000,,,,CHO,0.0000,-12.8330,0.0000,-12.8344,0.0000,0.0000,0.000,0.000,,0.0,,,,,,,1,v=3;lan=1,1
41.0361,1790267716.534853,0.0203,0,,,0.000,,,0.0000,0.0000,0.0000,0.0000,0.0000,-13.0000,,,,CHO,0.0000,-12.8330,0.0000,-12.8344,0.0000,0.0000,0.000,0.000,,0.0,,,,,,,1,v=3;lan=1,1
41.0563,1790267716.554911,0.0201,0,,,0.000,,,0.0000,0.0000,0.0000,0.0000,0.0000,-13.0000,,,,CHO,0.0000,-12.8330,0.0000,-12.8344,0.0000,0.0000,0.000,0.000,,0.0,,,,,,,1,v=3;lan=1,1
41.0766,1790267716.575293,0.0203,0,,,0.000,,,0.0000,0.0000,0.0000,0.0000,0.0000,-13.0000,,,,CHO,0.0000,-12.8330,0.0000,-12.8344,0.0000,0.0000,0.000,0.000,,0.0,,,,,,,1,v=3;lan=1,1
41.0966,1790267716.595299,0.0200,0,,,0.000,,,0.0000,0.0000,0.0000,0.0000,0.0000,-13.0000,,,,CHO,0.0000,-12.8330,0.0000,-12.8344,0.0000,0.0000,0.000,0.000,,0.0,,,,,,,1,v=3;lan=1,1
41.1170,1790267716.615659,0.0203,0,,,0.000,,,0.0000,0.0000,0.0000,0.0000,0.0000,-13.0000,,,,CHO,0.0000,-12.8330,0.0000,-12.8344,0.0000,0.0000,0.000,0.000,,0.0,,,,,,,1,v=3;lan=1,1
41.1380,1790267716.636549,0.0210,0,,,0.000,,,0.0000,0.0000,0.0000,0.0000,0.0000,-13.0000,,,,CHO,0.0000,-12.8330,0.0000,-12.8344,0.0000,0.0000,0.000,0.000,,0.0,,,,,,,1,v=3;lan=1,1
41.1585,1790267716.657150,0.0206,0,,,0.000,,,0.0000,0.0000,0.0000,0.0000,0.0000,-13.0000,,,,CHO,0.0000,-12.8330,0.0000,-12.8344,0.0000,0.0000,0.000,0.000,,0.0,,,,,,,1,v=3;lan=1,1
41.1788,1790267716.677289,0.0202,0,,,0.000,,,0.0000,0.0000,0.0000,0.0000,0.0000,-13.0000,,,,CHO,0.0000,-12.8330,0.0000,-12.8344,0.0000,0.0000,0.000,0.000,,0.0,,,,,,,1,v=3;lan=1,1
41.1991,1790267716.697797,0.0203,0,,,0.000,,,0.0000,0.0000,0.0000,0.0000,0.0000,-13.0000,,,,CHO,0.0000,-12.8330,0.0000,-12.8344,0.0000,0.0000,0.000,0.000,,0.0,,,,,,,1,v=3;lan=1,1
41.2201,1790267716.718794,0.0210,0,,,0.000,,,0.0000,0.0000,0.0000,0.0000,0.0000,-13.0000,,,,CHO,0.0000,-12.8330,0.0000,-12.8344,0.0000,0.0000,0.000,0.000,,0.0,,,,,,,1,v=3;lan=1,1
41.2405,1790267716.739132,0.0203,0,,,0.000,,,0.0000,0.0000,0.0000,0.0000,0.0000,-13.0000,,,,CHO,0.0000,-12.8330,0.0000,-12.8344,0.0000,0.0000,0.000,0.000,,0.0,,,,,,,1,v=3;lan=1,1
41.2605,1790267716.759220,0.0201,0,,,0.000,,,0.0000,0.0000,0.0000,0.0000,0.0000,-13.0000,,,,CHO,0.0000,-12.8330,0.0000,-12.8344,0.0000,0.0000,0.000,0.000,,0.0,,,,,,,1,v=3;lan=1,1
41.2806,1790267716.779291,0.0201,0,,,0.000,,,0.0000,0.0000,0.0000,0.0000,0.0000,-13.0000,,,,CHO,0.0000,-12.8330,0.0000,-12.8344,0.0000,0.0000,0.000,0.000,,0.0,,,,,,,1,v=3;lan=1,1
41.3025,1790267716.801080,0.0219,0,,,0.000,,,0.0000,0.0000,0.0000,0.0000,0.0000,-13.0000,,,,CHO,0.0000,-12.8330,0.0000,-12.8344,0.0000,0.0000,0.000,0.000,,0.0,,,,,,,1,v=3;lan=1,1
41.3226,1790267716.821284,0.0201,0,,,0.000,,,0.0000,0.0000,0.0000,0.0000,0.0000,-13.0000,,,,CHO,0.0000,-12.8330,0.0000,-12.8344,0.0000,0.0000,0.000,0.000,,0.0,,,,,,,1,v=3;lan=1,1
41.3429,1790267716.841530,0.0203,0,,,0.000,,,0.0000,0.0000,0.0000,0.0000,0.0000,-13.0000,,,,CHO,0.0000,-12.8330,0.0000,-12.8344,0.0000,0.0000,0.000,0.000,,0.0,,,,,,,1,v=3;lan=1,1
41.3629,1790267716.861511,0.0200,0,,,0.000,,,0.0000,0.0000,0.0000,0.0000,0.0000,-13.0000,,,,CHO,0.0000,-12.8330,0.0000,-12.8344,0.0000,0.0000,0.000,0.000,,0.0,,,,,,,1,v=3;lan=1,1
41.3847,1790267716.883233,0.0218,0,,,0.000,,,0.0000,0.0000,0.0000,0.0000,0.0000,-13.0000,,,,CHO,0.0000,-12.8330,0.0000,-12.8344,0.0000,0.0000,0.000,0.000,,0.0,,,,,,,1,v=3;lan=1,1
41.4049,1790267716.903502,0.0202,0,,,0.000,,,0.0000,0.0000,0.0000,0.0000,0.0000,-13.0000,,,,CHO,0.0000,-12.8330,0.0000,-12.8344,0.0000,0.0000,0.000,0.000,,0.0,,,,,,,1,v=3;lan=1,1
41.4251,1790267716.923848,0.0202,0,,,0.000,,,0.0000,0.0000,0.0000,0.0000,0.0000,-13.0000,,,,CHO,0.0000,-12.8330,0.0000,-12.8344,0.0000,0.0000,0.000,0.000,,0.0,,,,,,,1,v=3;lan=1,1
41.4455,1790267716.944063,0.0204,0,,,0.000,,,0.0000,0.0000,0.0000,0.0000,0.0000,-13.0000,,,,CHO,0.0000,-12.8330,0.0000,-12.8344,0.0000,0.0000,0.000,0.000,,0.0,,,,,,,1,v=3;lan=1,1
41.4661,1790267716.964415,0.0205,0,,,0.000,,,0.0000,0.0000,0.0000,0.0000,0.0000,-13.0000,,,,CHO,0.0000,-12.8330,0.0000,-12.8344,0.0000,0.0000,0.000,0.000,,0.0,,,,,,,1,v=3;lan=1,1
41.4864,1790267716.984989,0.0203,0,,,0.000,,,0.0000,0.0000,0.0000,0.0000,0.0000,-13.0000,,,,CHO,0.0000,-12.8330,0.0000,-12.8344,0.0000,0.0000,0.000,0.000,,0.0,,,,,,,1,v=3;lan=1,1
41.5068,1790267717.005354,0.0204,0,,,0.000,,,0.0000,0.0000,0.0000,0.0000,0.0000,-13.0000,,,,CHO,0.0000,-12.8330,0.0000,-12.8344,0.0000,0.0000,0.000,0.000,,0.0,,,,,,,1,v=3;lan=1,1
41.5322,1790267717.030770,0.0254,0,,,0.000,,,0.0000,0.0000,0.0000,0.0000,0.0000,-13.0000,,,,CHO,0.0000,-12.8330,0.0000,-12.8344,0.0000,0.0000,0.000,0.000,,0.0,,,,,,,1,v=3;lan=1,1
41.5525,1790267717.051099,0.0202,0,,,0.000,,,0.0000,0.0000,0.0000,0.0000,0.0000,-13.0000,,,,CHO,0.0000,-12.8330,0.0000,-12.8344,0.0000,0.0000,0.000,0.000,,0.0,,,,,,,1,v=3;lan=1,1
41.5728,1790267717.071353,0.0203,0,,,0.000,,,0.0000,0.0000,0.0000,0.0000,0.0000,-13.0000,,,,CHO,0.0000,-12.8330,0.0000,-12.8344,0.0000,0.0000,0.000,0.000,,0.0,,,,,,,1,v=3;lan=1,1
41.5932,1790267717.091896,0.0204,0,,,0.000,,,0.0000,0.0000,0.0000,0.0000,0.0000,-13.0000,,,,CHO,0.0000,-12.8330,0.0000,-12.8344,0.0000,0.0000,0.000,0.000,,0.0,,,,,,,1,v=3;lan=1,1
41.6133,1790267717.111995,0.0201,0,,,0.000,,,0.0000,0.0000,0.0000,0.0000,0.0000,-13.0000,,,,CHO,0.0000,-12.8330,0.0000,-12.8344,0.0000,0.0000,0.000,0.000,,0.0,,,,,,,1,v=3;lan=1,1
41.6337,1790267717.132333,0.0204,0,,,0.000,,,0.0000,0.0000,0.0000,0.0000,0.0000,-13.0000,,,,CHO,0.0000,-12.8330,0.0000,-12.8344,0.0000,0.0000,0.000,0.000,,0.0,,,,,,,1,v=3;lan=1,1
41.6539,1790267717.152573,0.0202,0,,,0.000,,,0.0000,0.0000,0.0000,0.0000,0.0000,-13.0000,,,,CHO,0.0000,-12.8330,0.0000,-12.8344,0.0000,0.0000,0.000,0.000,,0.0,,,,,,,1,v=3;lan=1,1
41.6744,1790267717.172958,0.0205,0,,,0.000,,,0.0000,0.0000,0.0000,0.0000,0.0000,-13.0000,,,,CHO,0.0000,-12.8330,0.0000,-12.8344,0.0000,0.0000,0.000,0.000,,0.0,,,,,,,1,v=3;lan=1,1
41.6949,1790267717.193525,0.0205,0,,,0.000,,,0.0000,0.0000,0.0000,0.0000,0.0000,-13.0000,,,,CHO,0.0000,-12.8330,0.0000,-12.8344,0.0000,0.0000,0.000,0.000,,0.0,,,,,,,1,v=3;lan=1,1
41.7153,1790267717.213951,0.0203,0,,,0.000,,,0.0000,0.0000,0.0000,0.0000,0.0000,-13.0000,,,,CHO,0.0000,-12.8330,0.0000,-12.8344,0.0000,0.0000,0.000,0.000,,0.0,,,,,,,1,v=3;lan=1,1
41.7354,1790267717.234127,0.0202,0,,,0.000,,,0.0000,0.0000,0.0000,0.0000,0.0000,-13.0000,,,,CHO,0.0000,-12.8330,0.0000,-12.8344,0.0000,0.0000,0.000,0.000,,0.0,,,,,,,1,v=3;lan=1,1
41.7559,1790267717.254627,0.0205,0,,,0.000,,,0.0000,0.0000,0.0000,0.0000,0.0000,-13.0000,,,,CHO,0.0000,-12.8330,0.0000,-12.8344,0.0000,0.0000,0.000,0.000,,0.0,,,,,,,1,v=3;lan=1,1
41.7760,1790267717.274642,0.0200,0,,,0.000,,,0.0000,0.0000,0.0000,0.0000,0.0000,-13.0000,,,,CHO,0.0000,-12.8330,0.0000,-12.8344,0.0000,0.0000,0.000,0.000,,0.0,,,,,,,1,v=3;lan=1,1
41.7966,1790267717.295163,0.0206,0,,,0.000,,,0.0000,0.0000,0.0000,0.0000,0.0000,-13.0000,,,,CHO,0.0000,-12.8330,0.0000,-12.8344,0.0000,0.0000,0.000,0.000,,0.0,,,,,,,1,v=3;lan=1,1
41.8170,1790267717.315655,0.0205,0,,,0.000,,,0.0000,0.0000,0.0000,0.0000,0.0000,-13.0000,,,,CHO,0.0000,-12.8330,0.0000,-12.8344,0.0000,0.0000,0.000,0.000,,0.0,,,,,,,1,v=3;lan=1,1
41.8376,1790267717.336153,0.0205,0,,,0.000,,,0.0000,0.0000,0.0000,0.0000,0.0000,-13.0000,,,,CHO,0.0000,-12.8330,0.0000,-12.8344,0.0000,0.0000,0.000,0.000,,0.0,,,,,,,1,v=3;lan=1,1
41.8591,1790267717.357793,0.0216,0,,,0.000,,,0.0000,0.0000,0.0000,0.0000,0.0000,-13.0000,,,,CHO,0.0000,-12.8330,0.0000,-12.8344,0.0000,0.0000,0.000,0.000,,0.0,,,,,,,1,v=3;lan=1,1
41.8795,1790267717.378217,0.0204,0,,,0.000,,,0.0000,0.0000,0.0000,0.0000,0.0000,-13.0000,,,,CHO,0.0000,-12.8330,0.0000,-12.8344,0.0000,0.0000,0.000,0.000,,0.0,,,,,,,1,v=3;lan=1,1
41.8996,1790267717.398242,0.0201,0,,,0.000,,,0.0000,0.0000,0.0000,0.0000,0.0000,-13.0000,,,,CHO,0.0000,-12.8330,0.0000,-12.8344,0.0000,0.0000,0.000,0.000,,0.0,,,,,,,1,v=3;lan=1,1
41.9199,1790267717.418597,0.0203,0,,,0.000,,,0.0000,0.0000,0.0000,0.0000,0.0000,-13.0000,,,,CHO,0.0000,-12.8330,0.0000,-12.8344,0.0000,0.0000,0.000,0.000,,0.0,,,,,,,1,v=3;lan=1,1
41.9400,1790267717.438631,0.0201,0,,,0.000,,,0.0000,0.0000,0.0000,0.0000,0.0000,-13.0000,,,,CHO,0.0000,-12.8330,0.0000,-12.8344,0.0000,0.0000,0.000,0.000,,0.0,,,,,,,1,v=3;lan=1,1
41.9603,1790267717.458790,0.0203,0,,,0.000,,,0.0000,0.0000,0.0000,0.0000,0.0000,-13.0000,,,,CHO,0.0000,-12.8330,0.0000,-12.8344,0.0000,0.0000,0.000,0.000,,0.0,,,,,,,1,v=3;lan=1,1
41.9821,1790267717.480650,0.0218,0,,,0.000,,,0.0000,0.0000,0.0000,0.0000,0.0000,-13.0000,,,,CHO,0.0000,-12.8330,0.0000,-12.8344,0.0000,0.0000,0.000,0.000,,0.0,,,,,,,1,v=3;lan=1,1
42.0027,1790267717.501326,0.0206,0,,,0.000,,,0.0000,0.0000,0.0000,0.0000,0.0000,-13.0000,,,,CHO,0.0000,-12.8330,0.0000,-12.8344,0.0000,0.0000,0.000,0.000,,0.0,,,,,,,1,v=3;lan=1,1
42.0233,1790267717.521930,0.0206,0,,,0.000,,,0.0000,0.0000,0.0000,0.0000,0.0000,-13.0000,,,,CHO,0.0000,-12.8330,0.0000,-12.8344,0.0000,0.0000,0.000,0.000,,0.0,,,,,,,1,v=3;lan=1,1
42.0434,1790267717.542099,0.0201,0,,,0.000,,,0.0000,0.0000,0.0000,0.0000,0.0000,-13.0000,,,,CHO,0.0000,-12.8330,0.0000,-12.8344,0.0000,0.0000,0.000,0.000,,0.0,,,,,,,1,v=3;lan=1,1
42.0636,1790267717.562286,0.0202,0,,,0.000,,,0.0000,0.0000,0.0000,0.0000,0.0000,-13.0000,,,,CHO,0.0000,-12.8330,0.0000,-12.8344,0.0000,0.0000,0.000,0.000,,0.0,,,,,,,1,v=3;lan=1,1
42.0840,1790267717.582674,0.0204,0,,,0.000,,,0.0000,0.0000,0.0000,0.0000,0.0000,-13.0000,,,,CHO,0.0000,-12.8330,0.0000,-12.8344,0.0000,0.0000,0.000,0.000,,0.0,,,,,,,1,v=3;lan=1,1
42.1043,1790267717.603016,0.0203,0,,,0.000,,,0.0000,0.0000,0.0000,0.0000,0.0000,-13.0000,,,,CHO,0.0000,-12.8330,0.0000,-12.8344,0.0000,0.0000,0.000,0.000,,0.0,,,,,,,1,v=3;lan=1,1
42.1249,1790267717.623505,0.0205,0,,,0.000,,,0.0000,0.0000,0.0000,0.0000,0.0000,-13.0000,,,,CHO,0.0000,-12.8330,0.0000,-12.8344,0.0000,0.0000,0.000,0.000,,0.0,,,,,,,1,v=3;lan=1,1
42.1449,1790267717.643547,0.0200,0,,,0.000,,,0.0000,0.0000,0.0000,0.0000,0.0000,-13.0000,,,,CHO,0.0000,-12.8330,0.0000,-12.8344,0.0000,0.0000,0.000,0.000,,0.0,,,,,,,1,v=3;lan=1,1
42.1663,1790267717.664718,0.0214,0,,,0.000,,,0.0000,0.0000,0.0000,0.0000,0.0000,-13.0000,,,,CHO,0.0000,-12.8330,0.0000,-12.8344,0.0000,0.0000,0.000,0.000,,0.0,,,,,,,1,v=3;lan=1,1
42.1866,1790267717.685073,0.0203,0,,,0.000,,,0.0000,0.0000,0.0000,0.0000,0.0000,-13.0000,,,,CHO,0.0000,-12.8330,0.0000,-12.8344,0.0000,0.0000,0.000,0.000,,0.0,,,,,,,1,v=3;lan=1,1
42.2071,1790267717.705763,0.0205,0,,,0.000,,,0.0000,0.0000,0.0000,0.0000,0.0000,-13.0000,,,,CHO,0.0000,-12.8330,0.0000,-12.8344,0.0000,0.0000,0.000,0.000,,0.0,,,,,,,1,v=3;lan=1,1
42.2273,1790267717.725967,0.0202,0,,,0.000,,,0.0000,0.0000,0.0000,0.0000,0.0000,-13.0000,,,,CHO,0.0000,-12.8330,0.0000,-12.8344,0.0000,0.0000,0.000,0.000,,0.0,,,,,,,1,v=3;lan=1,1
42.2477,1790267717.746242,0.0204,0,,,0.000,,,0.0000,0.0000,0.0000,0.0000,0.0000,-13.0000,,,,CHO,0.0000,-12.8330,0.0000,-12.8344,0.0000,0.0000,0.000,0.000,,0.0,,,,,,,1,v=3;lan=1,1
42.2703,1790267717.768734,0.0225,0,,,0.000,,,0.0000,0.0000,0.0000,0.0000,0.0000,-13.0000,,,,CHO,0.0000,-12.8330,0.0000,-12.8344,0.0000,0.0000,0.000,0.000,,0.0,,,,,,,1,v=3;lan=1,1
42.2906,1790267717.789184,0.0203,0,,,0.000,,,0.0000,0.0000,0.0000,0.0000,0.0000,-13.0000,,,,CHO,0.0000,-12.8330,0.0000,-12.8344,0.0000,0.0000,0.000,0.000,,0.0,,,,,,,1,v=3;lan=1,1
42.3107,1790267717.809340,0.0201,0,,,0.000,,,0.0000,0.0000,0.0000,0.0000,0.0000,-13.0000,,,,CHO,0.0000,-12.8330,0.0000,-12.8344,0.0000,0.0000,0.000,0.000,,0.0,,,,,,,1,v=3;lan=1,1
42.3309,1790267717.829451,0.0202,0,,,0.000,,,0.0000,0.0000,0.0000,0.0000,0.0000,-13.0000,,,,CHO,0.0000,-12.8330,0.0000,-12.8344,0.0000,0.0000,0.000,0.000,,0.0,,,,,,,1,v=3;lan=1,1
42.3510,1790267717.849723,0.0201,0,,,0.000,,,0.0000,0.0000,0.0000,0.0000,0.0000,-13.0000,,,,CHO,0.0000,-12.8330,0.0000,-12.8344,0.0000,0.0000,0.000,0.000,,0.0,,,,,,,1,v=3;lan=1,1
42.3711,1790267717.869813,0.0201,0,,,0.000,,,0.0000,0.0000,0.0000,0.0000,0.0000,-13.0000,,,,CHO,0.0000,-12.8330,0.0000,-12.8344,0.0000,0.0000,0.000,0.000,,0.0,,,,,,,1,v=3;lan=1,1
42.3913,1790267717.889981,0.0202,0,,,0.000,,,0.0000,0.0000,0.0000,0.0000,0.0000,-13.0000,,,,CHO,0.0000,-12.8330,0.0000,-12.8344,0.0000,0.0000,0.000,0.000,,0.0,,,,,,,1,v=3;lan=1,1
42.4119,1790267717.910490,0.0206,0,,,0.000,,,0.0000,0.0000,0.0000,0.0000,0.0000,-13.0000,,,,CHO,0.0000,-12.8330,0.0000,-12.8344,0.0000,0.0000,0.000,0.000,,0.0,,,,,,,1,v=3;lan=1,1
42.4326,1790267717.931082,0.0206,0,,,0.000,,,0.0000,0.0000,0.0000,0.0000,0.0000,-13.0000,,,,CHO,0.0000,-12.8330,0.0000,-12.8344,0.0000,0.0000,0.000,0.000,,0.0,,,,,,,1,v=3;lan=1,1
42.4528,1790267717.951329,0.0203,0,,,0.000,,,0.0000,0.0000,0.0000,0.0000,0.0000,-13.0000,,,,CHO,0.0000,-12.8330,0.0000,-12.8344,0.0000,0.0000,0.000,0.000,,0.0,,,,,,,1,v=3;lan=1,1
42.4763,1790267717.974424,0.0235,0,,,0.000,,,0.0000,0.0000,0.0000,0.0000,0.0000,-13.0000,,,,CHO,0.0000,-12.8330,0.0000,-12.8344,0.0000,0.0000,0.000,0.000,,0.0,,,,,,,1,v=3;lan=1,1
42.4968,1790267717.995344,0.0205,0,,,0.000,,,0.0000,0.0000,0.0000,0.0000,0.0000,-13.0000,,,,CHO,0.0000,-12.8330,0.0000,-12.8344,0.0000,0.0000,0.000,0.000,,0.0,,,,,,,1,v=3;lan=1,1
42.5169,1790267718.015647,0.0202,0,,,0.000,,,0.0000,0.0000,0.0000,0.0000,0.0000,-13.0000,,,,CHO,0.0000,-12.8330,0.0000,-12.8344,0.0000,0.0000,0.000,0.000,,0.0,,,,,,,1,v=3;lan=1,1
42.5371,1790267718.035677,0.0201,0,,,0.000,,,0.0000,0.0000,0.0000,0.0000,0.0000,-13.0000,,,,CHO,0.0000,-12.8330,0.0000,-12.8344,0.0000,0.0000,0.000,0.000,,0.0,,,,,,,1,v=3;lan=1,1
42.5572,1790267718.055801,0.0201,0,,,0.000,,,0.0000,0.0000,0.0000,0.0000,0.0000,-13.0000,,,,CHO,0.0000,-12.8330,0.0000,-12.8344,0.0000,0.0000,0.000,0.000,,0.0,,,,,,,1,v=3;lan=1,1
42.5774,1790267718.076092,0.0202,0,,,0.000,,,0.0000,0.0000,0.0000,0.0000,0.0000,-13.0000,,,,CHO,0.0000,-12.8330,0.0000,-12.8344,0.0000,0.0000,0.000,0.000,,0.0,,,,,,,1,v=3;lan=1,1
42.5980,1790267718.096502,0.0206,0,,,0.000,,,0.0000,0.0000,0.0000,0.0000,0.0000,-13.0000,,,,CHO,0.0000,-12.8330,0.0000,-12.8344,0.0000,0.0000,0.000,0.000,,0.0,,,,,,,1,v=3;lan=1,1
42.6184,1790267718.117030,0.0204,0,,,0.000,,,0.0000,0.0000,0.0000,0.0000,0.0000,-13.0000,,,,CHO,0.0000,-12.8330,0.0000,-12.8344,0.0000,0.0000,0.000,0.000,,0.0,,,,,,,1,v=3;lan=1,1
42.6443,1790267718.142837,0.0259,0,,,0.000,,,0.0000,0.0000,0.0000,0.0000,0.0000,-13.0000,,,,CHO,0.0000,-12.8330,0.0000,-12.8344,0.0000,0.0000,0.000,0.000,,0.0,,,,,,,1,v=3;lan=1,1
42.6646,1790267718.163310,0.0203,0,,,0.000,,,0.0000,0.0000,0.0000,0.0000,0.0000,-13.0000,,,,CHO,0.0000,-12.8330,0.0000,-12.8344,0.0000,0.0000,0.000,0.000,,0.0,,,,,,,1,v=3;lan=1,1
42.6852,1790267718.183608,0.0206,0,,,0.000,,,0.0000,0.0000,0.0000,0.0000,0.0000,-13.0000,,,,CHO,0.0000,-12.8330,0.0000,-12.8344,0.0000,0.0000,0.000,0.000,,0.0,,,,,,,1,v=3;lan=1,1
42.7065,1790267718.205048,0.0213,0,,,0.000,,,0.0000,0.0000,0.0000,0.0000,0.0000,-13.0000,,,,CHO,0.0000,-12.8330,0.0000,-12.8344,0.0000,0.0000,0.000,0.000,,0.0,,,,,,,1,v=3;lan=1,1
42.7267,1790267718.225325,0.0201,0,,,0.000,,,0.0000,0.0000,0.0000,0.0000,0.0000,-13.0000,,,,CHO,0.0000,-12.8330,0.0000,-12.8344,0.0000,0.0000,0.000,0.000,,0.0,,,,,,,1,v=3;lan=1,1
42.7490,1790267718.247278,0.0224,0,,,0.000,,,0.0000,0.0000,0.0000,0.0000,0.0000,-13.0000,,,,CHO,0.0000,-12.8330,0.0000,-12.8344,0.0000,0.0000,0.000,0.000,,0.0,,,,,,,1,v=3;lan=1,1
42.7691,1790267718.267798,0.0201,0,,,0.000,,,0.0000,0.0000,0.0000,0.0000,0.0000,-13.0000,,,,CHO,0.0000,-12.8330,0.0000,-12.8344,0.0000,0.0000,0.000,0.000,,0.0,,,,,,,1,v=3;lan=1,1
42.7898,1790267718.288444,0.0207,0,,,0.000,,,0.0000,0.0000,0.0000,0.0000,0.0000,-13.0000,,,,CHO,0.0000,-12.8330,0.0000,-12.8344,0.0000,0.0000,0.000,0.000,,0.0,,,,,,,1,v=3;lan=1,1
42.8101,1790267718.308598,0.0203,0,,,0.000,,,0.0000,0.0000,0.0000,0.0000,0.0000,-13.0000,,,,CHO,0.0000,-12.8330,0.0000,-12.8344,0.0000,0.0000,0.000,0.000,,0.0,,,,,,,1,v=3;lan=1,1
42.8304,1790267718.328962,0.0203,0,,,0.000,,,0.0000,0.0000,0.0000,0.0000,0.0000,-13.0000,,,,CHO,0.0000,-12.8330,0.0000,-12.8344,0.0000,0.0000,0.000,0.000,,0.0,,,,,,,1,v=3;lan=1,1
42.8510,1790267718.349607,0.0206,0,,,0.000,,,0.0000,0.0000,0.0000,0.0000,0.0000,-13.0000,,,,CHO,0.0000,-12.8330,0.0000,-12.8344,0.0000,0.0000,0.000,0.000,,0.0,,,,,,,1,v=3;lan=1,1
42.8712,1790267718.369821,0.0202,0,,,0.000,,,0.0000,0.0000,0.0000,0.0000,0.0000,-13.0000,,,,CHO,0.0000,-12.8330,0.0000,-12.8344,0.0000,0.0000,0.000,0.000,,0.0,,,,,,,1,v=3;lan=1,1
42.8914,1790267718.389980,0.0202,0,,,0.000,,,0.0000,0.0000,0.0000,0.0000,0.0000,-13.0000,,,,CHO,0.0000,-12.8330,0.0000,-12.8344,0.0000,0.0000,0.000,0.000,,0.0,,,,,,,1,v=3;lan=1,1
42.9120,1790267718.410519,0.0206,0,,,0.000,,,0.0000,0.0000,0.0000,0.0000,0.0000,-13.0000,,,,CHO,0.0000,-12.8330,0.0000,-12.8344,0.0000,0.0000,0.000,0.000,,0.0,,,,,,,1,v=3;lan=1,1
42.9330,1790267718.431592,0.0210,0,,,0.000,,,0.0000,0.0000,0.0000,0.0000,0.0000,-13.0000,,,,CHO,0.0000,-12.8330,0.0000,-12.8344,0.0000,0.0000,0.000,0.000,,0.0,,,,,,,1,v=3;lan=1,1
42.9539,1790267718.452419,0.0209,0,,,0.000,,,0.0000,0.0000,0.0000,0.0000,0.0000,-13.0000,,,,CHO,0.0000,-12.8330,0.0000,-12.8344,0.0000,0.0000,0.000,0.000,,0.0,,,,,,,1,v=3;lan=1,1
42.9741,1790267718.472731,0.0202,0,,,0.000,,,0.0000,0.0000,0.0000,0.0000,0.0000,-13.0000,,,,CHO,0.0000,-12.8330,0.0000,-12.8344,0.0000,0.0000,0.000,0.000,,0.0,,,,,,,1,v=3;lan=1,1
42.9942,1790267718.492788,0.0201,0,,,0.000,,,0.0000,0.0000,0.0000,0.0000,0.0000,-13.0000,,,,CHO,0.0000,-12.8330,0.0000,-12.8344,0.0000,0.0000,0.000,0.000,,0.0,,,,,,,1,v=3;lan=1,1
43.0147,1790267718.513285,0.0205,0,,,0.000,,,0.0000,0.0000,0.0000,0.0000,0.0000,-13.0000,,,,CHO,0.0000,-12.8330,0.0000,-12.8344,0.0000,0.0000,0.000,0.000,,0.0,,,,,,,1,v=3;lan=1,1
43.0349,1790267718.533480,0.0202,0,,,0.000,,,0.0000,0.0000,0.0000,0.0000,0.0000,-13.0000,,,,CHO,0.0000,-12.8330,0.0000,-12.8344,0.0000,0.0000,0.000,0.000,,0.0,,,,,,,1,v=3;lan=1,1
43.0551,1790267718.553678,0.0202,0,,,0.000,,,0.0000,0.0000,0.0000,0.0000,0.0000,-13.0000,,,,CHO,0.0000,-12.8330,0.0000,-12.8344,0.0000,0.0000,0.000,0.000,,0.0,,,,,,,1,v=3;lan=1,1
43.0755,1790267718.574210,0.0205,0,,,0.000,,,0.0000,0.0000,0.0000,0.0000,0.0000,-13.0000,,,,CHO,0.0000,-12.8330,0.0000,-12.8344,0.0000,0.0000,0.000,0.000,,0.0,,,,,,,1,v=3;lan=1,1
43.0956,1790267718.594344,0.0201,0,,,0.000,,,0.0000,0.0000,0.0000,0.0000,0.0000,-13.0000,,,,CHO,0.0000,-12.8330,0.0000,-12.8344,0.0000,0.0000,0.000,0.000,,0.0,,,,,,,1,v=3;lan=1,1
43.1160,1790267718.614658,0.0204,0,,,0.000,,,0.0000,0.0000,0.0000,0.0000,0.0000,-13.0000,,,,CHO,0.0000,-12.8330,0.0000,-12.8344,0.0000,0.0000,0.000,0.000,,0.0,,,,,,,1,v=3;lan=1,1
43.1364,1790267718.635058,0.0204,0,,,0.000,,,0.0000,0.0000,0.0000,0.0000,0.0000,-13.0000,,,,CHO,0.0000,-12.8330,0.0000,-12.8344,0.0000,0.0000,0.000,0.000,,0.0,,,,,,,1,v=3;lan=1,1
43.1571,1790267718.655741,0.0207,0,,,0.000,,,0.0000,0.0000,0.0000,0.0000,0.0000,-13.0000,,,,CHO,0.0000,-12.8330,0.0000,-12.8344,0.0000,0.0000,0.000,0.000,,0.0,,,,,,,1,v=3;lan=1,1
43.1771,1790267718.675786,0.0200,0,,,0.000,,,0.0000,0.0000,0.0000,0.0000,0.0000,-13.0000,,,,CHO,0.0000,-12.8330,0.0000,-12.8344,0.0000,0.0000,0.000,0.000,,0.0,,,,,,,1,v=3;lan=1,1
43.1975,1790267718.696234,0.0205,0,,,0.000,,,0.0000,0.0000,0.0000,0.0000,0.0000,-13.0000,,,,CHO,0.0000,-12.8330,0.0000,-12.8344,0.0000,0.0000,0.000,0.000,,0.0,,,,,,,1,v=3;lan=1,1
43.2179,1790267718.716575,0.0203,0,,,0.000,,,0.0000,0.0000,0.0000,0.0000,0.0000,-13.0000,,,,CHO,0.0000,-12.8330,0.0000,-12.8344,0.0000,0.0000,0.000,0.000,,0.0,,,,,,,1,v=3;lan=1,1
43.2400,1790267718.738585,0.0221,0,,,0.000,,,0.0000,0.0000,0.0000,0.0000,0.0000,-13.0000,,,,CHO,0.0000,-12.8330,0.0000,-12.8344,0.0000,0.0000,0.000,0.000,,0.0,,,,,,,1,v=3;lan=1,1
43.2602,1790267718.758771,0.0202,0,,,0.000,,,0.0000,0.0000,0.0000,0.0000,0.0000,-13.0000,,,,CHO,0.0000,-12.8330,0.0000,-12.8344,0.0000,0.0000,0.000,0.000,,0.0,,,,,,,1,v=3;lan=1,1
43.2805,1790267718.779072,0.0202,0,,,0.000,,,0.0000,0.0000,0.0000,0.0000,0.0000,-13.0000,,,,CHO,0.0000,-12.8330,0.0000,-12.8344,0.0000,0.0000,0.000,0.000,,0.0,,,,,,,1,v=3;lan=1,1
43.3016,1790267718.800139,0.0211,0,,,0.000,,,0.0000,0.0000,0.0000,0.0000,0.0000,-13.0000,,,,CHO,0.0000,-12.8330,0.0000,-12.8344,0.0000,0.0000,0.000,0.000,,0.0,,,,,,,1,v=3;lan=1,1
43.3220,1790267718.820665,0.0204,0,,,0.000,,,0.0000,0.0000,0.0000,0.0000,0.0000,-13.0000,,,,CHO,0.0000,-12.8330,0.0000,-12.8344,0.0000,0.0000,0.000,0.000,,0.0,,,,,,,1,v=3;lan=1,1
43.3423,1790267718.840995,0.0203,0,,,0.000,,,0.0000,0.0000,0.0000,0.0000,0.0000,-13.0000,,,,CHO,0.0000,-12.8330,0.0000,-12.8344,0.0000,0.0000,0.000,0.000,,0.0,,,,,,,1,v=3;lan=1,1
43.3624,1790267718.861114,0.0201,0,,,0.000,,,0.0000,0.0000,0.0000,0.0000,0.0000,-13.0000,,,,CHO,0.0000,-12.8330,0.0000,-12.8344,0.0000,0.0000,0.000,0.000,,0.0,,,,,,,1,v=3;lan=1,1
43.3833,1790267718.881979,0.0209,0,,,0.000,,,0.0000,0.0000,0.0000,0.0000,0.0000,-13.0000,,,,CHO,0.0000,-12.8330,0.0000,-12.8344,0.0000,0.0000,0.000,0.000,,0.0,,,,,,,1,v=3;lan=1,1
43.4034,1790267718.902107,0.0201,0,,,0.000,,,0.0000,0.0000,0.0000,0.0000,0.0000,-13.0000,,,,CHO,0.0000,-12.8330,0.0000,-12.8344,0.0000,0.0000,0.000,0.000,,0.0,,,,,,,1,v=3;lan=1,1
43.4234,1790267718.921957,0.0200,0,,,0.000,,,0.0000,0.0000,0.0000,0.0000,0.0000,-13.0000,,,,CHO,0.0000,-12.8330,0.0000,-12.8344,0.0000,0.0000,0.000,0.000,,0.0,,,,,,,1,v=3;lan=1,1
43.4441,1790267718.942552,0.0206,0,,,0.000,,,0.0000,0.0000,0.0000,0.0000,0.0000,-13.0000,,,,CHO,0.0000,-12.8330,0.0000,-12.8344,0.0000,0.0000,0.000,0.000,,0.0,,,,,,,1,v=3;lan=1,1
43.4645,1790267718.963094,0.0204,0,,,0.000,,,0.0000,0.0000,0.0000,0.0000,0.0000,-13.0000,,,,CHO,0.0000,-12.8330,0.0000,-12.8344,0.0000,0.0000,0.000,0.000,,0.0,,,,,,,1,v=3;lan=1,1
43.4885,1790267718.987028,0.0241,0,,,0.000,,,0.0000,0.0000,0.0000,0.0000,0.0000,-13.0000,,,,CHO,0.0000,-12.8330,0.0000,-12.8344,0.0000,0.0000,0.000,0.000,,0.0,,,,,,,1,v=3;lan=1,1
43.5089,1790267719.007537,0.0203,0,,,0.000,,,0.0000,0.0000,0.0000,0.0000,0.0000,-13.0000,,,,CHO,0.0000,-12.8330,0.0000,-12.8344,0.0000,0.0000,0.000,0.000,,0.0,,,,,,,1,v=3;lan=1,1
43.5292,1790267719.027852,0.0203,0,,,0.000,,,0.0000,0.0000,0.0000,0.0000,0.0000,-13.0000,,,,CHO,0.0000,-12.8330,0.0000,-12.8344,0.0000,0.0000,0.000,0.000,,0.0,,,,,,,1,v=3;lan=1,1
43.5516,1790267719.050115,0.0224,0,,,0.000,,,0.0000,0.0000,0.0000,0.0000,0.0000,-13.0000,,,,CHO,0.0000,-12.8330,0.0000,-12.8344,0.0000,0.0000,0.000,0.000,,0.0,,,,,,,1,v=3;lan=1,1
43.5720,1790267719.070660,0.0204,0,,,0.000,,,0.0000,0.0000,0.0000,0.0000,0.0000,-13.0000,,,,CHO,0.0000,-12.8330,0.0000,-12.8344,0.0000,0.0000,0.000,0.000,,0.0,,,,,,,1,v=3;lan=1,1
43.5924,1790267719.091044,0.0203,0,,,0.000,,,0.0000,0.0000,0.0000,0.0000,0.0000,-13.0000,,,,CHO,0.0000,-12.8330,0.0000,-12.8344,0.0000,0.0000,0.000,0.000,,0.0,,,,,,,1,v=3;lan=1,1
43.6150,1790267719.113448,0.0226,0,,,0.000,,,0.0000,0.0000,0.0000,0.0000,0.0000,-13.0000,,,,CHO,0.0000,-12.8330,0.0000,-12.8344,0.0000,0.0000,0.000,0.000,,0.0,,,,,,,1,v=3;lan=1,1
43.6354,1790267719.134057,0.0205,0,,,0.000,,,0.0000,0.0000,0.0000,0.0000,0.0000,-13.0000,,,,CHO,0.0000,-12.8330,0.0000,-12.8344,0.0000,0.0000,0.000,0.000,,0.0,,,,,,,1,v=3;lan=1,1
43.6559,1790267719.154569,0.0204,0,,,0.000,,,0.0000,0.0000,0.0000,0.0000,0.0000,-13.0000,,,,CHO,0.0000,-12.8330,0.0000,-12.8344,0.0000,0.0000,0.000,0.000,,0.0,,,,,,,1,v=3;lan=1,1
43.6761,1790267719.174687,0.0203,0,,,0.000,,,0.0000,0.0000,0.0000,0.0000,0.0000,-13.0000,,,,CHO,0.0000,-12.8330,0.0000,-12.8344,0.0000,0.0000,0.000,0.000,,0.0,,,,,,,1,v=3;lan=1,1
43.6969,1790267719.195438,0.0208,0,,,0.000,,,0.0000,0.0000,0.0000,0.0000,0.0000,-13.0000,,,,CHO,0.0000,-12.8330,0.0000,-12.8344,0.0000,0.0000,0.000,0.000,,0.0,,,,,,,1,v=3;lan=1,1
43.7169,1790267719.215632,0.0201,0,,,0.000,,,0.0000,0.0000,0.0000,0.0000,0.0000,-13.0000,,,,CHO,0.0000,-12.8330,0.0000,-12.8344,0.0000,0.0000,0.000,0.000,,0.0,,,,,,,1,v=3;lan=1,1
43.7375,1790267719.236167,0.0206,0,,,0.000,,,0.0000,0.0000,0.0000,0.0000,0.0000,-13.0000,,,,CHO,0.0000,-12.8330,0.0000,-12.8344,0.0000,0.0000,0.000,0.000,,0.0,,,,,,,1,v=3;lan=1,1
43.7576,1790267719.256249,0.0201,0,,,0.000,,,0.0000,0.0000,0.0000,0.0000,0.0000,-13.0000,,,,CHO,0.0000,-12.8330,0.0000,-12.8344,0.0000,0.0000,0.000,0.000,,0.0,,,,,,,1,v=3;lan=1,1
43.7780,1790267719.276624,0.0204,0,,,0.000,,,0.0000,0.0000,0.0000,0.0000,0.0000,-13.0000,,,,CHO,0.0000,-12.8330,0.0000,-12.8344,0.0000,0.0000,0.000,0.000,,0.0,,,,,,,1,v=3;lan=1,1
43.7981,1790267719.296730,0.0201,0,,,0.000,,,0.0000,0.0000,0.0000,0.0000,0.0000,-13.0000,,,,CHO,0.0000,-12.8330,0.0000,-12.8344,0.0000,0.0000,0.000,0.000,,0.0,,,,,,,1,v=3;lan=1,1
43.8183,1790267719.317000,0.0202,0,,,0.000,,,0.0000,0.0000,0.0000,0.0000,0.0000,-13.0000,,,,CHO,0.0000,-12.8330,0.0000,-12.8344,0.0000,0.0000,0.000,0.000,,0.0,,,,,,,1,v=3;lan=1,1
43.8385,1790267719.337057,0.0202,0,,,0.000,,,0.0000,0.0000,0.0000,0.0000,0.0000,-13.0000,,,,CHO,0.0000,-12.8330,0.0000,-12.8344,0.0000,0.0000,0.000,0.000,,0.0,,,,,,,1,v=3;lan=1,1
43.8588,1790267719.357489,0.0203,0,,,0.000,,,0.0000,0.0000,0.0000,0.0000,0.0000,-13.0000,,,,CHO,0.0000,-12.8330,0.0000,-12.8344,0.0000,0.0000,0.000,0.000,,0.0,,,,,,,1,v=3;lan=1,1
43.8808,1790267719.379437,0.0220,0,,,0.000,,,0.0000,0.0000,0.0000,0.0000,0.0000,-13.0000,,,,CHO,0.0000,-12.8330,0.0000,-12.8344,0.0000,0.0000,0.000,0.000,,0.0,,,,,,,1,v=3;lan=1,1
43.9011,1790267719.399832,0.0203,0,,,0.000,,,0.0000,0.0000,0.0000,0.0000,0.0000,-13.0000,,,,CHO,0.0000,-12.8330,0.0000,-12.8344,0.0000,0.0000,0.000,0.000,,0.0,,,,,,,1,v=3;lan=1,1
43.9213,1790267719.420020,0.0202,0,,,0.000,,,0.0000,0.0000,0.0000,0.0000,0.0000,-13.0000,,,,CHO,0.0000,-12.8330,0.0000,-12.8344,0.0000,0.0000,0.000,0.000,,0.0,,,,,,,1,v=3;lan=1,1
43.9444,1790267719.442631,0.0231,0,,,0.000,,,0.0000,0.0000,0.0000,0.0000,0.0000,-13.0000,,,,CHO,0.0000,-12.8330,0.0000,-12.8344,0.0000,0.0000,0.000,0.000,,0.0,,,,,,,1,v=3;lan=1,1
43.9651,1790267719.463795,0.0207,0,,,0.000,,,0.0000,0.0000,0.0000,0.0000,0.0000,-13.0000,,,,CHO,0.0000,-12.8330,0.0000,-12.8344,0.0000,0.0000,0.000,0.000,,0.0,,,,,,,1,v=3;lan=1,1
43.9855,1790267719.484147,0.0204,0,,,0.000,,,0.0000,0.0000,0.0000,0.0000,0.0000,-13.0000,,,,CHO,0.0000,-12.8330,0.0000,-12.8344,0.0000,0.0000,0.000,0.000,,0.0,,,,,,,1,v=3;lan=1,1
44.0072,1790267719.505714,0.0217,0,,,0.000,,,0.0000,0.0000,0.0000,0.0000,0.0000,-13.0000,,,,CHO,0.0000,-12.8330,0.0000,-12.8344,0.0000,0.0000,0.000,0.000,,0.0,,,,,,,1,v=3;lan=1,1
44.0275,1790267719.526205,0.0204,0,,,0.000,,,0.0000,0.0000,0.0000,0.0000,0.0000,-13.0000,,,,CHO,0.0000,-12.8330,0.0000,-12.8344,0.0000,0.0000,0.000,0.000,,0.0,,,,,,,1,v=3;lan=1,1
44.0476,1790267719.546251,0.0201,0,,,0.000,,,0.0000,0.0000,0.0000,0.0000,0.0000,-13.0000,,,,CHO,0.0000,-12.8330,0.0000,-12.8344,0.0000,0.0000,0.000,0.000,,0.0,,,,,,,1,v=3;lan=1,1
44.0681,1790267719.566799,0.0205,0,,,0.000,,,0.0000,0.0000,0.0000,0.0000,0.0000,-13.0000,,,,CHO,0.0000,-12.8330,0.0000,-12.8344,0.0000,0.0000,0.000,0.000,,0.0,,,,,,,1,v=3;lan=1,1
44.0882,1790267719.586843,0.0200,0,,,0.000,,,0.0000,0.0000,0.0000,0.0000,0.0000,-13.0000,,,,CHO,0.0000,-12.8330,0.0000,-12.8344,0.0000,0.0000,0.000,0.000,,0.0,,,,,,,1,v=3;lan=1,1
44.1084,1790267719.607053,0.0202,0,,,0.000,,,0.0000,0.0000,0.0000,0.0000,0.0000,-13.0000,,,,CHO,0.0000,-12.8330,0.0000,-12.8344,0.0000,0.0000,0.000,0.000,,0.0,,,,,,,1,v=3;lan=1,1
44.1285,1790267719.627130,0.0202,0,,,0.000,,,0.0000,0.0000,0.0000,0.0000,0.0000,-13.0000,,,,CHO,0.0000,-12.8330,0.0000,-12.8344,0.0000,0.0000,0.000,0.000,,0.0,,,,,,,1,v=3;lan=1,1
44.1491,1790267719.647751,0.0205,0,,,0.000,,,0.0000,0.0000,0.0000,0.0000,0.0000,-13.0000,,,,CHO,0.0000,-12.8330,0.0000,-12.8344,0.0000,0.0000,0.000,0.000,,0.0,,,,,,,1,v=3;lan=1,1
44.1695,1790267719.668095,0.0204,0,,,0.000,,,0.0000,0.0000,0.0000,0.0000,0.0000,-13.0000,,,,CHO,0.0000,-12.8330,0.0000,-12.8344,0.0000,0.0000,0.000,0.000,,0.0,,,,,,,1,v=3;lan=1,1
44.1948,1790267719.693287,0.0253,0,,,0.000,,,0.0000,0.0000,0.0000,0.0000,0.0000,-13.0000,,,,CHO,0.0000,-12.8330,0.0000,-12.8344,0.0000,0.0000,0.000,0.000,,0.0,,,,,,,1,v=3;lan=1,1
44.2155,1790267719.714183,0.0208,0,,,0.000,,,0.0000,0.0000,0.0000,0.0000,0.0000,-13.0000,,,,CHO,0.0000,-12.8330,0.0000,-12.8344,0.0000,0.0000,0.000,0.000,,0.0,,,,,,,1,v=3;lan=1,1
44.2357,1790267719.734448,0.0202,0,,,0.000,,,0.0000,0.0000,0.0000,0.0000,0.0000,-13.0000,,,,CHO,0.0000,-12.8330,0.0000,-12.8344,0.0000,0.0000,0.000,0.000,,0.0,,,,,,,1,v=3;lan=1,1
44.2561,1790267719.754818,0.0204,0,,,0.000,,,0.0000,0.0000,0.0000,0.0000,0.0000,-13.0000,,,,CHO,0.0000,-12.8330,0.0000,-12.8344,0.0000,0.0000,0.000,0.000,,0.0,,,,,,,1,v=3;lan=1,1
44.2763,1790267719.774989,0.0202,0,,,0.000,,,0.0000,0.0000,0.0000,0.0000,0.0000,-13.0000,,,,CHO,0.0000,-12.8330,0.0000,-12.8344,0.0000,0.0000,0.000,0.000,,0.0,,,,,,,1,v=3;lan=1,1
44.2966,1790267719.795274,0.0202,0,,,0.000,,,0.0000,0.0000,0.0000,0.0000,0.0000,-13.0000,,,,CHO,0.0000,-12.8330,0.0000,-12.8344,0.0000,0.0000,0.000,0.000,,0.0,,,,,,,1,v=3;lan=1,1
44.3167,1790267719.815397,0.0201,0,,,0.000,,,0.0000,0.0000,0.0000,0.0000,0.0000,-13.0000,,,,CHO,0.0000,-12.8330,0.0000,-12.8344,0.0000,0.0000,0.000,0.000,,0.0,,,,,,,1,v=3;lan=1,1
44.3368,1790267719.835506,0.0201,0,,,0.000,,,0.0000,0.0000,0.0000,0.0000,0.0000,-13.0000,,,,CHO,0.0000,-12.8330,0.0000,-12.8344,0.0000,0.0000,0.000,0.000,,0.0,,,,,,,1,v=3;lan=1,1
44.3569,1790267719.855567,0.0201,0,,,0.000,,,0.0000,0.0000,0.0000,0.0000,0.0000,-13.0000,,,,CHO,0.0000,-12.8330,0.0000,-12.8344,0.0000,0.0000,0.000,0.000,,0.0,,,,,,,1,v=3;lan=1,1
44.3771,1790267719.875617,0.0202,0,,,0.000,,,0.0000,0.0000,0.0000,0.0000,0.0000,-13.0000,,,,CHO,0.0000,-12.8330,0.0000,-12.8344,0.0000,0.0000,0.000,0.000,,0.0,,,,,,,1,v=3;lan=1,1
44.3978,1790267719.896340,0.0207,0,,,0.000,,,0.0000,0.0000,0.0000,0.0000,0.0000,-13.0000,,,,CHO,0.0000,-12.8330,0.0000,-12.8344,0.0000,0.0000,0.000,0.000,,0.0,,,,,,,1,v=3;lan=1,1
44.4181,1790267719.916577,0.0203,0,,,0.000,,,0.0000,0.0000,0.0000,0.0000,0.0000,-13.0000,,,,CHO,0.0000,-12.8330,0.0000,-12.8344,0.0000,0.0000,0.000,0.000,,0.0,,,,,,,1,v=3;lan=1,1
44.4383,1790267719.937005,0.0202,0,,,0.000,,,0.0000,0.0000,0.0000,0.0000,0.0000,-13.0000,,,,CHO,0.0000,-12.8330,0.0000,-12.8344,0.0000,0.0000,0.000,0.000,,0.0,,,,,,,1,v=3;lan=1,1
44.4610,1790267719.959619,0.0227,0,,,0.000,,,0.0000,0.0000,0.0000,0.0000,0.0000,-13.0000,,,,CHO,0.0000,-12.8330,0.0000,-12.8344,0.0000,0.0000,0.000,0.000,,0.0,,,,,,,1,v=3;lan=1,1
44.4815,1790267719.980177,0.0205,0,,,0.000,,,0.0000,0.0000,0.0000,0.0000,0.0000,-13.0000,,,,CHO,0.0000,-12.8330,0.0000,-12.8344,0.0000,0.0000,0.000,0.000,,0.0,,,,,,,1,v=3;lan=1,1
44.5016,1790267720.000280,0.0201,0,,,0.000,,,0.0000,0.0000,0.0000,0.0000,0.0000,-13.0000,,,,CHO,0.0000,-12.8330,0.0000,-12.8344,0.0000,0.0000,0.000,0.000,,0.0,,,,,,,1,v=3;lan=1,1
44.5217,1790267720.020333,0.0201,0,,,0.000,,,0.0000,0.0000,0.0000,0.0000,0.0000,-13.0000,,,,CHO,0.0000,-12.8330,0.0000,-12.8344,0.0000,0.0000,0.000,0.000,,0.0,,,,,,,1,v=3;lan=1,1
44.5439,1790267720.042524,0.0222,0,,,0.000,,,0.0000,0.0000,0.0000,0.0000,0.0000,-13.0000,,,,CHO,0.0000,-12.8330,0.0000,-12.8344,0.0000,0.0000,0.000,0.000,,0.0,,,,,,,1,v=3;lan=1,1
44.5644,1790267720.063067,0.0205,0,,,0.000,,,0.0000,0.0000,0.0000,0.0000,0.0000,-13.0000,,,,CHO,0.0000,-12.8330,0.0000,-12.8344,0.0000,0.0000,0.000,0.000,,0.0,,,,,,,1,v=3;lan=1,1
44.5844,1790267720.083071,0.0200,0,,,0.000,,,0.0000,0.0000,0.0000,0.0000,0.0000,-13.0000,,,,CHO,0.0000,-12.8330,0.0000,-12.8344,0.0000,0.0000,0.000,0.000,,0.0,,,,,,,1,v=3;lan=1,1
44.6047,1790267720.103297,0.0203,0,,,0.000,,,0.0000,0.0000,0.0000,0.0000,0.0000,-13.0000,,,,CHO,0.0000,-12.8330,0.0000,-12.8344,0.0000,0.0000,0.000,0.000,,0.0,,,,,,,1,v=3;lan=1,1
44.6251,1790267720.123827,0.0205,0,,,0.000,,,0.0000,0.0000,0.0000,0.0000,0.0000,-13.0000,,,,CHO,0.0000,-12.8330,0.0000,-12.8344,0.0000,0.0000,0.000,0.000,,0.0,,,,,,,1,v=3;lan=1,1
44.6465,1790267720.145158,0.0214,0,,,0.000,,,0.0000,0.0000,0.0000,0.0000,0.0000,-13.0000,,,,CHO,0.0000,-12.8330,0.0000,-12.8344,0.0000,0.0000,0.000,0.000,,0.0,,,,,,,1,v=3;lan=1,1
44.6668,1790267720.165462,0.0203,0,,,0.000,,,0.0000,0.0000,0.0000,0.0000,0.0000,-13.0000,,,,CHO,0.0000,-12.8330,0.0000,-12.8344,0.0000,0.0000,0.000,0.000,,0.0,,,,,,,1,v=3;lan=1,1
44.6872,1790267720.185941,0.0204,0,,,0.000,,,0.0000,0.0000,0.0000,0.0000,0.0000,-13.0000,,,,CHO,0.0000,-12.8330,0.0000,-12.8344,0.0000,0.0000,0.000,0.000,,0.0,,,,,,,1,v=3;lan=1,1
44.7074,1790267720.206139,0.0202,0,,,0.000,,,0.0000,0.0000,0.0000,0.0000,0.0000,-13.0000,,,,CHO,0.0000,-12.8330,0.0000,-12.8344,0.0000,0.0000,0.000,0.000,,0.0,,,,,,,1,v=3;lan=1,1
44.7275,1790267720.226146,0.0201,0,,,0.000,,,0.0000,0.0000,0.0000,0.0000,0.0000,-13.0000,,,,CHO,0.0000,-12.8330,0.0000,-12.8344,0.0000,0.0000,0.000,0.000,,0.0,,,,,,,1,v=3;lan=1,1
44.7480,1790267720.246641,0.0205,0,,,0.000,,,0.0000,0.0000,0.0000,0.0000,0.0000,-13.0000,,,,CHO,0.0000,-12.8330,0.0000,-12.8344,0.0000,0.0000,0.000,0.000,,0.0,,,,,,,1,v=3;lan=1,1
44.7683,1790267720.266998,0.0203,0,,,0.000,,,0.0000,0.0000,0.0000,0.0000,0.0000,-13.0000,,,,CHO,0.0000,-12.8330,0.0000,-12.8344,0.0000,0.0000,0.000,0.000,,0.0,,,,,,,1,v=3;lan=1,1
44.7892,1790267720.287660,0.0209,0,,,0.000,,,0.0000,0.0000,0.0000,0.0000,0.0000,-13.0000,,,,CHO,0.0000,-12.8330,0.0000,-12.8344,0.0000,0.0000,0.000,0.000,,0.0,,,,,,,1,v=3;lan=1,1
44.8092,1790267720.307829,0.0201,0,,,0.000,,,0.0000,0.0000,0.0000,0.0000,0.0000,-13.0000,,,,CHO,0.0000,-12.8330,0.0000,-12.8344,0.0000,0.0000,0.000,0.000,,0.0,,,,,,,1,v=3;lan=1,1
44.8295,1790267720.328024,0.0203,0,,,0.000,,,0.0000,0.0000,0.0000,0.0000,0.0000,-13.0000,,,,CHO,0.0000,-12.8330,0.0000,-12.8344,0.0000,0.0000,0.000,0.000,,0.0,,,,,,,1,v=3;lan=1,1
44.8499,1790267720.348567,0.0205,0,,,0.000,,,0.0000,0.0000,0.0000,0.0000,0.0000,-13.0000,,,,CHO,0.0000,-12.8330,0.0000,-12.8344,0.0000,0.0000,0.000,0.000,,0.0,,,,,,,1,v=3;lan=1,1
44.8708,1790267720.369336,0.0208,0,,,0.000,,,0.0000,0.0000,0.0000,0.0000,0.0000,-13.0000,,,,CHO,0.0000,-12.8330,0.0000,-12.8344,0.0000,0.0000,0.000,0.000,,0.0,,,,,,,1,v=3;lan=1,1
44.8908,1790267720.389460,0.0200,0,,,0.000,,,0.0000,0.0000,0.0000,0.0000,0.0000,-13.0000,,,,CHO,0.0000,-12.8330,0.0000,-12.8344,0.0000,0.0000,0.000,0.000,,0.0,,,,,,,1,v=3;lan=1,1
44.9154,1790267720.413813,0.0246,0,,,0.000,,,0.0000,0.0000,0.0000,0.0000,0.0000,-13.0000,,,,CHO,0.0000,-12.8330,0.0000,-12.8344,0.0000,0.0000,0.000,0.000,,0.0,,,,,,,1,v=3;lan=1,1
44.9358,1790267720.434426,0.0204,0,,,0.000,,,0.0000,0.0000,0.0000,0.0000,0.0000,-13.0000,,,,CHO,0.0000,-12.8330,0.0000,-12.8344,0.0000,0.0000,0.000,0.000,,0.0,,,,,,,1,v=3;lan=1,1
44.9558,1790267720.454484,0.0200,0,,,0.000,,,0.0000,0.0000,0.0000,0.0000,0.0000,-13.0000,,,,CHO,0.0000,-12.8330,0.0000,-12.8344,0.0000,0.0000,0.000,0.000,,0.0,,,,,,,1,v=3;lan=1,1
44.9764,1790267720.474926,0.0206,0,,,0.000,,,0.0000,0.0000,0.0000,0.0000,0.0000,-13.0000,,,,CHO,0.0000,-12.8330,0.0000,-12.8344,0.0000,0.0000,0.000,0.000,,0.0,,,,,,,1,v=3;lan=1,1
44.9967,1790267720.495236,0.0203,0,,,0.000,,,0.0000,0.0000,0.0000,0.0000,0.0000,-13.0000,,,,CHO,0.0000,-12.8330,0.0000,-12.8344,0.0000,0.0000,0.000,0.000,,0.0,,,,,,,1,v=3;lan=1,1
45.0168,1790267720.515515,0.0201,0,,,0.000,,,0.0000,0.0000,0.0000,0.0000,0.0000,-13.0000,,,,CHO,0.0000,-12.8330,0.0000,-12.8344,0.0000,0.0000,0.000,0.000,,0.0,,,,,,,1,v=3;lan=1,1
45.0380,1790267720.536601,0.0212,0,,,0.000,,,0.0000,0.0000,0.0000,0.0000,0.0000,-13.0000,,,,CHO,0.0000,-12.8330,0.0000,-12.8344,0.0000,0.0000,0.000,0.000,,0.0,,,,,,,1,v=3;lan=1,1
45.0582,1790267720.556835,0.0202,0,,,0.000,,,0.0000,0.0000,0.0000,0.0000,0.0000,-13.0000,,,,CHO,0.0000,-12.8330,0.0000,-12.8344,0.0000,0.0000,0.000,0.000,,0.0,,,,,,,1,v=3;lan=1,1
45.0789,1790267720.577567,0.0207,0,,,0.000,,,0.0000,0.0000,0.0000,0.0000,0.0000,-13.0000,,,,CHO,0.0000,-12.8330,0.0000,-12.8344,0.0000,0.0000,0.000,0.000,,0.0,,,,,,,1,v=3;lan=1,1
45.0999,1790267720.598448,0.0210,0,,,0.000,,,0.0000,0.0000,0.0000,0.0000,0.0000,-13.0000,,,,CHO,0.0000,-12.8330,0.0000,-12.8344,0.0000,0.0000,0.000,0.000,,0.0,,,,,,,1,v=3;lan=1,1
45.1200,1790267720.618708,0.0201,0,,,0.000,,,0.0000,0.0000,0.0000,0.0000,0.0000,-13.0000,,,,CHO,0.0000,-12.8330,0.0000,-12.8344,0.0000,0.0000,0.000,0.000,,0.0,,,,,,,1,v=3;lan=1,1
45.1403,1790267720.638986,0.0203,0,,,0.000,,,0.0000,0.0000,0.0000,0.0000,0.0000,-13.0000,,,,CHO,0.0000,-12.8330,0.0000,-12.8344,0.0000,0.0000,0.000,0.000,,0.0,,,,,,,1,v=3;lan=1,1
45.1616,1790267720.660134,0.0213,0,,,0.000,,,0.0000,0.0000,0.0000,0.0000,0.0000,-13.0000,,,,CHO,0.0000,-12.8330,0.0000,-12.8344,0.0000,0.0000,0.000,0.000,,0.0,,,,,,,1,v=3;lan=1,1
45.1818,1790267720.680455,0.0202,0,,,0.000,,,0.0000,0.0000,0.0000,0.0000,0.0000,-13.0000,,,,CHO,0.0000,-12.8330,0.0000,-12.8344,0.0000,0.0000,0.000,0.000,,0.0,,,,,,,1,v=3;lan=1,1
45.2018,1790267720.700456,0.0200,0,,,0.000,,,0.0000,0.0000,0.0000,0.0000,0.0000,-13.0000,,,,CHO,0.0000,-12.8330,0.0000,-12.8344,0.0000,0.0000,0.000,0.000,,0.0,,,,,,,1,v=3;lan=1,1
45.2219,1790267720.720548,0.0200,0,,,0.000,,,0.0000,0.0000,0.0000,0.0000,0.0000,-13.0000,,,,CHO,0.0000,-12.8330,0.0000,-12.8344,0.0000,0.0000,0.000,0.000,,0.0,,,,,,,1,v=3;lan=1,1
45.2423,1790267720.741016,0.0205,0,,,0.000,,,0.0000,0.0000,0.0000,0.0000,0.0000,-13.0000,,,,CHO,0.0000,-12.8330,0.0000,-12.8344,0.0000,0.0000,0.000,0.000,,0.0,,,,,,,1,v=3;lan=1,1
45.2643,1790267720.762889,0.0220,0,,,0.000,,,0.0000,0.0000,0.0000,0.0000,0.0000,-13.0000,,,,CHO,0.0000,-12.8330,0.0000,-12.8344,0.0000,0.0000,0.000,0.000,,0.0,,,,,,,1,v=3;lan=1,1
45.2845,1790267720.783191,0.0202,0,,,0.000,,,0.0000,0.0000,0.0000,0.0000,0.0000,-13.0000,,,,CHO,0.0000,-12.8330,0.0000,-12.8344,0.0000,0.0000,0.000,0.000,,0.0,,,,,,,1,v=3;lan=1,1
45.3046,1790267720.803356,0.0201,0,,,0.000,,,0.0000,0.0000,0.0000,0.0000,0.0000,-13.0000,,,,CHO,0.0000,-12.8330,0.0000,-12.8344,0.0000,0.0000,0.000,0.000,,0.0,,,,,,,1,v=3;lan=1,1
45.3247,1790267720.823345,0.0200,0,,,0.000,,,0.0000,0.0000,0.0000,0.0000,0.0000,-13.0000,,,,CHO,0.0000,-12.8330,0.0000,-12.8344,0.0000,0.0000,0.000,0.000,,0.0,,,,,,,1,v=3;lan=1,1
45.3452,1790267720.843915,0.0205,0,,,0.000,,,0.0000,0.0000,0.0000,0.0000,0.0000,-13.0000,,,,CHO,0.0000,-12.8330,0.0000,-12.8344,0.0000,0.0000,0.000,0.000,,0.0,,,,,,,1,v=3;lan=1,1
45.3653,1790267720.864034,0.0201,0,,,0.000,,,0.0000,0.0000,0.0000,0.0000,0.0000,-13.0000,,,,CHO,0.0000,-12.8330,0.0000,-12.8344,0.0000,0.0000,0.000,0.000,,0.0,,,,,,,1,v=3;lan=1,1
45.3859,1790267720.884448,0.0205,0,,,0.000,,,0.0000,0.0000,0.0000,0.0000,0.0000,-13.0000,,,,CHO,0.0000,-12.8330,0.0000,-12.8344,0.0000,0.0000,0.000,0.000,,0.0,,,,,,,1,v=3;lan=1,1
45.4078,1790267720.906698,0.0220,0,,,0.000,,,0.0000,0.0000,0.0000,0.0000,0.0000,-13.0000,,,,CHO,0.0000,-12.8330,0.0000,-12.8344,0.0000,0.0000,0.000,0.000,,0.0,,,,,,,1,v=3;lan=1,1
45.4279,1790267720.926516,0.0201,0,,,0.000,,,0.0000,0.0000,0.0000,0.0000,0.0000,-13.0000,,,,CHO,0.0000,-12.8330,0.0000,-12.8344,0.0000,0.0000,0.000,0.000,,0.0,,,,,,,1,v=3;lan=1,1
45.4480,1790267720.946640,0.0200,0,,,0.000,,,0.0000,0.0000,0.0000,0.0000,0.0000,-13.0000,,,,CHO,0.0000,-12.8330,0.0000,-12.8344,0.0000,0.0000,0.000,0.000,,0.0,,,,,,,1,v=3;lan=1,1
45.4699,1790267720.968523,0.0220,0,,,0.000,,,0.0000,0.0000,0.0000,0.0000,0.0000,-13.0000,,,,CHO,0.0000,-12.8330,0.0000,-12.8344,0.0000,0.0000,0.000,0.000,,0.0,,,,,,,1,v=3;lan=1,1
45.4900,1790267720.988674,0.0200,0,,,0.000,,,0.0000,0.0000,0.0000,0.0000,0.0000,-13.0000,,,,CHO,0.0000,-12.8330,0.0000,-12.8344,0.0000,0.0000,0.000,0.000,,0.0,,,,,,,1,v=3;lan=1,1
45.5100,1790267721.008585,0.0200,0,,,0.000,,,0.0000,0.0000,0.0000,0.0000,0.0000,-13.0000,,,,CHO,0.0000,-12.8330,0.0000,-12.8344,0.0000,0.0000,0.000,0.000,,0.0,,,,,,,1,v=3;lan=1,1
45.5306,1790267721.029215,0.0205,0,,,0.000,,,0.0000,0.0000,0.0000,0.0000,0.0000,-13.0000,,,,CHO,0.0000,-12.8330,0.0000,-12.8344,0.0000,0.0000,0.000,0.000,,0.0,,,,,,,1,v=3;lan=1,1
45.5506,1790267721.049296,0.0200,0,,,0.000,,,0.0000,0.0000,0.0000,0.0000,0.0000,-13.0000,,,,CHO,0.0000,-12.8330,0.0000,-12.8344,0.0000,0.0000,0.000,0.000,,0.0,,,,,,,1,v=3;lan=1,1
45.5709,1790267721.069490,0.0203,0,,,0.000,,,0.0000,0.0000,0.0000,0.0000,0.0000,-13.0000,,,,CHO,0.0000,-12.8330,0.0000,-12.8344,0.0000,0.0000,0.000,0.000,,0.0,,,,,,,1,v=3;lan=1,1
45.5912,1790267721.089859,0.0203,0,,,0.000,,,0.0000,0.0000,0.0000,0.0000,0.0000,-13.0000,,,,CHO,0.0000,-12.8330,0.0000,-12.8344,0.0000,0.0000,0.000,0.000,,0.0,,,,,,,1,v=3;lan=1,1
45.6115,1790267721.110135,0.0203,0,,,0.000,,,0.0000,0.0000,0.0000,0.0000,0.0000,-13.0000,,,,CHO,0.0000,-12.8330,0.0000,-12.8344,0.0000,0.0000,0.000,0.000,,0.0,,,,,,,1,v=3;lan=1,1
45.6319,1790267721.130591,0.0205,0,,,0.000,,,0.0000,0.0000,0.0000,0.0000,0.0000,-13.0000,,,,CHO,0.0000,-12.8330,0.0000,-12.8344,0.0000,0.0000,0.000,0.000,,0.0,,,,,,,1,v=3;lan=1,1
45.6524,1790267721.151053,0.0205,0,,,0.000,,,0.0000,0.0000,0.0000,0.0000,0.0000,-13.0000,,,,CHO,0.0000,-12.8330,0.0000,-12.8344,0.0000,0.0000,0.000,0.000,,0.0,,,,,,,1,v=3;lan=1,1
45.6728,1790267721.171376,0.0204,0,,,0.000,,,0.0000,0.0000,0.0000,0.0000,0.0000,-13.0000,,,,CHO,0.0000,-12.8330,0.0000,-12.8344,0.0000,0.0000,0.000,0.000,,0.0,,,,,,,1,v=3;lan=1,1
45.6931,1790267721.191575,0.0203,0,,,0.000,,,0.0000,0.0000,0.0000,0.0000,0.0000,-13.0000,,,,CHO,0.0000,-12.8330,0.0000,-12.8344,0.0000,0.0000,0.000,0.000,,0.0,,,,,,,1,v=3;lan=1,1
45.7132,1790267721.211804,0.0201,0,,,0.000,,,0.0000,0.0000,0.0000,0.0000,0.0000,-13.0000,,,,CHO,0.0000,-12.8330,0.0000,-12.8344,0.0000,0.0000,0.000,0.000,,0.0,,,,,,,1,v=3;lan=1,1
45.7338,1790267721.232375,0.0206,0,,,0.000,,,0.0000,0.0000,0.0000,0.0000,0.0000,-13.0000,,,,CHO,0.0000,-12.8330,0.0000,-12.8344,0.0000,0.0000,0.000,0.000,,0.0,,,,,,,1,v=3;lan=1,1
45.7538,1790267721.252496,0.0201,0,,,0.000,,,0.0000,0.0000,0.0000,0.0000,0.0000,-13.0000,,,,CHO,0.0000,-12.8330,0.0000,-12.8344,0.0000,0.0000,0.000,0.000,,0.0,,,,,,,1,v=3;lan=1,1
45.7742,1790267721.272873,0.0204,0,,,0.000,,,0.0000,0.0000,0.0000,0.0000,0.0000,-13.0000,,,,CHO,0.0000,-12.8330,0.0000,-12.8344,0.0000,0.0000,0.000,0.000,,0.0,,,,,,,1,v=3;lan=1,1
45.7945,1790267721.293147,0.0203,0,,,0.000,,,0.0000,0.0000,0.0000,0.0000,0.0000,-13.0000,,,,CHO,0.0000,-12.8330,0.0000,-12.8344,0.0000,0.0000,0.000,0.000,,0.0,,,,,,,1,v=3;lan=1,1
45.8145,1790267721.313186,0.0200,0,,,0.000,,,0.0000,0.0000,0.0000,0.0000,0.0000,-13.0000,,,,CHO,0.0000,-12.8330,0.0000,-12.8344,0.0000,0.0000,0.000,0.000,,0.0,,,,,,,1,v=3;lan=1,1
45.8348,1790267721.333432,0.0203,0,,,0.000,,,0.0000,0.0000,0.0000,0.0000,0.0000,-13.0000,,,,CHO,0.0000,-12.8330,0.0000,-12.8344,0.0000,0.0000,0.000,0.000,,0.0,,,,,,,1,v=3;lan=1,1
45.8552,1790267721.353931,0.0204,0,,,0.000,,,0.0000,0.0000,0.0000,0.0000,0.0000,-13.0000,,,,CHO,0.0000,-12.8330,0.0000,-12.8344,0.0000,0.0000,0.000,0.000,,0.0,,,,,,,1,v=3;lan=1,1
45.8754,1790267721.373821,0.0201,0,,,0.000,,,0.0000,0.0000,0.0000,0.0000,0.0000,-13.0000,,,,CHO,0.0000,-12.8330,0.0000,-12.8344,0.0000,0.0000,0.000,0.000,,0.0,,,,,,,1,v=3;lan=1,1
45.8974,1790267721.396343,0.0220,0,,,0.000,,,0.0000,0.0000,0.0000,0.0000,0.0000,-13.0000,,,,CHO,0.0000,-12.8330,0.0000,-12.8344,0.0000,0.0000,0.000,0.000,,0.0,,,,,,,1,v=3;lan=1,1
45.9174,1790267721.416085,0.0201,0,,,0.000,,,0.0000,0.0000,0.0000,0.0000,0.0000,-13.0000,,,,CHO,0.0000,-12.8330,0.0000,-12.8344,0.0000,0.0000,0.000,0.000,,0.0,,,,,,,1,v=3;lan=1,1
45.9374,1790267721.436110,0.0200,0,,,0.000,,,0.0000,0.0000,0.0000,0.0000,0.0000,-13.0000,,,,CHO,0.0000,-12.8330,0.0000,-12.8344,0.0000,0.0000,0.000,0.000,,0.0,,,,,,,1,v=3;lan=1,1
45.9575,1790267721.456177,0.0201,0,,,0.000,,,0.0000,0.0000,0.0000,0.0000,0.0000,-13.0000,,,,CHO,0.0000,-12.8330,0.0000,-12.8344,0.0000,0.0000,0.000,0.000,,0.0,,,,,,,1,v=3;lan=1,1
45.9778,1790267721.476409,0.0203,0,,,0.000,,,0.0000,0.0000,0.0000,0.0000,0.0000,-13.0000,,,,CHO,0.0000,-12.8330,0.0000,-12.8344,0.0000,0.0000,0.000,0.000,,0.0,,,,,,,1,v=3;lan=1,1
45.9981,1790267721.496766,0.0203,0,,,0.000,,,0.0000,0.0000,0.0000,0.0000,0.0000,-13.0000,,,,CHO,0.0000,-12.8330,0.0000,-12.8344,0.0000,0.0000,0.000,0.000,,0.0,,,,,,,1,v=3;lan=1,1
46.0242,1790267721.522696,0.0261,0,,,0.000,,,0.0000,0.0000,0.0000,0.0000,0.0000,-13.0000,,,,CHO,0.0000,-12.8330,0.0000,-12.8344,0.0000,0.0000,0.000,0.000,,0.0,,,,,,,1,v=3;lan=1,1
46.0444,1790267721.543003,0.0202,0,,,0.000,,,0.0000,0.0000,0.0000,0.0000,0.0000,-13.0000,,,,CHO,0.0000,-12.8330,0.0000,-12.8344,0.0000,0.0000,0.000,0.000,,0.0,,,,,,,1,v=3;lan=1,1
46.0645,1790267721.563137,0.0201,0,,,0.000,,,0.0000,0.0000,0.0000,0.0000,0.0000,-13.0000,,,,CHO,0.0000,-12.8330,0.0000,-12.8344,0.0000,0.0000,0.000,0.000,,0.0,,,,,,,1,v=3;lan=1,1
46.0870,1790267721.585724,0.0225,0,,,0.000,,,0.0000,0.0000,0.0000,0.0000,0.0000,-13.0000,,,,CHO,0.0000,-12.8330,0.0000,-12.8344,0.0000,0.0000,0.000,0.000,,0.0,,,,,,,1,v=3;lan=1,1
46.1074,1790267721.606062,0.0204,0,,,0.000,,,0.0000,0.0000,0.0000,0.0000,0.0000,-13.0000,,,,CHO,0.0000,-12.8330,0.0000,-12.8344,0.0000,0.0000,0.000,0.000,,0.0,,,,,,,1,v=3;lan=1,1
46.1280,1790267721.626626,0.0206,0,,,0.000,,,0.0000,0.0000,0.0000,0.0000,0.0000,-13.0000,,,,CHO,0.0000,-12.8330,0.0000,-12.8344,0.0000,0.0000,0.000,0.000,,0.0,,,,,,,1,v=3;lan=1,1
46.1480,1790267721.646729,0.0200,0,,,0.000,,,0.0000,0.0000,0.0000,0.0000,0.0000,-13.0000,,,,CHO,0.0000,-12.8330,0.0000,-12.8344,0.0000,0.0000,0.000,0.000,,0.0,,,,,,,1,v=3;lan=1,1
46.1682,1790267721.666846,0.0202,0,,,0.000,,,0.0000,0.0000,0.0000,0.0000,0.0000,-13.0000,,,,CHO,0.0000,-12.8330,0.0000,-12.8344,0.0000,0.0000,0.000,0.000,,0.0,,,,,,,1,v=3;lan=1,1
46.1883,1790267721.686981,0.0201,0,,,0.000,,,0.0000,0.0000,0.0000,0.0000,0.0000,-13.0000,,,,CHO,0.0000,-12.8330,0.0000,-12.8344,0.0000,0.0000,0.000,0.000,,0.0,,,,,,,1,v=3;lan=1,1
46.2087,1790267721.707343,0.0204,0,,,0.000,,,0.0000,0.0000,0.0000,0.0000,0.0000,-13.0000,,,,CHO,0.0000,-12.8330,0.0000,-12.8344,0.0000,0.0000,0.000,0.000,,0.0,,,,,,,1,v=3;lan=1,1
46.2297,1790267721.728166,0.0210,0,,,0.000,,,0.0000,0.0000,0.0000,0.0000,0.0000,-13.0000,,,,CHO,0.0000,-12.8330,0.0000,-12.8344,0.0000,0.0000,0.000,0.000,,0.0,,,,,,,1,v=3;lan=1,1
46.2499,1790267721.748508,0.0202,0,,,0.000,,,0.0000,0.0000,0.0000,0.0000,0.0000,-13.0000,,,,CHO,0.0000,-12.8330,0.0000,-12.8344,0.0000,0.0000,0.000,0.000,,0.0,,,,,,,1,v=3;lan=1,1
46.2760,1790267721.774545,0.0261,0,,,0.000,,,0.0000,0.0000,0.0000,0.0000,0.0000,-13.0000,,,,CHO,0.0000,-12.8330,0.0000,-12.8344,0.0000,0.0000,0.000,0.000,,0.0,,,,,,,1,v=3;lan=1,1
46.2966,1790267721.795156,0.0206,0,,,0.000,,,0.0000,0.0000,0.0000,0.0000,0.0000,-13.0000,,,,CHO,0.0000,-12.8330,0.0000,-12.8344,0.0000,0.0000,0.000,0.000,,0.0,,,,,,,1,v=3;lan=1,1
46.3170,1790267721.815482,0.0204,0,,,0.000,,,0.0000,0.0000,0.0000,0.0000,0.0000,-13.0000,,,,CHO,0.0000,-12.8330,0.0000,-12.8344,0.0000,0.0000,0.000,0.000,,0.0,,,,,,,1,v=3;lan=1,1
46.3372,1790267721.835868,0.0202,0,,,0.000,,,0.0000,0.0000,0.0000,0.0000,0.0000,-13.0000,,,,CHO,0.0000,-12.8330,0.0000,-12.8344,0.0000,0.0000,0.000,0.000,,0.0,,,,,,,1,v=3;lan=1,1
46.3573,1790267721.855990,0.0201,0,,,0.000,,,0.0000,0.0000,0.0000,0.0000,0.0000,-13.0000,,,,CHO,0.0000,-12.8330,0.0000,-12.8344,0.0000,0.0000,0.000,0.000,,0.0,,,,,,,1,v=3;lan=1,1
46.3780,1790267721.876509,0.0206,0,,,0.000,,,0.0000,0.0000,0.0000,0.0000,0.0000,-13.0000,,,,CHO,0.0000,-12.8330,0.0000,-12.8344,0.0000,0.0000,0.000,0.000,,0.0,,,,,,,1,v=3;lan=1,1
46.3982,1790267721.896868,0.0202,0,,,0.000,,,0.0000,0.0000,0.0000,0.0000,0.0000,-13.0000,,,,CHO,0.0000,-12.8330,0.0000,-12.8344,0.0000,0.0000,0.000,0.000,,0.0,,,,,,,1,v=3;lan=1,1
46.4187,1790267721.917369,0.0205,0,,,0.000,,,0.0000,0.0000,0.0000,0.0000,0.0000,-13.0000,,,,CHO,0.0000,-12.8330,0.0000,-12.8344,0.0000,0.0000,0.000,0.000,,0.0,,,,,,,1,v=3;lan=1,1
46.4390,1790267721.937635,0.0203,0,,,0.000,,,0.0000,0.0000,0.0000,0.0000,0.0000,-13.0000,,,,CHO,0.0000,-12.8330,0.0000,-12.8344,0.0000,0.0000,0.000,0.000,,0.0,,,,,,,1,v=3;lan=1,1
46.4592,1790267721.957813,0.0202,0,,,0.000,,,0.0000,0.0000,0.0000,0.0000,0.0000,-13.0000,,,,CHO,0.0000,-12.8330,0.0000,-12.8344,0.0000,0.0000,0.000,0.000,,0.0,,,,,,,1,v=3;lan=1,1
46.4793,1790267721.977894,0.0200,0,,,0.000,,,0.0000,0.0000,0.0000,0.0000,0.0000,-13.0000,,,,CHO,0.0000,-12.8330,0.0000,-12.8344,0.0000,0.0000,0.000,0.000,,0.0,,,,,,,1,v=3;lan=1,1
46.5004,1790267721.998984,0.0212,0,,,0.000,,,0.0000,0.0000,0.0000,0.0000,0.0000,-13.0000,,,,CHO,0.0000,-12.8330,0.0000,-12.8344,0.0000,0.0000,0.000,0.000,,0.0,,,,,,,1,v=3;lan=1,1
46.5210,1790267722.019694,0.0206,0,,,0.000,,,0.0000,0.0000,0.0000,0.0000,0.0000,-13.0000,,,,CHO,0.0000,-12.8330,0.0000,-12.8344,0.0000,0.0000,0.000,0.000,,0.0,,,,,,,1,v=3;lan=1,1
46.5415,1790267722.040047,0.0205,0,,,0.000,,,0.0000,0.0000,0.0000,0.0000,0.0000,-13.0000,,,,CHO,0.0000,-12.8330,0.0000,-12.8344,0.0000,0.0000,0.000,0.000,,0.0,,,,,,,1,v=3;lan=1,1
46.5623,1790267722.060631,0.0207,0,,,0.000,,,0.0000,0.0000,0.0000,0.0000,0.0000,-13.0000,,,,CHO,0.0000,-12.8330,0.0000,-12.8344,0.0000,0.0000,0.000,0.000,,0.0,,,,,,,1,v=3;lan=1,1
46.5825,1790267722.081211,0.0203,0,,,0.000,,,0.0000,0.0000,0.0000,0.0000,0.0000,-13.0000,,,,CHO,0.0000,-12.8330,0.0000,-12.8344,0.0000,0.0000,0.000,0.000,,0.0,,,,,,,1,v=3;lan=1,1
46.6031,1790267722.101676,0.0206,0,,,0.000,,,0.0000,0.0000,0.0000,0.0000,0.0000,-13.0000,,,,CHO,0.0000,-12.8330,0.0000,-12.8344,0.0000,0.0000,0.000,0.000,,0.0,,,,,,,1,v=3;lan=1,1
46.6232,1790267722.121754,0.0201,0,,,0.000,,,0.0000,0.0000,0.0000,0.0000,0.0000,-13.0000,,,,CHO,0.0000,-12.8330,0.0000,-12.8344,0.0000,0.0000,0.000,0.000,,0.0,,,,,,,1,v=3;lan=1,1
46.6434,1790267722.142088,0.0201,0,,,0.000,,,0.0000,0.0000,0.0000,0.0000,0.0000,-13.0000,,,,CHO,0.0000,-12.8330,0.0000,-12.8344,0.0000,0.0000,0.000,0.000,,0.0,,,,,,,1,v=3;lan=1,1
46.6635,1790267722.161956,0.0201,0,,,0.000,,,0.0000,0.0000,0.0000,0.0000,0.0000,-13.0000,,,,CHO,0.0000,-12.8330,0.0000,-12.8344,0.0000,0.0000,0.000,0.000,,0.0,,,,,,,1,v=3;lan=1,1
46.6837,1790267722.182370,0.0202,0,,,0.000,,,0.0000,0.0000,0.0000,0.0000,0.0000,-13.0000,,,,CHO,0.0000,-12.8330,0.0000,-12.8344,0.0000,0.0000,0.000,0.000,,0.0,,,,,,,1,v=3;lan=1,1
46.7042,1790267722.202894,0.0205,0,,,0.000,,,0.0000,0.0000,0.0000,0.0000,0.0000,-13.0000,,,,CHO,0.0000,-12.8330,0.0000,-12.8344,0.0000,0.0000,0.000,0.000,,0.0,,,,,,,1,v=3;lan=1,1
46.7249,1790267722.223542,0.0207,0,,,0.000,,,0.0000,0.0000,0.0000,0.0000,0.0000,-13.0000,,,,CHO,0.0000,-12.8330,0.0000,-12.8344,0.0000,0.0000,0.000,0.000,,0.0,,,,,,,1,v=3;lan=1,1
46.7452,1790267722.243863,0.0203,0,,,0.000,,,0.0000,0.0000,0.0000,0.0000,0.0000,-13.0000,,,,CHO,0.0000,-12.8330,0.0000,-12.8344,0.0000,0.0000,0.000,0.000,,0.0,,,,,,,1,v=3;lan=1,1
46.7656,1790267722.264254,0.0204,0,,,0.000,,,0.0000,0.0000,0.0000,0.0000,0.0000,-13.0000,,,,CHO,0.0000,-12.8330,0.0000,-12.8344,0.0000,0.0000,0.000,0.000,,0.0,,,,,,,1,v=3;lan=1,1
46.7860,1790267722.284664,0.0204,0,,,0.000,,,0.0000,0.0000,0.0000,0.0000,0.0000,-13.0000,,,,CHO,0.0000,-12.8330,0.0000,-12.8344,0.0000,0.0000,0.000,0.000,,0.0,,,,,,,1,v=3;lan=1,1
46.8066,1790267722.305225,0.0206,0,,,0.000,,,0.0000,0.0000,0.0000,0.0000,0.0000,-13.0000,,,,CHO,0.0000,-12.8330,0.0000,-12.8344,0.0000,0.0000,0.000,0.000,,0.0,,,,,,,1,v=3;lan=1,1
46.8268,1790267722.325413,0.0202,0,,,0.000,,,0.0000,0.0000,0.0000,0.0000,0.0000,-13.0000,,,,CHO,0.0000,-12.8330,0.0000,-12.8344,0.0000,0.0000,0.000,0.000,,0.0,,,,,,,1,v=3;lan=1,1
46.8517,1790267722.350195,0.0250,0,,,0.000,,,0.0000,0.0000,0.0000,0.0000,0.0000,-13.0000,,,,CHO,0.0000,-12.8330,0.0000,-12.8344,0.0000,0.0000,0.000,0.000,,0.0,,,,,,,1,v=3;lan=1,1
46.8722,1790267722.370823,0.0204,0,,,0.000,,,0.0000,0.0000,0.0000,0.0000,0.0000,-13.0000,,,,CHO,0.0000,-12.8330,0.0000,-12.8344,0.0000,0.0000,0.000,0.000,,0.0,,,,,,,1,v=3;lan=1,1
46.8928,1790267722.391429,0.0206,0,,,0.000,,,0.0000,0.0000,0.0000,0.0000,0.0000,-13.0000,,,,CHO,0.0000,-12.8330,0.0000,-12.8344,0.0000,0.0000,0.000,0.000,,0.0,,,,,,,1,v=3;lan=1,1
46.9162,1790267722.414778,0.0234,0,,,0.000,,,0.0000,0.0000,0.0000,0.0000,0.0000,-13.0000,,,,CHO,0.0000,-12.8330,0.0000,-12.8344,0.0000,0.0000,0.000,0.000,,0.0,,,,,,,1,v=3;lan=1,1
46.9371,1790267722.436014,0.0209,0,,,0.000,,,0.0000,0.0000,0.0000,0.0000,0.0000,-13.0000,,,,CHO,0.0000,-12.8330,0.0000,-12.8344,0.0000,0.0000,0.000,0.000,,0.0,,,,,,,1,v=3;lan=1,1
46.9627,1790267722.461557,0.0256,0,,,0.000,,,0.0000,0.0000,0.0000,0.0000,0.0000,-13.0000,,,,CHO,0.0000,-12.8330,0.0000,-12.8344,0.0000,0.0000,0.000,0.000,,0.0,,,,,,,1,v=3;lan=1,1
46.9833,1790267722.481858,0.0206,0,,,0.000,,,0.0000,0.0000,0.0000,0.0000,0.0000,-13.0000,,,,CHO,0.0000,-12.8330,0.0000,-12.8344,0.0000,0.0000,0.000,0.000,,0.0,,,,,,,1,v=3;lan=1,1
47.0040,1790267722.502582,0.0207,0,,,0.000,,,0.0000,0.0000,0.0000,0.0000,0.0000,-13.0000,,,,CHO,0.0000,-12.8330,0.0000,-12.8344,0.0000,0.0000,0.000,0.000,,0.0,,,,,,,1,v=3;lan=1,1
47.0249,1790267722.523346,0.0209,0,,,0.000,,,0.0000,0.0000,0.0000,0.0000,0.0000,-13.0000,,,,CHO,0.0000,-12.8330,0.0000,-12.8344,0.0000,0.0000,0.000,0.000,,0.0,,,,,,,1,v=3;lan=1,1
47.0456,1790267722.544257,0.0207,0,,,0.000,,,0.0000,0.0000,0.0000,0.0000,0.0000,-13.0000,,,,CHO,0.0000,-12.8330,0.0000,-12.8344,0.0000,0.0000,0.000,0.000,,0.0,,,,,,,1,v=3;lan=1,1
47.0662,1790267722.564924,0.0206,0,,,0.000,,,0.0000,0.0000,0.0000,0.0000,0.0000,-13.0000,,,,CHO,0.0000,-12.8330,0.0000,-12.8344,0.0000,0.0000,0.000,0.000,,0.0,,,,,,,1,v=3;lan=1,1
47.0869,1790267722.585372,0.0207,0,,,0.000,,,0.0000,0.0000,0.0000,0.0000,0.0000,-13.0000,,,,CHO,0.0000,-12.8330,0.0000,-12.8344,0.0000,0.0000,0.000,0.000,,0.0,,,,,,,1,v=3;lan=1,1
47.1073,1790267722.605979,0.0204,0,,,0.000,,,0.0000,0.0000,0.0000,0.0000,0.0000,-13.0000,,,,CHO,0.0000,-12.8330,0.0000,-12.8344,0.0000,0.0000,0.000,0.000,,0.0,,,,,,,1,v=3;lan=1,1
47.1278,1790267722.626450,0.0205,0,,,0.000,,,0.0000,0.0000,0.0000,0.0000,0.0000,-13.0000,,,,CHO,0.0000,-12.8330,0.0000,-12.8344,0.0000,0.0000,0.000,0.000,,0.0,,,,,,,1,v=3;lan=1,1
47.1491,1790267722.647661,0.0213,0,,,0.000,,,0.0000,0.0000,0.0000,0.0000,0.0000,-13.0000,,,,CHO,0.0000,-12.8330,0.0000,-12.8344,0.0000,0.0000,0.000,0.000,,0.0,,,,,,,1,v=3;lan=1,1
47.1691,1790267722.667739,0.0200,0,,,0.000,,,0.0000,0.0000,0.0000,0.0000,0.0000,-13.0000,,,,CHO,0.0000,-12.8330,0.0000,-12.8344,0.0000,0.0000,0.000,0.000,,0.0,,,,,,,1,v=3;lan=1,1
47.1894,1790267722.688097,0.0204,0,,,0.000,,,0.0000,0.0000,0.0000,0.0000,0.0000,-13.0000,,,,CHO,0.0000,-12.8330,0.0000,-12.8344,0.0000,0.0000,0.000,0.000,,0.0,,,,,,,1,v=3;lan=1,1
47.2111,1790267722.709427,0.0217,0,,,0.000,,,0.0000,0.0000,0.0000,0.0000,0.0000,-13.0000,,,,CHO,0.0000,-12.8330,0.0000,-12.8344,0.0000,0.0000,0.000,0.000,,0.0,,,,,,,1,v=3;lan=1,1
47.2311,1790267722.729839,0.0201,0,,,0.000,,,0.0000,0.0000,0.0000,0.0000,0.0000,-13.0000,,,,CHO,0.0000,-12.8330,0.0000,-12.8344,0.0000,0.0000,0.000,0.000,,0.0,,,,,,,1,v=3;lan=1,1
47.2514,1790267722.750091,0.0202,0,,,0.000,,,0.0000,0.0000,0.0000,0.0000,0.0000,-13.0000,,,,CHO,0.0000,-12.8330,0.0000,-12.8344,0.0000,0.0000,0.000,0.000,,0.0,,,,,,,1,v=3;lan=1,1
47.2731,1790267722.771779,0.0217,0,,,0.000,,,0.0000,0.0000,0.0000,0.0000,0.0000,-13.0000,,,,CHO,0.0000,-12.8330,0.0000,-12.8344,0.0000,0.0000,0.000,0.000,,0.0,,,,,,,1,v=3;lan=1,1
47.2931,1790267722.791751,0.0200,0,,,0.000,,,0.0000,0.0000,0.0000,0.0000,0.0000,-13.0000,,,,CHO,0.0000,-12.8330,0.0000,-12.8344,0.0000,0.0000,0.000,0.000,,0.0,,,,,,,1,v=3;lan=1,1
47.3133,1790267722.811966,0.0203,0,,,0.000,,,0.0000,0.0000,0.0000,0.0000,0.0000,-13.0000,,,,CHO,0.0000,-12.8330,0.0000,-12.8344,0.0000,0.0000,0.000,0.000,,0.0,,,,,,,1,v=3;lan=1,1
47.3337,1790267722.832336,0.0203,0,,,0.000,,,0.0000,0.0000,0.0000,0.0000,0.0000,-13.0000,,,,CHO,0.0000,-12.8330,0.0000,-12.8344,0.0000,0.0000,0.000,0.000,,0.0,,,,,,,1,v=3;lan=1,1
47.3541,1790267722.852774,0.0204,0,,,0.000,,,0.0000,0.0000,0.0000,0.0000,0.0000,-13.0000,,,,CHO,0.0000,-12.8330,0.0000,-12.8344,0.0000,0.0000,0.000,0.000,,0.0,,,,,,,1,v=3;lan=1,1
47.3742,1790267722.872824,0.0201,0,,,0.000,,,0.0000,0.0000,0.0000,0.0000,0.0000,-13.0000,,,,CHO,0.0000,-12.8330,0.0000,-12.8344,0.0000,0.0000,0.000,0.000,,0.0,,,,,,,1,v=3;lan=1,1
47.3944,1790267722.893079,0.0203,0,,,0.000,,,0.0000,0.0000,0.0000,0.0000,0.0000,-13.0000,,,,CHO,0.0000,-12.8330,0.0000,-12.8344,0.0000,0.0000,0.000,0.000,,0.0,,,,,,,1,v=3;lan=1,1
47.4155,1790267722.914017,0.0211,0,,,0.000,,,0.0000,0.0000,0.0000,0.0000,0.0000,-13.0000,,,,CHO,0.0000,-12.8330,0.0000,-12.8344,0.0000,0.0000,0.000,0.000,,0.0,,,,,,,1,v=3;lan=1,1
47.4364,1790267722.935058,0.0209,0,,,0.000,,,0.0000,0.0000,0.0000,0.0000,0.0000,-13.0000,,,,CHO,0.0000,-12.8330,0.0000,-12.8344,0.0000,0.0000,0.000,0.000,,0.0,,,,,,,1,v=3;lan=1,1
47.4566,1790267722.955219,0.0202,0,,,0.000,,,0.0000,0.0000,0.0000,0.0000,0.0000,-13.0000,,,,CHO,0.0000,-12.8330,0.0000,-12.8344,0.0000,0.0000,0.000,0.000,,0.0,,,,,,,1,v=3;lan=1,1
47.4767,1790267722.975441,0.0202,0,,,0.000,,,0.0000,0.0000,0.0000,0.0000,0.0000,-13.0000,,,,CHO,0.0000,-12.8330,0.0000,-12.8344,0.0000,0.0000,0.000,0.000,,0.0,,,,,,,1,v=3;lan=1,1
47.4974,1790267722.996033,0.0207,0,,,0.000,,,0.0000,0.0000,0.0000,0.0000,0.0000,-13.0000,,,,CHO,0.0000,-12.8330,0.0000,-12.8344,0.0000,0.0000,0.000,0.000,,0.0,,,,,,,1,v=3;lan=1,1
47.5177,1790267723.016326,0.0203,0,,,0.000,,,0.0000,0.0000,0.0000,0.0000,0.0000,-13.0000,,,,CHO,0.0000,-12.8330,0.0000,-12.8344,0.0000,0.0000,0.000,0.000,,0.0,,,,,,,1,v=3;lan=1,1
47.5418,1790267723.040206,0.0241,0,,,0.000,,,0.0000,0.0000,0.0000,0.0000,0.0000,-13.0000,,,,CHO,0.0000,-12.8330,0.0000,-12.8344,0.0000,0.0000,0.000,0.000,,0.0,,,,,,,1,v=3;lan=1,1
47.5619,1790267723.060557,0.0201,0,,,0.000,,,0.0000,0.0000,0.0000,0.0000,0.0000,-13.0000,,,,CHO,0.0000,-12.8330,0.0000,-12.8344,0.0000,0.0000,0.000,0.000,,0.0,,,,,,,1,v=3;lan=1,1
47.5824,1790267723.081024,0.0205,0,,,0.000,,,0.0000,0.0000,0.0000,0.0000,0.0000,-13.0000,,,,CHO,0.0000,-12.8330,0.0000,-12.8344,0.0000,0.0000,0.000,0.000,,0.0,,,,,,,1,v=3;lan=1,1
47.6054,1790267723.104099,0.0231,0,,,0.000,,,0.0000,0.0000,0.0000,0.0000,0.0000,-13.0000,,,,CHO,0.0000,-12.8330,0.0000,-12.8344,0.0000,0.0000,0.000,0.000,,0.0,,,,,,,1,v=3;lan=1,1
47.6259,1790267723.124574,0.0205,0,,,0.000,,,0.0000,0.0000,0.0000,0.0000,0.0000,-13.0000,,,,CHO,0.0000,-12.8330,0.0000,-12.8344,0.0000,0.0000,0.000,0.000,,0.0,,,,,,,1,v=3;lan=1,1
47.6461,1790267723.144839,0.0202,0,,,0.000,,,0.0000,0.0000,0.0000,0.0000,0.0000,-13.0000,,,,CHO,0.0000,-12.8330,0.0000,-12.8344,0.0000,0.0000,0.000,0.000,,0.0,,,,,,,1,v=3;lan=1,1
47.6666,1790267723.165229,0.0205,0,,,0.000,,,0.0000,0.0000,0.0000,0.0000,0.0000,-13.0000,,,,CHO,0.0000,-12.8330,0.0000,-12.8344,0.0000,0.0000,0.000,0.000,,0.0,,,,,,,1,v=3;lan=1,1
47.6867,1790267723.185320,0.0200,0,,,0.000,,,0.0000,0.0000,0.0000,0.0000,0.0000,-13.0000,,,,CHO,0.0000,-12.8330,0.0000,-12.8344,0.0000,0.0000,0.000,0.000,,0.0,,,,,,,1,v=3;lan=1,1
47.7070,1790267723.205544,0.0203,0,,,0.000,,,0.0000,0.0000,0.0000,0.0000,0.0000,-13.0000,,,,CHO,0.0000,-12.8330,0.0000,-12.8344,0.0000,0.0000,0.000,0.000,,0.0,,,,,,,1,v=3;lan=1,1
47.7274,1790267723.225895,0.0204,0,,,0.000,,,0.0000,0.0000,0.0000,0.0000,0.0000,-13.0000,,,,CHO,0.0000,-12.8330,0.0000,-12.8344,0.0000,0.0000,0.000,0.000,,0.0,,,,,,,1,v=3;lan=1,1
47.7478,1790267723.246466,0.0204,0,,,0.000,,,0.0000,0.0000,0.0000,0.0000,0.0000,-13.0000,,,,CHO,0.0000,-12.8330,0.0000,-12.8344,0.0000,0.0000,0.000,0.000,,0.0,,,,,,,1,v=3;lan=1,1
47.7686,1790267723.267150,0.0208,0,,,0.000,,,0.0000,0.0000,0.0000,0.0000,0.0000,-13.0000,,,,CHO,0.0000,-12.8330,0.0000,-12.8344,0.0000,0.0000,0.000,0.000,,0.0,,,,,,,1,v=3;lan=1,1
47.7887,1790267723.287291,0.0201,0,,,0.000,,,0.0000,0.0000,0.0000,0.0000,0.0000,-13.0000,,,,CHO,0.0000,-12.8330,0.0000,-12.8344,0.0000,0.0000,0.000,0.000,,0.0,,,,,,,1,v=3;lan=1,1
47.8090,1790267723.307979,0.0203,0,,,0.000,,,0.0000,0.0000,0.0000,0.0000,0.0000,-13.0000,,,,CHO,0.0000,-12.8330,0.0000,-12.8344,0.0000,0.0000,0.000,0.000,,0.0,,,,,,,1,v=3;lan=1,1
47.8293,1790267723.327993,0.0203,0,,,0.000,,,0.0000,0.0000,0.0000,0.0000,0.0000,-13.0000,,,,CHO,0.0000,-12.8330,0.0000,-12.8344,0.0000,0.0000,0.000,0.000,,0.0,,,,,,,1,v=3;lan=1,1
47.8495,1790267723.348152,0.0201,0,,,0.000,,,0.0000,0.0000,0.0000,0.0000,0.0000,-13.0000,,,,CHO,0.0000,-12.8330,0.0000,-12.8344,0.0000,0.0000,0.000,0.000,,0.0,,,,,,,1,v=3;lan=1,1
47.8706,1790267723.369429,0.0211,0,,,0.000,,,0.0000,0.0000,0.0000,0.0000,0.0000,-13.0000,,,,CHO,0.0000,-12.8330,0.0000,-12.8344,0.0000,0.0000,0.000,0.000,,0.0,,,,,,,1,v=3;lan=1,1
47.8907,1790267723.389352,0.0201,0,,,0.000,,,0.0000,0.0000,0.0000,0.0000,0.0000,-13.0000,,,,CHO,0.0000,-12.8330,0.0000,-12.8344,0.0000,0.0000,0.000,0.000,,0.0,,,,,,,1,v=3;lan=1,1
47.9110,1790267723.409522,0.0203,0,,,0.000,,,0.0000,0.0000,0.0000,0.0000,0.0000,-13.0000,,,,CHO,0.0000,-12.8330,0.0000,-12.8344,0.0000,0.0000,0.000,0.000,,0.0,,,,,,,1,v=3;lan=1,1
47.9312,1790267723.429818,0.0202,0,,,0.000,,,0.0000,0.0000,0.0000,0.0000,0.0000,-13.0000,,,,CHO,0.0000,-12.8330,0.0000,-12.8344,0.0000,0.0000,0.000,0.000,,0.0,,,,,,,1,v=3;lan=1,1
47.9515,1790267723.450102,0.0203,0,,,0.000,,,0.0000,0.0000,0.0000,0.0000,0.0000,-13.0000,,,,CHO,0.0000,-12.8330,0.0000,-12.8344,0.0000,0.0000,0.000,0.000,,0.0,,,,,,,1,v=3;lan=1,1
47.9717,1790267723.470248,0.0202,0,,,0.000,,,0.0000,0.0000,0.0000,0.0000,0.0000,-13.0000,,,,CHO,0.0000,-12.8330,0.0000,-12.8344,0.0000,0.0000,0.000,0.000,,0.0,,,,,,,1,v=3;lan=1,1
47.9935,1790267723.492270,0.0218,0,,,0.000,,,0.0000,0.0000,0.0000,0.0000,0.0000,-13.0000,,,,CHO,0.0000,-12.8330,0.0000,-12.8344,0.0000,0.0000,0.000,0.000,,0.0,,,,,,,1,v=3;lan=1,1
48.0140,1790267723.512615,0.0205,0,,,0.000,,,0.0000,0.0000,0.0000,0.0000,0.0000,-13.0000,,,,CHO,0.0000,-12.8330,0.0000,-12.8344,0.0000,0.0000,0.000,0.000,,0.0,,,,,,,1,v=3;lan=1,1
48.0341,1790267723.532621,0.0201,0,,,0.000,,,0.0000,0.0000,0.0000,0.0000,0.0000,-13.0000,,,,CHO,0.0000,-12.8330,0.0000,-12.8344,0.0000,0.0000,0.000,0.000,,0.0,,,,,,,1,v=3;lan=1,1
48.0549,1790267723.553482,0.0208,0,,,0.000,,,0.0000,0.0000,0.0000,0.0000,0.0000,-13.0000,,,,CHO,0.0000,-12.8330,0.0000,-12.8344,0.0000,0.0000,0.000,0.000,,0.0,,,,,,,1,v=3;lan=1,1
48.0755,1790267723.574122,0.0205,0,,,0.000,,,0.0000,0.0000,0.0000,0.0000,0.0000,-13.0000,,,,CHO,0.0000,-12.8330,0.0000,-12.8344,0.0000,0.0000,0.000,0.000,,0.0,,,,,,,1,v=3;lan=1,1
48.0956,1790267723.594115,0.0202,0,,,0.000,,,0.0000,0.0000,0.0000,0.0000,0.0000,-13.0000,,,,CHO,0.0000,-12.8330,0.0000,-12.8344,0.0000,0.0000,0.000,0.000,,0.0,,,,,,,1,v=3;lan=1,1
48.1162,1790267723.614767,0.0206,0,,,0.000,,,0.0000,0.0000,0.0000,0.0000,0.0000,-13.0000,,,,CHO,0.0000,-12.8330,0.0000,-12.8344,0.0000,0.0000,0.000,0.000,,0.0,,,,,,,1,v=3;lan=1,1
48.1366,1790267723.635322,0.0204,0,,,0.000,,,0.0000,0.0000,0.0000,0.0000,0.0000,-13.0000,,,,CHO,0.0000,-12.8330,0.0000,-12.8344,0.0000,0.0000,0.000,0.000,,0.0,,,,,,,1,v=3;lan=1,1
48.1567,1790267723.655342,0.0200,0,,,0.000,,,0.0000,0.0000,0.0000,0.0000,0.0000,-13.0000,,,,CHO,0.0000,-12.8330,0.0000,-12.8344,0.0000,0.0000,0.000,0.000,,0.0,,,,,,,1,v=3;lan=1,1
48.1769,1790267723.675581,0.0203,0,,,0.000,,,0.0000,0.0000,0.0000,0.0000,0.0000,-13.0000,,,,CHO,0.0000,-12.8330,0.0000,-12.8344,0.0000,0.0000,0.000,0.000,,0.0,,,,,,,1,v=3;lan=1,1
48.1984,1790267723.696872,0.0214,0,,,0.000,,,0.0000,0.0000,0.0000,0.0000,0.0000,-13.0000,,,,CHO,0.0000,-12.8330,0.0000,-12.8344,0.0000,0.0000,0.000,0.000,,0.0,,,,,,,1,v=3;lan=1,1
48.2186,1790267723.717238,0.0202,0,,,0.000,,,0.0000,0.0000,0.0000,0.0000,0.0000,-13.0000,,,,CHO,0.0000,-12.8330,0.0000,-12.8344,0.0000,0.0000,0.000,0.000,,0.0,,,,,,,1,v=3;lan=1,1
48.2392,1790267723.737776,0.0205,0,,,0.000,,,0.0000,0.0000,0.0000,0.0000,0.0000,-13.0000,,,,CHO,0.0000,-12.8330,0.0000,-12.8344,0.0000,0.0000,0.000,0.000,,0.0,,,,,,,1,v=3;lan=1,1
48.2592,1790267723.757755,0.0200,0,,,0.000,,,0.0000,0.0000,0.0000,0.0000,0.0000,-13.0000,,,,CHO,0.0000,-12.8330,0.0000,-12.8344,0.0000,0.0000,0.000,0.000,,0.0,,,,,,,1,v=3;lan=1,1
48.2796,1790267723.778316,0.0205,0,,,0.000,,,0.0000,0.0000,0.0000,0.0000,0.0000,-13.0000,,,,CHO,0.0000,-12.8330,0.0000,-12.8344,0.0000,0.0000,0.000,0.000,,0.0,,,,,,,1,v=3;lan=1,1
48.3001,1790267723.798746,0.0205,0,,,0.000,,,0.0000,0.0000,0.0000,0.0000,0.0000,-13.0000,,,,CHO,0.0000,-12.8330,0.0000,-12.8344,0.0000,0.0000,0.000,0.000,,0.0,,,,,,,1,v=3;lan=1,1
48.3203,1790267723.818813,0.0201,0,,,0.000,,,0.0000,0.0000,0.0000,0.0000,0.0000,-13.0000,,,,CHO,0.0000,-12.8330,0.0000,-12.8344,0.0000,0.0000,0.000,0.000,,0.0,,,,,,,1,v=3;lan=1,1
48.3408,1790267723.839458,0.0205,0,,,0.000,,,0.0000,0.0000,0.0000,0.0000,0.0000,-13.0000,,,,CHO,0.0000,-12.8330,0.0000,-12.8344,0.0000,0.0000,0.000,0.000,,0.0,,,,,,,1,v=3;lan=1,1
48.3610,1790267723.859624,0.0201,0,,,0.000,,,0.0000,0.0000,0.0000,0.0000,0.0000,-13.0000,,,,CHO,0.0000,-12.8330,0.0000,-12.8344,0.0000,0.0000,0.000,0.000,,0.0,,,,,,,1,v=3;lan=1,1
48.3817,1790267723.880343,0.0207,0,,,0.000,,,0.0000,0.0000,0.0000,0.0000,0.0000,-13.0000,,,,CHO,0.0000,-12.8330,0.0000,-12.8344,0.0000,0.0000,0.000,0.000,,0.0,,,,,,,1,v=3;lan=1,1
48.4022,1790267723.900968,0.0205,0,,,0.000,,,0.0000,0.0000,0.0000,0.0000,0.0000,-13.0000,,,,CHO,0.0000,-12.8330,0.0000,-12.8344,0.0000,0.0000,0.000,0.000,,0.0,,,,,,,1,v=3;lan=1,1
48.4226,1790267723.921249,0.0205,0,,,0.000,,,0.0000,0.0000,0.0000,0.0000,0.0000,-13.0000,,,,CHO,0.0000,-12.8330,0.0000,-12.8344,0.0000,0.0000,0.000,0.000,,0.0,,,,,,,1,v=3;lan=1,1
48.4430,1790267723.941612,0.0203,0,,,0.000,,,0.0000,0.0000,0.0000,0.0000,0.0000,-13.0000,,,,CHO,0.0000,-12.8330,0.0000,-12.8344,0.0000,0.0000,0.000,0.000,,0.0,,,,,,,1,v=3;lan=1,1
48.4644,1790267723.963059,0.0215,0,,,0.000,,,0.0000,0.0000,0.0000,0.0000,0.0000,-13.0000,,,,CHO,0.0000,-12.8330,0.0000,-12.8344,0.0000,0.0000,0.000,0.000,,0.0,,,,,,,1,v=3;lan=1,1
48.4845,1790267723.983138,0.0201,0,,,0.000,,,0.0000,0.0000,0.0000,0.0000,0.0000,-13.0000,,,,CHO,0.0000,-12.8330,0.0000,-12.8344,0.0000,0.0000,0.000,0.000,,0.0,,,,,,,1,v=3;lan=1,1
48.5046,1790267724.003216,0.0201,0,,,0.000,,,0.0000,0.0000,0.0000,0.0000,0.0000,-13.0000,,,,CHO,0.0000,-12.8330,0.0000,-12.8344,0.0000,0.0000,0.000,0.000,,0.0,,,,,,,1,v=3;lan=1,1
48.5267,1790267724.025172,0.0222,0,,,0.000,,,0.0000,0.0000,0.0000,0.0000,0.0000,-13.0000,,,,CHO,0.0000,-12.8330,0.0000,-12.8344,0.0000,0.0000,0.000,0.000,,0.0,,,,,,,1,v=3;lan=1,1
48.5468,1790267724.045475,0.0201,0,,,0.000,,,0.0000,0.0000,0.0000,0.0000,0.0000,-13.0000,,,,CHO,0.0000,-12.8330,0.0000,-12.8344,0.0000,0.0000,0.000,0.000,,0.0,,,,,,,1,v=3;lan=1,1
48.5674,1790267724.066055,0.0206,0,,,0.000,,,0.0000,0.0000,0.0000,0.0000,0.0000,-13.0000,,,,CHO,0.0000,-12.8330,0.0000,-12.8344,0.0000,0.0000,0.000,0.000,,0.0,,,,,,,1,v=3;lan=1,1
48.5878,1790267724.086526,0.0204,0,,,0.000,,,0.0000,0.0000,0.0000,0.0000,0.0000,-13.0000,,,,CHO,0.0000,-12.8330,0.0000,-12.8344,0.0000,0.0000,0.000,0.000,,0.0,,,,,,,1,v=3;lan=1,1
48.6083,1790267724.106998,0.0204,0,,,0.000,,,0.0000,0.0000,0.0000,0.0000,0.0000,-13.0000,,,,CHO,0.0000,-12.8330,0.0000,-12.8344,0.0000,0.0000,0.000,0.000,,0.0,,,,,,,1,v=3;lan=1,1
48.6286,1790267724.127240,0.0203,0,,,0.000,,,0.0000,0.0000,0.0000,0.0000,0.0000,-13.0000,,,,CHO,0.0000,-12.8330,0.0000,-12.8344,0.0000,0.0000,0.000,0.000,,0.0,,,,,,,1,v=3;lan=1,1
48.6490,1790267724.147632,0.0204,0,,,0.000,,,0.0000,0.0000,0.0000,0.0000,0.0000,-13.0000,,,,CHO,0.0000,-12.8330,0.0000,-12.8344,0.0000,0.0000,0.000,0.000,,0.0,,,,,,,1,v=3;lan=1,1
48.6698,1790267724.168136,0.0208,0,,,0.000,,,0.0000,0.0000,0.0000,0.0000,0.0000,-13.0000,,,,CHO,0.0000,-12.8330,0.0000,-12.8344,0.0000,0.0000,0.000,0.000,,0.0,,,,,,,1,v=3;lan=1,1
48.6900,1790267724.188606,0.0202,0,,,0.000,,,0.0000,0.0000,0.0000,0.0000,0.0000,-13.0000,,,,CHO,0.0000,-12.8330,0.0000,-12.8344,0.0000,0.0000,0.000,0.000,,0.0,,,,,,,1,v=3;lan=1,1
48.7103,1790267724.208972,0.0204,0,,,0.000,,,0.0000,0.0000,0.0000,0.0000,0.0000,-13.0000,,,,CHO,0.0000,-12.8330,0.0000,-12.8344,0.0000,0.0000,0.000,0.000,,0.0,,,,,,,1,v=3;lan=1,1
48.7312,1790267724.229966,0.0208,0,,,0.000,,,0.0000,0.0000,0.0000,0.0000,0.0000,-13.0000,,,,CHO,0.0000,-12.8330,0.0000,-12.8344,0.0000,0.0000,0.000,0.000,,0.0,,,,,,,1,v=3;lan=1,1
48.7517,1790267724.250300,0.0206,0,,,0.000,,,0.0000,0.0000,0.0000,0.0000,0.0000,-13.0000,,,,CHO,0.0000,-12.8330,0.0000,-12.8344,0.0000,0.0000,0.000,0.000,,0.0,,,,,,,1,v=3;lan=1,1
48.7720,1790267724.270581,0.0203,0,,,0.000,,,0.0000,0.0000,0.0000,0.0000,0.0000,-13.0000,,,,CHO,0.0000,-12.8330,0.0000,-12.8344,0.0000,0.0000,0.000,0.000,,0.0,,,,,,,1,v=3;lan=1,1
48.7938,1790267724.292158,0.0218,0,,,0.000,,,0.0000,0.0000,0.0000,0.0000,0.0000,-13.0000,,,,CHO,0.0000,-12.8330,0.0000,-12.8344,0.0000,0.0000,0.000,0.000,,0.0,,,,,,,1,v=3;lan=1,1
48.8145,1790267724.313103,0.0207,0,,,0.000,,,0.0000,0.0000,0.0000,0.0000,0.0000,-13.0000,,,,CHO,0.0000,-12.8330,0.0000,-12.8344,0.0000,0.0000,0.000,0.000,,0.0,,,,,,,1,v=3;lan=1,1
48.8351,1790267724.333691,0.0206,0,,,0.000,,,0.0000,0.0000,0.0000,0.0000,0.0000,-13.0000,,,,CHO,0.0000,-12.8330,0.0000,-12.8344,0.0000,0.0000,0.000,0.000,,0.0,,,,,,,1,v=3;lan=1,1
48.8557,1790267724.354386,0.0206,0,,,0.000,,,0.0000,0.0000,0.0000,0.0000,0.0000,-13.0000,,,,CHO,0.0000,-12.8330,0.0000,-12.8344,0.0000,0.0000,0.000,0.000,,0.0,,,,,,,1,v=3;lan=1,1
48.8759,1790267724.374531,0.0202,0,,,0.000,,,0.0000,0.0000,0.0000,0.0000,0.0000,-13.0000,,,,CHO,0.0000,-12.8330,0.0000,-12.8344,0.0000,0.0000,0.000,0.000,,0.0,,,,,,,1,v=3;lan=1,1
48.8963,1790267724.394905,0.0204,0,,,0.000,,,0.0000,0.0000,0.0000,0.0000,0.0000,-13.0000,,,,CHO,0.0000,-12.8330,0.0000,-12.8344,0.0000,0.0000,0.000,0.000,,0.0,,,,,,,1,v=3;lan=1,1
48.9165,1790267724.415158,0.0202,0,,,0.000,,,0.0000,0.0000,0.0000,0.0000,0.0000,-13.0000,,,,CHO,0.0000,-12.8330,0.0000,-12.8344,0.0000,0.0000,0.000,0.000,,0.0,,,,,,,1,v=3;lan=1,1
48.9368,1790267724.435480,0.0202,0,,,0.000,,,0.0000,0.0000,0.0000,0.0000,0.0000,-13.0000,,,,CHO,0.0000,-12.8330,0.0000,-12.8344,0.0000,0.0000,0.000,0.000,,0.0,,,,,,,1,v=3;lan=1,1
48.9569,1790267724.455549,0.0201,0,,,0.000,,,0.0000,0.0000,0.0000,0.0000,0.0000,-13.0000,,,,CHO,0.0000,-12.8330,0.0000,-12.8344,0.0000,0.0000,0.000,0.000,,0.0,,,,,,,1,v=3;lan=1,1
48.9770,1790267724.475729,0.0202,0,,,0.000,,,0.0000,0.0000,0.0000,0.0000,0.0000,-13.0000,,,,CHO,0.0000,-12.8330,0.0000,-12.8344,0.0000,0.0000,0.000,0.000,,0.0,,,,,,,1,v=3;lan=1,1
48.9991,1790267724.497446,0.0220,0,,,0.000,,,0.0000,0.0000,0.0000,0.0000,0.0000,-13.0000,,,,CHO,0.0000,-12.8330,0.0000,-12.8344,0.0000,0.0000,0.000,0.000,,0.0,,,,,,,1,v=3;lan=1,1
49.0195,1790267724.518154,0.0204,0,,,0.000,,,0.0000,0.0000,0.0000,0.0000,0.0000,-13.0000,,,,CHO,0.0000,-12.8330,0.0000,-12.8344,0.0000,0.0000,0.000,0.000,,0.0,,,,,,,1,v=3;lan=1,1
49.0399,1790267724.538584,0.0204,0,,,0.000,,,0.0000,0.0000,0.0000,0.0000,0.0000,-13.0000,,,,CHO,0.0000,-12.8330,0.0000,-12.8344,0.0000,0.0000,0.000,0.000,,0.0,,,,,,,1,v=3;lan=1,1
49.0601,1790267724.558782,0.0202,0,,,0.000,,,0.0000,0.0000,0.0000,0.0000,0.0000,-13.0000,,,,CHO,0.0000,-12.8330,0.0000,-12.8344,0.0000,0.0000,0.000,0.000,,0.0,,,,,,,1,v=3;lan=1,1
49.0803,1790267724.578986,0.0202,0,,,0.000,,,0.0000,0.0000,0.0000,0.0000,0.0000,-13.0000,,,,CHO,0.0000,-12.8330,0.0000,-12.8344,0.0000,0.0000,0.000,0.000,,0.0,,,,,,,1,v=3;lan=1,1
49.1013,1790267724.599899,0.0210,0,,,0.000,,,0.0000,0.0000,0.0000,0.0000,0.0000,-13.0000,,,,CHO,0.0000,-12.8330,0.0000,-12.8344,0.0000,0.0000,0.000,0.000,,0.0,,,,,,,1,v=3;lan=1,1
49.1217,1790267724.620408,0.0204,0,,,0.000,,,0.0000,0.0000,0.0000,0.0000,0.0000,-13.0000,,,,CHO,0.0000,-12.8330,0.0000,-12.8344,0.0000,0.0000,0.000,0.000,,0.0,,,,,,,1,v=3;lan=1,1
49.1421,1790267724.640696,0.0204,0,,,0.000,,,0.0000,0.0000,0.0000,0.0000,0.0000,-13.0000,,,,CHO,0.0000,-12.8330,0.0000,-12.8344,0.0000,0.0000,0.000,0.000,,0.0,,,,,,,1,v=3;lan=1,1
49.1631,1790267724.661680,0.0210,0,,,0.000,,,0.0000,0.0000,0.0000,0.0000,0.0000,-13.0000,,,,CHO,0.0000,-12.8330,0.0000,-12.8344,0.0000,0.0000,0.000,0.000,,0.0,,,,,,,1,v=3;lan=1,1
49.1834,1790267724.682015,0.0202,0,,,0.000,,,0.0000,0.0000,0.0000,0.0000,0.0000,-13.0000,,,,CHO,0.0000,-12.8330,0.0000,-12.8344,0.0000,0.0000,0.000,0.000,,0.0,,,,,,,1,v=3;lan=1,1
49.2035,1790267724.702205,0.0202,0,,,0.000,,,0.0000,0.0000,0.0000,0.0000,0.0000,-13.0000,,,,CHO,0.0000,-12.8330,0.0000,-12.8344,0.0000,0.0000,0.000,0.000,,0.0,,,,,,,1,v=3;lan=1,1
49.2265,1790267724.724999,0.0230,0,,,0.000,,,0.0000,0.0000,0.0000,0.0000,0.0000,-13.0000,,,,CHO,0.0000,-12.8330,0.0000,-12.8344,0.0000,0.0000,0.000,0.000,,0.0,,,,,,,1,v=3;lan=1,1
49.2471,1790267724.745776,0.0206,0,,,0.000,,,0.0000,0.0000,0.0000,0.0000,0.0000,-13.0000,,,,CHO,0.0000,-12.8330,0.0000,-12.8344,0.0000,0.0000,0.000,0.000,,0.0,,,,,,,1,v=3;lan=1,1
49.2677,1790267724.766289,0.0205,0,,,0.000,,,0.0000,0.0000,0.0000,0.0000,0.0000,-13.0000,,,,CHO,0.0000,-12.8330,0.0000,-12.8344,0.0000,0.0000,0.000,0.000,,0.0,,,,,,,1,v=3;lan=1,1
49.2904,1790267724.788976,0.0228,0,,,0.000,,,0.0000,0.0000,0.0000,0.0000,0.0000,-13.0000,,,,CHO,0.0000,-12.8330,0.0000,-12.8344,0.0000,0.0000,0.000,0.000,,0.0,,,,,,,1,v=3;lan=1,1
49.3105,1790267724.809124,0.0200,0,,,0.000,,,0.0000,0.0000,0.0000,0.0000,0.0000,-13.0000,,,,CHO,0.0000,-12.8330,0.0000,-12.8344,0.0000,0.0000,0.000,0.000,,0.0,,,,,,,1,v=3;lan=1,1
49.3306,1790267724.829306,0.0201,0,,,0.000,,,0.0000,0.0000,0.0000,0.0000,0.0000,-13.0000,,,,CHO,0.0000,-12.8330,0.0000,-12.8344,0.0000,0.0000,0.000,0.000,,0.0,,,,,,,1,v=3;lan=1,1
49.3536,1790267724.852098,0.0230,0,,,0.000,,,0.0000,0.0000,0.0000,0.0000,0.0000,-13.0000,,,,CHO,0.0000,-12.8330,0.0000,-12.8344,0.0000,0.0000,0.000,0.000,,0.0,,,,,,,1,v=3;lan=1,1
49.3741,1790267724.872759,0.0205,0,,,0.000,,,0.0000,0.0000,0.0000,0.0000,0.0000,-13.0000,,,,CHO,0.0000,-12.8330,0.0000,-12.8344,0.0000,0.0000,0.000,0.000,,0.0,,,,,,,1,v=3;lan=1,1
49.3945,1790267724.893200,0.0204,0,,,0.000,,,0.0000,0.0000,0.0000,0.0000,0.0000,-13.0000,,,,CHO,0.0000,-12.8330,0.0000,-12.8344,0.0000,0.0000,0.000,0.000,,0.0,,,,,,,1,v=3;lan=1,1
49.4159,1790267724.914415,0.0214,0,,,0.000,,,0.0000,0.0000,0.0000,0.0000,0.0000,-13.0000,,,,CHO,0.0000,-12.8330,0.0000,-12.8344,0.0000,0.0000,0.000,0.000,,0.0,,,,,,,1,v=3;lan=1,1
49.4361,1790267724.934730,0.0202,0,,,0.000,,,0.0000,0.0000,0.0000,0.0000,0.0000,-13.0000,,,,CHO,0.0000,-12.8330,0.0000,-12.8344,0.0000,0.0000,0.000,0.000,,0.0,,,,,,,1,v=3;lan=1,1
49.4564,1790267724.955075,0.0204,0,,,0.000,,,0.0000,0.0000,0.0000,0.0000,0.0000,-13.0000,,,,CHO,0.0000,-12.8330,0.0000,-12.8344,0.0000,0.0000,0.000,0.000,,0.0,,,,,,,1,v=3;lan=1,1
49.4766,1790267724.975411,0.0202,0,,,0.000,,,0.0000,0.0000,0.0000,0.0000,0.0000,-13.0000,,,,CHO,0.0000,-12.8330,0.0000,-12.8344,0.0000,0.0000,0.000,0.000,,0.0,,,,,,,1,v=3;lan=1,1
49.4968,1790267724.995501,0.0202,0,,,0.000,,,0.0000,0.0000,0.0000,0.0000,0.0000,-13.0000,,,,CHO,0.0000,-12.8330,0.0000,-12.8344,0.0000,0.0000,0.000,0.000,,0.0,,,,,,,1,v=3;lan=1,1
49.5172,1790267725.015783,0.0203,0,,,0.000,,,0.0000,0.0000,0.0000,0.0000,0.0000,-13.0000,,,,CHO,0.0000,-12.8330,0.0000,-12.8344,0.0000,0.0000,0.000,0.000,,0.0,,,,,,,1,v=3;lan=1,1
49.5375,1790267725.036169,0.0204,0,,,0.000,,,0.0000,0.0000,0.0000,0.0000,0.0000,-13.0000,,,,CHO,0.0000,-12.8330,0.0000,-12.8344,0.0000,0.0000,0.000,0.000,,0.0,,,,,,,1,v=3;lan=1,1
49.5581,1790267725.056555,0.0205,0,,,0.000,,,0.0000,0.0000,0.0000,0.0000,0.0000,-13.0000,,,,CHO,0.0000,-12.8330,0.0000,-12.8344,0.0000,0.0000,0.000,0.000,,0.0,,,,,,,1,v=3;lan=1,1
49.5784,1790267725.076902,0.0203,0,,,0.000,,,0.0000,0.0000,0.0000,0.0000,0.0000,-13.0000,,,,CHO,0.0000,-12.8330,0.0000,-12.8344,0.0000,0.0000,0.000,0.000,,0.0,,,,,,,1,v=3;lan=1,1
49.5987,1790267725.097267,0.0203,0,,,0.000,,,0.0000,0.0000,0.0000,0.0000,0.0000,-13.0000,,,,CHO,0.0000,-12.8330,0.0000,-12.8344,0.0000,0.0000,0.000,0.000,,0.0,,,,,,,1,v=3;lan=1,1
49.6188,1790267725.117434,0.0202,0,,,0.000,,,0.0000,0.0000,0.0000,0.0000,0.0000,-13.0000,,,,CHO,0.0000,-12.8330,0.0000,-12.8344,0.0000,0.0000,0.000,0.000,,0.0,,,,,,,1,v=3;lan=1,1
49.6394,1790267725.137986,0.0206,0,,,0.000,,,0.0000,0.0000,0.0000,0.0000,0.0000,-13.0000,,,,CHO,0.0000,-12.8330,0.0000,-12.8344,0.0000,0.0000,0.000,0.000,,0.0,,,,,,,1,v=3;lan=1,1
49.6595,1790267725.158212,0.0201,0,,,0.000,,,0.0000,0.0000,0.0000,0.0000,0.0000,-13.0000,,,,CHO,0.0000,-12.8330,0.0000,-12.8344,0.0000,0.0000,0.000,0.000,,0.0,,,,,,,1,v=3;lan=1,1
49.6797,1790267725.178392,0.0202,0,,,0.000,,,0.0000,0.0000,0.0000,0.0000,0.0000,-13.0000,,,,CHO,0.0000,-12.8330,0.0000,-12.8344,0.0000,0.0000,0.000,0.000,,0.0,,,,,,,1,v=3;lan=1,1
49.6998,1790267725.198095,0.0200,0,,,0.000,,,0.0000,0.0000,0.0000,0.0000,0.0000,-13.0000,,,,CHO,0.0000,-12.8330,0.0000,-12.8344,0.0000,0.0000,0.000,0.000,,0.0,,,,,,,1,v=3;lan=1,1
49.7202,1790267725.218681,0.0204,0,,,0.000,,,0.0000,0.0000,0.0000,0.0000,0.0000,-13.0000,,,,CHO,0.0000,-12.8330,0.0000,-12.8344,0.0000,0.0000,0.000,0.000,,0.0,,,,,,,1,v=3;lan=1,1
49.7403,1790267725.238986,0.0201,0,,,0.000,,,0.0000,0.0000,0.0000,0.0000,0.0000,-13.0000,,,,CHO,0.0000,-12.8330,0.0000,-12.8344,0.0000,0.0000,0.000,0.000,,0.0,,,,,,,1,v=3;lan=1,1
49.7613,1790267725.259902,0.0211,0,,,0.000,,,0.0000,0.0000,0.0000,0.0000,0.0000,-13.0000,,,,CHO,0.0000,-12.8330,0.0000,-12.8344,0.0000,0.0000,0.000,0.000,,0.0,,,,,,,1,v=3;lan=1,1
49.7816,1790267725.280271,0.0203,0,,,0.000,,,0.0000,0.0000,0.0000,0.0000,0.0000,-13.0000,,,,CHO,0.0000,-12.8330,0.0000,-12.8344,0.0000,0.0000,0.000,0.000,,0.0,,,,,,,1,v=3;lan=1,1
49.8022,1790267725.300828,0.0206,0,,,0.000,,,0.0000,0.0000,0.0000,0.0000,0.0000,-13.0000,,,,CHO,0.0000,-12.8330,0.0000,-12.8344,0.0000,0.0000,0.000,0.000,,0.0,,,,,,,1,v=3;lan=1,1
49.8241,1790267725.322449,0.0219,0,,,0.000,,,0.0000,0.0000,0.0000,0.0000,0.0000,-13.0000,,,,CHO,0.0000,-12.8330,0.0000,-12.8344,0.0000,0.0000,0.000,0.000,,0.0,,,,,,,1,v=3;lan=1,1
49.8446,1790267725.343217,0.0205,0,,,0.000,,,0.0000,0.0000,0.0000,0.0000,0.0000,-13.0000,,,,CHO,0.0000,-12.8330,0.0000,-12.8344,0.0000,0.0000,0.000,0.000,,0.0,,,,,,,1,v=3;lan=1,1
49.8649,1790267725.363555,0.0204,0,,,0.000,,,0.0000,0.0000,0.0000,0.0000,0.0000,-13.0000,,,,CHO,0.0000,-12.8330,0.0000,-12.8344,0.0000,0.0000,0.000,0.000,,0.0,,,,,,,1,v=3;lan=1,1
49.8854,1790267725.384023,0.0204,0,,,0.000,,,0.0000,0.0000,0.0000,0.0000,0.0000,-13.0000,,,,CHO,0.0000,-12.8330,0.0000,-12.8344,0.0000,0.0000,0.000,0.000,,0.0,,,,,,,1,v=3;lan=1,1
49.9058,1790267725.404696,0.0205,0,,,0.000,,,0.0000,0.0000,0.0000,0.0000,0.0000,-13.0000,,,,CHO,0.0000,-12.8330,0.0000,-12.8344,0.0000,0.0000,0.000,0.000,,0.0,,,,,,,1,v=3;lan=1,1
49.9259,1790267725.424539,0.0201,0,,,0.000,,,0.0000,0.0000,0.0000,0.0000,0.0000,-13.0000,,,,CHO,0.0000,-12.8330,0.0000,-12.8344,0.0000,0.0000,0.000,0.000,,0.0,,,,,,,1,v=3;lan=1,1
49.9460,1790267725.444551,0.0200,0,,,0.000,,,0.0000,0.0000,0.0000,0.0000,0.0000,-13.0000,,,,CHO,0.0000,-12.8330,0.0000,-12.8344,0.0000,0.0000,0.000,0.000,,0.0,,,,,,,1,v=3;lan=1,1
49.9663,1790267725.464898,0.0204,0,,,0.000,,,0.0000,0.0000,0.0000,0.0000,0.0000,-13.0000,,,,CHO,0.0000,-12.8330,0.0000,-12.8344,0.0000,0.0000,0.000,0.000,,0.0,,,,,,,1,v=3;lan=1,1
49.9864,1790267725.485112,0.0201,0,,,0.000,,,0.0000,0.0000,0.0000,0.0000,0.0000,-13.0000,,,,CHO,0.0000,-12.8330,0.0000,-12.8344,0.0000,0.0000,0.000,0.000,,0.0,,,,,,,1,v=3;lan=1,1
50.0068,1790267725.505341,0.0204,0,,,0.000,,,0.0000,0.0000,0.0000,0.0000,0.0000,-13.0000,,,,CHO,0.0000,-12.8330,0.0000,-12.8344,0.0000,0.0000,0.000,0.000,,0.0,,,,,,,1,v=3;lan=1,1
50.0270,1790267725.525659,0.0203,0,,,0.000,,,0.0000,0.0000,0.0000,0.0000,0.0000,-13.0000,,,,CHO,0.0000,-12.8330,0.0000,-12.8344,0.0000,0.0000,0.000,0.000,,0.0,,,,,,,1,v=3;lan=1,1
50.0475,1790267725.546409,0.0205,0,,,0.000,,,0.0000,0.0000,0.0000,0.0000,0.0000,-13.0000,,,,CHO,0.0000,-12.8330,0.0000,-12.8344,0.0000,0.0000,0.000,0.000,,0.0,,,,,,,1,v=3;lan=1,1
50.0681,1790267725.566749,0.0206,0,,,0.000,,,0.0000,0.0000,0.0000,0.0000,0.0000,-13.0000,,,,CHO,0.0000,-12.8330,0.0000,-12.8344,0.0000,0.0000,0.000,0.000,,0.0,,,,,,,1,v=3;lan=1,1
50.0895,1790267725.588011,0.0214,0,,,0.000,,,0.0000,0.0000,0.0000,0.0000,0.0000,-13.0000,,,,CHO,0.0000,-12.8330,0.0000,-12.8344,0.0000,0.0000,0.000,0.000,,0.0,,,,,,,1,v=3;lan=1,1
50.1095,1790267725.608578,0.0200,0,,,0.000,,,0.0000,0.0000,0.0000,0.0000,0.0000,-13.0000,,,,CHO,0.0000,-12.8330,0.0000,-12.8344,0.0000,0.0000,0.000,0.000,,0.0,,,,,,,1,v=3;lan=1,1
50.1297,1790267725.628271,0.0202,0,,,0.000,,,0.0000,0.0000,0.0000,0.0000,0.0000,-13.0000,,,,CHO,0.0000,-12.8330,0.0000,-12.8344,0.0000,0.0000,0.000,0.000,,0.0,,,,,,,1,v=3;lan=1,1
50.1526,1790267725.651059,0.0229,0,,,0.000,,,0.0000,0.0000,0.0000,0.0000,0.0000,-13.0000,,,,CHO,0.0000,-12.8330,0.0000,-12.8344,0.0000,0.0000,0.000,0.000,,0.0,,,,,,,1,v=3;lan=1,1
50.1726,1790267725.671311,0.0200,0,,,0.000,,,0.0000,0.0000,0.0000,0.0000,0.0000,-13.0000,,,,CHO,0.0000,-12.8330,0.0000,-12.8344,0.0000,0.0000,0.000,0.000,,0.0,,,,,,,1,v=3;lan=1,1
50.1929,1790267725.691528,0.0203,0,,,0.000,,,0.0000,0.0000,0.0000,0.0000,0.0000,-13.0000,,,,CHO,0.0000,-12.8330,0.0000,-12.8344,0.0000,0.0000,0.000,0.000,,0.0,,,,,,,1,v=3;lan=1,1
50.2132,1790267725.711918,0.0203,0,,,0.000,,,0.0000,0.0000,0.0000,0.0000,0.0000,-13.0000,,,,CHO,0.0000,-12.8330,0.0000,-12.8344,0.0000,0.0000,0.000,0.000,,0.0,,,,,,,1,v=3;lan=1,1
50.2341,1790267725.732699,0.0208,0,,,0.000,,,0.0000,0.0000,0.0000,0.0000,0.0000,-13.0000,,,,CHO,0.0000,-12.8330,0.0000,-12.8344,0.0000,0.0000,0.000,0.000,,0.0,,,,,,,1,v=3;lan=1,1
50.2550,1790267725.753582,0.0209,0,,,0.000,,,0.0000,0.0000,0.0000,0.0000,0.0000,-13.0000,,,,CHO,0.0000,-12.8330,0.0000,-12.8344,0.0000,0.0000,0.000,0.000,,0.0,,,,,,,1,v=3;lan=1,1
50.2752,1790267725.773795,0.0202,0,,,0.000,,,0.0000,0.0000,0.0000,0.0000,0.0000,-13.0000,,,,CHO,0.0000,-12.8330,0.0000,-12.8344,0.0000,0.0000,0.000,0.000,,0.0,,,,,,,1,v=3;lan=1,1
50.2954,1790267725.794078,0.0202,0,,,0.000,,,0.0000,0.0000,0.0000,0.0000,0.0000,-13.0000,,,,CHO,0.0000,-12.8330,0.0000,-12.8344,0.0000,0.0000,0.000,0.000,,0.0,,,,,,,1,v=3;lan=1,1
50.3157,1790267725.814320,0.0203,0,,,0.000,,,0.0000,0.0000,0.0000,0.0000,0.0000,-13.0000,,,,CHO,0.0000,-12.8330,0.0000,-12.8344,0.0000,0.0000,0.000,0.000,,0.0,,,,,,,1,v=3;lan=1,1
50.3361,1790267725.834704,0.0204,0,,,0.000,,,0.0000,0.0000,0.0000,0.0000,0.0000,-13.0000,,,,CHO,0.0000,-12.8330,0.0000,-12.8344,0.0000,0.0000,0.000,0.000,,0.0,,,,,,,1,v=3;lan=1,1
50.3572,1790267725.855567,0.0211,0,,,0.000,,,0.0000,0.0000,0.0000,0.0000,0.0000,-13.0000,,,,CHO,0.0000,-12.8330,0.0000,-12.8344,0.0000,0.0000,0.000,0.000,,0.0,,,,,,,1,v=3;lan=1,1
50.3773,1790267725.876027,0.0202,0,,,0.000,,,0.0000,0.0000,0.0000,0.0000,0.0000,-13.0000,,,,CHO,0.0000,-12.8330,0.0000,-12.8344,0.0000,0.0000,0.000,0.000,,0.0,,,,,,,1,v=3;lan=1,1
50.3978,1790267725.896361,0.0204,0,,,0.000,,,0.0000,0.0000,0.0000,0.0000,0.0000,-13.0000,,,,CHO,0.0000,-12.8330,0.0000,-12.8344,0.0000,0.0000,0.000,0.000,,0.0,,,,,,,1,v=3;lan=1,1
50.4182,1790267725.916852,0.0205,0,,,0.000,,,0.0000,0.0000,0.0000,0.0000,0.0000,-13.0000,,,,CHO,0.0000,-12.8330,0.0000,-12.8344,0.0000,0.0000,0.000,0.000,,0.0,,,,,,,1,v=3;lan=1,1
50.4383,1790267725.936852,0.0201,0,,,0.000,,,0.0000,0.0000,0.0000,0.0000,0.0000,-13.0000,,,,CHO,0.0000,-12.8330,0.0000,-12.8344,0.0000,0.0000,0.000,0.000,,0.0,,,,,,,1,v=3;lan=1,1
50.4584,1790267725.957062,0.0201,0,,,0.000,,,0.0000,0.0000,0.0000,0.0000,0.0000,-13.0000,,,,CHO,0.0000,-12.8330,0.0000,-12.8344,0.0000,0.0000,0.000,0.000,,0.0,,,,,,,1,v=3;lan=1,1
50.4789,1790267725.977437,0.0205,0,,,0.000,,,0.0000,0.0000,0.0000,0.0000,0.0000,-13.0000,,,,CHO,0.0000,-12.8330,0.0000,-12.8344,0.0000,0.0000,0.000,0.000,,0.0,,,,,,,1,v=3;lan=1,1
50.4990,1790267725.997580,0.0201,0,,,0.000,,,0.0000,0.0000,0.0000,0.0000,0.0000,-13.0000,,,,CHO,0.0000,-12.8330,0.0000,-12.8344,0.0000,0.0000,0.000,0.000,,0.0,,,,,,,1,v=3;lan=1,1
50.5202,1790267726.018671,0.0212,0,,,0.000,,,0.0000,0.0000,0.0000,0.0000,0.0000,-13.0000,,,,CHO,0.0000,-12.8330,0.0000,-12.8344,0.0000,0.0000,0.000,0.000,,0.0,,,,,,,1,v=3;lan=1,1
50.5404,1790267726.038986,0.0201,0,,,0.000,,,0.0000,0.0000,0.0000,0.0000,0.0000,-13.0000,,,,CHO,0.0000,-12.8330,0.0000,-12.8344,0.0000,0.0000,0.000,0.000,,0.0,,,,,,,1,v=3;lan=1,1
50.5605,1790267726.059150,0.0201,0,,,0.000,,,0.0000,0.0000,0.0000,0.0000,0.0000,-13.0000,,,,CHO,0.0000,-12.8330,0.0000,-12.8344,0.0000,0.0000,0.000,0.000,,0.0,,,,,,,1,v=3;lan=1,1
50.5809,1790267726.079589,0.0204,0,,,0.000,,,0.0000,0.0000,0.0000,0.0000,0.0000,-13.0000,,,,CHO,0.0000,-12.8330,0.0000,-12.8344,0.0000,0.0000,0.000,0.000,,0.0,,,,,,,1,v=3;lan=1,1
50.6009,1790267726.099634,0.0201,0,,,0.000,,,0.0000,0.0000,0.0000,0.0000,0.0000,-13.0000,,,,CHO,0.0000,-12.8330,0.0000,-12.8344,0.0000,0.0000,0.000,0.000,,0.0,,,,,,,1,v=3;lan=1,1
50.6212,1790267726.119763,0.0202,0,,,0.000,,,0.0000,0.0000,0.0000,0.0000,0.0000,-13.0000,,,,CHO,0.0000,-12.8330,0.0000,-12.8344,0.0000,0.0000,0.000,0.000,,0.0,,,,,,,1,v=3;lan=1,1
50.6414,1790267726.140035,0.0202,0,,,0.000,,,0.0000,0.0000,0.0000,0.0000,0.0000,-13.0000,,,,CHO,0.0000,-12.8330,0.0000,-12.8344,0.0000,0.0000,0.000,0.000,,0.0,,,,,,,1,v=3;lan=1,1
50.6619,1790267726.160573,0.0205,0,,,0.000,,,0.0000,0.0000,0.0000,0.0000,0.0000,-13.0000,,,,CHO,0.0000,-12.8330,0.0000,-12.8344,0.0000,0.0000,0.000,0.000,,0.0,,,,,,,1,v=3;lan=1,1
50.6824,1790267726.181061,0.0206,0,,,0.000,,,0.0000,0.0000,0.0000,0.0000,0.0000,-13.0000,,,,CHO,0.0000,-12.8330,0.0000,-12.8344,0.0000,0.0000,0.000,0.000,,0.0,,,,,,,1,v=3;lan=1,1
50.7063,1790267726.204812,0.0239,0,,,0.000,,,0.0000,0.0000,0.0000,0.0000,0.0000,-13.0000,,,,CHO,0.0000,-12.8330,0.0000,-12.8344,0.0000,0.0000,0.000,0.000,,0.0,,,,,,,1,v=3;lan=1,1
50.7267,1790267726.225360,0.0204,0,,,0.000,,,0.0000,0.0000,0.0000,0.0000,0.0000,-13.0000,,,,CHO,0.0000,-12.8330,0.0000,-12.8344,0.0000,0.0000,0.000,0.000,,0.0,,,,,,,1,v=3;lan=1,1
50.7468,1790267726.246437,0.0201,0,,,0.000,,,0.0000,0.0000,0.0000,0.0000,0.0000,-13.0000,,,,CHO,0.0000,-12.8330,0.0000,-12.8344,0.0000,0.0000,0.000,0.000,,0.0,,,,,,,1,v=3;lan=1,1
50.7702,1790267726.269034,0.0234,0,,,0.000,,,0.0000,0.0000,0.0000,0.0000,0.0000,-13.0000,,,,CHO,0.0000,-12.8330,0.0000,-12.8344,0.0000,0.0000,0.000,0.000,,0.0,,,,,,,1,v=3;lan=1,1
50.7903,1790267726.288840,0.0200,0,,,0.000,,,0.0000,0.0000,0.0000,0.0000,0.0000,-13.0000,,,,CHO,0.0000,-12.8330,0.0000,-12.8344,0.0000,0.0000,0.000,0.000,,0.0,,,,,,,1,v=3;lan=1,1
50.8104,1790267726.309006,0.0201,0,,,0.000,,,0.0000,0.0000,0.0000,0.0000,0.0000,-13.0000,,,,CHO,0.0000,-12.8330,0.0000,-12.8344,0.0000,0.0000,0.000,0.000,,0.0,,,,,,,1,v=3;lan=1,1
50.8305,1790267726.329113,0.0201,0,,,0.000,,,0.0000,0.0000,0.0000,0.0000,0.0000,-13.0000,,,,CHO,0.0000,-12.8330,0.0000,-12.8344,0.0000,0.0000,0.000,0.000,,0.0,,,,,,,1,v=3;lan=1,1
50.8509,1790267726.349520,0.0204,0,,,0.000,,,0.0000,0.0000,0.0000,0.0000,0.0000,-13.0000,,,,CHO,0.0000,-12.8330,0.0000,-12.8344,0.0000,0.0000,0.000,0.000,,0.0,,,,,,,1,v=3;lan=1,1
50.8713,1790267726.369969,0.0204,0,,,0.000,,,0.0000,0.0000,0.0000,0.0000,0.0000,-13.0000,,,,CHO,0.0000,-12.8330,0.0000,-12.8344,0.0000,0.0000,0.000,0.000,,0.0,,,,,,,1,v=3;lan=1,1
50.8957,1790267726.394264,0.0244,0,,,0.000,,,0.0000,0.0000,0.0000,0.0000,0.0000,-13.0000,,,,CHO,0.0000,-12.8330,0.0000,-12.8344,0.0000,0.0000,0.000,0.000,,0.0,,,,,,,1,v=3;lan=1,1
50.9161,1790267726.414779,0.0204,0,,,0.000,,,0.0000,0.0000,0.0000,0.0000,0.0000,-13.0000,,,,CHO,0.0000,-12.8330,0.0000,-12.8344,0.0000,0.0000,0.000,0.000,,0.0,,,,,,,1,v=3;lan=1,1
50.9365,1790267726.435181,0.0204,0,,,0.000,,,0.0000,0.0000,0.0000,0.0000,0.0000,-13.0000,,,,CHO,0.0000,-12.8330,0.0000,-12.8344,0.0000,0.0000,0.000,0.000,,0.0,,,,,,,1,v=3;lan=1,1
50.9580,1790267726.456557,0.0216,0,,,0.000,,,0.0000,0.0000,0.0000,0.0000,0.0000,-13.0000,,,,CHO,0.0000,-12.8330,0.0000,-12.8344,0.0000,0.0000,0.000,0.000,,0.0,,,,,,,1,v=3;lan=1,1
50.9783,1790267726.476960,0.0202,0,,,0.000,,,0.0000,0.0000,0.0000,0.0000,0.0000,-13.0000,,,,CHO,0.0000,-12.8330,0.0000,-12.8344,0.0000,0.0000,0.000,0.000,,0.0,,,,,,,1,v=3;lan=1,1
50.9988,1790267726.497342,0.0206,0,,,0.000,,,0.0000,0.0000,0.0000,0.0000,0.0000,-13.0000,,,,CHO,0.0000,-12.8330,0.0000,-12.8344,0.0000,0.0000,0.000,0.000,,0.0,,,,,,,1,v=3;lan=1,1
51.0205,1790267726.519228,0.0217,0,,,0.000,,,0.0000,0.0000,0.0000,0.0000,0.0000,-13.0000,,,,CHO,0.0000,-12.8330,0.0000,-12.8344,0.0000,0.0000,0.000,0.000,,0.0,,,,,,,1,v=3;lan=1,1
51.0411,1790267726.539680,0.0206,0,,,0.000,,,0.0000,0.0000,0.0000,0.0000,0.0000,-13.0000,,,,CHO,0.0000,-12.8330,0.0000,-12.8344,0.0000,0.0000,0.000,0.000,,0.0,,,,,,,1,v=3;lan=1,1
51.0615,1790267726.560169,0.0204,0,,,0.000,,,0.0000,0.0000,0.0000,0.0000,0.0000,-13.0000,,,,CHO,0.0000,-12.8330,0.0000,-12.8344,0.0000,0.0000,0.000,0.000,,0.0,,,,,,,1,v=3;lan=1,1
51.0835,1790267726.582244,0.0220,0,,,0.000,,,0.0000,0.0000,0.0000,0.0000,0.0000,-13.0000,,,,CHO,0.0000,-12.8330,0.0000,-12.8344,0.0000,0.0000,0.000,0.000,,0.0,,,,,,,1,v=3;lan=1,1
51.1039,1790267726.602487,0.0204,0,,,0.000,,,0.0000,0.0000,0.0000,0.0000,0.0000,-13.0000,,,,CHO,0.0000,-12.8330,0.0000,-12.8344,0.0000,0.0000,0.000,0.000,,0.0,,,,,,,1,v=3;lan=1,1
51.1242,1790267726.622663,0.0202,0,,,0.000,,,0.0000,0.0000,0.0000,0.0000,0.0000,-13.0000,,,,CHO,0.0000,-12.8330,0.0000,-12.8344,0.0000,0.0000,0.000,0.000,,0.0,,,,,,,1,v=3;lan=1,1
51.1463,1790267726.644809,0.0221,0,,,0.000,,,0.0000,0.0000,0.0000,0.0000,0.0000,-13.0000,,,,CHO,0.0000,-12.8330,0.0000,-12.8344,0.0000,0.0000,0.000,0.000,,0.0,,,,,,,1,v=3;lan=1,1
51.1663,1790267726.665023,0.0201,0,,,0.000,,,0.0000,0.0000,0.0000,0.0000,0.0000,-13.0000,,,,CHO,0.0000,-12.8330,0.0000,-12.8344,0.0000,0.0000,0.000,0.000,,0.0,,,,,,,1,v=3;lan=1,1
51.1932,1790267726.691919,0.0268,0,,,0.000,,,0.0000,0.0000,0.0000,0.0000,0.0000,-13.0000,,,,CHO,0.0000,-12.8330,0.0000,-12.8344,0.0000,0.0000,0.000,0.000,,0.0,,,,,,,1,v=3;lan=1,1
51.2138,1790267726.712225,0.0206,0,,,0.000,,,0.0000,0.0000,0.0000,0.0000,0.0000,-13.0000,,,,CHO,0.0000,-12.8330,0.0000,-12.8344,0.0000,0.0000,0.000,0.000,,0.0,,,,,,,1,v=3;lan=1,1
51.2340,1790267726.732494,0.0202,0,,,0.000,,,0.0000,0.0000,0.0000,0.0000,0.0000,-13.0000,,,,CHO,0.0000,-12.8330,0.0000,-12.8344,0.0000,0.0000,0.000,0.000,,0.0,,,,,,,1,v=3;lan=1,1
51.2571,1790267726.755501,0.0231,0,,,0.000,,,0.0000,0.0000,0.0000,0.0000,0.0000,-13.0000,,,,CHO,0.0000,-12.8330,0.0000,-12.8344,0.0000,0.0000,0.000,0.000,,0.0,,,,,,,1,v=3;lan=1,1
51.2774,1790267726.776101,0.0203,0,,,0.000,,,0.0000,0.0000,0.0000,0.0000,0.0000,-13.0000,,,,CHO,0.0000,-12.8330,0.0000,-12.8344,0.0000,0.0000,0.000,0.000,,0.0,,,,,,,1,v=3;lan=1,1
51.2982,1790267726.796672,0.0207,0,,,0.000,,,0.0000,0.0000,0.0000,0.0000,0.0000,-13.0000,,,,CHO,0.0000,-12.8330,0.0000,-12.8344,0.0000,0.0000,0.000,0.000,,0.0,,,,,,,1,v=3;lan=1,1
51.3184,1790267726.816982,0.0202,0,,,0.000,,,0.0000,0.0000,0.0000,0.0000,0.0000,-13.0000,,,,CHO,0.0000,-12.8330,0.0000,-12.8344,0.0000,0.0000,0.000,0.000,,0.0,,,,,,,1,v=3;lan=1,1
51.3385,1790267726.836766,0.0201,0,,,0.000,,,0.0000,0.0000,0.0000,0.0000,0.0000,-13.0000,,,,CHO,0.0000,-12.8330,0.0000,-12.8344,0.0000,0.0000,0.000,0.000,,0.0,,,,,,,1,v=3;lan=1,1
51.3588,1790267726.857396,0.0203,0,,,0.000,,,0.0000,0.0000,0.0000,0.0000,0.0000,-13.0000,,,,CHO,0.0000,-12.8330,0.0000,-12.8344,0.0000,0.0000,0.000,0.000,,0.0,,,,,,,1,v=3;lan=1,1
51.3855,1790267726.883959,0.0267,0,,,0.000,,,0.0000,0.0000,0.0000,0.0000,0.0000,-13.0000,,,,CHO,0.0000,-12.8330,0.0000,-12.8344,0.0000,0.0000,0.000,0.000,,0.0,,,,,,,1,v=3;lan=1,1
51.4056,1790267726.904278,0.0201,0,,,0.000,,,0.0000,0.0000,0.0000,0.0000,0.0000,-13.0000,,,,CHO,0.0000,-12.8330,0.0000,-12.8344,0.0000,0.0000,0.000,0.000,,0.0,,,,,,,1,v=3;lan=1,1
51.4257,1790267726.924404,0.0201,0,,,0.000,,,0.0000,0.0000,0.0000,0.0000,0.0000,-13.0000,,,,CHO,0.0000,-12.8330,0.0000,-12.8344,0.0000,0.0000,0.000,0.000,,0.0,,,,,,,1,v=3;lan=1,1
51.4459,1790267726.944588,0.0202,0,,,0.000,,,0.0000,0.0000,0.0000,0.0000,0.0000,-13.0000,,,,CHO,0.0000,-12.8330,0.0000,-12.8344,0.0000,0.0000,0.000,0.000,,0.0,,,,,,,1,v=3;lan=1,1
51.4663,1790267726.964998,0.0205,0,,,0.000,,,0.0000,0.0000,0.0000,0.0000,0.0000,-13.0000,,,,CHO,0.0000,-12.8330,0.0000,-12.8344,0.0000,0.0000,0.000,0.000,,0.0,,,,,,,1,v=3;lan=1,1
51.4865,1790267726.985174,0.0201,0,,,0.000,,,0.0000,0.0000,0.0000,0.0000,0.0000,-13.0000,,,,CHO,0.0000,-12.8330,0.0000,-12.8344,0.0000,0.0000,0.000,0.000,,0.0,,,,,,,1,v=3;lan=1,1
51.5068,1790267727.005480,0.0203,0,,,0.000,,,0.0000,0.0000,0.0000,0.0000,0.0000,-13.0000,,,,CHO,0.0000,-12.8330,0.0000,-12.8344,0.0000,0.0000,0.000,0.000,,0.0,,,,,,,1,v=3;lan=1,1
51.5273,1790267727.025969,0.0205,0,,,0.000,,,0.0000,0.0000,0.0000,0.0000,0.0000,-13.0000,,,,CHO,0.0000,-12.8330,0.0000,-12.8344,0.0000,0.0000,0.000,0.000,,0.0,,,,,,,1,v=3;lan=1,1
51.5480,1790267727.046571,0.0207,0,,,0.000,,,0.0000,0.0000,0.0000,0.0000,0.0000,-13.0000,,,,CHO,0.0000,-12.8330,0.0000,-12.8344,0.0000,0.0000,0.000,0.000,,0.0,,,,,,,1,v=3;lan=1,1
51.5682,1790267727.066752,0.0202,0,,,0.000,,,0.0000,0.0000,0.0000,0.0000,0.0000,-13.0000,,,,CHO,0.0000,-12.8330,0.0000,-12.8344,0.0000,0.0000,0.000,0.000,,0.0,,,,,,,1,v=3;lan=1,1
51.5885,1790267727.087155,0.0203,0,,,0.000,,,0.0000,0.0000,0.0000,0.0000,0.0000,-13.0000,,,,CHO,0.0000,-12.8330,0.0000,-12.8344,0.0000,0.0000,0.000,0.000,,0.0,,,,,,,1,v=3;lan=1,1
51.6094,1790267727.108045,0.0209,0,,,0.000,,,0.0000,0.0000,0.0000,0.0000,0.0000,-13.0000,,,,CHO,0.0000,-12.8330,0.0000,-12.8344,0.0000,0.0000,0.000,0.000,,0.0,,,,,,,1,v=3;lan=1,1
51.6295,1790267727.128195,0.0201,0,,,0.000,,,0.0000,0.0000,0.0000,0.0000,0.0000,-13.0000,,,,CHO,0.0000,-12.8330,0.0000,-12.8344,0.0000,0.0000,0.000,0.000,,0.0,,,,,,,1,v=3;lan=1,1
51.6508,1790267727.149204,0.0213,0,,,0.000,,,0.0000,0.0000,0.0000,0.0000,0.0000,-13.0000,,,,CHO,0.0000,-12.8330,0.0000,-12.8344,0.0000,0.0000,0.000,0.000,,0.0,,,,,,,1,v=3;lan=1,1
51.6710,1790267727.169698,0.0202,0,,,0.000,,,0.0000,0.0000,0.0000,0.0000,0.0000,-13.0000,,,,CHO,0.0000,-12.8330,0.0000,-12.8344,0.0000,0.0000,0.000,0.000,,0.0,,,,,,,1,v=3;lan=1,1
51.6913,1790267727.189913,0.0202,0,,,0.000,,,0.0000,0.0000,0.0000,0.0000,0.0000,-13.0000,,,,CHO,0.0000,-12.8330,0.0000,-12.8344,0.0000,0.0000,0.000,0.000,,0.0,,,,,,,1,v=3;lan=1,1
51.7116,1790267727.210309,0.0204,0,,,0.000,,,0.0000,0.0000,0.0000,0.0000,0.0000,-13.0000,,,,CHO,0.0000,-12.8330,0.0000,-12.8344,0.0000,0.0000,0.000,0.000,,0.0,,,,,,,1,v=3;lan=1,1
51.7323,1790267727.230881,0.0206,0,,,0.000,,,0.0000,0.0000,0.0000,0.0000,0.0000,-13.0000,,,,CHO,0.0000,-12.8330,0.0000,-12.8344,0.0000,0.0000,0.000,0.000,,0.0,,,,,,,1,v=3;lan=1,1
51.7543,1790267727.252797,0.0220,0,,,0.000,,,0.0000,0.0000,0.0000,0.0000,0.0000,-13.0000,,,,CHO,0.0000,-12.8330,0.0000,-12.8344,0.0000,0.0000,0.000,0.000,,0.0,,,,,,,1,v=3;lan=1,1
51.7744,1790267727.273074,0.0201,0,,,0.000,,,0.0000,0.0000,0.0000,0.0000,0.0000,-13.0000,,,,CHO,0.0000,-12.8330,0.0000,-12.8344,0.0000,0.0000,0.000,0.000,,0.0,,,,,,,1,v=3;lan=1,1
51.7946,1790267727.293334,0.0203,0,,,0.000,,,0.0000,0.0000,0.0000,0.0000,0.0000,-13.0000,,,,CHO,0.0000,-12.8330,0.0000,-12.8344,0.0000,0.0000,0.000,0.000,,0.0,,,,,,,1,v=3;lan=1,1
51.8149,1790267727.313615,0.0203,0,,,0.000,,,0.0000,0.0000,0.0000,0.0000,0.0000,-13.0000,,,,CHO,0.0000,-12.8330,0.0000,-12.8344,0.0000,0.0000,0.000,0.000,,0.0,,,,,,,1,v=3;lan=1,1
51.8354,1790267727.334096,0.0205,0,,,0.000,,,0.0000,0.0000,0.0000,0.0000,0.0000,-13.0000,,,,CHO,0.0000,-12.8330,0.0000,-12.8344,0.0000,0.0000,0.000,0.000,,0.0,,,,,,,1,v=3;lan=1,1
51.8560,1790267727.354667,0.0206,0,,,0.000,,,0.0000,0.0000,0.0000,0.0000,0.0000,-13.0000,,,,CHO,0.0000,-12.8330,0.0000,-12.8344,0.0000,0.0000,0.000,0.000,,0.0,,,,,,,1,v=3;lan=1,1
51.8768,1790267727.375463,0.0208,0,,,0.000,,,0.0000,0.0000,0.0000,0.0000,0.0000,-13.0000,,,,CHO,0.0000,-12.8330,0.0000,-12.8344,0.0000,0.0000,0.000,0.000,,0.0,,,,,,,1,v=3;lan=1,1
51.9010,1790267727.399771,0.0242,0,,,0.000,,,0.0000,0.0000,0.0000,0.0000,0.0000,-13.0000,,,,CHO,0.0000,-12.8330,0.0000,-12.8344,0.0000,0.0000,0.000,0.000,,0.0,,,,,,,1,v=3;lan=1,1
51.9216,1790267727.420261,0.0205,0,,,0.000,,,0.0000,0.0000,0.0000,0.0000,0.0000,-13.0000,,,,CHO,0.0000,-12.8330,0.0000,-12.8344,0.0000,0.0000,0.000,0.000,,0.0,,,,,,,1,v=3;lan=1,1
51.9421,1790267727.440742,0.0206,0,,,0.000,,,0.0000,0.0000,0.0000,0.0000,0.0000,-13.0000,,,,CHO,0.0000,-12.8330,0.0000,-12.8344,0.0000,0.0000,0.000,0.000,,0.0,,,,,,,1,v=3;lan=1,1
51.9645,1790267727.462888,0.0223,0,,,0.000,,,0.0000,0.0000,0.0000,0.0000,0.0000,-13.0000,,,,CHO,0.0000,-12.8330,0.0000,-12.8344,0.0000,0.0000,0.000,0.000,,0.0,,,,,,,1,v=3;lan=1,1
51.9850,1790267727.483603,0.0205,0,,,0.000,,,0.0000,0.0000,0.0000,0.0000,0.0000,-13.0000,,,,CHO,0.0000,-12.8330,0.0000,-12.8344,0.0000,0.0000,0.000,0.000,,0.0,,,,,,,1,v=3;lan=1,1
52.0133,1790267727.511747,0.0283,0,,,0.000,,,0.0000,0.0000,0.0000,0.0000,0.0000,-13.0000,,,,CHO,0.0000,-12.8330,0.0000,-12.8344,0.0000,0.0000,0.000,0.000,,0.0,,,,,,,1,v=3;lan=1,1
52.0335,1790267727.532146,0.0202,0,,,0.000,,,0.0000,0.0000,0.0000,0.0000,0.0000,-13.0000,,,,CHO,0.0000,-12.8330,0.0000,-12.8344,0.0000,0.0000,0.000,0.000,,0.0,,,,,,,1,v=3;lan=1,1
52.0537,1790267727.552399,0.0202,0,,,0.000,,,0.0000,0.0000,0.0000,0.0000,0.0000,-13.0000,,,,CHO,0.0000,-12.8330,0.0000,-12.8344,0.0000,0.0000,0.000,0.000,,0.0,,,,,,,1,v=3;lan=1,1
52.0738,1790267727.572433,0.0201,0,,,0.000,,,0.0000,0.0000,0.0000,0.0000,0.0000,-13.0000,,,,CHO,0.0000,-12.8330,0.0000,-12.8344,0.0000,0.0000,0.000,0.000,,0.0,,,,,,,1,v=3;lan=1,1
52.0939,1790267727.592602,0.0201,0,,,0.000,,,0.0000,0.0000,0.0000,0.0000,0.0000,-13.0000,,,,CHO,0.0000,-12.8330,0.0000,-12.8344,0.0000,0.0000,0.000,0.000,,0.0,,,,,,,1,v=3;lan=1,1
52.1141,1790267727.612774,0.0201,0,,,0.000,,,0.0000,0.0000,0.0000,0.0000,0.0000,-13.0000,,,,CHO,0.0000,-12.8330,0.0000,-12.8344,0.0000,0.0000,0.000,0.000,,0.0,,,,,,,1,v=3;lan=1,1
52.1345,1790267727.633144,0.0205,0,,,0.000,,,0.0000,0.0000,0.0000,0.0000,0.0000,-13.0000,,,,CHO,0.0000,-12.8330,0.0000,-12.8344,0.0000,0.0000,0.000,0.000,,0.0,,,,,,,1,v=3;lan=1,1
52.1560,1790267727.654582,0.0215,0,,,0.000,,,0.0000,0.0000,0.0000,0.0000,0.0000,-13.0000,,,,CHO,0.0000,-12.8330,0.0000,-12.8344,0.0000,0.0000,0.000,0.000,,0.0,,,,,,,1,v=3;lan=1,1
52.1768,1790267727.675295,0.0208,0,,,0.000,,,0.0000,0.0000,0.0000,0.0000,0.0000,-13.0000,,,,CHO,0.0000,-12.8330,0.0000,-12.8344,0.0000,0.0000,0.000,0.000,,0.0,,,,,,,1,v=3;lan=1,1
52.1972,1790267727.695842,0.0204,0,,,0.000,,,0.0000,0.0000,0.0000,0.0000,0.0000,-13.0000,,,,CHO,0.0000,-12.8330,0.0000,-12.8344,0.0000,0.0000,0.000,0.000,,0.0,,,,,,,1,v=3;lan=1,1
52.2197,1790267727.718296,0.0225,0,,,0.000,,,0.0000,0.0000,0.0000,0.0000,0.0000,-13.0000,,,,CHO,0.0000,-12.8330,0.0000,-12.8344,0.0000,0.0000,0.000,0.000,,0.0,,,,,,,1,v=3;lan=1,1
52.2401,1790267727.738735,0.0204,0,,,0.000,,,0.0000,0.0000,0.0000,0.0000,0.0000,-13.0000,,,,CHO,0.0000,-12.8330,0.0000,-12.8344,0.0000,0.0000,0.000,0.000,,0.0,,,,,,,1,v=3;lan=1,1
52.2604,1790267727.759073,0.0203,0,,,0.000,,,0.0000,0.0000,0.0000,0.0000,0.0000,-13.0000,,,,CHO,0.0000,-12.8330,0.0000,-12.8344,0.0000,0.0000,0.000,0.000,,0.0,,,,,,,1,v=3;lan=1,1
52.2805,1790267727.778999,0.0201,0,,,0.000,,,0.0000,0.0000,0.0000,0.0000,0.0000,-13.0000,,,,CHO,0.0000,-12.8330,0.0000,-12.8344,0.0000,0.0000,0.000,0.000,,0.0,,,,,,,1,v=3;lan=1,1
52.3009,1790267727.799499,0.0204,0,,,0.000,,,0.0000,0.0000,0.0000,0.0000,0.0000,-13.0000,,,,CHO,0.0000,-12.8330,0.0000,-12.8344,0.0000,0.0000,0.000,0.000,,0.0,,,,,,,1,v=3;lan=1,1
52.3223,1790267727.820865,0.0214,0,,,0.000,,,0.0000,0.0000,0.0000,0.0000,0.0000,-13.0000,,,,CHO,0.0000,-12.8330,0.0000,-12.8344,0.0000,0.0000,0.000,0.000,,0.0,,,,,,,1,v=3;lan=1,1
52.3428,1790267727.841505,0.0206,0,,,0.000,,,0.0000,0.0000,0.0000,0.0000,0.0000,-13.0000,,,,CHO,0.0000,-12.8330,0.0000,-12.8344,0.0000,0.0000,0.000,0.000,,0.0,,,,,,,1,v=3;lan=1,1
52.3633,1790267727.861948,0.0204,0,,,0.000,,,0.0000,0.0000,0.0000,0.0000,0.0000,-13.0000,,,,CHO,0.0000,-12.8330,0.0000,-12.8344,0.0000,0.0000,0.000,0.000,,0.0,,,,,,,1,v=3;lan=1,1
52.3838,1790267727.882356,0.0205,0,,,0.000,,,0.0000,0.0000,0.0000,0.0000,0.0000,-13.0000,,,,CHO,0.0000,-12.8330,0.0000,-12.8344,0.0000,0.0000,0.000,0.000,,0.0,,,,,,,1,v=3;lan=1,1
52.4048,1790267727.903451,0.0210,0,,,0.000,,,0.0000,0.0000,0.0000,0.0000,0.0000,-13.0000,,,,CHO,0.0000,-12.8330,0.0000,-12.8344,0.0000,0.0000,0.000,0.000,,0.0,,,,,,,1,v=3;lan=1,1
52.4251,1790267727.923711,0.0203,0,,,0.000,,,0.0000,0.0000,0.0000,0.0000,0.0000,-13.0000,,,,CHO,0.0000,-12.8330,0.0000,-12.8344,0.0000,0.0000,0.000,0.000,,0.0,,,,,,,1,v=3;lan=1,1
52.4456,1790267727.944221,0.0205,0,,,0.000,,,0.0000,0.0000,0.0000,0.0000,0.0000,-13.0000,,,,CHO,0.0000,-12.8330,0.0000,-12.8344,0.0000,0.0000,0.000,0.000,,0.0,,,,,,,1,v=3;lan=1,1
52.4659,1790267727.964476,0.0203,0,,,0.000,,,0.0000,0.0000,0.0000,0.0000,0.0000,-13.0000,,,,CHO,0.0000,-12.8330,0.0000,-12.8344,0.0000,0.0000,0.000,0.000,,0.0,,,,,,,1,v=3;lan=1,1
52.4874,1790267727.985932,0.0216,0,,,0.000,,,0.0000,0.0000,0.0000,0.0000,0.0000,-13.0000,,,,CHO,0.0000,-12.8330,0.0000,-12.8344,0.0000,0.0000,0.000,0.000,,0.0,,,,,,,1,v=3;lan=1,1
52.5077,1790267728.006354,0.0203,0,,,0.000,,,0.0000,0.0000,0.0000,0.0000,0.0000,-13.0000,,,,CHO,0.0000,-12.8330,0.0000,-12.8344,0.0000,0.0000,0.000,0.000,,0.0,,,,,,,1,v=3;lan=1,1
52.5281,1790267728.026703,0.0204,0,,,0.000,,,0.0000,0.0000,0.0000,0.0000,0.0000,-13.0000,,,,CHO,0.0000,-12.8330,0.0000,-12.8344,0.0000,0.0000,0.000,0.000,,0.0,,,,,,,1,v=3;lan=1,1
52.5500,1790267728.048518,0.0219,0,,,0.000,,,0.0000,0.0000,0.0000,0.0000,0.0000,-13.0000,,,,CHO,0.0000,-12.8330,0.0000,-12.8344,0.0000,0.0000,0.000,0.000,,0.0,,,,,,,1,v=3;lan=1,1
52.5727,1790267728.071247,0.0227,0,,,0.000,,,0.0000,0.0000,0.0000,0.0000,0.0000,-13.0000,,,,CHO,0.0000,-12.8330,0.0000,-12.8344,0.0000,0.0000,0.000,0.000,,0.0,,,,,,,1,v=3;lan=1,1
52.5930,1790267728.091664,0.0203,0,,,0.000,,,0.0000,0.0000,0.0000,0.0000,0.0000,-13.0000,,,,CHO,0.0000,-12.8330,0.0000,-12.8344,0.0000,0.0000,0.000,0.000,,0.0,,,,,,,1,v=3;lan=1,1
52.6133,1790267728.112030,0.0204,0,,,0.000,,,0.0000,0.0000,0.0000,0.0000,0.0000,-13.0000,,,,CHO,0.0000,-12.8330,0.0000,-12.8344,0.0000,0.0000,0.000,0.000,,0.0,,,,,,,1,v=3;lan=1,1
52.6336,1790267728.132288,0.0203,0,,,0.000,,,0.0000,0.0000,0.0000,0.0000,0.0000,-13.0000,,,,CHO,0.0000,-12.8330,0.0000,-12.8344,0.0000,0.0000,0.000,0.000,,0.0,,,,,,,1,v=3;lan=1,1
52.6537,1790267728.152418,0.0201,0,,,0.000,,,0.0000,0.0000,0.0000,0.0000,0.0000,-13.0000,,,,CHO,0.0000,-12.8330,0.0000,-12.8344,0.0000,0.0000,0.000,0.000,,0.0,,,,,,,1,v=3;lan=1,1
52.6740,1790267728.172711,0.0203,0,,,0.000,,,0.0000,0.0000,0.0000,0.0000,0.0000,-13.0000,,,,CHO,0.0000,-12.8330,0.0000,-12.8344,0.0000,0.0000,0.000,0.000,,0.0,,,,,,,1,v=3;lan=1,1
52.6946,1790267728.193237,0.0206,0,,,0.000,,,0.0000,0.0000,0.0000,0.0000,0.0000,-13.0000,,,,CHO,0.0000,-12.8330,0.0000,-12.8344,0.0000,0.0000,0.000,0.000,,0.0,,,,,,,1,v=3;lan=1,1
52.7161,1790267728.214691,0.0215,0,,,0.000,,,0.0000,0.0000,0.0000,0.0000,0.0000,-13.0000,,,,CHO,0.0000,-12.8330,0.0000,-12.8344,0.0000,0.0000,0.000,0.000,,0.0,,,,,,,1,v=3;lan=1,1
52.7361,1790267728.234756,0.0200,0,,,0.000,,,0.0000,0.0000,0.0000,0.0000,0.0000,-13.0000,,,,CHO,0.0000,-12.8330,0.0000,-12.8344,0.0000,0.0000,0.000,0.000,,0.0,,,,,,,1,v=3;lan=1,1
52.7562,1790267728.254886,0.0201,0,,,0.000,,,0.0000,0.0000,0.0000,0.0000,0.0000,-13.0000,,,,CHO,0.0000,-12.8330,0.0000,-12.8344,0.0000,0.0000,0.000,0.000,,0.0,,,,,,,1,v=3;lan=1,1
52.7763,1790267728.274953,0.0200,0,,,0.000,,,0.0000,0.0000,0.0000,0.0000,0.0000,-13.0000,,,,CHO,0.0000,-12.8330,0.0000,-12.8344,0.0000,0.0000,0.000,0.000,,0.0,,,,,,,1,v=3;lan=1,1
52.7966,1790267728.295337,0.0204,0,,,0.000,,,0.0000,0.0000,0.0000,0.0000,0.0000,-13.0000,,,,CHO,0.0000,-12.8330,0.0000,-12.8344,0.0000,0.0000,0.000,0.000,,0.0,,,,,,,1,v=3;lan=1,1
52.8169,1790267728.315396,0.0202,0,,,0.000,,,0.0000,0.0000,0.0000,0.0000,0.0000,-13.0000,,,,CHO,0.0000,-12.8330,0.0000,-12.8344,0.0000,0.0000,0.000,0.000,,0.0,,,,,,,1,v=3;lan=1,1
52.8373,1790267728.335872,0.0204,0,,,0.000,,,0.0000,0.0000,0.0000,0.0000,0.0000,-13.0000,,,,CHO,0.0000,-12.8330,0.0000,-12.8344,0.0000,0.0000,0.000,0.000,,0.0,,,,,,,1,v=3;lan=1,1
52.8578,1790267728.356513,0.0206,0,,,0.000,,,0.0000,0.0000,0.0000,0.0000,0.0000,-13.0000,,,,CHO,0.0000,-12.8330,0.0000,-12.8344,0.0000,0.0000,0.000,0.000,,0.0,,,,,,,1,v=3;lan=1,1
52.8781,1790267728.376790,0.0203,0,,,0.000,,,0.0000,0.0000,0.0000,0.0000,0.0000,-13.0000,,,,CHO,0.0000,-12.8330,0.0000,-12.8344,0.0000,0.0000,0.000,0.000,,0.0,,,,,,,1,v=3;lan=1,1
52.8983,1790267728.396934,0.0201,0,,,0.000,,,0.0000,0.0000,0.0000,0.0000,0.0000,-13.0000,,,,CHO,0.0000,-12.8330,0.0000,-12.8344,0.0000,0.0000,0.000,0.000,,0.0,,,,,,,1,v=3;lan=1,1
52.9185,1790267728.417246,0.0203,0,,,0.000,,,0.0000,0.0000,0.0000,0.0000,0.0000,-13.0000,,,,CHO,0.0000,-12.8330,0.0000,-12.8344,0.0000,0.0000,0.000,0.000,,0.0,,,,,,,1,v=3;lan=1,1
52.9391,1790267728.437754,0.0206,0,,,0.000,,,0.0000,0.0000,0.0000,0.0000,0.0000,-13.0000,,,,CHO,0.0000,-12.8330,0.0000,-12.8344,0.0000,0.0000,0.000,0.000,,0.0,,,,,,,1,v=3;lan=1,1
52.9596,1790267728.458179,0.0205,0,,,0.000,,,0.0000,0.0000,0.0000,0.0000,0.0000,-13.0000,,,,CHO,0.0000,-12.8330,0.0000,-12.8344,0.0000,0.0000,0.000,0.000,,0.0,,,,,,,1,v=3;lan=1,1
52.9819,1790267728.480313,0.0223,0,,,0.000,,,0.0000,0.0000,0.0000,0.0000,0.0000,-13.0000,,,,CHO,0.0000,-12.8330,0.0000,-12.8344,0.0000,0.0000,0.000,0.000,,0.0,,,,,,,1,v=3;lan=1,1
53.0020,1790267728.500666,0.0201,0,,,0.000,,,0.0000,0.0000,0.0000,0.0000,0.0000,-13.0000,,,,CHO,0.0000,-12.8330,0.0000,-12.8344,0.0000,0.0000,0.000,0.000,,0.0,,,,,,,1,v=3;lan=1,1
53.0222,1790267728.520841,0.0202,0,,,0.000,,,0.0000,0.0000,0.0000,0.0000,0.0000,-13.0000,,,,CHO,0.0000,-12.8330,0.0000,-12.8344,0.0000,0.0000,0.000,0.000,,0.0,,,,,,,1,v=3;lan=1,1
53.0442,1790267728.542735,0.0220,0,,,0.000,,,0.0000,0.0000,0.0000,0.0000,0.0000,-13.0000,,,,CHO,0.0000,-12.8330,0.0000,-12.8344,0.0000,0.0000,0.000,0.000,,0.0,,,,,,,1,v=3;lan=1,1
53.0644,1790267728.563069,0.0202,0,,,0.000,,,0.0000,0.0000,0.0000,0.0000,0.0000,-13.0000,,,,CHO,0.0000,-12.8330,0.0000,-12.8344,0.0000,0.0000,0.000,0.000,,0.0,,,,,,,1,v=3;lan=1,1
53.0848,1790267728.583353,0.0204,0,,,0.000,,,0.0000,0.0000,0.0000,0.0000,0.0000,-13.0000,,,,CHO,0.0000,-12.8330,0.0000,-12.8344,0.0000,0.0000,0.000,0.000,,0.0,,,,,,,1,v=3;lan=1,1
53.1070,1790267728.605789,0.0222,0,,,0.000,,,0.0000,0.0000,0.0000,0.0000,0.0000,-13.0000,,,,CHO,0.0000,-12.8330,0.0000,-12.8344,0.0000,0.0000,0.000,0.000,,0.0,,,,,,,1,v=3;lan=1,1
53.1275,1790267728.626129,0.0205,0,,,0.000,,,0.0000,0.0000,0.0000,0.0000,0.0000,-13.0000,,,,CHO,0.0000,-12.8330,0.0000,-12.8344,0.0000,0.0000,0.000,0.000,,0.0,,,,,,,1,v=3;lan=1,1
53.1476,1790267728.646219,0.0201,0,,,0.000,,,0.0000,0.0000,0.0000,0.0000,0.0000,-13.0000,,,,CHO,0.0000,-12.8330,0.0000,-12.8344,0.0000,0.0000,0.000,0.000,,0.0,,,,,,,1,v=3;lan=1,1
53.1678,1790267728.666484,0.0203,0,,,0.000,,,0.0000,0.0000,0.0000,0.0000,0.0000,-13.0000,,,,CHO,0.0000,-12.8330,0.0000,-12.8344,0.0000,0.0000,0.000,0.000,,0.0,,,,,,,1,v=3;lan=1,1
53.1882,1790267728.686907,0.0204,0,,,0.000,,,0.0000,0.0000,0.0000,0.0000,0.0000,-13.0000,,,,CHO,0.0000,-12.8330,0.0000,-12.8344,0.0000,0.0000,0.000,0.000,,0.0,,,,,,,1,v=3;lan=1,1
53.2083,1790267728.706952,0.0201,0,,,0.000,,,0.0000,0.0000,0.0000,0.0000,0.0000,-13.0000,,,,CHO,0.0000,-12.8330,0.0000,-12.8344,0.0000,0.0000,0.000,0.000,,0.0,,,,,,,1,v=3;lan=1,1
53.2288,1790267728.727458,0.0205,0,,,0.000,,,0.0000,0.0000,0.0000,0.0000,0.0000,-13.0000,,,,CHO,0.0000,-12.8330,0.0000,-12.8344,0.0000,0.0000,0.000,0.000,,0.0,,,,,,,1,v=3;lan=1,1
53.2491,1790267728.747827,0.0204,0,,,0.000,,,0.0000,0.0000,0.0000,0.0000,0.0000,-13.0000,,,,CHO,0.0000,-12.8330,0.0000,-12.8344,0.0000,0.0000,0.000,0.000,,0.0,,,,,,,1,v=3;lan=1,1
53.2694,1790267728.768054,0.0203,0,,,0.000,,,0.0000,0.0000,0.0000,0.0000,0.0000,-13.0000,,,,CHO,0.0000,-12.8330,0.0000,-12.8344,0.0000,0.0000,0.000,0.000,,0.0,,,,,,,1,v=3;lan=1,1
53.2907,1790267728.789160,0.0213,0,,,0.000,,,0.0000,0.0000,0.0000,0.0000,0.0000,-13.0000,,,,CHO,0.0000,-12.8330,0.0000,-12.8344,0.0000,0.0000,0.000,0.000,,0.0,,,,,,,1,v=3;lan=1,1
53.3110,1790267728.809744,0.0203,0,,,0.000,,,0.0000,0.0000,0.0000,0.0000,0.0000,-13.0000,,,,CHO,0.0000,-12.8330,0.0000,-12.8344,0.0000,0.0000,0.000,0.000,,0.0,,,,,,,1,v=3;lan=1,1
53.3311,1790267728.829768,0.0200,0,,,0.000,,,0.0000,0.0000,0.0000,0.0000,0.0000,-13.0000,,,,CHO,0.0000,-12.8330,0.0000,-12.8344,0.0000,0.0000,0.000,0.000,,0.0,,,,,,,1,v=3;lan=1,1
53.3532,1790267728.851702,0.0222,0,,,0.000,,,0.0000,0.0000,0.0000,0.0000,0.0000,-13.0000,,,,CHO,0.0000,-12.8330,0.0000,-12.8344,0.0000,0.0000,0.000,0.000,,0.0,,,,,,,1,v=3;lan=1,1
53.3736,1790267728.872319,0.0204,0,,,0.000,,,0.0000,0.0000,0.0000,0.0000,0.0000,-13.0000,,,,CHO,0.0000,-12.8330,0.0000,-12.8344,0.0000,0.0000,0.000,0.000,,0.0,,,,,,,1,v=3;lan=1,1
53.3938,1790267728.892498,0.0202,0,,,0.000,,,0.0000,0.0000,0.0000,0.0000,0.0000,-13.0000,,,,CHO,0.0000,-12.8330,0.0000,-12.8344,0.0000,0.0000,0.000,0.000,,0.0,,,,,,,1,v=3;lan=1,1
53.4159,1790267728.914203,0.0220,0,,,0.000,,,0.0000,0.0000,0.0000,0.0000,0.0000,-13.0000,,,,CHO,0.0000,-12.8330,0.0000,-12.8344,0.0000,0.0000,0.000,0.000,,0.0,,,,,,,1,v=3;lan=1,1
53.4367,1790267728.935395,0.0209,0,,,0.000,,,0.0000,0.0000,0.0000,0.0000,0.0000,-13.0000,,,,CHO,0.0000,-12.8330,0.0000,-12.8344,0.0000,0.0000,0.000,0.000,,0.0,,,,,,,1,v=3;lan=1,1
53.4572,1790267728.955856,0.0204,0,,,0.000,,,0.0000,0.0000,0.0000,0.0000,0.0000,-13.0000,,,,CHO,0.0000,-12.8330,0.0000,-12.8344,0.0000,0.0000,0.000,0.000,,0.0,,,,,,,1,v=3;lan=1,1
53.4776,1790267728.976205,0.0204,0,,,0.000,,,0.0000,0.0000,0.0000,0.0000,0.0000,-13.0000,,,,CHO,0.0000,-12.8330,0.0000,-12.8344,0.0000,0.0000,0.000,0.000,,0.0,,,,,,,1,v=3;lan=1,1
53.4983,1790267728.997010,0.0207,0,,,0.000,,,0.0000,0.0000,0.0000,0.0000,0.0000,-13.0000,,,,CHO,0.0000,-12.8330,0.0000,-12.8344,0.0000,0.0000,0.000,0.000,,0.0,,,,,,,1,v=3;lan=1,1
53.5189,1790267729.017525,0.0206,0,,,0.000,,,0.0000,0.0000,0.0000,0.0000,0.0000,-13.0000,,,,CHO,0.0000,-12.8330,0.0000,-12.8344,0.0000,0.0000,0.000,0.000,,0.0,,,,,,,1,v=3;lan=1,1
53.5394,1790267729.038109,0.0206,0,,,0.000,,,0.0000,0.0000,0.0000,0.0000,0.0000,-13.0000,,,,CHO,0.0000,-12.8330,0.0000,-12.8344,0.0000,0.0000,0.000,0.000,,0.0,,,,,,,1,v=3;lan=1,1
53.5596,1790267729.058253,0.0202,0,,,0.000,,,0.0000,0.0000,0.0000,0.0000,0.0000,-13.0000,,,,CHO,0.0000,-12.8330,0.0000,-12.8344,0.0000,0.0000,0.000,0.000,,0.0,,,,,,,1,v=3;lan=1,1
53.5798,1790267729.078488,0.0202,0,,,0.000,,,0.0000,0.0000,0.0000,0.0000,0.0000,-13.0000,,,,CHO,0.0000,-12.8330,0.0000,-12.8344,0.0000,0.0000,0.000,0.000,,0.0,,,,,,,1,v=3;lan=1,1
53.6004,1790267729.099058,0.0206,0,,,0.000,,,0.0000,0.0000,0.0000,0.0000,0.0000,-13.0000,,,,CHO,0.0000,-12.8330,0.0000,-12.8344,0.0000,0.0000,0.000,0.000,,0.0,,,,,,,1,v=3;lan=1,1
53.6209,1790267729.119515,0.0205,0,,,0.000,,,0.0000,0.0000,0.0000,0.0000,0.0000,-13.0000,,,,CHO,0.0000,-12.8330,0.0000,-12.8344,0.0000,0.0000,0.000,0.000,,0.0,,,,,,,1,v=3;lan=1,1
53.6410,1790267729.139630,0.0201,0,,,0.000,,,0.0000,0.0000,0.0000,0.0000,0.0000,-13.0000,,,,CHO,0.0000,-12.8330,0.0000,-12.8344,0.0000,0.0000,0.000,0.000,,0.0,,,,,,,1,v=3;lan=1,1
53.6618,1790267729.160328,0.0208,0,,,0.000,,,0.0000,0.0000,0.0000,0.0000,0.0000,-13.0000,,,,CHO,0.0000,-12.8330,0.0000,-12.8344,0.0000,0.0000,0.000,0.000,,0.0,,,,,,,1,v=3;lan=1,1
53.6868,1790267729.185336,0.0250,0,,,0.000,,,0.0000,0.0000,0.0000,0.0000,0.0000,-13.0000,,,,CHO,0.0000,-12.8330,0.0000,-12.8344,0.0000,0.0000,0.000,0.000,,0.0,,,,,,,1,v=3;lan=1,1
53.7069,1790267729.205537,0.0201,0,,,0.000,,,0.0000,0.0000,0.0000,0.0000,0.0000,-13.0000,,,,CHO,0.0000,-12.8330,0.0000,-12.8344,0.0000,0.0000,0.000,0.000,,0.0,,,,,,,1,v=3;lan=1,1
53.7271,1790267729.225711,0.0202,0,,,0.000,,,0.0000,0.0000,0.0000,0.0000,0.0000,-13.0000,,,,CHO,0.0000,-12.8330,0.0000,-12.8344,0.0000,0.0000,0.000,0.000,,0.0,,,,,,,1,v=3;lan=1,1
53.7475,1790267729.246116,0.0204,0,,,0.000,,,0.0000,0.0000,0.0000,0.0000,0.0000,-13.0000,,,,CHO,0.0000,-12.8330,0.0000,-12.8344,0.0000,0.0000,0.000,0.000,,0.0,,,,,,,1,v=3;lan=1,1
53.7679,1790267729.266587,0.0205,0,,,0.000,,,0.0000,0.0000,0.0000,0.0000,0.0000,-13.0000,,,,CHO,0.0000,-12.8330,0.0000,-12.8344,0.0000,0.0000,0.000,0.000,,0.0,,,,,,,1,v=3;lan=1,1
53.7883,1790267729.286935,0.0204,0,,,0.000,,,0.0000,0.0000,0.0000,0.0000,0.0000,-13.0000,,,,CHO,0.0000,-12.8330,0.0000,-12.8344,0.0000,0.0000,0.000,0.000,,0.0,,,,,,,1,v=3;lan=1,1
53.8084,1790267729.307046,0.0201,0,,,0.000,,,0.0000,0.0000,0.0000,0.0000,0.0000,-13.0000,,,,CHO,0.0000,-12.8330,0.0000,-12.8344,0.0000,0.0000,0.000,0.000,,0.0,,,,,,,1,v=3;lan=1,1
53.8286,1790267729.327209,0.0202,0,,,0.000,,,0.0000,0.0000,0.0000,0.0000,0.0000,-13.0000,,,,CHO,0.0000,-12.8330,0.0000,-12.8344,0.0000,0.0000,0.000,0.000,,0.0,,,,,,,1,v=3;lan=1,1
53.8486,1790267729.347318,0.0200,0,,,0.000,,,0.0000,0.0000,0.0000,0.0000,0.0000,-13.0000,,,,CHO,0.0000,-12.8330,0.0000,-12.8344,0.0000,0.0000,0.000,0.000,,0.0,,,,,,,1,v=3;lan=1,1
53.8690,1790267729.367623,0.0204,0,,,0.000,,,0.0000,0.0000,0.0000,0.0000,0.0000,-13.0000,,,,CHO,0.0000,-12.8330,0.0000,-12.8344,0.0000,0.0000,0.000,0.000,,0.0,,,,,,,1,v=3;lan=1,1
53.8903,1790267729.388540,0.0213,0,,,0.000,,,0.0000,0.0000,0.0000,0.0000,0.0000,-13.0000,,,,CHO,0.0000,-12.8330,0.0000,-12.8344,0.0000,0.0000,0.000,0.000,,0.0,,,,,,,1,v=3;lan=1,1
53.9104,1790267729.409073,0.0201,0,,,0.000,,,0.0000,0.0000,0.0000,0.0000,0.0000,-13.0000,,,,CHO,0.0000,-12.8330,0.0000,-12.8344,0.0000,0.0000,0.000,0.000,,0.0,,,,,,,1,v=3;lan=1,1
53.9308,1790267729.429314,0.0203,0,,,0.000,,,0.0000,0.0000,0.0000,0.0000,0.0000,-13.0000,,,,CHO,0.0000,-12.8330,0.0000,-12.8344,0.0000,0.0000,0.000,0.000,,0.0,,,,,,,1,v=3;lan=1,1
53.9534,1790267729.451997,0.0226,0,,,0.000,,,0.0000,0.0000,0.0000,0.0000,0.0000,-13.0000,,,,CHO,0.0000,-12.8330,0.0000,-12.8344,0.0000,0.0000,0.000,0.000,,0.0,,,,,,,1,v=3;lan=1,1
53.9740,1790267729.472603,0.0206,0,,,0.000,,,0.0000,0.0000,0.0000,0.0000,0.0000,-13.0000,,,,CHO,0.0000,-12.8330,0.0000,-12.8344,0.0000,0.0000,0.000,0.000,,0.0,,,,,,,1,v=3;lan=1,1
53.9942,1790267729.492791,0.0202,0,,,0.000,,,0.0000,0.0000,0.0000,0.0000,0.0000,-13.0000,,,,CHO,0.0000,-12.8330,0.0000,-12.8344,0.0000,0.0000,0.000,0.000,,0.0,,,,,,,1,v=3;lan=1,1
54.0145,1790267729.513039,0.0203,0,,,0.000,,,0.0000,0.0000,0.0000,0.0000,0.0000,-13.0000,,,,CHO,0.0000,-12.8330,0.0000,-12.8344,0.0000,0.0000,0.000,0.000,,0.0,,,,,,,1,v=3;lan=1,1
54.0347,1790267729.533338,0.0202,0,,,0.000,,,0.0000,0.0000,0.0000,0.0000,0.0000,-13.0000,,,,CHO,0.0000,-12.8330,0.0000,-12.8344,0.0000,0.0000,0.000,0.000,,0.0,,,,,,,1,v=3;lan=1,1
54.0549,1790267729.553472,0.0203,0,,,0.000,,,0.0000,0.0000,0.0000,0.0000,0.0000,-13.0000,,,,CHO,0.0000,-12.8330,0.0000,-12.8344,0.0000,0.0000,0.000,0.000,,0.0,,,,,,,1,v=3;lan=1,1
54.0750,1790267729.573610,0.0200,0,,,0.000,,,0.0000,0.0000,0.0000,0.0000,0.0000,-13.0000,,,,CHO,0.0000,-12.8330,0.0000,-12.8344,0.0000,0.0000,0.000,0.000,,0.0,,,,,,,1,v=3;lan=1,1
54.0953,1790267729.593800,0.0203,0,,,0.000,,,0.0000,0.0000,0.0000,0.0000,0.0000,-13.0000,,,,CHO,0.0000,-12.8330,0.0000,-12.8344,0.0000,0.0000,0.000,0.000,,0.0,,,,,,,1,v=3;lan=1,1
54.1156,1790267729.614186,0.0204,0,,,0.000,,,0.0000,0.0000,0.0000,0.0000,0.0000,-13.0000,,,,CHO,0.0000,-12.8330,0.0000,-12.8344,0.0000,0.0000,0.000,0.000,,0.0,,,,,,,1,v=3;lan=1,1
54.1365,1790267729.635149,0.0209,0,,,0.000,,,0.0000,0.0000,0.0000,0.0000,0.0000,-13.0000,,,,CHO,0.0000,-12.8330,0.0000,-12.8344,0.0000,0.0000,0.000,0.000,,0.0,,,,,,,1,v=3;lan=1,1
54.1569,1790267729.655457,0.0203,0,,,0.000,,,0.0000,0.0000,0.0000,0.0000,0.0000,-13.0000,,,,CHO,0.0000,-12.8330,0.0000,-12.8344,0.0000,0.0000,0.000,0.000,,0.0,,,,,,,1,v=3;lan=1,1
54.1771,1790267729.675677,0.0202,0,,,0.000,,,0.0000,0.0000,0.0000,0.0000,0.0000,-13.0000,,,,CHO,0.0000,-12.8330,0.0000,-12.8344,0.0000,0.0000,0.000,0.000,,0.0,,,,,,,1,v=3;lan=1,1
54.1974,1790267729.695915,0.0203,0,,,0.000,,,0.0000,0.0000,0.0000,0.0000,0.0000,-13.0000,,,,CHO,0.0000,-12.8330,0.0000,-12.8344,0.0000,0.0000,0.000,0.000,,0.0,,,,,,,1,v=3;lan=1,1
54.2179,1790267729.716464,0.0205,0,,,0.000,,,0.0000,0.0000,0.0000,0.0000,0.0000,-13.0000,,,,CHO,0.0000,-12.8330,0.0000,-12.8344,0.0000,0.0000,0.000,0.000,,0.0,,,,,,,1,v=3;lan=1,1
54.2381,1790267729.736736,0.0202,0,,,0.000,,,0.0000,0.0000,0.0000,0.0000,0.0000,-13.0000,,,,CHO,0.0000,-12.8330,0.0000,-12.8344,0.0000,0.0000,0.000,0.000,,0.0,,,,,,,1,v=3;lan=1,1
54.2588,1790267729.757318,0.0206,0,,,0.000,,,0.0000,0.0000,0.0000,0.0000,0.0000,-13.0000,,,,CHO,0.0000,-12.8330,0.0000,-12.8344,0.0000,0.0000,0.000,0.000,,0.0,,,,,,,1,v=3;lan=1,1
54.2789,1790267729.777482,0.0201,0,,,0.000,,,0.0000,0.0000,0.0000,0.0000,0.0000,-13.0000,,,,CHO,0.0000,-12.8330,0.0000,-12.8344,0.0000,0.0000,0.000,0.000,,0.0,,,,,,,1,v=3;lan=1,1
54.2990,1790267729.797567,0.0201,0,,,0.000,,,0.0000,0.0000,0.0000,0.0000,0.0000,-13.0000,,,,CHO,0.0000,-12.8330,0.0000,-12.8344,0.0000,0.0000,0.000,0.000,,0.0,,,,,,,1,v=3;lan=1,1
54.3196,1790267729.818134,0.0206,0,,,0.000,,,0.0000,0.0000,0.0000,0.0000,0.0000,-13.0000,,,,CHO,0.0000,-12.8330,0.0000,-12.8344,0.0000,0.0000,0.000,0.000,,0.0,,,,,,,1,v=3;lan=1,1
54.3400,1790267729.838641,0.0204,0,,,0.000,,,0.0000,0.0000,0.0000,0.0000,0.0000,-13.0000,,,,CHO,0.0000,-12.8330,0.0000,-12.8344,0.0000,0.0000,0.000,0.000,,0.0,,,,,,,1,v=3;lan=1,1
54.3604,1790267729.858974,0.0204,0,,,0.000,,,0.0000,0.0000,0.0000,0.0000,0.0000,-13.0000,,,,CHO,0.0000,-12.8330,0.0000,-12.8344,0.0000,0.0000,0.000,0.000,,0.0,,,,,,,1,v=3;lan=1,1
54.3810,1790267729.879524,0.0206,0,,,0.000,,,0.0000,0.0000,0.0000,0.0000,0.0000,-13.0000,,,,CHO,0.0000,-12.8330,0.0000,-12.8344,0.0000,0.0000,0.000,0.000,,0.0,,,,,,,1,v=3;lan=1,1
54.4031,1790267729.901871,0.0221,0,,,0.000,,,0.0000,0.0000,0.0000,0.0000,0.0000,-13.0000,,,,CHO,0.0000,-12.8330,0.0000,-12.8344,0.0000,0.0000,0.000,0.000,,0.0,,,,,,,1,v=3;lan=1,1
54.4234,1790267729.922056,0.0203,0,,,0.000,,,0.0000,0.0000,0.0000,0.0000,0.0000,-13.0000,,,,CHO,0.0000,-12.8330,0.0000,-12.8344,0.0000,0.0000,0.000,0.000,,0.0,,,,,,,1,v=3;lan=1,1
54.4434,1790267729.942048,0.0200,0,,,0.000,,,0.0000,0.0000,0.0000,0.0000,0.0000,-13.0000,,,,CHO,0.0000,-12.8330,0.0000,-12.8344,0.0000,0.0000,0.000,0.000,,0.0,,,,,,,1,v=3;lan=1,1
54.4636,1790267729.962163,0.0201,0,,,0.000,,,0.0000,0.0000,0.0000,0.0000,0.0000,-13.0000,,,,CHO,0.0000,-12.8330,0.0000,-12.8344,0.0000,0.0000,0.000,0.000,,0.0,,,,,,,1,v=3;lan=1,1
54.4837,1790267729.982229,0.0202,0,,,0.000,,,0.0000,0.0000,0.0000,0.0000,0.0000,-13.0000,,,,CHO,0.0000,-12.8330,0.0000,-12.8344,0.0000,0.0000,0.000,0.000,,0.0,,,,,,,1,v=3;lan=1,1
54.5039,1790267730.002449,0.0201,0,,,0.000,,,0.0000,0.0000,0.0000,0.0000,0.0000,-13.0000,,,,CHO,0.0000,-12.8330,0.0000,-12.8344,0.0000,0.0000,0.000,0.000,,0.0,,,,,,,1,v=3;lan=1,1
54.5244,1790267730.022968,0.0205,0,,,0.000,,,0.0000,0.0000,0.0000,0.0000,0.0000,-13.0000,,,,CHO,0.0000,-12.8330,0.0000,-12.8344,0.0000,0.0000,0.000,0.000,,0.0,,,,,,,1,v=3;lan=1,1
54.5469,1790267730.045458,0.0225,0,,,0.000,,,0.0000,0.0000,0.0000,0.0000,0.0000,-13.0000,,,,CHO,0.0000,-12.8330,0.0000,-12.8344,0.0000,0.0000,0.000,0.000,,0.0,,,,,,,1,v=3;lan=1,1
54.5671,1790267730.065751,0.0202,0,,,0.000,,,0.0000,0.0000,0.0000,0.0000,0.0000,-13.0000,,,,CHO,0.0000,-12.8330,0.0000,-12.8344,0.0000,0.0000,0.000,0.000,,0.0,,,,,,,1,v=3;lan=1,1
54.5873,1790267730.085869,0.0202,0,,,0.000,,,0.0000,0.0000,0.0000,0.0000,0.0000,-13.0000,,,,CHO,0.0000,-12.8330,0.0000,-12.8344,0.0000,0.0000,0.000,0.000,,0.0,,,,,,,1,v=3;lan=1,1
54.6076,1790267730.106329,0.0204,0,,,0.000,,,0.0000,0.0000,0.0000,0.0000,0.0000,-13.0000,,,,CHO,0.0000,-12.8330,0.0000,-12.8344,0.0000,0.0000,0.000,0.000,,0.0,,,,,,,1,v=3;lan=1,1
54.6283,1790267730.126930,0.0207,0,,,0.000,,,0.0000,0.0000,0.0000,0.0000,0.0000,-13.0000,,,,CHO,0.0000,-12.8330,0.0000,-12.8344,0.0000,0.0000,0.000,0.000,,0.0,,,,,,,1,v=3;lan=1,1
54.6488,1790267730.147408,0.0205,0,,,0.000,,,0.0000,0.0000,0.0000,0.0000,0.0000,-13.0000,,,,CHO,0.0000,-12.8330,0.0000,-12.8344,0.0000,0.0000,0.000,0.000,,0.0,,,,,,,1,v=3;lan=1,1
54.6696,1790267730.168481,0.0208,0,,,0.000,,,0.0000,0.0000,0.0000,0.0000,0.0000,-13.0000,,,,CHO,0.0000,-12.8330,0.0000,-12.8344,0.0000,0.0000,0.000,0.000,,0.0,,,,,,,1,v=3;lan=1,1
54.6899,1790267730.188496,0.0202,0,,,0.000,,,0.0000,0.0000,0.0000,0.0000,0.0000,-13.0000,,,,CHO,0.0000,-12.8330,0.0000,-12.8344,0.0000,0.0000,0.000,0.000,,0.0,,,,,,,1,v=3;lan=1,1
54.7101,1790267730.208658,0.0202,0,,,0.000,,,0.0000,0.0000,0.0000,0.0000,0.0000,-13.0000,,,,CHO,0.0000,-12.8330,0.0000,-12.8344,0.0000,0.0000,0.000,0.000,,0.0,,,,,,,1,v=3;lan=1,1
54.7309,1790267730.229552,0.0208,0,,,0.000,,,0.0000,0.0000,0.0000,0.0000,0.0000,-13.0000,,,,CHO,0.0000,-12.8330,0.0000,-12.8344,0.0000,0.0000,0.000,0.000,,0.0,,,,,,,1,v=3;lan=1,1
54.7511,1790267730.249795,0.0202,0,,,0.000,,,0.0000,0.0000,0.0000,0.0000,0.0000,-13.0000,,,,CHO,0.0000,-12.8330,0.0000,-12.8344,0.0000,0.0000,0.000,0.000,,0.0,,,,,,,1,v=3;lan=1,1
54.7714,1790267730.270026,0.0202,0,,,0.000,,,0.0000,0.0000,0.0000,0.0000,0.0000,-13.0000,,,,CHO,0.0000,-12.8330,0.0000,-12.8344,0.0000,0.0000,0.000,0.000,,0.0,,,,,,,1,v=3;lan=1,1
54.7919,1790267730.290509,0.0205,0,,,0.000,,,0.0000,0.0000,0.0000,0.0000,0.0000,-13.0000,,,,CHO,0.0000,-12.8330,0.0000,-12.8344,0.0000,0.0000,0.000,0.000,,0.0,,,,,,,1,v=3;lan=1,1
54.8121,1790267730.310760,0.0202,0,,,0.000,,,0.0000,0.0000,0.0000,0.0000,0.0000,-13.0000,,,,CHO,0.0000,-12.8330,0.0000,-12.8344,0.0000,0.0000,0.000,0.000,,0.0,,,,,,,1,v=3;lan=1,1
54.8322,1790267730.331386,0.0201,0,,,0.000,,,0.0000,0.0000,0.0000,0.0000,0.0000,-13.0000,,,,CHO,0.0000,-12.8330,0.0000,-12.8344,0.0000,0.0000,0.000,0.000,,0.0,,,,,,,1,v=3;lan=1,1
54.8524,1790267730.351057,0.0202,0,,,0.000,,,0.0000,0.0000,0.0000,0.0000,0.0000,-13.0000,,,,CHO,0.0000,-12.8330,0.0000,-12.8344,0.0000,0.0000,0.000,0.000,,0.0,,,,,,,1,v=3;lan=1,1
54.8728,1790267730.371493,0.0204,0,,,0.000,,,0.0000,0.0000,0.0000,0.0000,0.0000,-13.0000,,,,CHO,0.0000,-12.8330,0.0000,-12.8344,0.0000,0.0000,0.000,0.000,,0.0,,,,,,,1,v=3;lan=1,1
54.8929,1790267730.391472,0.0201,0,,,0.000,,,0.0000,0.0000,0.0000,0.0000,0.0000,-13.0000,,,,CHO,0.0000,-12.8330,0.0000,-12.8344,0.0000,0.0000,0.000,0.000,,0.0,,,,,,,1,v=3;lan=1,1
54.9133,1790267730.411835,0.0204,0,,,0.000,,,0.0000,0.0000,0.0000,0.0000,0.0000,-13.0000,,,,CHO,0.0000,-12.8330,0.0000,-12.8344,0.0000,0.0000,0.000,0.000,,0.0,,,,,,,1,v=3;lan=1,1
54.9334,1790267730.431937,0.0201,0,,,0.000,,,0.0000,0.0000,0.0000,0.0000,0.0000,-13.0000,,,,CHO,0.0000,-12.8330,0.0000,-12.8344,0.0000,0.0000,0.000,0.000,,0.0,,,,,,,1,v=3;lan=1,1
54.9538,1790267730.452438,0.0204,0,,,0.000,,,0.0000,0.0000,0.0000,0.0000,0.0000,-13.0000,,,,CHO,0.0000,-12.8330,0.0000,-12.8344,0.0000,0.0000,0.000,0.000,,0.0,,,,,,,1,v=3;lan=1,1
54.9743,1790267730.472993,0.0206,0,,,0.000,,,0.0000,0.0000,0.0000,0.0000,0.0000,-13.0000,,,,CHO,0.0000,-12.8330,0.0000,-12.8344,0.0000,0.0000,0.000,0.000,,0.0,,,,,,,1,v=3;lan=1,1
54.9975,1790267730.496007,0.0231,0,,,0.000,,,0.0000,0.0000,0.0000,0.0000,0.0000,-13.0000,,,,CHO,0.0000,-12.8330,0.0000,-12.8344,0.0000,0.0000,0.000,0.000,,0.0,,,,,,,1,v=3;lan=1,1
55.0182,1790267730.516819,0.0207,0,,,0.000,,,0.0000,0.0000,0.0000,0.0000,0.0000,-13.0000,,,,CHO,0.0000,-12.8330,0.0000,-12.8344,0.0000,0.0000,0.000,0.000,,0.0,,,,,,,1,v=3;lan=1,1
55.0385,1790267730.537059,0.0203,0,,,0.000,,,0.0000,0.0000,0.0000,0.0000,0.0000,-13.0000,,,,CHO,0.0000,-12.8330,0.0000,-12.8344,0.0000,0.0000,0.000,0.000,,0.0,,,,,,,1,v=3;lan=1,1
55.0597,1790267730.558235,0.0212,0,,,0.000,,,0.0000,0.0000,0.0000,0.0000,0.0000,-13.0000,,,,CHO,0.0000,-12.8330,0.0000,-12.8344,0.0000,0.0000,0.000,0.000,,0.0,,,,,,,1,v=3;lan=1,1
55.0798,1790267730.578519,0.0201,0,,,0.000,,,0.0000,0.0000,0.0000,0.0000,0.0000,-13.0000,,,,CHO,0.0000,-12.8330,0.0000,-12.8344,0.0000,0.0000,0.000,0.000,,0.0,,,,,,,1,v=3;lan=1,1
55.1003,1790267730.598954,0.0205,0,,,0.000,,,0.0000,0.0000,0.0000,0.0000,0.0000,-13.0000,,,,CHO,0.0000,-12.8330,0.0000,-12.8344,0.0000,0.0000,0.000,0.000,,0.0,,,,,,,1,v=3;lan=1,1
55.1209,1790267730.619553,0.0207,0,,,0.000,,,0.0000,0.0000,0.0000,0.0000,0.0000,-13.0000,,,,CHO,0.0000,-12.8330,0.0000,-12.8344,0.0000,0.0000,0.000,0.000,,0.0,,,,,,,1,v=3;lan=1,1
55.1414,1790267730.640059,0.0205,0,,,0.000,,,0.0000,0.0000,0.0000,0.0000,0.0000,-13.0000,,,,CHO,0.0000,-12.8330,0.0000,-12.8344,0.0000,0.0000,0.000,0.000,,0.0,,,,,,,1,v=3;lan=1,1
55.1616,1790267730.660309,0.0202,0,,,0.000,,,0.0000,0.0000,0.0000,0.0000,0.0000,-13.0000,,,,CHO,0.0000,-12.8330,0.0000,-12.8344,0.0000,0.0000,0.000,0.000,,0.0,,,,,,,1,v=3;lan=1,1
55.1819,1790267730.680558,0.0203,0,,,0.000,,,0.0000,0.0000,0.0000,0.0000,0.0000,-13.0000,,,,CHO,0.0000,-12.8330,0.0000,-12.8344,0.0000,0.0000,0.000,0.000,,0.0,,,,,,,1,v=3;lan=1,1
55.2023,1790267730.700970,0.0204,0,,,0.000,,,0.0000,0.0000,0.0000,0.0000,0.0000,-13.0000,,,,CHO,0.0000,-12.8330,0.0000,-12.8344,0.0000,0.0000,0.000,0.000,,0.0,,,,,,,1,v=3;lan=1,1
55.2305,1790267730.728834,0.0282,0,,,0.000,,,0.0000,0.0000,0.0000,0.0000,0.0000,-13.0000,,,,CHO,0.0000,-12.8330,0.0000,-12.8344,0.0000,0.0000,0.000,0.000,,0.0,,,,,,,1,v=3;lan=1,1
55.2506,1790267730.749289,0.0201,0,,,0.000,,,0.0000,0.0000,0.0000,0.0000,0.0000,-13.0000,,,,CHO,0.0000,-12.8330,0.0000,-12.8344,0.0000,0.0000,0.000,0.000,,0.0,,,,,,,1,v=3;lan=1,1
55.2712,1790267730.769838,0.0206,0,,,0.000,,,0.0000,0.0000,0.0000,0.0000,0.0000,-13.0000,,,,CHO,0.0000,-12.8330,0.0000,-12.8344,0.0000,0.0000,0.000,0.000,,0.0,,,,,,,1,v=3;lan=1,1
55.2919,1790267730.790754,0.0207,0,,,0.000,,,0.0000,0.0000,0.0000,0.0000,0.0000,-13.0000,,,,CHO,0.0000,-12.8330,0.0000,-12.8344,0.0000,0.0000,0.000,0.000,,0.0,,,,,,,1,v=3;lan=1,1
55.3123,1790267730.810864,0.0204,0,,,0.000,,,0.0000,0.0000,0.0000,0.0000,0.0000,-13.0000,,,,CHO,0.0000,-12.8330,0.0000,-12.8344,0.0000,0.0000,0.000,0.000,,0.0,,,,,,,1,v=3;lan=1,1
55.3327,1790267730.831357,0.0205,0,,,0.000,,,0.0000,0.0000,0.0000,0.0000,0.0000,-13.0000,,,,CHO,0.0000,-12.8330,0.0000,-12.8344,0.0000,0.0000,0.000,0.000,,0.0,,,,,,,1,v=3;lan=1,1
55.3550,1790267730.853708,0.0222,0,,,0.000,,,0.0000,0.0000,0.0000,0.0000,0.0000,-13.0000,,,,CHO,0.0000,-12.8330,0.0000,-12.8344,0.0000,0.0000,0.000,0.000,,0.0,,,,,,,1,v=3;lan=1,1
55.3753,1790267730.873985,0.0203,0,,,0.000,,,0.0000,0.0000,0.0000,0.0000,0.0000,-13.0000,,,,CHO,0.0000,-12.8330,0.0000,-12.8344,0.0000,0.0000,0.000,0.000,,0.0,,,,,,,1,v=3;lan=1,1
55.3957,1790267730.894440,0.0204,0,,,0.000,,,0.0000,0.0000,0.0000,0.0000,0.0000,-13.0000,,,,CHO,0.0000,-12.8330,0.0000,-12.8344,0.0000,0.0000,0.000,0.000,,0.0,,,,,,,1,v=3;lan=1,1
55.4177,1790267730.916311,0.0220,0,,,0.000,,,0.0000,0.0000,0.0000,0.0000,0.0000,-13.0000,,,,CHO,0.0000,-12.8330,0.0000,-12.8344,0.0000,0.0000,0.000,0.000,,0.0,,,,,,,1,v=3;lan=1,1
55.4382,1790267730.936823,0.0205,0,,,0.000,,,0.0000,0.0000,0.0000,0.0000,0.0000,-13.0000,,,,CHO,0.0000,-12.8330,0.0000,-12.8344,0.0000,0.0000,0.000,0.000,,0.0,,,,,,,1,v=3;lan=1,1
55.4585,1790267730.957105,0.0203,0,,,0.000,,,0.0000,0.0000,0.0000,0.0000,0.0000,-13.0000,,,,CHO,0.0000,-12.8330,0.0000,-12.8344,0.0000,0.0000,0.000,0.000,,0.0,,,,,,,1,v=3;lan=1,1
55.4800,1790267730.978427,0.0215,0,,,0.000,,,0.0000,0.0000,0.0000,0.0000,0.0000,-13.0000,,,,CHO,0.0000,-12.8330,0.0000,-12.8344,0.0000,0.0000,0.000,0.000,,0.0,,,,,,,1,v=3;lan=1,1
55.5002,1790267730.998940,0.0202,0,,,0.000,,,0.0000,0.0000,0.0000,0.0000,0.0000,-13.0000,,,,CHO,0.0000,-12.8330,0.0000,-12.8344,0.0000,0.0000,0.000,0.000,,0.0,,,,,,,1,v=3;lan=1,1
55.5203,1790267731.018962,0.0201,0,,,0.000,,,0.0000,0.0000,0.0000,0.0000,0.0000,-13.0000,,,,CHO,0.0000,-12.8330,0.0000,-12.8344,0.0000,0.0000,0.000,0.000,,0.0,,,,,,,1,v=3;lan=1,1
55.5406,1790267731.039210,0.0202,0,,,0.000,,,0.0000,0.0000,0.0000,0.0000,0.0000,-13.0000,,,,CHO,0.0000,-12.8330,0.0000,-12.8344,0.0000,0.0000,0.000,0.000,,0.0,,,,,,,1,v=3;lan=1,1
55.5610,1790267731.059735,0.0205,0,,,0.000,,,0.0000,0.0000,0.0000,0.0000,0.0000,-13.0000,,,,CHO,0.0000,-12.8330,0.0000,-12.8344,0.0000,0.0000,0.000,0.000,,0.0,,,,,,,1,v=3;lan=1,1
55.5814,1790267731.080065,0.0203,0,,,0.000,,,0.0000,0.0000,0.0000,0.0000,0.0000,-13.0000,,,,CHO,0.0000,-12.8330,0.0000,-12.8344,0.0000,0.0000,0.000,0.000,,0.0,,,,,,,1,v=3;lan=1,1
55.6017,1790267731.100422,0.0204,0,,,0.000,,,0.0000,0.0000,0.0000,0.0000,0.0000,-13.0000,,,,CHO,0.0000,-12.8330,0.0000,-12.8344,0.0000,0.0000,0.000,0.000,,0.0,,,,,,,1,v=3;lan=1,1
55.6222,1790267731.120837,0.0205,0,,,0.000,,,0.0000,0.0000,0.0000,0.0000,0.0000,-13.0000,,,,CHO,0.0000,-12.8330,0.0000,-12.8344,0.0000,0.0000,0.000,0.000,,0.0,,,,,,,1,v=3;lan=1,1
55.6422,1790267731.140913,0.0200,0,,,0.000,,,0.0000,0.0000,0.0000,0.0000,0.0000,-13.0000,,,,CHO,0.0000,-12.8330,0.0000,-12.8344,0.0000,0.0000,0.000,0.000,,0.0,,,,,,,1,v=3;lan=1,1
55.6626,1790267731.161283,0.0204,0,,,0.000,,,0.0000,0.0000,0.0000,0.0000,0.0000,-13.0000,,,,CHO,0.0000,-12.8330,0.0000,-12.8344,0.0000,0.0000,0.000,0.000,,0.0,,,,,,,1,v=3;lan=1,1
55.6830,1790267731.181690,0.0204,0,,,0.000,,,0.0000,0.0000,0.0000,0.0000,0.0000,-13.0000,,,,CHO,0.0000,-12.8330,0.0000,-12.8344,0.0000,0.0000,0.000,0.000,,0.0,,,,,,,1,v=3;lan=1,1
55.7034,1790267731.202077,0.0204,0,,,0.000,,,0.0000,0.0000,0.0000,0.0000,0.0000,-13.0000,,,,CHO,0.0000,-12.8330,0.0000,-12.8344,0.0000,0.0000,0.000,0.000,,0.0,,,,,,,1,v=3;lan=1,1
55.7236,1790267731.222278,0.0202,0,,,0.000,,,0.0000,0.0000,0.0000,0.0000,0.0000,-13.0000,,,,CHO,0.0000,-12.8330,0.0000,-12.8344,0.0000,0.0000,0.000,0.000,,0.0,,,,,,,1,v=3;lan=1,1
55.7438,1790267731.242548,0.0202,0,,,0.000,,,0.0000,0.0000,0.0000,0.0000,0.0000,-13.0000,,,,CHO,0.0000,-12.8330,0.0000,-12.8344,0.0000,0.0000,0.000,0.000,,0.0,,,,,,,1,v=3;lan=1,1
55.7646,1790267731.263229,0.0208,0,,,0.000,,,0.0000,0.0000,0.0000,0.0000,0.0000,-13.0000,,,,CHO,0.0000,-12.8330,0.0000,-12.8344,0.0000,0.0000,0.000,0.000,,0.0,,,,,,,1,v=3;lan=1,1
55.7851,1790267731.283726,0.0205,0,,,0.000,,,0.0000,0.0000,0.0000,0.0000,0.0000,-13.0000,,,,CHO,0.0000,-12.8330,0.0000,-12.8344,0.0000,0.0000,0.000,0.000,,0.0,,,,,,,1,v=3;lan=1,1
55.8055,1790267731.304203,0.0204,0,,,0.000,,,0.0000,0.0000,0.0000,0.0000,0.0000,-13.0000,,,,CHO,0.0000,-12.8330,0.0000,-12.8344,0.0000,0.0000,0.000,0.000,,0.0,,,,,,,1,v=3;lan=1,1
55.8258,1790267731.324515,0.0203,0,,,0.000,,,0.0000,0.0000,0.0000,0.0000,0.0000,-13.0000,,,,CHO,0.0000,-12.8330,0.0000,-12.8344,0.0000,0.0000,0.000,0.000,,0.0,,,,,,,1,v=3;lan=1,1
55.8463,1790267731.345009,0.0205,0,,,0.000,,,0.0000,0.0000,0.0000,0.0000,0.0000,-13.0000,,,,CHO,0.0000,-12.8330,0.0000,-12.8344,0.0000,0.0000,0.000,0.000,,0.0,,,,,,,1,v=3;lan=1,1
55.8665,1790267731.366136,0.0202,0,,,0.000,,,0.0000,0.0000,0.0000,0.0000,0.0000,-13.0000,,,,CHO,0.0000,-12.8330,0.0000,-12.8344,0.0000,0.0000,0.000,0.000,,0.0,,,,,,,0,,0
55.8869,1790267731.385604,0.0204,0,,,0.000,,,0.0000,0.0000,0.0000,0.0000,0.0000,-13.0000,,,,CHO,0.0000,-12.8330,0.0000,-12.8344,0.0000,0.0000,0.000,0.000,,0.0,,,,,,,0,,0
55.9070,1790267731.405691,0.0201,0,,,0.000,,,0.0000,0.0000,0.0000,0.0000,0.0000,-13.0000,,,,CHO,0.0000,-12.8330,0.0000,-12.8344,0.0000,0.0000,0.000,0.000,,0.0,,,,,,,0,,0
55.9271,1790267731.425817,0.0202,0,,,0.000,,,0.0000,0.0000,0.0000,0.0000,0.0000,-13.0000,,,,CHO,0.0000,-12.8330,0.0000,-12.8344,0.0000,0.0000,0.000,0.000,,0.0,,,,,,,0,,0
55.9474,1790267731.446108,0.0203,0,,,0.000,,,0.0000,0.0000,0.0000,0.0000,0.0000,-13.0000,,,,CHO,0.0000,-12.8330,0.0000,-12.8344,0.0000,0.0000,0.000,0.000,,0.0,,,,,,,0,,0
55.9674,1790267731.466125,0.0200,0,,,0.000,,,0.0000,0.0000,0.0000,0.0000,0.0000,-13.0000,,,,CHO,0.0000,-12.8330,0.0000,-12.8344,0.0000,0.0000,0.000,0.000,,0.0,,,,,,,0,,0
55.9878,1790267731.486512,0.0204,0,,,0.000,,,0.0000,0.0000,0.0000,0.0000,0.0000,-13.0000,,,,CHO,0.0000,-12.8330,0.0000,-12.8344,0.0000,0.0000,0.000,0.000,,0.0,,,,,,,0,,0
56.0079,1790267731.506539,0.0201,0,,,0.000,,,0.0000,0.0000,0.0000,0.0000,0.0000,-13.0000,,,,CHO,0.0000,-12.8330,0.0000,-12.8344,0.0000,0.0000,0.000,0.000,,0.0,,,,,,,0,,0
56.0281,1790267731.526776,0.0202,0,,,0.000,,,0.0000,0.0000,0.0000,0.0000,0.0000,-13.0000,,,,CHO,0.0000,-12.8330,0.0000,-12.8344,0.0000,0.0000,0.000,0.000,,0.0,,,,,,,0,,0
56.0482,1790267731.546774,0.0201,0,,,0.000,,,0.0000,0.0000,0.0000,0.0000,0.0000,-13.0000,,,,CHO,0.0000,-12.8330,0.0000,-12.8344,0.0000,0.0000,0.000,0.000,,0.0,,,,,,,0,,0
56.0684,1790267731.567147,0.0203,0,,,0.000,,,0.0000,0.0000,0.0000,0.0000,0.0000,-13.0000,,,,CHO,0.0000,-12.8330,0.0000,-12.8344,0.0000,0.0000,0.000,0.000,,0.0,,,,,,,0,,0
56.0889,1790267731.587597,0.0205,0,,,0.000,,,0.0000,0.0000,0.0000,0.0000,0.0000,-13.0000,,,,CHO,0.0000,-12.8330,0.0000,-12.8344,0.0000,0.0000,0.000,0.000,,0.0,,,,,,,0,,0
56.1096,1790267731.608219,0.0207,0,,,0.000,,,0.0000,0.0000,0.0000,0.0000,0.0000,-13.0000,,,,CHO,0.0000,-12.8330,0.0000,-12.8344,0.0000,0.0000,0.000,0.000,,0.0,,,,,,,0,,0
56.1299,1790267731.628646,0.0203,0,,,0.000,,,0.0000,0.0000,0.0000,0.0000,0.0000,-13.0000,,,,CHO,0.0000,-12.8330,0.0000,-12.8344,0.0000,0.0000,0.000,0.000,,0.0,,,,,,,0,,0
56.1503,1790267731.649006,0.0204,0,,,0.000,,,0.0000,0.0000,0.0000,0.0000,0.0000,-13.0000,,,,CHO,0.0000,-12.8330,0.0000,-12.8344,0.0000,0.0000,0.000,0.000,,0.0,,,,,,,0,,0
56.1706,1790267731.669276,0.0203,0,,,0.000,,,0.0000,0.0000,0.0000,0.0000,0.0000,-13.0000,,,,CHO,0.0000,-12.8330,0.0000,-12.8344,0.0000,0.0000,0.000,0.000,,0.0,,,,,,,0,,0
56.1906,1790267731.689234,0.0200,0,,,0.000,,,0.0000,0.0000,0.0000,0.0000,0.0000,-13.0000,,,,CHO,0.0000,-12.8330,0.0000,-12.8344,0.0000,0.0000,0.000,0.000,,0.0,,,,,,,0,,0
56.2107,1790267731.709321,0.0201,0,,,0.000,,,0.0000,0.0000,0.0000,0.0000,0.0000,-13.0000,,,,CHO,0.0000,-12.8330,0.0000,-12.8344,0.0000,0.0000,0.000,0.000,,0.0,,,,,,,0,,0
56.2307,1790267731.729384,0.0200,0,,,0.000,,,0.0000,0.0000,0.0000,0.0000,0.0000,-13.0000,,,,CHO,0.0000,-12.8330,0.0000,-12.8344,0.0000,0.0000,0.000,0.000,,0.0,,,,,,,0,,0
56.2512,1790267731.749898,0.0205,0,,,0.000,,,0.0000,0.0000,0.0000,0.0000,0.0000,-13.0000,,,,CHO,0.0000,-12.8330,0.0000,-12.8344,0.0000,0.0000,0.000,0.000,,0.0,,,,,,,0,,0
56.2719,1790267731.770504,0.0207,0,,,0.000,,,0.0000,0.0000,0.0000,0.0000,0.0000,-13.0000,,,,CHO,0.0000,-12.8330,0.0000,-12.8344,0.0000,0.0000,0.000,0.000,,0.0,,,,,,,0,,0
56.2923,1790267731.791049,0.0205,0,,,0.000,,,0.0000,0.0000,0.0000,0.0000,0.0000,-13.0000,,,,CHO,0.0000,-12.8330,0.0000,-12.8344,0.0000,0.0000,0.000,0.000,,0.0,,,,,,,0,,0
56.3124,1790267731.811101,0.0201,0,,,0.000,,,0.0000,0.0000,0.0000,0.0000,0.0000,-13.0000,,,,CHO,0.0000,-12.8330,0.0000,-12.8344,0.0000,0.0000,0.000,0.000,,0.0,,,,,,,0,,0
56.3330,1790267731.831511,0.0205,0,,,0.000,,,0.0000,0.0000,0.0000,0.0000,0.0000,-13.0000,,,,CHO,0.0000,-12.8330,0.0000,-12.8344,0.0000,0.0000,0.000,0.000,,0.0,,,,,,,0,,0
56.3530,1790267731.851710,0.0201,0,,,0.000,,,0.0000,0.0000,0.0000,0.0000,0.0000,-13.0000,,,,CHO,0.0000,-12.8330,0.0000,-12.8344,0.0000,0.0000,0.000,0.000,,0.0,,,,,,,0,,0
56.3733,1790267731.871898,0.0202,0,,,0.000,,,0.0000,0.0000,0.0000,0.0000,0.0000,-13.0000,,,,CHO,0.0000,-12.8330,0.0000,-12.8344,0.0000,0.0000,0.000,0.000,,0.0,,,,,,,0,,0
56.3935,1790267731.892082,0.0202,0,,,0.000,,,0.0000,0.0000,0.0000,0.0000,0.0000,-13.0000,,,,CHO,0.0000,-12.8330,0.0000,-12.8344,0.0000,0.0000,0.000,0.000,,0.0,,,,,,,0,,0
56.4164,1790267731.914907,0.0229,0,,,0.000,,,0.0000,0.0000,0.0000,0.0000,0.0000,-13.0000,,,,CHO,0.0000,-12.8330,0.0000,-12.8344,0.0000,0.0000,0.000,0.000,,0.0,,,,,,,0,,0
56.4367,1790267731.935314,0.0203,0,,,0.000,,,0.0000,0.0000,0.0000,0.0000,0.0000,-13.0000,,,,CHO,0.0000,-12.8330,0.0000,-12.8344,0.0000,0.0000,0.000,0.000,,0.0,,,,,,,0,,0
56.4569,1790267731.955456,0.0202,0,,,0.000,,,0.0000,0.0000,0.0000,0.0000,0.0000,-13.0000,,,,CHO,0.0000,-12.8330,0.0000,-12.8344,0.0000,0.0000,0.000,0.000,,0.0,,,,,,,0,,0
56.4781,1790267731.976473,0.0212,0,,,0.000,,,0.0000,0.0000,0.0000,0.0000,0.0000,-13.0000,,,,CHO,0.0000,-12.8330,0.0000,-12.8344,0.0000,0.0000,0.000,0.000,,0.0,,,,,,,0,,0
56.4983,1790267731.997000,0.0202,0,,,0.000,,,0.0000,0.0000,0.0000,0.0000,0.0000,-13.0000,,,,CHO,0.0000,-12.8330,0.0000,-12.8344,0.0000,0.0000,0.000,0.000,,0.0,,,,,,,0,,0
56.5200,1790267732.018739,0.0217,0,,,0.000,,,0.0000,0.0000,0.0000,0.0000,0.0000,-13.0000,,,,CHO,0.0000,-12.8330,0.0000,-12.8344,0.0000,0.0000,0.000,0.000,,0.0,,,,,,,0,,0
56.5403,1790267732.039042,0.0204,0,,,0.000,,,0.0000,0.0000,0.0000,0.0000,0.0000,-13.0000,,,,CHO,0.0000,-12.8330,0.0000,-12.8344,0.0000,0.0000,0.000,0.000,,0.0,,,,,,,0,,0
56.5609,1790267732.059394,0.0206,0,,,0.000,,,0.0000,0.0000,0.0000,0.0000,0.0000,-13.0000,,,,CHO,0.0000,-12.8330,0.0000,-12.8344,0.0000,0.0000,0.000,0.000,,0.0,,,,,,,0,,0
56.5814,1790267732.080076,0.0204,0,,,0.000,,,0.0000,0.0000,0.0000,0.0000,0.0000,-13.0000,,,,CHO,0.0000,-12.8330,0.0000,-12.8344,0.0000,0.0000,0.000,0.000,,0.0,,,,,,,0,,0
56.6014,1790267732.100110,0.0201,0,,,0.000,,,0.0000,0.0000,0.0000,0.0000,0.0000,-13.0000,,,,CHO,0.0000,-12.8330,0.0000,-12.8344,0.0000,0.0000,0.000,0.000,,0.0,,,,,,,0,,0
56.6217,1790267732.120334,0.0202,0,,,0.000,,,0.0000,0.0000,0.0000,0.0000,0.0000,-13.0000,,,,CHO,0.0000,-12.8330,0.0000,-12.8344,0.0000,0.0000,0.000,0.000,,0.0,,,,,,,0,,0
56.6423,1790267732.140985,0.0206,0,,,0.000,,,0.0000,0.0000,0.0000,0.0000,0.0000,-13.0000,,,,CHO,0.0000,-12.8330,0.0000,-12.8344,0.0000,0.0000,0.000,0.000,,0.0,,,,,,,0,,0
56.6625,1790267732.161226,0.0202,0,,,0.000,,,0.0000,0.0000,0.0000,0.0000,0.0000,-13.0000,,,,CHO,0.0000,-12.8330,0.0000,-12.8344,0.0000,0.0000,0.000,0.000,,0.0,,,,,,,0,,0
56.6825,1790267732.181237,0.0200,0,,,0.000,,,0.0000,0.0000,0.0000,0.0000,0.0000,-13.0000,,,,CHO,0.0000,-12.8330,0.0000,-12.8344,0.0000,0.0000,0.000,0.000,,0.0,,,,,,,0,,0
56.7030,1790267732.201678,0.0204,0,,,0.000,,,0.0000,0.0000,0.0000,0.0000,0.0000,-13.0000,,,,CHO,0.0000,-12.8330,0.0000,-12.8344,0.0000,0.0000,0.000,0.000,,0.0,,,,,,,0,,0
56.7234,1790267732.222058,0.0204,0,,,0.000,,,0.0000,0.0000,0.0000,0.0000,0.0000,-13.0000,,,,CHO,0.0000,-12.8330,0.0000,-12.8344,0.0000,0.0000,0.000,0.000,,0.0,,,,,,,0,,0
56.7434,1790267732.242085,0.0200,0,,,0.000,,,0.0000,0.0000,0.0000,0.0000,0.0000,-13.0000,,,,CHO,0.0000,-12.8330,0.0000,-12.8344,0.0000,0.0000,0.000,0.000,,0.0,,,,,,,0,,0
56.7639,1790267732.262553,0.0205,0,,,0.000,,,0.0000,0.0000,0.0000,0.0000,0.0000,-13.0000,,,,CHO,0.0000,-12.8330,0.0000,-12.8344,0.0000,0.0000,0.000,0.000,,0.0,,,,,,,0,,0
56.7839,1790267732.282599,0.0201,0,,,0.000,,,0.0000,0.0000,0.0000,0.0000,0.0000,-13.0000,,,,CHO,0.0000,-12.8330,0.0000,-12.8344,0.0000,0.0000,0.000,0.000,,0.0,,,,,,,0,,0
56.8043,1790267732.302828,0.0204,0,,,0.000,,,0.0000,0.0000,0.0000,0.0000,0.0000,-13.0000,,,,CHO,0.0000,-12.8330,0.0000,-12.8344,0.0000,0.0000,0.000,0.000,,0.0,,,,,,,0,,0
56.8249,1790267732.323495,0.0206,0,,,0.000,,,0.0000,0.0000,0.0000,0.0000,0.0000,-13.0000,,,,CHO,0.0000,-12.8330,0.0000,-12.8344,0.0000,0.0000,0.000,0.000,,0.0,,,,,,,0,,0
56.8451,1790267732.343679,0.0202,0,,,0.000,,,0.0000,0.0000,0.0000,0.0000,0.0000,-13.0000,,,,CHO,0.0000,-12.8330,0.0000,-12.8344,0.0000,0.0000,0.000,0.000,,0.0,,,,,,,0,,0
56.8665,1790267732.365083,0.0214,0,,,0.000,,,0.0000,0.0000,0.0000,0.0000,0.0000,-13.0000,,,,CHO,0.0000,-12.8330,0.0000,-12.8344,0.0000,0.0000,0.000,0.000,,0.0,,,,,,,0,,0
56.8875,1790267732.386291,0.0210,0,,,0.000,,,0.0000,0.0000,0.0000,0.0000,0.0000,-13.0000,,,,CHO,0.0000,-12.8330,0.0000,-12.8344,0.0000,0.0000,0.000,0.000,,0.0,,,,,,,0,,0
56.9082,1790267732.406686,0.0207,0,,,0.000,,,0.0000,0.0000,0.0000,0.0000,0.0000,-13.0000,,,,CHO,0.0000,-12.8330,0.0000,-12.8344,0.0000,0.0000,0.000,0.000,,0.0,,,,,,,0,,0
56.9285,1790267732.427149,0.0203,0,,,0.000,,,0.0000,0.0000,0.0000,0.0000,0.0000,-13.0000,,,,CHO,0.0000,-12.8330,0.0000,-12.8344,0.0000,0.0000,0.000,0.000,,0.0,,,,,,,0,,0
56.9496,1790267732.448027,0.0211,0,,,0.000,,,0.0000,0.0000,0.0000,0.0000,0.0000,-13.0000,,,,CHO,0.0000,-12.8330,0.0000,-12.8344,0.0000,0.0000,0.000,0.000,,0.0,,,,,,,0,,0
56.9700,1790267732.468641,0.0204,0,,,0.000,,,0.0000,0.0000,0.0000,0.0000,0.0000,-13.0000,,,,CHO,0.0000,-12.8330,0.0000,-12.8344,0.0000,0.0000,0.000,0.000,,0.0,,,,,,,0,,0
56.9901,1790267732.488709,0.0201,0,,,0.000,,,0.0000,0.0000,0.0000,0.0000,0.0000,-13.0000,,,,CHO,0.0000,-12.8330,0.0000,-12.8344,0.0000,0.0000,0.000,0.000,,0.0,,,,,,,0,,0
57.0102,1790267732.508848,0.0201,0,,,0.000,,,0.0000,0.0000,0.0000,0.0000,0.0000,-13.0000,,,,CHO,0.0000,-12.8330,0.0000,-12.8344,0.0000,0.0000,0.000,0.000,,0.0,,,,,,,0,,0
57.0346,1790267732.533008,0.0244,0,,,0.000,,,0.0000,0.0000,0.0000,0.0000,0.0000,-13.0000,,,,CHO,0.0000,-12.8330,0.0000,-12.8344,0.0000,0.0000,0.000,0.000,,0.0,,,,,,,0,,0
57.0548,1790267732.553462,0.0202,0,,,0.000,,,0.0000,0.0000,0.0000,0.0000,0.0000,-13.0000,,,,CHO,0.0000,-12.8330,0.0000,-12.8344,0.0000,0.0000,0.000,0.000,,0.0,,,,,,,0,,0
57.0749,1790267732.573488,0.0201,0,,,0.000,,,0.0000,0.0000,0.0000,0.0000,0.0000,-13.0000,,,,CHO,0.0000,-12.8330,0.0000,-12.8344,0.0000,0.0000,0.000,0.000,,0.0,,,,,,,0,,0
57.0955,1790267732.594173,0.0206,0,,,0.000,,,0.0000,0.0000,0.0000,0.0000,0.0000,-13.0000,,,,CHO,0.0000,-12.8330,0.0000,-12.8344,0.0000,0.0000,0.000,0.000,,0.0,,,,,,,0,,0
57.1160,1790267732.614654,0.0205,0,,,0.000,,,0.0000,0.0000,0.0000,0.0000,0.0000,-13.0000,,,,CHO,0.0000,-12.8330,0.0000,-12.8344,0.0000,0.0000,0.000,0.000,,0.0,,,,,,,0,,0
57.1364,1790267732.634987,0.0205,0,,,0.000,,,0.0000,0.0000,0.0000,0.0000,0.0000,-13.0000,,,,CHO,0.0000,-12.8330,0.0000,-12.8344,0.0000,0.0000,0.000,0.000,,0.0,,,,,,,0,,0
57.1569,1790267732.655512,0.0205,0,,,0.000,,,0.0000,0.0000,0.0000,0.0000,0.0000,-13.0000,,,,CHO,0.0000,-12.8330,0.0000,-12.8344,0.0000,0.0000,0.000,0.000,,0.0,,,,,,,0,,0
57.1771,1790267732.675785,0.0202,0,,,0.000,,,0.0000,0.0000,0.0000,0.0000,0.0000,-13.0000,,,,CHO,0.0000,-12.8330,0.0000,-12.8344,0.0000,0.0000,0.000,0.000,,0.0,,,,,,,0,,0
