t,epoch_s,dt,co_do,u,v,conf,theta_m,phi_m,theta_hat,dtheta_hat,phi_hat,dphi_hat,theta_du_doan,phi_du_doan,ld_huong,ld_cu_ly,ld_toc_do,trang_thai,theta_s,phi_s,theta_cmd,phi_cmd,e_theta,e_phi,u_theta,u_phi,nis,t_inf,e_px,ld_id,iff_ket,iff_ly_do,iff_ms,the_che_do,luot,nhan,dang_do
0.0205,1790253253.965551,0.0205,0,,,0.000,,,0.0000,0.0000,0.0000,0.0000,0.0000,-13.0000,,,,CHO,0.0000,0.0000,0.0000,-0.1678,0.0000,-13.0000,0.000,-8.192,,0.0,,,,,,BAN,0,,0
0.0409,1790253253.986009,0.0204,0,,,0.000,,,0.0000,0.0000,0.0000,0.0000,0.0000,-13.0000,,,,CHO,0.0000,0.0000,0.0000,-0.5025,0.0000,-13.0000,0.000,-16.371,,0.0,,,,,,BAN,0,,0
0.0615,1790253254.006620,0.0206,0,,,0.000,,,0.0000,0.0000,0.0000,0.0000,0.0000,-13.0000,,,,CHO,0.0000,0.0000,0.0000,-1.0100,0.0000,-13.0000,0.000,-24.617,,0.0,,,,,,BAN,0,,0
0.0817,1790253254.026698,0.0201,0,,,0.000,,,0.0000,0.0000,0.0000,0.0000,0.0000,-13.0000,,,,CHO,0.0000,0.0000,0.0000,-1.6669,0.0000,-13.0000,0.000,-32.661,,0.0,,,,,,BAN,0,,0
0.1021,1790253254.047104,0.0204,0,,,0.000,,,0.0000,0.0000,0.0000,0.0000,0.0000,-13.0000,,,,CHO,0.0000,0.0000,0.0000,-2.4997,0.0000,-13.0000,0.000,-40.822,,0.0,,,,,,BAN,0,,0
0.1221,1790253254.067148,0.0200,0,,,0.000,,,0.0000,0.0000,0.0000,0.0000,0.0000,-13.0000,,,,CHO,0.0000,0.0000,0.0000,-3.4768,0.0000,-13.0000,0.000,-48.827,,0.0,,,,,,BAN,0,,0
0.1422,1790253254.087255,0.0201,0,,,0.000,,,0.0000,0.0000,0.0000,0.0000,0.0000,-13.0000,,,,CHO,0.0000,-0.0518,0.0000,-4.6204,0.0000,-12.9482,0.000,-56.871,,0.0,,,,,,BAN,0,,0
0.1624,1790253254.107501,0.0203,0,,,0.000,,,0.0000,0.0000,0.0000,0.0000,0.0000,-13.0000,,,,CHO,0.0000,-0.1917,0.0000,-5.9113,0.0000,-12.8083,0.000,-63.731,,0.0,,,,,,BAN,0,,0
0.1827,1790253254.127792,0.0203,0,,,0.000,,,0.0000,0.0000,0.0000,0.0000,0.0000,-13.0000,,,,CHO,0.0000,-0.4460,0.0000,-7.1713,0.0000,-12.5540,0.000,-62.093,,0.0,,,,,,BAN,0,,0
0.2027,1790253254.147825,0.0200,0,,,0.000,,,0.0000,0.0000,0.0000,0.0000,0.0000,-13.0000,,,,CHO,0.0000,-0.8219,0.0000,-8.3668,0.0000,-12.1781,0.000,-59.720,,0.0,,,,,,BAN,0,,0
0.2232,1790253254.168273,0.0205,0,,,0.000,,,0.0000,0.0000,0.0000,0.0000,0.0000,-13.0000,,,,CHO,0.0000,-1.3462,0.0000,-9.5219,0.0000,-11.6538,0.000,-56.470,,0.0,,,,,,BAN,0,,0
0.2435,1790253254.188540,0.0203,0,,,0.000,,,0.0000,0.0000,0.0000,0.0000,0.0000,-13.0000,,,,CHO,0.0000,-2.0078,0.0000,-10.5846,0.0000,-10.9922,0.000,-52.440,,0.0,,,,,,BAN,0,,0
0.2640,1790253254.209059,0.0205,0,,,0.000,,,0.0000,0.0000,0.0000,0.0000,0.0000,-13.0000,,,,CHO,0.0000,-2.8260,0.0000,-11.5600,0.0000,-10.1740,0.000,-47.535,,0.0,,,,,,BAN,0,,0
0.2840,1790253254.229082,0.0200,0,,,0.000,,,0.0000,0.0000,0.0000,0.0000,0.0000,-13.0000,,,,CHO,0.0000,-3.7761,0.0000,-12.3992,0.0000,-9.2239,0.000,-41.911,,0.0,,,,,,BAN,0,,0
0.3044,1790253254.249486,0.0204,0,,,0.000,,,0.0000,0.0000,0.0000,0.0000,0.0000,-13.0000,,,,CHO,0.0000,-4.8365,0.0000,-13.1303,0.0000,-8.1635,0.000,-35.770,,0.0,,,,,,BAN,0,,0
0.3247,1790253254.269729,0.0203,0,,,0.000,,,0.0000,0.0000,0.0000,0.0000,0.0000,-13.0000,,,,CHO,0.0000,-5.9328,0.0000,-13.7297,0.0000,-7.0672,0.000,-29.574,,0.0,,,,,,BAN,0,,0
0.3451,1790253254.290188,0.0204,0,,,0.000,,,0.0000,0.0000,0.0000,0.0000,0.0000,-13.0000,,,,CHO,0.0000,-7.0526,0.0000,-14.2072,0.0000,-5.9474,0.000,-23.396,,0.0,,,,,,BAN,0,,0
0.3653,1790253254.310354,0.0202,0,,,0.000,,,0.0000,0.0000,0.0000,0.0000,0.0000,-13.0000,,,,CHO,0.0000,-8.1473,0.0000,-14.5610,0.0000,-4.8527,0.000,-17.508,,0.0,,,,,,BAN,0,,0
0.3859,1790253254.330913,0.0206,0,,,0.000,,,0.0000,0.0000,0.0000,0.0000,0.0000,-13.0000,,,,CHO,0.0000,-9.2173,0.0000,-14.8058,0.0000,-3.7827,0.000,-11.910,,0.0,,,,,,BAN,0,,0
0.4061,1790253254.351213,0.0203,0,,,0.000,,,0.0000,0.0000,0.0000,0.0000,0.0000,-13.0000,,,,CHO,0.0000,-10.2048,0.0000,-14.9455,0.0000,-2.7952,0.000,-6.899,,0.0,,,,,,BAN,0,,0
0.4263,1790253254.371340,0.0202,0,,,0.000,,,0.0000,0.0000,0.0000,0.0000,0.0000,-13.0000,,,,CHO,0.0000,-11.1116,0.0000,-14.9950,0.0000,-1.8884,0.000,-2.446,,0.0,,,,,,BAN,0,,0
0.4468,1790253254.391904,0.0205,0,,,0.000,,,0.0000,0.0000,0.0000,0.0000,0.0000,-13.0000,,,,CHO,0.0000,-11.9304,0.0000,-14.9660,0.0000,-1.0696,0.000,1.413,,0.0,,,,,,BAN,0,,0
0.5000,1790253254.445461,0.0532,0,,,0.000,,,0.0000,0.0000,0.0000,0.0000,0.0000,-13.0000,,,,CHO,0.0000,-13.3551,0.0000,-14.6712,0.0000,0.0000,0.000,5.545,,0.0,,,,,,BAN,0,,0
0.5208,1790253254.465648,0.0208,0,,,0.000,,,0.0000,0.0000,0.0000,0.0000,0.0000,-13.0000,,,,CHO,0.0000,-13.8138,0.0000,-14.5669,0.0000,0.0000,0.000,5.012,,0.0,,,,,,BAN,0,,0
0.5411,1790253254.486197,0.0203,0,,,0.000,,,0.0000,0.0000,0.0000,0.0000,0.0000,-13.0000,,,,CHO,0.0000,-14.1658,0.0000,-14.3582,0.0000,1.1658,0.000,10.278,,0.0,,,,,,BAN,0,,0
0.5615,1790253254.506542,0.0204,0,,,0.000,,,0.0000,0.0000,0.0000,0.0000,0.0000,-13.0000,,,,CHO,0.0000,-14.4089,0.0000,-14.1365,0.0000,1.4089,0.000,10.870,,0.0,,,,,,BAN,0,,0
0.5817,1790253254.526672,0.0202,0,,,0.000,,,0.0000,0.0000,0.0000,0.0000,0.0000,-13.0000,,,,CHO,0.0000,-14.5752,0.0000,-13.9122,0.0000,1.5752,0.000,11.099,,0.0,,,,,,BAN,0,,0
0.6024,1790253254.547447,0.0207,0,,,0.000,,,0.0000,0.0000,0.0000,0.0000,0.0000,-13.0000,,,,CHO,0.0000,-14.6919,0.0000,-13.6820,0.0000,1.6919,0.000,11.119,,0.0,,,,,,BAN,0,,0
0.6231,1790253254.568118,0.0207,0,,,0.000,,,0.0000,0.0000,0.0000,0.0000,0.0000,-13.0000,,,,CHO,0.0000,-14.6854,0.0000,-13.4655,0.0000,1.6854,0.000,10.444,,0.0,,,,,,BAN,0,,0
0.6437,1790253254.588667,0.0205,0,,,0.000,,,0.0000,0.0000,0.0000,0.0000,0.0000,-13.0000,,,,CHO,0.0000,-14.6483,0.0000,-13.2658,0.0000,1.6483,0.000,9.720,,0.0,,,,,,BAN,0,,0
0.6642,1790253254.609232,0.0205,0,,,0.000,,,0.0000,0.0000,0.0000,0.0000,0.0000,-13.0000,,,,CHO,0.0000,-14.5575,0.0000,-13.0861,0.0000,1.5575,0.000,8.762,,0.0,,,,,,BAN,0,,0
0.6846,1790253254.629660,0.0204,0,,,0.000,,,0.0000,0.0000,0.0000,0.0000,0.0000,-13.0000,,,,CHO,0.0000,-14.4260,0.0000,-12.9298,0.0000,1.4260,0.000,7.649,,0.0,,,,,,BAN,0,,0
0.7048,1790253254.649822,0.0202,0,,,0.000,,,0.0000,0.0000,0.0000,0.0000,0.0000,-13.0000,,,,CHO,0.0000,-14.2670,0.0000,-12.7996,0.0000,1.2670,0.000,6.459,,0.0,,,,,,BAN,0,,0
0.7253,1790253254.670252,0.0205,0,,,0.000,,,0.0000,0.0000,0.0000,0.0000,0.0000,-13.0000,,,,CHO,0.0000,-14.0841,0.0000,-12.6931,0.0000,1.0841,0.000,5.201,,0.0,,,,,,BAN,0,,0
0.7453,1790253254.690298,0.0200,0,,,0.000,,,0.0000,0.0000,0.0000,0.0000,0.0000,-13.0000,,,,CHO,0.0000,-13.8936,0.0000,-12.7031,0.0000,0.0000,0.000,-0.499,,0.0,,,,,,BAN,0,,0
0.7657,1790253254.710705,0.0204,0,,,0.000,,,0.0000,0.0000,0.0000,0.0000,0.0000,-13.0000,,,,CHO,0.0000,-13.6977,0.0000,-12.7178,0.0000,0.0000,0.000,-0.719,,0.0,,,,,,BAN,0,,0
0.7863,1790253254.731203,0.0206,0,,,0.000,,,0.0000,0.0000,0.0000,0.0000,0.0000,-13.0000,,,,CHO,0.0000,-13.5057,0.0000,-12.7359,0.0000,0.0000,0.000,-0.880,,0.0,,,,,,BAN,0,,0
0.8063,1790253254.751277,0.0200,0,,,0.000,,,0.0000,0.0000,0.0000,0.0000,0.0000,-13.0000,,,,CHO,0.0000,-13.3284,0.0000,-12.7556,0.0000,0.0000,0.000,-0.983,,0.0,,,,,,BAN,0,,0
0.8271,1790253254.772060,0.0208,0,,,0.000,,,0.0000,0.0000,0.0000,0.0000,0.0000,-13.0000,,,,CHO,0.0000,-13.1611,0.0000,-12.7772,0.0000,0.0000,0.000,-1.036,,0.0,,,,,,BAN,0,,0
0.8473,1790253254.792198,0.0202,0,,,0.000,,,0.0000,0.0000,0.0000,0.0000,0.0000,-13.0000,,,,CHO,0.0000,-13.0163,0.0000,-12.7983,0.0000,0.0000,0.000,-1.046,,0.0,,,,,,BAN,0,,0
0.8678,1790253254.812773,0.0205,0,,,0.000,,,0.0000,0.0000,0.0000,0.0000,0.0000,-13.0000,,,,CHO,0.0000,-12.9151,0.0000,-12.8182,0.0000,0.0000,0.000,-0.974,,0.0,,,,,,BAN,0,,0
0.8881,1790253254.833055,0.0203,0,,,0.000,,,0.0000,0.0000,0.0000,0.0000,0.0000,-13.0000,,,,CHO,0.0000,-12.8460,0.0000,-12.8358,0.0000,0.0000,0.000,-0.865,,0.0,,,,,,BAN,0,,0
0.9083,1790253254.853222,0.0201,0,,,0.000,,,0.0000,0.0000,0.0000,0.0000,0.0000,-13.0000,,,,CHO,0.0000,-12.7988,0.0000,-12.8508,0.0000,0.0000,0.000,-0.746,,0.0,,,,,,BAN,0,,0
0.9285,1790253254.873376,0.0203,0,,,0.000,,,0.0000,0.0000,0.0000,0.0000,0.0000,-13.0000,,,,CHO,0.0000,-12.7660,0.0000,-12.8636,0.0000,0.0000,0.000,-0.629,,0.0,,,,,,BAN,0,,0
0.9490,1790253254.893968,0.0205,0,,,0.000,,,0.0000,0.0000,0.0000,0.0000,0.0000,-13.0000,,,,CHO,0.0000,-12.7432,0.0000,-12.8742,0.0000,0.0000,0.000,-0.520,,0.0,,,,,,BAN,0,,0
0.9696,1790253254.914630,0.0206,0,,,0.000,,,0.0000,0.0000,0.0000,0.0000,0.0000,-13.0000,,,,CHO,0.0000,-12.7605,0.0000,-12.8818,0.0000,0.0000,0.000,-0.368,,0.0,,,,,,BAN,0,,0
0.9899,1790253254.934808,0.0202,0,,,0.000,,,0.0000,0.0000,0.0000,0.0000,0.0000,-13.0000,,,,CHO,0.0000,-12.7722,0.0000,-12.8871,0.0000,0.0000,0.000,-0.262,,0.0,,,,,,BAN,0,,0
1.0102,1790253254.955112,0.0203,0,,,0.000,,,0.0000,0.0000,0.0000,0.0000,0.0000,-13.0000,,,,CHO,0.0000,-12.7803,0.0000,-12.8909,0.0000,0.0000,0.000,-0.187,,0.0,,,,,,BAN,0,,0
1.0306,1790253254.975394,0.0204,0,,,0.000,,,0.0000,0.0000,0.0000,0.0000,0.0000,-13.0000,,,,CHO,0.0000,-12.7859,0.0000,-12.8936,0.0000,0.0000,0.000,-0.133,,0.0,,,,,,BAN,0,,0
1.0510,1790253254.996112,0.0205,0,,,0.000,,,0.0000,0.0000,0.0000,0.0000,0.0000,-13.0000,,,,CHO,0.0000,-12.7898,0.0000,-12.8956,0.0000,0.0000,0.000,-0.095,,0.0,,,,,,BAN,0,,0
1.0715,1790253255.016498,0.0204,0,,,0.000,,,0.0000,0.0000,0.0000,0.0000,0.0000,-13.0000,,,,CHO,0.0000,-12.7924,0.0000,-12.8970,0.0000,0.0000,0.000,-0.068,,0.0,,,,,,BAN,0,,0
1.0921,1790253255.037048,0.0206,0,,,0.000,,,0.0000,0.0000,0.0000,0.0000,0.0000,-13.0000,,,,CHO,0.0000,-12.7943,0.0000,-12.8980,0.0000,0.0000,0.000,-0.049,,0.0,,,,,,BAN,0,,0
1.1130,1790253255.058375,0.0208,0,,,0.000,,,0.0000,0.0000,0.0000,0.0000,0.0000,-13.0000,,,,CHO,0.0000,-12.7955,0.0000,-12.8987,0.0000,0.0000,0.000,-0.035,,0.0,,,,,,BAN,0,,0
1.1330,1790253255.078023,0.0200,0,,,0.000,,,0.0000,0.0000,0.0000,0.0000,0.0000,-13.0000,,,,CHO,0.0000,-12.7964,0.0000,-12.8992,0.0000,0.0000,0.000,-0.026,,0.0,,,,,,BAN,0,,0
1.1531,1790253255.097908,0.0201,0,,,0.000,,,0.0000,0.0000,0.0000,0.0000,0.0000,-13.0000,,,,CHO,0.0000,-12.7969,0.0000,-12.8996,0.0000,0.0000,0.000,-0.019,,0.0,,,,,,BAN,0,,0
1.1734,1790253255.118421,0.0203,0,,,0.000,,,0.0000,0.0000,0.0000,0.0000,0.0000,-13.0000,,,,CHO,0.0000,-12.7974,0.0000,-12.8999,0.0000,0.0000,0.000,-0.014,,0.0,,,,,,BAN,0,,0
1.1935,1790253255.138523,0.0201,0,,,0.000,,,0.0000,0.0000,0.0000,0.0000,0.0000,-13.0000,,,,CHO,0.0000,-12.7976,0.0000,-12.9001,0.0000,0.0000,0.000,-0.010,,0.0,,,,,,BAN,0,,0
1.2141,1790253255.159158,0.0207,0,,,0.000,,,0.0000,0.0000,0.0000,0.0000,0.0000,-13.0000,,,,CHO,0.0000,-12.7978,0.0000,-12.9002,0.0000,0.0000,0.000,-0.007,,0.0,,,,,,BAN,0,,0
1.2347,1790253255.179675,0.0206,0,,,0.000,,,0.0000,0.0000,0.0000,0.0000,0.0000,-13.0000,,,,CHO,0.0000,-12.8295,0.0000,-12.8992,0.0000,0.0000,0.000,0.049,,0.0,,,,,,BAN,0,,0
1.2551,1790253255.200140,0.0204,0,,,0.000,,,0.0000,0.0000,0.0000,0.0000,0.0000,-13.0000,,,,CHO,0.0000,-12.8511,0.0000,-12.8977,0.0000,0.0000,0.000,0.075,,0.0,,,,,,BAN,0,,0
1.2756,1790253255.220611,0.0205,0,,,0.000,,,0.0000,0.0000,0.0000,0.0000,0.0000,-13.0000,,,,CHO,0.0000,-12.8660,0.0000,-12.8960,0.0000,0.0000,0.000,0.083,,0.0,,,,,,BAN,0,,0
1.2958,1790253255.240862,0.0202,0,,,0.000,,,0.0000,0.0000,0.0000,0.0000,0.0000,-13.0000,,,,CHO,0.0000,-12.8761,0.0000,-12.8944,0.0000,0.0000,0.000,0.081,,0.0,,,,,,BAN,0,,0
1.3162,1790253255.261270,0.0204,0,,,0.000,,,0.0000,0.0000,0.0000,0.0000,0.0000,-13.0000,,,,CHO,0.0000,-12.8832,0.0000,-12.8929,0.0000,0.0000,0.000,0.074,,0.0,,,,,,BAN,0,,0
1.3364,1790253255.281480,0.0202,0,,,0.000,,,0.0000,0.0000,0.0000,0.0000,0.0000,-13.0000,,,,CHO,0.0000,-12.8880,0.0000,-12.8916,0.0000,0.0000,0.000,0.065,,0.0,,,,,,BAN,0,,0
1.3571,1790253255.302097,0.0207,0,,,0.000,,,0.0000,0.0000,0.0000,0.0000,0.0000,-13.0000,,,,CHO,0.0000,-12.8914,0.0000,-12.8904,0.0000,0.0000,0.000,0.056,,0.0,,,,,,BAN,0,,0
1.3772,1790253255.322009,0.0201,0,,,0.000,,,0.0000,0.0000,0.0000,0.0000,0.0000,-13.0000,,,,CHO,0.0000,-12.8936,0.0000,-12.8895,0.0000,0.0000,0.000,0.047,,0.0,,,,,,BAN,0,,0
1.3977,1790253255.342699,0.0205,0,,,0.000,,,0.0000,0.0000,0.0000,0.0000,0.0000,-13.0000,,,,CHO,0.0000,-12.8952,0.0000,-12.8887,0.0000,0.0000,0.000,0.038,,0.0,,,,,,BAN,0,,0
1.4182,1790253255.363246,0.0205,0,,,0.000,,,0.0000,0.0000,0.0000,0.0000,0.0000,-13.0000,,,,CHO,0.0000,-12.8963,0.0000,-12.8880,0.0000,0.0000,0.000,0.031,,0.0,,,,,,BAN,0,,0
1.4383,1790253255.383289,0.0201,0,,,0.000,,,0.0000,0.0000,0.0000,0.0000,0.0000,-13.0000,,,,CHO,0.0000,-12.8971,0.0000,-12.8875,0.0000,0.0000,0.000,0.025,,0.0,,,,,,BAN,0,,0
1.4583,1790253255.403289,0.0200,0,,,0.000,,,0.0000,0.0000,0.0000,0.0000,0.0000,-13.0000,,,,CHO,0.0000,-12.8976,0.0000,-12.8871,0.0000,0.0000,0.000,0.020,,0.0,,,,,,BAN,0,,0
1.4785,1790253255.423556,0.0203,0,,,0.000,,,0.0000,0.0000,0.0000,0.0000,0.0000,-13.0000,,,,CHO,0.0000,-12.8979,0.0000,-12.8868,0.0000,0.0000,0.000,0.016,,0.0,,,,,,BAN,0,,0
1.4985,1790253255.443506,0.0200,0,,,0.000,,,0.0000,0.0000,0.0000,0.0000,0.0000,-13.0000,,,,CHO,0.0000,-12.8982,0.0000,-12.8865,0.0000,0.0000,0.000,0.013,,0.0,,,,,,BAN,0,,0
1.5194,1790253255.464332,0.0209,0,,,0.000,,,0.0000,0.0000,0.0000,0.0000,0.0000,-13.0000,,,,CHO,0.0000,-12.8984,0.0000,-12.8863,0.0000,0.0000,0.000,0.010,,0.0,,,,,,BAN,0,,0
1.5396,1790253255.484558,0.0202,0,,,0.000,,,0.0000,0.0000,0.0000,0.0000,0.0000,-13.0000,,,,CHO,0.0000,-12.8985,0.0000,-12.8862,0.0000,0.0000,0.000,0.008,,0.0,,,,,,BAN,0,,0
1.5602,1790253255.505077,0.0206,0,,,0.000,,,0.0000,0.0000,0.0000,0.0000,0.0000,-13.0000,,,,CHO,0.0000,-12.8985,0.0000,-12.8860,0.0000,0.0000,0.000,0.006,,0.0,,,,,,BAN,0,,0
1.5802,1790253255.525169,0.0200,0,,,0.000,,,0.0000,0.0000,0.0000,0.0000,0.0000,-13.0000,,,,CHO,0.0000,-12.8986,0.0000,-12.8859,0.0000,0.0000,0.000,0.005,,0.0,,,,,,BAN,0,,0
1.6006,1790253255.545581,0.0204,0,,,0.000,,,0.0000,0.0000,0.0000,0.0000,0.0000,-13.0000,,,,CHO,0.0000,-12.8986,0.0000,-12.8859,0.0000,0.0000,0.000,0.004,,0.0,,,,,,BAN,0,,0
1.6208,1790253255.565928,0.0203,0,,,0.000,,,0.0000,0.0000,0.0000,0.0000,0.0000,-13.0000,,,,CHO,0.0000,-12.8987,0.0000,-12.8858,0.0000,0.0000,0.000,0.003,,0.0,,,,,,BAN,0,,0
1.6411,1790253255.586136,0.0202,0,,,0.000,,,0.0000,0.0000,0.0000,0.0000,0.0000,-13.0000,,,,CHO,0.0000,-12.8987,0.0000,-12.8858,0.0000,0.0000,0.000,0.002,,0.0,,,,,,BAN,0,,0
1.6617,1790253255.606747,0.0207,0,,,0.000,,,0.0000,0.0000,0.0000,0.0000,0.0000,-13.0000,,,,CHO,0.0000,-12.8987,0.0000,-12.8857,0.0000,0.0000,0.000,0.002,,0.0,,,,,,BAN,0,,0
1.6819,1790253255.626972,0.0202,0,,,0.000,,,0.0000,0.0000,0.0000,0.0000,0.0000,-13.0000,,,,CHO,0.0000,-12.8987,0.0000,-12.8857,0.0000,0.0000,0.000,0.001,,0.0,,,,,,BAN,0,,0
1.7022,1790253255.647264,0.0203,0,,,0.000,,,0.0000,0.0000,0.0000,0.0000,0.0000,-13.0000,,,,CHO,0.0000,-12.8987,0.0000,-12.8857,0.0000,0.0000,0.000,0.001,,0.0,,,,,,BAN,0,,0
1.7223,1790253255.667296,0.0201,0,,,0.000,,,0.0000,0.0000,0.0000,0.0000,0.0000,-13.0000,,,,CHO,0.0000,-12.8987,0.0000,-12.8857,0.0000,0.0000,0.000,0.001,,0.0,,,,,,BAN,0,,0
1.7428,1790253255.687836,0.0205,0,,,0.000,,,0.0000,0.0000,0.0000,0.0000,0.0000,-13.0000,,,,CHO,0.0000,-12.8987,0.0000,-12.8856,0.0000,0.0000,0.000,0.001,,0.0,,,,,,BAN,0,,0
1.7631,1790253255.708222,0.0203,0,,,0.000,,,0.0000,0.0000,0.0000,0.0000,0.0000,-13.0000,,,,CHO,0.0000,-12.8987,0.0000,-12.8856,0.0000,0.0000,0.000,0.000,,0.0,,,,,,BAN,0,,0
1.7832,1790253255.728229,0.0200,0,,,0.000,,,0.0000,0.0000,0.0000,0.0000,0.0000,-13.0000,,,,CHO,0.0000,-12.8987,0.0000,-12.8856,0.0000,0.0000,0.000,0.000,,0.0,,,,,,BAN,0,,0
1.8036,1790253255.748649,0.0204,0,,,0.000,,,0.0000,0.0000,0.0000,0.0000,0.0000,-13.0000,,,,CHO,0.0000,-12.8987,0.0000,-12.8856,0.0000,0.0000,0.000,0.000,,0.0,,,,,,BAN,0,,0
1.8241,1790253255.769109,0.0205,0,,,0.000,,,0.0000,0.0000,0.0000,0.0000,0.0000,-13.0000,,,,CHO,0.0000,-12.8987,0.0000,-12.8856,0.0000,0.0000,0.000,0.000,,0.0,,,,,,BAN,0,,0
1.8444,1790253255.789478,0.0203,0,,,0.000,,,0.0000,0.0000,0.0000,0.0000,0.0000,-13.0000,,,,CHO,0.0000,-12.8987,0.0000,-12.8856,0.0000,0.0000,0.000,0.000,,0.0,,,,,,BAN,0,,0
1.8645,1790253255.809491,0.0201,0,,,0.000,,,0.0000,0.0000,0.0000,0.0000,0.0000,-13.0000,,,,CHO,0.0000,-12.8987,0.0000,-12.8856,0.0000,0.0000,0.000,0.000,,0.0,,,,,,BAN,0,,0
1.8845,1790253255.829466,0.0200,0,,,0.000,,,0.0000,0.0000,0.0000,0.0000,0.0000,-13.0000,,,,CHO,0.0000,-12.8987,0.0000,-12.8856,0.0000,0.0000,0.000,0.000,,0.0,,,,,,BAN,0,,0
1.9051,1790253255.850014,0.0206,0,,,0.000,,,0.0000,0.0000,0.0000,0.0000,0.0000,-13.0000,,,,CHO,0.0000,-12.8987,0.0000,-12.8856,0.0000,0.0000,0.000,0.000,,0.0,,,,,,BAN,0,,0
1.9251,1790253255.870034,0.0200,0,,,0.000,,,0.0000,0.0000,0.0000,0.0000,0.0000,-13.0000,,,,CHO,0.0000,-12.8987,0.0000,-12.8856,0.0000,0.0000,0.000,0.000,,0.0,,,,,,BAN,0,,0
1.9453,1790253255.890286,0.0201,0,,,0.000,,,0.0000,0.0000,0.0000,0.0000,0.0000,-13.0000,,,,CHO,0.0000,-12.8987,0.0000,-12.8856,0.0000,0.0000,0.000,0.000,,0.0,,,,,,BAN,0,,0
1.9660,1790253255.911079,0.0208,0,,,0.000,,,0.0000,0.0000,0.0000,0.0000,0.0000,-13.0000,,,,CHO,0.0000,-12.8987,0.0000,-12.8856,0.0000,0.0000,0.000,0.000,,0.0,,,,,,BAN,0,,0
1.9864,1790253255.931452,0.0204,0,,,0.000,,,0.0000,0.0000,0.0000,0.0000,0.0000,-13.0000,,,,CHO,0.0000,-12.8987,0.0000,-12.8856,0.0000,0.0000,0.000,0.000,,0.0,,,,,,BAN,0,,0
2.0068,1790253255.951755,0.0204,0,,,0.000,,,0.0000,0.0000,0.0000,0.0000,0.0000,-13.0000,,,,CHO,0.0000,-12.8987,0.0000,-12.8856,0.0000,0.0000,0.000,0.000,,0.0,,,,,,BAN,0,,0
2.0270,1790253255.972057,0.0202,0,,,0.000,,,0.0000,0.0000,0.0000,0.0000,0.0000,-13.0000,,,,CHO,0.0000,-12.8987,0.0000,-12.8856,0.0000,0.0000,0.000,0.000,,0.0,,,,,,BAN,0,,0
2.0474,1790253255.992419,0.0204,0,,,0.000,,,0.0000,0.0000,0.0000,0.0000,0.0000,-13.0000,,,,CHO,0.0000,-12.8987,0.0000,-12.8856,0.0000,0.0000,0.000,0.000,,0.0,,,,,,BAN,0,,0
2.0683,1790253256.013251,0.0209,0,,,0.000,,,0.0000,0.0000,0.0000,0.0000,0.0000,-13.0000,,,,CHO,0.0000,-12.8987,0.0000,-12.8856,0.0000,0.0000,0.000,0.000,,0.0,,,,,,BAN,0,,0
2.0884,1790253256.033360,0.0201,0,,,0.000,,,0.0000,0.0000,0.0000,0.0000,0.0000,-13.0000,,,,CHO,0.0000,-12.8987,0.0000,-12.8856,0.0000,0.0000,0.000,0.000,,0.0,,,,,,BAN,0,,0
2.1085,1790253256.053455,0.0201,0,,,0.000,,,0.0000,0.0000,0.0000,0.0000,0.0000,-13.0000,,,,CHO,0.0000,-12.8987,0.0000,-12.8856,0.0000,0.0000,0.000,0.000,,0.0,,,,,,BAN,0,,0
2.1297,1790253256.074779,0.0213,0,,,0.000,,,0.0000,0.0000,0.0000,0.0000,0.0000,-13.0000,,,,CHO,0.0000,-12.8987,0.0000,-12.8856,0.0000,0.0000,0.000,0.000,,0.0,,,,,,BAN,0,,0
2.1502,1790253256.095187,0.0204,0,,,0.000,,,0.0000,0.0000,0.0000,0.0000,0.0000,-13.0000,,,,CHO,0.0000,-12.8987,0.0000,-12.8856,0.0000,0.0000,0.000,0.000,,0.0,,,,,,BAN,0,,0
2.1703,1790253256.115301,0.0202,0,,,0.000,,,0.0000,0.0000,0.0000,0.0000,0.0000,-13.0000,,,,CHO,0.0000,-12.8987,0.0000,-12.8856,0.0000,0.0000,0.000,0.000,,0.0,,,,,,BAN,0,,0
2.1907,1790253256.135707,0.0204,0,,,0.000,,,0.0000,0.0000,0.0000,0.0000,0.0000,-13.0000,,,,CHO,0.0000,-12.8987,0.0000,-12.8856,0.0000,0.0000,0.000,0.000,,0.0,,,,,,BAN,0,,0
2.2111,1790253256.156187,0.0204,0,,,0.000,,,0.0000,0.0000,0.0000,0.0000,0.0000,-13.0000,,,,CHO,0.0000,-12.8987,0.0000,-12.8856,0.0000,0.0000,0.000,0.000,,0.0,,,,,,BAN,0,,0
2.2318,1790253256.176729,0.0207,0,,,0.000,,,0.0000,0.0000,0.0000,0.0000,0.0000,-13.0000,,,,CHO,0.0000,-12.8987,0.0000,-12.8856,0.0000,0.0000,0.000,0.000,,0.0,,,,,,BAN,0,,0
2.2521,1790253256.197050,0.0203,0,,,0.000,,,0.0000,0.0000,0.0000,0.0000,0.0000,-13.0000,,,,CHO,0.0000,-12.8987,0.0000,-12.8856,0.0000,0.0000,0.000,0.000,,0.0,,,,,,BAN,0,,0
2.2725,1790253256.217511,0.0205,0,,,0.000,,,0.0000,0.0000,0.0000,0.0000,0.0000,-13.0000,,,,CHO,0.0000,-12.8987,0.0000,-12.8856,0.0000,0.0000,0.000,0.000,,0.0,,,,,,BAN,0,,0
2.2936,1790253256.238705,0.0211,0,,,0.000,,,0.0000,0.0000,0.0000,0.0000,0.0000,-13.0000,,,,CHO,0.0000,-12.8987,0.0000,-12.8856,0.0000,0.0000,0.000,0.000,,0.0,,,,,,BAN,0,,0
2.3141,1790253256.259145,0.0205,0,,,0.000,,,0.0000,0.0000,0.0000,0.0000,0.0000,-13.0000,,,,CHO,0.0000,-12.8987,0.0000,-12.8856,0.0000,0.0000,0.000,0.000,,0.0,,,,,,BAN,0,,0
2.3349,1790253256.279876,0.0208,0,,,0.000,,,0.0000,0.0000,0.0000,0.0000,0.0000,-13.0000,,,,CHO,0.0000,-12.8987,0.0000,-12.8856,0.0000,0.0000,0.000,0.000,,0.0,,,,,,BAN,0,,0
2.3552,1790253256.300215,0.0202,0,,,0.000,,,0.0000,0.0000,0.0000,0.0000,0.0000,-13.0000,,,,CHO,0.0000,-12.8987,0.0000,-12.8856,0.0000,0.0000,0.000,0.000,,0.0,,,,,,BAN,0,,0
2.3754,1790253256.320431,0.0202,0,,,0.000,,,0.0000,0.0000,0.0000,0.0000,0.0000,-13.0000,,,,CHO,0.0000,-12.8987,0.0000,-12.8856,0.0000,0.0000,0.000,0.000,,0.0,,,,,,BAN,0,,0
2.3964,1790253256.341306,0.0210,0,,,0.000,,,0.0000,0.0000,0.0000,0.0000,0.0000,-13.0000,,,,CHO,0.0000,-12.8987,0.0000,-12.8856,0.0000,0.0000,0.000,0.000,,0.0,,,,,,BAN,0,,0
2.4166,1790253256.361623,0.0202,0,,,0.000,,,0.0000,0.0000,0.0000,0.0000,0.0000,-13.0000,,,,CHO,0.0000,-12.8987,0.0000,-12.8856,0.0000,0.0000,0.000,0.000,,0.0,,,,,,BAN,0,,0
2.4369,1790253256.381947,0.0203,0,,,0.000,,,0.0000,0.0000,0.0000,0.0000,0.0000,-13.0000,,,,CHO,0.0000,-12.8987,0.0000,-12.8856,0.0000,0.0000,0.000,0.000,,0.0,,,,,,BAN,0,,0
2.4576,1790253256.402592,0.0207,0,,,0.000,,,0.0000,0.0000,0.0000,0.0000,0.0000,-13.0000,,,,CHO,0.0000,-12.8987,0.0000,-12.8856,0.0000,0.0000,0.000,0.000,,0.0,,,,,,BAN,0,,0
2.4781,1790253256.423187,0.0206,0,,,0.000,,,0.0000,0.0000,0.0000,0.0000,0.0000,-13.0000,,,,CHO,0.0000,-12.8987,0.0000,-12.8856,0.0000,0.0000,0.000,0.000,,0.0,,,,,,BAN,0,,0
2.4982,1790253256.443187,0.0200,0,,,0.000,,,0.0000,0.0000,0.0000,0.0000,0.0000,-13.0000,,,,CHO,0.0000,-12.8987,0.0000,-12.8856,0.0000,0.0000,0.000,0.000,,0.0,,,,,,BAN,0,,0
2.5183,1790253256.463316,0.0201,0,,,0.000,,,0.0000,0.0000,0.0000,0.0000,0.0000,-13.0000,,,,CHO,0.0000,-12.8987,0.0000,-12.8856,0.0000,0.0000,0.000,0.000,,0.0,,,,,,BAN,0,,0
2.5385,1790253256.483371,0.0202,0,,,0.000,,,0.0000,0.0000,0.0000,0.0000,0.0000,-13.0000,,,,CHO,0.0000,-12.8987,0.0000,-12.8856,0.0000,0.0000,0.000,0.000,,0.0,,,,,,BAN,0,,0
2.5590,1790253256.503979,0.0205,0,,,0.000,,,0.0000,0.0000,0.0000,0.0000,0.0000,-13.0000,,,,CHO,0.0000,-12.8987,0.0000,-12.8856,0.0000,0.0000,0.000,0.000,,0.0,,,,,,BAN,0,,0
2.5794,1790253256.524288,0.0203,0,,,0.000,,,0.0000,0.0000,0.0000,0.0000,0.0000,-13.0000,,,,CHO,0.0000,-12.8987,0.0000,-12.8856,0.0000,0.0000,0.000,0.000,,0.0,,,,,,BAN,0,,0
2.5995,1790253256.544484,0.0201,0,,,0.000,,,0.0000,0.0000,0.0000,0.0000,0.0000,-13.0000,,,,CHO,0.0000,-12.8987,0.0000,-12.8856,0.0000,0.0000,0.000,0.000,,0.0,,,,,,BAN,0,,0
2.6201,1790253256.565085,0.0206,0,,,0.000,,,0.0000,0.0000,0.0000,0.0000,0.0000,-13.0000,,,,CHO,0.0000,-12.8987,0.0000,-12.8856,0.0000,0.0000,0.000,0.000,,0.0,,,,,,BAN,0,,0
2.6401,1790253256.585049,0.0201,0,,,0.000,,,0.0000,0.0000,0.0000,0.0000,0.0000,-13.0000,,,,CHO,0.0000,-12.8987,0.0000,-12.8856,0.0000,0.0000,0.000,0.000,,0.0,,,,,,BAN,0,,0
2.6603,1790253256.605314,0.0201,0,,,0.000,,,0.0000,0.0000,0.0000,0.0000,0.0000,-13.0000,,,,CHO,0.0000,-12.8987,0.0000,-12.8856,0.0000,0.0000,0.000,0.000,,0.0,,,,,,BAN,0,,0
2.6805,1790253256.625462,0.0202,0,,,0.000,,,0.0000,0.0000,0.0000,0.0000,0.0000,-13.0000,,,,CHO,0.0000,-12.8987,0.0000,-12.8856,0.0000,0.0000,0.000,0.000,,0.0,,,,,,BAN,0,,0
2.7009,1790253256.645880,0.0204,0,,,0.000,,,0.0000,0.0000,0.0000,0.0000,0.0000,-13.0000,,,,CHO,0.0000,-12.8987,0.0000,-12.8856,0.0000,0.0000,0.000,0.000,,0.0,,,,,,BAN,0,,0
2.7214,1790253256.666429,0.0205,0,,,0.000,,,0.0000,0.0000,0.0000,0.0000,0.0000,-13.0000,,,,CHO,0.0000,-12.8987,0.0000,-12.8856,0.0000,0.0000,0.000,0.000,,0.0,,,,,,BAN,0,,0
2.7418,1790253256.686785,0.0204,0,,,0.000,,,0.0000,0.0000,0.0000,0.0000,0.0000,-13.0000,,,,CHO,0.0000,-12.8987,0.0000,-12.8856,0.0000,0.0000,0.000,0.000,,0.0,,,,,,BAN,0,,0
2.7618,1790253256.706747,0.0201,0,,,0.000,,,0.0000,0.0000,0.0000,0.0000,0.0000,-13.0000,,,,CHO,0.0000,-12.8987,0.0000,-12.8856,0.0000,0.0000,0.000,0.000,,0.0,,,,,,BAN,0,,0
2.7822,1790253256.727257,0.0204,0,,,0.000,,,0.0000,0.0000,0.0000,0.0000,0.0000,-13.0000,,,,CHO,0.0000,-12.8987,0.0000,-12.8856,0.0000,0.0000,0.000,0.000,,0.0,,,,,,BAN,0,,0
2.8024,1790253256.747496,0.0203,0,,,0.000,,,0.0000,0.0000,0.0000,0.0000,0.0000,-13.0000,,,,CHO,0.0000,-12.8987,0.0000,-12.8856,0.0000,0.0000,0.000,0.000,,0.0,,,,,,BAN,0,,0
2.8225,1790253256.767513,0.0200,0,,,0.000,,,0.0000,0.0000,0.0000,0.0000,0.0000,-13.0000,,,,CHO,0.0000,-12.8987,0.0000,-12.8856,0.0000,0.0000,0.000,0.000,,0.0,,,,,,BAN,0,,0
2.8427,1790253256.787762,0.0203,0,,,0.000,,,0.0000,0.0000,0.0000,0.0000,0.0000,-13.0000,,,,CHO,0.0000,-12.8987,0.0000,-12.8856,0.0000,0.0000,0.000,0.000,,0.0,,,,,,BAN,0,,0
2.8636,1790253256.808603,0.0209,0,,,0.000,,,0.0000,0.0000,0.0000,0.0000,0.0000,-13.0000,,,,CHO,0.0000,-12.8987,0.0000,-12.8856,0.0000,0.0000,0.000,0.000,,0.0,,,,,,BAN,0,,0
2.8837,1790253256.828664,0.0201,0,,,0.000,,,0.0000,0.0000,0.0000,0.0000,0.0000,-13.0000,,,,CHO,0.0000,-12.8987,0.0000,-12.8856,0.0000,0.0000,0.000,0.000,,0.0,,,,,,BAN,0,,0
2.9041,1790253256.849044,0.0204,0,,,0.000,,,0.0000,0.0000,0.0000,0.0000,0.0000,-13.0000,,,,CHO,0.0000,-12.8987,0.0000,-12.8856,0.0000,0.0000,0.000,0.000,,0.0,,,,,,BAN,0,,0
2.9243,1790253256.869251,0.0202,0,,,0.000,,,0.0000,0.0000,0.0000,0.0000,0.0000,-13.0000,,,,CHO,0.0000,-12.8987,0.0000,-12.8856,0.0000,0.0000,0.000,0.000,,0.0,,,,,,BAN,0,,0
2.9447,1790253256.889800,0.0205,0,,,0.000,,,0.0000,0.0000,0.0000,0.0000,0.0000,-13.0000,,,,CHO,0.0000,-12.8987,0.0000,-12.8856,0.0000,0.0000,0.000,0.000,,0.0,,,,,,BAN,0,,0
2.9653,1790253256.910342,0.0205,0,,,0.000,,,0.0000,0.0000,0.0000,0.0000,0.0000,-13.0000,,,,CHO,0.0000,-12.8987,0.0000,-12.8856,0.0000,0.0000,0.000,0.000,,0.0,,,,,,BAN,0,,0
2.9853,1790253256.930270,0.0200,0,,,0.000,,,0.0000,0.0000,0.0000,0.0000,0.0000,-13.0000,,,,CHO,0.0000,-12.8987,0.0000,-12.8856,0.0000,0.0000,0.000,0.000,,0.0,,,,,,BAN,0,,0
3.0057,1790253256.950715,0.0204,0,,,0.000,,,0.0000,0.0000,0.0000,0.0000,0.0000,-13.0000,,,,CHO,0.0000,-12.8987,0.0000,-12.8856,0.0000,0.0000,0.000,0.000,,0.0,,,,,,BAN,0,,0
3.0260,1790253256.971036,0.0203,0,,,0.000,,,0.0000,0.0000,0.0000,0.0000,0.0000,-13.0000,,,,CHO,0.0000,-12.8987,0.0000,-12.8856,0.0000,0.0000,0.000,0.000,,0.0,,,,,,BAN,0,,0
3.0465,1790253256.991571,0.0204,0,,,0.000,,,0.0000,0.0000,0.0000,0.0000,0.0000,-13.0000,,,,CHO,0.0000,-12.8987,0.0000,-12.8856,0.0000,0.0000,0.000,0.000,,0.0,,,,,,BAN,0,,0
3.0669,1790253257.011970,0.0204,0,,,0.000,,,0.0000,0.0000,0.0000,0.0000,0.0000,-13.0000,,,,CHO,0.0000,-12.8987,0.0000,-12.8856,0.0000,0.0000,0.000,0.000,,0.0,,,,,,BAN,0,,0
3.0871,1790253257.032092,0.0202,0,,,0.000,,,0.0000,0.0000,0.0000,0.0000,0.0000,-13.0000,,,,CHO,0.0000,-12.8987,0.0000,-12.8856,0.0000,0.0000,0.000,0.000,,0.0,,,,,,BAN,0,,0
3.1076,1790253257.052581,0.0205,0,,,0.000,,,0.0000,0.0000,0.0000,0.0000,0.0000,-13.0000,,,,CHO,0.0000,-12.8987,0.0000,-12.8856,0.0000,0.0000,0.000,0.000,,0.0,,,,,,BAN,0,,0
3.1282,1790253257.073179,0.0206,0,,,0.000,,,0.0000,0.0000,0.0000,0.0000,0.0000,-13.0000,,,,CHO,0.0000,-12.8987,0.0000,-12.8856,0.0000,0.0000,0.000,0.000,,0.0,,,,,,BAN,0,,0
3.1485,1790253257.093514,0.0203,0,,,0.000,,,0.0000,0.0000,0.0000,0.0000,0.0000,-13.0000,,,,CHO,0.0000,-12.8987,0.0000,-12.8856,0.0000,0.0000,0.000,0.000,,0.0,,,,,,BAN,0,,0
3.1689,1790253257.113869,0.0204,0,,,0.000,,,0.0000,0.0000,0.0000,0.0000,0.0000,-13.0000,,,,CHO,0.0000,-12.8987,0.0000,-12.8856,0.0000,0.0000,0.000,0.000,,0.0,,,,,,BAN,0,,0
3.1893,1790253257.134326,0.0204,0,,,0.000,,,0.0000,0.0000,0.0000,0.0000,0.0000,-13.0000,,,,CHO,0.0000,-12.8987,0.0000,-12.8856,0.0000,0.0000,0.000,0.000,,0.0,,,,,,BAN,0,,0
3.2094,1790253257.154396,0.0201,0,,,0.000,,,0.0000,0.0000,0.0000,0.0000,0.0000,-13.0000,,,,CHO,0.0000,-12.8987,0.0000,-12.8856,0.0000,0.0000,0.000,0.000,,0.0,,,,,,BAN,0,,0
3.2300,1790253257.174981,0.0205,0,,,0.000,,,0.0000,0.0000,0.0000,0.0000,0.0000,-13.0000,,,,CHO,0.0000,-12.8987,0.0000,-12.8856,0.0000,0.0000,0.000,0.000,,0.0,,,,,,BAN,0,,0
3.2500,1790253257.195027,0.0200,0,,,0.000,,,0.0000,0.0000,0.0000,0.0000,0.0000,-13.0000,,,,CHO,0.0000,-12.8987,0.0000,-12.8856,0.0000,0.0000,0.000,0.000,,0.0,,,,,,BAN,0,,0
3.2705,1790253257.215614,0.0205,0,,,0.000,,,0.0000,0.0000,0.0000,0.0000,0.0000,-13.0000,,,,CHO,0.0000,-12.8987,0.0000,-12.8856,0.0000,0.0000,0.000,0.000,,0.0,,,,,,BAN,0,,0
3.2907,1790253257.235640,0.0202,0,,,0.000,,,0.0000,0.0000,0.0000,0.0000,0.0000,-13.0000,,,,CHO,0.0000,-12.8987,0.0000,-12.8856,0.0000,0.0000,0.000,0.000,,0.0,,,,,,BAN,0,,0
3.3107,1790253257.255695,0.0200,0,,,0.000,,,0.0000,0.0000,0.0000,0.0000,0.0000,-13.0000,,,,CHO,0.0000,-12.8987,0.0000,-12.8856,0.0000,0.0000,0.000,0.000,,0.0,,,,,,BAN,0,,0
3.3309,1790253257.275965,0.0202,0,,,0.000,,,0.0000,0.0000,0.0000,0.0000,0.0000,-13.0000,,,,CHO,0.0000,-12.8987,0.0000,-12.8856,0.0000,0.0000,0.000,0.000,,0.0,,,,,,BAN,0,,0
3.3513,1790253257.296225,0.0204,0,,,0.000,,,0.0000,0.0000,0.0000,0.0000,0.0000,-13.0000,,,,CHO,0.0000,-12.8987,0.0000,-12.8856,0.0000,0.0000,0.000,0.000,,0.0,,,,,,BAN,0,,0
3.3715,1790253257.316552,0.0203,0,,,0.000,,,0.0000,0.0000,0.0000,0.0000,0.0000,-13.0000,,,,CHO,0.0000,-12.8987,0.0000,-12.8856,0.0000,0.0000,0.000,0.000,,0.0,,,,,,BAN,0,,0
3.3921,1790253257.337117,0.0206,0,,,0.000,,,0.0000,0.0000,0.0000,0.0000,0.0000,-13.0000,,,,CHO,0.0000,-12.8987,0.0000,-12.8856,0.0000,0.0000,0.000,0.000,,0.0,,,,,,BAN,0,,0
3.4123,1790253257.357333,0.0201,0,,,0.000,,,0.0000,0.0000,0.0000,0.0000,0.0000,-13.0000,,,,CHO,0.0000,-12.8987,0.0000,-12.8856,0.0000,0.0000,0.000,0.000,,0.0,,,,,,BAN,0,,0
3.4327,1790253257.377759,0.0205,0,,,0.000,,,0.0000,0.0000,0.0000,0.0000,0.0000,-13.0000,,,,CHO,0.0000,-12.8987,0.0000,-12.8856,0.0000,0.0000,0.000,0.000,,0.0,,,,,,BAN,0,,0
3.4532,1790253257.398267,0.0205,0,,,0.000,,,0.0000,0.0000,0.0000,0.0000,0.0000,-13.0000,,,,CHO,0.0000,-12.8987,0.0000,-12.8856,0.0000,0.0000,0.000,0.000,,0.0,,,,,,BAN,0,,0
3.4738,1790253257.418841,0.0206,0,,,0.000,,,0.0000,0.0000,0.0000,0.0000,0.0000,-13.0000,,,,CHO,0.0000,-12.8987,0.0000,-12.8856,0.0000,0.0000,0.000,0.000,,0.0,,,,,,BAN,0,,0
3.4939,1790253257.438787,0.0201,0,,,0.000,,,0.0000,0.0000,0.0000,0.0000,0.0000,-13.0000,,,,CHO,0.0000,-12.8987,0.0000,-12.8856,0.0000,0.0000,0.000,0.000,,0.0,,,,,,BAN,0,,0
3.5142,1790253257.459219,0.0202,0,,,0.000,,,0.0000,0.0000,0.0000,0.0000,0.0000,-13.0000,,,,CHO,0.0000,-12.8987,0.0000,-12.8856,0.0000,0.0000,0.000,0.000,,0.0,,,,,,BAN,0,,0
3.5345,1790253257.479591,0.0203,0,,,0.000,,,0.0000,0.0000,0.0000,0.0000,0.0000,-13.0000,,,,CHO,0.0000,-12.8987,0.0000,-12.8856,0.0000,0.0000,0.000,0.000,,0.0,,,,,,BAN,0,,0
3.5550,1790253257.500065,0.0205,0,,,0.000,,,0.0000,0.0000,0.0000,0.0000,0.0000,-13.0000,,,,CHO,0.0000,-12.8987,0.0000,-12.8856,0.0000,0.0000,0.000,0.000,,0.0,,,,,,BAN,0,,0
3.5752,1790253257.520184,0.0202,0,,,0.000,,,0.0000,0.0000,0.0000,0.0000,0.0000,-13.0000,,,,CHO,0.0000,-12.8987,0.0000,-12.8856,0.0000,0.0000,0.000,0.000,,0.0,,,,,,BAN,0,,0
3.5954,1790253257.540420,0.0202,0,,,0.000,,,0.0000,0.0000,0.0000,0.0000,0.0000,-13.0000,,,,CHO,0.0000,-12.8987,0.0000,-12.8856,0.0000,0.0000,0.000,0.000,,0.0,,,,,,BAN,0,,0
3.6156,1790253257.560677,0.0203,0,,,0.000,,,0.0000,0.0000,0.0000,0.0000,0.0000,-13.0000,,,,CHO,0.0000,-12.8987,0.0000,-12.8856,0.0000,0.0000,0.000,0.000,,0.0,,,,,,BAN,0,,0
3.6361,1790253257.581104,0.0205,0,,,0.000,,,0.0000,0.0000,0.0000,0.0000,0.0000,-13.0000,,,,CHO,0.0000,-12.8987,0.0000,-12.8856,0.0000,0.0000,0.000,0.000,,0.0,,,,,,BAN,0,,0
3.6562,1790253257.601121,0.0201,0,,,0.000,,,0.0000,0.0000,0.0000,0.0000,0.0000,-13.0000,,,,CHO,0.0000,-12.8987,0.0000,-12.8856,0.0000,0.0000,0.000,0.000,,0.0,,,,,,BAN,0,,0
3.6764,1790253257.621487,0.0202,0,,,0.000,,,0.0000,0.0000,0.0000,0.0000,0.0000,-13.0000,,,,CHO,0.0000,-12.8987,0.0000,-12.8856,0.0000,0.0000,0.000,0.000,,0.0,,,,,,BAN,0,,0
3.6966,1790253257.641610,0.0202,0,,,0.000,,,0.0000,0.0000,0.0000,0.0000,0.0000,-13.0000,,,,CHO,0.0000,-12.8987,0.0000,-12.8856,0.0000,0.0000,0.000,0.000,,0.0,,,,,,BAN,0,,0
3.7171,1790253257.662114,0.0205,0,,,0.000,,,0.0000,0.0000,0.0000,0.0000,0.0000,-13.0000,,,,CHO,0.0000,-12.8987,0.0000,-12.8856,0.0000,0.0000,0.000,0.000,,0.0,,,,,,BAN,0,,0
3.7379,1790253257.682889,0.0208,0,,,0.000,,,0.0000,0.0000,0.0000,0.0000,0.0000,-13.0000,,,,CHO,0.0000,-12.8987,0.0000,-12.8856,0.0000,0.0000,0.000,0.000,,0.0,,,,,,BAN,0,,0
3.7585,1790253257.703430,0.0206,0,,,0.000,,,0.0000,0.0000,0.0000,0.0000,0.0000,-13.0000,,,,CHO,0.0000,-12.8987,0.0000,-12.8856,0.0000,0.0000,0.000,0.000,,0.0,,,,,,BAN,0,,0
3.7786,1790253257.723718,0.0202,0,,,0.000,,,0.0000,0.0000,0.0000,0.0000,0.0000,-13.0000,,,,CHO,0.0000,-12.8987,0.0000,-12.8856,0.0000,0.0000,0.000,0.000,,0.0,,,,,,BAN,0,,0
3.7988,1790253257.743888,0.0202,0,,,0.000,,,0.0000,0.0000,0.0000,0.0000,0.0000,-13.0000,,,,CHO,0.0000,-12.8987,0.0000,-12.8856,0.0000,0.0000,0.000,0.000,,0.0,,,,,,BAN,0,,0
3.8189,1790253257.763845,0.0200,0,,,0.000,,,0.0000,0.0000,0.0000,0.0000,0.0000,-13.0000,,,,CHO,0.0000,-12.8987,0.0000,-12.8856,0.0000,0.0000,0.000,0.000,,0.0,,,,,,BAN,0,,0
3.8396,1790253257.784563,0.0207,0,,,0.000,,,0.0000,0.0000,0.0000,0.0000,0.0000,-13.0000,,,,CHO,0.0000,-12.8987,0.0000,-12.8856,0.0000,0.0000,0.000,0.000,,0.0,,,,,,BAN,0,,0
3.8598,1790253257.804623,0.0202,0,,,0.000,,,0.0000,0.0000,0.0000,0.0000,0.0000,-13.0000,,,,CHO,0.0000,-12.8987,0.0000,-12.8856,0.0000,0.0000,0.000,0.000,,0.0,,,,,,BAN,0,,0
3.8799,1790253257.824950,0.0201,0,,,0.000,,,0.0000,0.0000,0.0000,0.0000,0.0000,-13.0000,,,,CHO,0.0000,-12.8987,0.0000,-12.8856,0.0000,0.0000,0.000,0.000,,0.0,,,,,,BAN,0,,0
3.9002,1790253257.845255,0.0203,0,,,0.000,,,0.0000,0.0000,0.0000,0.0000,0.0000,-13.0000,,,,CHO,0.0000,-12.8987,0.0000,-12.8856,0.0000,0.0000,0.000,0.000,,0.0,,,,,,BAN,0,,0
3.9207,1790253257.865746,0.0205,0,,,0.000,,,0.0000,0.0000,0.0000,0.0000,0.0000,-13.0000,,,,CHO,0.0000,-12.8987,0.0000,-12.8856,0.0000,0.0000,0.000,0.000,,0.0,,,,,,BAN,0,,0
3.9414,1790253257.886382,0.0206,0,,,0.000,,,0.0000,0.0000,0.0000,0.0000,0.0000,-13.0000,,,,CHO,0.0000,-12.8987,0.0000,-12.8856,0.0000,0.0000,0.000,0.000,,0.0,,,,,,BAN,0,,0
3.9617,1790253257.906689,0.0203,0,,,0.000,,,0.0000,0.0000,0.0000,0.0000,0.0000,-13.0000,,,,CHO,0.0000,-12.8987,0.0000,-12.8856,0.0000,0.0000,0.000,0.000,,0.0,,,,,,BAN,0,,0
3.9820,1790253257.927015,0.0203,0,,,0.000,,,0.0000,0.0000,0.0000,0.0000,0.0000,-13.0000,,,,CHO,0.0000,-12.8987,0.0000,-12.8856,0.0000,0.0000,0.000,0.000,,0.0,,,,,,BAN,0,,0
4.0024,1790253257.947351,0.0204,0,,,0.000,,,0.0000,0.0000,0.0000,0.0000,0.0000,-13.0000,,,,CHO,0.0000,-12.8987,0.0000,-12.8856,0.0000,0.0000,0.000,0.000,,0.0,,,,,,BAN,0,,0
4.0227,1790253257.967648,0.0203,0,,,0.000,,,0.0000,0.0000,0.0000,0.0000,0.0000,-13.0000,,,,CHO,0.0000,-12.8987,0.0000,-12.8856,0.0000,0.0000,0.000,0.000,,0.0,,,,,,BAN,0,,0
4.0427,1790253257.987758,0.0200,0,,,0.000,,,0.0000,0.0000,0.0000,0.0000,0.0000,-13.0000,,,,CHO,0.0000,-12.8987,0.0000,-12.8856,0.0000,0.0000,0.000,0.000,,0.0,,,,,,BAN,0,,0
4.0633,1790253258.008270,0.0206,0,,,0.000,,,0.0000,0.0000,0.0000,0.0000,0.0000,-13.0000,,,,CHO,0.0000,-12.8987,0.0000,-12.8856,0.0000,0.0000,0.000,0.000,,0.0,,,,,,BAN,0,,0
4.0835,1790253258.028496,0.0202,0,,,0.000,,,0.0000,0.0000,0.0000,0.0000,0.0000,-13.0000,,,,CHO,0.0000,-12.8987,0.0000,-12.8856,0.0000,0.0000,0.000,0.000,,0.0,,,,,,BAN,0,,0
4.1040,1790253258.049021,0.0205,0,,,0.000,,,0.0000,0.0000,0.0000,0.0000,0.0000,-13.0000,,,,CHO,0.0000,-12.8987,0.0000,-12.8856,0.0000,0.0000,0.000,0.000,,0.0,,,,,,BAN,0,,0
4.1246,1790253258.069581,0.0206,0,,,0.000,,,0.0000,0.0000,0.0000,0.0000,0.0000,-13.0000,,,,CHO,0.0000,-12.8987,0.0000,-12.8856,0.0000,0.0000,0.000,0.000,,0.0,,,,,,BAN,0,,0
4.1450,1790253258.090049,0.0204,0,,,0.000,,,0.0000,0.0000,0.0000,0.0000,0.0000,-13.0000,,,,CHO,0.0000,-12.8987,0.0000,-12.8856,0.0000,0.0000,0.000,0.000,,0.0,,,,,,BAN,0,,0
4.1651,1790253258.110118,0.0201,0,,,0.000,,,0.0000,0.0000,0.0000,0.0000,0.0000,-13.0000,,,,CHO,0.0000,-12.8987,0.0000,-12.8856,0.0000,0.0000,0.000,0.000,,0.0,,,,,,BAN,0,,0
4.1853,1790253258.130250,0.0201,0,,,0.000,,,0.0000,0.0000,0.0000,0.0000,0.0000,-13.0000,,,,CHO,0.0000,-12.8987,0.0000,-12.8856,0.0000,0.0000,0.000,0.000,,0.0,,,,,,BAN,0,,0
4.2059,1790253258.150870,0.0206,0,,,0.000,,,0.0000,0.0000,0.0000,0.0000,0.0000,-13.0000,,,,CHO,0.0000,-12.8987,0.0000,-12.8856,0.0000,0.0000,0.000,0.000,,0.0,,,,,,BAN,0,,0
4.2268,1790253258.171915,0.0210,0,,,0.000,,,0.0000,0.0000,0.0000,0.0000,0.0000,-13.0000,,,,CHO,0.0000,-12.8987,0.0000,-12.8856,0.0000,0.0000,0.000,0.000,,0.0,,,,,,BAN,0,,0
4.2472,1790253258.192230,0.0204,0,,,0.000,,,0.0000,0.0000,0.0000,0.0000,0.0000,-13.0000,,,,CHO,0.0000,-12.8987,0.0000,-12.8856,0.0000,0.0000,0.000,0.000,,0.0,,,,,,BAN,0,,0
4.2676,1790253258.212673,0.0204,0,,,0.000,,,0.0000,0.0000,0.0000,0.0000,0.0000,-13.0000,,,,CHO,0.0000,-12.8987,0.0000,-12.8856,0.0000,0.0000,0.000,0.000,,0.0,,,,,,BAN,0,,0
4.2879,1790253258.232943,0.0203,0,,,0.000,,,0.0000,0.0000,0.0000,0.0000,0.0000,-13.0000,,,,CHO,0.0000,-12.8987,0.0000,-12.8856,0.0000,0.0000,0.000,0.000,,0.0,,,,,,BAN,0,,0
4.3081,1790253258.253136,0.0203,0,,,0.000,,,0.0000,0.0000,0.0000,0.0000,0.0000,-13.0000,,,,CHO,0.0000,-12.8987,0.0000,-12.8856,0.0000,0.0000,0.000,0.000,,0.0,,,,,,BAN,0,,0
4.3283,1790253258.273241,0.0201,0,,,0.000,,,0.0000,0.0000,0.0000,0.0000,0.0000,-13.0000,,,,CHO,0.0000,-12.8987,0.0000,-12.8856,0.0000,0.0000,0.000,0.000,,0.0,,,,,,BAN,0,,0
4.3483,1790253258.293375,0.0200,0,,,0.000,,,0.0000,0.0000,0.0000,0.0000,0.0000,-13.0000,,,,CHO,0.0000,-12.8987,0.0000,-12.8856,0.0000,0.0000,0.000,0.000,,0.0,,,,,,BAN,0,,0
4.3689,1790253258.313925,0.0206,0,,,0.000,,,0.0000,0.0000,0.0000,0.0000,0.0000,-13.0000,,,,CHO,0.0000,-12.8987,0.0000,-12.8856,0.0000,0.0000,0.000,0.000,,0.0,,,,,,BAN,0,,0
4.3892,1790253258.334167,0.0202,0,,,0.000,,,0.0000,0.0000,0.0000,0.0000,0.0000,-13.0000,,,,CHO,0.0000,-12.8987,0.0000,-12.8856,0.0000,0.0000,0.000,0.000,,0.0,,,,,,BAN,0,,0
4.4094,1790253258.354478,0.0203,0,,,0.000,,,0.0000,0.0000,0.0000,0.0000,0.0000,-13.0000,,,,CHO,0.0000,-12.8987,0.0000,-12.8856,0.0000,0.0000,0.000,0.000,,0.0,,,,,,BAN,0,,0
4.4295,1790253258.374498,0.0201,0,,,0.000,,,0.0000,0.0000,0.0000,0.0000,0.0000,-13.0000,,,,CHO,0.0000,-12.8987,0.0000,-12.8856,0.0000,0.0000,0.000,0.000,,0.0,,,,,,BAN,0,,0
4.4496,1790253258.394533,0.0200,0,,,0.000,,,0.0000,0.0000,0.0000,0.0000,0.0000,-13.0000,,,,CHO,0.0000,-12.8987,0.0000,-12.8856,0.0000,0.0000,0.000,0.000,,0.0,,,,,,BAN,0,,0
4.4702,1790253258.415146,0.0206,0,,,0.000,,,0.0000,0.0000,0.0000,0.0000,0.0000,-13.0000,,,,CHO,0.0000,-12.8987,0.0000,-12.8856,0.0000,0.0000,0.000,0.000,,0.0,,,,,,BAN,0,,0
4.4910,1790253258.435996,0.0208,0,,,0.000,,,0.0000,0.0000,0.0000,0.0000,0.0000,-13.0000,,,,CHO,0.0000,-12.8987,0.0000,-12.8856,0.0000,0.0000,0.000,0.000,,0.0,,,,,,BAN,0,,0
4.5117,1790253258.456699,0.0207,0,,,0.000,,,0.0000,0.0000,0.0000,0.0000,0.0000,-13.0000,,,,CHO,0.0000,-12.8987,0.0000,-12.8856,0.0000,0.0000,0.000,0.000,,0.0,,,,,,BAN,0,,0
4.5317,1790253258.476786,0.0201,0,,,0.000,,,0.0000,0.0000,0.0000,0.0000,0.0000,-13.0000,,,,CHO,0.0000,-12.8987,0.0000,-12.8856,0.0000,0.0000,0.000,0.000,,0.0,,,,,,BAN,0,,0
4.5523,1790253258.497167,0.0205,0,,,0.000,,,0.0000,0.0000,0.0000,0.0000,0.0000,-13.0000,,,,CHO,0.0000,-12.8987,0.0000,-12.8856,0.0000,0.0000,0.000,0.000,,0.0,,,,,,BAN,0,,0
4.5728,1790253258.517747,0.0206,0,,,0.000,,,0.0000,0.0000,0.0000,0.0000,0.0000,-13.0000,,,,CHO,0.0000,-12.8987,0.0000,-12.8856,0.0000,0.0000,0.000,0.000,,0.0,,,,,,BAN,0,,0
4.5932,1790253258.538192,0.0204,0,,,0.000,,,0.0000,0.0000,0.0000,0.0000,0.0000,-13.0000,,,,CHO,0.0000,-12.8987,0.0000,-12.8856,0.0000,0.0000,0.000,0.000,,0.0,,,,,,BAN,0,,0
4.6137,1790253258.558759,0.0205,0,,,0.000,,,0.0000,0.0000,0.0000,0.0000,0.0000,-13.0000,,,,CHO,0.0000,-12.8987,0.0000,-12.8856,0.0000,0.0000,0.000,0.000,,0.0,,,,,,BAN,0,,0
4.6339,1790253258.578935,0.0202,0,,,0.000,,,0.0000,0.0000,0.0000,0.0000,0.0000,-13.0000,,,,CHO,0.0000,-12.8987,0.0000,-12.8856,0.0000,0.0000,0.000,0.000,,0.0,,,,,,BAN,0,,0
4.6542,1790253258.599132,0.0203,0,,,0.000,,,0.0000,0.0000,0.0000,0.0000,0.0000,-13.0000,,,,CHO,0.0000,-12.8987,0.0000,-12.8856,0.0000,0.0000,0.000,0.000,,0.0,,,,,,BAN,0,,0
4.6742,1790253258.619237,0.0201,0,,,0.000,,,0.0000,0.0000,0.0000,0.0000,0.0000,-13.0000,,,,CHO,0.0000,-12.8987,0.0000,-12.8856,0.0000,0.0000,0.000,0.000,,0.0,,,,,,BAN,0,,0
4.6943,1790253258.639239,0.0201,0,,,0.000,,,0.0000,0.0000,0.0000,0.0000,0.0000,-13.0000,,,,CHO,0.0000,-12.8987,0.0000,-12.8856,0.0000,0.0000,0.000,0.000,,0.0,,,,,,BAN,0,,0
4.7151,1790253258.660080,0.0208,0,,,0.000,,,0.0000,0.0000,0.0000,0.0000,0.0000,-13.0000,,,,CHO,0.0000,-12.8987,0.0000,-12.8856,0.0000,0.0000,0.000,0.000,,0.0,,,,,,BAN,0,,0
4.7355,1790253258.680550,0.0205,0,,,0.000,,,0.0000,0.0000,0.0000,0.0000,0.0000,-13.0000,,,,CHO,0.0000,-12.8987,0.0000,-12.8856,0.0000,0.0000,0.000,0.000,,0.0,,,,,,BAN,0,,0
4.7557,1790253258.700727,0.0202,0,,,0.000,,,0.0000,0.0000,0.0000,0.0000,0.0000,-13.0000,,,,CHO,0.0000,-12.8987,0.0000,-12.8856,0.0000,0.0000,0.000,0.000,,0.0,,,,,,BAN,0,,0
4.7758,1790253258.720644,0.0201,0,,,0.000,,,0.0000,0.0000,0.0000,0.0000,0.0000,-13.0000,,,,CHO,0.0000,-12.8987,0.0000,-12.8856,0.0000,0.0000,0.000,0.000,,0.0,,,,,,BAN,0,,0
4.7959,1790253258.740982,0.0201,0,,,0.000,,,0.0000,0.0000,0.0000,0.0000,0.0000,-13.0000,,,,CHO,0.0000,-12.8987,0.0000,-12.8856,0.0000,0.0000,0.000,0.000,,0.0,,,,,,BAN,0,,0
4.8166,1790253258.761588,0.0206,0,,,0.000,,,0.0000,0.0000,0.0000,0.0000,0.0000,-13.0000,,,,CHO,0.0000,-12.8987,0.0000,-12.8856,0.0000,0.0000,0.000,0.000,,0.0,,,,,,BAN,0,,0
4.8369,1790253258.781800,0.0203,0,,,0.000,,,0.0000,0.0000,0.0000,0.0000,0.0000,-13.0000,,,,CHO,0.0000,-12.8987,0.0000,-12.8856,0.0000,0.0000,0.000,0.000,,0.0,,,,,,BAN,0,,0
4.8571,1790253258.802143,0.0202,0,,,0.000,,,0.0000,0.0000,0.0000,0.0000,0.0000,-13.0000,,,,CHO,0.0000,-12.8987,0.0000,-12.8856,0.0000,0.0000,0.000,0.000,,0.0,,,,,,BAN,0,,0
4.8771,1790253258.822184,0.0201,0,,,0.000,,,0.0000,0.0000,0.0000,0.0000,0.0000,-13.0000,,,,CHO,0.0000,-12.8987,0.0000,-12.8856,0.0000,0.0000,0.000,0.000,,0.0,,,,,,BAN,0,,0
4.8974,1790253258.842498,0.0203,0,,,0.000,,,0.0000,0.0000,0.0000,0.0000,0.0000,-13.0000,,,,CHO,0.0000,-12.8987,0.0000,-12.8856,0.0000,0.0000,0.000,0.000,,0.0,,,,,,BAN,0,,0
4.9180,1790253258.862923,0.0206,0,,,0.000,,,0.0000,0.0000,0.0000,0.0000,0.0000,-13.0000,,,,CHO,0.0000,-12.8987,0.0000,-12.8856,0.0000,0.0000,0.000,0.000,,0.0,,,,,,BAN,0,,0
4.9384,1790253258.883371,0.0204,0,,,0.000,,,0.0000,0.0000,0.0000,0.0000,0.0000,-13.0000,,,,CHO,0.0000,-12.8987,0.0000,-12.8856,0.0000,0.0000,0.000,0.000,,0.0,,,,,,BAN,0,,0
4.9592,1790253258.904125,0.0208,0,,,0.000,,,0.0000,0.0000,0.0000,0.0000,0.0000,-13.0000,,,,CHO,0.0000,-12.8987,0.0000,-12.8856,0.0000,0.0000,0.000,0.000,,0.0,,,,,,BAN,0,,0
4.9798,1790253258.925334,0.0206,0,,,0.000,,,0.0000,0.0000,0.0000,0.0000,0.0000,-13.0000,,,,CHO,0.0000,-12.8987,0.0000,-12.8856,0.0000,0.0000,0.000,0.000,,0.0,,,,,,BAN,0,,0
5.0003,1790253258.945363,0.0205,0,,,0.000,,,0.0000,0.0000,0.0000,0.0000,0.0000,-13.0000,,,,CHO,0.0000,-12.8987,0.0000,-12.8856,0.0000,0.0000,0.000,0.000,,0.0,,,,,,BAN,0,,0
5.0206,1790253258.965616,0.0203,0,,,0.000,,,0.0000,0.0000,0.0000,0.0000,0.0000,-13.0000,,,,CHO,0.0000,-12.8987,0.0000,-12.8856,0.0000,0.0000,0.000,0.000,,0.0,,,,,,BAN,0,,0
5.0409,1790253258.985836,0.0204,0,,,0.000,,,0.0000,0.0000,0.0000,0.0000,0.0000,-13.0000,,,,CHO,0.0000,-12.8987,0.0000,-12.8856,0.0000,0.0000,0.000,0.000,,0.0,,,,,,BAN,0,,0
5.0612,1790253259.006081,0.0203,0,,,0.000,,,0.0000,0.0000,0.0000,0.0000,0.0000,-13.0000,,,,CHO,0.0000,-12.8987,0.0000,-12.8856,0.0000,0.0000,0.000,0.000,,0.0,,,,,,BAN,0,,0
5.0821,1790253259.026976,0.0208,0,,,0.000,,,0.0000,0.0000,0.0000,0.0000,0.0000,-13.0000,,,,CHO,0.0000,-12.8987,0.0000,-12.8856,0.0000,0.0000,0.000,0.000,,0.0,,,,,,BAN,0,,0
5.1026,1790253259.047463,0.0205,0,,,0.000,,,0.0000,0.0000,0.0000,0.0000,0.0000,-13.0000,,,,CHO,0.0000,-12.8987,0.0000,-12.8856,0.0000,0.0000,0.000,0.000,,0.0,,,,,,BAN,0,,0
5.1228,1790253259.067758,0.0202,0,,,0.000,,,0.0000,0.0000,0.0000,0.0000,0.0000,-13.0000,,,,CHO,0.0000,-12.8987,0.0000,-12.8856,0.0000,0.0000,0.000,0.000,,0.0,,,,,,BAN,0,,0
5.1435,1790253259.088364,0.0207,0,,,0.000,,,0.0000,0.0000,0.0000,0.0000,0.0000,-13.0000,,,,CHO,0.0000,-12.8987,0.0000,-12.8856,0.0000,0.0000,0.000,0.000,,0.0,,,,,,BAN,0,,0
5.1641,1790253259.109122,0.0206,0,,,0.000,,,0.0000,0.0000,0.0000,0.0000,0.0000,-13.0000,,,,CHO,0.0000,-12.8987,0.0000,-12.8856,0.0000,0.0000,0.000,0.000,,0.0,,,,,,BAN,0,,0
5.1847,1790253259.129705,0.0206,0,,,0.000,,,0.0000,0.0000,0.0000,0.0000,0.0000,-13.0000,,,,CHO,0.0000,-12.8987,0.0000,-12.8856,0.0000,0.0000,0.000,0.000,,0.0,,,,,,BAN,0,,0
5.2051,1790253259.149895,0.0204,0,,,0.000,,,0.0000,0.0000,0.0000,0.0000,0.0000,-13.0000,,,,CHO,0.0000,-12.8987,0.0000,-12.8856,0.0000,0.0000,0.000,0.000,,0.0,,,,,,BAN,0,,0
5.2254,1790253259.170367,0.0203,0,,,0.000,,,0.0000,0.0000,0.0000,0.0000,0.0000,-13.0000,,,,CHO,0.0000,-12.8987,0.0000,-12.8856,0.0000,0.0000,0.000,0.000,,0.0,,,,,,BAN,0,,0
5.2458,1790253259.190892,0.0205,0,,,0.000,,,0.0000,0.0000,0.0000,0.0000,0.0000,-13.0000,,,,CHO,0.0000,-12.8987,0.0000,-12.8856,0.0000,0.0000,0.000,0.000,,0.0,,,,,,BAN,0,,0
5.2658,1790253259.210854,0.0200,0,,,0.000,,,0.0000,0.0000,0.0000,0.0000,0.0000,-13.0000,,,,CHO,0.0000,-12.8987,0.0000,-12.8856,0.0000,0.0000,0.000,0.000,,0.0,,,,,,BAN,0,,0
5.2862,1790253259.231224,0.0204,0,,,0.000,,,0.0000,0.0000,0.0000,0.0000,0.0000,-13.0000,,,,CHO,0.0000,-12.8987,0.0000,-12.8856,0.0000,0.0000,0.000,0.000,,0.0,,,,,,BAN,0,,0
5.3066,1790253259.251651,0.0203,0,,,0.000,,,0.0000,0.0000,0.0000,0.0000,0.0000,-13.0000,,,,CHO,0.0000,-12.8987,0.0000,-12.8856,0.0000,0.0000,0.000,0.000,,0.0,,,,,,BAN,0,,0
5.3266,1790253259.271462,0.0200,0,,,0.000,,,0.0000,0.0000,0.0000,0.0000,0.0000,-13.0000,,,,CHO,0.0000,-12.8987,0.0000,-12.8856,0.0000,0.0000,0.000,0.000,,0.0,,,,,,BAN,0,,0
5.3469,1790253259.291990,0.0203,0,,,0.000,,,0.0000,0.0000,0.0000,0.0000,0.0000,-13.0000,,,,CHO,0.0000,-12.8987,0.0000,-12.8856,0.0000,0.0000,0.000,0.000,,0.0,,,,,,BAN,0,,0
5.3673,1790253259.312330,0.0203,0,,,0.000,,,0.0000,0.0000,0.0000,0.0000,0.0000,-13.0000,,,,CHO,0.0000,-12.8987,0.0000,-12.8856,0.0000,0.0000,0.000,0.000,,0.0,,,,,,BAN,0,,0
5.3877,1790253259.332609,0.0204,0,,,0.000,,,0.0000,0.0000,0.0000,0.0000,0.0000,-13.0000,,,,CHO,0.0000,-12.8987,0.0000,-12.8856,0.0000,0.0000,0.000,0.000,,0.0,,,,,,BAN,0,,0
5.4083,1790253259.353226,0.0206,0,,,0.000,,,0.0000,0.0000,0.0000,0.0000,0.0000,-13.0000,,,,CHO,0.0000,-12.8987,0.0000,-12.8856,0.0000,0.0000,0.000,0.000,,0.0,,,,,,BAN,0,,0
5.4288,1790253259.373768,0.0205,0,,,0.000,,,0.0000,0.0000,0.0000,0.0000,0.0000,-13.0000,,,,CHO,0.0000,-12.8987,0.0000,-12.8856,0.0000,0.0000,0.000,0.000,,0.0,,,,,,BAN,0,,0
5.4489,1790253259.393800,0.0201,0,,,0.000,,,0.0000,0.0000,0.0000,0.0000,0.0000,-13.0000,,,,CHO,0.0000,-12.8987,0.0000,-12.8856,0.0000,0.0000,0.000,0.000,,0.0,,,,,,BAN,0,,0
5.4692,1790253259.414304,0.0204,0,,,0.000,,,0.0000,0.0000,0.0000,0.0000,0.0000,-13.0000,,,,CHO,0.0000,-12.8987,0.0000,-12.8856,0.0000,0.0000,0.000,0.000,,0.0,,,,,,BAN,0,,0
5.4896,1790253259.434702,0.0204,0,,,0.000,,,0.0000,0.0000,0.0000,0.0000,0.0000,-13.0000,,,,CHO,0.0000,-12.8987,0.0000,-12.8856,0.0000,0.0000,0.000,0.000,,0.0,,,,,,BAN,0,,0
5.5098,1790253259.454808,0.0201,0,,,0.000,,,0.0000,0.0000,0.0000,0.0000,0.0000,-13.0000,,,,CHO,0.0000,-12.8987,0.0000,-12.8856,0.0000,0.0000,0.000,0.000,,0.0,,,,,,BAN,0,,0
5.5301,1790253259.475142,0.0203,0,,,0.000,,,0.0000,0.0000,0.0000,0.0000,0.0000,-13.0000,,,,CHO,0.0000,-12.8987,0.0000,-12.8856,0.0000,0.0000,0.000,0.000,,0.0,,,,,,BAN,0,,0
5.5508,1790253259.495672,0.0208,0,,,0.000,,,0.0000,0.0000,0.0000,0.0000,0.0000,-13.0000,,,,CHO,0.0000,-12.8987,0.0000,-12.8856,0.0000,0.0000,0.000,0.000,,0.0,,,,,,BAN,0,,0
5.5715,1790253259.516488,0.0207,0,,,0.000,,,0.0000,0.0000,0.0000,0.0000,0.0000,-13.0000,,,,CHO,0.0000,-12.8987,0.0000,-12.8856,0.0000,0.0000,0.000,0.000,,0.0,,,,,,BAN,0,,0
5.5920,1790253259.536965,0.0205,0,,,0.000,,,0.0000,0.0000,0.0000,0.0000,0.0000,-13.0000,,,,CHO,0.0000,-12.8987,0.0000,-12.8856,0.0000,0.0000,0.000,0.000,,0.0,,,,,,BAN,0,,0
5.6121,1790253259.557176,0.0202,0,,,0.000,,,0.0000,0.0000,0.0000,0.0000,0.0000,-13.0000,,,,CHO,0.0000,-12.8987,0.0000,-12.8856,0.0000,0.0000,0.000,0.000,,0.0,,,,,,BAN,0,,0
5.6325,1790253259.577567,0.0204,0,,,0.000,,,0.0000,0.0000,0.0000,0.0000,0.0000,-13.0000,,,,CHO,0.0000,-12.8987,0.0000,-12.8856,0.0000,0.0000,0.000,0.000,,0.0,,,,,,BAN,0,,0
5.6526,1790253259.597589,0.0201,0,,,0.000,,,0.0000,0.0000,0.0000,0.0000,0.0000,-13.0000,,,,CHO,0.0000,-12.8987,0.0000,-12.8856,0.0000,0.0000,0.000,0.000,,0.0,,,,,,BAN,0,,0
5.6729,1790253259.617827,0.0203,0,,,0.000,,,0.0000,0.0000,0.0000,0.0000,0.0000,-13.0000,,,,CHO,0.0000,-12.8987,0.0000,-12.8856,0.0000,0.0000,0.000,0.000,,0.0,,,,,,BAN,0,,0
5.6931,1790253259.637990,0.0202,0,,,0.000,,,0.0000,0.0000,0.0000,0.0000,0.0000,-13.0000,,,,CHO,0.0000,-12.8987,0.0000,-12.8856,0.0000,0.0000,0.000,0.000,,0.0,,,,,,BAN,0,,0
5.7135,1790253259.658587,0.0204,0,,,0.000,,,0.0000,0.0000,0.0000,0.0000,0.0000,-13.0000,,,,CHO,0.0000,-12.8987,0.0000,-12.8856,0.0000,0.0000,0.000,0.000,,0.0,,,,,,BAN,0,,0
5.7336,1790253259.678472,0.0201,0,,,0.000,,,0.0000,0.0000,0.0000,0.0000,0.0000,-13.0000,,,,CHO,0.0000,-12.8987,0.0000,-12.8856,0.0000,0.0000,0.000,0.000,,0.0,,,,,,BAN,0,,0
5.7541,1790253259.699010,0.0204,0,,,0.000,,,0.0000,0.0000,0.0000,0.0000,0.0000,-13.0000,,,,CHO,0.0000,-12.8987,0.0000,-12.8856,0.0000,0.0000,0.000,0.000,,0.0,,,,,,BAN,0,,0
5.7742,1790253259.719250,0.0201,0,,,0.000,,,0.0000,0.0000,0.0000,0.0000,0.0000,-13.0000,,,,CHO,0.0000,-12.8987,0.0000,-12.8856,0.0000,0.0000,0.000,0.000,,0.0,,,,,,BAN,0,,0
5.7943,1790253259.739313,0.0201,0,,,0.000,,,0.0000,0.0000,0.0000,0.0000,0.0000,-13.0000,,,,CHO,0.0000,-12.8987,0.0000,-12.8856,0.0000,0.0000,0.000,0.000,,0.0,,,,,,BAN,0,,0
5.8146,1790253259.759599,0.0203,0,,,0.000,,,0.0000,0.0000,0.0000,0.0000,0.0000,-13.0000,,,,CHO,0.0000,-12.8987,0.0000,-12.8856,0.0000,0.0000,0.000,0.000,,0.0,,,,,,BAN,0,,0
5.8347,1790253259.779746,0.0201,0,,,0.000,,,0.0000,0.0000,0.0000,0.0000,0.0000,-13.0000,,,,CHO,0.0000,-12.8987,0.0000,-12.8856,0.0000,0.0000,0.000,0.000,,0.0,,,,,,BAN,0,,0
5.8551,1790253259.800197,0.0204,0,,,0.000,,,0.0000,0.0000,0.0000,0.0000,0.0000,-13.0000,,,,CHO,0.0000,-12.8987,0.0000,-12.8856,0.0000,0.0000,0.000,0.000,,0.0,,,,,,BAN,0,,0
5.8760,1790253259.821056,0.0209,0,,,0.000,,,0.0000,0.0000,0.0000,0.0000,0.0000,-13.0000,,,,CHO,0.0000,-12.8987,0.0000,-12.8856,0.0000,0.0000,0.000,0.000,,0.0,,,,,,BAN,0,,0
5.8963,1790253259.841327,0.0202,0,,,0.000,,,0.0000,0.0000,0.0000,0.0000,0.0000,-13.0000,,,,CHO,0.0000,-12.8987,0.0000,-12.8856,0.0000,0.0000,0.000,0.000,,0.0,,,,,,BAN,0,,0
5.9167,1790253259.861684,0.0205,0,,,0.000,,,0.0000,0.0000,0.0000,0.0000,0.0000,-13.0000,,,,CHO,0.0000,-12.8987,0.0000,-12.8856,0.0000,0.0000,0.000,0.000,,0.0,,,,,,BAN,0,,0
5.9372,1790253259.882241,0.0204,0,,,0.000,,,0.0000,0.0000,0.0000,0.0000,0.0000,-13.0000,,,,CHO,0.0000,-12.8987,0.0000,-12.8856,0.0000,0.0000,0.000,0.000,,0.0,,,,,,BAN,0,,0
5.9576,1790253259.902570,0.0204,0,,,0.000,,,0.0000,0.0000,0.0000,0.0000,0.0000,-13.0000,,,,CHO,0.0000,-12.8987,0.0000,-12.8856,0.0000,0.0000,0.000,0.000,,0.0,,,,,,BAN,0,,0
5.9782,1790253259.923193,0.0206,0,,,0.000,,,0.0000,0.0000,0.0000,0.0000,0.0000,-13.0000,,,,CHO,0.0000,-12.8987,0.0000,-12.8856,0.0000,0.0000,0.000,0.000,,0.0,,,,,,BAN,0,,0
5.9987,1790253259.943688,0.0205,0,,,0.000,,,0.0000,0.0000,0.0000,0.0000,0.0000,-13.0000,,,,CHO,0.0000,-12.8987,0.0000,-12.8856,0.0000,0.0000,0.000,0.000,,0.0,,,,,,BAN,0,,0
6.0190,1790253259.963943,0.0203,0,,,0.000,,,0.0000,0.0000,0.0000,0.0000,0.0000,-13.0000,,,,CHO,0.0000,-12.8987,0.0000,-12.8856,0.0000,0.0000,0.000,0.000,,0.0,,,,,,BAN,0,,0
6.0395,1790253259.984508,0.0205,0,,,0.000,,,0.0000,0.0000,0.0000,0.0000,0.0000,-13.0000,,,,CHO,0.0000,-12.8987,0.0000,-12.8856,0.0000,0.0000,0.000,0.000,,0.0,,,,,,BAN,0,,0
6.0595,1790253260.004505,0.0201,0,,,0.000,,,0.0000,0.0000,0.0000,0.0000,0.0000,-13.0000,,,,CHO,0.0000,-12.8987,0.0000,-12.8856,0.0000,0.0000,0.000,0.000,,0.0,,,,,,BAN,0,,0
6.0800,1790253260.024856,0.0205,0,,,0.000,,,0.0000,0.0000,0.0000,0.0000,0.0000,-13.0000,,,,CHO,0.0000,-12.8987,0.0000,-12.8856,0.0000,0.0000,0.000,0.000,,0.0,,,,,,BAN,0,,0
6.1006,1790253260.045494,0.0206,0,,,0.000,,,0.0000,0.0000,0.0000,0.0000,0.0000,-13.0000,,,,CHO,0.0000,-12.8987,0.0000,-12.8856,0.0000,0.0000,0.000,0.000,,0.0,,,,,,BAN,0,,0
6.1208,1790253260.065840,0.0202,0,,,0.000,,,0.0000,0.0000,0.0000,0.0000,0.0000,-13.0000,,,,CHO,0.0000,-12.8987,0.0000,-12.8856,0.0000,0.0000,0.000,0.000,,0.0,,,,,,BAN,0,,0
6.1410,1790253260.085960,0.0201,0,,,0.000,,,0.0000,0.0000,0.0000,0.0000,0.0000,-13.0000,,,,CHO,0.0000,-12.8987,0.0000,-12.8856,0.0000,0.0000,0.000,0.000,,0.0,,,,,,BAN,0,,0
6.1614,1790253260.106189,0.0205,0,,,0.000,,,0.0000,0.0000,0.0000,0.0000,0.0000,-13.0000,,,,CHO,0.0000,-12.8987,0.0000,-12.8856,0.0000,0.0000,0.000,0.000,,0.0,,,,,,BAN,0,,0
6.1820,1790253260.127103,0.0206,0,,,0.000,,,0.0000,0.0000,0.0000,0.0000,0.0000,-13.0000,,,,CHO,0.0000,-12.8987,0.0000,-12.8856,0.0000,0.0000,0.000,0.000,,0.0,,,,,,BAN,0,,0
6.2028,1790253260.147829,0.0208,0,,,0.000,,,0.0000,0.0000,0.0000,0.0000,0.0000,-13.0000,,,,CHO,0.0000,-12.8987,0.0000,-12.8856,0.0000,0.0000,0.000,0.000,,0.0,,,,,,BAN,0,,0
6.2239,1790253260.168881,0.0211,0,,,0.000,,,0.0000,0.0000,0.0000,0.0000,0.0000,-13.0000,,,,CHO,0.0000,-12.8987,0.0000,-12.8856,0.0000,0.0000,0.000,0.000,,0.0,,,,,,BAN,0,,0
6.2441,1790253260.189080,0.0201,0,,,0.000,,,0.0000,0.0000,0.0000,0.0000,0.0000,-13.0000,,,,CHO,0.0000,-12.8987,0.0000,-12.8856,0.0000,0.0000,0.000,0.000,,0.0,,,,,,BAN,0,,0
6.2644,1790253260.209464,0.0203,0,,,0.000,,,0.0000,0.0000,0.0000,0.0000,0.0000,-13.0000,,,,CHO,0.0000,-12.8987,0.0000,-12.8856,0.0000,0.0000,0.000,0.000,,0.0,,,,,,BAN,0,,0
6.2844,1790253260.229460,0.0200,0,,,0.000,,,0.0000,0.0000,0.0000,0.0000,0.0000,-13.0000,,,,CHO,0.0000,-12.8987,0.0000,-12.8856,0.0000,0.0000,0.000,0.000,,0.0,,,,,,BAN,0,,0
6.3047,1790253260.249704,0.0203,0,,,0.000,,,0.0000,0.0000,0.0000,0.0000,0.0000,-13.0000,,,,CHO,0.0000,-12.8987,0.0000,-12.8856,0.0000,0.0000,0.000,0.000,,0.0,,,,,,BAN,0,,0
6.3252,1790253260.270255,0.0205,0,,,0.000,,,0.0000,0.0000,0.0000,0.0000,0.0000,-13.0000,,,,CHO,0.0000,-12.8987,0.0000,-12.8856,0.0000,0.0000,0.000,0.000,,0.0,,,,,,BAN,0,,0
6.3454,1790253260.290450,0.0202,0,,,0.000,,,0.0000,0.0000,0.0000,0.0000,0.0000,-13.0000,,,,CHO,0.0000,-12.8987,0.0000,-12.8856,0.0000,0.0000,0.000,0.000,,0.0,,,,,,BAN,0,,0
6.3656,1790253260.310642,0.0202,0,,,0.000,,,0.0000,0.0000,0.0000,0.0000,0.0000,-13.0000,,,,CHO,0.0000,-12.8987,0.0000,-12.8856,0.0000,0.0000,0.000,0.000,,0.0,,,,,,BAN,0,,0
6.3861,1790253260.331037,0.0205,0,,,0.000,,,0.0000,0.0000,0.0000,0.0000,0.0000,-13.0000,,,,CHO,0.0000,-12.8987,0.0000,-12.8856,0.0000,0.0000,0.000,0.000,,0.0,,,,,,BAN,0,,0
6.4062,1790253260.351084,0.0201,0,,,0.000,,,0.0000,0.0000,0.0000,0.0000,0.0000,-13.0000,,,,CHO,0.0000,-12.8987,0.0000,-12.8856,0.0000,0.0000,0.000,0.000,,0.0,,,,,,BAN,0,,0
6.4266,1790253260.371655,0.0204,0,,,0.000,,,0.0000,0.0000,0.0000,0.0000,0.0000,-13.0000,,,,CHO,0.0000,-12.8987,0.0000,-12.8856,0.0000,0.0000,0.000,0.000,,0.0,,,,,,BAN,0,,0
6.4467,1790253260.391781,0.0201,0,,,0.000,,,0.0000,0.0000,0.0000,0.0000,0.0000,-13.0000,,,,CHO,0.0000,-12.8987,0.0000,-12.8856,0.0000,0.0000,0.000,0.000,,0.0,,,,,,BAN,0,,0
6.4672,1790253260.412134,0.0205,0,,,0.000,,,0.0000,0.0000,0.0000,0.0000,0.0000,-13.0000,,,,CHO,0.0000,-12.8987,0.0000,-12.8856,0.0000,0.0000,0.000,0.000,,0.0,,,,,,BAN,0,,0
6.4877,1790253260.432687,0.0204,0,,,0.000,,,0.0000,0.0000,0.0000,0.0000,0.0000,-13.0000,,,,CHO,0.0000,-12.8987,0.0000,-12.8856,0.0000,0.0000,0.000,0.000,,0.0,,,,,,BAN,0,,0
6.5078,1790253260.452849,0.0201,0,,,0.000,,,0.0000,0.0000,0.0000,0.0000,0.0000,-13.0000,,,,CHO,0.0000,-12.8987,0.0000,-12.8856,0.0000,0.0000,0.000,0.000,,0.0,,,,,,BAN,0,,0
6.5280,1790253260.472977,0.0202,0,,,0.000,,,0.0000,0.0000,0.0000,0.0000,0.0000,-13.0000,,,,CHO,0.0000,-12.8987,0.0000,-12.8856,0.0000,0.0000,0.000,0.000,,0.0,,,,,,BAN,0,,0
6.5482,1790253260.493287,0.0203,0,,,0.000,,,0.0000,0.0000,0.0000,0.0000,0.0000,-13.0000,,,,CHO,0.0000,-12.8987,0.0000,-12.8856,0.0000,0.0000,0.000,0.000,,0.0,,,,,,BAN,0,,0
6.5688,1790253260.513759,0.0205,0,,,0.000,,,0.0000,0.0000,0.0000,0.0000,0.0000,-13.0000,,,,CHO,0.0000,-12.8987,0.0000,-12.8856,0.0000,0.0000,0.000,0.000,,0.0,,,,,,BAN,0,,0
6.5891,1790253260.534130,0.0204,0,,,0.000,,,0.0000,0.0000,0.0000,0.0000,0.0000,-13.0000,,,,CHO,0.0000,-12.8987,0.0000,-12.8856,0.0000,0.0000,0.000,0.000,,0.0,,,,,,BAN,0,,0
6.6095,1790253260.554596,0.0204,0,,,0.000,,,0.0000,0.0000,0.0000,0.0000,0.0000,-13.0000,,,,CHO,0.0000,-12.8987,0.0000,-12.8856,0.0000,0.0000,0.000,0.000,,0.0,,,,,,BAN,0,,0
6.6299,1790253260.574902,0.0204,0,,,0.000,,,0.0000,0.0000,0.0000,0.0000,0.0000,-13.0000,,,,CHO,0.0000,-12.8987,0.0000,-12.8856,0.0000,0.0000,0.000,0.000,,0.0,,,,,,BAN,0,,0
6.6504,1790253260.595430,0.0205,0,,,0.000,,,0.0000,0.0000,0.0000,0.0000,0.0000,-13.0000,,,,CHO,0.0000,-12.8987,0.0000,-12.8856,0.0000,0.0000,0.000,0.000,,0.0,,,,,,BAN,0,,0
6.6705,1790253260.615543,0.0201,0,,,0.000,,,0.0000,0.0000,0.0000,0.0000,0.0000,-13.0000,,,,CHO,0.0000,-12.8987,0.0000,-12.8856,0.0000,0.0000,0.000,0.000,,0.0,,,,,,BAN,0,,0
6.6910,1790253260.635984,0.0206,0,,,0.000,,,0.0000,0.0000,0.0000,0.0000,0.0000,-13.0000,,,,CHO,0.0000,-12.8987,0.0000,-12.8856,0.0000,0.0000,0.000,0.000,,0.0,,,,,,BAN,0,,0
6.7111,1790253260.656048,0.0201,0,,,0.000,,,0.0000,0.0000,0.0000,0.0000,0.0000,-13.0000,,,,CHO,0.0000,-12.8987,0.0000,-12.8856,0.0000,0.0000,0.000,0.000,,0.0,,,,,,BAN,0,,0
6.7311,1790253260.676191,0.0200,0,,,0.000,,,0.0000,0.0000,0.0000,0.0000,0.0000,-13.0000,,,,CHO,0.0000,-12.8987,0.0000,-12.8856,0.0000,0.0000,0.000,0.000,,0.0,,,,,,BAN,0,,0
6.7518,1790253260.696770,0.0207,0,,,0.000,,,0.0000,0.0000,0.0000,0.0000,0.0000,-13.0000,,,,CHO,0.0000,-12.8987,0.0000,-12.8856,0.0000,0.0000,0.000,0.000,,0.0,,,,,,BAN,0,,0
6.7722,1790253260.717036,0.0203,0,,,0.000,,,0.0000,0.0000,0.0000,0.0000,0.0000,-13.0000,,,,CHO,0.0000,-12.8987,0.0000,-12.8856,0.0000,0.0000,0.000,0.000,,0.0,,,,,,BAN,0,,0
6.7925,1790253260.737377,0.0203,0,,,0.000,,,0.0000,0.0000,0.0000,0.0000,0.0000,-13.0000,,,,CHO,0.0000,-12.8987,0.0000,-12.8856,0.0000,0.0000,0.000,0.000,,0.0,,,,,,BAN,0,,0
6.8125,1790253260.757546,0.0201,0,,,0.000,,,0.0000,0.0000,0.0000,0.0000,0.0000,-13.0000,,,,CHO,0.0000,-12.8987,0.0000,-12.8856,0.0000,0.0000,0.000,0.000,,0.0,,,,,,BAN,0,,0
6.8330,1790253260.777956,0.0205,0,,,0.000,,,0.0000,0.0000,0.0000,0.0000,0.0000,-13.0000,,,,CHO,0.0000,-12.8987,0.0000,-12.8856,0.0000,0.0000,0.000,0.000,,0.0,,,,,,BAN,0,,0
6.8535,1790253260.798558,0.0205,0,,,0.000,,,0.0000,0.0000,0.0000,0.0000,0.0000,-13.0000,,,,CHO,0.0000,-12.8987,0.0000,-12.8856,0.0000,0.0000,0.000,0.000,,0.0,,,,,,BAN,0,,0
6.8738,1790253260.818885,0.0203,0,,,0.000,,,0.0000,0.0000,0.0000,0.0000,0.0000,-13.0000,,,,CHO,0.0000,-12.8987,0.0000,-12.8856,0.0000,0.0000,0.000,0.000,,0.0,,,,,,BAN,0,,0
6.8942,1790253260.839167,0.0204,0,,,0.000,,,0.0000,0.0000,0.0000,0.0000,0.0000,-13.0000,,,,CHO,0.0000,-12.8987,0.0000,-12.8856,0.0000,0.0000,0.000,0.000,,0.0,,,,,,BAN,0,,0
6.9142,1790253260.859272,0.0200,0,,,0.000,,,0.0000,0.0000,0.0000,0.0000,0.0000,-13.0000,,,,CHO,0.0000,-12.8987,0.0000,-12.8856,0.0000,0.0000,0.000,0.000,,0.0,,,,,,BAN,0,,0
6.9344,1790253260.879390,0.0202,0,,,0.000,,,0.0000,0.0000,0.0000,0.0000,0.0000,-13.0000,,,,CHO,0.0000,-12.8987,0.0000,-12.8856,0.0000,0.0000,0.000,0.000,,0.0,,,,,,BAN,0,,0
6.9551,1790253260.899999,0.0207,0,,,0.000,,,0.0000,0.0000,0.0000,0.0000,0.0000,-13.0000,,,,CHO,0.0000,-12.8987,0.0000,-12.8856,0.0000,0.0000,0.000,0.000,,0.0,,,,,,BAN,0,,0
6.9756,1790253260.920607,0.0205,0,,,0.000,,,0.0000,0.0000,0.0000,0.0000,0.0000,-13.0000,,,,CHO,0.0000,-12.8987,0.0000,-12.8856,0.0000,0.0000,0.000,0.000,,0.0,,,,,,BAN,0,,0
6.9959,1790253260.940826,0.0203,0,,,0.000,,,0.0000,0.0000,0.0000,0.0000,0.0000,-13.0000,,,,CHO,0.0000,-12.8987,0.0000,-12.8856,0.0000,0.0000,0.000,0.000,,0.0,,,,,,BAN,0,,0
7.0163,1790253260.961324,0.0204,0,,,0.000,,,0.0000,0.0000,0.0000,0.0000,0.0000,-13.0000,,,,CHO,0.0000,-12.8987,0.0000,-12.8856,0.0000,0.0000,0.000,0.000,,0.0,,,,,,BAN,0,,0
7.0363,1790253260.981276,0.0200,0,,,0.000,,,0.0000,0.0000,0.0000,0.0000,0.0000,-13.0000,,,,CHO,0.0000,-12.8987,0.0000,-12.8856,0.0000,0.0000,0.000,0.000,,0.0,,,,,,BAN,0,,0
7.0566,1790253261.001635,0.0203,0,,,0.000,,,0.0000,0.0000,0.0000,0.0000,0.0000,-13.0000,,,,CHO,0.0000,-12.8987,0.0000,-12.8856,0.0000,0.0000,0.000,0.000,,0.0,,,,,,BAN,0,,0
7.0771,1790253261.022080,0.0205,0,,,0.000,,,0.0000,0.0000,0.0000,0.0000,0.0000,-13.0000,,,,CHO,0.0000,-12.8987,0.0000,-12.8856,0.0000,0.0000,0.000,0.000,,0.0,,,,,,BAN,0,,0
7.0973,1790253261.042216,0.0202,0,,,0.000,,,0.0000,0.0000,0.0000,0.0000,0.0000,-13.0000,,,,CHO,0.0000,-12.8987,0.0000,-12.8856,0.0000,0.0000,0.000,0.000,,0.0,,,,,,BAN,0,,0
7.1176,1790253261.062689,0.0204,0,,,0.000,,,0.0000,0.0000,0.0000,0.0000,0.0000,-13.0000,,,,CHO,0.0000,-12.8987,0.0000,-12.8856,0.0000,0.0000,0.000,0.000,,0.0,,,,,,BAN,0,,0
7.1378,1790253261.082776,0.0202,0,,,0.000,,,0.0000,0.0000,0.0000,0.0000,0.0000,-13.0000,,,,CHO,0.0000,-12.8987,0.0000,-12.8856,0.0000,0.0000,0.000,0.000,,0.0,,,,,,BAN,0,,0
7.1580,1790253261.102993,0.0202,0,,,0.000,,,0.0000,0.0000,0.0000,0.0000,0.0000,-13.0000,,,,CHO,0.0000,-12.8987,0.0000,-12.8856,0.0000,0.0000,0.000,0.000,,0.0,,,,,,BAN,0,,0
7.1786,1790253261.123569,0.0206,0,,,0.000,,,0.0000,0.0000,0.0000,0.0000,0.0000,-13.0000,,,,CHO,0.0000,-12.8987,0.0000,-12.8856,0.0000,0.0000,0.000,0.000,,0.0,,,,,,BAN,0,,0
7.1993,1790253261.144316,0.0207,0,,,0.000,,,0.0000,0.0000,0.0000,0.0000,0.0000,-13.0000,,,,CHO,0.0000,-12.8987,0.0000,-12.8856,0.0000,0.0000,0.000,0.000,,0.0,,,,,,BAN,0,,0
7.2197,1790253261.164784,0.0204,0,,,0.000,,,0.0000,0.0000,0.0000,0.0000,0.0000,-13.0000,,,,CHO,0.0000,-12.8987,0.0000,-12.8856,0.0000,0.0000,0.000,0.000,,0.0,,,,,,BAN,0,,0
7.2402,1790253261.185245,0.0205,0,,,0.000,,,0.0000,0.0000,0.0000,0.0000,0.0000,-13.0000,,,,CHO,0.0000,-12.8987,0.0000,-12.8856,0.0000,0.0000,0.000,0.000,,0.0,,,,,,BAN,0,,0
7.2608,1790253261.205822,0.0206,0,,,0.000,,,0.0000,0.0000,0.0000,0.0000,0.0000,-13.0000,,,,CHO,0.0000,-12.8987,0.0000,-12.8856,0.0000,0.0000,0.000,0.000,,0.0,,,,,,BAN,0,,0
7.2808,1790253261.225857,0.0200,0,,,0.000,,,0.0000,0.0000,0.0000,0.0000,0.0000,-13.0000,,,,CHO,0.0000,-12.8987,0.0000,-12.8856,0.0000,0.0000,0.000,0.000,,0.0,,,,,,BAN,0,,0
7.3011,1790253261.246044,0.0202,0,,,0.000,,,0.0000,0.0000,0.0000,0.0000,0.0000,-13.0000,,,,CHO,0.0000,-12.8987,0.0000,-12.8856,0.0000,0.0000,0.000,0.000,,0.0,,,,,,BAN,0,,0
7.3216,1790253261.266639,0.0205,0,,,0.000,,,0.0000,0.0000,0.0000,0.0000,0.0000,-13.0000,,,,CHO,0.0000,-12.8987,0.0000,-12.8856,0.0000,0.0000,0.000,0.000,,0.0,,,,,,BAN,0,,0
7.3418,1790253261.286867,0.0203,0,,,0.000,,,0.0000,0.0000,0.0000,0.0000,0.0000,-13.0000,,,,CHO,0.0000,-12.8987,0.0000,-12.8856,0.0000,0.0000,0.000,0.000,,0.0,,,,,,BAN,0,,0
7.3618,1790253261.306871,0.0200,0,,,0.000,,,0.0000,0.0000,0.0000,0.0000,0.0000,-13.0000,,,,CHO,0.0000,-12.8987,0.0000,-12.8856,0.0000,0.0000,0.000,0.000,,0.0,,,,,,BAN,0,,0
7.3823,1790253261.327318,0.0204,0,,,0.000,,,0.0000,0.0000,0.0000,0.0000,0.0000,-13.0000,,,,CHO,0.0000,-12.8987,0.0000,-12.8856,0.0000,0.0000,0.000,0.000,,0.0,,,,,,BAN,0,,0
7.4024,1790253261.347435,0.0201,0,,,0.000,,,0.0000,0.0000,0.0000,0.0000,0.0000,-13.0000,,,,CHO,0.0000,-12.8987,0.0000,-12.8856,0.0000,0.0000,0.000,0.000,,0.0,,,,,,BAN,0,,0
7.4227,1790253261.367810,0.0204,0,,,0.000,,,0.0000,0.0000,0.0000,0.0000,0.0000,-13.0000,,,,CHO,0.0000,-12.8987,0.0000,-12.8856,0.0000,0.0000,0.000,0.000,,0.0,,,,,,BAN,0,,0
7.4434,1790253261.388480,0.0207,0,,,0.000,,,0.0000,0.0000,0.0000,0.0000,0.0000,-13.0000,,,,CHO,0.0000,-12.8987,0.0000,-12.8856,0.0000,0.0000,0.000,0.000,,0.0,,,,,,BAN,0,,0
7.4638,1790253261.408713,0.0204,0,,,0.000,,,0.0000,0.0000,0.0000,0.0000,0.0000,-13.0000,,,,CHO,0.0000,-12.8987,0.0000,-12.8856,0.0000,0.0000,0.000,0.000,,0.0,,,,,,BAN,0,,0
7.4840,1790253261.428976,0.0202,0,,,0.000,,,0.0000,0.0000,0.0000,0.0000,0.0000,-13.0000,,,,CHO,0.0000,-12.8987,0.0000,-12.8856,0.0000,0.0000,0.000,0.000,,0.0,,,,,,BAN,0,,0
7.5045,1790253261.449543,0.0205,0,,,0.000,,,0.0000,0.0000,0.0000,0.0000,0.0000,-13.0000,,,,CHO,0.0000,-12.8987,0.0000,-12.8856,0.0000,0.0000,0.000,0.000,,0.0,,,,,,BAN,0,,0
7.5258,1790253261.470902,0.0214,0,,,0.000,,,0.0000,0.0000,0.0000,0.0000,0.0000,-13.0000,,,,CHO,0.0000,-12.8987,0.0000,-12.8856,0.0000,0.0000,0.000,0.000,,0.0,,,,,,BAN,0,,0
7.5462,1790253261.491131,0.0203,0,,,0.000,,,0.0000,0.0000,0.0000,0.0000,0.0000,-13.0000,,,,CHO,0.0000,-12.8987,0.0000,-12.8856,0.0000,0.0000,0.000,0.000,,0.0,,,,,,BAN,0,,0
7.5662,1790253261.511205,0.0200,0,,,0.000,,,0.0000,0.0000,0.0000,0.0000,0.0000,-13.0000,,,,CHO,0.0000,-12.8987,0.0000,-12.8856,0.0000,0.0000,0.000,0.000,,0.0,,,,,,BAN,0,,0
7.5865,1790253261.531512,0.0203,0,,,0.000,,,0.0000,0.0000,0.0000,0.0000,0.0000,-13.0000,,,,CHO,0.0000,-12.8987,0.0000,-12.8856,0.0000,0.0000,0.000,0.000,,0.0,,,,,,BAN,0,,0
7.6070,1790253261.552043,0.0206,0,,,0.000,,,0.0000,0.0000,0.0000,0.0000,0.0000,-13.0000,,,,CHO,0.0000,-12.8987,0.0000,-12.8856,0.0000,0.0000,0.000,0.000,,0.0,,,,,,BAN,0,,0
7.6275,1790253261.572165,0.0205,0,,,0.000,,,0.0000,0.0000,0.0000,0.0000,0.0000,-13.0000,,,,CHO,0.0000,-12.8987,0.0000,-12.8856,0.0000,0.0000,0.000,0.000,,0.0,,,,,,BAN,0,,0
7.6479,1790253261.592957,0.0204,0,,,0.000,,,0.0000,0.0000,0.0000,0.0000,0.0000,-13.0000,,,,CHO,0.0000,-12.8987,0.0000,-12.8856,0.0000,0.0000,0.000,0.000,,0.0,,,,,,BAN,0,,0
7.6684,1790253261.613417,0.0206,0,,,0.000,,,0.0000,0.0000,0.0000,0.0000,0.0000,-13.0000,,,,CHO,0.0000,-12.8987,0.0000,-12.8856,0.0000,0.0000,0.000,0.000,,0.0,,,,,,BAN,0,,0
7.6892,1790253261.634019,0.0207,0,,,0.000,,,0.0000,0.0000,0.0000,0.0000,0.0000,-13.0000,,,,CHO,0.0000,-12.8987,0.0000,-12.8856,0.0000,0.0000,0.000,0.000,,0.0,,,,,,BAN,0,,0
7.7093,1790253261.654240,0.0201,0,,,0.000,,,0.0000,0.0000,0.0000,0.0000,0.0000,-13.0000,,,,CHO,0.0000,-12.8987,0.0000,-12.8856,0.0000,0.0000,0.000,0.000,,0.0,,,,,,BAN,0,,0
7.7293,1790253261.674371,0.0201,0,,,0.000,,,0.0000,0.0000,0.0000,0.0000,0.0000,-13.0000,,,,CHO,0.0000,-12.8987,0.0000,-12.8856,0.0000,0.0000,0.000,0.000,,0.0,,,,,,BAN,0,,0
7.7496,1790253261.694627,0.0203,0,,,0.000,,,0.0000,0.0000,0.0000,0.0000,0.0000,-13.0000,,,,CHO,0.0000,-12.8987,0.0000,-12.8856,0.0000,0.0000,0.000,0.000,,0.0,,,,,,BAN,0,,0
7.7701,1790253261.714950,0.0204,0,,,0.000,,,0.0000,0.0000,0.0000,0.0000,0.0000,-13.0000,,,,CHO,0.0000,-12.8987,0.0000,-12.8856,0.0000,0.0000,0.000,0.000,,0.0,,,,,,BAN,0,,0
7.7904,1790253261.735437,0.0203,0,,,0.000,,,0.0000,0.0000,0.0000,0.0000,0.0000,-13.0000,,,,CHO,0.0000,-12.8987,0.0000,-12.8856,0.0000,0.0000,0.000,0.000,,0.0,,,,,,BAN,0,,0
7.8109,1790253261.755946,0.0205,0,,,0.000,,,0.0000,0.0000,0.0000,0.0000,0.0000,-13.0000,,,,CHO,0.0000,-12.8987,0.0000,-12.8856,0.0000,0.0000,0.000,0.000,,0.0,,,,,,BAN,0,,0
7.8311,1790253261.776037,0.0202,0,,,0.000,,,0.0000,0.0000,0.0000,0.0000,0.0000,-13.0000,,,,CHO,0.0000,-12.8987,0.0000,-12.8856,0.0000,0.0000,0.000,0.000,,0.0,,,,,,BAN,0,,0
7.8516,1790253261.796594,0.0205,0,,,0.000,,,0.0000,0.0000,0.0000,0.0000,0.0000,-13.0000,,,,CHO,0.0000,-12.8987,0.0000,-12.8856,0.0000,0.0000,0.000,0.000,,0.0,,,,,,BAN,0,,0
7.8719,1790253261.816948,0.0203,0,,,0.000,,,0.0000,0.0000,0.0000,0.0000,0.0000,-13.0000,,,,CHO,0.0000,-12.8987,0.0000,-12.8856,0.0000,0.0000,0.000,0.000,,0.0,,,,,,BAN,0,,0
7.8922,1790253261.837238,0.0203,0,,,0.000,,,0.0000,0.0000,0.0000,0.0000,0.0000,-13.0000,,,,CHO,0.0000,-12.8987,0.0000,-12.8856,0.0000,0.0000,0.000,0.000,,0.0,,,,,,BAN,0,,0
7.9124,1790253261.857415,0.0202,0,,,0.000,,,0.0000,0.0000,0.0000,0.0000,0.0000,-13.0000,,,,CHO,0.0000,-12.8987,0.0000,-12.8856,0.0000,0.0000,0.000,0.000,,0.0,,,,,,BAN,0,,0
7.9329,1790253261.877852,0.0205,0,,,0.000,,,0.0000,0.0000,0.0000,0.0000,0.0000,-13.0000,,,,CHO,0.0000,-12.8987,0.0000,-12.8856,0.0000,0.0000,0.000,0.000,,0.0,,,,,,BAN,0,,0
7.9532,1790253261.898306,0.0203,0,,,0.000,,,0.0000,0.0000,0.0000,0.0000,0.0000,-13.0000,,,,CHO,0.0000,-12.8987,0.0000,-12.8856,0.0000,0.0000,0.000,0.000,,0.0,,,,,,BAN,0,,0
7.9732,1790253261.918277,0.0200,0,,,0.000,,,0.0000,0.0000,0.0000,0.0000,0.0000,-13.0000,,,,CHO,0.0000,-12.8987,0.0000,-12.8856,0.0000,0.0000,0.000,0.000,,0.0,,,,,,BAN,0,,0
7.9934,1790253261.938453,0.0202,0,,,0.000,,,0.0000,0.0000,0.0000,0.0000,0.0000,-13.0000,,,,CHO,0.0000,-12.8987,0.0000,-12.8856,0.0000,0.0000,0.000,0.000,,0.0,,,,,,BAN,0,,0
8.0137,1790253261.958546,0.0203,0,,,0.000,,,0.0000,0.0000,0.0000,0.0000,0.0000,-13.0000,,,,CHO,0.0000,-12.8987,0.0000,-12.8856,0.0000,0.0000,0.000,0.000,,0.0,,,,,,BAN,0,,0
8.0337,1790253261.978825,0.0201,0,,,0.000,,,0.0000,0.0000,0.0000,0.0000,0.0000,-13.0000,,,,CHO,0.0000,-12.8987,0.0000,-12.8856,0.0000,0.0000,0.000,0.000,,0.0,,,,,,BAN,0,,0
8.0541,1790253261.999068,0.0203,0,,,0.000,,,0.0000,0.0000,0.0000,0.0000,0.0000,-13.0000,,,,CHO,0.0000,-12.8987,0.0000,-12.8856,0.0000,0.0000,0.000,0.000,,0.0,,,,,,BAN,0,,0
8.0748,1790253262.019762,0.0207,0,,,0.000,,,0.0000,0.0000,0.0000,0.0000,0.0000,-13.0000,,,,CHO,0.0000,-12.8987,0.0000,-12.8856,0.0000,0.0000,0.000,0.000,,0.0,,,,,,BAN,0,,0
8.0949,1790253262.039967,0.0202,0,,,0.000,,,0.0000,0.0000,0.0000,0.0000,0.0000,-13.0000,,,,CHO,0.0000,-12.8987,0.0000,-12.8856,0.0000,0.0000,0.000,0.000,,0.0,,,,,,BAN,0,,0
8.1150,1790253262.060048,0.0200,0,,,0.000,,,0.0000,0.0000,0.0000,0.0000,0.0000,-13.0000,,,,CHO,0.0000,-12.8987,0.0000,-12.8856,0.0000,0.0000,0.000,0.000,,0.0,,,,,,BAN,0,,0
8.1356,1790253262.080592,0.0206,0,,,0.000,,,0.0000,0.0000,0.0000,0.0000,0.0000,-13.0000,,,,CHO,0.0000,-12.8987,0.0000,-12.8856,0.0000,0.0000,0.000,0.000,,0.0,,,,,,BAN,0,,0
8.1562,1790253262.101294,0.0207,0,,,0.000,,,0.0000,0.0000,0.0000,0.0000,0.0000,-13.0000,,,,CHO,0.0000,-12.8987,0.0000,-12.8856,0.0000,0.0000,0.000,0.000,,0.0,,,,,,BAN,0,,0
8.1768,1790253262.121724,0.0205,0,,,0.000,,,0.0000,0.0000,0.0000,0.0000,0.0000,-13.0000,,,,CHO,0.0000,-12.8987,0.0000,-12.8856,0.0000,0.0000,0.000,0.000,,0.0,,,,,,BAN,0,,0
8.1971,1790253262.142164,0.0203,0,,,0.000,,,0.0000,0.0000,0.0000,0.0000,0.0000,-13.0000,,,,CHO,0.0000,-12.8987,0.0000,-12.8856,0.0000,0.0000,0.000,0.000,,0.0,,,,,,BAN,0,,0
8.2172,1790253262.162232,0.0200,0,,,0.000,,,0.0000,0.0000,0.0000,0.0000,0.0000,-13.0000,,,,CHO,0.0000,-12.8987,0.0000,-12.8856,0.0000,0.0000,0.000,0.000,,0.0,,,,,,BAN,0,,0
8.2374,1790253262.182457,0.0202,0,,,0.000,,,0.0000,0.0000,0.0000,0.0000,0.0000,-13.0000,,,,CHO,0.0000,-12.8987,0.0000,-12.8856,0.0000,0.0000,0.000,0.000,,0.0,,,,,,BAN,0,,0
8.2581,1790253262.203080,0.0207,0,,,0.000,,,0.0000,0.0000,0.0000,0.0000,0.0000,-13.0000,,,,CHO,0.0000,-12.8987,0.0000,-12.8856,0.0000,0.0000,0.000,0.000,,0.0,,,,,,BAN,0,,0
8.2787,1790253262.223720,0.0207,0,,,0.000,,,0.0000,0.0000,0.0000,0.0000,0.0000,-13.0000,,,,CHO,0.0000,-12.8987,0.0000,-12.8856,0.0000,0.0000,0.000,0.000,,0.0,,,,,,BAN,0,,0
8.2987,1790253262.243752,0.0200,0,,,0.000,,,0.0000,0.0000,0.0000,0.0000,0.0000,-13.0000,,,,CHO,0.0000,-12.8987,0.0000,-12.8856,0.0000,0.0000,0.000,0.000,,0.0,,,,,,BAN,0,,0
8.3190,1790253262.264076,0.0203,0,,,0.000,,,0.0000,0.0000,0.0000,0.0000,0.0000,-13.0000,,,,CHO,0.0000,-12.8987,0.0000,-12.8856,0.0000,0.0000,0.000,0.000,,0.0,,,,,,BAN,0,,0
8.3392,1790253262.284327,0.0202,0,,,0.000,,,0.0000,0.0000,0.0000,0.0000,0.0000,-13.0000,,,,CHO,0.0000,-12.8987,0.0000,-12.8856,0.0000,0.0000,0.000,0.000,,0.0,,,,,,BAN,0,,0
8.3596,1790253262.304628,0.0203,0,,,0.000,,,0.0000,0.0000,0.0000,0.0000,0.0000,-13.0000,,,,CHO,0.0000,-12.8987,0.0000,-12.8856,0.0000,0.0000,0.000,0.000,,0.0,,,,,,BAN,0,,0
8.3799,1790253262.324956,0.0203,0,,,0.000,,,0.0000,0.0000,0.0000,0.0000,0.0000,-13.0000,,,,CHO,0.0000,-12.8987,0.0000,-12.8856,0.0000,0.0000,0.000,0.000,,0.0,,,,,,BAN,0,,0
8.4003,1790253262.345283,0.0204,0,,,0.000,,,0.0000,0.0000,0.0000,0.0000,0.0000,-13.0000,,,,CHO,0.0000,-12.8987,0.0000,-12.8856,0.0000,0.0000,0.000,0.000,,0.0,,,,,,BAN,0,,0
8.4208,1790253262.365834,0.0205,0,,,0.000,,,0.0000,0.0000,0.0000,0.0000,0.0000,-13.0000,,,,CHO,0.0000,-12.8987,0.0000,-12.8856,0.0000,0.0000,0.000,0.000,,0.0,,,,,,BAN,0,,0
8.4411,1790253262.386039,0.0204,0,,,0.000,,,0.0000,0.0000,0.0000,0.0000,0.0000,-13.0000,,,,CHO,0.0000,-12.8987,0.0000,-12.8856,0.0000,0.0000,0.000,0.000,,0.0,,,,,,BAN,0,,0
8.4614,1790253262.406454,0.0203,0,,,0.000,,,0.0000,0.0000,0.0000,0.0000,0.0000,-13.0000,,,,CHO,0.0000,-12.8987,0.0000,-12.8856,0.0000,0.0000,0.000,0.000,,0.0,,,,,,BAN,0,,0
8.4818,1790253262.426860,0.0204,0,,,0.000,,,0.0000,0.0000,0.0000,0.0000,0.0000,-13.0000,,,,CHO,0.0000,-12.8987,0.0000,-12.8856,0.0000,0.0000,0.000,0.000,,0.0,,,,,,BAN,0,,0
8.5020,1790253262.447042,0.0203,0,,,0.000,,,0.0000,0.0000,0.0000,0.0000,0.0000,-13.0000,,,,CHO,0.0000,-12.8987,0.0000,-12.8856,0.0000,0.0000,0.000,0.000,,0.0,,,,,,BAN,0,,0
8.5223,1790253262.467329,0.0202,0,,,0.000,,,0.0000,0.0000,0.0000,0.0000,0.0000,-13.0000,,,,CHO,0.0000,-12.8987,0.0000,-12.8856,0.0000,0.0000,0.000,0.000,,0.0,,,,,,BAN,0,,0
8.5427,1790253262.487714,0.0204,0,,,0.000,,,0.0000,0.0000,0.0000,0.0000,0.0000,-13.0000,,,,CHO,0.0000,-12.8987,0.0000,-12.8856,0.0000,0.0000,0.000,0.000,,0.0,,,,,,BAN,0,,0
8.5629,1790253262.507982,0.0202,0,,,0.000,,,0.0000,0.0000,0.0000,0.0000,0.0000,-13.0000,,,,CHO,0.0000,-12.8987,0.0000,-12.8856,0.0000,0.0000,0.000,0.000,,0.0,,,,,,BAN,0,,0
8.5834,1790253262.528386,0.0205,0,,,0.000,,,0.0000,0.0000,0.0000,0.0000,0.0000,-13.0000,,,,CHO,0.0000,-12.8987,0.0000,-12.8856,0.0000,0.0000,0.000,0.000,,0.0,,,,,,BAN,0,,0
8.6034,1790253262.548410,0.0200,0,,,0.000,,,0.0000,0.0000,0.0000,0.0000,0.0000,-13.0000,,,,CHO,0.0000,-12.8987,0.0000,-12.8856,0.0000,0.0000,0.000,0.000,,0.0,,,,,,BAN,0,,0
8.6240,1790253262.569022,0.0206,0,,,0.000,,,0.0000,0.0000,0.0000,0.0000,0.0000,-13.0000,,,,CHO,0.0000,-12.8987,0.0000,-12.8856,0.0000,0.0000,0.000,0.000,,0.0,,,,,,BAN,0,,0
8.6443,1790253262.589317,0.0202,0,,,0.000,,,0.0000,0.0000,0.0000,0.0000,0.0000,-13.0000,,,,CHO,0.0000,-12.8987,0.0000,-12.8856,0.0000,0.0000,0.000,0.000,,0.0,,,,,,BAN,0,,0
8.6647,1790253262.609813,0.0205,0,,,0.000,,,0.0000,0.0000,0.0000,0.0000,0.0000,-13.0000,,,,CHO,0.0000,-12.8987,0.0000,-12.8856,0.0000,0.0000,0.000,0.000,,0.0,,,,,,BAN,0,,0
8.6847,1790253262.629819,0.0200,0,,,0.000,,,0.0000,0.0000,0.0000,0.0000,0.0000,-13.0000,,,,CHO,0.0000,-12.8987,0.0000,-12.8856,0.0000,0.0000,0.000,0.000,,0.0,,,,,,BAN,0,,0
8.7052,1790253262.650203,0.0204,0,,,0.000,,,0.0000,0.0000,0.0000,0.0000,0.0000,-13.0000,,,,CHO,0.0000,-12.8987,0.0000,-12.8856,0.0000,0.0000,0.000,0.000,,0.0,,,,,,BAN,0,,0
8.7258,1790253262.670752,0.0206,0,,,0.000,,,0.0000,0.0000,0.0000,0.0000,0.0000,-13.0000,,,,CHO,0.0000,-12.8987,0.0000,-12.8856,0.0000,0.0000,0.000,0.000,,0.0,,,,,,BAN,0,,0
8.7463,1790253262.691380,0.0205,0,,,0.000,,,0.0000,0.0000,0.0000,0.0000,0.0000,-13.0000,,,,CHO,0.0000,-12.8987,0.0000,-12.8856,0.0000,0.0000,0.000,0.000,,0.0,,,,,,BAN,0,,0
8.7667,1790253262.711636,0.0204,0,,,0.000,,,0.0000,0.0000,0.0000,0.0000,0.0000,-13.0000,,,,CHO,0.0000,-12.8987,0.0000,-12.8856,0.0000,0.0000,0.000,0.000,,0.0,,,,,,BAN,0,,0
8.7871,1790253262.732112,0.0204,0,,,0.000,,,0.0000,0.0000,0.0000,0.0000,0.0000,-13.0000,,,,CHO,0.0000,-12.8987,0.0000,-12.8856,0.0000,0.0000,0.000,0.000,,0.0,,,,,,BAN,0,,0
8.8071,1790253262.752093,0.0200,0,,,0.000,,,0.0000,0.0000,0.0000,0.0000,0.0000,-13.0000,,,,CHO,0.0000,-12.8987,0.0000,-12.8856,0.0000,0.0000,0.000,0.000,,0.0,,,,,,BAN,0,,0
8.8274,1790253262.772508,0.0203,0,,,0.000,,,0.0000,0.0000,0.0000,0.0000,0.0000,-13.0000,,,,CHO,0.0000,-12.8987,0.0000,-12.8856,0.0000,0.0000,0.000,0.000,,0.0,,,,,,BAN,0,,0
8.8482,1790253262.793035,0.0207,0,,,0.000,,,0.0000,0.0000,0.0000,0.0000,0.0000,-13.0000,,,,CHO,0.0000,-12.8987,0.0000,-12.8856,0.0000,0.0000,0.000,0.000,,0.0,,,,,,BAN,0,,0
8.8685,1790253262.813430,0.0203,0,,,0.000,,,0.0000,0.0000,0.0000,0.0000,0.0000,-13.0000,,,,CHO,0.0000,-12.8987,0.0000,-12.8856,0.0000,0.0000,0.000,0.000,,0.0,,,,,,BAN,0,,0
8.8887,1790253262.833741,0.0202,0,,,0.000,,,0.0000,0.0000,0.0000,0.0000,0.0000,-13.0000,,,,CHO,0.0000,-12.8987,0.0000,-12.8856,0.0000,0.0000,0.000,0.000,,0.0,,,,,,BAN,0,,0
8.9090,1790253262.853927,0.0203,0,,,0.000,,,0.0000,0.0000,0.0000,0.0000,0.0000,-13.0000,,,,CHO,0.0000,-12.8987,0.0000,-12.8856,0.0000,0.0000,0.000,0.000,,0.0,,,,,,BAN,0,,0
8.9291,1790253262.874122,0.0201,0,,,0.000,,,0.0000,0.0000,0.0000,0.0000,0.0000,-13.0000,,,,CHO,0.0000,-12.8987,0.0000,-12.8856,0.0000,0.0000,0.000,0.000,,0.0,,,,,,BAN,0,,0
8.9492,1790253262.894109,0.0200,0,,,0.000,,,0.0000,0.0000,0.0000,0.0000,0.0000,-13.0000,,,,CHO,0.0000,-12.8987,0.0000,-12.8856,0.0000,0.0000,0.000,0.000,,0.0,,,,,,BAN,0,,0
8.9698,1790253262.914642,0.0206,0,,,0.000,,,0.0000,0.0000,0.0000,0.0000,0.0000,-13.0000,,,,CHO,0.0000,-12.8987,0.0000,-12.8856,0.0000,0.0000,0.000,0.000,,0.0,,,,,,BAN,0,,0
8.9901,1790253262.935083,0.0204,0,,,0.000,,,0.0000,0.0000,0.0000,0.0000,0.0000,-13.0000,,,,CHO,0.0000,-12.8987,0.0000,-12.8856,0.0000,0.0000,0.000,0.000,,0.0,,,,,,BAN,0,,0
9.0102,1790253262.955297,0.0201,0,,,0.000,,,0.0000,0.0000,0.0000,0.0000,0.0000,-13.0000,,,,CHO,0.0000,-12.8987,0.0000,-12.8856,0.0000,0.0000,0.000,0.000,,0.0,,,,,,BAN,0,,0
9.0304,1790253262.975316,0.0202,0,,,0.000,,,0.0000,0.0000,0.0000,0.0000,0.0000,-13.0000,,,,CHO,0.0000,-12.8987,0.0000,-12.8856,0.0000,0.0000,0.000,0.000,,0.0,,,,,,BAN,0,,0
9.0506,1790253262.995611,0.0202,0,,,0.000,,,0.0000,0.0000,0.0000,0.0000,0.0000,-13.0000,,,,CHO,0.0000,-12.8987,0.0000,-12.8856,0.0000,0.0000,0.000,0.000,,0.0,,,,,,BAN,0,,0
9.0706,1790253263.015680,0.0200,0,,,0.000,,,0.0000,0.0000,0.0000,0.0000,0.0000,-13.0000,,,,CHO,0.0000,-12.8987,0.0000,-12.8856,0.0000,0.0000,0.000,0.000,,0.0,,,,,,BAN,0,,0
9.0909,1790253263.035910,0.0203,0,,,0.000,,,0.0000,0.0000,0.0000,0.0000,0.0000,-13.0000,,,,CHO,0.0000,-12.8987,0.0000,-12.8856,0.0000,0.0000,0.000,0.000,,0.0,,,,,,BAN,0,,0
9.1110,1790253263.055900,0.0201,0,,,0.000,,,0.0000,0.0000,0.0000,0.0000,0.0000,-13.0000,,,,CHO,0.0000,-12.8987,0.0000,-12.8856,0.0000,0.0000,0.000,0.000,,0.0,,,,,,BAN,0,,0
9.1310,1790253263.076084,0.0201,0,,,0.000,,,0.0000,0.0000,0.0000,0.0000,0.0000,-13.0000,,,,CHO,0.0000,-12.8987,0.0000,-12.8856,0.0000,0.0000,0.000,0.000,,0.0,,,,,,BAN,0,,0
9.1512,1790253263.096076,0.0201,0,,,0.000,,,0.0000,0.0000,0.0000,0.0000,0.0000,-13.0000,,,,CHO,0.0000,-12.8987,0.0000,-12.8856,0.0000,0.0000,0.000,0.000,,0.0,,,,,,BAN,0,,0
9.1716,1790253263.116575,0.0204,0,,,0.000,,,0.0000,0.0000,0.0000,0.0000,0.0000,-13.0000,,,,CHO,0.0000,-12.8987,0.0000,-12.8856,0.0000,0.0000,0.000,0.000,,0.0,,,,,,BAN,0,,0
9.1921,1790253263.137088,0.0205,0,,,0.000,,,0.0000,0.0000,0.0000,0.0000,0.0000,-13.0000,,,,CHO,0.0000,-12.8987,0.0000,-12.8856,0.0000,0.0000,0.000,0.000,,0.0,,,,,,BAN,0,,0
9.2124,1790253263.157477,0.0203,0,,,0.000,,,0.0000,0.0000,0.0000,0.0000,0.0000,-13.0000,,,,CHO,0.0000,-12.8987,0.0000,-12.8856,0.0000,0.0000,0.000,0.000,,0.0,,,,,,BAN,0,,0
9.2329,1790253263.177917,0.0205,0,,,0.000,,,0.0000,0.0000,0.0000,0.0000,0.0000,-13.0000,,,,CHO,0.0000,-12.8987,0.0000,-12.8856,0.0000,0.0000,0.000,0.000,,0.0,,,,,,BAN,0,,0
9.2532,1790253263.198178,0.0203,0,,,0.000,,,0.0000,0.0000,0.0000,0.0000,0.0000,-13.0000,,,,CHO,0.0000,-12.8987,0.0000,-12.8856,0.0000,0.0000,0.000,0.000,,0.0,,,,,,BAN,0,,0
9.2735,1790253263.218398,0.0203,0,,,0.000,,,0.0000,0.0000,0.0000,0.0000,0.0000,-13.0000,,,,CHO,0.0000,-12.8987,0.0000,-12.8856,0.0000,0.0000,0.000,0.000,,0.0,,,,,,BAN,0,,0
9.2936,1790253263.238595,0.0201,0,,,0.000,,,0.0000,0.0000,0.0000,0.0000,0.0000,-13.0000,,,,CHO,0.0000,-12.8987,0.0000,-12.8856,0.0000,0.0000,0.000,0.000,,0.0,,,,,,BAN,0,,0
9.3144,1790253263.259330,0.0208,0,,,0.000,,,0.0000,0.0000,0.0000,0.0000,0.0000,-13.0000,,,,CHO,0.0000,-12.8987,0.0000,-12.8856,0.0000,0.0000,0.000,0.000,,0.0,,,,,,BAN,0,,0
9.3350,1790253263.280066,0.0207,0,,,0.000,,,0.0000,0.0000,0.0000,0.0000,0.0000,-13.0000,,,,CHO,0.0000,-12.8987,0.0000,-12.8856,0.0000,0.0000,0.000,0.000,,0.0,,,,,,BAN,0,,0
9.3552,1790253263.300250,0.0202,0,,,0.000,,,0.0000,0.0000,0.0000,0.0000,0.0000,-13.0000,,,,CHO,0.0000,-12.8987,0.0000,-12.8856,0.0000,0.0000,0.000,0.000,,0.0,,,,,,BAN,0,,0
9.3756,1790253263.320360,0.0203,0,,,0.000,,,0.0000,0.0000,0.0000,0.0000,0.0000,-13.0000,,,,CHO,0.0000,-12.8987,0.0000,-12.8856,0.0000,0.0000,0.000,0.000,,0.0,,,,,,BAN,0,,0
9.3962,1790253263.341158,0.0206,0,,,0.000,,,0.0000,0.0000,0.0000,0.0000,0.0000,-13.0000,,,,CHO,0.0000,-12.8987,0.0000,-12.8856,0.0000,0.0000,0.000,0.000,,0.0,,,,,,BAN,0,,0
9.4163,1790253263.361304,0.0201,0,,,0.000,,,0.0000,0.0000,0.0000,0.0000,0.0000,-13.0000,,,,CHO,0.0000,-12.8987,0.0000,-12.8856,0.0000,0.0000,0.000,0.000,,0.0,,,,,,BAN,0,,0
9.4369,1790253263.381795,0.0206,0,,,0.000,,,0.0000,0.0000,0.0000,0.0000,0.0000,-13.0000,,,,CHO,0.0000,-12.8987,0.0000,-12.8856,0.0000,0.0000,0.000,0.000,,0.0,,,,,,BAN,0,,0
9.4572,1790253263.402212,0.0203,0,,,0.000,,,0.0000,0.0000,0.0000,0.0000,0.0000,-13.0000,,,,CHO,0.0000,-12.8987,0.0000,-12.8856,0.0000,0.0000,0.000,0.000,,0.0,,,,,,BAN,0,,0
9.4776,1790253263.422522,0.0205,0,,,0.000,,,0.0000,0.0000,0.0000,0.0000,0.0000,-13.0000,,,,CHO,0.0000,-12.8987,0.0000,-12.8856,0.0000,0.0000,0.000,0.000,,0.0,,,,,,BAN,0,,0
9.4982,1790253263.443182,0.0206,0,,,0.000,,,0.0000,0.0000,0.0000,0.0000,0.0000,-13.0000,,,,CHO,0.0000,-12.8987,0.0000,-12.8856,0.0000,0.0000,0.000,0.000,,0.0,,,,,,BAN,0,,0
9.5184,1790253263.463315,0.0201,0,,,0.000,,,0.0000,0.0000,0.0000,0.0000,0.0000,-13.0000,,,,CHO,0.0000,-12.8987,0.0000,-12.8856,0.0000,0.0000,0.000,0.000,,0.0,,,,,,BAN,0,,0
9.5390,1790253263.484042,0.0207,0,,,0.000,,,0.0000,0.0000,0.0000,0.0000,0.0000,-13.0000,,,,CHO,0.0000,-12.8987,0.0000,-12.8856,0.0000,0.0000,0.000,0.000,,0.0,,,,,,BAN,0,,0
9.5596,1790253263.504675,0.0206,0,,,0.000,,,0.0000,0.0000,0.0000,0.0000,0.0000,-13.0000,,,,CHO,0.0000,-12.8987,0.0000,-12.8856,0.0000,0.0000,0.000,0.000,,0.0,,,,,,BAN,0,,0
9.5803,1790253263.525284,0.0207,0,,,0.000,,,0.0000,0.0000,0.0000,0.0000,0.0000,-13.0000,,,,CHO,0.0000,-12.8987,0.0000,-12.8856,0.0000,0.0000,0.000,0.000,,0.0,,,,,,BAN,0,,0
9.6006,1790253263.545490,0.0203,0,,,0.000,,,0.0000,0.0000,0.0000,0.0000,0.0000,-13.0000,,,,CHO,0.0000,-12.8987,0.0000,-12.8856,0.0000,0.0000,0.000,0.000,,0.0,,,,,,BAN,0,,0
9.6212,1790253263.566267,0.0206,0,,,0.000,,,0.0000,0.0000,0.0000,0.0000,0.0000,-13.0000,,,,CHO,0.0000,-12.8987,0.0000,-12.8856,0.0000,0.0000,0.000,0.000,,0.0,,,,,,BAN,0,,0
9.6413,1790253263.586257,0.0201,0,,,0.000,,,0.0000,0.0000,0.0000,0.0000,0.0000,-13.0000,,,,CHO,0.0000,-12.8987,0.0000,-12.8856,0.0000,0.0000,0.000,0.000,,0.0,,,,,,BAN,0,,0
9.6619,1790253263.606882,0.0206,0,,,0.000,,,0.0000,0.0000,0.0000,0.0000,0.0000,-13.0000,,,,CHO,0.0000,-12.8987,0.0000,-12.8856,0.0000,0.0000,0.000,0.000,,0.0,,,,,,BAN,0,,0
9.6826,1790253263.627600,0.0207,0,,,0.000,,,0.0000,0.0000,0.0000,0.0000,0.0000,-13.0000,,,,CHO,0.0000,-12.8987,0.0000,-12.8856,0.0000,0.0000,0.000,0.000,,0.0,,,,,,BAN,0,,0
9.7033,1790253263.648298,0.0207,0,,,0.000,,,0.0000,0.0000,0.0000,0.0000,0.0000,-13.0000,,,,CHO,0.0000,-12.8987,0.0000,-12.8856,0.0000,0.0000,0.000,0.000,,0.0,,,,,,BAN,0,,0
9.7237,1790253263.668575,0.0204,0,,,0.000,,,0.0000,0.0000,0.0000,0.0000,0.0000,-13.0000,,,,CHO,0.0000,-12.8987,0.0000,-12.8856,0.0000,0.0000,0.000,0.000,,0.0,,,,,,BAN,0,,0
9.7439,1790253263.688892,0.0202,0,,,0.000,,,0.0000,0.0000,0.0000,0.0000,0.0000,-13.0000,,,,CHO,0.0000,-12.8987,0.0000,-12.8856,0.0000,0.0000,0.000,0.000,,0.0,,,,,,BAN,0,,0
9.7642,1790253263.709137,0.0203,0,,,0.000,,,0.0000,0.0000,0.0000,0.0000,0.0000,-13.0000,,,,CHO,0.0000,-12.8987,0.0000,-12.8856,0.0000,0.0000,0.000,0.000,,0.0,,,,,,BAN,0,,0
9.7850,1790253263.729840,0.0208,0,,,0.000,,,0.0000,0.0000,0.0000,0.0000,0.0000,-13.0000,,,,CHO,0.0000,-12.8987,0.0000,-12.8856,0.0000,0.0000,0.000,0.000,,0.0,,,,,,BAN,0,,0
9.8053,1790253263.750282,0.0203,0,,,0.000,,,0.0000,0.0000,0.0000,0.0000,0.0000,-13.0000,,,,CHO,0.0000,-12.8987,0.0000,-12.8856,0.0000,0.0000,0.000,0.000,,0.0,,,,,,BAN,0,,0
9.8255,1790253263.770475,0.0202,0,,,0.000,,,0.0000,0.0000,0.0000,0.0000,0.0000,-13.0000,,,,CHO,0.0000,-12.8987,0.0000,-12.8856,0.0000,0.0000,0.000,0.000,,0.0,,,,,,BAN,0,,0
9.8455,1790253263.790471,0.0200,0,,,0.000,,,0.0000,0.0000,0.0000,0.0000,0.0000,-13.0000,,,,CHO,0.0000,-12.8987,0.0000,-12.8856,0.0000,0.0000,0.000,0.000,,0.0,,,,,,BAN,0,,0
9.8660,1790253263.810993,0.0205,0,,,0.000,,,0.0000,0.0000,0.0000,0.0000,0.0000,-13.0000,,,,CHO,0.0000,-12.8987,0.0000,-12.8856,0.0000,0.0000,0.000,0.000,,0.0,,,,,,BAN,0,,0
9.8864,1790253263.831454,0.0204,0,,,0.000,,,0.0000,0.0000,0.0000,0.0000,0.0000,-13.0000,,,,CHO,0.0000,-12.8987,0.0000,-12.8856,0.0000,0.0000,0.000,0.000,,0.0,,,,,,BAN,0,,0
9.9065,1790253263.851539,0.0201,0,,,0.000,,,0.0000,0.0000,0.0000,0.0000,0.0000,-13.0000,,,,CHO,0.0000,-12.8987,0.0000,-12.8856,0.0000,0.0000,0.000,0.000,,0.0,,,,,,BAN,0,,0
9.9269,1790253263.871872,0.0204,0,,,0.000,,,0.0000,0.0000,0.0000,0.0000,0.0000,-13.0000,,,,CHO,0.0000,-12.8987,0.0000,-12.8856,0.0000,0.0000,0.000,0.000,,0.0,,,,,,BAN,0,,0
9.9475,1790253263.892545,0.0206,0,,,0.000,,,0.0000,0.0000,0.0000,0.0000,0.0000,-13.0000,,,,CHO,0.0000,-12.8987,0.0000,-12.8856,0.0000,0.0000,0.000,0.000,,0.0,,,,,,BAN,0,,0
9.9680,1790253263.913071,0.0205,0,,,0.000,,,0.0000,0.0000,0.0000,0.0000,0.0000,-13.0000,,,,CHO,0.0000,-12.8987,0.0000,-12.8856,0.0000,0.0000,0.000,0.000,,0.0,,,,,,BAN,0,,0
9.9882,1790253263.933227,0.0202,0,,,0.000,,,0.0000,0.0000,0.0000,0.0000,0.0000,-13.0000,,,,CHO,0.0000,-12.8987,0.0000,-12.8856,0.0000,0.0000,0.000,0.000,,0.0,,,,,,BAN,0,,0
10.0083,1790253263.953323,0.0201,0,,,0.000,,,0.0000,0.0000,0.0000,0.0000,0.0000,-13.0000,,,,CHO,0.0000,-12.8987,0.0000,-12.8856,0.0000,0.0000,0.000,0.000,,0.0,,,,,,BAN,0,,0
10.0291,1790253263.974075,0.0208,0,,,0.000,,,0.0000,0.0000,0.0000,0.0000,0.0000,-13.0000,,,,CHO,0.0000,-12.8987,0.0000,-12.8856,0.0000,0.0000,0.000,0.000,,0.0,,,,,,BAN,0,,0
10.0493,1790253263.994346,0.0202,0,,,0.000,,,0.0000,0.0000,0.0000,0.0000,0.0000,-13.0000,,,,CHO,0.0000,-12.8987,0.0000,-12.8856,0.0000,0.0000,0.000,0.000,,0.0,,,,,,BAN,0,,0
10.0696,1790253264.014656,0.0203,0,,,0.000,,,0.0000,0.0000,0.0000,0.0000,0.0000,-13.0000,,,,CHO,0.0000,-12.8987,0.0000,-12.8856,0.0000,0.0000,0.000,0.000,,0.0,,,,,,BAN,0,,0
10.0897,1790253264.034673,0.0201,0,,,0.000,,,0.0000,0.0000,0.0000,0.0000,0.0000,-13.0000,,,,CHO,0.0000,-12.8987,0.0000,-12.8856,0.0000,0.0000,0.000,0.000,,0.0,,,,,,BAN,0,,0
10.1098,1790253264.054779,0.0202,0,,,0.000,,,0.0000,0.0000,0.0000,0.0000,0.0000,-13.0000,,,,CHO,0.0000,-12.8987,0.0000,-12.8856,0.0000,0.0000,0.000,0.000,,0.0,,,,,,BAN,0,,0
10.1301,1790253264.075130,0.0202,0,,,0.000,,,0.0000,0.0000,0.0000,0.0000,0.0000,-13.0000,,,,CHO,0.0000,-12.8987,0.0000,-12.8856,0.0000,0.0000,0.000,0.000,,0.0,,,,,,BAN,0,,0
10.1508,1790253264.095776,0.0207,0,,,0.000,,,0.0000,0.0000,0.0000,0.0000,0.0000,-13.0000,,,,CHO,0.0000,-12.8987,0.0000,-12.8856,0.0000,0.0000,0.000,0.000,,0.0,,,,,,BAN,0,,0
10.1714,1790253264.116061,0.0207,0,,,0.000,,,0.0000,0.0000,0.0000,0.0000,0.0000,-13.0000,,,,CHO,0.0000,-12.8987,0.0000,-12.8856,0.0000,0.0000,0.000,0.000,,0.0,,,,,,BAN,0,,0
10.1915,1790253264.136965,0.0201,0,,,0.000,,,0.0000,0.0000,0.0000,0.0000,0.0000,-13.0000,,,,CHO,0.0000,-12.8987,0.0000,-12.8856,0.0000,0.0000,0.000,0.000,,0.0,,,,,,BAN,0,,0
10.2118,1790253264.156729,0.0203,0,,,0.000,,,0.0000,0.0000,0.0000,0.0000,0.0000,-13.0000,,,,CHO,0.0000,-12.8987,0.0000,-12.8856,0.0000,0.0000,0.000,0.000,,0.0,,,,,,BAN,0,,0
10.2319,1790253264.176984,0.0201,0,,,0.000,,,0.0000,0.0000,0.0000,0.0000,0.0000,-13.0000,,,,CHO,0.0000,-12.8987,0.0000,-12.8856,0.0000,0.0000,0.000,0.000,,0.0,,,,,,BAN,0,,0
10.2523,1790253264.197149,0.0204,0,,,0.000,,,0.0000,0.0000,0.0000,0.0000,0.0000,-13.0000,,,,CHO,0.0000,-12.8987,0.0000,-12.8856,0.0000,0.0000,0.000,0.000,,0.0,,,,,,BAN,0,,0
10.2725,1790253264.217062,0.0201,0,,,0.000,,,0.0000,0.0000,0.0000,0.0000,0.0000,-13.0000,,,,CHO,0.0000,-12.8987,0.0000,-12.8856,0.0000,0.0000,0.000,0.000,,0.0,,,,,,BAN,0,,0
10.2926,1790253264.237627,0.0201,0,,,0.000,,,0.0000,0.0000,0.0000,0.0000,0.0000,-13.0000,,,,CHO,0.0000,-12.8987,0.0000,-12.8856,0.0000,0.0000,0.000,0.000,,0.0,,,,,,BAN,0,,0
10.3126,1790253264.257675,0.0200,0,,,0.000,,,0.0000,0.0000,0.0000,0.0000,0.0000,-13.0000,,,,CHO,0.0000,-12.8987,0.0000,-12.8856,0.0000,0.0000,0.000,0.000,,0.0,,,,,,BAN,0,,0
10.3336,1790253264.278608,0.0210,0,,,0.000,,,0.0000,0.0000,0.0000,0.0000,0.0000,-13.0000,,,,CHO,0.0000,-12.8987,0.0000,-12.8856,0.0000,0.0000,0.000,0.000,,0.0,,,,,,BAN,0,,0
10.3537,1790253264.298752,0.0200,0,,,0.000,,,0.0000,0.0000,0.0000,0.0000,0.0000,-13.0000,,,,CHO,0.0000,-12.8987,0.0000,-12.8856,0.0000,0.0000,0.000,0.000,,0.0,,,,,,BAN,0,,0
10.3740,1790253264.318980,0.0203,0,,,0.000,,,0.0000,0.0000,0.0000,0.0000,0.0000,-13.0000,,,,CHO,0.0000,-12.8987,0.0000,-12.8856,0.0000,0.0000,0.000,0.000,,0.0,,,,,,BAN,0,,0
10.3951,1790253264.339982,0.0212,0,,,0.000,,,0.0000,0.0000,0.0000,0.0000,0.0000,-13.0000,,,,CHO,0.0000,-12.8987,0.0000,-12.8856,0.0000,0.0000,0.000,0.000,,0.0,,,,,,BAN,0,,0
10.4158,1790253264.360649,0.0206,0,,,0.000,,,0.0000,0.0000,0.0000,0.0000,0.0000,-13.0000,,,,CHO,0.0000,-12.8987,0.0000,-12.8856,0.0000,0.0000,0.000,0.000,,0.0,,,,,,BAN,0,,0
10.4360,1790253264.381020,0.0202,0,,,0.000,,,0.0000,0.0000,0.0000,0.0000,0.0000,-13.0000,,,,CHO,0.0000,-12.8987,0.0000,-12.8856,0.0000,0.0000,0.000,0.000,,0.0,,,,,,BAN,0,,0
10.4564,1790253264.401311,0.0204,0,,,0.000,,,0.0000,0.0000,0.0000,0.0000,0.0000,-13.0000,,,,CHO,0.0000,-12.8987,0.0000,-12.8856,0.0000,0.0000,0.000,0.000,,0.0,,,,,,BAN,0,,0
10.4768,1790253264.421790,0.0204,0,,,0.000,,,0.0000,0.0000,0.0000,0.0000,0.0000,-13.0000,,,,CHO,0.0000,-12.8987,0.0000,-12.8856,0.0000,0.0000,0.000,0.000,,0.0,,,,,,BAN,0,,0
10.4969,1790253264.441934,0.0202,0,,,0.000,,,0.0000,0.0000,0.0000,0.0000,0.0000,-13.0000,,,,CHO,0.0000,-12.8987,0.0000,-12.8856,0.0000,0.0000,0.000,0.000,,0.0,,,,,,BAN,0,,0
10.5171,1790253264.462097,0.0202,0,,,0.000,,,0.0000,0.0000,0.0000,0.0000,0.0000,-13.0000,,,,CHO,0.0000,-12.8987,0.0000,-12.8856,0.0000,0.0000,0.000,0.000,,0.0,,,,,,BAN,0,,0
10.5372,1790253264.482104,0.0201,0,,,0.000,,,0.0000,0.0000,0.0000,0.0000,0.0000,-13.0000,,,,CHO,0.0000,-12.8987,0.0000,-12.8856,0.0000,0.0000,0.000,0.000,,0.0,,,,,,BAN,0,,0
10.5573,1790253264.502392,0.0202,0,,,0.000,,,0.0000,0.0000,0.0000,0.0000,0.0000,-13.0000,,,,CHO,0.0000,-12.8987,0.0000,-12.8856,0.0000,0.0000,0.000,0.000,,0.0,,,,,,BAN,0,,0
10.5774,1790253264.522436,0.0201,0,,,0.000,,,0.0000,0.0000,0.0000,0.0000,0.0000,-13.0000,,,,CHO,0.0000,-12.8987,0.0000,-12.8856,0.0000,0.0000,0.000,0.000,,0.0,,,,,,BAN,0,,0
10.5977,1790253264.542805,0.0203,0,,,0.000,,,0.0000,0.0000,0.0000,0.0000,0.0000,-13.0000,,,,CHO,0.0000,-12.8987,0.0000,-12.8856,0.0000,0.0000,0.000,0.000,,0.0,,,,,,BAN,0,,0
10.6178,1790253264.562835,0.0200,0,,,0.000,,,0.0000,0.0000,0.0000,0.0000,0.0000,-13.0000,,,,CHO,0.0000,-12.8987,0.0000,-12.8856,0.0000,0.0000,0.000,0.000,,0.0,,,,,,BAN,0,,0
10.6379,1790253264.582886,0.0201,0,,,0.000,,,0.0000,0.0000,0.0000,0.0000,0.0000,-13.0000,,,,CHO,0.0000,-12.8987,0.0000,-12.8856,0.0000,0.0000,0.000,0.000,,0.0,,,,,,BAN,0,,0
10.6579,1790253264.602812,0.0200,0,,,0.000,,,0.0000,0.0000,0.0000,0.0000,0.0000,-13.0000,,,,CHO,0.0000,-12.8987,0.0000,-12.8856,0.0000,0.0000,0.000,0.000,,0.0,,,,,,BAN,0,,0
10.6782,1790253264.623136,0.0202,0,,,0.000,,,0.0000,0.0000,0.0000,0.0000,0.0000,-13.0000,,,,CHO,0.0000,-12.8987,0.0000,-12.8856,0.0000,0.0000,0.000,0.000,,0.0,,,,,,BAN,0,,0
10.6982,1790253264.643271,0.0200,0,,,0.000,,,0.0000,0.0000,0.0000,0.0000,0.0000,-13.0000,,,,CHO,0.0000,-12.8987,0.0000,-12.8856,0.0000,0.0000,0.000,0.000,,0.0,,,,,,BAN,0,,0
10.7187,1790253264.663805,0.0205,0,,,0.000,,,0.0000,0.0000,0.0000,0.0000,0.0000,-13.0000,,,,CHO,0.0000,-12.8987,0.0000,-12.8856,0.0000,0.0000,0.000,0.000,,0.0,,,,,,BAN,0,,0
10.7391,1790253264.684118,0.0203,0,,,0.000,,,0.0000,0.0000,0.0000,0.0000,0.0000,-13.0000,,,,CHO,0.0000,-12.8987,0.0000,-12.8856,0.0000,0.0000,0.000,0.000,,0.0,,,,,,BAN,0,,0
10.7593,1790253264.704417,0.0203,0,,,0.000,,,0.0000,0.0000,0.0000,0.0000,0.0000,-13.0000,,,,CHO,0.0000,-12.8987,0.0000,-12.8856,0.0000,0.0000,0.000,0.000,,0.0,,,,,,BAN,0,,0
10.7795,1790253264.724442,0.0201,0,,,0.000,,,0.0000,0.0000,0.0000,0.0000,0.0000,-13.0000,,,,CHO,0.0000,-12.8987,0.0000,-12.8856,0.0000,0.0000,0.000,0.000,,0.0,,,,,,BAN,0,,0
10.7995,1790253264.744467,0.0201,0,,,0.000,,,0.0000,0.0000,0.0000,0.0000,0.0000,-13.0000,,,,CHO,0.0000,-12.8987,0.0000,-12.8856,0.0000,0.0000,0.000,0.000,,0.0,,,,,,BAN,0,,0
10.8200,1790253264.764965,0.0204,0,,,0.000,,,0.0000,0.0000,0.0000,0.0000,0.0000,-13.0000,,,,CHO,0.0000,-12.8987,0.0000,-12.8856,0.0000,0.0000,0.000,0.000,,0.0,,,,,,BAN,0,,0
10.8400,1790253264.784985,0.0201,0,,,0.000,,,0.0000,0.0000,0.0000,0.0000,0.0000,-13.0000,,,,CHO,0.0000,-12.8987,0.0000,-12.8856,0.0000,0.0000,0.000,0.000,,0.0,,,,,,BAN,0,,0
10.8602,1790253264.805127,0.0202,0,,,0.000,,,0.0000,0.0000,0.0000,0.0000,0.0000,-13.0000,,,,CHO,0.0000,-12.8987,0.0000,-12.8856,0.0000,0.0000,0.000,0.000,,0.0,,,,,,BAN,0,,0
10.8805,1790253264.825352,0.0203,0,,,0.000,,,0.0000,0.0000,0.0000,0.0000,0.0000,-13.0000,,,,CHO,0.0000,-12.8987,0.0000,-12.8856,0.0000,0.0000,0.000,0.000,,0.0,,,,,,BAN,0,,0
10.9007,1790253264.845818,0.0202,0,,,0.000,,,0.0000,0.0000,0.0000,0.0000,0.0000,-13.0000,,,,CHO,0.0000,-12.8987,0.0000,-12.8856,0.0000,0.0000,0.000,0.000,,0.0,,,,,,BAN,0,,0
10.9211,1790253264.866137,0.0204,0,,,0.000,,,0.0000,0.0000,0.0000,0.0000,0.0000,-13.0000,,,,CHO,0.0000,-12.8987,0.0000,-12.8856,0.0000,0.0000,0.000,0.000,,0.0,,,,,,BAN,0,,0
10.9416,1790253264.886334,0.0205,0,,,0.000,,,0.0000,0.0000,0.0000,0.0000,0.0000,-13.0000,,,,CHO,0.0000,-12.8987,0.0000,-12.8856,0.0000,0.0000,0.000,0.000,,0.0,,,,,,BAN,0,,0
10.9616,1790253264.906667,0.0201,0,,,0.000,,,0.0000,0.0000,0.0000,0.0000,0.0000,-13.0000,,,,CHO,0.0000,-12.8987,0.0000,-12.8856,0.0000,0.0000,0.000,0.000,,0.0,,,,,,BAN,0,,0
10.9821,1790253264.927105,0.0205,0,,,0.000,,,0.0000,0.0000,0.0000,0.0000,0.0000,-13.0000,,,,CHO,0.0000,-12.8987,0.0000,-12.8856,0.0000,0.0000,0.000,0.000,,0.0,,,,,,BAN,0,,0
11.0028,1790253264.947670,0.0206,0,,,0.000,,,0.0000,0.0000,0.0000,0.0000,0.0000,-13.0000,,,,CHO,0.0000,-12.8987,0.0000,-12.8856,0.0000,0.0000,0.000,0.000,,0.0,,,,,,BAN,0,,0
11.0233,1790253264.968359,0.0206,0,,,0.000,,,0.0000,0.0000,0.0000,0.0000,0.0000,-13.0000,,,,CHO,0.0000,-12.8987,0.0000,-12.8856,0.0000,0.0000,0.000,0.000,,0.0,,,,,,BAN,0,,0
11.0434,1790253264.988368,0.0200,0,,,0.000,,,0.0000,0.0000,0.0000,0.0000,0.0000,-13.0000,,,,CHO,0.0000,-12.8987,0.0000,-12.8856,0.0000,0.0000,0.000,0.000,,0.0,,,,,,BAN,0,,0
11.0636,1790253265.008628,0.0203,0,,,0.000,,,0.0000,0.0000,0.0000,0.0000,0.0000,-13.0000,,,,CHO,0.0000,-12.8987,0.0000,-12.8856,0.0000,0.0000,0.000,0.000,,0.0,,,,,,BAN,0,,0
11.0837,1790253265.028731,0.0200,0,,,0.000,,,0.0000,0.0000,0.0000,0.0000,0.0000,-13.0000,,,,CHO,0.0000,-12.8987,0.0000,-12.8856,0.0000,0.0000,0.000,0.000,,0.0,,,,,,BAN,0,,0
11.1042,1790253265.049165,0.0205,0,,,0.000,,,0.0000,0.0000,0.0000,0.0000,0.0000,-13.0000,,,,CHO,0.0000,-12.8987,0.0000,-12.8856,0.0000,0.0000,0.000,0.000,,0.0,,,,,,BAN,0,,0
11.1246,1790253265.069681,0.0204,0,,,0.000,,,0.0000,0.0000,0.0000,0.0000,0.0000,-13.0000,,,,CHO,0.0000,-12.8987,0.0000,-12.8856,0.0000,0.0000,0.000,0.000,,0.0,,,,,,BAN,0,,0
11.1451,1790253265.090099,0.0205,0,,,0.000,,,0.0000,0.0000,0.0000,0.0000,0.0000,-13.0000,,,,CHO,0.0000,-12.8987,0.0000,-12.8856,0.0000,0.0000,0.000,0.000,,0.0,,,,,,BAN,0,,0
11.1653,1790253265.110261,0.0202,0,,,0.000,,,0.0000,0.0000,0.0000,0.0000,0.0000,-13.0000,,,,CHO,0.0000,-12.8987,0.0000,-12.8856,0.0000,0.0000,0.000,0.000,,0.0,,,,,,BAN,0,,0
11.1853,1790253265.130399,0.0200,0,,,0.000,,,0.0000,0.0000,0.0000,0.0000,0.0000,-13.0000,,,,CHO,0.0000,-12.8987,0.0000,-12.8856,0.0000,0.0000,0.000,0.000,,0.0,,,,,,BAN,0,,0
11.2058,1790253265.150856,0.0205,0,,,0.000,,,0.0000,0.0000,0.0000,0.0000,0.0000,-13.0000,,,,CHO,0.0000,-12.8987,0.0000,-12.8856,0.0000,0.0000,0.000,0.000,,0.0,,,,,,BAN,0,,0
11.2263,1790253265.171365,0.0205,0,,,0.000,,,0.0000,0.0000,0.0000,0.0000,0.0000,-13.0000,,,,CHO,0.0000,-12.8987,0.0000,-12.8856,0.0000,0.0000,0.000,0.000,,0.0,,,,,,BAN,0,,0
11.2464,1790253265.191445,0.0200,0,,,0.000,,,0.0000,0.0000,0.0000,0.0000,0.0000,-13.0000,,,,CHO,0.0000,-12.8987,0.0000,-12.8856,0.0000,0.0000,0.000,0.000,,0.0,,,,,,BAN,0,,0
11.2668,1790253265.211836,0.0204,0,,,0.000,,,0.0000,0.0000,0.0000,0.0000,0.0000,-13.0000,,,,CHO,0.0000,-12.8987,0.0000,-12.8856,0.0000,0.0000,0.000,0.000,,0.0,,,,,,BAN,0,,0
11.2874,1790253265.232365,0.0206,0,,,0.000,,,0.0000,0.0000,0.0000,0.0000,0.0000,-13.0000,,,,CHO,0.0000,-12.8987,0.0000,-12.8856,0.0000,0.0000,0.000,0.000,,0.0,,,,,,BAN,0,,0
11.3077,1790253265.252744,0.0203,0,,,0.000,,,0.0000,0.0000,0.0000,0.0000,0.0000,-13.0000,,,,CHO,0.0000,-12.8987,0.0000,-12.8856,0.0000,0.0000,0.000,0.000,,0.0,,,,,,BAN,0,,0
11.3277,1790253265.272684,0.0200,0,,,0.000,,,0.0000,0.0000,0.0000,0.0000,0.0000,-13.0000,,,,CHO,0.0000,-12.8987,0.0000,-12.8856,0.0000,0.0000,0.000,0.000,,0.0,,,,,,BAN,0,,0
11.3482,1790253265.293177,0.0204,0,,,0.000,,,0.0000,0.0000,0.0000,0.0000,0.0000,-13.0000,,,,CHO,0.0000,-12.8987,0.0000,-12.8856,0.0000,0.0000,0.000,0.000,,0.0,,,,,,BAN,0,,0
11.3682,1790253265.313141,0.0201,0,,,0.000,,,0.0000,0.0000,0.0000,0.0000,0.0000,-13.0000,,,,CHO,0.0000,-12.8987,0.0000,-12.8856,0.0000,0.0000,0.000,0.000,,0.0,,,,,,BAN,0,,0
11.3890,1790253265.334007,0.0207,0,,,0.000,,,0.0000,0.0000,0.0000,0.0000,0.0000,-13.0000,,,,CHO,0.0000,-12.8987,0.0000,-12.8856,0.0000,0.0000,0.000,0.000,,0.0,,,,,,BAN,0,,0
11.4092,1790253265.354188,0.0202,0,,,0.000,,,0.0000,0.0000,0.0000,0.0000,0.0000,-13.0000,,,,CHO,0.0000,-12.8987,0.0000,-12.8856,0.0000,0.0000,0.000,0.000,,0.0,,,,,,BAN,0,,0
11.4293,1790253265.374366,0.0202,0,,,0.000,,,0.0000,0.0000,0.0000,0.0000,0.0000,-13.0000,,,,CHO,0.0000,-12.8987,0.0000,-12.8856,0.0000,0.0000,0.000,0.000,,0.0,,,,,,BAN,0,,0
11.4497,1790253265.394768,0.0204,0,,,0.000,,,0.0000,0.0000,0.0000,0.0000,0.0000,-13.0000,,,,CHO,0.0000,-12.8987,0.0000,-12.8856,0.0000,0.0000,0.000,0.000,,0.0,,,,,,BAN,0,,0
11.4698,1790253265.414812,0.0201,0,,,0.000,,,0.0000,0.0000,0.0000,0.0000,0.0000,-13.0000,,,,CHO,0.0000,-12.8987,0.0000,-12.8856,0.0000,0.0000,0.000,0.000,,0.0,,,,,,BAN,0,,0
11.4898,1790253265.434685,0.0200,0,,,0.000,,,0.0000,0.0000,0.0000,0.0000,0.0000,-13.0000,,,,CHO,0.0000,-12.8987,0.0000,-12.8856,0.0000,0.0000,0.000,0.000,,0.0,,,,,,BAN,0,,0
11.5103,1790253265.455253,0.0205,0,,,0.000,,,0.0000,0.0000,0.0000,0.0000,0.0000,-13.0000,,,,CHO,0.0000,-12.8987,0.0000,-12.8856,0.0000,0.0000,0.000,0.000,,0.0,,,,,,BAN,0,,0
11.5305,1790253265.475405,0.0201,0,,,0.000,,,0.0000,0.0000,0.0000,0.0000,0.0000,-13.0000,,,,CHO,0.0000,-12.8987,0.0000,-12.8856,0.0000,0.0000,0.000,0.000,,0.0,,,,,,BAN,0,,0
11.5512,1790253265.496222,0.0207,0,,,0.000,,,0.0000,0.0000,0.0000,0.0000,0.0000,-13.0000,,,,CHO,0.0000,-12.8987,0.0000,-12.8856,0.0000,0.0000,0.000,0.000,,0.0,,,,,,BAN,0,,0
11.5712,1790253265.516196,0.0200,0,,,0.000,,,0.0000,0.0000,0.0000,0.0000,0.0000,-13.0000,,,,CHO,0.0000,-12.8987,0.0000,-12.8856,0.0000,0.0000,0.000,0.000,,0.0,,,,,,BAN,0,,0
11.5915,1790253265.536375,0.0203,0,,,0.000,,,0.0000,0.0000,0.0000,0.0000,0.0000,-13.0000,,,,CHO,0.0000,-12.8987,0.0000,-12.8856,0.0000,0.0000,0.000,0.000,,0.0,,,,,,BAN,0,,0
11.6115,1790253265.556597,0.0201,0,,,0.000,,,0.0000,0.0000,0.0000,0.0000,0.0000,-13.0000,,,,CHO,0.0000,-12.8987,0.0000,-12.8856,0.0000,0.0000,0.000,0.000,,0.0,,,,,,BAN,0,,0
11.6321,1790253265.576957,0.0206,0,,,0.000,,,0.0000,0.0000,0.0000,0.0000,0.0000,-13.0000,,,,CHO,0.0000,-12.8987,0.0000,-12.8856,0.0000,0.0000,0.000,0.000,,0.0,,,,,,BAN,0,,0
11.6524,1790253265.597237,0.0203,0,,,0.000,,,0.0000,0.0000,0.0000,0.0000,0.0000,-13.0000,,,,CHO,0.0000,-12.8987,0.0000,-12.8856,0.0000,0.0000,0.000,0.000,,0.0,,,,,,BAN,0,,0
11.6732,1790253265.618175,0.0208,0,,,0.000,,,0.0000,0.0000,0.0000,0.0000,0.0000,-13.0000,,,,CHO,0.0000,-12.8987,0.0000,-12.8856,0.0000,0.0000,0.000,0.000,,0.0,,,,,,BAN,0,,0
11.6939,1790253265.638905,0.0207,0,,,0.000,,,0.0000,0.0000,0.0000,0.0000,0.0000,-13.0000,,,,CHO,0.0000,-12.8987,0.0000,-12.8856,0.0000,0.0000,0.000,0.000,,0.0,,,,,,BAN,0,,0
11.7140,1790253265.658896,0.0202,0,,,0.000,,,0.0000,0.0000,0.0000,0.0000,0.0000,-13.0000,,,,CHO,0.0000,-12.8987,0.0000,-12.8856,0.0000,0.0000,0.000,0.000,,0.0,,,,,,BAN,0,,0
11.7341,1790253265.679139,0.0200,0,,,0.000,,,0.0000,0.0000,0.0000,0.0000,0.0000,-13.0000,,,,CHO,0.0000,-12.8987,0.0000,-12.8856,0.0000,0.0000,0.000,0.000,,0.0,,,,,,BAN,0,,0
11.7549,1790253265.699897,0.0208,0,,,0.000,,,0.0000,0.0000,0.0000,0.0000,0.0000,-13.0000,,,,CHO,0.0000,-12.8987,0.0000,-12.8856,0.0000,0.0000,0.000,0.000,,0.0,,,,,,BAN,0,,0
11.7750,1790253265.719947,0.0202,0,,,0.000,,,0.0000,0.0000,0.0000,0.0000,0.0000,-13.0000,,,,CHO,0.0000,-12.8987,0.0000,-12.8856,0.0000,0.0000,0.000,0.000,,0.0,,,,,,BAN,0,,0
11.7955,1790253265.740553,0.0205,0,,,0.000,,,0.0000,0.0000,0.0000,0.0000,0.0000,-13.0000,,,,CHO,0.0000,-12.8987,0.0000,-12.8856,0.0000,0.0000,0.000,0.000,,0.0,,,,,,BAN,0,,0
11.8156,1790253265.760603,0.0201,0,,,0.000,,,0.0000,0.0000,0.0000,0.0000,0.0000,-13.0000,,,,CHO,0.0000,-12.8987,0.0000,-12.8856,0.0000,0.0000,0.000,0.000,,0.0,,,,,,BAN,0,,0
11.8356,1790253265.780672,0.0200,0,,,0.000,,,0.0000,0.0000,0.0000,0.0000,0.0000,-13.0000,,,,CHO,0.0000,-12.8987,0.0000,-12.8856,0.0000,0.0000,0.000,0.000,,0.0,,,,,,BAN,0,,0
11.8558,1790253265.800846,0.0202,0,,,0.000,,,0.0000,0.0000,0.0000,0.0000,0.0000,-13.0000,,,,CHO,0.0000,-12.8987,0.0000,-12.8856,0.0000,0.0000,0.000,0.000,,0.0,,,,,,BAN,0,,0
11.8761,1790253265.821051,0.0203,0,,,0.000,,,0.0000,0.0000,0.0000,0.0000,0.0000,-13.0000,,,,CHO,0.0000,-12.8987,0.0000,-12.8856,0.0000,0.0000,0.000,0.000,,0.0,,,,,,BAN,0,,0
11.8964,1790253265.841309,0.0203,0,,,0.000,,,0.0000,0.0000,0.0000,0.0000,0.0000,-13.0000,,,,CHO,0.0000,-12.8987,0.0000,-12.8856,0.0000,0.0000,0.000,0.000,,0.0,,,,,,BAN,0,,0
11.9169,1790253265.861917,0.0205,0,,,0.000,,,0.0000,0.0000,0.0000,0.0000,0.0000,-13.0000,,,,CHO,0.0000,-12.8987,0.0000,-12.8856,0.0000,0.0000,0.000,0.000,,0.0,,,,,,BAN,0,,0
11.9371,1790253265.882176,0.0202,0,,,0.000,,,0.0000,0.0000,0.0000,0.0000,0.0000,-13.0000,,,,CHO,0.0000,-12.8987,0.0000,-12.8856,0.0000,0.0000,0.000,0.000,,0.0,,,,,,BAN,0,,0
11.9574,1790253265.902465,0.0203,0,,,0.000,,,0.0000,0.0000,0.0000,0.0000,0.0000,-13.0000,,,,CHO,0.0000,-12.8987,0.0000,-12.8856,0.0000,0.0000,0.000,0.000,,0.0,,,,,,BAN,0,,0
11.9781,1790253265.923127,0.0207,0,,,0.000,,,0.0000,0.0000,0.0000,0.0000,0.0000,-13.0000,,,,CHO,0.0000,-12.8987,0.0000,-12.8856,0.0000,0.0000,0.000,0.000,,0.0,,,,,,BAN,0,,0
11.9981,1790253265.943153,0.0200,0,,,0.000,,,0.0000,0.0000,0.0000,0.0000,0.0000,-13.0000,,,,CHO,0.0000,-12.8987,0.0000,-12.8856,0.0000,0.0000,0.000,0.000,,0.0,,,,,,BAN,0,,0
12.0187,1790253265.963664,0.0206,0,,,0.000,,,0.0000,0.0000,0.0000,0.0000,0.0000,-13.0000,,,,CHO,0.0000,-12.8987,0.0000,-12.8856,0.0000,0.0000,0.000,0.000,,0.0,,,,,,BAN,0,,0
12.0394,1790253265.984382,0.0207,0,,,0.000,,,0.0000,0.0000,0.0000,0.0000,0.0000,-13.0000,,,,CHO,0.0000,-12.8987,0.0000,-12.8856,0.0000,0.0000,0.000,0.000,,0.0,,,,,,BAN,0,,0
12.0603,1790253266.005236,0.0210,0,,,0.000,,,0.0000,0.0000,0.0000,0.0000,0.0000,-13.0000,,,,CHO,0.0000,-12.8987,0.0000,-12.8856,0.0000,0.0000,0.000,0.000,,0.0,,,,,,BAN,0,,0
12.0804,1790253266.025399,0.0201,0,,,0.000,,,0.0000,0.0000,0.0000,0.0000,0.0000,-13.0000,,,,CHO,0.0000,-12.8987,0.0000,-12.8856,0.0000,0.0000,0.000,0.000,,0.0,,,,,,BAN,0,,0
12.1009,1790253266.045858,0.0204,0,,,0.000,,,0.0000,0.0000,0.0000,0.0000,0.0000,-13.0000,,,,CHO,0.0000,-12.8987,0.0000,-12.8856,0.0000,0.0000,0.000,0.000,,0.0,,,,,,BAN,0,,0
12.1210,1790253266.065923,0.0201,0,,,0.000,,,0.0000,0.0000,0.0000,0.0000,0.0000,-13.0000,,,,CHO,0.0000,-12.8987,0.0000,-12.8856,0.0000,0.0000,0.000,0.000,,0.0,,,,,,BAN,0,,0
12.1413,1790253266.086365,0.0204,0,,,0.000,,,0.0000,0.0000,0.0000,0.0000,0.0000,-13.0000,,,,CHO,0.0000,-12.8987,0.0000,-12.8856,0.0000,0.0000,0.000,0.000,,0.0,,,,,,BAN,0,,0
12.1618,1790253266.106893,0.0205,0,,,0.000,,,0.0000,0.0000,0.0000,0.0000,0.0000,-13.0000,,,,CHO,0.0000,-12.8987,0.0000,-12.8856,0.0000,0.0000,0.000,0.000,,0.0,,,,,,BAN,0,,0
12.1827,1790253266.127693,0.0209,0,,,0.000,,,0.0000,0.0000,0.0000,0.0000,0.0000,-13.0000,,,,CHO,0.0000,-12.8987,0.0000,-12.8856,0.0000,0.0000,0.000,0.000,,0.0,,,,,,BAN,0,,0
12.2030,1790253266.148006,0.0203,0,,,0.000,,,0.0000,0.0000,0.0000,0.0000,0.0000,-13.0000,,,,CHO,0.0000,-12.8987,0.0000,-12.8856,0.0000,0.0000,0.000,0.000,,0.0,,,,,,BAN,0,,0
12.2234,1790253266.168439,0.0204,0,,,0.000,,,0.0000,0.0000,0.0000,0.0000,0.0000,-13.0000,,,,CHO,0.0000,-12.8987,0.0000,-12.8856,0.0000,0.0000,0.000,0.000,,0.0,,,,,,BAN,0,,0
12.2437,1790253266.188632,0.0202,0,,,0.000,,,0.0000,0.0000,0.0000,0.0000,0.0000,-13.0000,,,,CHO,0.0000,-12.8987,0.0000,-12.8856,0.0000,0.0000,0.000,0.000,,0.0,,,,,,BAN,0,,0
12.2640,1790253266.209014,0.0204,0,,,0.000,,,0.0000,0.0000,0.0000,0.0000,0.0000,-13.0000,,,,CHO,0.0000,-12.8987,0.0000,-12.8856,0.0000,0.0000,0.000,0.000,,0.0,,,,,,BAN,0,,0
12.2845,1790253266.229503,0.0204,0,,,0.000,,,0.0000,0.0000,0.0000,0.0000,0.0000,-13.0000,,,,CHO,0.0000,-12.8987,0.0000,-12.8856,0.0000,0.0000,0.000,0.000,,0.0,,,,,,BAN,0,,0
12.3046,1790253266.249471,0.0201,0,,,0.000,,,0.0000,0.0000,0.0000,0.0000,0.0000,-13.0000,,,,CHO,0.0000,-12.8987,0.0000,-12.8856,0.0000,0.0000,0.000,0.000,,0.0,,,,,,BAN,0,,0
12.3255,1790253266.270722,0.0209,0,,,0.000,,,0.0000,0.0000,0.0000,0.0000,0.0000,-13.0000,,,,CHO,0.0000,-12.8987,0.0000,-12.8856,0.0000,0.0000,0.000,0.000,,0.0,,,,,,BAN,0,,0
12.3459,1790253266.290906,0.0204,0,,,0.000,,,0.0000,0.0000,0.0000,0.0000,0.0000,-13.0000,,,,CHO,0.0000,-12.8987,0.0000,-12.8856,0.0000,0.0000,0.000,0.000,,0.0,,,,,,BAN,0,,0
12.3665,1790253266.311542,0.0205,0,,,0.000,,,0.0000,0.0000,0.0000,0.0000,0.0000,-13.0000,,,,CHO,0.0000,-12.8987,0.0000,-12.8856,0.0000,0.0000,0.000,0.000,,0.0,,,,,,BAN,0,,0
12.3872,1790253266.332146,0.0207,0,,,0.000,,,0.0000,0.0000,0.0000,0.0000,0.0000,-13.0000,,,,CHO,0.0000,-12.8987,0.0000,-12.8856,0.0000,0.0000,0.000,0.000,,0.0,,,,,,BAN,0,,0
12.4084,1790253266.353323,0.0212,0,,,0.000,,,0.0000,0.0000,0.0000,0.0000,0.0000,-13.0000,,,,CHO,0.0000,-12.8987,0.0000,-12.8856,0.0000,0.0000,0.000,0.000,,0.0,,,,,,BAN,0,,0
12.4289,1790253266.373938,0.0205,0,,,0.000,,,0.0000,0.0000,0.0000,0.0000,0.0000,-13.0000,,,,CHO,0.0000,-12.8987,0.0000,-12.8856,0.0000,0.0000,0.000,0.000,,0.0,,,,,,BAN,0,,0
12.4489,1790253266.393974,0.0200,0,,,0.000,,,0.0000,0.0000,0.0000,0.0000,0.0000,-13.0000,,,,CHO,0.0000,-12.8987,0.0000,-12.8856,0.0000,0.0000,0.000,0.000,,0.0,,,,,,BAN,0,,0
12.4689,1790253266.413805,0.0200,0,,,0.000,,,0.0000,0.0000,0.0000,0.0000,0.0000,-13.0000,,,,CHO,0.0000,-12.8987,0.0000,-12.8856,0.0000,0.0000,0.000,0.000,,0.0,,,,,,BAN,0,,0
12.4894,1790253266.434427,0.0204,0,,,0.000,,,0.0000,0.0000,0.0000,0.0000,0.0000,-13.0000,,,,CHO,0.0000,-12.8987,0.0000,-12.8856,0.0000,0.0000,0.000,0.000,,0.0,,,,,,BAN,0,,0
12.5097,1790253266.454702,0.0204,0,,,0.000,,,0.0000,0.0000,0.0000,0.0000,0.0000,-13.0000,,,,CHO,0.0000,-12.8987,0.0000,-12.8856,0.0000,0.0000,0.000,0.000,,0.0,,,,,,BAN,0,,0
12.5303,1790253266.475356,0.0206,0,,,0.000,,,0.0000,0.0000,0.0000,0.0000,0.0000,-13.0000,,,,CHO,0.0000,-12.8987,0.0000,-12.8856,0.0000,0.0000,0.000,0.000,,0.0,,,,,,BAN,0,,0
12.5508,1790253266.495724,0.0205,0,,,0.000,,,0.0000,0.0000,0.0000,0.0000,0.0000,-13.0000,,,,CHO,0.0000,-12.8987,0.0000,-12.8856,0.0000,0.0000,0.000,0.000,,0.0,,,,,,BAN,0,,0
12.5717,1790253266.516600,0.0209,0,,,0.000,,,0.0000,0.0000,0.0000,0.0000,0.0000,-13.0000,,,,CHO,0.0000,-12.8987,0.0000,-12.8856,0.0000,0.0000,0.000,0.000,,0.0,,,,,,BAN,0,,0
12.5917,1790253266.536776,0.0200,0,,,0.000,,,0.0000,0.0000,0.0000,0.0000,0.0000,-13.0000,,,,CHO,0.0000,-12.8987,0.0000,-12.8856,0.0000,0.0000,0.000,0.000,,0.0,,,,,,BAN,0,,0
12.6118,1790253266.556755,0.0201,0,,,0.000,,,0.0000,0.0000,0.0000,0.0000,0.0000,-13.0000,,,,CHO,0.0000,-12.8987,0.0000,-12.8856,0.0000,0.0000,0.000,0.000,,0.0,,,,,,BAN,0,,0
12.6320,1790253266.577097,0.0202,0,,,0.000,,,0.0000,0.0000,0.0000,0.0000,0.0000,-13.0000,,,,CHO,0.0000,-12.8987,0.0000,-12.8856,0.0000,0.0000,0.000,0.000,,0.0,,,,,,BAN,0,,0
12.6522,1790253266.597103,0.0202,0,,,0.000,,,0.0000,0.0000,0.0000,0.0000,0.0000,-13.0000,,,,CHO,0.0000,-12.8987,0.0000,-12.8856,0.0000,0.0000,0.000,0.000,,0.0,,,,,,BAN,0,,0
12.6727,1790253266.617694,0.0205,0,,,0.000,,,0.0000,0.0000,0.0000,0.0000,0.0000,-13.0000,,,,CHO,0.0000,-12.8987,0.0000,-12.8856,0.0000,0.0000,0.000,0.000,,0.0,,,,,,BAN,0,,0
12.6931,1790253266.637940,0.0204,0,,,0.000,,,0.0000,0.0000,0.0000,0.0000,0.0000,-13.0000,,,,CHO,0.0000,-12.8987,0.0000,-12.8856,0.0000,0.0000,0.000,0.000,,0.0,,,,,,BAN,0,,0
12.7138,1790253266.658824,0.0207,0,,,0.000,,,0.0000,0.0000,0.0000,0.0000,0.0000,-13.0000,,,,CHO,0.0000,-12.8987,0.0000,-12.8856,0.0000,0.0000,0.000,0.000,,0.0,,,,,,BAN,0,,0
12.7345,1790253266.679515,0.0207,0,,,0.000,,,0.0000,0.0000,0.0000,0.0000,0.0000,-13.0000,,,,CHO,0.0000,-12.8987,0.0000,-12.8856,0.0000,0.0000,0.000,0.000,,0.0,,,,,,BAN,0,,0
12.7552,1790253266.700165,0.0207,0,,,0.000,,,0.0000,0.0000,0.0000,0.0000,0.0000,-13.0000,,,,CHO,0.0000,-12.8987,0.0000,-12.8856,0.0000,0.0000,0.000,0.000,,0.0,,,,,,BAN,0,,0
12.7753,1790253266.720332,0.0201,0,,,0.000,,,0.0000,0.0000,0.0000,0.0000,0.0000,-13.0000,,,,CHO,0.0000,-12.8987,0.0000,-12.8856,0.0000,0.0000,0.000,0.000,,0.0,,,,,,BAN,0,,0
12.7953,1790253266.740363,0.0200,0,,,0.000,,,0.0000,0.0000,0.0000,0.0000,0.0000,-13.0000,,,,CHO,0.0000,-12.8987,0.0000,-12.8856,0.0000,0.0000,0.000,0.000,,0.0,,,,,,BAN,0,,0
12.8161,1790253266.761063,0.0208,0,,,0.000,,,0.0000,0.0000,0.0000,0.0000,0.0000,-13.0000,,,,CHO,0.0000,-12.8987,0.0000,-12.8856,0.0000,0.0000,0.000,0.000,,0.0,,,,,,BAN,0,,0
12.8365,1790253266.781587,0.0205,0,,,0.000,,,0.0000,0.0000,0.0000,0.0000,0.0000,-13.0000,,,,CHO,0.0000,-12.8987,0.0000,-12.8856,0.0000,0.0000,0.000,0.000,,0.0,,,,,,BAN,0,,0
12.8567,1790253266.801691,0.0202,0,,,0.000,,,0.0000,0.0000,0.0000,0.0000,0.0000,-13.0000,,,,CHO,0.0000,-12.8987,0.0000,-12.8856,0.0000,0.0000,0.000,0.000,,0.0,,,,,,BAN,0,,0
12.8770,1790253266.821976,0.0202,0,,,0.000,,,0.0000,0.0000,0.0000,0.0000,0.0000,-13.0000,,,,CHO,0.0000,-12.8987,0.0000,-12.8856,0.0000,0.0000,0.000,0.000,,0.0,,,,,,BAN,0,,0
12.8975,1790253266.842429,0.0206,0,,,0.000,,,0.0000,0.0000,0.0000,0.0000,0.0000,-13.0000,,,,CHO,0.0000,-12.8987,0.0000,-12.8856,0.0000,0.0000,0.000,0.000,,0.0,,,,,,BAN,0,,0
12.9181,1790253266.863093,0.0205,0,,,0.000,,,0.0000,0.0000,0.0000,0.0000,0.0000,-13.0000,,,,CHO,0.0000,-12.8987,0.0000,-12.8856,0.0000,0.0000,0.000,0.000,,0.0,,,,,,BAN,0,,0
12.9385,1790253266.883390,0.0204,0,,,0.000,,,0.0000,0.0000,0.0000,0.0000,0.0000,-13.0000,,,,CHO,0.0000,-12.8987,0.0000,-12.8856,0.0000,0.0000,0.000,0.000,,0.0,,,,,,BAN,0,,0
12.9591,1790253266.904031,0.0207,0,,,0.000,,,0.0000,0.0000,0.0000,0.0000,0.0000,-13.0000,,,,CHO,0.0000,-12.8987,0.0000,-12.8856,0.0000,0.0000,0.000,0.000,,0.0,,,,,,BAN,0,,0
12.9797,1790253266.924644,0.0206,0,,,0.000,,,0.0000,0.0000,0.0000,0.0000,0.0000,-13.0000,,,,CHO,0.0000,-12.8987,0.0000,-12.8856,0.0000,0.0000,0.000,0.000,,0.0,,,,,,BAN,0,,0
12.9999,1790253266.944905,0.0202,0,,,0.000,,,0.0000,0.0000,0.0000,0.0000,0.0000,-13.0000,,,,CHO,0.0000,-12.8987,0.0000,-12.8856,0.0000,0.0000,0.000,0.000,,0.0,,,,,,BAN,0,,0
13.0199,1790253266.964881,0.0200,0,,,0.000,,,0.0000,0.0000,0.0000,0.0000,0.0000,-13.0000,,,,CHO,0.0000,-12.8987,0.0000,-12.8856,0.0000,0.0000,0.000,0.000,,0.0,,,,,,BAN,0,,0
13.0404,1790253266.985491,0.0205,0,,,0.000,,,0.0000,0.0000,0.0000,0.0000,0.0000,-13.0000,,,,CHO,0.0000,-12.8987,0.0000,-12.8856,0.0000,0.0000,0.000,0.000,,0.0,,,,,,BAN,0,,0
13.0607,1790253267.005727,0.0203,0,,,0.000,,,0.0000,0.0000,0.0000,0.0000,0.0000,-13.0000,,,,CHO,0.0000,-12.8987,0.0000,-12.8856,0.0000,0.0000,0.000,0.000,,0.0,,,,,,BAN,0,,0
13.0811,1790253267.026127,0.0203,0,,,0.000,,,0.0000,0.0000,0.0000,0.0000,0.0000,-13.0000,,,,CHO,0.0000,-12.8987,0.0000,-12.8856,0.0000,0.0000,0.000,0.000,,0.0,,,,,,BAN,0,,0
13.1017,1790253267.046648,0.0206,0,,,0.000,,,0.0000,0.0000,0.0000,0.0000,0.0000,-13.0000,,,,CHO,0.0000,-12.8987,0.0000,-12.8856,0.0000,0.0000,0.000,0.000,,0.0,,,,,,BAN,0,,0
13.1218,1790253267.066857,0.0201,0,,,0.000,,,0.0000,0.0000,0.0000,0.0000,0.0000,-13.0000,,,,CHO,0.0000,-12.8987,0.0000,-12.8856,0.0000,0.0000,0.000,0.000,,0.0,,,,,,BAN,0,,0
13.1418,1790253267.086820,0.0200,0,,,0.000,,,0.0000,0.0000,0.0000,0.0000,0.0000,-13.0000,,,,CHO,0.0000,-12.8987,0.0000,-12.8856,0.0000,0.0000,0.000,0.000,,0.0,,,,,,BAN,0,,0
13.1620,1790253267.107056,0.0201,0,,,0.000,,,0.0000,0.0000,0.0000,0.0000,0.0000,-13.0000,,,,CHO,0.0000,-12.8987,0.0000,-12.8856,0.0000,0.0000,0.000,0.000,,0.0,,,,,,BAN,0,,0
13.1822,1790253267.127193,0.0202,0,,,0.000,,,0.0000,0.0000,0.0000,0.0000,0.0000,-13.0000,,,,CHO,0.0000,-12.8987,0.0000,-12.8856,0.0000,0.0000,0.000,0.000,,0.0,,,,,,BAN,0,,0
13.2024,1790253267.147351,0.0202,0,,,0.000,,,0.0000,0.0000,0.0000,0.0000,0.0000,-13.0000,,,,CHO,0.0000,-12.8987,0.0000,-12.8856,0.0000,0.0000,0.000,0.000,,0.0,,,,,,BAN,0,,0
13.2224,1790253267.167437,0.0200,0,,,0.000,,,0.0000,0.0000,0.0000,0.0000,0.0000,-13.0000,,,,CHO,0.0000,-12.8987,0.0000,-12.8856,0.0000,0.0000,0.000,0.000,,0.0,,,,,,BAN,0,,0
13.2428,1790253267.187873,0.0204,0,,,0.000,,,0.0000,0.0000,0.0000,0.0000,0.0000,-13.0000,,,,CHO,0.0000,-12.8987,0.0000,-12.8856,0.0000,0.0000,0.000,0.000,,0.0,,,,,,BAN,0,,0
13.2629,1790253267.207916,0.0200,0,,,0.000,,,0.0000,0.0000,0.0000,0.0000,0.0000,-13.0000,,,,CHO,0.0000,-12.8987,0.0000,-12.8856,0.0000,0.0000,0.000,0.000,,0.0,,,,,,BAN,0,,0
13.2833,1790253267.228386,0.0204,0,,,0.000,,,0.0000,0.0000,0.0000,0.0000,0.0000,-13.0000,,,,CHO,0.0000,-12.8987,0.0000,-12.8856,0.0000,0.0000,0.000,0.000,,0.0,,,,,,BAN,0,,0
13.3035,1790253267.248453,0.0202,0,,,0.000,,,0.0000,0.0000,0.0000,0.0000,0.0000,-13.0000,,,,CHO,0.0000,-12.8987,0.0000,-12.8856,0.0000,0.0000,0.000,0.000,,0.0,,,,,,BAN,0,,0
13.3240,1790253267.268911,0.0205,0,,,0.000,,,0.0000,0.0000,0.0000,0.0000,0.0000,-13.0000,,,,CHO,0.0000,-12.8987,0.0000,-12.8856,0.0000,0.0000,0.000,0.000,,0.0,,,,,,BAN,0,,0
13.3442,1790253267.289106,0.0202,0,,,0.000,,,0.0000,0.0000,0.0000,0.0000,0.0000,-13.0000,,,,CHO,0.0000,-12.8987,0.0000,-12.8856,0.0000,0.0000,0.000,0.000,,0.0,,,,,,BAN,0,,0
13.3647,1790253267.309713,0.0205,0,,,0.000,,,0.0000,0.0000,0.0000,0.0000,0.0000,-13.0000,,,,CHO,0.0000,-12.8987,0.0000,-12.8856,0.0000,0.0000,0.000,0.000,,0.0,,,,,,BAN,0,,0
13.3855,1790253267.330390,0.0208,0,,,0.000,,,0.0000,0.0000,0.0000,0.0000,0.0000,-13.0000,,,,CHO,0.0000,-12.8987,0.0000,-12.8856,0.0000,0.0000,0.000,0.000,,0.0,,,,,,BAN,0,,0
13.4055,1790253267.350412,0.0200,0,,,0.000,,,0.0000,0.0000,0.0000,0.0000,0.0000,-13.0000,,,,CHO,0.0000,-12.8987,0.0000,-12.8856,0.0000,0.0000,0.000,0.000,,0.0,,,,,,BAN,0,,0
13.4257,1790253267.370769,0.0202,0,,,0.000,,,0.0000,0.0000,0.0000,0.0000,0.0000,-13.0000,,,,CHO,0.0000,-12.8987,0.0000,-12.8856,0.0000,0.0000,0.000,0.000,,0.0,,,,,,BAN,0,,0
13.4464,1790253267.391310,0.0207,0,,,0.000,,,0.0000,0.0000,0.0000,0.0000,0.0000,-13.0000,,,,CHO,0.0000,-12.8987,0.0000,-12.8856,0.0000,0.0000,0.000,0.000,,0.0,,,,,,BAN,0,,0
13.4670,1790253267.412007,0.0206,0,,,0.000,,,0.0000,0.0000,0.0000,0.0000,0.0000,-13.0000,,,,CHO,0.0000,-12.8987,0.0000,-12.8856,0.0000,0.0000,0.000,0.000,,0.0,,,,,,BAN,0,,0
13.4872,1790253267.432091,0.0202,0,,,0.000,,,0.0000,0.0000,0.0000,0.0000,0.0000,-13.0000,,,,CHO,0.0000,-12.8987,0.0000,-12.8856,0.0000,0.0000,0.000,0.000,,0.0,,,,,,BAN,0,,0
13.5076,1790253267.452639,0.0204,0,,,0.000,,,0.0000,0.0000,0.0000,0.0000,0.0000,-13.0000,,,,CHO,0.0000,-12.8987,0.0000,-12.8856,0.0000,0.0000,0.000,0.000,,0.0,,,,,,BAN,0,,0
13.5277,1790253267.472608,0.0201,0,,,0.000,,,0.0000,0.0000,0.0000,0.0000,0.0000,-13.0000,,,,CHO,0.0000,-12.8987,0.0000,-12.8856,0.0000,0.0000,0.000,0.000,,0.0,,,,,,BAN,0,,0
13.5478,1790253267.492898,0.0201,0,,,0.000,,,0.0000,0.0000,0.0000,0.0000,0.0000,-13.0000,,,,CHO,0.0000,-12.8987,0.0000,-12.8856,0.0000,0.0000,0.000,0.000,,0.0,,,,,,BAN,0,,0
13.5684,1790253267.513467,0.0206,0,,,0.000,,,0.0000,0.0000,0.0000,0.0000,0.0000,-13.0000,,,,CHO,0.0000,-12.8987,0.0000,-12.8856,0.0000,0.0000,0.000,0.000,,0.0,,,,,,BAN,0,,0
13.5888,1790253267.533848,0.0204,0,,,0.000,,,0.0000,0.0000,0.0000,0.0000,0.0000,-13.0000,,,,CHO,0.0000,-12.8987,0.0000,-12.8856,0.0000,0.0000,0.000,0.000,,0.0,,,,,,BAN,0,,0
13.6089,1790253267.553793,0.0201,0,,,0.000,,,0.0000,0.0000,0.0000,0.0000,0.0000,-13.0000,,,,CHO,0.0000,-12.8987,0.0000,-12.8856,0.0000,0.0000,0.000,0.000,,0.0,,,,,,BAN,0,,0
13.6293,1790253267.574234,0.0204,0,,,0.000,,,0.0000,0.0000,0.0000,0.0000,0.0000,-13.0000,,,,CHO,0.0000,-12.8987,0.0000,-12.8856,0.0000,0.0000,0.000,0.000,,0.0,,,,,,BAN,0,,0
13.6494,1790253267.594320,0.0201,0,,,0.000,,,0.0000,0.0000,0.0000,0.0000,0.0000,-13.0000,,,,CHO,0.0000,-12.8987,0.0000,-12.8856,0.0000,0.0000,0.000,0.000,,0.0,,,,,,BAN,0,,0
13.6696,1790253267.614389,0.0202,0,,,0.000,,,0.0000,0.0000,0.0000,0.0000,0.0000,-13.0000,,,,CHO,0.0000,-12.8987,0.0000,-12.8856,0.0000,0.0000,0.000,0.000,,0.0,,,,,,BAN,0,,0
13.6898,1790253267.634797,0.0203,0,,,0.000,,,0.0000,0.0000,0.0000,0.0000,0.0000,-13.0000,,,,CHO,0.0000,-12.8987,0.0000,-12.8856,0.0000,0.0000,0.000,0.000,,0.0,,,,,,BAN,0,,0
13.7099,1790253267.654794,0.0201,0,,,0.000,,,0.0000,0.0000,0.0000,0.0000,0.0000,-13.0000,,,,CHO,0.0000,-12.8987,0.0000,-12.8856,0.0000,0.0000,0.000,0.000,,0.0,,,,,,BAN,0,,0
13.7302,1790253267.675268,0.0203,0,,,0.000,,,0.0000,0.0000,0.0000,0.0000,0.0000,-13.0000,,,,CHO,0.0000,-12.8987,0.0000,-12.8856,0.0000,0.0000,0.000,0.000,,0.0,,,,,,BAN,0,,0
13.7505,1790253267.695444,0.0203,0,,,0.000,,,0.0000,0.0000,0.0000,0.0000,0.0000,-13.0000,,,,CHO,0.0000,-12.8987,0.0000,-12.8856,0.0000,0.0000,0.000,0.000,,0.0,,,,,,BAN,0,,0
13.7706,1790253267.715420,0.0201,0,,,0.000,,,0.0000,0.0000,0.0000,0.0000,0.0000,-13.0000,,,,CHO,0.0000,-12.8987,0.0000,-12.8856,0.0000,0.0000,0.000,0.000,,0.0,,,,,,BAN,0,,0
13.7909,1790253267.735938,0.0203,0,,,0.000,,,0.0000,0.0000,0.0000,0.0000,0.0000,-13.0000,,,,CHO,0.0000,-12.8987,0.0000,-12.8856,0.0000,0.0000,0.000,0.000,,0.0,,,,,,BAN,0,,0
13.8116,1790253267.756539,0.0207,0,,,0.000,,,0.0000,0.0000,0.0000,0.0000,0.0000,-13.0000,,,,CHO,0.0000,-12.8987,0.0000,-12.8856,0.0000,0.0000,0.000,0.000,,0.0,,,,,,BAN,0,,0
13.8317,1790253267.776616,0.0201,0,,,0.000,,,0.0000,0.0000,0.0000,0.0000,0.0000,-13.0000,,,,CHO,0.0000,-12.8987,0.0000,-12.8856,0.0000,0.0000,0.000,0.000,,0.0,,,,,,BAN,0,,0
13.8522,1790253267.797168,0.0205,0,,,0.000,,,0.0000,0.0000,0.0000,0.0000,0.0000,-13.0000,,,,CHO,0.0000,-12.8987,0.0000,-12.8856,0.0000,0.0000,0.000,0.000,,0.0,,,,,,BAN,0,,0
13.8726,1790253267.817667,0.0204,0,,,0.000,,,0.0000,0.0000,0.0000,0.0000,0.0000,-13.0000,,,,CHO,0.0000,-12.8987,0.0000,-12.8856,0.0000,0.0000,0.000,0.000,,0.0,,,,,,BAN,0,,0
13.8930,1790253267.837951,0.0204,0,,,0.000,,,0.0000,0.0000,0.0000,0.0000,0.0000,-13.0000,,,,CHO,0.0000,-12.8987,0.0000,-12.8856,0.0000,0.0000,0.000,0.000,,0.0,,,,,,BAN,0,,0
13.9135,1790253267.858494,0.0205,0,,,0.000,,,0.0000,0.0000,0.0000,0.0000,0.0000,-13.0000,,,,CHO,0.0000,-12.8987,0.0000,-12.8856,0.0000,0.0000,0.000,0.000,,0.0,,,,,,BAN,0,,0
13.9335,1790253267.878431,0.0200,0,,,0.000,,,0.0000,0.0000,0.0000,0.0000,0.0000,-13.0000,,,,CHO,0.0000,-12.8987,0.0000,-12.8856,0.0000,0.0000,0.000,0.000,,0.0,,,,,,BAN,0,,0
13.9540,1790253267.899064,0.0205,0,,,0.000,,,0.0000,0.0000,0.0000,0.0000,0.0000,-13.0000,,,,CHO,0.0000,-12.8987,0.0000,-12.8856,0.0000,0.0000,0.000,0.000,,0.0,,,,,,BAN,0,,0
13.9748,1790253267.919831,0.0208,0,,,0.000,,,0.0000,0.0000,0.0000,0.0000,0.0000,-13.0000,,,,CHO,0.0000,-12.8987,0.0000,-12.8856,0.0000,0.0000,0.000,0.000,,0.0,,,,,,BAN,0,,0
13.9951,1790253267.940034,0.0203,0,,,0.000,,,0.0000,0.0000,0.0000,0.0000,0.0000,-13.0000,,,,CHO,0.0000,-12.8987,0.0000,-12.8856,0.0000,0.0000,0.000,0.000,,0.0,,,,,,BAN,0,,0
14.0157,1790253267.960656,0.0206,0,,,0.000,,,0.0000,0.0000,0.0000,0.0000,0.0000,-13.0000,,,,CHO,0.0000,-12.8987,0.0000,-12.8856,0.0000,0.0000,0.000,0.000,,0.0,,,,,,BAN,0,,0
14.0362,1790253267.981208,0.0205,0,,,0.000,,,0.0000,0.0000,0.0000,0.0000,0.0000,-13.0000,,,,CHO,0.0000,-12.8987,0.0000,-12.8856,0.0000,0.0000,0.000,0.000,,0.0,,,,,,BAN,0,,0
14.0562,1790253268.001279,0.0200,0,,,0.000,,,0.0000,0.0000,0.0000,0.0000,0.0000,-13.0000,,,,CHO,0.0000,-12.8987,0.0000,-12.8856,0.0000,0.0000,0.000,0.000,,0.0,,,,,,BAN,0,,0
14.0764,1790253268.021432,0.0202,0,,,0.000,,,0.0000,0.0000,0.0000,0.0000,0.0000,-13.0000,,,,CHO,0.0000,-12.8987,0.0000,-12.8856,0.0000,0.0000,0.000,0.000,,0.0,,,,,,BAN,0,,0
14.0967,1790253268.041743,0.0203,0,,,0.000,,,0.0000,0.0000,0.0000,0.0000,0.0000,-13.0000,,,,CHO,0.0000,-12.8987,0.0000,-12.8856,0.0000,0.0000,0.000,0.000,,0.0,,,,,,BAN,0,,0
14.1170,1790253268.062066,0.0203,0,,,0.000,,,0.0000,0.0000,0.0000,0.0000,0.0000,-13.0000,,,,CHO,0.0000,-12.8987,0.0000,-12.8856,0.0000,0.0000,0.000,0.000,,0.0,,,,,,BAN,0,,0
14.1372,1790253268.082167,0.0202,0,,,0.000,,,0.0000,0.0000,0.0000,0.0000,0.0000,-13.0000,,,,CHO,0.0000,-12.8987,0.0000,-12.8856,0.0000,0.0000,0.000,0.000,,0.0,,,,,,BAN,0,,0
14.1582,1790253268.103130,0.0210,0,,,0.000,,,0.0000,0.0000,0.0000,0.0000,0.0000,-13.0000,,,,CHO,0.0000,-12.8987,0.0000,-12.8856,0.0000,0.0000,0.000,0.000,,0.0,,,,,,BAN,0,,0
14.1785,1790253268.123588,0.0203,0,,,0.000,,,0.0000,0.0000,0.0000,0.0000,0.0000,-13.0000,,,,CHO,0.0000,-12.8987,0.0000,-12.8856,0.0000,0.0000,0.000,0.000,,0.0,,,,,,BAN,0,,0
14.1986,1790253268.143549,0.0200,0,,,0.000,,,0.0000,0.0000,0.0000,0.0000,0.0000,-13.0000,,,,CHO,0.0000,-12.8987,0.0000,-12.8856,0.0000,0.0000,0.000,0.000,,0.0,,,,,,BAN,0,,0
14.2191,1790253268.164039,0.0205,0,,,0.000,,,0.0000,0.0000,0.0000,0.0000,0.0000,-13.0000,,,,CHO,0.0000,-12.8987,0.0000,-12.8856,0.0000,0.0000,0.000,0.000,,0.0,,,,,,BAN,0,,0
14.2393,1790253268.184266,0.0202,0,,,0.000,,,0.0000,0.0000,0.0000,0.0000,0.0000,-13.0000,,,,CHO,0.0000,-12.8987,0.0000,-12.8856,0.0000,0.0000,0.000,0.000,,0.0,,,,,,BAN,0,,0
14.2596,1790253268.204546,0.0204,0,,,0.000,,,0.0000,0.0000,0.0000,0.0000,0.0000,-13.0000,,,,CHO,0.0000,-12.8987,0.0000,-12.8856,0.0000,0.0000,0.000,0.000,,0.0,,,,,,BAN,0,,0
14.2802,1790253268.225199,0.0206,0,,,0.000,,,0.0000,0.0000,0.0000,0.0000,0.0000,-13.0000,,,,CHO,0.0000,-12.8987,0.0000,-12.8856,0.0000,0.0000,0.000,0.000,,0.0,,,,,,BAN,0,,0
14.3007,1790253268.245700,0.0205,0,,,0.000,,,0.0000,0.0000,0.0000,0.0000,0.0000,-13.0000,,,,CHO,0.0000,-12.8987,0.0000,-12.8856,0.0000,0.0000,0.000,0.000,,0.0,,,,,,BAN,0,,0
14.3209,1790253268.265846,0.0202,0,,,0.000,,,0.0000,0.0000,0.0000,0.0000,0.0000,-13.0000,,,,CHO,0.0000,-12.8987,0.0000,-12.8856,0.0000,0.0000,0.000,0.000,,0.0,,,,,,BAN,0,,0
14.3410,1790253268.286037,0.0201,0,,,0.000,,,0.0000,0.0000,0.0000,0.0000,0.0000,-13.0000,,,,CHO,0.0000,-12.8987,0.0000,-12.8856,0.0000,0.0000,0.000,0.000,,0.0,,,,,,BAN,0,,0
14.3613,1790253268.306242,0.0203,0,,,0.000,,,0.0000,0.0000,0.0000,0.0000,0.0000,-13.0000,,,,CHO,0.0000,-12.8987,0.0000,-12.8856,0.0000,0.0000,0.000,0.000,,0.0,,,,,,BAN,0,,0
14.3817,1790253268.326790,0.0205,0,,,0.000,,,0.0000,0.0000,0.0000,0.0000,0.0000,-13.0000,,,,CHO,0.0000,-12.8987,0.0000,-12.8856,0.0000,0.0000,0.000,0.000,,0.0,,,,,,BAN,0,,0
14.4024,1790253268.347309,0.0207,0,,,0.000,,,0.0000,0.0000,0.0000,0.0000,0.0000,-13.0000,,,,CHO,0.0000,-12.8987,0.0000,-12.8856,0.0000,0.0000,0.000,0.000,,0.0,,,,,,BAN,0,,0
14.4227,1790253268.367574,0.0202,0,,,0.000,,,0.0000,0.0000,0.0000,0.0000,0.0000,-13.0000,,,,CHO,0.0000,-12.8987,0.0000,-12.8856,0.0000,0.0000,0.000,0.000,,0.0,,,,,,BAN,0,,0
14.4428,1790253268.387735,0.0201,0,,,0.000,,,0.0000,0.0000,0.0000,0.0000,0.0000,-13.0000,,,,CHO,0.0000,-12.8987,0.0000,-12.8856,0.0000,0.0000,0.000,0.000,,0.0,,,,,,BAN,0,,0
14.4633,1790253268.408229,0.0205,0,,,0.000,,,0.0000,0.0000,0.0000,0.0000,0.0000,-13.0000,,,,CHO,0.0000,-12.8987,0.0000,-12.8856,0.0000,0.0000,0.000,0.000,,0.0,,,,,,BAN,0,,0
14.4838,1790253268.428720,0.0205,0,,,0.000,,,0.0000,0.0000,0.0000,0.0000,0.0000,-13.0000,,,,CHO,0.0000,-12.8987,0.0000,-12.8856,0.0000,0.0000,0.000,0.000,,0.0,,,,,,BAN,0,,0
14.5041,1790253268.449203,0.0204,0,,,0.000,,,0.0000,0.0000,0.0000,0.0000,0.0000,-13.0000,,,,CHO,0.0000,-12.8987,0.0000,-12.8856,0.0000,0.0000,0.000,0.000,,0.0,,,,,,BAN,0,,0
14.5249,1790253268.469888,0.0207,0,,,0.000,,,0.0000,0.0000,0.0000,0.0000,0.0000,-13.0000,,,,CHO,0.0000,-12.8987,0.0000,-12.8856,0.0000,0.0000,0.000,0.000,,0.0,,,,,,BAN,0,,0
14.5449,1790253268.489854,0.0201,0,,,0.000,,,0.0000,0.0000,0.0000,0.0000,0.0000,-13.0000,,,,CHO,0.0000,-12.8987,0.0000,-12.8856,0.0000,0.0000,0.000,0.000,,0.0,,,,,,BAN,0,,0
14.5655,1790253268.510521,0.0205,0,,,0.000,,,0.0000,0.0000,0.0000,0.0000,0.0000,-13.0000,,,,CHO,0.0000,-12.8987,0.0000,-12.8856,0.0000,0.0000,0.000,0.000,,0.0,,,,,,BAN,0,,0
14.5857,1790253268.530497,0.0202,0,,,0.000,,,0.0000,0.0000,0.0000,0.0000,0.0000,-13.0000,,,,CHO,0.0000,-12.8987,0.0000,-12.8856,0.0000,0.0000,0.000,0.000,,0.0,,,,,,BAN,0,,0
14.6057,1790253268.550712,0.0200,0,,,0.000,,,0.0000,0.0000,0.0000,0.0000,0.0000,-13.0000,,,,CHO,0.0000,-12.8987,0.0000,-12.8856,0.0000,0.0000,0.000,0.000,,0.0,,,,,,BAN,0,,0
14.6259,1790253268.570749,0.0202,0,,,0.000,,,0.0000,0.0000,0.0000,0.0000,0.0000,-13.0000,,,,CHO,0.0000,-12.8987,0.0000,-12.8856,0.0000,0.0000,0.000,0.000,,0.0,,,,,,BAN,0,,0
14.6461,1790253268.591110,0.0202,0,,,0.000,,,0.0000,0.0000,0.0000,0.0000,0.0000,-13.0000,,,,CHO,0.0000,-12.8987,0.0000,-12.8856,0.0000,0.0000,0.000,0.000,,0.0,,,,,,BAN,0,,0
14.6666,1790253268.611476,0.0205,0,,,0.000,,,0.0000,0.0000,0.0000,0.0000,0.0000,-13.0000,,,,CHO,0.0000,-12.8987,0.0000,-12.8856,0.0000,0.0000,0.000,0.000,,0.0,,,,,,BAN,0,,0
14.6870,1790253268.632042,0.0205,0,,,0.000,,,0.0000,0.0000,0.0000,0.0000,0.0000,-13.0000,,,,CHO,0.0000,-12.8987,0.0000,-12.8856,0.0000,0.0000,0.000,0.000,,0.0,,,,,,BAN,0,,0
14.7079,1790253268.652766,0.0208,0,,,0.000,,,0.0000,0.0000,0.0000,0.0000,0.0000,-13.0000,,,,CHO,0.0000,-12.8987,0.0000,-12.8856,0.0000,0.0000,0.000,0.000,,0.0,,,,,,BAN,0,,0
14.7280,1790253268.672922,0.0201,0,,,0.000,,,0.0000,0.0000,0.0000,0.0000,0.0000,-13.0000,,,,CHO,0.0000,-12.8987,0.0000,-12.8856,0.0000,0.0000,0.000,0.000,,0.0,,,,,,BAN,0,,0
14.7483,1790253268.693310,0.0203,0,,,0.000,,,0.0000,0.0000,0.0000,0.0000,0.0000,-13.0000,,,,CHO,0.0000,-12.8987,0.0000,-12.8856,0.0000,0.0000,0.000,0.000,,0.0,,,,,,BAN,0,,0
14.7685,1790253268.713466,0.0202,0,,,0.000,,,0.0000,0.0000,0.0000,0.0000,0.0000,-13.0000,,,,CHO,0.0000,-12.8987,0.0000,-12.8856,0.0000,0.0000,0.000,0.000,,0.0,,,,,,BAN,0,,0
14.9545,1790253268.899571,0.1860,0,,,0.000,,,0.0000,0.0000,0.0000,0.0000,0.0000,-13.0000,,,,CHO,0.0000,-12.8987,0.0000,-12.8856,0.0000,0.0000,0.000,0.000,,0.0,,,,,,BAN,0,,0
14.9747,1790253268.919770,0.0202,0,,,0.000,,,0.0000,0.0000,0.0000,0.0000,0.0000,-13.0000,,,,CHO,0.0000,-12.8987,0.0000,-12.8856,0.0000,0.0000,0.000,0.000,,0.0,,,,,,BAN,0,,0
14.9950,1790253268.939954,0.0202,0,,,0.000,,,0.0000,0.0000,0.0000,0.0000,0.0000,-13.0000,,,,CHO,0.0000,-12.8987,0.0000,-12.8856,0.0000,0.0000,0.000,0.000,,0.0,,,,,,BAN,0,,0
15.0150,1790253268.960115,0.0201,0,,,0.000,,,0.0000,0.0000,0.0000,0.0000,0.0000,-13.0000,,,,CHO,0.0000,-12.8987,0.0000,-12.8856,0.0000,0.0000,0.000,0.000,,0.0,,,,,,BAN,0,,0
15.0357,1790253268.980616,0.0207,0,,,0.000,,,0.0000,0.0000,0.0000,0.0000,0.0000,-13.0000,,,,CHO,0.0000,-12.8987,0.0000,-12.8856,0.0000,0.0000,0.000,0.000,,0.0,,,,,,BAN,0,,0
15.0562,1790253269.001136,0.0205,0,,,0.000,,,0.0000,0.0000,0.0000,0.0000,0.0000,-13.0000,,,,CHO,0.0000,-12.8987,0.0000,-12.8856,0.0000,0.0000,0.000,0.000,,0.0,,,,,,BAN,0,,0
15.0770,1790253269.021905,0.0207,0,,,0.000,,,0.0000,0.0000,0.0000,0.0000,0.0000,-13.0000,,,,CHO,0.0000,-12.8987,0.0000,-12.8856,0.0000,0.0000,0.000,0.000,,0.0,,,,,,BAN,0,,0
15.0971,1790253269.042081,0.0201,0,,,0.000,,,0.0000,0.0000,0.0000,0.0000,0.0000,-13.0000,,,,CHO,0.0000,-12.8987,0.0000,-12.8856,0.0000,0.0000,0.000,0.000,,0.0,,,,,,BAN,0,,0
15.1172,1790253269.062096,0.0202,0,,,0.000,,,0.0000,0.0000,0.0000,0.0000,0.0000,-13.0000,,,,CHO,0.0000,-12.8987,0.0000,-12.8856,0.0000,0.0000,0.000,0.000,,0.0,,,,,,BAN,0,,0
15.1373,1790253269.082356,0.0201,0,,,0.000,,,0.0000,0.0000,0.0000,0.0000,0.0000,-13.0000,,,,CHO,0.0000,-12.8987,0.0000,-12.8856,0.0000,0.0000,0.000,0.000,,0.0,,,,,,BAN,0,,0
15.1574,1790253269.102348,0.0201,0,,,0.000,,,0.0000,0.0000,0.0000,0.0000,0.0000,-13.0000,,,,CHO,0.0000,-12.8987,0.0000,-12.8856,0.0000,0.0000,0.000,0.000,,0.0,,,,,,BAN,0,,0
15.1778,1790253269.122795,0.0203,0,,,0.000,,,0.0000,0.0000,0.0000,0.0000,0.0000,-13.0000,,,,CHO,0.0000,-12.8987,0.0000,-12.8856,0.0000,0.0000,0.000,0.000,,0.0,,,,,,BAN,0,,0
15.1978,1790253269.142881,0.0201,0,,,0.000,,,0.0000,0.0000,0.0000,0.0000,0.0000,-13.0000,,,,CHO,0.0000,-12.8987,0.0000,-12.8856,0.0000,0.0000,0.000,0.000,,0.0,,,,,,BAN,0,,0
15.2182,1790253269.163078,0.0203,0,,,0.000,,,0.0000,0.0000,0.0000,0.0000,0.0000,-13.0000,,,,CHO,0.0000,-12.8987,0.0000,-12.8856,0.0000,0.0000,0.000,0.000,,0.0,,,,,,BAN,0,,0
15.2386,1790253269.183704,0.0205,0,,,0.000,,,0.0000,0.0000,0.0000,0.0000,0.0000,-13.0000,,,,CHO,0.0000,-12.8987,0.0000,-12.8856,0.0000,0.0000,0.000,0.000,,0.0,,,,,,BAN,0,,0
15.2590,1790253269.203924,0.0204,0,,,0.000,,,0.0000,0.0000,0.0000,0.0000,0.0000,-13.0000,,,,CHO,0.0000,-12.8987,0.0000,-12.8856,0.0000,0.0000,0.000,0.000,,0.0,,,,,,BAN,0,,0
15.2793,1790253269.224180,0.0202,0,,,0.000,,,0.0000,0.0000,0.0000,0.0000,0.0000,-13.0000,,,,CHO,0.0000,-12.8987,0.0000,-12.8856,0.0000,0.0000,0.000,0.000,,0.0,,,,,,BAN,0,,0
15.2995,1790253269.244537,0.0202,0,,,0.000,,,0.0000,0.0000,0.0000,0.0000,0.0000,-13.0000,,,,CHO,0.0000,-12.8987,0.0000,-12.8856,0.0000,0.0000,0.000,0.000,,0.0,,,,,,BAN,0,,0
15.3197,1790253269.264657,0.0202,0,,,0.000,,,0.0000,0.0000,0.0000,0.0000,0.0000,-13.0000,,,,CHO,0.0000,-12.8987,0.0000,-12.8856,0.0000,0.0000,0.000,0.000,,0.0,,,,,,BAN,0,,0
15.3401,1790253269.284964,0.0204,0,,,0.000,,,0.0000,0.0000,0.0000,0.0000,0.0000,-13.0000,,,,CHO,0.0000,-12.8987,0.0000,-12.8856,0.0000,0.0000,0.000,0.000,,0.0,,,,,,BAN,0,,0
15.3601,1790253269.305103,0.0200,0,,,0.000,,,0.0000,0.0000,0.0000,0.0000,0.0000,-13.0000,,,,CHO,0.0000,-12.8987,0.0000,-12.8856,0.0000,0.0000,0.000,0.000,,0.0,,,,,,BAN,0,,0
15.3804,1790253269.325302,0.0203,0,,,0.000,,,0.0000,0.0000,0.0000,0.0000,0.0000,-13.0000,,,,CHO,0.0000,-12.8987,0.0000,-12.8856,0.0000,0.0000,0.000,0.000,,0.0,,,,,,BAN,0,,0
15.4008,1790253269.345860,0.0204,0,,,0.000,,,0.0000,0.0000,0.0000,0.0000,0.0000,-13.0000,,,,CHO,0.0000,-12.8987,0.0000,-12.8856,0.0000,0.0000,0.000,0.000,,0.0,,,,,,BAN,0,,0
15.4210,1790253269.365971,0.0202,0,,,0.000,,,0.0000,0.0000,0.0000,0.0000,0.0000,-13.0000,,,,CHO,0.0000,-12.8987,0.0000,-12.8856,0.0000,0.0000,0.000,0.000,,0.0,,,,,,BAN,0,,0
15.4411,1790253269.386007,0.0201,0,,,0.000,,,0.0000,0.0000,0.0000,0.0000,0.0000,-13.0000,,,,CHO,0.0000,-12.8987,0.0000,-12.8856,0.0000,0.0000,0.000,0.000,,0.0,,,,,,BAN,0,,0
15.4612,1790253269.406115,0.0201,0,,,0.000,,,0.0000,0.0000,0.0000,0.0000,0.0000,-13.0000,,,,CHO,0.0000,-12.8987,0.0000,-12.8856,0.0000,0.0000,0.000,0.000,,0.0,,,,,,BAN,0,,0
15.4813,1790253269.426269,0.0201,0,,,0.000,,,0.0000,0.0000,0.0000,0.0000,0.0000,-13.0000,,,,CHO,0.0000,-12.8987,0.0000,-12.8856,0.0000,0.0000,0.000,0.000,,0.0,,,,,,BAN,0,,0
15.5019,1790253269.446905,0.0206,0,,,0.000,,,0.0000,0.0000,0.0000,0.0000,0.0000,-13.0000,,,,CHO,0.0000,-12.8987,0.0000,-12.8856,0.0000,0.0000,0.000,0.000,,0.0,,,,,,BAN,0,,0
15.5219,1790253269.466973,0.0200,0,,,0.000,,,0.0000,0.0000,0.0000,0.0000,0.0000,-13.0000,,,,CHO,0.0000,-12.8987,0.0000,-12.8856,0.0000,0.0000,0.000,0.000,,0.0,,,,,,BAN,0,,0
15.5420,1790253269.486975,0.0201,0,,,0.000,,,0.0000,0.0000,0.0000,0.0000,0.0000,-13.0000,,,,CHO,0.0000,-12.8987,0.0000,-12.8856,0.0000,0.0000,0.000,0.000,,0.0,,,,,,BAN,0,,0
15.5620,1790253269.507076,0.0200,0,,,0.000,,,0.0000,0.0000,0.0000,0.0000,0.0000,-13.0000,,,,CHO,0.0000,-12.8987,0.0000,-12.8856,0.0000,0.0000,0.000,0.000,,0.0,,,,,,BAN,0,,0
15.5821,1790253269.526920,0.0201,0,,,0.000,,,0.0000,0.0000,0.0000,0.0000,0.0000,-13.0000,,,,CHO,0.0000,-12.8987,0.0000,-12.8856,0.0000,0.0000,0.000,0.000,,0.0,,,,,,BAN,0,,0
15.6023,1790253269.547190,0.0202,0,,,0.000,,,0.0000,0.0000,0.0000,0.0000,0.0000,-13.0000,,,,CHO,0.0000,-12.8987,0.0000,-12.8856,0.0000,0.0000,0.000,0.000,,0.0,,,,,,BAN,0,,0
15.6227,1790253269.567683,0.0204,0,,,0.000,,,0.0000,0.0000,0.0000,0.0000,0.0000,-13.0000,,,,CHO,0.0000,-12.8987,0.0000,-12.8856,0.0000,0.0000,0.000,0.000,,0.0,,,,,,BAN,0,,0
15.6427,1790253269.587667,0.0200,0,,,0.000,,,0.0000,0.0000,0.0000,0.0000,0.0000,-13.0000,,,,CHO,0.0000,-12.8987,0.0000,-12.8856,0.0000,0.0000,0.000,0.000,,0.0,,,,,,BAN,0,,0
15.6630,1790253269.607944,0.0203,0,,,0.000,,,0.0000,0.0000,0.0000,0.0000,0.0000,-13.0000,,,,CHO,0.0000,-12.8987,0.0000,-12.8856,0.0000,0.0000,0.000,0.000,,0.0,,,,,,BAN,0,,0
15.6833,1790253269.628273,0.0203,0,,,0.000,,,0.0000,0.0000,0.0000,0.0000,0.0000,-13.0000,,,,CHO,0.0000,-12.8987,0.0000,-12.8856,0.0000,0.0000,0.000,0.000,,0.0,,,,,,BAN,0,,0
15.7035,1790253269.648510,0.0201,0,,,0.000,,,0.0000,0.0000,0.0000,0.0000,0.0000,-13.0000,,,,CHO,0.0000,-12.8987,0.0000,-12.8856,0.0000,0.0000,0.000,0.000,,0.0,,,,,,BAN,0,,0
15.7240,1790253269.668917,0.0205,0,,,0.000,,,0.0000,0.0000,0.0000,0.0000,0.0000,-13.0000,,,,CHO,0.0000,-12.8987,0.0000,-12.8856,0.0000,0.0000,0.000,0.000,,0.0,,,,,,BAN,0,,0
15.7442,1790253269.689064,0.0202,0,,,0.000,,,0.0000,0.0000,0.0000,0.0000,0.0000,-13.0000,,,,CHO,0.0000,-12.8987,0.0000,-12.8856,0.0000,0.0000,0.000,0.000,,0.0,,,,,,BAN,0,,0
15.7643,1790253269.709311,0.0202,0,,,0.000,,,0.0000,0.0000,0.0000,0.0000,0.0000,-13.0000,,,,CHO,0.0000,-12.8987,0.0000,-12.8856,0.0000,0.0000,0.000,0.000,,0.0,,,,,,BAN,0,,0
15.7848,1790253269.729885,0.0205,0,,,0.000,,,0.0000,0.0000,0.0000,0.0000,0.0000,-13.0000,,,,CHO,0.0000,-12.8987,0.0000,-12.8856,0.0000,0.0000,0.000,0.000,,0.0,,,,,,BAN,0,,0
15.8052,1790253269.750115,0.0204,0,,,0.000,,,0.0000,0.0000,0.0000,0.0000,0.0000,-13.0000,,,,CHO,0.0000,-12.8987,0.0000,-12.8856,0.0000,0.0000,0.000,0.000,,0.0,,,,,,BAN,0,,0
15.8254,1790253269.770373,0.0202,0,,,0.000,,,0.0000,0.0000,0.0000,0.0000,0.0000,-13.0000,,,,CHO,0.0000,-12.8987,0.0000,-12.8856,0.0000,0.0000,0.000,0.000,,0.0,,,,,,BAN,0,,0
15.8456,1790253269.790571,0.0202,0,,,0.000,,,0.0000,0.0000,0.0000,0.0000,0.0000,-13.0000,,,,CHO,0.0000,-12.8987,0.0000,-12.8856,0.0000,0.0000,0.000,0.000,,0.0,,,,,,BAN,0,,0
15.8658,1790253269.810729,0.0202,0,,,0.000,,,0.0000,0.0000,0.0000,0.0000,0.0000,-13.0000,,,,CHO,0.0000,-12.8987,0.0000,-12.8856,0.0000,0.0000,0.000,0.000,,0.0,,,,,,BAN,0,,0
15.8864,1790253269.831403,0.0206,0,,,0.000,,,0.0000,0.0000,0.0000,0.0000,0.0000,-13.0000,,,,CHO,0.0000,-12.8987,0.0000,-12.8856,0.0000,0.0000,0.000,0.000,,0.0,,,,,,BAN,0,,0
15.9070,1790253269.851951,0.0206,0,,,0.000,,,0.0000,0.0000,0.0000,0.0000,0.0000,-13.0000,,,,CHO,0.0000,-12.8987,0.0000,-12.8856,0.0000,0.0000,0.000,0.000,,0.0,,,,,,BAN,0,,0
15.9271,1790253269.872008,0.0201,0,,,0.000,,,0.0000,0.0000,0.0000,0.0000,0.0000,-13.0000,,,,CHO,0.0000,-12.8987,0.0000,-12.8856,0.0000,0.0000,0.000,0.000,,0.0,,,,,,BAN,0,,0
15.9471,1790253269.892146,0.0200,0,,,0.000,,,0.0000,0.0000,0.0000,0.0000,0.0000,-13.0000,,,,CHO,0.0000,-12.8987,0.0000,-12.8856,0.0000,0.0000,0.000,0.000,,0.0,,,,,,BAN,0,,0
15.9675,1790253269.912586,0.0204,0,,,0.000,,,0.0000,0.0000,0.0000,0.0000,0.0000,-13.0000,,,,CHO,0.0000,-12.8987,0.0000,-12.8856,0.0000,0.0000,0.000,0.000,,0.0,,,,,,BAN,0,,0
15.9878,1790253269.932790,0.0202,0,,,0.000,,,0.0000,0.0000,0.0000,0.0000,0.0000,-13.0000,,,,CHO,0.0000,-12.8987,0.0000,-12.8856,0.0000,0.0000,0.000,0.000,,0.0,,,,,,BAN,0,,0
16.0082,1790253269.953029,0.0204,0,,,0.000,,,0.0000,0.0000,0.0000,0.0000,0.0000,-13.0000,,,,CHO,0.0000,-12.8987,0.0000,-12.8856,0.0000,0.0000,0.000,0.000,,0.0,,,,,,BAN,0,,0
16.0284,1790253269.973275,0.0202,0,,,0.000,,,0.0000,0.0000,0.0000,0.0000,0.0000,-13.0000,,,,CHO,0.0000,-12.8987,0.0000,-12.8856,0.0000,0.0000,0.000,0.000,,0.0,,,,,,BAN,0,,0
16.0492,1790253269.994037,0.0208,0,,,0.000,,,0.0000,0.0000,0.0000,0.0000,0.0000,-13.0000,,,,CHO,0.0000,-12.8987,0.0000,-12.8856,0.0000,0.0000,0.000,0.000,,0.0,,,,,,BAN,0,,0
16.0693,1790253270.014361,0.0201,0,,,0.000,,,0.0000,0.0000,0.0000,0.0000,0.0000,-13.0000,,,,CHO,0.0000,-12.8987,0.0000,-12.8856,0.0000,0.0000,0.000,0.000,,0.0,,,,,,BAN,0,,0
16.0895,1790253270.034441,0.0202,0,,,0.000,,,0.0000,0.0000,0.0000,0.0000,0.0000,-13.0000,,,,CHO,0.0000,-12.8987,0.0000,-12.8856,0.0000,0.0000,0.000,0.000,,0.0,,,,,,BAN,0,,0
16.1098,1790253270.054744,0.0204,0,,,0.000,,,0.0000,0.0000,0.0000,0.0000,0.0000,-13.0000,,,,CHO,0.0000,-12.8987,0.0000,-12.8856,0.0000,0.0000,0.000,0.000,,0.0,,,,,,BAN,0,,0
16.1299,1790253270.074751,0.0200,0,,,0.000,,,0.0000,0.0000,0.0000,0.0000,0.0000,-13.0000,,,,CHO,0.0000,-12.8987,0.0000,-12.8856,0.0000,0.0000,0.000,0.000,,0.0,,,,,,BAN,0,,0
16.1505,1790253270.095409,0.0207,0,,,0.000,,,0.0000,0.0000,0.0000,0.0000,0.0000,-13.0000,,,,CHO,0.0000,-12.8987,0.0000,-12.8856,0.0000,0.0000,0.000,0.000,,0.0,,,,,,BAN,0,,0
16.1705,1790253270.115537,0.0200,0,,,0.000,,,0.0000,0.0000,0.0000,0.0000,0.0000,-13.0000,,,,CHO,0.0000,-12.8987,0.0000,-12.8856,0.0000,0.0000,0.000,0.000,,0.0,,,,,,BAN,0,,0
16.1907,1790253270.135731,0.0201,0,,,0.000,,,0.0000,0.0000,0.0000,0.0000,0.0000,-13.0000,,,,CHO,0.0000,-12.8987,0.0000,-12.8856,0.0000,0.0000,0.000,0.000,,0.0,,,,,,BAN,0,,0
16.2108,1790253270.155775,0.0201,0,,,0.000,,,0.0000,0.0000,0.0000,0.0000,0.0000,-13.0000,,,,CHO,0.0000,-12.8987,0.0000,-12.8856,0.0000,0.0000,0.000,0.000,,0.0,,,,,,BAN,0,,0
16.2311,1790253270.176062,0.0203,0,,,0.000,,,0.0000,0.0000,0.0000,0.0000,0.0000,-13.0000,,,,CHO,0.0000,-12.8987,0.0000,-12.8856,0.0000,0.0000,0.000,0.000,,0.0,,,,,,BAN,0,,0
16.2511,1790253270.196141,0.0200,0,,,0.000,,,0.0000,0.0000,0.0000,0.0000,0.0000,-13.0000,,,,CHO,0.0000,-12.8987,0.0000,-12.8856,0.0000,0.0000,0.000,0.000,,0.0,,,,,,BAN,0,,0
16.2715,1790253270.216468,0.0204,0,,,0.000,,,0.0000,0.0000,0.0000,0.0000,0.0000,-13.0000,,,,CHO,0.0000,-12.8987,0.0000,-12.8856,0.0000,0.0000,0.000,0.000,,0.0,,,,,,BAN,0,,0
16.2916,1790253270.236679,0.0201,0,,,0.000,,,0.0000,0.0000,0.0000,0.0000,0.0000,-13.0000,,,,CHO,0.0000,-12.8987,0.0000,-12.8856,0.0000,0.0000,0.000,0.000,,0.0,,,,,,BAN,0,,0
16.3118,1790253270.256853,0.0202,0,,,0.000,,,0.0000,0.0000,0.0000,0.0000,0.0000,-13.0000,,,,CHO,0.0000,-12.8987,0.0000,-12.8856,0.0000,0.0000,0.000,0.000,,0.0,,,,,,BAN,0,,0
16.3320,1790253270.276995,0.0203,0,,,0.000,,,0.0000,0.0000,0.0000,0.0000,0.0000,-13.0000,,,,CHO,0.0000,-12.8987,0.0000,-12.8856,0.0000,0.0000,0.000,0.000,,0.0,,,,,,BAN,0,,0
16.3522,1790253270.297266,0.0201,0,,,0.000,,,0.0000,0.0000,0.0000,0.0000,0.0000,-13.0000,,,,CHO,0.0000,-12.8987,0.0000,-12.8856,0.0000,0.0000,0.000,0.000,,0.0,,,,,,BAN,0,,0
16.3723,1790253270.317298,0.0201,0,,,0.000,,,0.0000,0.0000,0.0000,0.0000,0.0000,-13.0000,,,,CHO,0.0000,-12.8987,0.0000,-12.8856,0.0000,0.0000,0.000,0.000,,0.0,,,,,,BAN,0,,0
16.3923,1790253270.337209,0.0200,0,,,0.000,,,0.0000,0.0000,0.0000,0.0000,0.0000,-13.0000,,,,CHO,0.0000,-12.8987,0.0000,-12.8856,0.0000,0.0000,0.000,0.000,,0.0,,,,,,BAN,0,,0
16.4125,1790253270.357471,0.0202,0,,,0.000,,,0.0000,0.0000,0.0000,0.0000,0.0000,-13.0000,,,,CHO,0.0000,-12.8987,0.0000,-12.8856,0.0000,0.0000,0.000,0.000,,0.0,,,,,,BAN,0,,0
16.4328,1790253270.377697,0.0203,0,,,0.000,,,0.0000,0.0000,0.0000,0.0000,0.0000,-13.0000,,,,CHO,0.0000,-12.8987,0.0000,-12.8856,0.0000,0.0000,0.000,0.000,,0.0,,,,,,BAN,0,,0
16.4533,1790253270.398336,0.0205,0,,,0.000,,,0.0000,0.0000,0.0000,0.0000,0.0000,-13.0000,,,,CHO,0.0000,-12.8987,0.0000,-12.8856,0.0000,0.0000,0.000,0.000,,0.0,,,,,,BAN,0,,0
16.4741,1790253270.419004,0.0208,0,,,0.000,,,0.0000,0.0000,0.0000,0.0000,0.0000,-13.0000,,,,CHO,0.0000,-12.8987,0.0000,-12.8856,0.0000,0.0000,0.000,0.000,,0.0,,,,,,BAN,0,,0
16.4943,1790253270.439363,0.0203,0,,,0.000,,,0.0000,0.0000,0.0000,0.0000,0.0000,-13.0000,,,,CHO,0.0000,-12.8987,0.0000,-12.8856,0.0000,0.0000,0.000,0.000,,0.0,,,,,,BAN,0,,0
16.5145,1790253270.459544,0.0202,0,,,0.000,,,0.0000,0.0000,0.0000,0.0000,0.0000,-13.0000,,,,CHO,0.0000,-12.8987,0.0000,-12.8856,0.0000,0.0000,0.000,0.000,,0.0,,,,,,BAN,0,,0
16.5346,1790253270.479544,0.0201,0,,,0.000,,,0.0000,0.0000,0.0000,0.0000,0.0000,-13.0000,,,,CHO,0.0000,-12.8987,0.0000,-12.8856,0.0000,0.0000,0.000,0.000,,0.0,,,,,,BAN,0,,0
16.5553,1790253270.500382,0.0207,0,,,0.000,,,0.0000,0.0000,0.0000,0.0000,0.0000,-13.0000,,,,CHO,0.0000,-12.8987,0.0000,-12.8856,0.0000,0.0000,0.000,0.000,,0.0,,,,,,BAN,0,,0
16.5754,1790253270.520352,0.0201,0,,,0.000,,,0.0000,0.0000,0.0000,0.0000,0.0000,-13.0000,,,,CHO,0.0000,-12.8987,0.0000,-12.8856,0.0000,0.0000,0.000,0.000,,0.0,,,,,,BAN,0,,0
16.5956,1790253270.540551,0.0202,0,,,0.000,,,0.0000,0.0000,0.0000,0.0000,0.0000,-13.0000,,,,CHO,0.0000,-12.8987,0.0000,-12.8856,0.0000,0.0000,0.000,0.000,,0.0,,,,,,BAN,0,,0
16.6161,1790253270.561203,0.0205,0,,,0.000,,,0.0000,0.0000,0.0000,0.0000,0.0000,-13.0000,,,,CHO,0.0000,-12.8987,0.0000,-12.8856,0.0000,0.0000,0.000,0.000,,0.0,,,,,,BAN,0,,0
16.6363,1790253270.581347,0.0202,0,,,0.000,,,0.0000,0.0000,0.0000,0.0000,0.0000,-13.0000,,,,CHO,0.0000,-12.8987,0.0000,-12.8856,0.0000,0.0000,0.000,0.000,,0.0,,,,,,BAN,0,,0
16.6569,1790253270.601961,0.0206,0,,,0.000,,,0.0000,0.0000,0.0000,0.0000,0.0000,-13.0000,,,,CHO,0.0000,-12.8987,0.0000,-12.8856,0.0000,0.0000,0.000,0.000,,0.0,,,,,,BAN,0,,0
16.6770,1790253270.621956,0.0201,0,,,0.000,,,0.0000,0.0000,0.0000,0.0000,0.0000,-13.0000,,,,CHO,0.0000,-12.8987,0.0000,-12.8856,0.0000,0.0000,0.000,0.000,,0.0,,,,,,BAN,0,,0
16.6974,1790253270.642511,0.0204,0,,,0.000,,,0.0000,0.0000,0.0000,0.0000,0.0000,-13.0000,,,,CHO,0.0000,-12.8987,0.0000,-12.8856,0.0000,0.0000,0.000,0.000,,0.0,,,,,,BAN,0,,0
16.7176,1790253270.662542,0.0202,0,,,0.000,,,0.0000,0.0000,0.0000,0.0000,0.0000,-13.0000,,,,CHO,0.0000,-12.8987,0.0000,-12.8856,0.0000,0.0000,0.000,0.000,,0.0,,,,,,BAN,0,,0
16.7383,1790253270.683316,0.0207,0,,,0.000,,,0.0000,0.0000,0.0000,0.0000,0.0000,-13.0000,,,,CHO,0.0000,-12.8987,0.0000,-12.8856,0.0000,0.0000,0.000,0.000,,0.0,,,,,,BAN,0,,0
16.7588,1790253270.703837,0.0205,0,,,0.000,,,0.0000,0.0000,0.0000,0.0000,0.0000,-13.0000,,,,CHO,0.0000,-12.8987,0.0000,-12.8856,0.0000,0.0000,0.000,0.000,,0.0,,,,,,BAN,0,,0
16.7792,1790253270.724245,0.0204,0,,,0.000,,,0.0000,0.0000,0.0000,0.0000,0.0000,-13.0000,,,,CHO,0.0000,-12.8987,0.0000,-12.8856,0.0000,0.0000,0.000,0.000,,0.0,,,,,,BAN,0,,0
16.7995,1790253270.744457,0.0203,0,,,0.000,,,0.0000,0.0000,0.0000,0.0000,0.0000,-13.0000,,,,CHO,0.0000,-12.8987,0.0000,-12.8856,0.0000,0.0000,0.000,0.000,,0.0,,,,,,BAN,0,,0
16.8198,1790253270.764868,0.0203,0,,,0.000,,,0.0000,0.0000,0.0000,0.0000,0.0000,-13.0000,,,,CHO,0.0000,-12.8987,0.0000,-12.8856,0.0000,0.0000,0.000,0.000,,0.0,,,,,,BAN,0,,0
16.8399,1790253270.784765,0.0201,0,,,0.000,,,0.0000,0.0000,0.0000,0.0000,0.0000,-13.0000,,,,CHO,0.0000,-12.8987,0.0000,-12.8856,0.0000,0.0000,0.000,0.000,,0.0,,,,,,BAN,0,,0
16.8601,1790253270.805130,0.0202,0,,,0.000,,,0.0000,0.0000,0.0000,0.0000,0.0000,-13.0000,,,,CHO,0.0000,-12.8987,0.0000,-12.8856,0.0000,0.0000,0.000,0.000,,0.0,,,,,,BAN,0,,0
16.8813,1790253270.826286,0.0212,0,,,0.000,,,0.0000,0.0000,0.0000,0.0000,0.0000,-13.0000,,,,CHO,0.0000,-12.8987,0.0000,-12.8856,0.0000,0.0000,0.000,0.000,,0.0,,,,,,BAN,0,,0
16.9016,1790253270.846492,0.0203,0,,,0.000,,,0.0000,0.0000,0.0000,0.0000,0.0000,-13.0000,,,,CHO,0.0000,-12.8987,0.0000,-12.8856,0.0000,0.0000,0.000,0.000,,0.0,,,,,,BAN,0,,0
16.9216,1790253270.866552,0.0200,0,,,0.000,,,0.0000,0.0000,0.0000,0.0000,0.0000,-13.0000,,,,CHO,0.0000,-12.8987,0.0000,-12.8856,0.0000,0.0000,0.000,0.000,,0.0,,,,,,BAN,0,,0
16.9425,1790253270.887497,0.0209,0,,,0.000,,,0.0000,0.0000,0.0000,0.0000,0.0000,-13.0000,,,,CHO,0.0000,-12.8987,0.0000,-12.8856,0.0000,0.0000,0.000,0.000,,0.0,,,,,,BAN,0,,0
16.9628,1790253270.907892,0.0204,0,,,0.000,,,0.0000,0.0000,0.0000,0.0000,0.0000,-13.0000,,,,CHO,0.0000,-12.8987,0.0000,-12.8856,0.0000,0.0000,0.000,0.000,,0.0,,,,,,BAN,0,,0
16.9830,1790253270.927977,0.0202,0,,,0.000,,,0.0000,0.0000,0.0000,0.0000,0.0000,-13.0000,,,,CHO,0.0000,-12.8987,0.0000,-12.8856,0.0000,0.0000,0.000,0.000,,0.0,,,,,,BAN,0,,0
17.0035,1790253270.948583,0.0205,0,,,0.000,,,0.0000,0.0000,0.0000,0.0000,0.0000,-13.0000,,,,CHO,0.0000,-12.8987,0.0000,-12.8856,0.0000,0.0000,0.000,0.000,,0.0,,,,,,BAN,0,,0
17.0241,1790253270.969025,0.0206,0,,,0.000,,,0.0000,0.0000,0.0000,0.0000,0.0000,-13.0000,,,,CHO,0.0000,-12.8987,0.0000,-12.8856,0.0000,0.0000,0.000,0.000,,0.0,,,,,,BAN,0,,0
17.0443,1790253270.989326,0.0201,0,,,0.000,,,0.0000,0.0000,0.0000,0.0000,0.0000,-13.0000,,,,CHO,0.0000,-12.8987,0.0000,-12.8856,0.0000,0.0000,0.000,0.000,,0.0,,,,,,BAN,0,,0
17.0644,1790253271.009283,0.0201,0,,,0.000,,,0.0000,0.0000,0.0000,0.0000,0.0000,-13.0000,,,,CHO,0.0000,-12.8987,0.0000,-12.8856,0.0000,0.0000,0.000,0.000,,0.0,,,,,,BAN,0,,0
17.0847,1790253271.029696,0.0203,0,,,0.000,,,0.0000,0.0000,0.0000,0.0000,0.0000,-13.0000,,,,CHO,0.0000,-12.8987,0.0000,-12.8856,0.0000,0.0000,0.000,0.000,,0.0,,,,,,BAN,0,,0
17.1047,1790253271.049573,0.0201,0,,,0.000,,,0.0000,0.0000,0.0000,0.0000,0.0000,-13.0000,,,,CHO,0.0000,-12.8987,0.0000,-12.8856,0.0000,0.0000,0.000,0.000,,0.0,,,,,,BAN,0,,0
17.1249,1790253271.069830,0.0202,0,,,0.000,,,0.0000,0.0000,0.0000,0.0000,0.0000,-13.0000,,,,CHO,0.0000,-12.8987,0.0000,-12.8856,0.0000,0.0000,0.000,0.000,,0.0,,,,,,BAN,0,,0
17.1455,1790253271.090569,0.0206,0,,,0.000,,,0.0000,0.0000,0.0000,0.0000,0.0000,-13.0000,,,,CHO,0.0000,-12.8987,0.0000,-12.8856,0.0000,0.0000,0.000,0.000,,0.0,,,,,,BAN,0,,0
17.1659,1790253271.111014,0.0204,0,,,0.000,,,0.0000,0.0000,0.0000,0.0000,0.0000,-13.0000,,,,CHO,0.0000,-12.8987,0.0000,-12.8856,0.0000,0.0000,0.000,0.000,,0.0,,,,,,BAN,0,,0
17.1863,1790253271.131338,0.0204,0,,,0.000,,,0.0000,0.0000,0.0000,0.0000,0.0000,-13.0000,,,,CHO,0.0000,-12.8987,0.0000,-12.8856,0.0000,0.0000,0.000,0.000,,0.0,,,,,,BAN,0,,0
17.2067,1790253271.151731,0.0204,0,,,0.000,,,0.0000,0.0000,0.0000,0.0000,0.0000,-13.0000,,,,CHO,0.0000,-12.8987,0.0000,-12.8856,0.0000,0.0000,0.000,0.000,,0.0,,,,,,BAN,0,,0
17.2275,1790253271.172416,0.0208,0,,,0.000,,,0.0000,0.0000,0.0000,0.0000,0.0000,-13.0000,,,,CHO,0.0000,-12.8987,0.0000,-12.8856,0.0000,0.0000,0.000,0.000,,0.0,,,,,,BAN,0,,0
17.2475,1790253271.192496,0.0200,0,,,0.000,,,0.0000,0.0000,0.0000,0.0000,0.0000,-13.0000,,,,CHO,0.0000,-12.8987,0.0000,-12.8856,0.0000,0.0000,0.000,0.000,,0.0,,,,,,BAN,0,,0
17.2678,1790253271.212814,0.0203,0,,,0.000,,,0.0000,0.0000,0.0000,0.0000,0.0000,-13.0000,,,,CHO,0.0000,-12.8987,0.0000,-12.8856,0.0000,0.0000,0.000,0.000,,0.0,,,,,,BAN,0,,0
17.2881,1790253271.233193,0.0204,0,,,0.000,,,0.0000,0.0000,0.0000,0.0000,0.0000,-13.0000,,,,CHO,0.0000,-12.8987,0.0000,-12.8856,0.0000,0.0000,0.000,0.000,,0.0,,,,,,BAN,0,,0
17.3086,1790253271.253480,0.0205,0,,,0.000,,,0.0000,0.0000,0.0000,0.0000,0.0000,-13.0000,,,,CHO,0.0000,-12.8987,0.0000,-12.8856,0.0000,0.0000,0.000,0.000,,0.0,,,,,,BAN,0,,0
17.3292,1790253271.274207,0.0207,0,,,0.000,,,0.0000,0.0000,0.0000,0.0000,0.0000,-13.0000,,,,CHO,0.0000,-12.8987,0.0000,-12.8856,0.0000,0.0000,0.000,0.000,,0.0,,,,,,BAN,0,,0
17.3497,1790253271.294787,0.0205,0,,,0.000,,,0.0000,0.0000,0.0000,0.0000,0.0000,-13.0000,,,,CHO,0.0000,-12.8987,0.0000,-12.8856,0.0000,0.0000,0.000,0.000,,0.0,,,,,,BAN,0,,0
17.3699,1790253271.314907,0.0202,0,,,0.000,,,0.0000,0.0000,0.0000,0.0000,0.0000,-13.0000,,,,CHO,0.0000,-12.8987,0.0000,-12.8856,0.0000,0.0000,0.000,0.000,,0.0,,,,,,BAN,0,,0
17.3900,1790253271.335083,0.0202,0,,,0.000,,,0.0000,0.0000,0.0000,0.0000,0.0000,-13.0000,,,,CHO,0.0000,-12.8987,0.0000,-12.8856,0.0000,0.0000,0.000,0.000,,0.0,,,,,,BAN,0,,0
17.4102,1790253271.355227,0.0201,0,,,0.000,,,0.0000,0.0000,0.0000,0.0000,0.0000,-13.0000,,,,CHO,0.0000,-12.8987,0.0000,-12.8856,0.0000,0.0000,0.000,0.000,,0.0,,,,,,BAN,0,,0
17.4309,1790253271.375931,0.0208,0,,,0.000,,,0.0000,0.0000,0.0000,0.0000,0.0000,-13.0000,,,,CHO,0.0000,-12.8987,0.0000,-12.8856,0.0000,0.0000,0.000,0.000,,0.0,,,,,,BAN,0,,0
17.4512,1790253271.396001,0.0202,0,,,0.000,,,0.0000,0.0000,0.0000,0.0000,0.0000,-13.0000,,,,CHO,0.0000,-12.8987,0.0000,-12.8856,0.0000,0.0000,0.000,0.000,,0.0,,,,,,BAN,0,,0
17.4719,1790253271.416917,0.0208,0,,,0.000,,,0.0000,0.0000,0.0000,0.0000,0.0000,-13.0000,,,,CHO,0.0000,-12.8987,0.0000,-12.8856,0.0000,0.0000,0.000,0.000,,0.0,,,,,,BAN,0,,0
17.4921,1790253271.437053,0.0201,0,,,0.000,,,0.0000,0.0000,0.0000,0.0000,0.0000,-13.0000,,,,CHO,0.0000,-12.8987,0.0000,-12.8856,0.0000,0.0000,0.000,0.000,,0.0,,,,,,BAN,0,,0
17.5123,1790253271.457310,0.0202,0,,,0.000,,,0.0000,0.0000,0.0000,0.0000,0.0000,-13.0000,,,,CHO,0.0000,-12.8987,0.0000,-12.8856,0.0000,0.0000,0.000,0.000,,0.0,,,,,,BAN,0,,0
17.5325,1790253271.477549,0.0202,0,,,0.000,,,0.0000,0.0000,0.0000,0.0000,0.0000,-13.0000,,,,CHO,0.0000,-12.8987,0.0000,-12.8856,0.0000,0.0000,0.000,0.000,,0.0,,,,,,BAN,0,,0
17.5531,1790253271.498025,0.0206,0,,,0.000,,,0.0000,0.0000,0.0000,0.0000,0.0000,-13.0000,,,,CHO,0.0000,-12.8987,0.0000,-12.8856,0.0000,0.0000,0.000,0.000,,0.0,,,,,,BAN,0,,0
17.5736,1790253271.518476,0.0205,0,,,0.000,,,0.0000,0.0000,0.0000,0.0000,0.0000,-13.0000,,,,CHO,0.0000,-12.8987,0.0000,-12.8856,0.0000,0.0000,0.000,0.000,,0.0,,,,,,BAN,0,,0
17.5943,1790253271.539233,0.0207,0,,,0.000,,,0.0000,0.0000,0.0000,0.0000,0.0000,-13.0000,,,,CHO,0.0000,-12.8987,0.0000,-12.8856,0.0000,0.0000,0.000,0.000,,0.0,,,,,,BAN,0,,0
17.6149,1790253271.559917,0.0206,0,,,0.000,,,0.0000,0.0000,0.0000,0.0000,0.0000,-13.0000,,,,CHO,0.0000,-12.8987,0.0000,-12.8856,0.0000,0.0000,0.000,0.000,,0.0,,,,,,BAN,0,,0
17.6353,1790253271.580349,0.0204,0,,,0.000,,,0.0000,0.0000,0.0000,0.0000,0.0000,-13.0000,,,,CHO,0.0000,-12.8987,0.0000,-12.8856,0.0000,0.0000,0.000,0.000,,0.0,,,,,,BAN,0,,0
17.6559,1790253271.600847,0.0206,0,,,0.000,,,0.0000,0.0000,0.0000,0.0000,0.0000,-13.0000,,,,CHO,0.0000,-12.8987,0.0000,-12.8856,0.0000,0.0000,0.000,0.000,,0.0,,,,,,BAN,0,,0
17.6768,1790253271.621862,0.0209,0,,,0.000,,,0.0000,0.0000,0.0000,0.0000,0.0000,-13.0000,,,,CHO,0.0000,-12.8987,0.0000,-12.8856,0.0000,0.0000,0.000,0.000,,0.0,,,,,,BAN,0,,0
17.6974,1790253271.642408,0.0206,0,,,0.000,,,0.0000,0.0000,0.0000,0.0000,0.0000,-13.0000,,,,CHO,0.0000,-12.8987,0.0000,-12.8856,0.0000,0.0000,0.000,0.000,,0.0,,,,,,BAN,0,,0
17.7176,1790253271.662641,0.0202,0,,,0.000,,,0.0000,0.0000,0.0000,0.0000,0.0000,-13.0000,,,,CHO,0.0000,-12.8987,0.0000,-12.8856,0.0000,0.0000,0.000,0.000,,0.0,,,,,,BAN,0,,0
17.7382,1790253271.683142,0.0207,0,,,0.000,,,0.0000,0.0000,0.0000,0.0000,0.0000,-13.0000,,,,CHO,0.0000,-12.8987,0.0000,-12.8856,0.0000,0.0000,0.000,0.000,,0.0,,,,,,BAN,0,,0
17.7583,1790253271.703347,0.0201,0,,,0.000,,,0.0000,0.0000,0.0000,0.0000,0.0000,-13.0000,,,,CHO,0.0000,-12.8987,0.0000,-12.8856,0.0000,0.0000,0.000,0.000,,0.0,,,,,,BAN,0,,0
17.7784,1790253271.723526,0.0201,0,,,0.000,,,0.0000,0.0000,0.0000,0.0000,0.0000,-13.0000,,,,CHO,0.0000,-12.8987,0.0000,-12.8856,0.0000,0.0000,0.000,0.000,,0.0,,,,,,BAN,0,,0
17.7993,1790253271.744215,0.0208,0,,,0.000,,,0.0000,0.0000,0.0000,0.0000,0.0000,-13.0000,,,,CHO,0.0000,-12.8987,0.0000,-12.8856,0.0000,0.0000,0.000,0.000,,0.0,,,,,,BAN,0,,0
17.8196,1790253271.764557,0.0203,0,,,0.000,,,0.0000,0.0000,0.0000,0.0000,0.0000,-13.0000,,,,CHO,0.0000,-12.8987,0.0000,-12.8856,0.0000,0.0000,0.000,0.000,,0.0,,,,,,BAN,0,,0
17.8402,1790253271.785057,0.0205,0,,,0.000,,,0.0000,0.0000,0.0000,0.0000,0.0000,-13.0000,,,,CHO,0.0000,-12.8987,0.0000,-12.8856,0.0000,0.0000,0.000,0.000,,0.0,,,,,,BAN,0,,0
17.8605,1790253271.805465,0.0204,0,,,0.000,,,0.0000,0.0000,0.0000,0.0000,0.0000,-13.0000,,,,CHO,0.0000,-12.8987,0.0000,-12.8856,0.0000,0.0000,0.000,0.000,,0.0,,,,,,BAN,0,,0
17.8806,1790253271.825674,0.0201,0,,,0.000,,,0.0000,0.0000,0.0000,0.0000,0.0000,-13.0000,,,,CHO,0.0000,-12.8987,0.0000,-12.8856,0.0000,0.0000,0.000,0.000,,0.0,,,,,,BAN,0,,0
17.9011,1790253271.846181,0.0205,0,,,0.000,,,0.0000,0.0000,0.0000,0.0000,0.0000,-13.0000,,,,CHO,0.0000,-12.8987,0.0000,-12.8856,0.0000,0.0000,0.000,0.000,,0.0,,,,,,BAN,0,,0
17.9217,1790253271.866742,0.0206,0,,,0.000,,,0.0000,0.0000,0.0000,0.0000,0.0000,-13.0000,,,,CHO,0.0000,-12.8987,0.0000,-12.8856,0.0000,0.0000,0.000,0.000,,0.0,,,,,,BAN,0,,0
17.9419,1790253271.886942,0.0202,0,,,0.000,,,0.0000,0.0000,0.0000,0.0000,0.0000,-13.0000,,,,CHO,0.0000,-12.8987,0.0000,-12.8856,0.0000,0.0000,0.000,0.000,,0.0,,,,,,BAN,0,,0
17.9627,1790253271.907605,0.0207,0,,,0.000,,,0.0000,0.0000,0.0000,0.0000,0.0000,-13.0000,,,,CHO,0.0000,-12.8987,0.0000,-12.8856,0.0000,0.0000,0.000,0.000,,0.0,,,,,,BAN,0,,0
17.9827,1790253271.927693,0.0201,0,,,0.000,,,0.0000,0.0000,0.0000,0.0000,0.0000,-13.0000,,,,CHO,0.0000,-12.8987,0.0000,-12.8856,0.0000,0.0000,0.000,0.000,,0.0,,,,,,BAN,0,,0
18.0033,1790253271.948269,0.0206,0,,,0.000,,,0.0000,0.0000,0.0000,0.0000,0.0000,-13.0000,,,,CHO,0.0000,-12.8987,0.0000,-12.8856,0.0000,0.0000,0.000,0.000,,0.0,,,,,,BAN,0,,0
18.0235,1790253271.968379,0.0201,0,,,0.000,,,0.0000,0.0000,0.0000,0.0000,0.0000,-13.0000,,,,CHO,0.0000,-12.8987,0.0000,-12.8856,0.0000,0.0000,0.000,0.000,,0.0,,,,,,BAN,0,,0
18.0437,1790253271.988648,0.0202,0,,,0.000,,,0.0000,0.0000,0.0000,0.0000,0.0000,-13.0000,,,,CHO,0.0000,-12.8987,0.0000,-12.8856,0.0000,0.0000,0.000,0.000,,0.0,,,,,,BAN,0,,0
18.0640,1790253272.008958,0.0203,0,,,0.000,,,0.0000,0.0000,0.0000,0.0000,0.0000,-13.0000,,,,CHO,0.0000,-12.8987,0.0000,-12.8856,0.0000,0.0000,0.000,0.000,,0.0,,,,,,BAN,0,,0
18.0844,1790253272.029436,0.0204,0,,,0.000,,,0.0000,0.0000,0.0000,0.0000,0.0000,-13.0000,,,,CHO,0.0000,-12.8987,0.0000,-12.8856,0.0000,0.0000,0.000,0.000,,0.0,,,,,,BAN,0,,0
18.1051,1790253272.050028,0.0207,0,,,0.000,,,0.0000,0.0000,0.0000,0.0000,0.0000,-13.0000,,,,CHO,0.0000,-12.8987,0.0000,-12.8856,0.0000,0.0000,0.000,0.000,,0.0,,,,,,BAN,0,,0
18.1253,1790253272.070299,0.0202,0,,,0.000,,,0.0000,0.0000,0.0000,0.0000,0.0000,-13.0000,,,,CHO,0.0000,-12.8987,0.0000,-12.8856,0.0000,0.0000,0.000,0.000,,0.0,,,,,,BAN,0,,0
18.1453,1790253272.090292,0.0200,0,,,0.000,,,0.0000,0.0000,0.0000,0.0000,0.0000,-13.0000,,,,CHO,0.0000,-12.8987,0.0000,-12.8856,0.0000,0.0000,0.000,0.000,,0.0,,,,,,BAN,0,,0
18.1657,1790253272.110685,0.0204,0,,,0.000,,,0.0000,0.0000,0.0000,0.0000,0.0000,-13.0000,,,,CHO,0.0000,-12.8987,0.0000,-12.8856,0.0000,0.0000,0.000,0.000,,0.0,,,,,,BAN,0,,0
18.1859,1790253272.130879,0.0202,0,,,0.000,,,0.0000,0.0000,0.0000,0.0000,0.0000,-13.0000,,,,CHO,0.0000,-12.8987,0.0000,-12.8856,0.0000,0.0000,0.000,0.000,,0.0,,,,,,BAN,0,,0
18.2066,1790253272.151599,0.0207,0,,,0.000,,,0.0000,0.0000,0.0000,0.0000,0.0000,-13.0000,,,,CHO,0.0000,-12.8987,0.0000,-12.8856,0.0000,0.0000,0.000,0.000,,0.0,,,,,,BAN,0,,0
18.2267,1790253272.171739,0.0201,0,,,0.000,,,0.0000,0.0000,0.0000,0.0000,0.0000,-13.0000,,,,CHO,0.0000,-12.8987,0.0000,-12.8856,0.0000,0.0000,0.000,0.000,,0.0,,,,,,BAN,0,,0
18.2470,1790253272.192036,0.0203,0,,,0.000,,,0.0000,0.0000,0.0000,0.0000,0.0000,-13.0000,,,,CHO,0.0000,-12.8987,0.0000,-12.8856,0.0000,0.0000,0.000,0.000,,0.0,,,,,,BAN,0,,0
18.2672,1790253272.212101,0.0202,0,,,0.000,,,0.0000,0.0000,0.0000,0.0000,0.0000,-13.0000,,,,CHO,0.0000,-12.8987,0.0000,-12.8856,0.0000,0.0000,0.000,0.000,,0.0,,,,,,BAN,0,,0
18.2875,1790253272.232410,0.0203,0,,,0.000,,,0.0000,0.0000,0.0000,0.0000,0.0000,-13.0000,,,,CHO,0.0000,-12.8987,0.0000,-12.8856,0.0000,0.0000,0.000,0.000,,0.0,,,,,,BAN,0,,0
18.3080,1790253272.252955,0.0205,0,,,0.000,,,0.0000,0.0000,0.0000,0.0000,0.0000,-13.0000,,,,CHO,0.0000,-12.8987,0.0000,-12.8856,0.0000,0.0000,0.000,0.000,,0.0,,,,,,BAN,0,,0
18.3287,1790253272.273623,0.0207,0,,,0.000,,,0.0000,0.0000,0.0000,0.0000,0.0000,-13.0000,,,,CHO,0.0000,-12.8987,0.0000,-12.8856,0.0000,0.0000,0.000,0.000,,0.0,,,,,,BAN,0,,0
18.3487,1790253272.293682,0.0200,0,,,0.000,,,0.0000,0.0000,0.0000,0.0000,0.0000,-13.0000,,,,CHO,0.0000,-12.8987,0.0000,-12.8856,0.0000,0.0000,0.000,0.000,,0.0,,,,,,BAN,0,,0
18.3689,1790253272.313830,0.0202,0,,,0.000,,,0.0000,0.0000,0.0000,0.0000,0.0000,-13.0000,,,,CHO,0.0000,-12.8987,0.0000,-12.8856,0.0000,0.0000,0.000,0.000,,0.0,,,,,,BAN,0,,0
18.3891,1790253272.334006,0.0202,0,,,0.000,,,0.0000,0.0000,0.0000,0.0000,0.0000,-13.0000,,,,CHO,0.0000,-12.8987,0.0000,-12.8856,0.0000,0.0000,0.000,0.000,,0.0,,,,,,BAN,0,,0
18.4093,1790253272.354188,0.0202,0,,,0.000,,,0.0000,0.0000,0.0000,0.0000,0.0000,-13.0000,,,,CHO,0.0000,-12.8987,0.0000,-12.8856,0.0000,0.0000,0.000,0.000,,0.0,,,,,,BAN,0,,0
18.4294,1790253272.374414,0.0201,0,,,0.000,,,0.0000,0.0000,0.0000,0.0000,0.0000,-13.0000,,,,CHO,0.0000,-12.8987,0.0000,-12.8856,0.0000,0.0000,0.000,0.000,,0.0,,,,,,BAN,0,,0
18.4498,1790253272.394824,0.0205,0,,,0.000,,,0.0000,0.0000,0.0000,0.0000,0.0000,-13.0000,,,,CHO,0.0000,-12.8987,0.0000,-12.8856,0.0000,0.0000,0.000,0.000,,0.0,,,,,,BAN,0,,0
18.4703,1790253272.415291,0.0205,0,,,0.000,,,0.0000,0.0000,0.0000,0.0000,0.0000,-13.0000,,,,CHO,0.0000,-12.8987,0.0000,-12.8856,0.0000,0.0000,0.000,0.000,,0.0,,,,,,BAN,0,,0
18.4909,1790253272.435954,0.0206,0,,,0.000,,,0.0000,0.0000,0.0000,0.0000,0.0000,-13.0000,,,,CHO,0.0000,-12.8987,0.0000,-12.8856,0.0000,0.0000,0.000,0.000,,0.0,,,,,,BAN,0,,0
18.5114,1790253272.456528,0.0205,0,,,0.000,,,0.0000,0.0000,0.0000,0.0000,0.0000,-13.0000,,,,CHO,0.0000,-12.8987,0.0000,-12.8856,0.0000,0.0000,0.000,0.000,,0.0,,,,,,BAN,0,,0
18.5320,1790253272.477082,0.0206,0,,,0.000,,,0.0000,0.0000,0.0000,0.0000,0.0000,-13.0000,,,,CHO,0.0000,-12.8987,0.0000,-12.8856,0.0000,0.0000,0.000,0.000,,0.0,,,,,,BAN,0,,0
18.5525,1790253272.497576,0.0205,0,,,0.000,,,0.0000,0.0000,0.0000,0.0000,0.0000,-13.0000,,,,CHO,0.0000,-12.8987,0.0000,-12.8856,0.0000,0.0000,0.000,0.000,,0.0,,,,,,BAN,0,,0
18.5726,1790253272.517563,0.0200,0,,,0.000,,,0.0000,0.0000,0.0000,0.0000,0.0000,-13.0000,,,,CHO,0.0000,-12.8987,0.0000,-12.8856,0.0000,0.0000,0.000,0.000,,0.0,,,,,,BAN,0,,0
18.5927,1790253272.537642,0.0201,0,,,0.000,,,0.0000,0.0000,0.0000,0.0000,0.0000,-13.0000,,,,CHO,0.0000,-12.8987,0.0000,-12.8856,0.0000,0.0000,0.000,0.000,,0.0,,,,,,BAN,0,,0
18.6133,1790253272.558143,0.0206,0,,,0.000,,,0.0000,0.0000,0.0000,0.0000,0.0000,-13.0000,,,,CHO,0.0000,-12.8987,0.0000,-12.8856,0.0000,0.0000,0.000,0.000,,0.0,,,,,,BAN,0,,0
18.6340,1790253272.578999,0.0208,0,,,0.000,,,0.0000,0.0000,0.0000,0.0000,0.0000,-13.0000,,,,CHO,0.0000,-12.8987,0.0000,-12.8856,0.0000,0.0000,0.000,0.000,,0.0,,,,,,BAN,0,,0
18.6543,1790253272.599246,0.0203,0,,,0.000,,,0.0000,0.0000,0.0000,0.0000,0.0000,-13.0000,,,,CHO,0.0000,-12.8987,0.0000,-12.8856,0.0000,0.0000,0.000,0.000,,0.0,,,,,,BAN,0,,0
18.6745,1790253272.619448,0.0202,0,,,0.000,,,0.0000,0.0000,0.0000,0.0000,0.0000,-13.0000,,,,CHO,0.0000,-12.8987,0.0000,-12.8856,0.0000,0.0000,0.000,0.000,,0.0,,,,,,BAN,0,,0
18.6949,1790253272.639687,0.0204,0,,,0.000,,,0.0000,0.0000,0.0000,0.0000,0.0000,-13.0000,,,,CHO,0.0000,-12.8987,0.0000,-12.8856,0.0000,0.0000,0.000,0.000,,0.0,,,,,,BAN,0,,0
18.7153,1790253272.660387,0.0205,0,,,0.000,,,0.0000,0.0000,0.0000,0.0000,0.0000,-13.0000,,,,CHO,0.0000,-12.8987,0.0000,-12.8856,0.0000,0.0000,0.000,0.000,,0.0,,,,,,BAN,0,,0
18.7354,1790253272.680331,0.0201,0,,,0.000,,,0.0000,0.0000,0.0000,0.0000,0.0000,-13.0000,,,,CHO,0.0000,-12.8987,0.0000,-12.8856,0.0000,0.0000,0.000,0.000,,0.0,,,,,,BAN,0,,0
18.7559,1790253272.700823,0.0205,0,,,0.000,,,0.0000,0.0000,0.0000,0.0000,0.0000,-13.0000,,,,CHO,0.0000,-12.8987,0.0000,-12.8856,0.0000,0.0000,0.000,0.000,,0.0,,,,,,BAN,0,,0
18.7766,1790253272.721590,0.0206,0,,,0.000,,,0.0000,0.0000,0.0000,0.0000,0.0000,-13.0000,,,,CHO,0.0000,-12.8987,0.0000,-12.8856,0.0000,0.0000,0.000,0.000,,0.0,,,,,,BAN,0,,0
18.7970,1790253272.742074,0.0204,0,,,0.000,,,0.0000,0.0000,0.0000,0.0000,0.0000,-13.0000,,,,CHO,0.0000,-12.8987,0.0000,-12.8856,0.0000,0.0000,0.000,0.000,,0.0,,,,,,BAN,0,,0
18.8172,1790253272.762163,0.0202,0,,,0.000,,,0.0000,0.0000,0.0000,0.0000,0.0000,-13.0000,,,,CHO,0.0000,-12.8987,0.0000,-12.8856,0.0000,0.0000,0.000,0.000,,0.0,,,,,,BAN,0,,0
18.8372,1790253272.782148,0.0200,0,,,0.000,,,0.0000,0.0000,0.0000,0.0000,0.0000,-13.0000,,,,CHO,0.0000,-12.8987,0.0000,-12.8856,0.0000,0.0000,0.000,0.000,,0.0,,,,,,BAN,0,,0
18.8578,1790253272.802669,0.0206,0,,,0.000,,,0.0000,0.0000,0.0000,0.0000,0.0000,-13.0000,,,,CHO,0.0000,-12.8987,0.0000,-12.8856,0.0000,0.0000,0.000,0.000,,0.0,,,,,,BAN,0,,0
18.8780,1790253272.822932,0.0202,0,,,0.000,,,0.0000,0.0000,0.0000,0.0000,0.0000,-13.0000,,,,CHO,0.0000,-12.8987,0.0000,-12.8856,0.0000,0.0000,0.000,0.000,,0.0,,,,,,BAN,0,,0
18.8981,1790253272.843038,0.0201,0,,,0.000,,,0.0000,0.0000,0.0000,0.0000,0.0000,-13.0000,,,,CHO,0.0000,-12.8987,0.0000,-12.8856,0.0000,0.0000,0.000,0.000,,0.0,,,,,,BAN,0,,0
18.9181,1790253272.863151,0.0200,0,,,0.000,,,0.0000,0.0000,0.0000,0.0000,0.0000,-13.0000,,,,CHO,0.0000,-12.8987,0.0000,-12.8856,0.0000,0.0000,0.000,0.000,,0.0,,,,,,BAN,0,,0
18.9384,1790253272.883431,0.0203,0,,,0.000,,,0.0000,0.0000,0.0000,0.0000,0.0000,-13.0000,,,,CHO,0.0000,-12.8987,0.0000,-12.8856,0.0000,0.0000,0.000,0.000,,0.0,,,,,,BAN,0,,0
18.9588,1790253272.903842,0.0204,0,,,0.000,,,0.0000,0.0000,0.0000,0.0000,0.0000,-13.0000,,,,CHO,0.0000,-12.8987,0.0000,-12.8856,0.0000,0.0000,0.000,0.000,,0.0,,,,,,BAN,0,,0
18.9789,1790253272.923820,0.0201,0,,,0.000,,,0.0000,0.0000,0.0000,0.0000,0.0000,-13.0000,,,,CHO,0.0000,-12.8987,0.0000,-12.8856,0.0000,0.0000,0.000,0.000,,0.0,,,,,,BAN,0,,0
18.9993,1790253272.944175,0.0203,0,,,0.000,,,0.0000,0.0000,0.0000,0.0000,0.0000,-13.0000,,,,CHO,0.0000,-12.8987,0.0000,-12.8856,0.0000,0.0000,0.000,0.000,,0.0,,,,,,BAN,0,,0
19.0194,1790253272.964363,0.0202,0,,,0.000,,,0.0000,0.0000,0.0000,0.0000,0.0000,-13.0000,,,,CHO,0.0000,-12.8987,0.0000,-12.8856,0.0000,0.0000,0.000,0.000,,0.0,,,,,,BAN,0,,0
19.0400,1790253272.985048,0.0206,0,,,0.000,,,0.0000,0.0000,0.0000,0.0000,0.0000,-13.0000,,,,CHO,0.0000,-12.8987,0.0000,-12.8856,0.0000,0.0000,0.000,0.000,,0.0,,,,,,BAN,0,,0
19.0601,1790253273.005020,0.0201,0,,,0.000,,,0.0000,0.0000,0.0000,0.0000,0.0000,-13.0000,,,,CHO,0.0000,-12.8987,0.0000,-12.8856,0.0000,0.0000,0.000,0.000,,0.0,,,,,,BAN,0,,0
19.0802,1790253273.025154,0.0201,0,,,0.000,,,0.0000,0.0000,0.0000,0.0000,0.0000,-13.0000,,,,CHO,0.0000,-12.8987,0.0000,-12.8856,0.0000,0.0000,0.000,0.000,,0.0,,,,,,BAN,0,,0
19.1005,1790253273.045503,0.0203,0,,,0.000,,,0.0000,0.0000,0.0000,0.0000,0.0000,-13.0000,,,,CHO,0.0000,-12.8987,0.0000,-12.8856,0.0000,0.0000,0.000,0.000,,0.0,,,,,,BAN,0,,0
19.1206,1790253273.065493,0.0201,0,,,0.000,,,0.0000,0.0000,0.0000,0.0000,0.0000,-13.0000,,,,CHO,0.0000,-12.8987,0.0000,-12.8856,0.0000,0.0000,0.000,0.000,,0.0,,,,,,BAN,0,,0
19.1407,1790253273.085728,0.0201,0,,,0.000,,,0.0000,0.0000,0.0000,0.0000,0.0000,-13.0000,,,,CHO,0.0000,-12.8987,0.0000,-12.8856,0.0000,0.0000,0.000,0.000,,0.0,,,,,,BAN,0,,0
19.1608,1790253273.105664,0.0201,0,,,0.000,,,0.0000,0.0000,0.0000,0.0000,0.0000,-13.0000,,,,CHO,0.0000,-12.8987,0.0000,-12.8856,0.0000,0.0000,0.000,0.000,,0.0,,,,,,BAN,0,,0
19.1812,1790253273.126217,0.0204,0,,,0.000,,,0.0000,0.0000,0.0000,0.0000,0.0000,-13.0000,,,,CHO,0.0000,-12.8987,0.0000,-12.8856,0.0000,0.0000,0.000,0.000,,0.0,,,,,,BAN,0,,0
19.2018,1790253273.146829,0.0206,0,,,0.000,,,0.0000,0.0000,0.0000,0.0000,0.0000,-13.0000,,,,CHO,0.0000,-12.8987,0.0000,-12.8856,0.0000,0.0000,0.000,0.000,,0.0,,,,,,BAN,0,,0
19.2223,1790253273.167259,0.0206,0,,,0.000,,,0.0000,0.0000,0.0000,0.0000,0.0000,-13.0000,68.6263,0.2891,0.1697,CHO_IFF,0.0000,-12.8987,0.0000,-12.8856,0.0000,0.0000,0.000,0.000,,0.0,,1,CHO,,0,BAN,0,,0
19.2429,1790253273.187818,0.0206,0,,,0.000,,,0.0000,0.0000,0.0000,0.0000,0.0000,-13.0000,68.6263,0.2891,0.1697,CHO_IFF,0.0000,-12.8987,0.0000,-12.8856,0.0000,0.0000,0.000,0.000,,0.0,,1,CHO,,0,BAN,0,,0
19.2633,1790253273.208329,0.0204,0,,,0.000,,,0.0000,0.0000,0.0000,0.0000,0.0000,-13.0000,68.6263,0.2891,0.1697,CHO_IFF,0.0000,-12.8987,0.0000,-12.8856,0.0000,0.0000,0.000,0.000,,0.0,,1,CHO,,0,BAN,0,,0
19.2837,1790253273.228714,0.0204,0,,,0.000,,,0.0000,0.0000,0.0000,0.0000,0.0000,-13.0000,68.6263,0.2891,0.1697,CHO_IFF,0.0000,-12.8987,0.0000,-12.8856,0.0000,0.0000,0.000,0.000,,0.0,,1,CHO,,0,BAN,0,,0
19.3041,1790253273.249099,0.0204,0,,,0.000,,,0.0000,0.0000,0.0000,0.0000,0.0000,-13.0000,68.6263,0.2891,0.1697,CHO_IFF,0.0000,-12.8987,0.0000,-12.8856,0.0000,0.0000,0.000,0.000,,0.0,,1,CHO,,0,BAN,0,,0
19.3245,1790253273.269578,0.0204,0,,,0.000,,,0.0000,0.0000,0.0000,0.0000,0.0000,-13.0000,67.0019,0.2866,0.0933,CHO_IFF,0.0000,-12.8987,0.0000,-12.8856,0.0000,0.0000,0.000,0.000,,0.0,,1,CHO,,0,BAN,0,,0
19.3447,1790253273.289797,0.0202,0,,,0.000,,,0.0000,0.0000,0.0000,0.0000,0.0000,-13.0000,67.0019,0.2866,0.0933,CHO_IFF,0.0000,-12.8987,0.0000,-12.8856,0.0000,0.0000,0.000,0.000,,0.0,,1,CHO,,0,BAN,0,,0
19.3648,1790253273.309731,0.0201,0,,,0.000,,,0.0000,0.0000,0.0000,0.0000,0.0000,-13.0000,67.0019,0.2866,0.0933,CHO_IFF,0.0000,-12.8987,0.0000,-12.8856,0.0000,0.0000,0.000,0.000,,0.0,,1,CHO,,0,BAN,0,,0
19.3850,1790253273.329914,0.0202,0,,,0.000,,,0.0000,0.0000,0.0000,0.0000,0.0000,-13.0000,67.0019,0.2866,0.0933,CHO_IFF,0.0000,-12.8987,0.0000,-12.8856,0.0000,0.0000,0.000,0.000,,0.0,,1,CHO,,0,BAN,0,,0
19.4056,1790253273.350621,0.0206,0,,,0.000,,,0.0000,0.0000,0.0000,0.0000,0.0000,-13.0000,67.0019,0.2866,0.0933,CHO_IFF,0.0000,-12.8987,0.0000,-12.8856,0.0000,0.0000,0.000,0.000,,0.0,,1,CHO,,0,BAN,0,,0
19.4259,1790253273.370946,0.0203,0,,,0.000,,,0.0000,0.0000,0.0000,0.0000,0.0000,-13.0000,67.0019,0.2866,0.0933,CHO_IFF,0.0000,-12.8987,0.0000,-12.8856,0.0000,0.0000,0.000,0.000,,0.0,,1,CHO,,0,BAN,0,,0
19.4464,1790253273.391458,0.0205,0,,,0.000,,,0.0000,0.0000,0.0000,0.0000,0.0000,-13.0000,65.6840,0.2820,0.0807,CHO_IFF,0.0000,-12.8987,0.0000,-12.8856,0.0000,0.0000,0.000,0.000,,0.0,,1,CHO,,0,BAN,0,,0
19.4669,1790253273.411955,0.0205,0,,,0.000,,,0.0000,0.0000,0.0000,0.0000,0.0000,-13.0000,65.6840,0.2820,0.0807,CHO_IFF,0.0000,-12.8987,0.0000,-12.8856,0.0000,0.0000,0.000,0.000,,0.0,,1,CHO,,0,BAN,0,,0
19.4876,1790253273.432531,0.0207,0,,,0.000,,,0.0000,0.0000,0.0000,0.0000,0.0000,-13.0000,65.6840,0.2820,0.0807,CHO_IFF,0.0000,-12.8987,0.0000,-12.8856,0.0000,0.0000,0.000,0.000,,0.0,,1,CHO,,0,BAN,0,,0
19.5077,1790253273.452613,0.0201,0,,,0.000,,,0.0000,0.0000,0.0000,0.0000,0.0000,-13.0000,65.6840,0.2820,0.0807,CHO_IFF,0.0000,-12.8987,0.0000,-12.8856,0.0000,0.0000,0.000,0.000,,0.0,,1,CHO,,0,BAN,0,,0
19.5278,1790253273.472715,0.0201,0,,,0.000,,,0.0000,0.0000,0.0000,0.0000,0.0000,-13.0000,65.6840,0.2820,0.0807,CHO_IFF,0.0000,-12.8987,0.0000,-12.8856,0.0000,0.0000,0.000,0.000,,0.0,,1,CHO,,0,BAN,0,,0
19.5485,1790253273.492940,0.0208,0,,,0.000,,,0.0000,0.0000,0.0000,0.0000,0.0000,-13.0000,64.4978,0.2773,0.0714,CHO_IFF,0.0000,-12.8987,0.0000,-12.8856,0.0000,0.0000,0.000,0.000,,0.0,,1,CHO,,0,BAN,0,,0
19.5688,1790253273.513789,0.0203,0,,,0.000,,,0.0000,0.0000,0.0000,0.0000,0.0000,-13.0000,64.4978,0.2773,0.0714,CHO_IFF,0.0000,-12.8987,0.0000,-12.8856,0.0000,0.0000,0.000,0.000,,0.0,,1,CHO,,0,BAN,0,,0
19.5888,1790253273.533871,0.0200,0,,,0.000,,,0.0000,0.0000,0.0000,0.0000,0.0000,-13.0000,64.4978,0.2773,0.0714,CHO_IFF,0.0000,-12.8987,0.0000,-12.8856,0.0000,0.0000,0.000,0.000,,0.0,,1,CHO,,0,BAN,0,,0
19.6090,1790253273.553883,0.0202,0,,,0.000,,,0.0000,0.0000,0.0000,0.0000,0.0000,-13.0000,64.4978,0.2773,0.0714,CHO_IFF,0.0000,-12.8987,0.0000,-12.8856,0.0000,0.0000,0.000,0.000,,0.0,,1,CHO,,0,BAN,0,,0
19.6296,1790253273.574654,0.0206,0,,,0.000,,,0.0000,0.0000,0.0000,0.0000,0.0000,-13.0000,64.4978,0.2773,0.0714,CHO_IFF,0.0000,-12.8987,0.0000,-12.8856,0.0000,0.0000,0.000,0.000,,0.0,,1,CHO,,0,BAN,0,,0
19.6497,1790253273.594775,0.0201,0,,,0.000,,,0.0000,0.0000,0.0000,0.0000,0.0000,-13.0000,64.4978,0.2773,0.0714,CHO_IFF,0.0000,-12.8987,0.0000,-12.8856,0.0000,0.0000,0.000,0.000,,0.0,,1,CHO,,0,BAN,0,,0
19.6699,1790253273.614840,0.0202,0,,,0.000,,,0.0000,0.0000,0.0000,0.0000,0.0000,-13.0000,64.4978,0.2773,0.0714,CHO_IFF,0.0000,-12.8987,0.0000,-12.8856,0.0000,0.0000,0.000,0.000,,0.0,,1,CHO,,0,BAN,0,,0
19.6901,1790253273.635185,0.0202,0,,,0.000,,,0.0000,0.0000,0.0000,0.0000,0.0000,-13.0000,63.4133,0.2734,0.0612,CHO_IFF,0.0000,-12.8987,0.0000,-12.8856,0.0000,0.0000,0.000,0.000,,0.0,,1,THU,NO_TX,360,BAN,0,,0
19.7102,1790253273.655138,0.0201,0,,,0.000,,,0.0000,0.0000,0.0000,0.0000,0.0000,-13.0000,63.4133,0.2734,0.0612,CHO_IFF,0.0000,-12.8987,0.0000,-12.8856,0.0000,0.0000,0.000,0.000,,0.0,,1,THU,NO_TX,360,BAN,0,,0
19.7303,1790253273.675301,0.0201,0,,,0.000,,,0.0000,0.0000,0.0000,0.0000,0.0000,-13.0000,63.4133,0.2734,0.0612,CHO_IFF,0.0000,-12.8987,0.0000,-12.8856,0.0000,0.0000,0.000,0.000,,0.0,,1,THU,NO_TX,360,BAN,0,,0
19.7506,1790253273.695557,0.0203,0,,,0.000,,,0.0000,0.0000,0.0000,0.0000,0.0000,-13.0000,63.4133,0.2734,0.0612,CHO_IFF,0.0000,-12.8987,0.0000,-12.8856,0.0000,0.0000,0.000,0.000,,0.0,,1,THU,NO_TX,360,BAN,0,,0
19.7711,1790253273.716132,0.0205,0,,,0.000,,,0.0000,0.0000,0.0000,0.0000,0.0000,-13.0000,63.4133,0.2734,0.0612,CHO_IFF,0.0000,-12.8987,0.0000,-12.8856,0.0000,0.0000,0.000,0.000,,0.0,,1,THU,NO_TX,360,BAN,0,,0
19.7911,1790253273.736065,0.0200,0,,,0.000,,,0.0000,0.0000,0.0000,0.0000,0.0000,-13.0000,63.4133,0.2734,0.0612,CHO_IFF,0.0000,-12.8987,0.0000,-12.8856,0.0000,0.0000,0.000,0.000,,0.0,,1,THU,NO_TX,360,BAN,0,,0
19.8115,1790253273.757106,0.0204,0,,,0.000,,,0.0000,0.0000,0.0000,0.0000,-39.9998,-10.8732,62.7389,0.2715,0.0377,BAN_GIAO,0.0000,-12.8987,-0.1670,-12.7186,-39.9998,2.0255,-8.173,8.173,,0.0,,1,THU,NO_TX,360,BAN,0,,0
19.8319,1790253273.776827,0.0204,0,,,0.000,,,0.0000,0.0000,0.0000,0.0000,-39.9998,-10.8732,62.7389,0.2715,0.0377,BAN_GIAO,0.0000,-12.8987,-0.4994,-12.5123,-39.9998,2.0255,-16.320,10.128,,0.0,,1,THU,NO_TX,360,BAN,0,,0
19.8524,1790253273.797401,0.0205,0,,,0.000,,,0.0000,0.0000,0.0000,0.0000,-39.9998,-10.8732,62.7389,0.2715,0.0377,BAN_GIAO,0.0000,-12.8987,-1.0012,-12.3050,-39.9998,2.0255,-24.510,10.128,,0.0,,1,THU,NO_TX,360,BAN,0,,0
19.8724,1790253273.817280,0.0200,0,,,0.000,,,0.0000,0.0000,0.0000,0.0000,-39.9998,-10.8732,62.7389,0.2715,0.0377,BAN_GIAO,0.0000,-12.8987,-1.6524,-12.1022,-39.9998,2.0255,-32.519,10.128,,0.0,,1,THU,NO_TX,360,BAN,0,,0
19.8926,1790253273.837549,0.0202,0,,,0.000,,,0.0000,0.0000,0.0000,0.0000,-39.9998,-10.8732,62.7389,0.2715,0.0377,BAN_GIAO,0.0000,-12.8987,-2.4736,-11.8974,-39.9998,2.0255,-40.608,10.128,,0.0,,1,THU,NO_TX,360,BAN,0,,0
19.9474,1790253273.892738,0.0548,0,,,0.000,,,0.0000,0.0000,0.0000,0.0000,-38.8406,-10.8818,61.4127,0.2696,0.0566,BAN_GIAO,-0.0917,-12.7998,-5.8969,-11.3789,-38.7489,1.9180,-62.513,9.468,,0.0,,1,THU,NO_TX,360,BAN,0,,0
19.9676,1790253273.912568,0.0203,0,,,0.000,,,0.0000,0.0000,0.0000,0.0000,-38.8406,-10.8818,61.4127,0.2696,0.0566,BAN_GIAO,-0.2182,-12.7106,-7.3273,-11.1987,-38.6223,1.8288,-70.616,8.896,,0.0,,1,THU,NO_TX,360,BAN,0,,0
19.9882,1790253273.933152,0.0205,0,,,0.000,,,0.0000,0.0000,0.0000,0.0000,-38.8406,-10.8818,61.4127,0.2696,0.0566,BAN_GIAO,-0.6675,-12.5200,-8.9455,-11.0412,-38.1730,1.6382,-78.827,7.674,,0.0,,1,THU,NO_TX,360,BAN,0,,0
20.0084,1790253273.953393,0.0202,0,,,0.000,,,0.0000,0.0000,0.0000,0.0000,-38.8406,-10.8818,61.4127,0.2696,0.0566,BAN_GIAO,-1.2271,-12.3271,-10.7011,-10.9099,-37.6135,1.4453,-86.907,6.496,,0.0,,1,THU,NO_TX,360,BAN,0,,0
20.0287,1790253273.973746,0.0203,0,,,0.000,,,0.0000,0.0000,0.0000,0.0000,-38.8406,-10.8818,61.4127,0.2696,0.0566,BAN_GIAO,-1.6146,-12.1935,-12.6301,-10.7928,-37.2260,1.3117,-95.027,5.768,,0.0,,1,THU,NO_TX,360,BAN,0,,0
20.0493,1790253273.994139,0.0207,0,,,0.000,,,0.0000,0.0000,0.0000,0.0000,-37.6329,-10.8730,59.9933,0.2682,0.0579,BAN_GIAO,-1.8848,-12.1003,-14.7636,-10.6818,-35.7481,1.2274,-103.289,5.374,,0.0,,1,THU,NO_TX,360,BAN,0,,0
20.0694,1790253274.014799,0.0201,0,,,0.000,,,0.0000,0.0000,0.0000,0.0000,-37.6329,-10.8730,59.9933,0.2682,0.0579,BAN_GIAO,-3.1236,-11.8776,-17.0014,-10.6004,-34.5093,1.0046,-111.330,4.052,,0.0,,1,THU,NO_TX,360,BAN,0,,0
20.0897,1790253274.034679,0.0203,0,,,0.000,,,0.0000,0.0000,0.0000,0.0000,-37.6329,-10.8730,59.9933,0.2682,0.0579,BAN_GIAO,-4.4309,-11.6665,-19.4276,-10.6229,-33.2020,0.0000,-119.454,-1.109,,0.0,,1,THU,NO_TX,360,BAN,0,,0
20.1098,1790253274.054768,0.0200,0,,,0.000,,,0.0000,0.0000,0.0000,0.0000,-37.6329,-10.8730,59.9933,0.2682,0.0579,BAN_GIAO,-5.8218,-11.4738,-21.8321,-10.6467,-31.8111,0.0000,-120.000,-1.186,,0.0,,1,THU,NO_TX,360,BAN,0,,0
20.1301,1790253274.075587,0.0203,0,,,0.000,,,0.0000,0.0000,0.0000,0.0000,-37.6329,-10.8730,59.9933,0.2682,0.0579,BAN_GIAO,-7.3385,-11.2985,-24.2678,-10.6713,-30.2944,0.0000,-120.000,-1.211,,0.0,,1,THU,NO_TX,360,BAN,0,,0
20.1502,1790253274.095201,0.0201,0,,,0.000,,,0.0000,0.0000,0.0000,0.0000,-37.6329,-10.8730,59.9933,0.2682,0.0579,BAN_GIAO,-8.9725,-11.1424,-26.6801,-10.6954,-28.6604,0.0000,-120.000,-1.201,,0.0,,1,THU,NO_TX,360,BAN,0,,0
20.1704,1790253274.115478,0.0203,0,,,0.000,,,0.0000,0.0000,0.0000,0.0000,-36.8678,-10.8595,59.0768,0.2676,0.0388,BAN_GIAO,-10.7705,-10.9994,-29.1115,-10.7191,-26.0973,0.0000,-120.000,-1.168,,0.0,,1,THU,NO_TX,360,BAN,0,,0
20.1904,1790253274.135526,0.0200,0,,,0.000,,,0.0000,0.0000,0.0000,0.0000,-36.8678,-10.8595,59.0768,0.2676,0.0388,BAN_GIAO,-12.6886,-10.8766,-31.3530,-10.7413,-24.1792,0.0000,-111.995,-1.111,,0.0,,1,THU,NO_TX,360,BAN,0,,0
20.2108,1790253274.155755,0.0203,0,,,0.000,,,0.0000,0.0000,0.0000,0.0000,-36.8678,-10.8595,59.0768,0.2676,0.0388,BAN_GIAO,-14.7859,-10.7976,-33.4647,-10.7614,-22.0819,0.0000,-103.862,-0.987,,0.0,,1,THU,NO_TX,360,BAN,0,,0
20.2313,1790253274.176283,0.0205,0,,,0.000,,,0.0000,0.0000,0.0000,0.0000,-36.8678,-10.8595,59.0768,0.2676,0.0388,BAN_GIAO,-16.9912,-10.7504,-35.4258,-10.7785,-19.8766,0.0000,-95.661,-0.836,,0.0,,1,THU,NO_TX,360,BAN,0,,0
20.2518,1790253274.197365,0.0205,0,,,0.000,,,0.0000,0.0000,0.0000,0.0000,-36.8678,-10.8595,59.0768,0.2676,0.0388,BAN_GIAO,-19.2698,-10.7256,-37.2200,-10.7925,-17.5980,0.0000,-87.455,-0.682,,0.0,,1,THU,NO_TX,360,BAN,0,,0
20.2749,1790253274.224902,0.0231,0,,,0.000,,,0.0000,0.0000,0.0000,0.0000,-36.8678,-10.8595,59.0768,0.2676,0.0388,BAN_GIAO,-21.7840,-10.7154,-39.0273,-10.8046,-15.0838,0.0000,-78.212,-0.524,,0.0,,1,THU,NO_TX,360,BAN,0,,0
20.2953,1790253274.240364,0.0204,0,,,0.000,,,0.0000,0.0000,0.0000,0.0000,-35.8923,-10.8439,57.9053,0.2667,0.0471,BAN_GIAO,-24.0727,-10.7165,-40.4589,-10.8128,-11.8196,0.0000,-70.036,-0.399,,0.0,,1,THU,NO_TX,360,BAN,0,,0
20.3157,1790253274.260780,0.0204,0,,,0.000,,,0.0000,0.0000,0.0000,0.0000,-35.8923,-10.8439,57.9053,0.2667,0.0471,BAN_GIAO,-26.3405,-10.7242,-41.7190,-10.8187,-9.5518,0.0000,-61.892,-0.292,,0.0,,1,THU,NO_TX,360,BAN,0,,0
20.3360,1790253274.281493,0.0203,0,,,0.000,,,0.0000,0.0000,0.0000,0.0000,-35.8923,-10.8439,57.9053,0.2667,0.0471,BAN_GIAO,-28.5558,-10.7358,-42.8109,-10.8228,-7.3365,0.0000,-53.769,-0.204,,0.0,,1,THU,NO_TX,360,BAN,0,,0
20.3566,1790253274.302135,0.0206,0,,,0.000,,,0.0000,0.0000,0.0000,0.0000,-35.8923,-10.8439,57.9053,0.2667,0.0471,BAN_GIAO,-30.7138,-10.7492,-43.7491,-10.8256,-5.1785,0.0000,-45.526,-0.133,,0.0,,1,THU,NO_TX,360,BAN,0,,0
20.3769,1790253274.321885,0.0202,0,,,0.000,,,0.0000,0.0000,0.0000,0.0000,-35.8923,-10.8439,57.9053,0.2667,0.0471,BAN_GIAO,-32.7323,-10.7626,-44.5067,-10.8272,-3.1601,0.0000,-37.430,-0.079,,0.0,,1,THU,NO_TX,360,BAN,0,,0
20.3974,1790253274.342453,0.0205,0,,,0.000,,,0.0000,0.0000,0.0000,0.0000,-35.8923,-10.8439,57.9053,0.2667,0.0471,BAN_GIAO,-34.7052,-10.7758,-45.1068,-10.8279,-1.1871,0.0000,-29.213,-0.038,,0.0,,1,THU,NO_TX,360,BAN,0,,0
20.4177,1790253274.362814,0.0203,0,,,0.000,,,0.0000,0.0000,0.0000,0.0000,-35.2036,-10.8350,57.0779,0.2661,0.0341,BAN_GIAO,-36.4965,-10.7873,-45.5355,-10.8281,1.2929,0.0000,-21.076,-0.009,,0.0,,1,THU,NO_TX,360,BAN,0,,0
20.4380,1790253274.382992,0.0202,0,,,0.000,,,0.0000,0.0000,0.0000,0.0000,-35.2036,-10.8350,57.0779,0.2661,0.0341,BAN_GIAO,-38.1168,-10.7970,-45.7982,-10.8279,2.9131,0.0000,-12.979,0.010,,0.0,,1,THU,NO_TX,360,BAN,0,,0
20.4587,1790253274.403707,0.0207,0,,,0.000,,,0.0000,0.0000,0.0000,0.0000,-35.2036,-10.8350,57.0779,0.2661,0.0341,BAN_GIAO,-39.5960,-10.8052,-45.8955,-10.8275,4.3924,0.0000,-4.697,0.022,,0.0,,1,THU,NO_TX,360,BAN,0,,0
20.4788,1790253274.423795,0.0201,0,,,0.000,,,0.0000,0.0000,0.0000,0.0000,-35.2036,-10.8350,57.0779,0.2661,0.0341,BAN_GIAO,-40.8779,-10.8115,-45.8284,-10.8269,5.6743,0.0000,3.339,0.027,,0.0,,1,THU,NO_TX,360,BAN,0,,0
20.4988,1790253274.443859,0.0200,0,,,0.000,,,0.0000,0.0000,0.0000,0.0000,-35.2036,-10.8350,57.0779,0.2661,0.0341,BAN_GIAO,-41.9952,-10.8163,-45.6013,-10.8263,6.7915,0.0000,11.347,0.029,,0.0,,1,THU,NO_TX,360,BAN,0,,0
20.5195,1790253274.464842,0.0207,0,,,0.000,,,0.0000,0.0000,0.0000,0.0000,-34.6312,-10.8253,56.3842,0.2656,0.0283,BAN_GIAO,-42.9751,-10.8200,-45.1954,-10.8257,8.3440,0.0000,19.621,0.029,,0.0,,1,THU,NO_TX,360,BAN,0,,0
20.5398,1790253274.484895,0.0203,0,,,0.000,,,0.0000,0.0000,0.0000,0.0000,-34.6312,-10.8253,56.3842,0.2656,0.0283,BAN_GIAO,-43.7722,-10.8225,-44.6307,-10.8252,9.1410,0.0000,27.758,0.026,,0.0,,1,THU,NO_TX,360,BAN,0,,0
20.5600,1790253274.504941,0.0201,0,,,0.000,,,0.0000,0.0000,0.0000,0.0000,-34.6312,-10.8253,56.3842,0.2656,0.0283,BAN_GIAO,-44.3984,-10.8242,-43.9098,-10.8247,9.7672,0.0000,35.810,0.023,,0.0,,1,THU,NO_TX,360,BAN,0,,0
20.5809,1790253274.526032,0.0209,0,,,0.000,,,0.0000,0.0000,0.0000,0.0000,-34.6312,-10.8253,56.3842,0.2656,0.0283,BAN_GIAO,-44.8422,-10.8254,-42.9871,-10.8243,10.2111,0.0000,44.167,0.020,,0.0,,1,THU,NO_TX,360,BAN,0,,0
20.6018,1790253274.547143,0.0209,0,,,0.000,,,0.0000,0.0000,0.0000,0.0000,-34.6312,-10.8253,56.3842,0.2656,0.0283,BAN_GIAO,-45.1458,-10.8262,-41.8873,-10.8240,10.5146,0.0000,52.540,0.016,,0.0,,1,THU,NO_TX,360,BAN,0,,0
20.6233,1790253274.568323,0.0215,0,,,0.000,,,0.0000,0.0000,0.0000,0.0000,-34.6312,-10.8253,56.3842,0.2656,0.0283,BAN_GIAO,-45.2931,-10.8262,-40.6384,-10.8237,10.6620,0.0000,58.024,0.012,,0.0,,1,THU,NO_TX,360,BAN,0,,0
20.6438,1790253274.588520,0.0205,0,,,0.000,,,0.0000,0.0000,0.0000,0.0000,-34.0478,-10.8121,55.6703,0.2653,0.0285,BAN_GIAO,-45.2626,-10.8261,-39.4173,-10.8235,11.2147,0.0000,59.627,0.009,,0.0,,1,THU,NO_TX,360,BAN,0,,0
20.6642,1790253274.609791,0.0205,0,,,0.000,,,0.0000,0.0000,0.0000,0.0000,-34.0478,-10.8121,55.6703,0.2653,0.0285,BAN_GIAO,-45.0651,-10.8258,-38.2417,-10.8234,11.0173,0.0000,57.465,0.007,,0.0,,1,THU,NO_TX,360,BAN,0,,0
20.6859,1790253274.632401,0.0217,0,,,0.000,,,0.0000,0.0000,0.0000,0.0000,-34.0478,-10.8121,55.6703,0.2653,0.0285,BAN_GIAO,-44.6897,-10.8255,-37.0641,-10.8233,10.6419,0.0000,54.368,0.004,,0.0,,1,THU,NO_TX,360,BAN,0,,0
20.7060,1790253274.651519,0.0201,0,,,0.000,,,0.0000,0.0000,0.0000,0.0000,-34.0478,-10.8121,55.6703,0.2653,0.0285,BAN_GIAO,-44.1646,-10.8251,-36.0493,-10.8232,10.1168,0.0000,50.566,0.003,,0.0,,1,THU,NO_TX,360,BAN,0,,0
20.7262,1790253274.672234,0.0202,0,,,0.000,,,0.0000,0.0000,0.0000,0.0000,-34.0478,-10.8121,55.6703,0.2653,0.0285,BAN_GIAO,-43.4595,-10.8248,-35.1244,-10.8232,9.4117,0.0000,45.827,0.002,,0.0,,1,THU,NO_TX,360,BAN,0,,0
20.7472,1790253274.692086,0.0210,0,,,0.000,,,0.0000,0.0000,0.0000,0.0000,-34.0478,-10.8121,55.6703,0.2653,0.0285,BAN_GIAO,-42.5615,-10.8244,-34.2819,-10.8232,8.5136,0.0000,40.095,0.001,,0.0,,1,THU,NO_TX,360,BAN,0,,0
20.7673,1790253274.712286,0.0201,0,,,0.000,,,0.0000,0.0000,0.0000,0.0000,-33.5701,-10.8035,55.0874,0.2649,0.0232,BAN_GIAO,-41.5894,-10.8241,-33.5465,-10.8232,8.0193,0.0000,36.518,-0.000,,0.0,,1,THU,NO_TX,360,BAN,0,,0
20.7876,1790253274.732653,0.0203,0,,,0.000,,,0.0000,0.0000,0.0000,0.0000,-33.5701,-10.8035,55.0874,0.2649,0.0232,BAN_GIAO,-40.5479,-10.8239,-32.9297,-10.8232,6.9778,0.0000,30.350,-0.000,,0.0,,1,THU,NO_TX,360,BAN,0,,0
20.8080,1790253274.752760,0.0203,0,,,0.000,,,0.0000,0.0000,0.0000,0.0000,-33.5701,-10.8035,55.0874,0.2649,0.0232,BAN_GIAO,-39.4638,-10.8237,-32.4394,-10.8232,5.8937,0.0000,24.121,-0.001,,0.0,,1,THU,NO_TX,360,BAN,0,,0
20.8280,1790253274.773015,0.0200,0,,,0.000,,,0.0000,0.0000,0.0000,0.0000,-33.5701,-10.8035,55.0874,0.2649,0.0232,BAN_GIAO,-38.4121,-10.8236,-32.0732,-10.8232,4.8419,0.0000,18.278,-0.001,,0.0,,1,THU,NO_TX,360,BAN,0,,0
20.8482,1790253274.793299,0.0203,0,,,0.000,,,0.0000,0.0000,0.0000,0.0000,-33.5701,-10.8035,55.0874,0.2649,0.0232,BAN_GIAO,-37.3916,-10.8235,-31.8140,-10.8232,3.8215,0.0000,12.797,-0.001,,0.0,,1,THU,NO_TX,360,BAN,0,,0
20.8702,1790253274.815398,0.0220,0,,,0.000,,,0.0000,0.0000,0.0000,0.0000,-33.5701,-10.8035,55.0874,0.2649,0.0013,BAN_GIAO,-36.3709,-10.8234,-31.6484,-10.8233,2.8008,0.0000,7.532,-0.001,,0.0,,1,THU,NO_TX,360,BAN,0,,0
20.9579,1790253274.902776,0.0876,0,,,0.000,,,0.0000,0.0000,0.0000,0.0000,-33.5701,-10.8035,55.0874,0.2649,0.0013,BAN_GIAO,-33.5314,-10.8233,-32.1354,-10.8233,0.0000,0.0000,-5.557,-0.000,,0.0,,1,THU,NO_TX,360,BAN,0,,0
20.9830,1790253274.927942,0.0251,0,,,0.000,,,0.0000,0.0000,0.0000,0.0000,-33.5701,-10.8035,55.0874,0.2649,0.0013,BAN_GIAO,-32.9158,-10.8233,-32.2621,-10.8233,0.0000,0.0000,-5.041,-0.000,,0.0,,1,THU,NO_TX,360,BAN,0,,0
21.0034,1790253274.948335,0.0204,0,,,0.000,,,0.0000,0.0000,0.0000,0.0000,-33.1416,-10.8037,54.5752,0.2643,0.0211,BAN_GIAO,-32.5209,-10.8233,-32.3546,-10.8233,0.0000,0.0000,-4.542,-0.000,,0.0,,1,THU,NO_TX,360,BAN,0,,0
21.0234,1790253274.968971,0.0200,0,,,0.000,,,0.0000,0.0000,0.0000,0.0000,-33.1416,-10.8037,54.5752,0.2643,0.0211,BAN_GIAO,-32.2521,-10.8233,-32.4339,-10.8233,0.0000,0.0000,-3.957,-0.000,,0.0,,1,THU,NO_TX,360,BAN,0,,0
21.0469,1790253274.992801,0.0235,0,,,0.000,,,0.0000,0.0000,0.0000,0.0000,-33.1416,-10.8037,54.5752,0.2643,0.0211,BAN_GIAO,-32.0452,-10.8233,-32.6393,-10.8233,-1.0964,0.0000,-8.753,-0.000,,0.0,,1,THU,NO_TX,360,BAN,0,,0
21.0720,1790253275.022021,0.0251,0,,,0.000,,,0.0000,0.0000,0.0000,0.0000,-33.1416,-10.8037,54.5752,0.2643,0.0211,BAN_GIAO,-31.9030,-10.8233,-32.8604,-10.8233,-1.2386,0.0000,-8.801,-0.000,,0.0,,1,THU,NO_TX,360,BAN,0,,0
21.1406,1790253275.085263,0.0686,0,,,0.000,,,0.0000,0.0000,0.0000,0.0000,-32.7213,-10.8064,54.0753,0.2637,0.0205,BAN_GIAO,-32.1199,-10.8233,-32.9321,-10.8233,0.0000,0.0000,-1.045,-0.000,,0.0,,1,THU,NO_TX,360,BAN,0,,0
21.1629,1790253275.107693,0.0223,0,,,0.000,,,0.0000,0.0000,0.0000,0.0000,-32.7213,-10.8064,54.0753,0.2637,0.0205,BAN_GIAO,-32.2239,-10.8233,-32.9457,-10.8233,0.0000,0.0000,-0.608,-0.000,,0.0,,1,THU,NO_TX,360,BAN,0,,0
21.1841,1790253275.128604,0.0212,0,,,0.000,,,0.0000,0.0000,0.0000,0.0000,-32.7213,-10.8064,54.0753,0.2637,0.0205,BAN_GIAO,-32.3568,-10.8233,-32.9506,-10.8233,0.0000,0.0000,-0.234,0.000,,0.0,,1,THU,NO_TX,360,BAN,0,,0
21.2053,1790253275.150323,0.0213,0,,,0.000,,,0.0000,0.0000,0.0000,0.0000,-32.7213,-10.8064,54.0753,0.2637,0.0205,BAN_GIAO,-32.5184,-10.8233,-32.9485,-10.8233,0.0000,0.0000,0.098,0.000,,0.0,,1,THU,NO_TX,360,BAN,0,,0
21.2256,1790253275.170653,0.0203,0,,,0.000,,,0.0000,0.0000,0.0000,0.0000,-32.3420,-10.8074,53.6211,0.2632,0.0183,BAN_GIAO,-32.6246,-10.8233,-32.9433,-10.8233,0.0000,0.0000,0.258,0.000,,0.0,,1,THU,NO_TX,360,BAN,0,,0
21.2507,1790253275.194947,0.0251,0,,,0.000,,,0.0000,0.0000,0.0000,0.0000,-32.3420,-10.8074,53.6211,0.2632,0.0183,BAN_GIAO,-32.7091,-10.8233,-32.9351,-10.8233,0.0000,0.0000,0.326,0.000,,0.0,,1,THU,NO_TX,360,BAN,0,,0
21.2711,1790253275.216107,0.0204,0,,,0.000,,,0.0000,0.0000,0.0000,0.0000,-32.3420,-10.8074,53.6211,0.2632,0.0183,BAN_GIAO,-32.7563,-10.8233,-32.9284,-10.8233,0.0000,0.0000,0.331,0.000,,0.0,,1,THU,NO_TX,360,BAN,0,,0
21.2912,1790253275.236236,0.0201,0,,,0.000,,,0.0000,0.0000,0.0000,0.0000,-32.3420,-10.8074,53.6211,0.2632,0.0183,BAN_GIAO,-32.7884,-10.8233,-32.9222,-10.8233,0.0000,0.0000,0.310,0.000,,0.0,,1,THU,NO_TX,360,BAN,0,,0
21.3112,1790253275.256219,0.0200,0,,,0.000,,,0.0000,0.0000,0.0000,0.0000,-32.3420,-10.8074,53.6211,0.2632,0.0183,BAN_GIAO,-32.8106,-10.8233,-32.9166,-10.8233,0.0000,0.0000,0.277,0.000,,0.0,,1,THU,NO_TX,360,BAN,0,,0
21.3314,1790253275.276330,0.0202,0,,,0.000,,,0.0000,0.0000,0.0000,0.0000,-32.3420,-10.8074,53.6211,0.2632,0.0183,BAN_GIAO,-32.8260,-10.8233,-32.9118,-10.8233,0.0000,0.0000,0.239,0.000,,0.0,,1,THU,NO_TX,360,BAN,0,,0
21.3549,1790253275.299838,0.0235,0,,,0.000,,,0.0000,0.0000,0.0000,0.0000,-32.3420,-10.8074,53.6211,0.2632,0.0014,BAN_GIAO,-32.8378,-10.8233,-32.9072,-10.8233,0.0000,0.0000,0.196,0.000,,0.0,,1,THU,NO_TX,360,BAN,0,,0
21.3760,1790253275.320427,0.0211,0,,,0.000,,,0.0000,0.0000,0.0000,0.0000,-32.3420,-10.8074,53.6211,0.2632,0.0014,BAN_GIAO,-32.8451,-10.8233,-32.9038,-10.8233,0.0000,0.0000,0.161,0.000,,0.0,,1,THU,NO_TX,360,BAN,0,,0
21.4009,1790253275.345940,0.0249,0,,,0.000,,,0.0000,0.0000,0.0000,0.0000,-32.3420,-10.8074,53.6211,0.2632,0.0014,BAN_GIAO,-32.8505,-10.8233,-32.9006,-10.8233,0.0000,0.0000,0.127,0.000,,0.0,,1,THU,NO_TX,360,BAN,0,,0
21.4237,1790253275.368716,0.0228,0,,,0.000,,,0.0000,0.0000,0.0000,0.0000,-32.3420,-10.8074,53.6211,0.2632,0.0014,BAN_GIAO,-32.8539,-10.8233,-32.8984,-10.8233,0.0000,0.0000,0.100,0.000,,0.0,,1,THU,NO_TX,360,BAN,0,,0
21.4543,1790253275.398921,0.0307,0,,,0.000,,,0.0000,0.0000,0.0000,0.0000,-32.3420,-10.8074,53.6211,0.2632,0.0014,BAN_GIAO,-32.8565,-10.8233,-32.8961,-10.8233,0.0000,0.0000,0.073,0.000,,0.0,,1,THU,NO_TX,360,BAN,0,,0
21.4750,1790253275.419904,0.0207,0,,,0.000,,,0.0000,0.0000,0.0000,0.0000,-31.4209,-10.7844,52.4765,0.2628,0.0441,BAN_GIAO,-32.8578,-10.8233,-32.7461,-10.8233,1.4368,0.0000,7.242,0.000,,0.0,,1,THU,NO_TX,360,BAN,0,,0
21.4989,1790253275.444965,0.0239,0,,,0.000,,,0.0000,0.0000,0.0000,0.0000,-31.4209,-10.7844,52.4765,0.2628,0.0441,BAN_GIAO,-32.8587,-10.8233,-32.5736,-10.8233,1.4377,0.0000,7.233,0.000,,0.0,,1,THU,NO_TX,360,BAN,0,,0
21.5213,1790253275.554645,0.0224,0,,,0.000,,,0.0000,0.0000,0.0000,0.0000,-31.4209,-10.7844,52.4765,0.2628,0.0441,BAN_GIAO,-32.8593,-10.8233,-32.4117,-10.8233,1.4383,0.0000,7.225,0.000,,0.0,,1,THU,NO_TX,360,BAN,0,,0
21.6187,1790253275.575021,0.0974,0,,,0.000,,,0.0000,0.0000,0.0000,0.0000,-30.8461,-10.7716,51.7618,0.2624,0.0284,BAN_GIAO,-32.6639,-10.8233,-31.5422,-10.8233,1.8178,0.0000,8.924,-0.000,,0.0,,1,THU,NO_TX,360,BAN,0,,0
21.6427,1790253275.593539,0.0239,0,,,0.000,,,0.0000,0.0000,0.0000,0.0000,-30.8461,-10.7716,51.7618,0.2624,0.0284,BAN_GIAO,-32.5764,-10.8233,-31.3417,-10.8233,1.7303,0.0000,8.385,-0.000,,0.0,,1,THU,NO_TX,360,BAN,0,,0
21.6628,1790253275.607835,0.0201,0,,,0.000,,,0.0000,0.0000,0.0000,0.0000,-30.8461,-10.7716,51.7618,0.2624,0.0284,BAN_GIAO,-32.5255,-10.8233,-31.1788,-10.8233,1.6795,0.0000,8.105,-0.000,,0.0,,1,THU,NO_TX,360,BAN,0,,0
21.6860,1790253275.631014,0.0233,0,,,0.000,,,0.0000,0.0000,0.0000,0.0000,-30.8461,-10.7716,51.7618,0.2624,0.0284,BAN_GIAO,-32.4867,-10.8233,-30.9944,-10.8233,1.6407,0.0000,7.922,-0.000,,0.0,,1,THU,NO_TX,360,BAN,0,,0
21.7061,1790253275.653714,0.0201,0,,,0.000,,,0.0000,0.0000,0.0000,0.0000,-30.4764,-10.7592,51.2951,0.2624,0.0184,BAN_GIAO,-32.4636,-10.8233,-30.8001,-10.8233,1.9872,0.0000,9.680,-0.000,,0.0,,1,THU,NO_TX,360,BAN,0,,0
21.7265,1790253275.671590,0.0204,0,,,0.000,,,0.0000,0.0000,0.0000,0.0000,-30.4764,-10.7592,51.2951,0.2624,0.0184,BAN_GIAO,-32.4474,-10.8233,-30.6033,-10.8233,1.9710,0.0000,9.631,-0.000,,0.0,,1,THU,NO_TX,360,BAN,0,,0
21.7495,1790253275.699797,0.0229,0,,,0.000,,,0.0000,0.0000,0.0000,0.0000,-30.4764,-10.7592,51.2951,0.2624,0.0184,BAN_GIAO,-32.1419,-10.8233,-30.4279,-10.8233,1.6655,0.0000,7.650,-0.000,,0.0,,1,THU,NO_TX,360,BAN,0,,0
21.7747,1790253275.721103,0.0252,0,,,0.000,,,0.0000,0.0000,0.0000,0.0000,-30.4764,-10.7592,51.2951,0.2624,0.0184,BAN_GIAO,-31.8545,-10.8233,-30.2784,-10.8233,1.3781,0.0000,5.929,-0.000,,0.0,,1,THU,NO_TX,360,BAN,0,,0
21.7957,1790253275.740450,0.0210,0,,,0.000,,,0.0000,0.0000,0.0000,0.0000,-30.4764,-10.7592,51.2951,0.2624,0.0184,BAN_GIAO,-31.6394,-10.8233,-30.1793,-10.8233,1.1630,0.0000,4.716,-0.000,,0.0,,1,THU,NO_TX,360,BAN,0,,0
21.8161,1790253275.761076,0.0204,0,,,0.000,,,0.0000,0.0000,0.0000,0.0000,-30.4764,-10.7592,51.2951,0.2624,0.0184,BAN_GIAO,-31.4384,-10.8233,-30.2035,-10.8233,0.0000,0.0000,-1.188,-0.000,,0.0,,1,THU,NO_TX,360,BAN,0,,0
21.8363,1790253275.781146,0.0203,0,,,0.000,,,0.0000,0.0000,0.0000,0.0000,-30.4764,-10.7592,51.2951,0.2624,0.0012,BAN_GIAO,-31.2401,-10.8233,-30.2289,-10.8233,0.0000,0.0000,-1.253,-0.000,,0.0,,1,THU,NO_TX,360,BAN,0,,0
21.8567,1790253275.801771,0.0204,0,,,0.000,,,0.0000,0.0000,0.0000,0.0000,-30.4764,-10.7592,51.2951,0.2624,0.0012,BAN_GIAO,-31.0418,-10.8233,-30.2554,-10.8233,0.0000,0.0000,-1.302,-0.000,,0.0,,1,THU,NO_TX,360,BAN,0,,0
21.8771,1790253275.822118,0.0204,0,,,0.000,,,0.0000,0.0000,0.0000,0.0000,-30.4764,-10.7592,51.2951,0.2624,0.0012,BAN_GIAO,-30.8503,-10.8233,-30.2825,-10.8233,0.0000,0.0000,-1.327,-0.000,,2066.1,,1,THU,NO_TX,360,BAN,0,,0
21.8973,1790253275.842298,0.0202,0,,,0.000,,,0.0000,0.0000,0.0000,0.0000,-30.4764,-10.7592,51.2951,0.2624,0.0012,BAN_GIAO,-30.6732,-10.8233,-30.3092,-10.8233,0.0000,0.0000,-1.324,-0.000,,12.6,,1,THU,NO_TX,360,BAN,0,,0
21.9176,1790253275.863586,0.0203,1,231.25,259.75,0.634,-24.8304,-12.0730,-24.8304,0.0000,-12.0730,0.0000,-24.8304,-12.0730,51.2951,0.2624,0.0012,BAM,-30.5505,-10.8233,-30.1714,-10.9501,5.7201,-1.2497,6.793,-6.248,,29.0,90.92,1,THU,NO_TX,360,BAN,0,,0
21.9376,1790253275.882660,0.0201,0,231.25,259.75,0.634,,,-24.8304,0.0000,-12.0730,0.0000,-24.8304,-12.0730,51.2951,0.2624,0.0012,BAM,-30.4666,-10.8233,-29.8741,-11.0755,5.6362,-1.2497,14.818,-6.248,,29.0,90.92,1,THU,NO_TX,360,BAN,0,,0
21.9580,1790253275.902974,0.0203,0,231.25,259.75,0.634,,,-24.8304,0.0000,-12.0730,0.0000,-24.8304,-12.0730,51.2951,0.2624,0.0007,BAM,-30.4081,-10.8233,-29.4077,-11.2025,5.5777,-1.2497,22.947,-6.248,,29.0,90.92,1,THU,NO_TX,360,BAN,0,,0
21.9781,1790253275.923146,0.0202,0,231.25,259.75,0.634,,,-24.8304,0.0000,-12.0730,0.0000,-24.8304,-12.0730,51.2951,0.2624,0.0007,BAM,-30.3679,-10.8233,-28.8649,-11.3285,5.5375,-1.2497,26.901,-6.248,,29.0,90.92,1,THU,NO_TX,360,BAN,0,,0
21.9983,1790253275.943904,0.0202,1,231.25,264.25,0.547,-24.4407,-12.3708,-24.4411,4.8205,-12.3704,-3.6822,-24.3580,-12.4083,51.2951,0.2624,0.0007,BAM,-30.3402,-10.8233,-28.2742,-11.4885,5.9822,-1.5849,29.259,-7.925,0.0045,64.7,92.00,1,THU,NO_TX,360,BAN,0,,0
22.0187,1790253275.963753,0.0204,0,231.25,264.25,0.547,,,-24.3429,4.8205,-12.4454,-3.6822,-24.2791,-12.4743,51.2951,0.2624,0.0007,BAM,-30.3209,-10.8233,-27.6699,-11.6566,6.0419,-1.6510,29.677,-8.255,0.0045,64.7,92.00,1,THU,NO_TX,360,BAN,0,,0
22.0389,1790253275.983963,0.0202,1,233.12,269.50,0.530,-24.4338,-12.7209,-24.3887,2.8363,-12.6721,-5.7526,-24.3680,-12.8130,51.2951,0.2624,0.0007,BAM,-30.2746,-10.8626,-27.0831,-11.8523,5.9066,-1.9504,29.044,-9.684,0.3045,46.7,91.75,1,THU,NO_TX,360,BAN,0,,0
22.0591,1790253276.004084,0.0202,0,233.12,269.50,0.530,,,-24.3315,2.8363,-12.7881,-5.7526,-24.3163,-12.8967,51.2951,0.2624,0.0007,BAM,-30.1506,-10.9285,-26.5066,-12.0474,5.8343,-1.9682,28.582,-9.675,0.3045,46.7,91.75,1,THU,NO_TX,360,BAN,0,,0
22.0792,1790253276.024210,0.0201,0,233.12,269.50,0.530,,,-24.2744,2.8363,-12.9039,-5.7526,-24.2624,-12.9922,50.8086,0.2625,0.0198,BAM,-29.9210,-11.0132,-25.9542,-12.2411,5.6586,-1.9791,27.444,-9.622,0.3045,46.7,91.75,1,THU,NO_TX,360,BAN,0,,0
22.0994,1790253276.044433,0.0202,1,231.88,262.00,0.446,-24.1674,-12.3274,-24.1762,3.3650,-12.4540,1.4281,-24.1403,-12.4511,50.8086,0.2625,0.0198,BAM,-29.5942,-11.1108,-25.4288,-12.3686,5.4539,-1.3403,26.053,-6.323,1.4061,65.2,90.83,1,THU,NO_TX,360,BAN,0,,0
22.1194,1790253276.064523,0.0201,0,231.88,262.00,0.446,,,-24.1086,3.3650,-12.4253,1.4281,-24.0826,-12.4232,50.8086,0.2625,0.0198,BAM,-29.1868,-11.2274,-24.9491,-12.4788,5.1043,-1.1959,23.882,-5.487,1.4061,65.2,90.83,1,THU,NO_TX,360,BAN,0,,0
22.1395,1790253276.084601,0.0201,0,231.88,262.00,0.446,,,-24.0410,3.3650,-12.3966,1.4281,-24.0206,-12.3950,50.8086,0.2625,0.0198,BAM,-28.7188,-11.3598,-24.5189,-12.5706,4.6982,-1.0352,21.422,-4.568,1.4061,65.2,90.83,1,THU,NO_TX,360,BAN,0,,0
22.1603,1790253276.105835,0.0207,1,230.75,255.00,0.581,-23.1306,-12.1597,-23.2787,12.0749,-12.1976,3.5233,-22.4897,-12.1579,50.8086,0.2625,0.0198,BAM,-28.2028,-11.5152,-23.9776,-12.5554,5.7131,0.0000,26.102,0.730,2.2940,63.3,90.50,1,THU,NO_TX,360,BAN,0,,0
22.1804,1790253276.125445,0.0202,0,230.75,255.00,0.581,,,-23.0354,12.0749,-12.1266,3.5233,-22.3668,-12.0975,50.8086,0.2625,0.0198,BAM,-27.6782,-11.6798,-23.4988,-12.5384,5.3114,0.0000,23.758,0.845,2.2940,63.3,90.50,1,THU,NO_TX,360,BAN,0,,0
22.2005,1790253276.145530,0.0201,0,230.75,255.00,0.581,,,-22.7932,12.0749,-12.0559,3.5233,-22.2128,-12.0330,50.3451,0.2625,0.0184,BAM,-27.1467,-11.8528,-23.0656,-12.5194,4.9339,0.0000,21.599,0.949,2.2940,63.3,90.50,1,THU,NO_TX,360,BAN,0,,0
22.2205,1790253276.165612,0.0201,1,258.25,255.00,0.685,-23.9999,-12.4811,-23.7399,-2.9836,-12.3888,-1.5020,-23.7652,-12.3921,50.3451,0.2625,0.0184,BAM,-26.6169,-12.0119,-22.7933,-12.4992,2.8517,0.0000,13.573,1.004,7.2872,48.4,63.55,1,THU,NO_TX,360,BAN,0,,0
22.2406,1790253276.185666,0.0201,0,258.25,255.00,0.685,,,-23.7997,-2.9836,-12.4189,-1.5020,-23.8180,-12.4213,50.3451,0.2625,0.0184,BAM,-26.1027,-12.1558,-22.6325,-12.4787,2.2847,0.0000,8.015,1.021,7.2872,48.4,63.55,1,THU,NO_TX,360,BAN,0,,0
22.2607,1790253276.205729,0.0201,0,258.25,255.00,0.685,,,-23.8596,-2.9836,-12.4491,-1.5020,-23.8740,-12.4509,50.3451,0.2625,0.0184,BAM,-25.6142,-12.2838,-22.5274,-12.4585,1.7403,0.0000,5.237,1.006,7.2872,48.4,63.55,1,THU,NO_TX,360,BAN,0,,0
22.2807,1790253276.225809,0.0201,1,292.00,255.75,0.530,-24.1890,-13.1972,-24.1407,-5.7882,-13.0636,-8.7895,-24.2942,-13.4705,50.3451,0.2625,0.0184,BAM,-25.1092,-12.3676,-22.5836,-12.5508,0.0000,-1.1029,-2.796,-4.597,1.7576,65.5,32.13,1,THU,NO_TX,360,BAN,0,,0
22.3008,1790253276.245842,0.0200,0,292.00,255.75,0.530,,,-24.2566,-5.7882,-13.2396,-8.7895,-24.3732,-13.5679,50.3451,0.2625,0.0184,BAM,-24.6133,-12.4202,-22.6552,-12.6498,0.0000,-1.1477,-3.577,-4.942,1.7576,65.5,32.13,1,THU,NO_TX,360,BAN,0,,0
22.3209,1790253276.265932,0.0201,0,292.00,255.75,0.530,,,-24.3731,-5.7882,-13.4166,-8.7895,-24.4671,-13.6915,50.3451,0.2625,0.0011,BAM,-24.1348,-12.4508,-22.7272,-12.7613,0.0000,-1.2407,-3.574,-5.538,1.7576,65.5,32.13,1,THU,NO_TX,360,BAN,0,,0
22.3412,1790253276.286231,0.0202,1,284.50,255.00,0.517,-22.1853,-13.4071,-22.5970,18.1885,-13.4419,-6.8878,-21.0287,-13.6736,50.3451,0.2625,0.0011,BAM,-23.7185,-12.4659,-22.6356,-12.8727,2.6898,-1.2077,4.525,-5.503,16.6204,63.3,38.54,1,THU,NO_TX,360,BAN,0,,0
22.3614,1790253276.306369,0.0202,0,284.50,255.00,0.517,,,-22.2296,18.1885,-13.5810,-6.8878,-20.8104,-13.7612,50.3451,0.2625,0.0011,BAM,-23.3821,-12.4698,-22.4412,-12.9947,2.5717,-1.2914,9.622,-6.039,16.6204,63.3,38.54,1,THU,NO_TX,360,BAN,0,,0
22.3816,1790253276.327141,0.0203,0,284.50,255.00,0.517,,,-21.8611,18.1885,-13.7205,-6.8878,-20.5654,-13.8679,50.3451,0.2625,0.0011,BAM,-23.1168,-12.4663,-22.2423,-13.1303,2.5514,-1.4016,9.817,-6.693,16.6204,63.3,38.54,1,THU,NO_TX,360,BAN,0,,0
22.4022,1790253276.347240,0.0206,1,264.75,254.50,0.444,-19.9427,-13.4030,-20.2149,34.2245,-13.4870,-2.2344,-16.6079,-13.4977,50.3451,0.2625,0.0011,BAM,-22.9318,-12.4639,-21.8707,-13.2319,6.3239,-1.0339,18.052,-4.933,7.9295,48.3,57.12,1,THU,NO_TX,360,BAN,0,,0
22.4222,1790253276.367285,0.0200,0,264.75,254.50,0.444,,,-19.5301,34.2245,-13.5318,-2.2344,-16.0481,-13.5395,50.3451,0.2625,0.0011,BAM,-22.8467,-12.5211,-21.3493,-13.3281,6.7985,-1.0184,26.056,-4.811,7.9295,48.3,57.12,1,THU,NO_TX,360,BAN,0,,0
22.4423,1790253276.387405,0.0201,0,264.75,254.50,0.444,,,-18.8411,34.2245,-13.5767,-2.2344,-15.4765,-13.5828,50.3451,0.2625,0.0006,BAM,-22.8097,-12.5954,-20.6627,-13.3212,7.3332,0.0000,34.108,0.344,7.9295,48.3,57.12,1,THU,NO_TX,360,BAN,0,,0
22.4624,1790253276.407456,0.0200,1,240.75,254.50,0.515,-17.5242,-13.3715,-17.6374,40.7879,-13.4181,0.3012,-13.2247,-13.4180,50.3451,0.2625,0.0006,BAM,-22.7561,-12.6808,-19.8184,-13.3129,9.5314,0.0000,42.125,0.412,1.4293,60.9,80.57,1,THU,NO_TX,360,BAN,0,,0
22.4825,1790253276.427514,0.0201,0,240.75,254.50,0.515,,,-16.8186,40.7879,-13.4120,0.3012,-12.5179,-13.4120,50.3451,0.2625,0.0006,BAM,-22.6589,-12.7777,-18.8254,-13.3032,10.1411,0.0000,49.466,0.484,1.4293,60.9,80.57,1,THU,NO_TX,360,BAN,0,,0
22.5028,1790253276.447819,0.0203,0,240.75,254.50,0.515,,,-15.9905,40.7879,-13.4059,0.3012,-11.7975,-13.4059,50.3451,0.2625,0.0006,BAM,-22.5294,-12.8873,-17.7599,-13.2918,10.7320,0.0000,52.487,0.560,1.4293,60.9,80.57,1,THU,NO_TX,360,BAN,0,,0
22.5232,1790253276.468226,0.0204,1,233.38,252.50,0.400,-16.8463,-13.4438,-16.5472,23.2228,-13.4357,-0.1452,-14.3274,-13.4357,50.3451,0.2625,0.0006,BAM,-22.3236,-12.9949,-16.8540,-13.2793,7.9962,0.0000,44.308,0.614,8.8056,64.3,87.52,1,THU,NO_TX,360,BAN,0,,0
22.5432,1790253276.488279,0.0200,0,233.38,252.50,0.400,,,-16.0827,23.2228,-13.4386,-0.1452,-14.0095,-13.4386,50.3451,0.2625,0.0004,BAM,-22.0238,-13.0975,-16.0822,-13.2663,8.0143,0.0000,38.590,0.650,8.8056,64.3,87.52,1,THU,NO_TX,360,BAN,0,,0
22.5634,1790253276.508478,0.0202,1,278.25,253.25,0.456,-19.4632,-13.8604,-18.4132,-16.8427,-13.7432,-4.3729,-19.8019,-13.8143,50.3451,0.2625,0.0004,BAM,-21.6020,-13.1668,-15.4657,-13.2538,1.8002,0.0000,30.506,0.618,71.1481,47.7,43.80,1,THU,NO_TX,360,BAN,0,,0
22.5841,1790253276.529667,0.0207,0,278.25,253.25,0.456,,,-18.7616,-16.8427,-13.8337,-4.3729,-20.0016,-13.8863,50.3451,0.2625,0.0004,BAM,-21.0404,-13.2128,-15.0058,-13.2424,1.0388,0.0000,22.233,0.551,71.1481,47.7,43.80,1,THU,NO_TX,360,BAN,0,,0
22.6041,1790253276.549219,0.0201,0,278.25,253.25,0.456,,,-19.0994,-16.8427,-13.9214,-4.3729,-20.2227,-13.9634,50.3451,0.2625,0.0004,BAM,-20.3576,-13.2407,-14.7209,-13.2329,0.0000,0.0000,14.212,0.472,71.1481,47.7,43.80,1,THU,NO_TX,360,BAN,0,,0
22.6243,1790253276.569382,0.0202,1,282.00,248.75,0.476,-18.4372,-13.7817,-18.6166,-6.2361,-13.8241,-2.0171,-18.8045,-13.8322,50.3451,0.2625,0.0004,BAM,-19.5539,-13.2565,-14.5969,-13.2251,0.0000,0.0000,6.148,0.390,3.2816,64.9,38.99,1,THU,NO_TX,360,BAN,0,,0
22.6444,1790253276.589430,0.0200,0,282.00,248.75,0.476,,,-18.7416,-6.2361,-13.8645,-2.0171,-18.8851,-13.8703,50.3451,0.2625,0.0004,BAM,-18.7218,-13.2635,-14.6344,-13.2188,0.0000,0.0000,-1.871,0.312,3.2816,64.9,38.99,1,THU,NO_TX,360,BAN,0,,0
22.6647,1790253276.610206,0.0203,0,282.00,248.75,0.476,,,-18.8684,-6.2361,-13.9056,-2.0171,-18.9841,-13.9101,50.3451,0.2625,0.0002,BAM,-17.9001,-13.2644,-14.8379,-13.2139,-1.0840,0.0000,-10.006,0.240,3.2816,64.9,38.99,1,THU,NO_TX,360,BAN,0,,0
22.6849,1790253276.629982,0.0202,0,282.00,248.75,0.476,,,-18.9945,-6.2361,-13.9463,-2.0171,-19.0916,-13.9500,50.3451,0.2625,0.0002,BAM,-17.1453,-13.2611,-15.1340,-13.2103,-1.9462,0.0000,-14.642,0.179,3.2816,64.9,38.99,1,THU,NO_TX,360,BAN,0,,0
22.7052,1790253276.650085,0.0202,1,372.00,259.50,0.652,-22.2931,-14.5345,-21.9169,-37.1271,-14.4666,-7.2407,-25.8810,-14.7276,50.3451,0.2625,0.0002,BAM,-16.4816,-13.2553,-15.5943,-13.3568,-9.3995,-1.4723,-22.738,-7.234,21.3686,63.5,55.54,1,THU,NO_TX,360,BAN,0,,0
22.7252,1790253276.670185,0.0201,0,372.00,259.50,0.652,,,-22.6616,-37.1271,-14.6118,-7.2407,-26.5065,-14.8165,50.3451,0.2625,0.0002,BAM,-15.9388,-13.2484,-16.2112,-13.5123,-10.5678,-1.5681,-30.761,-7.755,21.3686,63.5,55.54,1,THU,NO_TX,360,BAN,0,,0
22.7457,1790253276.690805,0.0205,1,355.25,249.50,0.459,-18.8975,-13.8759,-20.1200,9.1916,-14.1206,1.5238,-19.6750,-14.1173,50.3451,0.2625,0.0002,BAM,-15.5186,-13.2411,-16.7264,-13.5112,-4.1564,0.0000,-25.111,0.053,99.7684,48.7,36.51,1,THU,NO_TX,360,BAN,0,,0
22.7659,1790253276.710932,0.0201,0,355.25,249.50,0.459,,,-19.9350,9.1916,-14.0900,1.5238,-19.5732,-14.0875,50.3451,0.2625,0.0002,BAM,-15.2337,-13.2361,-17.2400,-13.5106,-4.3395,0.0000,-25.514,0.032,99.7684,48.7,36.51,1,THU,NO_TX,360,BAN,0,,0
22.7860,1790253276.730960,0.0202,0,355.25,249.50,0.459,,,-19.7495,9.1916,-14.0592,1.5238,-19.4449,-14.0573,50.3451,0.2625,0.0002,BAM,-15.1112,-13.2293,-17.7405,-13.5103,-4.3337,0.0000,-24.810,0.013,99.7684,48.7,36.51,1,THU,NO_TX,360,BAN,0,,0
22.8065,1790253276.752079,0.0205,1,432.25,257.00,0.682,-22.9006,-14.2446,-22.3049,-26.3792,-14.2044,-0.7284,-24.9328,-14.2048,50.3451,0.2625,0.0001,BAM,-15.1183,-13.2233,-18.4157,-13.5103,-9.8144,0.0000,-32.996,-0.000,34.7700,63.4,113.53,1,THU,NO_TX,360,BAN,0,,0
22.8271,1790253276.772662,0.0206,0,432.25,257.00,0.682,,,-22.8481,-26.3792,-14.2194,-0.7284,-25.3300,-14.2197,50.3451,0.2625,0.0001,BAM,-15.2678,-13.2652,-19.2649,-13.5088,-10.0623,0.0000,-41.233,0.072,34.7700,63.4,113.53,1,THU,NO_TX,360,BAN,0,,0
22.8472,1790253276.792218,0.0201,0,432.25,257.00,0.682,,,-23.3775,-26.3792,-14.2340,-0.7284,-25.7320,-14.2342,50.3451,0.2625,0.0001,BAM,-15.5587,-13.3414,-20.2534,-13.5051,-10.1732,0.0000,-49.260,0.187,34.7700,63.4,113.53,1,THU,NO_TX,360,BAN,0,,0
22.8672,1790253276.812298,0.0201,1,413.25,255.50,0.669,-21.6469,-14.2121,-22.0473,-2.9723,-14.2188,-0.3598,-22.0725,-14.2189,50.3451,0.2625,0.0001,BAM,-15.9189,-13.3938,-21.0809,-13.5004,-6.1536,0.0000,-41.232,0.234,15.7554,62.7,94.53,1,THU,NO_TX,360,BAN,0,,0
22.8873,1790253276.832372,0.0201,0,413.25,255.50,0.669,,,-22.1071,-2.9723,-14.2261,-0.3598,-22.1253,-14.2261,50.3451,0.2625,0.0001,BAM,-16.3271,-13.4299,-21.7487,-13.4955,-5.7982,0.0000,-33.182,0.242,15.7554,62.7,94.53,1,THU,NO_TX,360,BAN,0,,0
22.9079,1790253276.853913,0.0205,0,413.25,255.50,0.669,,,-22.1682,-2.9723,-14.2335,-0.3598,-22.1823,-14.2335,49.8643,0.2628,0.0201,BAM,-16.7701,-13.4551,-22.2767,-13.4908,-5.4123,0.0000,-25.712,0.229,15.7554,62.7,94.53,1,THU,NO_TX,360,BAN,0,,0
22.9284,1790253276.873461,0.0205,1,431.25,258.00,0.641,-23.5257,-14.4690,-23.2971,-16.4226,-14.4272,-2.6679,-24.6361,-14.4451,49.8643,0.2628,0.0201,BAM,-17.2850,-13.4724,-22.9717,-13.4866,-7.3511,0.0000,-33.910,0.205,5.3114,49.5,112.70,1,THU,NO_TX,360,BAN,0,,0
22.9490,1790253276.894618,0.0207,0,431.25,258.00,0.641,,,-23.6364,-16.4226,-14.4824,-2.6679,-24.8270,-14.4953,49.8643,0.2628,0.0201,BAM,-17.9080,-13.4838,-23.6341,-13.5875,-6.9191,-1.0114,-32.061,-4.881,5.3114,49.5,112.70,1,THU,NO_TX,360,BAN,0,,0
22.9692,1790253276.914265,0.0202,0,431.25,258.00,0.641,,,-23.9675,-16.4226,-14.5362,-2.6679,-25.0420,-14.5463,49.8643,0.2628,0.0201,BAM,-18.6337,-13.4904,-24.2156,-13.6909,-6.4083,-1.0559,-28.842,-5.133,5.3114,49.5,112.70,1,THU,NO_TX,360,BAN,0,,0
22.9893,1790253276.934391,0.0201,1,395.25,252.00,0.707,-22.4400,-14.2158,-22.7683,2.8739,-14.2844,1.1206,-22.7455,-14.2830,49.8643,0.2628,0.0201,BAM,-19.3895,-13.4935,-24.6338,-13.6886,-3.3560,0.0000,-20.798,0.118,11.0256,63.1,76.20,1,THU,NO_TX,360,BAN,0,,0
23.0094,1790253276.954473,0.0201,0,395.25,252.00,0.707,,,-22.7105,2.8739,-14.2619,1.1206,-22.6941,-14.2609,49.8643,0.2628,0.0201,BAM,-20.1177,-13.4941,-24.8902,-13.6867,-2.5764,0.0000,-12.761,0.092,11.0256,63.1,76.20,1,THU,NO_TX,360,BAN,0,,0
23.0295,1790253276.974518,0.0201,1,381.50,239.50,0.604,-23.5920,-13.4253,-23.3356,-6.9009,-13.6532,9.3377,-23.5708,-13.1924,49.8643,0.2628,0.0007,BAM,-20.7835,-13.4931,-25.0827,-13.6854,-2.7873,0.0000,-9.594,0.069,7.1530,48.3,61.50,1,THU,NO_TX,360,BAN,0,,0
23.0495,1790253276.994612,0.0201,0,381.50,239.50,0.604,,,-23.4741,-6.9009,-13.4658,9.3377,-23.6569,-13.0901,49.8643,0.2628,0.0007,BAM,-21.4584,-13.4911,-25.2129,-13.6844,-2.1985,0.0000,-6.487,0.049,7.1530,48.3,61.50,1,THU,NO_TX,360,BAN,0,,0
23.0696,1790253277.014665,0.0201,0,381.50,239.50,0.604,,,-23.6125,-6.9009,-13.2786,9.3377,-23.7621,-12.9614,49.8643,0.2628,0.0007,BAM,-22.1291,-13.5208,-25.2839,-13.6826,-1.6330,0.0000,-3.541,0.089,7.1530,48.3,61.50,1,THU,NO_TX,360,BAN,0,,0
23.0898,1790253277.034826,0.0202,1,343.00,229.25,0.617,-23.0280,-12.7708,-23.1593,0.7746,-12.8311,12.6459,-23.1588,-11.9761,49.8643,0.2628,0.0007,BAM,-22.7747,-13.5734,-25.1927,-13.5183,0.0000,1.5974,4.523,8.146,1.9605,63.0,25.39,1,THU,NO_TX,360,BAN,0,,0
23.1098,1790253277.054885,0.0201,0,343.00,229.25,0.617,,,-23.1437,0.7746,-12.5774,12.6459,-23.1434,-11.8461,49.8643,0.2628,0.0007,BAM,-23.3479,-13.6089,-25.1009,-13.3379,0.0000,1.7628,4.578,8.998,1.9605,63.0,25.39,1,THU,NO_TX,360,BAN,0,,0
23.1299,1790253277.074961,0.0201,0,343.00,229.25,0.617,,,-23.1281,0.7746,-12.3229,12.6459,-23.1279,-11.6843,49.8643,0.2628,0.0007,BAM,-23.8245,-13.6330,-25.0136,-13.1381,0.0000,1.9487,4.340,9.926,1.9605,63.0,25.39,1,THU,NO_TX,360,BAN,0,,0
23.1502,1790253277.095226,0.0202,1,280.50,222.00,0.688,-20.6577,-12.3975,-21.0970,26.1992,-12.3361,9.3058,-18.4942,-11.8736,49.8643,0.2628,0.0004,BAM,-24.2149,-13.6492,-24.7618,-12.9549,5.7207,1.7757,12.438,9.047,19.0926,63.4,43.41,1,THU,NO_TX,360,BAN,0,,0
23.1704,1790253277.115458,0.0202,0,280.50,222.00,0.688,,,-20.5678,26.1992,-12.1482,9.3058,-18.1085,-11.7725,49.8643,0.2628,0.0004,BAM,-24.5241,-13.6601,-24.3474,-12.7613,6.4156,1.8876,20.517,9.586,19.0926,63.4,43.41,1,THU,NO_TX,360,BAN,0,,0
23.1909,1790253277.135964,0.0205,0,280.50,222.00,0.688,,,-20.0302,26.1992,-11.9572,9.3058,-17.7013,-11.6418,49.8643,0.2628,0.0004,BAM,-24.7398,-13.6677,-23.7580,-12.5509,7.0386,2.0260,28.724,10.256,19.0926,63.4,43.41,1,THU,NO_TX,360,BAN,0,,0
23.2112,1790253277.156274,0.0204,1,267.75,219.25,0.511,-20.6606,-12.2452,-20.4550,14.1252,-12.1576,4.4756,-19.4111,-12.0811,49.8643,0.2628,0.0004,BAM,-24.8809,-13.6212,-23.1477,-12.3938,5.4697,1.5401,29.988,7.717,4.8318,48.7,56.22,1,THU,NO_TX,360,BAN,0,,0
23.2313,1790253277.176382,0.0201,0,267.75,219.25,0.511,,,-20.1717,14.1252,-12.0678,4.4756,-19.2626,-12.0108,49.8643,0.2628,0.0004,BAM,-24.9487,-13.5338,-22.5344,-12.2439,5.6861,1.5230,30.577,7.477,4.8318,48.7,56.22,1,THU,NO_TX,360,BAN,0,,0
23.2515,1790253277.196541,0.0202,0,267.75,219.25,0.511,,,-19.8867,14.1252,-11.9775,4.4756,-19.0820,-11.9321,49.8643,0.2628,0.0004,BAM,-24.9688,-13.4113,-21.9066,-12.1011,5.8867,1.4792,31.116,7.078,4.8318,48.7,56.22,1,THU,NO_TX,360,BAN,0,,0
23.2716,1790253277.216647,0.0201,1,317.50,225.00,0.699,-24.7782,-12.5352,-23.8520,-39.6940,-12.4150,-2.0921,-28.1312,-12.4238,49.8643,0.2628,0.0002,BAM,-24.9049,-13.2705,-21.4430,-12.1109,-3.2263,0.0000,23.081,-0.488,84.6916,65.9,15.21,1,THU,NO_TX,360,BAN,0,,0
23.2916,1790253277.236723,0.0201,0,317.50,225.00,0.699,,,-24.6488,-39.6940,-12.4570,-2.0921,-28.8139,-12.4633,49.8643,0.2628,0.0002,BAM,-24.7329,-13.1134,-21.1408,-12.1238,-4.0810,0.0000,15.051,-0.647,84.6916,65.9,15.21,1,THU,NO_TX,360,BAN,0,,0
23.3117,1790253277.256807,0.0201,0,317.50,225.00,0.699,,,-25.4460,-39.6940,-12.4990,-2.0921,-29.5029,-12.5040,49.8643,0.2628,0.0002,BAM,-24.4321,-12.9398,-20.9999,-12.1398,-5.0708,0.0000,7.018,-0.797,84.6916,65.9,15.21,1,THU,NO_TX,360,BAN,0,,0
23.3323,1790253277.277324,0.0206,1,319.50,224.50,0.678,-24.6989,-12.0816,-24.9762,-23.4436,-12.1664,2.5769,-27.2243,-12.1502,49.8643,0.2628,0.0002,BAM,-24.0293,-12.7686,-21.0246,-12.1584,-3.1950,0.0000,-1.204,-0.904,8.1694,62.0,15.51,1,THU,NO_TX,360,BAN,0,,0
23.3524,1790253277.298002,0.0201,0,319.50,224.50,0.678,,,-25.4483,-23.4436,-12.1145,2.5769,-27.5492,-12.1027,49.8643,0.2628,0.0002,BAM,-23.5672,-12.6064,-21.2111,-12.1780,-3.9820,0.0000,-9.259,-0.974,8.1694,62.0,15.51,1,THU,NO_TX,360,BAN,0,,0
23.3725,1790253277.317535,0.0200,0,319.50,224.50,0.678,,,-25.9182,-23.4436,-12.0628,2.5769,-27.8905,-12.0536,49.8643,0.2628,0.0002,BAM,-23.0555,-12.4507,-21.5574,-12.1985,-4.8350,0.0000,-17.277,-1.018,8.1694,62.0,15.51,1,THU,NO_TX,360,BAN,0,,0
23.3925,1790253277.337549,0.0200,1,324.50,223.00,0.525,-24.3352,-11.6368,-24.7033,-2.0948,-11.7065,6.3757,-24.7124,-11.5148,49.8643,0.2628,0.0001,BAM,-22.5591,-12.3461,-21.8197,-12.2177,-2.1532,0.0000,-13.110,-0.964,13.5669,48.6,17.59,1,THU,NO_TX,360,BAN,0,,0
23.4126,1790253277.357615,0.0201,0,324.50,223.00,0.525,,,-24.7453,-2.0948,-11.5785,6.3757,-24.7519,-11.4306,49.8643,0.2628,0.0001,BAM,-22.1215,-12.2775,-22.1351,-12.2350,-2.6303,0.0000,-15.710,-0.860,13.5669,48.6,17.59,1,THU,NO_TX,360,BAN,0,,0
23.4327,1790253277.377793,0.0202,0,324.50,223.00,0.525,,,-24.7876,-2.0948,-11.4499,6.3757,-24.7927,-11.3296,49.8643,0.2628,0.0001,BAM,-21.7744,-12.2349,-22.4913,-12.2498,-3.0183,0.0000,-17.655,-0.734,13.5669,48.6,17.59,1,THU,NO_TX,360,BAN,0,,0
23.4529,1790253277.397951,0.0202,1,320.75,224.00,0.688,-22.6100,-11.2810,-23.0061,20.9962,-11.2884,6.7824,-21.0736,-11.0652,49.8643,0.2628,0.0001,BAM,-21.5344,-12.2054,-22.6847,-12.1470,0.0000,1.1403,-9.574,5.088,15.3102,62.5,16.02,1,THU,NO_TX,360,BAN,0,,0
23.4730,1790253277.418029,0.0200,0,320.75,224.00,0.688,,,-22.5857,20.9962,-11.1526,6.7824,-20.8019,-10.9790,49.8643,0.2628,0.0001,BAM,-21.4348,-12.1970,-22.7248,-12.0348,0.0000,1.2180,-2.004,5.603,15.3102,62.5,16.02,1,THU,NO_TX,360,BAN,0,,0
23.4931,1790253277.439085,0.0201,0,320.75,224.00,0.688,,,-22.1632,20.9962,-11.0161,6.7824,-20.5075,-10.8742,49.8643,0.2628,0.0001,BAM,-21.4727,-12.1975,-22.7545,-11.9092,0.0000,1.3233,-1.474,6.243,15.3102,62.5,16.02,1,THU,NO_TX,360,BAN,0,,0
23.5135,1790253277.459046,0.0204,1,352.25,225.00,0.632,-23.6222,-11.1905,-23.2861,1.3754,-11.1327,3.6115,-23.2834,-11.0904,49.8643,0.2628,0.0001,BAM,-21.5809,-12.2038,-22.9473,-11.8013,-1.7025,1.1134,-9.455,5.292,11.3305,65.2,35.57,1,THU,NO_TX,360,BAN,0,,0
23.5337,1790253277.478802,0.0203,0,352.25,225.00,0.632,,,-23.2582,1.3754,-11.0595,3.6115,-23.2563,-11.0284,49.8643,0.2628,0.0001,BAM,-21.7531,-12.2135,-23.1083,-11.6851,-1.5032,1.1851,-7.942,5.731,11.3305,65.2,35.57,1,THU,NO_TX,360,BAN,0,,0
23.5539,1790253277.498918,0.0201,1,354.00,226.75,0.432,-23.8879,-11.3128,-23.7092,-5.4718,-11.2219,0.3190,-23.8410,-11.2219,49.8643,0.2628,0.0001,BAM,-21.9811,-12.2247,-23.2940,-11.5868,-1.8599,1.0028,-9.232,4.884,2.5169,46.0,36.49,1,THU,NO_TX,360,BAN,0,,0
23.5741,1790253277.519084,0.0202,0,354.00,226.75,0.432,,,-23.8198,-5.4718,-11.2155,0.3190,-23.9193,-11.2155,49.8643,0.2628,0.0001,BAM,-22.1991,-12.2006,-23.4591,-11.5897,-1.7202,0.0000,-8.173,-0.141,2.5169,46.0,36.49,1,THU,NO_TX,360,BAN,0,,0
23.5942,1790253277.539221,0.0201,0,354.00,226.75,0.432,,,-23.9300,-5.4718,-11.2091,0.3190,-24.0100,-11.2090,49.8643,0.2628,0.0001,BAM,-22.3617,-12.1494,-23.6128,-11.5937,-1.6483,0.0000,-7.632,-0.197,2.5169,46.0,36.49,1,THU,NO_TX,360,BAN,0,,0
23.6146,1790253277.559701,0.0204,1,353.25,224.75,0.554,-24.4541,-11.1770,-24.3801,-9.8383,-11.1818,0.5830,-24.9116,-11.1816,49.8643,0.2628,0.0001,BAM,-22.4843,-12.0744,-23.8469,-11.5994,-2.4273,0.0000,-11.459,-0.280,0.5332,64.7,36.58,1,THU,NO_TX,360,BAN,0,,0
23.6347,1790253277.579790,0.0201,0,353.25,224.75,0.554,,,-24.5778,-9.8383,-11.1701,0.5830,-25.0122,-11.1699,49.8643,0.2628,0.0000,BAM,-22.6272,-11.9901,-24.0711,-11.6066,-2.3849,0.0000,-11.157,-0.361,0.5332,64.7,36.58,1,THU,NO_TX,360,BAN,0,,0
23.6555,1790253277.600526,0.0208,0,353.25,224.75,0.554,,,-24.7820,-9.8383,-11.1580,0.5830,-25.1473,-11.1578,49.8643,0.2628,0.0000,BAM,-22.7791,-11.8938,-24.2993,-11.6158,-2.3683,0.0000,-10.995,-0.440,0.5332,64.7,36.58,1,THU,NO_TX,360,BAN,0,,0
23.6757,1790253277.620775,0.0202,0,353.25,224.75,0.554,,,-24.9811,-9.8383,-11.1462,0.5830,-25.2975,-11.1461,49.8643,0.2628,0.0000,BAM,-22.9388,-11.7986,-24.5192,-11.6259,-2.3587,0.0000,-10.868,-0.502,0.5332,64.7,36.58,1,THU,NO_TX,360,BAN,0,,0
23.6958,1790253277.641184,0.0201,1,322.50,221.75,0.595,-22.7966,-10.7752,-23.0772,13.3309,-10.8195,4.0076,-22.1351,-10.7630,49.8643,0.2628,0.0000,BAM,-23.0995,-11.7341,-24.5760,-11.6359,0.0000,0.0000,-2.824,-0.497,11.8917,64.4,18.42,1,THU,NO_TX,360,BAN,0,,0
23.7160,1790253277.660986,0.0202,0,322.50,221.75,0.595,,,-22.8081,13.3309,-10.7386,4.0076,-21.9960,-10.6968,49.8643,0.2628,0.0000,BAM,-23.2585,-11.6906,-24.4700,-11.6451,1.2625,0.0000,5.252,-0.457,11.8917,64.4,18.42,1,THU,NO_TX,360,BAN,0,,0
23.7365,1790253277.681569,0.0205,1,350.00,223.00,0.586,-25.1303,-10.5959,-24.4313,-13.2448,-10.6126,4.6061,-25.3486,-10.5327,49.8643,0.2628,0.0000,BAM,-23.4429,-11.6620,-24.5308,-11.5374,-1.9057,1.1293,-2.963,5.248,31.6046,49.6,34.48,1,THU,NO_TX,360,BAN,0,,0
23.7566,1790253277.701636,0.0200,0,350.00,223.00,0.586,,,-24.6963,-13.2448,-10.5204,4.6061,-25.4887,-10.4602,49.8643,0.2628,0.0000,BAM,-23.6362,-11.6450,-24.6924,-11.4256,-1.8525,1.1848,-8.076,5.588,31.6046,49.6,34.48,1,THU,NO_TX,360,BAN,0,,0
23.7772,1790253277.722810,0.0207,0,350.00,223.00,0.586,,,-24.9701,-13.2448,-10.4251,4.6061,-25.6649,-10.3771,49.8643,0.2628,0.0000,BAM,-23.8450,-11.6358,-24.8545,-11.3010,-1.8199,1.2586,-7.836,6.021,31.6046,49.6,34.48,1,THU,NO_TX,360,BAN,0,,0
23.7976,1790253277.742715,0.0204,1,326.25,224.00,0.702,-24.0595,-10.5796,-24.2686,-0.6759,-10.5338,2.0248,-24.2689,-10.5256,49.8643,0.2628,0.0000,BAM,-24.0554,-11.6327,-24.8478,-11.1924,0.0000,1.1070,0.329,5.322,4.4817,60.9,17.18,1,THU,NO_TX,360,BAN,0,,0
23.8177,1790253277.762795,0.0201,0,326.25,224.00,0.702,,,-24.2822,-0.6759,-10.4931,2.0248,-24.2824,-10.4873,49.8643,0.2628,0.0000,BAM,-24.1985,-11.6306,-24.8223,-11.0811,0.0000,1.1433,1.270,5.549,4.4817,60.9,17.18,1,THU,NO_TX,360,BAN,0,,0
23.8378,1790253277.782903,0.0201,0,326.25,224.00,0.702,,,-24.2958,-0.6759,-10.4524,2.0248,-24.2959,-10.4478,49.8643,0.2628,0.0000,BAM,-24.2975,-11.6292,-24.7992,-10.9649,0.0000,1.1813,1.147,5.775,4.4817,60.9,17.18,1,THU,NO_TX,360,BAN,0,,0
23.8579,1790253277.803427,0.0201,1,320.75,223.00,0.568,-24.1061,-10.5010,-24.1425,1.4302,-10.4845,1.1221,-24.1395,-10.4831,49.8643,0.2628,0.0000,BAM,-24.3659,-11.6282,-24.7792,-10.8521,0.0000,1.1451,1.000,5.623,0.1522,51.0,17.02,1,THU,NO_TX,360,BAN,0,,0
23.8781,1790253277.823076,0.0202,0,320.75,223.00,0.568,,,-24.1137,1.4302,-10.4619,1.1221,-24.1116,-10.4609,49.8643,0.2628,0.0000,BAM,-24.4669,-11.5655,-24.7602,-10.7445,0.0000,1.1046,0.942,5.336,0.1522,51.0,17.02,1,THU,NO_TX,360,BAN,0,,0
23.8987,1790253277.843721,0.0207,0,320.75,223.00,0.568,,,-24.0841,1.4302,-10.4387,1.1221,-24.0825,-10.4379,49.8643,0.2628,0.0000,BAM,-24.5889,-11.4822,-24.7410,-10.6425,0.0000,1.0444,0.929,4.936,0.1522,51.0,17.02,1,THU,NO_TX,360,BAN,0,,0
23.9188,1790253277.863869,0.0201,1,320.50,224.25,0.664,-24.3998,-10.5797,-24.3387,-2.1452,-10.5496,-0.5339,-24.3485,-10.5498,49.8643,0.2628,0.0000,BAM,-24.6687,-11.3929,-24.7239,-10.6500,0.0000,0.0000,0.852,-0.374,0.4444,63.0,15.76,1,THU,NO_TX,360,BAN,0,,0
23.9388,1790253277.883884,0.0200,0,320.50,224.25,0.664,,,-24.3817,-2.1452,-10.5603,-0.5339,-24.3887,-10.5604,49.8643,0.2628,0.0000,BAM,-24.7160,-11.2969,-24.7091,-10.6591,0.0000,0.0000,0.737,-0.454,0.4444,63.0,15.76,1,THU,NO_TX,360,BAN,0,,0
23.9590,1790253277.904064,0.0202,0,320.50,224.25,0.664,,,-24.4250,-2.1452,-10.5711,-0.5339,-24.4304,-10.5711,49.8643,0.2628,0.0000,BAM,-24.7418,-11.1941,-24.6968,-10.6697,0.0000,0.0000,0.610,-0.526,0.4444,63.0,15.76,1,THU,NO_TX,360,BAN,0,,0
23.9792,1790253277.924082,0.0203,1,317.50,223.75,0.674,-24.4996,-10.3111,-24.4940,-2.4693,-10.3612,2.2120,-24.5087,-10.3509,49.8643,0.2628,0.0000,BAM,-24.7534,-11.0879,-24.6869,-10.6816,0.0000,0.0000,0.488,-0.587,0.2197,62.2,16.44,1,THU,NO_TX,360,BAN,0,,0
23.9995,1790253277.944605,0.0203,0,317.50,223.75,0.674,,,-24.5441,-2.4693,-10.3164,2.2120,-24.5546,-10.3089,49.3439,0.2628,0.0214,BAM,-24.7555,-10.9812,-24.6793,-10.6944,0.0000,0.0000,0.378,-0.634,0.2197,62.2,16.44,1,THU,NO_TX,360,BAN,0,,0
24.0202,1790253277.965202,0.0206,1,311.50,233.50,0.739,-24.1776,-10.6546,-24.2898,1.8857,-10.5488,-1.6728,-24.2832,-10.5533,49.3439,0.2628,0.0214,BAM,-24.7509,-10.8747,-24.6735,-10.7082,0.0000,0.0000,0.281,-0.667,1.4642,49.5,10.70,1,THU,NO_TX,360,BAN,0,,0
24.0403,1790253277.985351,0.0201,0,311.50,233.50,0.739,,,-24.2519,1.8857,-10.5824,-1.6728,-24.2471,-10.5857,49.3439,0.2628,0.0214,BAM,-24.7479,-10.8030,-24.6692,-10.7210,0.0000,0.0000,0.210,-0.636,1.4642,49.5,10.70,1,THU,NO_TX,360,BAN,0,,0
24.0603,1790253278.005406,0.0200,0,311.50,233.50,0.739,,,-24.2141,1.8857,-10.6160,-1.6728,-24.2104,-10.6185,49.3439,0.2628,0.0214,BAM,-24.7457,-10.7535,-24.6661,-10.7325,0.0000,0.0000,0.158,-0.575,1.4642,49.5,10.70,1,THU,NO_TX,360,BAN,0,,0
24.0804,1790253278.025500,0.0201,1,311.00,252.00,0.714,-24.1362,-11.6012,-24.1435,2.3086,-11.4218,-11.5151,-24.1312,-12.1390,49.3439,0.2628,0.0214,BAM,-24.7443,-10.7192,-24.6637,-10.8852,0.0000,-1.4197,0.119,-7.600,2.7289,61.9,15.00,1,THU,NO_TX,360,BAN,0,,0
24.1005,1790253278.045547,0.0200,0,311.00,252.00,0.714,,,-24.0972,2.3086,-11.6526,-11.5151,-24.0884,-12.2564,49.3439,0.2628,0.0006,BAM,-24.7432,-10.6956,-24.6619,-11.0502,0.0000,-1.5608,0.090,-8.230,2.7289,61.9,15.00,1,THU,NO_TX,360,BAN,0,,0
24.1209,1790253278.065980,0.0204,0,311.00,252.00,0.714,,,-24.0500,2.3086,-11.8880,-11.5151,-24.0432,-12.4079,49.3439,0.2628,0.0006,BAM,-24.7425,-10.6790,-24.6605,-11.2341,0.0000,-1.7289,0.067,-8.999,2.7289,61.9,15.00,1,THU,NO_TX,360,BAN,0,,0
24.1412,1790253278.086179,0.0203,0,311.00,252.00,0.714,,,-24.0031,2.3086,-12.1222,-11.5151,-23.9975,-12.5790,49.3439,0.2628,0.0006,BAM,-24.7421,-10.6676,-24.6595,-11.4345,0.0000,-1.9114,0.051,-9.848,2.7289,61.9,15.00,1,THU,NO_TX,360,BAN,0,,0
24.1617,1790253278.106798,0.0205,1,299.50,247.75,0.757,-23.3522,-11.2083,-23.4231,8.1775,-11.3498,-0.5559,-23.0714,-11.3499,49.3439,0.2628,0.0006,BAM,-24.7417,-10.6598,-24.4906,-11.4684,1.6703,0.0000,8.244,-1.656,3.3406,66.1,21.92,1,THU,NO_TX,360,BAN,0,,0
24.1819,1790253278.126954,0.0202,0,299.50,247.75,0.757,,,-23.2583,8.1775,-11.3610,-0.5559,-22.9788,-11.3611,49.3439,0.2628,0.0006,BAM,-24.7415,-10.6544,-24.3124,-11.4722,1.7627,0.0000,8.842,-0.191,3.3406,66.1,21.92,1,THU,NO_TX,360,BAN,0,,0
24.2019,1790253278.146982,0.0200,1,297.25,246.50,0.739,-23.1990,-11.0964,-23.1706,7.1110,-11.1733,2.1708,-22.9230,-11.1639,49.3439,0.2628,0.0006,BAM,-24.7175,-10.7255,-24.1331,-11.4727,1.7946,0.0000,8.954,-0.024,0.3898,47.2,23.66,1,THU,NO_TX,360,BAN,0,,0
24.2219,1790253278.167011,0.0200,0,297.25,246.50,0.739,,,-23.0281,7.1110,-11.1298,2.1708,-22.8340,-11.1229,48.8661,0.2629,0.0194,BAM,-24.7004,-10.8255,-23.9471,-11.4696,1.8664,0.0000,9.288,0.155,0.3898,47.2,23.66,1,THU,NO_TX,360,BAN,0,,0
24.2427,1790253278.187741,0.0207,0,297.25,246.50,0.739,,,-22.8807,7.1110,-11.0848,2.1708,-22.7219,-11.0794,48.8661,0.2629,0.0194,BAM,-24.6878,-10.9544,-23.7444,-11.4625,1.9659,0.0000,9.774,0.339,0.3898,47.2,23.66,1,THU,NO_TX,360,BAN,0,,0
24.2629,1790253278.207922,0.0202,1,306.25,248.75,0.724,-23.7667,-11.4065,-23.5836,-3.8575,-11.3389,-1.6311,-23.6363,-11.3432,48.8661,0.2629,0.0194,BAM,-24.6790,-11.1030,-23.6404,-11.4521,1.0427,0.0000,5.156,0.517,3.6754,63.9,16.30,1,THU,NO_TX,360,BAN,0,,0
24.2829,1790253278.228004,0.0201,0,306.25,248.75,0.724,,,-23.6610,-3.8575,-11.3716,-1.6311,-23.6996,-11.3747,48.8661,0.2629,0.0194,BAM,-24.6209,-11.2157,-23.6433,-11.4402,0.0000,0.0000,-0.145,0.592,3.6754,63.9,16.30,1,THU,NO_TX,360,BAN,0,,0
24.3032,1790253278.248274,0.0203,0,306.25,248.75,0.724,,,-23.7392,-3.8575,-11.4047,-1.6311,-23.7695,-11.4071,48.8661,0.2629,0.0194,BAM,-24.5251,-11.2954,-23.6489,-11.4282,0.0000,0.0000,-0.276,0.592,3.6754,63.9,16.30,1,THU,NO_TX,360,BAN,0,,0
24.3234,1790253278.268442,0.0202,1,293.25,246.25,0.737,-22.8033,-11.6261,-22.9837,6.6445,-11.5913,-3.5372,-22.7664,-11.6315,48.8661,0.2629,0.0194,BAM,-24.4038,-11.3503,-23.4923,-11.4172,1.6375,0.0000,7.766,0.549,3.2881,63.4,27.47,1,THU,NO_TX,360,BAN,0,,0
24.3437,1790253278.288773,0.0203,0,293.25,246.25,0.737,,,-22.8486,6.6445,-11.6633,-3.5372,-22.6815,-11.6926,48.8661,0.2629,0.0008,BAM,-24.2617,-11.3874,-23.3432,-11.4073,1.5802,0.0000,7.333,0.485,3.2881,63.4,27.47,1,THU,NO_TX,360,BAN,0,,0
24.3640,1790253278.309072,0.0203,0,293.25,246.25,0.737,,,-22.7137,6.6445,-11.7351,-3.5372,-22.5779,-11.7582,48.8661,0.2629,0.0008,BAM,-24.1009,-11.4108,-23.2031,-11.3989,1.5230,0.0000,6.902,0.412,3.2881,63.4,27.47,1,THU,NO_TX,360,BAN,0,,0
24.3840,1790253278.329108,0.0200,1,295.00,246.50,0.737,-22.7041,-11.7780,-22.6821,5.3618,-11.7831,-3.2538,-22.5560,-11.8147,48.8661,0.2629,0.0008,BAM,-23.9590,-11.4235,-23.0784,-11.3921,1.4031,0.0000,6.222,0.339,0.0496,48.0,25.83,1,THU,NO_TX,360,BAN,0,,0
24.4043,1790253278.349333,0.0202,0,295.00,246.50,0.737,,,-22.5737,5.3618,-11.8489,-3.2538,-22.4788,-11.8720,48.8661,0.2629,0.0008,BAM,-23.8602,-11.4324,-22.9545,-11.3866,1.3814,0.0000,6.128,0.275,0.0496,48.0,25.83,1,THU,NO_TX,360,BAN,0,,0
24.4244,1790253278.369426,0.0201,0,295.00,246.50,0.737,,,-22.4659,5.3618,-11.9143,-3.2538,-22.3898,-11.9325,48.8661,0.2629,0.0008,BAM,-23.7924,-11.4385,-22.8280,-11.3821,1.4025,0.0000,6.296,0.222,0.0496,48.0,25.83,1,THU,NO_TX,360,BAN,0,,0
24.4444,1790253278.389487,0.0201,1,293.00,246.00,0.742,-22.1232,-11.8170,-22.1652,7.8080,-11.8472,-1.6050,-21.8481,-11.8512,48.8661,0.2629,0.0008,BAM,-23.6998,-11.4319,-22.6565,-11.3789,1.8517,0.0000,8.548,0.159,0.2503,64.7,27.66,1,THU,NO_TX,360,BAN,0,,0
24.4652,1790253278.410275,0.0208,0,293.00,246.00,0.742,,,-22.0026,7.8080,-11.8806,-1.6050,-21.7542,-11.8835,48.8661,0.2629,0.0005,BAM,-23.5870,-11.4241,-22.4809,-11.3767,1.8328,0.0000,8.429,0.108,0.2503,64.7,27.66,1,THU,NO_TX,360,BAN,0,,0
24.4854,1790253278.430971,0.0202,0,293.00,246.00,0.742,,,-21.8450,7.8080,-11.9130,-1.6050,-21.6397,-11.9153,48.8661,0.2629,0.0005,BAM,-23.4681,-11.4163,-22.3119,-11.3753,1.8284,0.0000,8.372,0.069,0.2503,64.7,27.66,1,THU,NO_TX,360,BAN,0,,0
24.5060,1790253278.451068,0.0206,1,292.50,245.00,0.741,-21.7176,-11.7509,-21.7118,7.4629,-11.7862,0.3704,-21.4261,-11.7862,48.8661,0.2629,0.0005,BAM,-23.3458,-11.4087,-22.1309,-11.3744,1.9198,0.0000,8.801,0.040,0.1133,61.6,27.95,1,THU,NO_TX,360,BAN,0,,0
24.5261,1790253278.471130,0.0201,0,292.50,245.00,0.741,,,-21.5617,7.4629,-11.7788,0.3704,-21.3378,-11.7787,48.8661,0.2629,0.0005,BAM,-23.2250,-11.4019,-21.9576,-11.3741,1.8872,0.0000,8.614,0.019,0.1133,61.6,27.95,1,THU,NO_TX,360,BAN,0,,0
24.5464,1790253278.491477,0.0203,1,297.50,246.50,0.760,-21.8157,-11.8374,-21.7056,3.2442,-11.8190,-0.2968,-21.6739,-11.8190,48.8661,0.2629,0.0005,BAM,-23.1015,-11.3957,-21.8298,-11.3740,1.4276,0.0000,6.295,0.004,0.7966,48.7,23.42,1,THU,NO_TX,360,BAN,0,,0
24.5664,1790253278.511512,0.0200,0,297.50,246.50,0.760,,,-21.6407,3.2442,-11.8249,-0.2968,-21.6175,-11.8249,48.8661,0.2629,0.0005,BAM,-22.9645,-11.3906,-21.7127,-11.3741,1.3470,0.0000,5.849,-0.006,0.7966,48.7,23.42,1,THU,NO_TX,360,BAN,0,,0
24.5864,1790253278.531523,0.0200,0,297.50,246.50,0.760,,,-21.5758,3.2442,-11.8308,-0.2968,-21.5575,-11.8309,48.8661,0.2629,0.0003,BAM,-22.8157,-11.3863,-21.6056,-11.3743,1.2581,0.0000,5.352,-0.012,0.7966,48.7,23.42,1,THU,NO_TX,360,BAN,0,,0
24.6067,1790253278.551684,0.0202,1,298.25,246.75,0.754,-21.4853,-11.8361,-21.4899,3.5077,-11.8362,-0.2893,-21.4492,-11.8363,48.8661,0.2629,0.0003,BAM,-22.6596,-11.3829,-21.5033,-11.3747,1.2104,0.0000,5.062,-0.015,0.0020,64.0,22.77,1,THU,NO_TX,360,BAN,0,,0
24.6268,1790253278.571815,0.0201,0,298.25,246.75,0.754,,,-21.4192,3.5077,-11.8421,-0.2893,-21.3897,-11.8421,48.8661,0.2629,0.0003,BAM,-22.4961,-11.3803,-21.4129,-11.3750,1.1064,0.0000,4.489,-0.016,0.0020,64.0,22.77,1,THU,NO_TX,360,BAN,0,,0
24.6475,1790253278.592534,0.0207,0,298.25,246.75,0.754,,,-21.3467,3.5077,-11.8481,-0.2893,-21.3237,-11.8481,48.8661,0.2629,0.0003,BAM,-22.3266,-11.3783,-21.3317,-11.3753,1.0029,0.0000,3.928,-0.016,0.0020,64.0,22.77,1,THU,NO_TX,360,BAN,0,,0
24.6677,1790253278.612722,0.0203,0,298.25,246.75,0.754,,,-21.2756,3.5077,-11.8539,-0.2893,-21.2566,-11.8539,48.8661,0.2629,0.0003,BAM,-22.1722,-11.3770,-21.3540,-11.3756,0.0000,0.0000,-1.100,-0.014,0.0020,64.0,22.77,1,THU,NO_TX,360,BAN,0,,0
24.6878,1790253278.632900,0.0201,1,306.50,248.50,0.745,-21.5776,-11.9447,-21.5337,-0.1154,-11.9342,-1.0992,-21.5337,-11.9355,48.8661,0.2629,0.0003,BAM,-22.0305,-11.3761,-21.3759,-11.3758,0.0000,0.0000,-1.090,-0.013,0.2987,65.7,15.95,1,THU,NO_TX,360,BAN,0,,0
24.7083,1790253278.653363,0.0205,0,306.50,248.50,0.745,,,-21.5361,-0.1154,-11.9567,-1.0992,-21.5361,-11.9576,48.8661,0.2629,0.0002,BAM,-21.8976,-11.3755,-21.3977,-11.3761,0.0000,0.0000,-1.063,-0.011,0.2987,65.7,15.95,1,THU,NO_TX,360,BAN,0,,0
24.7294,1790253278.674456,0.0211,1,294.75,236.25,0.749,-20.3177,-11.1216,-20.6408,12.4120,-11.3544,7.4312,-19.8261,-11.0840,48.8661,0.2629,0.0002,BAM,-21.7718,-11.3753,-21.2420,-11.3762,1.9457,0.0000,7.377,-0.008,10.0555,45.8,25.53,1,THU,NO_TX,360,BAN,0,,0
24.7494,1790253278.694501,0.0200,0,294.75,236.25,0.749,,,-20.3922,12.4120,-11.2056,7.4312,-19.6960,-10.9915,48.8661,0.2629,0.0002,BAM,-21.6891,-11.3751,-21.0610,-11.3764,1.9931,0.0000,9.036,-0.007,10.0555,45.8,25.53,1,THU,NO_TX,360,BAN,0,,0
24.7695,1790253278.714564,0.0201,0,294.75,236.25,0.749,,,-20.1431,12.4120,-11.0565,7.4312,-19.5355,-10.8794,48.8661,0.2629,0.0002,BAM,-21.5789,-11.3751,-20.8742,-11.3765,2.0434,0.0000,9.312,-0.005,10.0555,45.8,25.53,1,THU,NO_TX,360,BAN,0,,0
24.7898,1790253278.734847,0.0203,1,320.75,243.25,0.749,-21.7401,-11.5914,-21.4080,-7.2760,-11.4632,0.3034,-21.6793,-11.4632,48.8661,0.2629,0.0002,BAM,-21.5021,-11.3752,-20.8498,-11.3766,0.0000,0.0000,1.201,-0.004,12.0899,66.0,3.34,1,THU,NO_TX,360,BAN,0,,0
24.8099,1790253278.754942,0.0201,0,320.75,243.25,0.749,,,-21.5542,-7.2760,-11.4571,0.3034,-21.7658,-11.4571,48.8661,0.2629,0.0002,BAM,-21.4495,-11.3752,-20.8644,-11.3766,0.0000,0.0000,-0.726,-0.003,12.0899,66.0,3.34,1,THU,NO_TX,360,BAN,0,,0
24.8300,1790253278.775063,0.0201,1,325.25,243.00,0.727,-21.8589,-11.5747,-21.8158,-8.9203,-11.5402,-0.9437,-22.2426,-11.5411,48.8661,0.2629,0.0001,BAM,-21.4131,-11.3752,-20.8769,-11.3767,0.0000,0.0000,-0.620,-0.002,0.1866,46.1,6.05,1,THU,NO_TX,360,BAN,0,,0
24.8502,1790253278.795265,0.0203,0,325.25,243.00,0.727,,,-21.9965,-8.9203,-11.5593,-0.9437,-22.3399,-11.5599,48.8661,0.2629,0.0001,BAM,-21.3879,-11.3753,-20.8874,-11.3767,0.0000,0.0000,-0.519,-0.002,0.1866,46.1,6.05,1,THU,NO_TX,360,BAN,0,,0
24.8705,1790253278.815617,0.0203,0,325.25,243.00,0.727,,,-22.1775,-8.9203,-11.5785,-0.9437,-22.4647,-11.5789,48.8661,0.2629,0.0001,BAM,-21.2863,-11.3756,-21.0186,-11.3767,-1.1784,0.0000,-6.466,-0.001,0.1866,46.1,6.05,1,THU,NO_TX,360,BAN,0,,0
24.8907,1790253278.835728,0.0201,0,325.25,243.00,0.727,,,-22.3572,-8.9203,-11.5975,-0.9437,-22.6042,-11.5979,48.8661,0.2629,0.0001,BAM,-21.1589,-11.3759,-21.1775,-11.3767,-1.4453,0.0000,-7.887,-0.000,0.1866,46.1,6.05,1,THU,NO_TX,360,BAN,0,,0
24.9108,1790253278.856867,0.0201,1,330.25,243.00,0.728,-22.0844,-11.5742,-22.1384,-4.4513,-11.5795,-0.5335,-22.2164,-11.5796,48.8661,0.2629,0.0001,BAM,-21.0709,-11.3761,-21.3059,-11.3767,-1.1455,0.0000,-6.387,0.000,0.4291,64.0,10.68,1,THU,NO_TX,360,BAN,0,,0
24.9308,1790253278.875883,0.0200,0,330.25,243.00,0.728,,,-22.2275,-4.4513,-11.5901,-0.5335,-22.2851,-11.5903,48.8661,0.2629,0.0001,BAM,-21.0103,-11.3762,-21.4458,-11.3767,-1.2748,0.0000,-6.986,0.000,0.4291,64.0,10.68,1,THU,NO_TX,360,BAN,0,,0
24.9509,1790253278.895934,0.0201,0,330.25,243.00,0.728,,,-22.3168,-4.4513,-11.6008,-0.5335,-22.3625,-11.6009,48.8661,0.2629,0.0001,BAM,-20.9683,-11.3763,-21.5965,-11.3767,-1.3941,0.0000,-7.514,0.000,0.4291,64.0,10.68,1,THU,NO_TX,360,BAN,0,,0
24.9709,1790253278.916019,0.0201,1,330.50,246.00,0.764,-21.7849,-11.7746,-21.8970,1.9432,-11.7441,-2.1680,-21.8899,-11.7538,48.8661,0.2629,0.0001,BAM,-20.9393,-11.3763,-21.6059,-11.3767,0.0000,0.0000,-0.468,0.000,1.2914,65.4,12.09,1,THU,NO_TX,360,BAN,0,,0
24.9911,1790253278.936158,0.0201,0,330.50,246.00,0.764,,,-21.8579,1.9432,-11.7878,-2.1680,-21.8527,-11.7948,48.8661,0.2629,0.0001,BAM,-20.9638,-11.3764,-21.6123,-11.3767,0.0000,0.0000,-0.317,0.001,1.2914,65.4,12.09,1,THU,NO_TX,360,BAN,0,,0
25.0112,1790253278.956292,0.0202,1,325.00,245.50,0.753,-21.2793,-11.7423,-21.4260,7.5941,-11.7672,-1.2620,-21.1325,-11.7691,48.8661,0.2629,0.0001,BAM,-21.0299,-11.3765,-21.6149,-11.3766,0.0000,0.0000,-0.129,0.001,1.4129,46.3,7.43,1,THU,NO_TX,360,BAN,0,,0
25.0314,1790253278.976486,0.0202,0,325.00,245.50,0.753,,,-21.2726,7.5941,-11.7927,-1.2620,-21.0415,-11.7941,48.8661,0.2629,0.0001,BAM,-21.1154,-11.3766,-21.6139,-11.3766,0.0000,0.0000,0.049,0.001,1.4129,46.3,7.43,1,THU,NO_TX,360,BAN,0,,0
25.0517,1790253278.996738,0.0203,0,325.00,245.50,0.753,,,-21.1186,7.5941,-11.8183,-1.2620,-20.9281,-11.8194,48.8661,0.2629,0.0000,BAM,-21.2181,-11.3766,-21.6095,-11.3766,0.0000,0.0000,0.214,0.000,1.4129,46.3,7.43,1,THU,NO_TX,360,BAN,0,,0
25.0718,1790253279.016844,0.0201,1,329.25,247.00,0.749,-21.7446,-11.8419,-21.6048,-0.6633,-11.8422,-1.2447,-21.6051,-11.8442,48.8661,0.2629,0.0000,BAM,-21.3347,-11.3766,-21.6022,-11.3766,0.0000,0.0000,0.367,0.000,1.8946,65.5,11.60,1,THU,NO_TX,360,BAN,0,,0
25.0919,1790253279.036910,0.0201,0,329.25,247.00,0.749,,,-21.6181,-0.6633,-11.8673,-1.2447,-21.6183,-11.8687,48.8661,0.2629,0.0000,BAM,-21.4156,-11.3766,-21.5937,-11.3766,0.0000,0.0000,0.421,0.000,1.8946,65.5,11.60,1,THU,NO_TX,360,BAN,0,,0
25.1119,1790253279.056986,0.0200,0,329.25,247.00,0.749,,,-21.6314,-0.6633,-11.8922,-1.2447,-21.6316,-11.8933,48.8661,0.2629,0.0000,BAM,-21.4713,-11.3767,-21.5853,-11.3766,0.0000,0.0000,0.420,0.000,1.8946,65.5,11.60,1,THU,NO_TX,360,BAN,0,,0
25.1321,1790253279.077084,0.0201,0,329.25,247.00,0.749,,,-21.6448,-0.6633,-11.9173,-1.2447,-21.6449,-11.9181,48.8661,0.2629,0.0000,BAM,-21.5100,-11.3767,-21.5774,-11.3766,0.0000,0.0000,0.390,0.000,1.8946,65.5,11.60,1,THU,NO_TX,360,BAN,0,,0
25.1522,1790253279.097251,0.0201,1,329.75,246.50,0.763,-22.0787,-11.8086,-22.0284,-4.7656,-11.8253,0.0332,-22.1208,-11.8253,48.8661,0.2629,0.0000,BAM,-21.5367,-11.3767,-21.5705,-11.3766,0.0000,0.0000,0.346,0.000,0.4039,62.7,11.72,1,THU,NO_TX,360,BAN,0,,0
25.1722,1790253279.117322,0.0201,0,329.75,246.50,0.763,,,-22.1241,-4.7656,-11.8247,0.0332,-22.1929,-11.8247,48.8661,0.2629,0.0000,BAM,-21.5552,-11.3767,-21.5645,-11.3766,0.0000,0.0000,0.297,0.000,0.4039,62.7,11.72,1,THU,NO_TX,360,BAN,0,,0
25.1930,1790253279.138118,0.0208,1,328.00,245.00,0.761,-22.0806,-11.7090,-22.1189,-3.3052,-11.7407,1.1736,-22.1515,-11.7391,48.8661,0.2629,0.0000,BAM,-21.5682,-11.3767,-21.5593,-11.3766,0.0000,0.0000,0.249,0.000,0.1530,49.4,9.43,1,THU,NO_TX,360,BAN,0,,0
25.2136,1790253279.158630,0.0205,0,328.00,245.00,0.761,,,-22.1867,-3.3052,-11.7166,1.1736,-22.2105,-11.7155,48.8661,0.2629,0.0000,BAM,-21.5771,-11.3767,-21.5551,-11.3766,0.0000,0.0000,0.206,0.000,0.1530,49.4,9.43,1,THU,NO_TX,360,BAN,0,,0
25.2338,1790253279.178899,0.0203,0,328.00,245.00,0.761,,,-22.2537,-3.3052,-11.6928,1.1736,-22.2725,-11.6919,48.8661,0.2629,0.0000,BAM,-21.5831,-11.3767,-21.5517,-11.3766,0.0000,0.0000,0.168,0.000,0.1530,49.4,9.43,1,THU,NO_TX,360,BAN,0,,0
25.2542,1790253279.199276,0.0204,1,329.75,246.00,0.752,-22.2401,-11.7754,-22.2544,-2.4443,-11.7557,0.0679,-22.2689,-11.7557,48.8661,0.2629,0.0000,BAM,-21.5873,-11.3767,-21.5489,-11.3766,0.0000,0.0000,0.136,0.000,0.0535,62.7,11.45,1,THU,NO_TX,360,BAN,0,,0
25.2745,1790253279.219581,0.0203,0,329.75,246.00,0.752,,,-22.3041,-2.4443,-11.7544,0.0679,-22.3144,-11.7544,48.8661,0.2629,0.0000,BAM,-21.5901,-11.3767,-21.5467,-11.3766,0.0000,0.0000,0.109,0.000,0.0535,62.7,11.45,1,THU,NO_TX,360,BAN,0,,0
25.2946,1790253279.239630,0.0201,0,329.75,246.00,0.752,,,-22.3531,-2.4443,-11.7530,0.0679,-22.3611,-11.7530,48.8661,0.2629,0.0000,BAM,-21.5921,-11.3767,-21.5450,-11.3766,0.0000,0.0000,0.087,0.000,0.0535,62.7,11.45,1,THU,NO_TX,360,BAN,0,,0
25.3150,1790253279.260035,0.0204,1,324.00,244.75,0.764,-21.8621,-11.6928,-21.9578,3.1566,-11.7036,0.6622,-21.9279,-11.7033,48.8661,0.2629,0.0000,BAM,-21.5935,-11.3767,-21.5435,-11.3766,0.0000,0.0000,0.069,0.000,0.9113,62.2,6.21,1,THU,NO_TX,360,BAN,0,,0
25.3351,1790253279.280176,0.0201,0,324.00,244.75,0.764,,,-21.8944,3.1566,-11.6903,0.6622,-21.8728,-11.6901,48.8661,0.2629,0.0000,BAM,-21.5944,-11.3767,-21.5424,-11.3766,0.0000,0.0000,0.055,0.000,0.9113,62.2,6.21,1,THU,NO_TX,360,BAN,0,,0
25.3554,1790253279.300513,0.0203,0,324.00,244.75,0.764,,,-21.8302,3.1566,-11.6768,0.6622,-21.8132,-11.6766,48.8661,0.2629,0.0000,BAM,-21.5950,-11.3767,-21.5416,-11.3766,0.0000,0.0000,0.043,0.000,0.9113,62.2,6.21,1,THU,NO_TX,360,BAN,0,,0
25.3756,1790253279.320681,0.0202,1,327.00,245.25,0.753,-22.0694,-11.7258,-22.0154,0.0096,-11.7143,0.0305,-22.0154,-11.7143,48.8661,0.2629,0.0000,BAM,-21.5955,-11.3767,-21.5409,-11.3766,0.0000,0.0000,0.034,0.000,0.2963,48.9,8.75,1,THU,NO_TX,360,BAN,0,,0
25.3957,1790253279.340736,0.0200,0,327.00,245.25,0.753,,,-22.0152,0.0096,-11.7137,0.0305,-22.0152,-11.7137,48.8661,0.2629,0.0000,BAM,-21.5958,-11.3767,-21.5403,-11.3766,0.0000,0.0000,0.027,0.000,0.2963,48.9,8.75,1,THU,NO_TX,360,BAN,0,,0
25.4158,1790253279.360846,0.0201,0,327.00,245.25,0.753,,,-22.0150,0.0096,-11.7130,0.0305,-22.0150,-11.7130,48.8661,0.2629,0.0000,BAM,-21.5960,-11.3767,-21.5399,-11.3766,0.0000,0.0000,0.021,0.000,0.2963,48.9,8.75,1,THU,NO_TX,360,BAN,0,,0
25.4364,1790253279.381464,0.0206,1,329.50,246.25,0.758,-22.2416,-11.7920,-22.2013,-2.3471,-11.7774,-0.7768,-22.2140,-11.7779,48.8661,0.2629,0.0000,BAM,-21.5962,-11.3767,-21.5396,-11.3766,0.0000,0.0000,0.016,0.000,0.1774,65.8,11.37,1,THU,NO_TX,360,BAN,0,,0
25.4566,1790253279.401639,0.0202,0,329.50,246.25,0.758,,,-22.2487,-2.3471,-11.7931,-0.7768,-22.2578,-11.7934,48.8661,0.2629,0.0000,BAM,-21.5963,-11.3767,-21.5393,-11.3766,0.0000,0.0000,0.013,0.000,0.1774,65.8,11.37,1,THU,NO_TX,360,BAN,0,,0
25.4766,1790253279.421689,0.0201,0,329.50,246.25,0.758,,,-22.2958,-2.3471,-11.8086,-0.7768,-22.3029,-11.8089,48.8661,0.2629,0.0000,BAM,-21.5963,-11.3767,-21.5391,-11.3766,0.0000,0.0000,0.010,0.000,0.1774,65.8,11.37,1,THU,NO_TX,360,BAN,0,,0
25.4967,1790253279.441692,0.0201,1,328.00,244.25,0.759,-22.1401,-11.6591,-22.1764,-0.2376,-11.6898,0.8981,-22.1764,-11.6891,48.8661,0.2629,0.0000,BAM,-21.5964,-11.3767,-21.5390,-11.3766,0.0000,0.0000,0.008,0.000,0.2089,63.9,9.06,1,THU,NO_TX,360,BAN,0,,0
25.5168,1790253279.461871,0.0201,0,328.00,244.25,0.759,,,-22.1811,-0.2376,-11.6717,0.8981,-22.1812,-11.6712,48.8661,0.2629,0.0000,BAM,-21.5964,-11.3767,-21.5389,-11.3766,0.0000,0.0000,0.006,0.000,0.2089,63.9,9.06,1,THU,NO_TX,360,BAN,0,,0
25.5373,1790253279.482363,0.0205,1,330.25,247.50,0.754,-22.2937,-11.8751,-22.2645,-1.3597,-11.8136,-1.3449,-22.2670,-11.8159,48.8661,0.2629,0.0000,BAM,-21.5964,-11.3767,-21.5388,-11.3766,0.0000,0.0000,0.005,0.000,0.2726,47.8,12.70,1,THU,NO_TX,360,BAN,0,,0
25.5579,1790253279.502936,0.0206,0,330.25,247.50,0.754,,,-22.2925,-1.3597,-11.8412,-1.3449,-22.2943,-11.8429,48.8661,0.2629,0.0000,BAM,-21.5965,-11.3767,-21.5387,-11.3766,0.0000,0.0000,0.003,0.000,0.2726,47.8,12.70,1,THU,NO_TX,360,BAN,0,,0
25.5780,1790253279.522928,0.0201,0,330.25,247.50,0.754,,,-22.3198,-1.3597,-11.8683,-1.3449,-22.3212,-11.8696,48.8661,0.2629,0.0000,BAM,-21.5965,-11.3767,-21.5387,-11.3766,0.0000,0.0000,0.003,0.000,0.2726,47.8,12.70,1,THU,NO_TX,360,BAN,0,,0
25.5982,1790253279.543208,0.0202,0,330.25,247.50,0.754,,,-22.3473,-1.3597,-11.8954,-1.3449,-22.3484,-11.8965,48.8661,0.2629,0.0000,BAM,-21.5965,-11.3767,-21.5386,-11.3766,0.0000,0.0000,0.002,0.000,0.2726,47.8,12.70,1,THU,NO_TX,360,BAN,0,,0
25.6182,1790253279.563298,0.0201,1,327.25,246.00,0.753,-22.0895,-11.7757,-22.1233,1.4577,-11.7940,0.0777,-22.1201,-11.7940,48.8661,0.2629,0.0000,BAM,-21.5965,-11.3767,-21.5386,-11.3766,0.0000,0.0000,0.002,0.000,0.2106,64.2,9.41,1,THU,NO_TX,360,BAN,0,,0
25.6385,1790253279.583520,0.0202,0,327.25,246.00,0.753,,,-22.0938,1.4577,-11.7924,0.0777,-22.0916,-11.7924,48.8661,0.2629,0.0000,BAM,-21.5965,-11.3767,-21.5386,-11.3766,0.0000,0.0000,0.001,0.000,0.2106,64.2,9.41,1,THU,NO_TX,360,BAN,0,,0
25.6589,1790253279.603886,0.0204,1,328.50,245.00,0.739,-22.1744,-11.7090,-22.1446,0.3332,-11.7316,0.8858,-22.1446,-11.7309,48.8661,0.2629,0.0000,BAM,-21.5965,-11.3767,-21.5385,-11.3766,0.0000,0.0000,0.001,0.000,0.0867,46.1,9.86,1,THU,NO_TX,360,BAN,0,,0
25.6789,1790253279.623946,0.0200,0,328.50,245.00,0.739,,,-22.1379,0.3332,-11.7139,0.8858,-22.1379,-11.7134,48.8661,0.2629,0.0000,BAM,-21.5965,-11.3767,-21.5385,-11.3766,0.0000,0.0000,0.001,0.000,0.0867,46.1,9.86,1,THU,NO_TX,360,BAN,0,,0
25.6991,1790253279.644136,0.0202,0,328.50,245.00,0.739,,,-22.1312,0.3332,-11.6959,0.8858,-22.1312,-11.6956,48.8661,0.2629,0.0000,BAM,-21.5965,-11.3767,-21.5385,-11.3766,0.0000,0.0000,0.001,0.000,0.0867,46.1,9.86,1,THU,NO_TX,360,BAN,0,,0
25.7191,1790253279.664207,0.0200,1,326.00,245.00,0.751,-22.0044,-11.7093,-22.0261,1.6124,-11.7034,0.5629,-22.0219,-11.7032,48.8661,0.2629,0.0000,BAM,-21.5965,-11.3767,-21.5385,-11.3766,0.0000,0.0000,0.000,0.000,0.0483,64.7,7.81,1,THU,NO_TX,360,BAN,0,,0
25.7392,1790253279.684261,0.0201,0,326.00,245.00,0.751,,,-21.9938,1.6124,-11.6921,0.5629,-21.9908,-11.6920,48.8661,0.2629,0.0000,BAM,-21.5965,-11.3767,-21.5385,-11.3766,0.0000,0.0000,0.000,0.000,0.0483,64.7,7.81,1,THU,NO_TX,360,BAN,0,,0
25.7592,1790253279.704325,0.0201,0,326.00,245.00,0.751,,,-21.9615,1.6124,-11.6808,0.5629,-21.9591,-11.6807,48.8661,0.2629,0.0000,BAM,-21.5965,-11.3767,-21.5385,-11.3766,0.0000,0.0000,0.000,0.000,0.0483,64.7,7.81,1,THU,NO_TX,360,BAN,0,,0
25.7793,1790253279.724379,0.0201,1,327.50,245.50,0.747,-22.1065,-11.7424,-22.0747,-0.2272,-11.7289,-0.1743,-22.0747,-11.7289,48.8661,0.2629,0.0000,BAM,-21.5965,-11.3767,-21.5385,-11.3766,0.0000,0.0000,0.000,0.000,0.1139,64.1,9.30,1,THU,NO_TX,360,BAN,0,,0
25.7994,1790253279.744465,0.0201,0,327.50,245.50,0.747,,,-22.0792,-0.2272,-11.7323,-0.1743,-22.0792,-11.7324,48.8661,0.2629,0.0000,BAM,-21.5965,-11.3767,-21.5385,-11.3766,0.0000,0.0000,0.000,0.000,0.1139,64.1,9.30,1,THU,NO_TX,360,BAN,0,,0
25.8195,1790253279.764610,0.0202,0,327.50,245.50,0.747,,,-22.0838,-0.2272,-11.7359,-0.1743,-22.0838,-11.7359,48.8661,0.2629,0.0000,BAM,-21.5965,-11.3767,-21.5385,-11.3766,0.0000,0.0000,0.000,0.000,0.1139,64.1,9.30,1,THU,NO_TX,360,BAN,0,,0
25.8396,1790253279.784661,0.0200,1,327.00,242.75,0.751,-22.0722,-11.5594,-22.0751,-0.0588,-11.5929,1.6497,-22.0751,-11.5885,48.8661,0.2629,0.0000,BAM,-21.5965,-11.3767,-21.5385,-11.3766,0.0000,0.0000,0.000,0.000,0.0971,47.5,7.52,1,THU,NO_TX,360,BAN,0,,0
25.8596,1790253279.804722,0.0201,0,327.00,242.75,0.751,,,-22.0762,-0.0588,-11.5598,1.6497,-22.0762,-11.5567,48.8661,0.2629,0.0000,BAM,-21.5965,-11.3767,-21.5385,-11.3766,0.0000,0.0000,0.000,0.000,0.0971,47.5,7.52,1,THU,NO_TX,360,BAN,0,,0
25.8797,1790253279.824790,0.0201,0,327.00,242.75,0.751,,,-22.0774,-0.0588,-11.5267,1.6497,-22.0774,-11.5242,48.8661,0.2629,0.0000,BAM,-21.5965,-11.3767,-21.5385,-11.3766,0.0000,0.0000,0.000,0.000,0.0971,47.5,7.52,1,THU,NO_TX,360,BAN,0,,0
25.9001,1790253279.845148,0.0203,1,325.00,247.75,0.761,-21.9367,-11.8924,-21.9620,1.4177,-11.8185,-2.4005,-21.9591,-11.8317,48.8661,0.2629,0.0000,BAM,-21.5965,-11.3767,-21.5385,-11.3766,0.0000,0.0000,0.000,0.000,0.5336,62.7,9.22,1,THU,NO_TX,360,BAN,0,,0
25.9202,1790253279.865195,0.0201,0,325.00,247.75,0.761,,,-21.9335,1.4177,-11.8668,-2.4005,-21.9314,-11.8763,48.8661,0.2629,0.0000,BAM,-21.5965,-11.3767,-21.5385,-11.3766,0.0000,0.0000,0.000,0.000,0.5336,62.7,9.22,1,THU,NO_TX,360,BAN,0,,0
25.9411,1790253279.886062,0.0209,0,325.00,247.75,0.761,,,-21.9039,1.4177,-11.9169,-2.4005,-21.9023,-11.9243,48.8661,0.2629,0.0000,BAM,-21.5965,-11.3767,-21.5385,-11.3766,0.0000,0.0000,0.000,0.000,0.5336,62.7,9.22,1,THU,NO_TX,360,BAN,0,,0
25.9612,1790253279.906260,0.0201,1,328.75,243.25,0.751,-22.1911,-11.5924,-22.1356,-1.8619,-11.6605,1.3759,-22.1420,-11.6580,48.8661,0.2629,0.0000,BAM,-21.5965,-11.3767,-21.5385,-11.3766,0.0000,0.0000,0.000,0.000,0.7106,64.0,9.33,1,THU,NO_TX,360,BAN,0,,0
25.9813,1790253279.926352,0.0201,0,328.75,243.25,0.751,,,-22.1730,-1.8619,-11.6329,1.3759,-22.1776,-11.6311,48.8661,0.2629,0.0000,BAM,-21.5965,-11.3767,-21.5385,-11.3766,0.0000,0.0000,0.000,0.000,0.7106,64.0,9.33,1,THU,NO_TX,360,BAN,0,,0
26.0013,1790253279.946411,0.0201,1,327.75,245.00,0.761,-22.1234,-11.7091,-22.1471,-0.9580,-11.6800,0.3291,-22.1480,-11.6800,48.8661,0.2629,0.0000,BAM,-21.5965,-11.3767,-21.5385,-11.3766,0.0000,0.0000,0.000,0.000,0.0840,48.0,9.22,1,THU,NO_TX,360,BAN,0,,0
26.0214,1790253279.966472,0.0201,0,327.75,245.00,0.761,,,-22.1664,-0.9580,-11.6734,0.3291,-22.1670,-11.6734,48.8661,0.2629,0.0000,BAM,-21.5965,-11.3767,-21.5385,-11.3766,0.0000,0.0000,0.000,0.000,0.0840,48.0,9.22,1,THU,NO_TX,360,BAN,0,,0
26.0420,1790253279.987043,0.0205,0,327.75,245.00,0.761,,,-22.1861,-0.9580,-11.6666,0.3291,-22.1865,-11.6666,48.8661,0.2629,0.0000,BAM,-21.5965,-11.3767,-21.5385,-11.3766,0.0000,0.0000,0.000,0.000,0.0840,48.0,9.22,1,THU,NO_TX,360,BAN,0,,0
26.0621,1790253280.007157,0.0201,1,327.75,245.00,0.749,-22.1234,-11.7091,-22.1381,-0.0899,-11.6999,-0.1783,-22.1381,-11.6999,48.8661,0.2629,0.0000,BAM,-21.5965,-11.3767,-21.5385,-11.3766,0.0000,0.0000,0.000,0.000,0.0282,63.8,9.22,1,THU,NO_TX,360,BAN,0,,0
26.0821,1790253280.027209,0.0200,0,327.75,245.00,0.749,,,-22.1399,-0.0899,-11.7035,-0.1783,-22.1399,-11.7035,48.8661,0.2629,0.0000,BAM,-21.5965,-11.3767,-21.5385,-11.3766,0.0000,0.0000,0.000,0.000,0.0282,63.8,9.22,1,THU,NO_TX,360,BAN,0,,0
26.1024,1790253280.047395,0.0202,0,327.75,245.00,0.749,,,-22.1417,-0.0899,-11.7071,-0.1783,-22.1417,-11.7071,48.8661,0.2629,0.0000,BAM,-21.5965,-11.3767,-21.5385,-11.3766,0.0000,0.0000,0.000,0.000,0.0282,63.8,9.22,1,THU,NO_TX,360,BAN,0,,0
26.1225,1790253280.067539,0.0201,0,327.75,245.00,0.749,,,-22.1435,-0.0899,-11.7107,-0.1783,-22.1435,-11.7107,48.8661,0.2629,0.0000,BAM,-21.5965,-11.3767,-21.5385,-11.3766,0.0000,0.0000,0.000,0.000,0.0282,63.8,9.22,1,THU,NO_TX,360,BAN,0,,0
26.1430,1790253280.088094,0.0205,1,328.25,246.25,0.763,-22.1576,-11.7922,-22.1561,-0.2083,-11.7826,-0.9214,-22.1561,-11.7834,48.8661,0.2629,0.0000,BAM,-21.5965,-11.3767,-21.5385,-11.3766,0.0000,0.0000,0.000,0.000,0.0123,63.4,10.35,1,THU,NO_TX,360,BAN,0,,0
26.1636,1790253280.108605,0.0206,0,328.25,246.25,0.763,,,-22.1604,-0.2083,-11.8015,-0.9214,-22.1604,-11.8021,48.8661,0.2629,0.0000,BAM,-21.5965,-11.3767,-21.5385,-11.3766,0.0000,0.0000,0.000,0.000,0.0123,63.4,10.35,1,THU,NO_TX,360,BAN,0,,0
26.1840,1790253280.129060,0.0204,1,329.50,246.50,0.767,-22.2426,-11.8087,-22.2217,-1.0070,-11.8119,-0.8060,-22.2227,-11.8124,48.8661,0.2629,0.0000,BAM,-21.5965,-11.3767,-21.5385,-11.3766,0.0000,0.0000,0.000,0.000,0.0289,48.7,11.51,1,THU,NO_TX,360,BAN,0,,0
26.2045,1790253280.149542,0.0205,0,329.50,246.50,0.767,,,-22.2423,-1.0070,-11.8284,-0.8060,-22.2430,-11.8288,48.8661,0.2629,0.0000,BAM,-21.5965,-11.3767,-21.5385,-11.3766,0.0000,0.0000,0.000,0.000,0.0289,48.7,11.51,1,THU,NO_TX,360,BAN,0,,0
26.2251,1790253280.170127,0.0207,0,329.50,246.50,0.767,,,-22.2631,-1.0070,-11.8450,-0.8060,-22.2637,-11.8453,48.8661,0.2629,0.0000,BAM,-21.5965,-11.3767,-21.5385,-11.3766,0.0000,0.0000,0.000,0.000,0.0289,48.7,11.51,1,THU,NO_TX,360,BAN,0,,0
26.2456,1790253280.190658,0.0205,1,328.00,245.50,0.759,-22.1405,-11.7423,-22.1656,0.5153,-11.7641,0.4306,-22.1654,-11.7640,48.8661,0.2629,0.0000,BAM,-21.5965,-11.3767,-21.5385,-11.3766,0.0000,0.0000,0.000,0.000,0.1040,65.4,9.71,1,THU,NO_TX,360,BAN,0,,0
26.2657,1790253280.210795,0.0201,0,328.00,245.50,0.759,,,-22.1552,0.5153,-11.7554,0.4306,-22.1551,-11.7553,48.8661,0.2629,0.0000,BAM,-21.5965,-11.3767,-21.5385,-11.3766,0.0000,0.0000,0.000,0.000,0.1040,65.4,9.71,1,THU,NO_TX,360,BAN,0,,0
26.2858,1790253280.230852,0.0201,0,328.00,245.50,0.759,,,-22.1448,0.5153,-11.7467,0.4306,-22.1447,-11.7467,48.8661,0.2629,0.0000,BAM,-21.5965,-11.3767,-21.5385,-11.3766,0.0000,0.0000,0.000,0.000,0.1040,65.4,9.71,1,THU,NO_TX,360,BAN,0,,0
26.3060,1790253280.251058,0.0202,1,327.50,245.50,0.756,-22.1065,-11.7424,-22.1115,0.8051,-11.7416,0.3869,-22.1109,-11.7415,48.8661,0.2629,0.0000,BAM,-21.5965,-11.3767,-21.5385,-11.3766,0.0000,0.0000,0.000,0.000,0.0025,64.4,9.30,1,THU,NO_TX,360,BAN,0,,0
26.3260,1790253280.271124,0.0201,0,327.50,245.50,0.756,,,-22.0953,0.8051,-11.7338,0.3869,-22.0949,-11.7338,48.8661,0.2629,0.0000,BAM,-21.5965,-11.3767,-21.5385,-11.3766,0.0000,0.0000,0.000,0.000,0.0025,64.4,9.30,1,THU,NO_TX,360,BAN,0,,0
26.3464,1790253280.291400,0.0203,0,327.50,245.50,0.756,,,-22.0789,0.8051,-11.7260,0.3869,-22.0786,-11.7259,48.8661,0.2629,0.0000,BAM,-21.5965,-11.3767,-21.5385,-11.3766,0.0000,0.0000,0.000,0.000,0.0025,64.4,9.30,1,THU,NO_TX,360,BAN,0,,0
26.3664,1790253280.311483,0.0200,1,325.25,245.75,0.753,-21.9535,-11.7593,-21.9731,1.9411,-11.7516,-0.0291,-21.9658,-11.7516,48.8661,0.2629,0.0000,BAM,-21.5965,-11.3767,-21.5385,-11.3766,0.0000,0.0000,0.000,0.000,0.0422,47.2,7.79,1,THU,NO_TX,360,BAN,0,,0
26.3865,1790253280.331566,0.0201,0,325.25,245.75,0.753,,,-21.9341,1.9411,-11.7522,-0.0291,-21.9289,-11.7522,48.8661,0.2629,0.0000,BAM,-21.5965,-11.3767,-21.5385,-11.3766,0.0000,0.0000,0.000,0.000,0.0422,47.2,7.79,1,THU,NO_TX,360,BAN,0,,0
26.4071,1790253280.352150,0.0206,0,325.25,245.75,0.753,,,-21.8941,1.9411,-11.7528,-0.0291,-21.8900,-11.7528,48.8661,0.2629,0.0000,BAM,-21.5965,-11.3767,-21.5385,-11.3766,0.0000,0.0000,0.000,0.000,0.0422,47.2,7.79,1,THU,NO_TX,360,BAN,0,,0
26.4272,1790253280.372277,0.0201,1,328.50,246.50,0.756,-22.1746,-11.8088,-22.1180,-1.3803,-11.7986,-0.5909,-22.1206,-11.7988,48.8661,0.2629,0.0000,BAM,-21.5965,-11.3767,-21.5385,-11.3766,0.0000,0.0000,0.000,0.000,0.3240,64.5,10.70,1,THU,NO_TX,360,BAN,0,,0
26.4473,1790253280.392411,0.0201,0,328.50,246.50,0.756,,,-22.1457,-1.3803,-11.8105,-0.5909,-22.1476,-11.8107,48.8661,0.2629,0.0000,BAM,-21.5965,-11.3767,-21.5385,-11.3766,0.0000,0.0000,0.000,0.000,0.3240,64.5,10.70,1,THU,NO_TX,360,BAN,0,,0
26.4674,1790253280.412453,0.0201,0,328.50,246.50,0.756,,,-22.1734,-1.3803,-11.8224,-0.5909,-22.1749,-11.8225,48.8661,0.2629,0.0000,BAM,-21.5965,-11.3767,-21.5385,-11.3766,0.0000,0.0000,0.000,0.000,0.3240,64.5,10.70,1,THU,NO_TX,360,BAN,0,,0
26.4875,1790253280.432524,0.0201,1,328.00,245.75,0.752,-22.1405,-11.7590,-22.1514,-0.7496,-11.7730,0.1726,-22.1518,-11.7730,48.8661,0.2629,0.0000,BAM,-21.5965,-11.3767,-21.5385,-11.3766,0.0000,0.0000,0.000,0.000,0.0283,62.8,9.85,1,THU,NO_TX,360,BAN,0,,0
26.5077,1790253280.452820,0.0203,0,328.00,245.75,0.752,,,-22.1666,-0.7496,-11.7695,0.1726,-22.1669,-11.7695,48.8661,0.2629,0.0000,BAM,-21.5965,-11.3767,-21.5385,-11.3766,0.0000,0.0000,0.000,0.000,0.0283,62.8,9.85,1,THU,NO_TX,360,BAN,0,,0
26.5282,1790253280.473275,0.0205,1,329.00,247.50,0.761,-22.2087,-11.8753,-22.2015,-1.0295,-11.8451,-0.9341,-22.2026,-11.8459,48.8661,0.2629,0.0000,BAM,-21.5965,-11.3767,-21.5385,-11.3766,0.0000,0.0000,0.000,0.000,0.0562,49.0,11.72,1,THU,NO_TX,360,BAN,0,,0
26.5489,1790253280.493927,0.0207,0,329.00,247.50,0.761,,,-22.2228,-1.0295,-11.8644,-0.9341,-22.2235,-11.8649,48.8661,0.2629,0.0000,BAM,-21.5965,-11.3767,-21.5385,-11.3766,0.0000,0.0000,0.000,0.000,0.0562,49.0,11.72,1,THU,NO_TX,360,BAN,0,,0
26.5692,1790253280.514309,0.0204,0,329.00,247.50,0.761,,,-22.2437,-1.0295,-11.8834,-0.9341,-22.2443,-11.8838,48.8661,0.2629,0.0000,BAM,-21.5965,-11.3767,-21.5385,-11.3766,0.0000,0.0000,0.000,0.000,0.0562,49.0,11.72,1,THU,NO_TX,360,BAN,0,,0
26.5894,1790253280.534376,0.0202,0,329.00,247.50,0.761,,,-22.2645,-1.0295,-11.9022,-0.9341,-22.2650,-11.9026,48.8661,0.2629,0.0000,BAM,-21.5965,-11.3767,-21.5385,-11.3766,0.0000,0.0000,0.000,0.000,0.0562,49.0,11.72,1,THU,NO_TX,360,BAN,0,,0
26.6099,1790253280.554966,0.0205,1,328.75,246.50,0.760,-22.1916,-11.8088,-22.2026,-0.1033,-11.8226,0.1542,-22.2026,-11.8226,48.8661,0.2629,0.0000,BAM,-21.5965,-11.3767,-21.5385,-11.3766,0.0000,0.0000,0.000,0.000,0.0428,63.5,10.90,1,THU,NO_TX,360,BAN,0,,0
26.6302,1790253280.575285,0.0203,0,328.75,246.50,0.760,,,-22.2047,-0.1033,-11.8195,0.1542,-22.2047,-11.8195,48.8661,0.2629,0.0000,BAM,-21.5965,-11.3767,-21.5385,-11.3766,0.0000,0.0000,0.000,0.000,0.0428,63.5,10.90,1,THU,NO_TX,360,BAN,0,,0
26.6503,1790253280.595345,0.0200,1,329.00,247.00,0.751,-22.2087,-11.8420,-22.2081,-0.1229,-11.8349,-0.0990,-22.2081,-11.8349,48.8661,0.2629,0.0000,BAM,-21.5965,-11.3767,-21.5385,-11.3766,0.0000,0.0000,0.000,0.000,0.0029,46.7,11.40,1,THU,NO_TX,360,BAN,0,,0
26.6707,1790253280.615745,0.0204,0,329.00,247.00,0.751,,,-22.2106,-0.1229,-11.8369,-0.0990,-22.2107,-11.8369,48.8661,0.2629,0.0000,BAM,-21.5965,-11.3767,-21.5385,-11.3766,0.0000,0.0000,0.000,0.000,0.0029,46.7,11.40,1,THU,NO_TX,360,BAN,0,,0
26.6911,1790253280.636152,0.0204,0,329.00,247.00,0.751,,,-22.2132,-0.1229,-11.8390,-0.0990,-22.2132,-11.8390,48.8661,0.2629,0.0000,BAM,-21.5965,-11.3767,-21.5385,-11.3766,0.0000,0.0000,0.000,0.000,0.0029,46.7,11.40,1,THU,NO_TX,360,BAN,0,,0
26.7115,1790253280.656484,0.0204,1,328.50,247.00,0.761,-22.1747,-11.8421,-22.1819,0.3131,-11.8419,-0.1109,-22.1819,-11.8419,48.8661,0.2629,0.0000,BAM,-21.5965,-11.3767,-21.5385,-11.3766,0.0000,0.0000,0.000,0.000,0.0052,65.2,11.01,1,THU,NO_TX,360,BAN,0,,0
26.7318,1790253280.676881,0.0203,0,328.50,247.00,0.761,,,-22.1756,0.3131,-11.8442,-0.1109,-22.1755,-11.8442,48.8661,0.2629,0.0000,BAM,-21.5965,-11.3767,-21.5385,-11.3766,0.0000,0.0000,0.000,0.000,0.0052,65.2,11.01,1,THU,NO_TX,360,BAN,0,,0
26.7519,1790253280.696936,0.0201,0,328.50,247.00,0.761,,,-22.1693,0.3131,-11.8464,-0.1109,-22.1693,-11.8464,48.8661,0.2629,0.0000,BAM,-21.5965,-11.3767,-21.5385,-11.3766,0.0000,0.0000,0.000,0.000,0.0052,65.2,11.01,1,THU,NO_TX,360,BAN,0,,0
26.7720,1790253280.717039,0.0201,1,328.25,244.75,0.761,-22.1574,-11.6924,-22.1584,0.3715,-11.7212,1.4683,-22.1583,-11.7181,48.8661,0.2629,0.0000,BAM,-21.5965,-11.3767,-21.5385,-11.3766,0.0000,0.0000,0.000,0.000,0.0720,63.7,9.52,1,THU,NO_TX,360,BAN,0,,0
26.7921,1790253280.737201,0.0202,0,328.25,244.75,0.761,,,-22.1509,0.3715,-11.6916,1.4683,-22.1508,-11.6894,48.8661,0.2629,0.0000,BAM,-21.5965,-11.3767,-21.5385,-11.3766,0.0000,0.0000,0.000,0.000,0.0720,63.7,9.52,1,THU,NO_TX,360,BAN,0,,0
26.8125,1790253280.757444,0.0203,0,328.25,244.75,0.761,,,-22.1433,0.3715,-11.6618,1.4683,-22.1433,-11.6600,48.8661,0.2629,0.0000,BAM,-21.5965,-11.3767,-21.5385,-11.3766,0.0000,0.0000,0.000,0.000,0.0720,63.7,9.52,1,THU,NO_TX,360,BAN,0,,0
26.8329,1790253280.778000,0.0205,1,329.25,245.00,0.749,-22.2254,-11.7089,-22.2095,-0.5592,-11.6947,0.6873,-22.2097,-11.6944,48.8661,0.2629,0.0000,BAM,-21.5965,-11.3767,-21.5385,-11.3766,0.0000,0.0000,0.000,0.000,0.0422,47.8,10.51,1,THU,NO_TX,360,BAN,0,,0
26.8533,1790253280.798278,0.0203,0,329.25,245.00,0.749,,,-22.2209,-0.5592,-11.6807,0.6873,-22.2210,-11.6805,48.8661,0.2629,0.0000,BAM,-21.5965,-11.3767,-21.5385,-11.3766,0.0000,0.0000,0.000,0.000,0.0422,47.8,10.51,1,THU,NO_TX,360,BAN,0,,0
26.8733,1790253280.818384,0.0201,0,329.25,245.00,0.749,,,-22.2321,-0.5592,-11.6669,0.6873,-22.2322,-11.6668,48.8661,0.2629,0.0000,BAM,-21.5965,-11.3767,-21.5385,-11.3766,0.0000,0.0000,0.000,0.000,0.0422,47.8,10.51,1,THU,NO_TX,360,BAN,0,,0
26.8935,1790253280.838488,0.0202,1,329.00,246.50,0.754,-22.2086,-11.8088,-22.2148,-0.1975,-11.7800,-0.8913,-22.2148,-11.7807,48.8661,0.2629,0.0000,BAM,-21.5965,-11.3767,-21.5385,-11.3766,0.0000,0.0000,0.000,0.000,0.0752,63.8,11.10,1,THU,NO_TX,360,BAN,0,,0
26.9140,1790253280.859104,0.0205,0,329.00,246.50,0.754,,,-22.2188,-0.1975,-11.7983,-0.8913,-22.2188,-11.7988,48.8661,0.2629,0.0000,BAM,-21.5965,-11.3767,-21.5385,-11.3766,0.0000,0.0000,0.000,0.000,0.0752,63.8,11.10,1,THU,NO_TX,360,BAN,0,,0
26.9349,1790253280.879974,0.0209,0,329.00,246.50,0.754,,,-22.2230,-0.1975,-11.8169,-0.8913,-22.2230,-11.8173,48.8661,0.2629,0.0000,BAM,-21.5965,-11.3767,-21.5385,-11.3766,0.0000,0.0000,0.000,0.000,0.0752,63.8,11.10,1,THU,NO_TX,360,BAN,0,,0
26.9550,1790253280.900039,0.0200,1,326.75,247.25,0.758,-22.0557,-11.8590,-22.0856,1.5800,-11.8546,-1.1363,-22.0816,-11.8560,48.8661,0.2629,0.0000,BAM,-21.5965,-11.3767,-21.5385,-11.3766,0.0000,0.0000,0.000,0.000,0.0909,63.0,9.91,1,THU,NO_TX,360,BAN,0,,0
26.9760,1790253280.921018,0.0210,0,326.75,247.25,0.758,,,-22.0524,1.5800,-11.8785,-1.1363,-22.0496,-11.8795,48.8661,0.2629,0.0000,BAM,-21.5965,-11.3767,-21.5385,-11.3766,0.0000,0.0000,0.000,0.000,0.0909,63.0,9.91,1,THU,NO_TX,360,BAN,0,,0
26.9961,1790253280.941137,0.0201,1,327.75,247.00,0.751,-22.1236,-11.8422,-22.0961,0.5063,-11.8584,-0.5390,-22.0959,-11.8586,48.8661,0.2629,0.0000,BAM,-21.5965,-11.3767,-21.5385,-11.3766,0.0000,0.0000,0.000,0.000,0.0647,48.9,10.44,1,THU,NO_TX,360,BAN,0,,0
27.0163,1790253280.961360,0.0202,0,327.75,247.00,0.751,,,-22.0858,0.5063,-11.8693,-0.5390,-22.0857,-11.8694,48.8661,0.2629,0.0000,BAM,-21.5965,-11.3767,-21.5385,-11.3766,0.0000,0.0000,0.000,0.000,0.0647,48.9,10.44,1,THU,NO_TX,360,BAN,0,,0
27.0365,1790253280.981487,0.0202,0,327.75,247.00,0.751,,,-22.0756,0.5063,-11.8802,-0.5390,-22.0756,-11.8803,48.8661,0.2629,0.0000,BAM,-21.5965,-11.3767,-21.5385,-11.3766,0.0000,0.0000,0.000,0.000,0.0647,48.9,10.44,1,THU,NO_TX,360,BAN,0,,0
27.0565,1790253281.001597,0.0201,1,325.25,246.50,0.742,-21.9536,-11.8092,-21.9738,1.6916,-11.8246,0.3070,-21.9688,-11.8245,48.8661,0.2629,0.0000,BAM,-21.5965,-11.3767,-21.5385,-11.3766,0.0000,0.0000,0.000,0.000,0.0594,64.2,8.36,1,THU,NO_TX,360,BAN,0,,0
27.0766,1790253281.021712,0.0201,0,325.25,246.50,0.742,,,-21.9397,1.6916,-11.8184,0.3070,-21.9362,-11.8184,48.8661,0.2629,0.0000,BAM,-21.5965,-11.3767,-21.5385,-11.3766,0.0000,0.0000,0.000,0.000,0.0594,64.2,8.36,1,THU,NO_TX,360,BAN,0,,0
27.0967,1790253281.041802,0.0201,0,325.25,246.50,0.742,,,-21.9057,1.6916,-11.8122,0.3070,-21.9030,-11.8122,48.8661,0.2629,0.0000,BAM,-21.5965,-11.3767,-21.5385,-11.3766,0.0000,0.0000,0.000,0.000,0.0594,64.2,8.36,1,THU,NO_TX,360,BAN,0,,0
27.1173,1790253281.062409,0.0206,0,325.25,246.50,0.742,,,-21.8709,1.6916,-11.8059,0.3070,-21.8687,-11.8059,48.8661,0.2629,0.0000,BAM,-21.5965,-11.3767,-21.5385,-11.3766,0.0000,0.0000,0.000,0.000,0.0594,64.2,8.36,1,THU,NO_TX,360,BAN,0,,0
27.1374,1790253281.082462,0.0201,1,326.25,245.75,0.764,-22.0215,-11.7592,-21.9996,-0.1057,-11.7642,0.6941,-21.9996,-11.7639,48.8661,0.2629,0.0000,BAM,-21.5965,-11.3767,-21.5385,-11.3766,0.0000,0.0000,0.000,0.000,0.0735,64.0,8.49,1,THU,NO_TX,360,BAN,0,,0
27.1575,1790253281.102546,0.0201,0,326.25,245.75,0.764,,,-22.0018,-0.1057,-11.7502,0.6941,-22.0018,-11.7500,48.8661,0.2629,0.0000,BAM,-21.5965,-11.3767,-21.5385,-11.3766,0.0000,0.0000,0.000,0.000,0.0735,64.0,8.49,1,THU,NO_TX,360,BAN,0,,0
27.1776,1790253281.122709,0.0201,1,330.00,247.25,0.764,-22.2767,-11.8585,-22.2025,-2.8948,-11.8245,-0.5160,-22.2249,-11.8246,48.8661,0.2629,0.0000,BAM,-21.5965,-11.3767,-21.5385,-11.3766,0.0000,0.0000,0.000,0.000,0.4188,46.3,12.35,1,THU,NO_TX,360,BAN,0,,0
27.1982,1790253281.143247,0.0205,0,330.00,247.25,0.764,,,-22.2620,-2.8948,-11.8351,-0.5160,-22.2782,-11.8352,48.8661,0.2629,0.0000,BAM,-21.5965,-11.3767,-21.5385,-11.3766,0.0000,0.0000,0.000,0.000,0.4188,46.3,12.35,1,THU,NO_TX,360,BAN,0,,0
27.2187,1790253281.163752,0.0205,0,330.00,247.25,0.764,,,-22.3213,-2.8948,-11.8457,-0.5160,-22.3341,-11.8457,48.8661,0.2629,0.0000,BAM,-21.5965,-11.3767,-21.5385,-11.3766,0.0000,0.0000,0.000,0.000,0.4188,46.3,12.35,1,THU,NO_TX,360,BAN,0,,0
27.2390,1790253281.184105,0.0203,1,328.00,245.00,0.754,-22.1404,-11.7090,-22.1826,-0.3430,-11.7360,1.0123,-22.1827,-11.7350,48.8661,0.2629,0.0000,BAM,-21.5965,-11.3767,-21.5385,-11.3766,0.0000,0.0000,0.000,0.000,0.2398,65.2,9.43,1,THU,NO_TX,360,BAN,0,,0
27.2592,1790253281.204227,0.0202,0,328.00,245.00,0.754,,,-22.1896,-0.3430,-11.7156,1.0123,-22.1896,-11.7148,48.8661,0.2629,0.0000,BAM,-21.5965,-11.3767,-21.5385,-11.3766,0.0000,0.0000,0.000,0.000,0.2398,65.2,9.43,1,THU,NO_TX,360,BAN,0,,0
27.2793,1790253281.224346,0.0200,0,328.00,245.00,0.754,,,-22.1965,-0.3430,-11.6953,1.0123,-22.1965,-11.6947,48.8661,0.2629,0.0000,BAM,-21.5965,-11.3767,-21.5385,-11.3766,0.0000,0.0000,0.000,0.000,0.2398,65.2,9.43,1,THU,NO_TX,360,BAN,0,,0
27.2997,1790253281.244734,0.0204,1,326.25,247.25,0.759,-22.0216,-11.8590,-22.0539,1.5394,-11.8251,-0.8502,-22.0502,-11.8257,48.8661,0.2629,0.0000,BAM,-21.5965,-11.3767,-21.5385,-11.3766,0.0000,0.0000,0.000,0.000,0.2020,63.8,9.57,1,THU,NO_TX,360,BAN,0,,0
27.3197,1790253281.264800,0.0201,0,326.25,247.25,0.759,,,-22.0230,1.5394,-11.8422,-0.8502,-22.0204,-11.8426,48.8661,0.2629,0.0000,BAM,-21.5965,-11.3767,-21.5385,-11.3766,0.0000,0.0000,0.000,0.000,0.2020,63.8,9.57,1,THU,NO_TX,360,BAN,0,,0
27.3401,1790253281.285150,0.0204,0,326.25,247.25,0.759,,,-21.9917,1.5394,-11.8595,-0.8502,-21.9897,-11.8598,48.8661,0.2629,0.0000,BAM,-21.5965,-11.3767,-21.5385,-11.3766,0.0000,0.0000,0.000,0.000,0.2020,63.8,9.57,1,THU,NO_TX,360,BAN,0,,0
27.3602,1790253281.305257,0.0201,1,326.75,246.50,0.767,-22.0556,-11.8090,-22.0386,0.5542,-11.8216,-0.1664,-22.0385,-11.8216,48.8661,0.2629,0.0000,BAM,-21.5965,-11.3767,-21.5385,-11.3766,0.0000,0.0000,0.000,0.000,0.0414,48.5,9.37,1,THU,NO_TX,360,BAN,0,,0
27.3803,1790253281.325339,0.0201,0,326.75,246.50,0.767,,,-22.0275,0.5542,-11.8249,-0.1664,-22.0274,-11.8249,48.8661,0.2629,0.0000,BAM,-21.5965,-11.3767,-21.5385,-11.3766,0.0000,0.0000,0.000,0.000,0.0414,48.5,9.37,1,THU,NO_TX,360,BAN,0,,0
27.4005,1790253281.345535,0.0202,0,326.75,246.50,0.767,,,-22.0163,0.5542,-11.8283,-0.1664,-22.0162,-11.8283,48.8661,0.2629,0.0000,BAM,-21.5965,-11.3767,-21.5385,-11.3766,0.0000,0.0000,0.000,0.000,0.0414,48.5,9.37,1,THU,NO_TX,360,BAN,0,,0
27.4206,1790253281.365649,0.0201,1,328.50,246.00,0.755,-22.1745,-11.7755,-22.1443,-1.2074,-11.7859,0.4023,-22.1460,-11.7859,48.8661,0.2629,0.0000,BAM,-21.5965,-11.3767,-21.5385,-11.3766,0.0000,0.0000,0.000,0.000,0.0985,63.4,10.40,1,THU,NO_TX,360,BAN,0,,0
27.4409,1790253281.385938,0.0203,0,328.50,246.00,0.755,,,-22.1688,-1.2074,-11.7778,0.4023,-22.1700,-11.7777,48.8661,0.2629,0.0000,BAM,-21.5965,-11.3767,-21.5385,-11.3766,0.0000,0.0000,0.000,0.000,0.0985,63.4,10.40,1,THU,NO_TX,360,BAN,0,,0
27.4611,1790253281.406150,0.0202,1,328.25,246.25,0.750,-22.1576,-11.7922,-22.1672,-0.8363,-11.7859,0.1741,-22.1678,-11.7859,48.8661,0.2629,0.0000,BAM,-21.5965,-11.3767,-21.5385,-11.3766,0.0000,0.0000,0.000,0.000,0.0082,46.3,10.35,1,THU,NO_TX,360,BAN,0,,0
27.4812,1790253281.426237,0.0201,0,328.25,246.25,0.750,,,-22.1840,-0.8363,-11.7825,0.1741,-22.1844,-11.7824,48.8661,0.2629,0.0000,BAM,-21.5965,-11.3767,-21.5385,-11.3766,0.0000,0.0000,0.000,0.000,0.0082,46.3,10.35,1,THU,NO_TX,360,BAN,0,,0
27.5012,1790253281.446325,0.0201,0,328.25,246.25,0.750,,,-22.2008,-0.8363,-11.7790,0.1741,-22.2011,-11.7790,48.8661,0.2629,0.0000,BAM,-21.5965,-11.3767,-21.5385,-11.3766,0.0000,0.0000,0.000,0.000,0.0082,46.3,10.35,1,THU,NO_TX,360,BAN,0,,0
27.5219,1790253281.466976,0.0207,1,325.75,244.50,0.749,-21.9874,-11.6760,-22.0287,1.6058,-11.6945,1.2009,-22.0245,-11.6928,48.8661,0.2629,0.0000,BAM,-21.5965,-11.3767,-21.5385,-11.3766,0.0000,0.0000,0.000,0.000,0.1954,65.2,7.30,1,THU,NO_TX,360,BAN,0,,0
27.5420,1790253281.487037,0.0201,0,325.75,244.50,0.749,,,-21.9965,1.6058,-11.6704,1.2009,-21.9935,-11.6692,48.8661,0.2629,0.0000,BAM,-21.5965,-11.3767,-21.5385,-11.3766,0.0000,0.0000,0.000,0.000,0.1954,65.2,7.30,1,THU,NO_TX,360,BAN,0,,0
27.5620,1790253281.507067,0.0200,0,325.75,244.50,0.749,,,-21.9644,1.6058,-11.6464,1.2009,-21.9620,-11.6454,48.8661,0.2629,0.0000,BAM,-21.5965,-11.3767,-21.5385,-11.3766,0.0000,0.0000,0.000,0.000,0.1954,65.2,7.30,1,THU,NO_TX,360,BAN,0,,0
27.5820,1790253281.527086,0.0200,0,325.75,244.50,0.749,,,-21.9322,1.6058,-11.6223,1.2009,-21.9303,-11.6215,48.8661,0.2629,0.0000,BAM,-21.5965,-11.3767,-21.5385,-11.3766,0.0000,0.0000,0.000,0.000,0.1954,65.2,7.30,1,THU,NO_TX,360,BAN,0,,0
27.6021,1790253281.547174,0.0201,1,327.50,245.75,0.753,-22.1065,-11.7590,-22.0817,-0.4104,-11.7388,-0.3376,-22.0818,-11.7389,48.8661,0.2629,0.0000,BAM,-21.5965,-11.3767,-21.5385,-11.3766,0.0000,0.0000,0.000,0.000,0.1411,64.5,9.45,1,THU,NO_TX,360,BAN,0,,0
27.6225,1790253281.567542,0.0204,0,327.50,245.75,0.753,,,-22.0900,-0.4104,-11.7457,-0.3376,-22.0901,-11.7457,48.8661,0.2629,0.0000,BAM,-21.5965,-11.3767,-21.5385,-11.3766,0.0000,0.0000,0.000,0.000,0.1411,64.5,9.45,1,THU,NO_TX,360,BAN,0,,0
27.6426,1790253281.587658,0.0201,1,328.75,245.75,0.751,-22.1915,-11.7589,-22.1663,-1.3641,-11.7571,-0.4007,-22.1687,-11.7572,48.8661,0.2629,0.0000,BAM,-21.5965,-11.3767,-21.5385,-11.3766,0.0000,0.0000,0.000,0.000,0.0411,47.9,10.47,1,THU,NO_TX,360,BAN,0,,0
27.6628,1790253281.607720,0.0202,0,328.75,245.75,0.751,,,-22.1938,-1.3641,-11.7652,-0.4007,-22.1955,-11.7652,48.8661,0.2629,0.0000,BAM,-21.5965,-11.3767,-21.5385,-11.3766,0.0000,0.0000,0.000,0.000,0.0411,47.9,10.47,1,THU,NO_TX,360,BAN,0,,0
27.6830,1790253281.628069,0.0202,0,328.75,245.75,0.751,,,-22.2214,-1.3641,-11.7733,-0.4007,-22.2228,-11.7733,48.8661,0.2629,0.0000,BAM,-21.5965,-11.3767,-21.5385,-11.3766,0.0000,0.0000,0.000,0.000,0.0411,47.9,10.47,1,THU,NO_TX,360,BAN,0,,0
27.7031,1790253281.648180,0.0201,1,326.00,247.50,0.753,-22.0047,-11.8757,-22.0485,1.2381,-11.8581,-1.3823,-22.0465,-11.8607,48.8661,0.2629,0.0000,BAM,-21.5965,-11.3767,-21.5385,-11.3766,0.0000,0.0000,0.000,0.000,0.2128,63.4,9.60,1,THU,NO_TX,360,BAN,0,,0
27.7238,1790253281.668727,0.0207,0,326.00,247.50,0.753,,,-22.0228,1.2381,-11.8867,-1.3823,-22.0215,-11.8886,48.8661,0.2629,0.0000,BAM,-21.5965,-11.3767,-21.5385,-11.3766,0.0000,0.0000,0.000,0.000,0.2128,63.4,9.60,1,THU,NO_TX,360,BAN,0,,0
27.7443,1790253281.689369,0.0205,0,326.00,247.50,0.753,,,-21.9975,1.2381,-11.9150,-1.3823,-21.9964,-11.9165,48.8661,0.2629,0.0000,BAM,-21.5965,-11.3767,-21.5385,-11.3766,0.0000,0.0000,0.000,0.000,0.2128,63.4,9.60,1,THU,NO_TX,360,BAN,0,,0
27.7646,1790253281.709705,0.0203,1,326.25,246.50,0.760,-22.0216,-11.8091,-22.0130,0.7287,-11.8333,-0.0298,-22.0126,-11.8333,48.8661,0.2629,0.0000,BAM,-21.5965,-11.3767,-21.5385,-11.3766,0.0000,0.0000,0.000,0.000,0.0592,64.2,9.02,1,THU,NO_TX,360,BAN,0,,0
27.7847,1790253281.729733,0.0201,0,326.25,246.50,0.760,,,-21.9984,0.7287,-11.8339,-0.0298,-21.9981,-11.8339,48.8661,0.2629,0.0000,BAM,-21.5965,-11.3767,-21.5385,-11.3766,0.0000,0.0000,0.000,0.000,0.0592,64.2,9.02,1,THU,NO_TX,360,BAN,0,,0
27.8051,1790253281.750169,0.0204,0,326.25,246.50,0.760,,,-21.9835,0.7287,-11.8345,-0.0298,-21.9833,-11.8345,48.8661,0.2629,0.0000,BAM,-21.5965,-11.3767,-21.5385,-11.3766,0.0000,0.0000,0.000,0.000,0.0592,64.2,9.02,1,THU,NO_TX,360,BAN,0,,0
27.8257,1790253281.771263,0.0206,1,328.25,247.00,0.764,-22.1577,-11.8422,-22.1243,-1.2330,-11.8409,-0.1006,-22.1262,-11.8409,48.8661,0.2629,0.0000,BAM,-21.5965,-11.3767,-21.5385,-11.3766,0.0000,0.0000,0.000,0.000,0.1101,48.0,10.82,1,THU,NO_TX,360,BAN,0,,0
27.8457,1790253281.790814,0.0200,0,328.25,247.00,0.764,,,-22.1489,-1.2330,-11.8429,-0.1006,-22.1503,-11.8429,48.8661,0.2629,0.0000,BAM,-21.5965,-11.3767,-21.5385,-11.3766,0.0000,0.0000,0.000,0.000,0.1101,48.0,10.82,1,THU,NO_TX,360,BAN,0,,0
27.8658,1790253281.810884,0.0201,0,328.25,247.00,0.764,,,-22.1737,-1.2330,-11.8449,-0.1006,-22.1748,-11.8449,48.8661,0.2629,0.0000,BAM,-21.5965,-11.3767,-21.5385,-11.3766,0.0000,0.0000,0.000,0.000,0.1101,48.0,10.82,1,THU,NO_TX,360,BAN,0,,0
27.8863,1790253281.831348,0.0204,1,329.25,246.50,0.756,-22.2256,-11.8087,-22.2208,-1.5103,-11.8158,0.2871,-22.2243,-11.8158,48.8661,0.2629,0.0000,BAM,-21.5965,-11.3767,-21.5385,-11.3766,0.0000,0.0000,0.000,0.000,0.0065,63.1,11.31,1,THU,NO_TX,360,BAN,0,,0
27.9068,1790253281.851886,0.0205,0,329.25,246.50,0.756,,,-22.2519,-1.5103,-11.8099,0.2871,-22.2543,-11.8099,48.8661,0.2629,0.0000,BAM,-21.5965,-11.3767,-21.5385,-11.3766,0.0000,0.0000,0.000,0.000,0.0065,63.1,11.31,1,THU,NO_TX,360,BAN,0,,0
27.9274,1790253281.872466,0.0206,0,329.25,246.50,0.756,,,-22.2830,-1.5103,-11.8040,0.2871,-22.2849,-11.8040,48.8661,0.2629,0.0000,BAM,-21.5965,-11.3767,-21.5385,-11.3766,0.0000,0.0000,0.000,0.000,0.0065,63.1,11.31,1,THU,NO_TX,360,BAN,0,,0
27.9475,1790253281.892573,0.0201,1,327.50,244.75,0.756,-22.1064,-11.6925,-22.1427,0.6387,-11.7117,1.3583,-22.1424,-11.7093,48.8661,0.2629,0.0000,BAM,-21.5965,-11.3767,-21.5385,-11.3766,0.0000,0.0000,0.000,0.000,0.1634,64.3,8.88,1,THU,NO_TX,360,BAN,0,,0
27.9676,1790253281.912645,0.0201,0,327.50,244.75,0.756,,,-22.1299,0.6387,-11.6845,1.3583,-22.1297,-11.6827,48.8661,0.2629,0.0000,BAM,-21.5965,-11.3767,-21.5385,-11.3766,0.0000,0.0000,0.000,0.000,0.1634,64.3,8.88,1,THU,NO_TX,360,BAN,0,,0
27.9886,1790253281.933634,0.0210,1,325.75,245.75,0.748,-21.9875,-11.7592,-22.0220,1.9832,-11.7308,0.3140,-22.0144,-11.7308,48.8661,0.2629,0.0000,BAM,-21.5965,-11.3767,-21.5385,-11.3766,0.0000,0.0000,0.000,0.000,0.1243,47.6,8.13,1,THU,NO_TX,360,BAN,0,,0
28.0096,1790253281.954677,0.0210,0,325.75,245.75,0.748,,,-21.9803,1.9832,-11.7242,0.3140,-21.9749,-11.7242,48.8661,0.2629,0.0000,BAM,-21.5965,-11.3767,-21.5385,-11.3766,0.0000,0.0000,0.000,0.000,0.1243,47.6,8.13,1,THU,NO_TX,360,BAN,0,,0
28.0298,1790253281.974874,0.0202,0,325.75,245.75,0.748,,,-21.9402,1.9832,-11.7179,0.3140,-21.9360,-11.7179,48.8661,0.2629,0.0000,BAM,-21.5965,-11.3767,-21.5385,-11.3766,0.0000,0.0000,0.000,0.000,0.1243,47.6,8.13,1,THU,NO_TX,360,BAN,0,,0
28.0504,1790253281.995483,0.0206,1,327.50,246.00,0.758,-22.1065,-11.7757,-22.0702,-0.2029,-11.7640,-0.3483,-22.0702,-11.7640,48.8661,0.2629,0.0000,BAM,-21.5965,-11.3767,-21.5385,-11.3766,0.0000,0.0000,0.000,0.000,0.1429,64.3,9.60,1,THU,NO_TX,360,BAN,0,,0
28.0709,1790253282.016006,0.0205,0,327.50,246.00,0.758,,,-22.0744,-0.2029,-11.7711,-0.3483,-22.0744,-11.7711,48.8661,0.2629,0.0000,BAM,-21.5965,-11.3767,-21.5385,-11.3766,0.0000,0.0000,0.000,0.000,0.1429,64.3,9.60,1,THU,NO_TX,360,BAN,0,,0
28.0910,1790253282.036105,0.0201,0,327.50,246.00,0.758,,,-22.0785,-0.2029,-11.7781,-0.3483,-22.0785,-11.7781,48.8661,0.2629,0.0000,BAM,-21.5965,-11.3767,-21.5385,-11.3766,0.0000,0.0000,0.000,0.000,0.1429,64.3,9.60,1,THU,NO_TX,360,BAN,0,,0
28.1112,1790253282.056228,0.0201,0,327.50,246.00,0.758,,,-22.0825,-0.2029,-11.7851,-0.3483,-22.0825,-11.7851,48.8661,0.2629,0.0000,BAM,-21.5965,-11.3767,-21.5385,-11.3766,0.0000,0.0000,0.000,0.000,0.1429,64.3,9.60,1,THU,NO_TX,360,BAN,0,,0
28.1312,1790253282.076291,0.0200,1,328.50,247.75,0.767,-22.1748,-11.8920,-22.1643,-1.0612,-11.8796,-1.3021,-22.1655,-11.8818,48.8661,0.2629,0.0000,BAM,-21.5965,-11.3767,-21.5385,-11.3766,0.0000,0.0000,0.000,0.000,0.0358,64.6,11.50,1,THU,NO_TX,360,BAN,0,,0
28.1513,1790253282.096385,0.0201,0,328.50,247.75,0.767,,,-22.1856,-1.0612,-11.9058,-1.3021,-22.1865,-11.9074,48.8661,0.2629,0.0000,BAM,-21.5965,-11.3767,-21.5385,-11.3766,0.0000,0.0000,0.000,0.000,0.0358,64.6,11.50,1,THU,NO_TX,360,BAN,0,,0
28.1713,1790253282.116421,0.0200,1,325.00,246.00,0.751,-21.9365,-11.7759,-22.0102,1.7027,-11.8195,0.2414,-22.0054,-11.8194,48.8661,0.2629,0.0000,BAM,-21.5965,-11.3767,-21.5385,-11.3766,0.0000,0.0000,0.000,0.000,0.4551,45.2,7.81,1,THU,NO_TX,360,BAN,0,,0
28.1914,1790253282.136482,0.0201,0,325.00,246.00,0.751,,,-21.9760,1.7027,-11.8146,0.2414,-21.9726,-11.8146,48.8661,0.2629,0.0000,BAM,-21.5965,-11.3767,-21.5385,-11.3766,0.0000,0.0000,0.000,0.000,0.4551,45.2,7.81,1,THU,NO_TX,360,BAN,0,,0
28.2115,1790253282.156577,0.0201,0,325.00,246.00,0.751,,,-21.9418,1.7027,-11.8098,0.2414,-21.9391,-11.8098,48.8661,0.2629,0.0000,BAM,-21.5965,-11.3767,-21.5385,-11.3766,0.0000,0.0000,0.000,0.000,0.4551,45.2,7.81,1,THU,NO_TX,360,BAN,0,,0
28.2318,1790253282.176891,0.0203,1,326.00,245.75,0.761,-22.0045,-11.7592,-21.9870,0.6653,-11.7677,0.7169,-21.9867,-11.7674,48.8661,0.2629,0.0000,BAM,-21.5965,-11.3767,-21.5385,-11.3766,0.0000,0.0000,0.000,0.000,0.0358,64.9,8.31,1,THU,NO_TX,360,BAN,0,,0
28.2523,1790253282.197380,0.0205,0,326.00,245.75,0.761,,,-21.9734,0.6653,-11.7530,0.7169,-21.9732,-11.7528,48.8661,0.2629,0.0000,BAM,-21.5965,-11.3767,-21.5385,-11.3766,0.0000,0.0000,0.000,0.000,0.0358,64.9,8.31,1,THU,NO_TX,360,BAN,0,,0
28.2728,1790253282.217906,0.0205,0,326.00,245.75,0.761,,,-21.9597,0.6653,-11.7383,0.7169,-21.9596,-11.7381,48.8661,0.2629,0.0000,BAM,-21.5965,-11.3767,-21.5385,-11.3766,0.0000,0.0000,0.000,0.000,0.0358,64.9,8.31,1,THU,NO_TX,360,BAN,0,,0
28.2930,1790253282.238094,0.0202,1,328.00,246.75,0.761,-22.1406,-11.8255,-22.1065,-1.3455,-11.8070,-0.3099,-22.1090,-11.8071,48.8661,0.2629,0.0000,BAM,-21.5965,-11.3767,-21.5385,-11.3766,0.0000,0.0000,0.000,0.000,0.1453,65.0,10.47,1,THU,NO_TX,360,BAN,0,,0
28.3131,1790253282.258155,0.0201,0,328.00,246.75,0.761,,,-22.1335,-1.3455,-11.8133,-0.3099,-22.1353,-11.8133,48.8661,0.2629,0.0000,BAM,-21.5965,-11.3767,-21.5385,-11.3766,0.0000,0.0000,0.000,0.000,0.1453,65.0,10.47,1,THU,NO_TX,360,BAN,0,,0
28.3340,1790253282.279037,0.0209,0,328.00,246.75,0.761,,,-22.1616,-1.3455,-11.8197,-0.3099,-22.1630,-11.8197,48.8661,0.2629,0.0000,BAM,-21.5965,-11.3767,-21.5385,-11.3766,0.0000,0.0000,0.000,0.000,0.1453,65.0,10.47,1,THU,NO_TX,360,BAN,0,,0
28.3540,1790253282.299116,0.0201,1,326.50,244.75,0.762,-22.0384,-11.6926,-22.0650,0.2129,-11.7170,1.0392,-22.0649,-11.7159,48.8661,0.2629,0.0000,BAM,-21.5965,-11.3767,-21.5385,-11.3766,0.0000,0.0000,0.000,0.000,0.1216,48.4,8.05,1,THU,NO_TX,360,BAN,0,,0
28.3741,1790253282.319170,0.0201,0,326.50,244.75,0.762,,,-22.0607,0.2129,-11.6962,1.0392,-22.0607,-11.6954,48.8661,0.2629,0.0000,BAM,-21.5965,-11.3767,-21.5385,-11.3766,0.0000,0.0000,0.000,0.000,0.1216,48.4,8.05,1,THU,NO_TX,360,BAN,0,,0
28.3943,1790253282.339315,0.0201,0,326.50,244.75,0.762,,,-22.0564,0.2129,-11.6753,1.0392,-22.0564,-11.6746,48.8661,0.2629,0.0000,BAM,-21.5965,-11.3767,-21.5385,-11.3766,0.0000,0.0000,0.000,0.000,0.1216,48.4,8.05,1,THU,NO_TX,360,BAN,0,,0
28.4148,1790253282.359839,0.0205,1,326.00,247.75,0.747,-22.0047,-11.8923,-22.0131,0.7049,-11.8484,-1.3773,-22.0127,-11.8510,48.8661,0.2629,0.0000,BAM,-21.5965,-11.3767,-21.5385,-11.3766,0.0000,0.0000,0.000,0.000,0.1740,62.9,9.80,1,THU,NO_TX,360,BAN,0,,0
28.4349,1790253282.379909,0.0201,0,326.00,247.75,0.747,,,-21.9989,0.7049,-11.8762,-1.3773,-21.9986,-11.8780,48.8661,0.2629,0.0000,BAM,-21.5965,-11.3767,-21.5385,-11.3766,0.0000,0.0000,0.000,0.000,0.1740,62.9,9.80,1,THU,NO_TX,360,BAN,0,,0
28.4558,1790253282.400832,0.0209,1,327.75,246.00,0.753,-22.1235,-11.7756,-22.0861,-0.7486,-11.8112,-0.0694,-22.0866,-11.8112,48.8661,0.2629,0.0000,BAM,-21.5965,-11.3767,-21.5385,-11.3766,0.0000,0.0000,0.000,0.000,0.1640,48.7,9.80,1,THU,NO_TX,360,BAN,0,,0
28.4759,1790253282.420924,0.0201,0,327.75,246.00,0.753,,,-22.1012,-0.7486,-11.8126,-0.0694,-22.1015,-11.8126,48.8661,0.2629,0.0000,BAM,-21.5965,-11.3767,-21.5385,-11.3766,0.0000,0.0000,0.000,0.000,0.1640,48.7,9.80,1,THU,NO_TX,360,BAN,0,,0
28.4960,1790253282.441023,0.0201,0,327.75,246.00,0.753,,,-22.1163,-0.7486,-11.8140,-0.0694,-22.1165,-11.8140,48.8661,0.2629,0.0000,BAM,-21.5965,-11.3767,-21.5385,-11.3766,0.0000,0.0000,0.000,0.000,0.1640,48.7,9.80,1,THU,NO_TX,360,BAN,0,,0
28.5165,1790253282.461591,0.0205,1,325.75,246.00,0.758,-21.9875,-11.7759,-22.0134,0.7765,-11.7832,0.3395,-22.0129,-11.7832,48.8661,0.2629,0.0000,BAM,-21.5965,-11.3767,-21.5385,-11.3766,0.0000,0.0000,0.000,0.000,0.0695,62.6,8.31,1,THU,NO_TX,360,BAN,0,,0
28.5368,1790253282.481829,0.0202,0,325.75,246.00,0.758,,,-21.9977,0.7765,-11.7764,0.3395,-21.9973,-11.7764,48.8661,0.2629,0.0000,BAM,-21.5965,-11.3767,-21.5385,-11.3766,0.0000,0.0000,0.000,0.000,0.0695,62.6,8.31,1,THU,NO_TX,360,BAN,0,,0
28.5573,1790253282.502399,0.0206,0,325.75,246.00,0.758,,,-21.9817,0.7765,-11.7694,0.3395,-21.9814,-11.7694,48.8661,0.2629,0.0000,BAM,-21.5965,-11.3767,-21.5385,-11.3766,0.0000,0.0000,0.000,0.000,0.0695,62.6,8.31,1,THU,NO_TX,360,BAN,0,,0
28.5775,1790253282.522572,0.0202,1,325.00,245.00,0.745,-21.9364,-11.7094,-21.9417,1.0824,-11.7191,0.8762,-21.9404,-11.7184,48.8661,0.2629,0.0000,BAM,-21.5965,-11.3767,-21.5385,-11.3766,0.0000,0.0000,0.000,0.000,0.0110,65.4,7.07,1,THU,NO_TX,360,BAN,0,,0
28.5976,1790253282.542718,0.0201,0,325.00,245.00,0.745,,,-21.9199,1.0824,-11.7015,0.8762,-21.9189,-11.7010,48.8661,0.2629,0.0000,BAM,-21.5965,-11.3767,-21.5385,-11.3766,0.0000,0.0000,0.000,0.000,0.0110,65.4,7.07,1,THU,NO_TX,360,BAN,0,,0
28.6177,1790253282.562801,0.0201,0,325.00,245.00,0.745,,,-21.8981,1.0824,-11.6839,0.8762,-21.8974,-11.6835,48.8661,0.2629,0.0000,BAM,-21.5965,-11.3767,-21.5385,-11.3766,0.0000,0.0000,0.000,0.000,0.0110,65.4,7.07,1,THU,NO_TX,360,BAN,0,,0
28.6383,1790253282.583341,0.0205,1,326.00,247.50,0.756,-22.0047,-11.8757,-21.9818,-0.2544,-11.8370,-1.2480,-21.9818,-11.8389,48.8661,0.2629,0.0000,BAM,-21.5965,-11.3767,-21.5385,-11.3766,0.0000,0.0000,0.000,0.000,0.1809,46.9,9.60,1,THU,NO_TX,360,BAN,0,,0
28.6584,1790253282.603441,0.0201,0,326.00,247.50,0.756,,,-21.9869,-0.2544,-11.8621,-1.2480,-21.9869,-11.8634,48.8661,0.2629,0.0000,BAM,-21.5965,-11.3767,-21.5385,-11.3766,0.0000,0.0000,0.000,0.000,0.1809,46.9,9.60,1,THU,NO_TX,360,BAN,0,,0
28.6786,1790253282.623574,0.0202,0,326.00,247.50,0.756,,,-21.9920,-0.2544,-11.8873,-1.2480,-21.9920,-11.8884,48.8661,0.2629,0.0000,BAM,-21.5965,-11.3767,-21.5385,-11.3766,0.0000,0.0000,0.000,0.000,0.1809,46.9,9.60,1,THU,NO_TX,360,BAN,0,,0
28.6987,1790253282.643689,0.0201,1,328.00,246.00,0.754,-22.1405,-11.7756,-22.1149,-1.7458,-11.8010,0.1390,-22.1202,-11.8010,48.8661,0.2629,0.0000,BAM,-21.5965,-11.3767,-21.5385,-11.3766,0.0000,0.0000,0.000,0.000,0.1193,63.3,10.00,1,THU,NO_TX,360,BAN,0,,0
28.7188,1790253282.663877,0.0201,0,328.00,246.00,0.754,,,-22.1501,-1.7458,-11.7982,0.1390,-22.1539,-11.7982,48.8661,0.2629,0.0000,BAM,-21.5965,-11.3767,-21.5385,-11.3766,0.0000,0.0000,0.000,0.000,0.1193,63.3,10.00,1,THU,NO_TX,360,BAN,0,,0
28.7391,1790253282.684212,0.0203,0,328.00,246.00,0.754,,,-22.1856,-1.7458,-11.7953,0.1390,-22.1885,-11.7953,48.8661,0.2629,0.0000,BAM,-21.5965,-11.3767,-21.5385,-11.3766,0.0000,0.0000,0.000,0.000,0.1193,63.3,10.00,1,THU,NO_TX,360,BAN,0,,0
28.7592,1790253282.704228,0.0200,1,327.75,248.00,0.758,-22.1238,-11.9088,-22.1410,-0.7395,-11.8873,-1.0399,-22.1414,-11.8884,48.8661,0.2629,0.0000,BAM,-21.5965,-11.3767,-21.5385,-11.3766,0.0000,0.0000,0.000,0.000,0.0689,64.5,11.14,1,THU,NO_TX,360,BAN,0,,0
28.7792,1790253282.724302,0.0201,0,327.75,248.00,0.758,,,-22.1559,-0.7395,-11.9082,-1.0399,-22.1561,-11.9090,48.8661,0.2629,0.0000,BAM,-21.5965,-11.3767,-21.5385,-11.3766,0.0000,0.0000,0.000,0.000,0.0689,64.5,11.14,1,THU,NO_TX,360,BAN,0,,0
28.7994,1790253282.744436,0.0201,1,326.00,248.00,0.747,-22.0047,-11.9090,-22.0500,0.9891,-11.9146,-0.8368,-22.0490,-11.9152,48.8661,0.2629,0.0000,BAM,-21.5965,-11.3767,-21.5385,-11.3766,0.0000,0.0000,0.000,0.000,0.1327,46.4,10.00,1,THU,NO_TX,360,BAN,0,,0
28.8200,1790253282.765044,0.0206,0,326.00,248.00,0.747,,,-22.0296,0.9891,-11.9319,-0.8368,-22.0289,-11.9323,48.8661,0.2629,0.0000,BAM,-21.5965,-11.3767,-21.5385,-11.3766,0.0000,0.0000,0.000,0.000,0.1327,46.4,10.00,1,THU,NO_TX,360,BAN,0,,0
28.8404,1790253282.785428,0.0204,0,326.00,248.00,0.747,,,-22.0094,0.9891,-11.9490,-0.8368,-22.0089,-11.9493,48.8661,0.2629,0.0000,BAM,-21.5965,-11.3767,-21.5385,-11.3766,0.0000,0.0000,0.000,0.000,0.1327,46.4,10.00,1,THU,NO_TX,360,BAN,0,,0
28.8609,1790253282.805927,0.0205,0,326.00,248.00,0.747,,,-21.9892,0.9891,-11.9661,-0.8368,-21.9887,-11.9664,48.8661,0.2629,0.0000,BAM,-21.5965,-11.3767,-21.5385,-11.3766,0.0000,0.0000,0.000,0.000,0.1327,46.4,10.00,1,THU,NO_TX,360,BAN,0,,0
28.8810,1790253282.826037,0.0201,1,327.00,248.00,0.736,-22.0727,-11.9089,-22.0606,-0.0309,-11.9180,-0.1206,-22.0606,-11.9180,48.8661,0.2629,0.0000,BAM,-21.5965,-11.3767,-21.5385,-11.3766,0.0000,0.0000,0.000,0.000,0.0326,64.9,10.63,1,THU,NO_TX,360,BAN,0,,0
28.9016,1790253282.846662,0.0206,0,327.00,248.00,0.736,,,-22.0613,-0.0309,-11.9205,-0.1206,-22.0613,-11.9205,48.8661,0.2629,0.0000,BAM,-21.5965,-11.3767,-21.5385,-11.3766,0.0000,0.0000,0.000,0.000,0.0326,64.9,10.63,1,THU,NO_TX,360,BAN,0,,0
28.9221,1790253282.867177,0.0205,0,327.00,248.00,0.736,,,-22.0619,-0.0309,-11.9229,-0.1206,-22.0619,-11.9229,48.8661,0.2629,0.0000,BAM,-21.5965,-11.3767,-21.5385,-11.3766,0.0000,0.0000,0.000,0.000,0.0326,64.9,10.63,1,THU,NO_TX,360,BAN,0,,0
28.9423,1790253282.887341,0.0202,1,326.25,247.00,0.752,-22.0216,-11.8424,-22.0288,0.3893,-11.8575,0.7097,-22.0288,-11.8572,48.8661,0.2629,0.0000,BAM,-21.5965,-11.3767,-21.5385,-11.3766,0.0000,0.0000,0.000,0.000,0.0252,65.2,9.38,1,THU,NO_TX,360,BAN,0,,0
28.9627,1790253282.907748,0.0204,0,326.25,247.00,0.752,,,-22.0209,0.3893,-11.8431,0.7097,-22.0208,-11.8428,48.8661,0.2629,0.0000,BAM,-21.5965,-11.3767,-21.5385,-11.3766,0.0000,0.0000,0.000,0.000,0.0252,65.2,9.38,1,THU,NO_TX,360,BAN,0,,0
28.9828,1790253282.927909,0.0202,1,328.00,248.00,0.747,-22.1408,-11.9088,-22.1063,-0.9483,-11.8866,-0.1025,-22.1071,-11.8866,48.8661,0.2629,0.0000,BAM,-21.5965,-11.3767,-21.5385,-11.3766,0.0000,0.0000,0.000,0.000,0.1051,46.0,11.31,1,THU,NO_TX,360,BAN,0,,0
29.0029,1790253282.947963,0.0201,0,328.00,248.00,0.747,,,-22.1253,-0.9483,-11.8886,-0.1025,-22.1259,-11.8886,48.8661,0.2629,0.0000,BAM,-21.5965,-11.3767,-21.5385,-11.3766,0.0000,0.0000,0.000,0.000,0.1051,46.0,11.31,1,THU,NO_TX,360,BAN,0,,0
29.0235,1790253282.968592,0.0206,0,328.00,248.00,0.747,,,-22.1448,-0.9483,-11.8907,-0.1025,-22.1453,-11.8907,48.8661,0.2629,0.0000,BAM,-21.5965,-11.3767,-21.5385,-11.3766,0.0000,0.0000,0.000,0.000,0.1051,46.0,11.31,1,THU,NO_TX,360,BAN,0,,0
29.0441,1790253282.989127,0.0205,1,329.00,247.50,0.756,-22.2087,-11.8753,-22.2009,-1.4188,-11.8786,0.0786,-22.2038,-11.8786,48.8661,0.2629,0.0000,BAM,-21.5965,-11.3767,-21.5385,-11.3766,0.0000,0.0000,0.000,0.000,0.0070,62.9,11.72,1,THU,NO_TX,360,BAN,0,,0
29.0642,1790253283.009260,0.0201,0,329.00,247.50,0.756,,,-22.2294,-1.4188,-11.8770,0.0786,-22.2315,-11.8770,48.8661,0.2629,0.0000,BAM,-21.5965,-11.3767,-21.5385,-11.3766,0.0000,0.0000,0.000,0.000,0.0070,62.9,11.72,1,THU,NO_TX,360,BAN,0,,0
29.0848,1790253283.029839,0.0206,0,329.00,247.50,0.756,,,-22.2586,-1.4188,-11.8754,0.0786,-22.2602,-11.8754,48.8661,0.2629,0.0000,BAM,-21.5965,-11.3767,-21.5385,-11.3766,0.0000,0.0000,0.000,0.000,0.0070,62.9,11.72,1,THU,NO_TX,360,BAN,0,,0
29.1051,1790253283.050096,0.0204,1,328.25,248.50,0.760,-22.1578,-11.9420,-22.1807,-0.0782,-11.9295,-0.6097,-22.1807,-11.9297,48.4297,0.2630,0.0182,BAM,-21.5965,-11.3767,-21.5385,-11.3766,0.0000,0.0000,0.000,0.000,0.0653,65.5,11.85,1,THU,NO_TX,360,BAN,0,,0
29.1256,1790253283.070681,0.0205,0,328.25,248.50,0.760,,,-22.1823,-0.0782,-11.9420,-0.6097,-22.1823,-11.9422,48.4297,0.2630,0.0182,BAM,-21.5965,-11.3767,-21.5385,-11.3766,0.0000,0.0000,0.000,0.000,0.0653,65.5,11.85,1,THU,NO_TX,360,BAN,0,,0
29.1466,1790253283.091638,0.0210,0,328.25,248.50,0.760,,,-22.1840,-0.0782,-11.9548,-0.6097,-22.1840,-11.9549,48.4297,0.2630,0.0182,BAM,-21.5965,-11.3767,-21.5385,-11.3766,0.0000,0.0000,0.000,0.000,0.0653,65.5,11.85,1,THU,NO_TX,360,BAN,0,,0
29.1672,1790253283.112228,0.0206,1,327.00,248.00,0.752,-22.0727,-11.9089,-22.0923,1.0902,-11.9194,-0.0192,-22.0910,-11.9194,48.4297,0.2630,0.0182,BAM,-21.5965,-11.3767,-21.5385,-11.3766,0.0000,0.0000,0.000,0.000,0.0482,48.5,10.63,1,THU,NO_TX,360,BAN,0,,0
29.1875,1790253283.132614,0.0204,0,327.00,248.00,0.752,,,-22.0701,1.0902,-11.9198,-0.0192,-22.0691,-11.9198,48.4297,0.2630,0.0182,BAM,-21.5965,-11.3767,-21.5385,-11.3766,0.0000,0.0000,0.000,0.000,0.0482,48.5,10.63,1,THU,NO_TX,360,BAN,0,,0
29.2078,1790253283.152849,0.0203,0,327.00,248.00,0.752,,,-22.0479,1.0902,-11.9202,-0.0192,-22.0472,-11.9202,48.4297,0.2630,0.0182,BAM,-21.5965,-11.3767,-21.5385,-11.3766,0.0000,0.0000,0.000,0.000,0.0482,48.5,10.63,1,THU,NO_TX,360,BAN,0,,0
29.2280,1790253283.173041,0.0201,1,326.50,248.00,0.742,-22.0387,-11.9089,-22.0365,0.9579,-11.9111,0.0985,-22.0356,-11.9111,48.4297,0.2630,0.0006,BAM,-21.5965,-11.3767,-21.5385,-11.3766,0.0000,0.0000,0.000,0.000,0.0009,64.7,10.31,1,THU,NO_TX,360,BAN,0,,0
29.2481,1790253283.193162,0.0201,0,326.50,248.00,0.742,,,-22.0172,0.9579,-11.9091,0.0985,-22.0166,-11.9091,48.4297,0.2630,0.0006,BAM,-21.5965,-11.3767,-21.5385,-11.3766,0.0000,0.0000,0.000,0.000,0.0009,64.7,10.31,1,THU,NO_TX,360,BAN,0,,0
29.2682,1790253283.213284,0.0201,1,327.75,247.00,0.749,-22.1236,-11.8422,-22.0894,-0.3514,-11.8604,0.7539,-22.0894,-11.8599,48.4297,0.2630,0.0006,BAM,-21.5965,-11.3767,-21.5385,-11.3766,0.0000,0.0000,0.000,0.000,0.0938,47.5,10.44,1,THU,NO_TX,360,BAN,0,,0
29.2887,1790253283.233779,0.0205,0,327.75,247.00,0.749,,,-22.0966,-0.3514,-11.8449,0.7539,-22.0966,-11.8446,48.4297,0.2630,0.0006,BAM,-21.5965,-11.3767,-21.5385,-11.3766,0.0000,0.0000,0.000,0.000,0.0938,47.5,10.44,1,THU,NO_TX,360,BAN,0,,0
29.3090,1790253283.254089,0.0203,0,327.75,247.00,0.749,,,-22.1037,-0.3514,-11.8296,0.7539,-22.1038,-11.8293,48.4297,0.2630,0.0006,BAM,-21.5965,-11.3767,-21.5385,-11.3766,0.0000,0.0000,0.000,0.000,0.0938,47.5,10.44,1,THU,NO_TX,360,BAN,0,,0
29.3291,1790253283.274204,0.0201,1,327.25,248.75,0.745,-22.0898,-11.9588,-22.0936,-0.1295,-11.9319,-0.7385,-22.0936,-11.9323,48.4297,0.2630,0.0006,BAM,-21.5965,-11.3767,-21.5385,-11.3766,0.0000,0.0000,0.000,0.000,0.0632,63.5,11.36,1,THU,NO_TX,360,BAN,0,,0
29.3492,1790253283.294250,0.0200,0,327.25,248.75,0.745,,,-22.0962,-0.1295,-11.9467,-0.7385,-22.0962,-11.9470,48.4297,0.2630,0.0006,BAM,-21.5965,-11.3767,-21.5385,-11.3766,0.0000,0.0000,0.000,0.000,0.0632,63.5,11.36,1,THU,NO_TX,360,BAN,0,,0
29.3698,1790253283.314826,0.0206,0,327.25,248.75,0.745,,,-22.0988,-0.1295,-11.9619,-0.7385,-22.0988,-11.9621,48.4297,0.2630,0.0003,BAM,-21.5965,-11.3767,-21.5385,-11.3766,0.0000,0.0000,0.000,0.000,0.0632,63.5,11.36,1,THU,NO_TX,360,BAN,0,,0
29.3899,1790253283.335000,0.0202,0,327.25,248.75,0.745,,,-22.1015,-0.1295,-11.9768,-0.7385,-22.1015,-11.9770,48.4297,0.2630,0.0003,BAM,-21.5965,-11.3767,-21.5385,-11.3766,0.0000,0.0000,0.000,0.000,0.0632,63.5,11.36,1,THU,NO_TX,360,BAN,0,,0
29.4100,1790253283.355087,0.0201,1,327.75,247.25,0.754,-22.1237,-11.8589,-22.1214,-0.3205,-11.8753,0.5287,-22.1214,-11.8752,48.4297,0.2630,0.0003,BAM,-21.5965,-11.3767,-21.5385,-11.3766,0.0000,0.0000,0.000,0.000,0.0357,65.2,10.61,1,THU,NO_TX,360,BAN,0,,0
29.4303,1790253283.375368,0.0203,0,327.75,247.25,0.754,,,-22.1278,-0.3205,-11.8646,0.5287,-22.1279,-11.8645,48.4297,0.2630,0.0003,BAM,-21.5965,-11.3767,-21.5385,-11.3766,0.0000,0.0000,0.000,0.000,0.0357,65.2,10.61,1,THU,NO_TX,360,BAN,0,,0
29.4504,1790253283.395458,0.0201,1,326.75,246.25,0.755,-22.0555,-11.7924,-22.0769,0.4848,-11.8095,1.1385,-22.0768,-11.8081,48.4297,0.2630,0.0003,BAM,-21.5965,-11.3767,-21.5385,-11.3766,0.0000,0.0000,0.000,0.000,0.0461,45.8,9.20,1,THU,NO_TX,360,BAN,0,,0
29.4704,1790253283.415510,0.0201,0,326.75,246.25,0.755,,,-22.0672,0.4848,-11.7867,1.1385,-22.0671,-11.7857,48.4297,0.2630,0.0002,BAM,-21.5965,-11.3767,-21.5385,-11.3766,0.0000,0.0000,0.000,0.000,0.0461,45.8,9.20,1,THU,NO_TX,360,BAN,0,,0
29.4906,1790253283.435749,0.0202,0,326.75,246.25,0.755,,,-22.0574,0.4848,-11.7637,1.1385,-22.0573,-11.7629,48.4297,0.2630,0.0002,BAM,-21.5965,-11.3767,-21.5385,-11.3766,0.0000,0.0000,0.000,0.000,0.0461,45.8,9.20,1,THU,NO_TX,360,BAN,0,,0
29.5108,1790253283.455848,0.0202,1,325.75,247.00,0.738,-21.9876,-11.8424,-21.9984,1.1249,-11.8234,0.0799,-21.9969,-11.8234,48.4297,0.2630,0.0002,BAM,-21.5965,-11.3767,-21.5385,-11.3766,0.0000,0.0000,0.000,0.000,0.0422,64.4,9.06,1,THU,NO_TX,360,BAN,0,,0
29.5308,1790253283.475900,0.0201,0,325.75,247.00,0.738,,,-21.9758,1.1249,-11.8218,0.0799,-21.9748,-11.8218,48.4297,0.2630,0.0002,BAM,-21.5965,-11.3767,-21.5385,-11.3766,0.0000,0.0000,0.000,0.000,0.0422,64.4,9.06,1,THU,NO_TX,360,BAN,0,,0
29.5509,1790253283.495960,0.0201,0,325.75,247.00,0.738,,,-21.9533,1.1249,-11.8202,0.0799,-21.9525,-11.8202,48.4297,0.2630,0.0002,BAM,-21.5965,-11.3767,-21.5385,-11.3766,0.0000,0.0000,0.000,0.000,0.0422,64.4,9.06,1,THU,NO_TX,360,BAN,0,,0
29.5712,1790253283.516231,0.0203,1,327.75,248.00,0.765,-22.1238,-11.9088,-22.0893,-0.8788,-11.8921,-0.8325,-22.0900,-11.8927,48.4297,0.2630,0.0002,BAM,-21.5965,-11.3767,-21.5385,-11.3766,0.0000,0.0000,0.000,0.000,0.1401,64.6,11.14,1,THU,NO_TX,360,BAN,0,,0
29.5916,1790253283.536690,0.0205,0,327.75,248.00,0.765,,,-22.1073,-0.8788,-11.9091,-0.8325,-22.1078,-11.9096,48.4297,0.2630,0.0001,BAM,-21.5965,-11.3767,-21.5385,-11.3766,0.0000,0.0000,0.000,0.000,0.1401,64.6,11.14,1,THU,NO_TX,360,BAN,0,,0
29.6121,1790253283.557124,0.0204,0,327.75,248.00,0.765,,,-22.1252,-0.8788,-11.9261,-0.8325,-22.1256,-11.9265,48.4297,0.2630,0.0001,BAM,-21.5965,-11.3767,-21.5385,-11.3766,0.0000,0.0000,0.000,0.000,0.1401,64.6,11.14,1,THU,NO_TX,360,BAN,0,,0
29.6324,1790253283.577509,0.0204,1,327.25,245.50,0.737,-22.0895,-11.7424,-22.0989,-0.3222,-11.7791,1.1976,-22.0989,-11.7774,48.4297,0.2630,0.0001,BAM,-21.5965,-11.3767,-21.5385,-11.3766,0.0000,0.0000,0.000,0.000,0.1261,47.2,9.10,1,THU,NO_TX,360,BAN,0,,0
29.6525,1790253283.597596,0.0201,0,327.25,245.50,0.737,,,-22.1054,-0.3222,-11.7550,1.1976,-22.1054,-11.7538,48.4297,0.2630,0.0001,BAM,-21.5965,-11.3767,-21.5385,-11.3766,0.0000,0.0000,0.000,0.000,0.1261,47.2,9.10,1,THU,NO_TX,360,BAN,0,,0
29.6739,1790253283.619105,0.0213,0,327.25,245.50,0.737,,,-22.1122,-0.3222,-11.7294,1.1976,-22.1123,-11.7285,48.4297,0.2630,0.0001,BAM,-21.5965,-11.3767,-21.5385,-11.3766,0.0000,0.0000,0.000,0.000,0.1261,47.2,9.10,1,THU,NO_TX,360,BAN,0,,0
29.6941,1790253283.639201,0.0203,1,328.50,247.75,0.752,-22.1748,-11.8920,-22.1650,-0.9026,-11.8583,-0.6926,-22.1658,-11.8586,48.4297,0.2630,0.0001,BAM,-21.5965,-11.3767,-21.5385,-11.3766,0.0000,0.0000,0.000,0.000,0.1101,64.0,11.50,1,THU,NO_TX,360,BAN,0,,0
29.7142,1790253283.659285,0.0201,0,328.50,247.75,0.752,,,-22.1832,-0.9026,-11.8722,-0.6926,-22.1837,-11.8724,48.4297,0.2630,0.0001,BAM,-21.5965,-11.3767,-21.5385,-11.3766,0.0000,0.0000,0.000,0.000,0.1101,64.0,11.50,1,THU,NO_TX,360,BAN,0,,0
29.7343,1790253283.679348,0.0201,0,328.50,247.75,0.752,,,-22.2013,-0.9026,-11.8861,-0.6926,-22.2017,-11.8863,48.4297,0.2630,0.0001,BAM,-21.5965,-11.3767,-21.5385,-11.3766,0.0000,0.0000,0.000,0.000,0.1101,64.0,11.50,1,THU,NO_TX,360,BAN,0,,0
29.7544,1790253283.699483,0.0201,1,327.75,246.75,0.752,-22.1236,-11.8256,-22.1408,0.0937,-11.8394,0.0625,-22.1408,-11.8394,48.4297,0.2630,0.0001,BAM,-21.5965,-11.3767,-21.5385,-11.3766,0.0000,0.0000,0.000,0.000,0.0450,64.0,10.28,1,THU,NO_TX,360,BAN,0,,0
29.7746,1790253283.719633,0.0202,0,327.75,246.75,0.752,,,-22.1389,0.0937,-11.8381,0.0625,-22.1389,-11.8381,48.4297,0.2630,0.0001,BAM,-21.5965,-11.3767,-21.5385,-11.3766,0.0000,0.0000,0.000,0.000,0.0450,64.0,10.28,1,THU,NO_TX,360,BAN,0,,0
29.7947,1790253283.739772,0.0201,1,328.50,246.25,0.749,-22.1746,-11.7922,-22.1643,-0.2978,-11.8047,0.5142,-22.1644,-11.8045,48.4297,0.2630,0.0001,BAM,-21.5965,-11.3767,-21.5385,-11.3766,0.0000,0.0000,0.000,0.000,0.0156,49.3,10.55,1,THU,NO_TX,360,BAN,0,,0
29.8151,1790253283.760216,0.0204,0,328.50,246.25,0.749,,,-22.1704,-0.2978,-11.7942,0.5142,-22.1704,-11.7941,48.4297,0.2630,0.0001,BAM,-21.5965,-11.3767,-21.5385,-11.3766,0.0000,0.0000,0.000,0.000,0.0156,49.3,10.55,1,THU,NO_TX,360,BAN,0,,0
29.8358,1790253283.780827,0.0207,0,328.50,246.25,0.749,,,-22.1766,-0.2978,-11.7835,0.5142,-22.1766,-11.7835,48.4297,0.2630,0.0000,BAM,-21.5965,-11.3767,-21.5385,-11.3766,0.0000,0.0000,0.000,0.000,0.0156,49.3,10.55,1,THU,NO_TX,360,BAN,0,,0
29.8558,1790253283.801419,0.0200,1,326.00,247.50,0.754,-22.0047,-11.8757,-22.0363,1.5843,-11.8567,-0.5444,-22.0323,-11.8569,48.4297,0.2630,0.0000,BAM,-21.5965,-11.3767,-21.5385,-11.3766,0.0000,0.0000,0.000,0.000,0.1291,62.3,9.60,1,THU,NO_TX,360,BAN,0,,0
29.8759,1790253283.820989,0.0201,0,326.00,247.50,0.754,,,-22.0045,1.5843,-11.8677,-0.5444,-22.0016,-11.8678,48.4297,0.2630,0.0000,BAM,-21.5965,-11.3767,-21.5385,-11.3766,0.0000,0.0000,0.000,0.000,0.1291,62.3,9.60,1,THU,NO_TX,360,BAN,0,,0
29.8960,1790253283.841041,0.0200,0,326.00,247.50,0.754,,,-21.9728,1.5843,-11.8786,-0.5444,-21.9705,-11.8787,48.4297,0.2630,0.0000,BAM,-21.5965,-11.3767,-21.5385,-11.3766,0.0000,0.0000,0.000,0.000,0.1291,62.3,9.60,1,THU,NO_TX,360,BAN,0,,0
29.9161,1790253283.861176,0.0201,0,326.00,247.50,0.754,,,-21.9408,1.5843,-11.8895,-0.5444,-21.9390,-11.8896,48.4297,0.2630,0.0000,BAM,-21.5965,-11.3767,-21.5385,-11.3766,0.0000,0.0000,0.000,0.000,0.1291,62.3,9.60,1,THU,NO_TX,360,BAN,0,,0
29.9363,1790253283.881342,0.0202,1,326.00,246.75,0.737,-22.0046,-11.8258,-21.9931,0.6512,-11.8351,0.1699,-21.9929,-11.8351,48.4297,0.2630,0.0000,BAM,-21.5965,-11.3767,-21.5385,-11.3766,0.0000,0.0000,0.000,0.000,0.0302,64.8,9.03,1,THU,NO_TX,360,BAN,0,,0
29.9564,1790253283.901428,0.0201,0,326.00,246.75,0.737,,,-21.9801,0.6512,-11.8317,0.1699,-21.9799,-11.8317,48.4297,0.2630,0.0000,BAM,-21.5965,-11.3767,-21.5385,-11.3766,0.0000,0.0000,0.000,0.000,0.0302,64.8,9.03,1,THU,NO_TX,360,BAN,0,,0
29.9768,1790253283.921840,0.0204,1,326.00,246.00,0.753,-22.0045,-11.7758,-21.9943,0.2648,-11.7904,0.6892,-21.9943,-11.7900,48.4297,0.2630,0.0000,BAM,-21.5965,-11.3767,-21.5385,-11.3766,0.0000,0.0000,0.000,0.000,0.0188,48.1,8.49,1,THU,NO_TX,360,BAN,0,,0
29.9968,1790253283.941864,0.0200,0,326.00,246.00,0.753,,,-21.9890,0.2648,-11.7766,0.6892,-21.9890,-11.7763,48.4297,0.2630,0.0000,BAM,-21.5965,-11.3767,-21.5385,-11.3766,0.0000,0.0000,0.000,0.000,0.0188,48.1,8.49,1,THU,NO_TX,360,BAN,0,,0
30.0177,1790253283.962765,0.0209,0,326.00,246.00,0.753,,,-21.9835,0.2648,-11.7622,0.6892,-21.9835,-11.7620,48.4297,0.2630,0.0000,BAM,-21.5965,-11.3767,-21.5385,-11.3766,0.0000,0.0000,0.000,0.000,0.0188,48.1,8.49,1,THU,NO_TX,360,BAN,0,,0
30.0380,1790253283.983120,0.0204,1,327.25,248.00,0.763,-22.0898,-11.9088,-22.0700,-0.9231,-11.8793,-0.9801,-22.0708,-11.8802,48.4297,0.2630,0.0000,BAM,-21.5965,-11.3767,-21.5385,-11.3766,0.0000,0.0000,0.000,0.000,0.1141,63.5,10.80,1,THU,NO_TX,360,BAN,0,,0
30.0581,1790253284.003191,0.0201,0,327.25,248.00,0.763,,,-22.0886,-0.9231,-11.8990,-0.9801,-22.0891,-11.8997,48.4297,0.2630,0.0000,BAM,-21.5965,-11.3767,-21.5385,-11.3766,0.0000,0.0000,0.000,0.000,0.1141,63.5,10.80,1,THU,NO_TX,360,BAN,0,,0
30.0782,1790253284.023288,0.0201,0,327.25,248.00,0.763,,,-22.1071,-0.9231,-11.9187,-0.9801,-22.1076,-11.9192,48.4297,0.2630,0.0000,BAM,-21.5965,-11.3767,-21.5385,-11.3766,0.0000,0.0000,0.000,0.000,0.1141,63.5,10.80,1,THU,NO_TX,360,BAN,0,,0
30.0984,1790253284.043428,0.0202,1,324.75,246.00,0.759,-21.9195,-11.7759,-21.9564,1.2136,-11.8060,0.6623,-21.9545,-11.8058,48.4297,0.2630,0.0000,BAM,-21.5965,-11.3767,-21.5385,-11.3766,0.0000,0.0000,0.000,0.000,0.2103,63.5,7.65,1,THU,NO_TX,360,BAN,0,,0
30.1190,1790253284.064113,0.0207,0,324.75,246.00,0.759,,,-21.9313,1.2136,-11.7924,0.6623,-21.9300,-11.7922,48.4297,0.2630,0.0000,BAM,-21.5965,-11.3767,-21.5385,-11.3766,0.0000,0.0000,0.000,0.000,0.2103,63.5,7.65,1,THU,NO_TX,360,BAN,0,,0
30.1392,1790253284.084200,0.0201,0,324.75,246.00,0.759,,,-21.9068,1.2136,-11.7790,0.6623,-21.9059,-11.7789,48.4297,0.2630,0.0000,BAM,-21.5965,-11.3767,-21.5385,-11.3766,0.0000,0.0000,0.000,0.000,0.2103,63.5,7.65,1,THU,NO_TX,360,BAN,0,,0
30.1593,1790253284.104329,0.0201,1,327.00,245.25,0.747,-22.0724,-11.7258,-22.0388,-0.7588,-11.7332,1.0665,-22.0392,-11.7320,48.4297,0.2630,0.0000,BAM,-21.5965,-11.3767,-21.5385,-11.3766,0.0000,0.0000,0.000,0.000,0.1161,48.1,8.75,1,THU,NO_TX,360,BAN,0,,0
30.1793,1790253284.124387,0.0200,0,327.00,245.25,0.747,,,-22.0540,-0.7588,-11.7118,1.0665,-22.0543,-11.7109,48.4297,0.2630,0.0000,BAM,-21.5965,-11.3767,-21.5385,-11.3766,0.0000,0.0000,0.000,0.000,0.1161,48.1,8.75,1,THU,NO_TX,360,BAN,0,,0
30.1999,1790253284.144959,0.0206,0,327.00,245.25,0.747,,,-22.0696,-0.7588,-11.6898,1.0665,-22.0698,-11.6891,48.4297,0.2630,0.0000,BAM,-21.5965,-11.3767,-21.5385,-11.3766,0.0000,0.0000,0.000,0.000,0.1161,48.1,8.75,1,THU,NO_TX,360,BAN,0,,0
30.2201,1790253284.165152,0.0202,1,327.50,245.00,0.743,-22.1064,-11.7091,-22.1026,-0.9821,-11.7016,0.6529,-22.1036,-11.7013,48.4297,0.2630,0.0000,BAM,-21.5965,-11.3767,-21.5385,-11.3766,0.0000,0.0000,0.000,0.000,0.0063,63.9,9.01,1,THU,NO_TX,360,BAN,0,,0
30.2403,1790253284.185336,0.0202,0,327.50,245.00,0.743,,,-22.1224,-0.9821,-11.6884,0.6529,-22.1231,-11.6882,48.4297,0.2630,0.0000,BAM,-21.5965,-11.3767,-21.5385,-11.3766,0.0000,0.0000,0.000,0.000,0.0063,63.9,9.01,1,THU,NO_TX,360,BAN,0,,0
30.2604,1790253284.205458,0.0201,1,333.75,246.00,0.725,-22.5315,-11.7746,-22.4256,-5.0356,-11.7469,-0.3501,-22.5316,-11.7469,48.4297,0.2630,0.0000,BAM,-21.5965,-11.3767,-21.5385,-11.3766,0.0000,0.0000,0.000,0.000,0.7619,46.7,15.00,1,THU,NO_TX,360,BAN,0,,0
30.2804,1790253284.225510,0.0200,0,333.75,246.00,0.725,,,-22.5265,-5.0356,-11.7539,-0.3501,-22.6061,-11.7539,48.4297,0.2630,0.0000,BAM,-21.5965,-11.3767,-21.6396,-11.3766,-1.0096,0.0000,-5.048,0.000,0.7619,46.7,15.00,1,THU,NO_TX,360,BAN,0,,0
30.3005,1790253284.245560,0.0201,0,333.75,246.00,0.725,,,-22.6276,-5.0356,-11.7609,-0.3501,-22.6913,-11.7610,48.0694,0.2631,0.0152,BAM,-21.5965,-11.3767,-21.7496,-11.3766,-1.0948,0.0000,-5.474,0.000,0.7619,46.7,15.00,1,THU,NO_TX,360,BAN,0,,0
30.3206,1790253284.265692,0.0201,0,,,0.000,,,-22.7288,-4.5542,-11.7680,-0.3166,-22.7686,-11.7680,48.0694,0.2631,0.0152,BAM,-21.5965,-11.3767,-21.8674,-11.3766,-1.1721,0.0000,-5.861,0.000,0.7619,64.5,,1,THU,NO_TX,360,BAN,0,,0
30.3407,1790253284.285763,0.0201,0,,,0.000,,,-22.8203,-4.1190,-11.7743,-0.2864,-22.8457,-11.7743,48.0694,0.2631,0.0152,BAM,-21.5965,-11.3767,-21.9928,-11.3766,-1.2492,0.0000,-6.246,0.000,0.7619,64.5,,1,THU,NO_TX,360,BAN,0,,0
30.3614,1790253284.306513,0.0207,0,,,0.000,,,-22.9057,-3.7132,-11.7803,-0.2582,-22.9220,-11.7803,48.0694,0.2631,0.0152,BAM,-21.5965,-11.3767,-22.1303,-11.3766,-1.3256,0.0000,-6.628,0.000,0.7619,64.5,,1,THU,NO_TX,360,BAN,0,,0
30.3815,1790253284.326587,0.0201,0,,,0.000,,,-22.9803,-3.3586,-11.7855,-0.2335,-22.9910,-11.7855,48.0694,0.2631,0.0152,BAM,-21.5965,-11.3767,-22.2703,-11.3766,-1.3945,0.0000,-6.973,0.000,0.7619,64.5,,1,THU,NO_TX,360,BAN,0,,0
30.4016,1790253284.346657,0.0201,0,,,0.000,,,-23.0477,-3.0381,-11.7901,-0.2112,-23.0548,-11.7901,48.0694,0.2631,0.0152,BAM,-21.5965,-11.3767,-22.4166,-11.3766,-1.4583,0.0000,-7.292,0.000,0.7619,63.8,,1,THU,NO_TX,360,BAN,0,,0
30.4218,1790253284.366821,0.0202,0,,,0.000,,,-23.1089,-2.7466,-11.7944,-0.1910,-23.1138,-11.7944,47.1673,0.2765,0.1051,BAM,-21.6439,-11.3767,-22.5632,-11.3766,-1.4699,0.0000,-7.268,-0.000,0.7619,63.8,,1,THU,NO_TX,360,BAN,0,,0
30.4425,1790253284.387533,0.0207,0,,,0.000,,,-23.1659,-2.4760,-11.7984,-0.1721,-23.1691,-11.7984,47.1673,0.2765,0.1051,BAM,-21.7144,-11.3766,-22.7102,-11.3766,-1.4547,0.0000,-7.090,-0.000,0.7619,48.4,,1,THU,NO_TX,360,BAN,0,,0
30.4627,1790253284.407810,0.0202,0,,,0.000,,,-23.2160,-2.2377,-11.8018,-0.1556,-23.2182,-11.8018,47.1673,0.2765,0.1051,BAM,-21.8008,-11.3766,-22.8478,-11.3766,-1.4175,0.0000,-6.797,-0.000,0.7619,48.4,,1,THU,NO_TX,360,BAN,0,,0
30.4829,1790253284.427951,0.0201,0,,,0.000,,,-23.2611,-2.0233,-11.8050,-0.1407,-23.2626,-11.8050,47.1673,0.2765,0.1051,BAM,-21.9027,-11.3766,-22.9767,-11.3766,-1.3599,0.0000,-6.401,-0.000,0.7619,48.4,,1,THU,NO_TX,360,BAN,0,,0
30.5031,1790253284.448172,0.0202,0,,,0.000,,,-23.3020,-1.8288,-11.8078,-0.1271,-23.3030,-11.8078,47.1673,0.2765,0.1051,BAM,-22.0166,-11.3766,-23.0966,-11.3766,-1.2864,0.0000,-5.929,-0.000,0.7619,63.2,,1,THU,NO_TX,360,BAN,0,,0
30.5234,1790253284.468433,0.0203,0,,,0.000,,,-23.3391,-1.6525,-11.8104,-0.1149,-23.3398,-11.8104,47.1673,0.2765,0.1051,BAM,-22.1408,-11.3766,-23.2060,-11.3766,-1.1990,0.0000,-5.395,-0.000,0.7619,63.2,,1,THU,NO_TX,360,BAN,0,,0
30.5435,1790253284.488472,0.0201,0,,,0.000,,,-23.3723,-1.4946,-11.8127,-0.1039,-23.3728,-11.8127,47.1673,0.2765,0.1051,BAM,-22.2712,-11.3766,-23.3029,-11.3766,-1.1016,0.0000,-4.822,-0.000,0.7619,63.2,,1,THU,NO_TX,360,BAN,0,,0
30.5635,1790253284.508595,0.0201,0,,,0.000,,,-23.4023,-1.3519,-11.8148,-0.0940,-23.4026,-11.8148,47.1673,0.2765,0.1051,BAM,-22.4066,-11.3766,-23.2876,-11.3766,0.0000,0.0000,0.762,-0.000,0.7619,64.8,,1,THU,NO_TX,360,BAN,0,,0
30.5836,1790253284.528635,0.0200,0,,,0.000,,,-23.4294,-1.2230,-11.8167,-0.0850,-23.4296,-11.8167,47.1673,0.2765,0.1051,BAM,-22.5425,-11.3766,-23.2711,-11.3766,0.0000,0.0000,0.821,-0.000,0.7619,64.8,,1,THU,NO_TX,360,BAN,0,,0
30.6039,1790253284.548945,0.0203,0,,,0.000,,,-23.4542,-1.1049,-11.8184,-0.0768,-23.4544,-11.8184,47.1673,0.2765,0.1051,BAM,-22.6776,-11.3766,-23.2536,-11.3766,0.0000,0.0000,0.862,-0.000,0.7619,64.8,,1,THU,NO_TX,360,BAN,0,,0
30.6241,1790253284.569216,0.0203,0,,,0.000,,,-23.4766,-0.9984,-11.8200,-0.0694,-22.5315,-11.7746,47.1673,0.2765,0.1051,BAM,-22.8077,-11.3766,-23.2357,-11.3766,0.0000,0.0000,0.886,-0.000,0.7619,48.2,,1,THU,NO_TX,360,BAN,0,,0
30.6442,1790253284.589263,0.0200,0,,,0.000,,,-23.4966,-0.9032,-11.8214,-0.0628,-22.5315,-11.7746,47.1673,0.2765,0.1051,BAM,-22.9304,-11.3766,-23.2178,-11.3766,0.0000,0.0000,0.893,-0.000,0.7619,48.2,,1,THU,NO_TX,360,BAN,0,,0
30.6646,1790253284.609629,0.0204,0,,,0.000,,,-23.5150,-0.8157,-11.8226,-0.0567,-22.5315,-11.7746,47.1673,0.2765,0.1051,BAM,-23.0163,-11.3766,-23.2008,-11.3766,0.0000,0.0000,0.832,-0.000,0.7619,48.2,,1,THU,NO_TX,360,BAN,0,,0
30.6849,1790253284.630001,0.0204,0,,,0.000,,,-23.5316,-0.7367,-11.8238,-0.0512,-22.5315,-11.7746,47.1673,0.2765,0.1051,BAM,-23.0754,-11.3766,-23.1858,-11.3766,0.0000,0.0000,0.739,-0.000,0.7619,62.6,,1,THU,NO_TX,360,BAN,0,,0
30.7053,1790253284.650090,0.0203,0,,,0.000,,,-23.5466,-0.6655,-11.8248,-0.0463,-22.5315,-11.7746,47.1673,0.2765,0.1051,BAM,-23.1160,-11.3766,-23.1728,-11.3766,0.0000,0.0000,0.637,-0.000,0.7619,62.6,,1,THU,NO_TX,360,BAN,0,,0
30.7255,1790253284.670553,0.0202,0,,,0.000,,,-23.5601,-0.6015,-11.8258,-0.0418,-22.5315,-11.7746,47.1673,0.2765,0.1051,BAM,-23.1439,-11.3766,-23.1620,-11.3766,0.0000,0.0000,0.536,-0.000,0.7619,62.6,,1,THU,NO_TX,360,BAN,0,,0
30.7457,1790253284.690724,0.0202,0,,,0.000,,,-23.5722,-0.5438,-11.8266,-0.0378,-22.5315,-11.7746,47.1673,0.2765,0.1051,BAM,-23.1631,-11.3766,-23.1530,-11.3766,0.0000,0.0000,0.445,-0.000,0.7619,64.5,,1,THU,NO_TX,360,BAN,0,,0
30.7657,1790253284.710778,0.0201,0,,,0.000,,,-23.5831,-0.4919,-11.8274,-0.0342,-22.5315,-11.7746,47.1673,0.2765,0.1051,BAM,-23.1763,-11.3766,-23.1457,-11.3766,0.0000,0.0000,0.365,-0.000,0.7619,64.5,,1,THU,NO_TX,360,BAN,0,,0
30.7858,1790253284.730900,0.0201,0,,,0.000,,,-23.5930,-0.4448,-11.8281,-0.0309,-22.5315,-11.7746,47.1673,0.2765,0.1051,BAM,-23.1855,-11.3766,-23.1397,-11.3766,0.0000,0.0000,0.296,-0.000,0.7619,48.2,,1,THU,NO_TX,360,BAN,0,,0
30.8059,1790253284.751005,0.0201,0,,,0.000,,,-23.6019,-0.4023,-11.8287,-0.0280,-22.5315,-11.7746,47.1673,0.2765,0.1051,BAM,-23.1918,-11.3766,-23.1349,-11.3766,0.0000,0.0000,0.239,-0.000,0.7619,48.2,,1,THU,NO_TX,360,BAN,0,,0
30.8263,1790253284.771419,0.0204,0,,,0.000,,,-23.6101,-0.3633,-11.8292,-0.0253,-22.5315,-11.7746,47.1673,0.2765,0.1051,BAM,-23.1962,-11.3766,-23.1310,-11.3766,0.0000,0.0000,0.190,-0.000,0.7619,48.2,,1,THU,NO_TX,360,BAN,0,,0
30.8466,1790253284.791597,0.0202,0,,,0.000,,,-23.6175,-0.3284,-11.8298,-0.0228,-22.5315,-11.7746,47.1673,0.2765,0.1051,BAM,-23.1993,-11.3766,-23.1280,-11.3766,0.0000,0.0000,0.151,-0.000,0.7619,48.2,,1,THU,NO_TX,360,BAN,0,,0
30.8670,1790253284.812100,0.0205,0,,,0.000,,,-23.6242,-0.2964,-11.8302,-0.0206,-22.5315,-11.7746,47.1673,0.2765,0.1051,BAM,-23.2014,-11.3766,-23.1255,-11.3766,0.0000,0.0000,0.119,-0.000,0.7619,65.6,,1,THU,NO_TX,360,BAN,0,,0
30.8872,1790253284.832270,0.0202,0,,,0.000,,,-23.6302,-0.2680,-11.8306,-0.0186,-22.5315,-11.7746,47.1673,0.2765,0.1051,BAM,-23.2028,-11.3766,-23.1236,-11.3766,0.0000,0.0000,0.094,-0.000,0.7619,65.6,,1,THU,NO_TX,360,BAN,0,,0
30.9072,1790253284.852274,0.0200,0,,,0.000,,,-23.6356,-0.2425,-11.8310,-0.0169,-22.5315,-11.7746,47.1673,0.2765,0.1051,BAM,-23.2038,-11.3766,-23.1222,-11.3766,0.0000,0.0000,0.074,-0.000,0.7619,65.6,,1,THU,NO_TX,360,BAN,0,,0
30.9273,1790253284.872395,0.0201,0,,,0.000,,,-23.6404,-0.2193,-11.8314,-0.0152,-22.5315,-11.7746,47.1673,0.2765,0.1051,BAM,-23.2045,-11.3766,-23.1210,-11.3766,0.0000,0.0000,0.058,-0.000,0.7619,62.7,,1,THU,NO_TX,360,BAN,0,,0
30.9479,1790253284.892971,0.0206,0,,,0.000,,,-23.6449,-0.1978,-11.8317,-0.0138,-22.5315,-11.7746,47.1673,0.2765,0.1051,BAM,-23.2049,-11.3766,-23.1201,-11.3766,0.0000,0.0000,0.045,-0.000,0.7619,62.7,,1,THU,NO_TX,360,BAN,0,,0
30.9680,1790253284.913078,0.0201,0,,,0.000,,,-23.6489,-0.1789,-11.8319,-0.0124,-22.5315,-11.7746,47.1673,0.2765,0.1051,BAM,-23.2053,-11.3766,-23.1193,-11.3766,0.0000,0.0000,0.035,-0.000,0.7619,48.4,,1,THU,NO_TX,360,BAN,0,,0
30.9881,1790253284.933149,0.0201,0,,,0.000,,,-23.6525,-0.1618,-11.8322,-0.0113,-22.5315,-11.7746,47.1673,0.2765,0.1051,BAM,-23.2055,-11.3766,-23.1188,-11.3766,0.0000,0.0000,0.027,-0.000,0.7619,48.4,,1,THU,NO_TX,360,BAN,0,,0
31.0084,1790253284.953403,0.0204,0,,,0.000,,,-23.6558,-0.1462,-11.8324,-0.0102,-22.5315,-11.7746,47.1673,0.2765,0.1051,BAM,-23.2056,-11.3766,-23.1184,-11.3766,0.0000,0.0000,0.021,-0.000,0.7619,48.4,,1,THU,NO_TX,360,BAN,0,,0
31.0287,1790253284.973760,0.0203,0,,,0.000,,,-23.6588,-0.1321,-11.8326,-0.0092,-22.5315,-11.7746,47.1673,0.2765,0.1051,BAM,-23.2057,-11.3766,-23.1180,-11.3766,0.0000,0.0000,0.017,-0.000,0.7619,48.4,,1,THU,NO_TX,360,BAN,0,,0
31.0488,1790253284.993852,0.0201,0,,,0.000,,,-23.6614,-0.1195,-11.8328,-0.0083,-22.5315,-11.7746,47.1673,0.2765,0.1051,BAM,-23.2058,-11.3766,-23.1178,-11.3766,0.0000,0.0000,0.013,-0.000,0.7619,48.4,,1,THU,NO_TX,360,BAN,0,,0
31.0692,1790253285.014259,0.0204,0,,,0.000,,,-23.6639,-0.1079,-11.8330,-0.0075,-22.5315,-11.7746,47.1673,0.2765,0.1051,BAM,-23.2059,-11.3766,-23.1176,-11.3766,0.0000,0.0000,0.010,-0.000,0.7619,109.4,,1,THU,NO_TX,360,BAN,0,,0
31.0893,1790253285.034364,0.0201,0,,,0.000,,,-23.6660,-0.0975,-11.8331,-0.0068,-22.5315,-11.7746,47.1673,0.2765,0.1051,BAM,-23.2059,-11.3766,-23.1174,-11.3766,0.0000,0.0000,0.008,-0.000,0.7619,109.4,,1,THU,NO_TX,360,BAN,0,,0
31.1094,1790253285.054433,0.0200,0,,,0.000,,,-23.6680,-0.0882,-11.8333,-0.0061,-22.5315,-11.7746,47.1673,0.2765,0.1051,BAM,-23.2059,-11.3766,-23.1173,-11.3766,0.0000,0.0000,0.006,-0.000,0.7619,109.4,,1,THU,NO_TX,360,BAN,0,,0
31.1294,1790253285.074480,0.0200,0,,,0.000,,,-23.6697,-0.0798,-11.8334,-0.0056,-22.5315,-11.7746,47.1673,0.2765,0.1051,BAM,-23.2059,-11.3766,-23.1172,-11.3766,0.0000,0.0000,0.005,-0.000,0.7619,109.4,,1,THU,NO_TX,360,BAN,0,,0
31.1497,1790253285.094816,0.0203,0,,,0.000,,,-23.6714,-0.0721,-11.8335,-0.0050,-22.5315,-11.7746,47.1673,0.2765,0.1051,BAM,-23.2060,-11.3766,-23.1171,-11.3766,0.0000,0.0000,0.004,-0.000,0.7619,65.9,,1,THU,NO_TX,360,BAN,0,,0
31.1701,1790253285.115189,0.0204,0,,,0.000,,,-23.6728,-0.0651,-11.8336,-0.0045,-22.5315,-11.7746,47.1673,0.2765,0.1051,BAM,-23.2060,-11.3766,-23.1171,-11.3766,0.0000,0.0000,0.003,-0.000,0.7619,65.9,,1,THU,NO_TX,360,BAN,0,,0
31.1902,1790253285.135245,0.0201,0,,,0.000,,,-23.6742,-0.0589,-11.8337,-0.0041,-22.5315,-11.7746,47.1673,0.2765,0.1051,BAM,-23.2060,-11.3766,-23.1170,-11.3766,0.0000,0.0000,0.002,-0.000,0.7619,65.9,,1,THU,NO_TX,360,BAN,0,,0
31.2103,1790253285.155336,0.0201,0,,,0.000,,,-23.6753,-0.0533,-11.8338,-0.0037,-22.5315,-11.7746,47.1673,0.2765,0.1051,BAM,-23.2060,-11.3766,-23.1170,-11.3766,0.0000,0.0000,0.002,-0.000,0.7619,65.3,,1,THU,NO_TX,360,BAN,0,,0
31.2303,1790253285.175422,0.0201,0,,,0.000,,,-23.6764,-0.0482,-11.8339,-0.0034,0.0000,-13.0000,,,,CHO,-23.2060,-11.3766,-22.9560,-11.5376,23.2060,-1.6234,8.026,-8.025,0.7619,65.3,,,,,,BAN,0,,0
31.2504,1790253285.195436,0.0200,0,,,0.000,,,-23.6764,-0.0482,-11.8339,-0.0034,0.0000,-13.0000,,,,CHO,-23.2060,-11.3766,-22.6351,-11.7001,23.2060,-1.6234,16.033,-8.117,0.7619,0.0,,,,,,BAN,0,,0
31.2708,1790253285.215906,0.0205,0,,,0.000,,,-23.6764,-0.0482,-11.8339,-0.0034,0.0000,-13.0000,,,,CHO,-23.2060,-11.3766,-22.1394,-11.8662,23.2060,-1.6234,24.220,-8.117,0.7619,0.0,,,,,,BAN,0,,0
31.2912,1790253285.236292,0.0204,0,,,0.000,,,-23.6764,-0.0482,-11.8339,-0.0034,0.0000,-13.0000,,,,CHO,-23.2060,-11.3766,-21.4783,-12.0319,23.2060,-1.6234,32.384,-8.117,0.7619,0.0,,,,,,BAN,0,,0
31.3115,1790253285.256566,0.0202,0,,,0.000,,,-23.6764,-0.0482,-11.8339,-0.0034,0.0000,-13.0000,,,,CHO,-23.2060,-11.3766,-20.6587,-12.1962,23.2060,-1.6234,40.483,-8.117,0.7619,0.0,,,,,,BAN,0,,0
31.3316,1790253285.276660,0.0201,0,,,0.000,,,-23.6764,-0.0482,-11.8339,-0.0034,0.0000,-13.0000,,,,CHO,-23.2060,-11.3766,-19.6837,-12.3593,23.2060,-1.6234,48.521,-8.117,0.7619,0.0,,,,,,BAN,0,,0
31.3516,1790253285.296716,0.0201,0,,,0.000,,,-23.6764,-0.0482,-11.8339,-0.0034,0.0000,-13.0000,,,,CHO,-23.1289,-11.4262,-18.5494,-12.5154,23.1289,-1.5738,56.545,-7.783,0.7619,0.0,,,,,,BAN,0,,0
31.3719,1790253285.317014,0.0203,0,,,0.000,,,-23.6764,-0.0482,-11.8339,-0.0034,0.0000,-13.0000,,,,CHO,-22.9754,-11.5114,-17.2363,-12.6623,22.9754,-1.4886,64.667,-7.230,0.7619,0.0,,,,,,BAN,0,,0
31.3921,1790253285.337157,0.0201,0,,,0.000,,,-23.6764,-0.0482,-11.8339,-0.0034,0.0000,-13.0000,,,,CHO,-22.7169,-11.6211,-15.7722,-12.7940,22.7169,-1.3789,72.720,-6.542,0.7619,0.0,,,,,,BAN,0,,0
31.4131,1790253285.358098,0.0210,0,,,0.000,,,-23.6764,-0.0482,-11.8339,-0.0034,0.0000,-13.0000,,,,CHO,-22.3225,-11.7519,-14.0663,-12.9149,22.3225,-1.2481,81.131,-5.749,0.7619,0.0,,,,,,BAN,0,,0
31.4335,1790253285.378445,0.0204,0,,,0.000,,,-23.6764,-0.0482,-11.8339,-0.0034,0.0000,-13.0000,,,,CHO,-21.8034,-11.8905,-12.2441,-13.0155,21.8034,-1.1095,89.294,-4.932,0.7619,0.0,,,,,,BAN,0,,0
31.4543,1790253285.399185,0.0208,0,,,0.000,,,-23.6764,-0.0482,-11.8339,-0.0034,0.0000,-13.0000,,,,CHO,-21.1330,-12.0388,-10.2125,-13.0004,21.1330,0.0000,97.618,0.723,0.7619,0.0,,,,,,BAN,0,,0
31.4747,1790253285.419656,0.0204,0,,,0.000,,,-23.6764,-0.0482,-11.8339,-0.0034,0.0000,-13.0000,,,,CHO,-20.3281,-12.1873,-8.2105,-12.9839,20.3281,0.0000,98.302,0.810,0.7619,0.0,,,,,,BAN,0,,0
31.4955,1790253285.440355,0.0208,0,,,0.000,,,-23.6764,-0.0482,-11.8339,-0.0034,0.0000,-13.0000,,,,CHO,-19.3512,-12.3374,-6.2870,-12.9658,19.3512,0.0000,92.535,0.875,0.7619,0.0,,,,,,BAN,0,,0
31.5160,1790253285.460880,0.0205,0,,,0.000,,,-23.6764,-0.0482,-11.8339,-0.0034,0.0000,-13.0000,,,,CHO,-18.2296,-12.4805,-4.5210,-12.9470,18.2296,0.0000,85.992,0.915,0.7619,0.0,,,,,,BAN,0,,0
31.5366,1790253285.481564,0.0206,0,,,0.000,,,-23.6764,-0.0482,-11.8339,-0.0034,0.0000,-13.0000,,,,CHO,-16.9225,-12.6168,-2.9058,-12.9277,16.9225,0.0000,78.426,0.933,0.7619,0.0,,,,,,BAN,0,,0
31.5568,1790253285.501758,0.0202,0,,,0.000,,,-23.6764,-0.0482,-11.8339,-0.0034,0.0000,-13.0000,,,,CHO,-15.4738,-12.7403,-1.4858,-12.9090,15.4738,0.0000,70.353,0.930,0.7619,0.0,,,,,,BAN,0,,0
31.5776,1790253285.522515,0.0208,0,,,0.000,,,-23.6764,-0.0482,-11.8339,-0.0034,0.0000,-13.0000,,,,CHO,-13.8092,-12.8226,-0.1940,-12.8913,13.8092,0.0000,62.022,0.850,0.7619,0.0,,,,,,BAN,0,,0
31.5981,1790253285.543047,0.0204,0,,,0.000,,,-23.6764,-0.0482,-11.8339,-0.0034,0.0000,-13.0000,,,,CHO,-12.0611,-12.8730,0.9061,-12.8762,12.0611,0.0000,53.850,0.737,0.7619,0.0,,,,,,BAN,0,,0
31.6187,1790253285.563561,0.0206,0,,,0.000,,,-23.6764,-0.0482,-11.8339,-0.0034,0.0000,-13.0000,,,,CHO,-10.2467,-12.9021,1.8464,-12.8636,10.2467,0.0000,45.602,0.613,0.7619,0.0,,,,,,BAN,0,,0
31.6391,1790253285.584108,0.0204,0,,,0.000,,,-23.6764,-0.0482,-11.8339,-0.0034,0.0000,-13.0000,,,,CHO,-8.4608,-12.9161,2.6101,-12.8535,8.4608,0.0000,37.443,0.493,0.7619,0.0,,,,,,BAN,0,,0
31.6599,1790253285.604760,0.0208,0,,,0.000,,,-23.6764,-0.0482,-11.8339,-0.0034,0.0000,-13.0000,,,,CHO,-6.7047,-12.9198,3.2159,-12.8456,6.7047,0.0000,29.122,0.382,0.7619,0.0,,,,,,BAN,0,,0
31.6804,1790253285.625311,0.0205,0,,,0.000,,,-23.6764,-0.0482,-11.8339,-0.0034,0.0000,-13.0000,,,,CHO,-5.0700,-12.9164,3.6451,-12.8397,5.0700,0.0000,20.913,0.287,0.7619,0.0,,,,,,BAN,0,,0
31.7005,1790253285.645394,0.0201,0,,,0.000,,,-23.6764,-0.0482,-11.8339,-0.0034,0.0000,-13.0000,,,,CHO,-3.5649,-12.9086,3.9038,-12.8355,3.5649,0.0000,12.875,0.207,0.7619,0.0,,,,,,BAN,0,,0
31.7211,1790253285.666053,0.0206,0,,,0.000,,,-23.6764,-0.0482,-11.8339,-0.0034,0.0000,-13.0000,,,,CHO,-2.1623,-12.8985,3.9994,-12.8326,2.1623,0.0000,4.648,0.141,0.7619,0.0,,,,,,BAN,0,,0
31.7414,1790253285.686332,0.0204,0,,,0.000,,,-23.6764,-0.0482,-11.8339,-0.0034,0.0000,-13.0000,,,,CHO,-0.9125,-12.8876,3.9280,-12.8308,0.0000,0.0000,-3.506,0.089,0.7619,0.0,,,,,,BAN,0,,0
31.7618,1790253285.706907,0.0204,0,,,0.000,,,-23.6764,-0.0482,-11.8339,-0.0034,0.0000,-13.0000,,,,CHO,0.1857,-12.8770,3.7224,-12.8298,0.0000,0.0000,-10.087,0.050,0.7619,0.0,,,,,,BAN,0,,0
31.7819,1790253285.726771,0.0200,0,,,0.000,,,-23.6764,-0.0482,-11.8339,-0.0034,0.0000,-13.0000,,,,CHO,1.1190,-12.8673,3.4226,-12.8294,-1.1190,0.0000,-14.967,0.022,0.7619,0.0,,,,,,BAN,0,,0
31.8020,1790253285.746893,0.0201,0,,,0.000,,,-23.6764,-0.0482,-11.8339,-0.0034,0.0000,-13.0000,,,,CHO,1.8999,-12.8588,3.0592,-12.8293,-1.8999,0.0000,-18.047,0.002,0.7619,0.0,,,,,,BAN,0,,0
31.8222,1790253285.767210,0.0202,0,,,0.000,,,-23.6764,-0.0482,-11.8339,-0.0034,0.0000,-13.0000,,,,CHO,2.5207,-12.8516,2.6505,-12.8296,-2.5207,0.0000,-20.235,-0.011,0.7619,0.0,,,,,,BAN,0,,0
31.8424,1790253285.787357,0.0203,0,,,0.000,,,-23.6764,-0.0482,-11.8339,-0.0034,0.0000,-13.0000,,,,CHO,2.9501,-12.8466,2.2180,-12.8299,-2.9501,0.0000,-21.344,-0.017,0.7619,0.0,,,,,,BAN,0,,0
31.8628,1790253285.807870,0.0204,0,,,0.000,,,-23.6764,-0.0482,-11.8339,-0.0034,0.0000,-13.0000,,,,CHO,3.2474,-12.8431,1.7737,-12.8303,-3.2474,0.0000,-21.799,-0.019,0.7619,0.0,,,,,,BAN,0,,0
31.8831,1790253285.828032,0.0203,0,,,0.000,,,-23.6764,-0.0482,-11.8339,-0.0034,0.0000,-13.0000,,,,CHO,3.3951,-12.8390,1.3373,-12.8307,-3.3951,0.0000,-21.494,-0.022,0.7619,0.0,,,,,,BAN,0,,0
31.9041,1790253285.849061,0.0210,0,,,0.000,,,-23.6764,-0.0482,-11.8339,-0.0034,0.0000,-13.0000,,,,CHO,3.4038,-12.8359,0.9081,-12.8312,-3.4038,0.0000,-20.471,-0.022,0.7619,0.0,,,,,,BAN,0,,0
31.9244,1790253285.869252,0.0203,0,,,0.000,,,-23.6764,-0.0482,-11.8339,-0.0034,0.0000,-13.0000,,,,CHO,3.2968,-12.8339,0.5242,-12.8316,-3.2968,0.0000,-18.947,-0.020,0.7619,0.0,,,,,,BAN,0,,0
31.9445,1790253285.889361,0.0201,0,,,0.000,,,-23.6764,-0.0482,-11.8339,-0.0034,0.0000,-13.0000,,,,CHO,3.0973,-12.8326,0.1818,-12.8320,-3.0973,0.0000,-17.034,-0.018,0.7619,0.0,,,,,,BAN,0,,0
31.9648,1790253285.909836,0.0204,0,,,0.000,,,-23.6764,-0.0482,-11.8339,-0.0034,0.0000,-13.0000,,,,CHO,2.8232,-12.8317,-0.1204,-12.8323,-2.8232,0.0000,-14.829,-0.015,0.7619,0.0,,,,,,BAN,0,,0
31.9853,1790253285.930214,0.0204,0,,,0.000,,,-23.6764,-0.0482,-11.8339,-0.0034,0.0000,-13.0000,,,,CHO,2.4957,-12.8313,-0.3748,-12.8325,-2.4957,0.0000,-12.460,-0.012,0.7619,0.0,,,,,,BAN,0,,0
32.0057,1790253285.951067,0.0205,0,,,0.000,,,-23.6764,-0.0482,-11.8339,-0.0034,0.0000,-13.0000,,,,CHO,2.1334,-12.8311,-0.5801,-12.8327,-2.1334,0.0000,-10.029,-0.010,0.7619,0.0,,,,,,BAN,0,,0
32.0259,1790253285.970732,0.0201,0,,,0.000,,,-23.6764,-0.0482,-11.8339,-0.0034,0.0000,-13.0000,,,,CHO,1.7546,-12.8311,-0.7338,-12.8329,-1.7546,0.0000,-7.628,-0.007,0.7619,0.0,,,,,,BAN,0,,0
32.0464,1790253285.991252,0.0205,0,,,0.000,,,-23.6764,-0.0482,-11.8339,-0.0034,0.0000,-13.0000,,,,CHO,1.3698,-12.8313,-0.8425,-12.8330,-1.3698,0.0000,-5.311,-0.005,0.7619,0.0,,,,,,BAN,0,,0
32.0664,1790253286.011397,0.0201,0,,,0.000,,,-23.6764,-0.0482,-11.8339,-0.0034,0.0000,-13.0000,,,,CHO,1.0033,-12.8315,-0.9068,-12.8331,-1.0033,0.0000,-3.201,-0.004,0.7619,0.0,,,,,,BAN,0,,0
32.0868,1790253286.031713,0.0204,0,,,0.000,,,-23.6764,-0.0482,-11.8339,-0.0034,0.0000,-13.0000,,,,CHO,0.6530,-12.8317,-0.8662,-12.8331,0.0000,0.0000,1.994,-0.002,0.7619,0.0,,,,,,BAN,0,,0
32.1073,1790253286.052298,0.0204,0,,,0.000,,,-23.6764,-0.0482,-11.8339,-0.0034,0.0000,-13.0000,,,,CHO,0.3319,-12.8320,-0.8237,-12.8331,0.0000,0.0000,2.079,-0.001,0.7619,0.0,,,,,,BAN,0,,0
32.1273,1790253286.072378,0.0200,0,,,0.000,,,-23.6764,-0.0482,-11.8339,-0.0034,0.0000,-13.0000,,,,CHO,0.0509,-12.8322,-0.7819,-12.8332,0.0000,0.0000,2.085,-0.001,0.7619,0.0,,,,,,BAN,0,,0
32.1473,1790253286.092384,0.0200,0,,,0.000,,,-23.6764,-0.0482,-11.8339,-0.0034,0.0000,-13.0000,,,,CHO,-0.1907,-12.8324,-0.7414,-12.8332,0.0000,0.0000,2.021,-0.000,0.7619,0.0,,,,,,BAN,0,,0
32.1677,1790253286.112744,0.0204,0,,,0.000,,,-23.6764,-0.0482,-11.8339,-0.0034,0.0000,-13.0000,,,,CHO,-0.3939,-12.8326,-0.7027,-12.8332,0.0000,0.0000,1.898,0.000,0.7619,0.0,,,,,,BAN,0,,0
32.1878,1790253286.132874,0.0201,0,,,0.000,,,-23.6764,-0.0482,-11.8339,-0.0034,0.0000,-13.0000,,,,CHO,-0.5325,-12.8327,-0.6686,-12.8332,0.0000,0.0000,1.698,0.000,0.7619,0.0,,,,,,BAN,0,,0
32.2079,1790253286.152801,0.0201,0,,,0.000,,,-23.6764,-0.0482,-11.8339,-0.0034,0.0000,-13.0000,,,,CHO,-0.6282,-12.8328,-0.6391,-12.8331,0.0000,0.0000,1.470,0.000,0.7619,0.0,,,,,,BAN,0,,0
32.2280,1790253286.172994,0.0201,0,,,0.000,,,-23.6764,-0.0482,-11.8339,-0.0034,0.0000,-13.0000,,,,CHO,-0.6944,-12.8329,-0.6140,-12.8331,0.0000,0.0000,1.244,0.000,0.7619,0.0,,,,,,BAN,0,,0
32.2482,1790253286.193323,0.0202,0,,,0.000,,,-23.6764,-0.0482,-11.8339,-0.0034,0.0000,-13.0000,,,,CHO,-0.7404,-12.8329,-0.5931,-12.8331,0.0000,0.0000,1.033,0.000,0.7619,0.0,,,,,,BAN,0,,0
32.2683,1790253286.213288,0.0200,0,,,0.000,,,-23.6764,-0.0482,-11.8339,-0.0034,0.0000,-13.0000,,,,CHO,-0.7407,-12.8330,-0.5772,-12.8331,0.0000,0.0000,0.795,0.000,0.7619,0.0,,,,,,BAN,0,,0
32.2886,1790253286.233529,0.0203,0,,,0.000,,,-23.6764,-0.0482,-11.8339,-0.0034,0.0000,-13.0000,,,,CHO,-0.7409,-12.8330,-0.5648,-12.8331,0.0000,0.0000,0.610,0.000,0.7619,0.0,,,,,,BAN,0,,0
32.3087,1790253286.253773,0.0202,0,,,0.000,,,-23.6764,-0.0482,-11.8339,-0.0034,0.0000,-13.0000,,,,CHO,-0.7411,-12.8331,-0.5554,-12.8331,0.0000,0.0000,0.469,0.000,0.7619,0.0,,,,,,BAN,0,,0
32.3296,1790253286.274472,0.0209,0,,,0.000,,,-23.6764,-0.0482,-11.8339,-0.0034,0.0000,-13.0000,,,,CHO,-0.7088,-12.8331,-0.5491,-12.8331,0.0000,0.0000,0.302,0.000,0.7619,0.0,,,,,,BAN,0,,0
32.3501,1790253286.294966,0.0205,0,,,0.000,,,-23.6764,-0.0482,-11.8339,-0.0034,0.0000,-13.0000,,,,CHO,-0.6869,-12.8331,-0.5451,-12.8331,0.0000,0.0000,0.193,0.000,0.7619,0.0,,,,,,BAN,0,,0
32.3705,1790253286.315464,0.0204,0,,,0.000,,,-23.6764,-0.0482,-11.8339,-0.0034,0.0000,-13.0000,,,,CHO,-0.6720,-12.8331,-0.5426,-12.8331,0.0000,0.0000,0.122,0.000,0.7619,0.0,,,,,,BAN,0,,0
32.3910,1790253286.335879,0.0205,0,,,0.000,,,-23.6764,-0.0482,-11.8339,-0.0034,0.0000,-13.0000,,,,CHO,-0.6617,-12.8331,-0.5411,-12.8331,0.0000,0.0000,0.076,0.000,0.7619,0.0,,,,,,BAN,0,,0
32.4113,1790253286.356369,0.0203,0,,,0.000,,,-23.6764,-0.0482,-11.8339,-0.0034,0.0000,-13.0000,,,,CHO,-0.6547,-12.8331,-0.5401,-12.8331,0.0000,0.0000,0.046,0.000,0.7619,0.0,,,,,,BAN,0,,0
32.4317,1790253286.376726,0.0204,0,,,0.000,,,-23.6764,-0.0482,-11.8339,-0.0034,0.0000,-13.0000,,,,CHO,-0.6498,-12.8331,-0.5396,-12.8331,0.0000,0.0000,0.027,0.000,0.7619,0.0,,,,,,BAN,0,,0
32.4523,1790253286.397232,0.0206,0,,,0.000,,,-23.6764,-0.0482,-11.8339,-0.0034,0.0000,-13.0000,,,,CHO,-0.6464,-12.8331,-0.5393,-12.8331,0.0000,0.0000,0.015,0.000,0.7619,0.0,,,,,,BAN,0,,0
32.4724,1790253286.417457,0.0201,0,,,0.000,,,-23.6764,-0.0482,-11.8339,-0.0034,0.0000,-13.0000,,,,CHO,-0.6442,-12.8331,-0.5391,-12.8331,0.0000,0.0000,0.007,0.000,0.7619,0.0,,,,,,BAN,0,,0
32.4929,1790253286.437984,0.0205,0,,,0.000,,,-23.6764,-0.0482,-11.8339,-0.0034,0.0000,-13.0000,,,,CHO,-0.6426,-12.8331,-0.5391,-12.8331,0.0000,0.0000,0.003,0.000,0.7619,0.0,,,,,,BAN,0,,0
32.5133,1790253286.458168,0.0204,0,,,0.000,,,-23.6764,-0.0482,-11.8339,-0.0034,0.0000,-13.0000,,,,CHO,-0.6415,-12.8331,-0.5391,-12.8331,0.0000,0.0000,0.000,0.000,0.7619,0.0,,,,,,BAN,0,,0
32.5338,1790253286.478855,0.0205,0,,,0.000,,,-23.6764,-0.0482,-11.8339,-0.0034,0.0000,-13.0000,,,,CHO,-0.6407,-12.8331,-0.5391,-12.8331,0.0000,0.0000,-0.001,0.000,0.7619,0.0,,,,,,BAN,0,,0
32.5540,1790253286.499048,0.0202,0,,,0.000,,,-23.6764,-0.0482,-11.8339,-0.0034,0.0000,-13.0000,,,,CHO,-0.6402,-12.8331,-0.5391,-12.8331,0.0000,0.0000,-0.002,0.000,0.7619,0.0,,,,,,BAN,0,,0
32.5748,1790253286.519823,0.0208,0,,,0.000,,,-23.6764,-0.0482,-11.8339,-0.0034,0.0000,-13.0000,,,,CHO,-0.6398,-12.8331,-0.5392,-12.8331,0.0000,0.0000,-0.002,0.000,0.7619,0.0,,,,,,BAN,0,,0
32.5956,1790253286.540516,0.0208,0,,,0.000,,,-23.6764,-0.0482,-11.8339,-0.0034,0.0000,-13.0000,,,,CHO,-0.6396,-12.8331,-0.5392,-12.8331,0.0000,0.0000,-0.002,0.000,0.7619,0.0,,,,,,BAN,0,,0
32.6162,1790253286.561186,0.0206,0,,,0.000,,,-23.6764,-0.0482,-11.8339,-0.0034,0.0000,-13.0000,,,,CHO,-0.6394,-12.8331,-0.5392,-12.8331,0.0000,0.0000,-0.002,0.000,0.7619,0.0,,,,,,BAN,0,,0
32.6363,1790253286.581271,0.0202,0,,,0.000,,,-23.6764,-0.0482,-11.8339,-0.0034,0.0000,-13.0000,,,,CHO,-0.6393,-12.8331,-0.5393,-12.8331,0.0000,0.0000,-0.002,0.000,0.7619,0.0,,,,,,BAN,0,,0
32.6567,1790253286.601715,0.0203,0,,,0.000,,,-23.6764,-0.0482,-11.8339,-0.0034,0.0000,-13.0000,,,,CHO,-0.6392,-12.8331,-0.5393,-12.8331,0.0000,0.0000,-0.001,0.000,0.7619,0.0,,,,,,BAN,0,,0
32.6772,1790253286.622270,0.0206,0,,,0.000,,,-23.6764,-0.0482,-11.8339,-0.0034,0.0000,-13.0000,,,,CHO,-0.6392,-12.8331,-0.5393,-12.8331,0.0000,0.0000,-0.001,0.000,0.7619,0.0,,,,,,BAN,0,,0
32.6973,1790253286.642324,0.0201,0,,,0.000,,,-23.6764,-0.0482,-11.8339,-0.0034,0.0000,-13.0000,,,,CHO,-0.6391,-12.8331,-0.5393,-12.8331,0.0000,0.0000,-0.001,0.000,0.7619,0.0,,,,,,BAN,0,,0
32.7178,1790253286.662857,0.0205,0,,,0.000,,,-23.6764,-0.0482,-11.8339,-0.0034,0.0000,-13.0000,,,,CHO,-0.6391,-12.8331,-0.5394,-12.8331,0.0000,0.0000,-0.001,0.000,0.7619,0.0,,,,,,BAN,0,,0
32.7381,1790253286.683045,0.0203,0,,,0.000,,,-23.6764,-0.0482,-11.8339,-0.0034,0.0000,-13.0000,,,,CHO,-0.6391,-12.8331,-0.5394,-12.8331,0.0000,0.0000,-0.001,0.000,0.7619,0.0,,,,,,BAN,0,,0
32.7581,1790253286.703213,0.0201,0,,,0.000,,,-23.6764,-0.0482,-11.8339,-0.0034,0.0000,-13.0000,,,,CHO,-0.6391,-12.8331,-0.5394,-12.8331,0.0000,0.0000,-0.000,0.000,0.7619,0.0,,,,,,BAN,0,,0
32.7788,1790253286.723800,0.0207,0,,,0.000,,,-23.6764,-0.0482,-11.8339,-0.0034,0.0000,-13.0000,,,,CHO,-0.6391,-12.8331,-0.5394,-12.8331,0.0000,0.0000,-0.000,0.000,0.7619,0.0,,,,,,BAN,0,,0
32.7991,1790253286.744065,0.0203,0,,,0.000,,,-23.6764,-0.0482,-11.8339,-0.0034,0.0000,-13.0000,,,,CHO,-0.6391,-12.8331,-0.5394,-12.8331,0.0000,0.0000,-0.000,0.000,0.7619,0.0,,,,,,BAN,0,,0
32.8198,1790253286.764745,0.0207,0,,,0.000,,,-23.6764,-0.0482,-11.8339,-0.0034,0.0000,-13.0000,,,,CHO,-0.6391,-12.8331,-0.5394,-12.8331,0.0000,0.0000,-0.000,0.000,0.7619,0.0,,,,,,BAN,0,,0
32.8403,1790253286.785186,0.0205,0,,,0.000,,,-23.6764,-0.0482,-11.8339,-0.0034,0.0000,-13.0000,,,,CHO,-0.6391,-12.8331,-0.5394,-12.8331,0.0000,0.0000,-0.000,0.000,0.7619,0.0,,,,,,BAN,0,,0
32.8603,1790253286.805205,0.0200,0,,,0.000,,,-23.6764,-0.0482,-11.8339,-0.0034,0.0000,-13.0000,,,,CHO,-0.6391,-12.8331,-0.5394,-12.8331,0.0000,0.0000,-0.000,0.000,0.7619,0.0,,,,,,BAN,0,,0
32.8805,1790253286.825475,0.0202,0,,,0.000,,,-23.6764,-0.0482,-11.8339,-0.0034,0.0000,-13.0000,,,,CHO,-0.6391,-12.8331,-0.5394,-12.8331,0.0000,0.0000,-0.000,0.000,0.7619,0.0,,,,,,BAN,0,,0
32.9007,1790253286.845807,0.0203,0,,,0.000,,,-23.6764,-0.0482,-11.8339,-0.0034,0.0000,-13.0000,,,,CHO,-0.6391,-12.8331,-0.5394,-12.8331,0.0000,0.0000,-0.000,0.000,0.7619,0.0,,,,,,BAN,0,,0
32.9209,1790253286.865938,0.0202,0,,,0.000,,,-23.6764,-0.0482,-11.8339,-0.0034,0.0000,-13.0000,,,,CHO,-0.6391,-12.8331,-0.5394,-12.8331,0.0000,0.0000,-0.000,0.000,0.7619,0.0,,,,,,BAN,0,,0
32.9413,1790253286.886142,0.0204,0,,,0.000,,,-23.6764,-0.0482,-11.8339,-0.0034,0.0000,-13.0000,,,,CHO,-0.6391,-12.8331,-0.5394,-12.8331,0.0000,0.0000,-0.000,0.000,0.7619,0.0,,,,,,BAN,0,,0
32.9618,1790253286.906754,0.0205,0,,,0.000,,,-23.6764,-0.0482,-11.8339,-0.0034,0.0000,-13.0000,,,,CHO,-0.6391,-12.8331,-0.5394,-12.8331,0.0000,0.0000,-0.000,0.000,0.7619,0.0,,,,,,BAN,0,,0
32.9824,1790253286.927271,0.0206,0,,,0.000,,,-23.6764,-0.0482,-11.8339,-0.0034,0.0000,-13.0000,,,,CHO,-0.6391,-12.8331,-0.5394,-12.8331,0.0000,0.0000,-0.000,0.000,0.7619,0.0,,,,,,BAN,0,,0
33.0031,1790253286.948068,0.0207,0,,,0.000,,,-23.6764,-0.0482,-11.8339,-0.0034,0.0000,-13.0000,,,,CHO,-0.6391,-12.8331,-0.5394,-12.8331,0.0000,0.0000,-0.000,0.000,0.7619,0.0,,,,,,BAN,0,,0
33.0237,1790253286.968621,0.0205,0,,,0.000,,,-23.6764,-0.0482,-11.8339,-0.0034,0.0000,-13.0000,,,,CHO,-0.6391,-12.8331,-0.5394,-12.8331,0.0000,0.0000,-0.000,0.000,0.7619,0.0,,,,,,BAN,0,,0
33.0437,1790253286.988589,0.0200,0,,,0.000,,,-23.6764,-0.0482,-11.8339,-0.0034,0.0000,-13.0000,,,,CHO,-0.6391,-12.8331,-0.5394,-12.8331,0.0000,0.0000,-0.000,0.000,0.7619,0.0,,,,,,BAN,0,,0
33.0644,1790253287.009305,0.0207,0,,,0.000,,,-23.6764,-0.0482,-11.8339,-0.0034,0.0000,-13.0000,,,,CHO,-0.6391,-12.8331,-0.5394,-12.8331,0.0000,0.0000,-0.000,0.000,0.7619,0.0,,,,,,BAN,0,,0
33.0845,1790253287.029479,0.0202,0,,,0.000,,,-23.6764,-0.0482,-11.8339,-0.0034,0.0000,-13.0000,,,,CHO,-0.6391,-12.8331,-0.5394,-12.8331,0.0000,0.0000,-0.000,0.000,0.7619,0.0,,,,,,BAN,0,,0
33.1047,1790253287.049752,0.0202,0,,,0.000,,,-23.6764,-0.0482,-11.8339,-0.0034,0.0000,-13.0000,,,,CHO,-0.6391,-12.8331,-0.5394,-12.8331,0.0000,0.0000,-0.000,0.000,0.7619,0.0,,,,,,BAN,0,,0
33.1251,1790253287.070156,0.0204,0,,,0.000,,,-23.6764,-0.0482,-11.8339,-0.0034,0.0000,-13.0000,,,,CHO,-0.6391,-12.8331,-0.5394,-12.8331,0.0000,0.0000,-0.000,0.000,0.7619,0.0,,,,,,BAN,0,,0
33.1452,1790253287.090146,0.0201,0,,,0.000,,,-23.6764,-0.0482,-11.8339,-0.0034,0.0000,-13.0000,,,,CHO,-0.6391,-12.8331,-0.5394,-12.8331,0.0000,0.0000,-0.000,0.000,0.7619,0.0,,,,,,BAN,0,,0
33.1656,1790253287.110611,0.0204,0,,,0.000,,,-23.6764,-0.0482,-11.8339,-0.0034,0.0000,-13.0000,,,,CHO,-0.6391,-12.8331,-0.5394,-12.8331,0.0000,0.0000,-0.000,0.000,0.7619,0.0,,,,,,BAN,0,,0
33.1857,1790253287.130723,0.0201,0,,,0.000,,,-23.6764,-0.0482,-11.8339,-0.0034,0.0000,-13.0000,,,,CHO,-0.6391,-12.8331,-0.5394,-12.8331,0.0000,0.0000,-0.000,0.000,0.7619,0.0,,,,,,BAN,0,,0
33.2059,1790253287.150989,0.0202,0,,,0.000,,,-23.6764,-0.0482,-11.8339,-0.0034,0.0000,-13.0000,,,,CHO,-0.6391,-12.8331,-0.5394,-12.8331,0.0000,0.0000,-0.000,0.000,0.7619,0.0,,,,,,BAN,0,,0
33.2262,1790253287.171170,0.0202,0,,,0.000,,,-23.6764,-0.0482,-11.8339,-0.0034,0.0000,-13.0000,,,,CHO,-0.6391,-12.8331,-0.5394,-12.8331,0.0000,0.0000,-0.000,0.000,0.7619,0.0,,,,,,BAN,0,,0
33.2464,1790253287.191339,0.0203,0,,,0.000,,,-23.6764,-0.0482,-11.8339,-0.0034,0.0000,-13.0000,,,,CHO,-0.6391,-12.8331,-0.5394,-12.8331,0.0000,0.0000,-0.000,0.000,0.7619,0.0,,,,,,BAN,0,,0
33.2672,1790253287.212119,0.0207,0,,,0.000,,,-23.6764,-0.0482,-11.8339,-0.0034,0.0000,-13.0000,,,,CHO,-0.6391,-12.8331,-0.5394,-12.8331,0.0000,0.0000,-0.000,0.000,0.7619,0.0,,,,,,BAN,0,,0
33.2875,1790253287.232611,0.0204,0,,,0.000,,,-23.6764,-0.0482,-11.8339,-0.0034,0.0000,-13.0000,,,,CHO,-0.6391,-12.8331,-0.5394,-12.8331,0.0000,0.0000,-0.000,0.000,0.7619,0.0,,,,,,BAN,0,,0
33.3076,1790253287.252634,0.0201,0,,,0.000,,,-23.6764,-0.0482,-11.8339,-0.0034,0.0000,-13.0000,,,,CHO,-0.6391,-12.8331,-0.5394,-12.8331,0.0000,0.0000,-0.000,0.000,0.7619,0.0,,,,,,BAN,0,,0
33.3277,1790253287.272708,0.0200,0,,,0.000,,,-23.6764,-0.0482,-11.8339,-0.0034,0.0000,-13.0000,,,,CHO,-0.6391,-12.8331,-0.5394,-12.8331,0.0000,0.0000,-0.000,0.000,0.7619,0.0,,,,,,BAN,0,,0
33.3478,1790253287.292665,0.0201,0,,,0.000,,,-23.6764,-0.0482,-11.8339,-0.0034,0.0000,-13.0000,,,,CHO,-0.6391,-12.8331,-0.5394,-12.8331,0.0000,0.0000,-0.000,0.000,0.7619,0.0,,,,,,BAN,0,,0
33.3684,1790253287.313449,0.0206,0,,,0.000,,,-23.6764,-0.0482,-11.8339,-0.0034,0.0000,-13.0000,,,,CHO,-0.6391,-12.8331,-0.5394,-12.8331,0.0000,0.0000,-0.000,0.000,0.7619,0.0,,,,,,BAN,0,,0
33.3891,1790253287.334009,0.0207,0,,,0.000,,,-23.6764,-0.0482,-11.8339,-0.0034,0.0000,-13.0000,,,,CHO,-0.6391,-12.8331,-0.5394,-12.8331,0.0000,0.0000,-0.000,0.000,0.7619,0.0,,,,,,BAN,0,,0
33.4093,1790253287.354278,0.0203,0,,,0.000,,,-23.6764,-0.0482,-11.8339,-0.0034,0.0000,-13.0000,,,,CHO,-0.6391,-12.8331,-0.5394,-12.8331,0.0000,0.0000,-0.000,0.000,0.7619,0.0,,,,,,BAN,0,,0
33.4299,1790253287.374928,0.0206,0,,,0.000,,,-23.6764,-0.0482,-11.8339,-0.0034,0.0000,-13.0000,,,,CHO,-0.6391,-12.8331,-0.5394,-12.8331,0.0000,0.0000,-0.000,0.000,0.7619,0.0,,,,,,BAN,0,,0
33.4500,1790253287.394964,0.0201,0,,,0.000,,,-23.6764,-0.0482,-11.8339,-0.0034,0.0000,-13.0000,,,,CHO,-0.6391,-12.8331,-0.5394,-12.8331,0.0000,0.0000,-0.000,0.000,0.7619,0.0,,,,,,BAN,0,,0
33.4708,1790253287.415839,0.0208,0,,,0.000,,,-23.6764,-0.0482,-11.8339,-0.0034,0.0000,-13.0000,,,,CHO,-0.6391,-12.8331,-0.5394,-12.8331,0.0000,0.0000,-0.000,0.000,0.7619,0.0,,,,,,BAN,0,,0
33.4913,1790253287.436363,0.0206,0,,,0.000,,,-23.6764,-0.0482,-11.8339,-0.0034,0.0000,-13.0000,,,,CHO,-0.6391,-12.8331,-0.5394,-12.8331,0.0000,0.0000,-0.000,0.000,0.7619,0.0,,,,,,BAN,0,,0
33.5119,1790253287.456938,0.0206,0,,,0.000,,,-23.6764,-0.0482,-11.8339,-0.0034,0.0000,-13.0000,,,,CHO,-0.6391,-12.8331,-0.5394,-12.8331,0.0000,0.0000,-0.000,0.000,0.7619,0.0,,,,,,BAN,0,,0
33.5322,1790253287.477227,0.0202,0,,,0.000,,,-23.6764,-0.0482,-11.8339,-0.0034,0.0000,-13.0000,,,,CHO,-0.6391,-12.8331,-0.5394,-12.8331,0.0000,0.0000,-0.000,0.000,0.7619,0.0,,,,,,BAN,0,,0
33.5528,1790253287.497732,0.0206,0,,,0.000,,,-23.6764,-0.0482,-11.8339,-0.0034,0.0000,-13.0000,,,,CHO,-0.6391,-12.8331,-0.5394,-12.8331,0.0000,0.0000,-0.000,0.000,0.7619,0.0,,,,,,BAN,0,,0
33.5735,1790253287.518418,0.0207,0,,,0.000,,,-23.6764,-0.0482,-11.8339,-0.0034,0.0000,-13.0000,,,,CHO,-0.6391,-12.8331,-0.5394,-12.8331,0.0000,0.0000,-0.000,0.000,0.7619,0.0,,,,,,BAN,0,,0
33.5936,1790253287.538469,0.0201,0,,,0.000,,,-23.6764,-0.0482,-11.8339,-0.0034,0.0000,-13.0000,,,,CHO,-0.6391,-12.8331,-0.5394,-12.8331,0.0000,0.0000,-0.000,0.000,0.7619,0.0,,,,,,BAN,0,,0
33.6139,1790253287.558845,0.0203,0,,,0.000,,,-23.6764,-0.0482,-11.8339,-0.0034,0.0000,-13.0000,,,,CHO,-0.6391,-12.8331,-0.5394,-12.8331,0.0000,0.0000,-0.000,0.000,0.7619,0.0,,,,,,BAN,0,,0
33.6342,1790253287.579155,0.0203,0,,,0.000,,,-23.6764,-0.0482,-11.8339,-0.0034,0.0000,-13.0000,,,,CHO,-0.6391,-12.8331,-0.5394,-12.8331,0.0000,0.0000,-0.000,0.000,0.7619,0.0,,,,,,BAN,0,,0
33.6547,1790253287.599735,0.0204,0,,,0.000,,,-23.6764,-0.0482,-11.8339,-0.0034,0.0000,-13.0000,,,,CHO,-0.6391,-12.8331,-0.5394,-12.8331,0.0000,0.0000,-0.000,0.000,0.7619,0.0,,,,,,BAN,0,,0
33.6747,1790253287.619710,0.0200,0,,,0.000,,,-23.6764,-0.0482,-11.8339,-0.0034,0.0000,-13.0000,,,,CHO,-0.6391,-12.8331,-0.5394,-12.8331,0.0000,0.0000,-0.000,0.000,0.7619,0.0,,,,,,BAN,0,,0
33.6951,1790253287.640116,0.0204,0,,,0.000,,,-23.6764,-0.0482,-11.8339,-0.0034,0.0000,-13.0000,,,,CHO,-0.6391,-12.8331,-0.5394,-12.8331,0.0000,0.0000,-0.000,0.000,0.7619,0.0,,,,,,BAN,0,,0
33.7154,1790253287.660449,0.0203,0,,,0.000,,,-23.6764,-0.0482,-11.8339,-0.0034,0.0000,-13.0000,,,,CHO,-0.6391,-12.8331,-0.5394,-12.8331,0.0000,0.0000,-0.000,0.000,0.7619,0.0,,,,,,BAN,0,,0
33.7356,1790253287.680664,0.0202,0,,,0.000,,,-23.6764,-0.0482,-11.8339,-0.0034,0.0000,-13.0000,,,,CHO,-0.6391,-12.8331,-0.5394,-12.8331,0.0000,0.0000,-0.000,0.000,0.7619,0.0,,,,,,BAN,0,,0
33.7561,1790253287.701135,0.0205,0,,,0.000,,,-23.6764,-0.0482,-11.8339,-0.0034,0.0000,-13.0000,,,,CHO,-0.6391,-12.8331,-0.5394,-12.8331,0.0000,0.0000,-0.000,0.000,0.7619,0.0,,,,,,BAN,0,,0
33.7762,1790253287.721184,0.0201,0,,,0.000,,,-23.6764,-0.0482,-11.8339,-0.0034,0.0000,-13.0000,,,,CHO,-0.6391,-12.8331,-0.5394,-12.8331,0.0000,0.0000,-0.000,0.000,0.7619,0.0,,,,,,BAN,0,,0
33.7962,1790253287.741288,0.0200,0,,,0.000,,,-23.6764,-0.0482,-11.8339,-0.0034,0.0000,-13.0000,,,,CHO,-0.6391,-12.8331,-0.5394,-12.8331,0.0000,0.0000,-0.000,0.000,0.7619,0.0,,,,,,BAN,0,,0
33.8167,1790253287.761721,0.0205,0,,,0.000,,,-23.6764,-0.0482,-11.8339,-0.0034,0.0000,-13.0000,,,,CHO,-0.6391,-12.8331,-0.5394,-12.8331,0.0000,0.0000,-0.000,0.000,0.7619,0.0,,,,,,BAN,0,,0
33.8374,1790253287.782486,0.0207,0,,,0.000,,,-23.6764,-0.0482,-11.8339,-0.0034,0.0000,-13.0000,,,,CHO,-0.6391,-12.8331,-0.5394,-12.8331,0.0000,0.0000,-0.000,0.000,0.7619,0.0,,,,,,BAN,0,,0
33.8581,1790253287.803058,0.0207,0,,,0.000,,,-23.6764,-0.0482,-11.8339,-0.0034,0.0000,-13.0000,,,,CHO,-0.6391,-12.8331,-0.5394,-12.8331,0.0000,0.0000,-0.000,0.000,0.7619,0.0,,,,,,BAN,0,,0
33.8789,1790253287.823801,0.0208,0,,,0.000,,,-23.6764,-0.0482,-11.8339,-0.0034,0.0000,-13.0000,,,,CHO,-0.6391,-12.8331,-0.5394,-12.8331,0.0000,0.0000,-0.000,0.000,0.7619,0.0,,,,,,BAN,0,,0
33.8993,1790253287.844049,0.0204,0,,,0.000,,,-23.6764,-0.0482,-11.8339,-0.0034,0.0000,-13.0000,,,,CHO,-0.6391,-12.8331,-0.5394,-12.8331,0.0000,0.0000,-0.000,0.000,0.7619,0.0,,,,,,BAN,0,,0
33.9196,1790253287.864696,0.0204,0,,,0.000,,,-23.6764,-0.0482,-11.8339,-0.0034,0.0000,-13.0000,,,,CHO,-0.6391,-12.8331,-0.5394,-12.8331,0.0000,0.0000,-0.000,0.000,0.7619,0.0,,,,,,BAN,0,,0
33.9399,1790253287.884915,0.0203,0,,,0.000,,,-23.6764,-0.0482,-11.8339,-0.0034,0.0000,-13.0000,,,,CHO,-0.6391,-12.8331,-0.5394,-12.8331,0.0000,0.0000,-0.000,0.000,0.7619,0.0,,,,,,BAN,0,,0
33.9603,1790253287.905262,0.0205,0,,,0.000,,,-23.6764,-0.0482,-11.8339,-0.0034,0.0000,-13.0000,,,,CHO,-0.6391,-12.8331,-0.5394,-12.8331,0.0000,0.0000,-0.000,0.000,0.7619,0.0,,,,,,BAN,0,,0
33.9810,1790253287.925975,0.0207,0,,,0.000,,,-23.6764,-0.0482,-11.8339,-0.0034,0.0000,-13.0000,,,,CHO,-0.6391,-12.8331,-0.5394,-12.8331,0.0000,0.0000,-0.000,0.000,0.7619,0.0,,,,,,BAN,0,,0
34.0012,1790253287.946089,0.0202,0,,,0.000,,,-23.6764,-0.0482,-11.8339,-0.0034,0.0000,-13.0000,,,,CHO,-0.6391,-12.8331,-0.5394,-12.8331,0.0000,0.0000,-0.000,0.000,0.7619,0.0,,,,,,BAN,0,,0
34.0213,1790253287.966364,0.0201,0,,,0.000,,,-23.6764,-0.0482,-11.8339,-0.0034,0.0000,-13.0000,,,,CHO,-0.6391,-12.8331,-0.5394,-12.8331,0.0000,0.0000,-0.000,0.000,0.7619,0.0,,,,,,BAN,0,,0
34.0417,1790253287.986704,0.0204,0,,,0.000,,,-23.6764,-0.0482,-11.8339,-0.0034,0.0000,-13.0000,,,,CHO,-0.6391,-12.8331,-0.5394,-12.8331,0.0000,0.0000,-0.000,0.000,0.7619,0.0,,,,,,BAN,0,,0
34.0620,1790253288.007006,0.0203,0,,,0.000,,,-23.6764,-0.0482,-11.8339,-0.0034,0.0000,-13.0000,,,,CHO,-0.6391,-12.8331,-0.5394,-12.8331,0.0000,0.0000,-0.000,0.000,0.7619,0.0,,,,,,BAN,0,,0
34.0825,1790253288.027461,0.0205,0,,,0.000,,,-23.6764,-0.0482,-11.8339,-0.0034,0.0000,-13.0000,,,,CHO,-0.6391,-12.8331,-0.5394,-12.8331,0.0000,0.0000,-0.000,0.000,0.7619,0.0,,,,,,BAN,0,,0
34.1029,1790253288.047878,0.0205,0,,,0.000,,,-23.6764,-0.0482,-11.8339,-0.0034,0.0000,-13.0000,,,,CHO,-0.6391,-12.8331,-0.5394,-12.8331,0.0000,0.0000,-0.000,0.000,0.7619,0.0,,,,,,BAN,0,,0
34.1230,1790253288.067862,0.0200,0,,,0.000,,,-23.6764,-0.0482,-11.8339,-0.0034,0.0000,-13.0000,,,,CHO,-0.6391,-12.8331,-0.5394,-12.8331,0.0000,0.0000,-0.000,0.000,0.7619,0.0,,,,,,BAN,0,,0
34.1436,1790253288.088521,0.0206,0,,,0.000,,,-23.6764,-0.0482,-11.8339,-0.0034,0.0000,-13.0000,,,,CHO,-0.6391,-12.8331,-0.5394,-12.8331,0.0000,0.0000,-0.000,0.000,0.7619,0.0,,,,,,BAN,0,,0
34.1638,1790253288.108870,0.0202,0,,,0.000,,,-23.6764,-0.0482,-11.8339,-0.0034,0.0000,-13.0000,,,,CHO,-0.6391,-12.8331,-0.5394,-12.8331,0.0000,0.0000,-0.000,0.000,0.7619,0.0,,,,,,BAN,0,,0
34.1841,1790253288.129085,0.0203,0,,,0.000,,,-23.6764,-0.0482,-11.8339,-0.0034,0.0000,-13.0000,,,,CHO,-0.6391,-12.8331,-0.5394,-12.8331,0.0000,0.0000,-0.000,0.000,0.7619,0.0,,,,,,BAN,0,,0
34.2046,1790253288.149516,0.0204,0,,,0.000,,,-23.6764,-0.0482,-11.8339,-0.0034,0.0000,-13.0000,,,,CHO,-0.6391,-12.8331,-0.5394,-12.8331,0.0000,0.0000,-0.000,0.000,0.7619,0.0,,,,,,BAN,0,,0
34.2247,1790253288.169753,0.0201,0,,,0.000,,,-23.6764,-0.0482,-11.8339,-0.0034,0.0000,-13.0000,,,,CHO,-0.6391,-12.8331,-0.5394,-12.8331,0.0000,0.0000,-0.000,0.000,0.7619,0.0,,,,,,BAN,0,,0
34.2448,1790253288.189782,0.0201,0,,,0.000,,,-23.6764,-0.0482,-11.8339,-0.0034,0.0000,-13.0000,,,,CHO,-0.6391,-12.8331,-0.5394,-12.8331,0.0000,0.0000,-0.000,0.000,0.7619,0.0,,,,,,BAN,0,,0
34.2652,1790253288.210213,0.0203,0,,,0.000,,,-23.6764,-0.0482,-11.8339,-0.0034,0.0000,-13.0000,,,,CHO,-0.6391,-12.8331,-0.5394,-12.8331,0.0000,0.0000,-0.000,0.000,0.7619,0.0,,,,,,BAN,0,,0
34.2853,1790253288.230181,0.0201,0,,,0.000,,,-23.6764,-0.0482,-11.8339,-0.0034,0.0000,-13.0000,,,,CHO,-0.6391,-12.8331,-0.5394,-12.8331,0.0000,0.0000,-0.000,0.000,0.7619,0.0,,,,,,BAN,0,,0
34.3053,1790253288.250262,0.0201,0,,,0.000,,,-23.6764,-0.0482,-11.8339,-0.0034,0.0000,-13.0000,,,,CHO,-0.6391,-12.8331,-0.5394,-12.8331,0.0000,0.0000,-0.000,0.000,0.7619,0.0,,,,,,BAN,0,,0
34.3257,1790253288.270779,0.0204,0,,,0.000,,,-23.6764,-0.0482,-11.8339,-0.0034,0.0000,-13.0000,,,,CHO,-0.6391,-12.8331,-0.5394,-12.8331,0.0000,0.0000,-0.000,0.000,0.7619,0.0,,,,,,BAN,0,,0
34.3463,1790253288.291155,0.0205,0,,,0.000,,,-23.6764,-0.0482,-11.8339,-0.0034,0.0000,-13.0000,,,,CHO,-0.6391,-12.8331,-0.5394,-12.8331,0.0000,0.0000,-0.000,0.000,0.7619,0.0,,,,,,BAN,0,,0
34.3668,1790253288.311836,0.0205,0,,,0.000,,,-23.6764,-0.0482,-11.8339,-0.0034,0.0000,-13.0000,,,,CHO,-0.6391,-12.8331,-0.5394,-12.8331,0.0000,0.0000,-0.000,0.000,0.7619,0.0,,,,,,BAN,0,,0
34.3874,1790253288.332668,0.0207,0,,,0.000,,,-23.6764,-0.0482,-11.8339,-0.0034,0.0000,-13.0000,,,,CHO,-0.6391,-12.8331,-0.5394,-12.8331,0.0000,0.0000,-0.000,0.000,0.7619,0.0,,,,,,BAN,0,,0
34.4076,1790253288.352692,0.0202,0,,,0.000,,,-23.6764,-0.0482,-11.8339,-0.0034,0.0000,-13.0000,,,,CHO,-0.6391,-12.8331,-0.5394,-12.8331,0.0000,0.0000,-0.000,0.000,0.7619,0.0,,,,,,BAN,0,,0
34.4282,1790253288.373062,0.0205,0,,,0.000,,,-23.6764,-0.0482,-11.8339,-0.0034,0.0000,-13.0000,,,,CHO,-0.6391,-12.8331,-0.5394,-12.8331,0.0000,0.0000,-0.000,0.000,0.7619,0.0,,,,,,BAN,0,,0
34.4487,1790253288.393742,0.0205,0,,,0.000,,,-23.6764,-0.0482,-11.8339,-0.0034,0.0000,-13.0000,,,,CHO,-0.6391,-12.8331,-0.5394,-12.8331,0.0000,0.0000,-0.000,0.000,0.7619,0.0,,,,,,BAN,0,,0
34.4691,1790253288.414505,0.0204,0,,,0.000,,,-23.6764,-0.0482,-11.8339,-0.0034,0.0000,-13.0000,,,,CHO,-0.6391,-12.8331,-0.5394,-12.8331,0.0000,0.0000,-0.000,0.000,0.7619,0.0,,,,,,BAN,0,,0
34.4895,1790253288.434581,0.0205,0,,,0.000,,,-23.6764,-0.0482,-11.8339,-0.0034,0.0000,-13.0000,,,,CHO,-0.6391,-12.8331,-0.5394,-12.8331,0.0000,0.0000,-0.000,0.000,0.7619,0.0,,,,,,BAN,0,,0
34.5101,1790253288.455049,0.0206,0,,,0.000,,,-23.6764,-0.0482,-11.8339,-0.0034,0.0000,-13.0000,,,,CHO,-0.6391,-12.8331,-0.5394,-12.8331,0.0000,0.0000,-0.000,0.000,0.7619,0.0,,,,,,BAN,0,,0
34.5303,1790253288.475327,0.0201,0,,,0.000,,,-23.6764,-0.0482,-11.8339,-0.0034,0.0000,-13.0000,,,,CHO,-0.6391,-12.8331,-0.5394,-12.8331,0.0000,0.0000,-0.000,0.000,0.7619,0.0,,,,,,BAN,0,,0
34.5510,1790253288.495939,0.0207,0,,,0.000,,,-23.6764,-0.0482,-11.8339,-0.0034,0.0000,-13.0000,,,,CHO,-0.6391,-12.8331,-0.5394,-12.8331,0.0000,0.0000,-0.000,0.000,0.7619,0.0,,,,,,BAN,0,,0
34.5716,1790253288.516628,0.0206,0,,,0.000,,,-23.6764,-0.0482,-11.8339,-0.0034,0.0000,-13.0000,,,,CHO,-0.6391,-12.8331,-0.5394,-12.8331,0.0000,0.0000,-0.000,0.000,0.7619,0.0,,,,,,BAN,0,,0
34.5917,1790253288.536643,0.0201,0,,,0.000,,,-23.6764,-0.0482,-11.8339,-0.0034,0.0000,-13.0000,,,,CHO,-0.6391,-12.8331,-0.5394,-12.8331,0.0000,0.0000,-0.000,0.000,0.7619,0.0,,,,,,BAN,0,,0
34.6119,1790253288.556926,0.0201,0,,,0.000,,,-23.6764,-0.0482,-11.8339,-0.0034,0.0000,-13.0000,,,,CHO,-0.6391,-12.8331,-0.5394,-12.8331,0.0000,0.0000,-0.000,0.000,0.7619,0.0,,,,,,BAN,0,,0
34.6319,1790253288.577016,0.0201,0,,,0.000,,,-23.6764,-0.0482,-11.8339,-0.0034,0.0000,-13.0000,,,,CHO,-0.6391,-12.8331,-0.5394,-12.8331,0.0000,0.0000,-0.000,0.000,0.7619,0.0,,,,,,BAN,0,,0
34.6532,1790253288.598158,0.0212,0,,,0.000,,,-23.6764,-0.0482,-11.8339,-0.0034,0.0000,-13.0000,,,,CHO,-0.6391,-12.8331,-0.5394,-12.8331,0.0000,0.0000,-0.000,0.000,0.7619,0.0,,,,,,BAN,0,,0
34.6734,1790253288.618241,0.0202,0,,,0.000,,,-23.6764,-0.0482,-11.8339,-0.0034,0.0000,-13.0000,,,,CHO,-0.6391,-12.8331,-0.5394,-12.8331,0.0000,0.0000,-0.000,0.000,0.7619,0.0,,,,,,BAN,0,,0
34.6939,1790253288.638891,0.0205,0,,,0.000,,,-23.6764,-0.0482,-11.8339,-0.0034,0.0000,-13.0000,,,,CHO,-0.6391,-12.8331,-0.5394,-12.8331,0.0000,0.0000,-0.000,0.000,0.7619,0.0,,,,,,BAN,0,,0
34.7144,1790253288.659394,0.0205,0,,,0.000,,,-23.6764,-0.0482,-11.8339,-0.0034,0.0000,-13.0000,,,,CHO,-0.6391,-12.8331,-0.5394,-12.8331,0.0000,0.0000,-0.000,0.000,0.7619,0.0,,,,,,BAN,0,,0
34.7348,1790253288.679779,0.0204,0,,,0.000,,,-23.6764,-0.0482,-11.8339,-0.0034,0.0000,-13.0000,,,,CHO,-0.6391,-12.8331,-0.5394,-12.8331,0.0000,0.0000,-0.000,0.000,0.7619,0.0,,,,,,BAN,0,,0
34.7552,1790253288.700234,0.0203,0,,,0.000,,,-23.6764,-0.0482,-11.8339,-0.0034,0.0000,-13.0000,,,,CHO,-0.6391,-12.8331,-0.5394,-12.8331,0.0000,0.0000,-0.000,0.000,0.7619,0.0,,,,,,BAN,0,,0
34.7752,1790253288.720279,0.0200,0,,,0.000,,,-23.6764,-0.0482,-11.8339,-0.0034,0.0000,-13.0000,,,,CHO,-0.6391,-12.8331,-0.5394,-12.8331,0.0000,0.0000,-0.000,0.000,0.7619,0.0,,,,,,BAN,0,,0
34.7957,1790253288.740781,0.0205,0,,,0.000,,,-23.6764,-0.0482,-11.8339,-0.0034,0.0000,-13.0000,,,,CHO,-0.6391,-12.8331,-0.5394,-12.8331,0.0000,0.0000,-0.000,0.000,0.7619,0.0,,,,,,BAN,0,,0
34.8161,1790253288.761133,0.0204,0,,,0.000,,,-23.6764,-0.0482,-11.8339,-0.0034,0.0000,-13.0000,,,,CHO,-0.6391,-12.8331,-0.5394,-12.8331,0.0000,0.0000,-0.000,0.000,0.7619,0.0,,,,,,BAN,0,,0
34.8366,1790253288.781673,0.0205,0,,,0.000,,,-23.6764,-0.0482,-11.8339,-0.0034,0.0000,-13.0000,,,,CHO,-0.6391,-12.8331,-0.5394,-12.8331,0.0000,0.0000,-0.000,0.000,0.7619,0.0,,,,,,BAN,0,,0
34.8572,1790253288.802135,0.0206,0,,,0.000,,,-23.6764,-0.0482,-11.8339,-0.0034,0.0000,-13.0000,,,,CHO,-0.6391,-12.8331,-0.5394,-12.8331,0.0000,0.0000,-0.000,0.000,0.7619,0.0,,,,,,BAN,0,,0
34.8773,1790253288.822317,0.0201,0,,,0.000,,,-23.6764,-0.0482,-11.8339,-0.0034,0.0000,-13.0000,,,,CHO,-0.6391,-12.8331,-0.5394,-12.8331,0.0000,0.0000,-0.000,0.000,0.7619,0.0,,,,,,BAN,0,,0
34.8978,1790253288.842860,0.0205,0,,,0.000,,,-23.6764,-0.0482,-11.8339,-0.0034,0.0000,-13.0000,,,,CHO,-0.6391,-12.8331,-0.5394,-12.8331,0.0000,0.0000,-0.000,0.000,0.7619,0.0,,,,,,BAN,0,,0
34.9181,1790253288.863091,0.0203,0,,,0.000,,,-23.6764,-0.0482,-11.8339,-0.0034,0.0000,-13.0000,,,,CHO,-0.6391,-12.8331,-0.5394,-12.8331,0.0000,0.0000,-0.000,0.000,0.7619,0.0,,,,,,BAN,0,,0
34.9385,1790253288.883531,0.0204,0,,,0.000,,,-23.6764,-0.0482,-11.8339,-0.0034,0.0000,-13.0000,,,,CHO,-0.6391,-12.8331,-0.5394,-12.8331,0.0000,0.0000,-0.000,0.000,0.7619,0.0,,,,,,BAN,0,,0
34.9589,1790253288.903908,0.0204,0,,,0.000,,,-23.6764,-0.0482,-11.8339,-0.0034,0.0000,-13.0000,,,,CHO,-0.6391,-12.8331,-0.5394,-12.8331,0.0000,0.0000,-0.000,0.000,0.7619,0.0,,,,,,BAN,0,,0
34.9798,1790253288.924685,0.0209,0,,,0.000,,,-23.6764,-0.0482,-11.8339,-0.0034,0.0000,-13.0000,,,,CHO,-0.6391,-12.8331,-0.5394,-12.8331,0.0000,0.0000,-0.000,0.000,0.7619,0.0,,,,,,BAN,0,,0
35.0000,1790253288.944901,0.0202,0,,,0.000,,,-23.6764,-0.0482,-11.8339,-0.0034,0.0000,-13.0000,,,,CHO,-0.6391,-12.8331,-0.5394,-12.8331,0.0000,0.0000,-0.000,0.000,0.7619,0.0,,,,,,BAN,0,,0
35.0210,1790253288.965998,0.0210,0,,,0.000,,,-23.6764,-0.0482,-11.8339,-0.0034,0.0000,-13.0000,,,,CHO,-0.6391,-12.8331,-0.5394,-12.8331,0.0000,0.0000,-0.000,0.000,0.7619,0.0,,,,,,BAN,0,,0
35.0411,1790253288.986027,0.0201,0,,,0.000,,,-23.6764,-0.0482,-11.8339,-0.0034,0.0000,-13.0000,,,,CHO,-0.6391,-12.8331,-0.5394,-12.8331,0.0000,0.0000,-0.000,0.000,0.7619,0.0,,,,,,BAN,0,,0
35.0613,1790253289.006381,0.0202,0,,,0.000,,,-23.6764,-0.0482,-11.8339,-0.0034,0.0000,-13.0000,,,,CHO,-0.6391,-12.8331,-0.5394,-12.8331,0.0000,0.0000,-0.000,0.000,0.7619,0.0,,,,,,BAN,0,,0
35.0818,1790253289.026736,0.0205,0,,,0.000,,,-23.6764,-0.0482,-11.8339,-0.0034,0.0000,-13.0000,,,,CHO,-0.6391,-12.8331,-0.5394,-12.8331,0.0000,0.0000,-0.000,0.000,0.7619,0.0,,,,,,BAN,0,,0
35.1023,1790253289.047366,0.0205,0,,,0.000,,,-23.6764,-0.0482,-11.8339,-0.0034,0.0000,-13.0000,,,,CHO,-0.6391,-12.8331,-0.5394,-12.8331,0.0000,0.0000,-0.000,0.000,0.7619,0.0,,,,,,BAN,0,,0
35.1228,1790253289.067817,0.0204,0,,,0.000,,,-23.6764,-0.0482,-11.8339,-0.0034,0.0000,-13.0000,,,,CHO,-0.6391,-12.8331,-0.5394,-12.8331,0.0000,0.0000,-0.000,0.000,0.7619,0.0,,,,,,BAN,0,,0
35.1428,1790253289.087756,0.0201,0,,,0.000,,,-23.6764,-0.0482,-11.8339,-0.0034,0.0000,-13.0000,,,,CHO,-0.6391,-12.8331,-0.5394,-12.8331,0.0000,0.0000,-0.000,0.000,0.7619,0.0,,,,,,BAN,0,,0
35.1632,1790253289.108279,0.0204,0,,,0.000,,,-23.6764,-0.0482,-11.8339,-0.0034,0.0000,-13.0000,,,,CHO,-0.6391,-12.8331,-0.5394,-12.8331,0.0000,0.0000,-0.000,0.000,0.7619,0.0,,,,,,BAN,0,,0
35.1832,1790253289.128180,0.0200,0,,,0.000,,,-23.6764,-0.0482,-11.8339,-0.0034,0.0000,-13.0000,,,,CHO,-0.6391,-12.8331,-0.5394,-12.8331,0.0000,0.0000,-0.000,0.000,0.7619,0.0,,,,,,BAN,0,,0
35.2034,1790253289.148309,0.0202,0,,,0.000,,,-23.6764,-0.0482,-11.8339,-0.0034,0.0000,-13.0000,,,,CHO,-0.6391,-12.8331,-0.5394,-12.8331,0.0000,0.0000,-0.000,0.000,0.7619,0.0,,,,,,BAN,0,,0
35.2237,1790253289.168639,0.0203,0,,,0.000,,,-23.6764,-0.0482,-11.8339,-0.0034,0.0000,-13.0000,,,,CHO,-0.6391,-12.8331,-0.5394,-12.8331,0.0000,0.0000,-0.000,0.000,0.7619,0.0,,,,,,BAN,0,,0
35.2440,1790253289.189050,0.0204,0,,,0.000,,,-23.6764,-0.0482,-11.8339,-0.0034,0.0000,-13.0000,,,,CHO,-0.6391,-12.8331,-0.5394,-12.8331,0.0000,0.0000,-0.000,0.000,0.7619,0.0,,,,,,BAN,0,,0
35.2640,1790253289.208994,0.0200,0,,,0.000,,,-23.6764,-0.0482,-11.8339,-0.0034,0.0000,-13.0000,,,,CHO,-0.6391,-12.8331,-0.5394,-12.8331,0.0000,0.0000,-0.000,0.000,0.7619,0.0,,,,,,BAN,0,,0
35.2846,1790253289.229634,0.0205,0,,,0.000,,,-23.6764,-0.0482,-11.8339,-0.0034,0.0000,-13.0000,,,,CHO,-0.6391,-12.8331,-0.5394,-12.8331,0.0000,0.0000,-0.000,0.000,0.7619,0.0,,,,,,BAN,0,,0
35.3051,1790253289.250155,0.0205,0,,,0.000,,,-23.6764,-0.0482,-11.8339,-0.0034,0.0000,-13.0000,,,,CHO,-0.6391,-12.8331,-0.5394,-12.8331,0.0000,0.0000,-0.000,0.000,0.7619,0.0,,,,,,BAN,0,,0
35.3253,1790253289.270344,0.0202,0,,,0.000,,,-23.6764,-0.0482,-11.8339,-0.0034,0.0000,-13.0000,,,,CHO,-0.6391,-12.8331,-0.5394,-12.8331,0.0000,0.0000,-0.000,0.000,0.7619,0.0,,,,,,BAN,0,,0
35.3458,1790253289.290902,0.0206,0,,,0.000,,,-23.6764,-0.0482,-11.8339,-0.0034,0.0000,-13.0000,,,,CHO,-0.6391,-12.8331,-0.5394,-12.8331,0.0000,0.0000,-0.000,0.000,0.7619,0.0,,,,,,BAN,0,,0
35.3667,1790253289.311684,0.0209,0,,,0.000,,,-23.6764,-0.0482,-11.8339,-0.0034,0.0000,-13.0000,,,,CHO,-0.6391,-12.8331,-0.5394,-12.8331,0.0000,0.0000,-0.000,0.000,0.7619,0.0,,,,,,BAN,0,,0
35.3869,1790253289.331882,0.0202,0,,,0.000,,,-23.6764,-0.0482,-11.8339,-0.0034,0.0000,-13.0000,,,,CHO,-0.6391,-12.8331,-0.5394,-12.8331,0.0000,0.0000,-0.000,0.000,0.7619,0.0,,,,,,BAN,0,,0
35.4071,1790253289.352156,0.0202,0,,,0.000,,,-23.6764,-0.0482,-11.8339,-0.0034,0.0000,-13.0000,,,,CHO,-0.6391,-12.8331,-0.5394,-12.8331,0.0000,0.0000,-0.000,0.000,0.7619,0.0,,,,,,BAN,0,,0
35.4280,1790253289.373055,0.0209,0,,,0.000,,,-23.6764,-0.0482,-11.8339,-0.0034,0.0000,-13.0000,,,,CHO,-0.6391,-12.8331,-0.5394,-12.8331,0.0000,0.0000,-0.000,0.000,0.7619,0.0,,,,,,BAN,0,,0
35.4484,1790253289.393346,0.0204,0,,,0.000,,,-23.6764,-0.0482,-11.8339,-0.0034,0.0000,-13.0000,,,,CHO,-0.6391,-12.8331,-0.5394,-12.8331,0.0000,0.0000,-0.000,0.000,0.7619,0.0,,,,,,BAN,0,,0
35.4687,1790253289.413641,0.0203,0,,,0.000,,,-23.6764,-0.0482,-11.8339,-0.0034,0.0000,-13.0000,,,,CHO,-0.6391,-12.8331,-0.5394,-12.8331,0.0000,0.0000,-0.000,0.000,0.7619,0.0,,,,,,BAN,0,,0
35.4889,1790253289.433880,0.0202,0,,,0.000,,,-23.6764,-0.0482,-11.8339,-0.0034,0.0000,-13.0000,,,,CHO,-0.6391,-12.8331,-0.5394,-12.8331,0.0000,0.0000,-0.000,0.000,0.7619,0.0,,,,,,BAN,0,,0
35.5089,1790253289.453993,0.0201,0,,,0.000,,,-23.6764,-0.0482,-11.8339,-0.0034,0.0000,-13.0000,,,,CHO,-0.6391,-12.8331,-0.5394,-12.8331,0.0000,0.0000,-0.000,0.000,0.7619,0.0,,,,,,BAN,0,,0
35.5294,1790253289.474476,0.0205,0,,,0.000,,,-23.6764,-0.0482,-11.8339,-0.0034,0.0000,-13.0000,,,,CHO,-0.6391,-12.8331,-0.5394,-12.8331,0.0000,0.0000,-0.000,0.000,0.7619,0.0,,,,,,BAN,0,,0
35.5502,1790253289.495160,0.0208,0,,,0.000,,,-23.6764,-0.0482,-11.8339,-0.0034,0.0000,-13.0000,,,,CHO,-0.6391,-12.8331,-0.5394,-12.8331,0.0000,0.0000,-0.000,0.000,0.7619,0.0,,,,,,BAN,0,,0
35.5711,1790253289.515979,0.0208,0,,,0.000,,,-23.6764,-0.0482,-11.8339,-0.0034,0.0000,-13.0000,,,,CHO,-0.6391,-12.8331,-0.5394,-12.8331,0.0000,0.0000,-0.000,0.000,0.7619,0.0,,,,,,BAN,0,,0
35.5919,1790253289.536822,0.0208,0,,,0.000,,,-23.6764,-0.0482,-11.8339,-0.0034,0.0000,-13.0000,,,,CHO,-0.6391,-12.8331,-0.5394,-12.8331,0.0000,0.0000,-0.000,0.000,0.7619,0.0,,,,,,BAN,0,,0
35.6123,1790253289.557277,0.0204,0,,,0.000,,,-23.6764,-0.0482,-11.8339,-0.0034,0.0000,-13.0000,,,,CHO,-0.6391,-12.8331,-0.5394,-12.8331,0.0000,0.0000,-0.000,0.000,0.7619,0.0,,,,,,BAN,0,,0
35.6329,1790253289.577895,0.0206,0,,,0.000,,,-23.6764,-0.0482,-11.8339,-0.0034,0.0000,-13.0000,,,,CHO,-0.6391,-12.8331,-0.5394,-12.8331,0.0000,0.0000,-0.000,0.000,0.7619,0.0,,,,,,BAN,0,,0
35.6534,1790253289.598433,0.0204,0,,,0.000,,,-23.6764,-0.0482,-11.8339,-0.0034,0.0000,-13.0000,,,,CHO,-0.6391,-12.8331,-0.5394,-12.8331,0.0000,0.0000,-0.000,0.000,0.7619,0.0,,,,,,BAN,0,,0
35.6737,1790253289.618733,0.0203,0,,,0.000,,,-23.6764,-0.0482,-11.8339,-0.0034,0.0000,-13.0000,,,,CHO,-0.6391,-12.8331,-0.5394,-12.8331,0.0000,0.0000,-0.000,0.000,0.7619,0.0,,,,,,BAN,0,,0
35.6940,1790253289.638863,0.0203,0,,,0.000,,,-23.6764,-0.0482,-11.8339,-0.0034,0.0000,-13.0000,,,,CHO,-0.6391,-12.8331,-0.5394,-12.8331,0.0000,0.0000,-0.000,0.000,0.7619,0.0,,,,,,BAN,0,,0
35.7145,1790253289.659353,0.0205,0,,,0.000,,,-23.6764,-0.0482,-11.8339,-0.0034,0.0000,-13.0000,,,,CHO,-0.6391,-12.8331,-0.5394,-12.8331,0.0000,0.0000,-0.000,0.000,0.7619,0.0,,,,,,BAN,0,,0
35.7347,1790253289.679560,0.0202,0,,,0.000,,,-23.6764,-0.0482,-11.8339,-0.0034,0.0000,-13.0000,,,,CHO,-0.6391,-12.8331,-0.5394,-12.8331,0.0000,0.0000,-0.000,0.000,0.7619,0.0,,,,,,BAN,0,,0
35.7548,1790253289.699826,0.0201,0,,,0.000,,,-23.6764,-0.0482,-11.8339,-0.0034,0.0000,-13.0000,,,,CHO,-0.6391,-12.8331,-0.5394,-12.8331,0.0000,0.0000,-0.000,0.000,0.7619,0.0,,,,,,BAN,0,,0
35.7748,1790253289.719733,0.0201,0,,,0.000,,,-23.6764,-0.0482,-11.8339,-0.0034,0.0000,-13.0000,,,,CHO,-0.6391,-12.8331,-0.5394,-12.8331,0.0000,0.0000,-0.000,0.000,0.7619,0.0,,,,,,BAN,0,,0
35.7954,1790253289.740299,0.0206,0,,,0.000,,,-23.6764,-0.0482,-11.8339,-0.0034,0.0000,-13.0000,,,,CHO,-0.6391,-12.8331,-0.5394,-12.8331,0.0000,0.0000,-0.000,0.000,0.7619,0.0,,,,,,BAN,0,,0
35.8161,1790253289.761131,0.0206,0,,,0.000,,,-23.6764,-0.0482,-11.8339,-0.0034,0.0000,-13.0000,,,,CHO,-0.6391,-12.8331,-0.5394,-12.8331,0.0000,0.0000,-0.000,0.000,0.7619,0.0,,,,,,BAN,0,,0
35.8366,1790253289.781646,0.0205,0,,,0.000,,,-23.6764,-0.0482,-11.8339,-0.0034,0.0000,-13.0000,,,,CHO,-0.6391,-12.8331,-0.5394,-12.8331,0.0000,0.0000,-0.000,0.000,0.7619,0.0,,,,,,BAN,0,,0
35.8567,1790253289.801624,0.0201,0,,,0.000,,,-23.6764,-0.0482,-11.8339,-0.0034,0.0000,-13.0000,,,,CHO,-0.6391,-12.8331,-0.5394,-12.8331,0.0000,0.0000,-0.000,0.000,0.7619,0.0,,,,,,BAN,0,,0
35.8773,1790253289.822242,0.0205,0,,,0.000,,,-23.6764,-0.0482,-11.8339,-0.0034,0.0000,-13.0000,,,,CHO,-0.6391,-12.8331,-0.5394,-12.8331,0.0000,0.0000,-0.000,0.000,0.7619,0.0,,,,,,BAN,0,,0
35.8977,1790253289.842636,0.0204,0,,,0.000,,,-23.6764,-0.0482,-11.8339,-0.0034,0.0000,-13.0000,,,,CHO,-0.6391,-12.8331,-0.5394,-12.8331,0.0000,0.0000,-0.000,0.000,0.7619,0.0,,,,,,BAN,0,,0
35.9177,1790253289.862795,0.0201,0,,,0.000,,,-23.6764,-0.0482,-11.8339,-0.0034,0.0000,-13.0000,,,,CHO,-0.6391,-12.8331,-0.5394,-12.8331,0.0000,0.0000,-0.000,0.000,0.7619,0.0,,,,,,BAN,0,,0
35.9378,1790253289.882870,0.0201,0,,,0.000,,,-23.6764,-0.0482,-11.8339,-0.0034,0.0000,-13.0000,,,,CHO,-0.6391,-12.8331,-0.5394,-12.8331,0.0000,0.0000,-0.000,0.000,0.7619,0.0,,,,,,BAN,0,,0
35.9583,1790253289.903323,0.0205,0,,,0.000,,,-23.6764,-0.0482,-11.8339,-0.0034,0.0000,-13.0000,,,,CHO,-0.6391,-12.8331,-0.5394,-12.8331,0.0000,0.0000,-0.000,0.000,0.7619,0.0,,,,,,BAN,0,,0
35.9793,1790253289.924308,0.0210,0,,,0.000,,,-23.6764,-0.0482,-11.8339,-0.0034,0.0000,-13.0000,,,,CHO,-0.6391,-12.8331,-0.5394,-12.8331,0.0000,0.0000,-0.000,0.000,0.7619,0.0,,,,,,BAN,0,,0
35.9996,1790253289.944517,0.0203,0,,,0.000,,,-23.6764,-0.0482,-11.8339,-0.0034,0.0000,-13.0000,,,,CHO,-0.6391,-12.8331,-0.5394,-12.8331,0.0000,0.0000,-0.000,0.000,0.7619,0.0,,,,,,BAN,0,,0
36.0199,1790253289.964933,0.0203,0,,,0.000,,,-23.6764,-0.0482,-11.8339,-0.0034,0.0000,-13.0000,,,,CHO,-0.6391,-12.8331,-0.5394,-12.8331,0.0000,0.0000,-0.000,0.000,0.7619,0.0,,,,,,BAN,0,,0
36.0407,1790253289.985608,0.0208,0,,,0.000,,,-23.6764,-0.0482,-11.8339,-0.0034,0.0000,-13.0000,,,,CHO,-0.6391,-12.8331,-0.5394,-12.8331,0.0000,0.0000,-0.000,0.000,0.7619,0.0,,,,,,BAN,0,,0
36.0608,1790253290.005824,0.0201,0,,,0.000,,,-23.6764,-0.0482,-11.8339,-0.0034,0.0000,-13.0000,,,,CHO,-0.6391,-12.8331,-0.5394,-12.8331,0.0000,0.0000,-0.000,0.000,0.7619,0.0,,,,,,BAN,0,,0
36.0813,1790253290.026147,0.0204,0,,,0.000,,,-23.6764,-0.0482,-11.8339,-0.0034,0.0000,-13.0000,,,,CHO,-0.6391,-12.8331,-0.5394,-12.8331,0.0000,0.0000,-0.000,0.000,0.7619,0.0,,,,,,BAN,0,,0
36.1015,1790253290.046539,0.0203,0,,,0.000,,,-23.6764,-0.0482,-11.8339,-0.0034,0.0000,-13.0000,,,,CHO,-0.6391,-12.8331,-0.5394,-12.8331,0.0000,0.0000,-0.000,0.000,0.7619,0.0,,,,,,BAN,0,,0
36.1220,1790253290.066940,0.0205,0,,,0.000,,,-23.6764,-0.0482,-11.8339,-0.0034,0.0000,-13.0000,,,,CHO,-0.6391,-12.8331,-0.5394,-12.8331,0.0000,0.0000,-0.000,0.000,0.7619,0.0,,,,,,BAN,0,,0
36.1425,1790253290.087431,0.0205,0,,,0.000,,,-23.6764,-0.0482,-11.8339,-0.0034,0.0000,-13.0000,,,,CHO,-0.6391,-12.8331,-0.5394,-12.8331,0.0000,0.0000,-0.000,0.000,0.7619,0.0,,,,,,BAN,0,,0
36.1625,1790253290.107540,0.0200,0,,,0.000,,,-23.6764,-0.0482,-11.8339,-0.0034,0.0000,-13.0000,,,,CHO,-0.6391,-12.8331,-0.5394,-12.8331,0.0000,0.0000,-0.000,0.000,0.7619,0.0,,,,,,BAN,0,,0
36.1829,1790253290.127707,0.0203,0,,,0.000,,,-23.6764,-0.0482,-11.8339,-0.0034,0.0000,-13.0000,,,,CHO,-0.6391,-12.8331,-0.5394,-12.8331,0.0000,0.0000,-0.000,0.000,0.7619,0.0,,,,,,BAN,0,,0
36.2029,1790253290.147848,0.0201,0,,,0.000,,,-23.6764,-0.0482,-11.8339,-0.0034,0.0000,-13.0000,,,,CHO,-0.6391,-12.8331,-0.5394,-12.8331,0.0000,0.0000,-0.000,0.000,0.7619,0.0,,,,,,BAN,0,,0
36.2236,1790253290.168488,0.0206,0,,,0.000,,,-23.6764,-0.0482,-11.8339,-0.0034,0.0000,-13.0000,,,,CHO,-0.6391,-12.8331,-0.5394,-12.8331,0.0000,0.0000,-0.000,0.000,0.7619,0.0,,,,,,BAN,0,,0
36.2441,1790253290.189111,0.0205,0,,,0.000,,,-23.6764,-0.0482,-11.8339,-0.0034,0.0000,-13.0000,,,,CHO,-0.6391,-12.8331,-0.5394,-12.8331,0.0000,0.0000,-0.000,0.000,0.7619,0.0,,,,,,BAN,0,,0
36.2644,1790253290.209351,0.0204,0,,,0.000,,,-23.6764,-0.0482,-11.8339,-0.0034,0.0000,-13.0000,,,,CHO,-0.6391,-12.8331,-0.5394,-12.8331,0.0000,0.0000,-0.000,0.000,0.7619,0.0,,,,,,BAN,0,,0
36.2849,1790253290.229826,0.0205,0,,,0.000,,,-23.6764,-0.0482,-11.8339,-0.0034,0.0000,-13.0000,,,,CHO,-0.6391,-12.8331,-0.5394,-12.8331,0.0000,0.0000,-0.000,0.000,0.7619,0.0,,,,,,BAN,0,,0
36.3053,1790253290.250377,0.0204,0,,,0.000,,,-23.6764,-0.0482,-11.8339,-0.0034,0.0000,-13.0000,,,,CHO,-0.6391,-12.8331,-0.5394,-12.8331,0.0000,0.0000,-0.000,0.000,0.7619,0.0,,,,,,BAN,0,,0
36.3260,1790253290.270829,0.0207,0,,,0.000,,,-23.6764,-0.0482,-11.8339,-0.0034,0.0000,-13.0000,,,,CHO,-0.6391,-12.8331,-0.5394,-12.8331,0.0000,0.0000,-0.000,0.000,0.7619,0.0,,,,,,BAN,0,,0
36.3468,1790253290.291827,0.0208,0,,,0.000,,,-23.6764,-0.0482,-11.8339,-0.0034,0.0000,-13.0000,,,,CHO,-0.6391,-12.8331,-0.5394,-12.8331,0.0000,0.0000,-0.000,0.000,0.7619,0.0,,,,,,BAN,0,,0
36.3673,1790253290.312324,0.0205,0,,,0.000,,,-23.6764,-0.0482,-11.8339,-0.0034,0.0000,-13.0000,,,,CHO,-0.6391,-12.8331,-0.5394,-12.8331,0.0000,0.0000,-0.000,0.000,0.7619,0.0,,,,,,BAN,0,,0
36.3879,1790253290.332921,0.0206,0,,,0.000,,,-23.6764,-0.0482,-11.8339,-0.0034,0.0000,-13.0000,,,,CHO,-0.6391,-12.8331,-0.5394,-12.8331,0.0000,0.0000,-0.000,0.000,0.7619,0.0,,,,,,BAN,0,,0
36.4079,1790253290.352971,0.0200,0,,,0.000,,,-23.6764,-0.0482,-11.8339,-0.0034,0.0000,-13.0000,,,,CHO,-0.6391,-12.8331,-0.5394,-12.8331,0.0000,0.0000,-0.000,0.000,0.7619,0.0,,,,,,BAN,0,,0
36.4280,1790253290.373087,0.0201,0,,,0.000,,,-23.6764,-0.0482,-11.8339,-0.0034,0.0000,-13.0000,,,,CHO,-0.6391,-12.8331,-0.5394,-12.8331,0.0000,0.0000,-0.000,0.000,0.7619,0.0,,,,,,BAN,0,,0
36.4484,1790253290.393299,0.0204,0,,,0.000,,,-23.6764,-0.0482,-11.8339,-0.0034,0.0000,-13.0000,,,,CHO,-0.6391,-12.8331,-0.5394,-12.8331,0.0000,0.0000,-0.000,0.000,0.7619,0.0,,,,,,BAN,0,,0
36.4686,1790253290.413515,0.0202,0,,,0.000,,,-23.6764,-0.0482,-11.8339,-0.0034,0.0000,-13.0000,,,,CHO,-0.6391,-12.8331,-0.5394,-12.8331,0.0000,0.0000,-0.000,0.000,0.7619,0.0,,,,,,BAN,0,,0
36.4892,1790253290.434089,0.0206,0,,,0.000,,,-23.6764,-0.0482,-11.8339,-0.0034,0.0000,-13.0000,,,,CHO,-0.6391,-12.8331,-0.5394,-12.8331,0.0000,0.0000,-0.000,0.000,0.7619,0.0,,,,,,BAN,0,,0
36.5093,1790253290.454192,0.0201,0,,,0.000,,,-23.6764,-0.0482,-11.8339,-0.0034,0.0000,-13.0000,,,,CHO,-0.6391,-12.8331,-0.5394,-12.8331,0.0000,0.0000,-0.000,0.000,0.7619,0.0,,,,,,BAN,0,,0
36.5298,1790253290.474809,0.0205,0,,,0.000,,,-23.6764,-0.0482,-11.8339,-0.0034,0.0000,-13.0000,,,,CHO,-0.6391,-12.8331,-0.5394,-12.8331,0.0000,0.0000,-0.000,0.000,0.7619,0.0,,,,,,BAN,0,,0
36.5502,1790253290.495163,0.0204,0,,,0.000,,,-23.6764,-0.0482,-11.8339,-0.0034,0.0000,-13.0000,,,,CHO,-0.6391,-12.8331,-0.5394,-12.8331,0.0000,0.0000,-0.000,0.000,0.7619,0.0,,,,,,BAN,0,,0
36.5705,1790253290.515400,0.0203,0,,,0.000,,,-23.6764,-0.0482,-11.8339,-0.0034,0.0000,-13.0000,,,,CHO,-0.6391,-12.8331,-0.5394,-12.8331,0.0000,0.0000,-0.000,0.000,0.7619,0.0,,,,,,BAN,0,,0
36.5912,1790253290.536177,0.0207,0,,,0.000,,,-23.6764,-0.0482,-11.8339,-0.0034,0.0000,-13.0000,,,,CHO,-0.6391,-12.8331,-0.5394,-12.8331,0.0000,0.0000,-0.000,0.000,0.7619,0.0,,,,,,BAN,0,,0
36.6116,1790253290.556585,0.0204,0,,,0.000,,,-23.6764,-0.0482,-11.8339,-0.0034,0.0000,-13.0000,,,,CHO,-0.6391,-12.8331,-0.5394,-12.8331,0.0000,0.0000,-0.000,0.000,0.7619,0.0,,,,,,BAN,0,,0
36.6324,1790253290.577376,0.0208,0,,,0.000,,,-23.6764,-0.0482,-11.8339,-0.0034,0.0000,-13.0000,,,,CHO,-0.6391,-12.8331,-0.5394,-12.8331,0.0000,0.0000,-0.000,0.000,0.7619,0.0,,,,,,BAN,0,,0
36.6526,1790253290.597600,0.0203,0,,,0.000,,,-23.6764,-0.0482,-11.8339,-0.0034,0.0000,-13.0000,,,,CHO,-0.6391,-12.8331,-0.5394,-12.8331,0.0000,0.0000,-0.000,0.000,0.7619,0.0,,,,,,BAN,0,,0
36.6727,1790253290.617590,0.0200,0,,,0.000,,,-23.6764,-0.0482,-11.8339,-0.0034,0.0000,-13.0000,,,,CHO,-0.6391,-12.8331,-0.5394,-12.8331,0.0000,0.0000,-0.000,0.000,0.7619,0.0,,,,,,BAN,0,,0
36.6928,1790253290.637826,0.0201,0,,,0.000,,,-23.6764,-0.0482,-11.8339,-0.0034,0.0000,-13.0000,,,,CHO,-0.6391,-12.8331,-0.5394,-12.8331,0.0000,0.0000,-0.000,0.000,0.7619,0.0,,,,,,BAN,0,,0
36.7132,1790253290.658231,0.0204,0,,,0.000,,,-23.6764,-0.0482,-11.8339,-0.0034,0.0000,-13.0000,,,,CHO,-0.6391,-12.8331,-0.5394,-12.8331,0.0000,0.0000,-0.000,0.000,0.7619,0.0,,,,,,BAN,0,,0
36.7335,1790253290.678549,0.0203,0,,,0.000,,,-23.6764,-0.0482,-11.8339,-0.0034,0.0000,-13.0000,,,,CHO,-0.6391,-12.8331,-0.5394,-12.8331,0.0000,0.0000,-0.000,0.000,0.7619,0.0,,,,,,BAN,0,,0
36.7535,1790253290.698519,0.0201,0,,,0.000,,,-23.6764,-0.0482,-11.8339,-0.0034,0.0000,-13.0000,,,,CHO,-0.6391,-12.8331,-0.5394,-12.8331,0.0000,0.0000,-0.000,0.000,0.7619,0.0,,,,,,BAN,0,,0
36.7740,1790253290.719024,0.0204,0,,,0.000,,,-23.6764,-0.0482,-11.8339,-0.0034,0.0000,-13.0000,,,,CHO,-0.6391,-12.8331,-0.5394,-12.8331,0.0000,0.0000,-0.000,0.000,0.7619,0.0,,,,,,BAN,0,,0
36.7944,1790253290.739409,0.0204,0,,,0.000,,,-23.6764,-0.0482,-11.8339,-0.0034,0.0000,-13.0000,,,,CHO,-0.6391,-12.8331,-0.5394,-12.8331,0.0000,0.0000,-0.000,0.000,0.7619,0.0,,,,,,BAN,0,,0
36.8146,1790253290.759642,0.0202,0,,,0.000,,,-23.6764,-0.0482,-11.8339,-0.0034,0.0000,-13.0000,,,,CHO,-0.6391,-12.8331,-0.5394,-12.8331,0.0000,0.0000,-0.000,0.000,0.7619,0.0,,,,,,BAN,0,,0
36.8347,1790253290.779555,0.0201,0,,,0.000,,,-23.6764,-0.0482,-11.8339,-0.0034,0.0000,-13.0000,,,,CHO,-0.6391,-12.8331,-0.5394,-12.8331,0.0000,0.0000,-0.000,0.000,0.7619,0.0,,,,,,BAN,0,,0
36.8550,1790253290.799883,0.0203,0,,,0.000,,,-23.6764,-0.0482,-11.8339,-0.0034,0.0000,-13.0000,,,,CHO,-0.6391,-12.8331,-0.5394,-12.8331,0.0000,0.0000,-0.000,0.000,0.7619,0.0,,,,,,BAN,0,,0
36.8753,1790253290.820333,0.0203,0,,,0.000,,,-23.6764,-0.0482,-11.8339,-0.0034,0.0000,-13.0000,,,,CHO,-0.6391,-12.8331,-0.5394,-12.8331,0.0000,0.0000,-0.000,0.000,0.7619,0.0,,,,,,BAN,0,,0
36.8955,1790253290.840405,0.0202,0,,,0.000,,,-23.6764,-0.0482,-11.8339,-0.0034,0.0000,-13.0000,,,,CHO,-0.6391,-12.8331,-0.5394,-12.8331,0.0000,0.0000,-0.000,0.000,0.7619,0.0,,,,,,BAN,0,,0
36.9161,1790253290.861149,0.0206,0,,,0.000,,,-23.6764,-0.0482,-11.8339,-0.0034,0.0000,-13.0000,,,,CHO,-0.6391,-12.8331,-0.5394,-12.8331,0.0000,0.0000,-0.000,0.000,0.7619,0.0,,,,,,BAN,0,,0
36.9363,1790253290.881269,0.0203,0,,,0.000,,,-23.6764,-0.0482,-11.8339,-0.0034,0.0000,-13.0000,,,,CHO,-0.6391,-12.8331,-0.5394,-12.8331,0.0000,0.0000,-0.000,0.000,0.7619,0.0,,,,,,BAN,0,,0
36.9568,1790253290.901801,0.0205,0,,,0.000,,,-23.6764,-0.0482,-11.8339,-0.0034,0.0000,-13.0000,,,,CHO,-0.6391,-12.8331,-0.5394,-12.8331,0.0000,0.0000,-0.000,0.000,0.7619,0.0,,,,,,BAN,0,,0
36.9769,1790253290.921926,0.0201,0,,,0.000,,,-23.6764,-0.0482,-11.8339,-0.0034,0.0000,-13.0000,,,,CHO,-0.6391,-12.8331,-0.5394,-12.8331,0.0000,0.0000,-0.000,0.000,0.7619,0.0,,,,,,BAN,0,,0
36.9971,1790253290.942050,0.0202,0,,,0.000,,,-23.6764,-0.0482,-11.8339,-0.0034,0.0000,-13.0000,,,,CHO,-0.6391,-12.8331,-0.5394,-12.8331,0.0000,0.0000,-0.000,0.000,0.7619,0.0,,,,,,BAN,0,,0
37.0174,1790253290.962507,0.0204,0,,,0.000,,,-23.6764,-0.0482,-11.8339,-0.0034,0.0000,-13.0000,,,,CHO,-0.6391,-12.8331,-0.5394,-12.8331,0.0000,0.0000,-0.000,0.000,0.7619,0.0,,,,,,BAN,0,,0
37.0376,1790253290.982516,0.0201,0,,,0.000,,,-23.6764,-0.0482,-11.8339,-0.0034,0.0000,-13.0000,,,,CHO,-0.6391,-12.8331,-0.5394,-12.8331,0.0000,0.0000,-0.000,0.000,0.7619,0.0,,,,,,BAN,0,,0
37.0576,1790253291.002721,0.0201,0,,,0.000,,,-23.6764,-0.0482,-11.8339,-0.0034,0.0000,-13.0000,,,,CHO,-0.6391,-12.8331,-0.5394,-12.8331,0.0000,0.0000,-0.000,0.000,0.7619,0.0,,,,,,BAN,0,,0
37.0779,1790253291.022969,0.0203,0,,,0.000,,,-23.6764,-0.0482,-11.8339,-0.0034,0.0000,-13.0000,,,,CHO,-0.6391,-12.8331,-0.5394,-12.8331,0.0000,0.0000,-0.000,0.000,0.7619,0.0,,,,,,BAN,0,,0
37.0991,1790253291.044131,0.0212,0,,,0.000,,,-23.6764,-0.0482,-11.8339,-0.0034,0.0000,-13.0000,,,,CHO,-0.6391,-12.8331,-0.5394,-12.8331,0.0000,0.0000,-0.000,0.000,0.7619,0.0,,,,,,BAN,0,,0
37.1193,1790253291.064234,0.0203,0,,,0.000,,,-23.6764,-0.0482,-11.8339,-0.0034,0.0000,-13.0000,,,,CHO,-0.6391,-12.8331,-0.5394,-12.8331,0.0000,0.0000,-0.000,0.000,0.7619,0.0,,,,,,BAN,0,,0
37.1399,1790253291.084901,0.0206,0,,,0.000,,,-23.6764,-0.0482,-11.8339,-0.0034,0.0000,-13.0000,,,,CHO,-0.6391,-12.8331,-0.5394,-12.8331,0.0000,0.0000,-0.000,0.000,0.7619,0.0,,,,,,BAN,0,,0
37.1599,1790253291.104938,0.0200,0,,,0.000,,,-23.6764,-0.0482,-11.8339,-0.0034,0.0000,-13.0000,,,,CHO,-0.6391,-12.8331,-0.5394,-12.8331,0.0000,0.0000,-0.000,0.000,0.7619,0.0,,,,,,BAN,0,,0
37.1801,1790253291.125190,0.0202,0,,,0.000,,,-23.6764,-0.0482,-11.8339,-0.0034,0.0000,-13.0000,,,,CHO,-0.6391,-12.8331,-0.5394,-12.8331,0.0000,0.0000,-0.000,0.000,0.7619,0.0,,,,,,BAN,0,,0
37.2002,1790253291.145241,0.0201,0,,,0.000,,,-23.6764,-0.0482,-11.8339,-0.0034,0.0000,-13.0000,,,,CHO,-0.6391,-12.8331,-0.5394,-12.8331,0.0000,0.0000,-0.000,0.000,0.7619,0.0,,,,,,BAN,0,,0
37.2203,1790253291.165406,0.0201,0,,,0.000,,,-23.6764,-0.0482,-11.8339,-0.0034,0.0000,-13.0000,,,,CHO,-0.6391,-12.8331,-0.5394,-12.8331,0.0000,0.0000,-0.000,0.000,0.7619,0.0,,,,,,BAN,0,,0
37.2411,1790253291.186156,0.0208,0,,,0.000,,,-23.6764,-0.0482,-11.8339,-0.0034,0.0000,-13.0000,,,,CHO,-0.6391,-12.8331,-0.5394,-12.8331,0.0000,0.0000,-0.000,0.000,0.7619,0.0,,,,,,BAN,0,,0
37.2616,1790253291.206613,0.0205,0,,,0.000,,,-23.6764,-0.0482,-11.8339,-0.0034,0.0000,-13.0000,,,,CHO,-0.6391,-12.8331,-0.5394,-12.8331,0.0000,0.0000,-0.000,0.000,0.7619,0.0,,,,,,BAN,0,,0
37.2817,1790253291.226798,0.0201,0,,,0.000,,,-23.6764,-0.0482,-11.8339,-0.0034,0.0000,-13.0000,,,,CHO,-0.6391,-12.8331,-0.5394,-12.8331,0.0000,0.0000,-0.000,0.000,0.7619,0.0,,,,,,BAN,0,,0
37.3024,1790253291.247332,0.0206,0,,,0.000,,,-23.6764,-0.0482,-11.8339,-0.0034,0.0000,-13.0000,,,,CHO,-0.6391,-12.8331,-0.5394,-12.8331,0.0000,0.0000,-0.000,0.000,0.7619,0.0,,,,,,BAN,0,,0
37.3227,1790253291.267620,0.0204,0,,,0.000,,,-23.6764,-0.0482,-11.8339,-0.0034,0.0000,-13.0000,,,,CHO,-0.6391,-12.8331,-0.5394,-12.8331,0.0000,0.0000,-0.000,0.000,0.7619,0.0,,,,,,BAN,0,,0
37.3432,1790253291.288098,0.0204,0,,,0.000,,,-23.6764,-0.0482,-11.8339,-0.0034,0.0000,-13.0000,,,,CHO,-0.6391,-12.8331,-0.5394,-12.8331,0.0000,0.0000,-0.000,0.000,0.7619,0.0,,,,,,BAN,0,,0
37.3633,1790253291.308233,0.0202,0,,,0.000,,,-23.6764,-0.0482,-11.8339,-0.0034,0.0000,-13.0000,,,,CHO,-0.6391,-12.8331,-0.5394,-12.8331,0.0000,0.0000,-0.000,0.000,0.7619,0.0,,,,,,BAN,0,,0
37.3838,1790253291.328815,0.0204,0,,,0.000,,,-23.6764,-0.0482,-11.8339,-0.0034,0.0000,-13.0000,,,,CHO,-0.6391,-12.8331,-0.5394,-12.8331,0.0000,0.0000,-0.000,0.000,0.7619,0.0,,,,,,BAN,0,,0
37.4041,1790253291.349094,0.0204,0,,,0.000,,,-23.6764,-0.0482,-11.8339,-0.0034,0.0000,-13.0000,,,,CHO,-0.6391,-12.8331,-0.5394,-12.8331,0.0000,0.0000,-0.000,0.000,0.7619,0.0,,,,,,BAN,0,,0
37.4245,1790253291.369455,0.0204,0,,,0.000,,,-23.6764,-0.0482,-11.8339,-0.0034,0.0000,-13.0000,,,,CHO,-0.6391,-12.8331,-0.5394,-12.8331,0.0000,0.0000,-0.000,0.000,0.7619,0.0,,,,,,BAN,0,,0
37.4450,1790253291.390078,0.0205,0,,,0.000,,,-23.6764,-0.0482,-11.8339,-0.0034,0.0000,-13.0000,,,,CHO,-0.6391,-12.8331,-0.5394,-12.8331,0.0000,0.0000,-0.000,0.000,0.7619,0.0,,,,,,BAN,0,,0
37.4651,1790253291.409993,0.0201,0,,,0.000,,,-23.6764,-0.0482,-11.8339,-0.0034,0.0000,-13.0000,,,,CHO,-0.6391,-12.8331,-0.5394,-12.8331,0.0000,0.0000,-0.000,0.000,0.7619,0.0,,,,,,BAN,0,,0
37.4853,1790253291.430197,0.0202,0,,,0.000,,,-23.6764,-0.0482,-11.8339,-0.0034,0.0000,-13.0000,,,,CHO,-0.6391,-12.8331,-0.5394,-12.8331,0.0000,0.0000,-0.000,0.000,0.7619,0.0,,,,,,BAN,0,,0
37.5054,1790253291.450392,0.0201,0,,,0.000,,,-23.6764,-0.0482,-11.8339,-0.0034,0.0000,-13.0000,,,,CHO,-0.6391,-12.8331,-0.5394,-12.8331,0.0000,0.0000,-0.000,0.000,0.7619,0.0,,,,,,BAN,0,,0
37.5257,1790253291.470704,0.0202,0,,,0.000,,,-23.6764,-0.0482,-11.8339,-0.0034,0.0000,-13.0000,,,,CHO,-0.6391,-12.8331,-0.5394,-12.8331,0.0000,0.0000,-0.000,0.000,0.7619,0.0,,,,,,BAN,0,,0
37.5457,1790253291.490705,0.0201,0,,,0.000,,,-23.6764,-0.0482,-11.8339,-0.0034,0.0000,-13.0000,,,,CHO,-0.6391,-12.8331,-0.5394,-12.8331,0.0000,0.0000,-0.000,0.000,0.7619,0.0,,,,,,BAN,0,,0
37.5663,1790253291.511305,0.0206,0,,,0.000,,,-23.6764,-0.0482,-11.8339,-0.0034,0.0000,-13.0000,,,,CHO,-0.6391,-12.8331,-0.5394,-12.8331,0.0000,0.0000,-0.000,0.000,0.7619,0.0,,,,,,BAN,0,,0
37.5869,1790253291.531916,0.0206,0,,,0.000,,,-23.6764,-0.0482,-11.8339,-0.0034,0.0000,-13.0000,,,,CHO,-0.6391,-12.8331,-0.5394,-12.8331,0.0000,0.0000,-0.000,0.000,0.7619,0.0,,,,,,BAN,0,,0
37.6071,1790253291.552181,0.0203,0,,,0.000,,,-23.6764,-0.0482,-11.8339,-0.0034,0.0000,-13.0000,,,,CHO,-0.6391,-12.8331,-0.5394,-12.8331,0.0000,0.0000,-0.000,0.000,0.7619,0.0,,,,,,BAN,0,,0
37.6273,1790253291.572132,0.0201,0,,,0.000,,,-23.6764,-0.0482,-11.8339,-0.0034,0.0000,-13.0000,,,,CHO,-0.6391,-12.8331,-0.5394,-12.8331,0.0000,0.0000,-0.000,0.000,0.7619,0.0,,,,,,BAN,0,,0
37.6478,1790253291.592747,0.0206,0,,,0.000,,,-23.6764,-0.0482,-11.8339,-0.0034,0.0000,-13.0000,,,,CHO,-0.6391,-12.8331,-0.5394,-12.8331,0.0000,0.0000,-0.000,0.000,0.7619,0.0,,,,,,BAN,0,,0
37.6682,1790253291.613142,0.0204,0,,,0.000,,,-23.6764,-0.0482,-11.8339,-0.0034,0.0000,-13.0000,,,,CHO,-0.6391,-12.8331,-0.5394,-12.8331,0.0000,0.0000,-0.000,0.000,0.7619,0.0,,,,,,BAN,0,,0
37.6888,1790253291.633667,0.0206,0,,,0.000,,,-23.6764,-0.0482,-11.8339,-0.0034,0.0000,-13.0000,,,,CHO,-0.6391,-12.8331,-0.5394,-12.8331,0.0000,0.0000,-0.000,0.000,0.7619,0.0,,,,,,BAN,0,,0
37.7092,1790253291.654138,0.0204,0,,,0.000,,,-23.6764,-0.0482,-11.8339,-0.0034,0.0000,-13.0000,,,,CHO,-0.6391,-12.8331,-0.5394,-12.8331,0.0000,0.0000,-0.000,0.000,0.7619,0.0,,,,,,BAN,0,,0
37.7293,1790253291.674293,0.0202,0,,,0.000,,,-23.6764,-0.0482,-11.8339,-0.0034,0.0000,-13.0000,,,,CHO,-0.6391,-12.8331,-0.5394,-12.8331,0.0000,0.0000,-0.000,0.000,0.7619,0.0,,,,,,BAN,0,,0
37.7498,1790253291.694858,0.0205,0,,,0.000,,,-23.6764,-0.0482,-11.8339,-0.0034,0.0000,-13.0000,,,,CHO,-0.6391,-12.8331,-0.5394,-12.8331,0.0000,0.0000,-0.000,0.000,0.7619,0.0,,,,,,BAN,0,,0
37.7702,1790253291.715181,0.0204,0,,,0.000,,,-23.6764,-0.0482,-11.8339,-0.0034,0.0000,-13.0000,,,,CHO,-0.6391,-12.8331,-0.5394,-12.8331,0.0000,0.0000,-0.000,0.000,0.7619,0.0,,,,,,BAN,0,,0
37.7908,1790253291.735877,0.0206,0,,,0.000,,,-23.6764,-0.0482,-11.8339,-0.0034,0.0000,-13.0000,,,,CHO,-0.6391,-12.8331,-0.5394,-12.8331,0.0000,0.0000,-0.000,0.000,0.7619,0.0,,,,,,BAN,0,,0
37.8109,1790253291.755784,0.0200,0,,,0.000,,,-23.6764,-0.0482,-11.8339,-0.0034,0.0000,-13.0000,,,,CHO,-0.6391,-12.8331,-0.5394,-12.8331,0.0000,0.0000,-0.000,0.000,0.7619,0.0,,,,,,BAN,0,,0
37.8311,1790253291.776061,0.0202,0,,,0.000,,,-23.6764,-0.0482,-11.8339,-0.0034,0.0000,-13.0000,,,,CHO,-0.6391,-12.8331,-0.5394,-12.8331,0.0000,0.0000,-0.000,0.000,0.7619,0.0,,,,,,BAN,0,,0
37.8517,1790253291.796628,0.0206,0,,,0.000,,,-23.6764,-0.0482,-11.8339,-0.0034,0.0000,-13.0000,,,,CHO,-0.6391,-12.8331,-0.5394,-12.8331,0.0000,0.0000,-0.000,0.000,0.7619,0.0,,,,,,BAN,0,,0
37.8718,1790253291.816721,0.0201,0,,,0.000,,,-23.6764,-0.0482,-11.8339,-0.0034,0.0000,-13.0000,,,,CHO,-0.6391,-12.8331,-0.5394,-12.8331,0.0000,0.0000,-0.000,0.000,0.7619,0.0,,,,,,BAN,0,,0
37.8921,1790253291.837167,0.0203,0,,,0.000,,,-23.6764,-0.0482,-11.8339,-0.0034,0.0000,-13.0000,,,,CHO,-0.6391,-12.8331,-0.5394,-12.8331,0.0000,0.0000,-0.000,0.000,0.7619,0.0,,,,,,BAN,0,,0
37.9123,1790253291.857357,0.0202,0,,,0.000,,,-23.6764,-0.0482,-11.8339,-0.0034,0.0000,-13.0000,,,,CHO,-0.6391,-12.8331,-0.5394,-12.8331,0.0000,0.0000,-0.000,0.000,0.7619,0.0,,,,,,BAN,0,,0
37.9326,1790253291.877613,0.0203,0,,,0.000,,,-23.6764,-0.0482,-11.8339,-0.0034,0.0000,-13.0000,,,,CHO,-0.6391,-12.8331,-0.5394,-12.8331,0.0000,0.0000,-0.000,0.000,0.7619,0.0,,,,,,BAN,0,,0
37.9533,1790253291.898203,0.0207,0,,,0.000,,,-23.6764,-0.0482,-11.8339,-0.0034,0.0000,-13.0000,,,,CHO,-0.6391,-12.8331,-0.5394,-12.8331,0.0000,0.0000,-0.000,0.000,0.7619,0.0,,,,,,BAN,0,,0
37.9735,1790253291.918610,0.0202,0,,,0.000,,,-23.6764,-0.0482,-11.8339,-0.0034,0.0000,-13.0000,,,,CHO,-0.6391,-12.8331,-0.5394,-12.8331,0.0000,0.0000,-0.000,0.000,0.7619,0.0,,,,,,BAN,0,,0
37.9945,1790253291.939589,0.0210,0,,,0.000,,,-23.6764,-0.0482,-11.8339,-0.0034,0.0000,-13.0000,,,,CHO,-0.6391,-12.8331,-0.5394,-12.8331,0.0000,0.0000,-0.000,0.000,0.7619,0.0,,,,,,BAN,0,,0
38.0148,1790253291.959733,0.0203,0,,,0.000,,,-23.6764,-0.0482,-11.8339,-0.0034,0.0000,-13.0000,,,,CHO,-0.6391,-12.8331,-0.5394,-12.8331,0.0000,0.0000,-0.000,0.000,0.7619,0.0,,,,,,BAN,0,,0
38.0353,1790253291.980141,0.0205,0,,,0.000,,,-23.6764,-0.0482,-11.8339,-0.0034,0.0000,-13.0000,,,,CHO,-0.6391,-12.8331,-0.5394,-12.8331,0.0000,0.0000,-0.000,0.000,0.7619,0.0,,,,,,BAN,0,,0
38.0556,1790253292.000670,0.0204,0,,,0.000,,,-23.6764,-0.0482,-11.8339,-0.0034,0.0000,-13.0000,,,,CHO,-0.6391,-12.8331,-0.5394,-12.8331,0.0000,0.0000,-0.000,0.000,0.7619,0.0,,,,,,BAN,0,,0
38.0760,1790253292.020837,0.0203,0,,,0.000,,,-23.6764,-0.0482,-11.8339,-0.0034,0.0000,-13.0000,,,,CHO,-0.6391,-12.8331,-0.5394,-12.8331,0.0000,0.0000,-0.000,0.000,0.7619,0.0,,,,,,BAN,0,,0
38.0967,1790253292.041573,0.0208,0,,,0.000,,,-23.6764,-0.0482,-11.8339,-0.0034,0.0000,-13.0000,,,,CHO,-0.6391,-12.8331,-0.5394,-12.8331,0.0000,0.0000,-0.000,0.000,0.7619,0.0,,,,,,BAN,0,,0
38.1172,1790253292.062293,0.0205,0,,,0.000,,,-23.6764,-0.0482,-11.8339,-0.0034,0.0000,-13.0000,,,,CHO,-0.6391,-12.8331,-0.5394,-12.8331,0.0000,0.0000,-0.000,0.000,0.7619,0.0,,,,,,BAN,0,,0
38.1376,1790253292.082548,0.0204,0,,,0.000,,,-23.6764,-0.0482,-11.8339,-0.0034,0.0000,-13.0000,,,,CHO,-0.6391,-12.8331,-0.5394,-12.8331,0.0000,0.0000,-0.000,0.000,0.7619,0.0,,,,,,BAN,0,,0
38.1576,1790253292.102533,0.0200,0,,,0.000,,,-23.6764,-0.0482,-11.8339,-0.0034,0.0000,-13.0000,,,,CHO,-0.6391,-12.8331,-0.5394,-12.8331,0.0000,0.0000,-0.000,0.000,0.7619,0.0,,,,,,BAN,0,,0
38.1782,1790253292.123216,0.0205,0,,,0.000,,,-23.6764,-0.0482,-11.8339,-0.0034,0.0000,-13.0000,,,,CHO,-0.6391,-12.8331,-0.5394,-12.8331,0.0000,0.0000,-0.000,0.000,0.7619,0.0,,,,,,BAN,0,,0
38.1987,1790253292.143675,0.0205,0,,,0.000,,,-23.6764,-0.0482,-11.8339,-0.0034,0.0000,-13.0000,,,,CHO,-0.6391,-12.8331,-0.5394,-12.8331,0.0000,0.0000,-0.000,0.000,0.7619,0.0,,,,,,BAN,0,,0
38.2194,1790253292.164355,0.0207,0,,,0.000,,,-23.6764,-0.0482,-11.8339,-0.0034,0.0000,-13.0000,,,,CHO,-0.6391,-12.8331,-0.5394,-12.8331,0.0000,0.0000,-0.000,0.000,0.7619,0.0,,,,,,BAN,0,,0
38.2395,1790253292.184479,0.0200,0,,,0.000,,,-23.6764,-0.0482,-11.8339,-0.0034,0.0000,-13.0000,,,,CHO,-0.6391,-12.8331,-0.5394,-12.8331,0.0000,0.0000,-0.000,0.000,0.7619,0.0,,,,,,BAN,0,,0
38.2600,1790253292.205040,0.0205,0,,,0.000,,,-23.6764,-0.0482,-11.8339,-0.0034,0.0000,-13.0000,,,,CHO,-0.6391,-12.8331,-0.5394,-12.8331,0.0000,0.0000,-0.000,0.000,0.7619,0.0,,,,,,BAN,0,,0
38.2800,1790253292.225003,0.0200,0,,,0.000,,,-23.6764,-0.0482,-11.8339,-0.0034,0.0000,-13.0000,,,,CHO,-0.6391,-12.8331,-0.5394,-12.8331,0.0000,0.0000,-0.000,0.000,0.7619,0.0,,,,,,BAN,0,,0
38.3000,1790253292.245113,0.0200,0,,,0.000,,,-23.6764,-0.0482,-11.8339,-0.0034,0.0000,-13.0000,,,,CHO,-0.6391,-12.8331,-0.5394,-12.8331,0.0000,0.0000,-0.000,0.000,0.7619,0.0,,,,,,BAN,0,,0
38.3202,1790253292.265309,0.0202,0,,,0.000,,,-23.6764,-0.0482,-11.8339,-0.0034,0.0000,-13.0000,,,,CHO,-0.6391,-12.8331,-0.5394,-12.8331,0.0000,0.0000,-0.000,0.000,0.7619,0.0,,,,,,BAN,0,,0
38.3404,1790253292.285455,0.0201,0,,,0.000,,,-23.6764,-0.0482,-11.8339,-0.0034,0.0000,-13.0000,,,,CHO,-0.6391,-12.8331,-0.5394,-12.8331,0.0000,0.0000,-0.000,0.000,0.7619,0.0,,,,,,BAN,0,,0
38.3609,1790253292.305935,0.0206,0,,,0.000,,,-23.6764,-0.0482,-11.8339,-0.0034,0.0000,-13.0000,,,,CHO,-0.6391,-12.8331,-0.5394,-12.8331,0.0000,0.0000,-0.000,0.000,0.7619,0.0,,,,,,BAN,0,,0
38.3814,1790253292.326423,0.0204,0,,,0.000,,,-23.6764,-0.0482,-11.8339,-0.0034,0.0000,-13.0000,,,,CHO,-0.6391,-12.8331,-0.5394,-12.8331,0.0000,0.0000,-0.000,0.000,0.7619,0.0,,,,,,BAN,0,,0
38.4016,1790253292.346647,0.0202,0,,,0.000,,,-23.6764,-0.0482,-11.8339,-0.0034,0.0000,-13.0000,,,,CHO,-0.6391,-12.8331,-0.5394,-12.8331,0.0000,0.0000,-0.000,0.000,0.7619,0.0,,,,,,BAN,0,,0
38.4219,1790253292.366913,0.0203,0,,,0.000,,,-23.6764,-0.0482,-11.8339,-0.0034,0.0000,-13.0000,,,,CHO,-0.6391,-12.8331,-0.5394,-12.8331,0.0000,0.0000,-0.000,0.000,0.7619,0.0,,,,,,BAN,0,,0
38.4424,1790253292.387386,0.0205,0,,,0.000,,,-23.6764,-0.0482,-11.8339,-0.0034,0.0000,-13.0000,,,,CHO,-0.6391,-12.8331,-0.5394,-12.8331,0.0000,0.0000,-0.000,0.000,0.7619,0.0,,,,,,BAN,0,,0
38.4630,1790253292.408067,0.0206,0,,,0.000,,,-23.6764,-0.0482,-11.8339,-0.0034,0.0000,-13.0000,,,,CHO,-0.6391,-12.8331,-0.5394,-12.8331,0.0000,0.0000,-0.000,0.000,0.7619,0.0,,,,,,BAN,0,,0
38.4833,1790253292.428278,0.0203,0,,,0.000,,,-23.6764,-0.0482,-11.8339,-0.0034,0.0000,-13.0000,,,,CHO,-0.6391,-12.8331,-0.5394,-12.8331,0.0000,0.0000,-0.000,0.000,0.7619,0.0,,,,,,BAN,0,,0
38.5033,1790253292.448260,0.0200,0,,,0.000,,,-23.6764,-0.0482,-11.8339,-0.0034,0.0000,-13.0000,,,,CHO,-0.6391,-12.8331,-0.5394,-12.8331,0.0000,0.0000,-0.000,0.000,0.7619,0.0,,,,,,BAN,0,,0
38.5233,1790253292.468331,0.0200,0,,,0.000,,,-23.6764,-0.0482,-11.8339,-0.0034,0.0000,-13.0000,,,,CHO,-0.6391,-12.8331,-0.5394,-12.8331,0.0000,0.0000,-0.000,0.000,0.7619,0.0,,,,,,BAN,0,,0
38.5438,1790253292.488766,0.0205,0,,,0.000,,,-23.6764,-0.0482,-11.8339,-0.0034,0.0000,-13.0000,,,,CHO,-0.6391,-12.8331,-0.5394,-12.8331,0.0000,0.0000,-0.000,0.000,0.7619,0.0,,,,,,BAN,0,,0
38.5639,1790253292.508897,0.0201,0,,,0.000,,,-23.6764,-0.0482,-11.8339,-0.0034,0.0000,-13.0000,,,,CHO,-0.6391,-12.8331,-0.5394,-12.8331,0.0000,0.0000,-0.000,0.000,0.7619,0.0,,,,,,BAN,0,,0
38.5842,1790253292.529226,0.0202,0,,,0.000,,,-23.6764,-0.0482,-11.8339,-0.0034,0.0000,-13.0000,,,,CHO,-0.6391,-12.8331,-0.5394,-12.8331,0.0000,0.0000,-0.000,0.000,0.7619,0.0,,,,,,BAN,0,,0
38.6048,1790253292.549748,0.0206,0,,,0.000,,,-23.6764,-0.0482,-11.8339,-0.0034,0.0000,-13.0000,,,,CHO,-0.6391,-12.8331,-0.5394,-12.8331,0.0000,0.0000,-0.000,0.000,0.7619,0.0,,,,,,BAN,0,,0
38.6251,1790253292.570116,0.0203,0,,,0.000,,,-23.6764,-0.0482,-11.8339,-0.0034,0.0000,-13.0000,,,,CHO,-0.6391,-12.8331,-0.5394,-12.8331,0.0000,0.0000,-0.000,0.000,0.7619,0.0,,,,,,BAN,0,,0
38.6456,1790253292.590644,0.0205,0,,,0.000,,,-23.6764,-0.0482,-11.8339,-0.0034,0.0000,-13.0000,,,,CHO,-0.6391,-12.8331,-0.5394,-12.8331,0.0000,0.0000,-0.000,0.000,0.7619,0.0,,,,,,BAN,0,,0
38.6657,1790253292.610720,0.0201,0,,,0.000,,,-23.6764,-0.0482,-11.8339,-0.0034,0.0000,-13.0000,,,,CHO,-0.6391,-12.8331,-0.5394,-12.8331,0.0000,0.0000,-0.000,0.000,0.7619,0.0,,,,,,BAN,0,,0
38.6864,1790253292.631242,0.0207,0,,,0.000,,,-23.6764,-0.0482,-11.8339,-0.0034,0.0000,-13.0000,,,,CHO,-0.6391,-12.8331,-0.5394,-12.8331,0.0000,0.0000,-0.000,0.000,0.7619,0.0,,,,,,BAN,0,,0
38.7067,1790253292.651765,0.0204,0,,,0.000,,,-23.6764,-0.0482,-11.8339,-0.0034,0.0000,-13.0000,,,,CHO,-0.6391,-12.8331,-0.5394,-12.8331,0.0000,0.0000,-0.000,0.000,0.7619,0.0,,,,,,BAN,0,,0
38.7269,1790253292.671960,0.0201,0,,,0.000,,,-23.6764,-0.0482,-11.8339,-0.0034,0.0000,-13.0000,,,,CHO,-0.6391,-12.8331,-0.5394,-12.8331,0.0000,0.0000,-0.000,0.000,0.7619,0.0,,,,,,BAN,0,,0
38.7472,1790253292.692206,0.0203,0,,,0.000,,,-23.6764,-0.0482,-11.8339,-0.0034,0.0000,-13.0000,,,,CHO,-0.6391,-12.8331,-0.5394,-12.8331,0.0000,0.0000,-0.000,0.000,0.7619,0.0,,,,,,BAN,0,,0
38.7685,1790253292.713450,0.0214,0,,,0.000,,,-23.6764,-0.0482,-11.8339,-0.0034,0.0000,-13.0000,,,,CHO,-0.6391,-12.8331,-0.5394,-12.8331,0.0000,0.0000,-0.000,0.000,0.7619,0.0,,,,,,BAN,0,,0
38.7887,1790253292.733584,0.0201,0,,,0.000,,,-23.6764,-0.0482,-11.8339,-0.0034,0.0000,-13.0000,,,,CHO,-0.6391,-12.8331,-0.5394,-12.8331,0.0000,0.0000,-0.000,0.000,0.7619,0.0,,,,,,BAN,0,,0
38.8088,1790253292.753817,0.0202,0,,,0.000,,,-23.6764,-0.0482,-11.8339,-0.0034,0.0000,-13.0000,,,,CHO,-0.6391,-12.8331,-0.5394,-12.8331,0.0000,0.0000,-0.000,0.000,0.7619,0.0,,,,,,BAN,0,,0
38.8294,1790253292.774499,0.0206,0,,,0.000,,,-23.6764,-0.0482,-11.8339,-0.0034,0.0000,-13.0000,,,,CHO,-0.6391,-12.8331,-0.5394,-12.8331,0.0000,0.0000,-0.000,0.000,0.7619,0.0,,,,,,BAN,0,,0
38.8499,1790253292.794992,0.0205,0,,,0.000,,,-23.6764,-0.0482,-11.8339,-0.0034,0.0000,-13.0000,,,,CHO,-0.6391,-12.8331,-0.5394,-12.8331,0.0000,0.0000,-0.000,0.000,0.7619,0.0,,,,,,BAN,0,,0
38.8702,1790253292.815234,0.0202,0,,,0.000,,,-23.6764,-0.0482,-11.8339,-0.0034,0.0000,-13.0000,,,,CHO,-0.6391,-12.8331,-0.5394,-12.8331,0.0000,0.0000,-0.000,0.000,0.7619,0.0,,,,,,BAN,0,,0
38.8903,1790253292.835170,0.0201,0,,,0.000,,,-23.6764,-0.0482,-11.8339,-0.0034,0.0000,-13.0000,,,,CHO,-0.6391,-12.8331,-0.5394,-12.8331,0.0000,0.0000,-0.000,0.000,0.7619,0.0,,,,,,BAN,0,,0
38.9105,1790253292.855429,0.0202,0,,,0.000,,,-23.6764,-0.0482,-11.8339,-0.0034,0.0000,-13.0000,,,,CHO,-0.6391,-12.8331,-0.5394,-12.8331,0.0000,0.0000,-0.000,0.000,0.7619,0.0,,,,,,BAN,0,,0
38.9307,1790253292.875547,0.0202,0,,,0.000,,,-23.6764,-0.0482,-11.8339,-0.0034,0.0000,-13.0000,,,,CHO,-0.6391,-12.8331,-0.5394,-12.8331,0.0000,0.0000,-0.000,0.000,0.7619,0.0,,,,,,BAN,0,,0
38.9510,1790253292.896100,0.0203,0,,,0.000,,,-23.6764,-0.0482,-11.8339,-0.0034,0.0000,-13.0000,,,,CHO,-0.6391,-12.8331,-0.5394,-12.8331,0.0000,0.0000,-0.000,0.000,0.7619,0.0,,,,,,BAN,0,,0
38.9716,1790253292.916601,0.0206,0,,,0.000,,,-23.6764,-0.0482,-11.8339,-0.0034,0.0000,-13.0000,,,,CHO,-0.6391,-12.8331,-0.5394,-12.8331,0.0000,0.0000,-0.000,0.000,0.7619,0.0,,,,,,BAN,0,,0
38.9922,1790253292.937236,0.0206,0,,,0.000,,,-23.6764,-0.0482,-11.8339,-0.0034,0.0000,-13.0000,,,,CHO,-0.6391,-12.8331,-0.5394,-12.8331,0.0000,0.0000,-0.000,0.000,0.7619,0.0,,,,,,BAN,0,,0
39.0122,1790253292.957258,0.0200,0,,,0.000,,,-23.6764,-0.0482,-11.8339,-0.0034,0.0000,-13.0000,,,,CHO,-0.6391,-12.8331,-0.5394,-12.8331,0.0000,0.0000,-0.000,0.000,0.7619,0.0,,,,,,BAN,0,,0
39.0325,1790253292.977592,0.0203,0,,,0.000,,,-23.6764,-0.0482,-11.8339,-0.0034,0.0000,-13.0000,,,,CHO,-0.6391,-12.8331,-0.5394,-12.8331,0.0000,0.0000,-0.000,0.000,0.7619,0.0,,,,,,BAN,0,,0
39.0526,1790253292.997632,0.0200,0,,,0.000,,,-23.6764,-0.0482,-11.8339,-0.0034,0.0000,-13.0000,,,,CHO,-0.6391,-12.8331,-0.5394,-12.8331,0.0000,0.0000,-0.000,0.000,0.7619,0.0,,,,,,BAN,0,,0
39.0729,1790253293.017897,0.0203,0,,,0.000,,,-23.6764,-0.0482,-11.8339,-0.0034,0.0000,-13.0000,,,,CHO,-0.6391,-12.8331,-0.5394,-12.8331,0.0000,0.0000,-0.000,0.000,0.7619,0.0,,,,,,BAN,0,,0
39.0935,1790253293.038505,0.0206,0,,,0.000,,,-23.6764,-0.0482,-11.8339,-0.0034,0.0000,-13.0000,,,,CHO,-0.6391,-12.8331,-0.5394,-12.8331,0.0000,0.0000,-0.000,0.000,0.7619,0.0,,,,,,BAN,0,,0
39.1141,1790253293.059106,0.0206,0,,,0.000,,,-23.6764,-0.0482,-11.8339,-0.0034,0.0000,-13.0000,,,,CHO,-0.6391,-12.8331,-0.5394,-12.8331,0.0000,0.0000,-0.000,0.000,0.7619,0.0,,,,,,BAN,0,,0
39.1345,1790253293.079568,0.0205,0,,,0.000,,,-23.6764,-0.0482,-11.8339,-0.0034,0.0000,-13.0000,,,,CHO,-0.6391,-12.8331,-0.5394,-12.8331,0.0000,0.0000,-0.000,0.000,0.7619,0.0,,,,,,BAN,0,,0
39.1549,1790253293.099772,0.0203,0,,,0.000,,,-23.6764,-0.0482,-11.8339,-0.0034,0.0000,-13.0000,,,,CHO,-0.6391,-12.8331,-0.5394,-12.8331,0.0000,0.0000,-0.000,0.000,0.7619,0.0,,,,,,BAN,0,,0
39.1753,1790253293.120370,0.0204,0,,,0.000,,,-23.6764,-0.0482,-11.8339,-0.0034,0.0000,-13.0000,,,,CHO,-0.6391,-12.8331,-0.5394,-12.8331,0.0000,0.0000,-0.000,0.000,0.7619,0.0,,,,,,BAN,0,,0
39.1954,1790253293.140496,0.0201,0,,,0.000,,,-23.6764,-0.0482,-11.8339,-0.0034,0.0000,-13.0000,,,,CHO,-0.6391,-12.8331,-0.5394,-12.8331,0.0000,0.0000,-0.000,0.000,0.7619,0.0,,,,,,BAN,0,,0
39.2159,1790253293.160869,0.0205,0,,,0.000,,,-23.6764,-0.0482,-11.8339,-0.0034,0.0000,-13.0000,,,,CHO,-0.6391,-12.8331,-0.5394,-12.8331,0.0000,0.0000,-0.000,0.000,0.7619,0.0,,,,,,BAN,0,,0
39.2365,1790253293.181537,0.0206,0,,,0.000,,,-23.6764,-0.0482,-11.8339,-0.0034,0.0000,-13.0000,,,,CHO,-0.6391,-12.8331,-0.5394,-12.8331,0.0000,0.0000,-0.000,0.000,0.7619,0.0,,,,,,BAN,0,,0
39.2566,1790253293.201551,0.0201,0,,,0.000,,,-23.6764,-0.0482,-11.8339,-0.0034,0.0000,-13.0000,,,,CHO,-0.6391,-12.8331,-0.5394,-12.8331,0.0000,0.0000,-0.000,0.000,0.7619,0.0,,,,,,BAN,0,,0
39.2767,1790253293.221653,0.0201,0,,,0.000,,,-23.6764,-0.0482,-11.8339,-0.0034,0.0000,-13.0000,,,,CHO,-0.6391,-12.8331,-0.5394,-12.8331,0.0000,0.0000,-0.000,0.000,0.7619,0.0,,,,,,BAN,0,,0
39.2974,1790253293.242404,0.0207,0,,,0.000,,,-23.6764,-0.0482,-11.8339,-0.0034,0.0000,-13.0000,,,,CHO,-0.6391,-12.8331,-0.5394,-12.8331,0.0000,0.0000,-0.000,0.000,0.7619,0.0,,,,,,BAN,0,,0
39.3179,1790253293.262832,0.0205,0,,,0.000,,,-23.6764,-0.0482,-11.8339,-0.0034,0.0000,-13.0000,,,,CHO,-0.6391,-12.8331,-0.5394,-12.8331,0.0000,0.0000,-0.000,0.000,0.7619,0.0,,,,,,BAN,0,,0
39.3384,1790253293.283413,0.0204,0,,,0.000,,,-23.6764,-0.0482,-11.8339,-0.0034,0.0000,-13.0000,,,,CHO,-0.6391,-12.8331,-0.5394,-12.8331,0.0000,0.0000,-0.000,0.000,0.7619,0.0,,,,,,BAN,0,,0
39.3587,1790253293.303565,0.0203,0,,,0.000,,,-23.6764,-0.0482,-11.8339,-0.0034,0.0000,-13.0000,,,,CHO,-0.6391,-12.8331,-0.5394,-12.8331,0.0000,0.0000,-0.000,0.000,0.7619,0.0,,,,,,BAN,0,,0
39.3787,1790253293.323529,0.0200,0,,,0.000,,,-23.6764,-0.0482,-11.8339,-0.0034,0.0000,-13.0000,,,,CHO,-0.6391,-12.8331,-0.5394,-12.8331,0.0000,0.0000,-0.000,0.000,0.7619,0.0,,,,,,BAN,0,,0
39.3989,1790253293.343874,0.0203,0,,,0.000,,,-23.6764,-0.0482,-11.8339,-0.0034,0.0000,-13.0000,,,,CHO,-0.6391,-12.8331,-0.5394,-12.8331,0.0000,0.0000,-0.000,0.000,0.7619,0.0,,,,,,BAN,0,,0
39.4194,1790253293.364441,0.0204,0,,,0.000,,,-23.6764,-0.0482,-11.8339,-0.0034,0.0000,-13.0000,,,,CHO,-0.6391,-12.8331,-0.5394,-12.8331,0.0000,0.0000,-0.000,0.000,0.7619,0.0,,,,,,BAN,0,,0
39.4396,1790253293.384670,0.0202,0,,,0.000,,,-23.6764,-0.0482,-11.8339,-0.0034,0.0000,-13.0000,,,,CHO,-0.6391,-12.8331,-0.5394,-12.8331,0.0000,0.0000,-0.000,0.000,0.7619,0.0,,,,,,BAN,0,,0
39.4601,1790253293.405171,0.0205,0,,,0.000,,,-23.6764,-0.0482,-11.8339,-0.0034,0.0000,-13.0000,,,,CHO,-0.6391,-12.8331,-0.5394,-12.8331,0.0000,0.0000,-0.000,0.000,0.7619,0.0,,,,,,BAN,0,,0
39.4806,1790253293.425629,0.0205,0,,,0.000,,,-23.6764,-0.0482,-11.8339,-0.0034,0.0000,-13.0000,,,,CHO,-0.6391,-12.8331,-0.5394,-12.8331,0.0000,0.0000,-0.000,0.000,0.7619,0.0,,,,,,BAN,0,,0
39.5006,1790253293.445622,0.0200,0,,,0.000,,,-23.6764,-0.0482,-11.8339,-0.0034,0.0000,-13.0000,,,,CHO,-0.6391,-12.8331,-0.5394,-12.8331,0.0000,0.0000,-0.000,0.000,0.7619,0.0,,,,,,BAN,0,,0
39.5210,1790253293.466058,0.0204,0,,,0.000,,,-23.6764,-0.0482,-11.8339,-0.0034,0.0000,-13.0000,,,,CHO,-0.6391,-12.8331,-0.5394,-12.8331,0.0000,0.0000,-0.000,0.000,0.7619,0.0,,,,,,BAN,0,,0
39.5413,1790253293.486336,0.0203,0,,,0.000,,,-23.6764,-0.0482,-11.8339,-0.0034,0.0000,-13.0000,,,,CHO,-0.6391,-12.8331,-0.5394,-12.8331,0.0000,0.0000,-0.000,0.000,0.7619,0.0,,,,,,BAN,0,,0
39.5617,1790253293.506703,0.0205,0,,,0.000,,,-23.6764,-0.0482,-11.8339,-0.0034,0.0000,-13.0000,,,,CHO,-0.6391,-12.8331,-0.5394,-12.8331,0.0000,0.0000,-0.000,0.000,0.7619,0.0,,,,,,BAN,0,,0
39.5820,1790253293.527003,0.0202,0,,,0.000,,,-23.6764,-0.0482,-11.8339,-0.0034,0.0000,-13.0000,,,,CHO,-0.6391,-12.8331,-0.5394,-12.8331,0.0000,0.0000,-0.000,0.000,0.7619,0.0,,,,,,BAN,0,,0
39.6021,1790253293.547140,0.0201,0,,,0.000,,,-23.6764,-0.0482,-11.8339,-0.0034,0.0000,-13.0000,,,,CHO,-0.6391,-12.8331,-0.5394,-12.8331,0.0000,0.0000,-0.000,0.000,0.7619,0.0,,,,,,BAN,0,,0
39.6224,1790253293.567447,0.0204,0,,,0.000,,,-23.6764,-0.0482,-11.8339,-0.0034,0.0000,-13.0000,,,,CHO,-0.6391,-12.8331,-0.5394,-12.8331,0.0000,0.0000,-0.000,0.000,0.7619,0.0,,,,,,BAN,0,,0
39.6426,1790253293.587664,0.0202,0,,,0.000,,,-23.6764,-0.0482,-11.8339,-0.0034,0.0000,-13.0000,,,,CHO,-0.6391,-12.8331,-0.5394,-12.8331,0.0000,0.0000,-0.000,0.000,0.7619,0.0,,,,,,BAN,0,,0
39.6631,1790253293.608203,0.0205,0,,,0.000,,,-23.6764,-0.0482,-11.8339,-0.0034,0.0000,-13.0000,,,,CHO,-0.6391,-12.8331,-0.5394,-12.8331,0.0000,0.0000,-0.000,0.000,0.7619,0.0,,,,,,BAN,0,,0
39.6836,1790253293.628536,0.0204,0,,,0.000,,,-23.6764,-0.0482,-11.8339,-0.0034,0.0000,-13.0000,,,,CHO,-0.6391,-12.8331,-0.5394,-12.8331,0.0000,0.0000,-0.000,0.000,0.7619,0.0,,,,,,BAN,0,,0
39.7041,1790253293.649137,0.0205,0,,,0.000,,,-23.6764,-0.0482,-11.8339,-0.0034,0.0000,-13.0000,,,,CHO,-0.6391,-12.8331,-0.5394,-12.8331,0.0000,0.0000,-0.000,0.000,0.7619,0.0,,,,,,BAN,0,,0
39.7248,1790253293.669708,0.0206,0,,,0.000,,,-23.6764,-0.0482,-11.8339,-0.0034,0.0000,-13.0000,,,,CHO,-0.6391,-12.8331,-0.5394,-12.8331,0.0000,0.0000,-0.000,0.000,0.7619,0.0,,,,,,BAN,0,,0
39.7452,1790253293.690284,0.0205,0,,,0.000,,,-23.6764,-0.0482,-11.8339,-0.0034,0.0000,-13.0000,,,,CHO,-0.6391,-12.8331,-0.5394,-12.8331,0.0000,0.0000,-0.000,0.000,0.7619,0.0,,,,,,BAN,0,,0
39.7652,1790253293.710249,0.0200,0,,,0.000,,,-23.6764,-0.0482,-11.8339,-0.0034,0.0000,-13.0000,,,,CHO,-0.6391,-12.8331,-0.5394,-12.8331,0.0000,0.0000,-0.000,0.000,0.7619,0.0,,,,,,BAN,0,,0
39.7853,1790253293.730188,0.0200,0,,,0.000,,,-23.6764,-0.0482,-11.8339,-0.0034,0.0000,-13.0000,,,,CHO,-0.6391,-12.8331,-0.5394,-12.8331,0.0000,0.0000,-0.000,0.000,0.7619,0.0,,,,,,BAN,0,,0
39.8056,1790253293.750671,0.0203,0,,,0.000,,,-23.6764,-0.0482,-11.8339,-0.0034,0.0000,-13.0000,,,,CHO,-0.6391,-12.8331,-0.5394,-12.8331,0.0000,0.0000,-0.000,0.000,0.7619,0.0,,,,,,BAN,0,,0
39.8261,1790253293.771123,0.0205,0,,,0.000,,,-23.6764,-0.0482,-11.8339,-0.0034,0.0000,-13.0000,,,,CHO,-0.6391,-12.8331,-0.5394,-12.8331,0.0000,0.0000,-0.000,0.000,0.7619,0.0,,,,,,BAN,0,,0
39.8463,1790253293.791230,0.0202,0,,,0.000,,,-23.6764,-0.0482,-11.8339,-0.0034,0.0000,-13.0000,,,,CHO,-0.6391,-12.8331,-0.5394,-12.8331,0.0000,0.0000,-0.000,0.000,0.7619,0.0,,,,,,BAN,0,,0
39.8668,1790253293.811675,0.0204,0,,,0.000,,,-23.6764,-0.0482,-11.8339,-0.0034,0.0000,-13.0000,,,,CHO,-0.6391,-12.8331,-0.5394,-12.8331,0.0000,0.0000,-0.000,0.000,0.7619,0.0,,,,,,BAN,0,,0
39.8870,1790253293.832013,0.0203,0,,,0.000,,,-23.6764,-0.0482,-11.8339,-0.0034,0.0000,-13.0000,,,,CHO,-0.6391,-12.8331,-0.5394,-12.8331,0.0000,0.0000,-0.000,0.000,0.7619,0.0,,,,,,BAN,0,,0
39.9072,1790253293.852136,0.0201,0,,,0.000,,,-23.6764,-0.0482,-11.8339,-0.0034,0.0000,-13.0000,,,,CHO,-0.6391,-12.8331,-0.5394,-12.8331,0.0000,0.0000,-0.000,0.000,0.7619,0.0,,,,,,BAN,0,,0
39.9273,1790253293.872367,0.0201,0,,,0.000,,,-23.6764,-0.0482,-11.8339,-0.0034,0.0000,-13.0000,,,,CHO,-0.6391,-12.8331,-0.5394,-12.8331,0.0000,0.0000,-0.000,0.000,0.7619,0.0,,,,,,BAN,0,,0
39.9476,1790253293.892557,0.0203,0,,,0.000,,,-23.6764,-0.0482,-11.8339,-0.0034,0.0000,-13.0000,,,,CHO,-0.6391,-12.8331,-0.5394,-12.8331,0.0000,0.0000,-0.000,0.000,0.7619,0.0,,,,,,BAN,0,,0
39.9678,1790253293.912838,0.0202,0,,,0.000,,,-23.6764,-0.0482,-11.8339,-0.0034,0.0000,-13.0000,,,,CHO,-0.6391,-12.8331,-0.5394,-12.8331,0.0000,0.0000,-0.000,0.000,0.7619,0.0,,,,,,BAN,0,,0
39.9884,1790253293.933516,0.0207,0,,,0.000,,,-23.6764,-0.0482,-11.8339,-0.0034,0.0000,-13.0000,,,,CHO,-0.6391,-12.8331,-0.5394,-12.8331,0.0000,0.0000,-0.000,0.000,0.7619,0.0,,,,,,BAN,0,,0
40.0090,1790253293.953978,0.0205,0,,,0.000,,,-23.6764,-0.0482,-11.8339,-0.0034,0.0000,-13.0000,,,,CHO,-0.6391,-12.8331,-0.5394,-12.8331,0.0000,0.0000,-0.000,0.000,0.7619,0.0,,,,,,BAN,0,,0
40.0291,1790253293.974053,0.0201,0,,,0.000,,,-23.6764,-0.0482,-11.8339,-0.0034,0.0000,-13.0000,,,,CHO,-0.6391,-12.8331,-0.5394,-12.8331,0.0000,0.0000,-0.000,0.000,0.7619,0.0,,,,,,BAN,0,,0
40.0494,1790253293.994482,0.0204,0,,,0.000,,,-23.6764,-0.0482,-11.8339,-0.0034,0.0000,-13.0000,,,,CHO,-0.6391,-12.8331,-0.5394,-12.8331,0.0000,0.0000,-0.000,0.000,0.7619,0.0,,,,,,BAN,0,,0
40.0696,1790253294.014662,0.0202,0,,,0.000,,,-23.6764,-0.0482,-11.8339,-0.0034,0.0000,-13.0000,,,,CHO,-0.6391,-12.8331,-0.5394,-12.8331,0.0000,0.0000,-0.000,0.000,0.7619,0.0,,,,,,BAN,0,,0
40.0902,1790253294.035231,0.0206,0,,,0.000,,,-23.6764,-0.0482,-11.8339,-0.0034,0.0000,-13.0000,,,,CHO,-0.6391,-12.8331,-0.5394,-12.8331,0.0000,0.0000,-0.000,0.000,0.7619,0.0,,,,,,BAN,0,,0
40.1108,1790253294.055876,0.0207,0,,,0.000,,,-23.6764,-0.0482,-11.8339,-0.0034,0.0000,-13.0000,,,,CHO,-0.6391,-12.8331,-0.5394,-12.8331,0.0000,0.0000,-0.000,0.000,0.7619,0.0,,,,,,BAN,0,,0
40.1312,1790253294.076297,0.0204,0,,,0.000,,,-23.6764,-0.0482,-11.8339,-0.0034,0.0000,-13.0000,,,,CHO,-0.6391,-12.8331,-0.5394,-12.8331,0.0000,0.0000,-0.000,0.000,0.7619,0.0,,,,,,BAN,0,,0
40.1516,1790253294.096641,0.0204,0,,,0.000,,,-23.6764,-0.0482,-11.8339,-0.0034,0.0000,-13.0000,,,,CHO,-0.6391,-12.8331,-0.5394,-12.8331,0.0000,0.0000,-0.000,0.000,0.7619,0.0,,,,,,BAN,0,,0
40.1720,1790253294.117031,0.0204,0,,,0.000,,,-23.6764,-0.0482,-11.8339,-0.0034,0.0000,-13.0000,,,,CHO,-0.6391,-12.8331,-0.5394,-12.8331,0.0000,0.0000,-0.000,0.000,0.7619,0.0,,,,,,BAN,0,,0
40.1922,1790253294.137107,0.0203,0,,,0.000,,,-23.6764,-0.0482,-11.8339,-0.0034,0.0000,-13.0000,,,,CHO,-0.6391,-12.8331,-0.5394,-12.8331,0.0000,0.0000,-0.000,0.000,0.7619,0.0,,,,,,BAN,0,,0
40.2123,1790253294.157243,0.0201,0,,,0.000,,,-23.6764,-0.0482,-11.8339,-0.0034,0.0000,-13.0000,,,,CHO,-0.6391,-12.8331,-0.5394,-12.8331,0.0000,0.0000,-0.000,0.000,0.7619,0.0,,,,,,BAN,0,,0
40.2331,1790253294.178113,0.0207,0,,,0.000,,,-23.6764,-0.0482,-11.8339,-0.0034,0.0000,-13.0000,,,,CHO,-0.6391,-12.8331,-0.5394,-12.8331,0.0000,0.0000,-0.000,0.000,0.7619,0.0,,,,,,BAN,0,,0
40.2532,1790253294.198238,0.0201,0,,,0.000,,,-23.6764,-0.0482,-11.8339,-0.0034,0.0000,-13.0000,,,,CHO,-0.6391,-12.8331,-0.5394,-12.8331,0.0000,0.0000,-0.000,0.000,0.7619,0.0,,,,,,BAN,0,,0
40.2737,1790253294.218746,0.0205,0,,,0.000,,,-23.6764,-0.0482,-11.8339,-0.0034,0.0000,-13.0000,,,,CHO,-0.6391,-12.8331,-0.5394,-12.8331,0.0000,0.0000,-0.000,0.000,0.7619,0.0,,,,,,BAN,0,,0
40.2942,1790253294.239190,0.0205,0,,,0.000,,,-23.6764,-0.0482,-11.8339,-0.0034,0.0000,-13.0000,,,,CHO,-0.6391,-12.8331,-0.5394,-12.8331,0.0000,0.0000,-0.000,0.000,0.7619,0.0,,,,,,BAN,0,,0
40.3143,1790253294.259533,0.0201,0,,,0.000,,,-23.6764,-0.0482,-11.8339,-0.0034,0.0000,-13.0000,,,,CHO,-0.6391,-12.8331,-0.5394,-12.8331,0.0000,0.0000,-0.000,0.000,0.7619,0.0,,,,,,BAN,0,,0
40.3349,1790253294.279975,0.0207,0,,,0.000,,,-23.6764,-0.0482,-11.8339,-0.0034,0.0000,-13.0000,,,,CHO,-0.6391,-12.8331,-0.5394,-12.8331,0.0000,0.0000,-0.000,0.000,0.7619,0.0,,,,,,BAN,0,,0
40.3556,1790253294.300649,0.0206,0,,,0.000,,,-23.6764,-0.0482,-11.8339,-0.0034,0.0000,-13.0000,,,,CHO,-0.6391,-12.8331,-0.5394,-12.8331,0.0000,0.0000,-0.000,0.000,0.7619,0.0,,,,,,BAN,0,,0
40.3762,1790253294.321048,0.0206,0,,,0.000,,,-23.6764,-0.0482,-11.8339,-0.0034,0.0000,-13.0000,,,,CHO,-0.6391,-12.8331,-0.5394,-12.8331,0.0000,0.0000,-0.000,0.000,0.7619,0.0,,,,,,BAN,0,,0
40.3967,1790253294.341742,0.0205,0,,,0.000,,,-23.6764,-0.0482,-11.8339,-0.0034,0.0000,-13.0000,,,,CHO,-0.6391,-12.8331,-0.5394,-12.8331,0.0000,0.0000,-0.000,0.000,0.7619,0.0,,,,,,BAN,0,,0
40.4174,1790253294.362409,0.0207,0,,,0.000,,,-23.6764,-0.0482,-11.8339,-0.0034,0.0000,-13.0000,,,,CHO,-0.6391,-12.8331,-0.5394,-12.8331,0.0000,0.0000,-0.000,0.000,0.7619,0.0,,,,,,BAN,0,,0
40.4379,1790253294.382948,0.0204,0,,,0.000,,,-23.6764,-0.0482,-11.8339,-0.0034,0.0000,-13.0000,,,,CHO,-0.6391,-12.8331,-0.5394,-12.8331,0.0000,0.0000,-0.000,0.000,0.7619,0.0,,,,,,BAN,0,,0
40.4582,1790253294.403262,0.0204,0,,,0.000,,,-23.6764,-0.0482,-11.8339,-0.0034,0.0000,-13.0000,,,,CHO,-0.6391,-12.8331,-0.5394,-12.8331,0.0000,0.0000,-0.000,0.000,0.7619,0.0,,,,,,BAN,0,,0
40.4785,1790253294.423357,0.0202,0,,,0.000,,,-23.6764,-0.0482,-11.8339,-0.0034,0.0000,-13.0000,,,,CHO,-0.6391,-12.8331,-0.5394,-12.8331,0.0000,0.0000,-0.000,0.000,0.7619,0.0,,,,,,BAN,0,,0
40.4986,1790253294.443672,0.0202,0,,,0.000,,,-23.6764,-0.0482,-11.8339,-0.0034,0.0000,-13.0000,,,,CHO,-0.6391,-12.8331,-0.5394,-12.8331,0.0000,0.0000,-0.000,0.000,0.7619,0.0,,,,,,BAN,0,,0
40.5189,1790253294.464023,0.0203,0,,,0.000,,,-23.6764,-0.0482,-11.8339,-0.0034,0.0000,-13.0000,,,,CHO,-0.6391,-12.8331,-0.5394,-12.8331,0.0000,0.0000,-0.000,0.000,0.7619,0.0,,,,,,BAN,0,,0
40.5398,1790253294.484667,0.0208,0,,,0.000,,,-23.6764,-0.0482,-11.8339,-0.0034,0.0000,-13.0000,,,,CHO,-0.6391,-12.8331,-0.5394,-12.8331,0.0000,0.0000,-0.000,0.000,0.7619,0.0,,,,,,BAN,0,,0
40.5607,1790253294.505644,0.0210,0,,,0.000,,,-23.6764,-0.0482,-11.8339,-0.0034,0.0000,-13.0000,,,,CHO,-0.6391,-12.8331,-0.5394,-12.8331,0.0000,0.0000,-0.000,0.000,0.7619,0.0,,,,,,BAN,0,,0
40.5815,1790253294.526434,0.0207,0,,,0.000,,,-23.6764,-0.0482,-11.8339,-0.0034,0.0000,-13.0000,,,,CHO,-0.6391,-12.8331,-0.5394,-12.8331,0.0000,0.0000,-0.000,0.000,0.7619,0.0,,,,,,BAN,0,,0
40.6016,1790253294.546574,0.0202,0,,,0.000,,,-23.6764,-0.0482,-11.8339,-0.0034,0.0000,-13.0000,,,,CHO,-0.6391,-12.8331,-0.5394,-12.8331,0.0000,0.0000,-0.000,0.000,0.7619,0.0,,,,,,BAN,0,,0
40.6217,1790253294.566644,0.0201,0,,,0.000,,,-23.6764,-0.0482,-11.8339,-0.0034,0.0000,-13.0000,,,,CHO,-0.6391,-12.8331,-0.5394,-12.8331,0.0000,0.0000,-0.000,0.000,0.7619,0.0,,,,,,BAN,0,,0
40.7544,1790253294.699125,0.1327,0,,,0.000,,,-23.6764,-0.0482,-11.8339,-0.0034,0.0000,-13.0000,,,,CHO,-0.6391,-12.8331,-0.5394,-12.8331,0.0000,0.0000,-0.000,0.000,0.7619,0.0,,,,,,BAN,0,,0
40.7747,1790253294.719728,0.0203,0,,,0.000,,,-23.6764,-0.0482,-11.8339,-0.0034,0.0000,-13.0000,,,,CHO,-0.6391,-12.8331,-0.5394,-12.8331,0.0000,0.0000,-0.000,0.000,0.7619,0.0,,,,,,BAN,0,,0
40.7949,1790253294.739931,0.0202,0,,,0.000,,,-23.6764,-0.0482,-11.8339,-0.0034,0.0000,-13.0000,,,,CHO,-0.6391,-12.8331,-0.5394,-12.8331,0.0000,0.0000,-0.000,0.000,0.7619,0.0,,,,,,BAN,0,,0
40.8150,1790253294.759957,0.0201,0,,,0.000,,,-23.6764,-0.0482,-11.8339,-0.0034,0.0000,-13.0000,,,,CHO,-0.6391,-12.8331,-0.5394,-12.8331,0.0000,0.0000,-0.000,0.000,0.7619,0.0,,,,,,BAN,0,,0
40.8350,1790253294.779861,0.0200,0,,,0.000,,,-23.6764,-0.0482,-11.8339,-0.0034,0.0000,-13.0000,,,,CHO,-0.6391,-12.8331,-0.5394,-12.8331,0.0000,0.0000,-0.000,0.000,0.7619,0.0,,,,,,BAN,0,,0
40.8550,1790253294.800030,0.0200,0,,,0.000,,,-23.6764,-0.0482,-11.8339,-0.0034,0.0000,-13.0000,,,,CHO,-0.6391,-12.8331,-0.5394,-12.8331,0.0000,0.0000,-0.000,0.000,0.7619,0.0,,,,,,BAN,0,,0
40.8750,1790253294.819998,0.0200,0,,,0.000,,,-23.6764,-0.0482,-11.8339,-0.0034,0.0000,-13.0000,,,,CHO,-0.6391,-12.8331,-0.5394,-12.8331,0.0000,0.0000,-0.000,0.000,0.7619,0.0,,,,,,BAN,0,,0
40.8955,1790253294.840554,0.0205,0,,,0.000,,,-23.6764,-0.0482,-11.8339,-0.0034,0.0000,-13.0000,,,,CHO,-0.6391,-12.8331,-0.5394,-12.8331,0.0000,0.0000,-0.000,0.000,0.7619,0.0,,,,,,BAN,0,,0
40.9156,1790253294.860578,0.0201,0,,,0.000,,,-23.6764,-0.0482,-11.8339,-0.0034,0.0000,-13.0000,,,,CHO,-0.6391,-12.8331,-0.5394,-12.8331,0.0000,0.0000,-0.000,0.000,0.7619,0.0,,,,,,BAN,0,,0
40.9359,1790253294.880844,0.0203,0,,,0.000,,,-23.6764,-0.0482,-11.8339,-0.0034,0.0000,-13.0000,,,,CHO,-0.6391,-12.8331,-0.5394,-12.8331,0.0000,0.0000,-0.000,0.000,0.7619,0.0,,,,,,BAN,0,,0
40.9562,1790253294.901258,0.0203,0,,,0.000,,,-23.6764,-0.0482,-11.8339,-0.0034,0.0000,-13.0000,,,,CHO,-0.6391,-12.8331,-0.5394,-12.8331,0.0000,0.0000,-0.000,0.000,0.7619,0.0,,,,,,BAN,0,,0
40.9768,1790253294.921713,0.0206,0,,,0.000,,,-23.6764,-0.0482,-11.8339,-0.0034,0.0000,-13.0000,,,,CHO,-0.6391,-12.8331,-0.5394,-12.8331,0.0000,0.0000,-0.000,0.000,0.7619,0.0,,,,,,BAN,0,,0
40.9972,1790253294.942214,0.0204,0,,,0.000,,,-23.6764,-0.0482,-11.8339,-0.0034,0.0000,-13.0000,,,,CHO,-0.6391,-12.8331,-0.5394,-12.8331,0.0000,0.0000,-0.000,0.000,0.7619,0.0,,,,,,BAN,0,,0
41.0172,1790253294.962201,0.0200,0,,,0.000,,,-23.6764,-0.0482,-11.8339,-0.0034,0.0000,-13.0000,,,,CHO,-0.6391,-12.8331,-0.5394,-12.8331,0.0000,0.0000,-0.000,0.000,0.7619,0.0,,,,,,BAN,0,,0
41.0373,1790253294.982346,0.0201,0,,,0.000,,,-23.6764,-0.0482,-11.8339,-0.0034,0.0000,-13.0000,,,,CHO,-0.6391,-12.8331,-0.5394,-12.8331,0.0000,0.0000,-0.000,0.000,0.7619,0.0,,,,,,BAN,0,,0
41.0577,1790253295.002606,0.0203,0,,,0.000,,,-23.6764,-0.0482,-11.8339,-0.0034,0.0000,-13.0000,,,,CHO,-0.6391,-12.8331,-0.5394,-12.8331,0.0000,0.0000,-0.000,0.000,0.7619,0.0,,,,,,BAN,0,,0
41.0778,1790253295.022763,0.0202,0,,,0.000,,,-23.6764,-0.0482,-11.8339,-0.0034,0.0000,-13.0000,,,,CHO,-0.6391,-12.8331,-0.5394,-12.8331,0.0000,0.0000,-0.000,0.000,0.7619,0.0,,,,,,BAN,0,,0
41.0987,1790253295.043638,0.0209,0,,,0.000,,,-23.6764,-0.0482,-11.8339,-0.0034,0.0000,-13.0000,,,,CHO,-0.6391,-12.8331,-0.5394,-12.8331,0.0000,0.0000,-0.000,0.000,0.7619,0.0,,,,,,BAN,0,,0
41.1191,1790253295.064138,0.0204,0,,,0.000,,,-23.6764,-0.0482,-11.8339,-0.0034,0.0000,-13.0000,,,,CHO,-0.6391,-12.8331,-0.5394,-12.8331,0.0000,0.0000,-0.000,0.000,0.7619,0.0,,,,,,BAN,0,,0
41.1396,1790253295.084681,0.0205,0,,,0.000,,,-23.6764,-0.0482,-11.8339,-0.0034,0.0000,-13.0000,,,,CHO,-0.6391,-12.8331,-0.5394,-12.8331,0.0000,0.0000,-0.000,0.000,0.7619,0.0,,,,,,BAN,0,,0
41.1599,1790253295.104834,0.0203,0,,,0.000,,,-23.6764,-0.0482,-11.8339,-0.0034,0.0000,-13.0000,,,,CHO,-0.6391,-12.8331,-0.5394,-12.8331,0.0000,0.0000,-0.000,0.000,0.7619,0.0,,,,,,BAN,0,,0
41.1802,1790253295.125257,0.0203,0,,,0.000,,,-23.6764,-0.0482,-11.8339,-0.0034,0.0000,-13.0000,,,,CHO,-0.6391,-12.8331,-0.5394,-12.8331,0.0000,0.0000,-0.000,0.000,0.7619,0.0,,,,,,BAN,0,,0
41.2003,1790253295.145249,0.0201,0,,,0.000,,,-23.6764,-0.0482,-11.8339,-0.0034,0.0000,-13.0000,,,,CHO,-0.6391,-12.8331,-0.5394,-12.8331,0.0000,0.0000,-0.000,0.000,0.7619,0.0,,,,,,BAN,0,,0
41.2206,1790253295.165587,0.0203,0,,,0.000,,,-23.6764,-0.0482,-11.8339,-0.0034,0.0000,-13.0000,,,,CHO,-0.6391,-12.8331,-0.5394,-12.8331,0.0000,0.0000,-0.000,0.000,0.7619,0.0,,,,,,BAN,0,,0
41.2408,1790253295.185826,0.0202,0,,,0.000,,,-23.6764,-0.0482,-11.8339,-0.0034,0.0000,-13.0000,,,,CHO,-0.6391,-12.8331,-0.5394,-12.8331,0.0000,0.0000,-0.000,0.000,0.7619,0.0,,,,,,BAN,0,,0
41.2615,1790253295.206540,0.0207,0,,,0.000,,,-23.6764,-0.0482,-11.8339,-0.0034,0.0000,-13.0000,,,,CHO,-0.6391,-12.8331,-0.5394,-12.8331,0.0000,0.0000,-0.000,0.000,0.7619,0.0,,,,,,BAN,0,,0
41.2830,1790253295.227887,0.0215,0,,,0.000,,,-23.6764,-0.0482,-11.8339,-0.0034,0.0000,-13.0000,,,,CHO,-0.6391,-12.8331,-0.5394,-12.8331,0.0000,0.0000,-0.000,0.000,0.7619,0.0,,,,,,BAN,0,,0
41.3036,1790253295.248496,0.0206,0,,,0.000,,,-23.6764,-0.0482,-11.8339,-0.0034,0.0000,-13.0000,,,,CHO,-0.6391,-12.8331,-0.5394,-12.8331,0.0000,0.0000,-0.000,0.000,0.7619,0.0,,,,,,BAN,0,,0
41.3242,1790253295.269204,0.0206,0,,,0.000,,,-23.6764,-0.0482,-11.8339,-0.0034,0.0000,-13.0000,,,,CHO,-0.6391,-12.8331,-0.5394,-12.8331,0.0000,0.0000,-0.000,0.000,0.7619,0.0,,,,,,BAN,0,,0
41.3448,1790253295.289733,0.0205,0,,,0.000,,,-23.6764,-0.0482,-11.8339,-0.0034,0.0000,-13.0000,,,,CHO,-0.6391,-12.8331,-0.5394,-12.8331,0.0000,0.0000,-0.000,0.000,0.7619,0.0,,,,,,BAN,0,,0
41.3650,1790253295.310111,0.0203,0,,,0.000,,,-23.6764,-0.0482,-11.8339,-0.0034,0.0000,-13.0000,,,,CHO,-0.6391,-12.8331,-0.5394,-12.8331,0.0000,0.0000,-0.000,0.000,0.7619,0.0,,,,,,BAN,0,,0
41.3858,1790253295.330714,0.0208,0,,,0.000,,,-23.6764,-0.0482,-11.8339,-0.0034,0.0000,-13.0000,,,,CHO,-0.6391,-12.8331,-0.5394,-12.8331,0.0000,0.0000,-0.000,0.000,0.7619,0.0,,,,,,BAN,0,,0
41.4061,1790253295.351051,0.0203,0,,,0.000,,,-23.6764,-0.0482,-11.8339,-0.0034,0.0000,-13.0000,,,,CHO,-0.6391,-12.8331,-0.5394,-12.8331,0.0000,0.0000,-0.000,0.000,0.7619,0.0,,,,,,BAN,0,,0
41.4263,1790253295.371202,0.0201,0,,,0.000,,,-23.6764,-0.0482,-11.8339,-0.0034,0.0000,-13.0000,,,,CHO,-0.6391,-12.8331,-0.5394,-12.8331,0.0000,0.0000,-0.000,0.000,0.7619,0.0,,,,,,BAN,0,,0
41.4468,1790253295.391774,0.0205,0,,,0.000,,,-23.6764,-0.0482,-11.8339,-0.0034,0.0000,-13.0000,,,,CHO,-0.6391,-12.8331,-0.5394,-12.8331,0.0000,0.0000,-0.000,0.000,0.7619,0.0,,,,,,BAN,0,,0
41.4671,1790253295.412156,0.0203,0,,,0.000,,,-23.6764,-0.0482,-11.8339,-0.0034,0.0000,-13.0000,,,,CHO,-0.6391,-12.8331,-0.5394,-12.8331,0.0000,0.0000,-0.000,0.000,0.7619,0.0,,,,,,BAN,0,,0
41.4873,1790253295.432288,0.0202,0,,,0.000,,,-23.6764,-0.0482,-11.8339,-0.0034,0.0000,-13.0000,,,,CHO,-0.6391,-12.8331,-0.5394,-12.8331,0.0000,0.0000,-0.000,0.000,0.7619,0.0,,,,,,BAN,0,,0
41.5077,1790253295.452597,0.0203,0,,,0.000,,,-23.6764,-0.0482,-11.8339,-0.0034,0.0000,-13.0000,,,,CHO,-0.6391,-12.8331,-0.5394,-12.8331,0.0000,0.0000,-0.000,0.000,0.7619,0.0,,,,,,BAN,0,,0
41.5285,1790253295.473379,0.0208,0,,,0.000,,,-23.6764,-0.0482,-11.8339,-0.0034,0.0000,-13.0000,,,,CHO,-0.6391,-12.8331,-0.5394,-12.8331,0.0000,0.0000,-0.000,0.000,0.7619,0.0,,,,,,BAN,0,,0
41.5492,1790253295.494105,0.0207,0,,,0.000,,,-23.6764,-0.0482,-11.8339,-0.0034,0.0000,-13.0000,,,,CHO,-0.6391,-12.8331,-0.5394,-12.8331,0.0000,0.0000,-0.000,0.000,0.7619,0.0,,,,,,BAN,0,,0
41.5694,1790253295.514352,0.0202,0,,,0.000,,,-23.6764,-0.0482,-11.8339,-0.0034,0.0000,-13.0000,,,,CHO,-0.6391,-12.8331,-0.5394,-12.8331,0.0000,0.0000,-0.000,0.000,0.7619,0.0,,,,,,BAN,0,,0
41.5897,1790253295.534677,0.0203,0,,,0.000,,,-23.6764,-0.0482,-11.8339,-0.0034,0.0000,-13.0000,,,,CHO,-0.6391,-12.8331,-0.5394,-12.8331,0.0000,0.0000,-0.000,0.000,0.7619,0.0,,,,,,BAN,0,,0
41.6097,1790253295.554693,0.0200,0,,,0.000,,,-23.6764,-0.0482,-11.8339,-0.0034,0.0000,-13.0000,,,,CHO,-0.6391,-12.8331,-0.5394,-12.8331,0.0000,0.0000,-0.000,0.000,0.7619,0.0,,,,,,BAN,0,,0
41.6304,1790253295.575413,0.0207,0,,,0.000,,,-23.6764,-0.0482,-11.8339,-0.0034,0.0000,-13.0000,,,,CHO,-0.6391,-12.8331,-0.5394,-12.8331,0.0000,0.0000,-0.000,0.000,0.7619,0.0,,,,,,BAN,0,,0
41.6510,1790253295.596065,0.0206,0,,,0.000,,,-23.6764,-0.0482,-11.8339,-0.0034,0.0000,-13.0000,,,,CHO,-0.6391,-12.8331,-0.5394,-12.8331,0.0000,0.0000,-0.000,0.000,0.7619,0.0,,,,,,BAN,0,,0
41.6718,1790253295.616735,0.0208,0,,,0.000,,,-23.6764,-0.0482,-11.8339,-0.0034,0.0000,-13.0000,,,,CHO,-0.6391,-12.8331,-0.5394,-12.8331,0.0000,0.0000,-0.000,0.000,0.7619,0.0,,,,,,BAN,0,,0
41.6918,1790253295.636872,0.0200,0,,,0.000,,,-23.6764,-0.0482,-11.8339,-0.0034,0.0000,-13.0000,,,,CHO,-0.6391,-12.8331,-0.5394,-12.8331,0.0000,0.0000,-0.000,0.000,0.7619,0.0,,,,,,BAN,0,,0
41.7121,1790253295.657191,0.0203,0,,,0.000,,,-23.6764,-0.0482,-11.8339,-0.0034,0.0000,-13.0000,,,,CHO,-0.6391,-12.8331,-0.5394,-12.8331,0.0000,0.0000,-0.000,0.000,0.7619,0.0,,,,,,BAN,0,,0
41.7323,1790253295.677324,0.0202,0,,,0.000,,,-23.6764,-0.0482,-11.8339,-0.0034,0.0000,-13.0000,,,,CHO,-0.6391,-12.8331,-0.5394,-12.8331,0.0000,0.0000,-0.000,0.000,0.7619,0.0,,,,,,BAN,0,,0
41.7530,1790253295.698051,0.0207,0,,,0.000,,,-23.6764,-0.0482,-11.8339,-0.0034,0.0000,-13.0000,,,,CHO,-0.6391,-12.8331,-0.5394,-12.8331,0.0000,0.0000,-0.000,0.000,0.7619,0.0,,,,,,BAN,0,,0
41.7736,1790253295.718637,0.0207,0,,,0.000,,,-23.6764,-0.0482,-11.8339,-0.0034,0.0000,-13.0000,,,,CHO,-0.6391,-12.8331,-0.5394,-12.8331,0.0000,0.0000,-0.000,0.000,0.7619,0.0,,,,,,BAN,0,,0
41.7942,1790253295.739284,0.0206,0,,,0.000,,,-23.6764,-0.0482,-11.8339,-0.0034,0.0000,-13.0000,,,,CHO,-0.6391,-12.8331,-0.5394,-12.8331,0.0000,0.0000,-0.000,0.000,0.7619,0.0,,,,,,BAN,0,,0
41.8150,1790253295.759863,0.0207,0,,,0.000,,,-23.6764,-0.0482,-11.8339,-0.0034,0.0000,-13.0000,,,,CHO,-0.6391,-12.8331,-0.5394,-12.8331,0.0000,0.0000,-0.000,0.000,0.7619,0.0,,,,,,BAN,0,,0
41.8353,1790253295.780311,0.0204,0,,,0.000,,,-23.6764,-0.0482,-11.8339,-0.0034,0.0000,-13.0000,,,,CHO,-0.6391,-12.8331,-0.5394,-12.8331,0.0000,0.0000,-0.000,0.000,0.7619,0.0,,,,,,BAN,0,,0
41.8556,1790253295.800487,0.0202,0,,,0.000,,,-23.6764,-0.0482,-11.8339,-0.0034,0.0000,-13.0000,,,,CHO,-0.6391,-12.8331,-0.5394,-12.8331,0.0000,0.0000,-0.000,0.000,0.7619,0.0,,,,,,BAN,0,,0
41.8760,1790253295.821055,0.0204,0,,,0.000,,,-23.6764,-0.0482,-11.8339,-0.0034,0.0000,-13.0000,,,,CHO,-0.6391,-12.8331,-0.5394,-12.8331,0.0000,0.0000,-0.000,0.000,0.7619,0.0,,,,,,BAN,0,,0
41.8964,1790253295.841353,0.0204,0,,,0.000,,,-23.6764,-0.0482,-11.8339,-0.0034,0.0000,-13.0000,,,,CHO,-0.6391,-12.8331,-0.5394,-12.8331,0.0000,0.0000,-0.000,0.000,0.7619,0.0,,,,,,BAN,0,,0
41.9167,1790253295.861728,0.0204,0,,,0.000,,,-23.6764,-0.0482,-11.8339,-0.0034,0.0000,-13.0000,,,,CHO,-0.6391,-12.8331,-0.5394,-12.8331,0.0000,0.0000,-0.000,0.000,0.7619,0.0,,,,,,BAN,0,,0
41.9368,1790253295.881824,0.0200,0,,,0.000,,,-23.6764,-0.0482,-11.8339,-0.0034,0.0000,-13.0000,,,,CHO,-0.6391,-12.8331,-0.5394,-12.8331,0.0000,0.0000,-0.000,0.000,0.7619,0.0,,,,,,BAN,0,,0
41.9572,1790253295.902259,0.0204,0,,,0.000,,,-23.6764,-0.0482,-11.8339,-0.0034,0.0000,-13.0000,,,,CHO,-0.6391,-12.8331,-0.5394,-12.8331,0.0000,0.0000,-0.000,0.000,0.7619,0.0,,,,,,BAN,0,,0
41.9778,1790253295.922893,0.0206,0,,,0.000,,,-23.6764,-0.0482,-11.8339,-0.0034,0.0000,-13.0000,,,,CHO,-0.6391,-12.8331,-0.5394,-12.8331,0.0000,0.0000,-0.000,0.000,0.7619,0.0,,,,,,BAN,0,,0
41.9981,1790253295.943225,0.0203,0,,,0.000,,,-23.6764,-0.0482,-11.8339,-0.0034,0.0000,-13.0000,,,,CHO,-0.6391,-12.8331,-0.5394,-12.8331,0.0000,0.0000,-0.000,0.000,0.7619,0.0,,,,,,BAN,0,,0
42.0182,1790253295.963190,0.0201,0,,,0.000,,,-23.6764,-0.0482,-11.8339,-0.0034,0.0000,-13.0000,,,,CHO,-0.6391,-12.8331,-0.5394,-12.8331,0.0000,0.0000,-0.000,0.000,0.7619,0.0,,,,,,BAN,0,,0
42.0382,1790253295.983284,0.0200,0,,,0.000,,,-23.6764,-0.0482,-11.8339,-0.0034,0.0000,-13.0000,,,,CHO,-0.6391,-12.8331,-0.5394,-12.8331,0.0000,0.0000,-0.000,0.000,0.7619,0.0,,,,,,BAN,0,,0
42.0586,1790253296.003632,0.0204,0,,,0.000,,,-23.6764,-0.0482,-11.8339,-0.0034,0.0000,-13.0000,,,,CHO,-0.6391,-12.8331,-0.5394,-12.8331,0.0000,0.0000,-0.000,0.000,0.7619,0.0,,,,,,BAN,0,,0
42.0786,1790253296.023435,0.0200,0,,,0.000,,,-23.6764,-0.0482,-11.8339,-0.0034,0.0000,-13.0000,,,,CHO,-0.6391,-12.8331,-0.5394,-12.8331,0.0000,0.0000,-0.000,0.000,0.7619,0.0,,,,,,BAN,0,,0
42.0989,1790253296.043884,0.0203,0,,,0.000,,,-23.6764,-0.0482,-11.8339,-0.0034,0.0000,-13.0000,,,,CHO,-0.6391,-12.8331,-0.5394,-12.8331,0.0000,0.0000,-0.000,0.000,0.7619,0.0,,,,,,BAN,0,,0
42.1191,1790253296.064095,0.0202,0,,,0.000,,,-23.6764,-0.0482,-11.8339,-0.0034,0.0000,-13.0000,,,,CHO,-0.6391,-12.8331,-0.5394,-12.8331,0.0000,0.0000,-0.000,0.000,0.7619,0.0,,,,,,BAN,0,,0
42.1392,1790253296.084259,0.0201,0,,,0.000,,,-23.6764,-0.0482,-11.8339,-0.0034,0.0000,-13.0000,,,,CHO,-0.6391,-12.8331,-0.5394,-12.8331,0.0000,0.0000,-0.000,0.000,0.7619,0.0,,,,,,BAN,0,,0
42.1596,1790253296.104515,0.0204,0,,,0.000,,,-23.6764,-0.0482,-11.8339,-0.0034,0.0000,-13.0000,,,,CHO,-0.6391,-12.8331,-0.5394,-12.8331,0.0000,0.0000,-0.000,0.000,0.7619,0.0,,,,,,BAN,0,,0
42.1801,1790253296.125063,0.0205,0,,,0.000,,,-23.6764,-0.0482,-11.8339,-0.0034,0.0000,-13.0000,,,,CHO,-0.6391,-12.8331,-0.5394,-12.8331,0.0000,0.0000,-0.000,0.000,0.7619,0.0,,,,,,BAN,0,,0
42.2001,1790253296.145115,0.0200,0,,,0.000,,,-23.6764,-0.0482,-11.8339,-0.0034,0.0000,-13.0000,,,,CHO,-0.6391,-12.8331,-0.5394,-12.8331,0.0000,0.0000,-0.000,0.000,0.7619,0.0,,,,,,BAN,0,,0
42.2205,1790253296.165425,0.0204,0,,,0.000,,,-23.6764,-0.0482,-11.8339,-0.0034,0.0000,-13.0000,,,,CHO,-0.6391,-12.8331,-0.5394,-12.8331,0.0000,0.0000,-0.000,0.000,0.7619,0.0,,,,,,BAN,0,,0
42.2406,1790253296.185520,0.0201,0,,,0.000,,,-23.6764,-0.0482,-11.8339,-0.0034,0.0000,-13.0000,,,,CHO,-0.6391,-12.8331,-0.5394,-12.8331,0.0000,0.0000,-0.000,0.000,0.7619,0.0,,,,,,BAN,0,,0
42.2612,1790253296.206202,0.0206,0,,,0.000,,,-23.6764,-0.0482,-11.8339,-0.0034,0.0000,-13.0000,,,,CHO,-0.6391,-12.8331,-0.5394,-12.8331,0.0000,0.0000,-0.000,0.000,0.7619,0.0,,,,,,BAN,0,,0
42.2812,1790253296.226217,0.0200,0,,,0.000,,,-23.6764,-0.0482,-11.8339,-0.0034,0.0000,-13.0000,,,,CHO,-0.6391,-12.8331,-0.5394,-12.8331,0.0000,0.0000,-0.000,0.000,0.7619,0.0,,,,,,BAN,0,,0
42.3016,1790253296.246668,0.0204,0,,,0.000,,,-23.6764,-0.0482,-11.8339,-0.0034,0.0000,-13.0000,,,,CHO,-0.6391,-12.8331,-0.5394,-12.8331,0.0000,0.0000,-0.000,0.000,0.7619,0.0,,,,,,BAN,0,,0
42.3218,1790253296.266905,0.0202,0,,,0.000,,,-23.6764,-0.0482,-11.8339,-0.0034,0.0000,-13.0000,,,,CHO,-0.6391,-12.8331,-0.5394,-12.8331,0.0000,0.0000,-0.000,0.000,0.7619,0.0,,,,,,BAN,0,,0
42.3423,1790253296.287380,0.0205,0,,,0.000,,,-23.6764,-0.0482,-11.8339,-0.0034,0.0000,-13.0000,,,,CHO,-0.6391,-12.8331,-0.5394,-12.8331,0.0000,0.0000,-0.000,0.000,0.7619,0.0,,,,,,BAN,0,,0
42.3632,1790253296.308281,0.0209,0,,,0.000,,,-23.6764,-0.0482,-11.8339,-0.0034,0.0000,-13.0000,,,,CHO,-0.6391,-12.8331,-0.5394,-12.8331,0.0000,0.0000,-0.000,0.000,0.7619,0.0,,,,,,BAN,0,,0
42.3833,1790253296.328261,0.0200,0,,,0.000,,,-23.6764,-0.0482,-11.8339,-0.0034,0.0000,-13.0000,,,,CHO,-0.6391,-12.8331,-0.5394,-12.8331,0.0000,0.0000,-0.000,0.000,0.7619,0.0,,,,,,BAN,0,,0
42.4037,1790253296.348689,0.0204,0,,,0.000,,,-23.6764,-0.0482,-11.8339,-0.0034,0.0000,-13.0000,,,,CHO,-0.6391,-12.8331,-0.5394,-12.8331,0.0000,0.0000,-0.000,0.000,0.7619,0.0,,,,,,BAN,0,,0
42.4241,1790253296.369078,0.0204,0,,,0.000,,,-23.6764,-0.0482,-11.8339,-0.0034,0.0000,-13.0000,,,,CHO,-0.6391,-12.8331,-0.5394,-12.8331,0.0000,0.0000,-0.000,0.000,0.7619,0.0,,,,,,BAN,0,,0
42.4442,1790253296.389220,0.0201,0,,,0.000,,,-23.6764,-0.0482,-11.8339,-0.0034,0.0000,-13.0000,,,,CHO,-0.6391,-12.8331,-0.5394,-12.8331,0.0000,0.0000,-0.000,0.000,0.7619,0.0,,,,,,BAN,0,,0
42.4644,1790253296.409298,0.0202,0,,,0.000,,,-23.6764,-0.0482,-11.8339,-0.0034,0.0000,-13.0000,,,,CHO,-0.6391,-12.8331,-0.5394,-12.8331,0.0000,0.0000,-0.000,0.000,0.7619,0.0,,,,,,BAN,0,,0
42.4848,1790253296.429726,0.0204,0,,,0.000,,,-23.6764,-0.0482,-11.8339,-0.0034,0.0000,-13.0000,,,,CHO,-0.6391,-12.8331,-0.5394,-12.8331,0.0000,0.0000,-0.000,0.000,0.7619,0.0,,,,,,BAN,0,,0
42.5051,1790253296.450097,0.0203,0,,,0.000,,,-23.6764,-0.0482,-11.8339,-0.0034,0.0000,-13.0000,,,,CHO,-0.6391,-12.8331,-0.5394,-12.8331,0.0000,0.0000,-0.000,0.000,0.7619,0.0,,,,,,BAN,0,,0
42.5252,1790253296.470319,0.0202,0,,,0.000,,,-23.6764,-0.0482,-11.8339,-0.0034,0.0000,-13.0000,,,,CHO,-0.6391,-12.8331,-0.5394,-12.8331,0.0000,0.0000,-0.000,0.000,0.7619,0.0,,,,,,BAN,0,,0
42.5454,1790253296.490426,0.0201,0,,,0.000,,,-23.6764,-0.0482,-11.8339,-0.0034,0.0000,-13.0000,,,,CHO,-0.6391,-12.8331,-0.5394,-12.8331,0.0000,0.0000,-0.000,0.000,0.7619,0.0,,,,,,BAN,0,,0
42.5661,1790253296.511075,0.0207,0,,,0.000,,,-23.6764,-0.0482,-11.8339,-0.0034,0.0000,-13.0000,,,,CHO,-0.6391,-12.8331,-0.5394,-12.8331,0.0000,0.0000,-0.000,0.000,0.7619,0.0,,,,,,BAN,0,,0
42.5862,1790253296.531302,0.0201,0,,,0.000,,,-23.6764,-0.0482,-11.8339,-0.0034,0.0000,-13.0000,,,,CHO,-0.6391,-12.8331,-0.5394,-12.8331,0.0000,0.0000,-0.000,0.000,0.7619,0.0,,,,,,BAN,0,,0
42.6064,1790253296.551422,0.0202,0,,,0.000,,,-23.6764,-0.0482,-11.8339,-0.0034,0.0000,-13.0000,,,,CHO,-0.6391,-12.8331,-0.5394,-12.8331,0.0000,0.0000,-0.000,0.000,0.7619,0.0,,,,,,BAN,0,,0
42.6267,1790253296.571757,0.0203,0,,,0.000,,,-23.6764,-0.0482,-11.8339,-0.0034,0.0000,-13.0000,,,,CHO,-0.6391,-12.8331,-0.5394,-12.8331,0.0000,0.0000,-0.000,0.000,0.7619,0.0,,,,,,BAN,0,,0
42.6469,1790253296.591965,0.0202,0,,,0.000,,,-23.6764,-0.0482,-11.8339,-0.0034,0.0000,-13.0000,,,,CHO,-0.6391,-12.8331,-0.5394,-12.8331,0.0000,0.0000,-0.000,0.000,0.7619,0.0,,,,,,BAN,0,,0
42.6669,1790253296.611833,0.0200,0,,,0.000,,,-23.6764,-0.0482,-11.8339,-0.0034,0.0000,-13.0000,,,,CHO,-0.6391,-12.8331,-0.5394,-12.8331,0.0000,0.0000,-0.000,0.000,0.7619,0.0,,,,,,BAN,0,,0
42.6873,1790253296.632145,0.0204,0,,,0.000,,,-23.6764,-0.0482,-11.8339,-0.0034,0.0000,-13.0000,,,,CHO,-0.6391,-12.8331,-0.5394,-12.8331,0.0000,0.0000,-0.000,0.000,0.7619,0.0,,,,,,BAN,0,,0
42.7079,1790253296.652784,0.0206,0,,,0.000,,,-23.6764,-0.0482,-11.8339,-0.0034,0.0000,-13.0000,,,,CHO,-0.6391,-12.8331,-0.5394,-12.8331,0.0000,0.0000,-0.000,0.000,0.7619,0.0,,,,,,BAN,0,,0
42.7283,1790253296.673382,0.0205,0,,,0.000,,,-23.6764,-0.0482,-11.8339,-0.0034,0.0000,-13.0000,,,,CHO,-0.6391,-12.8331,-0.5394,-12.8331,0.0000,0.0000,-0.000,0.000,0.7619,0.0,,,,,,BAN,0,,0
42.7488,1790253296.693781,0.0205,0,,,0.000,,,-23.6764,-0.0482,-11.8339,-0.0034,0.0000,-13.0000,,,,CHO,-0.6391,-12.8331,-0.5394,-12.8331,0.0000,0.0000,-0.000,0.000,0.7619,0.0,,,,,,BAN,0,,0
42.7694,1790253296.714446,0.0205,0,,,0.000,,,-23.6764,-0.0482,-11.8339,-0.0034,0.0000,-13.0000,,,,CHO,-0.6391,-12.8331,-0.5394,-12.8331,0.0000,0.0000,-0.000,0.000,0.7619,0.0,,,,,,BAN,0,,0
42.7901,1790253296.735130,0.0207,0,,,0.000,,,-23.6764,-0.0482,-11.8339,-0.0034,0.0000,-13.0000,,,,CHO,-0.6391,-12.8331,-0.5394,-12.8331,0.0000,0.0000,-0.000,0.000,0.7619,0.0,,,,,,BAN,0,,0
42.8103,1790253296.755231,0.0202,0,,,0.000,,,-23.6764,-0.0482,-11.8339,-0.0034,0.0000,-13.0000,,,,CHO,-0.6391,-12.8331,-0.5394,-12.8331,0.0000,0.0000,-0.000,0.000,0.7619,0.0,,,,,,BAN,0,,0
42.8304,1790253296.775475,0.0201,0,,,0.000,,,-23.6764,-0.0482,-11.8339,-0.0034,0.0000,-13.0000,,,,CHO,-0.6391,-12.8331,-0.5394,-12.8331,0.0000,0.0000,-0.000,0.000,0.7619,0.0,,,,,,BAN,0,,0
42.8506,1790253296.795660,0.0202,0,,,0.000,,,-23.6764,-0.0482,-11.8339,-0.0034,0.0000,-13.0000,,,,CHO,-0.6391,-12.8331,-0.5394,-12.8331,0.0000,0.0000,-0.000,0.000,0.7619,0.0,,,,,,BAN,0,,0
42.8712,1790253296.816211,0.0206,0,,,0.000,,,-23.6764,-0.0482,-11.8339,-0.0034,0.0000,-13.0000,,,,CHO,-0.6391,-12.8331,-0.5394,-12.8331,0.0000,0.0000,-0.000,0.000,0.7619,0.0,,,,,,BAN,0,,0
42.8917,1790253296.836735,0.0205,0,,,0.000,,,-23.6764,-0.0482,-11.8339,-0.0034,0.0000,-13.0000,,,,CHO,-0.6391,-12.8331,-0.5394,-12.8331,0.0000,0.0000,-0.000,0.000,0.7619,0.0,,,,,,BAN,0,,0
42.9121,1790253296.857200,0.0205,0,,,0.000,,,-23.6764,-0.0482,-11.8339,-0.0034,0.0000,-13.0000,,,,CHO,-0.6391,-12.8331,-0.5394,-12.8331,0.0000,0.0000,-0.000,0.000,0.7619,0.0,,,,,,BAN,0,,0
42.9323,1790253296.877322,0.0202,0,,,0.000,,,-23.6764,-0.0482,-11.8339,-0.0034,0.0000,-13.0000,,,,CHO,-0.6391,-12.8331,-0.5394,-12.8331,0.0000,0.0000,-0.000,0.000,0.7619,0.0,,,,,,BAN,0,,0
42.9527,1790253296.897553,0.0204,0,,,0.000,,,-23.6764,-0.0482,-11.8339,-0.0034,0.0000,-13.0000,,,,CHO,-0.6391,-12.8331,-0.5394,-12.8331,0.0000,0.0000,-0.000,0.000,0.7619,0.0,,,,,,BAN,0,,0
42.9730,1790253296.917860,0.0203,0,,,0.000,,,-23.6764,-0.0482,-11.8339,-0.0034,0.0000,-13.0000,,,,CHO,-0.6391,-12.8331,-0.5394,-12.8331,0.0000,0.0000,-0.000,0.000,0.7619,0.0,,,,,,BAN,0,,0
42.9935,1790253296.938204,0.0205,0,,,0.000,,,-23.6764,-0.0482,-11.8339,-0.0034,0.0000,-13.0000,,,,CHO,-0.6391,-12.8331,-0.5394,-12.8331,0.0000,0.0000,-0.000,0.000,0.7619,0.0,,,,,,BAN,0,,0
43.0139,1790253296.958914,0.0204,0,,,0.000,,,-23.6764,-0.0482,-11.8339,-0.0034,0.0000,-13.0000,,,,CHO,-0.6391,-12.8331,-0.5394,-12.8331,0.0000,0.0000,-0.000,0.000,0.7619,0.0,,,,,,BAN,0,,0
43.0345,1790253296.979338,0.0206,0,,,0.000,,,-23.6764,-0.0482,-11.8339,-0.0034,0.0000,-13.0000,,,,CHO,-0.6391,-12.8331,-0.5394,-12.8331,0.0000,0.0000,-0.000,0.000,0.7619,0.0,,,,,,BAN,0,,0
43.0547,1790253296.999586,0.0202,0,,,0.000,,,-23.6764,-0.0482,-11.8339,-0.0034,0.0000,-13.0000,,,,CHO,-0.6391,-12.8331,-0.5394,-12.8331,0.0000,0.0000,-0.000,0.000,0.7619,0.0,,,,,,BAN,0,,0
43.0747,1790253297.019791,0.0200,0,,,0.000,,,-23.6764,-0.0482,-11.8339,-0.0034,0.0000,-13.0000,,,,CHO,-0.6391,-12.8331,-0.5394,-12.8331,0.0000,0.0000,-0.000,0.000,0.7619,0.0,,,,,,BAN,0,,0
43.0951,1790253297.039941,0.0203,0,,,0.000,,,-23.6764,-0.0482,-11.8339,-0.0034,0.0000,-13.0000,,,,CHO,-0.6391,-12.8331,-0.5394,-12.8331,0.0000,0.0000,-0.000,0.000,0.7619,0.0,,,,,,BAN,0,,0
43.1153,1790253297.060328,0.0202,0,,,0.000,,,-23.6764,-0.0482,-11.8339,-0.0034,0.0000,-13.0000,,,,CHO,-0.6391,-12.8331,-0.5394,-12.8331,0.0000,0.0000,-0.000,0.000,0.7619,0.0,,,,,,BAN,0,,0
43.1359,1790253297.080934,0.0206,0,,,0.000,,,-23.6764,-0.0482,-11.8339,-0.0034,0.0000,-13.0000,,,,CHO,-0.6391,-12.8331,-0.5394,-12.8331,0.0000,0.0000,-0.000,0.000,0.7619,0.0,,,,,,BAN,0,,0
43.1561,1790253297.101038,0.0202,0,,,0.000,,,-23.6764,-0.0482,-11.8339,-0.0034,0.0000,-13.0000,,,,CHO,-0.6391,-12.8331,-0.5394,-12.8331,0.0000,0.0000,-0.000,0.000,0.7619,0.0,,,,,,BAN,0,,0
43.1762,1790253297.121189,0.0201,0,,,0.000,,,-23.6764,-0.0482,-11.8339,-0.0034,0.0000,-13.0000,,,,CHO,-0.6391,-12.8331,-0.5394,-12.8331,0.0000,0.0000,-0.000,0.000,0.7619,0.0,,,,,,BAN,0,,0
43.1963,1790253297.141235,0.0202,0,,,0.000,,,-23.6764,-0.0482,-11.8339,-0.0034,0.0000,-13.0000,,,,CHO,-0.6391,-12.8331,-0.5394,-12.8331,0.0000,0.0000,-0.000,0.000,0.7619,0.0,,,,,,BAN,0,,0
43.2164,1790253297.161322,0.0201,0,,,0.000,,,-23.6764,-0.0482,-11.8339,-0.0034,0.0000,-13.0000,,,,CHO,-0.6391,-12.8331,-0.5394,-12.8331,0.0000,0.0000,-0.000,0.000,0.7619,0.0,,,,,,BAN,0,,0
43.2365,1790253297.181366,0.0200,0,,,0.000,,,-23.6764,-0.0482,-11.8339,-0.0034,0.0000,-13.0000,,,,CHO,-0.6391,-12.8331,-0.5394,-12.8331,0.0000,0.0000,-0.000,0.000,0.7619,0.0,,,,,,BAN,0,,0
43.2565,1790253297.201429,0.0200,0,,,0.000,,,-23.6764,-0.0482,-11.8339,-0.0034,0.0000,-13.0000,,,,CHO,-0.6391,-12.8331,-0.5394,-12.8331,0.0000,0.0000,-0.000,0.000,0.7619,0.0,,,,,,BAN,0,,0
43.2771,1790253297.222129,0.0207,0,,,0.000,,,-23.6764,-0.0482,-11.8339,-0.0034,0.0000,-13.0000,,,,CHO,-0.6391,-12.8331,-0.5394,-12.8331,0.0000,0.0000,-0.000,0.000,0.7619,0.0,,,,,,BAN,0,,0
43.2976,1790253297.242687,0.0205,0,,,0.000,,,-23.6764,-0.0482,-11.8339,-0.0034,0.0000,-13.0000,,,,CHO,-0.6391,-12.8331,-0.5394,-12.8331,0.0000,0.0000,-0.000,0.000,0.7619,0.0,,,,,,BAN,0,,0
43.3180,1790253297.262880,0.0203,0,,,0.000,,,-23.6764,-0.0482,-11.8339,-0.0034,0.0000,-13.0000,,,,CHO,-0.6391,-12.8331,-0.5394,-12.8331,0.0000,0.0000,-0.000,0.000,0.7619,0.0,,,,,,BAN,0,,0
43.3387,1790253297.283662,0.0208,0,,,0.000,,,-23.6764,-0.0482,-11.8339,-0.0034,0.0000,-13.0000,,,,CHO,-0.6391,-12.8331,-0.5394,-12.8331,0.0000,0.0000,-0.000,0.000,0.7619,0.0,,,,,,BAN,0,,0
43.3592,1790253297.304321,0.0205,0,,,0.000,,,-23.6764,-0.0482,-11.8339,-0.0034,0.0000,-13.0000,,,,CHO,-0.6391,-12.8331,-0.5394,-12.8331,0.0000,0.0000,-0.000,0.000,0.7619,0.0,,,,,,BAN,0,,0
43.3795,1790253297.324534,0.0203,0,,,0.000,,,-23.6764,-0.0482,-11.8339,-0.0034,0.0000,-13.0000,,,,CHO,-0.6391,-12.8331,-0.5394,-12.8331,0.0000,0.0000,-0.000,0.000,0.7619,0.0,,,,,,BAN,0,,0
43.3999,1790253297.344769,0.0203,0,,,0.000,,,-23.6764,-0.0482,-11.8339,-0.0034,0.0000,-13.0000,,,,CHO,-0.6391,-12.8331,-0.5394,-12.8331,0.0000,0.0000,-0.000,0.000,0.7619,0.0,,,,,,BAN,0,,0
43.4201,1790253297.364986,0.0202,0,,,0.000,,,-23.6764,-0.0482,-11.8339,-0.0034,0.0000,-13.0000,,,,CHO,-0.6391,-12.8331,-0.5394,-12.8331,0.0000,0.0000,-0.000,0.000,0.7619,0.0,,,,,,BAN,0,,0
43.4405,1790253297.385621,0.0205,0,,,0.000,,,-23.6764,-0.0482,-11.8339,-0.0034,0.0000,-13.0000,,,,CHO,-0.6391,-12.8331,-0.5394,-12.8331,0.0000,0.0000,-0.000,0.000,0.7619,0.0,,,,,,BAN,0,,0
43.4607,1790253297.405732,0.0202,0,,,0.000,,,-23.6764,-0.0482,-11.8339,-0.0034,0.0000,-13.0000,,,,CHO,-0.6391,-12.8331,-0.5394,-12.8331,0.0000,0.0000,-0.000,0.000,0.7619,0.0,,,,,,BAN,0,,0
43.4809,1790253297.425794,0.0202,0,,,0.000,,,-23.6764,-0.0482,-11.8339,-0.0034,0.0000,-13.0000,,,,CHO,-0.6391,-12.8331,-0.5394,-12.8331,0.0000,0.0000,-0.000,0.000,0.7619,0.0,,,,,,BAN,0,,0
43.5012,1790253297.446237,0.0202,0,,,0.000,,,-23.6764,-0.0482,-11.8339,-0.0034,0.0000,-13.0000,,,,CHO,-0.6391,-12.8331,-0.5394,-12.8331,0.0000,0.0000,-0.000,0.000,0.7619,0.0,,,,,,BAN,0,,0
43.5217,1790253297.466600,0.0205,0,,,0.000,,,-23.6764,-0.0482,-11.8339,-0.0034,0.0000,-13.0000,,,,CHO,-0.6391,-12.8331,-0.5394,-12.8331,0.0000,0.0000,-0.000,0.000,0.7619,0.0,,,,,,BAN,0,,0
43.5424,1790253297.487425,0.0207,0,,,0.000,,,-23.6764,-0.0482,-11.8339,-0.0034,0.0000,-13.0000,,,,CHO,-0.6391,-12.8331,-0.5394,-12.8331,0.0000,0.0000,-0.000,0.000,0.7619,0.0,,,,,,BAN,0,,0
43.5628,1790253297.507817,0.0204,0,,,0.000,,,-23.6764,-0.0482,-11.8339,-0.0034,0.0000,-13.0000,,,,CHO,-0.6391,-12.8331,-0.5394,-12.8331,0.0000,0.0000,-0.000,0.000,0.7619,0.0,,,,,,BAN,0,,0
43.5830,1790253297.527941,0.0202,0,,,0.000,,,-23.6764,-0.0482,-11.8339,-0.0034,0.0000,-13.0000,,,,CHO,-0.6391,-12.8331,-0.5394,-12.8331,0.0000,0.0000,-0.000,0.000,0.7619,0.0,,,,,,BAN,0,,0
43.6033,1790253297.548346,0.0203,0,,,0.000,,,-23.6764,-0.0482,-11.8339,-0.0034,0.0000,-13.0000,,,,CHO,-0.6391,-12.8331,-0.5394,-12.8331,0.0000,0.0000,-0.000,0.000,0.7619,0.0,,,,,,BAN,0,,0
43.6236,1790253297.568476,0.0203,0,,,0.000,,,-23.6764,-0.0482,-11.8339,-0.0034,0.0000,-13.0000,,,,CHO,-0.6391,-12.8331,-0.5394,-12.8331,0.0000,0.0000,-0.000,0.000,0.7619,0.0,,,,,,BAN,0,,0
43.6439,1790253297.588933,0.0203,0,,,0.000,,,-23.6764,-0.0482,-11.8339,-0.0034,0.0000,-13.0000,,,,CHO,-0.6391,-12.8331,-0.5394,-12.8331,0.0000,0.0000,-0.000,0.000,0.7619,0.0,,,,,,BAN,0,,0
43.6641,1790253297.609127,0.0202,0,,,0.000,,,-23.6764,-0.0482,-11.8339,-0.0034,0.0000,-13.0000,,,,CHO,-0.6391,-12.8331,-0.5394,-12.8331,0.0000,0.0000,-0.000,0.000,0.7619,0.0,,,,,,BAN,0,,0
43.6842,1790253297.629201,0.0201,0,,,0.000,,,-23.6764,-0.0482,-11.8339,-0.0034,0.0000,-13.0000,,,,CHO,-0.6391,-12.8331,-0.5394,-12.8331,0.0000,0.0000,-0.000,0.000,0.7619,0.0,,,,,,BAN,0,,0
43.7047,1790253297.649522,0.0205,0,,,0.000,,,-23.6764,-0.0482,-11.8339,-0.0034,0.0000,-13.0000,,,,CHO,-0.6391,-12.8331,-0.5394,-12.8331,0.0000,0.0000,-0.000,0.000,0.7619,0.0,,,,,,BAN,0,,0
43.7252,1790253297.670176,0.0205,0,,,0.000,,,-23.6764,-0.0482,-11.8339,-0.0034,0.0000,-13.0000,,,,CHO,-0.6391,-12.8331,-0.5394,-12.8331,0.0000,0.0000,-0.000,0.000,0.7619,0.0,,,,,,BAN,0,,0
43.7453,1790253297.690209,0.0201,0,,,0.000,,,-23.6764,-0.0482,-11.8339,-0.0034,0.0000,-13.0000,,,,CHO,-0.6391,-12.8331,-0.5394,-12.8331,0.0000,0.0000,-0.000,0.000,0.7619,0.0,,,,,,BAN,0,,0
43.7655,1790253297.710530,0.0202,0,,,0.000,,,-23.6764,-0.0482,-11.8339,-0.0034,0.0000,-13.0000,,,,CHO,-0.6391,-12.8331,-0.5394,-12.8331,0.0000,0.0000,-0.000,0.000,0.7619,0.0,,,,,,BAN,0,,0
43.7860,1790253297.731057,0.0205,0,,,0.000,,,-23.6764,-0.0482,-11.8339,-0.0034,0.0000,-13.0000,,,,CHO,-0.6391,-12.8331,-0.5394,-12.8331,0.0000,0.0000,-0.000,0.000,0.7619,0.0,,,,,,BAN,0,,0
43.8062,1790253297.751216,0.0202,0,,,0.000,,,-23.6764,-0.0482,-11.8339,-0.0034,0.0000,-13.0000,,,,CHO,-0.6391,-12.8331,-0.5394,-12.8331,0.0000,0.0000,-0.000,0.000,0.7619,0.0,,,,,,BAN,0,,0
43.8262,1790253297.771140,0.0200,0,,,0.000,,,-23.6764,-0.0482,-11.8339,-0.0034,0.0000,-13.0000,,,,CHO,-0.6391,-12.8331,-0.5394,-12.8331,0.0000,0.0000,-0.000,0.000,0.7619,0.0,,,,,,BAN,0,,0
43.8464,1790253297.791293,0.0201,0,,,0.000,,,-23.6764,-0.0482,-11.8339,-0.0034,0.0000,-13.0000,,,,CHO,-0.6391,-12.8331,-0.5394,-12.8331,0.0000,0.0000,-0.000,0.000,0.7619,0.0,,,,,,BAN,0,,0
43.8664,1790253297.811494,0.0201,0,,,0.000,,,-23.6764,-0.0482,-11.8339,-0.0034,0.0000,-13.0000,,,,CHO,-0.6391,-12.8331,-0.5394,-12.8331,0.0000,0.0000,-0.000,0.000,0.7619,0.0,,,,,,BAN,0,,0
43.8868,1790253297.831666,0.0203,0,,,0.000,,,-23.6764,-0.0482,-11.8339,-0.0034,0.0000,-13.0000,,,,CHO,-0.6391,-12.8331,-0.5394,-12.8331,0.0000,0.0000,-0.000,0.000,0.7619,0.0,,,,,,BAN,0,,0
43.9068,1790253297.851882,0.0201,0,,,0.000,,,-23.6764,-0.0482,-11.8339,-0.0034,0.0000,-13.0000,,,,CHO,-0.6391,-12.8331,-0.5394,-12.8331,0.0000,0.0000,-0.000,0.000,0.7619,0.0,,,,,,BAN,0,,0
43.9277,1790253297.872780,0.0209,0,,,0.000,,,-23.6764,-0.0482,-11.8339,-0.0034,0.0000,-13.0000,,,,CHO,-0.6391,-12.8331,-0.5394,-12.8331,0.0000,0.0000,-0.000,0.000,0.7619,0.0,,,,,,BAN,0,,0
43.9478,1790253297.892904,0.0201,0,,,0.000,,,-23.6764,-0.0482,-11.8339,-0.0034,0.0000,-13.0000,,,,CHO,-0.6391,-12.8331,-0.5394,-12.8331,0.0000,0.0000,-0.000,0.000,0.7619,0.0,,,,,,BAN,0,,0
43.9681,1790253297.913042,0.0203,0,,,0.000,,,-23.6764,-0.0482,-11.8339,-0.0034,0.0000,-13.0000,,,,CHO,-0.6391,-12.8331,-0.5394,-12.8331,0.0000,0.0000,-0.000,0.000,0.7619,0.0,,,,,,BAN,0,,0
43.9886,1790253297.933717,0.0205,0,,,0.000,,,-23.6764,-0.0482,-11.8339,-0.0034,0.0000,-13.0000,,,,CHO,-0.6391,-12.8331,-0.5394,-12.8331,0.0000,0.0000,-0.000,0.000,0.7619,0.0,,,,,,BAN,0,,0
44.0092,1790253297.954149,0.0205,0,,,0.000,,,-23.6764,-0.0482,-11.8339,-0.0034,0.0000,-13.0000,,,,CHO,-0.6391,-12.8331,-0.5394,-12.8331,0.0000,0.0000,-0.000,0.000,0.7619,0.0,,,,,,BAN,0,,0
44.0294,1790253297.974291,0.0202,0,,,0.000,,,-23.6764,-0.0482,-11.8339,-0.0034,0.0000,-13.0000,,,,CHO,-0.6391,-12.8331,-0.5394,-12.8331,0.0000,0.0000,-0.000,0.000,0.7619,0.0,,,,,,BAN,0,,0
44.0495,1790253297.994370,0.0201,0,,,0.000,,,-23.6764,-0.0482,-11.8339,-0.0034,0.0000,-13.0000,,,,CHO,-0.6391,-12.8331,-0.5394,-12.8331,0.0000,0.0000,-0.000,0.000,0.7619,0.0,,,,,,BAN,0,,0
44.0697,1790253298.014662,0.0202,0,,,0.000,,,-23.6764,-0.0482,-11.8339,-0.0034,0.0000,-13.0000,,,,CHO,-0.6391,-12.8331,-0.5394,-12.8331,0.0000,0.0000,-0.000,0.000,0.7619,0.0,,,,,,BAN,0,,0
44.0901,1790253298.034943,0.0204,0,,,0.000,,,-23.6764,-0.0482,-11.8339,-0.0034,0.0000,-13.0000,,,,CHO,-0.6391,-12.8331,-0.5394,-12.8331,0.0000,0.0000,-0.000,0.000,0.7619,0.0,,,,,,BAN,0,,0
44.1101,1790253298.055137,0.0201,0,,,0.000,,,-23.6764,-0.0482,-11.8339,-0.0034,0.0000,-13.0000,,,,CHO,-0.6391,-12.8331,-0.5394,-12.8331,0.0000,0.0000,-0.000,0.000,0.7619,0.0,,,,,,BAN,0,,0
44.1305,1790253298.075346,0.0203,0,,,0.000,,,-23.6764,-0.0482,-11.8339,-0.0034,0.0000,-13.0000,,,,CHO,-0.6391,-12.8331,-0.5394,-12.8331,0.0000,0.0000,-0.000,0.000,0.7619,0.0,,,,,,BAN,0,,0
44.1508,1790253298.095872,0.0204,0,,,0.000,,,-23.6764,-0.0482,-11.8339,-0.0034,0.0000,-13.0000,,,,CHO,-0.6391,-12.8331,-0.5394,-12.8331,0.0000,0.0000,-0.000,0.000,0.7619,0.0,,,,,,BAN,0,,0
44.1709,1790253298.115947,0.0200,0,,,0.000,,,-23.6764,-0.0482,-11.8339,-0.0034,0.0000,-13.0000,,,,CHO,-0.6391,-12.8331,-0.5394,-12.8331,0.0000,0.0000,-0.000,0.000,0.7619,0.0,,,,,,BAN,0,,0
44.1915,1790253298.136593,0.0207,0,,,0.000,,,-23.6764,-0.0482,-11.8339,-0.0034,0.0000,-13.0000,,,,CHO,-0.6391,-12.8331,-0.5394,-12.8331,0.0000,0.0000,-0.000,0.000,0.7619,0.0,,,,,,BAN,0,,0
44.2116,1790253298.156515,0.0201,0,,,0.000,,,-23.6764,-0.0482,-11.8339,-0.0034,0.0000,-13.0000,,,,CHO,-0.6391,-12.8331,-0.5394,-12.8331,0.0000,0.0000,-0.000,0.000,0.7619,0.0,,,,,,BAN,0,,0
44.2321,1790253298.176959,0.0205,0,,,0.000,,,-23.6764,-0.0482,-11.8339,-0.0034,0.0000,-13.0000,,,,CHO,-0.6391,-12.8331,-0.5394,-12.8331,0.0000,0.0000,-0.000,0.000,0.7619,0.0,,,,,,BAN,0,,0
44.2524,1790253298.197348,0.0203,0,,,0.000,,,-23.6764,-0.0482,-11.8339,-0.0034,0.0000,-13.0000,,,,CHO,-0.6391,-12.8331,-0.5394,-12.8331,0.0000,0.0000,-0.000,0.000,0.7619,0.0,,,,,,BAN,0,,0
44.2726,1790253298.217586,0.0202,0,,,0.000,,,-23.6764,-0.0482,-11.8339,-0.0034,0.0000,-13.0000,,,,CHO,-0.6391,-12.8331,-0.5394,-12.8331,0.0000,0.0000,-0.000,0.000,0.7619,0.0,,,,,,BAN,0,,0
44.2932,1790253298.238198,0.0205,0,,,0.000,,,-23.6764,-0.0482,-11.8339,-0.0034,0.0000,-13.0000,,,,CHO,-0.6391,-12.8331,-0.5394,-12.8331,0.0000,0.0000,-0.000,0.000,0.7619,0.0,,,,,,BAN,0,,0
44.3136,1790253298.258536,0.0204,0,,,0.000,,,-23.6764,-0.0482,-11.8339,-0.0034,0.0000,-13.0000,,,,CHO,-0.6391,-12.8331,-0.5394,-12.8331,0.0000,0.0000,-0.000,0.000,0.7619,0.0,,,,,,BAN,0,,0
44.3337,1790253298.278632,0.0201,0,,,0.000,,,-23.6764,-0.0482,-11.8339,-0.0034,0.0000,-13.0000,,,,CHO,-0.6391,-12.8331,-0.5394,-12.8331,0.0000,0.0000,-0.000,0.000,0.7619,0.0,,,,,,BAN,0,,0
44.3541,1790253298.299056,0.0204,0,,,0.000,,,-23.6764,-0.0482,-11.8339,-0.0034,0.0000,-13.0000,,,,CHO,-0.6391,-12.8331,-0.5394,-12.8331,0.0000,0.0000,-0.000,0.000,0.7619,0.0,,,,,,BAN,0,,0
44.3742,1790253298.319156,0.0201,0,,,0.000,,,-23.6764,-0.0482,-11.8339,-0.0034,0.0000,-13.0000,,,,CHO,-0.6391,-12.8331,-0.5394,-12.8331,0.0000,0.0000,-0.000,0.000,0.7619,0.0,,,,,,BAN,0,,0
44.3943,1790253298.339314,0.0201,0,,,0.000,,,-23.6764,-0.0482,-11.8339,-0.0034,0.0000,-13.0000,,,,CHO,-0.6391,-12.8331,-0.5394,-12.8331,0.0000,0.0000,-0.000,0.000,0.7619,0.0,,,,,,BAN,0,,0
44.4146,1790253298.359489,0.0203,0,,,0.000,,,-23.6764,-0.0482,-11.8339,-0.0034,0.0000,-13.0000,,,,CHO,-0.6391,-12.8331,-0.5394,-12.8331,0.0000,0.0000,-0.000,0.000,0.7619,0.0,,,,,,BAN,0,,0
44.4346,1790253298.379664,0.0200,0,,,0.000,,,-23.6764,-0.0482,-11.8339,-0.0034,0.0000,-13.0000,,,,CHO,-0.6391,-12.8331,-0.5394,-12.8331,0.0000,0.0000,-0.000,0.000,0.7619,0.0,,,,,,BAN,0,,0
44.4553,1790253298.400202,0.0207,0,,,0.000,,,-23.6764,-0.0482,-11.8339,-0.0034,0.0000,-13.0000,,,,CHO,-0.6391,-12.8331,-0.5394,-12.8331,0.0000,0.0000,-0.000,0.000,0.7619,0.0,,,,,,BAN,0,,0
44.4755,1790253298.420516,0.0202,0,,,0.000,,,-23.6764,-0.0482,-11.8339,-0.0034,0.0000,-13.0000,,,,CHO,-0.6391,-12.8331,-0.5394,-12.8331,0.0000,0.0000,-0.000,0.000,0.7619,0.0,,,,,,BAN,0,,0
44.4955,1790253298.440466,0.0200,0,,,0.000,,,-23.6764,-0.0482,-11.8339,-0.0034,0.0000,-13.0000,,,,CHO,-0.6391,-12.8331,-0.5394,-12.8331,0.0000,0.0000,-0.000,0.000,0.7619,0.0,,,,,,BAN,0,,0
44.5159,1790253298.460956,0.0204,0,,,0.000,,,-23.6764,-0.0482,-11.8339,-0.0034,0.0000,-13.0000,,,,CHO,-0.6391,-12.8331,-0.5394,-12.8331,0.0000,0.0000,-0.000,0.000,0.7619,0.0,,,,,,BAN,0,,0
44.5360,1790253298.480854,0.0200,0,,,0.000,,,-23.6764,-0.0482,-11.8339,-0.0034,0.0000,-13.0000,,,,CHO,-0.6391,-12.8331,-0.5394,-12.8331,0.0000,0.0000,-0.000,0.000,0.7619,0.0,,,,,,BAN,0,,0
44.5560,1790253298.500929,0.0200,0,,,0.000,,,-23.6764,-0.0482,-11.8339,-0.0034,0.0000,-13.0000,,,,CHO,-0.6391,-12.8331,-0.5394,-12.8331,0.0000,0.0000,-0.000,0.000,0.7619,0.0,,,,,,BAN,0,,0
44.5760,1790253298.520919,0.0200,0,,,0.000,,,-23.6764,-0.0482,-11.8339,-0.0034,0.0000,-13.0000,,,,CHO,-0.6391,-12.8331,-0.5394,-12.8331,0.0000,0.0000,-0.000,0.000,0.7619,0.0,,,,,,BAN,0,,0
44.5965,1790253298.541272,0.0206,0,,,0.000,,,-23.6764,-0.0482,-11.8339,-0.0034,0.0000,-13.0000,,,,CHO,-0.6391,-12.8331,-0.5394,-12.8331,0.0000,0.0000,-0.000,0.000,0.7619,0.0,,,,,,BAN,0,,0
44.6170,1790253298.561925,0.0205,0,,,0.000,,,-23.6764,-0.0482,-11.8339,-0.0034,0.0000,-13.0000,,,,CHO,-0.6391,-12.8331,-0.5394,-12.8331,0.0000,0.0000,-0.000,0.000,0.7619,0.0,,,,,,BAN,0,,0
44.6371,1790253298.582116,0.0201,0,,,0.000,,,-23.6764,-0.0482,-11.8339,-0.0034,0.0000,-13.0000,,,,CHO,-0.6391,-12.8331,-0.5394,-12.8331,0.0000,0.0000,-0.000,0.000,0.7619,0.0,,,,,,BAN,0,,0
44.6575,1790253298.602432,0.0204,0,,,0.000,,,-23.6764,-0.0482,-11.8339,-0.0034,0.0000,-13.0000,,,,CHO,-0.6391,-12.8331,-0.5394,-12.8331,0.0000,0.0000,-0.000,0.000,0.7619,0.0,,,,,,BAN,0,,0
44.6778,1790253298.622783,0.0203,0,,,0.000,,,-23.6764,-0.0482,-11.8339,-0.0034,0.0000,-13.0000,,,,CHO,-0.6391,-12.8331,-0.5394,-12.8331,0.0000,0.0000,-0.000,0.000,0.7619,0.0,,,,,,BAN,0,,0
44.6985,1790253298.643557,0.0207,0,,,0.000,,,-23.6764,-0.0482,-11.8339,-0.0034,0.0000,-13.0000,,,,CHO,-0.6391,-12.8331,-0.5394,-12.8331,0.0000,0.0000,-0.000,0.000,0.7619,0.0,,,,,,BAN,0,,0
44.7186,1790253298.663691,0.0201,0,,,0.000,,,-23.6764,-0.0482,-11.8339,-0.0034,0.0000,-13.0000,,,,CHO,-0.6391,-12.8331,-0.5394,-12.8331,0.0000,0.0000,-0.000,0.000,0.7619,0.0,,,,,,BAN,0,,0
44.7392,1790253298.684249,0.0205,0,,,0.000,,,-23.6764,-0.0482,-11.8339,-0.0034,0.0000,-13.0000,,,,CHO,-0.6391,-12.8331,-0.5394,-12.8331,0.0000,0.0000,-0.000,0.000,0.7619,0.0,,,,,,BAN,0,,0
44.7596,1790253298.704610,0.0204,0,,,0.000,,,-23.6764,-0.0482,-11.8339,-0.0034,0.0000,-13.0000,,,,CHO,-0.6391,-12.8331,-0.5394,-12.8331,0.0000,0.0000,-0.000,0.000,0.7619,0.0,,,,,,BAN,0,,0
44.7799,1790253298.724973,0.0204,0,,,0.000,,,-23.6764,-0.0482,-11.8339,-0.0034,0.0000,-13.0000,,,,CHO,-0.6391,-12.8331,-0.5394,-12.8331,0.0000,0.0000,-0.000,0.000,0.7619,0.0,,,,,,BAN,0,,0
44.8006,1790253298.745562,0.0206,0,,,0.000,,,-23.6764,-0.0482,-11.8339,-0.0034,0.0000,-13.0000,,,,CHO,-0.6391,-12.8331,-0.5394,-12.8331,0.0000,0.0000,-0.000,0.000,0.7619,0.0,,,,,,BAN,0,,0
44.8212,1790253298.766117,0.0206,0,,,0.000,,,-23.6764,-0.0482,-11.8339,-0.0034,0.0000,-13.0000,,,,CHO,-0.6391,-12.8331,-0.5394,-12.8331,0.0000,0.0000,-0.000,0.000,0.7619,0.0,,,,,,BAN,0,,0
44.8416,1790253298.786528,0.0204,0,,,0.000,,,-23.6764,-0.0482,-11.8339,-0.0034,0.0000,-13.0000,,,,CHO,-0.6391,-12.8331,-0.5394,-12.8331,0.0000,0.0000,-0.000,0.000,0.7619,0.0,,,,,,BAN,0,,0
44.8617,1790253298.806675,0.0202,0,,,0.000,,,-23.6764,-0.0482,-11.8339,-0.0034,0.0000,-13.0000,,,,CHO,-0.6391,-12.8331,-0.5394,-12.8331,0.0000,0.0000,-0.000,0.000,0.7619,0.0,,,,,,BAN,0,,0
44.8819,1790253298.826931,0.0201,0,,,0.000,,,-23.6764,-0.0482,-11.8339,-0.0034,0.0000,-13.0000,,,,CHO,-0.6391,-12.8331,-0.5394,-12.8331,0.0000,0.0000,-0.000,0.000,0.7619,0.0,,,,,,BAN,0,,0
44.9020,1790253298.846814,0.0201,0,,,0.000,,,-23.6764,-0.0482,-11.8339,-0.0034,0.0000,-13.0000,,,,CHO,-0.6391,-12.8331,-0.5394,-12.8331,0.0000,0.0000,-0.000,0.000,0.7619,0.0,,,,,,BAN,0,,0
44.9223,1790253298.867397,0.0204,0,,,0.000,,,-23.6764,-0.0482,-11.8339,-0.0034,0.0000,-13.0000,,,,CHO,-0.6391,-12.8331,-0.5394,-12.8331,0.0000,0.0000,-0.000,0.000,0.7619,0.0,,,,,,BAN,0,,0
44.9428,1790253298.887874,0.0205,0,,,0.000,,,-23.6764,-0.0482,-11.8339,-0.0034,0.0000,-13.0000,,,,CHO,-0.6391,-12.8331,-0.5394,-12.8331,0.0000,0.0000,-0.000,0.000,0.7619,0.0,,,,,,BAN,0,,0
44.9631,1790253298.908125,0.0203,0,,,0.000,,,-23.6764,-0.0482,-11.8339,-0.0034,0.0000,-13.0000,,,,CHO,-0.6391,-12.8331,-0.5394,-12.8331,0.0000,0.0000,-0.000,0.000,0.7619,0.0,,,,,,BAN,0,,0
44.9837,1790253298.928688,0.0205,0,,,0.000,,,-23.6764,-0.0482,-11.8339,-0.0034,0.0000,-13.0000,,,,CHO,-0.6391,-12.8331,-0.5394,-12.8331,0.0000,0.0000,-0.000,0.000,0.7619,0.0,,,,,,BAN,0,,0
45.0038,1790253298.948865,0.0201,0,,,0.000,,,-23.6764,-0.0482,-11.8339,-0.0034,0.0000,-13.0000,,,,CHO,-0.6391,-12.8331,-0.5394,-12.8331,0.0000,0.0000,-0.000,0.000,0.7619,0.0,,,,,,BAN,0,,0
45.0240,1790253298.968954,0.0202,0,,,0.000,,,-23.6764,-0.0482,-11.8339,-0.0034,0.0000,-13.0000,,,,CHO,-0.6391,-12.8331,-0.5394,-12.8331,0.0000,0.0000,-0.000,0.000,0.7619,0.0,,,,,,BAN,0,,0
45.0445,1790253298.989417,0.0204,0,,,0.000,,,-23.6764,-0.0482,-11.8339,-0.0034,0.0000,-13.0000,,,,CHO,-0.6391,-12.8331,-0.5394,-12.8331,0.0000,0.0000,-0.000,0.000,0.7619,0.0,,,,,,BAN,0,,0
45.0646,1790253299.009529,0.0202,0,,,0.000,,,-23.6764,-0.0482,-11.8339,-0.0034,0.0000,-13.0000,,,,CHO,-0.6391,-12.8331,-0.5394,-12.8331,0.0000,0.0000,-0.000,0.000,0.7619,0.0,,,,,,BAN,0,,0
45.0850,1790253299.029997,0.0204,0,,,0.000,,,-23.6764,-0.0482,-11.8339,-0.0034,0.0000,-13.0000,,,,CHO,-0.6391,-12.8331,-0.5394,-12.8331,0.0000,0.0000,-0.000,0.000,0.7619,0.0,,,,,,BAN,0,,0
45.1053,1790253299.050410,0.0204,0,,,0.000,,,-23.6764,-0.0482,-11.8339,-0.0034,0.0000,-13.0000,,,,CHO,-0.6391,-12.8331,-0.5394,-12.8331,0.0000,0.0000,-0.000,0.000,0.7619,0.0,,,,,,BAN,0,,0
45.1257,1790253299.070727,0.0204,0,,,0.000,,,-23.6764,-0.0482,-11.8339,-0.0034,0.0000,-13.0000,,,,CHO,-0.6391,-12.8331,-0.5394,-12.8331,0.0000,0.0000,-0.000,0.000,0.7619,0.0,,,,,,BAN,0,,0
45.1463,1790253299.091335,0.0206,0,,,0.000,,,-23.6764,-0.0482,-11.8339,-0.0034,0.0000,-13.0000,,,,CHO,-0.6391,-12.8331,-0.5394,-12.8331,0.0000,0.0000,-0.000,0.000,0.7619,0.0,,,,,,BAN,0,,0
45.1665,1790253299.111618,0.0202,0,,,0.000,,,-23.6764,-0.0482,-11.8339,-0.0034,0.0000,-13.0000,,,,CHO,-0.6391,-12.8331,-0.5394,-12.8331,0.0000,0.0000,-0.000,0.000,0.7619,0.0,,,,,,BAN,0,,0
45.1871,1790253299.132019,0.0206,0,,,0.000,,,-23.6764,-0.0482,-11.8339,-0.0034,0.0000,-13.0000,,,,CHO,-0.6391,-12.8331,-0.5394,-12.8331,0.0000,0.0000,-0.000,0.000,0.7619,0.0,,,,,,BAN,0,,0
45.2077,1790253299.152635,0.0206,0,,,0.000,,,-23.6764,-0.0482,-11.8339,-0.0034,0.0000,-13.0000,,,,CHO,-0.6391,-12.8331,-0.5394,-12.8331,0.0000,0.0000,-0.000,0.000,0.7619,0.0,,,,,,BAN,0,,0
45.2282,1790253299.173242,0.0205,0,,,0.000,,,-23.6764,-0.0482,-11.8339,-0.0034,0.0000,-13.0000,,,,CHO,-0.6391,-12.8331,-0.5394,-12.8331,0.0000,0.0000,-0.000,0.000,0.7619,0.0,,,,,,BAN,0,,0
45.2485,1790253299.193552,0.0203,0,,,0.000,,,-23.6764,-0.0482,-11.8339,-0.0034,0.0000,-13.0000,,,,CHO,-0.6391,-12.8331,-0.5394,-12.8331,0.0000,0.0000,-0.000,0.000,0.7619,0.0,,,,,,BAN,0,,0
45.2689,1790253299.214025,0.0205,0,,,0.000,,,-23.6764,-0.0482,-11.8339,-0.0034,0.0000,-13.0000,,,,CHO,-0.6391,-12.8331,-0.5394,-12.8331,0.0000,0.0000,-0.000,0.000,0.7619,0.0,,,,,,BAN,0,,0
45.2890,1790253299.234070,0.0201,0,,,0.000,,,-23.6764,-0.0482,-11.8339,-0.0034,0.0000,-13.0000,,,,CHO,-0.6391,-12.8331,-0.5394,-12.8331,0.0000,0.0000,-0.000,0.000,0.7619,0.0,,,,,,BAN,0,,0
45.3092,1790253299.254200,0.0202,0,,,0.000,,,-23.6764,-0.0482,-11.8339,-0.0034,0.0000,-13.0000,,,,CHO,-0.6391,-12.8331,-0.5394,-12.8331,0.0000,0.0000,-0.000,0.000,0.7619,0.0,,,,,,BAN,0,,0
45.3294,1790253299.274356,0.0201,0,,,0.000,,,-23.6764,-0.0482,-11.8339,-0.0034,0.0000,-13.0000,,,,CHO,-0.6391,-12.8331,-0.5394,-12.8331,0.0000,0.0000,-0.000,0.000,0.7619,0.0,,,,,,BAN,0,,0
45.3496,1790253299.294695,0.0203,0,,,0.000,,,-23.6764,-0.0482,-11.8339,-0.0034,0.0000,-13.0000,,,,CHO,-0.6391,-12.8331,-0.5394,-12.8331,0.0000,0.0000,-0.000,0.000,0.7619,0.0,,,,,,BAN,0,,0
45.3697,1790253299.314728,0.0200,0,,,0.000,,,-23.6764,-0.0482,-11.8339,-0.0034,0.0000,-13.0000,,,,CHO,-0.6391,-12.8331,-0.5394,-12.8331,0.0000,0.0000,-0.000,0.000,0.7619,0.0,,,,,,BAN,0,,0
45.3903,1790253299.335272,0.0206,0,,,0.000,,,-23.6764,-0.0482,-11.8339,-0.0034,0.0000,-13.0000,,,,CHO,-0.6391,-12.8331,-0.5394,-12.8331,0.0000,0.0000,-0.000,0.000,0.7619,0.0,,,,,,BAN,0,,0
45.4112,1790253299.356145,0.0209,0,,,0.000,,,-23.6764,-0.0482,-11.8339,-0.0034,0.0000,-13.0000,,,,CHO,-0.6391,-12.8331,-0.5394,-12.8331,0.0000,0.0000,-0.000,0.000,0.7619,0.0,,,,,,BAN,0,,0
45.4321,1790253299.376997,0.0208,0,,,0.000,,,-23.6764,-0.0482,-11.8339,-0.0034,0.0000,-13.0000,,,,CHO,-0.6391,-12.8331,-0.5394,-12.8331,0.0000,0.0000,-0.000,0.000,0.7619,0.0,,,,,,BAN,0,,0
45.4528,1790253299.397706,0.0207,0,,,0.000,,,-23.6764,-0.0482,-11.8339,-0.0034,0.0000,-13.0000,,,,CHO,-0.6391,-12.8331,-0.5394,-12.8331,0.0000,0.0000,-0.000,0.000,0.7619,0.0,,,,,,BAN,0,,0
45.4734,1790253299.418216,0.0206,0,,,0.000,,,-23.6764,-0.0482,-11.8339,-0.0034,0.0000,-13.0000,,,,CHO,-0.6391,-12.8331,-0.5394,-12.8331,0.0000,0.0000,-0.000,0.000,0.7619,0.0,,,,,,BAN,0,,0
45.4937,1790253299.438745,0.0204,0,,,0.000,,,-23.6764,-0.0482,-11.8339,-0.0034,0.0000,-13.0000,,,,CHO,-0.6391,-12.8331,-0.5394,-12.8331,0.0000,0.0000,-0.000,0.000,0.7619,0.0,,,,,,BAN,0,,0
45.5139,1790253299.458844,0.0201,0,,,0.000,,,-23.6764,-0.0482,-11.8339,-0.0034,0.0000,-13.0000,,,,CHO,-0.6391,-12.8331,-0.5394,-12.8331,0.0000,0.0000,-0.000,0.000,0.7619,0.0,,,,,,BAN,0,,0
45.5340,1790253299.479107,0.0202,0,,,0.000,,,-23.6764,-0.0482,-11.8339,-0.0034,0.0000,-13.0000,,,,CHO,-0.6391,-12.8331,-0.5394,-12.8331,0.0000,0.0000,-0.000,0.000,0.7619,0.0,,,,,,BAN,0,,0
45.5548,1790253299.499819,0.0207,0,,,0.000,,,-23.6764,-0.0482,-11.8339,-0.0034,0.0000,-13.0000,,,,CHO,-0.6391,-12.8331,-0.5394,-12.8331,0.0000,0.0000,-0.000,0.000,0.7619,0.0,,,,,,BAN,0,,0
45.5749,1790253299.519627,0.0202,0,,,0.000,,,-23.6764,-0.0482,-11.8339,-0.0034,0.0000,-13.0000,,,,CHO,-0.6391,-12.8331,-0.5394,-12.8331,0.0000,0.0000,-0.000,0.000,0.7619,0.0,,,,,,BAN,0,,0
45.5951,1790253299.539984,0.0201,0,,,0.000,,,-23.6764,-0.0482,-11.8339,-0.0034,0.0000,-13.0000,,,,CHO,-0.6391,-12.8331,-0.5394,-12.8331,0.0000,0.0000,-0.000,0.000,0.7619,0.0,,,,,,BAN,0,,0
45.6157,1790253299.560753,0.0207,0,,,0.000,,,-23.6764,-0.0482,-11.8339,-0.0034,0.0000,-13.0000,,,,CHO,-0.6391,-12.8331,-0.5394,-12.8331,0.0000,0.0000,-0.000,0.000,0.7619,0.0,,,,,,BAN,0,,0
45.6364,1790253299.581354,0.0206,0,,,0.000,,,-23.6764,-0.0482,-11.8339,-0.0034,0.0000,-13.0000,,,,CHO,-0.6391,-12.8331,-0.5394,-12.8331,0.0000,0.0000,-0.000,0.000,0.7619,0.0,,,,,,BAN,0,,0
45.6564,1790253299.601263,0.0201,0,,,0.000,,,-23.6764,-0.0482,-11.8339,-0.0034,0.0000,-13.0000,,,,CHO,-0.6391,-12.8331,-0.5394,-12.8331,0.0000,0.0000,-0.000,0.000,0.7619,0.0,,,,,,BAN,0,,0
45.6766,1790253299.621633,0.0202,0,,,0.000,,,-23.6764,-0.0482,-11.8339,-0.0034,0.0000,-13.0000,,,,CHO,-0.6391,-12.8331,-0.5394,-12.8331,0.0000,0.0000,-0.000,0.000,0.7619,0.0,,,,,,BAN,0,,0
45.6970,1790253299.642044,0.0204,0,,,0.000,,,-23.6764,-0.0482,-11.8339,-0.0034,0.0000,-13.0000,,,,CHO,-0.6391,-12.8331,-0.5394,-12.8331,0.0000,0.0000,-0.000,0.000,0.7619,0.0,,,,,,BAN,0,,0
45.7173,1790253299.662187,0.0203,0,,,0.000,,,-23.6764,-0.0482,-11.8339,-0.0034,0.0000,-13.0000,,,,CHO,-0.6391,-12.8331,-0.5394,-12.8331,0.0000,0.0000,-0.000,0.000,0.7619,0.0,,,,,,BAN,0,,0
45.7377,1790253299.682767,0.0204,0,,,0.000,,,-23.6764,-0.0482,-11.8339,-0.0034,0.0000,-13.0000,,,,CHO,-0.6391,-12.8331,-0.5394,-12.8331,0.0000,0.0000,-0.000,0.000,0.7619,0.0,,,,,,BAN,0,,0
45.7578,1790253299.702733,0.0201,0,,,0.000,,,-23.6764,-0.0482,-11.8339,-0.0034,0.0000,-13.0000,,,,CHO,-0.6391,-12.8331,-0.5394,-12.8331,0.0000,0.0000,-0.000,0.000,0.7619,0.0,,,,,,BAN,0,,0
45.7780,1790253299.723038,0.0202,0,,,0.000,,,-23.6764,-0.0482,-11.8339,-0.0034,0.0000,-13.0000,,,,CHO,-0.6391,-12.8331,-0.5394,-12.8331,0.0000,0.0000,-0.000,0.000,0.7619,0.0,,,,,,BAN,0,,0
45.7980,1790253299.743021,0.0200,0,,,0.000,,,-23.6764,-0.0482,-11.8339,-0.0034,0.0000,-13.0000,,,,CHO,-0.6391,-12.8331,-0.5394,-12.8331,0.0000,0.0000,-0.000,0.000,0.7619,0.0,,,,,,BAN,0,,0
45.8184,1790253299.763304,0.0204,0,,,0.000,,,-23.6764,-0.0482,-11.8339,-0.0034,0.0000,-13.0000,,,,CHO,-0.6391,-12.8331,-0.5394,-12.8331,0.0000,0.0000,-0.000,0.000,0.7619,0.0,,,,,,BAN,0,,0
45.8386,1790253299.783484,0.0203,0,,,0.000,,,-23.6764,-0.0482,-11.8339,-0.0034,0.0000,-13.0000,,,,CHO,-0.6391,-12.8331,-0.5394,-12.8331,0.0000,0.0000,-0.000,0.000,0.7619,0.0,,,,,,BAN,0,,0
45.8591,1790253299.804090,0.0205,0,,,0.000,,,-23.6764,-0.0482,-11.8339,-0.0034,0.0000,-13.0000,,,,CHO,-0.6391,-12.8331,-0.5394,-12.8331,0.0000,0.0000,-0.000,0.000,0.7619,0.0,,,,,,BAN,0,,0
45.8792,1790253299.824091,0.0201,0,,,0.000,,,-23.6764,-0.0482,-11.8339,-0.0034,0.0000,-13.0000,,,,CHO,-0.6391,-12.8331,-0.5394,-12.8331,0.0000,0.0000,-0.000,0.000,0.7619,0.0,,,,,,BAN,0,,0
45.8997,1790253299.844615,0.0205,0,,,0.000,,,-23.6764,-0.0482,-11.8339,-0.0034,0.0000,-13.0000,,,,CHO,-0.6391,-12.8331,-0.5394,-12.8331,0.0000,0.0000,-0.000,0.000,0.7619,0.0,,,,,,BAN,0,,0
45.9199,1790253299.864851,0.0203,0,,,0.000,,,-23.6764,-0.0482,-11.8339,-0.0034,0.0000,-13.0000,,,,CHO,-0.6391,-12.8331,-0.5394,-12.8331,0.0000,0.0000,-0.000,0.000,0.7619,0.0,,,,,,BAN,0,,0
45.9399,1790253299.884860,0.0200,0,,,0.000,,,-23.6764,-0.0482,-11.8339,-0.0034,0.0000,-13.0000,,,,CHO,-0.6391,-12.8331,-0.5394,-12.8331,0.0000,0.0000,-0.000,0.000,0.7619,0.0,,,,,,BAN,0,,0
45.9601,1790253299.905063,0.0202,0,,,0.000,,,-23.6764,-0.0482,-11.8339,-0.0034,0.0000,-13.0000,,,,CHO,-0.6391,-12.8331,-0.5394,-12.8331,0.0000,0.0000,-0.000,0.000,0.7619,0.0,,,,,,BAN,0,,0
45.9811,1790253299.926031,0.0210,0,,,0.000,,,-23.6764,-0.0482,-11.8339,-0.0034,0.0000,-13.0000,,,,CHO,-0.6391,-12.8331,-0.5394,-12.8331,0.0000,0.0000,-0.000,0.000,0.7619,0.0,,,,,,BAN,0,,0
46.0013,1790253299.946068,0.0202,0,,,0.000,,,-23.6764,-0.0482,-11.8339,-0.0034,0.0000,-13.0000,,,,CHO,-0.6391,-12.8331,-0.5394,-12.8331,0.0000,0.0000,-0.000,0.000,0.7619,0.0,,,,,,BAN,0,,0
46.0217,1790253299.966568,0.0204,0,,,0.000,,,-23.6764,-0.0482,-11.8339,-0.0034,0.0000,-13.0000,,,,CHO,-0.6391,-12.8331,-0.5394,-12.8331,0.0000,0.0000,-0.000,0.000,0.7619,0.0,,,,,,BAN,0,,0
46.0422,1790253299.987156,0.0205,0,,,0.000,,,-23.6764,-0.0482,-11.8339,-0.0034,0.0000,-13.0000,,,,CHO,-0.6391,-12.8331,-0.5394,-12.8331,0.0000,0.0000,-0.000,0.000,0.7619,0.0,,,,,,BAN,0,,0
46.0623,1790253300.007184,0.0201,0,,,0.000,,,-23.6764,-0.0482,-11.8339,-0.0034,0.0000,-13.0000,,,,CHO,-0.6391,-12.8331,-0.5394,-12.8331,0.0000,0.0000,-0.000,0.000,0.7619,0.0,,,,,,BAN,0,,0
46.0827,1790253300.027735,0.0204,0,,,0.000,,,-23.6764,-0.0482,-11.8339,-0.0034,0.0000,-13.0000,,,,CHO,-0.6391,-12.8331,-0.5394,-12.8331,0.0000,0.0000,-0.000,0.000,0.7619,0.0,,,,,,BAN,0,,0
46.1032,1790253300.048129,0.0205,0,,,0.000,,,-23.6764,-0.0482,-11.8339,-0.0034,0.0000,-13.0000,,,,CHO,-0.6391,-12.8331,-0.5394,-12.8331,0.0000,0.0000,-0.000,0.000,0.7619,0.0,,,,,,BAN,0,,0
46.1237,1790253300.068557,0.0205,0,,,0.000,,,-23.6764,-0.0482,-11.8339,-0.0034,0.0000,-13.0000,,,,CHO,-0.6391,-12.8331,-0.5394,-12.8331,0.0000,0.0000,-0.000,0.000,0.7619,0.0,,,,,,BAN,0,,0
46.1438,1790253300.088825,0.0201,0,,,0.000,,,-23.6764,-0.0482,-11.8339,-0.0034,0.0000,-13.0000,,,,CHO,-0.6391,-12.8331,-0.5394,-12.8331,0.0000,0.0000,-0.000,0.000,0.7619,0.0,,,,,,BAN,0,,0
46.1644,1790253300.109365,0.0206,0,,,0.000,,,-23.6764,-0.0482,-11.8339,-0.0034,0.0000,-13.0000,,,,CHO,-0.6391,-12.8331,-0.5394,-12.8331,0.0000,0.0000,-0.000,0.000,0.7619,0.0,,,,,,BAN,0,,0
46.1849,1790253300.129913,0.0205,0,,,0.000,,,-23.6764,-0.0482,-11.8339,-0.0034,0.0000,-13.0000,,,,CHO,-0.6391,-12.8331,-0.5394,-12.8331,0.0000,0.0000,-0.000,0.000,0.7619,0.0,,,,,,BAN,0,,0
46.2055,1790253300.150462,0.0206,0,,,0.000,,,-23.6764,-0.0482,-11.8339,-0.0034,0.0000,-13.0000,,,,CHO,-0.6391,-12.8331,-0.5394,-12.8331,0.0000,0.0000,-0.000,0.000,0.7619,0.0,,,,,,BAN,0,,0
46.2261,1790253300.171061,0.0206,0,,,0.000,,,-23.6764,-0.0482,-11.8339,-0.0034,0.0000,-13.0000,,,,CHO,-0.6391,-12.8331,-0.5394,-12.8331,0.0000,0.0000,-0.000,0.000,0.7619,0.0,,,,,,BAN,0,,0
46.2462,1790253300.191116,0.0201,0,,,0.000,,,-23.6764,-0.0482,-11.8339,-0.0034,0.0000,-13.0000,,,,CHO,-0.6391,-12.8331,-0.5394,-12.8331,0.0000,0.0000,-0.000,0.000,0.7619,0.0,,,,,,BAN,0,,0
46.2662,1790253300.211273,0.0201,0,,,0.000,,,-23.6764,-0.0482,-11.8339,-0.0034,0.0000,-13.0000,,,,CHO,-0.6391,-12.8331,-0.5394,-12.8331,0.0000,0.0000,-0.000,0.000,0.7619,0.0,,,,,,BAN,0,,0
46.2864,1790253300.231430,0.0201,0,,,0.000,,,-23.6764,-0.0482,-11.8339,-0.0034,0.0000,-13.0000,,,,CHO,-0.6391,-12.8331,-0.5394,-12.8331,0.0000,0.0000,-0.000,0.000,0.7619,0.0,,,,,,BAN,0,,0
46.3070,1790253300.251819,0.0206,0,,,0.000,,,-23.6764,-0.0482,-11.8339,-0.0034,0.0000,-13.0000,,,,CHO,-0.6391,-12.8331,-0.5394,-12.8331,0.0000,0.0000,-0.000,0.000,0.7619,0.0,,,,,,BAN,0,,0
46.3273,1790253300.272285,0.0202,0,,,0.000,,,-23.6764,-0.0482,-11.8339,-0.0034,0.0000,-13.0000,,,,CHO,-0.6391,-12.8331,-0.5394,-12.8331,0.0000,0.0000,-0.000,0.000,0.7619,0.0,,,,,,BAN,0,,0
46.3481,1790253300.293128,0.0208,0,,,0.000,,,-23.6764,-0.0482,-11.8339,-0.0034,0.0000,-13.0000,,,,CHO,-0.6391,-12.8331,-0.5394,-12.8331,0.0000,0.0000,-0.000,0.000,0.7619,0.0,,,,,,BAN,0,,0
46.3685,1790253300.313516,0.0205,0,,,0.000,,,-23.6764,-0.0482,-11.8339,-0.0034,0.0000,-13.0000,,,,CHO,-0.6391,-12.8331,-0.5394,-12.8331,0.0000,0.0000,-0.000,0.000,0.7619,0.0,,,,,,BAN,0,,0
46.3895,1790253300.334610,0.0210,0,,,0.000,,,-23.6764,-0.0482,-11.8339,-0.0034,0.0000,-13.0000,,,,CHO,-0.6391,-12.8331,-0.5394,-12.8331,0.0000,0.0000,-0.000,0.000,0.7619,0.0,,,,,,BAN,0,,0
46.4097,1790253300.354791,0.0202,0,,,0.000,,,-23.6764,-0.0482,-11.8339,-0.0034,0.0000,-13.0000,,,,CHO,-0.6391,-12.8331,-0.5394,-12.8331,0.0000,0.0000,-0.000,0.000,0.7619,0.0,,,,,,BAN,0,,0
46.4303,1790253300.375361,0.0206,0,,,0.000,,,-23.6764,-0.0482,-11.8339,-0.0034,0.0000,-13.0000,,,,CHO,-0.6391,-12.8331,-0.5394,-12.8331,0.0000,0.0000,-0.000,0.000,0.7619,0.0,,,,,,BAN,0,,0
46.4507,1790253300.395753,0.0204,0,,,0.000,,,-23.6764,-0.0482,-11.8339,-0.0034,0.0000,-13.0000,,,,CHO,-0.6391,-12.8331,-0.5394,-12.8331,0.0000,0.0000,-0.000,0.000,0.7619,0.0,,,,,,BAN,0,,0
46.4710,1790253300.416023,0.0203,0,,,0.000,,,-23.6764,-0.0482,-11.8339,-0.0034,0.0000,-13.0000,69.8350,0.2670,0.1565,CHO_IFF,-0.6391,-12.8331,-0.5394,-12.8331,0.0000,0.0000,-0.000,0.000,0.7619,0.0,,1,CHO,,0,BAN,0,,0
46.4911,1790253300.436198,0.0201,0,,,0.000,,,-23.6764,-0.0482,-11.8339,-0.0034,0.0000,-13.0000,69.8350,0.2670,0.1565,CHO_IFF,-0.6391,-12.8331,-0.5394,-12.8331,0.0000,0.0000,-0.000,0.000,0.7619,0.0,,1,CHO,,0,BAN,0,,0
46.5116,1790253300.456724,0.0205,0,,,0.000,,,-23.6764,-0.0482,-11.8339,-0.0034,0.0000,-13.0000,69.8350,0.2670,0.1565,CHO_IFF,-0.6391,-12.8331,-0.5394,-12.8331,0.0000,0.0000,-0.000,0.000,0.7619,0.0,,1,CHO,,0,BAN,0,,0
46.5323,1790253300.477427,0.0207,0,,,0.000,,,-23.6764,-0.0482,-11.8339,-0.0034,0.0000,-13.0000,69.8350,0.2670,0.1565,CHO_IFF,-0.6391,-12.8331,-0.5394,-12.8331,0.0000,0.0000,-0.000,0.000,0.7619,0.0,,1,CHO,,0,BAN,0,,0
46.5531,1790253300.498123,0.0208,0,,,0.000,,,-23.6764,-0.0482,-11.8339,-0.0034,0.0000,-13.0000,69.8350,0.2670,0.1565,CHO_IFF,-0.6391,-12.8331,-0.5394,-12.8331,0.0000,0.0000,-0.000,0.000,0.7619,0.0,,1,CHO,,0,BAN,0,,0
46.5732,1790253300.518304,0.0201,0,,,0.000,,,-23.6764,-0.0482,-11.8339,-0.0034,0.0000,-13.0000,69.8350,0.2670,0.1565,CHO_IFF,-0.6391,-12.8331,-0.5394,-12.8331,0.0000,0.0000,-0.000,0.000,0.7619,0.0,,1,CHO,,0,BAN,0,,0
46.5933,1790253300.538183,0.0200,0,,,0.000,,,-23.6764,-0.0482,-11.8339,-0.0034,0.0000,-13.0000,69.8350,0.2670,0.1565,CHO_IFF,-0.6391,-12.8331,-0.5394,-12.8331,0.0000,0.0000,-0.000,0.000,0.7619,0.0,,1,CHO,,0,BAN,0,,0
46.6137,1790253300.558737,0.0205,0,,,0.000,,,-23.6764,-0.0482,-11.8339,-0.0034,0.0000,-13.0000,66.1502,0.2599,0.1607,CHO_IFF,-0.6391,-12.8331,-0.5394,-12.8331,0.0000,0.0000,-0.000,0.000,0.7619,0.0,,1,CHO,,0,BAN,0,,0
46.6338,1790253300.578752,0.0201,0,,,0.000,,,-23.6764,-0.0482,-11.8339,-0.0034,0.0000,-13.0000,66.1502,0.2599,0.1607,CHO_IFF,-0.6391,-12.8331,-0.5394,-12.8331,0.0000,0.0000,-0.000,0.000,0.7619,0.0,,1,CHO,,0,BAN,0,,0
46.6545,1790253300.599461,0.0207,0,,,0.000,,,-23.6764,-0.0482,-11.8339,-0.0034,0.0000,-13.0000,66.1502,0.2599,0.1607,CHO_IFF,-0.6391,-12.8331,-0.5394,-12.8331,0.0000,0.0000,-0.000,0.000,0.7619,0.0,,1,CHO,,0,BAN,0,,0
46.6748,1790253300.619922,0.0203,0,,,0.000,,,-23.6764,-0.0482,-11.8339,-0.0034,0.0000,-13.0000,66.1502,0.2599,0.1607,CHO_IFF,-0.6391,-12.8331,-0.5394,-12.8331,0.0000,0.0000,-0.000,0.000,0.7619,0.0,,1,CHO,,0,BAN,0,,0
46.6950,1790253300.639942,0.0201,0,,,0.000,,,-23.6764,-0.0482,-11.8339,-0.0034,0.0000,-13.0000,66.1502,0.2599,0.1607,CHO_IFF,-0.6391,-12.8331,-0.5394,-12.8331,0.0000,0.0000,-0.000,0.000,0.7619,0.0,,1,CHO,,0,BAN,0,,0
46.7151,1790253300.660128,0.0201,0,,,0.000,,,-23.6764,-0.0482,-11.8339,-0.0034,0.0000,-13.0000,62.8222,0.2513,0.1515,CHO_IFF,-0.6391,-12.8331,-0.5394,-12.8331,0.0000,0.0000,-0.000,0.000,0.7619,0.0,,1,CHO,,0,BAN,0,,0
46.7351,1790253300.680003,0.0200,0,,,0.000,,,-23.6764,-0.0482,-11.8339,-0.0034,0.0000,-13.0000,62.8222,0.2513,0.1515,CHO_IFF,-0.6391,-12.8331,-0.5394,-12.8331,0.0000,0.0000,-0.000,0.000,0.7619,0.0,,1,CHO,,0,BAN,0,,0
46.7553,1790253300.700219,0.0202,0,,,0.000,,,-23.6764,-0.0482,-11.8339,-0.0034,0.0000,-13.0000,62.8222,0.2513,0.1515,BAN_NGHI,-0.6391,-12.8331,-0.5394,-12.8331,0.0000,0.0000,-0.000,0.000,0.7619,0.0,,1,BAN,FRIEND,139,BAN,0,,0
46.7755,1790253300.720512,0.0202,0,,,0.000,,,-23.6764,-0.0482,-11.8339,-0.0034,0.0000,-13.0000,62.8222,0.2513,0.1515,BAN_NGHI,-0.6391,-12.8331,-0.5394,-12.8331,0.0000,0.0000,-0.000,0.000,0.7619,0.0,,1,BAN,FRIEND,139,BAN,0,,0
46.7962,1790253300.741147,0.0207,0,,,0.000,,,-23.6764,-0.0482,-11.8339,-0.0034,0.0000,-13.0000,62.8222,0.2513,0.1515,BAN_NGHI,-0.6391,-12.8331,-0.5394,-12.8331,0.0000,0.0000,-0.000,0.000,0.7619,0.0,,1,BAN,FRIEND,139,BAN,0,,0
46.8167,1790253300.761815,0.0205,0,,,0.000,,,-23.6764,-0.0482,-11.8339,-0.0034,0.0000,-13.0000,62.8222,0.2513,0.1515,BAN_NGHI,-0.6391,-12.8331,-0.5394,-12.8331,0.0000,0.0000,-0.000,0.000,0.7619,0.0,,1,BAN,FRIEND,139,BAN,0,,0
46.8370,1790253300.782036,0.0203,0,,,0.000,,,-23.6764,-0.0482,-11.8339,-0.0034,0.0000,-13.0000,60.0363,0.2452,0.1265,BAN_NGHI,-0.6391,-12.8331,-0.5394,-12.8331,0.0000,0.0000,-0.000,0.000,0.7619,0.0,,1,BAN,FRIEND,139,BAN,0,,0
46.8575,1790253300.802391,0.0205,0,,,0.000,,,-23.6764,-0.0482,-11.8339,-0.0034,0.0000,-13.0000,60.0363,0.2452,0.1265,BAN_NGHI,-0.6391,-12.8331,-0.5394,-12.8331,0.0000,0.0000,-0.000,0.000,0.7619,0.0,,1,BAN,FRIEND,139,BAN,0,,0
46.8782,1790253300.823160,0.0207,0,,,0.000,,,-23.6764,-0.0482,-11.8339,-0.0034,0.0000,-13.0000,60.0363,0.2452,0.1265,BAN_NGHI,-0.6391,-12.8331,-0.5394,-12.8331,0.0000,0.0000,-0.000,0.000,0.7619,0.0,,1,BAN,FRIEND,139,BAN,0,,0
46.8990,1790253300.843953,0.0208,0,,,0.000,,,-23.6764,-0.0482,-11.8339,-0.0034,0.0000,-13.0000,60.0363,0.2452,0.1265,BAN_NGHI,-0.6391,-12.8331,-0.5394,-12.8331,0.0000,0.0000,-0.000,0.000,0.7619,0.0,,1,BAN,FRIEND,139,BAN,0,,0
46.9198,1790253300.864679,0.0208,0,,,0.000,,,-23.6764,-0.0482,-11.8339,-0.0034,0.0000,-13.0000,60.0363,0.2452,0.1265,BAN_NGHI,-0.6391,-12.8331,-0.5394,-12.8331,0.0000,0.0000,-0.000,0.000,0.7619,0.0,,1,BAN,FRIEND,139,BAN,0,,0
46.9399,1790253300.884835,0.0201,0,,,0.000,,,-23.6764,-0.0482,-11.8339,-0.0034,0.0000,-13.0000,60.0363,0.2452,0.1265,BAN_NGHI,-0.6391,-12.8331,-0.5394,-12.8331,0.0000,0.0000,-0.000,0.000,0.7619,0.0,,1,BAN,FRIEND,139,BAN,0,,0
46.9609,1790253300.905809,0.0210,0,,,0.000,,,-23.6764,-0.0482,-11.8339,-0.0034,0.0000,-13.0000,57.5656,0.2406,0.1084,BAN_NGHI,-0.6391,-12.8331,-0.5394,-12.8331,0.0000,0.0000,-0.000,0.000,0.7619,0.0,,1,BAN,FRIEND,139,BAN,0,,0
46.9812,1790253300.926228,0.0203,0,,,0.000,,,-23.6764,-0.0482,-11.8339,-0.0034,0.0000,-13.0000,57.5656,0.2406,0.1084,BAN_NGHI,-0.6391,-12.8331,-0.5394,-12.8331,0.0000,0.0000,-0.000,0.000,0.7619,0.0,,1,BAN,FRIEND,139,BAN,0,,0
47.0014,1790253300.946462,0.0203,0,,,0.000,,,-23.6764,-0.0482,-11.8339,-0.0034,0.0000,-13.0000,57.5656,0.2406,0.1084,BAN_NGHI,-0.6391,-12.8331,-0.5394,-12.8331,0.0000,0.0000,-0.000,0.000,0.7619,0.0,,1,BAN,FRIEND,139,BAN,0,,0
47.0218,1790253300.966476,0.0204,0,,,0.000,,,-23.6764,-0.0482,-11.8339,-0.0034,0.0000,-13.0000,57.5656,0.2406,0.1084,BAN_NGHI,-0.6391,-12.8331,-0.5394,-12.8331,0.0000,0.0000,-0.000,0.000,0.7619,0.0,,1,BAN,FRIEND,139,BAN,0,,0
47.0419,1790253300.986850,0.0201,0,,,0.000,,,-23.6764,-0.0482,-11.8339,-0.0034,0.0000,-13.0000,57.5656,0.2406,0.1084,BAN_NGHI,-0.6391,-12.8331,-0.5394,-12.8331,0.0000,0.0000,-0.000,0.000,0.7619,0.0,,1,BAN,FRIEND,139,BAN,0,,0
47.0621,1790253301.007116,0.0202,0,,,0.000,,,-23.6764,-0.0482,-11.8339,-0.0034,0.0000,-13.0000,55.5182,0.2358,0.0925,BAN_NGHI,-0.6391,-12.8331,-0.5394,-12.8331,0.0000,0.0000,-0.000,0.000,0.7619,0.0,,1,BAN,FRIEND,139,BAN,0,,0
47.0822,1790253301.027260,0.0202,0,,,0.000,,,-23.6764,-0.0482,-11.8339,-0.0034,0.0000,-13.0000,55.5182,0.2358,0.0925,BAN_NGHI,-0.6391,-12.8331,-0.5394,-12.8331,0.0000,0.0000,-0.000,0.000,0.7619,0.0,,1,BAN,FRIEND,139,BAN,0,,0
47.1030,1790253301.047889,0.0208,0,,,0.000,,,-23.6764,-0.0482,-11.8339,-0.0034,0.0000,-13.0000,55.5182,0.2358,0.0925,BAN_NGHI,-0.6391,-12.8331,-0.5394,-12.8331,0.0000,0.0000,-0.000,0.000,0.7619,0.0,,1,BAN,FRIEND,139,BAN,0,,0
47.1235,1790253301.068437,0.0205,0,,,0.000,,,-23.6764,-0.0482,-11.8339,-0.0034,0.0000,-13.0000,55.5182,0.2358,0.0925,BAN_NGHI,-0.6391,-12.8331,-0.5394,-12.8331,0.0000,0.0000,-0.000,0.000,0.7619,0.0,,1,BAN,FRIEND,139,BAN,0,,0
47.1436,1790253301.088640,0.0202,0,,,0.000,,,-23.6764,-0.0482,-11.8339,-0.0034,0.0000,-13.0000,55.5182,0.2358,0.0925,BAN_NGHI,-0.6391,-12.8331,-0.5394,-12.8331,0.0000,0.0000,-0.000,0.000,0.7619,0.0,,1,BAN,FRIEND,139,BAN,0,,0
47.1639,1790253301.108832,0.0203,0,,,0.000,,,-23.6764,-0.0482,-11.8339,-0.0034,0.0000,-13.0000,55.5182,0.2358,0.0925,BAN_NGHI,-0.6391,-12.8331,-0.5394,-12.8331,0.0000,0.0000,-0.000,0.000,0.7619,0.0,,1,BAN,FRIEND,139,BAN,0,,0
47.1840,1790253301.129071,0.0201,0,,,0.000,,,-23.6764,-0.0482,-11.8339,-0.0034,0.0000,-13.0000,54.8206,0.2393,0.0447,BAN_NGHI,-0.6391,-12.8331,-0.5394,-12.8331,0.0000,0.0000,-0.000,0.000,0.7619,0.0,,1,BAN,FRIEND,139,BAN,0,,0
47.2044,1790253301.149478,0.0204,0,,,0.000,,,-23.6764,-0.0482,-11.8339,-0.0034,0.0000,-13.0000,54.8206,0.2393,0.0447,BAN_NGHI,-0.6391,-12.8331,-0.5394,-12.8331,0.0000,0.0000,-0.000,0.000,0.7619,0.0,,1,BAN,FRIEND,139,BAN,0,,0
47.2250,1790253301.170050,0.0206,0,,,0.000,,,-23.6764,-0.0482,-11.8339,-0.0034,0.0000,-13.0000,54.8206,0.2393,0.0447,BAN_NGHI,-0.6391,-12.8331,-0.5394,-12.8331,0.0000,0.0000,-0.000,0.000,0.7619,0.0,,1,BAN,FRIEND,139,BAN,0,,0
47.2451,1790253301.190128,0.0200,0,,,0.000,,,-23.6764,-0.0482,-11.8339,-0.0034,0.0000,-13.0000,54.8206,0.2393,0.0447,BAN_NGHI,-0.6391,-12.8331,-0.5394,-12.8331,0.0000,0.0000,-0.000,0.000,0.7619,0.0,,1,BAN,FRIEND,139,BAN,0,,0
47.2656,1790253301.210659,0.0206,0,,,0.000,,,-23.6764,-0.0482,-11.8339,-0.0034,0.0000,-13.0000,54.8206,0.2393,0.0447,BAN_NGHI,-0.6391,-12.8331,-0.5394,-12.8331,0.0000,0.0000,-0.000,0.000,0.7619,0.0,,1,BAN,FRIEND,139,BAN,0,,0
47.2861,1790253301.231148,0.0205,0,,,0.000,,,-23.6764,-0.0482,-11.8339,-0.0034,0.0000,-13.0000,54.8206,0.2393,0.0447,BAN_NGHI,-0.6391,-12.8331,-0.5394,-12.8331,0.0000,0.0000,-0.000,0.000,0.7619,0.0,,1,BAN,FRIEND,139,BAN,0,,0
47.3063,1790253301.251366,0.0202,0,,,0.000,,,-23.6764,-0.0482,-11.8339,-0.0034,0.0000,-13.0000,54.6414,0.2369,0.0281,BAN_NGHI,-0.6391,-12.8331,-0.5394,-12.8331,0.0000,0.0000,-0.000,0.000,0.7619,0.0,,1,BAN,FRIEND,139,BAN,0,,0
47.3263,1790253301.271341,0.0200,0,,,0.000,,,-23.6764,-0.0482,-11.8339,-0.0034,0.0000,-13.0000,54.6414,0.2369,0.0281,BAN_NGHI,-0.6391,-12.8331,-0.5394,-12.8331,0.0000,0.0000,-0.000,0.000,0.7619,0.0,,1,BAN,FRIEND,139,BAN,0,,0
47.3463,1790253301.291262,0.0200,0,,,0.000,,,-23.6764,-0.0482,-11.8339,-0.0034,0.0000,-13.0000,54.6414,0.2369,0.0281,BAN_NGHI,-0.6391,-12.8331,-0.5394,-12.8331,0.0000,0.0000,-0.000,0.000,0.7619,0.0,,1,BAN,FRIEND,139,BAN,0,,0
47.3673,1790253301.312195,0.0209,0,,,0.000,,,-23.6764,-0.0482,-11.8339,-0.0034,0.0000,-13.0000,54.6414,0.2369,0.0281,BAN_NGHI,-0.6391,-12.8331,-0.5394,-12.8331,0.0000,0.0000,-0.000,0.000,0.7619,0.0,,1,BAN,FRIEND,139,BAN,0,,0
47.3877,1790253301.332632,0.0204,0,,,0.000,,,-23.6764,-0.0482,-11.8339,-0.0034,0.0000,-13.0000,54.6414,0.2369,0.0281,BAN_NGHI,-0.6391,-12.8331,-0.5394,-12.8331,0.0000,0.0000,-0.000,0.000,0.7619,0.0,,1,BAN,FRIEND,139,BAN,0,,0
47.4080,1790253301.352951,0.0203,0,,,0.000,,,-23.6764,-0.0482,-11.8339,-0.0034,0.0000,-13.0000,54.6414,0.2369,0.0281,BAN_NGHI,-0.6391,-12.8331,-0.5394,-12.8331,0.0000,0.0000,-0.000,0.000,0.7619,0.0,,1,BAN,FRIEND,139,BAN,0,,0
47.4286,1790253301.373531,0.0206,0,,,0.000,,,-23.6764,-0.0482,-11.8339,-0.0034,0.0000,-13.0000,53.7540,0.2338,0.0445,BAN_NGHI,-0.6391,-12.8331,-0.5394,-12.8331,0.0000,0.0000,-0.000,0.000,0.7619,0.0,,1,BAN,FRIEND,139,BAN,0,,0
47.4490,1790253301.393934,0.0204,0,,,0.000,,,-23.6764,-0.0482,-11.8339,-0.0034,0.0000,-13.0000,53.7540,0.2338,0.0445,BAN_NGHI,-0.6391,-12.8331,-0.5394,-12.8331,0.0000,0.0000,-0.000,0.000,0.7619,0.0,,1,BAN,FRIEND,139,BAN,0,,0
47.4694,1790253301.414487,0.0204,0,,,0.000,,,-23.6764,-0.0482,-11.8339,-0.0034,0.0000,-13.0000,53.7540,0.2338,0.0445,BAN_NGHI,-0.6391,-12.8331,-0.5394,-12.8331,0.0000,0.0000,-0.000,0.000,0.7619,0.0,,1,BAN,FRIEND,139,BAN,0,,0
47.4897,1790253301.434584,0.0203,0,,,0.000,,,-23.6764,-0.0482,-11.8339,-0.0034,0.0000,-13.0000,53.7540,0.2338,0.0445,BAN_NGHI,-0.6391,-12.8331,-0.5394,-12.8331,0.0000,0.0000,-0.000,0.000,0.7619,0.0,,1,BAN,FRIEND,139,BAN,0,,0
47.5098,1790253301.454700,0.0201,0,,,0.000,,,-23.6764,-0.0482,-11.8339,-0.0034,0.0000,-13.0000,53.7540,0.2338,0.0445,BAN_NGHI,-0.6391,-12.8331,-0.5394,-12.8331,0.0000,0.0000,-0.000,0.000,0.7619,0.0,,1,BAN,FRIEND,139,BAN,0,,0
47.5303,1790253301.475308,0.0205,0,,,0.000,,,-23.6764,-0.0482,-11.8339,-0.0034,0.0000,-13.0000,53.7540,0.2338,0.0445,BAN_NGHI,-0.6391,-12.8331,-0.5394,-12.8331,0.0000,0.0000,-0.000,0.000,0.7619,0.0,,1,BAN,FRIEND,139,BAN,0,,0
47.5506,1790253301.495630,0.0203,0,,,0.000,,,-23.6764,-0.0482,-11.8339,-0.0034,0.0000,-13.0000,53.0358,0.2302,0.0411,BAN_NGHI,-0.6391,-12.8331,-0.5394,-12.8331,0.0000,0.0000,-0.000,0.000,0.7619,0.0,,1,BAN,FRIEND,139,BAN,0,,0
47.5710,1790253301.515993,0.0204,0,,,0.000,,,-23.6764,-0.0482,-11.8339,-0.0034,0.0000,-13.0000,53.0358,0.2302,0.0411,BAN_NGHI,-0.6391,-12.8331,-0.5394,-12.8331,0.0000,0.0000,-0.000,0.000,0.7619,0.0,,1,BAN,FRIEND,139,BAN,0,,0
47.5911,1790253301.536103,0.0201,0,,,0.000,,,-23.6764,-0.0482,-11.8339,-0.0034,0.0000,-13.0000,53.0358,0.2302,0.0411,BAN_NGHI,-0.6391,-12.8331,-0.5394,-12.8331,0.0000,0.0000,-0.000,0.000,0.7619,0.0,,1,BAN,FRIEND,139,BAN,0,,0
47.6112,1790253301.556045,0.0201,0,,,0.000,,,-23.6764,-0.0482,-11.8339,-0.0034,0.0000,-13.0000,53.0358,0.2302,0.0411,BAN_NGHI,-0.6391,-12.8331,-0.5394,-12.8331,0.0000,0.0000,-0.000,0.000,0.7619,0.0,,1,BAN,FRIEND,139,BAN,0,,0
47.6313,1790253301.576225,0.0201,0,,,0.000,,,-23.6764,-0.0482,-11.8339,-0.0034,0.0000,-13.0000,53.0358,0.2302,0.0411,BAN_NGHI,-0.6391,-12.8331,-0.5394,-12.8331,0.0000,0.0000,-0.000,0.000,0.7619,0.0,,1,BAN,FRIEND,139,BAN,0,,0
47.6518,1790253301.596840,0.0205,0,,,0.000,,,-23.6764,-0.0482,-11.8339,-0.0034,0.0000,-13.0000,51.5671,0.2263,0.0587,BAN_NGHI,-0.6391,-12.8331,-0.5394,-12.8331,0.0000,0.0000,-0.000,0.000,0.7619,0.0,,1,BAN,FRIEND,139,BAN,0,,0
47.6719,1790253301.616731,0.0201,0,,,0.000,,,-23.6764,-0.0482,-11.8339,-0.0034,0.0000,-13.0000,51.5671,0.2263,0.0587,BAN_NGHI,-0.6391,-12.8331,-0.5394,-12.8331,0.0000,0.0000,-0.000,0.000,0.7619,0.0,,1,BAN,FRIEND,139,BAN,0,,0
47.6928,1790253301.637914,0.0210,0,,,0.000,,,-23.6764,-0.0482,-11.8339,-0.0034,0.0000,-13.0000,51.5671,0.2263,0.0587,BAN_NGHI,-0.6391,-12.8331,-0.5394,-12.8331,0.0000,0.0000,-0.000,0.000,0.7619,0.0,,1,BAN,FRIEND,139,BAN,0,,0
47.7133,1790253301.658209,0.0204,0,,,0.000,,,-23.6764,-0.0482,-11.8339,-0.0034,0.0000,-13.0000,51.5671,0.2263,0.0587,BAN_NGHI,-0.6391,-12.8331,-0.5394,-12.8331,0.0000,0.0000,-0.000,0.000,0.7619,0.0,,1,BAN,FRIEND,139,BAN,0,,0
47.7333,1790253301.678312,0.0200,0,,,0.000,,,-23.6764,-0.0482,-11.8339,-0.0034,0.0000,-13.0000,51.5671,0.2263,0.0587,BAN_NGHI,-0.6391,-12.8331,-0.5394,-12.8331,0.0000,0.0000,-0.000,0.000,0.7619,0.0,,1,BAN,FRIEND,139,BAN,0,,0
47.7538,1790253301.698804,0.0205,0,,,0.000,,,-23.6764,-0.0482,-11.8339,-0.0034,0.0000,-13.0000,51.5671,0.2263,0.0587,BAN_NGHI,-0.6391,-12.8331,-0.5394,-12.8331,0.0000,0.0000,-0.000,0.000,0.7619,0.0,,1,BAN,FRIEND,139,BAN,0,,0
47.7739,1790253301.718844,0.0200,0,,,0.000,,,-23.6764,-0.0482,-11.8339,-0.0034,0.0000,-13.0000,51.5671,0.2263,0.0587,BAN_NGHI,-0.6391,-12.8331,-0.5394,-12.8331,0.0000,0.0000,-0.000,0.000,0.7619,0.0,,1,BAN,FRIEND,139,BAN,0,,0
47.7941,1790253301.739017,0.0202,0,,,0.000,,,-23.6764,-0.0482,-11.8339,-0.0034,0.0000,-13.0000,49.7318,0.2224,0.0673,BAN_NGHI,-0.6391,-12.8331,-0.5394,-12.8331,0.0000,0.0000,-0.000,0.000,0.7619,0.0,,1,BAN,FRIEND,139,BAN,0,,0
47.8148,1790253301.759835,0.0207,0,,,0.000,,,-23.6764,-0.0482,-11.8339,-0.0034,0.0000,-13.0000,49.7318,0.2224,0.0673,BAN_NGHI,-0.6391,-12.8331,-0.5394,-12.8331,0.0000,0.0000,-0.000,0.000,0.7619,0.0,,1,BAN,FRIEND,139,BAN,0,,0
47.8350,1790253301.779938,0.0202,0,,,0.000,,,-23.6764,-0.0482,-11.8339,-0.0034,0.0000,-13.0000,49.7318,0.2224,0.0673,BAN_NGHI,-0.6391,-12.8331,-0.5394,-12.8331,0.0000,0.0000,-0.000,0.000,0.7619,0.0,,1,BAN,FRIEND,139,BAN,0,,0
47.8560,1790253301.801002,0.0210,0,,,0.000,,,-23.6764,-0.0482,-11.8339,-0.0034,0.0000,-13.0000,49.7318,0.2224,0.0673,BAN_NGHI,-0.6391,-12.8331,-0.5394,-12.8331,0.0000,0.0000,-0.000,0.000,0.7619,0.0,,1,BAN,FRIEND,139,BAN,0,,0
47.8764,1790253301.821347,0.0204,0,,,0.000,,,-23.6764,-0.0482,-11.8339,-0.0034,0.0000,-13.0000,49.7318,0.2224,0.0673,BAN_NGHI,-0.6391,-12.8331,-0.5394,-12.8331,0.0000,0.0000,-0.000,0.000,0.7619,0.0,,1,BAN,FRIEND,139,BAN,0,,0
47.8966,1790253301.841610,0.0201,0,,,0.000,,,-23.6764,-0.0482,-11.8339,-0.0034,0.0000,-13.0000,49.7318,0.2224,0.0673,BAN_NGHI,-0.6391,-12.8331,-0.5394,-12.8331,0.0000,0.0000,-0.000,0.000,0.7619,0.0,,1,BAN,FRIEND,139,BAN,0,,0
47.9167,1790253301.861619,0.0201,0,,,0.000,,,-23.6764,-0.0482,-11.8339,-0.0034,0.0000,-13.0000,47.6508,0.2193,0.0707,BAN_NGHI,-0.6391,-12.8331,-0.5394,-12.8331,0.0000,0.0000,-0.000,0.000,0.7619,0.0,,1,BAN,FRIEND,139,BAN,0,,0
47.9372,1790253301.882112,0.0206,0,,,0.000,,,-23.6764,-0.0482,-11.8339,-0.0034,0.0000,-13.0000,47.6508,0.2193,0.0707,BAN_NGHI,-0.6391,-12.8331,-0.5394,-12.8331,0.0000,0.0000,-0.000,0.000,0.7619,0.0,,1,BAN,FRIEND,139,BAN,0,,0
47.9575,1790253301.902554,0.0202,0,,,0.000,,,-23.6764,-0.0482,-11.8339,-0.0034,0.0000,-13.0000,47.6508,0.2193,0.0707,BAN_NGHI,-0.6391,-12.8331,-0.5394,-12.8331,0.0000,0.0000,-0.000,0.000,0.7619,0.0,,1,BAN,FRIEND,139,BAN,0,,0
47.9777,1790253301.922606,0.0202,0,,,0.000,,,-23.6764,-0.0482,-11.8339,-0.0034,0.0000,-13.0000,47.6508,0.2193,0.0707,BAN_NGHI,-0.6391,-12.8331,-0.5394,-12.8331,0.0000,0.0000,-0.000,0.000,0.7619,0.0,,1,BAN,FRIEND,139,BAN,0,,0
47.9983,1790253301.943384,0.0207,0,,,0.000,,,-23.6764,-0.0482,-11.8339,-0.0034,0.0000,-13.0000,47.6508,0.2193,0.0707,BAN_NGHI,-0.6391,-12.8331,-0.5394,-12.8331,0.0000,0.0000,-0.000,0.000,0.7619,0.0,,1,BAN,FRIEND,139,BAN,0,,0
48.0185,1790253301.963506,0.0201,0,,,0.000,,,-23.6764,-0.0482,-11.8339,-0.0034,0.0000,-13.0000,45.4685,0.2169,0.0715,BAN_NGHI,-0.6391,-12.8331,-0.5394,-12.8331,0.0000,0.0000,-0.000,0.000,0.7619,0.0,,1,BAN,FRIEND,139,BAN,0,,0
48.0389,1790253301.983982,0.0204,0,,,0.000,,,-23.6764,-0.0482,-11.8339,-0.0034,0.0000,-13.0000,45.4685,0.2169,0.0715,BAN_NGHI,-0.6391,-12.8331,-0.5394,-12.8331,0.0000,0.0000,-0.000,0.000,0.7619,0.0,,1,BAN,FRIEND,139,BAN,0,,0
48.0590,1790253302.003866,0.0201,0,,,0.000,,,-23.6764,-0.0482,-11.8339,-0.0034,0.0000,-13.0000,45.4685,0.2169,0.0715,BAN_NGHI,-0.6391,-12.8331,-0.5394,-12.8331,0.0000,0.0000,-0.000,0.000,0.7619,0.0,,1,BAN,FRIEND,139,BAN,0,,0
48.0794,1790253302.024388,0.0204,0,,,0.000,,,-23.6764,-0.0482,-11.8339,-0.0034,0.0000,-13.0000,45.4685,0.2169,0.0715,BAN_NGHI,-0.6391,-12.8331,-0.5394,-12.8331,0.0000,0.0000,-0.000,0.000,0.7619,0.0,,1,BAN,FRIEND,139,BAN,0,,0
48.1001,1790253302.045076,0.0206,0,,,0.000,,,-23.6764,-0.0482,-11.8339,-0.0034,0.0000,-13.0000,45.4685,0.2169,0.0715,BAN_NGHI,-0.6391,-12.8331,-0.5394,-12.8331,0.0000,0.0000,-0.000,0.000,0.7619,0.0,,1,BAN,FRIEND,139,BAN,0,,0
48.1204,1790253302.065314,0.0203,0,,,0.000,,,-23.6764,-0.0482,-11.8339,-0.0034,0.0000,-13.0000,45.4685,0.2169,0.0715,BAN_NGHI,-0.6391,-12.8331,-0.5394,-12.8331,0.0000,0.0000,-0.000,0.000,0.7619,0.0,,1,BAN,FRIEND,139,BAN,0,,0
48.1408,1790253302.085807,0.0205,0,,,0.000,,,-23.6764,-0.0482,-11.8339,-0.0034,0.0000,-13.0000,42.5434,0.2148,0.0897,BAN_NGHI,-0.6391,-12.8331,-0.5394,-12.8331,0.0000,0.0000,-0.000,0.000,0.7619,0.0,,1,BAN,FRIEND,139,BAN,0,,0
48.1615,1790253302.106488,0.0206,0,,,0.000,,,-23.6764,-0.0482,-11.8339,-0.0034,0.0000,-13.0000,42.5434,0.2148,0.0897,BAN_NGHI,-0.6391,-12.8331,-0.5394,-12.8331,0.0000,0.0000,-0.000,0.000,0.7619,0.0,,1,BAN,FRIEND,139,BAN,0,,0
48.1819,1790253302.126813,0.0204,0,,,0.000,,,-23.6764,-0.0482,-11.8339,-0.0034,0.0000,-13.0000,42.5434,0.2148,0.0897,BAN_NGHI,-0.6391,-12.8331,-0.5394,-12.8331,0.0000,0.0000,-0.000,0.000,0.7619,0.0,,1,BAN,FRIEND,139,BAN,0,,0
48.2026,1790253302.147548,0.0207,0,,,0.000,,,-23.6764,-0.0482,-11.8339,-0.0034,0.0000,-13.0000,42.5434,0.2148,0.0897,BAN_NGHI,-0.6391,-12.8331,-0.5394,-12.8331,0.0000,0.0000,-0.000,0.000,0.7619,0.0,,1,BAN,FRIEND,139,BAN,0,,0
48.2229,1790253302.167894,0.0203,0,,,0.000,,,-23.6764,-0.0482,-11.8339,-0.0034,0.0000,-13.0000,42.5434,0.2148,0.0897,BAN_NGHI,-0.6391,-12.8331,-0.5394,-12.8331,0.0000,0.0000,-0.000,0.000,0.7619,0.0,,1,BAN,FRIEND,139,BAN,0,,0
48.2431,1790253302.188224,0.0202,0,,,0.000,,,-23.6764,-0.0482,-11.8339,-0.0034,0.0000,-13.0000,42.5434,0.2148,0.0897,BAN_NGHI,-0.6391,-12.8331,-0.5394,-12.8331,0.0000,0.0000,-0.000,0.000,0.7619,0.0,,1,BAN,FRIEND,139,BAN,0,,0
48.2639,1790253302.208877,0.0207,0,,,0.000,,,-23.6764,-0.0482,-11.8339,-0.0034,0.0000,-13.0000,40.0120,0.2135,0.0801,BAN_NGHI,-0.6391,-12.8331,-0.5394,-12.8331,0.0000,0.0000,-0.000,0.000,0.7619,0.0,,1,BAN,FRIEND,139,BAN,0,,0
48.2844,1790253302.229417,0.0205,0,,,0.000,,,-23.6764,-0.0482,-11.8339,-0.0034,0.0000,-13.0000,40.0120,0.2135,0.0801,BAN_NGHI,-0.6391,-12.8331,-0.5394,-12.8331,0.0000,0.0000,-0.000,0.000,0.7619,0.0,,1,BAN,FRIEND,139,BAN,0,,0
48.3048,1790253302.249841,0.0204,0,,,0.000,,,-23.6764,-0.0482,-11.8339,-0.0034,0.0000,-13.0000,40.0120,0.2135,0.0801,BAN_NGHI,-0.6391,-12.8331,-0.5394,-12.8331,0.0000,0.0000,-0.000,0.000,0.7619,0.0,,1,BAN,FRIEND,139,BAN,0,,0
48.3254,1790253302.270322,0.0206,0,,,0.000,,,-23.6764,-0.0482,-11.8339,-0.0034,0.0000,-13.0000,40.0120,0.2135,0.0801,BAN_NGHI,-0.6391,-12.8331,-0.5394,-12.8331,0.0000,0.0000,-0.000,0.000,0.7619,0.0,,1,BAN,FRIEND,139,BAN,0,,0
48.3460,1790253302.291087,0.0206,0,,,0.000,,,-23.6764,-0.0482,-11.8339,-0.0034,0.0000,-13.0000,40.0120,0.2135,0.0801,BAN_NGHI,-0.6391,-12.8331,-0.5394,-12.8331,0.0000,0.0000,-0.000,0.000,0.7619,0.0,,1,BAN,FRIEND,139,BAN,0,,0
48.3662,1790253302.311143,0.0201,0,,,0.000,,,-23.6764,-0.0482,-11.8339,-0.0034,0.0000,-13.0000,40.0120,0.2135,0.0801,BAN_NGHI,-0.6391,-12.8331,-0.5394,-12.8331,0.0000,0.0000,-0.000,0.000,0.7619,0.0,,1,BAN,FRIEND,139,BAN,0,,0
48.3871,1790253302.332001,0.0209,0,,,0.000,,,-23.6764,-0.0482,-11.8339,-0.0034,0.0000,-13.0000,38.4726,0.2129,0.0529,BAN_NGHI,-0.6391,-12.8331,-0.5394,-12.8331,0.0000,0.0000,-0.000,0.000,0.7619,0.0,,1,BAN,FRIEND,139,BAN,0,,0
48.4074,1790253302.352374,0.0203,0,,,0.000,,,-23.6764,-0.0482,-11.8339,-0.0034,0.0000,-13.0000,38.4726,0.2129,0.0529,BAN_NGHI,-0.6391,-12.8331,-0.5394,-12.8331,0.0000,0.0000,-0.000,0.000,0.7619,0.0,,1,BAN,FRIEND,139,BAN,0,,0
48.4277,1790253302.372727,0.0202,0,,,0.000,,,-23.6764,-0.0482,-11.8339,-0.0034,0.0000,-13.0000,38.4726,0.2129,0.0529,BAN_NGHI,-0.6391,-12.8331,-0.5394,-12.8331,0.0000,0.0000,-0.000,0.000,0.7619,0.0,,1,BAN,FRIEND,139,BAN,0,,0
48.4478,1790253302.392872,0.0202,0,,,0.000,,,-23.6764,-0.0482,-11.8339,-0.0034,0.0000,-13.0000,38.4726,0.2129,0.0529,BAN_NGHI,-0.6391,-12.8331,-0.5394,-12.8331,0.0000,0.0000,-0.000,0.000,0.7619,0.0,,1,BAN,FRIEND,139,BAN,0,,0
48.4681,1790253302.413015,0.0202,0,,,0.000,,,-23.6764,-0.0482,-11.8339,-0.0034,0.0000,-13.0000,38.4726,0.2129,0.0529,BAN_NGHI,-0.6391,-12.8331,-0.5394,-12.8331,0.0000,0.0000,-0.000,0.000,0.7619,0.0,,1,BAN,FRIEND,139,BAN,0,,0
48.4881,1790253302.433178,0.0200,0,,,0.000,,,-23.6764,-0.0482,-11.8339,-0.0034,0.0000,-13.0000,37.3300,0.2125,0.0396,BAN_NGHI,-0.6391,-12.8331,-0.5394,-12.8331,0.0000,0.0000,-0.000,0.000,0.7619,0.0,,1,BAN,FRIEND,139,BAN,0,,0
48.5083,1790253302.453272,0.0202,0,,,0.000,,,-23.6764,-0.0482,-11.8339,-0.0034,0.0000,-13.0000,37.3300,0.2125,0.0396,BAN_NGHI,-0.6391,-12.8331,-0.5394,-12.8331,0.0000,0.0000,-0.000,0.000,0.7619,0.0,,1,BAN,FRIEND,139,BAN,0,,0
48.5288,1790253302.473843,0.0205,0,,,0.000,,,-23.6764,-0.0482,-11.8339,-0.0034,0.0000,-13.0000,37.3300,0.2125,0.0396,BAN_NGHI,-0.6391,-12.8331,-0.5394,-12.8331,0.0000,0.0000,-0.000,0.000,0.7619,0.0,,1,BAN,FRIEND,139,BAN,0,,0
48.5489,1790253302.493919,0.0201,0,,,0.000,,,-23.6764,-0.0482,-11.8339,-0.0034,0.0000,-13.0000,37.3300,0.2125,0.0396,BAN_NGHI,-0.6391,-12.8331,-0.5394,-12.8331,0.0000,0.0000,-0.000,0.000,0.7619,0.0,,1,BAN,FRIEND,139,BAN,0,,0
48.5693,1790253302.514283,0.0203,0,,,0.000,,,-23.6764,-0.0482,-11.8339,-0.0034,0.0000,-13.0000,37.3300,0.2125,0.0396,BAN_NGHI,-0.6391,-12.8331,-0.5394,-12.8331,0.0000,0.0000,-0.000,0.000,0.7619,0.0,,1,BAN,FRIEND,139,BAN,0,,0
48.5901,1790253302.535120,0.0208,0,,,0.000,,,-23.6764,-0.0482,-11.8339,-0.0034,0.0000,-13.0000,37.3300,0.2125,0.0396,BAN_NGHI,-0.6391,-12.8331,-0.5394,-12.8331,0.0000,0.0000,-0.000,0.000,0.7619,0.0,,1,BAN,FRIEND,139,BAN,0,,0
48.6108,1790253302.555619,0.0207,0,,,0.000,,,-23.6764,-0.0482,-11.8339,-0.0034,0.0000,-13.0000,36.1042,0.2123,0.0404,BAN_NGHI,-0.6391,-12.8331,-0.5394,-12.8331,0.0000,0.0000,-0.000,0.000,0.7619,0.0,,1,BAN,FRIEND,139,BAN,0,,0
48.6316,1790253302.576611,0.0208,0,,,0.000,,,-23.6764,-0.0482,-11.8339,-0.0034,0.0000,-13.0000,36.1042,0.2123,0.0404,BAN_NGHI,-0.6391,-12.8331,-0.5394,-12.8331,0.0000,0.0000,-0.000,0.000,0.7619,0.0,,1,BAN,FRIEND,139,BAN,0,,0
48.6520,1790253302.596927,0.0205,0,,,0.000,,,-23.6764,-0.0482,-11.8339,-0.0034,0.0000,-13.0000,36.1042,0.2123,0.0404,BAN_NGHI,-0.6391,-12.8331,-0.5394,-12.8331,0.0000,0.0000,-0.000,0.000,0.7619,0.0,,1,BAN,FRIEND,139,BAN,0,,0
48.6722,1790253302.617230,0.0202,0,,,0.000,,,-23.6764,-0.0482,-11.8339,-0.0034,0.0000,-13.0000,36.1042,0.2123,0.0404,BAN_NGHI,-0.6391,-12.8331,-0.5394,-12.8331,0.0000,0.0000,-0.000,0.000,0.7619,0.0,,1,BAN,FRIEND,139,BAN,0,,0
48.6923,1790253302.637300,0.0201,0,,,0.000,,,-23.6764,-0.0482,-11.8339,-0.0034,0.0000,-13.0000,36.1042,0.2123,0.0404,BAN_NGHI,-0.6391,-12.8331,-0.5394,-12.8331,0.0000,0.0000,-0.000,0.000,0.7619,0.0,,1,BAN,FRIEND,139,BAN,0,,0
48.7128,1790253302.657834,0.0205,0,,,0.000,,,-23.6764,-0.0482,-11.8339,-0.0034,0.0000,-13.0000,36.1042,0.2123,0.0404,BAN_NGHI,-0.6391,-12.8331,-0.5394,-12.8331,0.0000,0.0000,-0.000,0.000,0.7619,0.0,,1,BAN,FRIEND,139,BAN,0,,0
48.7332,1790253302.678129,0.0204,0,,,0.000,,,-23.6764,-0.0482,-11.8339,-0.0034,0.0000,-13.0000,35.5743,0.2120,0.0184,BAN_NGHI,-0.6391,-12.8331,-0.5394,-12.8331,0.0000,0.0000,-0.000,0.000,0.7619,0.0,,1,BAN,FRIEND,139,BAN,0,,0
48.7537,1790253302.698674,0.0205,0,,,0.000,,,-23.6764,-0.0482,-11.8339,-0.0034,0.0000,-13.0000,35.5743,0.2120,0.0184,BAN_NGHI,-0.6391,-12.8331,-0.5394,-12.8331,0.0000,0.0000,-0.000,0.000,0.7619,0.0,,1,BAN,FRIEND,139,BAN,0,,0
48.7742,1790253302.719150,0.0205,0,,,0.000,,,-23.6764,-0.0482,-11.8339,-0.0034,0.0000,-13.0000,35.5743,0.2120,0.0184,BAN_NGHI,-0.6391,-12.8331,-0.5394,-12.8331,0.0000,0.0000,-0.000,0.000,0.7619,0.0,,1,BAN,FRIEND,139,BAN,0,,0
48.7946,1790253302.739583,0.0204,0,,,0.000,,,-23.6764,-0.0482,-11.8339,-0.0034,0.0000,-13.0000,35.5743,0.2120,0.0184,BAN_NGHI,-0.6391,-12.8331,-0.5394,-12.8331,0.0000,0.0000,-0.000,0.000,0.7619,0.0,,1,BAN,FRIEND,139,BAN,0,,0
48.8149,1790253302.759792,0.0202,0,,,0.000,,,-23.6764,-0.0482,-11.8339,-0.0034,0.0000,-13.0000,35.5743,0.2120,0.0184,BAN_NGHI,-0.6391,-12.8331,-0.5394,-12.8331,0.0000,0.0000,-0.000,0.000,0.7619,0.0,,1,BAN,FRIEND,139,BAN,0,,0
48.8351,1790253302.780095,0.0202,0,,,0.000,,,-23.6764,-0.0482,-11.8339,-0.0034,0.0000,-13.0000,35.5743,0.2120,0.0184,BAN_NGHI,-0.6391,-12.8331,-0.5394,-12.8331,0.0000,0.0000,-0.000,0.000,0.7619,0.0,,1,BAN,FRIEND,139,BAN,0,,0
48.8552,1790253302.800220,0.0201,0,,,0.000,,,-23.6764,-0.0482,-11.8339,-0.0034,0.0000,-13.0000,35.0063,0.2118,0.0188,BAN_NGHI,-0.6391,-12.8331,-0.5394,-12.8331,0.0000,0.0000,-0.000,0.000,0.7619,0.0,,1,BAN,FRIEND,139,BAN,0,,0
48.8756,1790253302.820700,0.0205,0,,,0.000,,,-23.6764,-0.0482,-11.8339,-0.0034,0.0000,-13.0000,35.0063,0.2118,0.0188,BAN_NGHI,-0.6391,-12.8331,-0.5394,-12.8331,0.0000,0.0000,-0.000,0.000,0.7619,0.0,,1,BAN,FRIEND,139,BAN,0,,0
48.8956,1790253302.840662,0.0200,0,,,0.000,,,-23.6764,-0.0482,-11.8339,-0.0034,0.0000,-13.0000,35.0063,0.2118,0.0188,BAN_NGHI,-0.6391,-12.8331,-0.5394,-12.8331,0.0000,0.0000,-0.000,0.000,0.7619,0.0,,1,BAN,FRIEND,139,BAN,0,,0
48.9161,1790253302.861100,0.0204,0,,,0.000,,,-23.6764,-0.0482,-11.8339,-0.0034,0.0000,-13.0000,35.0063,0.2118,0.0188,BAN_NGHI,-0.6391,-12.8331,-0.5394,-12.8331,0.0000,0.0000,-0.000,0.000,0.7619,0.0,,1,BAN,FRIEND,139,BAN,0,,0
48.9367,1790253302.881644,0.0206,0,,,0.000,,,-23.6764,-0.0482,-11.8339,-0.0034,0.0000,-13.0000,35.0063,0.2118,0.0188,BAN_NGHI,-0.6391,-12.8331,-0.5394,-12.8331,0.0000,0.0000,-0.000,0.000,0.7619,0.0,,1,BAN,FRIEND,139,BAN,0,,0
48.9571,1790253302.902070,0.0205,0,,,0.000,,,-23.6764,-0.0482,-11.8339,-0.0034,0.0000,-13.0000,35.0063,0.2118,0.0188,BAN_NGHI,-0.6391,-12.8331,-0.5394,-12.8331,0.0000,0.0000,-0.000,0.000,0.7619,0.0,,1,BAN,FRIEND,139,BAN,0,,0
48.9774,1790253302.922433,0.0203,0,,,0.000,,,-23.6764,-0.0482,-11.8339,-0.0034,0.0000,-13.0000,35.0063,0.2118,0.0008,BAN_NGHI,-0.6391,-12.8331,-0.5394,-12.8331,0.0000,0.0000,-0.000,0.000,0.7619,0.0,,1,BAN,FRIEND,139,BAN,0,,0
48.9977,1790253302.942630,0.0203,0,,,0.000,,,-23.6764,-0.0482,-11.8339,-0.0034,0.0000,-13.0000,35.0063,0.2118,0.0008,BAN_NGHI,-0.6391,-12.8331,-0.5394,-12.8331,0.0000,0.0000,-0.000,0.000,0.7619,0.0,,1,BAN,FRIEND,139,BAN,0,,0
49.0183,1790253302.963399,0.0206,0,,,0.000,,,-23.6764,-0.0482,-11.8339,-0.0034,0.0000,-13.0000,35.0063,0.2118,0.0008,BAN_NGHI,-0.6391,-12.8331,-0.5394,-12.8331,0.0000,0.0000,-0.000,0.000,0.7619,0.0,,1,BAN,FRIEND,139,BAN,0,,0
49.0387,1790253302.983771,0.0204,0,,,0.000,,,-23.6764,-0.0482,-11.8339,-0.0034,0.0000,-13.0000,35.0063,0.2118,0.0008,BAN_NGHI,-0.6391,-12.8331,-0.5394,-12.8331,0.0000,0.0000,-0.000,0.000,0.7619,0.0,,1,BAN,FRIEND,139,BAN,0,,0
49.0587,1790253303.003650,0.0200,0,,,0.000,,,-23.6764,-0.0482,-11.8339,-0.0034,0.0000,-13.0000,35.0063,0.2118,0.0008,BAN_NGHI,-0.6391,-12.8331,-0.5394,-12.8331,0.0000,0.0000,-0.000,0.000,0.7619,0.0,,1,BAN,FRIEND,139,BAN,0,,0
49.0789,1790253303.023895,0.0202,0,,,0.000,,,-23.6764,-0.0482,-11.8339,-0.0034,0.0000,-13.0000,35.0063,0.2118,0.0008,BAN_NGHI,-0.6391,-12.8331,-0.5394,-12.8331,0.0000,0.0000,-0.000,0.000,0.7619,0.0,,1,BAN,FRIEND,139,BAN,0,,0
49.0996,1790253303.044610,0.0207,0,,,0.000,,,-23.6764,-0.0482,-11.8339,-0.0034,0.0000,-13.0000,35.0063,0.2118,0.0005,BAN_NGHI,-0.6391,-12.8331,-0.5394,-12.8331,0.0000,0.0000,-0.000,0.000,0.7619,0.0,,1,BAN,FRIEND,139,BAN,0,,0
49.1200,1790253303.065058,0.0204,0,,,0.000,,,-23.6764,-0.0482,-11.8339,-0.0034,0.0000,-13.0000,35.0063,0.2118,0.0005,BAN_NGHI,-0.6391,-12.8331,-0.5394,-12.8331,0.0000,0.0000,-0.000,0.000,0.7619,0.0,,1,BAN,FRIEND,139,BAN,0,,0
49.1407,1790253303.085751,0.0207,0,,,0.000,,,-23.6764,-0.0482,-11.8339,-0.0034,0.0000,-13.0000,35.0063,0.2118,0.0005,BAN_NGHI,-0.6391,-12.8331,-0.5394,-12.8331,0.0000,0.0000,-0.000,0.000,0.7619,0.0,,1,BAN,FRIEND,139,BAN,0,,0
49.1615,1790253303.106394,0.0208,0,,,0.000,,,-23.6764,-0.0482,-11.8339,-0.0034,0.0000,-13.0000,35.0063,0.2118,0.0005,BAN_NGHI,-0.6391,-12.8331,-0.5394,-12.8331,0.0000,0.0000,-0.000,0.000,0.7619,0.0,,1,BAN,FRIEND,139,BAN,0,,0
49.1819,1790253303.127002,0.0205,0,,,0.000,,,-23.6764,-0.0482,-11.8339,-0.0034,0.0000,-13.0000,35.0063,0.2118,0.0005,BAN_NGHI,-0.6391,-12.8331,-0.5394,-12.8331,0.0000,0.0000,-0.000,0.000,0.7619,0.0,,1,BAN,FRIEND,139,BAN,0,,0
49.2021,1790253303.147091,0.0201,0,,,0.000,,,-23.6764,-0.0482,-11.8339,-0.0034,0.0000,-13.0000,35.0063,0.2118,0.0003,BAN_NGHI,-0.6391,-12.8331,-0.5394,-12.8331,0.0000,0.0000,-0.000,0.000,0.7619,0.0,,1,BAN,FRIEND,139,BAN,0,,0
49.2223,1790253303.167263,0.0202,0,,,0.000,,,-23.6764,-0.0482,-11.8339,-0.0034,0.0000,-13.0000,35.0063,0.2118,0.0003,BAN_NGHI,-0.6391,-12.8331,-0.5394,-12.8331,0.0000,0.0000,-0.000,0.000,0.7619,0.0,,1,BAN,FRIEND,139,BAN,0,,0
49.2427,1790253303.187707,0.0204,0,,,0.000,,,-23.6764,-0.0482,-11.8339,-0.0034,0.0000,-13.0000,35.0063,0.2118,0.0003,BAN_NGHI,-0.6391,-12.8331,-0.5394,-12.8331,0.0000,0.0000,-0.000,0.000,0.7619,0.0,,1,BAN,FRIEND,139,BAN,0,,0
49.2627,1790253303.207799,0.0200,0,,,0.000,,,-23.6764,-0.0482,-11.8339,-0.0034,0.0000,-13.0000,35.0063,0.2118,0.0003,BAN_NGHI,-0.6391,-12.8331,-0.5394,-12.8331,0.0000,0.0000,-0.000,0.000,0.7619,0.0,,1,BAN,FRIEND,139,BAN,0,,0
49.2830,1790253303.227890,0.0202,0,,,0.000,,,-23.6764,-0.0482,-11.8339,-0.0034,0.0000,-13.0000,35.0063,0.2118,0.0003,BAN_NGHI,-0.6391,-12.8331,-0.5394,-12.8331,0.0000,0.0000,-0.000,0.000,0.7619,0.0,,1,BAN,FRIEND,139,BAN,0,,0
49.3034,1790253303.248400,0.0204,0,,,0.000,,,-23.6764,-0.0482,-11.8339,-0.0034,0.0000,-13.0000,35.0063,0.2118,0.0003,BAN_NGHI,-0.6391,-12.8331,-0.5394,-12.8331,0.0000,0.0000,-0.000,0.000,0.7619,0.0,,1,BAN,FRIEND,139,BAN,0,,0
49.3245,1790253303.269564,0.0212,0,,,0.000,,,-23.6764,-0.0482,-11.8339,-0.0034,0.0000,-13.0000,35.0063,0.2118,0.0002,BAN_NGHI,-0.6391,-12.8331,-0.5394,-12.8331,0.0000,0.0000,-0.000,0.000,0.7619,0.0,,1,BAN,FRIEND,139,BAN,0,,0
49.3453,1790253303.290219,0.0208,0,,,0.000,,,-23.6764,-0.0482,-11.8339,-0.0034,0.0000,-13.0000,35.0063,0.2118,0.0002,BAN_NGHI,-0.6391,-12.8331,-0.5394,-12.8331,0.0000,0.0000,-0.000,0.000,0.7619,0.0,,1,BAN,FRIEND,139,BAN,0,,0
49.3655,1790253303.310427,0.0202,0,,,0.000,,,-23.6764,-0.0482,-11.8339,-0.0034,0.0000,-13.0000,35.0063,0.2118,0.0002,BAN_NGHI,-0.6391,-12.8331,-0.5394,-12.8331,0.0000,0.0000,-0.000,0.000,0.7619,0.0,,1,BAN,FRIEND,139,BAN,0,,0
49.3855,1790253303.330423,0.0200,0,,,0.000,,,-23.6764,-0.0482,-11.8339,-0.0034,0.0000,-13.0000,35.0063,0.2118,0.0002,BAN_NGHI,-0.6391,-12.8331,-0.5394,-12.8331,0.0000,0.0000,-0.000,0.000,0.7619,0.0,,1,BAN,FRIEND,139,BAN,0,,0
49.4061,1790253303.351111,0.0206,0,,,0.000,,,-23.6764,-0.0482,-11.8339,-0.0034,0.0000,-13.0000,35.0063,0.2118,0.0002,BAN_NGHI,-0.6391,-12.8331,-0.5394,-12.8331,0.0000,0.0000,-0.000,0.000,0.7619,0.0,,1,BAN,FRIEND,139,BAN,0,,0
49.4268,1790253303.371645,0.0207,0,,,0.000,,,-23.6764,-0.0482,-11.8339,-0.0034,0.0000,-13.0000,35.0063,0.2118,0.0002,BAN_NGHI,-0.6391,-12.8331,-0.5394,-12.8331,0.0000,0.0000,-0.000,0.000,0.7619,0.0,,1,BAN,FRIEND,139,BAN,0,,0
49.4473,1790253303.392420,0.0206,0,,,0.000,,,-23.6764,-0.0482,-11.8339,-0.0034,0.0000,-13.0000,35.0063,0.2118,0.0001,BAN_NGHI,-0.6391,-12.8331,-0.5394,-12.8331,0.0000,0.0000,-0.000,0.000,0.7619,0.0,,1,BAN,FRIEND,139,BAN,0,,0
49.4679,1790253303.412795,0.0205,0,,,0.000,,,-23.6764,-0.0482,-11.8339,-0.0034,0.0000,-13.0000,35.0063,0.2118,0.0001,BAN_NGHI,-0.6391,-12.8331,-0.5394,-12.8331,0.0000,0.0000,-0.000,0.000,0.7619,0.0,,1,BAN,FRIEND,139,BAN,0,,0
49.4880,1790253303.433024,0.0201,0,,,0.000,,,-23.6764,-0.0482,-11.8339,-0.0034,0.0000,-13.0000,35.0063,0.2118,0.0001,BAN_NGHI,-0.6391,-12.8331,-0.5394,-12.8331,0.0000,0.0000,-0.000,0.000,0.7619,0.0,,1,BAN,FRIEND,139,BAN,0,,0
49.5081,1790253303.452998,0.0201,0,,,0.000,,,-23.6764,-0.0482,-11.8339,-0.0034,0.0000,-13.0000,35.0063,0.2118,0.0001,BAN_NGHI,-0.6391,-12.8331,-0.5394,-12.8331,0.0000,0.0000,-0.000,0.000,0.7619,0.0,,1,BAN,FRIEND,139,BAN,0,,0
49.5288,1790253303.473841,0.0207,0,,,0.000,,,-23.6764,-0.0482,-11.8339,-0.0034,0.0000,-13.0000,35.0063,0.2118,0.0001,BAN_NGHI,-0.6391,-12.8331,-0.5394,-12.8331,0.0000,0.0000,-0.000,0.000,0.7619,0.0,,1,BAN,FRIEND,139,BAN,0,,0
49.5492,1790253303.494293,0.0205,0,,,0.000,,,-23.6764,-0.0482,-11.8339,-0.0034,0.0000,-13.0000,35.0063,0.2118,0.0001,BAN_NGHI,-0.6391,-12.8331,-0.5394,-12.8331,0.0000,0.0000,-0.000,0.000,0.7619,0.0,,1,BAN,FRIEND,139,BAN,0,,0
49.5697,1790253303.514741,0.0204,0,,,0.000,,,-23.6764,-0.0482,-11.8339,-0.0034,0.0000,-13.0000,35.0063,0.2118,0.0001,BAN_NGHI,-0.6391,-12.8331,-0.5394,-12.8331,0.0000,0.0000,-0.000,0.000,0.7619,0.0,,1,BAN,FRIEND,139,BAN,0,,0
49.5899,1790253303.534868,0.0202,0,,,0.000,,,-23.6764,-0.0482,-11.8339,-0.0034,0.0000,-13.0000,35.0063,0.2118,0.0001,BAN_NGHI,-0.6391,-12.8331,-0.5394,-12.8331,0.0000,0.0000,-0.000,0.000,0.7619,0.0,,1,BAN,FRIEND,139,BAN,0,,0
49.6101,1790253303.555011,0.0202,0,,,0.000,,,-23.6764,-0.0482,-11.8339,-0.0034,0.0000,-13.0000,35.0063,0.2118,0.0001,BAN_NGHI,-0.6391,-12.8331,-0.5394,-12.8331,0.0000,0.0000,-0.000,0.000,0.7619,0.0,,1,BAN,FRIEND,139,BAN,0,,0
49.6306,1790253303.575524,0.0205,0,,,0.000,,,-23.6764,-0.0482,-11.8339,-0.0034,0.0000,-13.0000,35.0063,0.2118,0.0001,BAN_NGHI,-0.6391,-12.8331,-0.5394,-12.8331,0.0000,0.0000,-0.000,0.000,0.7619,0.0,,1,BAN,FRIEND,139,BAN,0,,0
49.6507,1790253303.595781,0.0201,0,,,0.000,,,-23.6764,-0.0482,-11.8339,-0.0034,0.0000,-13.0000,35.0063,0.2118,0.0001,BAN_NGHI,-0.6391,-12.8331,-0.5394,-12.8331,0.0000,0.0000,-0.000,0.000,0.7619,0.0,,1,BAN,FRIEND,139,BAN,0,,0
49.6711,1790253303.616164,0.0204,0,,,0.000,,,-23.6764,-0.0482,-11.8339,-0.0034,0.0000,-13.0000,35.0063,0.2118,0.0001,BAN_NGHI,-0.6391,-12.8331,-0.5394,-12.8331,0.0000,0.0000,-0.000,0.000,0.7619,0.0,,1,BAN,FRIEND,139,BAN,0,,0
49.6917,1790253303.636732,0.0206,0,,,0.000,,,-23.6764,-0.0482,-11.8339,-0.0034,0.0000,-13.0000,35.0063,0.2118,0.0001,BAN_NGHI,-0.6391,-12.8331,-0.5394,-12.8331,0.0000,0.0000,-0.000,0.000,0.7619,0.0,,1,BAN,FRIEND,139,BAN,0,,0
49.7126,1790253303.657614,0.0209,0,,,0.000,,,-23.6764,-0.0482,-11.8339,-0.0034,0.0000,-13.0000,35.0063,0.2118,0.0001,BAN_NGHI,-0.6391,-12.8331,-0.5394,-12.8331,0.0000,0.0000,-0.000,0.000,0.7619,0.0,,1,BAN,FRIEND,139,BAN,0,,0
49.7331,1790253303.678093,0.0205,0,,,0.000,,,-23.6764,-0.0482,-11.8339,-0.0034,0.0000,-13.0000,35.0063,0.2118,0.0001,BAN_NGHI,-0.6391,-12.8331,-0.5394,-12.8331,0.0000,0.0000,-0.000,0.000,0.7619,0.0,,1,BAN,FRIEND,139,BAN,0,,0
49.7534,1790253303.698282,0.0203,0,,,0.000,,,-23.6764,-0.0482,-11.8339,-0.0034,0.0000,-13.0000,35.0063,0.2118,0.0001,BAN_NGHI,-0.6391,-12.8331,-0.5394,-12.8331,0.0000,0.0000,-0.000,0.000,0.7619,0.0,,1,BAN,FRIEND,139,BAN,0,,0
49.7737,1790253303.718613,0.0203,0,,,0.000,,,-23.6764,-0.0482,-11.8339,-0.0034,0.0000,-13.0000,35.0063,0.2118,0.0001,BAN_NGHI,-0.6391,-12.8331,-0.5394,-12.8331,0.0000,0.0000,-0.000,0.000,0.7619,0.0,,1,BAN,FRIEND,139,BAN,0,,0
49.7939,1790253303.738951,0.0202,0,,,0.000,,,-23.6764,-0.0482,-11.8339,-0.0034,0.0000,-13.0000,35.0063,0.2118,0.0001,BAN_NGHI,-0.6391,-12.8331,-0.5394,-12.8331,0.0000,0.0000,-0.000,0.000,0.7619,0.0,,1,BAN,FRIEND,139,BAN,0,,0
49.8140,1790253303.758950,0.0201,0,,,0.000,,,-23.6764,-0.0482,-11.8339,-0.0034,0.0000,-13.0000,35.0063,0.2118,0.0001,BAN_NGHI,-0.6391,-12.8331,-0.5394,-12.8331,0.0000,0.0000,-0.000,0.000,0.7619,0.0,,1,BAN,FRIEND,139,BAN,0,,0
49.8349,1790253303.779761,0.0209,0,,,0.000,,,-23.6764,-0.0482,-11.8339,-0.0034,0.0000,-13.0000,35.0063,0.2118,0.0001,BAN_NGHI,-0.6391,-12.8331,-0.5394,-12.8331,0.0000,0.0000,-0.000,0.000,0.7619,0.0,,1,BAN,FRIEND,139,BAN,0,,0
49.8553,1790253303.800380,0.0205,0,,,0.000,,,-23.6764,-0.0482,-11.8339,-0.0034,0.0000,-13.0000,35.0063,0.2118,0.0001,BAN_NGHI,-0.6391,-12.8331,-0.5394,-12.8331,0.0000,0.0000,-0.000,0.000,0.7619,0.0,,1,BAN,FRIEND,139,BAN,0,,0
49.8756,1790253303.820568,0.0203,0,,,0.000,,,-23.6764,-0.0482,-11.8339,-0.0034,0.0000,-13.0000,35.0063,0.2118,0.0001,BAN_NGHI,-0.6391,-12.8331,-0.5394,-12.8331,0.0000,0.0000,-0.000,0.000,0.7619,0.0,,1,BAN,FRIEND,139,BAN,0,,0
49.8960,1790253303.840890,0.0204,0,,,0.000,,,-23.6764,-0.0482,-11.8339,-0.0034,0.0000,-13.0000,35.0063,0.2118,0.0001,BAN_NGHI,-0.6391,-12.8331,-0.5394,-12.8331,0.0000,0.0000,-0.000,0.000,0.7619,0.0,,1,BAN,FRIEND,139,BAN,0,,0
49.9164,1790253303.861500,0.0204,0,,,0.000,,,-23.6764,-0.0482,-11.8339,-0.0034,0.0000,-13.0000,35.0063,0.2118,0.0001,BAN_NGHI,-0.6391,-12.8331,-0.5394,-12.8331,0.0000,0.0000,-0.000,0.000,0.7619,0.0,,1,BAN,FRIEND,139,BAN,0,,0
49.9368,1790253303.881668,0.0203,0,,,0.000,,,-23.6764,-0.0482,-11.8339,-0.0034,0.0000,-13.0000,35.0063,0.2118,0.0001,BAN_NGHI,-0.6391,-12.8331,-0.5394,-12.8331,0.0000,0.0000,-0.000,0.000,0.7619,0.0,,1,BAN,FRIEND,139,BAN,0,,0
49.9569,1790253303.901855,0.0201,0,,,0.000,,,-23.6764,-0.0482,-11.8339,-0.0034,0.0000,-13.0000,35.0063,0.2118,0.0001,BAN_NGHI,-0.6391,-12.8331,-0.5394,-12.8331,0.0000,0.0000,-0.000,0.000,0.7619,0.0,,1,BAN,FRIEND,139,BAN,0,,0
49.9771,1790253303.922051,0.0202,0,,,0.000,,,-23.6764,-0.0482,-11.8339,-0.0034,0.0000,-13.0000,35.0063,0.2118,0.0001,BAN_NGHI,-0.6391,-12.8331,-0.5394,-12.8331,0.0000,0.0000,-0.000,0.000,0.7619,0.0,,1,BAN,FRIEND,139,BAN,0,,0
49.9974,1790253303.942302,0.0203,0,,,0.000,,,-23.6764,-0.0482,-11.8339,-0.0034,0.0000,-13.0000,35.0063,0.2118,0.0001,BAN_NGHI,-0.6391,-12.8331,-0.5394,-12.8331,0.0000,0.0000,-0.000,0.000,0.7619,0.0,,1,BAN,FRIEND,139,BAN,0,,0
50.0180,1790253303.962948,0.0206,0,,,0.000,,,-23.6764,-0.0482,-11.8339,-0.0034,0.0000,-13.0000,35.0063,0.2118,0.0001,BAN_NGHI,-0.6391,-12.8331,-0.5394,-12.8331,0.0000,0.0000,-0.000,0.000,0.7619,0.0,,1,BAN,FRIEND,139,BAN,0,,0
50.0384,1790253303.983374,0.0204,0,,,0.000,,,-23.6764,-0.0482,-11.8339,-0.0034,0.0000,-13.0000,35.0063,0.2118,0.0001,BAN_NGHI,-0.6391,-12.8331,-0.5394,-12.8331,0.0000,0.0000,-0.000,0.000,0.7619,0.0,,1,BAN,FRIEND,139,BAN,0,,0
50.0589,1790253304.003903,0.0205,0,,,0.000,,,-23.6764,-0.0482,-11.8339,-0.0034,0.0000,-13.0000,35.0063,0.2118,0.0001,BAN_NGHI,-0.6391,-12.8331,-0.5394,-12.8331,0.0000,0.0000,-0.000,0.000,0.7619,0.0,,1,BAN,FRIEND,139,BAN,0,,0
50.0798,1790253304.024691,0.0209,0,,,0.000,,,-23.6764,-0.0482,-11.8339,-0.0034,0.0000,-13.0000,35.0063,0.2118,0.0001,BAN_NGHI,-0.6391,-12.8331,-0.5394,-12.8331,0.0000,0.0000,-0.000,0.000,0.7619,0.0,,1,BAN,FRIEND,139,BAN,0,,0
50.1004,1790253304.045477,0.0206,0,,,0.000,,,-23.6764,-0.0482,-11.8339,-0.0034,0.0000,-13.0000,35.0063,0.2118,0.0001,BAN_NGHI,-0.6391,-12.8331,-0.5394,-12.8331,0.0000,0.0000,-0.000,0.000,0.7619,0.0,,1,BAN,FRIEND,139,BAN,0,,0
50.1209,1790253304.065960,0.0205,0,,,0.000,,,-23.6764,-0.0482,-11.8339,-0.0034,0.0000,-13.0000,35.0063,0.2118,0.0001,BAN_NGHI,-0.6391,-12.8331,-0.5394,-12.8331,0.0000,0.0000,-0.000,0.000,0.7619,0.0,,1,BAN,FRIEND,139,BAN,0,,0
50.1421,1790253304.086967,0.0212,0,,,0.000,,,-23.6764,-0.0482,-11.8339,-0.0034,0.0000,-13.0000,35.0063,0.2118,0.0001,BAN_NGHI,-0.6391,-12.8331,-0.5394,-12.8331,0.0000,0.0000,-0.000,0.000,0.7619,0.0,,1,BAN,FRIEND,139,BAN,0,,0
50.1622,1790253304.107212,0.0201,0,,,0.000,,,-23.6764,-0.0482,-11.8339,-0.0034,0.0000,-13.0000,35.0063,0.2118,0.0001,BAN_NGHI,-0.6391,-12.8331,-0.5394,-12.8331,0.0000,0.0000,-0.000,0.000,0.7619,0.0,,1,BAN,FRIEND,139,BAN,0,,0
50.1825,1790253304.127369,0.0203,0,,,0.000,,,-23.6764,-0.0482,-11.8339,-0.0034,0.0000,-13.0000,35.0063,0.2118,0.0001,BAN_NGHI,-0.6391,-12.8331,-0.5394,-12.8331,0.0000,0.0000,-0.000,0.000,0.7619,0.0,,1,BAN,FRIEND,139,BAN,0,,0
50.2032,1790253304.148197,0.0208,0,,,0.000,,,-23.6764,-0.0482,-11.8339,-0.0034,0.0000,-13.0000,35.0063,0.2118,0.0001,BAN_NGHI,-0.6391,-12.8331,-0.5394,-12.8331,0.0000,0.0000,-0.000,0.000,0.7619,0.0,,1,BAN,FRIEND,139,BAN,0,,0
50.2233,1790253304.168408,0.0201,0,,,0.000,,,-23.6764,-0.0482,-11.8339,-0.0034,0.0000,-13.0000,35.0063,0.2118,0.0001,BAN_NGHI,-0.6391,-12.8331,-0.5394,-12.8331,0.0000,0.0000,-0.000,0.000,0.7619,0.0,,1,BAN,FRIEND,139,BAN,0,,0
50.2436,1790253304.188473,0.0203,0,,,0.000,,,-23.6764,-0.0482,-11.8339,-0.0034,0.0000,-13.0000,,,,CHO,-0.6391,-12.8331,-0.5394,-12.8331,0.0000,0.0000,-0.000,0.000,0.7619,0.0,,,,,,BAN,0,,0
50.2642,1790253304.209206,0.0206,0,,,0.000,,,-23.6764,-0.0482,-11.8339,-0.0034,0.0000,-13.0000,,,,CHO,-0.6391,-12.8331,-0.5394,-12.8331,0.0000,0.0000,-0.000,0.000,0.7619,0.0,,,,,,BAN,0,,0
50.2849,1790253304.229977,0.0207,0,,,0.000,,,-23.6764,-0.0482,-11.8339,-0.0034,0.0000,-13.0000,,,,CHO,-0.6391,-12.8331,-0.5394,-12.8331,0.0000,0.0000,-0.000,0.000,0.7619,0.0,,,,,,BAN,0,,0
50.3052,1790253304.250214,0.0202,0,,,0.000,,,-23.6764,-0.0482,-11.8339,-0.0034,0.0000,-13.0000,,,,CHO,-0.6391,-12.8331,-0.5394,-12.8331,0.0000,0.0000,-0.000,0.000,0.7619,0.0,,,,,,BAN,0,,0
50.3255,1790253304.270561,0.0203,0,,,0.000,,,-23.6764,-0.0482,-11.8339,-0.0034,0.0000,-13.0000,,,,CHO,-0.6391,-12.8331,-0.5394,-12.8331,0.0000,0.0000,-0.000,0.000,0.7619,0.0,,,,,,BAN,0,,0
50.3456,1790253304.290526,0.0201,0,,,0.000,,,-23.6764,-0.0482,-11.8339,-0.0034,0.0000,-13.0000,,,,CHO,-0.6391,-12.8331,-0.5394,-12.8331,0.0000,0.0000,-0.000,0.000,0.7619,0.0,,,,,,BAN,0,,0
50.3656,1790253304.310586,0.0200,0,,,0.000,,,-23.6764,-0.0482,-11.8339,-0.0034,0.0000,-13.0000,,,,CHO,-0.6391,-12.8331,-0.5394,-12.8331,0.0000,0.0000,-0.000,0.000,0.7619,0.0,,,,,,BAN,0,,0
50.3858,1790253304.330763,0.0201,0,,,0.000,,,-23.6764,-0.0482,-11.8339,-0.0034,0.0000,-13.0000,,,,CHO,-0.6391,-12.8331,-0.5394,-12.8331,0.0000,0.0000,-0.000,0.000,0.7619,0.0,,,,,,BAN,0,,0
50.4058,1790253304.350847,0.0200,0,,,0.000,,,-23.6764,-0.0482,-11.8339,-0.0034,0.0000,-13.0000,,,,CHO,-0.6391,-12.8331,-0.5394,-12.8331,0.0000,0.0000,-0.000,0.000,0.7619,0.0,,,,,,BAN,0,,0
50.4264,1790253304.371384,0.0205,0,,,0.000,,,-23.6764,-0.0482,-11.8339,-0.0034,0.0000,-13.0000,,,,CHO,-0.6391,-12.8331,-0.5394,-12.8331,0.0000,0.0000,-0.000,0.000,0.7619,0.0,,,,,,BAN,0,,0
50.4470,1790253304.391934,0.0206,0,,,0.000,,,-23.6764,-0.0482,-11.8339,-0.0034,0.0000,-13.0000,,,,CHO,-0.6391,-12.8331,-0.5394,-12.8331,0.0000,0.0000,-0.000,0.000,0.7619,0.0,,,,,,BAN,0,,0
50.4672,1790253304.412239,0.0202,0,,,0.000,,,-23.6764,-0.0482,-11.8339,-0.0034,0.0000,-13.0000,,,,CHO,-0.6391,-12.8331,-0.5394,-12.8331,0.0000,0.0000,-0.000,0.000,0.7619,0.0,,,,,,BAN,0,,0
50.4877,1790253304.432769,0.0205,0,,,0.000,,,-23.6764,-0.0482,-11.8339,-0.0034,0.0000,-13.0000,,,,CHO,-0.6391,-12.8331,-0.5394,-12.8331,0.0000,0.0000,-0.000,0.000,0.7619,0.0,,,,,,BAN,0,,0
50.5081,1790253304.453120,0.0203,0,,,0.000,,,-23.6764,-0.0482,-11.8339,-0.0034,0.0000,-13.0000,,,,CHO,-0.6391,-12.8331,-0.5394,-12.8331,0.0000,0.0000,-0.000,0.000,0.7619,0.0,,,,,,BAN,0,,0
50.5283,1790253304.473270,0.0203,0,,,0.000,,,-23.6764,-0.0482,-11.8339,-0.0034,0.0000,-13.0000,,,,CHO,-0.6391,-12.8331,-0.5394,-12.8331,0.0000,0.0000,-0.000,0.000,0.7619,0.0,,,,,,BAN,0,,0
50.5485,1790253304.493515,0.0202,0,,,0.000,,,-23.6764,-0.0482,-11.8339,-0.0034,0.0000,-13.0000,,,,CHO,-0.6391,-12.8331,-0.5394,-12.8331,0.0000,0.0000,-0.000,0.000,0.7619,0.0,,,,,,BAN,0,,0
50.5687,1790253304.513629,0.0201,0,,,0.000,,,-23.6764,-0.0482,-11.8339,-0.0034,0.0000,-13.0000,,,,CHO,-0.6391,-12.8331,-0.5394,-12.8331,0.0000,0.0000,-0.000,0.000,0.7619,0.0,,,,,,BAN,0,,0
50.5889,1790253304.533867,0.0202,0,,,0.000,,,-23.6764,-0.0482,-11.8339,-0.0034,0.0000,-13.0000,,,,CHO,-0.6391,-12.8331,-0.5394,-12.8331,0.0000,0.0000,-0.000,0.000,0.7619,0.0,,,,,,BAN,0,,0
50.6089,1790253304.553956,0.0200,0,,,0.000,,,-23.6764,-0.0482,-11.8339,-0.0034,0.0000,-13.0000,,,,CHO,-0.6391,-12.8331,-0.5394,-12.8331,0.0000,0.0000,-0.000,0.000,0.7619,0.0,,,,,,BAN,0,,0
50.6294,1790253304.574366,0.0205,0,,,0.000,,,-23.6764,-0.0482,-11.8339,-0.0034,0.0000,-13.0000,,,,CHO,-0.6391,-12.8331,-0.5394,-12.8331,0.0000,0.0000,-0.000,0.000,0.7619,0.0,,,,,,BAN,0,,0
50.6495,1790253304.594427,0.0201,0,,,0.000,,,-23.6764,-0.0482,-11.8339,-0.0034,0.0000,-13.0000,,,,CHO,-0.6391,-12.8331,-0.5394,-12.8331,0.0000,0.0000,-0.000,0.000,0.7619,0.0,,,,,,BAN,0,,0
50.6698,1790253304.614833,0.0202,0,,,0.000,,,-23.6764,-0.0482,-11.8339,-0.0034,0.0000,-13.0000,,,,CHO,-0.6391,-12.8331,-0.5394,-12.8331,0.0000,0.0000,-0.000,0.000,0.7619,0.0,,,,,,BAN,0,,0
50.6902,1790253304.635287,0.0204,0,,,0.000,,,-23.6764,-0.0482,-11.8339,-0.0034,0.0000,-13.0000,,,,CHO,-0.6391,-12.8331,-0.5394,-12.8331,0.0000,0.0000,-0.000,0.000,0.7619,0.0,,,,,,BAN,0,,0
50.7103,1790253304.655277,0.0201,0,,,0.000,,,-23.6764,-0.0482,-11.8339,-0.0034,0.0000,-13.0000,,,,CHO,-0.6391,-12.8331,-0.5394,-12.8331,0.0000,0.0000,-0.000,0.000,0.7619,0.0,,,,,,BAN,0,,0
50.7305,1790253304.675378,0.0202,0,,,0.000,,,-23.6764,-0.0482,-11.8339,-0.0034,0.0000,-13.0000,,,,CHO,-0.6391,-12.8331,-0.5394,-12.8331,0.0000,0.0000,-0.000,0.000,0.7619,0.0,,,,,,BAN,0,,0
50.7509,1790253304.695880,0.0204,0,,,0.000,,,-23.6764,-0.0482,-11.8339,-0.0034,0.0000,-13.0000,,,,CHO,-0.6391,-12.8331,-0.5394,-12.8331,0.0000,0.0000,-0.000,0.000,0.7619,0.0,,,,,,BAN,0,,0
50.7713,1790253304.716361,0.0204,0,,,0.000,,,-23.6764,-0.0482,-11.8339,-0.0034,0.0000,-13.0000,,,,CHO,-0.6391,-12.8331,-0.5394,-12.8331,0.0000,0.0000,-0.000,0.000,0.7619,0.0,,,,,,BAN,0,,0
50.7914,1790253304.736331,0.0201,0,,,0.000,,,-23.6764,-0.0482,-11.8339,-0.0034,0.0000,-13.0000,,,,CHO,-0.6391,-12.8331,-0.5394,-12.8331,0.0000,0.0000,-0.000,0.000,0.7619,0.0,,,,,,BAN,0,,0
50.8119,1790253304.756964,0.0205,0,,,0.000,,,-23.6764,-0.0482,-11.8339,-0.0034,0.0000,-13.0000,,,,CHO,-0.6391,-12.8331,-0.5394,-12.8331,0.0000,0.0000,-0.000,0.000,0.7619,0.0,,,,,,BAN,0,,0
50.8327,1790253304.777612,0.0208,0,,,0.000,,,-23.6764,-0.0482,-11.8339,-0.0034,0.0000,-13.0000,,,,CHO,-0.6391,-12.8331,-0.5394,-12.8331,0.0000,0.0000,-0.000,0.000,0.7619,0.0,,,,,,BAN,0,,0
50.8528,1790253304.797698,0.0200,0,,,0.000,,,-23.6764,-0.0482,-11.8339,-0.0034,0.0000,-13.0000,,,,CHO,-0.6391,-12.8331,-0.5394,-12.8331,0.0000,0.0000,-0.000,0.000,0.7619,0.0,,,,,,BAN,0,,0
50.8731,1790253304.818156,0.0203,0,,,0.000,,,-23.6764,-0.0482,-11.8339,-0.0034,0.0000,-13.0000,,,,CHO,-0.6391,-12.8331,-0.5394,-12.8331,0.0000,0.0000,-0.000,0.000,0.7619,0.0,,,,,,BAN,0,,0
50.8935,1790253304.838408,0.0204,0,,,0.000,,,-23.6764,-0.0482,-11.8339,-0.0034,0.0000,-13.0000,,,,CHO,-0.6391,-12.8331,-0.5394,-12.8331,0.0000,0.0000,-0.000,0.000,0.7619,0.0,,,,,,BAN,0,,0
50.9136,1790253304.858632,0.0201,0,,,0.000,,,-23.6764,-0.0482,-11.8339,-0.0034,0.0000,-13.0000,,,,CHO,-0.6391,-12.8331,-0.5394,-12.8331,0.0000,0.0000,-0.000,0.000,0.7619,0.0,,,,,,BAN,0,,0
50.9336,1790253304.878713,0.0200,0,,,0.000,,,-23.6764,-0.0482,-11.8339,-0.0034,0.0000,-13.0000,,,,CHO,-0.6391,-12.8331,-0.5394,-12.8331,0.0000,0.0000,-0.000,0.000,0.7619,0.0,,,,,,BAN,0,,0
50.9540,1790253304.898986,0.0204,0,,,0.000,,,-23.6764,-0.0482,-11.8339,-0.0034,0.0000,-13.0000,,,,CHO,-0.6391,-12.8331,-0.5394,-12.8331,0.0000,0.0000,-0.000,0.000,0.7619,0.0,,,,,,BAN,0,,0
50.9741,1790253304.919003,0.0201,0,,,0.000,,,-23.6764,-0.0482,-11.8339,-0.0034,0.0000,-13.0000,,,,CHO,-0.6391,-12.8331,-0.5394,-12.8331,0.0000,0.0000,-0.000,0.000,0.7619,0.0,,,,,,BAN,0,,0
50.9944,1790253304.939265,0.0203,0,,,0.000,,,-23.6764,-0.0482,-11.8339,-0.0034,0.0000,-13.0000,,,,CHO,-0.6391,-12.8331,-0.5394,-12.8331,0.0000,0.0000,-0.000,0.000,0.7619,0.0,,,,,,BAN,0,,0
51.0145,1790253304.959434,0.0202,0,,,0.000,,,-23.6764,-0.0482,-11.8339,-0.0034,0.0000,-13.0000,,,,CHO,-0.6391,-12.8331,-0.5394,-12.8331,0.0000,0.0000,-0.000,0.000,0.7619,0.0,,,,,,BAN,0,,0
51.0350,1790253304.979990,0.0204,0,,,0.000,,,-23.6764,-0.0482,-11.8339,-0.0034,0.0000,-13.0000,,,,CHO,-0.6391,-12.8331,-0.5394,-12.8331,0.0000,0.0000,-0.000,0.000,0.7619,0.0,,,,,,BAN,0,,0
51.0550,1790253304.999999,0.0201,0,,,0.000,,,-23.6764,-0.0482,-11.8339,-0.0034,0.0000,-13.0000,,,,CHO,-0.6391,-12.8331,-0.5394,-12.8331,0.0000,0.0000,-0.000,0.000,0.7619,0.0,,,,,,BAN,0,,0
51.0753,1790253305.020317,0.0202,0,,,0.000,,,-23.6764,-0.0482,-11.8339,-0.0034,0.0000,-13.0000,,,,CHO,-0.6391,-12.8331,-0.5394,-12.8331,0.0000,0.0000,-0.000,0.000,0.7619,0.0,,,,,,BAN,0,,0
51.0960,1790253305.040897,0.0207,0,,,0.000,,,-23.6764,-0.0482,-11.8339,-0.0034,0.0000,-13.0000,,,,CHO,-0.6391,-12.8331,-0.5394,-12.8331,0.0000,0.0000,-0.000,0.000,0.7619,0.0,,,,,,BAN,0,,0
51.1166,1790253305.061672,0.0206,0,,,0.000,,,-23.6764,-0.0482,-11.8339,-0.0034,0.0000,-13.0000,,,,CHO,-0.6391,-12.8331,-0.5394,-12.8331,0.0000,0.0000,-0.000,0.000,0.7619,0.0,,,,,,BAN,0,,0
51.1369,1790253305.081959,0.0203,0,,,0.000,,,-23.6764,-0.0482,-11.8339,-0.0034,0.0000,-13.0000,,,,CHO,-0.6391,-12.8331,-0.5394,-12.8331,0.0000,0.0000,-0.000,0.000,0.7619,0.0,,,,,,BAN,0,,0
51.1577,1790253305.102622,0.0208,0,,,0.000,,,-23.6764,-0.0482,-11.8339,-0.0034,0.0000,-13.0000,,,,CHO,-0.6391,-12.8331,-0.5394,-12.8331,0.0000,0.0000,-0.000,0.000,0.7619,0.0,,,,,,BAN,0,,0
51.1784,1790253305.123401,0.0207,0,,,0.000,,,-23.6764,-0.0482,-11.8339,-0.0034,0.0000,-13.0000,,,,CHO,-0.6391,-12.8331,-0.5394,-12.8331,0.0000,0.0000,-0.000,0.000,0.7619,0.0,,,,,,BAN,0,,0
51.1985,1790253305.143379,0.0201,0,,,0.000,,,-23.6764,-0.0482,-11.8339,-0.0034,0.0000,-13.0000,,,,CHO,-0.6391,-12.8331,-0.5394,-12.8331,0.0000,0.0000,-0.000,0.000,0.7619,0.0,,,,,,BAN,0,,0
51.2185,1790253305.163564,0.0200,0,,,0.000,,,-23.6764,-0.0482,-11.8339,-0.0034,0.0000,-13.0000,,,,CHO,-0.6391,-12.8331,-0.5394,-12.8331,0.0000,0.0000,-0.000,0.000,0.7619,0.0,,,,,,BAN,0,,0
51.2386,1790253305.183618,0.0201,0,,,0.000,,,-23.6764,-0.0482,-11.8339,-0.0034,0.0000,-13.0000,,,,CHO,-0.6391,-12.8331,-0.5394,-12.8331,0.0000,0.0000,-0.000,0.000,0.7619,0.0,,,,,,BAN,0,,0
51.2587,1790253305.203733,0.0202,0,,,0.000,,,-23.6764,-0.0482,-11.8339,-0.0034,0.0000,-13.0000,,,,CHO,-0.6391,-12.8331,-0.5394,-12.8331,0.0000,0.0000,-0.000,0.000,0.7619,0.0,,,,,,BAN,0,,0
51.2789,1790253305.223757,0.0202,0,,,0.000,,,-23.6764,-0.0482,-11.8339,-0.0034,0.0000,-13.0000,,,,CHO,-0.6391,-12.8331,-0.5394,-12.8331,0.0000,0.0000,-0.000,0.000,0.7619,0.0,,,,,,BAN,0,,0
51.2996,1790253305.244565,0.0207,0,,,0.000,,,-23.6764,-0.0482,-11.8339,-0.0034,0.0000,-13.0000,,,,CHO,-0.6391,-12.8331,-0.5394,-12.8331,0.0000,0.0000,-0.000,0.000,0.7619,0.0,,,,,,BAN,0,,0
51.3201,1790253305.265077,0.0205,0,,,0.000,,,-23.6764,-0.0482,-11.8339,-0.0034,0.0000,-13.0000,,,,CHO,-0.6391,-12.8331,-0.5394,-12.8331,0.0000,0.0000,-0.000,0.000,0.7619,0.0,,,,,,BAN,0,,0
51.3405,1790253305.285516,0.0205,0,,,0.000,,,-23.6764,-0.0482,-11.8339,-0.0034,0.0000,-13.0000,,,,CHO,-0.6391,-12.8331,-0.5394,-12.8331,0.0000,0.0000,-0.000,0.000,0.7619,0.0,,,,,,BAN,0,,0
51.3609,1790253305.305765,0.0203,0,,,0.000,,,-23.6764,-0.0482,-11.8339,-0.0034,0.0000,-13.0000,,,,CHO,-0.6391,-12.8331,-0.5394,-12.8331,0.0000,0.0000,-0.000,0.000,0.7619,0.0,,,,,,BAN,0,,0
51.3812,1790253305.326301,0.0203,0,,,0.000,,,-23.6764,-0.0482,-11.8339,-0.0034,0.0000,-13.0000,,,,CHO,-0.6391,-12.8331,-0.5394,-12.8331,0.0000,0.0000,-0.000,0.000,0.7619,0.0,,,,,,BAN,0,,0
51.4016,1790253305.346608,0.0204,0,,,0.000,,,-23.6764,-0.0482,-11.8339,-0.0034,0.0000,-13.0000,,,,CHO,-0.6391,-12.8331,-0.5394,-12.8331,0.0000,0.0000,-0.000,0.000,0.7619,0.0,,,,,,BAN,0,,0
51.4219,1790253305.366876,0.0202,0,,,0.000,,,-23.6764,-0.0482,-11.8339,-0.0034,0.0000,-13.0000,,,,CHO,-0.6391,-12.8331,-0.5394,-12.8331,0.0000,0.0000,-0.000,0.000,0.7619,0.0,,,,,,BAN,0,,0
51.4420,1790253305.387059,0.0201,0,,,0.000,,,-23.6764,-0.0482,-11.8339,-0.0034,0.0000,-13.0000,,,,CHO,-0.6391,-12.8331,-0.5394,-12.8331,0.0000,0.0000,-0.000,0.000,0.7619,0.0,,,,,,BAN,0,,0
51.4623,1790253305.407379,0.0203,0,,,0.000,,,-23.6764,-0.0482,-11.8339,-0.0034,0.0000,-13.0000,,,,CHO,-0.6391,-12.8331,-0.5394,-12.8331,0.0000,0.0000,-0.000,0.000,0.7619,0.0,,,,,,BAN,0,,0
51.4823,1790253305.427429,0.0200,0,,,0.000,,,-23.6764,-0.0482,-11.8339,-0.0034,0.0000,-13.0000,,,,CHO,-0.6391,-12.8331,-0.5394,-12.8331,0.0000,0.0000,-0.000,0.000,0.7619,0.0,,,,,,BAN,0,,0
51.5026,1790253305.447632,0.0202,0,,,0.000,,,-23.6764,-0.0482,-11.8339,-0.0034,0.0000,-13.0000,,,,CHO,-0.6391,-12.8331,-0.5394,-12.8331,0.0000,0.0000,-0.000,0.000,0.7619,0.0,,,,,,BAN,0,,0
51.5227,1790253305.467724,0.0202,0,,,0.000,,,-23.6764,-0.0482,-11.8339,-0.0034,0.0000,-13.0000,,,,CHO,-0.6391,-12.8331,-0.5394,-12.8331,0.0000,0.0000,-0.000,0.000,0.7619,0.0,,,,,,BAN,0,,0
51.5431,1790253305.488032,0.0203,0,,,0.000,,,-23.6764,-0.0482,-11.8339,-0.0034,0.0000,-13.0000,,,,CHO,-0.6391,-12.8331,-0.5394,-12.8331,0.0000,0.0000,-0.000,0.000,0.7619,0.0,,,,,,BAN,0,,0
51.5631,1790253305.508061,0.0200,0,,,0.000,,,-23.6764,-0.0482,-11.8339,-0.0034,0.0000,-13.0000,,,,CHO,-0.6391,-12.8331,-0.5394,-12.8331,0.0000,0.0000,-0.000,0.000,0.7619,0.0,,,,,,BAN,0,,0
51.5836,1790253305.528660,0.0205,0,,,0.000,,,-23.6764,-0.0482,-11.8339,-0.0034,0.0000,-13.0000,,,,CHO,-0.6391,-12.8331,-0.5394,-12.8331,0.0000,0.0000,-0.000,0.000,0.7619,0.0,,,,,,BAN,0,,0
51.6039,1790253305.548803,0.0203,0,,,0.000,,,-23.6764,-0.0482,-11.8339,-0.0034,0.0000,-13.0000,,,,CHO,-0.6391,-12.8331,-0.5394,-12.8331,0.0000,0.0000,-0.000,0.000,0.7619,0.0,,,,,,BAN,0,,0
51.6240,1790253305.569042,0.0201,0,,,0.000,,,-23.6764,-0.0482,-11.8339,-0.0034,0.0000,-13.0000,,,,CHO,-0.6391,-12.8331,-0.5394,-12.8331,0.0000,0.0000,-0.000,0.000,0.7619,0.0,,,,,,BAN,0,,0
51.6441,1790253305.588959,0.0201,0,,,0.000,,,-23.6764,-0.0482,-11.8339,-0.0034,0.0000,-13.0000,,,,CHO,-0.6391,-12.8331,-0.5394,-12.8331,0.0000,0.0000,-0.000,0.000,0.7619,0.0,,,,,,BAN,0,,0
51.6645,1790253305.609484,0.0204,0,,,0.000,,,-23.6764,-0.0482,-11.8339,-0.0034,0.0000,-13.0000,,,,CHO,-0.6391,-12.8331,-0.5394,-12.8331,0.0000,0.0000,-0.000,0.000,0.7619,0.0,,,,,,BAN,0,,0
51.6845,1790253305.629501,0.0201,0,,,0.000,,,-23.6764,-0.0482,-11.8339,-0.0034,0.0000,-13.0000,,,,CHO,-0.6391,-12.8331,-0.5394,-12.8331,0.0000,0.0000,-0.000,0.000,0.7619,0.0,,,,,,BAN,0,,0
51.7050,1790253305.650048,0.0204,0,,,0.000,,,-23.6764,-0.0482,-11.8339,-0.0034,0.0000,-13.0000,,,,CHO,-0.6391,-12.8331,-0.5394,-12.8331,0.0000,0.0000,-0.000,0.000,0.7619,0.0,,,,,,BAN,0,,0
51.7251,1790253305.670126,0.0201,0,,,0.000,,,-23.6764,-0.0482,-11.8339,-0.0034,0.0000,-13.0000,,,,CHO,-0.6391,-12.8331,-0.5394,-12.8331,0.0000,0.0000,-0.000,0.000,0.7619,0.0,,,,,,BAN,0,,0
51.7454,1790253305.690155,0.0202,0,,,0.000,,,-23.6764,-0.0482,-11.8339,-0.0034,0.0000,-13.0000,,,,CHO,-0.6391,-12.8331,-0.5394,-12.8331,0.0000,0.0000,-0.000,0.000,0.7619,0.0,,,,,,BAN,0,,0
51.7655,1790253305.710424,0.0202,0,,,0.000,,,-23.6764,-0.0482,-11.8339,-0.0034,0.0000,-13.0000,,,,CHO,-0.6391,-12.8331,-0.5394,-12.8331,0.0000,0.0000,-0.000,0.000,0.7619,0.0,,,,,,BAN,0,,0
51.7861,1790253305.731068,0.0205,0,,,0.000,,,-23.6764,-0.0482,-11.8339,-0.0034,0.0000,-13.0000,,,,CHO,-0.6391,-12.8331,-0.5394,-12.8331,0.0000,0.0000,-0.000,0.000,0.7619,0.0,,,,,,BAN,0,,0
51.8062,1790253305.751240,0.0201,0,,,0.000,,,-23.6764,-0.0482,-11.8339,-0.0034,0.0000,-13.0000,,,,CHO,-0.6391,-12.8331,-0.5394,-12.8331,0.0000,0.0000,-0.000,0.000,0.7619,0.0,,,,,,BAN,0,,0
51.8263,1790253305.771420,0.0201,0,,,0.000,,,-23.6764,-0.0482,-11.8339,-0.0034,0.0000,-13.0000,,,,CHO,-0.6391,-12.8331,-0.5394,-12.8331,0.0000,0.0000,-0.000,0.000,0.7619,0.0,,,,,,BAN,0,,0
51.8468,1790253305.791762,0.0204,0,,,0.000,,,-23.6764,-0.0482,-11.8339,-0.0034,0.0000,-13.0000,,,,CHO,-0.6391,-12.8331,-0.5394,-12.8331,0.0000,0.0000,-0.000,0.000,0.7619,0.0,,,,,,BAN,0,,0
51.8671,1790253305.812088,0.0203,0,,,0.000,,,-23.6764,-0.0482,-11.8339,-0.0034,0.0000,-13.0000,,,,CHO,-0.6391,-12.8331,-0.5394,-12.8331,0.0000,0.0000,-0.000,0.000,0.7619,0.0,,,,,,BAN,0,,0
51.8876,1790253305.832592,0.0205,0,,,0.000,,,-23.6764,-0.0482,-11.8339,-0.0034,0.0000,-13.0000,,,,CHO,-0.6391,-12.8331,-0.5394,-12.8331,0.0000,0.0000,-0.000,0.000,0.7619,0.0,,,,,,BAN,0,,0
51.9078,1790253305.852836,0.0202,0,,,0.000,,,-23.6764,-0.0482,-11.8339,-0.0034,0.0000,-13.0000,,,,CHO,-0.6391,-12.8331,-0.5394,-12.8331,0.0000,0.0000,-0.000,0.000,0.7619,0.0,,,,,,BAN,0,,0
51.9279,1790253305.872932,0.0201,0,,,0.000,,,-23.6764,-0.0482,-11.8339,-0.0034,0.0000,-13.0000,,,,CHO,-0.6391,-12.8331,-0.5394,-12.8331,0.0000,0.0000,-0.000,0.000,0.7619,0.0,,,,,,BAN,0,,0
51.9480,1790253305.892906,0.0201,0,,,0.000,,,-23.6764,-0.0482,-11.8339,-0.0034,0.0000,-13.0000,,,,CHO,-0.6391,-12.8331,-0.5394,-12.8331,0.0000,0.0000,-0.000,0.000,0.7619,0.0,,,,,,BAN,0,,0
51.9682,1790253305.913276,0.0202,0,,,0.000,,,-23.6764,-0.0482,-11.8339,-0.0034,0.0000,-13.0000,,,,CHO,-0.6391,-12.8331,-0.5394,-12.8331,0.0000,0.0000,-0.000,0.000,0.7619,0.0,,,,,,BAN,0,,0
51.9888,1790253305.933819,0.0206,0,,,0.000,,,-23.6764,-0.0482,-11.8339,-0.0034,0.0000,-13.0000,,,,CHO,-0.6391,-12.8331,-0.5394,-12.8331,0.0000,0.0000,-0.000,0.000,0.7619,0.0,,,,,,BAN,0,,0
52.0093,1790253305.954391,0.0205,0,,,0.000,,,-23.6764,-0.0482,-11.8339,-0.0034,0.0000,-13.0000,,,,CHO,-0.6391,-12.8331,-0.5394,-12.8331,0.0000,0.0000,-0.000,0.000,0.7619,0.0,,,,,,BAN,0,,0
52.0294,1790253305.974504,0.0201,0,,,0.000,,,-23.6764,-0.0482,-11.8339,-0.0034,0.0000,-13.0000,,,,CHO,-0.6391,-12.8331,-0.5394,-12.8331,0.0000,0.0000,-0.000,0.000,0.7619,0.0,,,,,,BAN,0,,0
52.0497,1790253305.994646,0.0202,0,,,0.000,,,-23.6764,-0.0482,-11.8339,-0.0034,0.0000,-13.0000,,,,CHO,-0.6391,-12.8331,-0.5394,-12.8331,0.0000,0.0000,-0.000,0.000,0.7619,0.0,,,,,,BAN,0,,0
52.0702,1790253306.015315,0.0206,0,,,0.000,,,-23.6764,-0.0482,-11.8339,-0.0034,0.0000,-13.0000,,,,CHO,-0.6391,-12.8331,-0.5394,-12.8331,0.0000,0.0000,-0.000,0.000,0.7619,0.0,,,,,,BAN,0,,0
52.0912,1790253306.036040,0.0209,0,,,0.000,,,-23.6764,-0.0482,-11.8339,-0.0034,0.0000,-13.0000,,,,CHO,-0.6391,-12.8331,-0.5394,-12.8331,0.0000,0.0000,-0.000,0.000,0.7619,0.0,,,,,,BAN,0,,0
52.1116,1790253306.056577,0.0205,0,,,0.000,,,-23.6764,-0.0482,-11.8339,-0.0034,0.0000,-13.0000,,,,CHO,-0.6391,-12.8331,-0.5394,-12.8331,0.0000,0.0000,-0.000,0.000,0.7619,0.0,,,,,,BAN,0,,0
52.1321,1790253306.076914,0.0205,0,,,0.000,,,-23.6764,-0.0482,-11.8339,-0.0034,0.0000,-13.0000,,,,CHO,-0.6391,-12.8331,-0.5394,-12.8331,0.0000,0.0000,-0.000,0.000,0.7619,0.0,,,,,,BAN,0,,0
52.1526,1790253306.097701,0.0206,0,,,0.000,,,-23.6764,-0.0482,-11.8339,-0.0034,0.0000,-13.0000,,,,CHO,-0.6391,-12.8331,-0.5394,-12.8331,0.0000,0.0000,-0.000,0.000,0.7619,0.0,,,,,,BAN,0,,0
52.1730,1790253306.118043,0.0203,0,,,0.000,,,-23.6764,-0.0482,-11.8339,-0.0034,0.0000,-13.0000,,,,CHO,-0.6391,-12.8331,-0.5394,-12.8331,0.0000,0.0000,-0.000,0.000,0.7619,0.0,,,,,,BAN,0,,0
52.1931,1790253306.138021,0.0202,0,,,0.000,,,-23.6764,-0.0482,-11.8339,-0.0034,0.0000,-13.0000,,,,CHO,-0.6391,-12.8331,-0.5394,-12.8331,0.0000,0.0000,-0.000,0.000,0.7619,0.0,,,,,,BAN,0,,0
52.2141,1790253306.159119,0.0210,0,,,0.000,,,-23.6764,-0.0482,-11.8339,-0.0034,0.0000,-13.0000,,,,CHO,-0.6391,-12.8331,-0.5394,-12.8331,0.0000,0.0000,-0.000,0.000,0.7619,0.0,,,,,,BAN,0,,0
52.2346,1790253306.179643,0.0205,0,,,0.000,,,-23.6764,-0.0482,-11.8339,-0.0034,0.0000,-13.0000,,,,CHO,-0.6391,-12.8331,-0.5394,-12.8331,0.0000,0.0000,-0.000,0.000,0.7619,0.0,,,,,,BAN,0,,0
52.2548,1790253306.199826,0.0201,0,,,0.000,,,-23.6764,-0.0482,-11.8339,-0.0034,0.0000,-13.0000,,,,CHO,-0.6391,-12.8331,-0.5394,-12.8331,0.0000,0.0000,-0.000,0.000,0.7619,0.0,,,,,,BAN,0,,0
52.2748,1790253306.219800,0.0200,0,,,0.000,,,-23.6764,-0.0482,-11.8339,-0.0034,0.0000,-13.0000,,,,CHO,-0.6391,-12.8331,-0.5394,-12.8331,0.0000,0.0000,-0.000,0.000,0.7619,0.0,,,,,,BAN,0,,0
52.2950,1790253306.239939,0.0202,0,,,0.000,,,-23.6764,-0.0482,-11.8339,-0.0034,0.0000,-13.0000,,,,CHO,-0.6391,-12.8331,-0.5394,-12.8331,0.0000,0.0000,-0.000,0.000,0.7619,0.0,,,,,,BAN,0,,0
52.3154,1790253306.260295,0.0204,0,,,0.000,,,-23.6764,-0.0482,-11.8339,-0.0034,0.0000,-13.0000,,,,CHO,-0.6391,-12.8331,-0.5394,-12.8331,0.0000,0.0000,-0.000,0.000,0.7619,0.0,,,,,,BAN,0,,0
52.3359,1790253306.280909,0.0205,0,,,0.000,,,-23.6764,-0.0482,-11.8339,-0.0034,0.0000,-13.0000,,,,CHO,-0.6391,-12.8331,-0.5394,-12.8331,0.0000,0.0000,-0.000,0.000,0.7619,0.0,,,,,,BAN,0,,0
52.3563,1790253306.301384,0.0204,0,,,0.000,,,-23.6764,-0.0482,-11.8339,-0.0034,0.0000,-13.0000,,,,CHO,-0.6391,-12.8331,-0.5394,-12.8331,0.0000,0.0000,-0.000,0.000,0.7619,0.0,,,,,,BAN,0,,0
52.3765,1790253306.321514,0.0202,0,,,0.000,,,-23.6764,-0.0482,-11.8339,-0.0034,0.0000,-13.0000,,,,CHO,-0.6391,-12.8331,-0.5394,-12.8331,0.0000,0.0000,-0.000,0.000,0.7619,0.0,,,,,,BAN,0,,0
52.3969,1790253306.341936,0.0204,0,,,0.000,,,-23.6764,-0.0482,-11.8339,-0.0034,0.0000,-13.0000,,,,CHO,-0.6391,-12.8331,-0.5394,-12.8331,0.0000,0.0000,-0.000,0.000,0.7619,0.0,,,,,,BAN,0,,0
52.4172,1790253306.362242,0.0203,0,,,0.000,,,-23.6764,-0.0482,-11.8339,-0.0034,0.0000,-13.0000,,,,CHO,-0.6391,-12.8331,-0.5394,-12.8331,0.0000,0.0000,-0.000,0.000,0.7619,0.0,,,,,,BAN,0,,0
52.4376,1790253306.382654,0.0204,0,,,0.000,,,-23.6764,-0.0482,-11.8339,-0.0034,0.0000,-13.0000,,,,CHO,-0.6391,-12.8331,-0.5394,-12.8331,0.0000,0.0000,-0.000,0.000,0.7619,0.0,,,,,,BAN,0,,0
52.4578,1790253306.402864,0.0202,0,,,0.000,,,-23.6764,-0.0482,-11.8339,-0.0034,0.0000,-13.0000,,,,CHO,-0.6391,-12.8331,-0.5394,-12.8331,0.0000,0.0000,-0.000,0.000,0.7619,0.0,,,,,,BAN,0,,0
52.4778,1790253306.422827,0.0200,0,,,0.000,,,-23.6764,-0.0482,-11.8339,-0.0034,0.0000,-13.0000,,,,CHO,-0.6391,-12.8331,-0.5394,-12.8331,0.0000,0.0000,-0.000,0.000,0.7619,0.0,,,,,,BAN,0,,0
52.4981,1790253306.443056,0.0202,0,,,0.000,,,-23.6764,-0.0482,-11.8339,-0.0034,0.0000,-13.0000,,,,CHO,-0.6391,-12.8331,-0.5394,-12.8331,0.0000,0.0000,-0.000,0.000,0.7619,0.0,,,,,,BAN,0,,0
52.5184,1790253306.463344,0.0204,0,,,0.000,,,-23.6764,-0.0482,-11.8339,-0.0034,0.0000,-13.0000,,,,CHO,-0.6391,-12.8331,-0.5394,-12.8331,0.0000,0.0000,-0.000,0.000,0.7619,0.0,,,,,,BAN,0,,0
52.5390,1790253306.483930,0.0205,0,,,0.000,,,-23.6764,-0.0482,-11.8339,-0.0034,0.0000,-13.0000,,,,CHO,-0.6391,-12.8331,-0.5394,-12.8331,0.0000,0.0000,-0.000,0.000,0.7619,0.0,,,,,,BAN,0,,0
52.5591,1790253306.504165,0.0202,0,,,0.000,,,-23.6764,-0.0482,-11.8339,-0.0034,0.0000,-13.0000,,,,CHO,-0.6391,-12.8331,-0.5394,-12.8331,0.0000,0.0000,-0.000,0.000,0.7619,0.0,,,,,,BAN,0,,0
52.5792,1790253306.524265,0.0201,0,,,0.000,,,-23.6764,-0.0482,-11.8339,-0.0034,0.0000,-13.0000,,,,CHO,-0.6391,-12.8331,-0.5394,-12.8331,0.0000,0.0000,-0.000,0.000,0.7619,0.0,,,,,,BAN,0,,0
52.5995,1790253306.544496,0.0202,0,,,0.000,,,-23.6764,-0.0482,-11.8339,-0.0034,0.0000,-13.0000,,,,CHO,-0.6391,-12.8331,-0.5394,-12.8331,0.0000,0.0000,-0.000,0.000,0.7619,0.0,,,,,,BAN,0,,0
52.6198,1790253306.564907,0.0204,0,,,0.000,,,-23.6764,-0.0482,-11.8339,-0.0034,0.0000,-13.0000,,,,CHO,-0.6391,-12.8331,-0.5394,-12.8331,0.0000,0.0000,-0.000,0.000,0.7619,0.0,,,,,,BAN,0,,0
52.6402,1790253306.585197,0.0204,0,,,0.000,,,-23.6764,-0.0482,-11.8339,-0.0034,0.0000,-13.0000,,,,CHO,-0.6391,-12.8331,-0.5394,-12.8331,0.0000,0.0000,-0.000,0.000,0.7619,0.0,,,,,,BAN,0,,0
52.6608,1790253306.605762,0.0205,0,,,0.000,,,-23.6764,-0.0482,-11.8339,-0.0034,0.0000,-13.0000,,,,CHO,-0.6391,-12.8331,-0.5394,-12.8331,0.0000,0.0000,-0.000,0.000,0.7619,0.0,,,,,,BAN,0,,0
52.6813,1790253306.626314,0.0206,0,,,0.000,,,-23.6764,-0.0482,-11.8339,-0.0034,0.0000,-13.0000,,,,CHO,-0.6391,-12.8331,-0.5394,-12.8331,0.0000,0.0000,-0.000,0.000,0.7619,0.0,,,,,,BAN,0,,0
52.7018,1790253306.646844,0.0205,0,,,0.000,,,-23.6764,-0.0482,-11.8339,-0.0034,0.0000,-13.0000,,,,CHO,-0.6391,-12.8331,-0.5394,-12.8331,0.0000,0.0000,-0.000,0.000,0.7619,0.0,,,,,,BAN,0,,0
52.7222,1790253306.667150,0.0204,0,,,0.000,,,-23.6764,-0.0482,-11.8339,-0.0034,0.0000,-13.0000,,,,CHO,-0.6391,-12.8331,-0.5394,-12.8331,0.0000,0.0000,-0.000,0.000,0.7619,0.0,,,,,,BAN,0,,0
52.7423,1790253306.687185,0.0201,0,,,0.000,,,-23.6764,-0.0482,-11.8339,-0.0034,0.0000,-13.0000,,,,CHO,-0.6391,-12.8331,-0.5394,-12.8331,0.0000,0.0000,-0.000,0.000,0.7619,0.0,,,,,,BAN,0,,0
52.7624,1790253306.707439,0.0201,0,,,0.000,,,-23.6764,-0.0482,-11.8339,-0.0034,0.0000,-13.0000,,,,CHO,-0.6391,-12.8331,-0.5394,-12.8331,0.0000,0.0000,-0.000,0.000,0.7619,0.0,,,,,,BAN,0,,0
52.7826,1790253306.727655,0.0202,0,,,0.000,,,-23.6764,-0.0482,-11.8339,-0.0034,0.0000,-13.0000,,,,CHO,-0.6391,-12.8331,-0.5394,-12.8331,0.0000,0.0000,-0.000,0.000,0.7619,0.0,,,,,,BAN,0,,0
52.8026,1790253306.747605,0.0200,0,,,0.000,,,-23.6764,-0.0482,-11.8339,-0.0034,0.0000,-13.0000,,,,CHO,-0.6391,-12.8331,-0.5394,-12.8331,0.0000,0.0000,-0.000,0.000,0.7619,0.0,,,,,,BAN,0,,0
52.8228,1790253306.767710,0.0202,0,,,0.000,,,-23.6764,-0.0482,-11.8339,-0.0034,0.0000,-13.0000,,,,CHO,-0.6391,-12.8331,-0.5394,-12.8331,0.0000,0.0000,-0.000,0.000,0.7619,0.0,,,,,,BAN,0,,0
52.8429,1790253306.787989,0.0201,0,,,0.000,,,-23.6764,-0.0482,-11.8339,-0.0034,0.0000,-13.0000,,,,CHO,-0.6391,-12.8331,-0.5394,-12.8331,0.0000,0.0000,-0.000,0.000,0.7619,0.0,,,,,,BAN,0,,0
52.8630,1790253306.807868,0.0200,0,,,0.000,,,-23.6764,-0.0482,-11.8339,-0.0034,0.0000,-13.0000,,,,CHO,-0.6391,-12.8331,-0.5394,-12.8331,0.0000,0.0000,-0.000,0.000,0.7619,0.0,,,,,,BAN,0,,0
52.8835,1790253306.828587,0.0205,0,,,0.000,,,-23.6764,-0.0482,-11.8339,-0.0034,0.0000,-13.0000,,,,CHO,-0.6391,-12.8331,-0.5394,-12.8331,0.0000,0.0000,-0.000,0.000,0.7619,0.0,,,,,,BAN,0,,0
52.9043,1790253306.849354,0.0208,0,,,0.000,,,-23.6764,-0.0482,-11.8339,-0.0034,0.0000,-13.0000,,,,CHO,-0.6391,-12.8331,-0.5394,-12.8331,0.0000,0.0000,-0.000,0.000,0.7619,0.0,,,,,,BAN,0,,0
52.9244,1790253306.869293,0.0200,0,,,0.000,,,-23.6764,-0.0482,-11.8339,-0.0034,0.0000,-13.0000,,,,CHO,-0.6391,-12.8331,-0.5394,-12.8331,0.0000,0.0000,-0.000,0.000,0.7619,0.0,,,,,,BAN,0,,0
52.9446,1790253306.889575,0.0202,0,,,0.000,,,-23.6764,-0.0482,-11.8339,-0.0034,0.0000,-13.0000,,,,CHO,-0.6391,-12.8331,-0.5394,-12.8331,0.0000,0.0000,-0.000,0.000,0.7619,0.0,,,,,,BAN,0,,0
52.9651,1790253306.909933,0.0205,0,,,0.000,,,-23.6764,-0.0482,-11.8339,-0.0034,0.0000,-13.0000,,,,CHO,-0.6391,-12.8331,-0.5394,-12.8331,0.0000,0.0000,-0.000,0.000,0.7619,0.0,,,,,,BAN,0,,0
52.9853,1790253306.930215,0.0203,0,,,0.000,,,-23.6764,-0.0482,-11.8339,-0.0034,0.0000,-13.0000,,,,CHO,-0.6391,-12.8331,-0.5394,-12.8331,0.0000,0.0000,-0.000,0.000,0.7619,0.0,,,,,,BAN,0,,0
53.0058,1790253306.950875,0.0204,0,,,0.000,,,-23.6764,-0.0482,-11.8339,-0.0034,0.0000,-13.0000,,,,CHO,-0.6391,-12.8331,-0.5394,-12.8331,0.0000,0.0000,-0.000,0.000,0.7619,0.0,,,,,,BAN,0,,0
53.0261,1790253306.971183,0.0203,0,,,0.000,,,-23.6764,-0.0482,-11.8339,-0.0034,0.0000,-13.0000,,,,CHO,-0.6391,-12.8331,-0.5394,-12.8331,0.0000,0.0000,-0.000,0.000,0.7619,0.0,,,,,,BAN,0,,0
53.0462,1790253306.991168,0.0201,0,,,0.000,,,-23.6764,-0.0482,-11.8339,-0.0034,0.0000,-13.0000,,,,CHO,-0.6391,-12.8331,-0.5394,-12.8331,0.0000,0.0000,-0.000,0.000,0.7619,0.0,,,,,,BAN,0,,0
53.0664,1790253307.011474,0.0202,0,,,0.000,,,-23.6764,-0.0482,-11.8339,-0.0034,0.0000,-13.0000,,,,CHO,-0.6391,-12.8331,-0.5394,-12.8331,0.0000,0.0000,-0.000,0.000,0.7619,0.0,,,,,,BAN,0,,0
53.0872,1790253307.032252,0.0208,0,,,0.000,,,-23.6764,-0.0482,-11.8339,-0.0034,0.0000,-13.0000,,,,CHO,-0.6391,-12.8331,-0.5394,-12.8331,0.0000,0.0000,-0.000,0.000,0.7619,0.0,,,,,,BAN,0,,0
53.1076,1790253307.052549,0.0203,0,,,0.000,,,-23.6764,-0.0482,-11.8339,-0.0034,0.0000,-13.0000,,,,CHO,-0.6391,-12.8331,-0.5394,-12.8331,0.0000,0.0000,-0.000,0.000,0.7619,0.0,,,,,,BAN,0,,0
53.1277,1790253307.072726,0.0201,0,,,0.000,,,-23.6764,-0.0482,-11.8339,-0.0034,0.0000,-13.0000,,,,CHO,-0.6391,-12.8331,-0.5394,-12.8331,0.0000,0.0000,-0.000,0.000,0.7619,0.0,,,,,,BAN,0,,0
53.1481,1790253307.093219,0.0205,0,,,0.000,,,-23.6764,-0.0482,-11.8339,-0.0034,0.0000,-13.0000,,,,CHO,-0.6391,-12.8331,-0.5394,-12.8331,0.0000,0.0000,-0.000,0.000,0.7619,0.0,,,,,,BAN,0,,0
53.1683,1790253307.113344,0.0202,0,,,0.000,,,-23.6764,-0.0482,-11.8339,-0.0034,0.0000,-13.0000,,,,CHO,-0.6391,-12.8331,-0.5394,-12.8331,0.0000,0.0000,-0.000,0.000,0.7619,0.0,,,,,,BAN,0,,0
53.1888,1790253307.133898,0.0205,0,,,0.000,,,-23.6764,-0.0482,-11.8339,-0.0034,0.0000,-13.0000,,,,CHO,-0.6391,-12.8331,-0.5394,-12.8331,0.0000,0.0000,-0.000,0.000,0.7619,0.0,,,,,,BAN,0,,0
53.2094,1790253307.154407,0.0205,0,,,0.000,,,-23.6764,-0.0482,-11.8339,-0.0034,0.0000,-13.0000,,,,CHO,-0.6391,-12.8331,-0.5394,-12.8331,0.0000,0.0000,-0.000,0.000,0.7619,0.0,,,,,,BAN,0,,0
53.2299,1790253307.174922,0.0205,0,,,0.000,,,-23.6764,-0.0482,-11.8339,-0.0034,0.0000,-13.0000,,,,CHO,-0.6391,-12.8331,-0.5394,-12.8331,0.0000,0.0000,-0.000,0.000,0.7619,0.0,,,,,,BAN,0,,0
53.2504,1790253307.195421,0.0205,0,,,0.000,,,-23.6764,-0.0482,-11.8339,-0.0034,0.0000,-13.0000,,,,CHO,-0.6391,-12.8331,-0.5394,-12.8331,0.0000,0.0000,-0.000,0.000,0.7619,0.0,,,,,,BAN,0,,0
53.2706,1790253307.215727,0.0203,0,,,0.000,,,-23.6764,-0.0482,-11.8339,-0.0034,0.0000,-13.0000,,,,CHO,-0.6391,-12.8331,-0.5394,-12.8331,0.0000,0.0000,-0.000,0.000,0.7619,0.0,,,,,,BAN,0,,0
53.2912,1790253307.236205,0.0205,0,,,0.000,,,-23.6764,-0.0482,-11.8339,-0.0034,0.0000,-13.0000,,,,CHO,-0.6391,-12.8331,-0.5394,-12.8331,0.0000,0.0000,-0.000,0.000,0.7619,0.0,,,,,,BAN,0,,0
53.3115,1790253307.256538,0.0203,0,,,0.000,,,-23.6764,-0.0482,-11.8339,-0.0034,0.0000,-13.0000,,,,CHO,-0.6391,-12.8331,-0.5394,-12.8331,0.0000,0.0000,-0.000,0.000,0.7619,0.0,,,,,,BAN,0,,0
53.3316,1790253307.276727,0.0202,0,,,0.000,,,-23.6764,-0.0482,-11.8339,-0.0034,0.0000,-13.0000,,,,CHO,-0.6391,-12.8331,-0.5394,-12.8331,0.0000,0.0000,-0.000,0.000,0.7619,0.0,,,,,,BAN,0,,0
53.3520,1790253307.297070,0.0203,0,,,0.000,,,-23.6764,-0.0482,-11.8339,-0.0034,0.0000,-13.0000,,,,CHO,-0.6391,-12.8331,-0.5394,-12.8331,0.0000,0.0000,-0.000,0.000,0.7619,0.0,,,,,,BAN,0,,0
53.3726,1790253307.317590,0.0206,0,,,0.000,,,-23.6764,-0.0482,-11.8339,-0.0034,0.0000,-13.0000,,,,CHO,-0.6391,-12.8331,-0.5394,-12.8331,0.0000,0.0000,-0.000,0.000,0.7619,0.0,,,,,,BAN,0,,0
53.3931,1790253307.338073,0.0206,0,,,0.000,,,-23.6764,-0.0482,-11.8339,-0.0034,0.0000,-13.0000,,,,CHO,-0.6391,-12.8331,-0.5394,-12.8331,0.0000,0.0000,-0.000,0.000,0.7619,0.0,,,,,,BAN,0,,0
53.4136,1790253307.358628,0.0205,0,,,0.000,,,-23.6764,-0.0482,-11.8339,-0.0034,0.0000,-13.0000,,,,CHO,-0.6391,-12.8331,-0.5394,-12.8331,0.0000,0.0000,-0.000,0.000,0.7619,0.0,,,,,,BAN,0,,0
53.4340,1790253307.379071,0.0204,0,,,0.000,,,-23.6764,-0.0482,-11.8339,-0.0034,0.0000,-13.0000,,,,CHO,-0.6391,-12.8331,-0.5394,-12.8331,0.0000,0.0000,-0.000,0.000,0.7619,0.0,,,,,,BAN,0,,0
53.4543,1790253307.399278,0.0202,0,,,0.000,,,-23.6764,-0.0482,-11.8339,-0.0034,0.0000,-13.0000,,,,CHO,-0.6391,-12.8331,-0.5394,-12.8331,0.0000,0.0000,-0.000,0.000,0.7619,0.0,,,,,,BAN,0,,0
53.4750,1790253307.419987,0.0207,0,,,0.000,,,-23.6764,-0.0482,-11.8339,-0.0034,0.0000,-13.0000,,,,CHO,-0.6391,-12.8331,-0.5394,-12.8331,0.0000,0.0000,-0.000,0.000,0.7619,0.0,,,,,,BAN,0,,0
53.4955,1790253307.440529,0.0205,0,,,0.000,,,-23.6764,-0.0482,-11.8339,-0.0034,0.0000,-13.0000,,,,CHO,-0.6391,-12.8331,-0.5394,-12.8331,0.0000,0.0000,-0.000,0.000,0.7619,0.0,,,,,,BAN,0,,0
53.5156,1790253307.460398,0.0201,0,,,0.000,,,-23.6764,-0.0482,-11.8339,-0.0034,0.0000,-13.0000,,,,CHO,-0.6391,-12.8331,-0.5394,-12.8331,0.0000,0.0000,-0.000,0.000,0.7619,0.0,,,,,,BAN,0,,0
53.5360,1790253307.481064,0.0205,0,,,0.000,,,-23.6764,-0.0482,-11.8339,-0.0034,0.0000,-13.0000,,,,CHO,-0.6391,-12.8331,-0.5394,-12.8331,0.0000,0.0000,-0.000,0.000,0.7619,0.0,,,,,,BAN,0,,0
53.5565,1790253307.501473,0.0204,0,,,0.000,,,-23.6764,-0.0482,-11.8339,-0.0034,0.0000,-13.0000,,,,CHO,-0.6391,-12.8331,-0.5394,-12.8331,0.0000,0.0000,-0.000,0.000,0.7619,0.0,,,,,,BAN,0,,0
53.5768,1790253307.521749,0.0203,0,,,0.000,,,-23.6764,-0.0482,-11.8339,-0.0034,0.0000,-13.0000,,,,CHO,-0.6391,-12.8331,-0.5394,-12.8331,0.0000,0.0000,-0.000,0.000,0.7619,0.0,,,,,,BAN,0,,0
53.5969,1790253307.541922,0.0201,0,,,0.000,,,-23.6764,-0.0482,-11.8339,-0.0034,0.0000,-13.0000,,,,CHO,-0.6391,-12.8331,-0.5394,-12.8331,0.0000,0.0000,-0.000,0.000,0.7619,0.0,,,,,,BAN,0,,0
53.6174,1790253307.562429,0.0205,0,,,0.000,,,-23.6764,-0.0482,-11.8339,-0.0034,0.0000,-13.0000,,,,CHO,-0.6391,-12.8331,-0.5394,-12.8331,0.0000,0.0000,-0.000,0.000,0.7619,0.0,,,,,,BAN,0,,0
53.6387,1790253307.583698,0.0213,0,,,0.000,,,-23.6764,-0.0482,-11.8339,-0.0034,0.0000,-13.0000,,,,CHO,-0.6391,-12.8331,-0.5394,-12.8331,0.0000,0.0000,-0.000,0.000,0.7619,0.0,,,,,,BAN,0,,0
53.6588,1790253307.603682,0.0201,0,,,0.000,,,-23.6764,-0.0482,-11.8339,-0.0034,0.0000,-13.0000,,,,CHO,-0.6391,-12.8331,-0.5394,-12.8331,0.0000,0.0000,-0.000,0.000,0.7619,0.0,,,,,,BAN,0,,0
53.6795,1790253307.624557,0.0207,0,,,0.000,,,-23.6764,-0.0482,-11.8339,-0.0034,0.0000,-13.0000,,,,CHO,-0.6391,-12.8331,-0.5394,-12.8331,0.0000,0.0000,-0.000,0.000,0.7619,0.0,,,,,,BAN,0,,0
53.7004,1790253307.645364,0.0209,0,,,0.000,,,-23.6764,-0.0482,-11.8339,-0.0034,0.0000,-13.0000,,,,CHO,-0.6391,-12.8331,-0.5394,-12.8331,0.0000,0.0000,-0.000,0.000,0.7619,0.0,,,,,,BAN,0,,0
53.7210,1790253307.665990,0.0205,0,,,0.000,,,-23.6764,-0.0482,-11.8339,-0.0034,0.0000,-13.0000,,,,CHO,-0.6391,-12.8331,-0.5394,-12.8331,0.0000,0.0000,-0.000,0.000,0.7619,0.0,,,,,,BAN,0,,0
53.7417,1790253307.686702,0.0207,0,,,0.000,,,-23.6764,-0.0482,-11.8339,-0.0034,0.0000,-13.0000,,,,CHO,-0.6391,-12.8331,-0.5394,-12.8331,0.0000,0.0000,-0.000,0.000,0.7619,0.0,,,,,,BAN,0,,0
53.7618,1790253307.706816,0.0201,0,,,0.000,,,-23.6764,-0.0482,-11.8339,-0.0034,0.0000,-13.0000,,,,CHO,-0.6391,-12.8331,-0.5394,-12.8331,0.0000,0.0000,-0.000,0.000,0.7619,0.0,,,,,,BAN,0,,0
53.7824,1790253307.727494,0.0206,0,,,0.000,,,-23.6764,-0.0482,-11.8339,-0.0034,0.0000,-13.0000,,,,CHO,-0.6391,-12.8331,-0.5394,-12.8331,0.0000,0.0000,-0.000,0.000,0.7619,0.0,,,,,,BAN,0,,0
53.8028,1790253307.747785,0.0204,0,,,0.000,,,-23.6764,-0.0482,-11.8339,-0.0034,0.0000,-13.0000,,,,CHO,-0.6391,-12.8331,-0.5394,-12.8331,0.0000,0.0000,-0.000,0.000,0.7619,0.0,,,,,,BAN,0,,0
53.8234,1790253307.768307,0.0206,0,,,0.000,,,-23.6764,-0.0482,-11.8339,-0.0034,0.0000,-13.0000,,,,CHO,-0.6391,-12.8331,-0.5394,-12.8331,0.0000,0.0000,-0.000,0.000,0.7619,0.0,,,,,,BAN,0,,0
53.8438,1790253307.788713,0.0204,0,,,0.000,,,-23.6764,-0.0482,-11.8339,-0.0034,0.0000,-13.0000,,,,CHO,-0.6391,-12.8331,-0.5394,-12.8331,0.0000,0.0000,-0.000,0.000,0.7619,0.0,,,,,,BAN,0,,0
53.8640,1790253307.808790,0.0202,0,,,0.000,,,-23.6764,-0.0482,-11.8339,-0.0034,0.0000,-13.0000,,,,CHO,-0.6391,-12.8331,-0.5394,-12.8331,0.0000,0.0000,-0.000,0.000,0.7619,0.0,,,,,,BAN,0,,0
53.8841,1790253307.829097,0.0202,0,,,0.000,,,-23.6764,-0.0482,-11.8339,-0.0034,0.0000,-13.0000,,,,CHO,-0.6391,-12.8331,-0.5394,-12.8331,0.0000,0.0000,-0.000,0.000,0.7619,0.0,,,,,,BAN,0,,0
53.9044,1790253307.849352,0.0203,0,,,0.000,,,-23.6764,-0.0482,-11.8339,-0.0034,0.0000,-13.0000,,,,CHO,-0.6391,-12.8331,-0.5394,-12.8331,0.0000,0.0000,-0.000,0.000,0.7619,0.0,,,,,,BAN,0,,0
