t,epoch_s,dt,co_do,u,v,conf,theta_m,phi_m,theta_hat,dtheta_hat,phi_hat,dphi_hat,theta_du_doan,phi_du_doan,ld_huong,ld_cu_ly,ld_toc_do,trang_thai,theta_s,phi_s,theta_cmd,phi_cmd,e_theta,e_phi,u_theta,u_phi,nis,t_inf,e_px,ld_id,iff_ket,iff_ly_do,iff_ms,the_che_do,luot,nhan,dang_do
0.0208,1790258633.116406,0.0208,0,,,0.000,,,0.0000,0.0000,0.0000,0.0000,0.0000,-13.0000,,,,CHO,0.0000,0.0000,0.0000,-0.1737,0.0000,-13.0000,0.000,-8.336,,0.0,,,,,,,0,,0
0.0410,1790258633.135561,0.0201,0,,,0.000,,,0.0000,0.0000,0.0000,0.0000,0.0000,-13.0000,,,,CHO,0.0000,0.0000,0.0000,-0.5036,0.0000,-13.0000,0.000,-16.388,,0.0,,,,,,,0,,0
0.0613,1790258633.156222,0.0203,0,,,0.000,,,0.0000,0.0000,0.0000,0.0000,0.0000,-13.0000,,,,CHO,0.0000,0.0000,0.0000,-1.0009,0.0000,-13.0000,0.000,-24.506,,0.0,,,,,,,0,,0
0.0889,1790258633.183779,0.0277,0,,,0.000,,,0.0000,0.0000,0.0000,0.0000,0.0000,-13.0000,,,,CHO,0.0000,0.0000,0.0000,-1.9846,0.0000,-13.0000,0.000,-35.568,,0.0,,,,,,,0,,0
0.1213,1790258633.231390,0.0323,0,,,0.000,,,0.0000,0.0000,0.0000,0.0000,0.0000,-13.0000,,,,CHO,0.0000,0.0000,0.0000,-3.5531,0.0000,-13.0000,0.000,-48.504,,0.0,,,,,,,0,,0
0.1520,1790258633.265507,0.0307,0,,,0.000,,,0.0000,0.0000,0.0000,0.0000,0.0000,-13.0000,,,,CHO,0.0000,-0.0705,0.0000,-5.4207,0.0000,-12.9295,0.000,-60.792,,0.0,,,,,,,0,,0
0.1726,1790258633.267898,0.0206,0,,,0.000,,,0.0000,0.0000,0.0000,0.0000,0.0000,-13.0000,,,,CHO,0.0000,-0.2064,0.0000,-6.7302,0.0000,-12.7936,0.000,-63.651,,0.0,,,,,,,0,,0
0.1946,1790258633.288482,0.0221,0,,,0.000,,,0.0000,0.0000,0.0000,0.0000,0.0000,-13.0000,,,,CHO,0.0000,-0.4677,0.0000,-8.0973,0.0000,-12.5323,0.000,-61.982,,0.0,,,,,,,0,,0
0.2295,1790258633.324755,0.0349,0,,,0.000,,,0.0000,0.0000,0.0000,0.0000,0.0000,-13.0000,,,,CHO,0.0000,-1.1306,0.0000,-10.1204,0.0000,-11.8694,0.000,-57.922,,0.0,,,,,,,0,,0
0.2557,1790258633.351372,0.0262,0,,,0.000,,,0.0000,0.0000,0.0000,0.0000,0.0000,-13.0000,,,,CHO,0.0000,-2.0214,0.0000,-11.4925,0.0000,-10.9786,0.000,-52.431,,0.0,,,,,,,0,,0
0.2757,1790258633.370651,0.0200,0,,,0.000,,,0.0000,0.0000,0.0000,0.0000,0.0000,-13.0000,,,,CHO,0.0000,-3.0679,0.0000,-12.4123,0.0000,-9.9321,0.000,-45.956,,0.0,,,,,,,0,,0
0.2959,1790258633.390356,0.0202,0,,,0.000,,,0.0000,0.0000,0.0000,0.0000,0.0000,-13.0000,,,,CHO,0.0000,-4.2009,0.0000,-13.2024,0.0000,-8.7991,0.000,-39.193,,0.0,,,,,,,0,,0
0.3183,1790258633.412814,0.0224,0,,,0.000,,,0.0000,0.0000,0.0000,0.0000,0.0000,-13.0000,,,,CHO,0.0000,-5.4974,0.0000,-13.9146,0.0000,-7.5026,0.000,-31.738,,0.0,,,,,,,0,,0
0.3388,1790258633.433789,0.0205,0,,,0.000,,,0.0000,0.0000,0.0000,0.0000,0.0000,-13.0000,,,,CHO,0.0000,-6.3117,0.0000,-14.4816,0.0000,-6.6883,0.000,-27.624,,0.0,,,,,,,0,,0
0.3593,1790258633.454173,0.0204,0,,,0.000,,,0.0000,0.0000,0.0000,0.0000,0.0000,-13.0000,,,,CHO,0.0000,-7.5005,0.0000,-14.9103,0.0000,-5.4995,0.000,-20.997,,0.0,,,,,,,0,,0
0.3798,1790258633.474802,0.0206,0,,,0.000,,,0.0000,0.0000,0.0000,0.0000,0.0000,-13.0000,,,,CHO,0.0000,-8.7520,0.0000,-15.2004,0.0000,-4.2480,0.000,-14.119,,0.0,,,,,,,0,,0
0.3998,1790258633.494340,0.0200,0,,,0.000,,,0.0000,0.0000,0.0000,0.0000,0.0000,-13.0000,,,,CHO,0.0000,-9.8795,0.0000,-15.3642,0.0000,-3.1205,0.000,-8.176,,0.0,,,,,,,0,,0
0.4216,1790258633.516125,0.0218,0,,,0.000,,,0.0000,0.0000,0.0000,0.0000,0.0000,-13.0000,,,,CHO,0.0000,-10.9624,0.0000,-15.4241,0.0000,-2.0376,0.000,-2.752,,0.0,,,,,,,0,,0
0.4432,1790258633.536558,0.0216,0,,,0.000,,,0.0000,0.0000,0.0000,0.0000,0.0000,-13.0000,,,,CHO,0.0000,-11.9185,0.0000,-15.3844,0.0000,-1.0815,0.000,1.838,,0.0,,,,,,,0,,0
0.4637,1790258633.558687,0.0206,0,,,0.000,,,0.0000,0.0000,0.0000,0.0000,0.0000,-13.0000,,,,CHO,0.0000,-12.7232,0.0000,-15.2420,0.0000,0.0000,0.000,6.919,,0.0,,,,,,,0,,0
0.4995,1790258633.603020,0.0357,0,,,0.000,,,0.0000,0.0000,0.0000,0.0000,0.0000,-13.0000,,,,CHO,0.0000,-13.8196,0.0000,-15.0236,0.0000,0.0000,0.000,6.110,,0.0,,,,,,,0,,0
0.5205,1790258633.615769,0.0210,0,,,0.000,,,0.0000,0.0000,0.0000,0.0000,0.0000,-13.0000,,,,CHO,0.0000,-14.3119,0.0000,-14.7701,0.0000,1.3119,0.000,12.045,,0.0,,,,,,,0,,0
0.5463,1790258633.647320,0.0258,0,,,0.000,,,0.0000,0.0000,0.0000,0.0000,0.0000,-13.0000,,,,CHO,0.0000,-14.6953,0.0000,-14.4334,0.0000,1.6953,0.000,13.054,,0.0,,,,,,,0,,0
0.5668,1790258633.662147,0.0205,0,,,0.000,,,0.0000,0.0000,0.0000,0.0000,0.0000,-13.0000,,,,CHO,0.0000,-14.9046,0.0000,-14.1591,0.0000,1.9046,0.000,13.384,,0.0,,,,,,,0,,0
0.5874,1790258633.682766,0.0205,0,,,0.000,,,0.0000,0.0000,0.0000,0.0000,0.0000,-13.0000,,,,CHO,0.0000,-15.0103,0.0000,-13.8882,0.0000,2.0103,0.000,13.185,,0.0,,,,,,,0,,0
0.6076,1790258633.702883,0.0202,0,,,0.000,,,0.0000,0.0000,0.0000,0.0000,0.0000,-13.0000,,,,CHO,0.0000,-15.0822,0.0000,-13.6263,0.0000,2.0822,0.000,12.939,,0.0,,,,,,,0,,0
0.6278,1790258633.722758,0.0202,0,,,0.000,,,0.0000,0.0000,0.0000,0.0000,0.0000,-13.0000,,,,CHO,0.0000,-15.0640,0.0000,-13.3792,0.0000,2.0640,0.000,12.229,,0.0,,,,,,,0,,0
0.6492,1790258633.747213,0.0214,0,,,0.000,,,0.0000,0.0000,0.0000,0.0000,0.0000,-13.0000,,,,CHO,0.0000,-14.9692,0.0000,-13.1407,0.0000,1.9692,0.000,11.129,,0.0,,,,,,,0,,0
0.6695,1790258633.764490,0.0203,0,,,0.000,,,0.0000,0.0000,0.0000,0.0000,0.0000,-13.0000,,,,CHO,0.0000,-14.8028,0.0000,-12.9438,0.0000,1.8028,0.000,9.710,,0.0,,,,,,,0,,0
0.6896,1790258633.784475,0.0201,0,,,0.000,,,0.0000,0.0000,0.0000,0.0000,0.0000,-13.0000,,,,CHO,0.0000,-14.6039,0.0000,-12.7786,0.0000,1.6039,0.000,8.211,,0.0,,,,,,,0,,0
0.7114,1790258633.804388,0.0218,0,,,0.000,,,0.0000,0.0000,0.0000,0.0000,0.0000,-13.0000,,,,CHO,0.0000,-14.3706,0.0000,-12.6350,0.0000,1.3706,0.000,6.602,,0.0,,,,,,,0,,0
0.7316,1790258633.826558,0.0202,0,,,0.000,,,0.0000,0.0000,0.0000,0.0000,0.0000,-13.0000,,,,CHO,0.0000,-14.1396,0.0000,-12.5316,0.0000,1.1396,0.000,5.107,,0.0,,,,,,,0,,0
0.7529,1790258633.847650,0.0213,0,,,0.000,,,0.0000,0.0000,0.0000,0.0000,0.0000,-13.0000,,,,CHO,0.0000,-13.8955,0.0000,-12.5500,0.0000,0.0000,0.000,-0.865,,0.0,,,,,,,0,,0
0.7738,1790258633.868238,0.0209,0,,,0.000,,,0.0000,0.0000,0.0000,0.0000,0.0000,-13.0000,,,,CHO,0.0000,-13.6565,0.0000,-12.5723,0.0000,0.0000,0.000,-1.068,,0.0,,,,,,,0,,0
0.7967,1790258633.891388,0.0230,0,,,0.000,,,0.0000,0.0000,0.0000,0.0000,0.0000,-13.0000,,,,CHO,0.0000,-13.4158,0.0000,-12.5998,0.0000,0.0000,0.000,-1.198,,0.0,,,,,,,0,,0
0.8183,1790258633.912592,0.0216,0,,,0.000,,,0.0000,0.0000,0.0000,0.0000,0.0000,-13.0000,,,,CHO,0.0000,-13.2094,0.0000,-12.6268,0.0000,0.0000,0.000,-1.256,,0.0,,,,,,,0,,0
0.8388,1790258633.933601,0.0205,0,,,0.000,,,0.0000,0.0000,0.0000,0.0000,0.0000,-13.0000,,,,CHO,0.0000,-13.0298,0.0000,-12.6528,0.0000,0.0000,0.000,-1.270,,0.0,,,,,,,0,,0
0.8590,1790258633.953985,0.0203,0,,,0.000,,,0.0000,0.0000,0.0000,0.0000,0.0000,-13.0000,,,,CHO,0.0000,-12.8752,0.0000,-12.6780,0.0000,0.0000,0.000,-1.241,,0.0,,,,,,,0,,0
0.8792,1790258633.974151,0.0202,0,,,0.000,,,0.0000,0.0000,0.0000,0.0000,0.0000,-13.0000,,,,CHO,0.0000,-12.7688,0.0000,-12.7009,0.0000,0.0000,0.000,-1.136,,0.0,,,,,,,0,,0
0.8995,1790258633.994455,0.0203,0,,,0.000,,,0.0000,0.0000,0.0000,0.0000,0.0000,-13.0000,,,,CHO,0.0000,-12.6950,0.0000,-12.7212,0.0000,0.0000,0.000,-0.998,,0.0,,,,,,,0,,0
0.9198,1790258634.014687,0.0203,0,,,0.000,,,0.0000,0.0000,0.0000,0.0000,0.0000,-13.0000,,,,CHO,0.0000,-12.6442,0.0000,-12.7385,0.0000,0.0000,0.000,-0.853,,0.0,,,,,,,0,,0
0.9402,1790258634.035151,0.0204,0,,,0.000,,,0.0000,0.0000,0.0000,0.0000,0.0000,-13.0000,,,,CHO,0.0000,-12.6091,0.0000,-12.7530,0.0000,0.0000,0.000,-0.714,,0.0,,,,,,,0,,0
0.9606,1790258634.055554,0.0204,0,,,0.000,,,0.0000,0.0000,0.0000,0.0000,0.0000,-13.0000,,,,CHO,0.0000,-12.6228,0.0000,-12.7637,0.0000,0.0000,0.000,-0.523,,0.0,,,,,,,0,,0
0.9809,1790258634.075915,0.0203,0,,,0.000,,,0.0000,0.0000,0.0000,0.0000,0.0000,-13.0000,,,,CHO,0.0000,-12.6321,0.0000,-12.7715,0.0000,0.0000,0.000,-0.384,,0.0,,,,,,,0,,0
1.0013,1790258634.096229,0.0203,0,,,0.000,,,0.0000,0.0000,0.0000,0.0000,0.0000,-13.0000,,,,CHO,0.0000,-12.6386,0.0000,-12.7773,0.0000,0.0000,0.000,-0.283,,0.0,,,,,,,0,,0
1.0216,1790258634.116412,0.0203,0,,,0.000,,,0.0000,0.0000,0.0000,0.0000,0.0000,-13.0000,,,,CHO,0.0000,-12.6430,0.0000,-12.7815,0.0000,0.0000,0.000,-0.210,,0.0,,,,,,,0,,0
1.0444,1790258634.136122,0.0229,0,,,0.000,,,0.0000,0.0000,0.0000,0.0000,0.0000,-13.0000,,,,CHO,0.0000,-12.6463,0.0000,-12.7850,0.0000,0.0000,0.000,-0.151,,0.0,,,,,,,0,,0
1.0653,1790258634.159396,0.0209,0,,,0.000,,,0.0000,0.0000,0.0000,0.0000,0.0000,-13.0000,,,,CHO,0.0000,-12.6801,0.0000,-12.7862,0.0000,0.0000,0.000,-0.057,,0.0,,,,,,,0,,0
1.0855,1790258634.180360,0.0202,0,,,0.000,,,0.0000,0.0000,0.0000,0.0000,0.0000,-13.0000,,,,CHO,0.0000,-12.7027,0.0000,-12.7863,0.0000,0.0000,0.000,-0.005,,0.0,,,,,,,0,,0
1.1057,1790258634.200258,0.0202,0,,,0.000,,,0.0000,0.0000,0.0000,0.0000,0.0000,-13.0000,,,,CHO,0.0000,-12.7183,0.0000,-12.7858,0.0000,0.0000,0.000,0.023,,0.0,,,,,,,0,,0
1.1267,1790258634.219966,0.0211,0,,,0.000,,,0.0000,0.0000,0.0000,0.0000,0.0000,-13.0000,,,,CHO,0.0000,-12.7294,0.0000,-12.7850,0.0000,0.0000,0.000,0.037,,0.0,,,,,,,0,,0
1.1469,1790258634.241528,0.0201,0,,,0.000,,,0.0000,0.0000,0.0000,0.0000,0.0000,-13.0000,,,,CHO,0.0000,-12.7367,0.0000,-12.7842,0.0000,0.0000,0.000,0.041,,0.0,,,,,,,0,,0
1.1677,1790258634.261607,0.0209,0,,,0.000,,,0.0000,0.0000,0.0000,0.0000,0.0000,-13.0000,,,,CHO,0.0000,-12.7419,0.0000,-12.7834,0.0000,0.0000,0.000,0.040,,0.0,,,,,,,0,,0
1.1885,1790258634.283173,0.0208,0,,,0.000,,,0.0000,0.0000,0.0000,0.0000,0.0000,-13.0000,,,,CHO,0.0000,-12.7454,0.0000,-12.7826,0.0000,0.0000,0.000,0.037,,0.0,,,,,,,0,,0
1.2106,1790258634.305483,0.0221,0,,,0.000,,,0.0000,0.0000,0.0000,0.0000,0.0000,-13.0000,,,,CHO,0.0000,-12.7479,0.0000,-12.7819,0.0000,0.0000,0.000,0.032,,0.0,,,,,,,0,,0
1.2321,1790258634.326981,0.0214,0,,,0.000,,,0.0000,0.0000,0.0000,0.0000,0.0000,-13.0000,,,,CHO,0.0000,-12.7496,0.0000,-12.7813,0.0000,0.0000,0.000,0.027,,0.0,,,,,,,0,,0
1.2538,1790258634.348747,0.0217,0,,,0.000,,,0.0000,0.0000,0.0000,0.0000,0.0000,-13.0000,,,,CHO,0.0000,-12.7507,0.0000,-12.7808,0.0000,0.0000,0.000,0.022,,0.0,,,,,,,0,,0
1.2960,1790258634.390433,0.0423,0,,,0.000,,,0.0000,0.0000,0.0000,0.0000,0.0000,-13.0000,,,,CHO,0.0000,-12.7518,0.0000,-12.7802,0.0000,0.0000,0.000,0.015,,0.0,,,,,,,0,,0
1.3185,1790258634.413244,0.0225,0,,,0.000,,,0.0000,0.0000,0.0000,0.0000,0.0000,-13.0000,,,,CHO,0.0000,-12.7522,0.0000,-12.7799,0.0000,0.0000,0.000,0.012,,0.0,,,,,,,0,,0
1.3423,1790258634.437286,0.0238,0,,,0.000,,,0.0000,0.0000,0.0000,0.0000,0.0000,-13.0000,,,,CHO,0.0000,-12.7525,0.0000,-12.7797,0.0000,0.0000,0.000,0.009,,0.0,,,,,,,0,,0
1.3647,1790258634.459063,0.0224,0,,,0.000,,,0.0000,0.0000,0.0000,0.0000,0.0000,-13.0000,,,,CHO,0.0000,-12.7527,0.0000,-12.7796,0.0000,0.0000,0.000,0.007,,0.0,,,,,,,0,,0
1.3875,1790258634.480288,0.0228,0,,,0.000,,,0.0000,0.0000,0.0000,0.0000,0.0000,-13.0000,,,,CHO,0.0000,-12.7528,0.0000,-12.7794,0.0000,0.0000,0.000,0.006,,0.0,,,,,,,0,,0
1.4085,1790258634.502603,0.0210,0,,,0.000,,,0.0000,0.0000,0.0000,0.0000,0.0000,-13.0000,,,,CHO,0.0000,-12.7529,0.0000,-12.7793,0.0000,0.0000,0.000,0.004,,0.0,,,,,,,0,,0
1.4290,1790258634.523448,0.0205,0,,,0.000,,,0.0000,0.0000,0.0000,0.0000,0.0000,-13.0000,,,,CHO,0.0000,-12.7529,0.0000,-12.7793,0.0000,0.0000,0.000,0.003,,0.0,,,,,,,0,,0
1.4531,1790258634.547148,0.0241,0,,,0.000,,,0.0000,0.0000,0.0000,0.0000,0.0000,-13.0000,,,,CHO,0.0000,-12.7530,0.0000,-12.7792,0.0000,0.0000,0.000,0.003,,0.0,,,,,,,0,,0
1.4840,1790258634.578796,0.0310,0,,,0.000,,,0.0000,0.0000,0.0000,0.0000,0.0000,-13.0000,,,,CHO,0.0000,-12.7530,0.0000,-12.7791,0.0000,0.0000,0.000,0.002,,0.0,,,,,,,0,,0
1.5190,1790258634.613519,0.0350,0,,,0.000,,,0.0000,0.0000,0.0000,0.0000,0.0000,-13.0000,,,,CHO,0.0000,-12.7530,0.0000,-12.7791,0.0000,0.0000,0.000,0.001,,0.0,,,,,,,0,,0
1.5602,1790258634.654334,0.0412,0,,,0.000,,,0.0000,0.0000,0.0000,0.0000,0.0000,-13.0000,,,,CHO,0.0000,-12.7530,0.0000,-12.7791,0.0000,0.0000,0.000,0.001,,0.0,,,,,,,0,,0
1.5956,1790258634.690308,0.0354,0,,,0.000,,,0.0000,0.0000,0.0000,0.0000,0.0000,-13.0000,,,,CHO,0.0000,-12.7530,0.0000,-12.7791,0.0000,0.0000,0.000,0.001,,0.0,,,,,,,0,,0
1.6572,1790258634.751949,0.0616,0,,,0.000,,,0.0000,0.0000,0.0000,0.0000,0.0000,-13.0000,,,,CHO,0.0000,-12.7530,0.0000,-12.7790,0.0000,0.0000,0.000,0.000,,0.0,,,,,,,0,,0
1.6866,1790258634.779891,0.0294,0,,,0.000,,,0.0000,0.0000,0.0000,0.0000,0.0000,-13.0000,,,,CHO,0.0000,-12.7530,0.0000,-12.7790,0.0000,0.0000,0.000,0.000,,0.0,,,,,,,0,,0
1.7069,1790258634.801930,0.0203,0,,,0.000,,,0.0000,0.0000,0.0000,0.0000,0.0000,-13.0000,,,,CHO,0.0000,-12.7530,0.0000,-12.7790,0.0000,0.0000,0.000,0.000,,0.0,,,,,,,0,,0
1.7273,1790258634.822297,0.0204,0,,,0.000,,,0.0000,0.0000,0.0000,0.0000,0.0000,-13.0000,,,,CHO,0.0000,-12.7530,0.0000,-12.7790,0.0000,0.0000,0.000,0.000,,0.0,,,,,,,0,,0
1.7475,1790258634.842355,0.0201,0,,,0.000,,,0.0000,0.0000,0.0000,0.0000,0.0000,-13.0000,,,,CHO,0.0000,-12.7530,0.0000,-12.7790,0.0000,0.0000,0.000,0.000,,0.0,,,,,,,0,,0
1.7676,1790258634.862370,0.0201,0,,,0.000,,,0.0000,0.0000,0.0000,0.0000,0.0000,-13.0000,,,,CHO,0.0000,-12.7530,0.0000,-12.7790,0.0000,0.0000,0.000,0.000,,0.0,,,,,,,0,,0
1.7876,1790258634.882248,0.0200,0,,,0.000,,,0.0000,0.0000,0.0000,0.0000,0.0000,-13.0000,,,,CHO,0.0000,-12.7530,0.0000,-12.7790,0.0000,0.0000,0.000,0.000,,0.0,,,,,,,0,,0
1.8077,1790258634.902656,0.0201,0,,,0.000,,,0.0000,0.0000,0.0000,0.0000,0.0000,-13.0000,,,,CHO,0.0000,-12.7530,0.0000,-12.7790,0.0000,0.0000,0.000,0.000,,0.0,,,,,,,0,,0
1.8282,1790258634.923161,0.0205,0,,,0.000,,,0.0000,0.0000,0.0000,0.0000,0.0000,-13.0000,,,,CHO,0.0000,-12.7530,0.0000,-12.7790,0.0000,0.0000,0.000,0.000,,0.0,,,,,,,0,,0
1.8491,1790258634.943251,0.0209,0,,,0.000,,,0.0000,0.0000,0.0000,0.0000,0.0000,-13.0000,,,,CHO,0.0000,-12.7530,0.0000,-12.7790,0.0000,0.0000,0.000,0.000,,0.0,,,,,,,0,,0
1.8796,1790258634.974371,0.0305,0,,,0.000,,,0.0000,0.0000,0.0000,0.0000,0.0000,-13.0000,,,,CHO,0.0000,-12.7530,0.0000,-12.7790,0.0000,0.0000,0.000,0.000,,0.0,,,,,,,0,,0
1.9003,1790258634.994984,0.0207,0,,,0.000,,,0.0000,0.0000,0.0000,0.0000,0.0000,-13.0000,,,,CHO,0.0000,-12.7530,0.0000,-12.7790,0.0000,0.0000,0.000,0.000,,0.0,,,,,,,0,,0
1.9247,1790258635.017983,0.0244,0,,,0.000,,,0.0000,0.0000,0.0000,0.0000,0.0000,-13.0000,,,,CHO,0.0000,-12.7530,0.0000,-12.7790,0.0000,0.0000,0.000,0.000,,0.0,,,,,,,0,,0
1.9452,1790258635.040140,0.0205,0,,,0.000,,,0.0000,0.0000,0.0000,0.0000,0.0000,-13.0000,,,,CHO,0.0000,-12.7530,0.0000,-12.7790,0.0000,0.0000,0.000,0.000,,0.0,,,,,,,0,,0
1.9654,1790258635.060167,0.0202,0,,,0.000,,,0.0000,0.0000,0.0000,0.0000,0.0000,-13.0000,,,,CHO,0.0000,-12.7530,0.0000,-12.7790,0.0000,0.0000,0.000,0.000,,0.0,,,,,,,0,,0
1.9870,1790258635.082001,0.0216,0,,,0.000,,,0.0000,0.0000,0.0000,0.0000,0.0000,-13.0000,,,,CHO,0.0000,-12.7530,0.0000,-12.7790,0.0000,0.0000,0.000,0.000,,0.0,,,,,,,0,,0
2.0073,1790258635.102234,0.0202,0,,,0.000,,,0.0000,0.0000,0.0000,0.0000,0.0000,-13.0000,,,,CHO,0.0000,-12.7530,0.0000,-12.7790,0.0000,0.0000,0.000,0.000,,0.0,,,,,,,0,,0
2.0275,1790258635.122482,0.0203,0,,,0.000,,,0.0000,0.0000,0.0000,0.0000,0.0000,-13.0000,,,,CHO,0.0000,-12.7530,0.0000,-12.7790,0.0000,0.0000,0.000,0.000,,0.0,,,,,,,0,,0
2.0478,1790258635.142748,0.0202,0,,,0.000,,,0.0000,0.0000,0.0000,0.0000,0.0000,-13.0000,,,,CHO,0.0000,-12.7530,0.0000,-12.7790,0.0000,0.0000,0.000,0.000,,0.0,,,,,,,0,,0
2.0679,1790258635.162932,0.0202,0,,,0.000,,,0.0000,0.0000,0.0000,0.0000,0.0000,-13.0000,,,,CHO,0.0000,-12.7530,0.0000,-12.7790,0.0000,0.0000,0.000,0.000,,0.0,,,,,,,0,,0
2.0881,1790258635.183038,0.0201,0,,,0.000,,,0.0000,0.0000,0.0000,0.0000,0.0000,-13.0000,,,,CHO,0.0000,-12.7530,0.0000,-12.7790,0.0000,0.0000,0.000,0.000,,0.0,,,,,,,0,,0
2.1086,1790258635.203578,0.0206,0,,,0.000,,,0.0000,0.0000,0.0000,0.0000,0.0000,-13.0000,,,,CHO,0.0000,-12.7530,0.0000,-12.7790,0.0000,0.0000,0.000,0.000,,0.0,,,,,,,0,,0
2.1296,1790258635.224569,0.0209,0,,,0.000,,,0.0000,0.0000,0.0000,0.0000,0.0000,-13.0000,,,,CHO,0.0000,-12.7530,0.0000,-12.7790,0.0000,0.0000,0.000,0.000,,0.0,,,,,,,0,,0
2.1500,1790258635.244897,0.0204,0,,,0.000,,,0.0000,0.0000,0.0000,0.0000,0.0000,-13.0000,,,,CHO,0.0000,-12.7530,0.0000,-12.7790,0.0000,0.0000,0.000,0.000,,0.0,,,,,,,0,,0
2.1701,1790258635.264990,0.0201,0,,,0.000,,,0.0000,0.0000,0.0000,0.0000,0.0000,-13.0000,,,,CHO,0.0000,-12.7530,0.0000,-12.7790,0.0000,0.0000,0.000,0.000,,0.0,,,,,,,0,,0
2.1902,1790258635.285174,0.0201,0,,,0.000,,,0.0000,0.0000,0.0000,0.0000,0.0000,-13.0000,,,,CHO,0.0000,-12.7530,0.0000,-12.7790,0.0000,0.0000,0.000,0.000,,0.0,,,,,,,0,,0
2.2102,1790258635.305165,0.0200,0,,,0.000,,,0.0000,0.0000,0.0000,0.0000,0.0000,-13.0000,,,,CHO,0.0000,-12.7530,0.0000,-12.7790,0.0000,0.0000,0.000,0.000,,0.0,,,,,,,0,,0
2.2303,1790258635.325306,0.0201,0,,,0.000,,,0.0000,0.0000,0.0000,0.0000,0.0000,-13.0000,,,,CHO,0.0000,-12.7530,0.0000,-12.7790,0.0000,0.0000,0.000,0.000,,0.0,,,,,,,0,,0
2.2509,1790258635.345922,0.0206,0,,,0.000,,,0.0000,0.0000,0.0000,0.0000,0.0000,-13.0000,,,,CHO,0.0000,-12.7530,0.0000,-12.7790,0.0000,0.0000,0.000,0.000,,0.0,,,,,,,0,,0
2.2711,1790258635.366102,0.0202,0,,,0.000,,,0.0000,0.0000,0.0000,0.0000,0.0000,-13.0000,,,,CHO,0.0000,-12.7530,0.0000,-12.7790,0.0000,0.0000,0.000,0.000,,0.0,,,,,,,0,,0
2.2920,1790258635.386979,0.0209,0,,,0.000,,,0.0000,0.0000,0.0000,0.0000,0.0000,-13.0000,,,,CHO,0.0000,-12.7530,0.0000,-12.7790,0.0000,0.0000,0.000,0.000,,0.0,,,,,,,0,,0
2.3128,1790258635.407566,0.0208,0,,,0.000,,,0.0000,0.0000,0.0000,0.0000,0.0000,-13.0000,,,,CHO,0.0000,-12.7530,0.0000,-12.7790,0.0000,0.0000,0.000,0.000,,0.0,,,,,,,0,,0
2.3331,1790258635.428121,0.0203,0,,,0.000,,,0.0000,0.0000,0.0000,0.0000,0.0000,-13.0000,,,,CHO,0.0000,-12.7530,0.0000,-12.7790,0.0000,0.0000,0.000,0.000,,0.0,,,,,,,0,,0
2.3535,1790258635.448471,0.0203,0,,,0.000,,,0.0000,0.0000,0.0000,0.0000,0.0000,-13.0000,,,,CHO,0.0000,-12.7530,0.0000,-12.7790,0.0000,0.0000,0.000,0.000,,0.0,,,,,,,0,,0
2.3736,1790258635.468569,0.0201,0,,,0.000,,,0.0000,0.0000,0.0000,0.0000,0.0000,-13.0000,,,,CHO,0.0000,-12.7530,0.0000,-12.7790,0.0000,0.0000,0.000,0.000,,0.0,,,,,,,0,,0
2.3941,1790258635.489064,0.0205,0,,,0.000,,,0.0000,0.0000,0.0000,0.0000,0.0000,-13.0000,,,,CHO,0.0000,-12.7530,0.0000,-12.7790,0.0000,0.0000,0.000,0.000,,0.0,,,,,,,0,,0
2.4147,1790258635.509586,0.0206,0,,,0.000,,,0.0000,0.0000,0.0000,0.0000,0.0000,-13.0000,,,,CHO,0.0000,-12.7530,0.0000,-12.7790,0.0000,0.0000,0.000,0.000,,0.0,,,,,,,0,,0
2.4352,1790258635.530126,0.0205,0,,,0.000,,,0.0000,0.0000,0.0000,0.0000,0.0000,-13.0000,,,,CHO,0.0000,-12.7530,0.0000,-12.7790,0.0000,0.0000,0.000,0.000,,0.0,,,,,,,0,,0
2.4556,1790258635.550521,0.0204,0,,,0.000,,,0.0000,0.0000,0.0000,0.0000,0.0000,-13.0000,,,,CHO,0.0000,-12.7530,0.0000,-12.7790,0.0000,0.0000,0.000,0.000,,0.0,,,,,,,0,,0
2.4756,1790258635.570611,0.0201,0,,,0.000,,,0.0000,0.0000,0.0000,0.0000,0.0000,-13.0000,,,,CHO,0.0000,-12.7530,0.0000,-12.7790,0.0000,0.0000,0.000,0.000,,0.0,,,,,,,0,,0
2.4962,1790258635.591182,0.0206,0,,,0.000,,,0.0000,0.0000,0.0000,0.0000,0.0000,-13.0000,,,,CHO,0.0000,-12.7530,0.0000,-12.7790,0.0000,0.0000,0.000,0.000,,0.0,,,,,,,0,,0
2.5165,1790258635.611475,0.0203,0,,,0.000,,,0.0000,0.0000,0.0000,0.0000,0.0000,-13.0000,,,,CHO,0.0000,-12.7530,0.0000,-12.7790,0.0000,0.0000,0.000,0.000,,0.0,,,,,,,0,,0
2.5373,1790258635.632252,0.0208,0,,,0.000,,,0.0000,0.0000,0.0000,0.0000,0.0000,-13.0000,,,,CHO,0.0000,-12.7530,0.0000,-12.7790,0.0000,0.0000,0.000,0.000,,0.0,,,,,,,0,,0
2.5577,1790258635.652659,0.0204,0,,,0.000,,,0.0000,0.0000,0.0000,0.0000,0.0000,-13.0000,,,,CHO,0.0000,-12.7530,0.0000,-12.7790,0.0000,0.0000,0.000,0.000,,0.0,,,,,,,0,,0
2.5782,1790258635.673177,0.0205,0,,,0.000,,,0.0000,0.0000,0.0000,0.0000,0.0000,-13.0000,,,,CHO,0.0000,-12.7530,0.0000,-12.7790,0.0000,0.0000,0.000,0.000,,0.0,,,,,,,0,,0
2.5984,1790258635.693352,0.0202,0,,,0.000,,,0.0000,0.0000,0.0000,0.0000,0.0000,-13.0000,,,,CHO,0.0000,-12.7530,0.0000,-12.7790,0.0000,0.0000,0.000,0.000,,0.0,,,,,,,0,,0
2.6185,1790258635.713472,0.0201,0,,,0.000,,,0.0000,0.0000,0.0000,0.0000,0.0000,-13.0000,,,,CHO,0.0000,-12.7530,0.0000,-12.7790,0.0000,0.0000,0.000,0.000,,0.0,,,,,,,0,,0
2.6389,1790258635.733891,0.0205,0,,,0.000,,,0.0000,0.0000,0.0000,0.0000,0.0000,-13.0000,,,,CHO,0.0000,-12.7530,0.0000,-12.7790,0.0000,0.0000,0.000,0.000,,0.0,,,,,,,0,,0
2.6591,1790258635.754053,0.0201,0,,,0.000,,,0.0000,0.0000,0.0000,0.0000,0.0000,-13.0000,,,,CHO,0.0000,-12.7530,0.0000,-12.7790,0.0000,0.0000,0.000,0.000,,0.0,,,,,,,0,,0
2.6794,1790258635.774365,0.0203,0,,,0.000,,,0.0000,0.0000,0.0000,0.0000,0.0000,-13.0000,,,,CHO,0.0000,-12.7530,0.0000,-12.7790,0.0000,0.0000,0.000,0.000,,0.0,,,,,,,0,,0
2.6994,1790258635.794413,0.0200,0,,,0.000,,,0.0000,0.0000,0.0000,0.0000,0.0000,-13.0000,,,,CHO,0.0000,-12.7530,0.0000,-12.7790,0.0000,0.0000,0.000,0.000,,0.0,,,,,,,0,,0
2.7195,1790258635.814470,0.0201,0,,,0.000,,,0.0000,0.0000,0.0000,0.0000,0.0000,-13.0000,,,,CHO,0.0000,-12.7530,0.0000,-12.7790,0.0000,0.0000,0.000,0.000,,0.0,,,,,,,0,,0
2.7400,1790258635.834929,0.0205,0,,,0.000,,,0.0000,0.0000,0.0000,0.0000,0.0000,-13.0000,,,,CHO,0.0000,-12.7530,0.0000,-12.7790,0.0000,0.0000,0.000,0.000,,0.0,,,,,,,0,,0
2.7607,1790258635.855622,0.0208,0,,,0.000,,,0.0000,0.0000,0.0000,0.0000,0.0000,-13.0000,,,,CHO,0.0000,-12.7530,0.0000,-12.7790,0.0000,0.0000,0.000,0.000,,0.0,,,,,,,0,,0
2.7811,1790258635.876005,0.0204,0,,,0.000,,,0.0000,0.0000,0.0000,0.0000,0.0000,-13.0000,,,,CHO,0.0000,-12.7530,0.0000,-12.7790,0.0000,0.0000,0.000,0.000,,0.0,,,,,,,0,,0
2.8013,1790258635.896301,0.0202,0,,,0.000,,,0.0000,0.0000,0.0000,0.0000,0.0000,-13.0000,,,,CHO,0.0000,-12.7530,0.0000,-12.7790,0.0000,0.0000,0.000,0.000,,0.0,,,,,,,0,,0
2.8217,1790258635.916576,0.0204,0,,,0.000,,,0.0000,0.0000,0.0000,0.0000,0.0000,-13.0000,,,,CHO,0.0000,-12.7530,0.0000,-12.7790,0.0000,0.0000,0.000,0.000,,0.0,,,,,,,0,,0
2.8418,1790258635.936835,0.0202,0,,,0.000,,,0.0000,0.0000,0.0000,0.0000,0.0000,-13.0000,,,,CHO,0.0000,-12.7530,0.0000,-12.7790,0.0000,0.0000,0.000,0.000,,0.0,,,,,,,0,,0
2.8624,1790258635.957353,0.0205,0,,,0.000,,,0.0000,0.0000,0.0000,0.0000,0.0000,-13.0000,,,,CHO,0.0000,-12.7530,0.0000,-12.7790,0.0000,0.0000,0.000,0.000,,0.0,,,,,,,0,,0
2.8832,1790258635.978112,0.0208,0,,,0.000,,,0.0000,0.0000,0.0000,0.0000,0.0000,-13.0000,,,,CHO,0.0000,-12.7530,0.0000,-12.7790,0.0000,0.0000,0.000,0.000,,0.0,,,,,,,0,,0
2.9297,1790258636.024586,0.0465,0,,,0.000,,,0.0000,0.0000,0.0000,0.0000,0.0000,-13.0000,,,,CHO,0.0000,-12.7530,0.0000,-12.7790,0.0000,0.0000,0.000,0.000,,0.0,,,,,,,0,,0
2.9501,1790258636.044998,0.0204,0,,,0.000,,,0.0000,0.0000,0.0000,0.0000,0.0000,-13.0000,,,,CHO,0.0000,-12.7530,0.0000,-12.7790,0.0000,0.0000,0.000,0.000,,0.0,,,,,,,0,,0
2.9704,1790258636.065283,0.0203,0,,,0.000,,,0.0000,0.0000,0.0000,0.0000,0.0000,-13.0000,,,,CHO,0.0000,-12.7530,0.0000,-12.7790,0.0000,0.0000,0.000,0.000,,0.0,,,,,,,0,,0
2.9907,1790258636.085703,0.0203,0,,,0.000,,,0.0000,0.0000,0.0000,0.0000,0.0000,-13.0000,,,,CHO,0.0000,-12.7530,0.0000,-12.7790,0.0000,0.0000,0.000,0.000,,0.0,,,,,,,0,,0
3.0110,1790258636.105974,0.0203,0,,,0.000,,,0.0000,0.0000,0.0000,0.0000,0.0000,-13.0000,,,,CHO,0.0000,-12.7530,0.0000,-12.7790,0.0000,0.0000,0.000,0.000,,0.0,,,,,,,0,,0
3.0331,1790258636.127802,0.0220,0,,,0.000,,,0.0000,0.0000,0.0000,0.0000,0.0000,-13.0000,,,,CHO,0.0000,-12.7530,0.0000,-12.7790,0.0000,0.0000,0.000,0.000,,0.0,,,,,,,0,,0
3.0531,1790258636.148070,0.0201,0,,,0.000,,,0.0000,0.0000,0.0000,0.0000,0.0000,-13.0000,,,,CHO,0.0000,-12.7530,0.0000,-12.7790,0.0000,0.0000,0.000,0.000,,0.0,,,,,,,0,,0
3.0734,1790258636.168332,0.0202,0,,,0.000,,,0.0000,0.0000,0.0000,0.0000,0.0000,-13.0000,,,,CHO,0.0000,-12.7530,0.0000,-12.7790,0.0000,0.0000,0.000,0.000,,0.0,,,,,,,0,,0
3.0940,1790258636.188887,0.0206,0,,,0.000,,,0.0000,0.0000,0.0000,0.0000,0.0000,-13.0000,,,,CHO,0.0000,-12.7530,0.0000,-12.7790,0.0000,0.0000,0.000,0.000,,0.0,,,,,,,0,,0
3.1144,1790258636.209386,0.0205,0,,,0.000,,,0.0000,0.0000,0.0000,0.0000,0.0000,-13.0000,,,,CHO,0.0000,-12.7530,0.0000,-12.7790,0.0000,0.0000,0.000,0.000,,0.0,,,,,,,0,,0
3.1351,1790258636.229998,0.0206,0,,,0.000,,,0.0000,0.0000,0.0000,0.0000,0.0000,-13.0000,,,,CHO,0.0000,-12.7530,0.0000,-12.7790,0.0000,0.0000,0.000,0.000,,0.0,,,,,,,0,,0
3.1555,1790258636.250438,0.0204,0,,,0.000,,,0.0000,0.0000,0.0000,0.0000,0.0000,-13.0000,,,,CHO,0.0000,-12.7530,0.0000,-12.7790,0.0000,0.0000,0.000,0.000,,0.0,,,,,,,0,,0
3.1774,1790258636.272154,0.0219,0,,,0.000,,,0.0000,0.0000,0.0000,0.0000,0.0000,-13.0000,,,,CHO,0.0000,-12.7530,0.0000,-12.7790,0.0000,0.0000,0.000,0.000,,0.0,,,,,,,0,,0
3.1982,1790258636.293141,0.0208,0,,,0.000,,,0.0000,0.0000,0.0000,0.0000,0.0000,-13.0000,,,,CHO,0.0000,-12.7530,0.0000,-12.7790,0.0000,0.0000,0.000,0.000,,0.0,,,,,,,0,,0
3.2187,1790258636.313615,0.0205,0,,,0.000,,,0.0000,0.0000,0.0000,0.0000,0.0000,-13.0000,,,,CHO,0.0000,-12.7530,0.0000,-12.7790,0.0000,0.0000,0.000,0.000,,0.0,,,,,,,0,,0
3.2413,1790258636.336044,0.0226,0,,,0.000,,,0.0000,0.0000,0.0000,0.0000,0.0000,-13.0000,,,,CHO,0.0000,-12.7530,0.0000,-12.7790,0.0000,0.0000,0.000,0.000,,0.0,,,,,,,0,,0
3.2615,1790258636.356400,0.0203,0,,,0.000,,,0.0000,0.0000,0.0000,0.0000,0.0000,-13.0000,,,,CHO,0.0000,-12.7530,0.0000,-12.7790,0.0000,0.0000,0.000,0.000,,0.0,,,,,,,0,,0
3.2817,1790258636.376698,0.0202,0,,,0.000,,,0.0000,0.0000,0.0000,0.0000,0.0000,-13.0000,,,,CHO,0.0000,-12.7530,0.0000,-12.7790,0.0000,0.0000,0.000,0.000,,0.0,,,,,,,0,,0
3.3038,1790258636.398725,0.0221,0,,,0.000,,,0.0000,0.0000,0.0000,0.0000,0.0000,-13.0000,,,,CHO,0.0000,-12.7530,0.0000,-12.7790,0.0000,0.0000,0.000,0.000,,0.0,,,,,,,0,,0
3.3242,1790258636.419002,0.0203,0,,,0.000,,,0.0000,0.0000,0.0000,0.0000,0.0000,-13.0000,,,,CHO,0.0000,-12.7530,0.0000,-12.7790,0.0000,0.0000,0.000,0.000,,0.0,,,,,,,0,,0
3.3444,1790258636.439290,0.0203,0,,,0.000,,,0.0000,0.0000,0.0000,0.0000,0.0000,-13.0000,,,,CHO,0.0000,-12.7530,0.0000,-12.7790,0.0000,0.0000,0.000,0.000,,0.0,,,,,,,0,,0
3.3645,1790258636.459439,0.0200,0,,,0.000,,,0.0000,0.0000,0.0000,0.0000,0.0000,-13.0000,,,,CHO,0.0000,-12.7530,0.0000,-12.7790,0.0000,0.0000,0.000,0.000,,0.0,,,,,,,0,,0
3.3845,1790258636.479294,0.0200,0,,,0.000,,,0.0000,0.0000,0.0000,0.0000,0.0000,-13.0000,,,,CHO,0.0000,-12.7530,0.0000,-12.7790,0.0000,0.0000,0.000,0.000,,0.0,,,,,,,0,,0
3.4049,1790258636.499852,0.0205,0,,,0.000,,,0.0000,0.0000,0.0000,0.0000,0.0000,-13.0000,,,,CHO,0.0000,-12.7530,0.0000,-12.7790,0.0000,0.0000,0.000,0.000,,0.0,,,,,,,0,,0
3.4254,1790258636.520320,0.0205,0,,,0.000,,,0.0000,0.0000,0.0000,0.0000,0.0000,-13.0000,,,,CHO,0.0000,-12.7530,0.0000,-12.7790,0.0000,0.0000,0.000,0.000,,0.0,,,,,,,0,,0
3.4457,1790258636.540565,0.0203,0,,,0.000,,,0.0000,0.0000,0.0000,0.0000,0.0000,-13.0000,,,,CHO,0.0000,-12.7530,0.0000,-12.7790,0.0000,0.0000,0.000,0.000,,0.0,,,,,,,0,,0
3.4658,1790258636.560749,0.0201,0,,,0.000,,,0.0000,0.0000,0.0000,0.0000,0.0000,-13.0000,,,,CHO,0.0000,-12.7530,0.0000,-12.7790,0.0000,0.0000,0.000,0.000,,0.0,,,,,,,0,,0
3.4863,1790258636.581322,0.0205,0,,,0.000,,,0.0000,0.0000,0.0000,0.0000,0.0000,-13.0000,,,,CHO,0.0000,-12.7530,0.0000,-12.7790,0.0000,0.0000,0.000,0.000,,0.0,,,,,,,0,,0
3.5067,1790258636.601710,0.0204,0,,,0.000,,,0.0000,0.0000,0.0000,0.0000,0.0000,-13.0000,,,,CHO,0.0000,-12.7530,0.0000,-12.7790,0.0000,0.0000,0.000,0.000,,0.0,,,,,,,0,,0
3.5268,1790258636.621531,0.0201,0,,,0.000,,,0.0000,0.0000,0.0000,0.0000,0.0000,-13.0000,,,,CHO,0.0000,-12.7530,0.0000,-12.7790,0.0000,0.0000,0.000,0.000,,0.0,,,,,,,0,,0
3.5475,1790258636.642369,0.0207,0,,,0.000,,,0.0000,0.0000,0.0000,0.0000,0.0000,-13.0000,,,,CHO,0.0000,-12.7530,0.0000,-12.7790,0.0000,0.0000,0.000,0.000,,0.0,,,,,,,0,,0
3.5680,1790258636.662907,0.0205,0,,,0.000,,,0.0000,0.0000,0.0000,0.0000,0.0000,-13.0000,,,,CHO,0.0000,-12.7530,0.0000,-12.7790,0.0000,0.0000,0.000,0.000,,0.0,,,,,,,0,,0
3.5902,1790258636.685003,0.0222,0,,,0.000,,,0.0000,0.0000,0.0000,0.0000,0.0000,-13.0000,,,,CHO,0.0000,-12.7530,0.0000,-12.7790,0.0000,0.0000,0.000,0.000,,0.0,,,,,,,0,,0
3.6106,1790258636.705441,0.0204,0,,,0.000,,,0.0000,0.0000,0.0000,0.0000,0.0000,-13.0000,,,,CHO,0.0000,-12.7530,0.0000,-12.7790,0.0000,0.0000,0.000,0.000,,0.0,,,,,,,0,,0
3.6308,1790258636.725750,0.0202,0,,,0.000,,,0.0000,0.0000,0.0000,0.0000,0.0000,-13.0000,,,,CHO,0.0000,-12.7530,0.0000,-12.7790,0.0000,0.0000,0.000,0.000,,0.0,,,,,,,0,,0
3.6510,1790258636.745927,0.0202,0,,,0.000,,,0.0000,0.0000,0.0000,0.0000,0.0000,-13.0000,,,,CHO,0.0000,-12.7530,0.0000,-12.7790,0.0000,0.0000,0.000,0.000,,0.0,,,,,,,0,,0
3.6711,1790258636.765990,0.0201,0,,,0.000,,,0.0000,0.0000,0.0000,0.0000,0.0000,-13.0000,,,,CHO,0.0000,-12.7530,0.0000,-12.7790,0.0000,0.0000,0.000,0.000,,0.0,,,,,,,0,,0
3.6918,1790258636.786685,0.0208,0,,,0.000,,,0.0000,0.0000,0.0000,0.0000,0.0000,-13.0000,,,,CHO,0.0000,-12.7530,0.0000,-12.7790,0.0000,0.0000,0.000,0.000,,0.0,,,,,,,0,,0
3.7119,1790258636.806808,0.0200,0,,,0.000,,,0.0000,0.0000,0.0000,0.0000,0.0000,-13.0000,,,,CHO,0.0000,-12.7530,0.0000,-12.7790,0.0000,0.0000,0.000,0.000,,0.0,,,,,,,0,,0
3.7320,1790258636.826828,0.0202,0,,,0.000,,,0.0000,0.0000,0.0000,0.0000,0.0000,-13.0000,,,,CHO,0.0000,-12.7530,0.0000,-12.7790,0.0000,0.0000,0.000,0.000,,0.0,,,,,,,0,,0
3.7525,1790258636.847422,0.0205,0,,,0.000,,,0.0000,0.0000,0.0000,0.0000,0.0000,-13.0000,,,,CHO,0.0000,-12.7530,0.0000,-12.7790,0.0000,0.0000,0.000,0.000,,0.0,,,,,,,0,,0
3.7727,1790258636.867580,0.0202,0,,,0.000,,,0.0000,0.0000,0.0000,0.0000,0.0000,-13.0000,,,,CHO,0.0000,-12.7530,0.0000,-12.7790,0.0000,0.0000,0.000,0.000,,0.0,,,,,,,0,,0
3.7956,1790258636.889391,0.0229,0,,,0.000,,,0.0000,0.0000,0.0000,0.0000,0.0000,-13.0000,,,,CHO,0.0000,-12.7530,0.0000,-12.7790,0.0000,0.0000,0.000,0.000,,0.0,,,,,,,0,,0
3.8159,1790258636.910853,0.0203,0,,,0.000,,,0.0000,0.0000,0.0000,0.0000,0.0000,-13.0000,,,,CHO,0.0000,-12.7530,0.0000,-12.7790,0.0000,0.0000,0.000,0.000,,0.0,,,,,,,0,,0
3.8360,1790258636.930882,0.0202,0,,,0.000,,,0.0000,0.0000,0.0000,0.0000,0.0000,-13.0000,,,,CHO,0.0000,-12.7530,0.0000,-12.7790,0.0000,0.0000,0.000,0.000,,0.0,,,,,,,0,,0
3.8589,1790258636.953598,0.0228,0,,,0.000,,,0.0000,0.0000,0.0000,0.0000,0.0000,-13.0000,,,,CHO,0.0000,-12.7530,0.0000,-12.7790,0.0000,0.0000,0.000,0.000,,0.0,,,,,,,0,,0
3.8793,1790258636.974205,0.0205,0,,,0.000,,,0.0000,0.0000,0.0000,0.0000,0.0000,-13.0000,,,,CHO,0.0000,-12.7530,0.0000,-12.7790,0.0000,0.0000,0.000,0.000,,0.0,,,,,,,0,,0
3.8997,1790258636.994511,0.0204,0,,,0.000,,,0.0000,0.0000,0.0000,0.0000,0.0000,-13.0000,,,,CHO,0.0000,-12.7530,0.0000,-12.7790,0.0000,0.0000,0.000,0.000,,0.0,,,,,,,0,,0
3.9204,1790258637.015271,0.0207,0,,,0.000,,,0.0000,0.0000,0.0000,0.0000,0.0000,-13.0000,,,,CHO,0.0000,-12.7530,0.0000,-12.7790,0.0000,0.0000,0.000,0.000,,0.0,,,,,,,0,,0
3.9406,1790258637.035601,0.0202,0,,,0.000,,,0.0000,0.0000,0.0000,0.0000,0.0000,-13.0000,,,,CHO,0.0000,-12.7530,0.0000,-12.7790,0.0000,0.0000,0.000,0.000,,0.0,,,,,,,0,,0
3.9609,1790258637.055795,0.0202,0,,,0.000,,,0.0000,0.0000,0.0000,0.0000,0.0000,-13.0000,,,,CHO,0.0000,-12.7530,0.0000,-12.7790,0.0000,0.0000,0.000,0.000,,0.0,,,,,,,0,,0
3.9810,1790258637.075885,0.0201,0,,,0.000,,,0.0000,0.0000,0.0000,0.0000,0.0000,-13.0000,,,,CHO,0.0000,-12.7530,0.0000,-12.7790,0.0000,0.0000,0.000,0.000,,0.0,,,,,,,0,,0
4.0014,1790258637.096330,0.0204,0,,,0.000,,,0.0000,0.0000,0.0000,0.0000,0.0000,-13.0000,,,,CHO,0.0000,-12.7530,0.0000,-12.7790,0.0000,0.0000,0.000,0.000,,0.0,,,,,,,0,,0
4.0220,1790258637.116892,0.0206,0,,,0.000,,,0.0000,0.0000,0.0000,0.0000,0.0000,-13.0000,,,,CHO,0.0000,-12.7530,0.0000,-12.7790,0.0000,0.0000,0.000,0.000,,0.0,,,,,,,0,,0
4.0425,1790258637.137491,0.0205,0,,,0.000,,,0.0000,0.0000,0.0000,0.0000,0.0000,-13.0000,,,,CHO,0.0000,-12.7530,0.0000,-12.7790,0.0000,0.0000,0.000,0.000,,0.0,,,,,,,0,,0
4.0636,1790258637.158541,0.0211,0,,,0.000,,,0.0000,0.0000,0.0000,0.0000,0.0000,-13.0000,,,,CHO,0.0000,-12.7530,0.0000,-12.7790,0.0000,0.0000,0.000,0.000,,0.0,,,,,,,0,,0
4.0845,1790258637.179470,0.0209,0,,,0.000,,,0.0000,0.0000,0.0000,0.0000,0.0000,-13.0000,,,,CHO,0.0000,-12.7530,0.0000,-12.7790,0.0000,0.0000,0.000,0.000,,0.0,,,,,,,0,,0
4.1046,1790258637.199627,0.0201,0,,,0.000,,,0.0000,0.0000,0.0000,0.0000,0.0000,-13.0000,,,,CHO,0.0000,-12.7530,0.0000,-12.7790,0.0000,0.0000,0.000,0.000,,0.0,,,,,,,0,,0
4.1261,1790258637.220896,0.0215,0,,,0.000,,,0.0000,0.0000,0.0000,0.0000,0.0000,-13.0000,,,,CHO,0.0000,-12.7530,0.0000,-12.7790,0.0000,0.0000,0.000,0.000,,0.0,,,,,,,0,,0
4.1466,1790258637.241505,0.0204,0,,,0.000,,,0.0000,0.0000,0.0000,0.0000,0.0000,-13.0000,,,,CHO,0.0000,-12.7530,0.0000,-12.7790,0.0000,0.0000,0.000,0.000,,0.0,,,,,,,0,,0
4.1667,1790258637.261565,0.0202,0,,,0.000,,,0.0000,0.0000,0.0000,0.0000,0.0000,-13.0000,,,,CHO,0.0000,-12.7530,0.0000,-12.7790,0.0000,0.0000,0.000,0.000,,0.0,,,,,,,0,,0
4.1871,1790258637.282002,0.0203,0,,,0.000,,,0.0000,0.0000,0.0000,0.0000,0.0000,-13.0000,,,,CHO,0.0000,-12.7530,0.0000,-12.7790,0.0000,0.0000,0.000,0.000,,0.0,,,,,,,0,,0
4.2074,1790258637.302351,0.0203,0,,,0.000,,,0.0000,0.0000,0.0000,0.0000,0.0000,-13.0000,,,,CHO,0.0000,-12.7530,0.0000,-12.7790,0.0000,0.0000,0.000,0.000,,0.0,,,,,,,0,,0
4.2277,1790258637.322619,0.0203,0,,,0.000,,,0.0000,0.0000,0.0000,0.0000,0.0000,-13.0000,,,,CHO,0.0000,-12.7530,0.0000,-12.7790,0.0000,0.0000,0.000,0.000,,0.0,,,,,,,0,,0
4.2482,1790258637.343139,0.0205,0,,,0.000,,,0.0000,0.0000,0.0000,0.0000,0.0000,-13.0000,,,,CHO,0.0000,-12.7530,0.0000,-12.7790,0.0000,0.0000,0.000,0.000,,0.0,,,,,,,0,,0
4.2691,1790258637.363975,0.0210,0,,,0.000,,,0.0000,0.0000,0.0000,0.0000,0.0000,-13.0000,,,,CHO,0.0000,-12.7530,0.0000,-12.7790,0.0000,0.0000,0.000,0.000,,0.0,,,,,,,0,,0
4.2894,1790258637.384328,0.0202,0,,,0.000,,,0.0000,0.0000,0.0000,0.0000,0.0000,-13.0000,,,,CHO,0.0000,-12.7530,0.0000,-12.7790,0.0000,0.0000,0.000,0.000,,0.0,,,,,,,0,,0
4.3096,1790258637.404470,0.0203,0,,,0.000,,,0.0000,0.0000,0.0000,0.0000,0.0000,-13.0000,,,,CHO,0.0000,-12.7530,0.0000,-12.7790,0.0000,0.0000,0.000,0.000,,0.0,,,,,,,0,,0
4.3297,1790258637.424554,0.0201,0,,,0.000,,,0.0000,0.0000,0.0000,0.0000,0.0000,-13.0000,,,,CHO,0.0000,-12.7530,0.0000,-12.7790,0.0000,0.0000,0.000,0.000,,0.0,,,,,,,0,,0
4.3502,1790258637.445050,0.0204,0,,,0.000,,,0.0000,0.0000,0.0000,0.0000,0.0000,-13.0000,,,,CHO,0.0000,-12.7530,0.0000,-12.7790,0.0000,0.0000,0.000,0.000,,0.0,,,,,,,0,,0
4.3703,1790258637.465297,0.0202,0,,,0.000,,,0.0000,0.0000,0.0000,0.0000,0.0000,-13.0000,,,,CHO,0.0000,-12.7530,0.0000,-12.7790,0.0000,0.0000,0.000,0.000,,0.0,,,,,,,0,,0
4.3908,1790258637.485767,0.0205,0,,,0.000,,,0.0000,0.0000,0.0000,0.0000,0.0000,-13.0000,,,,CHO,0.0000,-12.7530,0.0000,-12.7790,0.0000,0.0000,0.000,0.000,,0.0,,,,,,,0,,0
4.4127,1790258637.507844,0.0219,0,,,0.000,,,0.0000,0.0000,0.0000,0.0000,0.0000,-13.0000,,,,CHO,0.0000,-12.7530,0.0000,-12.7790,0.0000,0.0000,0.000,0.000,,0.0,,,,,,,0,,0
4.4332,1790258637.528072,0.0204,0,,,0.000,,,0.0000,0.0000,0.0000,0.0000,0.0000,-13.0000,,,,CHO,0.0000,-12.7530,0.0000,-12.7790,0.0000,0.0000,0.000,0.000,,0.0,,,,,,,0,,0
4.4536,1790258637.548415,0.0204,0,,,0.000,,,0.0000,0.0000,0.0000,0.0000,0.0000,-13.0000,,,,CHO,0.0000,-12.7530,0.0000,-12.7790,0.0000,0.0000,0.000,0.000,,0.0,,,,,,,0,,0
4.4756,1790258637.570476,0.0220,0,,,0.000,,,0.0000,0.0000,0.0000,0.0000,0.0000,-13.0000,,,,CHO,0.0000,-12.7530,0.0000,-12.7790,0.0000,0.0000,0.000,0.000,,0.0,,,,,,,0,,0
4.4961,1790258637.591042,0.0205,0,,,0.000,,,0.0000,0.0000,0.0000,0.0000,0.0000,-13.0000,,,,CHO,0.0000,-12.7530,0.0000,-12.7790,0.0000,0.0000,0.000,0.000,,0.0,,,,,,,0,,0
4.5165,1790258637.611383,0.0204,0,,,0.000,,,0.0000,0.0000,0.0000,0.0000,0.0000,-13.0000,,,,CHO,0.0000,-12.7530,0.0000,-12.7790,0.0000,0.0000,0.000,0.000,,0.0,,,,,,,0,,0
4.5389,1790258637.633780,0.0224,0,,,0.000,,,0.0000,0.0000,0.0000,0.0000,0.0000,-13.0000,,,,CHO,0.0000,-12.7530,0.0000,-12.7790,0.0000,0.0000,0.000,0.000,,0.0,,,,,,,0,,0
4.5593,1790258637.654280,0.0204,0,,,0.000,,,0.0000,0.0000,0.0000,0.0000,0.0000,-13.0000,,,,CHO,0.0000,-12.7530,0.0000,-12.7790,0.0000,0.0000,0.000,0.000,,0.0,,,,,,,0,,0
4.5796,1790258637.674453,0.0203,0,,,0.000,,,0.0000,0.0000,0.0000,0.0000,0.0000,-13.0000,,,,CHO,0.0000,-12.7530,0.0000,-12.7790,0.0000,0.0000,0.000,0.000,,0.0,,,,,,,0,,0
4.5998,1790258637.694691,0.0202,0,,,0.000,,,0.0000,0.0000,0.0000,0.0000,0.0000,-13.0000,,,,CHO,0.0000,-12.7530,0.0000,-12.7790,0.0000,0.0000,0.000,0.000,,0.0,,,,,,,0,,0
4.6201,1790258637.715061,0.0203,0,,,0.000,,,0.0000,0.0000,0.0000,0.0000,0.0000,-13.0000,,,,CHO,0.0000,-12.7530,0.0000,-12.7790,0.0000,0.0000,0.000,0.000,,0.0,,,,,,,0,,0
4.6403,1790258637.735257,0.0202,0,,,0.000,,,0.0000,0.0000,0.0000,0.0000,0.0000,-13.0000,,,,CHO,0.0000,-12.7530,0.0000,-12.7790,0.0000,0.0000,0.000,0.000,,0.0,,,,,,,0,,0
4.6603,1790258637.755254,0.0200,0,,,0.000,,,0.0000,0.0000,0.0000,0.0000,0.0000,-13.0000,,,,CHO,0.0000,-12.7530,0.0000,-12.7790,0.0000,0.0000,0.000,0.000,,0.0,,,,,,,0,,0
4.6813,1790258637.776130,0.0210,0,,,0.000,,,0.0000,0.0000,0.0000,0.0000,0.0000,-13.0000,,,,CHO,0.0000,-12.7530,0.0000,-12.7790,0.0000,0.0000,0.000,0.000,,0.0,,,,,,,0,,0
4.7018,1790258637.796758,0.0205,0,,,0.000,,,0.0000,0.0000,0.0000,0.0000,0.0000,-13.0000,,,,CHO,0.0000,-12.7530,0.0000,-12.7790,0.0000,0.0000,0.000,0.000,,0.0,,,,,,,0,,0
4.7219,1790258637.816900,0.0201,0,,,0.000,,,0.0000,0.0000,0.0000,0.0000,0.0000,-13.0000,,,,CHO,0.0000,-12.7530,0.0000,-12.7790,0.0000,0.0000,0.000,0.000,,0.0,,,,,,,0,,0
4.7453,1790258637.840134,0.0234,0,,,0.000,,,0.0000,0.0000,0.0000,0.0000,0.0000,-13.0000,,,,CHO,0.0000,-12.7530,0.0000,-12.7790,0.0000,0.0000,0.000,0.000,,0.0,,,,,,,0,,0
4.7661,1790258637.861026,0.0207,0,,,0.000,,,0.0000,0.0000,0.0000,0.0000,0.0000,-13.0000,,,,CHO,0.0000,-12.7530,0.0000,-12.7790,0.0000,0.0000,0.000,0.000,,0.0,,,,,,,0,,0
4.7862,1790258637.881118,0.0201,0,,,0.000,,,0.0000,0.0000,0.0000,0.0000,0.0000,-13.0000,,,,CHO,0.0000,-12.7530,0.0000,-12.7790,0.0000,0.0000,0.000,0.000,,0.0,,,,,,,0,,0
4.8084,1790258637.903238,0.0223,0,,,0.000,,,0.0000,0.0000,0.0000,0.0000,0.0000,-13.0000,,,,CHO,0.0000,-12.7530,0.0000,-12.7790,0.0000,0.0000,0.000,0.000,,0.0,,,,,,,0,,0
4.8290,1790258637.923935,0.0206,0,,,0.000,,,0.0000,0.0000,0.0000,0.0000,0.0000,-13.0000,,,,CHO,0.0000,-12.7530,0.0000,-12.7790,0.0000,0.0000,0.000,0.000,,0.0,,,,,,,0,,0
4.8491,1790258637.944106,0.0202,0,,,0.000,,,0.0000,0.0000,0.0000,0.0000,0.0000,-13.0000,,,,CHO,0.0000,-12.7530,0.0000,-12.7790,0.0000,0.0000,0.000,0.000,,0.0,,,,,,,0,,0
4.8711,1790258637.966023,0.0220,0,,,0.000,,,0.0000,0.0000,0.0000,0.0000,0.0000,-13.0000,,,,CHO,0.0000,-12.7530,0.0000,-12.7790,0.0000,0.0000,0.000,0.000,,0.0,,,,,,,0,,0
4.8913,1790258637.986339,0.0202,0,,,0.000,,,0.0000,0.0000,0.0000,0.0000,0.0000,-13.0000,,,,CHO,0.0000,-12.7530,0.0000,-12.7790,0.0000,0.0000,0.000,0.000,,0.0,,,,,,,0,,0
4.9117,1790258638.006601,0.0203,0,,,0.000,,,0.0000,0.0000,0.0000,0.0000,0.0000,-13.0000,,,,CHO,0.0000,-12.7530,0.0000,-12.7790,0.0000,0.0000,0.000,0.000,,0.0,,,,,,,0,,0
4.9327,1790258638.027613,0.0210,0,,,0.000,,,0.0000,0.0000,0.0000,0.0000,0.0000,-13.0000,,,,CHO,0.0000,-12.7530,0.0000,-12.7790,0.0000,0.0000,0.000,0.000,,0.0,,,,,,,0,,0
4.9528,1790258638.047664,0.0200,0,,,0.000,,,0.0000,0.0000,0.0000,0.0000,0.0000,-13.0000,,,,CHO,0.0000,-12.7530,0.0000,-12.7790,0.0000,0.0000,0.000,0.000,,0.0,,,,,,,0,,0
4.9729,1790258638.067855,0.0202,0,,,0.000,,,0.0000,0.0000,0.0000,0.0000,0.0000,-13.0000,,,,CHO,0.0000,-12.7530,0.0000,-12.7790,0.0000,0.0000,0.000,0.000,,0.0,,,,,,,0,,0
4.9934,1790258638.088314,0.0204,0,,,0.000,,,0.0000,0.0000,0.0000,0.0000,0.0000,-13.0000,,,,CHO,0.0000,-12.7530,0.0000,-12.7790,0.0000,0.0000,0.000,0.000,,0.0,,,,,,,0,,0
5.0164,1790258638.111376,0.0230,0,,,0.000,,,0.0000,0.0000,0.0000,0.0000,0.0000,-13.0000,,,,CHO,0.0000,-12.7530,0.0000,-12.7790,0.0000,0.0000,0.000,0.000,,0.0,,,,,,,0,,0
5.0371,1790258638.131966,0.0207,0,,,0.000,,,0.0000,0.0000,0.0000,0.0000,0.0000,-13.0000,,,,CHO,0.0000,-12.7530,0.0000,-12.7790,0.0000,0.0000,0.000,0.000,,0.0,,,,,,,0,,0
5.0573,1790258638.152256,0.0203,0,,,0.000,,,0.0000,0.0000,0.0000,0.0000,0.0000,-13.0000,,,,CHO,0.0000,-12.7530,0.0000,-12.7790,0.0000,0.0000,0.000,0.000,,0.0,,,,,,,0,,0
5.0777,1790258638.172582,0.0204,0,,,0.000,,,0.0000,0.0000,0.0000,0.0000,0.0000,-13.0000,,,,CHO,0.0000,-12.7530,0.0000,-12.7790,0.0000,0.0000,0.000,0.000,,0.0,,,,,,,0,,0
5.0982,1790258638.193135,0.0205,0,,,0.000,,,0.0000,0.0000,0.0000,0.0000,0.0000,-13.0000,,,,CHO,0.0000,-12.7530,0.0000,-12.7790,0.0000,0.0000,0.000,0.000,,0.0,,,,,,,0,,0
5.1188,1790258638.213667,0.0206,0,,,0.000,,,0.0000,0.0000,0.0000,0.0000,0.0000,-13.0000,,,,CHO,0.0000,-12.7530,0.0000,-12.7790,0.0000,0.0000,0.000,0.000,,0.0,,,,,,,0,,0
5.1390,1790258638.233959,0.0202,0,,,0.000,,,0.0000,0.0000,0.0000,0.0000,0.0000,-13.0000,,,,CHO,0.0000,-12.7530,0.0000,-12.7790,0.0000,0.0000,0.000,0.000,,0.0,,,,,,,0,,0
5.1593,1790258638.254213,0.0202,0,,,0.000,,,0.0000,0.0000,0.0000,0.0000,0.0000,-13.0000,,,,CHO,0.0000,-12.7530,0.0000,-12.7790,0.0000,0.0000,0.000,0.000,,0.0,,,,,,,0,,0
5.1798,1790258638.274718,0.0205,0,,,0.000,,,0.0000,0.0000,0.0000,0.0000,0.0000,-13.0000,,,,CHO,0.0000,-12.7530,0.0000,-12.7790,0.0000,0.0000,0.000,0.000,,0.0,,,,,,,0,,0
5.1999,1790258638.294888,0.0202,0,,,0.000,,,0.0000,0.0000,0.0000,0.0000,0.0000,-13.0000,,,,CHO,0.0000,-12.7530,0.0000,-12.7790,0.0000,0.0000,0.000,0.000,,0.0,,,,,,,0,,0
5.2212,1790258638.316128,0.0213,0,,,0.000,,,0.0000,0.0000,0.0000,0.0000,0.0000,-13.0000,,,,CHO,0.0000,-12.7530,0.0000,-12.7790,0.0000,0.0000,0.000,0.000,,0.0,,,,,,,0,,0
5.2421,1790258638.336942,0.0209,0,,,0.000,,,0.0000,0.0000,0.0000,0.0000,0.0000,-13.0000,,,,CHO,0.0000,-12.7530,0.0000,-12.7790,0.0000,0.0000,0.000,0.000,,0.0,,,,,,,0,,0
5.2624,1790258638.357347,0.0203,0,,,0.000,,,0.0000,0.0000,0.0000,0.0000,0.0000,-13.0000,,,,CHO,0.0000,-12.7530,0.0000,-12.7790,0.0000,0.0000,0.000,0.000,,0.0,,,,,,,0,,0
5.2850,1790258638.379998,0.0226,0,,,0.000,,,0.0000,0.0000,0.0000,0.0000,0.0000,-13.0000,,,,CHO,0.0000,-12.7530,0.0000,-12.7790,0.0000,0.0000,0.000,0.000,,0.0,,,,,,,0,,0
5.3052,1790258638.400231,0.0202,0,,,0.000,,,0.0000,0.0000,0.0000,0.0000,0.0000,-13.0000,,,,CHO,0.0000,-12.7530,0.0000,-12.7790,0.0000,0.0000,0.000,0.000,,0.0,,,,,,,0,,0
5.3257,1790258638.420511,0.0205,0,,,0.000,,,0.0000,0.0000,0.0000,0.0000,0.0000,-13.0000,,,,CHO,0.0000,-12.7530,0.0000,-12.7790,0.0000,0.0000,0.000,0.000,,0.0,,,,,,,0,,0
5.3467,1790258638.441523,0.0211,0,,,0.000,,,0.0000,0.0000,0.0000,0.0000,0.0000,-13.0000,,,,CHO,0.0000,-12.7530,0.0000,-12.7790,0.0000,0.0000,0.000,0.000,,0.0,,,,,,,0,,0
5.3667,1790258638.461661,0.0200,0,,,0.000,,,0.0000,0.0000,0.0000,0.0000,0.0000,-13.0000,,,,CHO,0.0000,-12.7530,0.0000,-12.7790,0.0000,0.0000,0.000,0.000,,0.0,,,,,,,0,,0
5.3869,1790258638.481892,0.0202,0,,,0.000,,,0.0000,0.0000,0.0000,0.0000,0.0000,-13.0000,,,,CHO,0.0000,-12.7530,0.0000,-12.7790,0.0000,0.0000,0.000,0.000,,0.0,,,,,,,0,,0
5.4075,1790258638.502420,0.0206,0,,,0.000,,,0.0000,0.0000,0.0000,0.0000,0.0000,-13.0000,,,,CHO,0.0000,-12.7530,0.0000,-12.7790,0.0000,0.0000,0.000,0.000,,0.0,,,,,,,0,,0
5.4276,1790258638.522521,0.0201,0,,,0.000,,,0.0000,0.0000,0.0000,0.0000,0.0000,-13.0000,,,,CHO,0.0000,-12.7530,0.0000,-12.7790,0.0000,0.0000,0.000,0.000,,0.0,,,,,,,0,,0
5.4483,1790258638.543227,0.0207,0,,,0.000,,,0.0000,0.0000,0.0000,0.0000,0.0000,-13.0000,,,,CHO,0.0000,-12.7530,0.0000,-12.7790,0.0000,0.0000,0.000,0.000,,0.0,,,,,,,0,,0
5.4687,1790258638.563537,0.0204,0,,,0.000,,,0.0000,0.0000,0.0000,0.0000,0.0000,-13.0000,,,,CHO,0.0000,-12.7530,0.0000,-12.7790,0.0000,0.0000,0.000,0.000,,0.0,,,,,,,0,,0
5.4905,1790258638.585624,0.0219,0,,,0.000,,,0.0000,0.0000,0.0000,0.0000,0.0000,-13.0000,,,,CHO,0.0000,-12.7530,0.0000,-12.7790,0.0000,0.0000,0.000,0.000,,0.0,,,,,,,0,,0
5.5107,1790258638.605696,0.0202,0,,,0.000,,,0.0000,0.0000,0.0000,0.0000,0.0000,-13.0000,,,,CHO,0.0000,-12.7530,0.0000,-12.7790,0.0000,0.0000,0.000,0.000,,0.0,,,,,,,0,,0
5.5329,1790258638.627833,0.0222,0,,,0.000,,,0.0000,0.0000,0.0000,0.0000,0.0000,-13.0000,,,,CHO,0.0000,-12.7530,0.0000,-12.7790,0.0000,0.0000,0.000,0.000,,0.0,,,,,,,0,,0
5.5533,1790258638.648141,0.0204,0,,,0.000,,,0.0000,0.0000,0.0000,0.0000,0.0000,-13.0000,,,,CHO,0.0000,-12.7530,0.0000,-12.7790,0.0000,0.0000,0.000,0.000,,0.0,,,,,,,0,,0
5.5738,1790258638.668755,0.0205,0,,,0.000,,,0.0000,0.0000,0.0000,0.0000,0.0000,-13.0000,,,,CHO,0.0000,-12.7530,0.0000,-12.7790,0.0000,0.0000,0.000,0.000,,0.0,,,,,,,0,,0
5.5958,1790258638.690784,0.0220,0,,,0.000,,,0.0000,0.0000,0.0000,0.0000,0.0000,-13.0000,,,,CHO,0.0000,-12.7530,0.0000,-12.7790,0.0000,0.0000,0.000,0.000,,0.0,,,,,,,0,,0
5.6170,1790258638.711740,0.0212,0,,,0.000,,,0.0000,0.0000,0.0000,0.0000,0.0000,-13.0000,,,,CHO,0.0000,-12.7530,0.0000,-12.7790,0.0000,0.0000,0.000,0.000,,0.0,,,,,,,0,,0
5.6377,1790258638.732537,0.0207,0,,,0.000,,,0.0000,0.0000,0.0000,0.0000,0.0000,-13.0000,,,,CHO,0.0000,-12.7530,0.0000,-12.7790,0.0000,0.0000,0.000,0.000,,0.0,,,,,,,0,,0
5.6579,1790258638.752795,0.0201,0,,,0.000,,,0.0000,0.0000,0.0000,0.0000,0.0000,-13.0000,,,,CHO,0.0000,-12.7530,0.0000,-12.7790,0.0000,0.0000,0.000,0.000,,0.0,,,,,,,0,,0
5.6797,1790258638.774295,0.0219,0,,,0.000,,,0.0000,0.0000,0.0000,0.0000,0.0000,-13.0000,,,,CHO,0.0000,-12.7530,0.0000,-12.7790,0.0000,0.0000,0.000,0.000,,0.0,,,,,,,0,,0
5.7000,1790258638.794993,0.0203,0,,,0.000,,,0.0000,0.0000,0.0000,0.0000,0.0000,-13.0000,,,,CHO,0.0000,-12.7530,0.0000,-12.7790,0.0000,0.0000,0.000,0.000,,0.0,,,,,,,0,,0
5.7206,1790258638.815631,0.0206,0,,,0.000,,,0.0000,0.0000,0.0000,0.0000,0.0000,-13.0000,,,,CHO,0.0000,-12.7530,0.0000,-12.7790,0.0000,0.0000,0.000,0.000,,0.0,,,,,,,0,,0
5.7412,1790258638.836158,0.0205,0,,,0.000,,,0.0000,0.0000,0.0000,0.0000,0.0000,-13.0000,,,,CHO,0.0000,-12.7530,0.0000,-12.7790,0.0000,0.0000,0.000,0.000,,0.0,,,,,,,0,,0
5.7618,1790258638.856683,0.0206,0,,,0.000,,,0.0000,0.0000,0.0000,0.0000,0.0000,-13.0000,,,,CHO,0.0000,-12.7530,0.0000,-12.7790,0.0000,0.0000,0.000,0.000,,0.0,,,,,,,0,,0
5.7821,1790258638.877050,0.0203,0,,,0.000,,,0.0000,0.0000,0.0000,0.0000,0.0000,-13.0000,,,,CHO,0.0000,-12.7530,0.0000,-12.7790,0.0000,0.0000,0.000,0.000,,0.0,,,,,,,0,,0
5.8023,1790258638.897248,0.0202,0,,,0.000,,,0.0000,0.0000,0.0000,0.0000,0.0000,-13.0000,,,,CHO,0.0000,-12.7530,0.0000,-12.7790,0.0000,0.0000,0.000,0.000,,0.0,,,,,,,0,,0
5.8230,1790258638.917987,0.0208,0,,,0.000,,,0.0000,0.0000,0.0000,0.0000,0.0000,-13.0000,,,,CHO,0.0000,-12.7530,0.0000,-12.7790,0.0000,0.0000,0.000,0.000,,0.0,,,,,,,0,,0
5.8439,1790258638.938802,0.0209,0,,,0.000,,,0.0000,0.0000,0.0000,0.0000,0.0000,-13.0000,,,,CHO,0.0000,-12.7530,0.0000,-12.7790,0.0000,0.0000,0.000,0.000,,0.0,,,,,,,0,,0
5.8641,1790258638.959027,0.0202,0,,,0.000,,,0.0000,0.0000,0.0000,0.0000,0.0000,-13.0000,,,,CHO,0.0000,-12.7530,0.0000,-12.7790,0.0000,0.0000,0.000,0.000,,0.0,,,,,,,0,,0
5.8856,1790258638.980355,0.0215,0,,,0.000,,,0.0000,0.0000,0.0000,0.0000,0.0000,-13.0000,,,,CHO,0.0000,-12.7530,0.0000,-12.7790,0.0000,0.0000,0.000,0.000,,0.0,,,,,,,0,,0
5.9060,1790258639.001025,0.0205,0,,,0.000,,,0.0000,0.0000,0.0000,0.0000,0.0000,-13.0000,,,,CHO,0.0000,-12.7530,0.0000,-12.7790,0.0000,0.0000,0.000,0.000,,0.0,,,,,,,0,,0
5.9263,1790258639.021313,0.0203,0,,,0.000,,,0.0000,0.0000,0.0000,0.0000,0.0000,-13.0000,,,,CHO,0.0000,-12.7530,0.0000,-12.7790,0.0000,0.0000,0.000,0.000,,0.0,,,,,,,0,,0
5.9468,1790258639.041736,0.0204,0,,,0.000,,,0.0000,0.0000,0.0000,0.0000,0.0000,-13.0000,,,,CHO,0.0000,-12.7530,0.0000,-12.7790,0.0000,0.0000,0.000,0.000,,0.0,,,,,,,0,,0
5.9685,1790258639.063230,0.0217,0,,,0.000,,,0.0000,0.0000,0.0000,0.0000,0.0000,-13.0000,,,,CHO,0.0000,-12.7530,0.0000,-12.7790,0.0000,0.0000,0.000,0.000,,0.0,,,,,,,0,,0
5.9894,1790258639.084359,0.0209,0,,,0.000,,,0.0000,0.0000,0.0000,0.0000,0.0000,-13.0000,,,,CHO,0.0000,-12.7530,0.0000,-12.7790,0.0000,0.0000,0.000,0.000,,0.0,,,,,,,0,,0
6.0098,1790258639.104765,0.0204,0,,,0.000,,,0.0000,0.0000,0.0000,0.0000,0.0000,-13.0000,,,,CHO,0.0000,-12.7530,0.0000,-12.7790,0.0000,0.0000,0.000,0.000,,0.0,,,,,,,0,,0
6.0316,1790258639.126476,0.0218,0,,,0.000,,,0.0000,0.0000,0.0000,0.0000,0.0000,-13.0000,,,,CHO,0.0000,-12.7530,0.0000,-12.7790,0.0000,0.0000,0.000,0.000,,0.0,,,,,,,0,,0
6.0520,1790258639.147013,0.0204,0,,,0.000,,,0.0000,0.0000,0.0000,0.0000,0.0000,-13.0000,,,,CHO,0.0000,-12.7530,0.0000,-12.7790,0.0000,0.0000,0.000,0.000,,0.0,,,,,,,0,,0
6.0723,1790258639.167299,0.0203,0,,,0.000,,,0.0000,0.0000,0.0000,0.0000,0.0000,-13.0000,,,,CHO,0.0000,-12.7530,0.0000,-12.7790,0.0000,0.0000,0.000,0.000,,0.0,,,,,,,0,,0
6.0946,1790258639.189496,0.0223,0,,,0.000,,,0.0000,0.0000,0.0000,0.0000,0.0000,-13.0000,,,,CHO,0.0000,-12.7530,0.0000,-12.7790,0.0000,0.0000,0.000,0.000,,0.0,,,,,,,0,,0
6.1147,1790258639.209669,0.0201,0,,,0.000,,,0.0000,0.0000,0.0000,0.0000,0.0000,-13.0000,,,,CHO,0.0000,-12.7530,0.0000,-12.7790,0.0000,0.0000,0.000,0.000,,0.0,,,,,,,0,,0
6.1349,1790258639.229830,0.0202,0,,,0.000,,,0.0000,0.0000,0.0000,0.0000,0.0000,-13.0000,,,,CHO,0.0000,-12.7530,0.0000,-12.7790,0.0000,0.0000,0.000,0.000,,0.0,,,,,,,0,,0
6.1554,1790258639.250339,0.0205,0,,,0.000,,,0.0000,0.0000,0.0000,0.0000,0.0000,-13.0000,,,,CHO,0.0000,-12.7530,0.0000,-12.7790,0.0000,0.0000,0.000,0.000,,0.0,,,,,,,0,,0
6.1758,1790258639.270807,0.0204,0,,,0.000,,,0.0000,0.0000,0.0000,0.0000,0.0000,-13.0000,,,,CHO,0.0000,-12.7530,0.0000,-12.7790,0.0000,0.0000,0.000,0.000,,0.0,,,,,,,0,,0
6.1963,1790258639.291254,0.0205,0,,,0.000,,,0.0000,0.0000,0.0000,0.0000,0.0000,-13.0000,,,,CHO,0.0000,-12.7530,0.0000,-12.7790,0.0000,0.0000,0.000,0.000,,0.0,,,,,,,0,,0
6.2167,1790258639.311671,0.0204,0,,,0.000,,,0.0000,0.0000,0.0000,0.0000,0.0000,-13.0000,,,,CHO,0.0000,-12.7530,0.0000,-12.7790,0.0000,0.0000,0.000,0.000,,0.0,,,,,,,0,,0
6.2382,1790258639.333120,0.0215,0,,,0.000,,,0.0000,0.0000,0.0000,0.0000,0.0000,-13.0000,,,,CHO,0.0000,-12.7530,0.0000,-12.7790,0.0000,0.0000,0.000,0.000,,0.0,,,,,,,0,,0
6.2583,1790258639.353216,0.0201,0,,,0.000,,,0.0000,0.0000,0.0000,0.0000,0.0000,-13.0000,,,,CHO,0.0000,-12.7530,0.0000,-12.7790,0.0000,0.0000,0.000,0.000,,0.0,,,,,,,0,,0
6.2785,1790258639.373451,0.0202,0,,,0.000,,,0.0000,0.0000,0.0000,0.0000,0.0000,-13.0000,,,,CHO,0.0000,-12.7530,0.0000,-12.7790,0.0000,0.0000,0.000,0.000,,0.0,,,,,,,0,,0
6.2987,1790258639.393668,0.0203,0,,,0.000,,,0.0000,0.0000,0.0000,0.0000,0.0000,-13.0000,,,,CHO,0.0000,-12.7530,0.0000,-12.7790,0.0000,0.0000,0.000,0.000,,0.0,,,,,,,0,,0
6.3192,1790258639.414158,0.0204,0,,,0.000,,,0.0000,0.0000,0.0000,0.0000,0.0000,-13.0000,,,,CHO,0.0000,-12.7530,0.0000,-12.7790,0.0000,0.0000,0.000,0.000,,0.0,,,,,,,0,,0
6.3395,1790258639.434402,0.0203,0,,,0.000,,,0.0000,0.0000,0.0000,0.0000,0.0000,-13.0000,,,,CHO,0.0000,-12.7530,0.0000,-12.7790,0.0000,0.0000,0.000,0.000,,0.0,,,,,,,0,,0
6.3595,1790258639.454427,0.0200,0,,,0.000,,,0.0000,0.0000,0.0000,0.0000,0.0000,-13.0000,,,,CHO,0.0000,-12.7530,0.0000,-12.7790,0.0000,0.0000,0.000,0.000,,0.0,,,,,,,0,,0
6.3796,1790258639.474674,0.0201,0,,,0.000,,,0.0000,0.0000,0.0000,0.0000,0.0000,-13.0000,,,,CHO,0.0000,-12.7530,0.0000,-12.7790,0.0000,0.0000,0.000,0.000,,0.0,,,,,,,0,,0
6.4002,1790258639.495086,0.0206,0,,,0.000,,,0.0000,0.0000,0.0000,0.0000,0.0000,-13.0000,,,,CHO,0.0000,-12.7530,0.0000,-12.7790,0.0000,0.0000,0.000,0.000,,0.0,,,,,,,0,,0
6.4207,1790258639.515716,0.0205,0,,,0.000,,,0.0000,0.0000,0.0000,0.0000,0.0000,-13.0000,,,,CHO,0.0000,-12.7530,0.0000,-12.7790,0.0000,0.0000,0.000,0.000,,0.0,,,,,,,0,,0
6.4408,1790258639.535725,0.0200,0,,,0.000,,,0.0000,0.0000,0.0000,0.0000,0.0000,-13.0000,,,,CHO,0.0000,-12.7530,0.0000,-12.7790,0.0000,0.0000,0.000,0.000,,0.0,,,,,,,0,,0
6.4614,1790258639.556308,0.0206,0,,,0.000,,,0.0000,0.0000,0.0000,0.0000,0.0000,-13.0000,,,,CHO,0.0000,-12.7530,0.0000,-12.7790,0.0000,0.0000,0.000,0.000,,0.0,,,,,,,0,,0
6.4819,1790258639.576900,0.0206,0,,,0.000,,,0.0000,0.0000,0.0000,0.0000,0.0000,-13.0000,,,,CHO,0.0000,-12.7530,0.0000,-12.7790,0.0000,0.0000,0.000,0.000,,0.0,,,,,,,0,,0
6.5023,1790258639.597294,0.0204,0,,,0.000,,,0.0000,0.0000,0.0000,0.0000,0.0000,-13.0000,,,,CHO,0.0000,-12.7530,0.0000,-12.7790,0.0000,0.0000,0.000,0.000,,0.0,,,,,,,0,,0
6.5228,1790258639.617628,0.0205,0,,,0.000,,,0.0000,0.0000,0.0000,0.0000,0.0000,-13.0000,,,,CHO,0.0000,-12.7530,0.0000,-12.7790,0.0000,0.0000,0.000,0.000,,0.0,,,,,,,0,,0
6.5430,1790258639.637980,0.0202,0,,,0.000,,,0.0000,0.0000,0.0000,0.0000,0.0000,-13.0000,,,,CHO,0.0000,-12.7530,0.0000,-12.7790,0.0000,0.0000,0.000,0.000,,0.0,,,,,,,0,,0
6.5635,1790258639.658475,0.0205,0,,,0.000,,,0.0000,0.0000,0.0000,0.0000,0.0000,-13.0000,,,,CHO,0.0000,-12.7530,0.0000,-12.7790,0.0000,0.0000,0.000,0.000,,0.0,,,,,,,0,,0
6.5841,1790258639.679018,0.0205,0,,,0.000,,,0.0000,0.0000,0.0000,0.0000,0.0000,-13.0000,,,,CHO,0.0000,-12.7530,0.0000,-12.7790,0.0000,0.0000,0.000,0.000,,0.0,,,,,,,0,,0
6.6044,1790258639.699397,0.0204,0,,,0.000,,,0.0000,0.0000,0.0000,0.0000,0.0000,-13.0000,,,,CHO,0.0000,-12.7530,0.0000,-12.7790,0.0000,0.0000,0.000,0.000,,0.0,,,,,,,0,,0
6.6248,1790258639.719777,0.0204,0,,,0.000,,,0.0000,0.0000,0.0000,0.0000,0.0000,-13.0000,,,,CHO,0.0000,-12.7530,0.0000,-12.7790,0.0000,0.0000,0.000,0.000,,0.0,,,,,,,0,,0
6.6454,1790258639.740263,0.0205,0,,,0.000,,,0.0000,0.0000,0.0000,0.0000,0.0000,-13.0000,,,,CHO,0.0000,-12.7530,0.0000,-12.7790,0.0000,0.0000,0.000,0.000,,0.0,,,,,,,0,,0
6.6668,1790258639.761524,0.0214,0,,,0.000,,,0.0000,0.0000,0.0000,0.0000,0.0000,-13.0000,,,,CHO,0.0000,-12.7530,0.0000,-12.7790,0.0000,0.0000,0.000,0.000,,0.0,,,,,,,0,,0
6.6873,1790258639.782214,0.0206,0,,,0.000,,,0.0000,0.0000,0.0000,0.0000,0.0000,-13.0000,,,,CHO,0.0000,-12.7530,0.0000,-12.7790,0.0000,0.0000,0.000,0.000,,0.0,,,,,,,0,,0
6.7074,1790258639.802370,0.0201,0,,,0.000,,,0.0000,0.0000,0.0000,0.0000,0.0000,-13.0000,,,,CHO,0.0000,-12.7530,0.0000,-12.7790,0.0000,0.0000,0.000,0.000,,0.0,,,,,,,0,,0
6.7280,1790258639.822928,0.0205,0,,,0.000,,,0.0000,0.0000,0.0000,0.0000,0.0000,-13.0000,,,,CHO,0.0000,-12.7530,0.0000,-12.7790,0.0000,0.0000,0.000,0.000,,0.0,,,,,,,0,,0
6.7481,1790258639.842887,0.0202,0,,,0.000,,,0.0000,0.0000,0.0000,0.0000,0.0000,-13.0000,,,,CHO,0.0000,-12.7530,0.0000,-12.7790,0.0000,0.0000,0.000,0.000,,0.0,,,,,,,0,,0
6.7685,1790258639.863490,0.0204,0,,,0.000,,,0.0000,0.0000,0.0000,0.0000,0.0000,-13.0000,,,,CHO,0.0000,-12.7530,0.0000,-12.7790,0.0000,0.0000,0.000,0.000,,0.0,,,,,,,0,,0
6.7887,1790258639.883647,0.0202,0,,,0.000,,,0.0000,0.0000,0.0000,0.0000,0.0000,-13.0000,,,,CHO,0.0000,-12.7530,0.0000,-12.7790,0.0000,0.0000,0.000,0.000,,0.0,,,,,,,0,,0
6.8093,1790258639.904331,0.0207,0,,,0.000,,,0.0000,0.0000,0.0000,0.0000,0.0000,-13.0000,,,,CHO,0.0000,-12.7530,0.0000,-12.7790,0.0000,0.0000,0.000,0.000,,0.0,,,,,,,0,,0
6.8296,1790258639.924582,0.0203,0,,,0.000,,,0.0000,0.0000,0.0000,0.0000,0.0000,-13.0000,,,,CHO,0.0000,-12.7530,0.0000,-12.7790,0.0000,0.0000,0.000,0.000,,0.0,,,,,,,0,,0
6.8500,1790258639.944940,0.0204,0,,,0.000,,,0.0000,0.0000,0.0000,0.0000,0.0000,-13.0000,,,,CHO,0.0000,-12.7530,0.0000,-12.7790,0.0000,0.0000,0.000,0.000,,0.0,,,,,,,0,,0
6.8704,1790258639.965395,0.0204,0,,,0.000,,,0.0000,0.0000,0.0000,0.0000,0.0000,-13.0000,,,,CHO,0.0000,-12.7530,0.0000,-12.7790,0.0000,0.0000,0.000,0.000,,0.0,,,,,,,0,,0
6.8910,1790258639.985977,0.0206,0,,,0.000,,,0.0000,0.0000,0.0000,0.0000,0.0000,-13.0000,,,,CHO,0.0000,-12.7530,0.0000,-12.7790,0.0000,0.0000,0.000,0.000,,0.0,,,,,,,0,,0
6.9117,1790258640.006475,0.0207,0,,,0.000,,,0.0000,0.0000,0.0000,0.0000,0.0000,-13.0000,,,,CHO,0.0000,-12.7530,0.0000,-12.7790,0.0000,0.0000,0.000,0.000,,0.0,,,,,,,0,,0
6.9323,1790258640.027249,0.0206,0,,,0.000,,,0.0000,0.0000,0.0000,0.0000,0.0000,-13.0000,,,,CHO,0.0000,-12.7530,0.0000,-12.7790,0.0000,0.0000,0.000,0.000,,0.0,,,,,,,0,,0
6.9531,1790258640.048020,0.0208,0,,,0.000,,,0.0000,0.0000,0.0000,0.0000,0.0000,-13.0000,,,,CHO,0.0000,-12.7530,0.0000,-12.7790,0.0000,0.0000,0.000,0.000,,0.0,,,,,,,0,,0
6.9733,1790258640.068134,0.0202,0,,,0.000,,,0.0000,0.0000,0.0000,0.0000,0.0000,-13.0000,,,,CHO,0.0000,-12.7530,0.0000,-12.7790,0.0000,0.0000,0.000,0.000,,0.0,,,,,,,0,,0
6.9935,1790258640.088374,0.0202,0,,,0.000,,,0.0000,0.0000,0.0000,0.0000,0.0000,-13.0000,,,,CHO,0.0000,-12.7530,0.0000,-12.7790,0.0000,0.0000,0.000,0.000,,0.0,,,,,,,0,,0
7.0139,1790258640.108864,0.0204,0,,,0.000,,,0.0000,0.0000,0.0000,0.0000,0.0000,-13.0000,,,,CHO,0.0000,-12.7530,0.0000,-12.7790,0.0000,0.0000,0.000,0.000,,0.0,,,,,,,0,,0
7.0340,1790258640.128965,0.0202,0,,,0.000,,,0.0000,0.0000,0.0000,0.0000,0.0000,-13.0000,,,,CHO,0.0000,-12.7530,0.0000,-12.7790,0.0000,0.0000,0.000,0.000,,0.0,,,,,,,0,,0
7.0541,1790258640.149051,0.0201,0,,,0.000,,,0.0000,0.0000,0.0000,0.0000,0.0000,-13.0000,,,,CHO,0.0000,-12.7530,0.0000,-12.7790,0.0000,0.0000,0.000,0.000,,0.0,,,,,,,0,,0
7.0745,1790258640.169421,0.0204,0,,,0.000,,,0.0000,0.0000,0.0000,0.0000,0.0000,-13.0000,,,,CHO,0.0000,-12.7530,0.0000,-12.7790,0.0000,0.0000,0.000,0.000,,0.0,,,,,,,0,,0
7.0949,1790258640.189849,0.0204,0,,,0.000,,,0.0000,0.0000,0.0000,0.0000,0.0000,-13.0000,,,,CHO,0.0000,-12.7530,0.0000,-12.7790,0.0000,0.0000,0.000,0.000,,0.0,,,,,,,0,,0
7.1181,1790258640.212861,0.0232,0,,,0.000,,,0.0000,0.0000,0.0000,0.0000,0.0000,-13.0000,,,,CHO,0.0000,-12.7530,0.0000,-12.7790,0.0000,0.0000,0.000,0.000,,0.0,,,,,,,0,,0
7.1386,1790258640.233518,0.0205,0,,,0.000,,,0.0000,0.0000,0.0000,0.0000,0.0000,-13.0000,,,,CHO,0.0000,-12.7530,0.0000,-12.7790,0.0000,0.0000,0.000,0.000,,0.0,,,,,,,0,,0
7.1591,1790258640.254011,0.0205,0,,,0.000,,,0.0000,0.0000,0.0000,0.0000,0.0000,-13.0000,,,,CHO,0.0000,-12.7530,0.0000,-12.7790,0.0000,0.0000,0.000,0.000,,0.0,,,,,,,0,,0
7.1794,1790258640.274290,0.0203,0,,,0.000,,,0.0000,0.0000,0.0000,0.0000,0.0000,-13.0000,,,,CHO,0.0000,-12.7530,0.0000,-12.7790,0.0000,0.0000,0.000,0.000,,0.0,,,,,,,0,,0
7.2012,1790258640.296155,0.0218,0,,,0.000,,,0.0000,0.0000,0.0000,0.0000,0.0000,-13.0000,,,,CHO,0.0000,-12.7530,0.0000,-12.7790,0.0000,0.0000,0.000,0.000,,0.0,,,,,,,0,,0
7.2217,1790258640.316675,0.0205,0,,,0.000,,,0.0000,0.0000,0.0000,0.0000,0.0000,-13.0000,,,,CHO,0.0000,-12.7530,0.0000,-12.7790,0.0000,0.0000,0.000,0.000,,0.0,,,,,,,0,,0
7.2422,1790258640.337137,0.0205,0,,,0.000,,,0.0000,0.0000,0.0000,0.0000,0.0000,-13.0000,,,,CHO,0.0000,-12.7530,0.0000,-12.7790,0.0000,0.0000,0.000,0.000,,0.0,,,,,,,0,,0
7.2627,1790258640.357665,0.0205,0,,,0.000,,,0.0000,0.0000,0.0000,0.0000,0.0000,-13.0000,,,,CHO,0.0000,-12.7530,0.0000,-12.7790,0.0000,0.0000,0.000,0.000,,0.0,,,,,,,0,,0
7.2845,1790258640.379245,0.0218,0,,,0.000,,,0.0000,0.0000,0.0000,0.0000,0.0000,-13.0000,,,,CHO,0.0000,-12.7530,0.0000,-12.7790,0.0000,0.0000,0.000,0.000,,0.0,,,,,,,0,,0
7.3049,1790258640.399733,0.0204,0,,,0.000,,,0.0000,0.0000,0.0000,0.0000,0.0000,-13.0000,,,,CHO,0.0000,-12.7530,0.0000,-12.7790,0.0000,0.0000,0.000,0.000,,0.0,,,,,,,0,,0
7.3252,1790258640.420186,0.0203,0,,,0.000,,,0.0000,0.0000,0.0000,0.0000,0.0000,-13.0000,,,,CHO,0.0000,-12.7530,0.0000,-12.7790,0.0000,0.0000,0.000,0.000,,0.0,,,,,,,0,,0
7.3454,1790258640.440341,0.0202,0,,,0.000,,,0.0000,0.0000,0.0000,0.0000,0.0000,-13.0000,,,,CHO,0.0000,-12.7530,0.0000,-12.7790,0.0000,0.0000,0.000,0.000,,0.0,,,,,,,0,,0
7.3655,1790258640.460432,0.0201,0,,,0.000,,,0.0000,0.0000,0.0000,0.0000,0.0000,-13.0000,,,,CHO,0.0000,-12.7530,0.0000,-12.7790,0.0000,0.0000,0.000,0.000,,0.0,,,,,,,0,,0
7.3858,1790258640.480789,0.0203,0,,,0.000,,,0.0000,0.0000,0.0000,0.0000,0.0000,-13.0000,,,,CHO,0.0000,-12.7530,0.0000,-12.7790,0.0000,0.0000,0.000,0.000,,0.0,,,,,,,0,,0
7.4061,1790258640.500983,0.0202,0,,,0.000,,,0.0000,0.0000,0.0000,0.0000,0.0000,-13.0000,,,,CHO,0.0000,-12.7530,0.0000,-12.7790,0.0000,0.0000,0.000,0.000,,0.0,,,,,,,0,,0
7.4264,1790258640.521302,0.0203,0,,,0.000,,,0.0000,0.0000,0.0000,0.0000,0.0000,-13.0000,,,,CHO,0.0000,-12.7530,0.0000,-12.7790,0.0000,0.0000,0.000,0.000,,0.0,,,,,,,0,,0
7.4469,1790258640.541805,0.0205,0,,,0.000,,,0.0000,0.0000,0.0000,0.0000,0.0000,-13.0000,,,,CHO,0.0000,-12.7530,0.0000,-12.7790,0.0000,0.0000,0.000,0.000,,0.0,,,,,,,0,,0
7.4675,1790258640.562295,0.0206,0,,,0.000,,,0.0000,0.0000,0.0000,0.0000,0.0000,-13.0000,,,,CHO,0.0000,-12.7530,0.0000,-12.7790,0.0000,0.0000,0.000,0.000,,0.0,,,,,,,0,,0
7.4882,1790258640.583091,0.0207,0,,,0.000,,,0.0000,0.0000,0.0000,0.0000,0.0000,-13.0000,,,,CHO,0.0000,-12.7530,0.0000,-12.7790,0.0000,0.0000,0.000,0.000,,0.0,,,,,,,0,,0
7.5087,1790258640.603597,0.0205,0,,,0.000,,,0.0000,0.0000,0.0000,0.0000,0.0000,-13.0000,,,,CHO,0.0000,-12.7530,0.0000,-12.7790,0.0000,0.0000,0.000,0.000,,0.0,,,,,,,0,,0
7.5289,1790258640.623842,0.0202,0,,,0.000,,,0.0000,0.0000,0.0000,0.0000,0.0000,-13.0000,,,,CHO,0.0000,-12.7530,0.0000,-12.7790,0.0000,0.0000,0.000,0.000,,0.0,,,,,,,0,,0
7.5518,1790258640.646633,0.0230,0,,,0.000,,,0.0000,0.0000,0.0000,0.0000,0.0000,-13.0000,,,,CHO,0.0000,-12.7530,0.0000,-12.7790,0.0000,0.0000,0.000,0.000,,0.0,,,,,,,0,,0
7.5721,1790258640.667011,0.0202,0,,,0.000,,,0.0000,0.0000,0.0000,0.0000,0.0000,-13.0000,,,,CHO,0.0000,-12.7530,0.0000,-12.7790,0.0000,0.0000,0.000,0.000,,0.0,,,,,,,0,,0
7.5924,1790258640.687330,0.0203,0,,,0.000,,,0.0000,0.0000,0.0000,0.0000,0.0000,-13.0000,,,,CHO,0.0000,-12.7530,0.0000,-12.7790,0.0000,0.0000,0.000,0.000,,0.0,,,,,,,0,,0
7.6124,1790258640.707362,0.0200,0,,,0.000,,,0.0000,0.0000,0.0000,0.0000,0.0000,-13.0000,,,,CHO,0.0000,-12.7530,0.0000,-12.7790,0.0000,0.0000,0.000,0.000,,0.0,,,,,,,0,,0
7.6350,1790258640.730073,0.0226,0,,,0.000,,,0.0000,0.0000,0.0000,0.0000,0.0000,-13.0000,,,,CHO,0.0000,-12.7530,0.0000,-12.7790,0.0000,0.0000,0.000,0.000,,0.0,,,,,,,0,,0
7.6553,1790258640.750211,0.0203,0,,,0.000,,,0.0000,0.0000,0.0000,0.0000,0.0000,-13.0000,,,,CHO,0.0000,-12.7530,0.0000,-12.7790,0.0000,0.0000,0.000,0.000,,0.0,,,,,,,0,,0
7.6758,1790258640.770735,0.0205,0,,,0.000,,,0.0000,0.0000,0.0000,0.0000,0.0000,-13.0000,,,,CHO,0.0000,-12.7530,0.0000,-12.7790,0.0000,0.0000,0.000,0.000,,0.0,,,,,,,0,,0
7.6958,1790258640.790795,0.0200,0,,,0.000,,,0.0000,0.0000,0.0000,0.0000,0.0000,-13.0000,,,,CHO,0.0000,-12.7530,0.0000,-12.7790,0.0000,0.0000,0.000,0.000,,0.0,,,,,,,0,,0
7.7175,1790258640.812308,0.0217,0,,,0.000,,,0.0000,0.0000,0.0000,0.0000,0.0000,-13.0000,,,,CHO,0.0000,-12.7530,0.0000,-12.7790,0.0000,0.0000,0.000,0.000,,0.0,,,,,,,0,,0
7.7376,1790258640.832482,0.0200,0,,,0.000,,,0.0000,0.0000,0.0000,0.0000,0.0000,-13.0000,,,,CHO,0.0000,-12.7530,0.0000,-12.7790,0.0000,0.0000,0.000,0.000,,0.0,,,,,,,0,,0
7.7580,1790258640.852817,0.0204,0,,,0.000,,,0.0000,0.0000,0.0000,0.0000,0.0000,-13.0000,,,,CHO,0.0000,-12.7530,0.0000,-12.7790,0.0000,0.0000,0.000,0.000,,0.0,,,,,,,0,,0
7.7784,1790258640.873356,0.0204,0,,,0.000,,,0.0000,0.0000,0.0000,0.0000,0.0000,-13.0000,,,,CHO,0.0000,-12.7530,0.0000,-12.7790,0.0000,0.0000,0.000,0.000,,0.0,,,,,,,0,,0
7.8008,1790258640.895537,0.0224,0,,,0.000,,,0.0000,0.0000,0.0000,0.0000,0.0000,-13.0000,,,,CHO,0.0000,-12.7530,0.0000,-12.7790,0.0000,0.0000,0.000,0.000,,0.0,,,,,,,0,,0
7.8213,1790258640.916246,0.0205,0,,,0.000,,,0.0000,0.0000,0.0000,0.0000,0.0000,-13.0000,,,,CHO,0.0000,-12.7530,0.0000,-12.7790,0.0000,0.0000,0.000,0.000,,0.0,,,,,,,0,,0
7.8418,1790258640.936796,0.0206,0,,,0.000,,,0.0000,0.0000,0.0000,0.0000,0.0000,-13.0000,,,,CHO,0.0000,-12.7530,0.0000,-12.7790,0.0000,0.0000,0.000,0.000,,0.0,,,,,,,0,,0
7.8619,1790258640.956771,0.0200,0,,,0.000,,,0.0000,0.0000,0.0000,0.0000,0.0000,-13.0000,,,,CHO,0.0000,-12.7530,0.0000,-12.7790,0.0000,0.0000,0.000,0.000,,0.0,,,,,,,0,,0
7.8822,1790258640.977172,0.0204,0,,,0.000,,,0.0000,0.0000,0.0000,0.0000,0.0000,-13.0000,,,,CHO,0.0000,-12.7530,0.0000,-12.7790,0.0000,0.0000,0.000,0.000,,0.0,,,,,,,0,,0
7.9028,1790258640.997819,0.0206,0,,,0.000,,,0.0000,0.0000,0.0000,0.0000,0.0000,-13.0000,,,,CHO,0.0000,-12.7530,0.0000,-12.7790,0.0000,0.0000,0.000,0.000,,0.0,,,,,,,0,,0
7.9231,1790258641.018071,0.0203,0,,,0.000,,,0.0000,0.0000,0.0000,0.0000,0.0000,-13.0000,,,,CHO,0.0000,-12.7530,0.0000,-12.7790,0.0000,0.0000,0.000,0.000,,0.0,,,,,,,0,,0
7.9436,1790258641.038530,0.0205,0,,,0.000,,,0.0000,0.0000,0.0000,0.0000,0.0000,-13.0000,,,,CHO,0.0000,-12.7530,0.0000,-12.7790,0.0000,0.0000,0.000,0.000,,0.0,,,,,,,0,,0
7.9650,1790258641.059986,0.0214,0,,,0.000,,,0.0000,0.0000,0.0000,0.0000,0.0000,-13.0000,,,,CHO,0.0000,-12.7530,0.0000,-12.7790,0.0000,0.0000,0.000,0.000,,0.0,,,,,,,0,,0
7.9856,1790258641.080290,0.0205,0,,,0.000,,,0.0000,0.0000,0.0000,0.0000,0.0000,-13.0000,,,,CHO,0.0000,-12.7530,0.0000,-12.7790,0.0000,0.0000,0.000,0.000,,0.0,,,,,,,0,,0
8.0058,1790258641.100748,0.0202,0,,,0.000,,,0.0000,0.0000,0.0000,0.0000,0.0000,-13.0000,,,,CHO,0.0000,-12.7530,0.0000,-12.7790,0.0000,0.0000,0.000,0.000,,0.0,,,,,,,0,,0
8.0259,1790258641.120807,0.0201,0,,,0.000,,,0.0000,0.0000,0.0000,0.0000,0.0000,-13.0000,,,,CHO,0.0000,-12.7530,0.0000,-12.7790,0.0000,0.0000,0.000,0.000,,0.0,,,,,,,0,,0
8.0462,1790258641.141092,0.0203,0,,,0.000,,,0.0000,0.0000,0.0000,0.0000,0.0000,-13.0000,,,,CHO,0.0000,-12.7530,0.0000,-12.7790,0.0000,0.0000,0.000,0.000,,0.0,,,,,,,0,,0
8.0674,1790258641.162192,0.0212,0,,,0.000,,,0.0000,0.0000,0.0000,0.0000,0.0000,-13.0000,,,,CHO,0.0000,-12.7530,0.0000,-12.7790,0.0000,0.0000,0.000,0.000,,0.0,,,,,,,0,,0
8.0879,1790258641.182787,0.0205,0,,,0.000,,,0.0000,0.0000,0.0000,0.0000,0.0000,-13.0000,,,,CHO,0.0000,-12.7530,0.0000,-12.7790,0.0000,0.0000,0.000,0.000,,0.0,,,,,,,0,,0
8.1085,1790258641.203466,0.0206,0,,,0.000,,,0.0000,0.0000,0.0000,0.0000,0.0000,-13.0000,,,,CHO,0.0000,-12.7530,0.0000,-12.7790,0.0000,0.0000,0.000,0.000,,0.0,,,,,,,0,,0
8.1334,1790258641.228262,0.0249,0,,,0.000,,,0.0000,0.0000,0.0000,0.0000,0.0000,-13.0000,,,,CHO,0.0000,-12.7530,0.0000,-12.7790,0.0000,0.0000,0.000,0.000,,0.0,,,,,,,0,,0
8.1539,1790258641.248744,0.0205,0,,,0.000,,,0.0000,0.0000,0.0000,0.0000,0.0000,-13.0000,,,,CHO,0.0000,-12.7530,0.0000,-12.7790,0.0000,0.0000,0.000,0.000,,0.0,,,,,,,0,,0
8.1744,1790258641.269325,0.0205,0,,,0.000,,,0.0000,0.0000,0.0000,0.0000,0.0000,-13.0000,,,,CHO,0.0000,-12.7530,0.0000,-12.7790,0.0000,0.0000,0.000,0.000,,0.0,,,,,,,0,,0
8.1946,1790258641.289536,0.0202,0,,,0.000,,,0.0000,0.0000,0.0000,0.0000,0.0000,-13.0000,,,,CHO,0.0000,-12.7530,0.0000,-12.7790,0.0000,0.0000,0.000,0.000,,0.0,,,,,,,0,,0
8.2147,1790258641.309616,0.0201,0,,,0.000,,,0.0000,0.0000,0.0000,0.0000,0.0000,-13.0000,,,,CHO,0.0000,-12.7530,0.0000,-12.7790,0.0000,0.0000,0.000,0.000,,0.0,,,,,,,0,,0
8.2349,1790258641.329864,0.0202,0,,,0.000,,,0.0000,0.0000,0.0000,0.0000,0.0000,-13.0000,,,,CHO,0.0000,-12.7530,0.0000,-12.7790,0.0000,0.0000,0.000,0.000,,0.0,,,,,,,0,,0
8.2554,1790258641.350379,0.0205,0,,,0.000,,,0.0000,0.0000,0.0000,0.0000,0.0000,-13.0000,,,,CHO,0.0000,-12.7530,0.0000,-12.7790,0.0000,0.0000,0.000,0.000,,0.0,,,,,,,0,,0
8.2755,1790258641.370385,0.0201,0,,,0.000,,,0.0000,0.0000,0.0000,0.0000,0.0000,-13.0000,,,,CHO,0.0000,-12.7530,0.0000,-12.7790,0.0000,0.0000,0.000,0.000,,0.0,,,,,,,0,,0
8.2960,1790258641.390865,0.0205,0,,,0.000,,,0.0000,0.0000,0.0000,0.0000,0.0000,-13.0000,,,,CHO,0.0000,-12.7530,0.0000,-12.7790,0.0000,0.0000,0.000,0.000,,0.0,,,,,,,0,,0
8.3174,1790258641.412615,0.0215,0,,,0.000,,,0.0000,0.0000,0.0000,0.0000,0.0000,-13.0000,,,,CHO,0.0000,-12.7530,0.0000,-12.7790,0.0000,0.0000,0.000,0.000,,0.0,,,,,,,0,,0
8.3381,1790258641.433033,0.0206,0,,,0.000,,,0.0000,0.0000,0.0000,0.0000,0.0000,-13.0000,,,,CHO,0.0000,-12.7530,0.0000,-12.7790,0.0000,0.0000,0.000,0.000,,0.0,,,,,,,0,,0
8.3586,1790258641.453508,0.0205,0,,,0.000,,,0.0000,0.0000,0.0000,0.0000,0.0000,-13.0000,,,,CHO,0.0000,-12.7530,0.0000,-12.7790,0.0000,0.0000,0.000,0.000,,0.0,,,,,,,0,,0
8.3790,1790258641.473943,0.0204,0,,,0.000,,,0.0000,0.0000,0.0000,0.0000,0.0000,-13.0000,,,,CHO,0.0000,-12.7530,0.0000,-12.7790,0.0000,0.0000,0.000,0.000,,0.0,,,,,,,0,,0
8.3998,1790258641.494644,0.0208,0,,,0.000,,,0.0000,0.0000,0.0000,0.0000,0.0000,-13.0000,,,,CHO,0.0000,-12.7530,0.0000,-12.7790,0.0000,0.0000,0.000,0.000,,0.0,,,,,,,0,,0
8.4199,1790258641.514929,0.0201,0,,,0.000,,,0.0000,0.0000,0.0000,0.0000,0.0000,-13.0000,,,,CHO,0.0000,-12.7530,0.0000,-12.7790,0.0000,0.0000,0.000,0.000,,0.0,,,,,,,0,,0
8.4403,1790258641.535189,0.0203,0,,,0.000,,,0.0000,0.0000,0.0000,0.0000,0.0000,-13.0000,,,,CHO,0.0000,-12.7530,0.0000,-12.7790,0.0000,0.0000,0.000,0.000,,0.0,,,,,,,0,,0
8.4609,1790258641.555847,0.0207,0,,,0.000,,,0.0000,0.0000,0.0000,0.0000,0.0000,-13.0000,,,,CHO,0.0000,-12.7530,0.0000,-12.7790,0.0000,0.0000,0.000,0.000,,0.0,,,,,,,0,,0
8.4830,1790258641.577923,0.0221,0,,,0.000,,,0.0000,0.0000,0.0000,0.0000,0.0000,-13.0000,,,,CHO,0.0000,-12.7530,0.0000,-12.7790,0.0000,0.0000,0.000,0.000,,0.0,,,,,,,0,,0
8.5034,1790258641.598264,0.0203,0,,,0.000,,,0.0000,0.0000,0.0000,0.0000,0.0000,-13.0000,,,,CHO,0.0000,-12.7530,0.0000,-12.7790,0.0000,0.0000,0.000,0.000,,0.0,,,,,,,0,,0
8.5241,1790258641.619003,0.0207,0,,,0.000,,,0.0000,0.0000,0.0000,0.0000,0.0000,-13.0000,,,,CHO,0.0000,-12.7530,0.0000,-12.7790,0.0000,0.0000,0.000,0.000,,0.0,,,,,,,0,,0
8.5443,1790258641.639204,0.0202,0,,,0.000,,,0.0000,0.0000,0.0000,0.0000,0.0000,-13.0000,,,,CHO,0.0000,-12.7530,0.0000,-12.7790,0.0000,0.0000,0.000,0.000,,0.0,,,,,,,0,,0
8.5670,1790258641.662191,0.0227,0,,,0.000,,,0.0000,0.0000,0.0000,0.0000,0.0000,-13.0000,,,,CHO,0.0000,-12.7530,0.0000,-12.7790,0.0000,0.0000,0.000,0.000,,0.0,,,,,,,0,,0
8.5876,1790258641.682553,0.0206,0,,,0.000,,,0.0000,0.0000,0.0000,0.0000,0.0000,-13.0000,,,,CHO,0.0000,-12.7530,0.0000,-12.7790,0.0000,0.0000,0.000,0.000,,0.0,,,,,,,0,,0
8.6077,1790258641.702586,0.0201,0,,,0.000,,,0.0000,0.0000,0.0000,0.0000,0.0000,-13.0000,,,,CHO,0.0000,-12.7530,0.0000,-12.7790,0.0000,0.0000,0.000,0.000,,0.0,,,,,,,0,,0
8.6278,1790258641.722703,0.0201,0,,,0.000,,,0.0000,0.0000,0.0000,0.0000,0.0000,-13.0000,,,,CHO,0.0000,-12.7530,0.0000,-12.7790,0.0000,0.0000,0.000,0.000,,0.0,,,,,,,0,,0
8.6478,1790258641.742731,0.0200,0,,,0.000,,,0.0000,0.0000,0.0000,0.0000,0.0000,-13.0000,,,,CHO,0.0000,-12.7530,0.0000,-12.7790,0.0000,0.0000,0.000,0.000,,0.0,,,,,,,0,,0
8.6680,1790258641.762969,0.0202,0,,,0.000,,,0.0000,0.0000,0.0000,0.0000,0.0000,-13.0000,,,,CHO,0.0000,-12.7530,0.0000,-12.7790,0.0000,0.0000,0.000,0.000,,0.0,,,,,,,0,,0
8.6880,1790258641.782953,0.0200,0,,,0.000,,,0.0000,0.0000,0.0000,0.0000,0.0000,-13.0000,,,,CHO,0.0000,-12.7530,0.0000,-12.7790,0.0000,0.0000,0.000,0.000,,0.0,,,,,,,0,,0
8.7084,1790258641.803309,0.0204,0,,,0.000,,,0.0000,0.0000,0.0000,0.0000,0.0000,-13.0000,,,,CHO,0.0000,-12.7530,0.0000,-12.7790,0.0000,0.0000,0.000,0.000,,0.0,,,,,,,0,,0
8.7284,1790258641.823412,0.0201,0,,,0.000,,,0.0000,0.0000,0.0000,0.0000,0.0000,-13.0000,,,,CHO,0.0000,-12.7530,0.0000,-12.7790,0.0000,0.0000,0.000,0.000,,0.0,,,,,,,0,,0
8.7488,1790258641.843758,0.0203,0,,,0.000,,,0.0000,0.0000,0.0000,0.0000,0.0000,-13.0000,,,,CHO,0.0000,-12.7530,0.0000,-12.7790,0.0000,0.0000,0.000,0.000,,0.0,,,,,,,0,,0
8.7691,1790258641.864018,0.0203,0,,,0.000,,,0.0000,0.0000,0.0000,0.0000,0.0000,-13.0000,,,,CHO,0.0000,-12.7530,0.0000,-12.7790,0.0000,0.0000,0.000,0.000,,0.0,,,,,,,0,,0
8.7899,1790258641.884834,0.0208,0,,,0.000,,,0.0000,0.0000,0.0000,0.0000,0.0000,-13.0000,,,,CHO,0.0000,-12.7530,0.0000,-12.7790,0.0000,0.0000,0.000,0.000,,0.0,,,,,,,0,,0
8.8100,1790258641.905014,0.0201,0,,,0.000,,,0.0000,0.0000,0.0000,0.0000,0.0000,-13.0000,,,,CHO,0.0000,-12.7530,0.0000,-12.7790,0.0000,0.0000,0.000,0.000,,0.0,,,,,,,0,,0
8.8302,1790258641.925046,0.0202,0,,,0.000,,,0.0000,0.0000,0.0000,0.0000,0.0000,-13.0000,,,,CHO,0.0000,-12.7530,0.0000,-12.7790,0.0000,0.0000,0.000,0.000,,0.0,,,,,,,0,,0
8.8506,1790258641.945539,0.0204,0,,,0.000,,,0.0000,0.0000,0.0000,0.0000,0.0000,-13.0000,,,,CHO,0.0000,-12.7530,0.0000,-12.7790,0.0000,0.0000,0.000,0.000,,0.0,,,,,,,0,,0
8.8715,1790258641.966493,0.0210,0,,,0.000,,,0.0000,0.0000,0.0000,0.0000,0.0000,-13.0000,,,,CHO,0.0000,-12.7530,0.0000,-12.7790,0.0000,0.0000,0.000,0.000,,0.0,,,,,,,0,,0
8.8919,1790258641.986830,0.0204,0,,,0.000,,,0.0000,0.0000,0.0000,0.0000,0.0000,-13.0000,,,,CHO,0.0000,-12.7530,0.0000,-12.7790,0.0000,0.0000,0.000,0.000,,0.0,,,,,,,0,,0
8.9125,1790258642.007468,0.0206,0,,,0.000,,,0.0000,0.0000,0.0000,0.0000,0.0000,-13.0000,,,,CHO,0.0000,-12.7530,0.0000,-12.7790,0.0000,0.0000,0.000,0.000,,0.0,,,,,,,0,,0
8.9326,1790258642.027346,0.0201,0,,,0.000,,,0.0000,0.0000,0.0000,0.0000,0.0000,-13.0000,,,,CHO,0.0000,-12.7530,0.0000,-12.7790,0.0000,0.0000,0.000,0.000,,0.0,,,,,,,0,,0
8.9526,1790258642.047480,0.0200,0,,,0.000,,,0.0000,0.0000,0.0000,0.0000,0.0000,-13.0000,,,,CHO,0.0000,-12.7530,0.0000,-12.7790,0.0000,0.0000,0.000,0.000,,0.0,,,,,,,0,,0
8.9729,1790258642.067878,0.0203,0,,,0.000,,,0.0000,0.0000,0.0000,0.0000,0.0000,-13.0000,,,,CHO,0.0000,-12.7530,0.0000,-12.7790,0.0000,0.0000,0.000,0.000,,0.0,,,,,,,0,,0
8.9935,1790258642.088403,0.0206,0,,,0.000,,,0.0000,0.0000,0.0000,0.0000,0.0000,-13.0000,,,,CHO,0.0000,-12.7530,0.0000,-12.7790,0.0000,0.0000,0.000,0.000,,0.0,,,,,,,0,,0
9.0135,1790258642.108460,0.0200,0,,,0.000,,,0.0000,0.0000,0.0000,0.0000,0.0000,-13.0000,,,,CHO,0.0000,-12.7530,0.0000,-12.7790,0.0000,0.0000,0.000,0.000,,0.0,,,,,,,0,,0
9.0337,1790258642.128529,0.0202,0,,,0.000,,,0.0000,0.0000,0.0000,0.0000,0.0000,-13.0000,,,,CHO,0.0000,-12.7530,0.0000,-12.7790,0.0000,0.0000,0.000,0.000,,0.0,,,,,,,0,,0
9.0539,1790258642.148767,0.0202,0,,,0.000,,,0.0000,0.0000,0.0000,0.0000,0.0000,-13.0000,,,,CHO,0.0000,-12.7530,0.0000,-12.7790,0.0000,0.0000,0.000,0.000,,0.0,,,,,,,0,,0
9.0740,1790258642.168972,0.0201,0,,,0.000,,,0.0000,0.0000,0.0000,0.0000,0.0000,-13.0000,,,,CHO,0.0000,-12.7530,0.0000,-12.7790,0.0000,0.0000,0.000,0.000,,0.0,,,,,,,0,,0
9.0941,1790258642.189019,0.0200,0,,,0.000,,,0.0000,0.0000,0.0000,0.0000,0.0000,-13.0000,,,,CHO,0.0000,-12.7530,0.0000,-12.7790,0.0000,0.0000,0.000,0.000,,0.0,,,,,,,0,,0
9.1162,1790258642.210951,0.0221,0,,,0.000,,,0.0000,0.0000,0.0000,0.0000,0.0000,-13.0000,,,,CHO,0.0000,-12.7530,0.0000,-12.7790,0.0000,0.0000,0.000,0.000,,0.0,,,,,,,0,,0
9.1367,1790258642.231714,0.0206,0,,,0.000,,,0.0000,0.0000,0.0000,0.0000,0.0000,-13.0000,,,,CHO,0.0000,-12.7530,0.0000,-12.7790,0.0000,0.0000,0.000,0.000,,0.0,,,,,,,0,,0
9.1570,1790258642.251901,0.0202,0,,,0.000,,,0.0000,0.0000,0.0000,0.0000,0.0000,-13.0000,,,,CHO,0.0000,-12.7530,0.0000,-12.7790,0.0000,0.0000,0.000,0.000,,0.0,,,,,,,0,,0
9.1773,1790258642.272170,0.0203,0,,,0.000,,,0.0000,0.0000,0.0000,0.0000,0.0000,-13.0000,,,,CHO,0.0000,-12.7530,0.0000,-12.7790,0.0000,0.0000,0.000,0.000,,0.0,,,,,,,0,,0
9.2001,1790258642.294908,0.0228,0,,,0.000,,,0.0000,0.0000,0.0000,0.0000,0.0000,-13.0000,,,,CHO,0.0000,-12.7530,0.0000,-12.7790,0.0000,0.0000,0.000,0.000,,0.0,,,,,,,0,,0
9.2206,1790258642.315483,0.0204,0,,,0.000,,,0.0000,0.0000,0.0000,0.0000,0.0000,-13.0000,,,,CHO,0.0000,-12.7530,0.0000,-12.7790,0.0000,0.0000,0.000,0.000,,0.0,,,,,,,0,,0
9.2408,1790258642.335697,0.0202,0,,,0.000,,,0.0000,0.0000,0.0000,0.0000,0.0000,-13.0000,,,,CHO,0.0000,-12.7530,0.0000,-12.7790,0.0000,0.0000,0.000,0.000,,0.0,,,,,,,0,,0
9.2610,1790258642.355996,0.0203,0,,,0.000,,,0.0000,0.0000,0.0000,0.0000,0.0000,-13.0000,,,,CHO,0.0000,-12.7530,0.0000,-12.7790,0.0000,0.0000,0.000,0.000,,0.0,,,,,,,0,,0
9.2828,1790258642.377627,0.0218,0,,,0.000,,,0.0000,0.0000,0.0000,0.0000,0.0000,-13.0000,,,,CHO,0.0000,-12.7530,0.0000,-12.7790,0.0000,0.0000,0.000,0.000,,0.0,,,,,,,0,,0
9.3033,1790258642.398164,0.0204,0,,,0.000,,,0.0000,0.0000,0.0000,0.0000,0.0000,-13.0000,,,,CHO,0.0000,-12.7530,0.0000,-12.7790,0.0000,0.0000,0.000,0.000,,0.0,,,,,,,0,,0
9.3239,1790258642.418823,0.0206,0,,,0.000,,,0.0000,0.0000,0.0000,0.0000,0.0000,-13.0000,,,,CHO,0.0000,-12.7530,0.0000,-12.7790,0.0000,0.0000,0.000,0.000,,0.0,,,,,,,0,,0
9.3445,1790258642.439463,0.0206,0,,,0.000,,,0.0000,0.0000,0.0000,0.0000,0.0000,-13.0000,,,,CHO,0.0000,-12.7530,0.0000,-12.7790,0.0000,0.0000,0.000,0.000,,0.0,,,,,,,0,,0
9.3659,1790258642.460771,0.0214,0,,,0.000,,,0.0000,0.0000,0.0000,0.0000,0.0000,-13.0000,,,,CHO,0.0000,-12.7530,0.0000,-12.7790,0.0000,0.0000,0.000,0.000,,0.0,,,,,,,0,,0
9.3866,1790258642.481530,0.0207,0,,,0.000,,,0.0000,0.0000,0.0000,0.0000,0.0000,-13.0000,,,,CHO,0.0000,-12.7530,0.0000,-12.7790,0.0000,0.0000,0.000,0.000,,0.0,,,,,,,0,,0
9.4073,1790258642.502235,0.0207,0,,,0.000,,,0.0000,0.0000,0.0000,0.0000,0.0000,-13.0000,,,,CHO,0.0000,-12.7530,0.0000,-12.7790,0.0000,0.0000,0.000,0.000,,0.0,,,,,,,0,,0
9.4277,1790258642.522583,0.0203,0,,,0.000,,,0.0000,0.0000,0.0000,0.0000,0.0000,-13.0000,,,,CHO,0.0000,-12.7530,0.0000,-12.7790,0.0000,0.0000,0.000,0.000,,0.0,,,,,,,0,,0
9.4499,1790258642.545103,0.0222,0,,,0.000,,,0.0000,0.0000,0.0000,0.0000,0.0000,-13.0000,,,,CHO,0.0000,-12.7530,0.0000,-12.7790,0.0000,0.0000,0.000,0.000,,0.0,,,,,,,0,,0
9.4703,1790258642.565192,0.0204,0,,,0.000,,,0.0000,0.0000,0.0000,0.0000,0.0000,-13.0000,,,,CHO,0.0000,-12.7530,0.0000,-12.7790,0.0000,0.0000,0.000,0.000,,0.0,,,,,,,0,,0
9.4908,1790258642.585689,0.0205,0,,,0.000,,,0.0000,0.0000,0.0000,0.0000,0.0000,-13.0000,,,,CHO,0.0000,-12.7530,0.0000,-12.7790,0.0000,0.0000,0.000,0.000,,0.0,,,,,,,0,,0
9.5111,1790258642.606040,0.0203,0,,,0.000,,,0.0000,0.0000,0.0000,0.0000,0.0000,-13.0000,,,,CHO,0.0000,-12.7530,0.0000,-12.7790,0.0000,0.0000,0.000,0.000,,0.0,,,,,,,0,,0
9.5330,1790258642.627807,0.0218,0,,,0.000,,,0.0000,0.0000,0.0000,0.0000,0.0000,-13.0000,,,,CHO,0.0000,-12.7530,0.0000,-12.7790,0.0000,0.0000,0.000,0.000,,0.0,,,,,,,0,,0
9.5535,1790258642.648465,0.0205,0,,,0.000,,,0.0000,0.0000,0.0000,0.0000,0.0000,-13.0000,,,,CHO,0.0000,-12.7530,0.0000,-12.7790,0.0000,0.0000,0.000,0.000,,0.0,,,,,,,0,,0
9.5737,1790258642.668658,0.0202,0,,,0.000,,,0.0000,0.0000,0.0000,0.0000,0.0000,-13.0000,,,,CHO,0.0000,-12.7530,0.0000,-12.7790,0.0000,0.0000,0.000,0.000,,0.0,,,,,,,0,,0
9.5939,1790258642.688789,0.0202,0,,,0.000,,,0.0000,0.0000,0.0000,0.0000,0.0000,-13.0000,,,,CHO,0.0000,-12.7530,0.0000,-12.7790,0.0000,0.0000,0.000,0.000,,0.0,,,,,,,0,,0
9.6140,1790258642.708889,0.0201,0,,,0.000,,,0.0000,0.0000,0.0000,0.0000,0.0000,-13.0000,,,,CHO,0.0000,-12.7530,0.0000,-12.7790,0.0000,0.0000,0.000,0.000,,0.0,,,,,,,0,,0
9.6346,1790258642.729571,0.0206,0,,,0.000,,,0.0000,0.0000,0.0000,0.0000,0.0000,-13.0000,,,,CHO,0.0000,-12.7530,0.0000,-12.7790,0.0000,0.0000,0.000,0.000,,0.0,,,,,,,0,,0
9.6552,1790258642.750015,0.0206,0,,,0.000,,,0.0000,0.0000,0.0000,0.0000,0.0000,-13.0000,,,,CHO,0.0000,-12.7530,0.0000,-12.7790,0.0000,0.0000,0.000,0.000,,0.0,,,,,,,0,,0
9.6754,1790258642.770202,0.0202,0,,,0.000,,,0.0000,0.0000,0.0000,0.0000,0.0000,-13.0000,,,,CHO,0.0000,-12.7530,0.0000,-12.7790,0.0000,0.0000,0.000,0.000,,0.0,,,,,,,0,,0
9.6958,1790258642.790794,0.0205,0,,,0.000,,,0.0000,0.0000,0.0000,0.0000,0.0000,-13.0000,,,,CHO,0.0000,-12.7530,0.0000,-12.7790,0.0000,0.0000,0.000,0.000,,0.0,,,,,,,0,,0
9.7160,1790258642.810952,0.0202,0,,,0.000,,,0.0000,0.0000,0.0000,0.0000,0.0000,-13.0000,,,,CHO,0.0000,-12.7530,0.0000,-12.7790,0.0000,0.0000,0.000,0.000,,0.0,,,,,,,0,,0
9.7367,1790258642.831513,0.0206,0,,,0.000,,,0.0000,0.0000,0.0000,0.0000,0.0000,-13.0000,,,,CHO,0.0000,-12.7530,0.0000,-12.7790,0.0000,0.0000,0.000,0.000,,0.0,,,,,,,0,,0
9.7567,1790258642.851406,0.0201,0,,,0.000,,,0.0000,0.0000,0.0000,0.0000,0.0000,-13.0000,,,,CHO,0.0000,-12.7530,0.0000,-12.7790,0.0000,0.0000,0.000,0.000,,0.0,,,,,,,0,,0
9.7768,1790258642.871633,0.0201,0,,,0.000,,,0.0000,0.0000,0.0000,0.0000,0.0000,-13.0000,,,,CHO,0.0000,-12.7530,0.0000,-12.7790,0.0000,0.0000,0.000,0.000,,0.0,,,,,,,0,,0
9.7972,1790258642.891995,0.0204,0,,,0.000,,,0.0000,0.0000,0.0000,0.0000,0.0000,-13.0000,,,,CHO,0.0000,-12.7530,0.0000,-12.7790,0.0000,0.0000,0.000,0.000,,0.0,,,,,,,0,,0
9.8177,1790258642.912590,0.0205,0,,,0.000,,,0.0000,0.0000,0.0000,0.0000,0.0000,-13.0000,,,,CHO,0.0000,-12.7530,0.0000,-12.7790,0.0000,0.0000,0.000,0.000,,0.0,,,,,,,0,,0
9.8379,1790258642.932640,0.0202,0,,,0.000,,,0.0000,0.0000,0.0000,0.0000,0.0000,-13.0000,,,,CHO,0.0000,-12.7530,0.0000,-12.7790,0.0000,0.0000,0.000,0.000,,0.0,,,,,,,0,,0
9.8586,1790258642.953409,0.0207,0,,,0.000,,,0.0000,0.0000,0.0000,0.0000,0.0000,-13.0000,,,,CHO,0.0000,-12.7530,0.0000,-12.7790,0.0000,0.0000,0.000,0.000,,0.0,,,,,,,0,,0
9.8788,1790258642.973590,0.0202,0,,,0.000,,,0.0000,0.0000,0.0000,0.0000,0.0000,-13.0000,,,,CHO,0.0000,-12.7530,0.0000,-12.7790,0.0000,0.0000,0.000,0.000,,0.0,,,,,,,0,,0
9.8989,1790258642.993682,0.0201,0,,,0.000,,,0.0000,0.0000,0.0000,0.0000,0.0000,-13.0000,,,,CHO,0.0000,-12.7530,0.0000,-12.7790,0.0000,0.0000,0.000,0.000,,0.0,,,,,,,0,,0
9.9194,1790258643.014240,0.0206,0,,,0.000,,,0.0000,0.0000,0.0000,0.0000,0.0000,-13.0000,,,,CHO,0.0000,-12.7530,0.0000,-12.7790,0.0000,0.0000,0.000,0.000,,0.0,,,,,,,0,,0
9.9399,1790258643.034724,0.0205,0,,,0.000,,,0.0000,0.0000,0.0000,0.0000,0.0000,-13.0000,,,,CHO,0.0000,-12.7530,0.0000,-12.7790,0.0000,0.0000,0.000,0.000,,0.0,,,,,,,0,,0
9.9607,1790258643.055525,0.0208,0,,,0.000,,,0.0000,0.0000,0.0000,0.0000,0.0000,-13.0000,,,,CHO,0.0000,-12.7530,0.0000,-12.7790,0.0000,0.0000,0.000,0.000,,0.0,,,,,,,0,,0
9.9812,1790258643.076074,0.0205,0,,,0.000,,,0.0000,0.0000,0.0000,0.0000,0.0000,-13.0000,,,,CHO,0.0000,-12.7530,0.0000,-12.7790,0.0000,0.0000,0.000,0.000,,0.0,,,,,,,0,,0
10.0023,1790258643.097083,0.0210,0,,,0.000,,,0.0000,0.0000,0.0000,0.0000,0.0000,-13.0000,,,,CHO,0.0000,-12.7530,0.0000,-12.7790,0.0000,0.0000,0.000,0.000,,0.0,,,,,,,0,,0
10.0225,1790258643.117309,0.0202,0,,,0.000,,,0.0000,0.0000,0.0000,0.0000,0.0000,-13.0000,,,,CHO,0.0000,-12.7530,0.0000,-12.7790,0.0000,0.0000,0.000,0.000,,0.0,,,,,,,0,,0
10.0427,1790258643.137529,0.0202,0,,,0.000,,,0.0000,0.0000,0.0000,0.0000,0.0000,-13.0000,,,,CHO,0.0000,-12.7530,0.0000,-12.7790,0.0000,0.0000,0.000,0.000,,0.0,,,,,,,0,,0
10.0632,1790258643.158065,0.0205,0,,,0.000,,,0.0000,0.0000,0.0000,0.0000,0.0000,-13.0000,,,,CHO,0.0000,-12.7530,0.0000,-12.7790,0.0000,0.0000,0.000,0.000,,0.0,,,,,,,0,,0
10.0834,1790258643.178425,0.0202,0,,,0.000,,,0.0000,0.0000,0.0000,0.0000,0.0000,-13.0000,,,,CHO,0.0000,-12.7530,0.0000,-12.7790,0.0000,0.0000,0.000,0.000,,0.0,,,,,,,0,,0
10.1037,1790258643.198519,0.0202,0,,,0.000,,,0.0000,0.0000,0.0000,0.0000,0.0000,-13.0000,,,,CHO,0.0000,-12.7530,0.0000,-12.7790,0.0000,0.0000,0.000,0.000,,0.0,,,,,,,0,,0
10.1237,1790258643.218643,0.0200,0,,,0.000,,,0.0000,0.0000,0.0000,0.0000,0.0000,-13.0000,,,,CHO,0.0000,-12.7530,0.0000,-12.7790,0.0000,0.0000,0.000,0.000,,0.0,,,,,,,0,,0
10.1438,1790258643.238797,0.0201,0,,,0.000,,,0.0000,0.0000,0.0000,0.0000,0.0000,-13.0000,,,,CHO,0.0000,-12.7530,0.0000,-12.7790,0.0000,0.0000,0.000,0.000,,0.0,,,,,,,0,,0
10.1641,1790258643.259140,0.0203,0,,,0.000,,,0.0000,0.0000,0.0000,0.0000,0.0000,-13.0000,,,,CHO,0.0000,-12.7530,0.0000,-12.7790,0.0000,0.0000,0.000,0.000,,0.0,,,,,,,0,,0
10.1845,1790258643.279399,0.0204,0,,,0.000,,,0.0000,0.0000,0.0000,0.0000,0.0000,-13.0000,,,,CHO,0.0000,-12.7530,0.0000,-12.7790,0.0000,0.0000,0.000,0.000,,0.0,,,,,,,0,,0
10.2046,1790258643.299532,0.0201,0,,,0.000,,,0.0000,0.0000,0.0000,0.0000,0.0000,-13.0000,,,,CHO,0.0000,-12.7530,0.0000,-12.7790,0.0000,0.0000,0.000,0.000,,0.0,,,,,,,0,,0
10.2249,1790258643.319651,0.0202,0,,,0.000,,,0.0000,0.0000,0.0000,0.0000,0.0000,-13.0000,,,,CHO,0.0000,-12.7530,0.0000,-12.7790,0.0000,0.0000,0.000,0.000,,0.0,,,,,,,0,,0
10.2454,1790258643.340266,0.0206,0,,,0.000,,,0.0000,0.0000,0.0000,0.0000,0.0000,-13.0000,,,,CHO,0.0000,-12.7530,0.0000,-12.7790,0.0000,0.0000,0.000,0.000,,0.0,,,,,,,0,,0
10.2660,1790258643.360951,0.0206,0,,,0.000,,,0.0000,0.0000,0.0000,0.0000,0.0000,-13.0000,,,,CHO,0.0000,-12.7530,0.0000,-12.7790,0.0000,0.0000,0.000,0.000,,0.0,,,,,,,0,,0
10.2863,1790258643.381311,0.0203,0,,,0.000,,,0.0000,0.0000,0.0000,0.0000,0.0000,-13.0000,,,,CHO,0.0000,-12.7530,0.0000,-12.7790,0.0000,0.0000,0.000,0.000,,0.0,,,,,,,0,,0
10.3068,1790258643.401702,0.0204,0,,,0.000,,,0.0000,0.0000,0.0000,0.0000,0.0000,-13.0000,,,,CHO,0.0000,-12.7530,0.0000,-12.7790,0.0000,0.0000,0.000,0.000,,0.0,,,,,,,0,,0
10.3274,1790258643.422271,0.0206,0,,,0.000,,,0.0000,0.0000,0.0000,0.0000,0.0000,-13.0000,,,,CHO,0.0000,-12.7530,0.0000,-12.7790,0.0000,0.0000,0.000,0.000,,0.0,,,,,,,0,,0
10.3475,1790258643.442299,0.0201,0,,,0.000,,,0.0000,0.0000,0.0000,0.0000,0.0000,-13.0000,,,,CHO,0.0000,-12.7530,0.0000,-12.7790,0.0000,0.0000,0.000,0.000,,0.0,,,,,,,0,,0
10.3677,1790258643.462631,0.0202,0,,,0.000,,,0.0000,0.0000,0.0000,0.0000,0.0000,-13.0000,,,,CHO,0.0000,-12.7530,0.0000,-12.7790,0.0000,0.0000,0.000,0.000,,0.0,,,,,,,0,,0
10.3883,1790258643.483208,0.0206,0,,,0.000,,,0.0000,0.0000,0.0000,0.0000,0.0000,-13.0000,,,,CHO,0.0000,-12.7530,0.0000,-12.7790,0.0000,0.0000,0.000,0.000,,0.0,,,,,,,0,,0
10.4088,1790258643.503647,0.0206,0,,,0.000,,,0.0000,0.0000,0.0000,0.0000,0.0000,-13.0000,,,,CHO,0.0000,-12.7530,0.0000,-12.7790,0.0000,0.0000,0.000,0.000,,0.0,,,,,,,0,,0
10.4295,1790258643.524381,0.0206,0,,,0.000,,,0.0000,0.0000,0.0000,0.0000,0.0000,-13.0000,,,,CHO,0.0000,-12.7530,0.0000,-12.7790,0.0000,0.0000,0.000,0.000,,0.0,,,,,,,0,,0
10.4495,1790258643.544440,0.0201,0,,,0.000,,,0.0000,0.0000,0.0000,0.0000,0.0000,-13.0000,,,,CHO,0.0000,-12.7530,0.0000,-12.7790,0.0000,0.0000,0.000,0.000,,0.0,,,,,,,0,,0
10.4696,1790258643.564556,0.0201,0,,,0.000,,,0.0000,0.0000,0.0000,0.0000,0.0000,-13.0000,,,,CHO,0.0000,-12.7530,0.0000,-12.7790,0.0000,0.0000,0.000,0.000,,0.0,,,,,,,0,,0
10.4899,1790258643.584693,0.0203,0,,,0.000,,,0.0000,0.0000,0.0000,0.0000,0.0000,-13.0000,,,,CHO,0.0000,-12.7530,0.0000,-12.7790,0.0000,0.0000,0.000,0.000,,0.0,,,,,,,0,,0
10.5107,1790258643.605572,0.0208,0,,,0.000,,,0.0000,0.0000,0.0000,0.0000,0.0000,-13.0000,,,,CHO,0.0000,-12.7530,0.0000,-12.7790,0.0000,0.0000,0.000,0.000,,0.0,,,,,,,0,,0
10.5309,1790258643.625829,0.0202,0,,,0.000,,,0.0000,0.0000,0.0000,0.0000,0.0000,-13.0000,,,,CHO,0.0000,-12.7530,0.0000,-12.7790,0.0000,0.0000,0.000,0.000,,0.0,,,,,,,0,,0
10.5510,1790258643.645865,0.0201,0,,,0.000,,,0.0000,0.0000,0.0000,0.0000,0.0000,-13.0000,,,,CHO,0.0000,-12.7530,0.0000,-12.7790,0.0000,0.0000,0.000,0.000,,0.0,,,,,,,0,,0
10.5713,1790258643.666285,0.0204,0,,,0.000,,,0.0000,0.0000,0.0000,0.0000,0.0000,-13.0000,,,,CHO,0.0000,-12.7530,0.0000,-12.7790,0.0000,0.0000,0.000,0.000,,0.0,,,,,,,0,,0
10.5913,1790258643.686298,0.0200,0,,,0.000,,,0.0000,0.0000,0.0000,0.0000,0.0000,-13.0000,,,,CHO,0.0000,-12.7530,0.0000,-12.7790,0.0000,0.0000,0.000,0.000,,0.0,,,,,,,0,,0
10.6120,1790258643.706886,0.0206,0,,,0.000,,,0.0000,0.0000,0.0000,0.0000,0.0000,-13.0000,,,,CHO,0.0000,-12.7530,0.0000,-12.7790,0.0000,0.0000,0.000,0.000,,0.0,,,,,,,0,,0
10.6325,1790258643.727466,0.0205,0,,,0.000,,,0.0000,0.0000,0.0000,0.0000,0.0000,-13.0000,,,,CHO,0.0000,-12.7530,0.0000,-12.7790,0.0000,0.0000,0.000,0.000,,0.0,,,,,,,0,,0
10.6526,1790258643.747487,0.0201,0,,,0.000,,,0.0000,0.0000,0.0000,0.0000,0.0000,-13.0000,,,,CHO,0.0000,-12.7530,0.0000,-12.7790,0.0000,0.0000,0.000,0.000,,0.0,,,,,,,0,,0
10.6728,1790258643.767631,0.0201,0,,,0.000,,,0.0000,0.0000,0.0000,0.0000,0.0000,-13.0000,,,,CHO,0.0000,-12.7530,0.0000,-12.7790,0.0000,0.0000,0.000,0.000,,0.0,,,,,,,0,,0
10.6932,1790258643.788048,0.0204,0,,,0.000,,,0.0000,0.0000,0.0000,0.0000,0.0000,-13.0000,,,,CHO,0.0000,-12.7530,0.0000,-12.7790,0.0000,0.0000,0.000,0.000,,0.0,,,,,,,0,,0
10.7134,1790258643.808385,0.0202,0,,,0.000,,,0.0000,0.0000,0.0000,0.0000,0.0000,-13.0000,,,,CHO,0.0000,-12.7530,0.0000,-12.7790,0.0000,0.0000,0.000,0.000,,0.0,,,,,,,0,,0
10.7335,1790258643.828451,0.0201,0,,,0.000,,,0.0000,0.0000,0.0000,0.0000,0.0000,-13.0000,,,,CHO,0.0000,-12.7530,0.0000,-12.7790,0.0000,0.0000,0.000,0.000,,0.0,,,,,,,0,,0
10.7536,1790258643.848375,0.0200,0,,,0.000,,,0.0000,0.0000,0.0000,0.0000,0.0000,-13.0000,,,,CHO,0.0000,-12.7530,0.0000,-12.7790,0.0000,0.0000,0.000,0.000,,0.0,,,,,,,0,,0
10.7739,1790258643.868923,0.0204,0,,,0.000,,,0.0000,0.0000,0.0000,0.0000,0.0000,-13.0000,,,,CHO,0.0000,-12.7530,0.0000,-12.7790,0.0000,0.0000,0.000,0.000,,0.0,,,,,,,0,,0
10.7942,1790258643.889153,0.0202,0,,,0.000,,,0.0000,0.0000,0.0000,0.0000,0.0000,-13.0000,,,,CHO,0.0000,-12.7530,0.0000,-12.7790,0.0000,0.0000,0.000,0.000,,0.0,,,,,,,0,,0
10.8142,1790258643.909108,0.0200,0,,,0.000,,,0.0000,0.0000,0.0000,0.0000,0.0000,-13.0000,,,,CHO,0.0000,-12.7530,0.0000,-12.7790,0.0000,0.0000,0.000,0.000,,0.0,,,,,,,0,,0
10.8348,1790258643.929712,0.0206,0,,,0.000,,,0.0000,0.0000,0.0000,0.0000,0.0000,-13.0000,,,,CHO,0.0000,-12.7530,0.0000,-12.7790,0.0000,0.0000,0.000,0.000,,0.0,,,,,,,0,,0
10.8549,1790258643.949837,0.0201,0,,,0.000,,,0.0000,0.0000,0.0000,0.0000,0.0000,-13.0000,,,,CHO,0.0000,-12.7530,0.0000,-12.7790,0.0000,0.0000,0.000,0.000,,0.0,,,,,,,0,,0
10.8754,1790258643.970293,0.0205,0,,,0.000,,,0.0000,0.0000,0.0000,0.0000,0.0000,-13.0000,,,,CHO,0.0000,-12.7530,0.0000,-12.7790,0.0000,0.0000,0.000,0.000,,0.0,,,,,,,0,,0
10.8956,1790258643.990567,0.0202,0,,,0.000,,,0.0000,0.0000,0.0000,0.0000,0.0000,-13.0000,,,,CHO,0.0000,-12.7530,0.0000,-12.7790,0.0000,0.0000,0.000,0.000,,0.0,,,,,,,0,,0
10.9162,1790258644.011153,0.0206,0,,,0.000,,,0.0000,0.0000,0.0000,0.0000,0.0000,-13.0000,,,,CHO,0.0000,-12.7530,0.0000,-12.7790,0.0000,0.0000,0.000,0.000,,0.0,,,,,,,0,,0
10.9370,1790258644.031894,0.0208,0,,,0.000,,,0.0000,0.0000,0.0000,0.0000,0.0000,-13.0000,,,,CHO,0.0000,-12.7530,0.0000,-12.7790,0.0000,0.0000,0.000,0.000,,0.0,,,,,,,0,,0
10.9571,1790258644.052009,0.0201,0,,,0.000,,,0.0000,0.0000,0.0000,0.0000,0.0000,-13.0000,,,,CHO,0.0000,-12.7530,0.0000,-12.7790,0.0000,0.0000,0.000,0.000,,0.0,,,,,,,0,,0
10.9774,1790258644.072336,0.0203,0,,,0.000,,,0.0000,0.0000,0.0000,0.0000,0.0000,-13.0000,,,,CHO,0.0000,-12.7530,0.0000,-12.7790,0.0000,0.0000,0.000,0.000,,0.0,,,,,,,0,,0
10.9983,1790258644.093211,0.0209,0,,,0.000,,,0.0000,0.0000,0.0000,0.0000,0.0000,-13.0000,,,,CHO,0.0000,-12.7530,0.0000,-12.7790,0.0000,0.0000,0.000,0.000,,0.0,,,,,,,0,,0
11.0185,1790258644.113492,0.0202,0,,,0.000,,,0.0000,0.0000,0.0000,0.0000,0.0000,-13.0000,,,,CHO,0.0000,-12.7530,0.0000,-12.7790,0.0000,0.0000,0.000,0.000,,0.0,,,,,,,0,,0
11.0385,1790258644.133474,0.0200,0,,,0.000,,,0.0000,0.0000,0.0000,0.0000,0.0000,-13.0000,,,,CHO,0.0000,-12.7530,0.0000,-12.7790,0.0000,0.0000,0.000,0.000,,0.0,,,,,,,0,,0
11.0587,1790258644.153603,0.0201,0,,,0.000,,,0.0000,0.0000,0.0000,0.0000,0.0000,-13.0000,,,,CHO,0.0000,-12.7530,0.0000,-12.7790,0.0000,0.0000,0.000,0.000,,0.0,,,,,,,0,,0
11.0795,1790258644.174399,0.0208,0,,,0.000,,,0.0000,0.0000,0.0000,0.0000,0.0000,-13.0000,,,,CHO,0.0000,-12.7530,0.0000,-12.7790,0.0000,0.0000,0.000,0.000,,0.0,,,,,,,0,,0
11.0999,1790258644.194742,0.0204,0,,,0.000,,,0.0000,0.0000,0.0000,0.0000,0.0000,-13.0000,,,,CHO,0.0000,-12.7530,0.0000,-12.7790,0.0000,0.0000,0.000,0.000,,0.0,,,,,,,0,,0
11.1199,1790258644.214860,0.0200,0,,,0.000,,,0.0000,0.0000,0.0000,0.0000,0.0000,-13.0000,,,,CHO,0.0000,-12.7530,0.0000,-12.7790,0.0000,0.0000,0.000,0.000,,0.0,,,,,,,0,,0
11.1406,1790258644.235403,0.0206,0,,,0.000,,,0.0000,0.0000,0.0000,0.0000,0.0000,-13.0000,,,,CHO,0.0000,-12.7530,0.0000,-12.7790,0.0000,0.0000,0.000,0.000,,0.0,,,,,,,0,,0
11.1607,1790258644.255600,0.0201,0,,,0.000,,,0.0000,0.0000,0.0000,0.0000,0.0000,-13.0000,,,,CHO,0.0000,-12.7530,0.0000,-12.7790,0.0000,0.0000,0.000,0.000,,0.0,,,,,,,0,,0
11.1810,1790258644.275871,0.0203,0,,,0.000,,,0.0000,0.0000,0.0000,0.0000,0.0000,-13.0000,,,,CHO,0.0000,-12.7530,0.0000,-12.7790,0.0000,0.0000,0.000,0.000,,0.0,,,,,,,0,,0
11.2011,1790258644.296025,0.0201,0,,,0.000,,,0.0000,0.0000,0.0000,0.0000,0.0000,-13.0000,,,,CHO,0.0000,-12.7530,0.0000,-12.7790,0.0000,0.0000,0.000,0.000,,0.0,,,,,,,0,,0
11.2217,1790258644.316582,0.0207,0,,,0.000,,,0.0000,0.0000,0.0000,0.0000,0.0000,-13.0000,,,,CHO,0.0000,-12.7530,0.0000,-12.7790,0.0000,0.0000,0.000,0.000,,0.0,,,,,,,0,,0
11.2418,1790258644.336562,0.0201,0,,,0.000,,,0.0000,0.0000,0.0000,0.0000,0.0000,-13.0000,,,,CHO,0.0000,-12.7530,0.0000,-12.7790,0.0000,0.0000,0.000,0.000,,0.0,,,,,,,0,,0
11.2622,1790258644.357408,0.0204,0,,,0.000,,,0.0000,0.0000,0.0000,0.0000,0.0000,-13.0000,,,,CHO,0.0000,-12.7530,0.0000,-12.7790,0.0000,0.0000,0.000,0.000,,0.0,,,,,,,0,,0
11.2825,1790258644.377341,0.0203,0,,,0.000,,,0.0000,0.0000,0.0000,0.0000,0.0000,-13.0000,,,,CHO,0.0000,-12.7530,0.0000,-12.7790,0.0000,0.0000,0.000,0.000,,0.0,,,,,,,0,,0
11.3026,1790258644.397491,0.0201,0,,,0.000,,,0.0000,0.0000,0.0000,0.0000,0.0000,-13.0000,,,,CHO,0.0000,-12.7530,0.0000,-12.7790,0.0000,0.0000,0.000,0.000,,0.0,,,,,,,0,,0
11.3227,1790258644.417641,0.0201,0,,,0.000,,,0.0000,0.0000,0.0000,0.0000,0.0000,-13.0000,,,,CHO,0.0000,-12.7530,0.0000,-12.7790,0.0000,0.0000,0.000,0.000,,0.0,,,,,,,0,,0
11.3429,1790258644.437770,0.0202,0,,,0.000,,,0.0000,0.0000,0.0000,0.0000,0.0000,-13.0000,,,,CHO,0.0000,-12.7530,0.0000,-12.7790,0.0000,0.0000,0.000,0.000,,0.0,,,,,,,0,,0
11.3630,1790258644.457925,0.0200,0,,,0.000,,,0.0000,0.0000,0.0000,0.0000,0.0000,-13.0000,,,,CHO,0.0000,-12.7530,0.0000,-12.7790,0.0000,0.0000,0.000,0.000,,0.0,,,,,,,0,,0
11.3837,1790258644.478650,0.0207,0,,,0.000,,,0.0000,0.0000,0.0000,0.0000,0.0000,-13.0000,,,,CHO,0.0000,-12.7530,0.0000,-12.7790,0.0000,0.0000,0.000,0.000,,0.0,,,,,,,0,,0
11.4039,1790258644.498700,0.0202,0,,,0.000,,,0.0000,0.0000,0.0000,0.0000,0.0000,-13.0000,,,,CHO,0.0000,-12.7530,0.0000,-12.7790,0.0000,0.0000,0.000,0.000,,0.0,,,,,,,0,,0
11.4241,1790258644.518987,0.0202,0,,,0.000,,,0.0000,0.0000,0.0000,0.0000,0.0000,-13.0000,,,,CHO,0.0000,-12.7530,0.0000,-12.7790,0.0000,0.0000,0.000,0.000,,0.0,,,,,,,0,,0
11.4444,1790258644.539275,0.0203,0,,,0.000,,,0.0000,0.0000,0.0000,0.0000,0.0000,-13.0000,,,,CHO,0.0000,-12.7530,0.0000,-12.7790,0.0000,0.0000,0.000,0.000,,0.0,,,,,,,0,,0
11.4654,1790258644.560275,0.0210,0,,,0.000,,,0.0000,0.0000,0.0000,0.0000,0.0000,-13.0000,,,,CHO,0.0000,-12.7530,0.0000,-12.7790,0.0000,0.0000,0.000,0.000,,0.0,,,,,,,0,,0
11.4856,1790258644.580581,0.0202,0,,,0.000,,,0.0000,0.0000,0.0000,0.0000,0.0000,-13.0000,,,,CHO,0.0000,-12.7530,0.0000,-12.7790,0.0000,0.0000,0.000,0.000,,0.0,,,,,,,0,,0
11.5057,1790258644.600590,0.0201,0,,,0.000,,,0.0000,0.0000,0.0000,0.0000,0.0000,-13.0000,,,,CHO,0.0000,-12.7530,0.0000,-12.7790,0.0000,0.0000,0.000,0.000,,0.0,,,,,,,0,,0
11.5261,1790258644.621061,0.0205,0,,,0.000,,,0.0000,0.0000,0.0000,0.0000,0.0000,-13.0000,,,,CHO,0.0000,-12.7530,0.0000,-12.7790,0.0000,0.0000,0.000,0.000,,0.0,,,,,,,0,,0
11.5467,1790258644.641557,0.0205,0,,,0.000,,,0.0000,0.0000,0.0000,0.0000,0.0000,-13.0000,,,,CHO,0.0000,-12.7530,0.0000,-12.7790,0.0000,0.0000,0.000,0.000,,0.0,,,,,,,0,,0
11.5669,1790258644.661846,0.0203,0,,,0.000,,,0.0000,0.0000,0.0000,0.0000,0.0000,-13.0000,,,,CHO,0.0000,-12.7530,0.0000,-12.7790,0.0000,0.0000,0.000,0.000,,0.0,,,,,,,0,,0
11.5872,1790258644.682074,0.0203,0,,,0.000,,,0.0000,0.0000,0.0000,0.0000,0.0000,-13.0000,,,,CHO,0.0000,-12.7530,0.0000,-12.7790,0.0000,0.0000,0.000,0.000,,0.0,,,,,,,0,,0
11.6074,1790258644.702368,0.0202,0,,,0.000,,,0.0000,0.0000,0.0000,0.0000,0.0000,-13.0000,,,,CHO,0.0000,-12.7530,0.0000,-12.7790,0.0000,0.0000,0.000,0.000,,0.0,,,,,,,0,,0
11.6280,1790258644.722931,0.0206,0,,,0.000,,,0.0000,0.0000,0.0000,0.0000,0.0000,-13.0000,,,,CHO,0.0000,-12.7530,0.0000,-12.7790,0.0000,0.0000,0.000,0.000,,0.0,,,,,,,0,,0
11.6481,1790258644.742991,0.0201,0,,,0.000,,,0.0000,0.0000,0.0000,0.0000,0.0000,-13.0000,,,,CHO,0.0000,-12.7530,0.0000,-12.7790,0.0000,0.0000,0.000,0.000,,0.0,,,,,,,0,,0
11.6687,1790258644.763610,0.0206,0,,,0.000,,,0.0000,0.0000,0.0000,0.0000,0.0000,-13.0000,,,,CHO,0.0000,-12.7530,0.0000,-12.7790,0.0000,0.0000,0.000,0.000,,0.0,,,,,,,0,,0
11.6892,1790258644.784061,0.0205,0,,,0.000,,,0.0000,0.0000,0.0000,0.0000,0.0000,-13.0000,,,,CHO,0.0000,-12.7530,0.0000,-12.7790,0.0000,0.0000,0.000,0.000,,0.0,,,,,,,0,,0
11.7094,1790258644.804273,0.0202,0,,,0.000,,,0.0000,0.0000,0.0000,0.0000,0.0000,-13.0000,,,,CHO,0.0000,-12.7530,0.0000,-12.7790,0.0000,0.0000,0.000,0.000,,0.0,,,,,,,0,,0
11.7297,1790258644.824548,0.0202,0,,,0.000,,,0.0000,0.0000,0.0000,0.0000,0.0000,-13.0000,,,,CHO,0.0000,-12.7530,0.0000,-12.7790,0.0000,0.0000,0.000,0.000,,0.0,,,,,,,0,,0
11.7500,1790258644.844771,0.0203,0,,,0.000,,,0.0000,0.0000,0.0000,0.0000,0.0000,-13.0000,,,,CHO,0.0000,-12.7530,0.0000,-12.7790,0.0000,0.0000,0.000,0.000,,0.0,,,,,,,0,,0
11.7704,1790258644.865349,0.0205,0,,,0.000,,,0.0000,0.0000,0.0000,0.0000,0.0000,-13.0000,,,,CHO,0.0000,-12.7530,0.0000,-12.7790,0.0000,0.0000,0.000,0.000,,0.0,,,,,,,0,,0
11.7909,1790258644.885827,0.0205,0,,,0.000,,,0.0000,0.0000,0.0000,0.0000,0.0000,-13.0000,,,,CHO,0.0000,-12.7530,0.0000,-12.7790,0.0000,0.0000,0.000,0.000,,0.0,,,,,,,0,,0
11.8111,1790258644.905975,0.0202,0,,,0.000,,,0.0000,0.0000,0.0000,0.0000,0.0000,-13.0000,,,,CHO,0.0000,-12.7530,0.0000,-12.7790,0.0000,0.0000,0.000,0.000,,0.0,,,,,,,0,,0
11.8315,1790258644.926484,0.0204,0,,,0.000,,,0.0000,0.0000,0.0000,0.0000,0.0000,-13.0000,,,,CHO,0.0000,-12.7530,0.0000,-12.7790,0.0000,0.0000,0.000,0.000,,0.0,,,,,,,0,,0
11.8521,1790258644.947082,0.0206,0,,,0.000,,,0.0000,0.0000,0.0000,0.0000,0.0000,-13.0000,,,,CHO,0.0000,-12.7530,0.0000,-12.7790,0.0000,0.0000,0.000,0.000,,0.0,,,,,,,0,,0
11.8725,1790258644.967469,0.0204,0,,,0.000,,,0.0000,0.0000,0.0000,0.0000,0.0000,-13.0000,,,,CHO,0.0000,-12.7530,0.0000,-12.7790,0.0000,0.0000,0.000,0.000,,0.0,,,,,,,0,,0
11.8927,1790258644.987621,0.0202,0,,,0.000,,,0.0000,0.0000,0.0000,0.0000,0.0000,-13.0000,,,,CHO,0.0000,-12.7530,0.0000,-12.7790,0.0000,0.0000,0.000,0.000,,0.0,,,,,,,0,,0
11.9132,1790258645.008183,0.0205,0,,,0.000,,,0.0000,0.0000,0.0000,0.0000,0.0000,-13.0000,,,,CHO,0.0000,-12.7530,0.0000,-12.7790,0.0000,0.0000,0.000,0.000,,0.0,,,,,,,0,,0
11.9340,1790258645.028755,0.0207,0,,,0.000,,,0.0000,0.0000,0.0000,0.0000,0.0000,-13.0000,,,,CHO,0.0000,-12.7530,0.0000,-12.7790,0.0000,0.0000,0.000,0.000,,0.0,,,,,,,0,,0
11.9544,1790258645.049362,0.0205,0,,,0.000,,,0.0000,0.0000,0.0000,0.0000,0.0000,-13.0000,,,,CHO,0.0000,-12.7530,0.0000,-12.7790,0.0000,0.0000,0.000,0.000,,0.0,,,,,,,0,,0
11.9751,1790258645.070042,0.0207,0,,,0.000,,,0.0000,0.0000,0.0000,0.0000,0.0000,-13.0000,,,,CHO,0.0000,-12.7530,0.0000,-12.7790,0.0000,0.0000,0.000,0.000,,0.0,,,,,,,0,,0
11.9954,1790258645.090319,0.0203,0,,,0.000,,,0.0000,0.0000,0.0000,0.0000,0.0000,-13.0000,,,,CHO,0.0000,-12.7530,0.0000,-12.7790,0.0000,0.0000,0.000,0.000,,0.0,,,,,,,0,,0
12.0156,1790258645.110509,0.0202,0,,,0.000,,,0.0000,0.0000,0.0000,0.0000,0.0000,-13.0000,,,,CHO,0.0000,-12.7530,0.0000,-12.7790,0.0000,0.0000,0.000,0.000,,0.0,,,,,,,0,,0
12.0357,1790258645.130626,0.0202,0,,,0.000,,,0.0000,0.0000,0.0000,0.0000,0.0000,-13.0000,,,,CHO,0.0000,-12.7530,0.0000,-12.7790,0.0000,0.0000,0.000,0.000,,0.0,,,,,,,0,,0
12.0560,1790258645.151002,0.0203,0,,,0.000,,,0.0000,0.0000,0.0000,0.0000,0.0000,-13.0000,,,,CHO,0.0000,-12.7530,0.0000,-12.7790,0.0000,0.0000,0.000,0.000,,0.0,,,,,,,0,,0
12.0762,1790258645.171062,0.0201,0,,,0.000,,,0.0000,0.0000,0.0000,0.0000,0.0000,-13.0000,,,,CHO,0.0000,-12.7530,0.0000,-12.7790,0.0000,0.0000,0.000,0.000,,0.0,,,,,,,0,,0
12.0968,1790258645.191730,0.0206,0,,,0.000,,,0.0000,0.0000,0.0000,0.0000,0.0000,-13.0000,,,,CHO,0.0000,-12.7530,0.0000,-12.7790,0.0000,0.0000,0.000,0.000,,0.0,,,,,,,0,,0
12.1174,1790258645.212302,0.0206,0,,,0.000,,,0.0000,0.0000,0.0000,0.0000,0.0000,-13.0000,,,,CHO,0.0000,-12.7530,0.0000,-12.7790,0.0000,0.0000,0.000,0.000,,0.0,,,,,,,0,,0
12.1378,1790258645.232557,0.0204,0,,,0.000,,,0.0000,0.0000,0.0000,0.0000,0.0000,-13.0000,,,,CHO,0.0000,-12.7530,0.0000,-12.7790,0.0000,0.0000,0.000,0.000,,0.0,,,,,,,0,,0
12.1584,1790258645.253281,0.0206,0,,,0.000,,,0.0000,0.0000,0.0000,0.0000,0.0000,-13.0000,,,,CHO,0.0000,-12.7530,0.0000,-12.7790,0.0000,0.0000,0.000,0.000,,0.0,,,,,,,0,,0
12.1789,1790258645.273899,0.0205,0,,,0.000,,,0.0000,0.0000,0.0000,0.0000,0.0000,-13.0000,,,,CHO,0.0000,-12.7530,0.0000,-12.7790,0.0000,0.0000,0.000,0.000,,0.0,,,,,,,0,,0
12.1993,1790258645.294245,0.0204,0,,,0.000,,,0.0000,0.0000,0.0000,0.0000,0.0000,-13.0000,,,,CHO,0.0000,-12.7530,0.0000,-12.7790,0.0000,0.0000,0.000,0.000,,0.0,,,,,,,0,,0
12.2200,1790258645.314882,0.0206,0,,,0.000,,,0.0000,0.0000,0.0000,0.0000,0.0000,-13.0000,,,,CHO,0.0000,-12.7530,0.0000,-12.7790,0.0000,0.0000,0.000,0.000,,0.0,,,,,,,0,,0
12.2405,1790258645.335436,0.0206,0,,,0.000,,,0.0000,0.0000,0.0000,0.0000,0.0000,-13.0000,,,,CHO,0.0000,-12.7530,0.0000,-12.7790,0.0000,0.0000,0.000,0.000,,0.0,,,,,,,0,,0
12.2608,1790258645.355560,0.0203,0,,,0.000,,,0.0000,0.0000,0.0000,0.0000,0.0000,-13.0000,,,,CHO,0.0000,-12.7530,0.0000,-12.7790,0.0000,0.0000,0.000,0.000,,0.0,,,,,,,0,,0
12.2814,1790258645.376349,0.0206,0,,,0.000,,,0.0000,0.0000,0.0000,0.0000,0.0000,-13.0000,,,,CHO,0.0000,-12.7530,0.0000,-12.7790,0.0000,0.0000,0.000,0.000,,0.0,,,,,,,0,,0
12.3016,1790258645.396451,0.0202,0,,,0.000,,,0.0000,0.0000,0.0000,0.0000,0.0000,-13.0000,,,,CHO,0.0000,-12.7530,0.0000,-12.7790,0.0000,0.0000,0.000,0.000,,0.0,,,,,,,0,,0
12.3221,1790258645.416962,0.0205,0,,,0.000,,,0.0000,0.0000,0.0000,0.0000,0.0000,-13.0000,,,,CHO,0.0000,-12.7530,0.0000,-12.7790,0.0000,0.0000,0.000,0.000,,0.0,,,,,,,0,,0
12.3426,1790258645.437544,0.0204,0,,,0.000,,,0.0000,0.0000,0.0000,0.0000,0.0000,-13.0000,,,,CHO,0.0000,-12.7530,0.0000,-12.7790,0.0000,0.0000,0.000,0.000,,0.0,,,,,,,0,,0
12.3628,1790258645.457744,0.0202,0,,,0.000,,,0.0000,0.0000,0.0000,0.0000,0.0000,-13.0000,,,,CHO,0.0000,-12.7530,0.0000,-12.7790,0.0000,0.0000,0.000,0.000,,0.0,,,,,,,0,,0
12.3831,1790258645.477948,0.0203,0,,,0.000,,,0.0000,0.0000,0.0000,0.0000,0.0000,-13.0000,,,,CHO,0.0000,-12.7530,0.0000,-12.7790,0.0000,0.0000,0.000,0.000,,0.0,,,,,,,0,,0
12.4037,1790258645.498550,0.0206,0,,,0.000,,,0.0000,0.0000,0.0000,0.0000,0.0000,-13.0000,,,,CHO,0.0000,-12.7530,0.0000,-12.7790,0.0000,0.0000,0.000,0.000,,0.0,,,,,,,0,,0
12.4241,1790258645.519043,0.0204,0,,,0.000,,,0.0000,0.0000,0.0000,0.0000,0.0000,-13.0000,,,,CHO,0.0000,-12.7530,0.0000,-12.7790,0.0000,0.0000,0.000,0.000,,0.0,,,,,,,0,,0
12.4442,1790258645.539097,0.0201,0,,,0.000,,,0.0000,0.0000,0.0000,0.0000,0.0000,-13.0000,,,,CHO,0.0000,-12.7530,0.0000,-12.7790,0.0000,0.0000,0.000,0.000,,0.0,,,,,,,0,,0
12.4645,1790258645.559812,0.0203,0,,,0.000,,,0.0000,0.0000,0.0000,0.0000,0.0000,-13.0000,,,,CHO,0.0000,-12.7530,0.0000,-12.7790,0.0000,0.0000,0.000,0.000,,0.0,,,,,,,0,,0
12.4848,1790258645.579762,0.0203,0,,,0.000,,,0.0000,0.0000,0.0000,0.0000,0.0000,-13.0000,,,,CHO,0.0000,-12.7530,0.0000,-12.7790,0.0000,0.0000,0.000,0.000,,0.0,,,,,,,0,,0
12.5050,1790258645.599926,0.0202,0,,,0.000,,,0.0000,0.0000,0.0000,0.0000,0.0000,-13.0000,,,,CHO,0.0000,-12.7530,0.0000,-12.7790,0.0000,0.0000,0.000,0.000,,0.0,,,,,,,0,,0
12.5251,1790258645.620099,0.0201,0,,,0.000,,,0.0000,0.0000,0.0000,0.0000,0.0000,-13.0000,,,,CHO,0.0000,-12.7530,0.0000,-12.7790,0.0000,0.0000,0.000,0.000,,0.0,,,,,,,0,,0
12.5456,1790258645.640590,0.0205,0,,,0.000,,,0.0000,0.0000,0.0000,0.0000,0.0000,-13.0000,,,,CHO,0.0000,-12.7530,0.0000,-12.7790,0.0000,0.0000,0.000,0.000,,0.0,,,,,,,0,,0
12.5658,1790258645.660735,0.0202,0,,,0.000,,,0.0000,0.0000,0.0000,0.0000,0.0000,-13.0000,,,,CHO,0.0000,-12.7530,0.0000,-12.7790,0.0000,0.0000,0.000,0.000,,0.0,,,,,,,0,,0
12.5859,1790258645.680844,0.0201,0,,,0.000,,,0.0000,0.0000,0.0000,0.0000,0.0000,-13.0000,,,,CHO,0.0000,-12.7530,0.0000,-12.7790,0.0000,0.0000,0.000,0.000,,0.0,,,,,,,0,,0
12.6062,1790258645.701167,0.0204,0,,,0.000,,,0.0000,0.0000,0.0000,0.0000,0.0000,-13.0000,,,,CHO,0.0000,-12.7530,0.0000,-12.7790,0.0000,0.0000,0.000,0.000,,0.0,,,,,,,0,,0
12.6264,1790258645.721338,0.0202,0,,,0.000,,,0.0000,0.0000,0.0000,0.0000,0.0000,-13.0000,,,,CHO,0.0000,-12.7530,0.0000,-12.7790,0.0000,0.0000,0.000,0.000,,0.0,,,,,,,0,,0
12.6468,1790258645.741736,0.0204,0,,,0.000,,,0.0000,0.0000,0.0000,0.0000,0.0000,-13.0000,,,,CHO,0.0000,-12.7530,0.0000,-12.7790,0.0000,0.0000,0.000,0.000,,0.0,,,,,,,0,,0
12.6676,1790258645.762514,0.0208,0,,,0.000,,,0.0000,0.0000,0.0000,0.0000,0.0000,-13.0000,,,,CHO,0.0000,-12.7530,0.0000,-12.7790,0.0000,0.0000,0.000,0.000,,0.0,,,,,,,0,,0
12.6878,1790258645.782687,0.0202,0,,,0.000,,,0.0000,0.0000,0.0000,0.0000,0.0000,-13.0000,,,,CHO,0.0000,-12.7530,0.0000,-12.7790,0.0000,0.0000,0.000,0.000,,0.0,,,,,,,0,,0
12.7082,1790258645.803099,0.0204,0,,,0.000,,,0.0000,0.0000,0.0000,0.0000,0.0000,-13.0000,,,,CHO,0.0000,-12.7530,0.0000,-12.7790,0.0000,0.0000,0.000,0.000,,0.0,,,,,,,0,,0
12.7283,1790258645.823313,0.0202,0,,,0.000,,,0.0000,0.0000,0.0000,0.0000,0.0000,-13.0000,,,,CHO,0.0000,-12.7530,0.0000,-12.7790,0.0000,0.0000,0.000,0.000,,0.0,,,,,,,0,,0
12.7483,1790258645.843306,0.0200,0,,,0.000,,,0.0000,0.0000,0.0000,0.0000,0.0000,-13.0000,,,,CHO,0.0000,-12.7530,0.0000,-12.7790,0.0000,0.0000,0.000,0.000,,0.0,,,,,,,0,,0
12.7687,1790258645.863654,0.0204,0,,,0.000,,,0.0000,0.0000,0.0000,0.0000,0.0000,-13.0000,,,,CHO,0.0000,-12.7530,0.0000,-12.7790,0.0000,0.0000,0.000,0.000,,0.0,,,,,,,0,,0
12.7888,1790258645.883761,0.0201,0,,,0.000,,,0.0000,0.0000,0.0000,0.0000,0.0000,-13.0000,,,,CHO,0.0000,-12.7530,0.0000,-12.7790,0.0000,0.0000,0.000,0.000,,0.0,,,,,,,0,,0
12.8093,1790258645.904266,0.0205,0,,,0.000,,,0.0000,0.0000,0.0000,0.0000,0.0000,-13.0000,,,,CHO,0.0000,-12.7530,0.0000,-12.7790,0.0000,0.0000,0.000,0.000,,0.0,,,,,,,0,,0
12.8299,1790258645.924823,0.0206,0,,,0.000,,,0.0000,0.0000,0.0000,0.0000,0.0000,-13.0000,,,,CHO,0.0000,-12.7530,0.0000,-12.7790,0.0000,0.0000,0.000,0.000,,0.0,,,,,,,0,,0
12.8501,1790258645.945016,0.0202,0,,,0.000,,,0.0000,0.0000,0.0000,0.0000,0.0000,-13.0000,,,,CHO,0.0000,-12.7530,0.0000,-12.7790,0.0000,0.0000,0.000,0.000,,0.0,,,,,,,0,,0
12.8702,1790258645.965183,0.0201,0,,,0.000,,,0.0000,0.0000,0.0000,0.0000,0.0000,-13.0000,,,,CHO,0.0000,-12.7530,0.0000,-12.7790,0.0000,0.0000,0.000,0.000,,0.0,,,,,,,0,,0
12.8904,1790258645.985354,0.0202,0,,,0.000,,,0.0000,0.0000,0.0000,0.0000,0.0000,-13.0000,,,,CHO,0.0000,-12.7530,0.0000,-12.7790,0.0000,0.0000,0.000,0.000,,0.0,,,,,,,0,,0
12.9105,1790258646.005486,0.0201,0,,,0.000,,,0.0000,0.0000,0.0000,0.0000,0.0000,-13.0000,,,,CHO,0.0000,-12.7530,0.0000,-12.7790,0.0000,0.0000,0.000,0.000,,0.0,,,,,,,0,,0
12.9307,1790258646.025697,0.0202,0,,,0.000,,,0.0000,0.0000,0.0000,0.0000,0.0000,-13.0000,,,,CHO,0.0000,-12.7530,0.0000,-12.7790,0.0000,0.0000,0.000,0.000,,0.0,,,,,,,0,,0
12.9508,1790258646.045731,0.0201,0,,,0.000,,,0.0000,0.0000,0.0000,0.0000,0.0000,-13.0000,,,,CHO,0.0000,-12.7530,0.0000,-12.7790,0.0000,0.0000,0.000,0.000,,0.0,,,,,,,0,,0
12.9710,1790258646.065913,0.0202,0,,,0.000,,,0.0000,0.0000,0.0000,0.0000,0.0000,-13.0000,,,,CHO,0.0000,-12.7530,0.0000,-12.7790,0.0000,0.0000,0.000,0.000,,0.0,,,,,,,0,,0
12.9911,1790258646.086113,0.0202,0,,,0.000,,,0.0000,0.0000,0.0000,0.0000,0.0000,-13.0000,,,,CHO,0.0000,-12.7530,0.0000,-12.7790,0.0000,0.0000,0.000,0.000,,0.0,,,,,,,0,,0
13.0117,1790258646.106632,0.0206,0,,,0.000,,,0.0000,0.0000,0.0000,0.0000,0.0000,-13.0000,,,,CHO,0.0000,-12.7530,0.0000,-12.7790,0.0000,0.0000,0.000,0.000,,0.0,,,,,,,0,,0
13.0318,1790258646.126670,0.0201,0,,,0.000,,,0.0000,0.0000,0.0000,0.0000,0.0000,-13.0000,,,,CHO,0.0000,-12.7530,0.0000,-12.7790,0.0000,0.0000,0.000,0.000,,0.0,,,,,,,0,,0
13.0519,1790258646.146801,0.0201,0,,,0.000,,,0.0000,0.0000,0.0000,0.0000,0.0000,-13.0000,,,,CHO,0.0000,-12.7530,0.0000,-12.7790,0.0000,0.0000,0.000,0.000,,0.0,,,,,,,0,,0
13.0722,1790258646.167149,0.0203,0,,,0.000,,,0.0000,0.0000,0.0000,0.0000,0.0000,-13.0000,,,,CHO,0.0000,-12.7530,0.0000,-12.7790,0.0000,0.0000,0.000,0.000,,0.0,,,,,,,0,,0
13.0923,1790258646.187246,0.0201,0,,,0.000,,,0.0000,0.0000,0.0000,0.0000,0.0000,-13.0000,,,,CHO,0.0000,-12.7530,0.0000,-12.7790,0.0000,0.0000,0.000,0.000,,0.0,,,,,,,0,,0
13.1123,1790258646.207256,0.0200,0,,,0.000,,,0.0000,0.0000,0.0000,0.0000,0.0000,-13.0000,,,,CHO,0.0000,-12.7530,0.0000,-12.7790,0.0000,0.0000,0.000,0.000,,0.0,,,,,,,0,,0
13.1324,1790258646.227291,0.0201,0,,,0.000,,,0.0000,0.0000,0.0000,0.0000,0.0000,-13.0000,,,,CHO,0.0000,-12.7530,0.0000,-12.7790,0.0000,0.0000,0.000,0.000,,0.0,,,,,,,0,,0
13.1525,1790258646.247414,0.0201,0,,,0.000,,,0.0000,0.0000,0.0000,0.0000,0.0000,-13.0000,,,,CHO,0.0000,-12.7530,0.0000,-12.7790,0.0000,0.0000,0.000,0.000,,0.0,,,,,,,0,,0
13.1725,1790258646.267387,0.0200,0,,,0.000,,,0.0000,0.0000,0.0000,0.0000,0.0000,-13.0000,,,,CHO,0.0000,-12.7530,0.0000,-12.7790,0.0000,0.0000,0.000,0.000,,0.0,,,,,,,0,,0
13.1926,1790258646.287521,0.0200,0,,,0.000,,,0.0000,0.0000,0.0000,0.0000,0.0000,-13.0000,,,,CHO,0.0000,-12.7530,0.0000,-12.7790,0.0000,0.0000,0.000,0.000,,0.0,,,,,,,0,,0
13.2127,1790258646.307703,0.0202,0,,,0.000,,,0.0000,0.0000,0.0000,0.0000,0.0000,-13.0000,,,,CHO,0.0000,-12.7530,0.0000,-12.7790,0.0000,0.0000,0.000,0.000,,0.0,,,,,,,0,,0
13.2330,1790258646.327972,0.0203,0,,,0.000,,,0.0000,0.0000,0.0000,0.0000,0.0000,-13.0000,,,,CHO,0.0000,-12.7530,0.0000,-12.7790,0.0000,0.0000,0.000,0.000,,0.0,,,,,,,0,,0
13.2535,1790258646.348466,0.0204,0,,,0.000,,,0.0000,0.0000,0.0000,0.0000,0.0000,-13.0000,,,,CHO,0.0000,-12.7530,0.0000,-12.7790,0.0000,0.0000,0.000,0.000,,0.0,,,,,,,0,,0
13.2739,1790258646.368901,0.0205,0,,,0.000,,,0.0000,0.0000,0.0000,0.0000,0.0000,-13.0000,,,,CHO,0.0000,-12.7530,0.0000,-12.7790,0.0000,0.0000,0.000,0.000,,0.0,,,,,,,0,,0
13.2945,1790258646.389493,0.0206,0,,,0.000,,,0.0000,0.0000,0.0000,0.0000,0.0000,-13.0000,,,,CHO,0.0000,-12.7530,0.0000,-12.7790,0.0000,0.0000,0.000,0.000,,0.0,,,,,,,0,,0
13.3145,1790258646.409405,0.0200,0,,,0.000,,,0.0000,0.0000,0.0000,0.0000,0.0000,-13.0000,,,,CHO,0.0000,-12.7530,0.0000,-12.7790,0.0000,0.0000,0.000,0.000,,0.0,,,,,,,0,,0
13.3350,1790258646.429962,0.0205,0,,,0.000,,,0.0000,0.0000,0.0000,0.0000,0.0000,-13.0000,,,,CHO,0.0000,-12.7530,0.0000,-12.7790,0.0000,0.0000,0.000,0.000,,0.0,,,,,,,0,,0
13.3553,1790258646.450267,0.0204,0,,,0.000,,,0.0000,0.0000,0.0000,0.0000,0.0000,-13.0000,,,,CHO,0.0000,-12.7530,0.0000,-12.7790,0.0000,0.0000,0.000,0.000,,0.0,,,,,,,0,,0
13.3758,1790258646.470724,0.0204,0,,,0.000,,,0.0000,0.0000,0.0000,0.0000,0.0000,-13.0000,,,,CHO,0.0000,-12.7530,0.0000,-12.7790,0.0000,0.0000,0.000,0.000,,0.0,,,,,,,0,,0
13.3959,1790258646.490798,0.0201,0,,,0.000,,,0.0000,0.0000,0.0000,0.0000,0.0000,-13.0000,,,,CHO,0.0000,-12.7530,0.0000,-12.7790,0.0000,0.0000,0.000,0.000,,0.0,,,,,,,0,,0
13.4163,1790258646.511290,0.0205,0,,,0.000,,,0.0000,0.0000,0.0000,0.0000,0.0000,-13.0000,,,,CHO,0.0000,-12.7530,0.0000,-12.7790,0.0000,0.0000,0.000,0.000,,0.0,,,,,,,0,,0
13.4366,1790258646.531554,0.0203,0,,,0.000,,,0.0000,0.0000,0.0000,0.0000,0.0000,-13.0000,,,,CHO,0.0000,-12.7530,0.0000,-12.7790,0.0000,0.0000,0.000,0.000,,0.0,,,,,,,0,,0
13.4567,1790258646.551679,0.0201,0,,,0.000,,,0.0000,0.0000,0.0000,0.0000,0.0000,-13.0000,,,,CHO,0.0000,-12.7530,0.0000,-12.7790,0.0000,0.0000,0.000,0.000,,0.0,,,,,,,0,,0
13.4772,1790258646.572125,0.0204,0,,,0.000,,,0.0000,0.0000,0.0000,0.0000,0.0000,-13.0000,,,,CHO,0.0000,-12.7530,0.0000,-12.7790,0.0000,0.0000,0.000,0.000,,0.0,,,,,,,0,,0
13.4973,1790258646.592248,0.0202,0,,,0.000,,,0.0000,0.0000,0.0000,0.0000,0.0000,-13.0000,,,,CHO,0.0000,-12.7530,0.0000,-12.7790,0.0000,0.0000,0.000,0.000,,0.0,,,,,,,0,,0
13.5176,1790258646.612571,0.0203,0,,,0.000,,,0.0000,0.0000,0.0000,0.0000,0.0000,-13.0000,,,,CHO,0.0000,-12.7530,0.0000,-12.7790,0.0000,0.0000,0.000,0.000,,0.0,,,,,,,0,,0
13.5381,1790258646.633111,0.0205,0,,,0.000,,,0.0000,0.0000,0.0000,0.0000,0.0000,-13.0000,,,,CHO,0.0000,-12.7530,0.0000,-12.7790,0.0000,0.0000,0.000,0.000,,0.0,,,,,,,0,,0
13.5589,1790258646.653773,0.0207,0,,,0.000,,,0.0000,0.0000,0.0000,0.0000,0.0000,-13.0000,,,,CHO,0.0000,-12.7530,0.0000,-12.7790,0.0000,0.0000,0.000,0.000,,0.0,,,,,,,0,,0
13.5794,1790258646.674369,0.0205,0,,,0.000,,,0.0000,0.0000,0.0000,0.0000,0.0000,-13.0000,,,,CHO,0.0000,-12.7530,0.0000,-12.7790,0.0000,0.0000,0.000,0.000,,0.0,,,,,,,0,,0
13.5997,1790258646.694694,0.0203,0,,,0.000,,,0.0000,0.0000,0.0000,0.0000,0.0000,-13.0000,,,,CHO,0.0000,-12.7530,0.0000,-12.7790,0.0000,0.0000,0.000,0.000,,0.0,,,,,,,0,,0
13.6198,1790258646.714787,0.0201,0,,,0.000,,,0.0000,0.0000,0.0000,0.0000,0.0000,-13.0000,,,,CHO,0.0000,-12.7530,0.0000,-12.7790,0.0000,0.0000,0.000,0.000,,0.0,,,,,,,0,,0
13.6403,1790258646.735254,0.0205,0,,,0.000,,,0.0000,0.0000,0.0000,0.0000,0.0000,-13.0000,,,,CHO,0.0000,-12.7530,0.0000,-12.7790,0.0000,0.0000,0.000,0.000,,0.0,,,,,,,0,,0
13.6609,1790258646.755850,0.0206,0,,,0.000,,,0.0000,0.0000,0.0000,0.0000,0.0000,-13.0000,,,,CHO,0.0000,-12.7530,0.0000,-12.7790,0.0000,0.0000,0.000,0.000,,0.0,,,,,,,0,,0
13.6817,1790258646.776690,0.0209,0,,,0.000,,,0.0000,0.0000,0.0000,0.0000,0.0000,-13.0000,,,,CHO,0.0000,-12.7530,0.0000,-12.7790,0.0000,0.0000,0.000,0.000,,0.0,,,,,,,0,,0
13.7018,1790258646.796794,0.0201,0,,,0.000,,,0.0000,0.0000,0.0000,0.0000,0.0000,-13.0000,,,,CHO,0.0000,-12.7530,0.0000,-12.7790,0.0000,0.0000,0.000,0.000,,0.0,,,,,,,0,,0
13.7222,1790258646.817137,0.0204,0,,,0.000,,,0.0000,0.0000,0.0000,0.0000,0.0000,-13.0000,,,,CHO,0.0000,-12.7530,0.0000,-12.7790,0.0000,0.0000,0.000,0.000,,0.0,,,,,,,0,,0
13.7430,1790258646.837986,0.0208,0,,,0.000,,,0.0000,0.0000,0.0000,0.0000,0.0000,-13.0000,,,,CHO,0.0000,-12.7530,0.0000,-12.7790,0.0000,0.0000,0.000,0.000,,0.0,,,,,,,0,,0
13.7636,1790258646.858487,0.0206,0,,,0.000,,,0.0000,0.0000,0.0000,0.0000,0.0000,-13.0000,,,,CHO,0.0000,-12.7530,0.0000,-12.7790,0.0000,0.0000,0.000,0.000,,0.0,,,,,,,0,,0
13.7843,1790258646.879241,0.0207,0,,,0.000,,,0.0000,0.0000,0.0000,0.0000,0.0000,-13.0000,,,,CHO,0.0000,-12.7530,0.0000,-12.7790,0.0000,0.0000,0.000,0.000,,0.0,,,,,,,0,,0
13.8049,1790258646.899887,0.0206,0,,,0.000,,,0.0000,0.0000,0.0000,0.0000,0.0000,-13.0000,,,,CHO,0.0000,-12.7530,0.0000,-12.7790,0.0000,0.0000,0.000,0.000,,0.0,,,,,,,0,,0
13.8252,1790258646.920196,0.0203,0,,,0.000,,,0.0000,0.0000,0.0000,0.0000,0.0000,-13.0000,,,,CHO,0.0000,-12.7530,0.0000,-12.7790,0.0000,0.0000,0.000,0.000,,0.0,,,,,,,0,,0
13.8457,1790258646.940611,0.0205,0,,,0.000,,,0.0000,0.0000,0.0000,0.0000,0.0000,-13.0000,,,,CHO,0.0000,-12.7530,0.0000,-12.7790,0.0000,0.0000,0.000,0.000,,0.0,,,,,,,0,,0
13.8663,1790258646.961224,0.0206,0,,,0.000,,,0.0000,0.0000,0.0000,0.0000,0.0000,-13.0000,,,,CHO,0.0000,-12.7530,0.0000,-12.7790,0.0000,0.0000,0.000,0.000,,0.0,,,,,,,0,,0
13.8866,1790258646.981586,0.0203,0,,,0.000,,,0.0000,0.0000,0.0000,0.0000,0.0000,-13.0000,,,,CHO,0.0000,-12.7530,0.0000,-12.7790,0.0000,0.0000,0.000,0.000,,0.0,,,,,,,0,,0
13.9069,1790258647.001749,0.0202,0,,,0.000,,,0.0000,0.0000,0.0000,0.0000,0.0000,-13.0000,,,,CHO,0.0000,-12.7530,0.0000,-12.7790,0.0000,0.0000,0.000,0.000,,0.0,,,,,,,0,,0
13.9275,1790258647.022373,0.0206,0,,,0.000,,,0.0000,0.0000,0.0000,0.0000,0.0000,-13.0000,,,,CHO,0.0000,-12.7530,0.0000,-12.7790,0.0000,0.0000,0.000,0.000,,0.0,,,,,,,0,,0
13.9479,1790258647.042838,0.0204,0,,,0.000,,,0.0000,0.0000,0.0000,0.0000,0.0000,-13.0000,,,,CHO,0.0000,-12.7530,0.0000,-12.7790,0.0000,0.0000,0.000,0.000,,0.0,,,,,,,0,,0
13.9684,1790258647.063342,0.0205,0,,,0.000,,,0.0000,0.0000,0.0000,0.0000,0.0000,-13.0000,,,,CHO,0.0000,-12.7530,0.0000,-12.7790,0.0000,0.0000,0.000,0.000,,0.0,,,,,,,0,,0
13.9891,1790258647.083980,0.0207,0,,,0.000,,,0.0000,0.0000,0.0000,0.0000,0.0000,-13.0000,,,,CHO,0.0000,-12.7530,0.0000,-12.7790,0.0000,0.0000,0.000,0.000,,0.0,,,,,,,0,,0
14.0093,1790258647.104307,0.0203,0,,,0.000,,,0.0000,0.0000,0.0000,0.0000,0.0000,-13.0000,,,,CHO,0.0000,-12.7530,0.0000,-12.7790,0.0000,0.0000,0.000,0.000,,0.0,,,,,,,0,,0
14.0299,1790258647.124764,0.0205,0,,,0.000,,,0.0000,0.0000,0.0000,0.0000,0.0000,-13.0000,,,,CHO,0.0000,-12.7530,0.0000,-12.7790,0.0000,0.0000,0.000,0.000,,0.0,,,,,,,0,,0
14.0503,1790258647.145212,0.0204,0,,,0.000,,,0.0000,0.0000,0.0000,0.0000,0.0000,-13.0000,,,,CHO,0.0000,-12.7530,0.0000,-12.7790,0.0000,0.0000,0.000,0.000,,0.0,,,,,,,0,,0
14.0707,1790258647.165630,0.0205,0,,,0.000,,,0.0000,0.0000,0.0000,0.0000,0.0000,-13.0000,,,,CHO,0.0000,-12.7530,0.0000,-12.7790,0.0000,0.0000,0.000,0.000,,0.0,,,,,,,0,,0
14.0908,1790258647.185657,0.0200,0,,,0.000,,,0.0000,0.0000,0.0000,0.0000,0.0000,-13.0000,,,,CHO,0.0000,-12.7530,0.0000,-12.7790,0.0000,0.0000,0.000,0.000,,0.0,,,,,,,0,,0
14.1111,1790258647.206064,0.0203,0,,,0.000,,,0.0000,0.0000,0.0000,0.0000,0.0000,-13.0000,,,,CHO,0.0000,-12.7530,0.0000,-12.7790,0.0000,0.0000,0.000,0.000,,0.0,,,,,,,0,,0
14.1314,1790258647.226292,0.0203,0,,,0.000,,,0.0000,0.0000,0.0000,0.0000,0.0000,-13.0000,,,,CHO,0.0000,-12.7530,0.0000,-12.7790,0.0000,0.0000,0.000,0.000,,0.0,,,,,,,0,,0
14.1521,1790258647.246974,0.0207,0,,,0.000,,,0.0000,0.0000,0.0000,0.0000,0.0000,-13.0000,,,,CHO,0.0000,-12.7530,0.0000,-12.7790,0.0000,0.0000,0.000,0.000,,0.0,,,,,,,0,,0
14.1732,1790258647.268066,0.0212,0,,,0.000,,,0.0000,0.0000,0.0000,0.0000,0.0000,-13.0000,,,,CHO,0.0000,-12.7530,0.0000,-12.7790,0.0000,0.0000,0.000,0.000,,0.0,,,,,,,0,,0
14.1937,1790258647.288741,0.0205,0,,,0.000,,,0.0000,0.0000,0.0000,0.0000,0.0000,-13.0000,,,,CHO,0.0000,-12.7530,0.0000,-12.7790,0.0000,0.0000,0.000,0.000,,0.0,,,,,,,0,,0
14.2140,1790258647.308825,0.0203,0,,,0.000,,,0.0000,0.0000,0.0000,0.0000,0.0000,-13.0000,,,,CHO,0.0000,-12.7530,0.0000,-12.7790,0.0000,0.0000,0.000,0.000,,0.0,,,,,,,0,,0
14.2350,1790258647.329897,0.0209,0,,,0.000,,,0.0000,0.0000,0.0000,0.0000,0.0000,-13.0000,,,,CHO,0.0000,-12.7530,0.0000,-12.7790,0.0000,0.0000,0.000,0.000,,0.0,,,,,,,0,,0
14.2552,1790258647.350137,0.0203,0,,,0.000,,,0.0000,0.0000,0.0000,0.0000,0.0000,-13.0000,,,,CHO,0.0000,-12.7530,0.0000,-12.7790,0.0000,0.0000,0.000,0.000,,0.0,,,,,,,0,,0
14.2757,1790258647.370705,0.0205,0,,,0.000,,,0.0000,0.0000,0.0000,0.0000,0.0000,-13.0000,,,,CHO,0.0000,-12.7530,0.0000,-12.7790,0.0000,0.0000,0.000,0.000,,0.0,,,,,,,0,,0
14.2960,1790258647.390914,0.0202,0,,,0.000,,,0.0000,0.0000,0.0000,0.0000,0.0000,-13.0000,,,,CHO,0.0000,-12.7530,0.0000,-12.7790,0.0000,0.0000,0.000,0.000,,0.0,,,,,,,0,,0
14.3165,1790258647.411498,0.0206,0,,,0.000,,,0.0000,0.0000,0.0000,0.0000,0.0000,-13.0000,,,,CHO,0.0000,-12.7530,0.0000,-12.7790,0.0000,0.0000,0.000,0.000,,0.0,,,,,,,0,,0
14.3371,1790258647.432073,0.0205,0,,,0.000,,,0.0000,0.0000,0.0000,0.0000,0.0000,-13.0000,,,,CHO,0.0000,-12.7530,0.0000,-12.7790,0.0000,0.0000,0.000,0.000,,0.0,,,,,,,0,,0
14.3571,1790258647.452069,0.0200,0,,,0.000,,,0.0000,0.0000,0.0000,0.0000,0.0000,-13.0000,,,,CHO,0.0000,-12.7530,0.0000,-12.7790,0.0000,0.0000,0.000,0.000,,0.0,,,,,,,0,,0
14.3779,1790258647.472863,0.0208,0,,,0.000,,,0.0000,0.0000,0.0000,0.0000,0.0000,-13.0000,,,,CHO,0.0000,-12.7530,0.0000,-12.7790,0.0000,0.0000,0.000,0.000,,0.0,,,,,,,0,,0
14.3982,1790258647.493134,0.0202,0,,,0.000,,,0.0000,0.0000,0.0000,0.0000,0.0000,-13.0000,,,,CHO,0.0000,-12.7530,0.0000,-12.7790,0.0000,0.0000,0.000,0.000,,0.0,,,,,,,0,,0
14.4182,1790258647.513201,0.0201,0,,,0.000,,,0.0000,0.0000,0.0000,0.0000,0.0000,-13.0000,,,,CHO,0.0000,-12.7530,0.0000,-12.7790,0.0000,0.0000,0.000,0.000,,0.0,,,,,,,0,,0
14.4387,1790258647.533643,0.0205,0,,,0.000,,,0.0000,0.0000,0.0000,0.0000,0.0000,-13.0000,,,,CHO,0.0000,-12.7530,0.0000,-12.7790,0.0000,0.0000,0.000,0.000,,0.0,,,,,,,0,,0
14.4589,1790258647.553775,0.0202,0,,,0.000,,,0.0000,0.0000,0.0000,0.0000,0.0000,-13.0000,,,,CHO,0.0000,-12.7530,0.0000,-12.7790,0.0000,0.0000,0.000,0.000,,0.0,,,,,,,0,,0
14.4790,1790258647.573831,0.0200,0,,,0.000,,,0.0000,0.0000,0.0000,0.0000,0.0000,-13.0000,,,,CHO,0.0000,-12.7530,0.0000,-12.7790,0.0000,0.0000,0.000,0.000,,0.0,,,,,,,0,,0
14.4996,1790258647.594509,0.0206,0,,,0.000,,,0.0000,0.0000,0.0000,0.0000,0.0000,-13.0000,,,,CHO,0.0000,-12.7530,0.0000,-12.7790,0.0000,0.0000,0.000,0.000,,0.0,,,,,,,0,,0
14.5196,1790258647.614555,0.0200,0,,,0.000,,,0.0000,0.0000,0.0000,0.0000,0.0000,-13.0000,,,,CHO,0.0000,-12.7530,0.0000,-12.7790,0.0000,0.0000,0.000,0.000,,0.0,,,,,,,0,,0
14.5402,1790258647.635138,0.0206,0,,,0.000,,,0.0000,0.0000,0.0000,0.0000,0.0000,-13.0000,,,,CHO,0.0000,-12.7530,0.0000,-12.7790,0.0000,0.0000,0.000,0.000,,0.0,,,,,,,0,,0
14.5604,1790258647.655310,0.0202,0,,,0.000,,,0.0000,0.0000,0.0000,0.0000,0.0000,-13.0000,,,,CHO,0.0000,-12.7530,0.0000,-12.7790,0.0000,0.0000,0.000,0.000,,0.0,,,,,,,0,,0
14.5805,1790258647.675482,0.0201,0,,,0.000,,,0.0000,0.0000,0.0000,0.0000,0.0000,-13.0000,,,,CHO,0.0000,-12.7530,0.0000,-12.7790,0.0000,0.0000,0.000,0.000,,0.0,,,,,,,0,,0
14.6006,1790258647.695559,0.0201,0,,,0.000,,,0.0000,0.0000,0.0000,0.0000,0.0000,-13.0000,,,,CHO,0.0000,-12.7530,0.0000,-12.7790,0.0000,0.0000,0.000,0.000,,0.0,,,,,,,0,,0
14.6208,1790258647.715694,0.0202,0,,,0.000,,,0.0000,0.0000,0.0000,0.0000,0.0000,-13.0000,,,,CHO,0.0000,-12.7530,0.0000,-12.7790,0.0000,0.0000,0.000,0.000,,0.0,,,,,,,0,,0
14.6414,1790258647.736330,0.0206,0,,,0.000,,,0.0000,0.0000,0.0000,0.0000,0.0000,-13.0000,,,,CHO,0.0000,-12.7530,0.0000,-12.7790,0.0000,0.0000,0.000,0.000,,0.0,,,,,,,0,,0
14.6619,1790258647.756870,0.0205,0,,,0.000,,,0.0000,0.0000,0.0000,0.0000,0.0000,-13.0000,,,,CHO,0.0000,-12.7530,0.0000,-12.7790,0.0000,0.0000,0.000,0.000,,0.0,,,,,,,0,,0
14.6820,1790258647.776983,0.0201,0,,,0.000,,,0.0000,0.0000,0.0000,0.0000,0.0000,-13.0000,,,,CHO,0.0000,-12.7530,0.0000,-12.7790,0.0000,0.0000,0.000,0.000,,0.0,,,,,,,0,,0
14.7025,1790258647.797367,0.0205,0,,,0.000,,,0.0000,0.0000,0.0000,0.0000,0.0000,-13.0000,,,,CHO,0.0000,-12.7530,0.0000,-12.7790,0.0000,0.0000,0.000,0.000,,0.0,,,,,,,0,,0
14.7227,1790258647.817711,0.0202,0,,,0.000,,,0.0000,0.0000,0.0000,0.0000,0.0000,-13.0000,,,,CHO,0.0000,-12.7530,0.0000,-12.7790,0.0000,0.0000,0.000,0.000,,0.0,,,,,,,0,,0
14.7433,1790258647.838224,0.0205,0,,,0.000,,,0.0000,0.0000,0.0000,0.0000,0.0000,-13.0000,,,,CHO,0.0000,-12.7530,0.0000,-12.7790,0.0000,0.0000,0.000,0.000,,0.0,,,,,,,0,,0
14.7638,1790258647.858736,0.0205,0,,,0.000,,,0.0000,0.0000,0.0000,0.0000,0.0000,-13.0000,,,,CHO,0.0000,-12.7530,0.0000,-12.7790,0.0000,0.0000,0.000,0.000,,0.0,,,,,,,0,,0
14.7840,1790258647.878914,0.0201,0,,,0.000,,,0.0000,0.0000,0.0000,0.0000,0.0000,-13.0000,,,,CHO,0.0000,-12.7530,0.0000,-12.7790,0.0000,0.0000,0.000,0.000,,0.0,,,,,,,0,,0
14.8042,1790258647.899149,0.0203,0,,,0.000,,,0.0000,0.0000,0.0000,0.0000,0.0000,-13.0000,,,,CHO,0.0000,-12.7530,0.0000,-12.7790,0.0000,0.0000,0.000,0.000,,0.0,,,,,,,0,,0
14.8244,1790258647.919345,0.0202,0,,,0.000,,,0.0000,0.0000,0.0000,0.0000,0.0000,-13.0000,,,,CHO,0.0000,-12.7530,0.0000,-12.7790,0.0000,0.0000,0.000,0.000,,0.0,,,,,,,0,,0
14.8447,1790258647.939623,0.0202,0,,,0.000,,,0.0000,0.0000,0.0000,0.0000,0.0000,-13.0000,,,,CHO,0.0000,-12.7530,0.0000,-12.7790,0.0000,0.0000,0.000,0.000,,0.0,,,,,,,0,,0
14.8657,1790258647.960688,0.0211,0,,,0.000,,,0.0000,0.0000,0.0000,0.0000,0.0000,-13.0000,,,,CHO,0.0000,-12.7530,0.0000,-12.7790,0.0000,0.0000,0.000,0.000,,0.0,,,,,,,0,,0
14.8862,1790258647.981182,0.0205,0,,,0.000,,,0.0000,0.0000,0.0000,0.0000,0.0000,-13.0000,,,,CHO,0.0000,-12.7530,0.0000,-12.7790,0.0000,0.0000,0.000,0.000,,0.0,,,,,,,0,,0
14.9064,1790258648.001166,0.0201,0,,,0.000,,,0.0000,0.0000,0.0000,0.0000,0.0000,-13.0000,,,,CHO,0.0000,-12.7530,0.0000,-12.7790,0.0000,0.0000,0.000,0.000,,0.0,,,,,,,0,,0
14.9269,1790258648.021730,0.0205,0,,,0.000,,,0.0000,0.0000,0.0000,0.0000,0.0000,-13.0000,,,,CHO,0.0000,-12.7530,0.0000,-12.7790,0.0000,0.0000,0.000,0.000,,0.0,,,,,,,0,,0
14.9473,1790258648.042270,0.0204,0,,,0.000,,,0.0000,0.0000,0.0000,0.0000,0.0000,-13.0000,,,,CHO,0.0000,-12.7530,0.0000,-12.7790,0.0000,0.0000,0.000,0.000,,0.0,,,,,,,0,,0
14.9673,1790258648.062140,0.0200,0,,,0.000,,,0.0000,0.0000,0.0000,0.0000,0.0000,-13.0000,,,,CHO,0.0000,-12.7530,0.0000,-12.7790,0.0000,0.0000,0.000,0.000,,0.0,,,,,,,0,,0
14.9873,1790258648.082266,0.0200,0,,,0.000,,,0.0000,0.0000,0.0000,0.0000,0.0000,-13.0000,,,,CHO,0.0000,-12.7530,0.0000,-12.7790,0.0000,0.0000,0.000,0.000,,0.0,,,,,,,0,,0
15.0079,1790258648.102881,0.0206,0,,,0.000,,,0.0000,0.0000,0.0000,0.0000,0.0000,-13.0000,,,,CHO,0.0000,-12.7530,0.0000,-12.7790,0.0000,0.0000,0.000,0.000,,0.0,,,,,,,0,,0
15.0284,1790258648.123302,0.0205,0,,,0.000,,,0.0000,0.0000,0.0000,0.0000,0.0000,-13.0000,,,,CHO,0.0000,-12.7530,0.0000,-12.7790,0.0000,0.0000,0.000,0.000,,0.0,,,,,,,0,,0
15.0489,1790258648.143805,0.0205,0,,,0.000,,,0.0000,0.0000,0.0000,0.0000,0.0000,-13.0000,,,,CHO,0.0000,-12.7530,0.0000,-12.7790,0.0000,0.0000,0.000,0.000,,0.0,,,,,,,0,,0
15.0689,1790258648.163793,0.0200,0,,,0.000,,,0.0000,0.0000,0.0000,0.0000,0.0000,-13.0000,,,,CHO,0.0000,-12.7530,0.0000,-12.7790,0.0000,0.0000,0.000,0.000,,0.0,,,,,,,0,,0
15.0890,1790258648.183920,0.0200,0,,,0.000,,,0.0000,0.0000,0.0000,0.0000,0.0000,-13.0000,,,,CHO,0.0000,-12.7530,0.0000,-12.7790,0.0000,0.0000,0.000,0.000,,0.0,,,,,,,0,,0
15.1094,1790258648.204287,0.0204,0,,,0.000,,,0.0000,0.0000,0.0000,0.0000,0.0000,-13.0000,,,,CHO,0.0000,-12.7530,0.0000,-12.7790,0.0000,0.0000,0.000,0.000,,0.0,,,,,,,0,,0
15.1300,1790258648.224902,0.0206,0,,,0.000,,,0.0000,0.0000,0.0000,0.0000,0.0000,-13.0000,,,,CHO,0.0000,-12.7530,0.0000,-12.7790,0.0000,0.0000,0.000,0.000,,0.0,,,,,,,0,,0
15.1504,1790258648.245366,0.0204,0,,,0.000,,,0.0000,0.0000,0.0000,0.0000,0.0000,-13.0000,,,,CHO,0.0000,-12.7530,0.0000,-12.7790,0.0000,0.0000,0.000,0.000,,0.0,,,,,,,0,,0
15.1711,1790258648.266083,0.0207,0,,,0.000,,,0.0000,0.0000,0.0000,0.0000,0.0000,-13.0000,,,,CHO,0.0000,-12.7530,0.0000,-12.7790,0.0000,0.0000,0.000,0.000,,0.0,,,,,,,0,,0
15.1915,1790258648.286375,0.0204,0,,,0.000,,,0.0000,0.0000,0.0000,0.0000,0.0000,-13.0000,,,,CHO,0.0000,-12.7530,0.0000,-12.7790,0.0000,0.0000,0.000,0.000,,0.0,,,,,,,0,,0
15.2120,1790258648.307026,0.0205,0,,,0.000,,,0.0000,0.0000,0.0000,0.0000,0.0000,-13.0000,,,,CHO,0.0000,-12.7530,0.0000,-12.7790,0.0000,0.0000,0.000,0.000,,0.0,,,,,,,0,,0
15.2321,1790258648.327084,0.0201,0,,,0.000,,,0.0000,0.0000,0.0000,0.0000,0.0000,-13.0000,,,,CHO,0.0000,-12.7530,0.0000,-12.7790,0.0000,0.0000,0.000,0.000,,0.0,,,,,,,0,,0
15.2522,1790258648.347176,0.0201,0,,,0.000,,,0.0000,0.0000,0.0000,0.0000,0.0000,-13.0000,,,,CHO,0.0000,-12.7530,0.0000,-12.7790,0.0000,0.0000,0.000,0.000,,0.0,,,,,,,0,,0
15.2723,1790258648.367266,0.0201,0,,,0.000,,,0.0000,0.0000,0.0000,0.0000,0.0000,-13.0000,,,,CHO,0.0000,-12.7530,0.0000,-12.7790,0.0000,0.0000,0.000,0.000,,0.0,,,,,,,0,,0
15.2925,1790258648.387441,0.0201,0,,,0.000,,,0.0000,0.0000,0.0000,0.0000,0.0000,-13.0000,,,,CHO,0.0000,-12.7530,0.0000,-12.7790,0.0000,0.0000,0.000,0.000,,0.0,,,,,,,0,,0
15.3129,1790258648.407847,0.0204,0,,,0.000,,,0.0000,0.0000,0.0000,0.0000,0.0000,-13.0000,,,,CHO,0.0000,-12.7530,0.0000,-12.7790,0.0000,0.0000,0.000,0.000,,0.0,,,,,,,0,,0
15.3334,1790258648.428368,0.0205,0,,,0.000,,,0.0000,0.0000,0.0000,0.0000,0.0000,-13.0000,,,,CHO,0.0000,-12.7530,0.0000,-12.7790,0.0000,0.0000,0.000,0.000,,0.0,,,,,,,0,,0
15.3536,1790258648.448590,0.0202,0,,,0.000,,,0.0000,0.0000,0.0000,0.0000,0.0000,-13.0000,,,,CHO,0.0000,-12.7530,0.0000,-12.7790,0.0000,0.0000,0.000,0.000,,0.0,,,,,,,0,,0
15.3738,1790258648.468776,0.0202,0,,,0.000,,,0.0000,0.0000,0.0000,0.0000,0.0000,-13.0000,,,,CHO,0.0000,-12.7530,0.0000,-12.7790,0.0000,0.0000,0.000,0.000,,0.0,,,,,,,0,,0
15.3939,1790258648.488932,0.0202,0,,,0.000,,,0.0000,0.0000,0.0000,0.0000,0.0000,-13.0000,,,,CHO,0.0000,-12.7530,0.0000,-12.7790,0.0000,0.0000,0.000,0.000,,0.0,,,,,,,0,,0
15.4143,1790258648.509263,0.0203,0,,,0.000,,,0.0000,0.0000,0.0000,0.0000,0.0000,-13.0000,,,,CHO,0.0000,-12.7530,0.0000,-12.7790,0.0000,0.0000,0.000,0.000,,0.0,,,,,,,0,,0
15.4344,1790258648.529423,0.0201,0,,,0.000,,,0.0000,0.0000,0.0000,0.0000,0.0000,-13.0000,,,,CHO,0.0000,-12.7530,0.0000,-12.7790,0.0000,0.0000,0.000,0.000,,0.0,,,,,,,0,,0
15.4545,1790258648.549477,0.0200,0,,,0.000,,,0.0000,0.0000,0.0000,0.0000,0.0000,-13.0000,,,,CHO,0.0000,-12.7530,0.0000,-12.7790,0.0000,0.0000,0.000,0.000,,0.0,,,,,,,0,,0
15.4748,1790258648.569772,0.0203,0,,,0.000,,,0.0000,0.0000,0.0000,0.0000,0.0000,-13.0000,,,,CHO,0.0000,-12.7530,0.0000,-12.7790,0.0000,0.0000,0.000,0.000,,0.0,,,,,,,0,,0
15.4950,1790258648.590010,0.0202,0,,,0.000,,,0.0000,0.0000,0.0000,0.0000,0.0000,-13.0000,,,,CHO,0.0000,-12.7530,0.0000,-12.7790,0.0000,0.0000,0.000,0.000,,0.0,,,,,,,0,,0
15.5157,1790258648.610690,0.0207,0,,,0.000,,,0.0000,0.0000,0.0000,0.0000,0.0000,-13.0000,,,,CHO,0.0000,-12.7530,0.0000,-12.7790,0.0000,0.0000,0.000,0.000,,0.0,,,,,,,0,,0
15.5359,1790258648.630844,0.0202,0,,,0.000,,,0.0000,0.0000,0.0000,0.0000,0.0000,-13.0000,,,,CHO,0.0000,-12.7530,0.0000,-12.7790,0.0000,0.0000,0.000,0.000,,0.0,,,,,,,0,,0
15.5559,1790258648.650808,0.0200,0,,,0.000,,,0.0000,0.0000,0.0000,0.0000,0.0000,-13.0000,,,,CHO,0.0000,-12.7530,0.0000,-12.7790,0.0000,0.0000,0.000,0.000,,0.0,,,,,,,0,,0
15.5760,1790258648.670955,0.0201,0,,,0.000,,,0.0000,0.0000,0.0000,0.0000,0.0000,-13.0000,,,,CHO,0.0000,-12.7530,0.0000,-12.7790,0.0000,0.0000,0.000,0.000,,0.0,,,,,,,0,,0
15.5961,1790258648.691012,0.0201,0,,,0.000,,,0.0000,0.0000,0.0000,0.0000,0.0000,-13.0000,,,,CHO,0.0000,-12.7530,0.0000,-12.7790,0.0000,0.0000,0.000,0.000,,0.0,,,,,,,0,,0
15.6163,1790258648.711309,0.0202,0,,,0.000,,,0.0000,0.0000,0.0000,0.0000,0.0000,-13.0000,,,,CHO,0.0000,-12.7530,0.0000,-12.7790,0.0000,0.0000,0.000,0.000,,0.0,,,,,,,0,,0
15.6367,1790258648.731720,0.0204,0,,,0.000,,,0.0000,0.0000,0.0000,0.0000,0.0000,-13.0000,,,,CHO,0.0000,-12.7530,0.0000,-12.7790,0.0000,0.0000,0.000,0.000,,0.0,,,,,,,0,,0
15.6571,1790258648.752140,0.0204,0,,,0.000,,,0.0000,0.0000,0.0000,0.0000,0.0000,-13.0000,,,,CHO,0.0000,-12.7530,0.0000,-12.7790,0.0000,0.0000,0.000,0.000,,0.0,,,,,,,0,,0
15.6772,1790258648.772174,0.0200,0,,,0.000,,,0.0000,0.0000,0.0000,0.0000,0.0000,-13.0000,,,,CHO,0.0000,-12.7530,0.0000,-12.7790,0.0000,0.0000,0.000,0.000,,0.0,,,,,,,0,,0
15.6977,1790258648.792583,0.0205,0,,,0.000,,,0.0000,0.0000,0.0000,0.0000,0.0000,-13.0000,,,,CHO,0.0000,-12.7530,0.0000,-12.7790,0.0000,0.0000,0.000,0.000,,0.0,,,,,,,0,,0
15.7178,1790258648.812711,0.0201,0,,,0.000,,,0.0000,0.0000,0.0000,0.0000,0.0000,-13.0000,,,,CHO,0.0000,-12.7530,0.0000,-12.7790,0.0000,0.0000,0.000,0.000,,0.0,,,,,,,0,,0
15.7379,1790258648.832784,0.0201,0,,,0.000,,,0.0000,0.0000,0.0000,0.0000,0.0000,-13.0000,,,,CHO,0.0000,-12.7530,0.0000,-12.7790,0.0000,0.0000,0.000,0.000,,0.0,,,,,,,0,,0
15.7580,1790258648.852857,0.0200,0,,,0.000,,,0.0000,0.0000,0.0000,0.0000,0.0000,-13.0000,,,,CHO,0.0000,-12.7530,0.0000,-12.7790,0.0000,0.0000,0.000,0.000,,0.0,,,,,,,0,,0
15.7781,1790258648.873039,0.0202,0,,,0.000,,,0.0000,0.0000,0.0000,0.0000,0.0000,-13.0000,,,,CHO,0.0000,-12.7530,0.0000,-12.7790,0.0000,0.0000,0.000,0.000,,0.0,,,,,,,0,,0
15.7983,1790258648.893230,0.0202,0,,,0.000,,,0.0000,0.0000,0.0000,0.0000,0.0000,-13.0000,,,,CHO,0.0000,-12.7530,0.0000,-12.7790,0.0000,0.0000,0.000,0.000,,0.0,,,,,,,0,,0
15.8184,1790258648.913421,0.0201,0,,,0.000,,,0.0000,0.0000,0.0000,0.0000,0.0000,-13.0000,,,,CHO,0.0000,-12.7530,0.0000,-12.7790,0.0000,0.0000,0.000,0.000,,0.0,,,,,,,0,,0
15.8389,1790258648.933779,0.0205,0,,,0.000,,,0.0000,0.0000,0.0000,0.0000,0.0000,-13.0000,,,,CHO,0.0000,-12.7530,0.0000,-12.7790,0.0000,0.0000,0.000,0.000,,0.0,,,,,,,0,,0
15.8590,1790258648.953904,0.0201,0,,,0.000,,,0.0000,0.0000,0.0000,0.0000,0.0000,-13.0000,,,,CHO,0.0000,-12.7530,0.0000,-12.7790,0.0000,0.0000,0.000,0.000,,0.0,,,,,,,0,,0
15.8793,1790258648.974193,0.0203,0,,,0.000,,,0.0000,0.0000,0.0000,0.0000,0.0000,-13.0000,,,,CHO,0.0000,-12.7530,0.0000,-12.7790,0.0000,0.0000,0.000,0.000,,0.0,,,,,,,0,,0
15.8994,1790258648.994244,0.0201,0,,,0.000,,,0.0000,0.0000,0.0000,0.0000,0.0000,-13.0000,,,,CHO,0.0000,-12.7530,0.0000,-12.7790,0.0000,0.0000,0.000,0.000,,0.0,,,,,,,0,,0
15.9195,1790258649.014393,0.0202,0,,,0.000,,,0.0000,0.0000,0.0000,0.0000,0.0000,-13.0000,,,,CHO,0.0000,-12.7530,0.0000,-12.7790,0.0000,0.0000,0.000,0.000,,0.0,,,,,,,0,,0
15.9396,1790258649.034452,0.0200,0,,,0.000,,,0.0000,0.0000,0.0000,0.0000,0.0000,-13.0000,,,,CHO,0.0000,-12.7530,0.0000,-12.7790,0.0000,0.0000,0.000,0.000,,0.0,,,,,,,0,,0
15.9602,1790258649.055214,0.0207,0,,,0.000,,,0.0000,0.0000,0.0000,0.0000,0.0000,-13.0000,,,,CHO,0.0000,-12.7530,0.0000,-12.7790,0.0000,0.0000,0.000,0.000,,0.0,,,,,,,0,,0
15.9804,1790258649.075279,0.0202,0,,,0.000,,,0.0000,0.0000,0.0000,0.0000,0.0000,-13.0000,,,,CHO,0.0000,-12.7530,0.0000,-12.7790,0.0000,0.0000,0.000,0.000,,0.0,,,,,,,0,,0
16.0004,1790258649.095415,0.0200,0,,,0.000,,,0.0000,0.0000,0.0000,0.0000,0.0000,-13.0000,,,,CHO,0.0000,-12.7530,0.0000,-12.7790,0.0000,0.0000,0.000,0.000,,0.0,,,,,,,0,,0
16.0207,1790258649.115745,0.0203,0,,,0.000,,,0.0000,0.0000,0.0000,0.0000,0.0000,-13.0000,,,,CHO,0.0000,-12.7530,0.0000,-12.7790,0.0000,0.0000,0.000,0.000,,0.0,,,,,,,0,,0
16.0410,1790258649.135997,0.0203,0,,,0.000,,,0.0000,0.0000,0.0000,0.0000,0.0000,-13.0000,,,,CHO,0.0000,-12.7530,0.0000,-12.7790,0.0000,0.0000,0.000,0.000,,0.0,,,,,,,0,,0
16.0611,1790258649.156096,0.0201,0,,,0.000,,,0.0000,0.0000,0.0000,0.0000,0.0000,-13.0000,,,,CHO,0.0000,-12.7530,0.0000,-12.7790,0.0000,0.0000,0.000,0.000,,0.0,,,,,,,0,,0
16.0813,1790258649.176168,0.0202,0,,,0.000,,,0.0000,0.0000,0.0000,0.0000,0.0000,-13.0000,,,,CHO,0.0000,-12.7530,0.0000,-12.7790,0.0000,0.0000,0.000,0.000,,0.0,,,,,,,0,,0
16.1016,1790258649.196577,0.0203,0,,,0.000,,,0.0000,0.0000,0.0000,0.0000,0.0000,-13.0000,,,,CHO,0.0000,-12.7530,0.0000,-12.7790,0.0000,0.0000,0.000,0.000,,0.0,,,,,,,0,,0
16.1219,1790258649.216771,0.0203,0,,,0.000,,,0.0000,0.0000,0.0000,0.0000,0.0000,-13.0000,,,,CHO,0.0000,-12.7530,0.0000,-12.7790,0.0000,0.0000,0.000,0.000,,0.0,,,,,,,0,,0
16.1419,1790258649.236867,0.0201,0,,,0.000,,,0.0000,0.0000,0.0000,0.0000,0.0000,-13.0000,,,,CHO,0.0000,-12.7530,0.0000,-12.7790,0.0000,0.0000,0.000,0.000,,0.0,,,,,,,0,,0
16.1621,1790258649.256925,0.0201,0,,,0.000,,,0.0000,0.0000,0.0000,0.0000,0.0000,-13.0000,,,,CHO,0.0000,-12.7530,0.0000,-12.7790,0.0000,0.0000,0.000,0.000,,0.0,,,,,,,0,,0
16.1821,1790258649.276996,0.0200,0,,,0.000,,,0.0000,0.0000,0.0000,0.0000,0.0000,-13.0000,,,,CHO,0.0000,-12.7530,0.0000,-12.7790,0.0000,0.0000,0.000,0.000,,0.0,,,,,,,0,,0
16.2022,1790258649.297235,0.0201,0,,,0.000,,,0.0000,0.0000,0.0000,0.0000,0.0000,-13.0000,,,,CHO,0.0000,-12.7530,0.0000,-12.7790,0.0000,0.0000,0.000,0.000,,0.0,,,,,,,0,,0
16.2225,1790258649.317474,0.0202,0,,,0.000,,,0.0000,0.0000,0.0000,0.0000,0.0000,-13.0000,,,,CHO,0.0000,-12.7530,0.0000,-12.7790,0.0000,0.0000,0.000,0.000,,0.0,,,,,,,0,,0
16.2430,1790258649.337851,0.0205,0,,,0.000,,,0.0000,0.0000,0.0000,0.0000,0.0000,-13.0000,,,,CHO,0.0000,-12.7530,0.0000,-12.7790,0.0000,0.0000,0.000,0.000,,0.0,,,,,,,0,,0
16.2631,1790258649.357943,0.0201,0,,,0.000,,,0.0000,0.0000,0.0000,0.0000,0.0000,-13.0000,,,,CHO,0.0000,-12.7530,0.0000,-12.7790,0.0000,0.0000,0.000,0.000,,0.0,,,,,,,0,,0
16.2831,1790258649.377992,0.0200,0,,,0.000,,,0.0000,0.0000,0.0000,0.0000,0.0000,-13.0000,,,,CHO,0.0000,-12.7530,0.0000,-12.7790,0.0000,0.0000,0.000,0.000,,0.0,,,,,,,0,,0
16.3036,1790258649.398517,0.0205,0,,,0.000,,,0.0000,0.0000,0.0000,0.0000,0.0000,-13.0000,,,,CHO,0.0000,-12.7530,0.0000,-12.7790,0.0000,0.0000,0.000,0.000,,0.0,,,,,,,0,,0
16.3237,1790258649.418584,0.0201,0,,,0.000,,,0.0000,0.0000,0.0000,0.0000,0.0000,-13.0000,,,,CHO,0.0000,-12.7530,0.0000,-12.7790,0.0000,0.0000,0.000,0.000,,0.0,,,,,,,0,,0
16.3439,1790258649.438741,0.0202,0,,,0.000,,,0.0000,0.0000,0.0000,0.0000,0.0000,-13.0000,,,,CHO,0.0000,-12.7530,0.0000,-12.7790,0.0000,0.0000,0.000,0.000,,0.0,,,,,,,0,,0
16.3639,1790258649.458804,0.0201,0,,,0.000,,,0.0000,0.0000,0.0000,0.0000,0.0000,-13.0000,,,,CHO,0.0000,-12.7530,0.0000,-12.7790,0.0000,0.0000,0.000,0.000,,0.0,,,,,,,0,,0
16.3846,1790258649.479505,0.0207,0,,,0.000,,,0.0000,0.0000,0.0000,0.0000,0.0000,-13.0000,,,,CHO,0.0000,-12.7530,0.0000,-12.7790,0.0000,0.0000,0.000,0.000,,0.0,,,,,,,0,,0
16.4047,1790258649.499626,0.0201,0,,,0.000,,,0.0000,0.0000,0.0000,0.0000,0.0000,-13.0000,,,,CHO,0.0000,-12.7530,0.0000,-12.7790,0.0000,0.0000,0.000,0.000,,0.0,,,,,,,0,,0
16.4248,1790258649.519677,0.0201,0,,,0.000,,,0.0000,0.0000,0.0000,0.0000,0.0000,-13.0000,,,,CHO,0.0000,-12.7530,0.0000,-12.7790,0.0000,0.0000,0.000,0.000,,0.0,,,,,,,0,,0
16.4450,1790258649.540035,0.0202,0,,,0.000,,,0.0000,0.0000,0.0000,0.0000,0.0000,-13.0000,,,,CHO,0.0000,-12.7530,0.0000,-12.7790,0.0000,0.0000,0.000,0.000,,0.0,,,,,,,0,,0
16.4651,1790258649.559904,0.0200,0,,,0.000,,,0.0000,0.0000,0.0000,0.0000,0.0000,-13.0000,,,,CHO,0.0000,-12.7530,0.0000,-12.7790,0.0000,0.0000,0.000,0.000,,0.0,,,,,,,0,,0
16.4853,1790258649.580240,0.0203,0,,,0.000,,,0.0000,0.0000,0.0000,0.0000,0.0000,-13.0000,,,,CHO,0.0000,-12.7530,0.0000,-12.7790,0.0000,0.0000,0.000,0.000,,0.0,,,,,,,0,,0
16.5058,1790258649.600821,0.0205,0,,,0.000,,,0.0000,0.0000,0.0000,0.0000,0.0000,-13.0000,,,,CHO,0.0000,-12.7530,0.0000,-12.7790,0.0000,0.0000,0.000,0.000,,0.0,,,,,,,0,,0
16.5259,1790258649.620898,0.0201,0,,,0.000,,,0.0000,0.0000,0.0000,0.0000,0.0000,-13.0000,,,,CHO,0.0000,-12.7530,0.0000,-12.7790,0.0000,0.0000,0.000,0.000,,0.0,,,,,,,0,,0
16.5462,1790258649.641241,0.0203,0,,,0.000,,,0.0000,0.0000,0.0000,0.0000,0.0000,-13.0000,,,,CHO,0.0000,-12.7530,0.0000,-12.7790,0.0000,0.0000,0.000,0.000,,0.0,,,,,,,0,,0
16.5670,1790258649.661948,0.0207,0,,,0.000,,,0.0000,0.0000,0.0000,0.0000,0.0000,-13.0000,,,,CHO,0.0000,-12.7530,0.0000,-12.7790,0.0000,0.0000,0.000,0.000,,0.0,,,,,,,0,,0
16.5871,1790258649.682069,0.0201,0,,,0.000,,,0.0000,0.0000,0.0000,0.0000,0.0000,-13.0000,,,,CHO,0.0000,-12.7530,0.0000,-12.7790,0.0000,0.0000,0.000,0.000,,0.0,,,,,,,0,,0
16.6071,1790258649.702124,0.0201,0,,,0.000,,,0.0000,0.0000,0.0000,0.0000,0.0000,-13.0000,,,,CHO,0.0000,-12.7530,0.0000,-12.7790,0.0000,0.0000,0.000,0.000,,0.0,,,,,,,0,,0
16.6272,1790258649.722230,0.0201,0,,,0.000,,,0.0000,0.0000,0.0000,0.0000,0.0000,-13.0000,,,,CHO,0.0000,-12.7530,0.0000,-12.7790,0.0000,0.0000,0.000,0.000,,0.0,,,,,,,0,,0
16.6473,1790258649.742332,0.0201,0,,,0.000,,,0.0000,0.0000,0.0000,0.0000,0.0000,-13.0000,,,,CHO,0.0000,-12.7530,0.0000,-12.7790,0.0000,0.0000,0.000,0.000,,0.0,,,,,,,0,,0
16.6676,1790258649.762551,0.0203,0,,,0.000,,,0.0000,0.0000,0.0000,0.0000,0.0000,-13.0000,,,,CHO,0.0000,-12.7530,0.0000,-12.7790,0.0000,0.0000,0.000,0.000,,0.0,,,,,,,0,,0
16.6877,1790258649.782654,0.0201,0,,,0.000,,,0.0000,0.0000,0.0000,0.0000,0.0000,-13.0000,,,,CHO,0.0000,-12.7530,0.0000,-12.7790,0.0000,0.0000,0.000,0.000,,0.0,,,,,,,0,,0
16.7078,1790258649.802828,0.0201,0,,,0.000,,,0.0000,0.0000,0.0000,0.0000,0.0000,-13.0000,,,,CHO,0.0000,-12.7530,0.0000,-12.7790,0.0000,0.0000,0.000,0.000,,0.0,,,,,,,0,,0
16.7282,1790258649.823157,0.0204,0,,,0.000,,,0.0000,0.0000,0.0000,0.0000,0.0000,-13.0000,,,,CHO,0.0000,-12.7530,0.0000,-12.7790,0.0000,0.0000,0.000,0.000,,0.0,,,,,,,0,,0
16.7487,1790258649.843685,0.0205,0,,,0.000,,,0.0000,0.0000,0.0000,0.0000,0.0000,-13.0000,,,,CHO,0.0000,-12.7530,0.0000,-12.7790,0.0000,0.0000,0.000,0.000,,0.0,,,,,,,0,,0
16.7690,1790258649.863922,0.0203,0,,,0.000,,,0.0000,0.0000,0.0000,0.0000,0.0000,-13.0000,,,,CHO,0.0000,-12.7530,0.0000,-12.7790,0.0000,0.0000,0.000,0.000,,0.0,,,,,,,0,,0
16.7891,1790258649.884147,0.0202,0,,,0.000,,,0.0000,0.0000,0.0000,0.0000,0.0000,-13.0000,,,,CHO,0.0000,-12.7530,0.0000,-12.7790,0.0000,0.0000,0.000,0.000,,0.0,,,,,,,0,,0
16.8093,1790258649.904153,0.0201,0,,,0.000,,,0.0000,0.0000,0.0000,0.0000,0.0000,-13.0000,,,,CHO,0.0000,-12.7530,0.0000,-12.7790,0.0000,0.0000,0.000,0.000,,0.0,,,,,,,0,,0
16.8295,1790258649.924444,0.0202,0,,,0.000,,,0.0000,0.0000,0.0000,0.0000,0.0000,-13.0000,,,,CHO,0.0000,-12.7530,0.0000,-12.7790,0.0000,0.0000,0.000,0.000,,0.0,,,,,,,0,,0
16.8497,1790258649.944597,0.0202,0,,,0.000,,,0.0000,0.0000,0.0000,0.0000,0.0000,-13.0000,,,,CHO,0.0000,-12.7530,0.0000,-12.7790,0.0000,0.0000,0.000,0.000,,0.0,,,,,,,0,,0
16.8700,1790258649.964951,0.0204,0,,,0.000,,,0.0000,0.0000,0.0000,0.0000,0.0000,-13.0000,,,,CHO,0.0000,-12.7530,0.0000,-12.7790,0.0000,0.0000,0.000,0.000,,0.0,,,,,,,0,,0
16.8901,1790258649.985103,0.0201,0,,,0.000,,,0.0000,0.0000,0.0000,0.0000,0.0000,-13.0000,,,,CHO,0.0000,-12.7530,0.0000,-12.7790,0.0000,0.0000,0.000,0.000,,0.0,,,,,,,0,,0
16.9101,1790258650.005045,0.0200,0,,,0.000,,,0.0000,0.0000,0.0000,0.0000,0.0000,-13.0000,,,,CHO,0.0000,-12.7530,0.0000,-12.7790,0.0000,0.0000,0.000,0.000,,0.0,,,,,,,0,,0
16.9305,1790258650.025363,0.0203,0,,,0.000,,,0.0000,0.0000,0.0000,0.0000,0.0000,-13.0000,,,,CHO,0.0000,-12.7530,0.0000,-12.7790,0.0000,0.0000,0.000,0.000,,0.0,,,,,,,0,,0
16.9506,1790258650.045544,0.0201,0,,,0.000,,,0.0000,0.0000,0.0000,0.0000,0.0000,-13.0000,,,,CHO,0.0000,-12.7530,0.0000,-12.7790,0.0000,0.0000,0.000,0.000,,0.0,,,,,,,0,,0
16.9712,1790258650.066175,0.0206,0,,,0.000,,,0.0000,0.0000,0.0000,0.0000,0.0000,-13.0000,,,,CHO,0.0000,-12.7530,0.0000,-12.7790,0.0000,0.0000,0.000,0.000,,0.0,,,,,,,0,,0
16.9913,1790258650.086254,0.0201,0,,,0.000,,,0.0000,0.0000,0.0000,0.0000,0.0000,-13.0000,,,,CHO,0.0000,-12.7530,0.0000,-12.7790,0.0000,0.0000,0.000,0.000,,0.0,,,,,,,0,,0
17.0116,1790258650.106528,0.0204,0,,,0.000,,,0.0000,0.0000,0.0000,0.0000,0.0000,-13.0000,,,,CHO,0.0000,-12.7530,0.0000,-12.7790,0.0000,0.0000,0.000,0.000,,0.0,,,,,,,0,,0
17.0317,1790258650.126672,0.0201,0,,,0.000,,,0.0000,0.0000,0.0000,0.0000,0.0000,-13.0000,,,,CHO,0.0000,-12.7530,0.0000,-12.7790,0.0000,0.0000,0.000,0.000,,0.0,,,,,,,0,,0
17.0524,1790258650.147262,0.0207,0,,,0.000,,,0.0000,0.0000,0.0000,0.0000,0.0000,-13.0000,,,,CHO,0.0000,-12.7530,0.0000,-12.7790,0.0000,0.0000,0.000,0.000,,0.0,,,,,,,0,,0
17.0732,1790258650.168033,0.0208,0,,,0.000,,,0.0000,0.0000,0.0000,0.0000,0.0000,-13.0000,,,,CHO,0.0000,-12.7530,0.0000,-12.7790,0.0000,0.0000,0.000,0.000,,0.0,,,,,,,0,,0
17.0938,1790258650.188716,0.0206,0,,,0.000,,,0.0000,0.0000,0.0000,0.0000,0.0000,-13.0000,,,,CHO,0.0000,-12.7530,0.0000,-12.7790,0.0000,0.0000,0.000,0.000,,0.0,,,,,,,0,,0
17.1141,1790258650.209100,0.0204,0,,,0.000,,,0.0000,0.0000,0.0000,0.0000,0.0000,-13.0000,,,,CHO,0.0000,-12.7530,0.0000,-12.7790,0.0000,0.0000,0.000,0.000,,0.0,,,,,,,0,,0
17.1341,1790258650.228945,0.0200,0,,,0.000,,,0.0000,0.0000,0.0000,0.0000,0.0000,-13.0000,,,,CHO,0.0000,-12.7530,0.0000,-12.7790,0.0000,0.0000,0.000,0.000,,0.0,,,,,,,0,,0
17.1546,1790258650.249566,0.0205,0,,,0.000,,,0.0000,0.0000,0.0000,0.0000,0.0000,-13.0000,,,,CHO,0.0000,-12.7530,0.0000,-12.7790,0.0000,0.0000,0.000,0.000,,0.0,,,,,,,0,,0
17.1747,1790258650.269684,0.0201,0,,,0.000,,,0.0000,0.0000,0.0000,0.0000,0.0000,-13.0000,,,,CHO,0.0000,-12.7530,0.0000,-12.7790,0.0000,0.0000,0.000,0.000,,0.0,,,,,,,0,,0
17.1950,1790258650.289913,0.0203,0,,,0.000,,,0.0000,0.0000,0.0000,0.0000,0.0000,-13.0000,,,,CHO,0.0000,-12.7530,0.0000,-12.7790,0.0000,0.0000,0.000,0.000,,0.0,,,,,,,0,,0
17.2152,1790258650.310115,0.0202,0,,,0.000,,,0.0000,0.0000,0.0000,0.0000,0.0000,-13.0000,,,,CHO,0.0000,-12.7530,0.0000,-12.7790,0.0000,0.0000,0.000,0.000,,0.0,,,,,,,0,,0
17.2354,1790258650.330384,0.0202,0,,,0.000,,,0.0000,0.0000,0.0000,0.0000,0.0000,-13.0000,,,,CHO,0.0000,-12.7530,0.0000,-12.7790,0.0000,0.0000,0.000,0.000,,0.0,,,,,,,0,,0
17.2558,1790258650.350665,0.0204,0,,,0.000,,,0.0000,0.0000,0.0000,0.0000,0.0000,-13.0000,,,,CHO,0.0000,-12.7530,0.0000,-12.7790,0.0000,0.0000,0.000,0.000,,0.0,,,,,,,0,,0
17.2763,1790258650.371184,0.0205,0,,,0.000,,,0.0000,0.0000,0.0000,0.0000,0.0000,-13.0000,,,,CHO,0.0000,-12.7530,0.0000,-12.7790,0.0000,0.0000,0.000,0.000,,0.0,,,,,,,0,,0
17.2965,1790258650.391471,0.0202,0,,,0.000,,,0.0000,0.0000,0.0000,0.0000,0.0000,-13.0000,,,,CHO,0.0000,-12.7530,0.0000,-12.7790,0.0000,0.0000,0.000,0.000,,0.0,,,,,,,0,,0
17.3170,1790258650.411795,0.0204,0,,,0.000,,,0.0000,0.0000,0.0000,0.0000,0.0000,-13.0000,,,,CHO,0.0000,-12.7530,0.0000,-12.7790,0.0000,0.0000,0.000,0.000,,0.0,,,,,,,0,,0
17.3371,1790258650.431916,0.0202,0,,,0.000,,,0.0000,0.0000,0.0000,0.0000,0.0000,-13.0000,,,,CHO,0.0000,-12.7530,0.0000,-12.7790,0.0000,0.0000,0.000,0.000,,0.0,,,,,,,0,,0
17.3577,1790258650.452647,0.0206,0,,,0.000,,,0.0000,0.0000,0.0000,0.0000,0.0000,-13.0000,,,,CHO,0.0000,-12.7530,0.0000,-12.7790,0.0000,0.0000,0.000,0.000,,0.0,,,,,,,0,,0
17.3782,1790258650.473063,0.0205,0,,,0.000,,,0.0000,0.0000,0.0000,0.0000,0.0000,-13.0000,,,,CHO,0.0000,-12.7530,0.0000,-12.7790,0.0000,0.0000,0.000,0.000,,0.0,,,,,,,0,,0
17.3989,1790258650.493799,0.0207,0,,,0.000,,,0.0000,0.0000,0.0000,0.0000,0.0000,-13.0000,,,,CHO,0.0000,-12.7530,0.0000,-12.7790,0.0000,0.0000,0.000,0.000,,0.0,,,,,,,0,,0
17.4190,1790258650.513785,0.0200,0,,,0.000,,,0.0000,0.0000,0.0000,0.0000,0.0000,-13.0000,,,,CHO,0.0000,-12.7530,0.0000,-12.7790,0.0000,0.0000,0.000,0.000,,0.0,,,,,,,0,,0
17.4396,1790258650.534496,0.0206,0,,,0.000,,,0.0000,0.0000,0.0000,0.0000,0.0000,-13.0000,,,,CHO,0.0000,-12.7530,0.0000,-12.7790,0.0000,0.0000,0.000,0.000,,0.0,,,,,,,0,,0
17.4599,1790258650.554826,0.0202,0,,,0.000,,,0.0000,0.0000,0.0000,0.0000,0.0000,-13.0000,,,,CHO,0.0000,-12.7530,0.0000,-12.7790,0.0000,0.0000,0.000,0.000,,0.0,,,,,,,0,,0
17.4799,1790258650.574882,0.0200,0,,,0.000,,,0.0000,0.0000,0.0000,0.0000,0.0000,-13.0000,,,,CHO,0.0000,-12.7530,0.0000,-12.7790,0.0000,0.0000,0.000,0.000,,0.0,,,,,,,0,,0
17.5000,1790258650.594819,0.0201,0,,,0.000,,,0.0000,0.0000,0.0000,0.0000,0.0000,-13.0000,,,,CHO,0.0000,-12.7530,0.0000,-12.7790,0.0000,0.0000,0.000,0.000,,0.0,,,,,,,0,,0
17.5204,1790258650.615309,0.0204,0,,,0.000,,,0.0000,0.0000,0.0000,0.0000,0.0000,-13.0000,,,,CHO,0.0000,-12.7530,0.0000,-12.7790,0.0000,0.0000,0.000,0.000,,0.0,,,,,,,0,,0
17.5409,1790258650.635900,0.0205,0,,,0.000,,,0.0000,0.0000,0.0000,0.0000,0.0000,-13.0000,,,,CHO,0.0000,-12.7530,0.0000,-12.7790,0.0000,0.0000,0.000,0.000,,0.0,,,,,,,0,,0
17.5616,1790258650.656442,0.0207,0,,,0.000,,,0.0000,0.0000,0.0000,0.0000,0.0000,-13.0000,,,,CHO,0.0000,-12.7530,0.0000,-12.7790,0.0000,0.0000,0.000,0.000,,0.0,,,,,,,0,,0
17.5822,1790258650.676987,0.0206,0,,,0.000,,,0.0000,0.0000,0.0000,0.0000,0.0000,-13.0000,,,,CHO,0.0000,-12.7530,0.0000,-12.7790,0.0000,0.0000,0.000,0.000,,0.0,,,,,,,0,,0
17.6022,1790258650.697196,0.0200,0,,,0.000,,,0.0000,0.0000,0.0000,0.0000,0.0000,-13.0000,,,,CHO,0.0000,-12.7530,0.0000,-12.7790,0.0000,0.0000,0.000,0.000,,0.0,,,,,,,0,,0
17.6224,1790258650.717219,0.0201,0,,,0.000,,,0.0000,0.0000,0.0000,0.0000,0.0000,-13.0000,,,,CHO,0.0000,-12.7530,0.0000,-12.7790,0.0000,0.0000,0.000,0.000,,0.0,,,,,,,0,,0
17.6426,1790258650.737520,0.0202,0,,,0.000,,,0.0000,0.0000,0.0000,0.0000,0.0000,-13.0000,,,,CHO,0.0000,-12.7530,0.0000,-12.7790,0.0000,0.0000,0.000,0.000,,0.0,,,,,,,0,,0
17.6631,1790258650.758072,0.0205,0,,,0.000,,,0.0000,0.0000,0.0000,0.0000,0.0000,-13.0000,,,,CHO,0.0000,-12.7530,0.0000,-12.7790,0.0000,0.0000,0.000,0.000,,0.0,,,,,,,0,,0
17.6836,1790258650.778359,0.0205,0,,,0.000,,,0.0000,0.0000,0.0000,0.0000,0.0000,-13.0000,,,,CHO,0.0000,-12.7530,0.0000,-12.7790,0.0000,0.0000,0.000,0.000,,0.0,,,,,,,0,,0
17.7037,1790258650.798493,0.0201,0,,,0.000,,,0.0000,0.0000,0.0000,0.0000,0.0000,-13.0000,,,,CHO,0.0000,-12.7530,0.0000,-12.7790,0.0000,0.0000,0.000,0.000,,0.0,,,,,,,0,,0
17.7237,1790258650.818558,0.0200,0,,,0.000,,,0.0000,0.0000,0.0000,0.0000,0.0000,-13.0000,,,,CHO,0.0000,-12.7530,0.0000,-12.7790,0.0000,0.0000,0.000,0.000,,0.0,,,,,,,0,,0
17.7443,1790258650.839294,0.0206,0,,,0.000,,,0.0000,0.0000,0.0000,0.0000,0.0000,-13.0000,,,,CHO,0.0000,-12.7530,0.0000,-12.7790,0.0000,0.0000,0.000,0.000,,0.0,,,,,,,0,,0
17.7645,1790258650.859395,0.0201,0,,,0.000,,,0.0000,0.0000,0.0000,0.0000,0.0000,-13.0000,,,,CHO,0.0000,-12.7530,0.0000,-12.7790,0.0000,0.0000,0.000,0.000,,0.0,,,,,,,0,,0
17.7850,1790258650.879914,0.0205,0,,,0.000,,,0.0000,0.0000,0.0000,0.0000,0.0000,-13.0000,,,,CHO,0.0000,-12.7530,0.0000,-12.7790,0.0000,0.0000,0.000,0.000,,0.0,,,,,,,0,,0
17.8053,1790258650.900162,0.0204,0,,,0.000,,,0.0000,0.0000,0.0000,0.0000,0.0000,-13.0000,,,,CHO,0.0000,-12.7530,0.0000,-12.7790,0.0000,0.0000,0.000,0.000,,0.0,,,,,,,0,,0
17.8255,1790258650.920448,0.0202,0,,,0.000,,,0.0000,0.0000,0.0000,0.0000,0.0000,-13.0000,,,,CHO,0.0000,-12.7530,0.0000,-12.7790,0.0000,0.0000,0.000,0.000,,0.0,,,,,,,0,,0
17.8456,1790258650.940427,0.0201,0,,,0.000,,,0.0000,0.0000,0.0000,0.0000,0.0000,-13.0000,,,,CHO,0.0000,-12.7530,0.0000,-12.7790,0.0000,0.0000,0.000,0.000,,0.0,,,,,,,0,,0
17.8657,1790258650.960551,0.0201,0,,,0.000,,,0.0000,0.0000,0.0000,0.0000,0.0000,-13.0000,,,,CHO,0.0000,-12.7530,0.0000,-12.7790,0.0000,0.0000,0.000,0.000,,0.0,,,,,,,0,,0
17.8859,1790258650.980945,0.0202,0,,,0.000,,,0.0000,0.0000,0.0000,0.0000,0.0000,-13.0000,,,,CHO,0.0000,-12.7530,0.0000,-12.7790,0.0000,0.0000,0.000,0.000,,0.0,,,,,,,0,,0
17.9065,1790258651.001459,0.0206,0,,,0.000,,,0.0000,0.0000,0.0000,0.0000,0.0000,-13.0000,,,,CHO,0.0000,-12.7530,0.0000,-12.7790,0.0000,0.0000,0.000,0.000,,0.0,,,,,,,0,,0
17.9270,1790258651.021848,0.0205,0,,,0.000,,,0.0000,0.0000,0.0000,0.0000,0.0000,-13.0000,,,,CHO,0.0000,-12.7530,0.0000,-12.7790,0.0000,0.0000,0.000,0.000,,0.0,,,,,,,0,,0
17.9470,1790258651.041979,0.0200,0,,,0.000,,,0.0000,0.0000,0.0000,0.0000,0.0000,-13.0000,,,,CHO,0.0000,-12.7530,0.0000,-12.7790,0.0000,0.0000,0.000,0.000,,0.0,,,,,,,0,,0
17.9674,1790258651.062205,0.0204,0,,,0.000,,,0.0000,0.0000,0.0000,0.0000,0.0000,-13.0000,,,,CHO,0.0000,-12.7530,0.0000,-12.7790,0.0000,0.0000,0.000,0.000,,0.0,,,,,,,0,,0
17.9874,1790258651.082242,0.0201,0,,,0.000,,,0.0000,0.0000,0.0000,0.0000,0.0000,-13.0000,,,,CHO,0.0000,-12.7530,0.0000,-12.7790,0.0000,0.0000,0.000,0.000,,0.0,,,,,,,0,,0
18.0077,1790258651.102626,0.0203,0,,,0.000,,,0.0000,0.0000,0.0000,0.0000,0.0000,-13.0000,,,,CHO,0.0000,-12.7530,0.0000,-12.7790,0.0000,0.0000,0.000,0.000,,0.0,,,,,,,0,,0
18.0286,1790258651.123386,0.0208,0,,,0.000,,,0.0000,0.0000,0.0000,0.0000,0.0000,-13.0000,,,,CHO,0.0000,-12.7530,0.0000,-12.7790,0.0000,0.0000,0.000,0.000,,0.0,,,,,,,0,,0
18.0487,1790258651.143610,0.0201,0,,,0.000,,,0.0000,0.0000,0.0000,0.0000,0.0000,-13.0000,,,,CHO,0.0000,-12.7530,0.0000,-12.7790,0.0000,0.0000,0.000,0.000,,0.0,,,,,,,0,,0
18.0693,1790258651.164287,0.0206,0,,,0.000,,,0.0000,0.0000,0.0000,0.0000,0.0000,-13.0000,,,,CHO,0.0000,-12.7530,0.0000,-12.7790,0.0000,0.0000,0.000,0.000,,0.0,,,,,,,0,,0
18.0896,1790258651.184581,0.0203,0,,,0.000,,,0.0000,0.0000,0.0000,0.0000,0.0000,-13.0000,,,,CHO,0.0000,-12.7530,0.0000,-12.7790,0.0000,0.0000,0.000,0.000,,0.0,,,,,,,0,,0
18.1102,1790258651.205115,0.0205,0,,,0.000,,,0.0000,0.0000,0.0000,0.0000,0.0000,-13.0000,,,,CHO,0.0000,-12.7530,0.0000,-12.7790,0.0000,0.0000,0.000,0.000,,0.0,,,,,,,0,,0
18.1302,1790258651.225116,0.0200,0,,,0.000,,,0.0000,0.0000,0.0000,0.0000,0.0000,-13.0000,,,,CHO,0.0000,-12.7530,0.0000,-12.7790,0.0000,0.0000,0.000,0.000,,0.0,,,,,,,0,,0
18.1506,1790258651.245587,0.0204,0,,,0.000,,,0.0000,0.0000,0.0000,0.0000,0.0000,-13.0000,,,,CHO,0.0000,-12.7530,0.0000,-12.7790,0.0000,0.0000,0.000,0.000,,0.0,,,,,,,0,,0
18.1708,1790258651.265758,0.0202,0,,,0.000,,,0.0000,0.0000,0.0000,0.0000,0.0000,-13.0000,,,,CHO,0.0000,-12.7530,0.0000,-12.7790,0.0000,0.0000,0.000,0.000,,0.0,,,,,,,0,,0
18.1911,1790258651.285892,0.0203,0,,,0.000,,,0.0000,0.0000,0.0000,0.0000,0.0000,-13.0000,,,,CHO,0.0000,-12.7530,0.0000,-12.7790,0.0000,0.0000,0.000,0.000,,0.0,,,,,,,0,,0
18.2115,1790258651.306430,0.0205,0,,,0.000,,,0.0000,0.0000,0.0000,0.0000,0.0000,-13.0000,,,,CHO,0.0000,-12.7530,0.0000,-12.7790,0.0000,0.0000,0.000,0.000,,0.0,,,,,,,0,,0
18.2318,1790258651.326726,0.0202,0,,,0.000,,,0.0000,0.0000,0.0000,0.0000,0.0000,-13.0000,,,,CHO,0.0000,-12.7530,0.0000,-12.7790,0.0000,0.0000,0.000,0.000,,0.0,,,,,,,0,,0
18.2522,1790258651.347063,0.0204,0,,,0.000,,,0.0000,0.0000,0.0000,0.0000,0.0000,-13.0000,,,,CHO,0.0000,-12.7530,0.0000,-12.7790,0.0000,0.0000,0.000,0.000,,0.0,,,,,,,0,,0
18.2724,1790258651.367387,0.0202,0,,,0.000,,,0.0000,0.0000,0.0000,0.0000,0.0000,-13.0000,,,,CHO,0.0000,-12.7530,0.0000,-12.7790,0.0000,0.0000,0.000,0.000,,0.0,,,,,,,0,,0
18.2928,1790258651.387564,0.0204,0,,,0.000,,,0.0000,0.0000,0.0000,0.0000,0.0000,-13.0000,,,,CHO,0.0000,-12.7530,0.0000,-12.7790,0.0000,0.0000,0.000,0.000,,0.0,,,,,,,0,,0
18.3133,1790258651.408232,0.0205,0,,,0.000,,,0.0000,0.0000,0.0000,0.0000,0.0000,-13.0000,,,,CHO,0.0000,-12.7530,0.0000,-12.7790,0.0000,0.0000,0.000,0.000,,0.0,,,,,,,0,,0
18.3337,1790258651.428535,0.0204,0,,,0.000,,,0.0000,0.0000,0.0000,0.0000,0.0000,-13.0000,,,,CHO,0.0000,-12.7530,0.0000,-12.7790,0.0000,0.0000,0.000,0.000,,0.0,,,,,,,0,,0
18.3537,1790258651.448649,0.0200,0,,,0.000,,,0.0000,0.0000,0.0000,0.0000,0.0000,-13.0000,,,,CHO,0.0000,-12.7530,0.0000,-12.7790,0.0000,0.0000,0.000,0.000,,0.0,,,,,,,0,,0
18.3741,1790258651.468899,0.0203,0,,,0.000,,,0.0000,0.0000,0.0000,0.0000,0.0000,-13.0000,,,,CHO,0.0000,-12.7530,0.0000,-12.7790,0.0000,0.0000,0.000,0.000,,0.0,,,,,,,0,,0
18.3945,1790258651.489292,0.0204,0,,,0.000,,,0.0000,0.0000,0.0000,0.0000,0.0000,-13.0000,,,,CHO,0.0000,-12.7530,0.0000,-12.7790,0.0000,0.0000,0.000,0.000,,0.0,,,,,,,0,,0
18.4149,1790258651.510045,0.0205,0,,,0.000,,,0.0000,0.0000,0.0000,0.0000,0.0000,-13.0000,,,,CHO,0.0000,-12.7530,0.0000,-12.7790,0.0000,0.0000,0.000,0.000,,0.0,,,,,,,0,,0
18.4355,1790258651.530376,0.0206,0,,,0.000,,,0.0000,0.0000,0.0000,0.0000,0.0000,-13.0000,,,,CHO,0.0000,-12.7530,0.0000,-12.7790,0.0000,0.0000,0.000,0.000,,0.0,,,,,,,0,,0
18.4559,1790258651.550747,0.0204,0,,,0.000,,,0.0000,0.0000,0.0000,0.0000,0.0000,-13.0000,,,,CHO,0.0000,-12.7530,0.0000,-12.7790,0.0000,0.0000,0.000,0.000,,0.0,,,,,,,0,,0
18.4762,1790258651.571143,0.0203,0,,,0.000,,,0.0000,0.0000,0.0000,0.0000,0.0000,-13.0000,,,,CHO,0.0000,-12.7530,0.0000,-12.7790,0.0000,0.0000,0.000,0.000,,0.0,,,,,,,0,,0
18.4966,1790258651.591488,0.0205,0,,,0.000,,,0.0000,0.0000,0.0000,0.0000,0.0000,-13.0000,,,,CHO,0.0000,-12.7530,0.0000,-12.7790,0.0000,0.0000,0.000,0.000,,0.0,,,,,,,0,,0
18.5169,1790258651.611914,0.0203,0,,,0.000,,,0.0000,0.0000,0.0000,0.0000,0.0000,-13.0000,,,,CHO,0.0000,-12.7530,0.0000,-12.7790,0.0000,0.0000,0.000,0.000,,0.0,,,,,,,0,,0
18.5376,1790258651.632536,0.0207,0,,,0.000,,,0.0000,0.0000,0.0000,0.0000,0.0000,-13.0000,,,,CHO,0.0000,-12.7530,0.0000,-12.7790,0.0000,0.0000,0.000,0.000,,0.0,,,,,,,0,,0
18.5580,1790258651.652914,0.0204,0,,,0.000,,,0.0000,0.0000,0.0000,0.0000,0.0000,-13.0000,,,,CHO,0.0000,-12.7530,0.0000,-12.7790,0.0000,0.0000,0.000,0.000,,0.0,,,,,,,0,,0
18.5783,1790258651.673110,0.0203,0,,,0.000,,,0.0000,0.0000,0.0000,0.0000,0.0000,-13.0000,,,,CHO,0.0000,-12.7530,0.0000,-12.7790,0.0000,0.0000,0.000,0.000,,0.0,,,,,,,0,,0
18.5986,1790258651.693426,0.0203,0,,,0.000,,,0.0000,0.0000,0.0000,0.0000,0.0000,-13.0000,,,,CHO,0.0000,-12.7530,0.0000,-12.7790,0.0000,0.0000,0.000,0.000,,0.0,,,,,,,0,,0
18.6187,1790258651.713494,0.0201,0,,,0.000,,,0.0000,0.0000,0.0000,0.0000,0.0000,-13.0000,,,,CHO,0.0000,-12.7530,0.0000,-12.7790,0.0000,0.0000,0.000,0.000,,0.0,,,,,,,0,,0
18.6395,1790258651.734497,0.0208,0,,,0.000,,,0.0000,0.0000,0.0000,0.0000,0.0000,-13.0000,,,,CHO,0.0000,-12.7530,0.0000,-12.7790,0.0000,0.0000,0.000,0.000,,0.0,,,,,,,0,,0
18.6598,1790258651.754801,0.0203,0,,,0.000,,,0.0000,0.0000,0.0000,0.0000,0.0000,-13.0000,,,,CHO,0.0000,-12.7530,0.0000,-12.7790,0.0000,0.0000,0.000,0.000,,0.0,,,,,,,0,,0
18.6805,1790258651.775458,0.0207,0,,,0.000,,,0.0000,0.0000,0.0000,0.0000,0.0000,-13.0000,,,,CHO,0.0000,-12.7530,0.0000,-12.7790,0.0000,0.0000,0.000,0.000,,0.0,,,,,,,0,,0
18.7009,1790258651.795925,0.0204,0,,,0.000,,,0.0000,0.0000,0.0000,0.0000,0.0000,-13.0000,,,,CHO,0.0000,-12.7530,0.0000,-12.7790,0.0000,0.0000,0.000,0.000,,0.0,,,,,,,0,,0
18.7216,1790258651.816594,0.0207,0,,,0.000,,,0.0000,0.0000,0.0000,0.0000,0.0000,-13.0000,,,,CHO,0.0000,-12.7530,0.0000,-12.7790,0.0000,0.0000,0.000,0.000,,0.0,,,,,,,0,,0
18.7418,1790258651.836697,0.0202,0,,,0.000,,,0.0000,0.0000,0.0000,0.0000,0.0000,-13.0000,,,,CHO,0.0000,-12.7530,0.0000,-12.7790,0.0000,0.0000,0.000,0.000,,0.0,,,,,,,0,,0
18.7618,1790258651.856728,0.0200,0,,,0.000,,,0.0000,0.0000,0.0000,0.0000,0.0000,-13.0000,,,,CHO,0.0000,-12.7530,0.0000,-12.7790,0.0000,0.0000,0.000,0.000,,0.0,,,,,,,0,,0
18.7822,1790258651.877038,0.0204,0,,,0.000,,,0.0000,0.0000,0.0000,0.0000,0.0000,-13.0000,,,,CHO,0.0000,-12.7530,0.0000,-12.7790,0.0000,0.0000,0.000,0.000,,0.0,,,,,,,0,,0
18.8027,1790258651.897469,0.0205,0,,,0.000,,,0.0000,0.0000,0.0000,0.0000,0.0000,-13.0000,,,,CHO,0.0000,-12.7530,0.0000,-12.7790,0.0000,0.0000,0.000,0.000,,0.0,,,,,,,0,,0
18.8235,1790258651.918264,0.0208,0,,,0.000,,,0.0000,0.0000,0.0000,0.0000,0.0000,-13.0000,,,,CHO,0.0000,-12.7530,0.0000,-12.7790,0.0000,0.0000,0.000,0.000,,0.0,,,,,,,0,,0
18.8441,1790258651.938975,0.0206,0,,,0.000,,,0.0000,0.0000,0.0000,0.0000,0.0000,-13.0000,,,,CHO,0.0000,-12.7530,0.0000,-12.7790,0.0000,0.0000,0.000,0.000,,0.0,,,,,,,0,,0
18.8648,1790258651.959681,0.0206,0,,,0.000,,,0.0000,0.0000,0.0000,0.0000,0.0000,-13.0000,,,,CHO,0.0000,-12.7530,0.0000,-12.7790,0.0000,0.0000,0.000,0.000,,0.0,,,,,,,0,,0
18.8853,1790258651.980215,0.0205,0,,,0.000,,,0.0000,0.0000,0.0000,0.0000,0.0000,-13.0000,,,,CHO,0.0000,-12.7530,0.0000,-12.7790,0.0000,0.0000,0.000,0.000,,0.0,,,,,,,0,,0
18.9060,1790258652.000772,0.0207,0,,,0.000,,,0.0000,0.0000,0.0000,0.0000,0.0000,-13.0000,,,,CHO,0.0000,-12.7530,0.0000,-12.7790,0.0000,0.0000,0.000,0.000,,0.0,,,,,,,0,,0
18.9265,1790258652.021428,0.0205,0,,,0.000,,,0.0000,0.0000,0.0000,0.0000,0.0000,-13.0000,,,,CHO,0.0000,-12.7530,0.0000,-12.7790,0.0000,0.0000,0.000,0.000,,0.0,,,,,,,0,,0
18.9468,1790258652.041641,0.0203,0,,,0.000,,,0.0000,0.0000,0.0000,0.0000,0.0000,-13.0000,,,,CHO,0.0000,-12.7530,0.0000,-12.7790,0.0000,0.0000,0.000,0.000,,0.0,,,,,,,0,,0
18.9670,1790258652.061826,0.0202,0,,,0.000,,,0.0000,0.0000,0.0000,0.0000,0.0000,-13.0000,,,,CHO,0.0000,-12.7530,0.0000,-12.7790,0.0000,0.0000,0.000,0.000,,0.0,,,,,,,0,,0
18.9875,1790258652.082363,0.0205,0,,,0.000,,,0.0000,0.0000,0.0000,0.0000,0.0000,-13.0000,,,,CHO,0.0000,-12.7530,0.0000,-12.7790,0.0000,0.0000,0.000,0.000,,0.0,,,,,,,0,,0
19.0076,1790258652.102342,0.0202,0,,,0.000,,,0.0000,0.0000,0.0000,0.0000,0.0000,-13.0000,,,,CHO,0.0000,-12.7530,0.0000,-12.7790,0.0000,0.0000,0.000,0.000,,0.0,,,,,,,0,,0
19.0277,1790258652.122504,0.0200,0,,,0.000,,,0.0000,0.0000,0.0000,0.0000,0.0000,-13.0000,,,,CHO,0.0000,-12.7530,0.0000,-12.7790,0.0000,0.0000,0.000,0.000,,0.0,,,,,,,0,,0
19.0478,1790258652.142618,0.0202,0,,,0.000,,,0.0000,0.0000,0.0000,0.0000,0.0000,-13.0000,,,,CHO,0.0000,-12.7530,0.0000,-12.7790,0.0000,0.0000,0.000,0.000,,0.0,,,,,,,0,,0
19.0681,1790258652.162889,0.0203,0,,,0.000,,,0.0000,0.0000,0.0000,0.0000,0.0000,-13.0000,,,,CHO,0.0000,-12.7530,0.0000,-12.7790,0.0000,0.0000,0.000,0.000,,0.0,,,,,,,0,,0
19.0882,1790258652.183133,0.0201,0,,,0.000,,,0.0000,0.0000,0.0000,0.0000,0.0000,-13.0000,,,,CHO,0.0000,-12.7530,0.0000,-12.7790,0.0000,0.0000,0.000,0.000,,0.0,,,,,,,0,,0
19.1090,1790258652.203862,0.0208,0,,,0.000,,,0.0000,0.0000,0.0000,0.0000,0.0000,-13.0000,66.6543,0.3558,0.1971,CHO_IFF,0.0000,-12.7530,0.0000,-12.7790,0.0000,0.0000,0.000,0.000,,0.0,,21,CHO,,0,,0,,0
19.1290,1790258652.223966,0.0200,0,,,0.000,,,0.0000,0.0000,0.0000,0.0000,0.0000,-13.0000,66.6543,0.3558,0.1971,CHO_IFF,0.0000,-12.7530,0.0000,-12.7790,0.0000,0.0000,0.000,0.000,,0.0,,21,CHO,,0,,0,,0
19.1490,1790258652.243892,0.0200,0,,,0.000,,,0.0000,0.0000,0.0000,0.0000,0.0000,-13.0000,66.6543,0.3558,0.1971,CHO_IFF,0.0000,-12.7530,0.0000,-12.7790,0.0000,0.0000,0.000,0.000,,0.0,,21,CHO,,0,,0,,0
19.1691,1790258652.264074,0.0201,0,,,0.000,,,0.0000,0.0000,0.0000,0.0000,0.0000,-13.0000,66.6543,0.3558,0.1971,CHO_IFF,0.0000,-12.7530,0.0000,-12.7790,0.0000,0.0000,0.000,0.000,,0.0,,21,CHO,,0,,0,,0
19.1891,1790258652.284092,0.0201,0,,,0.000,,,0.0000,0.0000,0.0000,0.0000,0.0000,-13.0000,66.6543,0.3558,0.1971,CHO_IFF,0.0000,-12.7530,0.0000,-12.7790,0.0000,0.0000,0.000,0.000,,0.0,,21,CHO,,0,,0,,0
19.2092,1790258652.304118,0.0200,0,,,0.000,,,0.0000,0.0000,0.0000,0.0000,0.0000,-13.0000,66.6543,0.3558,0.1971,CHO_IFF,0.0000,-12.7530,0.0000,-12.7790,0.0000,0.0000,0.000,0.000,,0.0,,21,CHO,,0,,0,,0
19.2299,1790258652.324867,0.0207,0,,,0.000,,,0.0000,0.0000,0.0000,0.0000,0.0000,-13.0000,64.0488,0.3507,0.1737,CHO_IFF,0.0000,-12.7530,0.0000,-12.7790,0.0000,0.0000,0.000,0.000,,0.0,,21,CHO,,0,,0,,0
19.2503,1790258652.345232,0.0204,0,,,0.000,,,0.0000,0.0000,0.0000,0.0000,0.0000,-13.0000,64.0488,0.3507,0.1737,CHO_IFF,0.0000,-12.7530,0.0000,-12.7790,0.0000,0.0000,0.000,0.000,,0.0,,21,CHO,,0,,0,,0
19.2708,1790258652.365788,0.0205,0,,,0.000,,,0.0000,0.0000,0.0000,0.0000,0.0000,-13.0000,64.0488,0.3507,0.1737,CHO_IFF,0.0000,-12.7530,0.0000,-12.7790,0.0000,0.0000,0.000,0.000,,0.0,,21,CHO,,0,,0,,0
19.2910,1790258652.385875,0.0202,0,,,0.000,,,0.0000,0.0000,0.0000,0.0000,0.0000,-13.0000,64.0488,0.3507,0.1737,CHO_IFF,0.0000,-12.7530,0.0000,-12.7790,0.0000,0.0000,0.000,0.000,,0.0,,21,CHO,,0,,0,,0
19.3111,1790258652.405958,0.0201,0,,,0.000,,,0.0000,0.0000,0.0000,0.0000,0.0000,-13.0000,64.0488,0.3507,0.1737,CHO_IFF,0.0000,-12.7530,0.0000,-12.7790,0.0000,0.0000,0.000,0.000,,0.0,,21,CHO,,0,,0,,0
19.3311,1790258652.425982,0.0201,0,,,0.000,,,0.0000,0.0000,0.0000,0.0000,0.0000,-13.0000,61.9865,0.3489,0.1398,CHO_IFF,0.0000,-12.7530,0.0000,-12.7790,0.0000,0.0000,0.000,0.000,,0.0,,21,CHO,,0,,0,,0
19.3515,1790258652.446270,0.0203,0,,,0.000,,,0.0000,0.0000,0.0000,0.0000,0.0000,-13.0000,61.9865,0.3489,0.1398,CHO_IFF,0.0000,-12.7530,0.0000,-12.7790,0.0000,0.0000,0.000,0.000,,0.0,,21,CHO,,0,,0,,0
19.3721,1790258652.466921,0.0206,0,,,0.000,,,0.0000,0.0000,0.0000,0.0000,0.0000,-13.0000,61.9865,0.3489,0.1398,CHO_IFF,0.0000,-12.7530,0.0000,-12.7790,0.0000,0.0000,0.000,0.000,,0.0,,21,CHO,,0,,0,,0
19.3923,1790258652.487184,0.0202,0,,,0.000,,,0.0000,0.0000,0.0000,0.0000,0.0000,-13.0000,61.9865,0.3489,0.1398,CHO_IFF,0.0000,-12.7530,0.0000,-12.7790,0.0000,0.0000,0.000,0.000,,0.0,,21,CHO,,0,,0,,0
19.4127,1790258652.507637,0.0204,0,,,0.000,,,0.0000,0.0000,0.0000,0.0000,0.0000,-13.0000,61.9865,0.3489,0.1398,CHO_IFF,0.0000,-12.7530,0.0000,-12.7790,0.0000,0.0000,0.000,0.000,,0.0,,21,CHO,,0,,0,,0
19.4327,1790258652.527580,0.0200,0,,,0.000,,,0.0000,0.0000,0.0000,0.0000,0.0000,-13.0000,61.9865,0.3489,0.1398,CHO_IFF,0.0000,-12.7530,0.0000,-12.7790,0.0000,0.0000,0.000,0.000,,0.0,,21,CHO,,0,,0,,0
19.4531,1790258652.548003,0.0203,0,,,0.000,,,0.0000,0.0000,0.0000,0.0000,0.0000,-13.0000,59.8408,0.3429,0.1399,CHO_IFF,0.0000,-12.7530,0.0000,-12.7790,0.0000,0.0000,0.000,0.000,,0.0,,21,CHO,,0,,0,,0
19.4733,1790258652.568288,0.0203,0,,,0.000,,,0.0000,0.0000,0.0000,0.0000,0.0000,-13.0000,59.8408,0.3429,0.1399,CHO_IFF,0.0000,-12.7530,0.0000,-12.7790,0.0000,0.0000,0.000,0.000,,0.0,,21,CHO,,0,,0,,0
19.4943,1790258652.589135,0.0210,0,,,0.000,,,0.0000,0.0000,0.0000,0.0000,0.0000,-13.0000,59.8408,0.3429,0.1399,CHO_IFF,0.0000,-12.7530,0.0000,-12.7790,0.0000,0.0000,0.000,0.000,,0.0,,21,CHO,,0,,0,,0
19.5145,1790258652.609317,0.0202,0,,,0.000,,,0.0000,0.0000,0.0000,0.0000,0.0000,-13.0000,59.8408,0.3429,0.1399,CHO_IFF,0.0000,-12.7530,0.0000,-12.7790,0.0000,0.0000,0.000,0.000,,0.0,,21,CHO,,0,,0,,0
19.5346,1790258652.629427,0.0201,0,,,0.000,,,0.0000,0.0000,0.0000,0.0000,0.0000,-13.0000,59.8408,0.3429,0.1399,CHO_IFF,0.0000,-12.7530,0.0000,-12.7790,0.0000,0.0000,0.000,0.000,,0.0,,21,CHO,,0,,0,,0
19.5547,1790258652.649501,0.0201,0,,,0.000,,,0.0000,0.0000,0.0000,0.0000,0.0000,-13.0000,58.2658,0.3377,0.1111,CHO_IFF,0.0000,-12.7530,0.0000,-12.7790,0.0000,0.0000,0.000,0.000,,0.0,,21,CHO,,0,,0,,0
19.5751,1790258652.670011,0.0204,0,,,0.000,,,0.0000,0.0000,0.0000,0.0000,0.0000,-13.0000,58.2658,0.3377,0.1111,CHO_IFF,0.0000,-12.7530,0.0000,-12.7790,0.0000,0.0000,0.000,0.000,,0.0,,21,CHO,,0,,0,,0
19.5956,1790258652.690559,0.0205,0,,,0.000,,,0.0000,0.0000,0.0000,0.0000,0.0000,-13.0000,58.2658,0.3377,0.1111,CHO_IFF,0.0000,-12.7530,0.0000,-12.7790,0.0000,0.0000,0.000,0.000,,0.0,,21,CHO,,0,,0,,0
19.6162,1790258652.711079,0.0207,0,,,0.000,,,0.0000,0.0000,0.0000,0.0000,0.0000,-13.0000,58.2658,0.3377,0.1111,CHO_IFF,0.0000,-12.7530,0.0000,-12.7790,0.0000,0.0000,0.000,0.000,,0.0,,21,THU,NO_TX,360,,0,,0
19.6365,1790258652.731403,0.0202,0,,,0.000,,,0.0000,0.0000,0.0000,0.0000,0.0000,-13.0000,58.2658,0.3377,0.1111,CHO_IFF,0.0000,-12.7530,0.0000,-12.7790,0.0000,0.0000,0.000,0.000,,0.0,,21,THU,NO_TX,360,,0,,0
19.6568,1790258652.751775,0.0203,0,,,0.000,,,0.0000,0.0000,0.0000,0.0000,0.0000,-13.0000,58.2658,0.3377,0.1111,CHO_IFF,0.0000,-12.7530,0.0000,-12.7790,0.0000,0.0000,0.000,0.000,,0.0,,21,THU,NO_TX,360,,0,,0
19.6774,1790258652.772240,0.0207,0,,,0.000,,,0.0000,0.0000,0.0000,0.0000,-36.5790,-9.0429,56.0106,0.3320,0.1309,BAN_GIAO,0.0000,-12.7530,-0.1706,-12.6084,-36.5790,3.7101,-8.260,8.260,,0.0,,21,THU,NO_TX,360,,0,,0
19.7002,1790258652.794803,0.0227,0,,,0.000,,,0.0000,0.0000,0.0000,0.0000,-36.5790,-9.0429,56.0106,0.3320,0.1309,BAN_GIAO,0.0000,-12.7530,-0.5651,-12.2139,-36.5790,3.7101,-17.353,17.353,,0.0,,21,THU,NO_TX,360,,0,,0
19.7203,1790258652.815163,0.0202,0,,,0.000,,,0.0000,0.0000,0.0000,0.0000,-36.5790,-9.0429,56.0106,0.3320,0.1309,BAN_GIAO,0.0000,-12.7530,-1.0772,-11.8401,-36.5790,3.7101,-25.414,18.551,,0.0,,21,THU,NO_TX,360,,0,,0
19.7407,1790258652.880301,0.0204,0,,,0.000,,,0.0000,0.0000,0.0000,0.0000,-36.5790,-9.0429,56.0106,0.3320,0.1309,BAN_GIAO,0.0000,-12.7530,-1.7618,-11.4618,-36.5790,3.7101,-33.571,18.551,,0.0,,21,THU,NO_TX,360,,0,,0
19.7889,1790258652.883818,0.0482,0,,,0.000,,,0.0000,0.0000,0.0000,0.0000,-35.0639,-9.0891,54.3259,0.3281,0.1041,BAN_GIAO,0.0000,-12.7530,-4.3108,-10.5784,-35.0639,3.6639,-52.860,18.319,,0.0,,21,THU,NO_TX,360,,0,,0
19.8094,1790258652.903773,0.0205,0,,,0.000,,,0.0000,0.0000,0.0000,0.0000,-35.0639,-9.0891,54.3259,0.3281,0.1041,BAN_GIAO,-0.0533,-12.7078,-5.5609,-10.2095,-35.0105,3.6187,-61.050,18.015,,0.0,,21,THU,NO_TX,360,,0,,0
19.8300,1790258652.924928,0.0206,0,,,0.000,,,0.0000,0.0000,0.0000,0.0000,-35.0639,-9.0891,54.3259,0.3281,0.1041,BAN_GIAO,-0.2139,-12.5528,-6.9865,-9.8599,-34.8499,3.4637,-69.281,16.993,,0.0,,21,THU,NO_TX,360,,0,,0
19.8503,1790258652.945262,0.0203,0,,,0.000,,,0.0000,0.0000,0.0000,0.0000,-35.0639,-9.0891,54.3259,0.3281,0.1041,BAN_GIAO,-0.4826,-12.3310,-8.5607,-9.5431,-34.5812,3.2419,-77.415,15.577,,0.0,,21,THU,NO_TX,360,,0,,0
19.8708,1790258652.965694,0.0205,0,,,0.000,,,0.0000,0.0000,0.0000,0.0000,-35.0639,-9.0891,54.3259,0.3281,0.1041,BAN_GIAO,-0.8830,-12.0589,-10.3163,-9.2582,-34.1808,2.9698,-85.617,13.897,,0.0,,21,THU,NO_TX,360,,0,,0
19.8913,1790258652.986203,0.0205,0,,,0.000,,,0.0000,0.0000,0.0000,0.0000,-33.4290,-9.1310,52.4813,0.3243,0.1056,BAN_GIAO,-1.1577,-11.8723,-12.2355,-8.9992,-32.2713,2.7413,-93.801,12.657,,0.0,,21,THU,NO_TX,360,,0,,0
19.9122,1790258653.007556,0.0209,0,,,0.000,,,0.0000,0.0000,0.0000,0.0000,-33.4290,-9.1310,52.4813,0.3243,0.1056,BAN_GIAO,-2.1574,-11.4621,-14.3699,-8.7871,-31.2715,2.3311,-102.158,10.154,,0.0,,21,THU,NO_TX,360,,0,,0
19.9327,1790258653.027661,0.0205,0,,,0.000,,,0.0000,0.0000,0.0000,0.0000,-33.4290,-9.1310,52.4813,0.3243,0.1056,BAN_GIAO,-3.2220,-11.0703,-16.6302,-8.6258,-30.2069,1.9393,-110.351,7.873,,0.0,,21,THU,NO_TX,360,,0,,0
19.9530,1790258653.047877,0.0204,0,,,0.000,,,0.0000,0.0000,0.0000,0.0000,-33.4290,-9.1310,52.4813,0.3243,0.1056,BAN_GIAO,-4.3946,-10.6932,-19.0426,-8.5084,-29.0343,1.5623,-118.495,5.765,,0.0,,21,THU,NO_TX,360,,0,,0
19.9734,1790258653.068149,0.0204,0,,,0.000,,,0.0000,0.0000,0.0000,0.0000,-33.4290,-9.1310,52.4813,0.3243,0.1056,BAN_GIAO,-5.6921,-10.3351,-21.4851,-8.4304,-27.7368,1.2041,-120.000,3.835,,0.0,,21,THU,NO_TX,360,,0,,0
19.9943,1790258653.089206,0.0210,0,,,0.000,,,0.0000,0.0000,0.0000,0.0000,-31.8453,-9.1775,50.6877,0.3204,0.1014,BAN_GIAO,-7.1617,-9.9928,-23.9221,-8.4775,-24.6835,0.0000,-116.249,-2.248,,0.0,,21,THU,NO_TX,360,,0,,0
20.0145,1790258653.109524,0.0202,0,,,0.000,,,0.0000,0.0000,0.0000,0.0000,-31.8453,-9.1775,50.6877,0.3204,0.1014,BAN_GIAO,-8.7332,-9.6851,-26.1063,-8.5231,-23.1121,0.0000,-108.172,-2.257,,0.0,,21,THU,NO_TX,360,,0,,0
20.0349,1790258653.129806,0.0204,0,,,0.000,,,0.0000,0.0000,0.0000,0.0000,-31.8453,-9.1775,50.6877,0.3204,0.1014,BAN_GIAO,-10.4925,-9.4048,-28.1482,-8.5682,-21.3528,0.0000,-100.005,-2.211,,0.0,,21,THU,NO_TX,360,,0,,0
20.0557,1790258653.150487,0.0207,0,,,0.000,,,0.0000,0.0000,0.0000,0.0000,-31.8453,-9.1775,50.6877,0.3204,0.1014,BAN_GIAO,-12.4283,-9.1591,-30.0495,-8.6119,-19.4170,0.0000,-91.713,-2.108,,0.0,,21,THU,NO_TX,360,,0,,0
20.0762,1790258653.171167,0.0206,0,,,0.000,,,0.0000,0.0000,0.0000,0.0000,-31.8453,-9.1775,50.6877,0.3204,0.1014,BAN_GIAO,-14.5030,-8.9550,-31.7665,-8.6523,-17.3423,0.0000,-83.486,-1.962,,0.0,,21,THU,NO_TX,360,,0,,0
20.0967,1790258653.192034,0.0204,0,,,0.000,,,0.0000,0.0000,0.0000,0.0000,-31.8453,-9.1775,50.6877,0.3204,0.1014,BAN_GIAO,-16.6819,-8.7913,-33.3040,-8.6887,-15.1634,0.0000,-75.321,-1.784,,0.0,,21,THU,NO_TX,360,,0,,0
20.1220,1790258653.221779,0.0254,0,,,0.000,,,0.0000,0.0000,0.0000,0.0000,-30.5745,-9.2100,49.2307,0.3175,0.0841,BAN_GIAO,-19.2913,-8.6782,-34.9567,-8.7261,-11.2832,0.0000,-65.178,-1.477,,0.0,,21,THU,NO_TX,360,,0,,0
20.1425,1790258653.237410,0.0205,0,,,0.000,,,0.0000,0.0000,0.0000,0.0000,-30.5745,-9.2100,49.2307,0.3175,0.0841,BAN_GIAO,-21.4218,-8.6297,-36.1231,-8.7510,-9.1527,0.0000,-56.992,-1.213,,0.0,,21,THU,NO_TX,360,,0,,0
20.1626,1790258653.257569,0.0202,0,,,0.000,,,0.0000,0.0000,0.0000,0.0000,-30.5745,-9.2100,49.2307,0.3175,0.0841,BAN_GIAO,-23.5025,-8.6107,-37.1093,-8.7704,-7.0720,0.0000,-48.930,-0.965,,0.0,,21,THU,NO_TX,360,,0,,0
20.1831,1790258653.278129,0.0205,0,,,0.000,,,0.0000,0.0000,0.0000,0.0000,-30.5745,-9.2100,49.2307,0.3175,0.0841,BAN_GIAO,-25.5520,-8.6111,-37.9444,-8.7855,-5.0225,0.0000,-40.727,-0.737,,0.0,,21,THU,NO_TX,360,,0,,0
20.2032,1790258653.298239,0.0201,0,,,0.000,,,0.0000,0.0000,0.0000,0.0000,-30.5745,-9.2100,49.2307,0.3175,0.0841,BAN_GIAO,-27.4708,-8.6238,-38.6015,-8.7965,-3.1037,0.0000,-32.687,-0.544,,0.0,,21,THU,NO_TX,360,,0,,0
20.2241,1790258653.319128,0.0209,0,,,0.000,,,0.0000,0.0000,0.0000,0.0000,-29.1194,-9.2405,47.5414,0.3145,0.0903,BAN_GIAO,-29.3210,-8.6444,-39.1100,-8.8044,0.0000,0.0000,-24.325,-0.379,,0.0,,21,THU,NO_TX,360,,0,,0
20.2445,1790258653.339203,0.0204,0,,,0.000,,,0.0000,0.0000,0.0000,0.0000,-29.1194,-9.2405,47.5414,0.3145,0.0903,BAN_GIAO,-31.0791,-8.6699,-39.4398,-8.8094,1.9597,0.0000,-16.164,-0.246,,0.0,,21,THU,NO_TX,360,,0,,0
20.2647,1790258653.359277,0.0202,0,,,0.000,,,0.0000,0.0000,0.0000,0.0000,-29.1194,-9.2405,47.5414,0.3145,0.0903,BAN_GIAO,-32.6395,-8.6950,-39.6031,-8.8123,3.5201,0.0000,-8.101,-0.146,,0.0,,21,THU,NO_TX,360,,0,,0
20.2850,1790258653.379976,0.0203,0,,,0.000,,,0.0000,0.0000,0.0000,0.0000,-29.1194,-9.2405,47.5414,0.3145,0.0903,BAN_GIAO,-34.0280,-8.7184,-39.6028,-8.8138,4.9087,0.0000,0.010,-0.071,,0.0,,21,THU,NO_TX,360,,0,,0
20.3053,1790258653.400538,0.0203,0,,,0.000,,,0.0000,0.0000,0.0000,0.0000,-29.1194,-9.2405,47.5414,0.3145,0.0903,BAN_GIAO,-35.2447,-8.7393,-39.4382,-8.8142,6.1253,0.0000,8.122,-0.019,,0.0,,21,THU,NO_TX,360,,0,,0
20.3253,1790258653.420062,0.0201,0,,,0.000,,,0.0000,0.0000,0.0000,0.0000,-29.1194,-9.2405,47.5414,0.3145,0.0903,BAN_GIAO,-36.2798,-8.7569,-39.1142,-8.8139,7.1604,0.0000,16.147,0.016,,0.0,,21,THU,NO_TX,360,,0,,0
20.3493,1790258653.444051,0.0239,0,,,0.000,,,0.0000,0.0000,0.0000,0.0000,-28.4998,-9.2526,46.8170,0.3133,0.0462,BAN_GIAO,-37.2627,-8.7734,-38.4982,-8.8129,8.7629,0.0000,25.725,0.039,,0.0,,21,THU,NO_TX,360,,0,,0
20.3705,1790258653.467127,0.0212,0,,,0.000,,,0.0000,0.0000,0.0000,0.0000,-28.4998,-9.2526,46.8170,0.3133,0.0462,BAN_GIAO,-37.9598,-8.7849,-37.7732,-8.8119,9.4600,0.0000,34.204,0.049,,0.0,,21,THU,NO_TX,360,,0,,0
20.3910,1790258653.485770,0.0205,0,,,0.000,,,0.0000,0.0000,0.0000,0.0000,-28.4998,-9.2526,46.8170,0.3133,0.0462,BAN_GIAO,-38.4741,-8.7935,-36.9040,-8.8108,9.9743,0.0000,42.403,0.053,,0.0,,21,THU,NO_TX,360,,0,,0
20.4162,1790258653.511581,0.0252,0,,,0.000,,,0.0000,0.0000,0.0000,0.0000,-28.4998,-9.2526,46.8170,0.3133,0.0462,BAN_GIAO,-38.8793,-8.8003,-35.5820,-8.8096,10.3795,0.0000,52.479,0.049,,0.0,,21,THU,NO_TX,360,,0,,0
20.4364,1790258653.531302,0.0202,0,,,0.000,,,0.0000,0.0000,0.0000,0.0000,-28.4998,-9.2526,46.8170,0.3133,0.0462,BAN_GIAO,-39.0526,-8.8046,-34.4150,-8.8086,10.5528,0.0000,57.674,0.045,,0.0,,21,THU,NO_TX,360,,0,,0
20.4580,1790258653.552666,0.0216,0,,,0.000,,,0.0000,0.0000,0.0000,0.0000,-27.5412,-9.2714,45.6922,0.3114,0.0611,BAN_GIAO,-39.0726,-8.8076,-33.0863,-8.8078,11.5314,0.0000,61.397,0.039,,0.0,,21,THU,NO_TX,360,,0,,0
20.4782,1790258653.574610,0.0202,0,,,0.000,,,0.0000,0.0000,0.0000,0.0000,-27.5412,-9.2714,45.6922,0.3114,0.0611,BAN_GIAO,-38.8948,-8.8092,-31.8889,-8.8071,11.3535,0.0000,59.332,0.033,,0.0,,21,THU,NO_TX,360,,0,,0
20.4988,1790258653.593719,0.0206,0,,,0.000,,,0.0000,0.0000,0.0000,0.0000,-27.5412,-9.2714,45.6922,0.3114,0.0611,BAN_GIAO,-38.5429,-8.8101,-30.7293,-8.8066,11.0017,0.0000,56.362,0.027,,0.0,,21,THU,NO_TX,360,,0,,0
20.5193,1790258653.614858,0.0206,0,,,0.000,,,0.0000,0.0000,0.0000,0.0000,-27.5412,-9.2714,45.6922,0.3114,0.0611,BAN_GIAO,-38.0288,-8.8103,-29.6478,-8.8062,10.4876,0.0000,52.589,0.021,,0.0,,21,THU,NO_TX,360,,0,,0
20.5404,1790258653.635723,0.0211,0,,,0.000,,,0.0000,0.0000,0.0000,0.0000,-27.5412,-9.2714,45.6922,0.3114,0.0611,BAN_GIAO,-37.2489,-8.8101,-28.6514,-8.8058,9.7076,0.0000,47.319,0.015,,0.0,,21,THU,NO_TX,360,,0,,0
20.5605,1790258653.659857,0.0201,0,,,0.000,,,0.0000,0.0000,0.0000,0.0000,-26.5454,-9.2834,44.5083,0.3098,0.0615,BAN_GIAO,-36.3745,-8.8096,-27.7137,-8.8056,9.8290,0.0000,46.697,0.011,,0.0,,21,THU,NO_TX,360,,0,,0
20.5820,1790258653.677193,0.0215,0,,,0.000,,,0.0000,0.0000,0.0000,0.0000,-26.5454,-9.2834,44.5083,0.3098,0.0615,BAN_GIAO,-35.3107,-8.8090,-26.8493,-8.8054,8.7653,0.0000,40.166,0.007,,0.0,,21,THU,NO_TX,360,,0,,0
20.6026,1790258653.698064,0.0206,0,,,0.000,,,0.0000,0.0000,0.0000,0.0000,-26.5454,-9.2834,44.5083,0.3098,0.0615,BAN_GIAO,-34.2376,-8.8084,-26.1540,-8.8054,7.6921,0.0000,33.817,0.005,,0.0,,21,THU,NO_TX,360,,0,,0
20.6238,1790258653.718670,0.0212,0,,,0.000,,,0.0000,0.0000,0.0000,0.0000,-26.5454,-9.2834,44.5083,0.3098,0.0615,BAN_GIAO,-33.1137,-8.8078,-25.5728,-8.8053,6.5682,0.0000,27.400,0.002,,0.0,,21,THU,NO_TX,360,,0,,0
20.6443,1790258653.739506,0.0205,0,,,0.000,,,0.0000,0.0000,0.0000,0.0000,-26.5454,-9.2834,44.5083,0.3098,0.0615,BAN_GIAO,-32.0280,-8.8073,-25.1339,-8.8053,5.4825,0.0000,21.385,0.001,,0.0,,21,THU,NO_TX,360,,0,,0
20.6647,1790258653.759647,0.0204,0,,,0.000,,,0.0000,0.0000,0.0000,0.0000,-25.4385,-9.2978,43.1869,0.3080,0.0664,BAN_GIAO,-30.9754,-8.8068,-24.7007,-8.8053,5.5370,0.0000,21.255,-0.000,,0.0,,21,THU,NO_TX,360,,0,,0
20.6848,1790258653.779246,0.0201,0,,,0.000,,,0.0000,0.0000,0.0000,0.0000,-25.4385,-9.2978,43.1869,0.3080,0.0664,BAN_GIAO,-29.9684,-8.8065,-24.3798,-8.8053,4.5299,0.0000,15.968,-0.001,,0.0,,21,THU,NO_TX,360,,0,,0
20.7085,1790258653.803371,0.0237,0,,,0.000,,,0.0000,0.0000,0.0000,0.0000,-25.4385,-9.2978,43.1869,0.3080,0.0664,BAN_GIAO,-28.8918,-8.8061,-24.1295,-8.8053,3.4533,0.0000,10.552,-0.001,,0.0,,21,THU,NO_TX,360,,0,,0
20.7291,1790258653.823126,0.0206,0,,,0.000,,,0.0000,0.0000,0.0000,0.0000,-25.4385,-9.2978,43.1869,0.3080,0.0664,BAN_GIAO,-28.0310,-8.8059,-23.9983,-8.8053,2.5926,0.0000,6.356,-0.001,,0.0,,21,THU,NO_TX,360,,0,,0
20.8012,1790258653.901150,0.0721,0,,,0.000,,,0.0000,0.0000,0.0000,0.0000,-25.4385,-9.2978,43.1869,0.3080,0.0664,BAN_GIAO,-25.9810,-8.8055,-24.3868,-8.8054,0.0000,0.0000,-5.392,-0.001,,0.0,,21,THU,NO_TX,360,,0,,0
20.8215,1790258653.916994,0.0203,0,,,0.000,,,0.0000,0.0000,0.0000,0.0000,-25.0901,-9.3051,42.7732,0.3074,0.0248,BAN_GIAO,-25.4825,-8.8054,-24.4883,-8.8054,0.0000,0.0000,-4.991,-0.001,,0.0,,21,THU,NO_TX,360,,0,,0
20.8449,1790258653.939705,0.0233,0,,,0.000,,,0.0000,0.0000,0.0000,0.0000,-25.0901,-9.3051,42.7732,0.3074,0.0248,BAN_GIAO,-25.0204,-8.8054,-24.5926,-8.8055,0.0000,0.0000,-4.466,-0.001,,0.0,,21,THU,NO_TX,360,,0,,0
20.8657,1790258653.959885,0.0209,0,,,0.000,,,0.0000,0.0000,0.0000,0.0000,-25.0901,-9.3051,42.7732,0.3074,0.0248,BAN_GIAO,-24.6966,-8.8054,-24.6751,-8.8055,0.0000,0.0000,-3.957,-0.001,,0.0,,21,THU,NO_TX,360,,0,,0
20.8864,1790258653.981088,0.0207,0,,,0.000,,,0.0000,0.0000,0.0000,0.0000,-24.1313,-9.3060,41.6072,0.3063,0.0570,BAN_GIAO,-24.4768,-8.8054,-24.7454,-8.8055,0.0000,0.0000,-3.398,-0.000,,0.0,,21,THU,NO_TX,360,,0,,0
20.9084,1790258654.003283,0.0220,0,,,0.000,,,0.0000,0.0000,0.0000,0.0000,-24.1313,-9.3060,41.6072,0.3063,0.0570,BAN_GIAO,-24.3196,-8.8054,-24.8074,-8.8055,0.0000,0.0000,-2.820,-0.000,,0.0,,21,THU,NO_TX,360,,0,,0
20.9286,1790258654.029273,0.0202,0,,,0.000,,,0.0000,0.0000,0.0000,0.0000,-24.1313,-9.3060,41.6072,0.3063,0.0570,BAN_GIAO,-24.3404,-8.8054,-24.8505,-8.8055,0.0000,0.0000,-2.128,-0.000,,0.0,,21,THU,NO_TX,360,,0,,0
20.9519,1790258654.046835,0.0232,0,,,0.000,,,0.0000,0.0000,0.0000,0.0000,-24.1313,-9.3060,41.6072,0.3063,0.0570,BAN_GIAO,-24.3908,-8.8054,-24.8852,-8.8055,0.0000,0.0000,-1.494,-0.000,,0.0,,21,THU,NO_TX,360,,0,,0
21.0042,1790258654.099045,0.0523,0,,,0.000,,,0.0000,0.0000,0.0000,0.0000,-23.4949,-9.2959,40.8178,0.3061,0.0398,BAN_GIAO,-24.5814,-8.8054,-24.6322,-8.8055,1.0865,0.0000,4.836,-0.000,,0.0,,21,THU,NO_TX,360,,0,,0
21.0259,1790258654.127189,0.0217,0,,,0.000,,,0.0000,0.0000,0.0000,0.0000,-23.4949,-9.2959,40.8178,0.3061,0.0398,BAN_GIAO,-24.6348,-8.8055,-24.5163,-8.8055,1.1398,0.0000,5.340,-0.000,,0.0,,21,THU,NO_TX,360,,0,,0
21.0480,1790258654.142867,0.0221,0,,,0.000,,,0.0000,0.0000,0.0000,0.0000,-23.4949,-9.2959,40.8178,0.3061,0.0398,BAN_GIAO,-24.7057,-8.8055,-24.3860,-8.8055,1.2108,0.0000,5.904,0.000,,0.0,,21,THU,NO_TX,360,,0,,0
21.0701,1790258654.167490,0.0221,0,,,0.000,,,0.0000,0.0000,0.0000,0.0000,-23.4949,-9.2959,40.8178,0.3061,0.0398,BAN_GIAO,-24.7535,-8.8055,-24.2474,-8.8055,1.2585,0.0000,6.261,0.000,,0.0,,21,THU,NO_TX,360,,0,,0
21.0905,1790258654.185808,0.0204,0,,,0.000,,,0.0000,0.0000,0.0000,0.0000,-23.4949,-9.2959,40.8178,0.3061,0.0398,BAN_GIAO,-24.7837,-8.8055,-24.1153,-8.8055,1.2888,0.0000,6.472,0.000,,0.0,,21,THU,NO_TX,360,,0,,0
21.1119,1790258654.210109,0.0213,0,,,0.000,,,0.0000,0.0000,0.0000,0.0000,-22.9041,-9.2844,40.0810,0.3059,0.0367,BAN_GIAO,-24.8052,-8.8055,-23.9115,-8.8055,1.9011,0.0000,9.563,0.000,,0.0,,21,THU,NO_TX,360,,0,,0
21.1323,1790258654.227167,0.0204,0,,,0.000,,,0.0000,0.0000,0.0000,0.0000,-22.9041,-9.2844,40.0810,0.3059,0.0367,BAN_GIAO,-24.7512,-8.8055,-23.7239,-8.8055,1.8471,0.0000,9.186,0.000,,0.0,,21,THU,NO_TX,360,,0,,0
21.1527,1790258654.247717,0.0205,0,,,0.000,,,0.0000,0.0000,0.0000,0.0000,-22.9041,-9.2844,40.0810,0.3059,0.0367,BAN_GIAO,-24.6778,-8.8055,-23.5458,-8.8055,1.7737,0.0000,8.705,0.000,,0.0,,21,THU,NO_TX,360,,0,,0
21.1731,1790258654.268102,0.0204,0,,,0.000,,,0.0000,0.0000,0.0000,0.0000,-22.9041,-9.2844,40.0810,0.3059,0.0367,BAN_GIAO,-24.5868,-8.8055,-23.3800,-8.8055,1.6827,0.0000,8.131,0.000,,0.0,,21,THU,NO_TX,360,,0,,0
21.1933,1790258654.288317,0.0202,0,,,0.000,,,0.0000,0.0000,0.0000,0.0000,-22.9041,-9.2844,40.0810,0.3059,0.0367,BAN_GIAO,-24.4816,-8.8055,-23.2287,-8.8055,1.5775,0.0000,7.489,0.000,,0.0,,21,THU,NO_TX,360,,0,,0
21.2168,1790258654.311692,0.0235,0,,,0.000,,,0.0000,0.0000,0.0000,0.0000,-22.1584,-9.2669,39.1455,0.3059,0.0450,BAN_GIAO,-24.3561,-8.8055,-22.9826,-8.8055,2.1977,0.0000,10.485,0.000,,0.0,,21,THU,NO_TX,360,,0,,0
21.2373,1790258654.336965,0.0205,0,,,0.000,,,0.0000,0.0000,0.0000,0.0000,-22.1584,-9.2669,39.1455,0.3059,0.0450,BAN_GIAO,-24.2167,-8.8055,-22.7841,-8.8055,2.0584,0.0000,9.667,0.000,,0.0,,21,THU,NO_TX,360,,0,,0
21.2609,1790258654.356238,0.0236,0,,,0.000,,,0.0000,0.0000,0.0000,0.0000,-22.1584,-9.2669,39.1455,0.3059,0.0450,BAN_GIAO,-24.0473,-8.8055,-22.5790,-8.8055,1.8890,0.0000,8.702,0.000,,0.0,,21,THU,NO_TX,360,,0,,0
21.2832,1790258654.395132,0.0223,0,,,0.000,,,0.0000,0.0000,0.0000,0.0000,-22.1584,-9.2669,39.1455,0.3059,0.0450,BAN_GIAO,-23.8809,-8.8055,-22.4053,-8.8055,1.7225,0.0000,7.776,0.000,,0.0,,21,THU,NO_TX,360,,0,,0
21.3243,1790258654.419802,0.0411,0,,,0.000,,,0.0000,0.0000,0.0000,0.0000,-22.1584,-9.2669,39.1455,0.3059,0.0450,BAN_GIAO,-23.5697,-8.8055,-22.1544,-8.8055,1.4113,0.0000,6.105,0.000,,0.0,,21,THU,NO_TX,360,,0,,0
21.3446,1790258654.439633,0.0203,0,,,0.000,,,0.0000,0.0000,0.0000,0.0000,-21.4297,-9.2515,38.2317,0.3058,0.0440,BAN_GIAO,-23.3871,-8.8055,-21.9768,-8.8055,1.9573,0.0000,8.743,0.000,,0.0,,21,THU,NO_TX,360,,0,,0
21.3666,1790258654.464000,0.0219,0,,,0.000,,,0.0000,0.0000,0.0000,0.0000,-21.4297,-9.2515,38.2317,0.3058,0.0440,BAN_GIAO,-23.1895,-8.8055,-21.8085,-8.8055,1.7598,0.0000,7.679,0.000,,0.0,,21,THU,NO_TX,360,,0,,0
21.4483,1790258654.567044,0.0817,0,,,0.000,,,0.0000,0.0000,0.0000,0.0000,-21.4297,-9.2515,38.2317,0.3058,0.0440,BAN_GIAO,-22.5219,-8.8055,-21.4583,-8.8055,1.0922,0.0000,4.283,-0.000,,0.0,,21,THU,NO_TX,360,,0,,0
21.4822,1790258654.582159,0.0338,0,,,0.000,,,0.0000,0.0000,0.0000,0.0000,-20.6503,-9.2397,37.2575,0.3056,0.0466,BAN_GIAO,-22.2879,-8.8055,-21.2195,-8.8055,1.6376,0.0000,7.058,-0.000,,0.0,,21,THU,NO_TX,360,,0,,0
21.5033,1790258654.599750,0.0211,0,,,0.000,,,0.0000,0.0000,0.0000,0.0000,-20.6503,-9.2397,37.2575,0.3056,0.0466,BAN_GIAO,-22.1347,-8.8055,-21.0863,-8.8055,1.4844,0.0000,6.302,-0.000,,0.0,,21,THU,NO_TX,360,,0,,0
21.5233,1790258654.619030,0.0200,0,,,0.000,,,0.0000,0.0000,0.0000,0.0000,-20.6503,-9.2397,37.2575,0.3056,0.0466,BAN_GIAO,-22.0343,-8.8055,-20.9685,-8.8055,1.3840,0.0000,5.885,-0.000,,0.0,,21,THU,NO_TX,360,,0,,0
21.5449,1790258654.639674,0.0216,0,,,0.000,,,0.0000,0.0000,0.0000,0.0000,-20.6503,-9.2397,37.2575,0.3056,0.0466,BAN_GIAO,-21.9611,-8.8055,-20.8466,-8.8055,1.3108,0.0000,5.647,-0.000,,0.0,,21,THU,NO_TX,360,,0,,0
21.5661,1790258654.660875,0.0212,0,,,0.000,,,0.0000,0.0000,0.0000,0.0000,-19.6560,-9.2192,36.0053,0.3055,0.0584,BAN_GIAO,-21.8002,-8.8055,-20.6399,-8.8055,2.1442,0.0000,9.758,-0.000,,0.0,,21,THU,NO_TX,360,,0,,0
21.5889,1790258654.684333,0.0228,0,,,0.000,,,0.0000,0.0000,0.0000,0.0000,-19.6560,-9.2192,36.0053,0.3055,0.0584,BAN_GIAO,-21.6851,-8.8055,-20.4290,-8.8055,2.0291,0.0000,9.236,-0.000,,0.0,,21,THU,NO_TX,360,,0,,0
21.6114,1790258654.706748,0.0225,0,,,0.000,,,0.0000,0.0000,0.0000,0.0000,-19.6560,-9.2192,36.0053,0.3055,0.0584,BAN_GIAO,-21.5301,-8.8055,-20.2397,-8.8055,1.8741,0.0000,8.429,-0.000,,0.0,,21,THU,NO_TX,360,,0,,0
21.6349,1790258654.730881,0.0235,0,,,0.000,,,0.0000,0.0000,0.0000,0.0000,-19.6560,-9.2192,36.0053,0.3055,0.0584,BAN_GIAO,-21.3778,-8.8055,-20.0596,-8.8055,1.7218,0.0000,7.660,-0.000,,0.0,,21,THU,NO_TX,360,,0,,0
21.6554,1790258654.750306,0.0205,0,,,0.000,,,0.0000,0.0000,0.0000,0.0000,-18.0175,-9.1775,33.9269,0.3058,0.0915,BAN_GIAO,-21.2497,-8.8055,-19.7478,-8.8055,3.2322,0.0000,15.215,-0.000,,0.0,,21,THU,NO_TX,360,,0,,0
21.6764,1790258654.771720,0.0210,0,,,0.000,,,0.0000,0.0000,0.0000,0.0000,-18.0175,-9.1775,33.9269,0.3058,0.0915,BAN_GIAO,-21.1213,-8.8055,-19.4412,-8.8055,3.1038,0.0000,14.580,-0.000,,0.0,,21,THU,NO_TX,360,,0,,0
21.6978,1790258654.792337,0.0214,0,,,0.000,,,0.0000,0.0000,0.0000,0.0000,-18.0175,-9.1775,33.9269,0.3058,0.0915,BAN_GIAO,-20.9661,-8.8055,-19.1463,-8.8055,2.9486,0.0000,13.768,-0.000,,0.0,,21,THU,NO_TX,360,,0,,0
21.7181,1790258654.813048,0.0203,0,,,0.000,,,0.0000,0.0000,0.0000,0.0000,-18.0175,-9.1775,33.9269,0.3058,0.0915,BAN_GIAO,-20.7993,-8.8055,-18.8854,-8.8055,2.7818,0.0000,12.873,-0.000,,0.0,,21,THU,NO_TX,360,,0,,0
21.7383,1790258654.833291,0.0202,0,,,0.000,,,0.0000,0.0000,0.0000,0.0000,-18.0175,-9.1775,33.9269,0.3058,0.0915,BAN_GIAO,-20.6257,-8.8055,-18.6437,-8.8055,2.6082,0.0000,11.947,-0.000,,0.0,,21,THU,NO_TX,360,,0,,0
21.7584,1790258654.853415,0.0201,0,,,0.000,,,0.0000,0.0000,0.0000,0.0000,-18.0175,-9.1775,33.9269,0.3058,0.0915,BAN_GIAO,-20.4510,-8.8055,-18.4221,-8.8055,2.4334,0.0000,11.024,0.000,,11.9,,21,THU,NO_TX,360,,0,,0
21.7786,1790258654.873548,0.0202,0,,,0.000,,,0.0000,0.0000,0.0000,0.0000,-16.6698,-9.1149,32.1836,0.3073,0.0827,BAN_GIAO,-20.2331,-8.8055,-18.0876,-8.8055,3.5634,0.0000,16.564,0.000,,11.9,,21,THU,NO_TX,360,,0,,0
21.7989,1790258654.893849,0.0203,0,,,0.000,,,0.0000,0.0000,0.0000,0.0000,-16.6698,-9.1149,32.1836,0.3073,0.0827,BAN_GIAO,-19.9869,-8.8055,-17.7789,-8.8055,3.3171,0.0000,15.200,0.000,,11.9,,21,THU,NO_TX,360,,0,,0
21.8191,1790258654.914002,0.0201,1,220.25,227.25,0.779,-13.7765,-7.9035,-13.7765,0.0000,-7.9035,0.0000,-13.7765,-7.9035,32.1836,0.3073,0.0827,BAM,-19.7270,-8.8055,-17.3106,-8.8055,5.9505,0.0000,23.255,0.000,,48.6,100.56,21,THU,NO_TX,360,,0,,0
21.8393,1790258654.934239,0.0202,0,220.25,227.25,0.779,,,-13.7765,0.0000,-7.9035,0.0000,-13.7765,-7.9035,32.1836,0.3073,0.0827,BAM,-19.4660,-8.8055,-16.7676,-8.8055,5.6895,0.0000,26.836,0.000,,48.6,100.56,21,THU,NO_TX,360,,0,,0
21.8603,1790258654.955749,0.0210,1,224.50,226.75,0.777,-13.3351,-7.8748,-13.3369,10.6173,-7.8749,0.6891,-13.0017,-7.8748,32.1836,0.3073,0.0827,BAM,-19.2042,-8.8055,-16.1509,-8.8055,6.2024,0.0000,29.339,0.000,0.0141,47.6,96.41,21,THU,NO_TX,360,,0,,0
21.8809,1790258654.975827,0.0206,0,224.50,226.75,0.777,,,-13.1186,10.6173,-7.8607,0.6891,-12.8180,-7.8606,29.9884,0.3087,0.1007,BAM,-18.9589,-8.8055,-15.5547,-8.8055,6.1409,0.0000,29.004,0.000,0.0141,47.6,96.41,21,THU,NO_TX,360,,0,,0
21.9009,1790258654.995881,0.0200,0,224.50,226.75,0.777,,,-12.9061,10.6173,-7.8470,0.6891,-12.6329,-7.8469,29.9884,0.3087,0.1007,BAM,-18.6907,-8.8055,-14.9839,-8.8055,6.0578,0.0000,28.517,0.000,0.0141,47.6,96.41,21,THU,NO_TX,360,,0,,0
21.9215,1790258655.017390,0.0206,1,225.75,225.50,0.788,-12.6514,-7.7933,-12.6548,11.0312,-7.7971,1.1415,-11.9979,-7.7957,29.9884,0.3087,0.1007,BAM,-18.4041,-8.8055,-14.3613,-8.7013,6.4063,1.0098,30.186,5.049,0.0045,62.2,95.36,21,THU,NO_TX,360,,0,,0
21.9417,1790258655.036653,0.0202,0,225.75,225.50,0.788,,,-12.4319,11.0312,-7.7740,1.1415,-11.8832,-7.7730,29.9884,0.3087,0.1007,BAM,-18.0653,-8.8055,-13.7773,-8.5971,6.1821,1.0325,28.909,5.162,0.0045,62.2,95.36,21,THU,NO_TX,360,,0,,0
21.9618,1790258655.056825,0.0201,0,225.75,225.50,0.788,,,-12.2100,11.0312,-7.7511,1.1415,-11.7386,-7.7503,29.9884,0.3087,0.1007,BAM,-17.6644,-8.8055,-13.2260,-8.4909,5.9257,1.0552,27.398,5.276,0.0045,62.2,95.36,21,THU,NO_TX,360,,0,,0
21.9821,1790258655.077064,0.0202,1,228.00,224.50,0.782,-12.2471,-7.7294,-12.2028,8.3683,-7.7291,1.1276,-11.8321,-7.7277,29.9884,0.3087,0.1007,BAM,-17.1949,-8.8055,-12.7345,-8.3819,5.3627,1.0778,24.292,5.389,0.2008,48.3,93.30,21,THU,NO_TX,360,,0,,0
22.0021,1790258655.097118,0.0201,0,228.00,224.50,0.782,,,-12.0349,8.3683,-7.7065,1.1276,-11.7391,-7.7055,27.7930,0.3111,0.1045,BAM,-16.6891,-8.8055,-12.2944,-8.2715,4.9500,1.1000,21.937,5.500,0.2008,48.3,93.30,21,THU,NO_TX,360,,0,,0
22.0223,1790258655.117288,0.0202,0,228.00,224.50,0.782,,,-11.8660,8.3683,-7.6837,1.1276,-11.6202,-7.6830,27.7930,0.3111,0.1045,BAM,-16.1612,-8.8055,-11.8982,-8.1583,4.5410,1.1225,19.634,5.613,0.2008,48.3,93.30,21,THU,NO_TX,360,,0,,0
22.0425,1790258655.137993,0.0202,1,233.75,225.00,0.779,-11.4195,-7.7678,-11.4690,11.2501,-7.7480,0.0448,-10.7822,-7.7480,27.7930,0.3111,0.1045,BAM,-15.6028,-8.7732,-11.4776,-8.0557,4.8206,1.0252,20.783,5.070,0.2727,62.9,87.54,21,THU,NO_TX,360,,0,,0
22.0631,1790258655.158566,0.0205,0,233.75,225.00,0.779,,,-11.2380,11.2501,-7.7471,0.0448,-10.6645,-7.7471,27.7930,0.3111,0.1045,BAM,-15.0309,-8.7180,-11.1017,-8.0585,4.3664,0.0000,18.310,-0.138,0.2727,62.9,87.54,21,THU,NO_TX,360,,0,,0
22.0833,1790258655.178299,0.0202,0,233.75,225.00,0.779,,,-11.0102,11.2501,-7.7462,0.0448,-10.5170,-7.7462,27.7930,0.3111,0.1045,BAM,-14.4708,-8.6475,-10.7757,-8.0631,3.9538,0.0000,16.101,-0.227,0.2727,62.9,87.54,21,THU,NO_TX,360,,0,,0
22.1034,1790258655.198362,0.0200,1,244.25,225.00,0.758,-9.9557,-7.6896,-10.1023,19.8736,-7.6998,0.6101,-8.3155,-7.6996,27.7930,0.3111,0.1045,BAM,-13.9358,-8.5657,-10.2923,-8.0694,5.6202,0.0000,24.117,-0.316,2.1247,64.1,77.22,21,THU,NO_TX,360,,0,,0
22.1235,1790258655.218488,0.0202,0,244.25,225.00,0.758,,,-9.7016,19.8736,-7.6875,0.6101,-8.0647,-7.6873,25.2159,0.3128,0.1197,BAM,-13.4279,-8.4747,-9.8273,-8.0775,5.3632,0.0000,23.063,-0.400,2.1247,64.1,77.22,21,THU,NO_TX,360,,0,,0
22.1436,1790258655.238579,0.0201,1,219.75,222.50,0.768,-7.2375,-7.3508,-7.8005,41.3752,-7.4415,3.8861,-3.3194,-7.3901,25.2159,0.3128,0.1197,BAM,-12.9563,-8.3771,-9.2039,-8.0870,9.6369,0.0000,31.085,-0.476,20.7133,49.0,101.77,21,THU,NO_TX,360,,0,,0
22.1637,1790258655.259171,0.0201,0,219.75,222.50,0.768,,,-6.9694,41.3752,-7.3634,3.8861,-2.5991,-7.3254,25.2159,0.3128,0.1197,BAM,-12.5000,-8.2779,-8.4182,-8.0978,9.9008,0.0000,39.119,-0.538,20.7133,49.0,101.77,21,THU,NO_TX,360,,0,,0
22.1842,1790258655.279233,0.0206,0,219.75,222.50,0.768,,,-6.1183,41.3752,-7.2835,3.8861,-1.8559,-7.2534,25.2159,0.3128,0.1197,BAM,-12.0613,-8.2091,-7.4442,-8.1087,10.2054,0.0000,47.347,-0.529,20.7133,49.0,101.77,21,THU,NO_TX,360,,0,,0
22.2048,1790258655.300611,0.0206,0,219.75,222.50,0.768,,,-5.2678,41.3752,-7.2036,3.8861,-1.1080,-7.1788,25.2159,0.3128,0.1197,BAM,-11.6582,-8.1633,-6.4295,-8.1186,10.5501,0.0000,49.359,-0.483,20.7133,49.0,101.77,21,THU,NO_TX,360,,0,,0
22.2253,1790258655.320312,0.0205,1,259.00,224.75,0.789,-8.4135,-7.2445,-7.9469,2.0091,-7.2297,2.7196,-7.9388,-7.2105,22.6314,0.3144,0.1230,BAM,-11.2304,-8.1339,-5.5851,-8.1273,3.2916,0.0000,41.150,-0.420,32.4785,64.7,62.88,21,THU,NO_TX,360,,0,,0
22.2455,1790258655.340509,0.0202,0,259.00,224.75,0.789,,,-7.9063,2.0091,-7.1747,2.7196,-7.9005,-7.1609,22.6314,0.3144,0.1230,BAM,-10.7956,-8.1164,-4.9170,-8.1344,2.8951,0.0000,33.069,-0.353,32.4785,64.7,62.88,21,THU,NO_TX,360,,0,,0
22.2663,1790258655.361772,0.0208,0,259.00,224.75,0.789,,,-7.8646,2.0091,-7.1183,2.7196,-7.8601,-7.1075,22.6314,0.3144,0.1230,BAM,-10.2930,-8.1071,-4.4028,-8.1403,2.4329,0.0000,24.762,-0.285,32.4785,64.7,62.88,21,THU,NO_TX,360,,0,,0
22.2864,1790258655.381335,0.0201,1,292.25,227.00,0.752,-9.3688,-7.2647,-9.0953,-13.8633,-7.2278,0.7077,-10.0982,-7.2274,22.6314,0.3144,0.1230,BAM,-9.7147,-8.1043,-4.0669,-8.1448,0.0000,0.0000,16.734,-0.224,7.4722,63.4,30.64,21,THU,NO_TX,360,,0,,0
22.3064,1790258655.401391,0.0201,0,292.25,227.00,0.752,,,-9.3733,-13.8633,-7.2136,0.7077,-10.2450,-7.2133,22.6314,0.3144,0.1230,BAM,-9.0149,-8.1056,-3.8922,-8.1482,-1.2301,0.0000,8.714,-0.170,7.4722,63.4,30.64,21,THU,NO_TX,360,,0,,0
22.3268,1790258655.421757,0.0204,1,308.50,226.50,0.770,-8.9432,-7.2049,-9.1363,-6.4052,-7.2033,0.6495,-9.3310,-7.2030,22.6314,0.3144,0.1230,BAM,-8.2097,-8.1097,-3.8805,-8.1507,-1.1213,0.0000,0.572,-0.123,2.3946,47.1,17.73,21,THU,NO_TX,360,,0,,0
22.3476,1790258655.442581,0.0208,0,308.50,226.50,0.770,,,-9.2697,-6.4052,-7.1898,0.6495,-9.4186,-7.1896,20.2209,0.3156,0.1186,BAM,-7.3792,-8.1153,-4.0422,-8.1525,-2.0394,0.0000,-7.760,-0.084,2.3946,47.1,17.73,21,THU,NO_TX,360,,0,,0
22.3676,1790258655.462643,0.0201,0,308.50,226.50,0.770,,,-9.3982,-6.4052,-7.1768,0.6495,-9.5196,-7.1766,20.2209,0.3156,0.1186,BAM,-6.6200,-8.1212,-4.3588,-8.1535,-2.8995,0.0000,-15.784,-0.055,2.3946,47.1,17.73,21,THU,NO_TX,360,,0,,0
22.3877,1790258655.482723,0.0201,1,350.50,229.25,0.734,-9.4258,-7.3949,-9.4438,-5.3345,-7.3521,-1.7436,-9.5703,-7.3574,20.2209,0.3156,0.1186,BAM,-5.9357,-8.1271,-4.8249,-8.1542,-3.6346,0.0000,-23.203,-0.032,0.1894,64.6,32.34,21,THU,NO_TX,360,,0,,0
22.4078,1790258655.502785,0.0201,0,350.50,229.25,0.734,,,-9.5508,-5.3345,-7.3871,-1.7436,-9.6457,-7.3909,20.2209,0.3156,0.1186,BAM,-5.3594,-8.1325,-5.3525,-8.1545,-4.2863,0.0000,-26.294,-0.015,0.1894,64.6,32.34,21,THU,NO_TX,360,,0,,0
22.4278,1790258655.522819,0.0200,0,350.50,229.25,0.734,,,-9.6577,-5.3345,-7.4220,-1.7436,-9.7336,-7.4250,20.2209,0.3156,0.1186,BAM,-4.9075,-8.1374,-5.9263,-8.1545,-4.8260,0.0000,-28.651,-0.003,0.1894,64.6,32.34,21,THU,NO_TX,360,,0,,0
22.4482,1790258655.543638,0.0204,1,378.75,228.00,0.691,-9.2965,-7.3165,-9.3804,-0.4712,-7.3427,-0.3200,-9.3805,-7.3427,17.6119,0.3166,0.1264,BAM,-4.5913,-8.1407,-6.4954,-8.1545,-4.7893,0.0000,-27.955,0.003,0.7457,64.8,59.96,21,THU,NO_TX,360,,0,,0
22.4687,1790258655.564209,0.0205,0,378.75,228.00,0.691,,,-9.3901,-0.4712,-7.3493,-0.3200,-9.3902,-7.3493,17.6119,0.3166,0.1264,BAM,-4.4192,-8.1444,-7.0747,-8.1543,-4.9710,0.0000,-28.216,0.009,0.7457,64.8,59.96,21,THU,NO_TX,360,,0,,0
22.4887,1790258655.583709,0.0200,0,378.75,228.00,0.691,,,-9.3995,-0.4712,-7.3557,-0.3200,-9.3996,-7.3557,17.6119,0.3166,0.1264,BAM,-4.4006,-8.1472,-7.6275,-8.1541,-4.9990,0.0000,-27.612,0.012,0.7457,64.8,59.96,21,THU,NO_TX,360,,0,,0
22.5089,1790258655.603881,0.0201,1,388.00,226.50,0.748,-9.1447,-7.2194,-9.1918,2.2742,-7.2458,1.1253,-9.1802,-7.2444,17.6119,0.3166,0.1264,BAM,-4.5318,-8.1494,-8.1316,-8.1538,-4.6484,0.0000,-25.025,0.013,0.2766,45.7,69.33,21,THU,NO_TX,360,,0,,0
22.5289,1790258655.624391,0.0201,0,388.00,226.50,0.748,,,-9.1462,2.2742,-7.2232,1.1253,-9.1379,-7.2222,17.6119,0.3166,0.1264,BAM,-4.7848,-8.1509,-8.5869,-8.1535,-4.3530,0.0000,-22.698,0.013,0.2766,45.7,69.33,21,THU,NO_TX,360,,0,,0
22.5498,1790258655.644683,0.0209,0,388.00,226.50,0.748,,,-9.0987,2.2742,-7.1997,1.1253,-9.0923,-7.1990,15.4539,0.3171,0.1109,BAM,-5.1463,-8.1521,-9.0002,-8.1533,-3.9460,0.0000,-19.821,0.011,0.2766,45.7,69.33,21,THU,NO_TX,360,,0,,0
22.5699,1790258655.664891,0.0201,1,350.50,226.50,0.760,-6.5777,-7.2461,-7.0143,27.9867,-7.2335,0.4264,-4.1875,-7.2334,15.4539,0.3171,0.1109,BAM,-5.5628,-8.1528,-9.2370,-8.1531,1.3753,0.0000,-11.781,0.010,18.8309,65.5,33.35,21,THU,NO_TX,360,,0,,0
22.5900,1790258655.684985,0.0201,0,350.50,226.50,0.760,,,-6.4521,27.9867,-7.2249,0.4264,-3.7641,-7.2248,15.4539,0.3171,0.1109,BAM,-6.0295,-8.1533,-9.3123,-8.1529,2.2653,0.0000,-3.745,0.009,18.8309,65.5,33.35,21,THU,NO_TX,360,,0,,0
22.6105,1790258655.705484,0.0205,0,350.50,226.50,0.760,,,-5.8782,27.9867,-7.2162,0.4264,-3.3187,-7.2161,15.4539,0.3171,0.1109,BAM,-6.5297,-8.1535,-9.2209,-8.1528,3.2110,0.0000,4.457,0.007,18.8309,65.5,33.35,21,THU,NO_TX,360,,0,,0
22.6310,1790258655.725854,0.0205,1,365.50,231.50,0.461,-9.0824,-7.5768,-8.4176,-11.2458,-7.5093,-3.3142,-9.1052,-7.5425,15.4539,0.3171,0.1109,BAM,-7.0315,-8.1536,-9.2980,-8.1527,-2.0737,0.0000,-3.754,0.005,44.1287,62.1,46.29,21,THU,NO_TX,360,,0,,0
22.6513,1790258655.746131,0.0202,0,365.50,231.50,0.461,,,-8.6452,-11.2458,-7.5764,-3.3142,-9.2205,-7.6006,15.4539,0.3171,0.1109,BAM,-7.5139,-8.1536,-9.4183,-8.1526,-1.7066,0.0000,-5.947,0.004,44.1287,62.1,46.29,21,THU,NO_TX,360,,0,,0
22.6714,1790258655.766431,0.0202,1,331.50,228.50,0.749,-7.8035,-7.3874,-8.0936,-0.1194,-7.4586,-0.7303,-8.0936,-7.4590,14.7679,0.3175,0.0489,BAM,-7.9742,-8.1535,-9.3754,-8.1525,0.0000,0.0000,2.127,0.003,5.6888,47.1,16.26,21,THU,NO_TX,360,,0,,0
22.6920,1790258655.787024,0.0206,0,331.50,228.50,0.749,,,-8.0961,-0.1194,-7.4737,-0.7303,-8.0961,-7.4739,14.7679,0.3175,0.0489,BAM,-8.3706,-8.1534,-9.3176,-8.1525,0.0000,0.0000,2.805,0.002,5.6888,47.1,16.26,21,THU,NO_TX,360,,0,,0
22.7124,1790258655.807359,0.0203,0,331.50,228.50,0.749,,,-8.0985,-0.1194,-7.4885,-0.7303,-8.0985,-7.4887,14.7679,0.3175,0.0489,BAM,-8.6403,-8.1533,-9.2644,-8.1525,0.0000,0.0000,2.615,0.001,5.6888,47.1,16.26,21,THU,NO_TX,360,,0,,0
22.7326,1790258655.827609,0.0202,1,310.25,225.75,0.745,-7.7165,-7.2043,-7.7849,3.9482,-7.2596,2.3586,-7.7283,-7.2469,14.7679,0.3175,0.0489,BAM,-8.8255,-8.1532,-9.1063,-8.1524,1.0971,0.0000,7.811,0.001,0.7218,64.8,17.27,21,THU,NO_TX,360,,0,,0
22.7527,1790258655.847678,0.0201,0,310.25,225.75,0.745,,,-7.7056,3.9482,-7.2123,2.3586,-7.6643,-7.2031,14.7679,0.3175,0.0489,BAM,-8.9524,-8.1532,-8.9368,-8.1524,1.2881,0.0000,8.447,0.001,0.7218,64.8,17.27,21,THU,NO_TX,360,,0,,0
22.7729,1790258655.867891,0.0202,0,310.25,225.75,0.745,,,-7.6258,3.9482,-7.1646,2.3586,-7.5932,-7.1574,12.4117,0.3186,0.1128,BAM,-9.0969,-8.1530,-8.7485,-8.1524,1.5036,0.0000,9.307,0.000,0.7218,64.8,17.27,21,THU,NO_TX,360,,0,,0
22.7933,1790258655.888241,0.0204,1,296.00,227.25,0.724,-7.2152,-7.3016,-7.2739,7.3635,-7.2674,0.4903,-6.9961,-7.2673,12.4117,0.3186,0.1128,BAM,-9.1971,-8.1529,-8.4926,-8.1524,2.2010,0.0000,12.548,-0.000,0.4384,49.5,27.18,21,THU,NO_TX,360,,0,,0
22.8135,1790258655.908464,0.0202,0,296.00,227.25,0.724,,,-7.1254,7.3635,-7.2575,0.4903,-6.9084,-7.2575,12.4117,0.3186,0.1128,BAM,-9.2344,-8.1528,-8.2329,-8.1524,2.3260,0.0000,12.879,-0.000,0.4384,49.5,27.18,21,THU,NO_TX,360,,0,,0
22.8339,1790258655.929139,0.0204,0,296.00,227.25,0.724,,,-6.9753,7.3635,-7.2475,0.4903,-6.7975,-7.2475,12.4117,0.3186,0.1128,BAM,-9.2603,-8.1527,-7.9614,-8.1524,2.4628,0.0000,13.315,-0.000,0.4384,49.5,27.18,21,THU,NO_TX,360,,0,,0
22.8544,1790258655.949774,0.0206,1,256.00,228.00,0.745,-4.9466,-7.3335,-5.2780,26.8440,-7.3159,-0.4819,-2.5957,-7.3160,12.4117,0.3186,0.1128,BAM,-9.2120,-8.1526,-7.5187,-8.1524,6.6163,0.0000,21.536,-0.000,10.8559,62.5,65.12,21,THU,NO_TX,360,,0,,0
22.8750,1790258655.969922,0.0206,0,256.00,228.00,0.745,,,-4.7258,26.8440,-7.3258,-0.4819,-2.1880,-7.3259,12.4117,0.3186,0.1128,BAM,-9.1257,-8.1525,-6.9065,-8.1524,6.9377,0.0000,29.764,-0.000,10.8559,62.5,65.12,21,THU,NO_TX,360,,0,,0
22.8950,1790258655.990026,0.0201,0,256.00,228.00,0.745,,,-4.1875,26.8440,-7.3355,-0.4819,-1.7762,-7.3356,12.2539,0.3181,0.0194,BAM,-9.0094,-8.1525,-6.1796,-8.1525,7.2332,0.0000,36.251,-0.000,10.8559,62.5,65.12,21,THU,NO_TX,360,,0,,0
22.9154,1790258656.010356,0.0203,1,260.00,229.00,0.780,-5.1043,-7.4022,-4.8460,11.6535,-7.3917,-1.0581,-4.1097,-7.3929,12.2539,0.3181,0.0194,BAM,-8.8486,-8.1525,-5.6080,-8.1525,4.7389,0.0000,28.120,-0.000,6.5856,63.3,61.00,21,THU,NO_TX,360,,0,,0
22.9355,1790258656.030454,0.0201,0,260.00,229.00,0.780,,,-4.6118,11.6535,-7.4130,-1.0581,-3.9912,-7.4139,12.2539,0.3181,0.0194,BAM,-8.6585,-8.1525,-5.1488,-8.1525,4.6673,0.0000,22.845,-0.000,6.5856,63.3,61.00,21,THU,NO_TX,360,,0,,0
22.9556,1790258656.050570,0.0202,0,260.00,229.00,0.780,,,-4.3768,11.6535,-7.4343,-1.0581,-3.8408,-7.4350,12.2539,0.3181,0.0194,BAM,-8.4428,-8.1525,-4.7000,-8.1525,4.6020,0.0000,22.260,-0.000,6.5856,63.3,61.00,21,THU,NO_TX,360,,0,,0
22.9756,1790258656.070637,0.0200,1,257.75,229.50,0.775,-4.6766,-7.4339,-4.5812,6.1086,-7.4379,-0.8389,-4.4054,-7.4385,12.2539,0.3181,0.0194,BAM,-8.1583,-8.1524,-4.3457,-8.1525,3.7529,0.0000,17.695,-0.000,0.8870,50.0,63.13,21,THU,NO_TX,360,,0,,0
22.9957,1790258656.090659,0.0200,0,257.75,229.50,0.775,,,-4.4589,6.1086,-7.4547,-0.8389,-4.3245,-7.4552,11.5561,0.3183,0.0417,BAM,-7.7728,-8.1524,-4.0303,-8.1525,3.4483,0.0000,15.753,-0.000,0.8870,50.0,63.13,21,THU,NO_TX,360,,0,,0
23.0158,1790258656.110827,0.0202,0,257.75,229.50,0.775,,,-4.3356,6.1086,-7.4717,-0.8389,-4.2270,-7.4720,11.5561,0.3183,0.0417,BAM,-7.2796,-8.1524,-3.7626,-8.1525,3.0526,0.0000,13.268,-0.000,0.8870,50.0,63.13,21,THU,NO_TX,360,,0,,0
23.0359,1790258656.130899,0.0201,1,282.75,227.00,0.727,-5.6600,-7.2802,-5.4008,-8.9482,-7.3189,1.2753,-5.8308,-7.3168,11.5561,0.3183,0.0417,BAM,-6.7642,-8.1525,-3.6574,-8.1525,0.0000,0.0000,5.244,-0.000,6.6561,61.4,39.45,21,THU,NO_TX,360,,0,,0
23.0562,1790258656.151093,0.0203,0,282.75,227.00,0.727,,,-5.5820,-8.9482,-7.2931,1.2753,-5.9281,-7.2916,11.5561,0.3183,0.0417,BAM,-6.2628,-8.1525,-3.7126,-8.1525,0.0000,0.0000,-2.725,-0.000,6.6561,61.4,39.45,21,THU,NO_TX,360,,0,,0
23.0768,1790258656.172276,0.0206,0,282.75,227.00,0.727,,,-5.7667,-8.9482,-7.2667,1.2753,-6.0554,-7.2656,11.5561,0.3183,0.0417,BAM,-5.7714,-8.1525,-3.7730,-8.1525,0.0000,0.0000,-2.925,-0.000,6.6561,61.4,39.45,21,THU,NO_TX,360,,0,,0
23.0968,1790258656.191810,0.0200,1,303.00,227.75,0.763,-5.6233,-7.3355,-5.6803,-5.5963,-7.3182,0.3195,-5.8212,-7.3182,11.0892,0.3177,0.0283,BAM,-5.3325,-8.1525,-3.8332,-8.1525,0.0000,0.0000,-3.009,-0.000,0.3462,65.9,20.95,21,THU,NO_TX,360,,0,,0
23.1169,1790258656.211887,0.0201,0,303.00,227.75,0.763,,,-5.7926,-5.5963,-7.3118,0.3195,-5.8992,-7.3118,11.0892,0.3177,0.0283,BAM,-4.9308,-8.1525,-3.8936,-8.1525,0.0000,0.0000,-3.007,-0.000,0.3462,65.9,20.95,21,THU,NO_TX,360,,0,,0
23.1371,1790258656.233138,0.0202,1,328.25,232.00,0.737,-5.8866,-7.6195,-5.8918,-5.3956,-7.5318,-2.8520,-6.0188,-7.5533,11.0892,0.3177,0.0283,BAM,-4.5685,-8.1525,-4.0996,-8.1525,-1.4503,0.0000,-10.184,0.000,0.4415,47.4,11.49,21,THU,NO_TX,360,,0,,0
23.1573,1790258656.252216,0.0202,0,328.25,232.00,0.737,,,-6.0006,-5.3956,-7.5893,-2.8520,-6.0964,-7.6049,11.0892,0.3177,0.0283,BAM,-4.2866,-8.1525,-4.3372,-8.1525,-1.8098,0.0000,-11.788,0.000,0.4415,47.4,11.49,21,THU,NO_TX,360,,0,,0
23.1777,1790258656.272713,0.0204,0,328.25,232.00,0.737,,,-6.1109,-5.3956,-7.6476,-2.8520,-6.1876,-7.6599,11.0892,0.3177,0.0283,BAM,-4.0900,-8.1525,-4.6014,-8.1525,-2.0976,0.0000,-12.922,0.000,0.4415,47.4,11.49,21,THU,NO_TX,360,,0,,0
23.1981,1790258656.293597,0.0204,1,350.00,233.25,0.749,-6.3012,-7.6984,-6.2869,-6.2472,-7.6997,-2.7764,-6.4756,-7.7202,11.0892,0.3177,0.0283,BAM,-3.9913,-8.1525,-4.8959,-8.1525,-2.4844,0.0000,-14.457,0.000,0.0203,63.2,30.75,21,THU,NO_TX,360,,0,,0
23.2182,1790258656.313205,0.0201,0,350.00,233.25,0.749,,,-6.4125,-6.2472,-7.7556,-2.7764,-6.5566,-7.7704,10.6844,0.3178,0.0231,BAM,-3.9238,-8.1525,-5.1945,-8.1525,-2.6327,0.0000,-14.843,0.000,0.0203,63.2,30.75,21,THU,NO_TX,360,,0,,0
23.2385,1790258656.333461,0.0203,0,350.00,233.25,0.749,,,-6.5392,-6.2472,-7.8119,-2.7764,-6.6554,-7.8234,10.6844,0.3178,0.0231,BAM,-3.9144,-8.1525,-5.4987,-8.1525,-2.7410,0.0000,-15.009,0.000,0.0203,63.2,30.75,21,THU,NO_TX,360,,0,,0
23.2591,1790258656.354541,0.0207,0,350.00,233.25,0.749,,,-6.6683,-6.2472,-7.8693,-2.7764,-6.7654,-7.8787,10.6844,0.3178,0.0231,BAM,-3.9727,-8.1525,-5.8058,-8.1525,-2.7927,0.0000,-14.859,0.000,0.0203,63.2,30.75,21,THU,NO_TX,360,,0,,0
23.2795,1790258656.374489,0.0204,1,348.25,228.00,0.760,-5.8193,-7.3496,-5.9338,3.2378,-7.4204,2.7115,-5.9020,-7.4016,10.6844,0.3178,0.0231,BAM,-4.0863,-8.1525,-6.0007,-8.1525,-1.8157,0.0000,-9.569,0.000,2.5957,65.7,30.69,21,THU,NO_TX,360,,0,,0
23.2997,1790258656.394664,0.0202,0,348.25,228.00,0.760,,,-5.8685,3.2378,-7.3657,2.7115,-5.8454,-7.3521,10.6844,0.3178,0.0231,BAM,-4.2457,-8.1525,-6.1640,-8.1525,-1.5998,0.0000,-8.100,0.000,2.5957,65.7,30.69,21,THU,NO_TX,360,,0,,0
23.3200,1790258656.415474,0.0203,1,346.75,227.75,0.743,-5.8811,-7.3334,-5.8599,2.4365,-7.3271,2.4860,-5.8464,-7.3131,10.6844,0.3178,0.0004,BAM,-4.4478,-8.1525,-6.3005,-8.1525,-1.3985,0.0000,-6.721,0.000,0.0312,47.8,29.42,21,THU,NO_TX,360,,0,,0
23.3401,1790258656.435081,0.0201,0,346.75,227.75,0.743,,,-5.8109,2.4365,-7.2771,2.4860,-5.8011,-7.2668,10.6844,0.3178,0.0004,BAM,-4.6784,-8.1525,-6.4012,-8.1525,-1.1226,0.0000,-5.006,0.000,0.0312,47.8,29.42,21,THU,NO_TX,360,,0,,0
23.3604,1790258656.455358,0.0203,0,346.75,227.75,0.743,,,-5.7615,2.4365,-7.2267,2.4860,-5.7538,-7.2186,10.6844,0.3178,0.0004,BAM,-4.9333,-8.1525,-6.3828,-8.1525,0.0000,0.0000,0.905,0.000,0.0312,47.8,29.42,21,THU,NO_TX,360,,0,,0
23.3809,1790258656.475930,0.0206,1,342.50,231.50,0.692,-6.1892,-7.5840,-6.1043,-2.6525,-7.5084,-1.7610,-6.1226,-7.5138,10.6844,0.3178,0.0004,BAM,-5.2070,-8.1525,-6.3589,-8.1525,0.0000,0.0000,1.162,0.000,1.1985,63.5,24.05,21,THU,NO_TX,360,,0,,0
23.4011,1790258656.496057,0.0201,0,342.50,231.50,0.692,,,-6.1577,-2.6525,-7.5439,-1.7610,-6.1708,-7.5477,10.6844,0.3178,0.0004,BAM,-5.4523,-8.1525,-6.3324,-8.1525,0.0000,0.0000,1.317,0.000,1.1985,63.5,24.05,21,THU,NO_TX,360,,0,,0
23.4211,1790258656.516123,0.0201,0,342.50,231.50,0.692,,,-6.2110,-2.6525,-7.5792,-1.7610,-6.2212,-7.5822,10.6844,0.3178,0.0004,BAM,-5.6719,-8.1525,-6.3045,-8.1525,0.0000,0.0000,1.392,0.000,1.1985,63.5,24.05,21,THU,NO_TX,360,,0,,0
23.4417,1790258656.536645,0.0205,1,343.00,230.00,0.771,-6.9962,-7.4841,-6.8667,-10.2211,-7.5082,-0.4343,-7.4371,-7.5083,9.3643,0.3184,0.0645,BAM,-5.8687,-8.1525,-6.4365,-8.1525,-1.5684,0.0000,-6.439,0.000,1.6981,61.9,25.08,21,THU,NO_TX,360,,0,,0
23.4617,1790258656.556688,0.0200,0,343.00,230.00,0.771,,,-7.0715,-10.2211,-7.5169,-0.4343,-7.5416,-7.5169,9.3643,0.3184,0.0645,BAM,-6.0328,-8.1525,-6.5604,-8.1525,-1.5088,0.0000,-6.182,0.000,1.6981,61.9,25.08,21,THU,NO_TX,360,,0,,0
23.4818,1790258656.576767,0.0201,0,343.00,230.00,0.771,,,-7.2769,-10.2211,-7.5256,-0.4343,-7.6764,-7.5257,9.3643,0.3184,0.0645,BAM,-6.1465,-8.1525,-6.6891,-8.1525,-1.5300,0.0000,-6.406,0.000,1.6981,61.9,25.08,21,THU,NO_TX,360,,0,,0
23.5019,1790258656.596856,0.0201,1,332.50,229.00,0.738,-6.7078,-7.4194,-6.8470,-2.1736,-7.4408,0.7305,-6.8571,-7.4404,9.3643,0.3184,0.0645,BAM,-6.2250,-8.1525,-6.6672,-8.1525,0.0000,0.0000,1.092,-0.000,1.9157,49.5,16.65,21,THU,NO_TX,360,,0,,0
23.5222,1790258656.617177,0.0204,0,332.50,229.00,0.738,,,-6.8913,-2.1736,-7.4259,0.7305,-6.8986,-7.4257,9.3643,0.3184,0.0645,BAM,-6.2800,-8.1525,-6.6482,-8.1525,0.0000,0.0000,0.931,-0.000,1.9157,49.5,16.65,21,THU,NO_TX,360,,0,,0
23.5428,1790258656.637755,0.0205,0,332.50,229.00,0.738,,,-6.9359,-2.1736,-7.4109,0.7305,-6.9415,-7.4107,8.7509,0.3184,0.0331,BAM,-6.3179,-8.1525,-6.6322,-8.1525,0.0000,0.0000,0.777,-0.000,1.9157,49.5,16.65,21,THU,NO_TX,360,,0,,0
23.5632,1790258656.658188,0.0204,1,327.50,231.00,0.758,-6.7287,-7.5530,-6.7728,0.4392,-7.5245,-0.8599,-6.7727,-7.5251,8.7509,0.3184,0.0331,BAM,-6.3439,-8.1525,-6.6192,-8.1525,0.0000,0.0000,0.639,-0.000,0.2647,63.2,11.72,21,THU,NO_TX,360,,0,,0
23.5843,1790258656.679288,0.0211,0,327.50,231.00,0.758,,,-6.7635,0.4392,-7.5426,-0.8599,-6.7635,-7.5431,8.7509,0.3184,0.0331,BAM,-6.4130,-8.1525,-6.6064,-8.1525,0.0000,0.0000,0.604,-0.000,0.2647,63.2,11.72,21,THU,NO_TX,360,,0,,0
23.6044,1790258656.699376,0.0201,0,327.50,231.00,0.758,,,-6.7547,0.4392,-7.5599,-0.8599,-6.7546,-7.5603,8.7509,0.3184,0.0331,BAM,-6.4983,-8.1525,-6.5941,-8.1525,0.0000,0.0000,0.611,-0.000,0.2647,63.2,11.72,21,THU,NO_TX,360,,0,,0
23.6246,1790258656.719499,0.0201,1,292.00,226.50,0.743,-4.4656,-7.2499,-4.8648,24.0948,-7.3094,2.4525,-2.5334,-7.2954,8.7509,0.3184,0.0331,BAM,-6.5573,-8.1525,-6.4196,-8.1525,4.0239,0.0000,8.667,-0.000,16.1556,63.4,31.08,21,THU,NO_TX,360,,0,,0
23.6446,1790258656.739586,0.0200,0,292.00,226.50,0.743,,,-4.3820,24.0948,-7.2603,2.4525,-2.1962,-7.2501,8.7509,0.3184,0.0331,BAM,-6.5979,-8.1525,-6.0854,-8.1525,4.4016,0.0000,16.681,-0.000,16.1556,63.4,31.08,21,THU,NO_TX,360,,0,,0
23.6647,1790258656.759732,0.0201,1,311.25,230.00,0.753,-5.9698,-7.4864,-5.4042,2.5276,-7.4093,-0.3270,-5.3887,-7.4093,8.7509,0.3184,0.0001,BAM,-6.6261,-8.1525,-5.9117,-8.1525,1.2374,0.0000,8.622,-0.000,20.7505,47.6,13.29,21,THU,NO_TX,360,,0,,0
23.6848,1790258656.779780,0.0201,0,311.25,230.00,0.753,,,-5.3535,2.5276,-7.4159,-0.3270,-5.3423,-7.4159,8.7509,0.3184,0.0001,BAM,-6.6455,-8.1525,-5.7733,-8.1525,1.3033,0.0000,6.888,-0.000,20.7505,47.6,13.29,21,THU,NO_TX,360,,0,,0
23.7049,1790258656.799891,0.0201,0,311.25,230.00,0.753,,,-5.3027,2.5276,-7.4224,-0.3270,-5.2940,-7.4224,8.7509,0.3184,0.0001,BAM,-6.6590,-8.1525,-5.6301,-8.1525,1.3650,0.0000,7.134,-0.000,20.7505,47.6,13.29,21,THU,NO_TX,360,,0,,0
23.7252,1790258656.820158,0.0203,1,308.75,229.50,0.772,-5.8903,-7.4528,-5.7748,-4.2459,-7.4483,-0.5732,-5.8437,-7.4485,8.7509,0.3184,0.0001,BAM,-6.6683,-8.1525,-5.6250,-8.1525,0.0000,0.0000,0.253,-0.000,1.2859,63.6,15.39,21,THU,NO_TX,360,,0,,0
23.7453,1790258656.840236,0.0201,0,308.75,229.50,0.772,,,-5.8602,-4.2459,-7.4599,-0.5732,-5.9109,-7.4600,8.7509,0.3184,0.0001,BAM,-6.5915,-8.1525,-5.6238,-8.1525,0.0000,0.0000,0.062,-0.000,1.2859,63.6,15.39,21,THU,NO_TX,360,,0,,0
23.7653,1790258656.860315,0.0200,0,308.75,229.50,0.772,,,-5.9454,-4.2459,-7.4714,-0.5732,-5.9854,-7.4715,8.7509,0.3184,0.0001,BAM,-6.4355,-8.1525,-5.6282,-8.1525,0.0000,0.0000,-0.222,-0.000,1.2859,63.6,15.39,21,THU,NO_TX,360,,0,,0
23.7854,1790258656.880411,0.0201,1,305.75,230.50,0.780,-5.7115,-7.5190,-5.7688,-0.9393,-7.5123,-0.9379,-5.7697,-7.5131,8.7509,0.3184,0.0001,BAM,-6.2738,-8.1525,-5.6373,-8.1525,0.0000,0.0000,-0.450,-0.000,0.3222,48.9,17.13,21,THU,NO_TX,360,,0,,0
23.8055,1790258656.900478,0.0201,0,305.75,230.50,0.780,,,-5.7876,-0.9393,-7.5311,-0.9379,-5.7882,-7.5317,8.7509,0.3184,0.0001,BAM,-6.1195,-8.1525,-5.6496,-8.1525,0.0000,0.0000,-0.613,-0.000,0.3222,48.9,17.13,21,THU,NO_TX,360,,0,,0
23.8260,1790258656.921016,0.0205,0,305.75,230.50,0.780,,,-5.8069,-0.9393,-7.5504,-0.9379,-5.8074,-7.5508,8.7509,0.3184,0.0001,BAM,-5.9661,-8.1525,-5.6646,-8.1525,0.0000,0.0000,-0.733,-0.000,0.3222,48.9,17.13,21,THU,NO_TX,360,,0,,0
23.8461,1790258656.941134,0.0201,1,302.00,230.25,0.768,-4.9110,-7.5017,-5.0739,8.5616,-7.5142,-0.2546,-4.6834,-7.5142,8.7509,0.3184,0.0001,BAM,-5.8623,-8.1525,-5.5610,-8.1525,1.1790,0.0000,5.153,-0.000,2.6071,62.9,20.47,21,THU,NO_TX,360,,0,,0
23.8662,1790258656.961182,0.0200,0,302.00,230.25,0.768,,,-4.9022,8.5616,-7.5193,-0.2546,-4.5895,-7.5193,8.7509,0.3184,0.0001,BAM,-5.7908,-8.1525,-5.4545,-8.1525,1.2012,0.0000,5.312,-0.000,2.6071,62.9,20.47,21,THU,NO_TX,360,,0,,0
23.8862,1790258656.981650,0.0201,0,302.00,230.25,0.768,,,-4.7305,8.5616,-7.5244,-0.2546,-4.4698,-7.5244,8.3754,0.3181,0.0206,BAM,-5.7412,-8.1525,-5.3394,-8.1525,1.2715,0.0000,5.738,0.000,2.6071,62.9,20.47,21,THU,NO_TX,360,,0,,0
23.9064,1790258657.001349,0.0201,1,295.75,230.75,0.765,-4.1628,-7.5337,-4.2337,12.6763,-7.5329,-0.2964,-3.3722,-7.5329,8.3754,0.3181,0.0206,BAM,-5.7069,-8.1525,-5.1154,-8.1525,2.3347,0.0000,11.138,0.000,0.4885,63.8,25.95,21,THU,NO_TX,360,,0,,0
23.9264,1790258657.021406,0.0200,0,295.75,230.75,0.765,,,-3.9795,12.6763,-7.5388,-0.2964,-3.2427,-7.5389,8.3754,0.3181,0.0206,BAM,-5.6833,-8.1525,-4.8798,-8.1525,2.4406,0.0000,11.750,0.000,0.4885,63.8,25.95,21,THU,NO_TX,360,,0,,0
23.9465,1790258657.041507,0.0201,0,295.75,230.75,0.765,,,-3.7246,12.6763,-7.5448,-0.2964,-3.0811,-7.5448,8.3754,0.3181,0.0206,BAM,-5.6668,-8.1525,-4.6273,-8.1525,2.5857,0.0000,12.553,0.000,0.4885,63.8,25.95,21,THU,NO_TX,360,,0,,0
23.9666,1790258657.061568,0.0201,1,287.75,229.25,0.749,-3.5428,-7.4316,-3.5297,11.9158,-7.4537,0.9131,-2.7614,-7.4530,8.3754,0.3181,0.0206,BAM,-5.6555,-8.1525,-4.3426,-8.1525,2.8941,0.0000,14.162,0.000,0.0588,50.9,33.99,21,THU,NO_TX,360,,0,,0
23.9866,1790258657.081622,0.0200,0,287.75,229.25,0.749,,,-3.2913,11.9158,-7.4355,0.9131,-2.6409,-7.4349,8.3754,0.3181,0.0206,BAM,-5.5936,-8.1525,-4.0541,-8.1525,2.9528,0.0000,14.419,0.000,0.0588,50.9,33.99,21,THU,NO_TX,360,,0,,0
24.0071,1790258657.102068,0.0205,0,287.75,229.25,0.749,,,-3.0476,11.9158,-7.4168,0.9131,-2.4854,-7.4164,7.6600,0.3184,0.0367,BAM,-5.5142,-8.1525,-3.7525,-8.1525,3.0288,0.0000,14.744,0.000,0.0588,50.9,33.99,21,THU,NO_TX,360,,0,,0
24.0272,1790258657.122213,0.0201,1,285.50,231.25,0.791,-3.3398,-7.5638,-3.2451,6.3840,-7.5333,-0.7647,-3.0488,-7.5337,7.6600,0.3184,0.0367,BAM,-5.3909,-8.1525,-3.5273,-8.1525,2.3421,0.0000,11.190,0.000,0.9574,62.3,35.59,21,THU,NO_TX,360,,0,,0
24.0473,1790258657.142266,0.0201,0,285.50,231.25,0.791,,,-3.1167,6.3840,-7.5487,-0.7647,-2.9660,-7.5490,7.6600,0.3184,0.0367,BAM,-5.2330,-8.1525,-3.3128,-8.1525,2.2670,0.0000,10.662,0.000,0.9574,62.3,35.59,21,THU,NO_TX,360,,0,,0
24.0674,1790258657.162344,0.0201,0,285.50,231.25,0.791,,,-2.9887,6.3840,-7.5640,-0.7647,-2.8663,-7.5643,7.6600,0.3184,0.0367,BAM,-5.0463,-8.1525,-3.1111,-8.1525,2.1800,0.0000,10.060,0.000,0.9574,62.3,35.59,21,THU,NO_TX,360,,0,,0
24.0876,1790258657.182628,0.0203,1,283.50,229.00,0.775,-2.7842,-7.4135,-2.7976,7.1660,-7.4442,0.9191,-2.5380,-7.4435,7.6600,0.3184,0.0367,BAM,-4.8278,-8.1525,-2.8998,-8.1525,2.2898,0.0000,10.428,0.000,0.0991,64.6,38.12,21,THU,NO_TX,360,,0,,0
24.1080,1790258657.202973,0.0204,0,283.50,229.00,0.775,,,-2.6515,7.1660,-7.4255,0.9191,-2.4498,-7.4249,6.5244,0.3184,0.0555,BAM,-4.5866,-8.1525,-2.7064,-8.1525,2.1368,0.0000,9.486,0.000,0.0991,64.6,38.12,21,THU,NO_TX,360,,0,,0
24.1285,1790258657.223969,0.0205,1,288.75,230.75,0.779,-2.7303,-7.5317,-2.6696,4.8130,-7.4972,-0.3457,-2.5755,-7.4972,6.5244,0.3184,0.0555,BAM,-4.3256,-8.1525,-2.5551,-8.1525,1.7502,0.0000,7.386,0.000,0.3072,47.2,32.59,21,THU,NO_TX,360,,0,,0
24.1492,1790258657.244100,0.0206,0,288.75,230.75,0.779,,,-2.5702,4.8130,-7.5043,-0.3457,-2.5004,-7.5043,6.5244,0.3184,0.0555,BAM,-4.0746,-8.1525,-2.4231,-8.1525,1.5742,0.0000,6.397,0.000,0.3072,47.2,32.59,21,THU,NO_TX,360,,0,,0
24.1697,1790258657.264693,0.0205,0,288.75,230.75,0.779,,,-2.4714,4.8130,-7.5114,-0.3457,-2.4158,-7.5114,6.5244,0.3184,0.0555,BAM,-3.8359,-8.1525,-2.3088,-8.1525,1.4201,0.0000,5.563,0.000,0.3072,47.2,32.59,21,THU,NO_TX,360,,0,,0
24.1901,1790258657.284974,0.0204,1,307.75,233.50,0.761,-3.2517,-7.7190,-3.0967,-4.4636,-7.6821,-2.4138,-3.1756,-7.6958,6.5244,0.3184,0.0555,BAM,-3.6102,-8.1525,-2.3407,-8.1525,0.0000,0.0000,-1.567,0.000,2.4876,63.2,13.87,21,THU,NO_TX,360,,0,,0
24.2105,1790258657.305525,0.0205,0,307.75,233.50,0.761,,,-3.1881,-4.4636,-7.7316,-2.4138,-3.2461,-7.7414,5.8016,0.3187,0.0374,BAM,-3.3879,-8.1525,-2.3731,-8.1525,0.0000,0.0000,-1.581,0.000,2.4876,63.2,13.87,21,THU,NO_TX,360,,0,,0
24.2308,1790258657.325722,0.0202,0,307.75,233.50,0.761,,,-3.2784,-4.4636,-7.7804,-2.4138,-3.3243,-7.7881,5.8016,0.3187,0.0374,BAM,-3.1765,-8.1525,-2.4050,-8.1525,0.0000,0.0000,-1.578,0.000,2.4876,63.2,13.87,21,THU,NO_TX,360,,0,,0
24.2512,1790258657.346183,0.0204,0,307.75,233.50,0.761,,,-3.3696,-4.4636,-7.8297,-2.4138,-3.4075,-7.8360,5.8016,0.3187,0.0374,BAM,-2.9826,-8.1525,-2.4365,-8.1525,0.0000,0.0000,-1.542,0.000,2.4876,63.2,13.87,21,THU,NO_TX,360,,0,,0
24.2717,1790258657.366668,0.0205,1,317.50,232.75,0.764,-3.2199,-7.6698,-3.2481,-2.1235,-7.6954,-0.4212,-3.2575,-7.6955,5.8016,0.3187,0.0374,BAM,-2.8076,-8.1525,-2.4668,-8.1525,0.0000,0.0000,-1.481,0.000,0.2037,65.3,7.67,21,THU,NO_TX,360,,0,,0
24.2918,1790258657.386791,0.0201,0,317.50,232.75,0.764,,,-3.2909,-2.1235,-7.7039,-0.4212,-3.2976,-7.7039,5.8016,0.3187,0.0374,BAM,-2.6534,-8.1525,-2.4951,-8.1525,0.0000,0.0000,-1.404,-0.000,0.2037,65.3,7.67,21,THU,NO_TX,360,,0,,0
24.3119,1790258657.406910,0.0201,1,332.50,236.00,0.770,-3.6477,-7.8853,-3.5623,-5.3342,-7.8372,-2.1332,-3.6825,-7.8461,5.8016,0.3187,0.0374,BAM,-2.5470,-8.1525,-2.6347,-8.1525,-1.1356,0.0000,-6.940,-0.000,0.6000,45.4,13.12,21,THU,NO_TX,360,,0,,0
24.3322,1790258657.427191,0.0203,0,332.50,236.00,0.770,,,-3.6706,-5.3342,-7.8805,-2.1332,-3.7616,-7.8870,5.7505,0.3183,0.0041,BAM,-2.4729,-8.1525,-2.7878,-8.1525,-1.2887,0.0000,-7.539,-0.000,0.6000,45.4,13.12,21,THU,NO_TX,360,,0,,0
24.3523,1790258657.448299,0.0201,0,332.50,236.00,0.770,,,-3.7777,-5.3342,-7.9233,-2.1332,-3.8511,-7.9284,5.7505,0.3183,0.0041,BAM,-2.4223,-8.1525,-2.9498,-8.1525,-1.4288,0.0000,-8.073,-0.000,0.6000,45.4,13.12,21,THU,NO_TX,360,,0,,0
24.3724,1790258657.467379,0.0201,1,337.25,234.00,0.768,-3.6318,-7.7515,-3.6772,-2.6328,-7.7916,0.1032,-3.6951,-7.7916,5.7505,0.3183,0.0041,BAM,-2.4267,-8.1525,-3.0917,-8.1525,-1.2684,0.0000,-7.048,-0.000,0.3377,67.4,18.26,21,THU,NO_TX,360,,0,,0
24.3924,1790258657.487442,0.0200,0,337.25,234.00,0.768,,,-3.7299,-2.6328,-7.7895,0.1032,-3.7428,-7.7895,5.7505,0.3183,0.0041,BAM,-2.4297,-8.1525,-3.2339,-8.1525,-1.3130,0.0000,-7.103,-0.000,0.3377,67.4,18.26,21,THU,NO_TX,360,,0,,0
24.4125,1790258657.507488,0.0200,0,337.25,234.00,0.768,,,-3.7827,-2.6328,-7.7874,0.1032,-3.7927,-7.7874,5.7505,0.3183,0.0041,BAM,-2.4318,-8.1525,-3.3785,-8.1525,-1.3609,0.0000,-7.214,-0.000,0.3377,67.4,18.26,21,THU,NO_TX,360,,0,,0
24.4327,1790258657.527600,0.0202,1,342.25,233.25,0.756,-3.9242,-7.7005,-3.9083,-3.5490,-7.7163,0.9615,-3.9499,-7.7154,5.7505,0.3183,0.0005,BAM,-2.4946,-8.1525,-3.5294,-8.1525,-1.4553,0.0000,-7.483,-0.000,0.0456,61.9,23.25,21,THU,NO_TX,360,,0,,0
24.4527,1790258657.547693,0.0201,0,342.25,233.25,0.756,,,-3.9795,-3.5490,-7.6970,0.9615,-4.0098,-7.6963,5.7505,0.3183,0.0005,BAM,-2.5850,-8.1525,-3.6723,-8.1525,-1.4248,0.0000,-7.126,-0.000,0.0456,61.9,23.25,21,THU,NO_TX,360,,0,,0
24.4739,1790258657.568871,0.0212,0,342.25,233.25,0.756,,,-4.0549,-3.5490,-7.6766,0.9615,-4.0784,-7.6761,5.7505,0.3183,0.0005,BAM,-2.7019,-8.1525,-3.8143,-8.1525,-1.3765,0.0000,-6.684,-0.000,0.0456,61.9,23.25,21,THU,NO_TX,360,,0,,0
24.4945,1790258657.589453,0.0205,1,347.50,237.50,0.771,-4.3427,-7.9819,-4.3053,-5.7765,-7.9232,-2.3244,-4.4582,-7.9352,5.7505,0.3183,0.0005,BAM,-2.8240,-8.1525,-3.9746,-8.1525,-1.6342,0.0000,-7.809,-0.000,0.4446,48.9,27.61,21,THU,NO_TX,360,,0,,0
24.5147,1790258657.609625,0.0202,0,347.50,237.50,0.771,,,-4.4221,-5.7765,-7.9702,-2.3244,-4.5379,-7.9789,5.7505,0.3183,0.0005,BAM,-2.9510,-8.1525,-4.1249,-8.1525,-1.5869,0.0000,-7.438,-0.000,0.4446,48.9,27.61,21,THU,NO_TX,360,,0,,0
24.5347,1790258657.629742,0.0201,0,347.50,237.50,0.771,,,-4.5380,-5.7765,-8.0168,-2.3244,-4.6313,-8.0236,5.7505,0.3183,0.0005,BAM,-3.0829,-8.1525,-4.2680,-8.1525,-1.5485,0.0000,-7.133,-0.000,0.4446,48.9,27.61,21,THU,NO_TX,360,,0,,0
24.5553,1790258657.650800,0.0206,1,342.50,232.75,0.759,-4.3351,-7.6672,-4.3921,-2.4373,-7.7402,1.7005,-4.4062,-7.7354,5.7505,0.3183,0.0003,BAM,-3.2229,-8.1525,-4.3751,-8.1525,-1.1833,0.0000,-5.210,-0.000,0.7821,62.2,23.64,21,THU,NO_TX,360,,0,,0
24.5755,1790258657.670380,0.0202,0,342.50,232.75,0.759,,,-4.4414,-2.4373,-7.7058,1.7005,-4.4515,-7.7024,5.7505,0.3183,0.0003,BAM,-3.3623,-8.1525,-4.4695,-8.1525,-1.0892,0.0000,-4.663,-0.000,0.7821,62.2,23.64,21,THU,NO_TX,360,,0,,0
24.5960,1790258657.690991,0.0204,1,342.75,233.25,0.782,-4.7509,-7.7004,-4.6808,-5.1439,-7.6923,1.4036,-4.7929,-7.6896,5.7505,0.3183,0.0003,BAM,-3.5035,-8.1525,-4.5841,-8.1525,-1.2893,0.0000,-5.604,-0.000,0.3206,49.7,23.73,21,THU,NO_TX,360,,0,,0
24.6161,1790258657.711093,0.0201,0,342.75,233.25,0.782,,,-4.7842,-5.1439,-7.6640,1.4036,-4.8685,-7.6621,5.7505,0.3183,0.0003,BAM,-3.6490,-8.1525,-4.6886,-8.1525,-1.2195,0.0000,-5.199,-0.000,0.3206,49.7,23.73,21,THU,NO_TX,360,,0,,0
24.6365,1790258657.731470,0.0204,0,342.75,233.25,0.782,,,-4.8890,-5.1439,-7.6354,1.4036,-4.9564,-7.6339,5.7505,0.3183,0.0003,BAM,-3.7974,-8.1525,-4.7875,-8.1525,-1.1590,0.0000,-4.851,-0.000,0.3206,49.7,23.73,21,THU,NO_TX,360,,0,,0
24.6566,1790258657.751553,0.0201,1,340.25,233.00,0.729,-5.0091,-7.6843,-5.0061,-5.3215,-7.6699,0.6067,-5.1317,-7.6697,5.7505,0.3183,0.0002,BAM,-3.9426,-8.1525,-4.8873,-8.1525,-1.1892,0.0000,-4.969,-0.000,0.0186,61.0,21.43,21,THU,NO_TX,360,,0,,0
24.6767,1790258657.771675,0.0202,0,340.25,233.00,0.729,,,-5.1134,-5.3215,-7.6576,0.6067,-5.2075,-7.6575,5.7505,0.3183,0.0002,BAM,-4.0765,-8.1525,-4.9816,-8.1525,-1.1311,0.0000,-4.674,0.000,0.0186,61.0,21.43,21,THU,NO_TX,360,,0,,0
24.6968,1790258657.791772,0.0200,0,340.25,233.00,0.729,,,-5.2201,-5.3215,-7.6455,0.6067,-5.2954,-7.6454,5.7505,0.3183,0.0002,BAM,-4.1685,-8.1525,-5.0762,-8.1525,-1.1269,0.0000,-4.721,0.000,0.0186,61.0,21.43,21,THU,NO_TX,360,,0,,0
24.7169,1790258657.811924,0.0202,0,340.25,233.00,0.729,,,-5.3273,-5.3215,-7.6333,0.6067,-5.3900,-7.6332,5.7505,0.3183,0.0002,BAM,-4.2970,-8.1525,-5.1677,-8.1525,-1.0930,0.0000,-4.542,0.000,0.0186,61.0,21.43,21,THU,NO_TX,360,,0,,0
24.7370,1790258657.831987,0.0201,0,340.25,233.00,0.729,,,-5.4341,-5.3215,-7.6211,0.6067,-5.4879,-7.6210,5.7505,0.3183,0.0002,BAM,-4.4178,-8.1525,-5.2567,-8.1525,-1.0701,0.0000,-4.432,0.000,0.0186,61.0,21.43,21,THU,NO_TX,360,,0,,0
24.7570,1790258657.852034,0.0200,0,340.25,233.00,0.729,,,-5.5408,-5.3215,-7.6089,0.6067,-5.5878,-7.6088,5.7505,0.3183,0.0002,BAM,-4.5012,-8.1525,-5.3485,-8.1525,-1.0866,0.0000,-4.582,0.000,0.0186,61.0,21.43,21,THU,NO_TX,360,,0,,0
24.7771,1790258657.872124,0.0201,1,330.50,234.50,0.770,-5.0025,-7.7857,-5.0400,-0.0229,-7.7741,-0.9248,-5.0400,-7.7748,5.7505,0.3183,0.0001,BAM,-4.6204,-8.1525,-5.3312,-8.1525,0.0000,0.0000,0.860,0.000,0.4562,115.3,11.85,21,THU,NO_TX,360,,0,,0
24.7973,1790258657.892261,0.0201,0,330.50,234.50,0.770,,,-5.0405,-0.0229,-7.7927,-0.9248,-5.0405,-7.7933,5.7505,0.3183,0.0001,BAM,-4.7029,-8.1525,-5.3151,-8.1525,0.0000,0.0000,0.803,0.000,0.4562,115.3,11.85,21,THU,NO_TX,360,,0,,0
24.8174,1790258657.912297,0.0201,0,330.50,234.50,0.770,,,-5.0410,-0.0229,-7.8113,-0.9248,-5.0410,-7.8117,5.7505,0.3183,0.0001,BAM,-4.8181,-8.1525,-5.2987,-8.1525,0.0000,0.0000,0.816,0.000,0.4562,115.3,11.85,21,THU,NO_TX,360,,0,,0
24.8377,1790258657.932683,0.0203,1,326.75,234.50,0.764,-5.1565,-7.7861,-5.1360,-1.2228,-7.7942,-0.4784,-5.1377,-7.7943,5.7505,0.3183,0.0001,BAM,-4.8984,-8.1525,-5.2831,-8.1525,0.0000,0.0000,0.764,0.000,0.0467,63.1,8.71,21,THU,NO_TX,360,,0,,0
24.8579,1790258657.952824,0.0202,0,326.75,234.50,0.764,,,-5.1607,-1.2228,-7.8039,-0.4784,-5.1619,-7.8039,5.7505,0.3183,0.0001,BAM,-5.0094,-8.1525,-5.2674,-8.1525,0.0000,0.0000,0.778,0.000,0.0467,63.1,8.71,21,THU,NO_TX,360,,0,,0
24.8779,1790258657.972889,0.0200,0,326.75,234.50,0.764,,,-5.1851,-1.2228,-7.8134,-0.4784,-5.1861,-7.8135,5.5021,0.3182,0.0137,BAM,-5.0855,-8.1525,-5.2528,-8.1525,0.0000,0.0000,0.730,0.000,0.0467,63.1,8.71,21,THU,NO_TX,360,,0,,0
24.8980,1790258657.993027,0.0201,1,320.50,235.25,0.755,-5.0430,-7.8362,-5.0721,0.5346,-7.8339,-0.6138,-5.0720,-7.8341,5.5021,0.3182,0.0137,BAM,-5.1384,-8.1525,-5.2397,-8.1525,0.0000,0.0000,0.652,0.000,0.0851,62.2,4.78,21,THU,NO_TX,360,,0,,0
24.9186,1790258658.014128,0.0206,0,320.50,235.25,0.755,,,-5.0611,0.5346,-7.8465,-0.6138,-5.0610,-7.8467,5.5021,0.3182,0.0137,BAM,-5.1755,-8.1525,-5.2281,-8.1525,0.0000,0.0000,0.562,0.000,0.0851,62.2,4.78,21,THU,NO_TX,360,,0,,0
24.9388,1790258658.033696,0.0202,1,320.25,235.50,0.760,-5.1552,-7.8529,-5.1271,-0.5615,-7.8545,-0.5530,-5.1273,-7.8547,5.5021,0.3182,0.0137,BAM,-5.2007,-8.1525,-5.2185,-8.1525,0.0000,0.0000,0.475,0.000,0.0515,47.4,4.51,21,THU,NO_TX,360,,0,,0
24.9588,1790258658.053822,0.0200,0,320.25,235.50,0.760,,,-5.1384,-0.5615,-7.8656,-0.5530,-5.1385,-7.8657,5.5021,0.3182,0.0137,BAM,-5.2179,-8.1525,-5.2106,-8.1525,0.0000,0.0000,0.395,0.000,0.0515,47.4,4.51,21,THU,NO_TX,360,,0,,0
24.9788,1790258658.073842,0.0200,0,320.25,235.50,0.760,,,-5.1496,-0.5615,-7.8767,-0.5530,-5.1497,-7.8768,5.4564,0.3177,0.0053,BAM,-5.2298,-8.1525,-5.2041,-8.1525,0.0000,0.0000,0.324,0.000,0.0515,47.4,4.51,21,THU,NO_TX,360,,0,,0
24.9990,1790258658.093998,0.0202,0,320.25,235.50,0.760,,,-5.1609,-0.5615,-7.8878,-0.5530,-5.1610,-7.8879,5.4564,0.3177,0.0053,BAM,-5.2381,-8.1525,-5.1988,-8.1525,0.0000,0.0000,0.263,0.000,0.0515,47.4,4.51,21,THU,NO_TX,360,,0,,0
25.0191,1790258658.114114,0.0201,1,316.50,232.25,0.759,-4.9828,-7.6365,-5.0055,1.3140,-7.6695,1.9972,-5.0032,-7.6617,5.4564,0.3177,0.0053,BAM,-5.2439,-8.1525,-5.1945,-8.1525,0.0000,0.0000,0.212,0.000,0.2133,64.5,8.50,21,THU,NO_TX,360,,0,,0
25.0398,1790258658.134752,0.0206,0,316.50,232.25,0.759,,,-4.9784,1.3140,-7.6283,1.9972,-4.9768,-7.6227,5.4564,0.3177,0.0053,BAM,-5.2479,-8.1525,-5.1911,-8.1525,0.0000,0.0000,0.169,0.000,0.2133,64.5,8.50,21,THU,NO_TX,360,,0,,0
25.0598,1790258658.154830,0.0201,0,316.50,232.25,0.759,,,-4.9520,1.3140,-7.5882,1.9972,-4.9508,-7.5838,5.4564,0.3177,0.0053,BAM,-5.2506,-8.1525,-5.1884,-8.1525,0.0000,0.0000,0.135,0.000,0.2133,64.5,8.50,21,THU,NO_TX,360,,0,,0
25.0800,1790258658.174978,0.0202,1,321.00,235.50,0.763,-5.3111,-7.8529,-5.2426,-2.6500,-7.7968,-1.0576,-5.2603,-7.7979,5.4564,0.3177,0.0053,BAM,-5.2525,-8.1525,-5.1862,-8.1525,0.0000,0.0000,0.107,0.000,0.7326,65.2,4.61,21,THU,NO_TX,360,,0,,0
25.1010,1790258658.196012,0.0210,0,321.00,235.50,0.763,,,-5.2982,-2.6500,-7.8189,-1.0576,-5.3109,-7.8198,5.4564,0.3177,0.0005,BAM,-5.2538,-8.1525,-5.1845,-8.1525,0.0000,0.0000,0.083,0.000,0.7326,65.2,4.61,21,THU,NO_TX,360,,0,,0
25.1212,1790258658.216159,0.0202,1,319.75,235.25,0.770,-5.2357,-7.8362,-5.2666,-1.4326,-7.8374,-1.0162,-5.2696,-7.8384,5.4564,0.3177,0.0005,BAM,-5.2547,-8.1525,-5.1831,-8.1525,0.0000,0.0000,0.065,0.000,0.0627,47.5,4.76,21,THU,NO_TX,360,,0,,0
25.1420,1790258658.236961,0.0207,0,319.75,235.25,0.770,,,-5.2964,-1.4326,-7.8584,-1.0162,-5.2984,-7.8592,5.4564,0.3177,0.0005,BAM,-5.2553,-8.1525,-5.1821,-8.1525,0.0000,0.0000,0.051,0.000,0.0627,47.5,4.76,21,THU,NO_TX,360,,0,,0
25.1620,1790258658.257012,0.0201,0,319.75,235.25,0.770,,,-5.3251,-1.4326,-7.8788,-1.0162,-5.3267,-7.8794,5.4564,0.3177,0.0005,BAM,-5.2557,-8.1525,-5.1813,-8.1525,0.0000,0.0000,0.040,0.000,0.0627,47.5,4.76,21,THU,NO_TX,360,,0,,0
25.1821,1790258658.277107,0.0201,1,320.25,235.25,0.758,-5.2721,-7.8362,-5.2867,-0.5667,-7.8479,-0.3648,-5.2869,-7.8480,5.4564,0.3177,0.0005,BAM,-5.2560,-8.1525,-5.1806,-8.1525,0.0000,0.0000,0.031,0.000,0.0325,63.2,4.76,21,THU,NO_TX,360,,0,,0
25.2022,1790258658.297129,0.0201,0,320.25,235.25,0.758,,,-5.2981,-0.5667,-7.8552,-0.3648,-5.2982,-7.8553,5.2959,0.3180,0.0092,BAM,-5.2562,-8.1525,-5.1802,-8.1525,0.0000,0.0000,0.024,0.000,0.0325,63.2,4.76,21,THU,NO_TX,360,,0,,0
25.2223,1790258658.317252,0.0201,0,320.25,235.25,0.758,,,-5.3095,-0.5667,-7.8626,-0.3648,-5.3096,-7.8626,5.2959,0.3180,0.0092,BAM,-5.2564,-8.1525,-5.1798,-8.1525,0.0000,0.0000,0.019,0.000,0.0325,63.2,4.76,21,THU,NO_TX,360,,0,,0
25.2425,1790258658.337408,0.0202,0,320.25,235.25,0.758,,,-5.3209,-0.5667,-7.8699,-0.3648,-5.3210,-7.8700,5.2959,0.3180,0.0092,BAM,-5.2565,-8.1525,-5.1795,-8.1525,0.0000,0.0000,0.015,0.000,0.0325,63.2,4.76,21,THU,NO_TX,360,,0,,0
25.2631,1790258658.358141,0.0207,1,320.00,234.25,0.767,-5.2562,-7.7697,-5.2652,0.1765,-7.7830,0.6634,-5.2652,-7.7827,5.2959,0.3180,0.0092,BAM,-5.2565,-8.1525,-5.1792,-8.1525,0.0000,0.0000,0.011,0.000,0.0349,65.2,5.75,21,THU,NO_TX,360,,0,,0
25.2833,1790258658.378252,0.0202,0,320.00,234.25,0.767,,,-5.2617,0.1765,-7.7696,0.6634,-5.2617,-7.7694,5.2959,0.3180,0.0092,BAM,-5.2566,-8.1525,-5.1791,-8.1525,0.0000,0.0000,0.009,0.000,0.0349,65.2,5.75,21,THU,NO_TX,360,,0,,0
25.3035,1790258658.398468,0.0202,1,320.25,233.50,0.768,-5.2733,-7.7197,-5.2692,0.0211,-7.7299,1.0247,-5.2692,-7.7289,5.2959,0.3180,0.0092,BAM,-5.2566,-8.1525,-5.1789,-8.1525,0.0000,0.0000,0.007,0.000,0.0070,45.6,6.50,21,THU,NO_TX,360,,0,,0
25.3240,1790258658.418973,0.0205,0,320.25,233.50,0.768,,,-5.2688,0.0211,-7.7089,1.0247,-5.2688,-7.7081,5.3165,0.3175,0.0052,BAM,-5.2566,-8.1525,-5.1788,-8.1525,0.0000,0.0000,0.005,0.000,0.0070,45.6,6.50,21,THU,NO_TX,360,,0,,0
25.3440,1790258658.439019,0.0201,0,320.25,233.50,0.768,,,-5.2683,0.0211,-7.6883,1.0247,-5.2683,-7.6877,5.3165,0.3175,0.0052,BAM,-5.2566,-8.1525,-5.1787,-8.1525,0.0000,0.0000,0.004,0.000,0.0070,45.6,6.50,21,THU,NO_TX,360,,0,,0
25.3641,1790258658.459110,0.0201,1,320.75,233.25,0.764,-5.3070,-7.7031,-5.3000,-0.3956,-7.6965,0.6569,-5.3001,-7.6962,5.3165,0.3175,0.0052,BAM,-5.2566,-8.1525,-5.1787,-8.1525,0.0000,0.0000,0.003,0.000,0.0085,64.7,6.79,21,THU,NO_TX,360,,0,,0
25.3842,1790258658.479151,0.0200,0,320.75,233.25,0.764,,,-5.3079,-0.3956,-7.6833,0.6569,-5.3080,-7.6831,5.3165,0.3175,0.0052,BAM,-5.2566,-8.1525,-5.1786,-8.1525,0.0000,0.0000,0.002,0.000,0.0085,64.7,6.79,21,THU,NO_TX,360,,0,,0
25.4043,1790258658.499240,0.0201,0,320.75,233.25,0.764,,,-5.3159,-0.3956,-7.6701,0.6569,-5.3159,-7.6700,5.3165,0.3175,0.0052,BAM,-5.2567,-8.1525,-5.1786,-8.1525,0.0000,0.0000,0.002,0.000,0.0085,64.7,6.79,21,THU,NO_TX,360,,0,,0
25.4243,1790258658.519264,0.0200,1,316.50,232.25,0.780,-5.0216,-7.6365,-5.0757,2.7386,-7.6403,0.8646,-5.0558,-7.6396,5.6798,0.3170,0.0204,BAM,-5.2567,-8.1525,-5.1786,-8.1525,0.0000,0.0000,0.001,0.000,0.2864,64.0,8.50,21,THU,NO_TX,360,,0,,0
25.4445,1790258658.539473,0.0202,0,316.50,232.25,0.780,,,-5.0204,2.7386,-7.6228,0.8646,-5.0061,-7.6223,5.6798,0.3170,0.0204,BAM,-5.2567,-8.1525,-5.1785,-8.1525,0.0000,0.0000,0.001,0.000,0.2864,64.0,8.50,21,THU,NO_TX,360,,0,,0
25.4646,1790258658.559581,0.0201,0,316.50,232.25,0.780,,,-4.9653,2.7386,-7.6054,0.8646,-4.9541,-7.6051,5.6798,0.3170,0.0204,BAM,-5.2567,-8.1525,-5.1785,-8.1525,0.0000,0.0000,0.001,0.000,0.2864,64.0,8.50,21,THU,NO_TX,360,,0,,0
25.4847,1790258658.580253,0.0201,1,317.00,232.50,0.786,-5.0551,-7.6531,-5.0292,1.2322,-7.6410,0.2048,-5.0273,-7.6410,5.6798,0.3170,0.0204,BAM,-5.2567,-8.1525,-5.1785,-8.1525,0.0000,0.0000,0.001,0.000,0.0780,46.5,8.08,21,THU,NO_TX,360,,0,,0
25.5049,1790258658.599848,0.0201,0,317.00,232.50,0.786,,,-5.0044,1.2322,-7.6369,0.2048,-5.0030,-7.6369,5.6798,0.3170,0.0204,BAM,-5.2567,-8.1525,-5.1785,-8.1525,0.0000,0.0000,0.001,0.000,0.0780,46.5,8.08,21,THU,NO_TX,360,,0,,0
25.5249,1790258658.619888,0.0200,0,317.00,232.50,0.786,,,-4.9797,1.2322,-7.6328,0.2048,-4.9787,-7.6328,5.6798,0.3170,0.0204,BAM,-5.2567,-8.1525,-5.1785,-8.1525,0.0000,0.0000,0.000,0.000,0.0780,46.5,8.08,21,THU,NO_TX,360,,0,,0
25.5450,1790258658.639952,0.0200,1,318.00,234.25,0.786,-5.1223,-7.7697,-5.0923,-0.5082,-7.7434,-1.2253,-5.0924,-7.7452,5.6798,0.3170,0.0005,BAM,-5.2567,-8.1525,-5.1785,-8.1525,0.0000,0.0000,0.000,0.000,0.1464,66.7,6.09,21,THU,NO_TX,360,,0,,0
25.5652,1790258658.660119,0.0202,0,318.00,234.25,0.786,,,-5.1026,-0.5082,-7.7682,-1.2253,-5.1027,-7.7695,5.6798,0.3170,0.0005,BAM,-5.2567,-8.1525,-5.1785,-8.1525,0.0000,0.0000,0.000,0.000,0.1464,66.7,6.09,21,THU,NO_TX,360,,0,,0
25.5852,1790258658.680203,0.0201,1,319.00,238.25,0.806,-5.1894,-8.0360,-5.1685,-1.3070,-7.9680,-3.6823,-5.1708,-8.0123,5.6798,0.3170,0.0005,BAM,-5.2567,-8.1525,-5.1785,-8.1525,0.0000,0.0000,0.000,0.000,0.2915,48.2,2.02,21,THU,NO_TX,360,,0,,0
25.6057,1790258658.700694,0.0205,0,319.00,238.25,0.806,,,-5.1953,-1.3070,-8.0434,-3.6823,-5.1969,-8.0759,5.6798,0.3170,0.0005,BAM,-5.2567,-8.1525,-5.1785,-8.1525,0.0000,0.0000,0.000,0.000,0.2915,48.2,2.02,21,THU,NO_TX,360,,0,,0
25.6258,1790258658.720840,0.0201,0,319.00,238.25,0.806,,,-5.2216,-1.3070,-8.1175,-3.6823,-5.2228,-8.1433,5.6798,0.3170,0.0005,BAM,-5.2567,-8.1525,-5.1785,-8.1525,0.0000,0.0000,0.000,0.000,0.2915,48.2,2.02,21,THU,NO_TX,360,,0,,0
25.6462,1790258658.741195,0.0204,0,319.00,238.25,0.806,,,-5.2482,-1.3070,-8.1925,-3.6823,-5.2492,-8.2138,5.6798,0.3170,0.0005,BAM,-5.2567,-8.1525,-5.1785,-8.1525,0.0000,0.0000,0.000,0.000,0.2915,48.2,2.02,21,THU,NO_TX,360,,0,,0
25.6663,1790258658.761256,0.0201,1,316.25,231.00,0.827,-5.0048,-7.5532,-5.0368,1.3571,-7.6419,3.2325,-5.0342,-7.6105,5.5498,0.3201,0.0302,BAM,-5.2567,-8.1525,-5.1785,-8.1525,0.0000,0.0000,0.000,0.000,1.1589,66.8,9.75,21,THU,NO_TX,360,,0,,0
25.6867,1790258658.781621,0.0204,0,316.25,231.00,0.827,,,-5.0091,1.3571,-7.5760,3.2325,-5.0073,-7.5532,5.5498,0.3201,0.0302,BAM,-5.2567,-8.1525,-5.1785,-8.1525,0.0000,0.0000,0.000,0.000,1.1589,66.8,9.75,21,THU,NO_TX,360,,0,,0
25.7067,1790258658.801714,0.0201,0,316.25,231.00,0.827,,,-4.9819,1.3571,-7.5111,3.2325,-4.9805,-7.4932,5.5498,0.3201,0.0302,BAM,-5.2567,-8.1525,-5.1785,-8.1525,0.0000,0.0000,0.000,0.000,1.1589,66.8,9.75,21,THU,NO_TX,360,,0,,0
25.7269,1790258658.821804,0.0202,1,321.75,229.50,0.821,-5.3742,-7.4534,-5.2992,-2.9588,-7.4520,3.1567,-5.3235,-7.4236,5.5498,0.3201,0.0302,BAM,-5.2567,-8.1525,-5.1785,-8.1525,0.0000,0.0000,0.000,0.000,0.5476,59.3,10.64,21,THU,NO_TX,360,,0,,0
25.7472,1790258658.842050,0.0203,0,321.75,229.50,0.821,,,-5.3592,-2.9588,-7.3881,3.1567,-5.3768,-7.3672,5.5498,0.3201,0.0302,BAM,-5.2567,-8.1525,-5.1785,-8.1525,0.0000,0.0000,0.000,0.000,0.5476,59.3,10.64,21,THU,NO_TX,360,,0,,0
25.7672,1790258658.862191,0.0201,1,319.25,229.00,0.822,-5.2063,-7.4202,-5.2640,-0.7358,-7.3936,2.1872,-5.2644,-7.3837,6.0665,0.3207,0.0282,BAM,-5.2567,-8.1525,-5.1785,-8.1525,0.0000,0.0000,0.000,0.000,0.2536,48.6,11.03,21,THU,NO_TX,360,,0,,0
25.7873,1790258658.882268,0.0200,0,319.25,229.00,0.822,,,-5.2787,-0.7358,-7.3498,2.1872,-5.2790,-7.3426,6.0665,0.3207,0.0282,BAM,-5.2567,-8.1525,-5.1785,-8.1525,0.0000,0.0000,0.000,0.000,0.2536,48.6,11.03,21,THU,NO_TX,360,,0,,0
25.8078,1790258658.902833,0.0206,0,319.25,229.00,0.822,,,-5.2938,-0.7358,-7.3048,2.1872,-5.2941,-7.2992,6.0665,0.3207,0.0282,BAM,-5.2567,-8.1525,-5.1785,-8.1525,0.0000,0.0000,0.000,0.000,0.2536,48.6,11.03,21,THU,NO_TX,360,,0,,0
25.8282,1790258658.923182,0.0204,1,319.50,231.50,0.828,-5.2231,-7.5866,-5.2383,0.1731,-7.5262,-1.1912,-5.2383,-7.5279,6.0665,0.3207,0.0282,BAM,-5.2567,-8.1525,-5.1785,-8.1525,0.0000,0.0000,0.000,0.000,0.3374,64.5,8.51,21,THU,NO_TX,360,,0,,0
25.8483,1790258658.943246,0.0201,0,319.50,231.50,0.828,,,-5.2349,0.1731,-7.5502,-1.1912,-5.2349,-7.5514,6.0665,0.3207,0.0282,BAM,-5.2567,-8.1525,-5.1785,-8.1525,0.0000,0.0000,0.000,0.000,0.3374,64.5,8.51,21,THU,NO_TX,360,,0,,0
25.8689,1790258658.963795,0.0205,0,319.50,231.50,0.828,,,-5.2313,0.1731,-7.5746,-1.1912,-5.2313,-7.5755,6.4041,0.3213,0.0186,BAM,-5.2567,-8.1525,-5.1785,-8.1525,0.0000,0.0000,0.000,0.000,0.3374,64.5,8.51,21,THU,NO_TX,360,,0,,0
25.8890,1790258658.983945,0.0201,1,319.25,231.00,0.827,-5.2063,-7.5533,-5.2101,0.3957,-7.5616,-0.7344,-5.2101,-7.5620,6.4041,0.3213,0.0186,BAM,-5.2567,-8.1525,-5.1785,-8.1525,0.0000,0.0000,0.000,0.000,0.0075,63.6,9.03,21,THU,NO_TX,360,,0,,0
25.9100,1790258659.004993,0.0210,0,319.25,231.00,0.827,,,-5.2018,0.3957,-7.5771,-0.7344,-5.2018,-7.5773,6.4041,0.3213,0.0186,BAM,-5.2567,-8.1525,-5.1785,-8.1525,0.0000,0.0000,0.000,0.000,0.0075,63.6,9.03,21,THU,NO_TX,360,,0,,0
25.9302,1790258659.025235,0.0202,0,319.25,231.00,0.827,,,-5.1938,0.3957,-7.5919,-0.7344,-5.1938,-7.5922,6.4041,0.3213,0.0186,BAM,-5.2567,-8.1525,-5.1785,-8.1525,0.0000,0.0000,0.000,0.000,0.0075,63.6,9.03,21,THU,NO_TX,360,,0,,0
25.9503,1790258659.045324,0.0201,1,318.50,230.75,0.820,-5.1559,-7.5367,-5.1612,0.7060,-7.5494,-0.0261,-5.1608,-7.5494,6.4041,0.3213,0.0186,BAM,-5.2567,-8.1525,-5.1785,-8.1525,0.0000,0.0000,0.000,0.000,0.0170,47.0,9.37,21,THU,NO_TX,360,,0,,0
25.9704,1790258659.065363,0.0200,0,318.50,230.75,0.820,,,-5.1470,0.7060,-7.5500,-0.0261,-5.1468,-7.5500,6.4041,0.3213,0.0186,BAM,-5.2567,-8.1525,-5.1785,-8.1525,0.0000,0.0000,0.000,0.000,0.0170,47.0,9.37,21,THU,NO_TX,360,,0,,0
25.9904,1790258659.085344,0.0200,0,318.50,230.75,0.820,,,-5.1329,0.7060,-7.5505,-0.0261,-5.1327,-7.5505,6.0025,0.3225,0.0255,BAM,-5.2567,-8.1525,-5.1785,-8.1525,0.0000,0.0000,0.000,0.000,0.0170,47.0,9.37,21,THU,NO_TX,360,,0,,0
26.0105,1790258659.105447,0.0201,1,320.00,231.50,0.809,-5.2567,-7.5866,-5.2319,-0.7289,-7.5800,-0.3872,-5.2323,-7.5800,6.0025,0.3225,0.0255,BAM,-5.2567,-8.1525,-5.1785,-8.1525,0.0000,0.0000,0.000,0.000,0.0632,65.0,8.50,21,THU,NO_TX,360,,0,,0
26.0305,1790258659.125504,0.0200,0,320.00,231.50,0.809,,,-5.2465,-0.7289,-7.5877,-0.3872,-5.2468,-7.5878,6.0025,0.3225,0.0255,BAM,-5.2567,-8.1525,-5.1785,-8.1525,0.0000,0.0000,0.000,0.000,0.0632,65.0,8.50,21,THU,NO_TX,360,,1,kieu=dung_yen;lan=1,1
26.0506,1790258659.145563,0.0201,0,320.00,231.50,0.809,,,-5.2611,-0.7289,-7.5955,-0.3872,-5.2614,-7.5955,6.0025,0.3225,0.0255,BAM,-5.2567,-8.1525,-5.1785,-8.1525,0.0000,0.0000,0.000,0.000,0.0632,65.0,8.50,21,THU,NO_TX,360,,1,kieu=dung_yen;lan=1,1
26.0707,1790258659.165686,0.0201,1,320.00,231.50,0.806,-5.2567,-7.5866,-5.2601,-0.5298,-7.5897,-0.2178,-5.2602,-7.5897,6.0025,0.3225,0.0255,BAM,-5.2567,-8.1525,-5.1785,-8.1525,0.0000,0.0000,0.000,0.000,0.0020,62.1,8.50,21,THU,NO_TX,360,,1,kieu=dung_yen;lan=1,1
26.0908,1790258659.185760,0.0201,0,320.00,231.50,0.806,,,-5.2707,-0.5298,-7.5941,-0.2178,-5.2708,-7.5941,6.0025,0.3225,0.0005,BAM,-5.2567,-8.1525,-5.1785,-8.1525,0.0000,0.0000,0.000,0.000,0.0020,62.1,8.50,21,THU,NO_TX,360,,1,kieu=dung_yen;lan=1,1
26.1110,1790258659.205948,0.0202,1,320.50,230.50,0.784,-5.2902,-7.5200,-5.2878,-0.6217,-7.5420,0.5746,-5.2881,-7.5418,6.0025,0.3225,0.0005,BAM,-5.2567,-8.1525,-5.1785,-8.1525,0.0000,0.0000,0.000,0.000,0.0278,48.2,9.51,21,THU,NO_TX,360,,1,kieu=dung_yen;lan=1,1
26.1313,1790258659.226254,0.0203,0,320.50,230.50,0.784,,,-5.3005,-0.6217,-7.5303,0.5746,-5.3006,-7.5301,6.0025,0.3225,0.0005,BAM,-5.2567,-8.1525,-5.1785,-8.1525,0.0000,0.0000,0.000,0.000,0.0278,48.2,9.51,21,THU,NO_TX,360,,1,kieu=dung_yen;lan=1,1
26.1515,1790258659.246496,0.0202,0,320.50,230.50,0.784,,,-5.3130,-0.6217,-7.5187,0.5746,-5.3132,-7.5186,6.0025,0.3225,0.0005,BAM,-5.2567,-8.1525,-5.1785,-8.1525,0.0000,0.0000,0.000,0.000,0.0278,48.2,9.51,21,THU,NO_TX,360,,1,kieu=dung_yen;lan=1,1
26.1718,1790258659.266739,0.0203,0,320.50,230.50,0.784,,,-5.3256,-0.6217,-7.5070,0.5746,-5.3257,-7.5069,6.0025,0.3225,0.0005,BAM,-5.2567,-8.1525,-5.1785,-8.1525,0.0000,0.0000,0.000,0.000,0.0278,48.2,9.51,21,THU,NO_TX,360,,1,kieu=dung_yen;lan=1,1
26.1918,1790258659.286777,0.0200,1,320.25,230.75,0.784,-5.2735,-7.5367,-5.2811,0.0175,-7.5315,0.1752,-5.2811,-7.5315,6.0025,0.3225,0.0005,BAM,-5.2567,-8.1525,-5.1785,-8.1525,0.0000,0.0000,0.000,0.000,0.0120,66.0,9.25,21,THU,NO_TX,360,,1,kieu=dung_yen;lan=1,1
26.2123,1790258659.307330,0.0205,0,320.25,230.75,0.784,,,-5.2808,0.0175,-7.5279,0.1752,-5.2808,-7.5279,5.6740,0.3231,0.0190,BAM,-5.2567,-8.1525,-5.1785,-8.1525,0.0000,0.0000,0.000,0.000,0.0120,66.0,9.25,21,THU,NO_TX,360,,1,kieu=dung_yen;lan=1,1
26.2324,1790258659.327432,0.0201,0,320.25,230.75,0.784,,,-5.2804,0.0175,-7.5244,0.1752,-5.2804,-7.5244,5.6740,0.3231,0.0190,BAM,-5.2567,-8.1525,-5.1785,-8.1525,0.0000,0.0000,0.000,0.000,0.0120,66.0,9.25,21,THU,NO_TX,360,,1,kieu=dung_yen;lan=1,1
26.2529,1790258659.347934,0.0205,1,320.75,230.50,0.791,-5.3070,-7.5200,-5.3023,-0.2595,-7.5202,0.1831,-5.3023,-7.5202,5.6740,0.3231,0.0190,BAM,-5.2567,-8.1525,-5.1785,-8.1525,0.0000,0.0000,0.000,0.000,0.0022,61.7,9.53,21,THU,NO_TX,360,,1,kieu=dung_yen;lan=1,1
26.2732,1790258659.368125,0.0202,0,320.75,230.50,0.791,,,-5.3075,-0.2595,-7.5165,0.1831,-5.3075,-7.5165,5.6740,0.3231,0.0190,BAM,-5.2567,-8.1525,-5.1785,-8.1525,0.0000,0.0000,0.000,0.000,0.0022,61.7,9.53,21,THU,NO_TX,360,,1,kieu=dung_yen;lan=1,1
26.2935,1790258659.388508,0.0203,1,312.75,229.50,0.768,-4.7699,-7.4532,-4.9166,5.4247,-7.4697,0.7876,-4.7887,-7.4692,5.6740,0.3231,0.0190,BAM,-5.2567,-8.1525,-5.1785,-8.1525,0.0000,0.0000,0.000,0.000,1.4019,49.0,12.76,21,THU,NO_TX,360,,1,kieu=dung_yen;lan=1,1
26.3136,1790258659.408623,0.0201,0,312.75,229.50,0.768,,,-4.8075,5.4247,-7.4539,0.7876,-4.7107,-7.4535,5.6740,0.3231,0.0007,BAM,-5.2567,-8.1525,-5.1785,-8.1525,0.0000,0.0000,0.000,0.000,1.4019,49.0,12.76,21,THU,NO_TX,360,,1,kieu=dung_yen;lan=1,1
26.3337,1790258659.428694,0.0201,0,312.75,229.50,0.768,,,-4.6986,5.4247,-7.4381,0.7876,-4.6207,-7.4378,5.6740,0.3231,0.0007,BAM,-5.2567,-8.1525,-5.1785,-8.1525,0.0000,0.0000,0.000,0.000,1.4019,49.0,12.76,21,THU,NO_TX,360,,1,kieu=dung_yen;lan=1,1
26.3541,1790258659.449083,0.0204,1,319.75,231.50,0.767,-5.2399,-7.5866,-5.1229,-1.4895,-7.5559,-0.9171,-5.1263,-7.5567,5.6740,0.3231,0.0007,BAM,-5.2567,-8.1525,-5.1785,-8.1525,0.0000,0.0000,0.000,0.000,1.4079,63.2,8.50,21,THU,NO_TX,360,,1,kieu=dung_yen;lan=1,1
26.3743,1790258659.469257,0.0202,0,319.75,231.50,0.767,,,-5.1530,-1.4895,-7.5744,-0.9171,-5.1554,-7.5750,5.6740,0.3231,0.0007,BAM,-5.2567,-8.1525,-5.1785,-8.1525,0.0000,0.0000,0.000,0.000,1.4079,63.2,8.50,21,THU,NO_TX,360,,1,kieu=dung_yen;lan=1,1
26.3944,1790258659.489364,0.0201,0,319.75,231.50,0.767,,,-5.1829,-1.4895,-7.5928,-0.9171,-5.1848,-7.5933,5.6740,0.3231,0.0007,BAM,-5.2567,-8.1525,-5.1785,-8.1525,0.0000,0.0000,0.000,0.000,1.4079,63.2,8.50,21,THU,NO_TX,360,,1,kieu=dung_yen;lan=1,1
26.4144,1790258659.509387,0.0200,1,320.50,231.00,0.794,-5.2902,-7.5533,-5.2763,-2.2923,-7.5641,-0.3324,-5.2882,-7.5641,5.6740,0.3231,0.0007,BAM,-5.2567,-8.1525,-5.1785,-8.1525,0.0000,0.0000,0.000,0.000,0.0287,47.4,9.01,21,THU,NO_TX,360,,1,kieu=dung_yen;lan=1,1
26.4355,1790258659.530436,0.0211,0,320.50,231.00,0.794,,,-5.3248,-2.2923,-7.5711,-0.3324,-5.3332,-7.5711,5.6740,0.3231,0.0004,BAM,-5.2567,-8.1525,-5.1785,-8.1525,0.0000,0.0000,0.000,0.000,0.0287,47.4,9.01,21,THU,NO_TX,360,,1,kieu=dung_yen;lan=1,1
26.4561,1790258659.551084,0.0206,0,320.50,231.00,0.794,,,-5.3720,-2.2923,-7.5779,-0.3324,-5.3785,-7.5780,5.6740,0.3231,0.0004,BAM,-5.2567,-8.1525,-5.1785,-8.1525,0.0000,0.0000,0.000,0.000,0.0287,47.4,9.01,21,THU,NO_TX,360,,1,kieu=dung_yen;lan=1,1
26.4762,1790258659.571173,0.0201,1,319.50,230.50,0.785,-5.2231,-7.5200,-5.2570,-0.2726,-7.5317,0.3204,-5.2570,-7.5317,5.6740,0.3231,0.0004,BAM,-5.2567,-8.1525,-5.1785,-8.1525,0.0000,0.0000,0.000,0.000,0.1271,65.3,9.51,21,THU,NO_TX,360,,1,kieu=dung_yen;lan=1,1
26.4962,1790258659.591229,0.0201,0,319.50,230.50,0.785,,,-5.2625,-0.2726,-7.5253,0.3204,-5.2625,-7.5253,5.6740,0.3231,0.0004,BAM,-5.2567,-8.1525,-5.1785,-8.1525,0.0000,0.0000,0.000,0.000,0.1271,65.3,9.51,21,THU,NO_TX,360,,1,kieu=dung_yen;lan=1,1
26.5167,1790258659.611597,0.0204,0,319.50,230.50,0.785,,,-5.2681,-0.2726,-7.5187,0.3204,-5.2681,-7.5187,5.6740,0.3231,0.0004,BAM,-5.2567,-8.1525,-5.1785,-8.1525,0.0000,0.0000,0.000,0.000,0.1271,65.3,9.51,21,THU,NO_TX,360,,1,kieu=dung_yen;lan=1,1
26.5370,1790258659.631903,0.0203,1,319.00,231.50,0.780,-5.1895,-7.5866,-5.2044,0.6006,-7.5729,-0.4329,-5.2042,-7.5730,5.6740,0.3231,0.0002,BAM,-5.2567,-8.1525,-5.1785,-8.1525,0.0000,0.0000,0.000,0.000,0.0380,64.4,8.56,21,THU,NO_TX,360,,1,kieu=dung_yen;lan=1,1
26.5579,1790258659.652861,0.0209,0,319.00,231.50,0.780,,,-5.1919,0.6006,-7.5820,-0.4329,-5.1917,-7.5820,5.6740,0.3231,0.0002,BAM,-5.2567,-8.1525,-5.1785,-8.1525,0.0000,0.0000,0.000,0.000,0.0380,64.4,8.56,21,THU,NO_TX,360,,1,kieu=dung_yen;lan=1,1
26.5780,1790258659.672996,0.0201,1,319.50,230.00,0.771,-5.2231,-7.4867,-5.2115,0.1486,-7.5153,0.6188,-5.2115,-7.5151,5.6740,0.3231,0.0002,BAM,-5.2567,-8.1525,-5.1785,-8.1525,0.0000,0.0000,0.000,0.000,0.0562,47.8,10.01,21,THU,NO_TX,360,,1,kieu=dung_yen;lan=1,1
26.5981,1790258659.693065,0.0201,0,319.50,230.00,0.771,,,-5.2085,0.1486,-7.5029,0.6188,-5.2085,-7.5028,5.6740,0.3231,0.0002,BAM,-5.2567,-8.1525,-5.1785,-8.1525,0.0000,0.0000,0.000,0.000,0.0562,47.8,10.01,21,THU,NO_TX,360,,1,kieu=dung_yen;lan=1,1
26.6182,1790258659.713153,0.0201,0,319.50,230.00,0.771,,,-5.2055,0.1486,-7.4905,0.6188,-5.2055,-7.4904,5.6740,0.3231,0.0002,BAM,-5.2567,-8.1525,-5.1785,-8.1525,0.0000,0.0000,0.000,0.000,0.0562,47.8,10.01,21,THU,NO_TX,360,,1,kieu=dung_yen;lan=1,1
26.6382,1790258659.733224,0.0201,1,321.00,230.50,0.771,-5.3238,-7.5200,-5.3018,-1.1367,-7.5121,0.1849,-5.3033,-7.5121,5.6740,0.3231,0.0002,BAM,-5.2567,-8.1525,-5.1785,-8.1525,0.0000,0.0000,0.000,0.000,0.0517,62.8,9.55,21,THU,NO_TX,360,,1,kieu=dung_yen;lan=1,1
26.6589,1790258659.753882,0.0207,0,321.00,230.50,0.771,,,-5.3253,-1.1367,-7.5083,0.1849,-5.3264,-7.5083,5.6740,0.3231,0.0001,BAM,-5.2567,-8.1525,-5.1785,-8.1525,0.0000,0.0000,0.000,0.000,0.0517,62.8,9.55,21,THU,NO_TX,360,,1,kieu=dung_yen;lan=1,1
26.6789,1790258659.773943,0.0200,0,321.00,230.50,0.771,,,-5.3481,-1.1367,-7.5046,0.1849,-5.3489,-7.5046,5.6740,0.3231,0.0001,BAM,-5.2567,-8.1525,-5.1785,-8.1525,0.0000,0.0000,0.000,0.000,0.0517,62.8,9.55,21,THU,NO_TX,360,,1,kieu=dung_yen;lan=1,1
26.6991,1790258659.794069,0.0202,0,321.00,230.50,0.771,,,-5.3710,-1.1367,-7.5009,0.1849,-5.3717,-7.5009,5.6740,0.3231,0.0001,BAM,-5.2567,-8.1525,-5.1785,-8.1525,0.0000,0.0000,0.000,0.000,0.0517,62.8,9.55,21,THU,NO_TX,360,,1,kieu=dung_yen;lan=1,1
26.7195,1790258659.814532,0.0204,1,318.75,231.50,0.784,-5.1727,-7.5866,-5.1987,1.0174,-7.5756,-0.6683,-5.1977,-7.5759,5.6740,0.3231,0.0001,BAM,-5.2567,-8.1525,-5.1785,-8.1525,0.0000,0.0000,0.000,0.000,0.1161,65.4,8.59,21,THU,NO_TX,360,,1,kieu=dung_yen;lan=1,1
26.7397,1790258659.834695,0.0202,0,318.75,231.50,0.784,,,-5.1782,1.0174,-7.5891,-0.6683,-5.1775,-7.5893,5.6740,0.3231,0.0001,BAM,-5.2567,-8.1525,-5.1785,-8.1525,0.0000,0.0000,0.000,0.000,0.1161,65.4,8.59,21,THU,NO_TX,360,,1,kieu=dung_yen;lan=1,1
26.7598,1790258659.854708,0.0201,1,319.50,230.50,0.801,-5.2231,-7.5200,-5.2053,0.3504,-7.5430,0.1472,-5.2053,-7.5430,5.6740,0.3231,0.0001,BAM,-5.2567,-8.1525,-5.1785,-8.1525,0.0000,0.0000,0.000,0.000,0.0504,45.1,9.51,21,THU,NO_TX,360,,1,kieu=dung_yen;lan=1,1
26.7802,1790258659.875193,0.0204,0,319.50,230.50,0.801,,,-5.1982,0.3504,-7.5400,0.1472,-5.1981,-7.5400,5.6740,0.3231,0.0001,BAM,-5.2567,-8.1525,-5.1785,-8.1525,0.0000,0.0000,0.000,0.000,0.0504,45.1,9.51,21,THU,NO_TX,360,,1,kieu=dung_yen;lan=1,1
26.8003,1790258659.895246,0.0201,0,319.50,230.50,0.801,,,-5.1911,0.3504,-7.5370,0.1472,-5.1911,-7.5370,5.6740,0.3231,0.0001,BAM,-5.2567,-8.1525,-5.1785,-8.1525,0.0000,0.0000,0.000,0.000,0.0504,45.1,9.51,21,THU,NO_TX,360,,1,kieu=dung_yen;lan=1,1
26.8204,1790258659.915420,0.0202,1,320.50,231.00,0.801,-5.2902,-7.5533,-5.2713,-0.7815,-7.5497,-0.0531,-5.2717,-7.5497,5.6740,0.3231,0.0001,BAM,-5.2567,-8.1525,-5.1785,-8.1525,0.0000,0.0000,0.000,0.000,0.0362,65.4,9.01,21,THU,NO_TX,360,,1,kieu=dung_yen;lan=1,1
26.8405,1790258659.935485,0.0201,0,320.50,231.00,0.801,,,-5.2869,-0.7815,-7.5508,-0.0531,-5.2873,-7.5508,5.6740,0.3231,0.0001,BAM,-5.2567,-8.1525,-5.1785,-8.1525,0.0000,0.0000,0.000,0.000,0.0362,65.4,9.01,21,THU,NO_TX,360,,1,kieu=dung_yen;lan=1,1
26.8605,1790258659.955542,0.0201,0,320.50,231.00,0.801,,,-5.3026,-0.7815,-7.5519,-0.0531,-5.3029,-7.5519,5.6740,0.3231,0.0000,BAM,-5.2567,-8.1525,-5.1785,-8.1525,0.0000,0.0000,0.000,0.000,0.0362,65.4,9.01,21,THU,NO_TX,360,,1,kieu=dung_yen;lan=1,1
26.8807,1790258659.975682,0.0201,1,319.50,231.75,0.776,-5.2231,-7.6032,-5.2401,0.2061,-7.5939,-0.5619,-5.2401,-7.5941,5.6740,0.3231,0.0000,BAM,-5.2567,-8.1525,-5.1785,-8.1525,0.0000,0.0000,0.000,0.000,0.0357,64.1,8.27,21,THU,NO_TX,360,,1,kieu=dung_yen;lan=1,1
26.9011,1790258659.996082,0.0204,0,319.50,231.75,0.776,,,-5.2359,0.2061,-7.6054,-0.5619,-5.2359,-7.6055,5.6740,0.3231,0.0000,BAM,-5.2567,-8.1525,-5.1785,-8.1525,0.0000,0.0000,0.000,0.000,0.0357,64.1,8.27,21,THU,NO_TX,360,,1,kieu=dung_yen;lan=1,1
26.9212,1790258660.016184,0.0201,0,319.50,231.75,0.776,,,-5.2318,0.2061,-7.6167,-0.5619,-5.2318,-7.6168,5.6740,0.3231,0.0000,BAM,-5.2567,-8.1525,-5.1785,-8.1525,0.0000,0.0000,0.000,0.000,0.0357,64.1,8.27,21,THU,NO_TX,360,,1,kieu=dung_yen;lan=1,1
26.9413,1790258660.036295,0.0201,1,320.00,231.50,0.771,-5.2567,-7.5866,-5.2515,-0.0955,-7.5943,-0.1429,-5.2515,-7.5943,5.6740,0.3231,0.0000,BAM,-5.2567,-8.1525,-5.1785,-8.1525,0.0000,0.0000,0.000,0.000,0.0077,49.0,8.50,21,THU,NO_TX,360,,1,kieu=dung_yen;lan=1,1
26.9613,1790258660.056344,0.0200,0,320.00,231.50,0.771,,,-5.2534,-0.0955,-7.5971,-0.1429,-5.2534,-7.5971,5.6740,0.3231,0.0000,BAM,-5.2567,-8.1525,-5.1785,-8.1525,0.0000,0.0000,0.000,0.000,0.0077,49.0,8.50,21,THU,NO_TX,360,,1,kieu=dung_yen;lan=1,1
26.9819,1790258660.076908,0.0206,0,320.00,231.50,0.771,,,-5.2554,-0.0955,-7.6001,-0.1429,-5.2554,-7.6001,5.6740,0.3231,0.0000,BAM,-5.2567,-8.1525,-5.1785,-8.1525,0.0000,0.0000,0.000,0.000,0.0077,49.0,8.50,21,THU,NO_TX,360,,1,kieu=dung_yen;lan=1,1
27.0020,1790258660.097008,0.0201,1,320.00,231.50,0.760,-5.2567,-7.5866,-5.2568,-0.0890,-7.5896,0.0227,-5.2568,-7.5896,5.6740,0.3231,0.0000,BAM,-5.2567,-8.1525,-5.1785,-8.1525,0.0000,0.0000,0.000,0.000,0.0008,63.0,8.50,21,THU,NO_TX,360,,1,kieu=dung_yen;lan=1,1
27.0221,1790258660.117084,0.0201,0,320.00,231.50,0.760,,,-5.2586,-0.0890,-7.5892,0.0227,-5.2586,-7.5892,5.6740,0.3231,0.0000,BAM,-5.2567,-8.1525,-5.1785,-8.1525,0.0000,0.0000,0.000,0.000,0.0008,63.0,8.50,21,THU,NO_TX,360,,1,kieu=dung_yen;lan=1,1
27.0422,1790258660.137149,0.0200,0,320.00,231.50,0.760,,,-5.2603,-0.0890,-7.5887,0.0227,-5.2603,-7.5887,5.6740,0.3231,0.0000,BAM,-5.2567,-8.1525,-5.1785,-8.1525,0.0000,0.0000,0.000,0.000,0.0008,63.0,8.50,21,THU,NO_TX,360,,1,kieu=dung_yen;lan=1,1
27.0623,1790258660.157230,0.0201,1,320.25,230.25,0.784,-5.2735,-7.5034,-5.2714,-0.2067,-7.5192,0.8835,-5.2714,-7.5185,5.6740,0.3231,0.0000,BAM,-5.2567,-8.1525,-5.1785,-8.1525,0.0000,0.0000,0.000,0.000,0.0218,64.7,9.75,21,THU,NO_TX,360,,1,kieu=dung_yen;lan=1,1
27.0828,1790258660.177806,0.0206,0,320.25,230.25,0.784,,,-5.2757,-0.2067,-7.5010,0.8835,-5.2757,-7.5005,5.6740,0.3231,0.0000,BAM,-5.2567,-8.1525,-5.1785,-8.1525,0.0000,0.0000,0.000,0.000,0.0218,64.7,9.75,21,THU,NO_TX,360,,1,kieu=dung_yen;lan=1,1
27.1036,1790258660.198586,0.0207,1,319.50,230.50,0.798,-5.2231,-7.5200,-5.2383,0.3872,-7.5098,0.5050,-5.2382,-7.5097,5.6740,0.3231,0.0000,BAM,-5.2567,-8.1525,-5.1785,-8.1525,0.0000,0.0000,0.000,0.000,0.0211,47.6,9.51,21,THU,NO_TX,360,,1,kieu=dung_yen;lan=1,1
27.1238,1790258660.218744,0.0202,0,319.50,230.50,0.798,,,-5.2304,0.3872,-7.4996,0.5050,-5.2304,-7.4995,5.6740,0.3231,0.0000,BAM,-5.2567,-8.1525,-5.1785,-8.1525,0.0000,0.0000,0.000,0.000,0.0211,47.6,9.51,21,THU,NO_TX,360,,1,kieu=dung_yen;lan=1,1
27.1440,1790258660.238928,0.0202,0,319.50,230.50,0.798,,,-5.2226,0.3872,-7.4894,0.5050,-5.2226,-7.4893,5.6740,0.3231,0.0000,BAM,-5.2567,-8.1525,-5.1785,-8.1525,0.0000,0.0000,0.000,0.000,0.0211,47.6,9.51,21,THU,NO_TX,360,,1,kieu=dung_yen;lan=1,1
27.1640,1790258660.259033,0.0201,0,319.50,230.50,0.798,,,-5.2149,0.3872,-7.4793,0.5050,-5.2148,-7.4792,5.6740,0.3231,0.0000,BAM,-5.2567,-8.1525,-5.1785,-8.1525,0.0000,0.0000,0.000,0.000,0.0211,47.6,9.51,21,THU,NO_TX,360,,1,kieu=dung_yen;lan=1,1
27.1843,1790258660.279329,0.0203,1,321.25,230.50,0.786,-5.3406,-7.5200,-5.3247,-0.9334,-7.5137,0.0105,-5.3255,-7.5137,5.6740,0.3231,0.0000,BAM,-5.2567,-8.1525,-5.1785,-8.1525,0.0000,0.0000,0.000,0.000,0.0422,63.4,9.58,21,THU,NO_TX,360,,1,kieu=dung_yen;lan=1,1
27.2044,1790258660.299406,0.0201,0,321.25,230.50,0.786,,,-5.3434,-0.9334,-7.5134,0.0105,-5.3440,-7.5134,5.6740,0.3231,0.0000,BAM,-5.2567,-8.1525,-5.1785,-8.1525,0.0000,0.0000,0.000,0.000,0.0422,63.4,9.58,21,THU,NO_TX,360,,1,kieu=dung_yen;lan=1,1
27.2249,1790258660.319841,0.0204,0,321.25,230.50,0.786,,,-5.3625,-0.9334,-7.5132,0.0105,-5.3630,-7.5132,5.6740,0.3231,0.0000,BAM,-5.2567,-8.1525,-5.1785,-8.1525,0.0000,0.0000,0.000,0.000,0.0422,63.4,9.58,21,THU,NO_TX,360,,1,kieu=dung_yen;lan=1,1
27.2449,1790258660.339906,0.0201,1,321.00,230.50,0.798,-5.3238,-7.5200,-5.3341,-0.3427,-7.5187,-0.0597,-5.3341,-7.5187,5.6740,0.3231,0.0000,BAM,-5.2567,-8.1525,-5.1785,-8.1525,0.0000,0.0000,0.000,0.000,0.0104,63.6,9.55,21,THU,NO_TX,360,,1,kieu=dung_yen;lan=1,1
27.2650,1790258660.359982,0.0201,0,321.00,230.50,0.798,,,-5.3410,-0.3427,-7.5199,-0.0597,-5.3410,-7.5199,5.6740,0.3231,0.0000,BAM,-5.2567,-8.1525,-5.1785,-8.1525,0.0000,0.0000,0.000,0.000,0.0104,63.6,9.55,21,THU,NO_TX,360,,1,kieu=dung_yen;lan=1,1
27.2851,1790258660.380087,0.0201,1,319.50,231.25,0.771,-5.2231,-7.5700,-5.2571,0.9634,-7.5563,-0.5553,-5.2562,-7.5565,5.6740,0.3231,0.0000,BAM,-5.2567,-8.1525,-5.1785,-8.1525,0.0000,0.0000,0.000,0.000,0.0845,48.5,8.76,21,THU,NO_TX,360,,1,kieu=dung_yen;lan=1,1
27.3051,1790258660.400146,0.0201,0,319.50,231.25,0.771,,,-5.2378,0.9634,-7.5674,-0.5553,-5.2371,-7.5676,5.6740,0.3231,0.0000,BAM,-5.2567,-8.1525,-5.1785,-8.1525,0.0000,0.0000,0.000,0.000,0.0845,48.5,8.76,21,THU,NO_TX,360,,1,kieu=dung_yen;lan=1,1
27.3253,1790258660.420279,0.0201,0,319.50,231.25,0.771,,,-5.2184,0.9634,-7.5786,-0.5553,-5.2179,-7.5787,5.6740,0.3231,0.0000,BAM,-5.2567,-8.1525,-5.1785,-8.1525,0.0000,0.0000,0.000,0.000,0.0845,48.5,8.76,21,THU,NO_TX,360,,1,kieu=dung_yen;lan=1,1
27.3454,1790258660.440344,0.0201,1,319.50,231.50,0.762,-5.2231,-7.5866,-5.2187,0.7074,-7.5872,-0.5221,-5.2184,-7.5873,5.6740,0.3231,0.0000,BAM,-5.2567,-8.1525,-5.1785,-8.1525,0.0000,0.0000,0.000,0.000,0.0019,64.6,8.51,21,THU,NO_TX,360,,1,kieu=dung_yen;lan=1,1
27.3662,1790258660.461170,0.0208,0,319.50,231.50,0.762,,,-5.2040,0.7074,-7.5980,-0.5221,-5.2038,-7.5981,5.6740,0.3231,0.0000,BAM,-5.2567,-8.1525,-5.1785,-8.1525,0.0000,0.0000,0.000,0.000,0.0019,64.6,8.51,21,THU,NO_TX,360,,1,kieu=dung_yen;lan=1,1
27.3864,1790258660.481382,0.0202,0,319.50,231.50,0.762,,,-5.1897,0.7074,-7.6086,-0.5221,-5.1895,-7.6087,5.6740,0.3231,0.0000,BAM,-5.2567,-8.1525,-5.1785,-8.1525,0.0000,0.0000,0.000,0.000,0.0019,64.6,8.51,21,THU,NO_TX,360,,1,kieu=dung_yen;lan=1,1
27.4064,1790258660.501428,0.0200,1,321.00,231.00,0.789,-5.3238,-7.5533,-5.2976,-0.8261,-7.5654,0.1413,-5.2982,-7.5654,5.6740,0.3231,0.0000,BAM,-5.2567,-8.1525,-5.1785,-8.1525,0.0000,0.0000,0.000,0.000,0.0802,47.9,9.06,21,THU,NO_TX,360,,1,kieu=dung_yen;lan=1,1
27.4268,1790258660.521825,0.0204,0,321.00,231.00,0.789,,,-5.3145,-0.8261,-7.5625,0.1413,-5.3149,-7.5625,5.6740,0.3231,0.0000,BAM,-5.2567,-8.1525,-5.1785,-8.1525,0.0000,0.0000,0.000,0.000,0.0802,47.9,9.06,21,THU,NO_TX,360,,1,kieu=dung_yen;lan=1,1
27.4470,1790258660.542025,0.0202,0,321.00,231.00,0.789,,,-5.3312,-0.8261,-7.5596,0.1413,-5.3315,-7.5596,5.6740,0.3231,0.0000,BAM,-5.2567,-8.1525,-5.1785,-8.1525,0.0000,0.0000,0.000,0.000,0.0802,47.9,9.06,21,THU,NO_TX,360,,1,kieu=dung_yen;lan=1,1
27.4672,1790258660.562192,0.0202,1,321.00,230.50,0.787,-5.3238,-7.5200,-5.3281,-0.5768,-7.5268,0.5132,-5.3283,-7.5267,5.6740,0.3231,0.0000,BAM,-5.2567,-8.1525,-5.1785,-8.1525,0.0000,0.0000,0.000,0.000,0.0058,63.6,9.55,21,THU,NO_TX,360,,1,kieu=dung_yen;lan=1,1
27.4875,1790258660.582365,0.0203,0,321.00,230.50,0.787,,,-5.3398,-0.5768,-7.5164,0.5132,-5.3400,-7.5163,5.6740,0.3231,0.0000,BAM,-5.2567,-8.1525,-5.1785,-8.1525,0.0000,0.0000,0.000,0.000,0.0058,63.6,9.55,21,THU,NO_TX,360,,1,kieu=dung_yen;lan=1,1
27.5081,1790258660.603115,0.0206,0,321.00,230.50,0.787,,,-5.3517,-0.5768,-7.5058,0.5132,-5.3518,-7.5057,5.6740,0.3231,0.0000,BAM,-5.2567,-8.1525,-5.1785,-8.1525,0.0000,0.0000,0.000,0.000,0.0058,63.6,9.55,21,THU,NO_TX,360,,1,kieu=dung_yen;lan=1,1
27.5283,1790258660.623311,0.0202,1,319.50,230.50,0.780,-5.2231,-7.5200,-5.2478,0.8798,-7.5155,0.2641,-5.2471,-7.5155,5.6740,0.3231,0.0000,BAM,-5.2567,-8.1525,-5.1785,-8.1525,0.0000,0.0000,0.000,0.000,0.0620,62.3,9.51,21,THU,NO_TX,360,,1,kieu=dung_yen;lan=1,1
27.5489,1790258660.643912,0.0206,0,319.50,230.50,0.780,,,-5.2297,0.8798,-7.5101,0.2641,-5.2292,-7.5101,5.6740,0.3231,0.0000,BAM,-5.2567,-8.1525,-5.1785,-8.1525,0.0000,0.0000,0.000,0.000,0.0620,62.3,9.51,21,THU,NO_TX,360,,1,kieu=dung_yen;lan=1,1
27.5691,1790258660.664060,0.0202,1,320.25,231.00,0.779,-5.2735,-7.5533,-5.2569,0.2386,-7.5399,-0.2265,-5.2569,-7.5399,5.6740,0.3231,0.0000,BAM,-5.2567,-8.1525,-5.1785,-8.1525,0.0000,0.0000,0.000,0.000,0.0282,47.4,9.00,21,THU,NO_TX,360,,1,kieu=dung_yen;lan=1,1
27.5893,1790258660.684279,0.0203,0,320.25,231.00,0.779,,,-5.2520,0.2386,-7.5445,-0.2265,-5.2520,-7.5445,5.6740,0.3231,0.0000,BAM,-5.2567,-8.1525,-5.1785,-8.1525,0.0000,0.0000,0.000,0.000,0.0282,47.4,9.00,21,THU,NO_TX,360,,1,kieu=dung_yen;lan=1,1
27.6095,1790258660.704430,0.0202,0,320.25,231.00,0.779,,,-5.2472,0.2386,-7.5490,-0.2265,-5.2472,-7.5490,5.6740,0.3231,0.0000,BAM,-5.2567,-8.1525,-5.1785,-8.1525,0.0000,0.0000,0.000,0.000,0.0282,47.4,9.00,21,THU,NO_TX,360,,1,kieu=dung_yen;lan=1,1
27.6296,1790258660.724475,0.0201,1,318.50,231.50,0.774,-5.1559,-7.5866,-5.1715,1.1551,-7.5804,-0.5677,-5.1699,-7.5806,5.6740,0.3231,0.0000,BAM,-5.2567,-8.1525,-5.1785,-8.1525,0.0000,0.0000,0.000,0.000,0.0268,65.5,8.63,21,THU,NO_TX,360,,1,kieu=dung_yen;lan=1,1
27.6498,1790258660.744719,0.0202,0,318.50,231.50,0.774,,,-5.1482,1.1551,-7.5919,-0.5677,-5.1471,-7.5920,5.6740,0.3231,0.0000,BAM,-5.2567,-8.1525,-5.1785,-8.1525,0.0000,0.0000,0.000,0.000,0.0268,65.5,8.63,21,THU,NO_TX,360,,1,kieu=dung_yen;lan=1,1
27.6698,1790258660.764809,0.0201,0,318.50,231.50,0.774,,,-5.1250,1.1551,-7.6033,-0.5677,-5.1242,-7.6034,5.6740,0.3231,0.0000,BAM,-5.2567,-8.1525,-5.1785,-8.1525,0.0000,0.0000,0.000,0.000,0.0268,65.5,8.63,21,THU,NO_TX,360,,1,kieu=dung_yen;lan=1,1
27.6902,1790258660.785182,0.0204,0,318.50,231.50,0.774,,,-5.1015,1.1551,-7.6148,-0.5677,-5.1008,-7.6149,5.6740,0.3231,0.0000,BAM,-5.2567,-8.1525,-5.1785,-8.1525,0.0000,0.0000,0.000,0.000,0.0268,65.5,8.63,21,THU,NO_TX,360,,1,kieu=dung_yen;lan=1,1
27.7105,1790258660.805467,0.0203,1,320.50,230.00,0.765,-5.2902,-7.4867,-5.2651,-0.9108,-7.5040,0.7645,-5.2659,-7.5036,5.6740,0.3231,0.0000,BAM,-5.2567,-8.1525,-5.1785,-8.1525,0.0000,0.0000,0.000,0.000,0.1313,64.1,10.01,21,THU,NO_TX,360,,1,kieu=dung_yen;lan=1,1
27.7306,1790258660.825554,0.0201,0,320.50,230.00,0.765,,,-5.2834,-0.9108,-7.4887,0.7645,-5.2840,-7.4884,5.6740,0.3231,0.0000,BAM,-5.2567,-8.1525,-5.1785,-8.1525,0.0000,0.0000,0.000,0.000,0.1313,64.1,10.01,21,THU,NO_TX,360,,1,kieu=dung_yen;lan=1,1
27.7507,1790258660.845630,0.0201,1,319.50,231.25,0.771,-5.2231,-7.5700,-5.2445,-0.1073,-7.5430,-0.1916,-5.2445,-7.5430,5.6740,0.3231,0.0000,BAM,-5.2567,-8.1525,-5.1785,-8.1525,0.0000,0.0000,0.000,0.000,0.0709,47.4,8.76,21,THU,NO_TX,360,,1,kieu=dung_yen;lan=1,1
27.7707,1790258660.865723,0.0201,0,319.50,231.25,0.771,,,-5.2466,-0.1073,-7.5469,-0.1916,-5.2466,-7.5469,5.6740,0.3231,0.0000,BAM,-5.2567,-8.1525,-5.1785,-8.1525,0.0000,0.0000,0.000,0.000,0.0709,47.4,8.76,21,THU,NO_TX,360,,1,kieu=dung_yen;lan=1,1
27.7908,1790258660.885789,0.0201,0,319.50,231.25,0.771,,,-5.2488,-0.1073,-7.5507,-0.1916,-5.2488,-7.5507,5.6740,0.3231,0.0000,BAM,-5.2567,-8.1525,-5.1785,-8.1525,0.0000,0.0000,0.000,0.000,0.0709,47.4,8.76,21,THU,NO_TX,360,,1,kieu=dung_yen;lan=1,1
27.8114,1790258660.906397,0.0206,1,319.25,231.50,0.767,-5.2063,-7.5866,-5.2143,0.3693,-7.5807,-0.5240,-5.2142,-7.5808,5.6740,0.3231,0.0000,BAM,-5.2567,-8.1525,-5.1785,-8.1525,0.0000,0.0000,0.000,0.000,0.0092,64.2,8.53,21,THU,NO_TX,360,,1,kieu=dung_yen;lan=1,1
27.8315,1790258660.926455,0.0200,0,319.25,231.50,0.767,,,-5.2069,0.3693,-7.5912,-0.5240,-5.2068,-7.5913,5.6740,0.3231,0.0000,BAM,-5.2567,-8.1525,-5.1785,-8.1525,0.0000,0.0000,0.000,0.000,0.0092,64.2,8.53,21,THU,NO_TX,360,,1,kieu=dung_yen;lan=1,1
27.8519,1790258660.946945,0.0205,0,319.25,231.50,0.767,,,-5.1993,0.3693,-7.6019,-0.5240,-5.1993,-7.6020,5.6740,0.3231,0.0000,BAM,-5.2567,-8.1525,-5.1785,-8.1525,0.0000,0.0000,0.000,0.000,0.0092,64.2,8.53,21,THU,NO_TX,360,,1,kieu=dung_yen;lan=1,1
27.8721,1790258660.967054,0.0201,1,320.75,230.25,0.784,-5.3070,-7.5034,-5.2866,-0.8234,-7.5235,0.5781,-5.2872,-7.5233,5.6740,0.3231,0.0000,BAM,-5.2567,-8.1525,-5.1785,-8.1525,0.0000,0.0000,0.000,0.000,0.0759,64.1,9.78,21,THU,NO_TX,360,,1,kieu=dung_yen;lan=1,1
27.8921,1790258660.987124,0.0201,0,320.75,230.25,0.784,,,-5.3031,-0.8234,-7.5119,0.5781,-5.3035,-7.5117,5.6740,0.3231,0.0000,BAM,-5.2567,-8.1525,-5.1785,-8.1525,0.0000,0.0000,0.000,0.000,0.0759,64.1,9.78,21,THU,NO_TX,360,,1,kieu=dung_yen;lan=1,1
27.9122,1790258661.007210,0.0201,0,320.75,230.25,0.784,,,-5.3197,-0.8234,-7.5002,0.5781,-5.3200,-7.5001,5.6740,0.3231,0.0000,BAM,-5.2567,-8.1525,-5.1785,-8.1525,0.0000,0.0000,0.000,0.000,0.0759,64.1,9.78,21,THU,NO_TX,360,,1,kieu=dung_yen;lan=1,1
27.9327,1790258661.027638,0.0204,1,320.00,231.50,0.764,-5.2567,-7.5866,-5.2709,0.0056,-7.5684,-0.4161,-5.2709,-7.5685,5.6740,0.3231,0.0000,BAM,-5.2567,-8.1525,-5.1785,-8.1525,0.0000,0.0000,0.000,0.000,0.0482,48.2,8.50,21,THU,NO_TX,360,,1,kieu=dung_yen;lan=1,1
27.9527,1790258661.047682,0.0200,0,320.00,231.50,0.764,,,-5.2708,0.0056,-7.5768,-0.4161,-5.2708,-7.5768,5.6740,0.3231,0.0000,BAM,-5.2567,-8.1525,-5.1785,-8.1525,0.0000,0.0000,0.000,0.000,0.0482,48.2,8.50,21,THU,NO_TX,360,,1,kieu=dung_yen;lan=1,1
27.9729,1790258661.067854,0.0202,0,320.00,231.50,0.764,,,-5.2707,0.0056,-7.5852,-0.4161,-5.2707,-7.5852,5.6740,0.3231,0.0000,BAM,-5.2567,-8.1525,-5.1785,-8.1525,0.0000,0.0000,0.000,0.000,0.0482,48.2,8.50,21,THU,NO_TX,360,,1,kieu=dung_yen;lan=1,1
27.9930,1790258661.087978,0.0201,1,319.75,230.50,0.785,-5.2399,-7.5200,-5.2454,0.3248,-7.5337,0.3296,-5.2453,-7.5336,5.6740,0.3231,0.0000,BAM,-5.2567,-8.1525,-5.1785,-8.1525,0.0000,0.0000,0.000,0.000,0.0189,63.0,9.50,21,THU,NO_TX,360,,1,kieu=dung_yen;lan=1,1
28.0135,1790258661.108531,0.0206,0,319.75,230.50,0.785,,,-5.2387,0.3248,-7.5269,0.3296,-5.2387,-7.5269,5.6740,0.3231,0.0000,BAM,-5.2567,-8.1525,-5.1785,-8.1525,0.0000,0.0000,0.000,0.000,0.0189,63.0,9.50,21,THU,NO_TX,360,,1,kieu=dung_yen;lan=1,1
28.0338,1790258661.128768,0.0202,0,319.75,230.50,0.785,,,-5.2321,0.3248,-7.5202,0.3296,-5.2321,-7.5202,5.6740,0.3231,0.0000,BAM,-5.2567,-8.1525,-5.1785,-8.1525,0.0000,0.0000,0.000,0.000,0.0189,63.0,9.50,21,THU,NO_TX,360,,1,kieu=dung_yen;lan=1,1
28.0541,1790258661.149031,0.0203,1,320.00,230.25,0.779,-5.2567,-7.5034,-5.2512,0.0013,-7.5052,0.4325,-5.2512,-7.5052,5.6740,0.3231,0.0000,BAM,-5.2567,-8.1525,-5.1785,-8.1525,0.0000,0.0000,0.000,0.000,0.0033,64.0,9.75,21,THU,NO_TX,360,,1,kieu=dung_yen;lan=1,1
28.0743,1790258661.169274,0.0202,0,320.00,230.25,0.779,,,-5.2512,0.0013,-7.4965,0.4325,-5.2512,-7.4964,5.6740,0.3231,0.0000,BAM,-5.2567,-8.1525,-5.1785,-8.1525,0.0000,0.0000,0.000,0.000,0.0033,64.0,9.75,21,THU,NO_TX,360,,1,kieu=dung_yen;lan=1,1
28.0944,1790258661.189353,0.0201,1,318.25,231.50,0.785,-5.1391,-7.5866,-5.1696,1.1667,-7.5590,-0.5642,-5.1680,-7.5592,5.6740,0.3231,0.0000,BAM,-5.2567,-8.1525,-5.1785,-8.1525,0.0000,0.0000,0.000,0.000,0.1029,47.7,8.68,21,THU,NO_TX,360,,1,kieu=dung_yen;lan=1,1
28.1151,1790258661.210088,0.0207,0,318.25,231.50,0.785,,,-5.1454,1.1667,-7.5707,-0.5642,-5.1443,-7.5708,5.6740,0.3231,0.0000,BAM,-5.2567,-8.1525,-5.1785,-8.1525,0.0000,0.0000,0.000,0.000,0.1029,47.7,8.68,21,THU,NO_TX,360,,1,kieu=dung_yen;lan=1,1
28.1354,1790258661.230427,0.0203,0,318.25,231.50,0.785,,,-5.1217,1.1667,-7.5822,-0.5642,-5.1208,-7.5823,5.6740,0.3231,0.0000,BAM,-5.2567,-8.1525,-5.1785,-8.1525,0.0000,0.0000,0.000,0.000,0.1029,47.7,8.68,21,THU,NO_TX,360,,1,kieu=dung_yen;lan=1,1
28.1558,1790258661.250757,0.0204,0,318.25,231.50,0.785,,,-5.0979,1.1667,-7.5937,-0.5642,-5.0972,-7.5937,5.6740,0.3231,0.0000,BAM,-5.2567,-8.1525,-5.1785,-8.1525,0.0000,0.0000,0.000,0.000,0.1029,47.7,8.68,21,THU,NO_TX,360,,1,kieu=dung_yen;lan=1,1
28.1761,1790258661.271112,0.0203,1,320.50,230.25,0.780,-5.2902,-7.5034,-5.2650,-0.9616,-7.5159,0.4197,-5.2659,-7.5158,5.6740,0.3231,0.0000,BAM,-5.2567,-8.1525,-5.1785,-8.1525,0.0000,0.0000,0.000,0.000,0.1151,62.7,9.76,21,THU,NO_TX,360,,1,kieu=dung_yen;lan=1,1
28.1967,1790258661.291667,0.0206,0,320.50,230.25,0.780,,,-5.2848,-0.9616,-7.5072,0.4197,-5.2854,-7.5072,5.6740,0.3231,0.0000,BAM,-5.2567,-8.1525,-5.1785,-8.1525,0.0000,0.0000,0.000,0.000,0.1151,62.7,9.76,21,THU,NO_TX,360,,1,kieu=dung_yen;lan=1,1
28.2167,1790258661.311738,0.0201,1,319.50,231.75,0.768,-5.2231,-7.6032,-5.2449,-0.1360,-7.5744,-0.6112,-5.2449,-7.5746,5.6740,0.3231,0.0000,BAM,-5.2567,-8.1525,-5.1785,-8.1525,0.0000,0.0000,0.000,0.000,0.0789,47.1,8.27,21,THU,NO_TX,360,,1,kieu=dung_yen;lan=1,1
28.2368,1790258661.331796,0.0201,0,319.50,231.75,0.768,,,-5.2477,-0.1360,-7.5866,-0.6112,-5.2477,-7.5868,5.6740,0.3231,0.0000,BAM,-5.2567,-8.1525,-5.1785,-8.1525,0.0000,0.0000,0.000,0.000,0.0789,47.1,8.27,21,THU,NO_TX,360,,1,kieu=dung_yen;lan=1,1
28.2569,1790258661.351881,0.0201,0,319.50,231.75,0.768,,,-5.2504,-0.1360,-7.5989,-0.6112,-5.2504,-7.5990,5.6740,0.3231,0.0000,BAM,-5.2567,-8.1525,-5.1785,-8.1525,0.0000,0.0000,0.000,0.000,0.0789,47.1,8.27,21,THU,NO_TX,360,,1,kieu=dung_yen;lan=1,1
28.2774,1790258661.372389,0.0205,1,319.50,231.50,0.768,-5.2231,-7.5866,-5.2285,0.1844,-7.5912,-0.3530,-5.2285,-7.5913,5.6740,0.3231,0.0000,BAM,-5.2567,-8.1525,-5.1785,-8.1525,0.0000,0.0000,0.000,0.000,0.0047,64.3,8.51,21,THU,NO_TX,360,,1,kieu=dung_yen;lan=1,1
28.2974,1790258661.392410,0.0200,0,319.50,231.50,0.768,,,-5.2248,0.1844,-7.5983,-0.3530,-5.2248,-7.5983,5.3314,0.3234,0.0191,BAM,-5.2567,-8.1525,-5.1785,-8.1525,0.0000,0.0000,0.000,0.000,0.0047,64.3,8.51,21,THU,NO_TX,360,,1,kieu=dung_yen;lan=1,1
28.3175,1790258661.412532,0.0201,0,319.50,231.50,0.768,,,-5.2211,0.1844,-7.6054,-0.3530,-5.2211,-7.6054,5.3314,0.3234,0.0191,BAM,-5.2567,-8.1525,-5.1785,-8.1525,0.0000,0.0000,0.000,0.000,0.0047,64.3,8.51,21,THU,NO_TX,360,,1,kieu=dung_yen;lan=1,1
28.3379,1790258661.432899,0.0204,1,320.00,230.25,0.779,-5.2567,-7.5034,-5.2497,-0.2233,-7.5236,0.7512,-5.2497,-7.5231,5.3314,0.3234,0.0191,BAM,-5.2567,-8.1525,-5.1785,-8.1525,0.0000,0.0000,0.000,0.000,0.0399,62.8,9.75,21,THU,NO_TX,360,,1,kieu=dung_yen;lan=1,1
28.3580,1790258661.452991,0.0201,0,320.00,230.25,0.779,,,-5.2541,-0.2233,-7.5085,0.7512,-5.2542,-7.5082,5.3314,0.3234,0.0191,BAM,-5.2567,-8.1525,-5.1785,-8.1525,0.0000,0.0000,0.000,0.000,0.0399,62.8,9.75,21,THU,NO_TX,360,,1,kieu=dung_yen;lan=1,1
28.3788,1790258661.473714,0.0208,0,320.00,230.25,0.779,,,-5.2588,-0.2233,-7.4928,0.7512,-5.2588,-7.4926,5.3314,0.3234,0.0191,BAM,-5.2567,-8.1525,-5.1785,-8.1525,0.0000,0.0000,0.000,0.000,0.0399,62.8,9.75,21,THU,NO_TX,360,,1,kieu=dung_yen;lan=1,1
28.3988,1790258661.494775,0.0200,1,319.25,231.50,0.773,-5.2063,-7.5866,-5.2164,0.3680,-7.5666,-0.3499,-5.2163,-7.5666,5.3314,0.3234,0.0191,BAM,-5.2567,-8.1525,-5.1785,-8.1525,0.0000,0.0000,0.000,0.000,0.0448,48.8,8.53,21,THU,NO_TX,360,,1,kieu=dung_yen;lan=1,1
28.4188,1790258661.513805,0.0201,0,319.25,231.50,0.773,,,-5.2090,0.3680,-7.5736,-0.3499,-5.2090,-7.5736,5.3314,0.3234,0.0006,BAM,-5.2567,-8.1525,-5.1785,-8.1525,0.0000,0.0000,0.000,0.000,0.0448,48.8,8.53,21,THU,NO_TX,360,,1,kieu=dung_yen;lan=1,1
28.4393,1790258661.534237,0.0204,0,319.25,231.50,0.773,,,-5.2015,0.3680,-7.5808,-0.3499,-5.2015,-7.5808,5.3314,0.3234,0.0006,BAM,-5.2567,-8.1525,-5.1785,-8.1525,0.0000,0.0000,0.000,0.000,0.0448,48.8,8.53,21,THU,NO_TX,360,,1,kieu=dung_yen;lan=1,1
28.4597,1790258661.554739,0.0205,1,320.00,230.25,0.765,-5.2567,-7.5034,-5.2456,-0.2833,-7.5189,0.5064,-5.2456,-7.5187,5.3314,0.3234,0.0006,BAM,-5.2567,-8.1525,-5.1785,-8.1525,0.0000,0.0000,0.000,0.000,0.0330,64.7,9.75,21,THU,NO_TX,360,,1,kieu=dung_yen;lan=1,1
28.4799,1790258661.574914,0.0202,0,320.00,230.25,0.765,,,-5.2513,-0.2833,-7.5087,0.5064,-5.2513,-7.5086,5.3314,0.3234,0.0006,BAM,-5.2567,-8.1525,-5.1785,-8.1525,0.0000,0.0000,0.000,0.000,0.0330,64.7,9.75,21,THU,NO_TX,360,,1,kieu=dung_yen;lan=1,1
28.5000,1790258661.594817,0.0201,0,320.00,230.25,0.765,,,-5.2570,-0.2833,-7.4985,0.5064,-5.2570,-7.4984,5.3314,0.3234,0.0006,BAM,-5.2567,-8.1525,-5.1785,-8.1525,0.0000,0.0000,0.000,0.000,0.0330,64.7,9.75,21,THU,NO_TX,360,,1,kieu=dung_yen;lan=1,1
28.5204,1790258661.615352,0.0203,1,319.50,231.25,0.777,-5.2231,-7.5700,-5.2301,0.1291,-7.5549,-0.3226,-5.2301,-7.5549,5.3314,0.3234,0.0004,BAM,-5.2567,-8.1525,-5.1785,-8.1525,0.0000,0.0000,0.000,0.000,0.0246,64.6,8.76,21,THU,NO_TX,360,,1,kieu=dung_yen;lan=1,1
28.5404,1790258661.635409,0.0201,0,319.50,231.25,0.777,,,-5.2276,0.1291,-7.5613,-0.3226,-5.2275,-7.5614,5.3314,0.3234,0.0004,BAM,-5.2567,-8.1525,-5.1785,-8.1525,0.0000,0.0000,0.000,0.000,0.0246,64.6,8.76,21,THU,NO_TX,360,,1,kieu=dung_yen;lan=1,1
28.5606,1790258661.655498,0.0201,1,319.50,231.50,0.774,-5.2231,-7.5866,-5.2236,0.1485,-7.5813,-0.5120,-5.2236,-7.5815,5.3314,0.3234,0.0004,BAM,-5.2567,-8.1525,-5.1785,-8.1525,0.0000,0.0000,0.000,0.000,0.0016,48.2,8.51,21,THU,NO_TX,360,,1,kieu=dung_yen;lan=1,1
28.5811,1790258661.676075,0.0205,0,319.50,231.50,0.774,,,-5.2205,0.1485,-7.5919,-0.5120,-5.2205,-7.5919,5.3314,0.3234,0.0004,BAM,-5.2567,-8.1525,-5.1785,-8.1525,0.0000,0.0000,0.000,0.000,0.0016,48.2,8.51,21,THU,NO_TX,360,,1,kieu=dung_yen;lan=1,1
28.6012,1790258661.696195,0.0201,0,319.50,231.50,0.774,,,-5.2176,0.1485,-7.6022,-0.5120,-5.2176,-7.6022,5.3314,0.3234,0.0004,BAM,-5.2567,-8.1525,-5.1785,-8.1525,0.0000,0.0000,0.000,0.000,0.0016,48.2,8.51,21,THU,NO_TX,360,,1,kieu=dung_yen;lan=1,1
28.6215,1790258661.716457,0.0203,1,318.75,231.50,0.765,-5.1727,-7.5866,-5.1802,0.5915,-7.5914,-0.2438,-5.1800,-7.5914,5.3314,0.3234,0.0004,BAM,-5.2567,-8.1525,-5.1785,-8.1525,0.0000,0.0000,0.000,0.000,0.0075,63.4,8.59,21,THU,NO_TX,360,,1,kieu=dung_yen;lan=1,1
28.6418,1790258661.736812,0.0204,0,318.75,231.50,0.765,,,-5.1682,0.5915,-7.5964,-0.2438,-5.1680,-7.5964,5.3314,0.3234,0.0002,BAM,-5.2567,-8.1525,-5.1785,-8.1525,0.0000,0.0000,0.000,0.000,0.0075,63.4,8.59,21,THU,NO_TX,360,,1,kieu=dung_yen;lan=1,1
28.6619,1790258661.756865,0.0200,0,318.75,231.50,0.765,,,-5.1563,0.5915,-7.6013,-0.2438,-5.1562,-7.6013,5.3314,0.3234,0.0002,BAM,-5.2567,-8.1525,-5.1785,-8.1525,0.0000,0.0000,0.000,0.000,0.0075,63.4,8.59,21,THU,NO_TX,360,,1,kieu=dung_yen;lan=1,1
28.6821,1790258661.777013,0.0202,0,318.75,231.50,0.765,,,-5.1443,0.5915,-7.6062,-0.2438,-5.1442,-7.6062,5.3314,0.3234,0.0002,BAM,-5.2567,-8.1525,-5.1785,-8.1525,0.0000,0.0000,0.000,0.000,0.0075,63.4,8.59,21,THU,NO_TX,360,,1,kieu=dung_yen;lan=1,1
28.7026,1790258661.797607,0.0205,1,319.25,231.50,0.780,-5.2063,-7.5866,-5.1976,-0.1292,-7.5896,-0.0092,-5.1976,-7.5896,5.3314,0.3234,0.0002,BAM,-5.2567,-8.1525,-5.1785,-8.1525,0.0000,0.0000,0.000,0.000,0.0125,63.9,8.53,21,THU,NO_TX,360,,1,kieu=dung_yen;lan=1,1
28.7227,1790258661.817723,0.0201,0,319.25,231.50,0.780,,,-5.2002,-0.1292,-7.5898,-0.0092,-5.2002,-7.5898,5.3314,0.3234,0.0002,BAM,-5.2567,-8.1525,-5.1785,-8.1525,0.0000,0.0000,0.000,0.000,0.0125,63.9,8.53,21,THU,NO_TX,360,,1,kieu=dung_yen;lan=1,1
28.7428,1790258661.837757,0.0200,1,321.00,231.00,0.789,-5.3238,-7.5533,-5.2908,-1.3664,-7.5635,0.3538,-5.2933,-7.5635,5.3314,0.3234,0.0001,BAM,-5.2567,-8.1525,-5.1785,-8.1525,0.0000,0.0000,0.000,0.000,0.0755,48.3,9.06,21,THU,NO_TX,360,,1,kieu=dung_yen;lan=1,1
28.7629,1790258661.857826,0.0201,0,321.00,231.00,0.789,,,-5.3183,-1.3664,-7.5564,0.3538,-5.3201,-7.5564,5.3314,0.3234,0.0001,BAM,-5.2567,-8.1525,-5.1785,-8.1525,0.0000,0.0000,0.000,0.000,0.0755,48.3,9.06,21,THU,NO_TX,360,,1,kieu=dung_yen;lan=1,1
28.7830,1790258661.877952,0.0201,0,321.00,231.00,0.789,,,-5.3458,-1.3664,-7.5493,0.3538,-5.3472,-7.5493,5.3314,0.3234,0.0001,BAM,-5.2567,-8.1525,-5.1785,-8.1525,0.0000,0.0000,0.000,0.000,0.0755,48.3,9.06,21,THU,NO_TX,360,,1,kieu=dung_yen;lan=1,1
28.8032,1790258661.898226,0.0202,1,320.25,230.50,0.777,-5.2735,-7.5200,-5.2914,-0.2997,-7.5242,0.5842,-5.2914,-7.5240,5.3314,0.3234,0.0001,BAM,-5.2567,-8.1525,-5.1785,-8.1525,0.0000,0.0000,0.000,0.000,0.0327,61.7,9.50,21,THU,NO_TX,360,,1,kieu=dung_yen;lan=1,1
28.8235,1790258661.918429,0.0203,0,320.25,230.50,0.777,,,-5.2975,-0.2997,-7.5123,0.5842,-5.2975,-7.5122,5.3314,0.3234,0.0001,BAM,-5.2567,-8.1525,-5.1785,-8.1525,0.0000,0.0000,0.000,0.000,0.0327,61.7,9.50,21,THU,NO_TX,360,,1,kieu=dung_yen;lan=1,1
28.8435,1790258661.938486,0.0200,0,320.25,230.50,0.777,,,-5.3035,-0.2997,-7.5006,0.5842,-5.3035,-7.5005,5.3314,0.3234,0.0001,BAM,-5.2567,-8.1525,-5.1785,-8.1525,0.0000,0.0000,0.000,0.000,0.0327,61.7,9.50,21,THU,NO_TX,360,,1,kieu=dung_yen;lan=1,1
28.8638,1790258661.958826,0.0203,1,319.50,230.75,0.771,-5.2231,-7.5367,-5.2384,0.5965,-7.5278,0.0999,-5.2382,-7.5278,5.3314,0.3234,0.0001,BAM,-5.2567,-8.1525,-5.1785,-8.1525,0.0000,0.0000,0.000,0.000,0.0299,66.1,9.26,21,THU,NO_TX,360,,1,kieu=dung_yen;lan=1,1
28.8841,1790258661.979077,0.0203,0,319.50,230.75,0.771,,,-5.2264,0.5965,-7.5258,0.0999,-5.2262,-7.5258,5.3314,0.3234,0.0001,BAM,-5.2567,-8.1525,-5.1785,-8.1525,0.0000,0.0000,0.000,0.000,0.0299,66.1,9.26,21,THU,NO_TX,360,,1,kieu=dung_yen;lan=1,1
28.9045,1790258661.999529,0.0204,0,319.50,230.75,0.771,,,-5.2142,0.5965,-7.5238,0.0999,-5.2140,-7.5238,5.3314,0.3234,0.0001,BAM,-5.2567,-8.1525,-5.1785,-8.1525,0.0000,0.0000,0.000,0.000,0.0299,66.1,9.26,21,THU,NO_TX,360,,1,kieu=dung_yen;lan=1,1
28.9255,1790258662.020461,0.0209,1,320.25,230.75,0.792,-5.2735,-7.5367,-5.2609,-0.1472,-7.5340,-0.0515,-5.2609,-7.5340,5.3314,0.3234,0.0001,BAM,-5.2567,-8.1525,-5.1785,-8.1525,0.0000,0.0000,0.000,0.000,0.0163,48.2,9.25,21,THU,NO_TX,360,,1,kieu=dung_yen;lan=1,1
28.9455,1790258662.040502,0.0200,0,320.25,230.75,0.792,,,-5.2639,-0.1472,-7.5350,-0.0515,-5.2639,-7.5350,5.3314,0.3234,0.0001,BAM,-5.2567,-8.1525,-5.1785,-8.1525,0.0000,0.0000,0.000,0.000,0.0163,48.2,9.25,21,THU,NO_TX,360,,1,kieu=dung_yen;lan=1,1
28.9658,1790258662.060794,0.0203,0,320.25,230.75,0.792,,,-5.2669,-0.1472,-7.5360,-0.0515,-5.2669,-7.5360,5.3314,0.3234,0.0000,BAM,-5.2567,-8.1525,-5.1785,-8.1525,0.0000,0.0000,0.000,0.000,0.0163,48.2,9.25,21,THU,NO_TX,360,,1,kieu=dung_yen;lan=1,1
28.9864,1790258662.081389,0.0206,1,319.50,231.25,0.771,-5.2231,-7.5700,-5.2314,0.3388,-7.5639,-0.3843,-5.2313,-7.5640,5.3314,0.3234,0.0000,BAM,-5.2567,-8.1525,-5.1785,-8.1525,0.0000,0.0000,0.000,0.000,0.0099,63.0,8.76,21,THU,NO_TX,360,,1,kieu=dung_yen;lan=1,1
29.0066,1790258662.101627,0.0202,0,319.50,231.25,0.771,,,-5.2245,0.3388,-7.5717,-0.3843,-5.2245,-7.5717,5.3314,0.3234,0.0000,BAM,-5.2567,-8.1525,-5.1785,-8.1525,0.0000,0.0000,0.000,0.000,0.0099,63.0,8.76,21,THU,NO_TX,360,,1,kieu=dung_yen;lan=1,1
29.0268,1790258662.121739,0.0201,0,319.50,231.25,0.771,,,-5.2177,0.3388,-7.5794,-0.3843,-5.2177,-7.5795,5.3314,0.3234,0.0000,BAM,-5.2567,-8.1525,-5.1785,-8.1525,0.0000,0.0000,0.000,0.000,0.0099,63.0,8.76,21,THU,NO_TX,360,,1,kieu=dung_yen;lan=1,1
29.0473,1790258662.142242,0.0205,1,321.25,230.50,0.779,-5.3406,-7.5200,-5.3176,-1.0107,-7.5324,0.2979,-5.3187,-7.5323,5.3314,0.3234,0.0000,BAM,-5.2567,-8.1525,-5.1785,-8.1525,0.0000,0.0000,0.000,0.000,0.0652,62.3,9.58,21,THU,NO_TX,360,,1,kieu=dung_yen;lan=1,1
29.0674,1790258662.162347,0.0201,0,321.25,230.50,0.779,,,-5.3379,-1.0107,-7.5264,0.2979,-5.3387,-7.5264,5.3314,0.3234,0.0000,BAM,-5.2567,-8.1525,-5.1785,-8.1525,0.0000,0.0000,0.000,0.000,0.0652,62.3,9.58,21,THU,NO_TX,360,,1,kieu=dung_yen;lan=1,1
29.0876,1790258662.182591,0.0202,1,319.25,231.50,0.771,-5.2063,-7.5866,-5.2477,0.5727,-7.5681,-0.3709,-5.2475,-7.5682,5.3314,0.3234,0.0000,BAM,-5.2567,-8.1525,-5.1785,-8.1525,0.0000,0.0000,0.000,0.000,0.1291,49.2,8.53,21,THU,NO_TX,360,,1,kieu=dung_yen;lan=1,1
29.1077,1790258662.202749,0.0201,0,319.25,231.50,0.771,,,-5.2361,0.5727,-7.5756,-0.3709,-5.2360,-7.5756,5.3314,0.3234,0.0000,BAM,-5.2567,-8.1525,-5.1785,-8.1525,0.0000,0.0000,0.000,0.000,0.1291,49.2,8.53,21,THU,NO_TX,360,,1,kieu=dung_yen;lan=1,1
29.1279,1790258662.222848,0.0202,0,319.25,231.50,0.771,,,-5.2246,0.5727,-7.5831,-0.3709,-5.2245,-7.5831,5.3314,0.3234,0.0000,BAM,-5.2567,-8.1525,-5.1785,-8.1525,0.0000,0.0000,0.000,0.000,0.1291,49.2,8.53,21,THU,NO_TX,360,,1,kieu=dung_yen;lan=1,1
29.1485,1790258662.243429,0.0206,1,319.75,231.50,0.756,-5.2399,-7.5866,-5.2350,0.2861,-7.5874,-0.3286,-5.2350,-7.5874,5.3314,0.3234,0.0000,BAM,-5.2567,-8.1525,-5.1785,-8.1525,0.0000,0.0000,0.000,0.000,0.0023,62.7,8.50,21,THU,NO_TX,360,,1,kieu=dung_yen;lan=1,1
29.1685,1790258662.263502,0.0200,0,319.75,231.50,0.756,,,-5.2293,0.2861,-7.5939,-0.3286,-5.2293,-7.5940,5.3314,0.3234,0.0000,BAM,-5.2567,-8.1525,-5.1785,-8.1525,0.0000,0.0000,0.000,0.000,0.0023,62.7,8.50,21,THU,NO_TX,360,,1,kieu=dung_yen;lan=1,1
29.1885,1790258662.283513,0.0200,0,319.75,231.50,0.756,,,-5.2236,0.2861,-7.6005,-0.3286,-5.2236,-7.6005,5.3314,0.3234,0.0000,BAM,-5.2567,-8.1525,-5.1785,-8.1525,0.0000,0.0000,0.000,0.000,0.0023,62.7,8.50,21,THU,NO_TX,360,,1,kieu=dung_yen;lan=1,1
29.2090,1790258662.303994,0.0205,1,320.75,230.50,0.788,-5.3070,-7.5200,-5.2911,-0.6384,-7.5362,0.5521,-5.2913,-7.5360,5.3314,0.3234,0.0000,BAM,-5.2567,-8.1525,-5.1785,-8.1525,0.0000,0.0000,0.000,0.000,0.0473,48.0,9.53,21,THU,NO_TX,360,,1,kieu=dung_yen;lan=1,1
29.2296,1790258662.324550,0.0206,0,320.75,230.50,0.788,,,-5.3042,-0.6384,-7.5248,0.5521,-5.3044,-7.5247,5.3314,0.3234,0.0000,BAM,-5.2567,-8.1525,-5.1785,-8.1525,0.0000,0.0000,0.000,0.000,0.0473,48.0,9.53,21,THU,NO_TX,360,,1,kieu=dung_yen;lan=1,1
29.2498,1790258662.344804,0.0203,0,320.75,230.50,0.788,,,-5.3171,-0.6384,-7.5137,0.5521,-5.3173,-7.5136,5.3314,0.3234,0.0000,BAM,-5.2567,-8.1525,-5.1785,-8.1525,0.0000,0.0000,0.000,0.000,0.0473,48.0,9.53,21,THU,NO_TX,360,,1,kieu=dung_yen;lan=1,1
29.2701,1790258662.365065,0.0203,1,320.00,231.50,0.776,-5.2567,-7.5866,-5.2696,0.1233,-7.5712,-0.2994,-5.2696,-7.5712,5.3314,0.3234,0.0000,BAM,-5.2567,-8.1525,-5.1785,-8.1525,0.0000,0.0000,0.000,0.000,0.0373,66.1,8.50,21,THU,NO_TX,360,,1,kieu=dung_yen;lan=1,1
29.2902,1790258662.385111,0.0201,0,320.00,231.50,0.776,,,-5.2672,0.1233,-7.5772,-0.2994,-5.2671,-7.5772,5.3314,0.3234,0.0000,BAM,-5.2567,-8.1525,-5.1785,-8.1525,0.0000,0.0000,0.000,0.000,0.0373,66.1,8.50,21,THU,NO_TX,360,,1,kieu=dung_yen;lan=1,1
29.3107,1790258662.405691,0.0205,0,320.00,231.50,0.776,,,-5.2646,0.1233,-7.5833,-0.2994,-5.2646,-7.5833,5.3314,0.3234,0.0000,BAM,-5.2567,-8.1525,-5.1785,-8.1525,0.0000,0.0000,0.000,0.000,0.0373,66.1,8.50,21,THU,NO_TX,360,,1,kieu=dung_yen;lan=1,1
29.3319,1790258662.427159,0.0212,1,313.25,229.25,0.761,-4.8035,-7.4366,-4.8831,4.8770,-7.4642,1.2490,-4.7847,-7.4623,5.3314,0.3234,0.0000,BAM,-5.2567,-8.1525,-5.1785,-8.1525,0.0000,0.0000,0.000,0.000,0.7026,63.1,12.69,21,THU,NO_TX,360,,1,kieu=dung_yen;lan=1,1
29.3519,1790258662.446864,0.0200,0,313.25,229.25,0.761,,,-4.7855,4.8770,-7.4392,1.2490,-4.7120,-7.4378,5.3314,0.3234,0.0000,BAM,-5.2567,-8.1525,-5.1785,-8.1525,0.0000,0.0000,0.000,0.000,0.7026,63.1,12.69,21,THU,NO_TX,360,,1,kieu=dung_yen;lan=1,1
29.3720,1790258662.467031,0.0202,1,319.00,231.50,0.780,-5.1895,-7.5866,-5.0525,-0.3461,-7.5383,-0.4912,-5.0525,-7.5384,5.3314,0.3234,0.0000,BAM,-5.2567,-8.1525,-5.1785,-8.1525,0.0000,0.0000,0.000,0.000,1.3313,47.1,8.56,21,THU,NO_TX,360,,1,kieu=dung_yen;lan=1,1
29.3921,1790258662.487070,0.0200,0,319.00,231.50,0.780,,,-5.0594,-0.3461,-7.5482,-0.4912,-5.0594,-7.5482,5.3314,0.3234,0.0000,BAM,-5.2567,-8.1525,-5.1785,-8.1525,0.0000,0.0000,0.000,0.000,1.3313,47.1,8.56,21,THU,NO_TX,360,,1,kieu=dung_yen;lan=1,1
29.4124,1790258662.507356,0.0203,0,319.00,231.50,0.780,,,-5.0664,-0.3461,-7.5581,-0.4912,-5.0664,-7.5582,5.3314,0.3234,0.0000,BAM,-5.2567,-8.1525,-5.1785,-8.1525,0.0000,0.0000,0.000,0.000,1.3313,47.1,8.56,21,THU,NO_TX,360,,1,kieu=dung_yen;lan=1,1
29.4326,1790258662.527591,0.0202,0,319.00,231.50,0.780,,,-5.0734,-0.3461,-7.5681,-0.4912,-5.0734,-7.5681,5.3314,0.3234,0.0000,BAM,-5.2567,-8.1525,-5.1785,-8.1525,0.0000,0.0000,0.000,0.000,1.3313,47.1,8.56,21,THU,NO_TX,360,,1,kieu=dung_yen;lan=1,1
29.4528,1790258662.547780,0.0202,1,319.50,230.25,0.777,-5.2231,-7.5034,-5.2061,-1.7582,-7.5127,0.2331,-5.2116,-7.5127,5.3314,0.3234,0.0000,BAM,-5.2567,-8.1525,-5.1785,-8.1525,0.0000,0.0000,0.000,0.000,0.0533,63.3,9.76,21,THU,NO_TX,360,,1,kieu=dung_yen;lan=1,1
29.4728,1790258662.567823,0.0200,0,319.50,230.25,0.777,,,-5.2413,-1.7582,-7.5080,0.2331,-5.2453,-7.5080,5.3314,0.3234,0.0000,BAM,-5.2567,-8.1525,-5.1785,-8.1525,0.0000,0.0000,0.000,0.000,0.0533,63.3,9.76,21,THU,NO_TX,360,,1,kieu=dung_yen;lan=1,1
29.4933,1790258662.588255,0.0205,0,319.50,230.25,0.777,,,-5.2773,-1.7582,-7.5033,0.2331,-5.2803,-7.5033,5.3314,0.3234,0.0000,BAM,-5.2567,-8.1525,-5.1785,-8.1525,0.0000,0.0000,0.000,0.000,0.0533,63.3,9.76,21,THU,NO_TX,360,,1,kieu=dung_yen;lan=1,1
29.5134,1790258662.608400,0.0201,1,319.00,231.50,0.780,-5.1895,-7.5866,-5.2115,-0.4914,-7.5703,-0.6485,-5.2116,-7.5706,5.3314,0.3234,0.0000,BAM,-5.2567,-8.1525,-5.1785,-8.1525,0.0000,0.0000,0.000,0.000,0.0700,64.7,8.56,21,THU,NO_TX,360,,1,kieu=dung_yen;lan=1,1
29.5335,1790258662.628472,0.0201,0,319.00,231.50,0.780,,,-5.2214,-0.4914,-7.5833,-0.6485,-5.2215,-7.5835,5.3314,0.3234,0.0000,BAM,-5.2567,-8.1525,-5.1785,-8.1525,0.0000,0.0000,0.000,0.000,0.0700,64.7,8.56,21,THU,NO_TX,360,,1,kieu=dung_yen;lan=1,1
29.5536,1790258662.648566,0.0201,1,319.25,231.50,0.779,-5.2063,-7.5866,-5.2131,-0.2303,-7.5893,-0.5495,-5.2131,-7.5895,5.3314,0.3234,0.0000,BAM,-5.2567,-8.1525,-5.1785,-8.1525,0.0000,0.0000,0.000,0.000,0.0034,46.8,8.53,21,THU,NO_TX,360,,1,kieu=dung_yen;lan=1,1
29.5737,1790258662.668628,0.0201,0,319.25,231.50,0.779,,,-5.2177,-0.2303,-7.6004,-0.5495,-5.2177,-7.6005,5.3314,0.3234,0.0000,BAM,-5.2567,-8.1525,-5.1785,-8.1525,0.0000,0.0000,0.000,0.000,0.0034,46.8,8.53,21,THU,NO_TX,360,,1,kieu=dung_yen;lan=1,1
29.5939,1790258662.688824,0.0202,0,319.25,231.50,0.779,,,-5.2224,-0.2303,-7.6115,-0.5495,-5.2224,-7.6116,5.3314,0.3234,0.0000,BAM,-5.2567,-8.1525,-5.1785,-8.1525,0.0000,0.0000,0.000,0.000,0.0034,46.8,8.53,21,THU,NO_TX,360,,1,kieu=dung_yen;lan=1,1
29.6140,1790258662.708929,0.0201,1,319.50,231.50,0.771,-5.2231,-7.5866,-5.2238,-0.1887,-7.5933,-0.1773,-5.2238,-7.5933,5.3314,0.3234,0.0000,BAM,-5.2567,-8.1525,-5.1785,-8.1525,0.0000,0.0000,0.000,0.000,0.0039,64.5,8.51,21,THU,NO_TX,360,,1,kieu=dung_yen;lan=1,1
29.6341,1790258662.729009,0.0201,0,319.50,231.50,0.771,,,-5.2276,-0.1887,-7.5969,-0.1773,-5.2276,-7.5969,5.3314,0.3234,0.0000,BAM,-5.2567,-8.1525,-5.1785,-8.1525,0.0000,0.0000,0.000,0.000,0.0039,64.5,8.51,21,THU,NO_TX,360,,1,kieu=dung_yen;lan=1,1
29.6541,1790258662.749065,0.0200,0,319.50,231.50,0.771,,,-5.2314,-0.1887,-7.6004,-0.1773,-5.2314,-7.6004,5.3314,0.3234,0.0000,BAM,-5.2567,-8.1525,-5.1785,-8.1525,0.0000,0.0000,0.000,0.000,0.0039,64.5,8.51,21,THU,NO_TX,360,,1,kieu=dung_yen;lan=1,1
29.6743,1790258662.769172,0.0202,0,319.50,231.50,0.771,,,-5.2352,-0.1887,-7.6040,-0.1773,-5.2352,-7.6040,5.3314,0.3234,0.0000,BAM,-5.2567,-8.1525,-5.1785,-8.1525,0.0000,0.0000,0.000,0.000,0.0039,64.5,8.51,21,THU,NO_TX,360,,1,kieu=dung_yen;lan=1,1
29.6943,1790258662.789262,0.0201,1,319.50,231.25,0.780,-5.2231,-7.5700,-5.2250,-0.0339,-7.5747,0.1824,-5.2250,-7.5747,5.3314,0.3234,0.0000,BAM,-5.2567,-8.1525,-5.1785,-8.1525,0.0000,0.0000,0.000,0.000,0.0034,64.6,8.76,21,THU,NO_TX,360,,1,kieu=dung_yen;lan=1,1
29.7144,1790258662.809376,0.0201,0,319.50,231.25,0.780,,,-5.2257,-0.0339,-7.5710,0.1824,-5.2257,-7.5710,5.3314,0.3234,0.0000,BAM,-5.2567,-8.1525,-5.1785,-8.1525,0.0000,0.0000,0.000,0.000,0.0034,64.6,8.76,21,THU,NO_TX,360,,1,kieu=dung_yen;lan=1,1
29.7345,1790258662.829406,0.0200,1,321.00,230.25,0.788,-5.3238,-7.5034,-5.2972,-1.0300,-7.5212,0.8153,-5.2983,-7.5207,5.3314,0.3234,0.0000,BAM,-5.2567,-8.1525,-5.1785,-8.1525,0.0000,0.0000,0.000,0.000,0.0633,48.4,9.80,21,THU,NO_TX,360,,1,kieu=dung_yen;lan=1,1
29.7552,1790258662.850182,0.0207,0,321.00,230.25,0.788,,,-5.3186,-1.0300,-7.5043,0.8153,-5.3193,-7.5040,5.3314,0.3234,0.0000,BAM,-5.2567,-8.1525,-5.1785,-8.1525,0.0000,0.0000,0.000,0.000,0.0633,48.4,9.80,21,THU,NO_TX,360,,1,kieu=dung_yen;lan=1,1
29.7753,1790258662.870234,0.0201,0,321.00,230.25,0.788,,,-5.3393,-1.0300,-7.4880,0.8153,-5.3399,-7.4877,5.3314,0.3234,0.0000,BAM,-5.2567,-8.1525,-5.1785,-8.1525,0.0000,0.0000,0.000,0.000,0.0633,48.4,9.80,21,THU,NO_TX,360,,1,kieu=dung_yen;lan=1,1
29.7954,1790258662.890431,0.0202,1,319.00,231.50,0.774,-5.1895,-7.5866,-5.2198,0.7864,-7.5653,-0.3812,-5.2193,-7.5653,5.3314,0.3234,0.0000,BAM,-5.2567,-8.1525,-5.1785,-8.1525,0.0000,0.0000,0.000,0.000,0.1291,64.0,8.56,21,THU,NO_TX,360,,1,kieu=dung_yen;lan=1,1
29.8156,1790258662.910519,0.0201,0,319.00,231.50,0.774,,,-5.2040,0.7864,-7.5730,-0.3812,-5.2036,-7.5730,5.3314,0.3234,0.0000,BAM,-5.2567,-8.1525,-5.1785,-8.1525,0.0000,0.0000,0.000,0.000,0.1291,64.0,8.56,21,THU,NO_TX,360,,1,kieu=dung_yen;lan=1,1
29.8356,1790258662.930598,0.0200,0,319.00,231.50,0.774,,,-5.1882,0.7864,-7.5806,-0.3812,-5.1880,-7.5806,5.3314,0.3234,0.0000,BAM,-5.2567,-8.1525,-5.1785,-8.1525,0.0000,0.0000,0.000,0.000,0.1291,64.0,8.56,21,THU,NO_TX,360,,1,kieu=dung_yen;lan=1,1
29.8558,1790258662.950778,0.0202,0,319.00,231.50,0.774,,,-5.1724,0.7864,-7.5883,-0.3812,-5.1721,-7.5883,5.3314,0.3234,0.0000,BAM,-5.2567,-8.1525,-5.1785,-8.1525,0.0000,0.0000,0.000,0.000,0.1291,64.0,8.56,21,THU,NO_TX,360,,1,kieu=dung_yen;lan=1,1
29.8759,1790258662.970855,0.0201,1,318.00,231.25,0.772,-5.1223,-7.5699,-5.1264,1.1203,-7.5732,-0.1325,-5.1250,-7.5732,5.3314,0.3234,0.0000,BAM,-5.2567,-8.1525,-5.1785,-8.1525,0.0000,0.0000,0.000,0.000,0.0038,68.1,8.98,21,THU,NO_TX,360,,1,kieu=dung_yen;lan=1,1
29.8959,1790258662.990888,0.0200,0,318.00,231.25,0.772,,,-5.1040,1.1203,-7.5758,-0.1325,-5.1030,-7.5758,5.3314,0.3234,0.0000,BAM,-5.2567,-8.1525,-5.1785,-8.1525,0.0000,0.0000,0.000,0.000,0.0038,68.1,8.98,21,THU,NO_TX,360,,1,kieu=dung_yen;lan=1,1
29.9165,1790258663.011513,0.0206,1,319.50,231.75,0.779,-5.2231,-7.6032,-5.1847,-0.3357,-7.5964,-0.3771,-5.1848,-7.5965,5.3314,0.3234,0.0000,BAM,-5.2567,-8.1525,-5.1785,-8.1525,0.0000,0.0000,0.000,0.000,0.0976,43.4,8.27,21,THU,NO_TX,360,,1,kieu=dung_yen;lan=1,1
29.9366,1790258663.031511,0.0201,0,319.50,231.75,0.779,,,-5.1915,-0.3357,-7.6040,-0.3771,-5.1915,-7.6040,5.3314,0.3234,0.0000,BAM,-5.2567,-8.1525,-5.1785,-8.1525,0.0000,0.0000,0.000,0.000,0.0976,43.4,8.27,21,THU,NO_TX,360,,1,kieu=dung_yen;lan=1,1
29.9571,1790258663.052104,0.0205,0,319.50,231.75,0.779,,,-5.1984,-0.3357,-7.6117,-0.3771,-5.1984,-7.6118,5.3314,0.3234,0.0000,BAM,-5.2567,-8.1525,-5.1785,-8.1525,0.0000,0.0000,0.000,0.000,0.0976,43.4,8.27,21,THU,NO_TX,360,,1,kieu=dung_yen;lan=1,1
29.9772,1790258663.072213,0.0201,1,320.50,230.75,0.780,-5.2902,-7.5367,-5.2750,-1.2424,-7.5520,0.4822,-5.2770,-7.5519,5.3314,0.3234,0.0000,BAM,-5.2567,-8.1525,-5.1785,-8.1525,0.0000,0.0000,0.000,0.000,0.0428,62.2,9.26,21,THU,NO_TX,360,,1,kieu=dung_yen;lan=1,1
29.9973,1790258663.092250,0.0201,0,320.50,230.75,0.780,,,-5.3000,-1.2424,-7.5424,0.4822,-5.3014,-7.5423,5.3314,0.3234,0.0000,BAM,-5.2567,-8.1525,-5.1785,-8.1525,0.0000,0.0000,0.000,0.000,0.0428,62.2,9.26,21,THU,NO_TX,360,,1,kieu=dung_yen;lan=1,1
30.0174,1790258663.112423,0.0201,1,319.25,231.25,0.765,-5.2063,-7.5700,-5.2386,-0.0098,-7.5596,0.1063,-5.2386,-7.5596,5.3314,0.3234,0.0000,BAM,-5.2567,-8.1525,-5.1785,-8.1525,0.0000,0.0000,0.000,0.000,0.0729,49.1,8.78,21,THU,NO_TX,360,,1,kieu=dung_yen;lan=1,1
30.0375,1790258663.132506,0.0201,0,319.25,231.25,0.765,,,-5.2388,-0.0098,-7.5574,0.1063,-5.2388,-7.5574,5.3314,0.3234,0.0000,BAM,-5.2567,-8.1525,-5.1785,-8.1525,0.0000,0.0000,0.000,0.000,0.0729,49.1,8.78,21,THU,NO_TX,360,,1,kieu=dung_yen;lan=1,1
30.0576,1790258663.152552,0.0201,0,319.25,231.25,0.765,,,-5.2390,-0.0098,-7.5553,0.1063,-5.2390,-7.5553,5.3314,0.3234,0.0000,BAM,-5.2567,-8.1525,-5.1785,-8.1525,0.0000,0.0000,0.000,0.000,0.0729,49.1,8.78,21,THU,NO_TX,360,,1,kieu=dung_yen;lan=1,1
30.0782,1790258663.173174,0.0206,1,320.25,230.50,0.782,-5.2735,-7.5200,-5.2673,-0.3721,-7.5262,0.4475,-5.2673,-7.5261,5.3314,0.3234,0.0000,BAM,-5.2567,-8.1525,-5.1785,-8.1525,0.0000,0.0000,0.000,0.000,0.0070,63.0,9.50,21,THU,NO_TX,360,,1,kieu=dung_yen;lan=1,1
30.0983,1790258663.193249,0.0201,0,320.25,230.50,0.782,,,-5.2747,-0.3721,-7.5172,0.4475,-5.2748,-7.5172,5.3314,0.3234,0.0000,BAM,-5.2567,-8.1525,-5.1785,-8.1525,0.0000,0.0000,0.000,0.000,0.0070,63.0,9.50,21,THU,NO_TX,360,,1,kieu=dung_yen;lan=1,1
30.1183,1790258663.213296,0.0200,0,320.25,230.50,0.782,,,-5.2822,-0.3721,-7.5083,0.4475,-5.2822,-7.5082,5.3314,0.3234,0.0000,BAM,-5.2567,-8.1525,-5.1785,-8.1525,0.0000,0.0000,0.000,0.000,0.0070,63.0,9.50,21,THU,NO_TX,360,,1,kieu=dung_yen;lan=1,1
30.1385,1790258663.233515,0.0202,0,320.25,230.50,0.782,,,-5.2897,-0.3721,-7.4992,0.4475,-5.2898,-7.4992,5.3314,0.3234,0.0000,BAM,-5.2567,-8.1525,-5.1785,-8.1525,0.0000,0.0000,0.000,0.000,0.0070,63.0,9.50,21,THU,NO_TX,360,,1,kieu=dung_yen;lan=1,1
30.1589,1790258663.253906,0.0204,1,319.00,231.25,0.765,-5.1895,-7.5700,-5.2023,0.6783,-7.5600,-0.3151,-5.2020,-7.5600,5.3314,0.3234,0.0000,BAM,-5.2567,-8.1525,-5.1785,-8.1525,0.0000,0.0000,0.000,0.000,0.0367,65.7,8.81,21,THU,NO_TX,360,,1,kieu=dung_yen;lan=1,1
30.1790,1790258663.273952,0.0201,0,319.00,231.25,0.765,,,-5.1887,0.6783,-7.5663,-0.3151,-5.1885,-7.5664,5.3314,0.3234,0.0000,BAM,-5.2567,-8.1525,-5.1785,-8.1525,0.0000,0.0000,0.000,0.000,0.0367,65.7,8.81,21,THU,NO_TX,360,,1,kieu=dung_yen;lan=1,1
30.1991,1790258663.294068,0.0201,1,313.50,229.00,0.764,-4.8203,-7.4200,-4.9169,4.3047,-7.4626,1.1961,-4.8490,-7.4609,5.3314,0.3234,0.0000,BAM,-5.2567,-8.1525,-5.1785,-8.1525,0.0000,0.0000,0.000,0.000,0.7004,45.7,12.78,21,THU,NO_TX,360,,1,kieu=dung_yen;lan=1,1
30.2198,1790258663.314784,0.0207,0,313.50,229.00,0.764,,,-4.8278,4.3047,-7.4378,1.1961,-4.7775,-7.4366,5.3314,0.3234,0.0000,BAM,-5.2567,-8.1525,-5.1785,-8.1525,0.0000,0.0000,0.000,0.000,0.7004,45.7,12.78,21,THU,NO_TX,360,,1,kieu=dung_yen;lan=1,1
30.2399,1790258663.334903,0.0201,0,313.50,229.00,0.764,,,-4.7412,4.3047,-7.4137,1.1961,-4.7011,-7.4128,5.3314,0.3234,0.0000,BAM,-5.2567,-8.1525,-5.1785,-8.1525,0.0000,0.0000,0.000,0.000,0.7004,45.7,12.78,21,THU,NO_TX,360,,1,kieu=dung_yen;lan=1,1
30.2600,1790258663.355018,0.0201,1,319.00,231.75,0.775,-5.1895,-7.6032,-5.0943,-1.3934,-7.5637,-1.0249,-5.0971,-7.5648,5.3314,0.3234,0.0000,BAM,-5.2567,-8.1525,-5.1785,-8.1525,0.0000,0.0000,0.000,0.000,1.0208,66.0,8.31,21,THU,NO_TX,360,,1,kieu=dung_yen;lan=1,1
30.2801,1790258663.375060,0.0200,0,319.00,231.75,0.775,,,-5.1223,-1.3934,-7.5842,-1.0249,-5.1242,-7.5850,5.3314,0.3234,0.0000,BAM,-5.2567,-8.1525,-5.1785,-8.1525,0.0000,0.0000,0.000,0.000,1.0208,66.0,8.31,21,THU,NO_TX,360,,1,kieu=dung_yen;lan=1,1
30.3002,1790258663.395197,0.0201,0,319.00,231.75,0.775,,,-5.1503,-1.3934,-7.6049,-1.0249,-5.1519,-7.6055,5.3314,0.3234,0.0000,BAM,-5.2567,-8.1525,-5.1785,-8.1525,0.0000,0.0000,0.000,0.000,1.0208,66.0,8.31,21,THU,NO_TX,360,,1,kieu=dung_yen;lan=1,1
30.3203,1790258663.415334,0.0201,1,313.50,229.50,0.753,-4.8203,-7.4532,-4.8843,2.3182,-7.4852,0.7166,-4.8720,-7.4848,5.3314,0.3234,0.0000,BAM,-5.2567,-8.1525,-5.1785,-8.1525,0.0000,0.0000,0.000,0.000,0.4867,62.2,12.35,21,THU,NO_TX,360,,1,kieu=dung_yen;lan=1,1
30.3404,1790258663.435422,0.0201,0,313.50,229.50,0.753,,,-4.8377,2.3182,-7.4708,0.7166,-4.8289,-7.4705,5.3314,0.3234,0.0000,BAM,-5.2567,-8.1525,-5.1785,-8.1525,0.0000,0.0000,0.000,0.000,0.4867,62.2,12.35,21,THU,NO_TX,360,,1,kieu=dung_yen;lan=1,1
30.3612,1790258663.456107,0.0208,0,313.50,229.50,0.753,,,-4.7896,2.3182,-7.4559,0.7166,-4.7828,-7.4557,5.3314,0.3234,0.0000,BAM,-5.2567,-8.1525,-5.1785,-8.1525,0.0000,0.0000,0.000,0.000,0.4867,62.2,12.35,21,THU,NO_TX,360,,1,kieu=dung_yen;lan=1,1
30.3815,1790258663.476535,0.0204,1,313.25,229.00,0.757,-4.8035,-7.4199,-4.7928,1.6836,-7.4239,0.9326,-4.7880,-7.4230,5.3314,0.3234,0.0000,BAM,-5.2567,-8.1525,-5.1785,-8.1525,0.0000,0.0000,0.000,0.000,0.0128,47.0,12.91,21,THU,NO_TX,360,,1,kieu=dung_yen;lan=1,1
30.4017,1790258663.496695,0.0202,0,313.25,229.00,0.757,,,-4.7587,1.6836,-7.4050,0.9326,-4.7553,-7.4044,5.3314,0.3234,0.0000,BAM,-5.2567,-8.1525,-5.1785,-8.1525,0.0000,0.0000,0.000,0.000,0.0128,47.0,12.91,21,THU,NO_TX,360,,1,kieu=dung_yen;lan=1,1
30.4217,1790258663.516738,0.0200,0,313.25,229.00,0.757,,,-4.7251,1.6836,-7.3864,0.9326,-4.7224,-7.3859,5.3314,0.3234,0.0000,BAM,-5.2567,-8.1525,-5.1785,-8.1525,0.0000,0.0000,0.000,0.000,0.0128,47.0,12.91,21,THU,NO_TX,360,,1,kieu=dung_yen;lan=1,1
30.4426,1790258663.538027,0.0208,1,318.50,231.50,0.757,-5.1559,-7.5866,-5.0737,-3.1540,-7.5464,-1.2918,-5.1033,-7.5485,5.3314,0.3234,0.0000,BAM,-5.2567,-8.1525,-5.1785,-8.1525,0.0000,0.0000,0.000,0.000,0.8076,66.2,8.63,21,THU,NO_TX,360,,1,kieu=dung_yen;lan=1,1
30.4626,1790258663.557579,0.0200,0,318.50,231.50,0.757,,,-5.1369,-3.1540,-7.5722,-1.2918,-5.1584,-7.5738,5.3314,0.3234,0.0000,BAM,-5.2567,-8.1525,-5.1785,-8.1525,0.0000,0.0000,0.000,0.000,0.8076,66.2,8.63,21,THU,NO_TX,360,,1,kieu=dung_yen;lan=1,1
30.4827,1790258663.577655,0.0201,0,318.50,231.50,0.757,,,-5.2004,-3.1540,-7.5982,-1.2918,-5.2173,-7.5994,5.3314,0.3234,0.0000,BAM,-5.2567,-8.1525,-5.1785,-8.1525,0.0000,0.0000,0.000,0.000,0.8076,66.2,8.63,21,THU,NO_TX,360,,1,kieu=dung_yen;lan=1,1
30.5029,1790258663.597813,0.0202,1,319.50,231.50,0.765,-5.2231,-7.5866,-5.2304,-2.7289,-7.5936,-0.9096,-5.2500,-7.5943,5.3314,0.3234,0.0000,BAM,-5.2567,-8.1525,-5.1785,-8.1525,0.0000,0.0000,0.000,0.000,0.0094,62.5,8.51,21,THU,NO_TX,360,,1,kieu=dung_yen;lan=1,1
30.5231,1790258663.618076,0.0203,0,319.50,231.50,0.765,,,-5.2857,-2.7289,-7.6120,-0.9096,-5.2998,-7.6126,5.3314,0.3234,0.0000,BAM,-5.2567,-8.1525,-5.1785,-8.1525,0.0000,0.0000,0.000,0.000,0.0094,62.5,8.51,21,THU,NO_TX,360,,1,kieu=dung_yen;lan=1,1
30.5433,1790258663.638250,0.0202,1,313.25,229.25,0.761,-4.8035,-7.4366,-4.9493,2.8705,-7.4905,1.0493,-4.9269,-7.4894,5.3314,0.3234,0.0000,BAM,-5.2567,-8.1525,-5.1785,-8.1525,0.0000,0.0000,0.000,0.000,1.5308,48.7,12.69,21,THU,NO_TX,360,,1,kieu=dung_yen;lan=1,1
30.5634,1790258663.658393,0.0201,0,313.25,229.25,0.761,,,-4.8917,2.8705,-7.4695,1.0493,-4.8754,-7.4687,5.3314,0.3234,0.0000,BAM,-5.2567,-8.1525,-5.1785,-8.1525,0.0000,0.0000,0.000,0.000,1.5308,48.7,12.69,21,THU,NO_TX,360,,1,kieu=dung_yen;lan=1,1
30.5836,1790258663.678554,0.0202,0,313.25,229.25,0.761,,,-4.8336,2.8705,-7.4482,1.0493,-4.8209,-7.4476,5.3314,0.3234,0.0000,BAM,-5.2567,-8.1525,-5.1785,-8.1525,0.0000,0.0000,0.000,0.000,1.5308,48.7,12.69,21,THU,NO_TX,360,,1,kieu=dung_yen;lan=1,1
30.6040,1790258663.699007,0.0204,0,313.25,229.25,0.761,,,-4.7751,2.8705,-7.4268,1.0493,-4.7647,-7.4263,5.3314,0.3234,0.0000,BAM,-5.2567,-8.1525,-5.1785,-8.1525,0.0000,0.0000,0.000,0.000,1.5308,48.7,12.69,21,THU,NO_TX,360,,1,kieu=dung_yen;lan=1,1
30.6240,1790258663.719032,0.0200,1,320.00,231.25,0.762,-5.2567,-7.5700,-5.1924,-2.4620,-7.5494,-0.5437,-5.2072,-7.5496,5.3314,0.3234,0.0000,BAM,-5.2567,-8.1525,-5.1785,-8.1525,0.0000,0.0000,0.000,0.000,0.6563,65.1,8.75,21,THU,NO_TX,360,,1,kieu=dung_yen;lan=1,1
30.6441,1790258663.739080,0.0200,0,320.00,231.25,0.762,,,-5.2418,-2.4620,-7.5603,-0.5437,-5.2524,-7.5605,5.3314,0.3234,0.0000,BAM,-5.2567,-8.1525,-5.1785,-8.1525,0.0000,0.0000,0.000,0.000,0.6563,65.1,8.75,21,THU,NO_TX,360,,1,kieu=dung_yen;lan=1,1
30.6647,1790258663.759625,0.0206,0,320.00,231.25,0.762,,,-5.2925,-2.4620,-7.5715,-0.5437,-5.3007,-7.5716,5.3314,0.3234,0.0000,BAM,-5.2567,-8.1525,-5.1785,-8.1525,0.0000,0.0000,0.000,0.000,0.6563,65.1,8.75,21,THU,NO_TX,360,,1,kieu=dung_yen;lan=1,1
30.6847,1790258663.779713,0.0200,1,314.00,229.00,0.758,-4.8539,-7.4200,-4.9409,2.5561,-7.4500,1.0833,-4.9250,-7.4488,5.3314,0.3234,0.0000,BAM,-5.2567,-8.1525,-5.1785,-8.1525,0.0000,0.0000,0.000,0.000,0.8173,63.0,12.53,21,THU,NO_TX,360,,1,kieu=dung_yen;lan=1,1
30.7048,1790258663.799790,0.0201,0,314.00,229.00,0.758,,,-4.8896,2.5561,-7.4283,1.0833,-4.8780,-7.4274,5.3314,0.3234,0.0000,BAM,-5.2567,-8.1525,-5.1785,-8.1525,0.0000,0.0000,0.000,0.000,0.8173,63.0,12.53,21,THU,NO_TX,360,,1,kieu=dung_yen;lan=1,1
30.7252,1790258663.820158,0.0204,1,318.50,232.00,0.758,-5.1559,-7.6199,-5.0696,-0.7781,-7.5604,-1.0862,-5.0701,-7.5617,5.3314,0.3234,0.0000,BAM,-5.2567,-8.1525,-5.1785,-8.1525,0.0000,0.0000,0.000,0.000,0.6808,48.2,8.14,21,THU,NO_TX,360,,1,kieu=dung_yen;lan=1,1
30.7452,1790258663.840214,0.0201,0,318.50,232.00,0.758,,,-5.0852,-0.7781,-7.5822,-1.0862,-5.0856,-7.5831,5.3314,0.3234,0.0000,BAM,-5.2567,-8.1525,-5.1785,-8.1525,0.0000,0.0000,0.000,0.000,0.6808,48.2,8.14,21,THU,NO_TX,360,,1,kieu=dung_yen;lan=1,1
30.7655,1790258663.860482,0.0203,0,318.50,232.00,0.758,,,-5.1010,-0.7781,-7.6042,-1.0862,-5.1013,-7.6049,5.3314,0.3234,0.0000,BAM,-5.2567,-8.1525,-5.1785,-8.1525,0.0000,0.0000,0.000,0.000,0.6808,48.2,8.14,21,THU,NO_TX,360,,1,kieu=dung_yen;lan=1,1
30.7859,1790258663.880797,0.0204,1,321.00,230.25,0.771,-5.3238,-7.5034,-5.2868,-2.9727,-7.5263,0.1874,-5.3123,-7.5263,5.3314,0.3234,0.0000,BAM,-5.2567,-8.1525,-5.1785,-8.1525,0.0000,0.0000,0.000,0.000,0.1784,64.5,9.80,21,THU,NO_TX,360,,1,kieu=dung_yen;lan=1,1
30.8064,1790258663.901356,0.0205,0,321.00,230.25,0.771,,,-5.3477,-2.9727,-7.5224,0.1874,-5.3660,-7.5224,5.3314,0.3234,0.0000,BAM,-5.2567,-8.1525,-5.1785,-8.1525,0.0000,0.0000,0.000,0.000,0.1784,64.5,9.80,21,THU,NO_TX,360,,1,kieu=dung_yen;lan=1,1
30.8264,1790258663.921424,0.0201,0,321.00,230.25,0.771,,,-5.4074,-2.9727,-7.5187,0.1874,-5.4216,-7.5187,5.3314,0.3234,0.0000,BAM,-5.2567,-8.1525,-5.1785,-8.1525,0.0000,0.0000,0.000,0.000,0.1784,64.5,9.80,21,THU,NO_TX,360,,1,kieu=dung_yen;lan=1,1
30.8468,1790258663.942576,0.0204,1,312.50,229.00,0.753,-4.7532,-7.4199,-4.8797,4.4200,-7.4373,1.1456,-4.8037,-7.4358,5.3314,0.3234,0.0000,BAM,-5.2567,-8.1525,-5.1785,-8.1525,0.0000,0.0000,0.000,0.000,1.6003,62.9,13.31,21,THU,NO_TX,360,,1,kieu=dung_yen;lan=1,1
30.8672,1790258663.962153,0.0204,0,312.50,229.00,0.753,,,-4.7896,4.4200,-7.4140,1.1456,-4.7337,-7.4129,5.3314,0.3234,0.0000,BAM,-5.2567,-8.1525,-5.1785,-8.1525,0.0000,0.0000,0.000,0.000,1.6003,62.9,13.31,21,THU,NO_TX,360,,1,kieu=dung_yen;lan=1,1
30.8872,1790258663.982228,0.0201,0,312.50,229.00,0.753,,,-4.7009,4.4200,-7.3910,1.1456,-4.6564,-7.3902,5.3314,0.3234,0.0000,BAM,-5.2567,-8.1525,-5.1785,-8.1525,0.0000,0.0000,0.000,0.000,1.6003,62.9,13.31,21,THU,NO_TX,360,,1,kieu=dung_yen;lan=1,1
30.9073,1790258664.002285,0.0201,1,319.50,231.50,0.784,-5.2231,-7.5866,-5.1140,-1.9263,-7.5461,-1.0686,-5.1211,-7.5473,5.3314,0.3234,0.0000,BAM,-5.2567,-8.1525,-5.1785,-8.1525,0.0000,0.0000,0.000,0.000,1.3020,47.1,8.51,21,THU,NO_TX,360,,1,kieu=dung_yen;lan=1,1
30.9275,1790258664.022325,0.0201,0,319.50,231.50,0.784,,,-5.1528,-1.9263,-7.5676,-1.0686,-5.1579,-7.5685,5.3314,0.3234,0.0000,BAM,-5.2567,-8.1525,-5.1785,-8.1525,0.0000,0.0000,0.000,0.000,1.3020,47.1,8.51,21,THU,NO_TX,360,,1,kieu=dung_yen;lan=1,1
30.9477,1790258664.042639,0.0202,0,319.50,231.50,0.784,,,-5.1918,-1.9263,-7.5892,-1.0686,-5.1957,-7.5899,5.3314,0.3234,0.0000,BAM,-5.2567,-8.1525,-5.1785,-8.1525,0.0000,0.0000,0.000,0.000,1.3020,47.1,8.51,21,THU,NO_TX,360,,1,kieu=dung_yen;lan=1,1
30.9680,1790258664.062899,0.0202,1,320.25,230.75,0.771,-5.2735,-7.5367,-5.2659,-2.3705,-7.5504,-0.3163,-5.2789,-7.5504,5.3314,0.3234,0.0000,BAM,-5.2567,-8.1525,-5.1785,-8.1525,0.0000,0.0000,0.000,0.000,0.0219,65.7,9.25,21,THU,NO_TX,360,,1,kieu=dung_yen;lan=1,1
30.9880,1790258664.082986,0.0201,0,320.25,230.75,0.771,,,-5.3134,-2.3705,-7.5567,-0.3163,-5.3228,-7.5567,5.3314,0.3234,0.0000,BAM,-5.2567,-8.1525,-5.1785,-8.1525,0.0000,0.0000,0.000,0.000,0.0219,65.7,9.25,21,THU,NO_TX,360,,1,kieu=dung_yen;lan=1,1
31.0081,1790258664.103116,0.0201,1,319.50,231.75,0.767,-5.2231,-7.6032,-5.2608,-0.9343,-7.5920,-0.7219,-5.2616,-7.5924,5.3314,0.3234,0.0000,BAM,-5.2567,-8.1525,-5.1785,-8.1525,0.0000,0.0000,0.000,0.000,0.0977,47.8,8.27,21,THU,NO_TX,360,,1,kieu=dung_yen;lan=1,1
31.0282,1790258664.123193,0.0201,0,319.50,231.75,0.767,,,-5.2795,-0.9343,-7.6065,-0.7219,-5.2801,-7.6067,5.3314,0.3234,0.0000,BAM,-5.2567,-8.1525,-5.1785,-8.1525,0.0000,0.0000,0.000,0.000,0.0977,47.8,8.27,21,THU,NO_TX,360,,1,kieu=dung_yen;lan=1,1
31.0483,1790258664.143312,0.0201,0,319.50,231.75,0.767,,,-5.2983,-0.9343,-7.6210,-0.7219,-5.2988,-7.6212,5.3314,0.3234,0.0000,BAM,-5.2567,-8.1525,-5.1785,-8.1525,0.0000,0.0000,0.000,0.000,0.0977,47.8,8.27,21,THU,NO_TX,360,,1,kieu=dung_yen;lan=1,1
31.0685,1790258664.163460,0.0201,1,320.50,232.00,0.765,-5.2902,-7.6199,-5.2951,-0.6492,-7.6228,-0.5597,-5.2954,-7.6230,5.3314,0.3234,0.0000,BAM,-5.2567,-8.1525,-5.1785,-8.1525,0.0000,0.0000,0.000,0.000,0.0030,62.4,8.02,21,THU,NO_TX,360,,1,kieu=dung_yen;lan=1,1
31.0891,1790258664.184126,0.0207,0,320.50,232.00,0.765,,,-5.3085,-0.6492,-7.6344,-0.5597,-5.3087,-7.6345,5.3314,0.3234,0.0000,BAM,-5.2567,-8.1525,-5.1785,-8.1525,0.0000,0.0000,0.000,0.000,0.0030,62.4,8.02,21,THU,NO_TX,360,,1,kieu=dung_yen;lan=1,1
31.1092,1790258664.204190,0.0201,0,320.50,232.00,0.765,,,-5.3216,-0.6492,-7.6456,-0.5597,-5.3217,-7.6457,5.3314,0.3234,0.0000,BAM,-5.2567,-8.1525,-5.1785,-8.1525,0.0000,0.0000,0.000,0.000,0.0030,62.4,8.02,21,THU,NO_TX,360,,1,kieu=dung_yen;lan=1,1
31.1293,1790258664.224319,0.0201,0,320.50,232.00,0.765,,,-5.3346,-0.6492,-7.6569,-0.5597,-5.3348,-7.6570,5.3314,0.3234,0.0000,BAM,-5.2567,-8.1525,-5.1785,-8.1525,0.0000,0.0000,0.000,0.000,0.0030,62.4,8.02,21,THU,NO_TX,360,,1,kieu=dung_yen;lan=1,1
31.1497,1790258664.244627,0.0204,1,319.75,231.75,0.772,-5.2399,-7.6032,-5.2526,0.4009,-7.6113,0.0605,-5.2525,-7.6113,5.3314,0.3234,0.0000,BAM,-5.2567,-8.1525,-5.1785,-8.1525,0.0000,0.0000,0.000,0.000,0.0322,65.9,8.25,21,THU,NO_TX,360,,1,kieu=dung_yen;lan=1,1
31.1698,1790258664.264732,0.0201,0,319.75,231.75,0.772,,,-5.2445,0.4009,-7.6100,0.0605,-5.2445,-7.6100,5.3314,0.3234,0.0000,BAM,-5.2567,-8.1525,-5.1785,-8.1525,0.0000,0.0000,0.000,0.000,0.0322,65.9,8.25,21,THU,NO_TX,360,,1,kieu=dung_yen;lan=1,1
31.1900,1790258664.284996,0.0203,1,319.25,231.50,0.768,-5.2063,-7.5866,-5.2145,0.7088,-7.5928,0.2804,-5.2141,-7.5928,5.3314,0.3234,0.0000,BAM,-5.2567,-8.1525,-5.1785,-8.1525,0.0000,0.0000,0.000,0.000,0.0065,48.2,8.53,21,THU,NO_TX,360,,1,kieu=dung_yen;lan=1,1
31.2101,1790258664.305147,0.0201,0,319.25,231.50,0.768,,,-5.2002,0.7088,-7.5871,0.2804,-5.2000,-7.5871,5.3314,0.3234,0.0000,BAM,-5.2567,-8.1525,-5.1785,-8.1525,0.0000,0.0000,0.000,0.000,0.0065,48.2,8.53,21,THU,NO_TX,360,,1,kieu=dung_yen;lan=1,1
31.2304,1790258664.325392,0.0203,0,319.25,231.50,0.768,,,-5.1859,0.7088,-7.5815,0.2804,-5.1857,-7.5814,5.3314,0.3234,0.0000,BAM,-5.2567,-8.1525,-5.1785,-8.1525,0.0000,0.0000,0.000,0.000,0.0065,48.2,8.53,21,THU,NO_TX,360,,1,kieu=dung_yen;lan=1,1
31.2508,1790258664.345824,0.0204,1,320.00,230.50,0.779,-5.2567,-7.5200,-5.2415,-0.2000,-7.5304,0.8598,-5.2415,-7.5297,5.3314,0.3234,0.0000,BAM,-5.2567,-8.1525,-5.1785,-8.1525,0.0000,0.0000,0.000,0.000,0.0318,62.8,9.50,21,THU,NO_TX,360,,1,kieu=dung_yen;lan=1,1
31.2711,1790258664.366132,0.0203,0,320.00,230.50,0.779,,,-5.2455,-0.2000,-7.5129,0.8598,-5.2455,-7.5125,5.3314,0.3234,0.0000,BAM,-5.2567,-8.1525,-5.1785,-8.1525,0.0000,0.0000,0.000,0.000,0.0318,62.8,9.50,21,THU,NO_TX,360,,1,kieu=dung_yen;lan=1,1
31.2912,1790258664.386183,0.0201,0,320.00,230.50,0.779,,,-5.2495,-0.2000,-7.4957,0.8598,-5.2495,-7.4953,5.3314,0.3234,0.0000,BAM,-5.2567,-8.1525,-5.1785,-8.1525,0.0000,0.0000,0.000,0.000,0.0318,62.8,9.50,21,THU,NO_TX,360,,1,kieu=dung_yen;lan=1,1
31.3114,1790258664.406325,0.0202,1,319.75,231.50,0.769,-5.2399,-7.5866,-5.2423,-0.0582,-7.5666,-0.2348,-5.2423,-7.5666,5.3314,0.3234,0.0000,BAM,-5.2567,-8.1525,-5.1785,-8.1525,0.0000,0.0000,0.000,0.000,0.0351,63.5,8.50,21,THU,NO_TX,360,,1,kieu=dung_yen;lan=1,1
31.3318,1790258664.426803,0.0204,0,319.75,231.50,0.769,,,-5.2435,-0.0582,-7.5714,-0.2348,-5.2435,-7.5714,5.3314,0.3234,0.0000,BAM,-5.2567,-8.1525,-5.1785,-8.1525,0.0000,0.0000,0.000,0.000,0.0351,63.5,8.50,21,THU,NO_TX,360,,1,kieu=dung_yen;lan=1,1
31.3525,1790258664.447498,0.0207,0,319.75,231.50,0.769,,,-5.2447,-0.0582,-7.5763,-0.2348,-5.2447,-7.5763,5.3314,0.3234,0.0000,BAM,-5.2567,-8.1525,-5.1785,-8.1525,0.0000,0.0000,0.000,0.000,0.0351,63.5,8.50,21,THU,NO_TX,360,,1,kieu=dung_yen;lan=1,1
31.3729,1790258664.467923,0.0204,1,318.75,231.50,0.776,-5.1727,-7.5866,-5.1855,0.7003,-7.5856,-0.2904,-5.1852,-7.5856,5.3314,0.3234,0.0000,BAM,-5.2567,-8.1525,-5.1785,-8.1525,0.0000,0.0000,0.000,0.000,0.0164,48.7,8.59,21,THU,NO_TX,360,,1,kieu=dung_yen;lan=1,1
31.3930,1790258664.487974,0.0200,0,318.75,231.50,0.776,,,-5.1715,0.7003,-7.5914,-0.2904,-5.1712,-7.5914,5.3314,0.3234,0.0000,BAM,-5.2567,-8.1525,-5.1785,-8.1525,0.0000,0.0000,0.000,0.000,0.0164,48.7,8.59,21,THU,NO_TX,360,,1,kieu=dung_yen;lan=1,1
31.4130,1790258664.508278,0.0201,0,318.75,231.50,0.776,,,-5.1574,0.7003,-7.5972,-0.2904,-5.1572,-7.5972,5.3314,0.3234,0.0000,BAM,-5.2567,-8.1525,-5.1785,-8.1525,0.0000,0.0000,0.000,0.000,0.0164,48.7,8.59,21,THU,NO_TX,360,,1,kieu=dung_yen;lan=1,1
31.4335,1790258664.528909,0.0204,1,320.75,230.25,0.768,-5.3070,-7.5034,-5.2778,-1.0031,-7.5218,0.7209,-5.2788,-7.5215,5.3314,0.3234,0.0000,BAM,-5.2567,-8.1525,-5.1785,-8.1525,0.0000,0.0000,0.000,0.000,0.1127,63.6,9.78,21,THU,NO_TX,360,,1,kieu=dung_yen;lan=1,1
31.4539,1790258664.548869,0.0204,0,320.75,230.25,0.768,,,-5.2983,-1.0031,-7.5071,0.7209,-5.2990,-7.5069,5.3314,0.3234,0.0000,BAM,-5.2567,-8.1525,-5.1785,-8.1525,0.0000,0.0000,0.000,0.000,0.1127,63.6,9.78,21,THU,NO_TX,360,,1,kieu=dung_yen;lan=1,1
31.4742,1790258664.569177,0.0203,0,320.75,230.25,0.768,,,-5.3187,-1.0031,-7.4925,0.7209,-5.3192,-7.4923,5.3314,0.3234,0.0000,BAM,-5.2567,-8.1525,-5.1785,-8.1525,0.0000,0.0000,0.000,0.000,0.1127,63.6,9.78,21,THU,NO_TX,360,,1,kieu=dung_yen;lan=1,1
31.4942,1790258664.589202,0.0200,1,320.50,230.50,0.764,-5.2902,-7.5200,-5.2988,-0.4988,-7.5123,0.2952,-5.2990,-7.5123,5.3314,0.3234,0.0000,BAM,-5.2567,-8.1525,-5.1785,-8.1525,0.0000,0.0000,0.000,0.000,0.0124,64.4,9.51,21,THU,NO_TX,360,,1,kieu=dung_yen;lan=1,1
31.5143,1790258664.609254,0.0201,0,320.50,230.50,0.764,,,-5.3088,-0.4988,-7.5064,0.2952,-5.3089,-7.5064,5.3314,0.3234,0.0000,BAM,-5.2567,-8.1525,-5.1785,-8.1525,0.0000,0.0000,0.000,0.000,0.0124,64.4,9.51,21,THU,NO_TX,360,,1,kieu=dung_yen;lan=1,1
31.5343,1790258664.629340,0.0201,1,319.25,231.00,0.764,-5.2063,-7.5533,-5.2370,0.6727,-7.5385,-0.2383,-5.2367,-7.5385,5.3314,0.3234,0.0000,BAM,-5.2567,-8.1525,-5.1785,-8.1525,0.0000,0.0000,0.000,0.000,0.0727,47.7,9.03,21,THU,NO_TX,360,,1,kieu=dung_yen;lan=1,1
31.5544,1790258664.649411,0.0201,0,319.25,231.00,0.764,,,-5.2235,0.6727,-7.5433,-0.2383,-5.2233,-7.5433,5.3314,0.3234,0.0000,BAM,-5.2567,-8.1525,-5.1785,-8.1525,0.0000,0.0000,0.000,0.000,0.0727,47.7,9.03,21,THU,NO_TX,360,,1,kieu=dung_yen;lan=1,1
31.5745,1790258664.669467,0.0200,0,319.25,231.00,0.764,,,-5.2100,0.6727,-7.5481,-0.2383,-5.2099,-7.5481,5.3314,0.3234,0.0000,BAM,-5.2567,-8.1525,-5.1785,-8.1525,0.0000,0.0000,0.000,0.000,0.0727,47.7,9.03,21,THU,NO_TX,360,,1,kieu=dung_yen;lan=1,1
31.5946,1790258664.689578,0.0201,0,319.25,231.00,0.764,,,-5.1965,0.6727,-7.5529,-0.2383,-5.1964,-7.5529,5.3314,0.3234,0.0000,BAM,-5.2567,-8.1525,-5.1785,-8.1525,0.0000,0.0000,0.000,0.000,0.0727,47.7,9.03,21,THU,NO_TX,360,,1,kieu=dung_yen;lan=1,1
31.6147,1790258664.709725,0.0201,1,319.25,230.25,0.761,-5.2063,-7.5034,-5.2035,0.4414,-7.5102,0.2894,-5.2034,-7.5102,5.3314,0.3234,0.0000,BAM,-5.2567,-8.1525,-5.1785,-8.1525,0.0000,0.0000,0.000,0.000,0.0071,63.6,9.78,21,THU,NO_TX,360,,1,kieu=dung_yen;lan=1,1
31.6347,1790258664.729725,0.0200,0,319.25,230.25,0.761,,,-5.1947,0.4414,-7.5044,0.2894,-5.1946,-7.5044,5.3314,0.3234,0.0000,BAM,-5.2567,-8.1525,-5.1785,-8.1525,0.0000,0.0000,0.000,0.000,0.0071,63.6,9.78,21,THU,NO_TX,360,,1,kieu=dung_yen;lan=1,1
31.6549,1790258664.749915,0.0202,0,319.25,230.25,0.761,,,-5.1858,0.4414,-7.4986,0.2894,-5.1857,-7.4986,5.3314,0.3234,0.0000,BAM,-5.2567,-8.1525,-5.1785,-8.1525,0.0000,0.0000,0.000,0.000,0.0071,63.6,9.78,21,THU,NO_TX,360,,1,kieu=dung_yen;lan=1,1
31.6750,1790258664.770026,0.0201,1,318.50,231.50,0.767,-5.1559,-7.5866,-5.1597,0.6571,-7.5691,-0.6508,-5.1594,-7.5694,5.3314,0.3234,0.0000,BAM,-5.2567,-8.1525,-5.1785,-8.1525,0.0000,0.0000,0.000,0.000,0.0275,63.5,8.63,21,THU,NO_TX,360,,1,kieu=dung_yen;lan=1,1
31.6955,1790258664.790474,0.0205,0,318.50,231.50,0.767,,,-5.1462,0.6571,-7.5824,-0.6508,-5.1460,-7.5826,5.3314,0.3234,0.0000,BAM,-5.2567,-8.1525,-5.1785,-8.1525,0.0000,0.0000,0.000,0.000,0.0275,63.5,8.63,21,THU,NO_TX,360,,1,kieu=dung_yen;lan=1,1
31.7159,1790258664.810869,0.0204,1,319.00,232.00,0.762,-5.1895,-7.6199,-5.1743,0.0631,-7.6132,-0.8967,-5.1743,-7.6139,5.3314,0.3234,0.0000,BAM,-5.2567,-8.1525,-5.1785,-8.1525,0.0000,0.0000,0.000,0.000,0.0176,47.4,8.06,21,THU,NO_TX,360,,1,kieu=dung_yen;lan=1,1
31.7364,1790258664.831363,0.0205,0,319.00,232.00,0.762,,,-5.1730,0.0631,-7.6316,-0.8967,-5.1730,-7.6321,5.3314,0.3234,0.0000,BAM,-5.2567,-8.1525,-5.1785,-8.1525,0.0000,0.0000,0.000,0.000,0.0176,47.4,8.06,21,THU,NO_TX,360,,1,kieu=dung_yen;lan=1,1
31.7567,1790258664.851673,0.0203,0,319.00,232.00,0.762,,,-5.1717,0.0631,-7.6498,-0.8967,-5.1717,-7.6502,5.3314,0.3234,0.0000,BAM,-5.2567,-8.1525,-5.1785,-8.1525,0.0000,0.0000,0.000,0.000,0.0176,47.4,8.06,21,THU,NO_TX,360,,1,kieu=dung_yen;lan=1,1
31.7768,1790258664.871767,0.0201,1,320.00,230.25,0.760,-5.2567,-7.5034,-5.2413,-0.8504,-7.5339,0.8040,-5.2419,-7.5333,5.3314,0.3234,0.0000,BAM,-5.2567,-8.1525,-5.1785,-8.1525,0.0000,0.0000,0.000,0.000,0.1030,65.2,9.75,21,THU,NO_TX,360,,1,kieu=dung_yen;lan=1,1
31.7970,1790258664.891982,0.0202,0,320.00,230.25,0.760,,,-5.2585,-0.8504,-7.5176,0.8040,-5.2590,-7.5172,5.3314,0.3234,0.0000,BAM,-5.2567,-8.1525,-5.1785,-8.1525,0.0000,0.0000,0.000,0.000,0.1030,65.2,9.75,21,THU,NO_TX,360,,1,kieu=dung_yen;lan=1,1
31.8173,1790258664.912179,0.0203,0,320.00,230.25,0.760,,,-5.2757,-0.8504,-7.5013,0.8040,-5.2761,-7.5010,5.3314,0.3234,0.0000,BAM,-5.2567,-8.1525,-5.1785,-8.1525,0.0000,0.0000,0.000,0.000,0.1030,65.2,9.75,21,THU,NO_TX,360,,1,kieu=dung_yen;lan=1,1
31.8382,1790258664.933228,0.0210,1,313.75,228.50,0.747,-4.8371,-7.3867,-4.9170,3.8654,-7.4044,1.7891,-4.8644,-7.3988,5.3314,0.3234,0.0000,BAM,-5.2567,-8.1525,-5.1785,-8.1525,0.0000,0.0000,0.000,0.000,0.6625,47.1,13.09,21,THU,NO_TX,360,,1,kieu=dung_yen;lan=1,1
31.8583,1790258664.953321,0.0201,0,313.75,228.50,0.747,,,-4.8394,3.8654,-7.3685,1.7891,-4.8008,-7.3645,5.3314,0.3234,0.0000,BAM,-5.2567,-8.1525,-5.1785,-8.1525,0.0000,0.0000,0.000,0.000,0.6625,47.1,13.09,21,THU,NO_TX,360,,1,kieu=dung_yen;lan=1,1
31.8786,1790258664.973522,0.0202,0,313.75,228.50,0.747,,,-4.7612,3.8654,-7.3323,1.7891,-4.7308,-7.3292,5.3314,0.3234,0.0000,BAM,-5.2567,-8.1525,-5.1785,-8.1525,0.0000,0.0000,0.000,0.000,0.6625,47.1,13.09,21,THU,NO_TX,360,,1,kieu=dung_yen;lan=1,1
31.8995,1790258664.995002,0.0210,1,319.50,231.75,0.782,-5.2231,-7.6032,-5.1276,-1.7635,-7.5469,-1.3294,-5.1331,-7.5492,5.3314,0.3234,0.0000,BAM,-5.2567,-8.1525,-5.1785,-8.1525,0.0000,0.0000,0.000,0.000,1.1796,63.7,8.27,21,THU,NO_TX,360,,1,kieu=dung_yen;lan=1,1
31.9201,1790258665.015051,0.0205,0,319.50,231.75,0.782,,,-5.1638,-1.7635,-7.5742,-1.3294,-5.1677,-7.5759,5.3314,0.3234,0.0000,BAM,-5.2567,-8.1525,-5.1785,-8.1525,0.0000,0.0000,0.000,0.000,1.1796,63.7,8.27,21,THU,NO_TX,360,,1,kieu=dung_yen;lan=1,1
31.9402,1790258665.035210,0.0202,0,319.50,231.75,0.782,,,-5.1994,-1.7635,-7.6010,-1.3294,-5.2024,-7.6023,5.3314,0.3234,0.0000,BAM,-5.2567,-8.1525,-5.1785,-8.1525,0.0000,0.0000,0.000,0.000,1.1796,63.7,8.27,21,THU,NO_TX,360,,1,kieu=dung_yen;lan=1,1
31.9603,1790258665.055264,0.0200,1,320.00,231.25,0.771,-5.2567,-7.5700,-5.2528,-1.9914,-7.5806,-0.7442,-5.2606,-7.5810,5.3314,0.3234,0.0000,BAM,-5.2567,-8.1525,-5.1785,-8.1525,0.0000,0.0000,0.000,0.000,0.0113,64.7,8.75,21,THU,NO_TX,360,,1,kieu=dung_yen;lan=1,1
31.9804,1790258665.075408,0.0202,0,320.00,231.25,0.771,,,-5.2929,-1.9914,-7.5956,-0.7442,-5.2985,-7.5959,5.3314,0.3234,0.0000,BAM,-5.2567,-8.1525,-5.1785,-8.1525,0.0000,0.0000,0.000,0.000,0.0113,64.7,8.75,21,THU,NO_TX,360,,1,kieu=dung_yen;lan=1,1
32.0006,1790258665.095562,0.0201,1,319.75,231.50,0.764,-5.2399,-7.5866,-5.2652,-1.0213,-7.5933,-0.5021,-5.2663,-7.5934,5.3314,0.3234,0.0000,BAM,-5.2567,-8.1525,-5.1785,-8.1525,0.0000,0.0000,0.000,0.000,0.0437,47.8,8.50,21,THU,NO_TX,360,,1,kieu=dung_yen;lan=1,1
32.0212,1790258665.116180,0.0207,0,319.75,231.50,0.764,,,-5.2863,-1.0213,-7.6037,-0.5021,-5.2871,-7.6038,5.3314,0.3234,0.0000,BAM,-5.2567,-8.1525,-5.1785,-8.1525,0.0000,0.0000,0.000,0.000,0.0437,47.8,8.50,21,THU,NO_TX,360,,1,kieu=dung_yen;lan=1,1
32.0413,1790258665.136255,0.0200,0,319.75,231.50,0.764,,,-5.3068,-1.0213,-7.6137,-0.5021,-5.3074,-7.6138,5.3314,0.3234,0.0000,BAM,-5.2567,-8.1525,-5.1785,-8.1525,0.0000,0.0000,0.000,0.000,0.0437,47.8,8.50,21,THU,NO_TX,360,,1,kieu=dung_yen;lan=1,1
32.0613,1790258665.156294,0.0200,1,319.00,231.50,0.759,-5.1895,-7.5866,-5.2142,0.4379,-7.5935,-0.1175,-5.2142,-7.5935,5.3314,0.3234,0.0000,BAM,-5.2567,-8.1525,-5.1785,-8.1525,0.0000,0.0000,0.000,0.000,0.0634,63.5,8.56,21,THU,NO_TX,360,,1,kieu=dung_yen;lan=1,1
32.0818,1790258665.176793,0.0205,0,319.00,231.50,0.759,,,-5.2053,0.4379,-7.5959,-0.1175,-5.2052,-7.5960,5.3314,0.3234,0.0000,BAM,-5.2567,-8.1525,-5.1785,-8.1525,0.0000,0.0000,0.000,0.000,0.0634,63.5,8.56,21,THU,NO_TX,360,,1,kieu=dung_yen;lan=1,1
32.1024,1790258665.197364,0.0206,0,319.00,231.50,0.759,,,-5.1963,0.4379,-7.5984,-0.1175,-5.1962,-7.5984,5.3314,0.3234,0.0000,BAM,-5.2567,-8.1525,-5.1785,-8.1525,0.0000,0.0000,0.000,0.000,0.0634,63.5,8.56,21,THU,NO_TX,360,,1,kieu=dung_yen;lan=1,1
32.1225,1790258665.217442,0.0201,0,319.00,231.50,0.759,,,-5.1875,0.4379,-7.6007,-0.1175,-5.1874,-7.6007,5.3314,0.3234,0.0000,BAM,-5.2567,-8.1525,-5.1785,-8.1525,0.0000,0.0000,0.000,0.000,0.0634,63.5,8.56,21,THU,NO_TX,360,,1,kieu=dung_yen;lan=1,1
32.1425,1790258665.237491,0.0200,1,313.25,229.25,0.758,-4.8035,-7.4366,-4.8477,4.0866,-7.4571,1.4697,-4.7868,-7.4540,5.3314,0.3234,0.0000,BAM,-5.2567,-8.1525,-5.1785,-8.1525,0.0000,0.0000,0.000,0.000,0.3431,63.6,12.69,21,THU,NO_TX,360,,1,kieu=dung_yen;lan=1,1
32.1625,1790258665.257833,0.0200,0,313.25,229.25,0.758,,,-4.7658,4.0866,-7.4277,1.4697,-4.7209,-7.4254,5.3314,0.3234,0.0000,BAM,-5.2567,-8.1525,-5.1785,-8.1525,0.0000,0.0000,0.000,0.000,0.3431,63.6,12.69,21,THU,NO_TX,360,,1,kieu=dung_yen;lan=1,1
32.1827,1790258665.277663,0.0202,1,319.25,231.50,0.768,-5.2063,-7.5866,-5.0640,-1.2585,-7.5340,-0.3965,-5.0660,-7.5341,5.3314,0.3234,0.0000,BAM,-5.2567,-8.1525,-5.1785,-8.1525,0.0000,0.0000,0.000,0.000,1.4535,48.7,8.53,21,THU,NO_TX,360,,1,kieu=dung_yen;lan=1,1
32.2036,1790258665.298573,0.0209,0,319.25,231.50,0.768,,,-5.0903,-1.2585,-7.5423,-0.3965,-5.0917,-7.5424,5.3314,0.3234,0.0000,BAM,-5.2567,-8.1525,-5.1785,-8.1525,0.0000,0.0000,0.000,0.000,1.4535,48.7,8.53,21,THU,NO_TX,360,,1,kieu=dung_yen;lan=1,1
32.2238,1790258665.318761,0.0202,0,319.25,231.50,0.768,,,-5.1157,-1.2585,-7.5503,-0.3965,-5.1168,-7.5504,5.3314,0.3234,0.0000,BAM,-5.2567,-8.1525,-5.1785,-8.1525,0.0000,0.0000,0.000,0.000,1.4535,48.7,8.53,21,THU,NO_TX,360,,1,kieu=dung_yen;lan=1,1
32.2439,1790258665.338870,0.0201,1,319.25,231.75,0.779,-5.2063,-7.6032,-5.1947,-1.9538,-7.5950,-0.8637,-5.2022,-7.5956,5.3314,0.3234,0.0000,BAM,-5.2567,-8.1525,-5.1785,-8.1525,0.0000,0.0000,0.000,0.000,0.0191,64.0,8.28,21,THU,NO_TX,360,,1,kieu=dung_yen;lan=1,1
32.2645,1790258665.359526,0.0207,0,319.25,231.75,0.779,,,-5.2351,-1.9538,-7.6128,-0.8637,-5.2404,-7.6133,5.3314,0.3234,0.0000,BAM,-5.2567,-8.1525,-5.1785,-8.1525,0.0000,0.0000,0.000,0.000,0.0191,64.0,8.28,21,THU,NO_TX,360,,1,kieu=dung_yen;lan=1,1
32.2846,1790258665.379561,0.0200,0,319.25,231.75,0.779,,,-5.2742,-1.9538,-7.6301,-0.8637,-5.2784,-7.6305,5.3314,0.3234,0.0000,BAM,-5.2567,-8.1525,-5.1785,-8.1525,0.0000,0.0000,0.000,0.000,0.0191,64.0,8.28,21,THU,NO_TX,360,,1,kieu=dung_yen;lan=1,1
32.3052,1790258665.400151,0.0206,1,319.00,231.50,0.771,-5.1895,-7.5866,-5.2114,-0.6614,-7.5977,-0.2451,-5.2117,-7.5977,5.3314,0.3234,0.0000,BAM,-5.2567,-8.1525,-5.1785,-8.1525,0.0000,0.0000,0.000,0.000,0.0585,63.5,8.56,21,THU,NO_TX,360,,1,kieu=dung_yen;lan=1,1
32.3252,1790258665.420216,0.0201,0,319.00,231.50,0.771,,,-5.2247,-0.6614,-7.6026,-0.2451,-5.2249,-7.6027,5.3314,0.3234,0.0000,BAM,-5.2567,-8.1525,-5.1785,-8.1525,0.0000,0.0000,0.000,0.000,0.0585,63.5,8.56,21,THU,NO_TX,360,,1,kieu=dung_yen;lan=1,1
32.3453,1790258665.440327,0.0201,0,319.00,231.50,0.771,,,-5.2380,-0.6614,-7.6076,-0.2451,-5.2381,-7.6076,5.3314,0.3234,0.0000,BAM,-5.2567,-8.1525,-5.1785,-8.1525,0.0000,0.0000,0.000,0.000,0.0585,63.5,8.56,21,THU,NO_TX,360,,1,kieu=dung_yen;lan=1,1
32.3656,1790258665.460552,0.0202,1,321.00,230.25,0.774,-5.3238,-7.5034,-5.3108,-1.4142,-7.5237,0.8603,-5.3137,-7.5230,5.3314,0.3234,0.0000,BAM,-5.2567,-8.1525,-5.1785,-8.1525,0.0000,0.0000,0.000,0.000,0.0517,47.9,9.80,21,THU,NO_TX,360,,1,kieu=dung_yen;lan=1,1
32.3856,1790258665.480592,0.0200,0,321.00,230.25,0.774,,,-5.3392,-1.4142,-7.5064,0.8603,-5.3412,-7.5060,5.3314,0.3234,0.0000,BAM,-5.2567,-8.1525,-5.1785,-8.1525,0.0000,0.0000,0.000,0.000,0.0517,47.9,9.80,21,THU,NO_TX,360,,1,kieu=dung_yen;lan=1,1
32.4062,1790258665.501195,0.0206,0,321.00,230.25,0.774,,,-5.3683,-1.4142,-7.4887,0.8603,-5.3699,-7.4883,5.3314,0.3234,0.0000,BAM,-5.2567,-8.1525,-5.1785,-8.1525,0.0000,0.0000,0.000,0.000,0.0517,47.9,9.80,21,THU,NO_TX,360,,1,kieu=dung_yen;lan=1,1
32.4263,1790258665.521266,0.0201,1,313.25,229.00,0.751,-4.8035,-7.4199,-4.9088,4.7534,-7.4294,1.3824,-4.8169,-7.4268,5.3314,0.3234,0.0000,BAM,-5.2567,-8.1525,-5.1785,-8.1525,0.0000,0.0000,0.000,0.000,1.0949,64.0,12.91,21,THU,NO_TX,360,,1,kieu=dung_yen;lan=1,1
32.4464,1790258665.541342,0.0201,0,313.25,229.00,0.751,,,-4.8133,4.7534,-7.4017,1.3824,-4.7449,-7.3998,5.3314,0.3234,0.0000,BAM,-5.2567,-8.1525,-5.1785,-8.1525,0.0000,0.0000,0.000,0.000,1.0949,64.0,12.91,21,THU,NO_TX,360,,1,kieu=dung_yen;lan=1,1
32.4665,1790258665.561482,0.0201,0,313.25,229.00,0.751,,,-4.7176,4.7534,-7.3738,1.3824,-4.6631,-7.3724,5.3314,0.3234,0.0000,BAM,-5.2567,-8.1525,-5.1785,-8.1525,0.0000,0.0000,0.000,0.000,1.0949,64.0,12.91,21,THU,NO_TX,360,,1,kieu=dung_yen;lan=1,1
32.4867,1790258665.581676,0.0202,1,312.75,229.00,0.756,-4.7700,-7.4199,-4.7435,3.2086,-7.4062,0.6313,-4.7124,-7.4060,5.3314,0.3234,0.0000,BAM,-5.2567,-8.1525,-5.1785,-8.1525,0.0000,0.0000,0.000,0.000,0.0847,61.0,13.17,21,THU,NO_TX,360,,1,kieu=dung_yen;lan=1,1
32.5072,1790258665.602214,0.0205,0,312.75,229.00,0.756,,,-4.6777,3.2086,-7.3933,0.6313,-4.6553,-7.3931,5.3314,0.3234,0.0000,BAM,-5.2567,-8.1525,-5.1785,-8.1525,0.0000,0.0000,0.000,0.000,0.0847,61.0,13.17,21,THU,NO_TX,360,,1,kieu=dung_yen;lan=1,1
32.5277,1790258665.622699,0.0205,1,319.25,231.50,0.771,-5.2063,-7.5866,-5.0467,-2.9907,-7.5298,-1.4558,-5.0719,-7.5328,5.3314,0.3234,0.0000,BAM,-5.2567,-8.1525,-5.1785,-8.1525,0.0000,0.0000,0.000,0.000,1.8378,48.7,8.53,21,THU,NO_TX,360,,1,kieu=dung_yen;lan=1,1
32.5479,1790258665.642827,0.0202,0,319.25,231.50,0.771,,,-5.1070,-2.9907,-7.5591,-1.4558,-5.1253,-7.5613,5.3314,0.3234,0.0000,BAM,-5.2567,-8.1525,-5.1785,-8.1525,0.0000,0.0000,0.000,0.000,1.8378,48.7,8.53,21,THU,NO_TX,360,,1,kieu=dung_yen;lan=1,1
32.5679,1790258665.662895,0.0200,0,319.25,231.50,0.771,,,-5.1670,-2.9907,-7.5883,-1.4558,-5.1813,-7.5900,5.3314,0.3234,0.0000,BAM,-5.2567,-8.1525,-5.1785,-8.1525,0.0000,0.0000,0.000,0.000,1.8378,48.7,8.53,21,THU,NO_TX,360,,1,kieu=dung_yen;lan=1,1
32.5881,1790258665.683033,0.0202,1,319.25,231.25,0.773,-5.2063,-7.5700,-5.2101,-2.7690,-7.5789,-0.9628,-5.2309,-7.5798,5.3314,0.3234,0.0000,BAM,-5.2567,-8.1525,-5.1785,-8.1525,0.0000,0.0000,0.000,0.000,0.0082,64.8,8.78,21,THU,NO_TX,360,,1,kieu=dung_yen;lan=1,1
32.6084,1790258665.703553,0.0203,0,319.25,231.25,0.773,,,-5.2664,-2.7690,-7.5985,-0.9628,-5.2812,-7.5991,5.3314,0.3234,0.0000,BAM,-5.2567,-8.1525,-5.1785,-8.1525,0.0000,0.0000,0.000,0.000,0.0082,64.8,8.78,21,THU,NO_TX,360,,1,kieu=dung_yen;lan=1,1
32.6288,1790258665.723750,0.0204,0,319.25,231.25,0.773,,,-5.3229,-2.7690,-7.6181,-0.9628,-5.3345,-7.6186,5.3314,0.3234,0.0000,BAM,-5.2567,-8.1525,-5.1785,-8.1525,0.0000,0.0000,0.000,0.000,0.0082,64.8,8.78,21,THU,NO_TX,360,,1,kieu=dung_yen;lan=1,1
32.6496,1790258665.744543,0.0208,0,319.25,231.25,0.773,,,-5.3805,-2.7690,-7.6382,-0.9628,-5.3899,-7.6386,5.3314,0.3234,0.0000,BAM,-5.2567,-8.1525,-5.1785,-8.1525,0.0000,0.0000,0.000,0.000,0.0082,64.8,8.78,21,THU,NO_TX,360,,1,kieu=dung_yen;lan=1,1
32.6697,1790258665.764653,0.0201,1,319.25,231.25,0.771,-5.2063,-7.5700,-5.2331,-0.5374,-7.5807,-0.1292,-5.2333,-7.5807,5.3314,0.3234,0.0000,BAM,-5.2567,-8.1525,-5.1785,-8.1525,0.0000,0.0000,0.000,0.000,0.1223,63.8,8.78,21,THU,NO_TX,360,,1,kieu=dung_yen;lan=1,1
32.6898,1790258665.784812,0.0202,0,319.25,231.25,0.771,,,-5.2440,-0.5374,-7.5833,-0.1292,-5.2441,-7.5833,5.3314,0.3234,0.0000,BAM,-5.2567,-8.1525,-5.1785,-8.1525,0.0000,0.0000,0.000,0.000,0.1223,63.8,8.78,21,THU,NO_TX,360,,1,kieu=dung_yen;lan=1,1
32.7100,1790258665.805021,0.0202,1,319.00,231.50,0.763,-5.1895,-7.5866,-5.2072,0.1303,-7.5864,-0.1363,-5.2072,-7.5864,5.3314,0.3234,0.0000,BAM,-5.2567,-8.1525,-5.1785,-8.1525,0.0000,0.0000,0.000,0.000,0.0202,47.6,8.56,21,THU,NO_TX,360,,1,kieu=dung_yen;lan=1,1
32.7301,1790258665.825084,0.0201,0,319.00,231.50,0.763,,,-5.2046,0.1303,-7.5891,-0.1363,-5.2046,-7.5891,5.3314,0.3234,0.0000,BAM,-5.2567,-8.1525,-5.1785,-8.1525,0.0000,0.0000,0.000,0.000,0.0202,47.6,8.56,21,THU,NO_TX,360,,1,kieu=dung_yen;lan=1,1
32.7506,1790258665.845649,0.0205,0,319.00,231.50,0.763,,,-5.2019,0.1303,-7.5919,-0.1363,-5.2019,-7.5919,5.3314,0.3234,0.0000,BAM,-5.2567,-8.1525,-5.1785,-8.1525,0.0000,0.0000,0.000,0.000,0.0202,47.6,8.56,21,THU,NO_TX,360,,1,kieu=dung_yen;lan=1,1
32.7707,1790258665.865632,0.0200,1,321.00,230.25,0.786,-5.3238,-7.5034,-5.3016,-1.1968,-7.5204,0.8136,-5.3033,-7.5198,5.3314,0.3234,0.0000,BAM,-5.2567,-8.1525,-5.1785,-8.1525,0.0000,0.0000,0.000,0.000,0.0730,63.9,9.80,21,THU,NO_TX,360,,1,kieu=dung_yen;lan=1,1
32.7908,1790258665.885761,0.0201,0,321.00,230.25,0.786,,,-5.3256,-1.1968,-7.5040,0.8136,-5.3269,-7.5036,5.3314,0.3234,0.0000,BAM,-5.2567,-8.1525,-5.1785,-8.1525,0.0000,0.0000,0.000,0.000,0.0730,63.9,9.80,21,THU,NO_TX,360,,1,kieu=dung_yen;lan=1,1
32.8112,1790258665.906193,0.0204,1,319.00,231.25,0.765,-5.1895,-7.5700,-5.2329,0.4717,-7.5471,-0.0191,-5.2328,-7.5471,5.3314,0.3234,0.0000,BAM,-5.2567,-8.1525,-5.1785,-8.1525,0.0000,0.0000,0.000,0.000,0.1514,46.9,8.81,21,THU,NO_TX,360,,1,kieu=dung_yen;lan=1,1
32.8313,1790258665.926269,0.0201,0,319.00,231.25,0.765,,,-5.2234,0.4717,-7.5475,-0.0191,-5.2234,-7.5475,5.3314,0.3234,0.0000,BAM,-5.2567,-8.1525,-5.1785,-8.1525,0.0000,0.0000,0.000,0.000,0.1514,46.9,8.81,21,THU,NO_TX,360,,1,kieu=dung_yen;lan=1,1
32.8516,1790258665.946537,0.0203,0,319.00,231.25,0.765,,,-5.2138,0.4717,-7.5479,-0.0191,-5.2138,-7.5479,5.3314,0.3234,0.0000,BAM,-5.2567,-8.1525,-5.1785,-8.1525,0.0000,0.0000,0.000,0.000,0.1514,46.9,8.81,21,THU,NO_TX,360,,1,kieu=dung_yen;lan=1,1
32.8716,1790258665.966619,0.0200,0,319.00,231.25,0.765,,,-5.2044,0.4717,-7.5482,-0.0191,-5.2043,-7.5482,5.3314,0.3234,0.0000,BAM,-5.2567,-8.1525,-5.1785,-8.1525,0.0000,0.0000,0.000,0.000,0.1514,46.9,8.81,21,THU,NO_TX,360,,1,kieu=dung_yen;lan=1,1
32.8918,1790258665.987296,0.0202,1,313.00,228.75,0.762,-4.7868,-7.4033,-4.8357,4.5061,-7.4216,1.3903,-4.7552,-7.4189,5.3314,0.3234,0.0000,BAM,-5.2567,-8.1525,-5.1785,-8.1525,0.0000,0.0000,0.000,0.000,0.3899,63.9,13.25,21,THU,NO_TX,360,,1,kieu=dung_yen;lan=1,1
32.9119,1790258666.006772,0.0200,0,313.00,228.75,0.762,,,-4.7455,4.5061,-7.3937,1.3903,-4.6859,-7.3918,5.3314,0.3234,0.0000,BAM,-5.2567,-8.1525,-5.1785,-8.1525,0.0000,0.0000,0.000,0.000,0.3899,63.9,13.25,21,THU,NO_TX,360,,1,kieu=dung_yen;lan=1,1
32.9323,1790258666.027259,0.0204,0,313.00,228.75,0.762,,,-4.6535,4.5061,-7.3654,1.3903,-4.6064,-7.3639,5.3314,0.3234,0.0000,BAM,-5.2567,-8.1525,-5.1785,-8.1525,0.0000,0.0000,0.000,0.000,0.3899,63.9,13.25,21,THU,NO_TX,360,,1,kieu=dung_yen;lan=1,1
32.9523,1790258666.047340,0.0201,1,313.75,229.50,0.763,-4.8371,-7.4533,-4.7880,1.6874,-7.4318,0.2300,-4.7833,-7.4318,5.3314,0.3234,0.0000,BAM,-5.2567,-8.1525,-5.1785,-8.1525,0.0000,0.0000,0.000,0.000,0.2738,64.7,12.22,21,THU,NO_TX,360,,1,kieu=dung_yen;lan=1,1
32.9732,1790258666.068144,0.0208,0,313.75,229.50,0.763,,,-4.7529,1.6874,-7.4270,0.2300,-4.7495,-7.4270,5.3314,0.3234,0.0000,BAM,-5.2567,-8.1525,-5.1785,-8.1525,0.0000,0.0000,0.000,0.000,0.2738,64.7,12.22,21,THU,NO_TX,360,,1,kieu=dung_yen;lan=1,1
32.9933,1790258666.088304,0.0202,1,313.25,229.25,0.763,-4.8035,-7.4366,-4.7808,0.7994,-7.4327,0.0851,-4.7803,-7.4327,5.3314,0.3234,0.0000,BAM,-5.2567,-8.1525,-5.1785,-8.1525,0.0000,0.0000,0.000,0.000,0.0343,49.1,12.69,21,THU,NO_TX,360,,1,kieu=dung_yen;lan=1,1
33.0136,1790258666.108503,0.0202,0,313.25,229.25,0.763,,,-4.7646,0.7994,-7.4309,0.0851,-4.7643,-7.4309,5.3314,0.3234,0.0000,BAM,-5.2567,-8.1525,-5.1785,-8.1525,0.0000,0.0000,0.000,0.000,0.0343,49.1,12.69,21,THU,NO_TX,360,,1,kieu=dung_yen;lan=1,1
33.0337,1790258666.128662,0.0201,0,313.25,229.25,0.763,,,-4.7486,0.7994,-7.4292,0.0851,-4.7483,-7.4292,5.3314,0.3234,0.0000,BAM,-5.2567,-8.1525,-5.1785,-8.1525,0.0000,0.0000,0.000,0.000,0.0343,49.1,12.69,21,THU,NO_TX,360,,1,kieu=dung_yen;lan=1,1
33.0542,1790258666.149177,0.0205,1,319.50,231.50,0.771,-5.2231,-7.5866,-5.1356,-4.4005,-7.5571,-1.5606,-5.2115,-7.5609,5.3314,0.3234,0.0000,BAM,-5.2567,-8.1525,-5.1785,-8.1525,0.0000,0.0000,0.000,0.000,0.8227,65.0,8.51,21,THU,NO_TX,360,,1,kieu=dung_yen;lan=1,1
33.0745,1790258666.169453,0.0203,0,319.50,231.50,0.771,,,-5.2248,-4.4005,-7.5887,-1.5606,-5.2806,-7.5914,5.3314,0.3234,0.0000,BAM,-5.2567,-8.1525,-5.1785,-8.1525,0.0000,0.0000,0.000,0.000,0.8227,65.0,8.51,21,THU,NO_TX,360,,1,kieu=dung_yen;lan=1,1
33.0945,1790258666.189524,0.0201,0,319.50,231.50,0.771,,,-5.3132,-4.4005,-7.6201,-1.5606,-5.3574,-7.6222,5.3314,0.3234,0.0000,BAM,-5.2567,-8.1525,-5.1785,-8.1525,0.0000,0.0000,0.000,0.000,0.8227,65.0,8.51,21,THU,NO_TX,360,,1,kieu=dung_yen;lan=1,1
33.1146,1790258666.209604,0.0201,0,319.50,231.50,0.771,,,-5.4015,-4.4005,-7.6514,-1.5606,-5.4381,-7.6531,5.3314,0.3234,0.0000,BAM,-5.2567,-8.1525,-5.1785,-8.1525,0.0000,0.0000,0.000,0.000,0.8227,65.0,8.51,21,THU,NO_TX,360,,1,kieu=dung_yen;lan=1,1
33.1347,1790258666.229741,0.0201,1,319.75,231.50,0.772,-5.2399,-7.5866,-5.2697,-1.9616,-7.5986,-0.6413,-5.2772,-7.5989,5.3314,0.3234,0.0000,BAM,-5.2567,-8.1525,-5.1785,-8.1525,0.0000,0.0000,0.000,0.000,0.1483,63.6,8.50,21,THU,NO_TX,360,,1,kieu=dung_yen;lan=1,1
33.1552,1790258666.250143,0.0205,0,319.75,231.50,0.772,,,-5.3098,-1.9616,-7.6117,-0.6413,-5.3152,-7.6119,5.3314,0.3234,0.0000,BAM,-5.2567,-8.1525,-5.1785,-8.1525,0.0000,0.0000,0.000,0.000,0.1483,63.6,8.50,21,THU,NO_TX,360,,1,kieu=dung_yen;lan=1,1
33.1757,1790258666.270681,0.0205,1,319.25,231.75,0.775,-5.2063,-7.6032,-5.2448,-0.4885,-7.6092,-0.4267,-5.2449,-7.6093,5.3314,0.3234,0.0000,BAM,-5.2567,-8.1525,-5.1785,-8.1525,0.0000,0.0000,0.000,0.000,0.0984,46.5,8.28,21,THU,NO_TX,360,,1,kieu=dung_yen;lan=1,1
33.1958,1790258666.290738,0.0201,0,319.25,231.75,0.775,,,-5.2546,-0.4885,-7.6177,-0.4267,-5.2547,-7.6178,5.3314,0.3234,0.0000,BAM,-5.2567,-8.1525,-5.1785,-8.1525,0.0000,0.0000,0.000,0.000,0.0984,46.5,8.28,21,THU,NO_TX,360,,1,kieu=dung_yen;lan=1,1
33.2160,1790258666.310984,0.0202,0,319.25,231.75,0.775,,,-5.2645,-0.4885,-7.6264,-0.4267,-5.2646,-7.6264,5.3314,0.3234,0.0000,BAM,-5.2567,-8.1525,-5.1785,-8.1525,0.0000,0.0000,0.000,0.000,0.0984,46.5,8.28,21,THU,NO_TX,360,,1,kieu=dung_yen;lan=1,1
33.2361,1790258666.331087,0.0201,1,318.75,231.50,0.774,-5.1727,-7.5866,-5.1910,0.5942,-7.5956,0.0763,-5.1908,-7.5956,5.3314,0.3234,0.0000,BAM,-5.2567,-8.1525,-5.1785,-8.1525,0.0000,0.0000,0.000,0.000,0.0393,63.3,8.59,21,THU,NO_TX,360,,1,kieu=dung_yen;lan=1,1
33.2562,1790258666.351156,0.0201,0,318.75,231.50,0.774,,,-5.1790,0.5942,-7.5941,0.0763,-5.1789,-7.5941,5.3314,0.3234,0.0000,BAM,-5.2567,-8.1525,-5.1785,-8.1525,0.0000,0.0000,0.000,0.000,0.0393,63.3,8.59,21,THU,NO_TX,360,,1,kieu=dung_yen;lan=1,1
33.2762,1790258666.371201,0.0200,0,318.75,231.50,0.774,,,-5.1671,0.5942,-7.5926,0.0763,-5.1670,-7.5926,5.3314,0.3234,0.0000,BAM,-5.2567,-8.1525,-5.1785,-8.1525,0.0000,0.0000,0.000,0.000,0.0393,63.3,8.59,21,THU,NO_TX,360,,1,kieu=dung_yen;lan=1,1
33.2962,1790258666.391159,0.0200,1,318.50,231.50,0.775,-5.1559,-7.5866,-5.1558,0.5872,-7.5874,0.1215,-5.1556,-7.5874,5.3314,0.3234,0.0000,BAM,-5.2567,-8.1525,-5.1785,-8.1525,0.0000,0.0000,0.000,0.000,0.0001,65.5,8.63,21,THU,NO_TX,360,,1,kieu=dung_yen;lan=1,1
33.3166,1790258666.411616,0.0204,0,318.50,231.50,0.775,,,-5.1438,0.5872,-7.5849,0.1215,-5.1437,-7.5849,5.3314,0.3234,0.0000,BAM,-5.2567,-8.1525,-5.1785,-8.1525,0.0000,0.0000,0.000,0.000,0.0001,65.5,8.63,21,THU,NO_TX,360,,1,kieu=dung_yen;lan=1,1
33.3367,1790258666.431736,0.0201,0,318.50,231.50,0.775,,,-5.1320,0.5872,-7.5825,0.1215,-5.1319,-7.5825,5.3314,0.3234,0.0000,BAM,-5.2567,-8.1525,-5.1785,-8.1525,0.0000,0.0000,0.000,0.000,0.0001,65.5,8.63,21,THU,NO_TX,360,,1,kieu=dung_yen;lan=1,1
33.3574,1790258666.452860,0.0206,1,319.25,231.50,0.772,-5.2063,-7.5866,-5.1911,-0.3093,-7.5854,0.0546,-5.1911,-7.5854,5.3314,0.3234,0.0000,BAM,-5.2567,-8.1525,-5.1785,-8.1525,0.0000,0.0000,0.000,0.000,0.0230,46.5,8.53,21,THU,NO_TX,360,,1,kieu=dung_yen;lan=1,1
33.3775,1790258666.472474,0.0201,0,319.25,231.50,0.772,,,-5.1973,-0.3093,-7.5843,0.0546,-5.1973,-7.5843,5.3314,0.3234,0.0000,BAM,-5.2567,-8.1525,-5.1785,-8.1525,0.0000,0.0000,0.000,0.000,0.0230,46.5,8.53,21,THU,NO_TX,360,,1,kieu=dung_yen;lan=1,1
33.3976,1790258666.492578,0.0201,0,319.25,231.50,0.772,,,-5.2035,-0.3093,-7.5832,0.0546,-5.2035,-7.5832,5.3314,0.3234,0.0000,BAM,-5.2567,-8.1525,-5.1785,-8.1525,0.0000,0.0000,0.000,0.000,0.0230,46.5,8.53,21,THU,NO_TX,360,,1,kieu=dung_yen;lan=1,1
33.4180,1790258666.512989,0.0204,1,320.00,231.50,0.769,-5.2567,-7.5866,-5.2483,-0.7962,-7.5858,0.0088,-5.2488,-7.5858,5.3314,0.3234,0.0000,BAM,-5.2567,-8.1525,-5.1785,-8.1525,0.0000,0.0000,0.000,0.000,0.0069,65.5,8.50,21,THU,NO_TX,360,,1,kieu=dung_yen;lan=1,1
33.4383,1790258666.533347,0.0204,0,320.00,231.50,0.769,,,-5.2645,-0.7962,-7.5856,0.0088,-5.2649,-7.5856,5.3314,0.3234,0.0000,BAM,-5.2567,-8.1525,-5.1785,-8.1525,0.0000,0.0000,0.000,0.000,0.0069,65.5,8.50,21,THU,NO_TX,360,,1,kieu=dung_yen;lan=1,1
33.4585,1790258666.553495,0.0202,0,320.00,231.50,0.769,,,-5.2806,-0.7962,-7.5854,0.0088,-5.2809,-7.5854,5.3314,0.3234,0.0000,BAM,-5.2567,-8.1525,-5.1785,-8.1525,0.0000,0.0000,0.000,0.000,0.0069,65.5,8.50,21,THU,NO_TX,360,,1,kieu=dung_yen;lan=1,1
33.4787,1790258666.574220,0.0202,1,320.00,232.25,0.774,-5.2567,-7.6365,-5.2638,-0.3802,-7.6271,-0.5113,-5.2638,-7.6272,5.3314,0.3234,0.0000,BAM,-5.2567,-8.1525,-5.1785,-8.1525,0.0000,0.0000,0.000,0.000,0.0127,63.7,7.75,21,THU,NO_TX,360,,1,kieu=dung_yen;lan=1,1
33.4990,1790258666.593953,0.0202,0,320.00,232.25,0.774,,,-5.2715,-0.3802,-7.6374,-0.5113,-5.2715,-7.6375,5.3314,0.3234,0.0000,BAM,-5.2567,-8.1525,-5.1785,-8.1525,0.0000,0.0000,0.000,0.000,0.0127,63.7,7.75,21,THU,NO_TX,360,,1,kieu=dung_yen;lan=1,1
33.5196,1790258666.614548,0.0206,1,319.75,231.50,0.771,-5.2399,-7.5866,-5.2505,0.0307,-7.6035,0.1093,-5.2505,-7.6035,5.3314,0.3234,0.0000,BAM,-5.2567,-8.1525,-5.1785,-8.1525,0.0000,0.0000,0.000,0.000,0.0239,47.9,8.50,21,THU,NO_TX,360,,1,kieu=dung_yen;lan=1,1
33.5397,1790258666.634679,0.0201,0,319.75,231.50,0.771,,,-5.2499,0.0307,-7.6013,0.1093,-5.2499,-7.6013,5.3314,0.3234,0.0000,BAM,-5.2567,-8.1525,-5.1785,-8.1525,0.0000,0.0000,0.000,0.000,0.0239,47.9,8.50,21,THU,NO_TX,360,,1,kieu=dung_yen;lan=1,1
33.5598,1790258666.654748,0.0201,0,319.75,231.50,0.771,,,-5.2493,0.0307,-7.5992,0.1093,-5.2493,-7.5992,5.3314,0.3234,0.0000,BAM,-5.2567,-8.1525,-5.1785,-8.1525,0.0000,0.0000,0.000,0.000,0.0239,47.9,8.50,21,THU,NO_TX,360,,1,kieu=dung_yen;lan=1,1
33.5802,1790258666.675082,0.0204,0,319.75,231.50,0.771,,,-5.2486,0.0307,-7.5969,0.1093,-5.2486,-7.5969,5.3314,0.3234,0.0000,BAM,-5.2567,-8.1525,-5.1785,-8.1525,0.0000,0.0000,0.000,0.000,0.0239,47.9,8.50,21,THU,NO_TX,360,,1,kieu=dung_yen;lan=1,1
33.6002,1790258666.695247,0.0201,1,320.25,230.50,0.780,-5.2735,-7.5200,-5.2704,-0.2210,-7.5294,0.8342,-5.2704,-7.5288,5.3314,0.3234,0.0000,BAM,-5.2567,-8.1525,-5.1785,-8.1525,0.0000,0.0000,0.000,0.000,0.0125,65.3,9.50,21,THU,NO_TX,360,,1,kieu=dung_yen;lan=1,1
33.6204,1790258666.715305,0.0201,0,320.25,230.50,0.780,,,-5.2749,-0.2210,-7.5126,0.8342,-5.2749,-7.5122,5.3314,0.3234,0.0000,BAM,-5.2567,-8.1525,-5.1785,-8.1525,0.0000,0.0000,0.000,0.000,0.0125,65.3,9.50,21,THU,NO_TX,360,,1,kieu=dung_yen;lan=1,1
33.6407,1790258666.735637,0.0203,1,319.00,231.50,0.774,-5.1895,-7.5866,-5.2138,0.6947,-7.5614,-0.0637,-5.2135,-7.5614,5.3314,0.3234,0.0000,BAM,-5.2567,-8.1525,-5.1785,-8.1525,0.0000,0.0000,0.000,0.000,0.0747,47.1,8.56,21,THU,NO_TX,360,,1,kieu=dung_yen;lan=1,1
33.6613,1790258666.756307,0.0206,0,319.00,231.50,0.774,,,-5.1995,0.6947,-7.5627,-0.0637,-5.1993,-7.5627,5.3314,0.3234,0.0000,BAM,-5.2567,-8.1525,-5.1785,-8.1525,0.0000,0.0000,0.000,0.000,0.0747,47.1,8.56,21,THU,NO_TX,360,,1,kieu=dung_yen;lan=1,1
33.6814,1790258666.776361,0.0201,0,319.00,231.50,0.774,,,-5.1855,0.6947,-7.5640,-0.0637,-5.1854,-7.5640,5.3314,0.3234,0.0000,BAM,-5.2567,-8.1525,-5.1785,-8.1525,0.0000,0.0000,0.000,0.000,0.0747,47.1,8.56,21,THU,NO_TX,360,,1,kieu=dung_yen;lan=1,1
33.7015,1790258666.796467,0.0200,1,320.25,230.75,0.784,-5.2735,-7.5367,-5.2552,-0.3887,-7.5420,0.2329,-5.2553,-7.5420,5.3314,0.3234,0.0000,BAM,-5.2567,-8.1525,-5.1785,-8.1525,0.0000,0.0000,0.000,0.000,0.0348,63.1,9.25,21,THU,NO_TX,360,,1,kieu=dung_yen;lan=1,1
33.7216,1790258666.816495,0.0201,0,320.25,230.75,0.784,,,-5.2630,-0.3887,-7.5373,0.2329,-5.2631,-7.5373,5.3314,0.3234,0.0000,BAM,-5.2567,-8.1525,-5.1785,-8.1525,0.0000,0.0000,0.000,0.000,0.0348,63.1,9.25,21,THU,NO_TX,360,,1,kieu=dung_yen;lan=1,1
33.7417,1790258666.836660,0.0201,0,320.25,230.75,0.784,,,-5.2709,-0.3887,-7.5326,0.2329,-5.2709,-7.5326,5.3314,0.3234,0.0000,BAM,-5.2567,-8.1525,-5.1785,-8.1525,0.0000,0.0000,0.000,0.000,0.0348,63.1,9.25,21,THU,NO_TX,360,,1,kieu=dung_yen;lan=1,1
33.7622,1790258666.857151,0.0205,1,318.25,232.00,0.765,-5.1391,-7.6199,-5.1639,1.0583,-7.6030,-0.6970,-5.1627,-7.6033,5.3314,0.3234,0.0000,BAM,-5.2567,-8.1525,-5.1785,-8.1525,0.0000,0.0000,0.000,0.000,0.0850,63.3,8.19,21,THU,NO_TX,360,,1,kieu=dung_yen;lan=1,1
33.7830,1790258666.878015,0.0208,0,318.25,232.00,0.765,,,-5.1419,1.0583,-7.6174,-0.6970,-5.1410,-7.6177,5.3314,0.3234,0.0000,BAM,-5.2567,-8.1525,-5.1785,-8.1525,0.0000,0.0000,0.000,0.000,0.0850,63.3,8.19,21,THU,NO_TX,360,,1,kieu=dung_yen;lan=1,1
33.8032,1790258666.898107,0.0201,0,318.25,232.00,0.765,,,-5.1206,1.0583,-7.6315,-0.6970,-5.1199,-7.6317,5.3314,0.3234,0.0000,BAM,-5.2567,-8.1525,-5.1785,-8.1525,0.0000,0.0000,0.000,0.000,0.0850,63.3,8.19,21,THU,NO_TX,360,,1,kieu=dung_yen;lan=1,1
33.8232,1790258666.918161,0.0201,1,320.50,230.50,0.782,-5.2902,-7.5200,-5.2565,-0.9226,-7.5431,0.5724,-5.2573,-7.5429,5.3314,0.3234,0.0000,BAM,-5.2567,-8.1525,-5.1785,-8.1525,0.0000,0.0000,0.000,0.000,0.1584,48.7,9.51,21,THU,NO_TX,360,,1,kieu=dung_yen;lan=1,1
33.8433,1790258666.938210,0.0201,0,320.50,230.50,0.782,,,-5.2750,-0.9226,-7.5316,0.5724,-5.2755,-7.5315,5.3314,0.3234,0.0000,BAM,-5.2567,-8.1525,-5.1785,-8.1525,0.0000,0.0000,0.000,0.000,0.1584,48.7,9.51,21,THU,NO_TX,360,,1,kieu=dung_yen;lan=1,1
33.8635,1790258666.958445,0.0202,0,320.50,230.50,0.782,,,-5.2936,-0.9226,-7.5200,0.5724,-5.2940,-7.5199,5.3314,0.3234,0.0000,BAM,-5.2567,-8.1525,-5.1785,-8.1525,0.0000,0.0000,0.000,0.000,0.1584,48.7,9.51,21,THU,NO_TX,360,,1,kieu=dung_yen;lan=1,1
33.8835,1790258666.978479,0.0200,1,319.25,231.50,0.768,-5.2063,-7.5866,-5.2252,0.1776,-7.5721,-0.2191,-5.2252,-7.5721,5.3314,0.3234,0.0000,BAM,-5.2567,-8.1525,-5.1785,-8.1525,0.0000,0.0000,0.000,0.000,0.0530,64.4,8.53,21,THU,NO_TX,360,,1,kieu=dung_yen;lan=1,1
33.9039,1790258666.998885,0.0204,0,319.25,231.50,0.768,,,-5.2216,0.1776,-7.5766,-0.2191,-5.2216,-7.5766,5.3314,0.3234,0.0000,BAM,-5.2567,-8.1525,-5.1785,-8.1525,0.0000,0.0000,0.000,0.000,0.0530,64.4,8.53,21,THU,NO_TX,360,,1,kieu=dung_yen;lan=1,1
33.9240,1790258667.018960,0.0201,0,319.25,231.50,0.768,,,-5.2181,0.1776,-7.5810,-0.2191,-5.2181,-7.5810,5.3314,0.3234,0.0000,BAM,-5.2567,-8.1525,-5.1785,-8.1525,0.0000,0.0000,0.000,0.000,0.0530,64.4,8.53,21,THU,NO_TX,360,,1,kieu=dung_yen;lan=1,1
33.9442,1790258667.039150,0.0202,1,319.25,231.25,0.761,-5.2063,-7.5700,-5.2077,0.2625,-7.5728,-0.0626,-5.2077,-7.5728,5.3314,0.3234,0.0000,BAM,-5.2567,-8.1525,-5.1785,-8.1525,0.0000,0.0000,0.000,0.000,0.0009,63.4,8.78,21,THU,NO_TX,360,,1,kieu=dung_yen;lan=1,1
33.9642,1790258667.059229,0.0201,0,319.25,231.25,0.761,,,-5.2025,0.2625,-7.5741,-0.0626,-5.2025,-7.5741,5.3314,0.3234,0.0000,BAM,-5.2567,-8.1525,-5.1785,-8.1525,0.0000,0.0000,0.000,0.000,0.0009,63.4,8.78,21,THU,NO_TX,360,,1,kieu=dung_yen;lan=1,1
33.9844,1790258667.079389,0.0202,1,320.00,230.00,0.765,-5.2567,-7.4867,-5.2404,-0.3566,-7.5115,0.8316,-5.2405,-7.5109,5.3314,0.3234,0.0000,BAM,-5.2567,-8.1525,-5.1785,-8.1525,0.0000,0.0000,0.000,0.000,0.0518,47.3,10.00,21,THU,NO_TX,360,,1,kieu=dung_yen;lan=1,1
34.0044,1790258667.099436,0.0200,0,320.00,230.00,0.765,,,-5.2476,-0.3566,-7.4948,0.8316,-5.2476,-7.4944,5.3314,0.3234,0.0000,BAM,-5.2567,-8.1525,-5.1785,-8.1525,0.0000,0.0000,0.000,0.000,0.0518,47.3,10.00,21,THU,NO_TX,360,,1,kieu=dung_yen;lan=1,1
34.0249,1790258667.119934,0.0205,0,320.00,230.00,0.765,,,-5.2549,-0.3566,-7.4778,0.8316,-5.2549,-7.4775,5.3314,0.3234,0.0000,BAM,-5.2567,-8.1525,-5.1785,-8.1525,0.0000,0.0000,0.000,0.000,0.0518,47.3,10.00,21,THU,NO_TX,360,,1,kieu=dung_yen;lan=1,1
34.0451,1790258667.140037,0.0201,1,319.00,231.25,0.770,-5.1895,-7.5700,-5.2026,0.4123,-7.5496,-0.2946,-5.2025,-7.5496,5.3314,0.3234,0.0000,BAM,-5.2567,-8.1525,-5.1785,-8.1525,0.0000,0.0000,0.000,0.000,0.0519,63.9,8.81,21,THU,NO_TX,360,,1,kieu=dung_yen;lan=1,1
34.0651,1790258667.160115,0.0201,0,319.00,231.25,0.770,,,-5.1943,0.4123,-7.5555,-0.2946,-5.1942,-7.5555,5.3314,0.3234,0.0000,BAM,-5.2567,-8.1525,-5.1785,-8.1525,0.0000,0.0000,0.000,0.000,0.0519,63.9,8.81,21,THU,NO_TX,360,,1,kieu=dung_yen;lan=1,1
34.0852,1790258667.180206,0.0201,0,319.00,231.25,0.770,,,-5.1860,0.4123,-7.5614,-0.2946,-5.1860,-7.5614,5.3314,0.3234,0.0000,BAM,-5.2567,-8.1525,-5.1785,-8.1525,0.0000,0.0000,0.000,0.000,0.0519,63.9,8.81,21,THU,NO_TX,360,,1,kieu=dung_yen;lan=1,1
34.1053,1790258667.200318,0.0201,0,319.00,231.25,0.770,,,-5.1777,0.4123,-7.5673,-0.2946,-5.1777,-7.5673,5.3314,0.3234,0.0000,BAM,-5.2567,-8.1525,-5.1785,-8.1525,0.0000,0.0000,0.000,0.000,0.0519,63.9,8.81,21,THU,NO_TX,360,,1,kieu=dung_yen;lan=1,1
34.1254,1790258667.220378,0.0201,1,319.00,231.25,0.768,-5.1895,-7.5700,-5.1871,0.2164,-7.5704,-0.2630,-5.1871,-7.5704,5.3314,0.3234,0.0000,BAM,-5.2567,-8.1525,-5.1785,-8.1525,0.0000,0.0000,0.000,0.000,0.0009,63.1,8.81,21,THU,NO_TX,360,,1,kieu=dung_yen;lan=1,1
34.1456,1790258667.240528,0.0201,0,319.00,231.25,0.768,,,-5.1827,0.2164,-7.5757,-0.2630,-5.1827,-7.5757,5.3314,0.3234,0.0000,BAM,-5.2567,-8.1525,-5.1785,-8.1525,0.0000,0.0000,0.000,0.000,0.0009,63.1,8.81,21,THU,NO_TX,360,,1,kieu=dung_yen;lan=1,1
34.1656,1790258667.260540,0.0200,1,320.00,230.50,0.774,-5.2567,-7.5200,-5.2353,-0.5835,-7.5370,0.3397,-5.2355,-7.5370,5.3314,0.3234,0.0000,BAM,-5.2567,-8.1525,-5.1785,-8.1525,0.0000,0.0000,0.000,0.000,0.0456,50.1,9.50,21,THU,NO_TX,360,,1,kieu=dung_yen;lan=1,1
34.1860,1790258667.280953,0.0204,0,320.00,230.50,0.774,,,-5.2472,-0.5835,-7.5301,0.3397,-5.2474,-7.5301,5.3314,0.3234,0.0000,BAM,-5.2567,-8.1525,-5.1785,-8.1525,0.0000,0.0000,0.000,0.000,0.0456,50.1,9.50,21,THU,NO_TX,360,,1,kieu=dung_yen;lan=1,1
34.2060,1790258667.301026,0.0201,0,320.00,230.50,0.774,,,-5.2589,-0.5835,-7.5233,0.3397,-5.2590,-7.5233,5.3314,0.3234,0.0000,BAM,-5.2567,-8.1525,-5.1785,-8.1525,0.0000,0.0000,0.000,0.000,0.0456,50.1,9.50,21,THU,NO_TX,360,,1,kieu=dung_yen;lan=1,1
34.2268,1790258667.321758,0.0207,1,319.50,231.50,0.771,-5.2231,-7.5866,-5.2316,-0.0730,-7.5736,-0.3915,-5.2316,-7.5737,5.3314,0.3234,0.0000,BAM,-5.2567,-8.1525,-5.1785,-8.1525,0.0000,0.0000,0.000,0.000,0.0217,64.8,8.51,21,THU,NO_TX,360,,1,kieu=dung_yen;lan=1,1
34.2468,1790258667.341822,0.0201,0,319.50,231.50,0.771,,,-5.2330,-0.0730,-7.5815,-0.3915,-5.2330,-7.5815,5.3314,0.3234,0.0000,BAM,-5.2567,-8.1525,-5.1785,-8.1525,0.0000,0.0000,0.000,0.000,0.0217,64.8,8.51,21,THU,NO_TX,360,,1,kieu=dung_yen;lan=1,1
34.2669,1790258667.361877,0.0201,0,319.50,231.50,0.771,,,-5.2345,-0.0730,-7.5893,-0.3915,-5.2345,-7.5894,5.3314,0.3234,0.0000,BAM,-5.2567,-8.1525,-5.1785,-8.1525,0.0000,0.0000,0.000,0.000,0.0217,64.8,8.51,21,THU,NO_TX,360,,1,kieu=dung_yen;lan=1,1
34.2869,1790258667.381917,0.0200,1,319.50,231.75,0.774,-5.2231,-7.6032,-5.2254,0.0605,-7.6021,-0.4528,-5.2254,-7.6022,5.3314,0.3234,0.0000,BAM,-5.2567,-8.1525,-5.1785,-8.1525,0.0000,0.0000,0.000,0.000,0.0006,61.9,8.27,21,THU,NO_TX,360,,1,kieu=dung_yen;lan=1,1
34.3070,1790258667.402020,0.0201,0,319.50,231.75,0.774,,,-5.2242,0.0605,-7.6112,-0.4528,-5.2242,-7.6113,5.3314,0.3234,0.0000,BAM,-5.2567,-8.1525,-5.1785,-8.1525,0.0000,0.0000,0.000,0.000,0.0006,61.9,8.27,21,THU,NO_TX,360,,1,kieu=dung_yen;lan=1,1
34.3271,1790258667.422096,0.0201,0,319.50,231.75,0.774,,,-5.2230,0.0605,-7.6203,-0.4528,-5.2230,-7.6204,5.3314,0.3234,0.0000,BAM,-5.2567,-8.1525,-5.1785,-8.1525,0.0000,0.0000,0.000,0.000,0.0006,61.9,8.27,21,THU,NO_TX,360,,1,kieu=dung_yen;lan=1,1
34.3473,1790258667.442242,0.0202,1,319.50,231.50,0.771,-5.2231,-7.5866,-5.2228,0.0465,-7.5946,-0.0184,-5.2228,-7.5946,5.3314,0.3234,0.0000,BAM,-5.2567,-8.1525,-5.1785,-8.1525,0.0000,0.0000,0.000,0.000,0.0055,47.3,8.51,21,THU,NO_TX,360,,1,kieu=dung_yen;lan=1,1
34.3675,1790258667.462305,0.0202,0,319.50,231.50,0.771,,,-5.2219,0.0465,-7.5949,-0.0184,-5.2219,-7.5949,5.3314,0.3234,0.0000,BAM,-5.2567,-8.1525,-5.1785,-8.1525,0.0000,0.0000,0.000,0.000,0.0055,47.3,8.51,21,THU,NO_TX,360,,1,kieu=dung_yen;lan=1,1
34.3882,1790258667.483197,0.0208,0,319.50,231.50,0.771,,,-5.2209,0.0465,-7.5953,-0.0184,-5.2209,-7.5953,5.3314,0.3234,0.0000,BAM,-5.2567,-8.1525,-5.1785,-8.1525,0.0000,0.0000,0.000,0.000,0.0055,47.3,8.51,21,THU,NO_TX,360,,1,kieu=dung_yen;lan=1,1
34.4088,1790258667.504264,0.0205,1,320.00,231.50,0.773,-5.2567,-7.5866,-5.2503,-0.3342,-7.5883,0.0737,-5.2503,-7.5882,5.3314,0.3234,0.0000,BAM,-5.2567,-8.1525,-5.1785,-8.1525,0.0000,0.0000,0.000,0.000,0.0043,63.4,8.50,21,THU,NO_TX,360,,1,kieu=dung_yen;lan=1,1
34.4288,1790258667.523827,0.0201,0,320.00,231.50,0.773,,,-5.2570,-0.3342,-7.5868,0.0737,-5.2570,-7.5868,5.3314,0.3234,0.0000,BAM,-5.2567,-8.1525,-5.1785,-8.1525,0.0000,0.0000,0.000,0.000,0.0043,63.4,8.50,21,THU,NO_TX,360,,1,kieu=dung_yen;lan=1,1
34.4489,1790258667.543878,0.0201,0,320.00,231.50,0.773,,,-5.2637,-0.3342,-7.5853,0.0737,-5.2637,-7.5853,5.3314,0.3234,0.0000,BAM,-5.2567,-8.1525,-5.1785,-8.1525,0.0000,0.0000,0.000,0.000,0.0043,63.4,8.50,21,THU,NO_TX,360,,1,kieu=dung_yen;lan=1,1
34.4690,1790258667.564026,0.0201,1,313.50,229.00,0.760,-4.8203,-7.4200,-4.9009,4.3454,-7.4504,1.7349,-4.8288,-7.4453,5.3314,0.3234,0.0000,BAM,-5.2567,-8.1525,-5.1785,-8.1525,0.0000,0.0000,0.000,0.000,0.7113,65.2,12.78,21,THU,NO_TX,360,,1,kieu=dung_yen;lan=1,1
34.4892,1790258667.584246,0.0202,0,313.50,229.00,0.760,,,-4.8131,4.3454,-7.4153,1.7349,-4.7598,-7.4117,5.3314,0.3234,0.0000,BAM,-5.2567,-8.1525,-5.1785,-8.1525,0.0000,0.0000,0.000,0.000,0.7113,65.2,12.78,21,THU,NO_TX,360,,1,kieu=dung_yen;lan=1,1
34.5093,1790258667.604786,0.0200,1,319.50,230.00,0.778,-5.2231,-7.4867,-5.0876,-0.8333,-7.4571,0.6622,-5.0882,-7.4568,5.3314,0.3234,0.0000,BAM,-5.2567,-8.1525,-5.1785,-8.1525,0.0000,0.0000,0.000,0.000,1.2225,46.1,10.01,21,THU,NO_TX,360,,1,kieu=dung_yen;lan=1,1
34.5297,1790258667.624664,0.0204,0,319.50,230.00,0.778,,,-5.1046,-0.8333,-7.4436,0.6622,-5.1050,-7.4434,5.3314,0.3234,0.0000,BAM,-5.2567,-8.1525,-5.1785,-8.1525,0.0000,0.0000,0.000,0.000,1.2225,46.1,10.01,21,THU,NO_TX,360,,1,kieu=dung_yen;lan=1,1
34.5498,1790258667.644755,0.0201,0,319.50,230.00,0.778,,,-5.1213,-0.8333,-7.4303,0.6622,-5.1217,-7.4301,5.3314,0.3234,0.0000,BAM,-5.2567,-8.1525,-5.1785,-8.1525,0.0000,0.0000,0.000,0.000,1.2225,46.1,10.01,21,THU,NO_TX,360,,1,kieu=dung_yen;lan=1,1
34.5704,1790258667.665374,0.0206,0,319.50,230.00,0.778,,,-5.1385,-0.8333,-7.4166,0.6622,-5.1388,-7.4165,5.3314,0.3234,0.0000,BAM,-5.2567,-8.1525,-5.1785,-8.1525,0.0000,0.0000,0.000,0.000,1.2225,46.1,10.01,21,THU,NO_TX,360,,1,kieu=dung_yen;lan=1,1
34.5905,1790258667.685460,0.0201,1,319.50,231.50,0.769,-5.2231,-7.5866,-5.2151,-1.5030,-7.5639,-1.1141,-5.2185,-7.5653,5.3314,0.3234,0.0000,BAM,-5.2567,-8.1525,-5.1785,-8.1525,0.0000,0.0000,0.000,0.000,0.0759,65.7,8.51,21,THU,NO_TX,360,,1,kieu=dung_yen;lan=1,1
34.6105,1790258667.705512,0.0201,0,319.50,231.50,0.769,,,-5.2452,-1.5030,-7.5862,-1.1141,-5.2477,-7.5872,5.3314,0.3234,0.0000,BAM,-5.2567,-8.1525,-5.1785,-8.1525,0.0000,0.0000,0.000,0.000,0.0759,65.7,8.51,21,THU,NO_TX,360,,1,kieu=dung_yen;lan=1,1
34.6309,1790258667.725908,0.0204,1,320.00,229.75,0.782,-5.2567,-7.4701,-5.2619,-1.3070,-7.5086,0.2563,-5.2641,-7.5086,5.3314,0.3234,0.0000,BAM,-5.2567,-8.1525,-5.1785,-8.1525,0.0000,0.0000,0.000,0.000,0.0871,47.9,10.25,21,THU,NO_TX,360,,1,kieu=dung_yen;lan=1,1
34.6510,1790258667.746007,0.0201,0,320.00,229.75,0.782,,,-5.2881,-1.3070,-7.5035,0.2563,-5.2897,-7.5034,5.3314,0.3234,0.0000,BAM,-5.2567,-8.1525,-5.1785,-8.1525,0.0000,0.0000,0.000,0.000,0.0871,47.9,10.25,21,THU,NO_TX,360,,1,kieu=dung_yen;lan=1,1
34.6713,1790258667.766258,0.0203,0,320.00,229.75,0.782,,,-5.3146,-1.3070,-7.4983,0.2563,-5.3158,-7.4983,5.3314,0.3234,0.0000,BAM,-5.2567,-8.1525,-5.1785,-8.1525,0.0000,0.0000,0.000,0.000,0.0871,47.9,10.25,21,THU,NO_TX,360,,1,kieu=dung_yen;lan=1,1
34.6919,1790258667.786869,0.0206,1,320.25,232.00,0.773,-5.2735,-7.6199,-5.2856,-0.5829,-7.5963,-1.0611,-5.2858,-7.5975,5.3314,0.3234,0.0000,BAM,-5.2567,-8.1525,-5.1785,-8.1525,0.0000,0.0000,0.000,0.000,0.0621,63.7,8.00,21,THU,NO_TX,360,,1,kieu=dung_yen;lan=1,1
34.7120,1790258667.806976,0.0201,0,320.25,232.00,0.773,,,-5.2973,-0.5829,-7.6176,-1.0611,-5.2975,-7.6185,5.3314,0.3234,0.0000,BAM,-5.2567,-8.1525,-5.1785,-8.1525,0.0000,0.0000,0.000,0.000,0.0621,63.7,8.00,21,THU,NO_TX,360,,1,kieu=dung_yen;lan=1,1
34.7322,1790258667.827200,0.0202,0,320.25,232.00,0.773,,,-5.3091,-0.5829,-7.6391,-1.0611,-5.3092,-7.6398,5.3314,0.3234,0.0000,BAM,-5.2567,-8.1525,-5.1785,-8.1525,0.0000,0.0000,0.000,0.000,0.0621,63.7,8.00,21,THU,NO_TX,360,,1,kieu=dung_yen;lan=1,1
34.7523,1790258667.847326,0.0201,1,321.00,230.00,0.785,-5.3238,-7.4867,-5.3233,-0.6138,-7.5189,0.6950,-5.3235,-7.5185,5.3314,0.3234,0.0000,BAM,-5.2567,-8.1525,-5.1785,-8.1525,0.0000,0.0000,0.000,0.000,0.0891,64.5,10.05,21,THU,NO_TX,360,,1,kieu=dung_yen;lan=1,1
34.7726,1790258667.867620,0.0203,0,321.00,230.00,0.785,,,-5.3357,-0.6138,-7.5048,0.6950,-5.3359,-7.5045,5.3314,0.3234,0.0000,BAM,-5.2567,-8.1525,-5.1785,-8.1525,0.0000,0.0000,0.000,0.000,0.0891,64.5,10.05,21,THU,NO_TX,360,,1,kieu=dung_yen;lan=1,1
34.7932,1790258667.887884,0.0206,0,321.00,230.00,0.785,,,-5.3484,-0.6138,-7.4905,0.6950,-5.3485,-7.4903,5.3314,0.3234,0.0000,BAM,-5.2567,-8.1525,-5.1785,-8.1525,0.0000,0.0000,0.000,0.000,0.0891,64.5,10.05,21,THU,NO_TX,360,,1,kieu=dung_yen;lan=1,1
34.8132,1790258667.908199,0.0200,1,319.50,231.25,0.767,-5.2231,-7.5700,-5.2475,0.8143,-7.5528,-0.2507,-5.2469,-7.5528,5.3314,0.3234,0.0000,BAM,-5.2567,-8.1525,-5.1785,-8.1525,0.0000,0.0000,0.000,0.000,0.0840,46.2,8.76,21,THU,NO_TX,360,,1,kieu=dung_yen;lan=1,1
34.8332,1790258667.928221,0.0200,0,319.50,231.25,0.767,,,-5.2312,0.8143,-7.5578,-0.2507,-5.2308,-7.5578,5.3314,0.3234,0.0000,BAM,-5.2567,-8.1525,-5.1785,-8.1525,0.0000,0.0000,0.000,0.000,0.0840,46.2,8.76,21,THU,NO_TX,360,,1,kieu=dung_yen;lan=1,1
34.8534,1790258667.948353,0.0201,0,319.50,231.25,0.767,,,-5.2148,0.8143,-7.5628,-0.2507,-5.2145,-7.5628,5.3314,0.3234,0.0000,BAM,-5.2567,-8.1525,-5.1785,-8.1525,0.0000,0.0000,0.000,0.000,0.0840,46.2,8.76,21,THU,NO_TX,360,,1,kieu=dung_yen;lan=1,1
34.8738,1790258667.968752,0.0204,1,319.75,231.25,0.771,-5.2399,-7.5700,-5.2324,0.3807,-7.5696,-0.2711,-5.2324,-7.5696,5.3314,0.3234,0.0000,BAM,-5.2567,-8.1525,-5.1785,-8.1525,0.0000,0.0000,0.000,0.000,0.0054,62.8,8.75,21,THU,NO_TX,360,,1,kieu=dung_yen;lan=1,1
34.8938,1790258667.988797,0.0201,0,319.75,231.25,0.771,,,-5.2248,0.3807,-7.5750,-0.2711,-5.2248,-7.5750,5.3314,0.3234,0.0000,BAM,-5.2567,-8.1525,-5.1785,-8.1525,0.0000,0.0000,0.000,0.000,0.0054,62.8,8.75,21,THU,NO_TX,360,,1,kieu=dung_yen;lan=1,1
34.9147,1790258668.009664,0.0209,0,319.75,231.25,0.771,,,-5.2168,0.3807,-7.5807,-0.2711,-5.2168,-7.5807,5.3314,0.3234,0.0000,BAM,-5.2567,-8.1525,-5.1785,-8.1525,0.0000,0.0000,0.000,0.000,0.0054,62.8,8.75,21,THU,NO_TX,360,,1,kieu=dung_yen;lan=1,1
34.9347,1790258668.029734,0.0200,1,321.00,230.50,0.777,-5.3238,-7.5200,-5.3036,-0.8097,-7.5321,0.3987,-5.3041,-7.5321,5.3314,0.3234,0.0000,BAM,-5.2567,-8.1525,-5.1785,-8.1525,0.0000,0.0000,0.000,0.000,0.0531,64.4,9.55,21,THU,NO_TX,360,,1,kieu=dung_yen;lan=1,1
34.9549,1790258668.049809,0.0201,0,321.00,230.50,0.777,,,-5.3199,-0.8097,-7.5241,0.3987,-5.3203,-7.5241,5.3314,0.3234,0.0000,BAM,-5.2567,-8.1525,-5.1785,-8.1525,0.0000,0.0000,0.000,0.000,0.0531,64.4,9.55,21,THU,NO_TX,360,,1,kieu=dung_yen;lan=1,1
34.9749,1790258668.069914,0.0200,1,320.50,230.25,0.776,-5.2902,-7.5034,-5.3028,-0.3322,-7.5069,0.5271,-5.3028,-7.5068,5.3314,0.3234,0.0000,BAM,-5.2567,-8.1525,-5.1785,-8.1525,0.0000,0.0000,0.000,0.000,0.0107,48.2,9.76,21,THU,NO_TX,360,,1,kieu=dung_yen;lan=1,1
34.9950,1790258668.090024,0.0201,0,320.50,230.25,0.776,,,-5.3094,-0.3322,-7.4963,0.5271,-5.3095,-7.4962,5.3314,0.3234,0.0000,BAM,-5.2567,-8.1525,-5.1785,-8.1525,0.0000,0.0000,0.000,0.000,0.0107,48.2,9.76,21,THU,NO_TX,360,,1,kieu=dung_yen;lan=1,1
35.0153,1790258668.110204,0.0202,0,320.50,230.25,0.776,,,-5.3162,-0.3322,-7.4857,0.5271,-5.3162,-7.4856,5.3314,0.3234,0.0000,BAM,-5.2567,-8.1525,-5.1785,-8.1525,0.0000,0.0000,0.000,0.000,0.0107,48.2,9.76,21,THU,NO_TX,360,,1,kieu=dung_yen;lan=1,1
35.0357,1790258668.130601,0.0204,0,320.50,230.25,0.776,,,-5.3229,-0.3322,-7.4749,0.5271,-5.3230,-7.4749,5.3314,0.3234,0.0000,BAM,-5.2567,-8.1525,-5.1785,-8.1525,0.0000,0.0000,0.000,0.000,0.0107,48.2,9.76,21,THU,NO_TX,360,,1,kieu=dung_yen;lan=1,1
35.0562,1790258668.151205,0.0205,1,312.75,229.00,0.758,-4.7700,-7.4199,-4.8359,5.1949,-7.4254,0.9552,-4.7186,-7.4245,5.3314,0.3234,0.0000,BAM,-5.2567,-8.1525,-5.1785,-8.1525,0.0000,0.0000,0.000,0.000,0.6467,65.9,13.17,21,THU,NO_TX,360,,1,kieu=dung_yen;lan=1,1
35.0773,1790258668.172277,0.0211,0,312.75,229.00,0.758,,,-4.7264,5.1949,-7.4052,0.9552,-4.6396,-7.4046,5.3314,0.3234,0.0000,BAM,-5.2567,-8.1525,-5.1785,-8.1525,0.0000,0.0000,0.000,0.000,0.6467,65.9,13.17,21,THU,NO_TX,360,,1,kieu=dung_yen;lan=1,1
35.0974,1790258668.192371,0.0201,0,312.75,229.00,0.758,,,-4.6220,5.1949,-7.3860,0.9552,-4.5525,-7.3856,5.3314,0.3234,0.0000,BAM,-5.2567,-8.1525,-5.1785,-8.1525,0.0000,0.0000,0.000,0.000,0.6467,65.9,13.17,21,THU,NO_TX,360,,1,kieu=dung_yen;lan=1,1
35.1177,1790258668.212749,0.0204,1,320.50,230.25,0.764,-5.2902,-7.5034,-5.1546,-2.7528,-7.4785,-0.4131,-5.1743,-7.4786,5.3314,0.3234,0.0000,BAM,-5.2567,-8.1525,-5.1785,-8.1525,0.0000,0.0000,0.000,0.000,1.8821,63.1,9.76,21,THU,NO_TX,360,,1,kieu=dung_yen;lan=1,1
35.1384,1790258668.233155,0.0206,0,320.50,230.25,0.764,,,-5.2113,-2.7528,-7.4870,-0.4131,-5.2255,-7.4871,5.3314,0.3234,0.0000,BAM,-5.2567,-8.1525,-5.1785,-8.1525,0.0000,0.0000,0.000,0.000,1.8821,63.1,9.76,21,THU,NO_TX,360,,1,kieu=dung_yen;lan=1,1
35.1588,1790258668.253832,0.0205,1,319.50,231.50,0.768,-5.2231,-7.5866,-5.2350,-2.2854,-7.5616,-1.3389,-5.2465,-7.5639,5.3314,0.3234,0.0000,BAM,-5.2567,-8.1525,-5.1785,-8.1525,0.0000,0.0000,0.000,0.000,0.0456,46.4,8.51,21,THU,NO_TX,360,,1,kieu=dung_yen;lan=1,1
35.1789,1790258668.273851,0.0200,0,319.50,231.50,0.768,,,-5.2808,-2.2854,-7.5884,-1.3389,-5.2891,-7.5901,5.3314,0.3234,0.0000,BAM,-5.2567,-8.1525,-5.1785,-8.1525,0.0000,0.0000,0.000,0.000,0.0456,46.4,8.51,21,THU,NO_TX,360,,1,kieu=dung_yen;lan=1,1
35.1990,1790258668.293945,0.0201,0,319.50,231.50,0.768,,,-5.3267,-2.2854,-7.6153,-1.3389,-5.3332,-7.6167,5.3314,0.3234,0.0000,BAM,-5.2567,-8.1525,-5.1785,-8.1525,0.0000,0.0000,0.000,0.000,0.0456,46.4,8.51,21,THU,NO_TX,360,,1,kieu=dung_yen;lan=1,1
35.2193,1790258668.314235,0.0203,1,321.00,230.25,0.764,-5.3238,-7.5034,-5.3327,-1.7620,-7.5294,0.1020,-5.3383,-7.5294,5.3314,0.3234,0.0000,BAM,-5.2567,-8.1525,-5.1785,-8.1525,0.0000,0.0000,0.000,0.000,0.0654,63.6,9.80,21,THU,NO_TX,360,,1,kieu=dung_yen;lan=1,1
35.2393,1790258668.334300,0.0200,0,321.00,230.25,0.764,,,-5.3679,-1.7620,-7.5273,0.1020,-5.3719,-7.5273,5.3314,0.3234,0.0000,BAM,-5.2567,-8.1525,-5.1785,-8.1525,0.0000,0.0000,0.000,0.000,0.0654,63.6,9.80,21,THU,NO_TX,360,,1,kieu=dung_yen;lan=1,1
35.2599,1790258668.354887,0.0206,0,321.00,230.25,0.764,,,-5.4043,-1.7620,-7.5252,0.1020,-5.4073,-7.5252,5.3314,0.3234,0.0000,BAM,-5.2567,-8.1525,-5.1785,-8.1525,0.0000,0.0000,0.000,0.000,0.0654,63.6,9.80,21,THU,NO_TX,360,,1,kieu=dung_yen;lan=1,1
35.2801,1790258668.375075,0.0202,1,319.75,231.00,0.763,-5.2399,-7.5533,-5.2754,0.3071,-7.5478,-0.2021,-5.2753,-7.5478,5.3314,0.3234,0.0000,BAM,-5.2567,-8.1525,-5.1785,-8.1525,0.0000,0.0000,0.000,0.000,0.1262,66.2,9.00,21,THU,NO_TX,360,,1,kieu=dung_yen;lan=1,1
35.3007,1790258668.395662,0.0206,0,319.75,231.00,0.763,,,-5.2690,0.3071,-7.5519,-0.2021,-5.2690,-7.5519,5.3314,0.3234,0.0000,BAM,-5.2567,-8.1525,-5.1785,-8.1525,0.0000,0.0000,0.000,0.000,0.1262,66.2,9.00,21,THU,NO_TX,360,,1,kieu=dung_yen;lan=1,1
35.3208,1790258668.415814,0.0202,0,319.75,231.00,0.763,,,-5.2628,0.3071,-7.5560,-0.2021,-5.2628,-7.5560,5.3314,0.3234,0.0000,BAM,-5.2567,-8.1525,-5.1785,-8.1525,0.0000,0.0000,0.000,0.000,0.1262,66.2,9.00,21,THU,NO_TX,360,,1,kieu=dung_yen;lan=1,1
35.3410,1790258668.435961,0.0201,1,319.00,231.50,0.767,-5.1895,-7.5866,-5.2014,1.0041,-7.5817,-0.4706,-5.2004,-7.5818,5.3314,0.3234,0.0000,BAM,-5.2567,-8.1525,-5.1785,-8.1525,0.0000,0.0000,0.000,0.000,0.0160,46.3,8.56,21,THU,NO_TX,360,,1,kieu=dung_yen;lan=1,1
35.3611,1790258668.456078,0.0201,0,319.00,231.50,0.767,,,-5.1812,1.0041,-7.5912,-0.4706,-5.1805,-7.5913,5.3314,0.3234,0.0000,BAM,-5.2567,-8.1525,-5.1785,-8.1525,0.0000,0.0000,0.000,0.000,0.0160,46.3,8.56,21,THU,NO_TX,360,,1,kieu=dung_yen;lan=1,1
35.3815,1790258668.476491,0.0204,0,319.00,231.50,0.767,,,-5.1607,1.0041,-7.6008,-0.4706,-5.1601,-7.6008,5.3314,0.3234,0.0000,BAM,-5.2567,-8.1525,-5.1785,-8.1525,0.0000,0.0000,0.000,0.000,0.0160,46.3,8.56,21,THU,NO_TX,360,,1,kieu=dung_yen;lan=1,1
35.4024,1790258668.497363,0.0209,1,312.25,229.00,0.759,-4.7364,-7.4199,-4.8069,5.1900,-7.4545,1.4604,-4.6911,-7.4515,5.3314,0.3234,0.0000,BAM,-5.2567,-8.1525,-5.1785,-8.1525,0.0000,0.0000,0.000,0.000,0.6008,63.2,13.46,21,THU,NO_TX,360,,1,kieu=dung_yen;lan=1,1
35.4224,1790258668.517420,0.0200,0,312.25,229.00,0.759,,,-4.7029,5.1900,-7.4252,1.4604,-4.6159,-7.4230,5.3314,0.3234,0.0000,BAM,-5.2567,-8.1525,-5.1785,-8.1525,0.0000,0.0000,0.000,0.000,0.6008,63.2,13.46,21,THU,NO_TX,360,,1,kieu=dung_yen;lan=1,1
35.4433,1790258668.538304,0.0209,1,319.50,231.50,0.783,-5.2231,-7.5866,-5.0543,-1.3619,-7.5337,-0.4794,-5.0568,-7.5339,5.3314,0.3234,0.0000,BAM,-5.2567,-8.1525,-5.1785,-8.1525,0.0000,0.0000,0.000,0.000,2.0088,48.6,8.51,21,THU,NO_TX,360,,1,kieu=dung_yen;lan=1,1
35.4635,1790258668.558497,0.0202,0,319.50,231.50,0.783,,,-5.0819,-1.3619,-7.5434,-0.4794,-5.0836,-7.5435,5.3314,0.3234,0.0000,BAM,-5.2567,-8.1525,-5.1785,-8.1525,0.0000,0.0000,0.000,0.000,2.0088,48.6,8.51,21,THU,NO_TX,360,,1,kieu=dung_yen;lan=1,1
35.4836,1790258668.578602,0.0201,0,319.50,231.50,0.783,,,-5.1092,-1.3619,-7.5531,-0.4794,-5.1106,-7.5531,5.3314,0.3234,0.0000,BAM,-5.2567,-8.1525,-5.1785,-8.1525,0.0000,0.0000,0.000,0.000,2.0088,48.6,8.51,21,THU,NO_TX,360,,1,kieu=dung_yen;lan=1,1
35.5038,1790258668.598759,0.0202,1,313.25,229.75,0.765,-4.8035,-7.4699,-4.8636,2.1676,-7.4873,0.4809,-4.8534,-7.4872,5.3314,0.3234,0.0000,BAM,-5.2567,-8.1525,-5.1785,-8.1525,0.0000,0.0000,0.000,0.000,0.3746,65.6,12.27,21,THU,NO_TX,360,,1,kieu=dung_yen;lan=1,1
35.5239,1790258668.618862,0.0201,0,313.25,229.75,0.765,,,-4.8201,2.1676,-7.4777,0.4809,-4.8128,-7.4776,5.3314,0.3234,0.0000,BAM,-5.2567,-8.1525,-5.1785,-8.1525,0.0000,0.0000,0.000,0.000,0.3746,65.6,12.27,21,THU,NO_TX,360,,1,kieu=dung_yen;lan=1,1
35.5446,1790258668.639603,0.0207,0,313.25,229.75,0.765,,,-4.7752,2.1676,-7.4677,0.4809,-4.7695,-7.4676,5.3314,0.3234,0.0000,BAM,-5.2567,-8.1525,-5.1785,-8.1525,0.0000,0.0000,0.000,0.000,0.3746,65.6,12.27,21,THU,NO_TX,360,,1,kieu=dung_yen;lan=1,1
35.5648,1790258668.659814,0.0202,1,319.75,231.50,0.771,-5.2399,-7.5866,-5.1500,-3.0935,-7.5630,-0.8175,-5.1782,-7.5636,5.3314,0.3234,0.0000,BAM,-5.2567,-8.1525,-5.1785,-8.1525,0.0000,0.0000,0.000,0.000,0.8443,61.6,8.50,21,THU,NO_TX,360,,1,kieu=dung_yen;lan=1,1
35.5850,1790258668.679935,0.0202,0,319.75,231.50,0.771,,,-5.2124,-3.0935,-7.5795,-0.8175,-5.2328,-7.5799,5.3314,0.3234,0.0000,BAM,-5.2567,-8.1525,-5.1785,-8.1525,0.0000,0.0000,0.000,0.000,0.8443,61.6,8.50,21,THU,NO_TX,360,,1,kieu=dung_yen;lan=1,1
35.6052,1790258668.700176,0.0202,0,319.75,231.50,0.771,,,-5.2749,-3.0935,-7.5960,-0.8175,-5.2908,-7.5963,5.3314,0.3234,0.0000,BAM,-5.2567,-8.1525,-5.1785,-8.1525,0.0000,0.0000,0.000,0.000,0.8443,61.6,8.50,21,THU,NO_TX,360,,1,kieu=dung_yen;lan=1,1
35.6254,1790258668.720382,0.0202,1,320.50,230.50,0.771,-5.2902,-7.5200,-5.2986,-2.6042,-7.5372,0.1191,-5.3158,-7.5372,5.3314,0.3234,0.0000,BAM,-5.2567,-8.1525,-5.1785,-8.1525,0.0000,0.0000,0.000,0.000,0.0322,48.0,9.51,21,THU,NO_TX,360,,1,kieu=dung_yen;lan=1,1
35.6455,1790258668.740544,0.0202,0,320.50,230.50,0.771,,,-5.3511,-2.6042,-7.5348,0.1191,-5.3634,-7.5348,5.3314,0.3234,0.0000,BAM,-5.2567,-8.1525,-5.1785,-8.1525,0.0000,0.0000,0.000,0.000,0.0322,48.0,9.51,21,THU,NO_TX,360,,1,kieu=dung_yen;lan=1,1
35.6661,1790258668.761125,0.0206,0,320.50,230.50,0.771,,,-5.4048,-2.6042,-7.5323,0.1191,-5.4143,-7.5323,5.3314,0.3234,0.0000,BAM,-5.2567,-8.1525,-5.1785,-8.1525,0.0000,0.0000,0.000,0.000,0.0322,48.0,9.51,21,THU,NO_TX,360,,1,kieu=dung_yen;lan=1,1
35.6862,1790258668.781240,0.0201,1,320.00,231.50,0.770,-5.2567,-7.5866,-5.2921,-0.5209,-7.5762,-0.4555,-5.2923,-7.5763,5.3314,0.3234,0.0000,BAM,-5.2567,-8.1525,-5.1785,-8.1525,0.0000,0.0000,0.000,0.000,0.1332,63.8,8.50,21,THU,NO_TX,360,,1,kieu=dung_yen;lan=1,1
35.7063,1790258668.801303,0.0201,0,320.00,231.50,0.770,,,-5.3026,-0.5209,-7.5853,-0.4555,-5.3027,-7.5854,5.3314,0.3234,0.0000,BAM,-5.2567,-8.1525,-5.1785,-8.1525,0.0000,0.0000,0.000,0.000,0.1332,63.8,8.50,21,THU,NO_TX,360,,1,kieu=dung_yen;lan=1,1
35.7265,1790258668.821473,0.0202,0,320.00,231.50,0.770,,,-5.3131,-0.5209,-7.5945,-0.4555,-5.3132,-7.5946,5.3314,0.3234,0.0000,BAM,-5.2567,-8.1525,-5.1785,-8.1525,0.0000,0.0000,0.000,0.000,0.1332,63.8,8.50,21,THU,NO_TX,360,,1,kieu=dung_yen;lan=1,1
35.7465,1790258668.841527,0.0200,1,319.00,231.50,0.770,-5.1895,-7.5866,-5.2135,0.8733,-7.5898,-0.2825,-5.2128,-7.5898,5.3314,0.3234,0.0000,BAM,-5.2567,-8.1525,-5.1785,-8.1525,0.0000,0.0000,0.000,0.000,0.0569,62.9,8.56,21,THU,NO_TX,360,,1,kieu=dung_yen;lan=1,1
35.7666,1790258668.861593,0.0201,0,319.00,231.50,0.770,,,-5.1960,0.8733,-7.5954,-0.2825,-5.1955,-7.5954,5.3314,0.3234,0.0000,BAM,-5.2567,-8.1525,-5.1785,-8.1525,0.0000,0.0000,0.000,0.000,0.0569,62.9,8.56,21,THU,NO_TX,360,,1,kieu=dung_yen;lan=1,1
35.7867,1790258668.881653,0.0201,0,319.00,231.50,0.770,,,-5.1785,0.8733,-7.6011,-0.2825,-5.1781,-7.6011,5.3314,0.3234,0.0000,BAM,-5.2567,-8.1525,-5.1785,-8.1525,0.0000,0.0000,0.000,0.000,0.0569,62.9,8.56,21,THU,NO_TX,360,,1,kieu=dung_yen;lan=1,1
35.8067,1790258668.901717,0.0201,1,320.25,231.50,0.759,-5.2735,-7.5866,-5.2533,-0.2978,-7.5904,-0.0778,-5.2533,-7.5904,5.3314,0.3234,0.0000,BAM,-5.2567,-8.1525,-5.1785,-8.1525,0.0000,0.0000,0.000,0.000,0.0407,50.2,8.50,21,THU,NO_TX,360,,1,kieu=dung_yen;lan=1,1
35.8268,1790258668.921805,0.0201,0,320.25,231.50,0.759,,,-5.2593,-0.2978,-7.5919,-0.0778,-5.2593,-7.5919,5.3314,0.3234,0.0000,BAM,-5.2567,-8.1525,-5.1785,-8.1525,0.0000,0.0000,0.000,0.000,0.0407,50.2,8.50,21,THU,NO_TX,360,,1,kieu=dung_yen;lan=1,1
35.8474,1790258668.942408,0.0206,0,320.25,231.50,0.759,,,-5.2654,-0.2978,-7.5935,-0.0778,-5.2654,-7.5935,5.3314,0.3234,0.0000,BAM,-5.2567,-8.1525,-5.1785,-8.1525,0.0000,0.0000,0.000,0.000,0.0407,50.2,8.50,21,THU,NO_TX,360,,1,kieu=dung_yen;lan=1,1
35.8677,1790258668.962621,0.0203,1,319.25,231.75,0.779,-5.2063,-7.6032,-5.2178,0.3789,-7.6017,-0.1604,-5.2177,-7.6017,5.3314,0.3234,0.0000,BAM,-5.2567,-8.1525,-5.1785,-8.1525,0.0000,0.0000,0.000,0.000,0.0132,64.0,8.28,21,THU,NO_TX,360,,1,kieu=dung_yen;lan=1,1
35.8877,1790258668.982708,0.0200,0,319.25,231.75,0.779,,,-5.2102,0.3789,-7.6050,-0.1604,-5.2102,-7.6050,5.3314,0.3234,0.0000,BAM,-5.2567,-8.1525,-5.1785,-8.1525,0.0000,0.0000,0.000,0.000,0.0132,64.0,8.28,21,THU,NO_TX,360,,1,kieu=dung_yen;lan=1,1
35.9081,1790258669.003042,0.0204,0,319.25,231.75,0.779,,,-5.2025,0.3789,-7.6082,-0.1604,-5.2024,-7.6082,5.3314,0.3234,0.0000,BAM,-5.2567,-8.1525,-5.1785,-8.1525,0.0000,0.0000,0.000,0.000,0.0132,64.0,8.28,21,THU,NO_TX,360,,1,kieu=dung_yen;lan=1,1
35.9283,1790258669.023277,0.0202,1,320.00,231.00,0.771,-5.2567,-7.5533,-5.2457,-0.2639,-7.5640,0.4291,-5.2457,-7.5640,5.3314,0.3234,0.0000,BAM,-5.2567,-8.1525,-5.1785,-8.1525,0.0000,0.0000,0.000,0.000,0.0218,63.4,9.00,21,THU,NO_TX,360,,1,kieu=dung_yen;lan=1,1
35.9484,1790258669.043289,0.0200,0,320.00,231.00,0.771,,,-5.2510,-0.2639,-7.5554,0.4291,-5.2510,-7.5554,5.3314,0.3234,0.0000,BAM,-5.2567,-8.1525,-5.1785,-8.1525,0.0000,0.0000,0.000,0.000,0.0218,63.4,9.00,21,THU,NO_TX,360,,1,kieu=dung_yen;lan=1,1
35.9689,1790258669.063877,0.0205,1,319.50,231.50,0.771,-5.2231,-7.5866,-5.2321,0.0830,-7.5755,0.0253,-5.2321,-7.5755,5.3314,0.3234,0.0000,BAM,-5.2567,-8.1525,-5.1785,-8.1525,0.0000,0.0000,0.000,0.000,0.0123,49.8,8.51,21,THU,NO_TX,360,,1,kieu=dung_yen;lan=1,1
35.9892,1790258669.084142,0.0203,0,319.50,231.50,0.771,,,-5.2304,0.0830,-7.5750,0.0253,-5.2304,-7.5750,5.3314,0.3234,0.0000,BAM,-5.2567,-8.1525,-5.1785,-8.1525,0.0000,0.0000,0.000,0.000,0.0123,49.8,8.51,21,THU,NO_TX,360,,1,kieu=dung_yen;lan=1,1
36.0094,1790258669.104354,0.0202,0,319.50,231.50,0.771,,,-5.2287,0.0830,-7.5745,0.0253,-5.2287,-7.5745,5.3314,0.3234,0.0000,BAM,-5.2567,-8.1525,-5.1785,-8.1525,0.0000,0.0000,0.000,0.000,0.0123,49.8,8.51,21,THU,NO_TX,360,,1,kieu=dung_yen;lan=1,1
36.0295,1790258669.124473,0.0202,1,320.00,231.50,0.761,-5.2567,-7.5866,-5.2513,-0.2305,-7.5842,-0.1054,-5.2514,-7.5842,5.3314,0.3234,0.0000,BAM,-5.2567,-8.1525,-5.1785,-8.1525,0.0000,0.0000,0.000,0.000,0.0032,60.5,8.50,21,THU,NO_TX,360,,1,kieu=dung_yen;lan=1,1
36.0495,1790258669.144534,0.0200,0,320.00,231.50,0.761,,,-5.2560,-0.2305,-7.5863,-0.1054,-5.2560,-7.5863,5.3314,0.3234,0.0000,BAM,-5.2567,-8.1525,-5.1785,-8.1525,0.0000,0.0000,0.000,0.000,0.0032,60.5,8.50,21,THU,NO_TX,360,,1,kieu=dung_yen;lan=1,1
36.0696,1790258669.164574,0.0201,0,320.00,231.50,0.761,,,-5.2606,-0.2305,-7.5885,-0.1054,-5.2606,-7.5885,5.3314,0.3234,0.0000,BAM,-5.2567,-8.1525,-5.1785,-8.1525,0.0000,0.0000,0.000,0.000,0.0032,60.5,8.50,21,THU,NO_TX,360,,1,kieu=dung_yen;lan=1,1
36.0897,1790258669.184706,0.0201,0,320.00,231.50,0.761,,,-5.2652,-0.2305,-7.5906,-0.1054,-5.2652,-7.5906,5.3314,0.3234,0.0000,BAM,-5.2567,-8.1525,-5.1785,-8.1525,0.0000,0.0000,0.000,0.000,0.0032,60.5,8.50,21,THU,NO_TX,360,,1,kieu=dung_yen;lan=1,1
36.1098,1790258669.204781,0.0201,1,320.00,231.00,0.764,-5.2567,-7.5533,-5.2582,-0.1019,-7.5583,0.2713,-5.2582,-7.5582,5.3314,0.3234,0.0000,BAM,-5.2567,-8.1525,-5.1785,-8.1525,0.0000,0.0000,0.000,0.000,0.0035,65.6,9.00,21,THU,NO_TX,360,,1,kieu=dung_yen;lan=1,1
36.1299,1790258669.224869,0.0201,0,320.00,231.00,0.764,,,-5.2603,-0.1019,-7.5528,0.2713,-5.2603,-7.5528,5.3314,0.3234,0.0000,BAM,-5.2567,-8.1525,-5.1785,-8.1525,0.0000,0.0000,0.000,0.000,0.0035,65.6,9.00,21,THU,NO_TX,360,,1,kieu=dung_yen;lan=1,1
36.1500,1790258669.244950,0.0201,1,314.00,229.00,0.758,-4.8539,-7.4200,-4.9650,4.0746,-7.4555,1.5320,-4.9065,-7.4521,5.3314,0.3234,0.0000,BAM,-5.2567,-8.1525,-5.1785,-8.1525,0.0000,0.0000,0.000,0.000,0.8626,46.3,12.53,21,THU,NO_TX,360,,1,kieu=dung_yen;lan=1,1
36.1706,1790258669.265495,0.0205,0,314.00,229.00,0.758,,,-4.8813,4.0746,-7.4240,1.5320,-4.8381,-7.4216,5.3314,0.3234,0.0000,BAM,-5.2567,-8.1525,-5.1785,-8.1525,0.0000,0.0000,0.000,0.000,0.8626,46.3,12.53,21,THU,NO_TX,360,,1,kieu=dung_yen;lan=1,1
36.1918,1790258669.287216,0.0212,0,314.00,229.00,0.758,,,-4.7949,4.0746,-7.3915,1.5320,-4.7609,-7.3896,5.3314,0.3234,0.0000,BAM,-5.2567,-8.1525,-5.1785,-8.1525,0.0000,0.0000,0.000,0.000,0.8626,46.3,12.53,21,THU,NO_TX,360,,1,kieu=dung_yen;lan=1,1
36.2118,1790258669.306723,0.0200,1,320.25,230.50,0.780,-5.2735,-7.5200,-5.1756,-1.8781,-7.4911,-0.1199,-5.1823,-7.4911,5.3314,0.3234,0.0000,BAM,-5.2567,-8.1525,-5.1785,-8.1525,0.0000,0.0000,0.000,0.000,1.0281,64.3,9.50,21,THU,NO_TX,360,,1,kieu=dung_yen;lan=1,1
36.2319,1790258669.326840,0.0201,0,320.25,230.50,0.780,,,-5.2133,-1.8781,-7.4935,-0.1199,-5.2181,-7.4935,5.3314,0.3234,0.0000,BAM,-5.2567,-8.1525,-5.1785,-8.1525,0.0000,0.0000,0.000,0.000,1.0281,64.3,9.50,21,THU,NO_TX,360,,1,kieu=dung_yen;lan=1,1
36.2519,1790258669.346907,0.0200,0,320.25,230.50,0.780,,,-5.2509,-1.8781,-7.4959,-0.1199,-5.2546,-7.4959,5.3314,0.3234,0.0000,BAM,-5.2567,-8.1525,-5.1785,-8.1525,0.0000,0.0000,0.000,0.000,1.0281,64.3,9.50,21,THU,NO_TX,360,,1,kieu=dung_yen;lan=1,1
36.2720,1790258669.367032,0.0201,1,319.50,231.50,0.771,-5.2231,-7.5866,-5.2348,-1.1982,-7.5702,-1.0124,-5.2366,-7.5712,5.3314,0.3234,0.0000,BAM,-5.2567,-8.1525,-5.1785,-8.1525,0.0000,0.0000,0.000,0.000,0.0365,65.9,8.51,21,THU,NO_TX,360,,1,kieu=dung_yen;lan=1,1
36.2921,1790258669.386992,0.0200,0,319.50,231.50,0.771,,,-5.2588,-1.1982,-7.5905,-1.0124,-5.2601,-7.5912,5.3314,0.3234,0.0000,BAM,-5.2567,-8.1525,-5.1785,-8.1525,0.0000,0.0000,0.000,0.000,0.0365,65.9,8.51,21,THU,NO_TX,360,,1,kieu=dung_yen;lan=1,1
36.3129,1790258669.407822,0.0208,0,319.50,231.50,0.771,,,-5.2838,-1.1982,-7.6116,-1.0124,-5.2847,-7.6121,5.3314,0.3234,0.0000,BAM,-5.2567,-8.1525,-5.1785,-8.1525,0.0000,0.0000,0.000,0.000,0.0365,65.9,8.51,21,THU,NO_TX,360,,1,kieu=dung_yen;lan=1,1
36.3330,1790258669.427900,0.0201,1,320.00,231.25,0.767,-5.2567,-7.5700,-5.2657,-0.6669,-7.5813,-0.3852,-5.2660,-7.5814,5.3314,0.3234,0.0000,BAM,-5.2567,-8.1525,-5.1785,-8.1525,0.0000,0.0000,0.000,0.000,0.0193,46.8,8.75,21,THU,NO_TX,360,,1,kieu=dung_yen;lan=1,1
36.3530,1790258669.447957,0.0200,0,320.00,231.25,0.767,,,-5.2791,-0.6669,-7.5891,-0.3852,-5.2793,-7.5891,5.3314,0.3234,0.0000,BAM,-5.2567,-8.1525,-5.1785,-8.1525,0.0000,0.0000,0.000,0.000,0.0193,46.8,8.75,21,THU,NO_TX,360,,1,kieu=dung_yen;lan=1,1
36.3733,1790258669.468215,0.0203,0,320.00,231.25,0.767,,,-5.2926,-0.6669,-7.5969,-0.3852,-5.2928,-7.5969,5.3314,0.3234,0.0000,BAM,-5.2567,-8.1525,-5.1785,-8.1525,0.0000,0.0000,0.000,0.000,0.0193,46.8,8.75,21,THU,NO_TX,360,,1,kieu=dung_yen;lan=1,1
36.3933,1790258669.488281,0.0200,1,318.75,231.25,0.774,-5.1727,-7.5699,-5.1966,0.7188,-7.5764,-0.0340,-5.1962,-7.5764,5.3314,0.3234,0.0000,BAM,-5.2567,-8.1525,-5.1785,-8.1525,0.0000,0.0000,0.000,0.000,0.0589,63.8,8.84,21,THU,NO_TX,360,,1,kieu=dung_yen;lan=1,1
36.4134,1790258669.508407,0.0201,0,318.75,231.25,0.774,,,-5.1821,0.7188,-7.5771,-0.0340,-5.1818,-7.5771,5.3314,0.3234,0.0000,BAM,-5.2567,-8.1525,-5.1785,-8.1525,0.0000,0.0000,0.000,0.000,0.0589,63.8,8.84,21,THU,NO_TX,360,,1,kieu=dung_yen;lan=1,1
36.4336,1790258669.528573,0.0202,1,319.50,231.00,0.773,-5.2231,-7.5533,-5.2080,0.1407,-7.5601,0.2129,-5.2080,-7.5601,5.3314,0.3234,0.0000,BAM,-5.2567,-8.1525,-5.1785,-8.1525,0.0000,0.0000,0.000,0.000,0.0173,47.1,9.01,21,THU,NO_TX,360,,1,kieu=dung_yen;lan=1,1
36.4539,1790258669.548938,0.0204,0,319.50,231.00,0.773,,,-5.2051,0.1407,-7.5558,0.2129,-5.2051,-7.5558,5.3314,0.3234,0.0000,BAM,-5.2567,-8.1525,-5.1785,-8.1525,0.0000,0.0000,0.000,0.000,0.0173,47.1,9.01,21,THU,NO_TX,360,,1,kieu=dung_yen;lan=1,1
36.4741,1790258669.569137,0.0202,0,319.50,231.00,0.773,,,-5.2023,0.1407,-7.5515,0.2129,-5.2023,-7.5515,5.3314,0.3234,0.0000,BAM,-5.2567,-8.1525,-5.1785,-8.1525,0.0000,0.0000,0.000,0.000,0.0173,47.1,9.01,21,THU,NO_TX,360,,1,kieu=dung_yen;lan=1,1
36.4945,1790258669.589444,0.0203,1,319.50,231.00,0.758,-5.2231,-7.5533,-5.2188,-0.1100,-7.5522,0.1494,-5.2188,-7.5522,5.3314,0.3234,0.0000,BAM,-5.2567,-8.1525,-5.1785,-8.1525,0.0000,0.0000,0.000,0.000,0.0019,65.5,9.01,21,THU,NO_TX,360,,1,kieu=dung_yen;lan=1,1
36.5145,1790258669.609512,0.0200,0,319.50,231.00,0.758,,,-5.2211,-0.1100,-7.5492,0.1494,-5.2211,-7.5492,5.3314,0.3234,0.0000,BAM,-5.2567,-8.1525,-5.1785,-8.1525,0.0000,0.0000,0.000,0.000,0.0019,65.5,9.01,21,THU,NO_TX,360,,1,kieu=dung_yen;lan=1,1
36.5350,1790258669.630023,0.0205,0,319.50,231.00,0.758,,,-5.2233,-0.1100,-7.5461,0.1494,-5.2233,-7.5461,5.3314,0.3234,0.0000,BAM,-5.2567,-8.1525,-5.1785,-8.1525,0.0000,0.0000,0.000,0.000,0.0019,65.5,9.01,21,THU,NO_TX,360,,1,kieu=dung_yen;lan=1,1
36.5551,1790258669.650114,0.0201,0,319.50,231.00,0.758,,,-5.2255,-0.1100,-7.5431,0.1494,-5.2255,-7.5431,5.3314,0.3234,0.0000,BAM,-5.2567,-8.1525,-5.1785,-8.1525,0.0000,0.0000,0.000,0.000,0.0019,65.5,9.01,21,THU,NO_TX,360,,1,kieu=dung_yen;lan=1,1
36.5753,1790258669.670260,0.0202,1,320.75,230.50,0.783,-5.3070,-7.5200,-5.2976,-0.8822,-7.5225,0.3410,-5.2983,-7.5225,5.3314,0.3234,0.0000,BAM,-5.2567,-8.1525,-5.1785,-8.1525,0.0000,0.0000,0.000,0.000,0.0138,63.3,9.53,21,THU,NO_TX,360,,1,kieu=dung_yen;lan=1,1
36.5955,1790258669.690541,0.0203,0,320.75,230.50,0.783,,,-5.3155,-0.8822,-7.5156,0.3410,-5.3160,-7.5156,5.3314,0.3234,0.0000,BAM,-5.2567,-8.1525,-5.1785,-8.1525,0.0000,0.0000,0.000,0.000,0.0138,63.3,9.53,21,THU,NO_TX,360,,1,kieu=dung_yen;lan=1,1
36.6156,1790258669.710595,0.0200,1,319.00,231.50,0.770,-5.1895,-7.5866,-5.2285,0.5871,-7.5649,-0.4295,-5.2283,-7.5650,5.3314,0.3234,0.0000,BAM,-5.2567,-8.1525,-5.1785,-8.1525,0.0000,0.0000,0.000,0.000,0.1245,48.2,8.56,21,THU,NO_TX,360,,1,kieu=dung_yen;lan=1,1
36.6357,1790258669.730722,0.0201,0,319.00,231.50,0.770,,,-5.2167,0.5871,-7.5736,-0.4295,-5.2166,-7.5736,5.3314,0.3234,0.0000,BAM,-5.2567,-8.1525,-5.1785,-8.1525,0.0000,0.0000,0.000,0.000,0.1245,48.2,8.56,21,THU,NO_TX,360,,1,kieu=dung_yen;lan=1,1
36.6563,1790258669.751303,0.0206,0,319.00,231.50,0.770,,,-5.2046,0.5871,-7.5824,-0.4295,-5.2045,-7.5825,5.3314,0.3234,0.0000,BAM,-5.2567,-8.1525,-5.1785,-8.1525,0.0000,0.0000,0.000,0.000,0.1245,48.2,8.56,21,THU,NO_TX,360,,1,kieu=dung_yen;lan=1,1
36.6764,1790258669.771407,0.0201,1,314.00,229.00,0.770,-4.8539,-7.4200,-4.9143,4.1982,-7.4518,1.3499,-4.8478,-7.4493,5.3314,0.3234,0.0000,BAM,-5.2567,-8.1525,-5.1785,-8.1525,0.0000,0.0000,0.000,0.000,0.4432,62.7,12.53,21,THU,NO_TX,360,,1,kieu=dung_yen;lan=1,1
36.6965,1790258669.791477,0.0201,0,314.00,229.00,0.770,,,-4.8301,4.1982,-7.4247,1.3499,-4.7812,-7.4229,5.3314,0.3234,0.0000,BAM,-5.2567,-8.1525,-5.1785,-8.1525,0.0000,0.0000,0.000,0.000,0.4432,62.7,12.53,21,THU,NO_TX,360,,1,kieu=dung_yen;lan=1,1
36.7165,1790258669.811542,0.0201,0,314.00,229.00,0.770,,,-4.7458,4.1982,-7.3976,1.3499,-4.7072,-7.3962,5.3314,0.3234,0.0000,BAM,-5.2567,-8.1525,-5.1785,-8.1525,0.0000,0.0000,0.000,0.000,0.4432,62.7,12.53,21,THU,NO_TX,360,,1,kieu=dung_yen;lan=1,1
36.7371,1790258669.832136,0.0206,1,313.50,229.00,0.748,-4.8203,-7.4200,-4.7918,2.5315,-7.4107,0.8428,-4.7759,-7.4101,5.3314,0.3234,0.0000,BAM,-5.2567,-8.1525,-5.1785,-8.1525,0.0000,0.0000,0.000,0.000,0.0873,66.0,12.78,21,THU,NO_TX,360,,1,kieu=dung_yen;lan=1,1
36.7573,1790258669.852201,0.0201,0,313.50,229.00,0.748,,,-4.7408,2.5315,-7.3938,0.8428,-4.7294,-7.3934,5.3314,0.3234,0.0000,BAM,-5.2567,-8.1525,-5.1785,-8.1525,0.0000,0.0000,0.000,0.000,0.0873,66.0,12.78,21,THU,NO_TX,360,,1,kieu=dung_yen;lan=1,1
36.7775,1790258669.872400,0.0202,0,313.50,229.00,0.748,,,-4.6897,2.5315,-7.3768,0.8428,-4.6808,-7.3764,5.3314,0.3234,0.0000,BAM,-5.2567,-8.1525,-5.1785,-8.1525,0.0000,0.0000,0.000,0.000,0.0873,66.0,12.78,21,THU,NO_TX,360,,1,kieu=dung_yen;lan=1,1
36.7975,1790258669.892447,0.0200,1,319.00,231.75,0.772,-5.1895,-7.6032,-5.0908,-3.1883,-7.5580,-1.6226,-5.1214,-7.5622,5.3314,0.3234,0.0000,BAM,-5.2567,-8.1525,-5.1785,-8.1525,0.0000,0.0000,0.000,0.000,1.1212,45.5,8.31,21,THU,NO_TX,360,,1,kieu=dung_yen;lan=1,1
36.8180,1790258669.913020,0.0205,0,319.00,231.75,0.772,,,-5.1563,-3.1883,-7.5913,-1.6226,-5.1783,-7.5943,5.3314,0.3234,0.0000,BAM,-5.2567,-8.1525,-5.1785,-8.1525,0.0000,0.0000,0.000,0.000,1.1212,45.5,8.31,21,THU,NO_TX,360,,1,kieu=dung_yen;lan=1,1
36.8381,1790258669.933071,0.0201,0,319.00,231.75,0.772,,,-5.2202,-3.1883,-7.6238,-1.6226,-5.2376,-7.6262,5.3314,0.3234,0.0000,BAM,-5.2567,-8.1525,-5.1785,-8.1525,0.0000,0.0000,0.000,0.000,1.1212,45.5,8.31,21,THU,NO_TX,360,,1,kieu=dung_yen;lan=1,1
36.8582,1790258669.953180,0.0201,1,313.50,228.75,0.760,-4.8203,-7.4033,-4.9027,1.6360,-7.4500,0.9443,-4.8983,-7.4491,5.3314,0.3234,0.0000,BAM,-5.2567,-8.1525,-5.1785,-8.1525,0.0000,0.0000,0.000,0.000,0.8542,63.4,12.99,21,THU,NO_TX,360,,1,kieu=dung_yen;lan=1,1
36.8783,1790258669.973309,0.0201,0,313.50,228.75,0.760,,,-4.8698,1.6360,-7.4310,0.9443,-4.8667,-7.4304,5.3314,0.3234,0.0000,BAM,-5.2567,-8.1525,-5.1785,-8.1525,0.0000,0.0000,0.000,0.000,0.8542,63.4,12.99,21,THU,NO_TX,360,,1,kieu=dung_yen;lan=1,1
36.8984,1790258669.993424,0.0201,0,313.50,228.75,0.760,,,-4.8369,1.6360,-7.4120,0.9443,-4.8345,-7.4115,5.3314,0.3234,0.0000,BAM,-5.2567,-8.1525,-5.1785,-8.1525,0.0000,0.0000,0.000,0.000,0.8542,63.4,12.99,21,THU,NO_TX,360,,1,kieu=dung_yen;lan=1,1
36.9190,1790258670.014450,0.0205,1,320.00,231.50,0.761,-5.2567,-7.5866,-5.1763,-3.0750,-7.5509,-1.0220,-5.2039,-7.5520,5.3314,0.3234,0.0000,BAM,-5.2567,-8.1525,-5.1785,-8.1525,0.0000,0.0000,0.000,0.000,0.7445,63.4,8.50,21,THU,NO_TX,360,,1,kieu=dung_yen;lan=1,1
36.9390,1790258670.034003,0.0200,0,320.00,231.50,0.761,,,-5.2379,-3.0750,-7.5714,-1.0220,-5.2579,-7.5722,5.3314,0.3234,0.0000,BAM,-5.2567,-8.1525,-5.1785,-8.1525,0.0000,0.0000,0.000,0.000,0.7445,63.4,8.50,21,THU,NO_TX,360,,1,kieu=dung_yen;lan=1,1
36.9596,1790258670.055107,0.0206,1,319.25,231.50,0.780,-5.2063,-7.5866,-5.2320,-2.0848,-7.5882,-0.9627,-5.2408,-7.5891,5.3314,0.3234,0.0000,BAM,-5.2567,-8.1525,-5.1785,-8.1525,0.0000,0.0000,0.000,0.000,0.0426,48.4,8.53,21,THU,NO_TX,360,,1,kieu=dung_yen;lan=1,1
36.9798,1790258670.074785,0.0202,0,319.25,231.50,0.780,,,-5.2740,-2.0848,-7.6076,-0.9627,-5.2804,-7.6083,5.3314,0.3234,0.0000,BAM,-5.2567,-8.1525,-5.1785,-8.1525,0.0000,0.0000,0.000,0.000,0.0426,48.4,8.53,21,THU,NO_TX,360,,1,kieu=dung_yen;lan=1,1
36.9999,1790258670.094886,0.0201,0,319.25,231.50,0.780,,,-5.3159,-2.0848,-7.6270,-0.9627,-5.3209,-7.6275,5.3314,0.3234,0.0000,BAM,-5.2567,-8.1525,-5.1785,-8.1525,0.0000,0.0000,0.000,0.000,0.0426,48.4,8.53,21,THU,NO_TX,360,,1,kieu=dung_yen;lan=1,1
37.0201,1790258670.115106,0.0202,0,319.25,231.50,0.780,,,-5.3581,-2.0848,-7.6465,-0.9627,-5.3622,-7.6469,5.3314,0.3234,0.0000,BAM,-5.2567,-8.1525,-5.1785,-8.1525,0.0000,0.0000,0.000,0.000,0.0426,48.4,8.53,21,THU,NO_TX,360,,1,kieu=dung_yen;lan=1,1
37.0402,1790258670.135186,0.0201,1,321.00,229.75,0.774,-5.3238,-7.4701,-5.3329,-1.3313,-7.4946,0.9377,-5.3353,-7.4938,5.3314,0.3234,0.0000,BAM,-5.2567,-8.1525,-5.1785,-8.1525,0.0000,0.0000,0.000,0.000,0.0887,66.9,10.30,21,THU,NO_TX,360,,1,kieu=dung_yen;lan=1,1
37.0606,1790258670.155570,0.0204,0,321.00,229.75,0.774,,,-5.3600,-1.3313,-7.4755,0.9377,-5.3618,-7.4749,5.3314,0.3234,0.0000,BAM,-5.2567,-8.1525,-5.1785,-8.1525,0.0000,0.0000,0.000,0.000,0.0887,66.9,10.30,21,THU,NO_TX,360,,1,kieu=dung_yen;lan=1,1
37.0807,1790258670.175662,0.0201,0,321.00,229.75,0.774,,,-5.3868,-1.3313,-7.4567,0.9377,-5.3881,-7.4562,5.3314,0.3234,0.0000,BAM,-5.2567,-8.1525,-5.1785,-8.1525,0.0000,0.0000,0.000,0.000,0.0887,66.9,10.30,21,THU,NO_TX,360,,1,kieu=dung_yen;lan=1,1
37.1011,1790258670.196552,0.0204,1,318.75,231.50,0.774,-5.1727,-7.5866,-5.2156,1.1490,-7.5592,-0.5549,-5.2140,-7.5593,5.3314,0.3234,0.0000,BAM,-5.2567,-8.1525,-5.1785,-8.1525,0.0000,0.0000,0.000,0.000,0.2452,63.8,8.59,21,THU,NO_TX,360,,1,kieu=dung_yen;lan=1,1
37.1211,1790258670.216121,0.0201,0,318.75,231.50,0.774,,,-5.1925,1.1490,-7.5703,-0.5549,-5.1914,-7.5704,5.3314,0.3234,0.0000,BAM,-5.2567,-8.1525,-5.1785,-8.1525,0.0000,0.0000,0.000,0.000,0.2452,63.8,8.59,21,THU,NO_TX,360,,1,kieu=dung_yen;lan=1,1
37.1413,1790258670.236278,0.0202,1,320.00,230.25,0.771,-5.2567,-7.5034,-5.2329,0.2353,-7.5252,0.2372,-5.2329,-7.5252,5.3314,0.3234,0.0000,BAM,-5.2567,-8.1525,-5.1785,-8.1525,0.0000,0.0000,0.000,0.000,0.0633,46.3,9.75,21,THU,NO_TX,360,,1,kieu=dung_yen;lan=1,1
37.1617,1790258670.256662,0.0204,0,320.00,230.25,0.771,,,-5.2281,0.2353,-7.5204,0.2372,-5.2281,-7.5204,5.3314,0.3234,0.0000,BAM,-5.2567,-8.1525,-5.1785,-8.1525,0.0000,0.0000,0.000,0.000,0.0633,46.3,9.75,21,THU,NO_TX,360,,1,kieu=dung_yen;lan=1,1
37.1818,1790258670.276756,0.0201,0,320.00,230.25,0.771,,,-5.2234,0.2353,-7.5156,0.2372,-5.2234,-7.5156,5.3314,0.3234,0.0000,BAM,-5.2567,-8.1525,-5.1785,-8.1525,0.0000,0.0000,0.000,0.000,0.0633,46.3,9.75,21,THU,NO_TX,360,,1,kieu=dung_yen;lan=1,1
37.2020,1790258670.297025,0.0203,1,319.25,231.50,0.764,-5.2063,-7.5866,-5.2085,0.3658,-7.5725,-0.5479,-5.2084,-7.5727,5.3314,0.3234,0.0000,BAM,-5.2567,-8.1525,-5.1785,-8.1525,0.0000,0.0000,0.000,0.000,0.0175,65.2,8.53,21,THU,NO_TX,360,,1,kieu=dung_yen;lan=1,1
37.2221,1790258670.317121,0.0201,0,319.25,231.50,0.764,,,-5.2011,0.3658,-7.5835,-0.5479,-5.2011,-7.5836,5.3314,0.3234,0.0000,BAM,-5.2567,-8.1525,-5.1785,-8.1525,0.0000,0.0000,0.000,0.000,0.0175,65.2,8.53,21,THU,NO_TX,360,,1,kieu=dung_yen;lan=1,1
37.2427,1790258670.337638,0.0205,0,319.25,231.50,0.764,,,-5.1936,0.3658,-7.5947,-0.5479,-5.1936,-7.5948,5.3314,0.3234,0.0000,BAM,-5.2567,-8.1525,-5.1785,-8.1525,0.0000,0.0000,0.000,0.000,0.0175,65.2,8.53,21,THU,NO_TX,360,,1,kieu=dung_yen;lan=1,1
37.2631,1790258670.358044,0.0204,1,319.75,231.50,0.758,-5.2399,-7.5866,-5.2304,-0.1896,-7.5901,-0.3528,-5.2304,-7.5902,5.3314,0.3234,0.0000,BAM,-5.2567,-8.1525,-5.1785,-8.1525,0.0000,0.0000,0.000,0.000,0.0100,46.3,8.50,21,THU,NO_TX,360,,1,kieu=dung_yen;lan=1,1
37.2832,1790258670.378215,0.0201,0,319.75,231.50,0.758,,,-5.2342,-0.1896,-7.5972,-0.3528,-5.2342,-7.5973,5.3314,0.3234,0.0000,BAM,-5.2567,-8.1525,-5.1785,-8.1525,0.0000,0.0000,0.000,0.000,0.0100,46.3,8.50,21,THU,NO_TX,360,,1,kieu=dung_yen;lan=1,1
37.3034,1790258670.398355,0.0201,0,319.75,231.50,0.758,,,-5.2380,-0.1896,-7.6044,-0.3528,-5.2380,-7.6044,5.3314,0.3234,0.0000,BAM,-5.2567,-8.1525,-5.1785,-8.1525,0.0000,0.0000,0.000,0.000,0.0100,46.3,8.50,21,THU,NO_TX,360,,1,kieu=dung_yen;lan=1,1
37.3234,1790258670.418445,0.0201,1,320.25,230.50,0.771,-5.2735,-7.5200,-5.2678,-0.5180,-7.5370,0.5731,-5.2679,-7.5368,5.3314,0.3234,0.0000,BAM,-5.2567,-8.1525,-5.1785,-8.1525,0.0000,0.0000,0.000,0.000,0.0279,65.7,9.50,21,THU,NO_TX,360,,1,kieu=dung_yen;lan=1,1
37.3438,1790258670.438802,0.0204,0,320.25,230.50,0.771,,,-5.2783,-0.5180,-7.5254,0.5731,-5.2784,-7.5252,5.3314,0.3234,0.0000,BAM,-5.2567,-8.1525,-5.1785,-8.1525,0.0000,0.0000,0.000,0.000,0.0279,65.7,9.50,21,THU,NO_TX,360,,1,kieu=dung_yen;lan=1,1
37.3640,1790258670.458896,0.0202,0,320.25,230.50,0.771,,,-5.2888,-0.5180,-7.5138,0.5731,-5.2889,-7.5137,5.3314,0.3234,0.0000,BAM,-5.2567,-8.1525,-5.1785,-8.1525,0.0000,0.0000,0.000,0.000,0.0279,65.7,9.50,21,THU,NO_TX,360,,1,kieu=dung_yen;lan=1,1
37.3841,1790258670.479085,0.0201,1,319.00,231.50,0.775,-5.1895,-7.5866,-5.2090,0.6227,-7.5710,-0.2821,-5.2088,-7.5711,5.3314,0.3234,0.0000,BAM,-5.2567,-8.1525,-5.1785,-8.1525,0.0000,0.0000,0.000,0.000,0.0582,61.2,8.56,21,THU,NO_TX,360,,1,kieu=dung_yen;lan=1,1
37.4043,1790258670.499313,0.0202,0,319.00,231.50,0.775,,,-5.1964,0.6227,-7.5767,-0.2821,-5.1962,-7.5768,5.3314,0.3234,0.0000,BAM,-5.2567,-8.1525,-5.1785,-8.1525,0.0000,0.0000,0.000,0.000,0.0582,61.2,8.56,21,THU,NO_TX,360,,1,kieu=dung_yen;lan=1,1
37.4245,1790258670.519465,0.0202,1,319.25,231.50,0.764,-5.2063,-7.5866,-5.2002,0.3889,-7.5854,-0.3241,-5.2001,-7.5855,5.3314,0.3234,0.0000,BAM,-5.2567,-8.1525,-5.1785,-8.1525,0.0000,0.0000,0.000,0.000,0.0025,50.4,8.53,21,THU,NO_TX,360,,1,kieu=dung_yen;lan=1,1
37.4449,1790258670.539897,0.0204,0,319.25,231.50,0.764,,,-5.1923,0.3889,-7.5921,-0.3241,-5.1922,-7.5921,5.3314,0.3234,0.0000,BAM,-5.2567,-8.1525,-5.1785,-8.1525,0.0000,0.0000,0.000,0.000,0.0025,50.4,8.53,21,THU,NO_TX,360,,1,kieu=dung_yen;lan=1,1
37.4650,1790258670.559983,0.0201,0,319.25,231.50,0.764,,,-5.1844,0.3889,-7.5986,-0.3241,-5.1844,-7.5986,5.3314,0.3234,0.0000,BAM,-5.2567,-8.1525,-5.1785,-8.1525,0.0000,0.0000,0.000,0.000,0.0025,50.4,8.53,21,THU,NO_TX,360,,1,kieu=dung_yen;lan=1,1
37.4855,1790258670.580469,0.0205,1,313.50,228.75,0.768,-4.8203,-7.4033,-4.8839,4.1582,-7.4408,1.7619,-4.8188,-7.4354,5.3314,0.3234,0.0000,BAM,-5.2567,-8.1525,-5.1785,-8.1525,0.0000,0.0000,0.000,0.000,0.5153,63.6,12.99,21,THU,NO_TX,360,,1,kieu=dung_yen;lan=1,1
37.5058,1790258670.600807,0.0203,0,313.50,228.75,0.768,,,-4.7994,4.1582,-7.4050,1.7619,-4.7517,-7.4011,5.3314,0.3234,0.0000,BAM,-5.2567,-8.1525,-5.1785,-8.1525,0.0000,0.0000,0.000,0.000,0.5153,63.6,12.99,21,THU,NO_TX,360,,1,kieu=dung_yen;lan=1,1
37.5259,1790258670.620878,0.0201,0,313.50,228.75,0.768,,,-4.7159,4.1582,-7.3696,1.7619,-4.6783,-7.3666,5.3314,0.3234,0.0000,BAM,-5.2567,-8.1525,-5.1785,-8.1525,0.0000,0.0000,0.000,0.000,0.5153,63.6,12.99,21,THU,NO_TX,360,,1,kieu=dung_yen;lan=1,1
37.5467,1790258670.641686,0.0208,0,313.50,228.75,0.768,,,-4.6293,4.1582,-7.3330,1.7619,-4.5984,-7.3305,5.3314,0.3234,0.0000,BAM,-5.2567,-8.1525,-5.1785,-8.1525,0.0000,0.0000,0.000,0.000,0.5153,63.6,12.99,21,THU,NO_TX,360,,1,kieu=dung_yen;lan=1,1
37.5668,1790258670.661827,0.0201,1,320.50,230.25,0.773,-5.2902,-7.5034,-5.2028,-3.0783,-7.4781,-0.1996,-5.2304,-7.4781,5.3314,0.3234,0.0000,BAM,-5.2567,-8.1525,-5.1785,-8.1525,0.0000,0.0000,0.000,0.000,1.2165,64.2,9.76,21,THU,NO_TX,360,,1,kieu=dung_yen;lan=1,1
37.5870,1790258670.682009,0.0202,0,320.50,230.25,0.773,,,-5.2649,-3.0783,-7.4821,-0.1996,-5.2849,-7.4821,5.3314,0.3234,0.0000,BAM,-5.2567,-8.1525,-5.1785,-8.1525,0.0000,0.0000,0.000,0.000,1.2165,64.2,9.76,21,THU,NO_TX,360,,1,kieu=dung_yen;lan=1,1
37.6071,1790258670.702121,0.0201,1,319.25,231.75,0.769,-5.2063,-7.6032,-5.2390,-1.8456,-7.5707,-1.3588,-5.2451,-7.5730,5.3314,0.3234,0.0000,BAM,-5.2567,-8.1525,-5.1785,-8.1525,0.0000,0.0000,0.000,0.000,0.1296,47.5,8.28,21,THU,NO_TX,360,,1,kieu=dung_yen;lan=1,1
37.6272,1790258670.722185,0.0201,0,319.25,231.75,0.769,,,-5.2762,-1.8456,-7.5980,-1.3588,-5.2805,-7.5997,5.3314,0.3234,0.0000,BAM,-5.2567,-8.1525,-5.1785,-8.1525,0.0000,0.0000,0.000,0.000,0.1296,47.5,8.28,21,THU,NO_TX,360,,1,kieu=dung_yen;lan=1,1
37.6475,1790258670.742311,0.0202,0,319.25,231.75,0.769,,,-5.3135,-1.8456,-7.6255,-1.3588,-5.3169,-7.6268,5.3314,0.3234,0.0000,BAM,-5.2567,-8.1525,-5.1785,-8.1525,0.0000,0.0000,0.000,0.000,0.1296,47.5,8.28,21,THU,NO_TX,360,,1,kieu=dung_yen;lan=1,1
37.6677,1790258670.762620,0.0202,1,320.50,230.25,0.795,-5.2902,-7.5034,-5.3011,-1.1999,-7.5313,0.1979,-5.3029,-7.5313,5.3314,0.3234,0.0000,BAM,-5.2567,-8.1525,-5.1785,-8.1525,0.0000,0.0000,0.000,0.000,0.0780,63.8,9.76,21,THU,NO_TX,360,,1,kieu=dung_yen;lan=1,1
37.6882,1790258670.783197,0.0205,0,320.50,230.25,0.795,,,-5.3257,-1.1999,-7.5272,0.1979,-5.3270,-7.5272,5.3314,0.3234,0.0000,BAM,-5.2567,-8.1525,-5.1785,-8.1525,0.0000,0.0000,0.000,0.000,0.0780,63.8,9.76,21,THU,NO_TX,360,,1,kieu=dung_yen;lan=1,1
37.7083,1790258670.803258,0.0201,0,320.50,230.25,0.795,,,-5.3499,-1.1999,-7.5233,0.1979,-5.3508,-7.5232,5.3314,0.3234,0.0000,BAM,-5.2567,-8.1525,-5.1785,-8.1525,0.0000,0.0000,0.000,0.000,0.0780,63.8,9.76,21,THU,NO_TX,360,,1,kieu=dung_yen;lan=1,1
37.7288,1790258670.824323,0.0205,1,319.25,231.50,0.777,-5.2063,-7.5866,-5.2358,0.5406,-7.5743,-0.4828,-5.2357,-7.5744,5.3314,0.3234,0.0000,BAM,-5.2567,-8.1525,-5.1785,-8.1525,0.0000,0.0000,0.000,0.000,0.0997,61.9,8.53,21,THU,NO_TX,360,,1,kieu=dung_yen;lan=1,1
37.7490,1790258670.843976,0.0202,0,319.25,231.50,0.777,,,-5.2249,0.5406,-7.5840,-0.4828,-5.2248,-7.5841,5.3314,0.3234,0.0000,BAM,-5.2567,-8.1525,-5.1785,-8.1525,0.0000,0.0000,0.000,0.000,0.0997,61.9,8.53,21,THU,NO_TX,360,,1,kieu=dung_yen;lan=1,1
37.7690,1790258670.863949,0.0200,0,319.25,231.50,0.777,,,-5.2141,0.5406,-7.5937,-0.4828,-5.2140,-7.5938,5.3314,0.3234,0.0000,BAM,-5.2567,-8.1525,-5.1785,-8.1525,0.0000,0.0000,0.000,0.000,0.0997,61.9,8.53,21,THU,NO_TX,360,,1,kieu=dung_yen;lan=1,1
37.7890,1790258670.884012,0.0200,1,319.50,231.50,0.773,-5.2231,-7.5866,-5.2195,0.3349,-7.5897,-0.3128,-5.2195,-7.5898,5.3314,0.3234,0.0000,BAM,-5.2567,-8.1525,-5.1785,-8.1525,0.0000,0.0000,0.000,0.000,0.0021,49.0,8.51,21,THU,NO_TX,360,,1,kieu=dung_yen;lan=1,1
37.8095,1790258670.904443,0.0205,0,319.50,231.50,0.773,,,-5.2127,0.3349,-7.5961,-0.3128,-5.2126,-7.5962,5.3314,0.3234,0.0000,BAM,-5.2567,-8.1525,-5.1785,-8.1525,0.0000,0.0000,0.000,0.000,0.0021,49.0,8.51,21,THU,NO_TX,360,,1,kieu=dung_yen;lan=1,1
37.8297,1790258670.924650,0.0201,0,319.50,231.50,0.773,,,-5.2059,0.3349,-7.6024,-0.3128,-5.2059,-7.6025,5.3314,0.3234,0.0000,BAM,-5.2567,-8.1525,-5.1785,-8.1525,0.0000,0.0000,0.000,0.000,0.0021,49.0,8.51,21,THU,NO_TX,360,,1,kieu=dung_yen;lan=1,1
37.8502,1790258670.945233,0.0206,1,319.50,231.50,0.777,-5.2231,-7.5866,-5.2189,0.0849,-7.5907,-0.0870,-5.2189,-7.5907,5.3314,0.3234,0.0000,BAM,-5.2567,-8.1525,-5.1785,-8.1525,0.0000,0.0000,0.000,0.000,0.0032,63.0,8.51,21,THU,NO_TX,360,,1,kieu=dung_yen;lan=1,1
37.8703,1790258670.965301,0.0201,0,319.50,231.50,0.777,,,-5.2172,0.0849,-7.5924,-0.0870,-5.2172,-7.5924,5.3314,0.3234,0.0000,BAM,-5.2567,-8.1525,-5.1785,-8.1525,0.0000,0.0000,0.000,0.000,0.0032,63.0,8.51,21,THU,NO_TX,360,,1,kieu=dung_yen;lan=1,1
37.8904,1790258670.985828,0.0201,0,319.50,231.50,0.777,,,-5.2154,0.0849,-7.5942,-0.0870,-5.2154,-7.5942,5.3314,0.3234,0.0000,BAM,-5.2567,-8.1525,-5.1785,-8.1525,0.0000,0.0000,0.000,0.000,0.0032,63.0,8.51,21,THU,NO_TX,360,,1,kieu=dung_yen;lan=1,1
37.9106,1790258671.005577,0.0202,1,320.50,230.50,0.782,-5.2902,-7.5200,-5.2766,-0.7105,-7.5341,0.6824,-5.2769,-7.5338,5.3314,0.3234,0.0000,BAM,-5.2567,-8.1525,-5.1785,-8.1525,0.0000,0.0000,0.000,0.000,0.0353,65.7,9.51,21,THU,NO_TX,360,,1,kieu=dung_yen;lan=1,1
37.9310,1790258671.026023,0.0204,0,320.50,230.50,0.782,,,-5.2911,-0.7105,-7.5202,0.6824,-5.2913,-7.5199,5.3314,0.3234,0.0000,BAM,-5.2567,-8.1525,-5.1785,-8.1525,0.0000,0.0000,0.000,0.000,0.0353,65.7,9.51,21,THU,NO_TX,360,,1,kieu=dung_yen;lan=1,1
37.9518,1790258671.046836,0.0208,1,319.25,231.50,0.774,-5.2063,-7.5866,-5.2329,0.3293,-7.5645,-0.1346,-5.2328,-7.5645,5.3314,0.3234,0.0000,BAM,-5.2567,-8.1525,-5.1785,-8.1525,0.0000,0.0000,0.000,0.000,0.0745,47.6,8.53,21,THU,NO_TX,360,,1,kieu=dung_yen;lan=1,1
37.9719,1790258671.066890,0.0200,0,319.25,231.50,0.774,,,-5.2263,0.3293,-7.5672,-0.1346,-5.2262,-7.5672,5.3314,0.3234,0.0000,BAM,-5.2567,-8.1525,-5.1785,-8.1525,0.0000,0.0000,0.000,0.000,0.0745,47.6,8.53,21,THU,NO_TX,360,,1,kieu=dung_yen;lan=1,1
37.9920,1790258671.087042,0.0202,0,319.25,231.50,0.774,,,-5.2196,0.3293,-7.5699,-0.1346,-5.2196,-7.5699,5.3314,0.3234,0.0000,BAM,-5.2567,-8.1525,-5.1785,-8.1525,0.0000,0.0000,0.000,0.000,0.0745,47.6,8.53,21,THU,NO_TX,360,,1,kieu=dung_yen;lan=1,1
38.0123,1790258671.107225,0.0202,1,319.50,231.50,0.772,-5.2231,-7.5866,-5.2213,0.2222,-7.5840,-0.2788,-5.2212,-7.5840,5.3314,0.3234,0.0000,BAM,-5.2567,-8.1525,-5.1785,-8.1525,0.0000,0.0000,0.000,0.000,0.0009,62.3,8.51,21,THU,NO_TX,360,,1,kieu=dung_yen;lan=1,1
38.0327,1790258671.127627,0.0204,0,319.50,231.50,0.772,,,-5.2167,0.2222,-7.5897,-0.2788,-5.2167,-7.5897,5.3314,0.3234,0.0000,BAM,-5.2567,-8.1525,-5.1785,-8.1525,0.0000,0.0000,0.000,0.000,0.0009,62.3,8.51,21,THU,NO_TX,360,,1,kieu=dung_yen;lan=1,1
38.0532,1790258671.148155,0.0205,0,319.50,231.50,0.772,,,-5.2122,0.2222,-7.5954,-0.2788,-5.2122,-7.5954,5.3314,0.3234,0.0000,BAM,-5.2567,-8.1525,-5.1785,-8.1525,0.0000,0.0000,0.000,0.000,0.0009,62.3,8.51,21,THU,NO_TX,360,,1,kieu=dung_yen;lan=1,1
38.0733,1790258671.168266,0.0201,0,319.50,231.50,0.772,,,-5.2077,0.2222,-7.6010,-0.2788,-5.2077,-7.6010,5.3314,0.3234,0.0000,BAM,-5.2567,-8.1525,-5.1785,-8.1525,0.0000,0.0000,0.000,0.000,0.0009,62.3,8.51,21,THU,NO_TX,360,,1,kieu=dung_yen;lan=1,1
38.0934,1790258671.188356,0.0201,1,320.00,230.25,0.780,-5.2567,-7.5034,-5.2504,-0.2977,-7.5161,0.7056,-5.2504,-7.5158,5.3314,0.3234,0.0000,BAM,-5.2567,-8.1525,-5.1785,-8.1525,0.0000,0.0000,0.000,0.000,0.0269,65.3,9.75,21,THU,NO_TX,360,,1,kieu=dung_yen;lan=1,1
38.1139,1790258671.208869,0.0205,0,320.00,230.25,0.780,,,-5.2565,-0.2977,-7.5016,0.7056,-5.2565,-7.5014,5.3314,0.3234,0.0000,BAM,-5.2567,-8.1525,-5.1785,-8.1525,0.0000,0.0000,0.000,0.000,0.0269,65.3,9.75,21,THU,NO_TX,360,,1,kieu=dung_yen;lan=1,1
38.1340,1790258671.229013,0.0201,1,318.50,230.75,0.758,-5.1559,-7.5367,-5.1847,0.7925,-7.5231,0.2181,-5.1842,-7.5231,5.3314,0.3234,0.0000,BAM,-5.2567,-8.1525,-5.1785,-8.1525,0.0000,0.0000,0.000,0.000,0.0640,48.4,9.37,21,THU,NO_TX,360,,1,kieu=dung_yen;lan=1,1
38.1541,1790258671.249082,0.0201,0,318.50,230.75,0.758,,,-5.1688,0.7925,-7.5187,0.2181,-5.1684,-7.5187,5.3314,0.3234,0.0000,BAM,-5.2567,-8.1525,-5.1785,-8.1525,0.0000,0.0000,0.000,0.000,0.0640,48.4,9.37,21,THU,NO_TX,360,,1,kieu=dung_yen;lan=1,1
38.1742,1790258671.269203,0.0201,0,318.50,230.75,0.758,,,-5.1528,0.7925,-7.5143,0.2181,-5.1525,-7.5143,5.3314,0.3234,0.0000,BAM,-5.2567,-8.1525,-5.1785,-8.1525,0.0000,0.0000,0.000,0.000,0.0640,48.4,9.37,21,THU,NO_TX,360,,1,kieu=dung_yen;lan=1,1
38.1948,1790258671.289821,0.0206,1,318.25,231.25,0.764,-5.1391,-7.5699,-5.1387,0.7640,-7.5588,-0.4072,-5.1382,-7.5589,5.3314,0.3234,0.0000,BAM,-5.2567,-8.1525,-5.1785,-8.1525,0.0000,0.0000,0.000,0.000,0.0107,63.6,8.92,21,THU,NO_TX,360,,1,kieu=dung_yen;lan=1,1
38.2149,1790258671.309876,0.0201,0,318.25,231.25,0.764,,,-5.1233,0.7640,-7.5670,-0.4072,-5.1230,-7.5670,5.3314,0.3234,0.0000,BAM,-5.2567,-8.1525,-5.1785,-8.1525,0.0000,0.0000,0.000,0.000,0.0107,63.6,8.92,21,THU,NO_TX,360,,1,kieu=dung_yen;lan=1,1
38.2352,1790258671.330053,0.0203,0,318.25,231.25,0.764,,,-5.1079,0.7640,-7.5752,-0.4072,-5.1076,-7.5752,5.3314,0.3234,0.0000,BAM,-5.2567,-8.1525,-5.1785,-8.1525,0.0000,0.0000,0.000,0.000,0.0107,63.6,8.92,21,THU,NO_TX,360,,1,kieu=dung_yen;lan=1,1
38.2552,1790258671.350101,0.0200,1,320.75,230.50,0.774,-5.3070,-7.5200,-5.2687,-1.4589,-7.5318,0.2331,-5.2719,-7.5317,5.3314,0.3234,0.0000,BAM,-5.2567,-8.1525,-5.1785,-8.1525,0.0000,0.0000,0.000,0.000,0.1549,48.7,9.53,21,THU,NO_TX,360,,1,kieu=dung_yen;lan=1,1
38.2757,1790258671.370673,0.0205,0,320.75,230.50,0.774,,,-5.2986,-1.4589,-7.5270,0.2331,-5.3009,-7.5270,5.3314,0.3234,0.0000,BAM,-5.2567,-8.1525,-5.1785,-8.1525,0.0000,0.0000,0.000,0.000,0.1549,48.7,9.53,21,THU,NO_TX,360,,1,kieu=dung_yen;lan=1,1
38.2962,1790258671.391184,0.0205,0,320.75,230.50,0.774,,,-5.3286,-1.4589,-7.5222,0.2331,-5.3303,-7.5222,5.3314,0.3234,0.0000,BAM,-5.2567,-8.1525,-5.1785,-8.1525,0.0000,0.0000,0.000,0.000,0.1549,48.7,9.53,21,THU,NO_TX,360,,1,kieu=dung_yen;lan=1,1
38.3163,1790258671.411281,0.0201,1,320.00,231.50,0.768,-5.2567,-7.5866,-5.2745,-0.4086,-7.5739,-0.4661,-5.2746,-7.5740,5.3314,0.3234,0.0000,BAM,-5.2567,-8.1525,-5.1785,-8.1525,0.0000,0.0000,0.000,0.000,0.0454,63.0,8.50,21,THU,NO_TX,360,,1,kieu=dung_yen;lan=1,1
38.3369,1790258671.431926,0.0206,0,320.00,231.50,0.768,,,-5.2830,-0.4086,-7.5836,-0.4661,-5.2830,-7.5836,5.3314,0.3234,0.0000,BAM,-5.2567,-8.1525,-5.1785,-8.1525,0.0000,0.0000,0.000,0.000,0.0454,63.0,8.50,21,THU,NO_TX,360,,1,kieu=dung_yen;lan=1,1
38.3574,1790258671.452375,0.0205,0,320.00,231.50,0.768,,,-5.2913,-0.4086,-7.5931,-0.4661,-5.2914,-7.5932,5.3314,0.3234,0.0000,BAM,-5.2567,-8.1525,-5.1785,-8.1525,0.0000,0.0000,0.000,0.000,0.0454,63.0,8.50,21,THU,NO_TX,360,,1,kieu=dung_yen;lan=1,1
38.3779,1790258671.472878,0.0205,1,319.25,231.50,0.777,-5.2063,-7.5866,-5.2226,0.5601,-7.5895,-0.3036,-5.2224,-7.5895,5.3314,0.3234,0.0000,BAM,-5.2567,-8.1525,-5.1785,-8.1525,0.0000,0.0000,0.000,0.000,0.0272,62.4,8.53,21,THU,NO_TX,360,,1,kieu=dung_yen;lan=1,1
38.3983,1790258671.493264,0.0204,0,319.25,231.50,0.777,,,-5.2111,0.5601,-7.5957,-0.3036,-5.2110,-7.5957,5.3314,0.3234,0.0000,BAM,-5.2567,-8.1525,-5.1785,-8.1525,0.0000,0.0000,0.000,0.000,0.0272,62.4,8.53,21,THU,NO_TX,360,,1,kieu=dung_yen;lan=1,1
38.4189,1790258671.513929,0.0206,1,314.50,229.50,0.761,-4.8874,-7.4533,-4.9710,3.8135,-7.4942,1.1992,-4.9211,-7.4925,5.3314,0.3234,0.0000,BAM,-5.2567,-8.1525,-5.1785,-8.1525,0.0000,0.0000,0.000,0.000,0.5514,47.7,11.85,21,THU,NO_TX,360,,1,kieu=dung_yen;lan=1,1
38.4394,1790258671.534374,0.0204,0,314.50,229.50,0.761,,,-4.8931,3.8135,-7.4697,1.1992,-4.8566,-7.4684,5.3314,0.3234,0.0000,BAM,-5.2567,-8.1525,-5.1785,-8.1525,0.0000,0.0000,0.000,0.000,0.5514,47.7,11.85,21,THU,NO_TX,360,,1,kieu=dung_yen;lan=1,1
38.4595,1790258671.554486,0.0201,0,314.50,229.50,0.761,,,-4.8164,3.8135,-7.4455,1.1992,-4.7875,-7.4446,5.3314,0.3234,0.0000,BAM,-5.2567,-8.1525,-5.1785,-8.1525,0.0000,0.0000,0.000,0.000,0.5514,47.7,11.85,21,THU,NO_TX,360,,1,kieu=dung_yen;lan=1,1
38.4796,1790258671.574588,0.0201,1,319.00,231.50,0.768,-5.1895,-7.5866,-5.1087,-0.9483,-7.5557,-0.5078,-5.1096,-7.5559,5.3314,0.3234,0.0000,BAM,-5.2567,-8.1525,-5.1785,-8.1525,0.0000,0.0000,0.000,0.000,0.7142,63.9,8.56,21,THU,NO_TX,360,,1,kieu=dung_yen;lan=1,1
38.5001,1790258671.595105,0.0205,0,319.00,231.50,0.768,,,-5.1282,-0.9483,-7.5662,-0.5078,-5.1288,-7.5662,5.3314,0.3234,0.0000,BAM,-5.2567,-8.1525,-5.1785,-8.1525,0.0000,0.0000,0.000,0.000,0.7142,63.9,8.56,21,THU,NO_TX,360,,1,kieu=dung_yen;lan=1,1
38.5205,1790258671.615477,0.0204,0,319.00,231.50,0.768,,,-5.1475,-0.9483,-7.5765,-0.5078,-5.1480,-7.5766,5.3314,0.3234,0.0000,BAM,-5.2567,-8.1525,-5.1785,-8.1525,0.0000,0.0000,0.000,0.000,0.7142,63.9,8.56,21,THU,NO_TX,360,,1,kieu=dung_yen;lan=1,1
38.5408,1790258671.635828,0.0203,1,319.50,231.50,0.770,-5.2231,-7.5866,-5.2132,-1.5307,-7.5866,-0.5055,-5.2168,-7.5868,5.3314,0.3234,0.0000,BAM,-5.2567,-8.1525,-5.1785,-8.1525,0.0000,0.0000,0.000,0.000,0.0097,63.8,8.51,21,THU,NO_TX,360,,1,kieu=dung_yen;lan=1,1
38.5614,1790258671.656392,0.0206,0,319.50,231.50,0.770,,,-5.2447,-1.5307,-7.5970,-0.5055,-5.2472,-7.5971,5.3314,0.3234,0.0000,BAM,-5.2567,-8.1525,-5.1785,-8.1525,0.0000,0.0000,0.000,0.000,0.0097,63.8,8.51,21,THU,NO_TX,360,,1,kieu=dung_yen;lan=1,1
38.5815,1790258671.676462,0.0201,0,319.50,231.50,0.770,,,-5.2754,-1.5307,-7.6072,-0.5055,-5.2774,-7.6073,5.3314,0.3234,0.0000,BAM,-5.2567,-8.1525,-5.1785,-8.1525,0.0000,0.0000,0.000,0.000,0.0097,63.8,8.51,21,THU,NO_TX,360,,1,kieu=dung_yen;lan=1,1
38.6015,1790258671.696525,0.0200,1,321.00,230.50,0.785,-5.3238,-7.5200,-5.3207,-1.7148,-7.5380,0.4794,-5.3257,-7.5379,5.3314,0.3234,0.0000,BAM,-5.2567,-8.1525,-5.1785,-8.1525,0.0000,0.0000,0.000,0.000,0.0289,47.9,9.55,21,THU,NO_TX,360,,1,kieu=dung_yen;lan=1,1
38.6217,1790258671.716678,0.0202,0,321.00,230.50,0.785,,,-5.3552,-1.7148,-7.5283,0.4794,-5.3588,-7.5283,5.3314,0.3234,0.0000,BAM,-5.2567,-8.1525,-5.1785,-8.1525,0.0000,0.0000,0.000,0.000,0.0289,47.9,9.55,21,THU,NO_TX,360,,1,kieu=dung_yen;lan=1,1
38.6418,1790258671.736793,0.0201,0,321.00,230.50,0.785,,,-5.3897,-1.7148,-7.5187,0.4794,-5.3925,-7.5186,5.3314,0.3234,0.0000,BAM,-5.2567,-8.1525,-5.1785,-8.1525,0.0000,0.0000,0.000,0.000,0.0289,47.9,9.55,21,THU,NO_TX,360,,1,kieu=dung_yen;lan=1,1
38.6619,1790258671.756874,0.0201,1,319.00,231.50,0.771,-5.1895,-7.5866,-5.2315,0.7265,-7.5722,-0.3072,-5.2311,-7.5722,5.3314,0.3234,0.0000,BAM,-5.2567,-8.1525,-5.1785,-8.1525,0.0000,0.0000,0.000,0.000,0.1892,65.7,8.56,21,THU,NO_TX,360,,1,kieu=dung_yen;lan=1,1
38.6820,1790258671.776960,0.0201,0,319.00,231.50,0.771,,,-5.2169,0.7265,-7.5784,-0.3072,-5.2166,-7.5784,5.3314,0.3234,0.0000,BAM,-5.2567,-8.1525,-5.1785,-8.1525,0.0000,0.0000,0.000,0.000,0.1892,65.7,8.56,21,THU,NO_TX,360,,1,kieu=dung_yen;lan=1,1
38.7020,1790258671.797004,0.0200,0,319.00,231.50,0.771,,,-5.2023,0.7265,-7.5845,-0.3072,-5.2021,-7.5845,5.3314,0.3234,0.0000,BAM,-5.2567,-8.1525,-5.1785,-8.1525,0.0000,0.0000,0.000,0.000,0.1892,65.7,8.56,21,THU,NO_TX,360,,1,kieu=dung_yen;lan=1,1
38.7225,1790258671.818040,0.0205,1,320.75,230.50,0.787,-5.3070,-7.5200,-5.2858,-0.5174,-7.5331,0.4109,-5.2859,-7.5330,5.3314,0.3234,0.0000,BAM,-5.2567,-8.1525,-5.1785,-8.1525,0.0000,0.0000,0.000,0.000,0.0590,64.8,9.53,21,THU,NO_TX,360,,1,kieu=dung_yen;lan=1,1
38.7429,1790258671.837886,0.0204,0,320.75,230.50,0.787,,,-5.2963,-0.5174,-7.5247,0.4109,-5.2964,-7.5247,5.3314,0.3234,0.0000,BAM,-5.2567,-8.1525,-5.1785,-8.1525,0.0000,0.0000,0.000,0.000,0.0590,64.8,9.53,21,THU,NO_TX,360,,1,kieu=dung_yen;lan=1,1
38.7638,1790258671.858757,0.0208,0,320.75,230.50,0.787,,,-5.3071,-0.5174,-7.5161,0.4109,-5.3072,-7.5161,5.3314,0.3234,0.0000,BAM,-5.2567,-8.1525,-5.1785,-8.1525,0.0000,0.0000,0.000,0.000,0.0590,64.8,9.53,21,THU,NO_TX,360,,1,kieu=dung_yen;lan=1,1
38.7838,1790258671.879318,0.0200,1,313.25,230.00,0.773,-4.8034,-7.4865,-4.8936,4.8185,-7.4904,0.6275,-4.7983,-7.4902,5.3314,0.3234,0.0000,BAM,-5.2567,-8.1525,-5.1785,-8.1525,0.0000,0.0000,0.000,0.000,0.8080,48.6,12.06,21,THU,NO_TX,360,,1,kieu=dung_yen;lan=1,1
38.8038,1790258671.898817,0.0200,0,313.25,230.00,0.773,,,-4.7972,4.8185,-7.4779,0.6275,-4.7261,-7.4777,5.3314,0.3234,0.0000,BAM,-5.2567,-8.1525,-5.1785,-8.1525,0.0000,0.0000,0.000,0.000,0.8080,48.6,12.06,21,THU,NO_TX,360,,1,kieu=dung_yen;lan=1,1
38.8242,1790258671.919178,0.0204,0,313.25,230.00,0.773,,,-4.6991,4.8185,-7.4651,0.6275,-4.6426,-7.4649,5.3314,0.3234,0.0000,BAM,-5.2567,-8.1525,-5.1785,-8.1525,0.0000,0.0000,0.000,0.000,0.8080,48.6,12.06,21,THU,NO_TX,360,,1,kieu=dung_yen;lan=1,1
38.8443,1790258671.939264,0.0201,1,318.50,231.75,0.772,-5.1559,-7.6032,-5.0571,-0.9360,-7.5753,-0.9008,-5.0580,-7.5760,5.3314,0.3234,0.0000,BAM,-5.2567,-8.1525,-5.1785,-8.1525,0.0000,0.0000,0.000,0.000,1.0190,60.4,8.39,21,THU,NO_TX,360,,1,kieu=dung_yen;lan=1,1
38.8644,1790258671.959319,0.0201,0,318.50,231.75,0.772,,,-5.0760,-0.9360,-7.5934,-0.9008,-5.0766,-7.5940,5.3314,0.3234,0.0000,BAM,-5.2567,-8.1525,-5.1785,-8.1525,0.0000,0.0000,0.000,0.000,1.0190,60.4,8.39,21,THU,NO_TX,360,,1,kieu=dung_yen;lan=1,1
38.8844,1790258671.979422,0.0201,0,318.50,231.75,0.772,,,-5.0947,-0.9360,-7.6115,-0.9008,-5.0952,-7.6119,5.3314,0.3234,0.0000,BAM,-5.2567,-8.1525,-5.1785,-8.1525,0.0000,0.0000,0.000,0.000,1.0190,60.4,8.39,21,THU,NO_TX,360,,1,kieu=dung_yen;lan=1,1
38.9049,1790258671.999905,0.0205,1,317.75,231.25,0.782,-5.1056,-7.5699,-5.1070,-0.8492,-7.5810,-0.2922,-5.1077,-7.5810,5.3314,0.3234,0.0000,BAM,-5.2567,-8.1525,-5.1785,-8.1525,0.0000,0.0000,0.000,0.000,0.0108,64.6,9.03,21,THU,NO_TX,360,,1,kieu=dung_yen;lan=1,1
38.9250,1790258672.019947,0.0201,0,317.75,231.25,0.782,,,-5.1241,-0.8492,-7.5869,-0.2922,-5.1246,-7.5869,5.3314,0.3234,0.0000,BAM,-5.2567,-8.1525,-5.1785,-8.1525,0.0000,0.0000,0.000,0.000,0.0108,64.6,9.03,21,THU,NO_TX,360,,1,kieu=dung_yen;lan=1,1
38.9451,1790258672.040056,0.0200,1,320.50,230.50,0.789,-5.2902,-7.5200,-5.2495,-2.4012,-7.5404,0.4417,-5.2629,-7.5403,5.3314,0.3234,0.0000,BAM,-5.2567,-8.1525,-5.1785,-8.1525,0.0000,0.0000,0.000,0.000,0.1293,49.6,9.51,21,THU,NO_TX,360,,1,kieu=dung_yen;lan=1,1
38.9653,1790258672.060323,0.0203,0,320.50,230.50,0.789,,,-5.2982,-2.4012,-7.5314,0.4417,-5.3078,-7.5314,5.3314,0.3234,0.0000,BAM,-5.2567,-8.1525,-5.1785,-8.1525,0.0000,0.0000,0.000,0.000,0.1293,49.6,9.51,21,THU,NO_TX,360,,1,kieu=dung_yen;lan=1,1
38.9855,1790258672.080394,0.0201,0,320.50,230.50,0.789,,,-5.3465,-2.4012,-7.5225,0.4417,-5.3540,-7.5225,5.3314,0.3234,0.0000,BAM,-5.2567,-8.1525,-5.1785,-8.1525,0.0000,0.0000,0.000,0.000,0.1293,49.6,9.51,21,THU,NO_TX,360,,1,kieu=dung_yen;lan=1,1
39.0055,1790258672.101000,0.0200,1,319.25,232.00,0.757,-5.2063,-7.6199,-5.2403,-0.4043,-7.5999,-0.6573,-5.2404,-7.6002,5.3314,0.3234,0.0000,BAM,-5.2567,-8.1525,-5.1785,-8.1525,0.0000,0.0000,0.000,0.000,0.1455,63.1,8.04,21,THU,NO_TX,360,,1,kieu=dung_yen;lan=1,1
39.0259,1790258672.120874,0.0204,0,319.25,232.00,0.757,,,-5.2486,-0.4043,-7.6133,-0.6573,-5.2486,-7.6135,5.3314,0.3234,0.0000,BAM,-5.2567,-8.1525,-5.1785,-8.1525,0.0000,0.0000,0.000,0.000,0.1455,63.1,8.04,21,THU,NO_TX,360,,1,kieu=dung_yen;lan=1,1
39.0460,1790258672.140900,0.0201,0,319.25,232.00,0.757,,,-5.2567,-0.4043,-7.6265,-0.6573,-5.2567,-7.6267,5.3314,0.3234,0.0000,BAM,-5.2567,-8.1525,-5.1785,-8.1525,0.0000,0.0000,0.000,0.000,0.1455,63.1,8.04,21,THU,NO_TX,360,,1,kieu=dung_yen;lan=1,1
39.0665,1790258672.161973,0.0205,1,319.50,231.00,0.772,-5.2231,-7.5533,-5.2305,0.0293,-7.5692,0.2175,-5.2305,-7.5692,5.3314,0.3234,0.0000,BAM,-5.2567,-8.1525,-5.1785,-8.1525,0.0000,0.0000,0.000,0.000,0.0274,47.5,9.01,21,THU,NO_TX,360,,1,kieu=dung_yen;lan=1,1
39.0865,1790258672.181521,0.0201,0,319.50,231.00,0.772,,,-5.2299,0.0293,-7.5649,0.2175,-5.2299,-7.5649,5.3314,0.3234,0.0000,BAM,-5.2567,-8.1525,-5.1785,-8.1525,0.0000,0.0000,0.000,0.000,0.0274,47.5,9.01,21,THU,NO_TX,360,,1,kieu=dung_yen;lan=1,1
39.1066,1790258672.201606,0.0201,0,319.50,231.00,0.772,,,-5.2293,0.0293,-7.5605,0.2175,-5.2293,-7.5605,5.3314,0.3234,0.0000,BAM,-5.2567,-8.1525,-5.1785,-8.1525,0.0000,0.0000,0.000,0.000,0.0274,47.5,9.01,21,THU,NO_TX,360,,1,kieu=dung_yen;lan=1,1
39.1268,1790258672.221695,0.0201,1,318.50,231.50,0.771,-5.1559,-7.5866,-5.1690,0.7858,-7.5809,-0.0913,-5.1685,-7.5809,5.3314,0.3234,0.0000,BAM,-5.2567,-8.1525,-5.1785,-8.1525,0.0000,0.0000,0.000,0.000,0.0193,65.1,8.63,21,THU,NO_TX,360,,1,kieu=dung_yen;lan=1,1
39.1468,1790258672.241760,0.0201,0,318.50,231.50,0.771,,,-5.1532,0.7858,-7.5827,-0.0913,-5.1529,-7.5827,5.3314,0.3234,0.0000,BAM,-5.2567,-8.1525,-5.1785,-8.1525,0.0000,0.0000,0.000,0.000,0.0193,65.1,8.63,21,THU,NO_TX,360,,1,kieu=dung_yen;lan=1,1
39.1669,1790258672.261896,0.0201,0,318.50,231.50,0.771,,,-5.1375,0.7858,-7.5846,-0.0913,-5.1372,-7.5846,5.3314,0.3234,0.0000,BAM,-5.2567,-8.1525,-5.1785,-8.1525,0.0000,0.0000,0.000,0.000,0.0193,65.1,8.63,21,THU,NO_TX,360,,1,kieu=dung_yen;lan=1,1
39.1869,1790258672.281908,0.0200,1,319.00,231.25,0.761,-5.1895,-7.5700,-5.1773,0.0803,-7.5730,0.0757,-5.1773,-7.5730,5.3314,0.3234,0.0000,BAM,-5.2567,-8.1525,-5.1785,-8.1525,0.0000,0.0000,0.000,0.000,0.0152,63.3,8.81,21,THU,NO_TX,360,,1,kieu=dung_yen;lan=1,1
39.2070,1790258672.302012,0.0201,0,319.00,231.25,0.761,,,-5.1757,0.0803,-7.5715,0.0757,-5.1757,-7.5715,5.3314,0.3234,0.0000,BAM,-5.2567,-8.1525,-5.1785,-8.1525,0.0000,0.0000,0.000,0.000,0.0152,63.3,8.81,21,THU,NO_TX,360,,1,kieu=dung_yen;lan=1,1
39.2271,1790258672.322115,0.0201,0,319.00,231.25,0.761,,,-5.1741,0.0803,-7.5700,0.0757,-5.1741,-7.5700,5.3314,0.3234,0.0000,BAM,-5.2567,-8.1525,-5.1785,-8.1525,0.0000,0.0000,0.000,0.000,0.0152,63.3,8.81,21,THU,NO_TX,360,,1,kieu=dung_yen;lan=1,1
39.2473,1790258672.342246,0.0201,1,319.25,231.00,0.764,-5.2063,-7.5533,-5.2003,-0.2714,-7.5561,0.2293,-5.2003,-7.5561,5.3314,0.3234,0.0000,BAM,-5.2567,-8.1525,-5.1785,-8.1525,0.0000,0.0000,0.000,0.000,0.0042,48.6,9.03,21,THU,NO_TX,360,,1,kieu=dung_yen;lan=1,1
39.2673,1790258672.362296,0.0200,0,319.25,231.00,0.764,,,-5.2057,-0.2714,-7.5515,0.2293,-5.2057,-7.5515,5.3314,0.3234,0.0000,BAM,-5.2567,-8.1525,-5.1785,-8.1525,0.0000,0.0000,0.000,0.000,0.0042,48.6,9.03,21,THU,NO_TX,360,,1,kieu=dung_yen;lan=1,1
39.2879,1790258672.382890,0.0206,0,319.25,231.00,0.764,,,-5.2113,-0.2714,-7.5468,0.2293,-5.2113,-7.5468,5.3314,0.3234,0.0000,BAM,-5.2567,-8.1525,-5.1785,-8.1525,0.0000,0.0000,0.000,0.000,0.0042,48.6,9.03,21,THU,NO_TX,360,,1,kieu=dung_yen;lan=1,1
39.3080,1790258672.403003,0.0201,1,320.25,230.75,0.798,-5.2735,-7.5367,-5.2634,-0.8608,-7.5377,0.2852,-5.2641,-7.5377,5.3314,0.3234,0.0000,BAM,-5.2567,-8.1525,-5.1785,-8.1525,0.0000,0.0000,0.000,0.000,0.0100,63.5,9.25,21,THU,NO_TX,360,,1,kieu=dung_yen;lan=1,1
39.3281,1790258672.423075,0.0201,0,320.25,230.75,0.798,,,-5.2807,-0.8608,-7.5320,0.2852,-5.2811,-7.5319,5.3314,0.3234,0.0000,BAM,-5.2567,-8.1525,-5.1785,-8.1525,0.0000,0.0000,0.000,0.000,0.0100,63.5,9.25,21,THU,NO_TX,360,,1,kieu=dung_yen;lan=1,1
39.3481,1790258672.443130,0.0201,0,320.25,230.75,0.798,,,-5.2979,-0.8608,-7.5262,0.2852,-5.2983,-7.5262,5.3314,0.3234,0.0000,BAM,-5.2567,-8.1525,-5.1785,-8.1525,0.0000,0.0000,0.000,0.000,0.0100,63.5,9.25,21,THU,NO_TX,360,,1,kieu=dung_yen;lan=1,1
39.3682,1790258672.463231,0.0201,1,319.25,231.25,0.771,-5.2063,-7.5700,-5.2258,0.2724,-7.5608,-0.2163,-5.2258,-7.5608,5.3314,0.3234,0.0000,BAM,-5.2567,-8.1525,-5.1785,-8.1525,0.0000,0.0000,0.000,0.000,0.0443,64.6,8.78,21,THU,NO_TX,360,,1,kieu=dung_yen;lan=1,1
39.3883,1790258672.483280,0.0200,0,319.25,231.25,0.771,,,-5.2204,0.2724,-7.5651,-0.2163,-5.2204,-7.5651,5.3314,0.3234,0.0000,BAM,-5.2567,-8.1525,-5.1785,-8.1525,0.0000,0.0000,0.000,0.000,0.0443,64.6,8.78,21,THU,NO_TX,360,,1,kieu=dung_yen;lan=1,1
39.4084,1790258672.503417,0.0201,1,319.00,231.25,0.772,-5.1895,-7.5700,-5.1964,0.5367,-7.5698,-0.2214,-5.1963,-7.5698,5.3314,0.3234,0.0000,BAM,-5.2567,-8.1525,-5.1785,-8.1525,0.0000,0.0000,0.000,0.000,0.0031,44.8,8.81,21,THU,NO_TX,360,,1,kieu=dung_yen;lan=1,1
39.4289,1790258672.523855,0.0204,0,319.00,231.25,0.772,,,-5.1855,0.5367,-7.5743,-0.2214,-5.1854,-7.5743,5.3314,0.3234,0.0000,BAM,-5.2567,-8.1525,-5.1785,-8.1525,0.0000,0.0000,0.000,0.000,0.0031,44.8,8.81,21,THU,NO_TX,360,,1,kieu=dung_yen;lan=1,1
39.4497,1790258672.544680,0.0208,0,319.00,231.25,0.772,,,-5.1743,0.5367,-7.5789,-0.2214,-5.1742,-7.5790,5.3314,0.3234,0.0000,BAM,-5.2567,-8.1525,-5.1785,-8.1525,0.0000,0.0000,0.000,0.000,0.0031,44.8,8.81,21,THU,NO_TX,360,,1,kieu=dung_yen;lan=1,1
39.4698,1790258672.564764,0.0201,1,318.50,231.50,0.774,-5.1559,-7.5866,-5.1573,0.6168,-7.5860,-0.2543,-5.1570,-7.5860,5.3314,0.3234,0.0000,BAM,-5.2567,-8.1525,-5.1785,-8.1525,0.0000,0.0000,0.000,0.000,0.0002,64.7,8.63,21,THU,NO_TX,360,,1,kieu=dung_yen;lan=1,1
39.4899,1790258672.584803,0.0201,0,318.50,231.50,0.774,,,-5.1449,0.6168,-7.5911,-0.2543,-5.1447,-7.5911,5.3314,0.3234,0.0000,BAM,-5.2567,-8.1525,-5.1785,-8.1525,0.0000,0.0000,0.000,0.000,0.0002,64.7,8.63,21,THU,NO_TX,360,,1,kieu=dung_yen;lan=1,1
39.5103,1790258672.605296,0.0204,0,318.50,231.50,0.774,,,-5.1323,0.6168,-7.5963,-0.2543,-5.1321,-7.5963,5.3314,0.3234,0.0000,BAM,-5.2567,-8.1525,-5.1785,-8.1525,0.0000,0.0000,0.000,0.000,0.0002,64.7,8.63,21,THU,NO_TX,360,,1,kieu=dung_yen;lan=1,1
39.5305,1790258672.625399,0.0202,0,318.50,231.50,0.774,,,-5.1198,0.6168,-7.6014,-0.2543,-5.1197,-7.6014,5.3314,0.3234,0.0000,BAM,-5.2567,-8.1525,-5.1785,-8.1525,0.0000,0.0000,0.000,0.000,0.0002,64.7,8.63,21,THU,NO_TX,360,,1,kieu=dung_yen;lan=1,1
39.5511,1790258672.646106,0.0206,1,313.25,229.00,0.764,-4.8035,-7.4199,-4.8392,3.5672,-7.4429,1.5246,-4.7974,-7.4394,5.3314,0.3234,0.0000,BAM,-5.2567,-8.1525,-5.1785,-8.1525,0.0000,0.0000,0.000,0.000,0.2570,65.6,12.91,21,THU,NO_TX,360,,1,kieu=dung_yen;lan=1,1
39.5714,1790258672.666348,0.0203,0,313.25,229.00,0.764,,,-4.7669,3.5672,-7.4120,1.5246,-4.7364,-7.4095,5.3314,0.3234,0.0000,BAM,-5.2567,-8.1525,-5.1785,-8.1525,0.0000,0.0000,0.000,0.000,0.2570,65.6,12.91,21,THU,NO_TX,360,,1,kieu=dung_yen;lan=1,1
39.5916,1790258672.686559,0.0202,1,313.50,229.00,0.752,-4.8203,-7.4200,-4.7863,2.2817,-7.4092,1.1400,-4.7751,-7.4078,5.3314,0.3234,0.0000,BAM,-5.2567,-8.1525,-5.1785,-8.1525,0.0000,0.0000,0.000,0.000,0.0810,45.9,12.78,21,THU,NO_TX,360,,1,kieu=dung_yen;lan=1,1
39.6116,1790258672.706644,0.0200,0,313.50,229.00,0.752,,,-4.7407,2.2817,-7.3864,1.1400,-4.7325,-7.3854,5.3314,0.3234,0.0000,BAM,-5.2567,-8.1525,-5.1785,-8.1525,0.0000,0.0000,0.000,0.000,0.0810,45.9,12.78,21,THU,NO_TX,360,,1,kieu=dung_yen;lan=1,1
39.6317,1790258672.726712,0.0201,0,313.50,229.00,0.752,,,-4.6949,2.2817,-7.3635,1.1400,-4.6885,-7.3627,5.3314,0.3234,0.0000,BAM,-5.2567,-8.1525,-5.1785,-8.1525,0.0000,0.0000,0.000,0.000,0.0810,45.9,12.78,21,THU,NO_TX,360,,1,kieu=dung_yen;lan=1,1
39.6519,1790258672.746814,0.0202,1,313.00,228.75,0.768,-4.7868,-7.4033,-4.7619,0.8104,-7.3915,0.4864,-4.7613,-7.3914,5.3314,0.3234,0.0000,BAM,-5.2567,-8.1525,-5.1785,-8.1525,0.0000,0.0000,0.000,0.000,0.0715,66.1,13.25,21,THU,NO_TX,360,,1,kieu=dung_yen;lan=1,1
39.6719,1790258672.767197,0.0200,0,313.00,228.75,0.768,,,-4.7457,0.8104,-7.3818,0.4864,-4.7453,-7.3817,5.3314,0.3234,0.0000,BAM,-5.2567,-8.1525,-5.1785,-8.1525,0.0000,0.0000,0.000,0.000,0.0715,66.1,13.25,21,THU,NO_TX,360,,1,kieu=dung_yen;lan=1,1
39.6921,1790258672.787069,0.0202,0,313.00,228.75,0.768,,,-4.7293,0.8104,-7.3720,0.4864,-4.7290,-7.3719,5.3314,0.3234,0.0000,BAM,-5.2567,-8.1525,-5.1785,-8.1525,0.0000,0.0000,0.000,0.000,0.0715,66.1,13.25,21,THU,NO_TX,360,,1,kieu=dung_yen;lan=1,1
39.7121,1790258672.807133,0.0201,1,318.50,231.25,0.764,-5.1559,-7.5699,-5.0767,-3.7824,-7.5314,-1.6155,-5.1263,-7.5356,5.3314,0.3234,0.0000,BAM,-5.2567,-8.1525,-5.1785,-8.1525,0.0000,0.0000,0.000,0.000,0.7385,62.4,8.88,21,THU,NO_TX,360,,1,kieu=dung_yen;lan=1,1
39.7326,1790258672.827620,0.0205,0,318.50,231.25,0.764,,,-5.1542,-3.7824,-7.5645,-1.6155,-5.1903,-7.5675,5.3314,0.3234,0.0000,BAM,-5.2567,-8.1525,-5.1785,-8.1525,0.0000,0.0000,0.000,0.000,0.7385,62.4,8.88,21,THU,NO_TX,360,,1,kieu=dung_yen;lan=1,1
39.7528,1790258672.847727,0.0201,0,318.50,231.25,0.764,,,-5.2304,-3.7824,-7.5971,-1.6155,-5.2589,-7.5994,5.3314,0.3234,0.0000,BAM,-5.2567,-8.1525,-5.1785,-8.1525,0.0000,0.0000,0.000,0.000,0.7385,62.4,8.88,21,THU,NO_TX,360,,1,kieu=dung_yen;lan=1,1
39.7730,1790258672.867961,0.0202,1,320.50,230.25,0.778,-5.2902,-7.5034,-5.2932,-3.6104,-7.5267,-0.3367,-5.3365,-7.5267,5.3314,0.3234,0.0000,BAM,-5.2567,-8.1525,-5.1785,-8.1525,0.0000,0.0000,0.000,0.000,0.0477,46.5,9.76,21,THU,NO_TX,360,,1,kieu=dung_yen;lan=1,1
39.7930,1790258672.888001,0.0200,0,320.50,230.25,0.778,,,-5.3655,-3.6104,-7.5334,-0.3367,-5.3972,-7.5334,5.3314,0.3234,0.0000,BAM,-5.2567,-8.1525,-5.1785,-8.1525,0.0000,0.0000,0.000,0.000,0.0477,46.5,9.76,21,THU,NO_TX,360,,1,kieu=dung_yen;lan=1,1
39.8131,1790258672.908118,0.0201,0,320.50,230.25,0.778,,,-5.4382,-3.6104,-7.5402,-0.3367,-5.4631,-7.5402,5.3314,0.3234,0.0000,BAM,-5.2567,-8.1525,-5.1785,-8.1525,0.0000,0.0000,0.000,0.000,0.0477,46.5,9.76,21,THU,NO_TX,360,,1,kieu=dung_yen;lan=1,1
39.8332,1790258672.928176,0.0200,1,319.25,231.50,0.777,-5.2063,-7.5866,-5.2609,-0.4453,-7.5792,-0.7392,-5.2610,-7.5796,5.3314,0.3234,0.0000,BAM,-5.2567,-8.1525,-5.1785,-8.1525,0.0000,0.0000,0.000,0.000,0.2938,66.3,8.53,21,THU,NO_TX,360,,1,kieu=dung_yen;lan=1,1
39.8536,1790258672.948578,0.0204,0,319.25,231.50,0.777,,,-5.2700,-0.4453,-7.5943,-0.7392,-5.2700,-7.5946,5.3314,0.3234,0.0000,BAM,-5.2567,-8.1525,-5.1785,-8.1525,0.0000,0.0000,0.000,0.000,0.2938,66.3,8.53,21,THU,NO_TX,360,,1,kieu=dung_yen;lan=1,1
39.8736,1790258672.968631,0.0201,0,319.25,231.50,0.777,,,-5.2789,-0.4453,-7.6091,-0.7392,-5.2789,-7.6093,5.3314,0.3234,0.0000,BAM,-5.2567,-8.1525,-5.1785,-8.1525,0.0000,0.0000,0.000,0.000,0.2938,66.3,8.53,21,THU,NO_TX,360,,1,kieu=dung_yen;lan=1,1
39.8938,1790258672.988812,0.0202,1,319.75,230.50,0.774,-5.2399,-7.5200,-5.2484,0.0539,-7.5392,0.3157,-5.2484,-7.5392,5.3314,0.3234,0.0000,BAM,-5.2567,-8.1525,-5.1785,-8.1525,0.0000,0.0000,0.000,0.000,0.0390,64.7,9.50,21,THU,NO_TX,360,,1,kieu=dung_yen;lan=1,1
39.9139,1790258673.008887,0.0201,0,319.75,230.50,0.774,,,-5.2473,0.0539,-7.5329,0.3157,-5.2473,-7.5328,5.3314,0.3234,0.0000,BAM,-5.2567,-8.1525,-5.1785,-8.1525,0.0000,0.0000,0.000,0.000,0.0390,64.7,9.50,21,THU,NO_TX,360,,1,kieu=dung_yen;lan=1,1
39.9340,1790258673.028997,0.0201,1,312.50,229.25,0.768,-4.7532,-7.4365,-4.8877,5.1864,-7.4617,1.2241,-4.7731,-7.4599,5.3314,0.3234,0.0000,BAM,-5.2567,-8.1525,-5.1785,-8.1525,0.0000,0.0000,0.000,0.000,1.1911,47.4,13.11,21,THU,NO_TX,360,,1,kieu=dung_yen;lan=1,1
39.9541,1790258673.049096,0.0201,0,312.50,229.25,0.768,,,-4.7835,5.1864,-7.4371,1.2241,-4.6973,-7.4358,5.3314,0.3234,0.0000,BAM,-5.2567,-8.1525,-5.1785,-8.1525,0.0000,0.0000,0.000,0.000,1.1911,47.4,13.11,21,THU,NO_TX,360,,1,kieu=dung_yen;lan=1,1
39.9742,1790258673.069208,0.0201,0,312.50,229.25,0.768,,,-4.6792,5.1864,-7.4125,1.2241,-4.6101,-7.4115,5.3314,0.3234,0.0000,BAM,-5.2567,-8.1525,-5.1785,-8.1525,0.0000,0.0000,0.000,0.000,1.1911,47.4,13.11,21,THU,NO_TX,360,,1,kieu=dung_yen;lan=1,1
39.9943,1790258673.089279,0.0201,0,312.50,229.25,0.768,,,-4.5750,5.1864,-7.3879,1.2241,-4.5174,-7.3871,5.3314,0.3234,0.0000,BAM,-5.2567,-8.1525,-5.1785,-8.1525,0.0000,0.0000,0.000,0.000,1.1911,47.4,13.11,21,THU,NO_TX,360,,1,kieu=dung_yen;lan=1,1
40.0143,1790258673.109334,0.0200,1,319.50,231.50,0.771,-5.2231,-7.5866,-5.1328,-2.2669,-7.5585,-0.9464,-5.1444,-7.5593,5.3314,0.3234,0.0000,BAM,-5.2567,-8.1525,-5.1785,-8.1525,0.0000,0.0000,0.000,0.000,1.2826,63.7,8.51,21,THU,NO_TX,360,,1,kieu=dung_yen;lan=1,1
40.0346,1790258673.129550,0.0203,0,319.50,231.50,0.771,,,-5.1787,-2.2669,-7.5777,-0.9464,-5.1870,-7.5783,5.3314,0.3234,0.0000,BAM,-5.2567,-8.1525,-5.1785,-8.1525,0.0000,0.0000,0.000,0.000,1.2826,63.7,8.51,21,THU,NO_TX,360,,1,kieu=dung_yen;lan=1,1
40.0551,1790258673.150103,0.0205,1,319.50,231.25,0.775,-5.2231,-7.5700,-5.2236,-2.2455,-7.5774,-0.6786,-5.2345,-7.5777,5.3314,0.3234,0.0000,BAM,-5.2567,-8.1525,-5.1785,-8.1525,0.0000,0.0000,0.000,0.000,0.0033,47.1,8.76,21,THU,NO_TX,360,,1,kieu=dung_yen;lan=1,1
40.0754,1790258673.170425,0.0203,0,319.50,231.25,0.775,,,-5.2693,-2.2455,-7.5912,-0.6786,-5.2771,-7.5914,5.3314,0.3234,0.0000,BAM,-5.2567,-8.1525,-5.1785,-8.1525,0.0000,0.0000,0.000,0.000,0.0033,47.1,8.76,21,THU,NO_TX,360,,1,kieu=dung_yen;lan=1,1
40.0955,1790258673.190504,0.0201,0,319.50,231.25,0.775,,,-5.3144,-2.2455,-7.6048,-0.6786,-5.3205,-7.6050,5.3314,0.3234,0.0000,BAM,-5.2567,-8.1525,-5.1785,-8.1525,0.0000,0.0000,0.000,0.000,0.0033,47.1,8.76,21,THU,NO_TX,360,,1,kieu=dung_yen;lan=1,1
40.1160,1790258673.211435,0.0205,1,312.25,229.00,0.767,-4.7364,-7.4199,-4.8479,4.3872,-7.4569,1.3846,-4.7729,-7.4542,5.3314,0.3234,0.0000,BAM,-5.2567,-8.1525,-5.1785,-8.1525,0.0000,0.0000,0.000,0.000,1.3283,64.2,13.46,21,THU,NO_TX,360,,1,kieu=dung_yen;lan=1,1
40.1365,1790258673.231506,0.0205,0,312.25,229.00,0.767,,,-4.7578,4.3872,-7.4284,1.3846,-4.7029,-7.4266,5.3314,0.3234,0.0000,BAM,-5.2567,-8.1525,-5.1785,-8.1525,0.0000,0.0000,0.000,0.000,1.3283,64.2,13.46,21,THU,NO_TX,360,,1,kieu=dung_yen;lan=1,1
40.1567,1790258673.251685,0.0202,0,312.25,229.00,0.767,,,-4.6693,4.3872,-7.4005,1.3846,-4.6258,-7.3990,5.3314,0.3234,0.0000,BAM,-5.2567,-8.1525,-5.1785,-8.1525,0.0000,0.0000,0.000,0.000,1.3283,64.2,13.46,21,THU,NO_TX,360,,1,kieu=dung_yen;lan=1,1
40.1773,1790258673.272285,0.0207,1,318.00,231.00,0.765,-5.1224,-7.5533,-5.0272,-1.2363,-7.5204,-0.4461,-5.0291,-7.5204,5.3314,0.3234,0.0000,BAM,-5.2567,-8.1525,-5.1785,-8.1525,0.0000,0.0000,0.000,0.000,0.9958,64.7,9.22,21,THU,NO_TX,360,,1,kieu=dung_yen;lan=1,1
40.1974,1790258673.292374,0.0200,0,318.00,231.00,0.765,,,-5.0520,-1.2363,-7.5293,-0.4461,-5.0533,-7.5294,5.3314,0.3234,0.0000,BAM,-5.2567,-8.1525,-5.1785,-8.1525,0.0000,0.0000,0.000,0.000,0.9958,64.7,9.22,21,THU,NO_TX,360,,1,kieu=dung_yen;lan=1,1
40.2174,1790258673.312410,0.0200,0,318.00,231.00,0.765,,,-5.0768,-1.2363,-7.5382,-0.4461,-5.0778,-7.5383,5.3314,0.3234,0.0000,BAM,-5.2567,-8.1525,-5.1785,-8.1525,0.0000,0.0000,0.000,0.000,0.9958,64.7,9.22,21,THU,NO_TX,360,,1,kieu=dung_yen;lan=1,1
40.2375,1790258673.332494,0.0201,1,314.00,229.25,0.768,-4.8539,-7.4366,-4.8984,1.3378,-7.4573,0.6739,-4.8960,-7.4570,5.3314,0.3234,0.0000,BAM,-5.2567,-8.1525,-5.1785,-8.1525,0.0000,0.0000,0.000,0.000,0.2286,46.4,12.31,21,THU,NO_TX,360,,1,kieu=dung_yen;lan=1,1
40.2578,1790258673.352826,0.0203,0,314.00,229.25,0.768,,,-4.8712,1.3378,-7.4436,0.6739,-4.8695,-7.4434,5.3314,0.3234,0.0000,BAM,-5.2567,-8.1525,-5.1785,-8.1525,0.0000,0.0000,0.000,0.000,0.2286,46.4,12.31,21,THU,NO_TX,360,,1,kieu=dung_yen;lan=1,1
40.2783,1790258673.373273,0.0205,0,314.00,229.25,0.768,,,-4.8438,1.3378,-7.4298,0.6739,-4.8425,-7.4296,5.3314,0.3234,0.0000,BAM,-5.2567,-8.1525,-5.1785,-8.1525,0.0000,0.0000,0.000,0.000,0.2286,46.4,12.31,21,THU,NO_TX,360,,1,kieu=dung_yen;lan=1,1
40.2984,1790258673.393380,0.0201,1,319.50,231.50,0.759,-5.2231,-7.5866,-5.1513,-2.8839,-7.5553,-1.0534,-5.1742,-7.5565,5.3314,0.3234,0.0000,BAM,-5.2567,-8.1525,-5.1785,-8.1525,0.0000,0.0000,0.000,0.000,0.5928,65.5,8.51,21,THU,NO_TX,360,,1,kieu=dung_yen;lan=1,1
40.3185,1790258673.413439,0.0201,0,319.50,231.50,0.759,,,-5.2093,-2.8839,-7.5765,-1.0534,-5.2259,-7.5774,5.3314,0.3234,0.0000,BAM,-5.2567,-8.1525,-5.1785,-8.1525,0.0000,0.0000,0.000,0.000,0.5928,65.5,8.51,21,THU,NO_TX,360,,1,kieu=dung_yen;lan=1,1
40.3385,1790258673.433006,0.0200,0,319.50,231.50,0.759,,,-5.2670,-2.8839,-7.5976,-1.0534,-5.2800,-7.5983,5.3314,0.3234,0.0000,BAM,-5.2567,-8.1525,-5.1785,-8.1525,0.0000,0.0000,0.000,0.000,0.5928,65.5,8.51,21,THU,NO_TX,360,,1,kieu=dung_yen;lan=1,1
40.3587,1790258673.453714,0.0202,1,320.00,230.50,0.778,-5.2567,-7.5200,-5.2689,-2.1706,-7.5384,-0.0509,-5.2790,-7.5384,5.3314,0.3234,0.0000,BAM,-5.2567,-8.1525,-5.1785,-8.1525,0.0000,0.0000,0.000,0.000,0.0436,63.2,9.50,21,THU,NO_TX,360,,1,kieu=dung_yen;lan=1,1
40.3787,1790258673.473740,0.0200,0,320.00,230.50,0.778,,,-5.3124,-2.1706,-7.5394,-0.0509,-5.3196,-7.5394,5.3314,0.3234,0.0000,BAM,-5.2567,-8.1525,-5.1785,-8.1525,0.0000,0.0000,0.000,0.000,0.0436,63.2,9.50,21,THU,NO_TX,360,,1,kieu=dung_yen;lan=1,1
40.3993,1790258673.494272,0.0205,1,319.50,231.50,0.782,-5.2231,-7.5866,-5.2593,-0.7749,-7.5738,-0.5176,-5.2598,-7.5739,5.3314,0.3234,0.0000,BAM,-5.2567,-8.1525,-5.1785,-8.1525,0.0000,0.0000,0.000,0.000,0.0940,48.8,8.51,21,THU,NO_TX,360,,1,kieu=dung_yen;lan=1,1
40.4194,1790258673.514381,0.0201,0,319.50,231.50,0.782,,,-5.2749,-0.7749,-7.5842,-0.5176,-5.2753,-7.5843,5.3314,0.3234,0.0000,BAM,-5.2567,-8.1525,-5.1785,-8.1525,0.0000,0.0000,0.000,0.000,0.0940,48.8,8.51,21,THU,NO_TX,360,,1,kieu=dung_yen;lan=1,1
40.4398,1790258673.534789,0.0204,0,319.50,231.50,0.782,,,-5.2907,-0.7749,-7.5947,-0.5176,-5.2910,-7.5948,5.3314,0.3234,0.0000,BAM,-5.2567,-8.1525,-5.1785,-8.1525,0.0000,0.0000,0.000,0.000,0.0940,48.8,8.51,21,THU,NO_TX,360,,1,kieu=dung_yen;lan=1,1
40.4600,1790258673.554938,0.0202,1,313.75,229.00,0.765,-4.8371,-7.4200,-4.9214,4.1943,-7.4546,1.3970,-4.8547,-7.4519,5.3314,0.3234,0.0000,BAM,-5.2567,-8.1525,-5.1785,-8.1525,0.0000,0.0000,0.000,0.000,0.7913,61.7,12.65,21,THU,NO_TX,360,,1,kieu=dung_yen;lan=1,1
40.4805,1790258673.575438,0.0205,0,313.75,229.00,0.765,,,-4.8354,4.1943,-7.4259,1.3970,-4.7867,-7.4240,5.3314,0.3234,0.0000,BAM,-5.2567,-8.1525,-5.1785,-8.1525,0.0000,0.0000,0.000,0.000,0.7913,61.7,12.65,21,THU,NO_TX,360,,1,kieu=dung_yen;lan=1,1
40.5010,1790258673.595995,0.0205,0,313.75,229.00,0.765,,,-4.7493,4.1943,-7.3973,1.3970,-4.7109,-7.3958,5.3314,0.3234,0.0000,BAM,-5.2567,-8.1525,-5.1785,-8.1525,0.0000,0.0000,0.000,0.000,0.7913,61.7,12.65,21,THU,NO_TX,360,,1,kieu=dung_yen;lan=1,1
40.5211,1790258673.616061,0.0201,0,313.75,229.00,0.765,,,-4.6651,4.1943,-7.3692,1.3970,-4.6334,-7.3680,5.3314,0.3234,0.0000,BAM,-5.2567,-8.1525,-5.1785,-8.1525,0.0000,0.0000,0.000,0.000,0.7913,61.7,12.65,21,THU,NO_TX,360,,1,kieu=dung_yen;lan=1,1
40.5416,1790258673.636575,0.0206,1,313.25,228.50,0.749,-4.8036,-7.3867,-4.7773,2.0134,-7.3810,0.9578,-4.7693,-7.3802,5.3314,0.3234,0.0000,BAM,-5.2567,-8.1525,-5.1785,-8.1525,0.0000,0.0000,0.000,0.000,0.1067,65.9,13.33,21,THU,NO_TX,360,,1,kieu=dung_yen;lan=1,1
40.5617,1790258673.656677,0.0201,0,313.25,228.50,0.749,,,-4.7370,2.0134,-7.3618,0.9578,-4.7312,-7.3612,5.3314,0.3234,0.0000,BAM,-5.2567,-8.1525,-5.1785,-8.1525,0.0000,0.0000,0.000,0.000,0.1067,65.9,13.33,21,THU,NO_TX,360,,1,kieu=dung_yen;lan=1,1
40.5820,1790258673.677434,0.0203,1,320.50,231.00,0.792,-5.2902,-7.5533,-5.1290,-4.0603,-7.4947,-1.1298,-5.1868,-7.4961,5.3314,0.3234,0.0000,BAM,-5.2567,-8.1525,-5.1785,-8.1525,0.0000,0.0000,0.000,0.000,1.8647,46.8,9.01,21,THU,NO_TX,360,,1,kieu=dung_yen;lan=1,1
40.6025,1790258673.697505,0.0205,0,320.50,231.00,0.792,,,-5.2123,-4.0603,-7.5179,-1.1298,-5.2551,-7.5189,5.3314,0.3234,0.0000,BAM,-5.2567,-8.1525,-5.1785,-8.1525,0.0000,0.0000,0.000,0.000,1.8647,46.8,9.01,21,THU,NO_TX,360,,1,kieu=dung_yen;lan=1,1
40.6226,1790258673.717615,0.0201,0,320.50,231.00,0.792,,,-5.2940,-4.0603,-7.5406,-1.1298,-5.3280,-7.5414,5.3314,0.3234,0.0000,BAM,-5.2567,-8.1525,-5.1785,-8.1525,0.0000,0.0000,0.000,0.000,1.8647,46.8,9.01,21,THU,NO_TX,360,,1,kieu=dung_yen;lan=1,1
40.6429,1790258673.738347,0.0203,1,319.25,231.25,0.767,-5.2063,-7.5700,-5.2365,-2.2486,-7.5688,-1.1969,-5.2479,-7.5705,5.3314,0.3234,0.0000,BAM,-5.2567,-8.1525,-5.1785,-8.1525,0.0000,0.0000,0.000,0.000,0.0897,62.3,8.78,21,THU,NO_TX,360,,1,kieu=dung_yen;lan=1,1
40.6630,1790258673.757983,0.0201,0,319.25,231.25,0.767,,,-5.2818,-2.2486,-7.5929,-1.1969,-5.2899,-7.5941,5.3314,0.3234,0.0000,BAM,-5.2567,-8.1525,-5.1785,-8.1525,0.0000,0.0000,0.000,0.000,0.0897,62.3,8.78,21,THU,NO_TX,360,,1,kieu=dung_yen;lan=1,1
40.6834,1790258673.778415,0.0204,0,319.25,231.25,0.767,,,-5.3277,-2.2486,-7.6173,-1.1969,-5.3339,-7.6182,5.3314,0.3234,0.0000,BAM,-5.2567,-8.1525,-5.1785,-8.1525,0.0000,0.0000,0.000,0.000,0.0897,62.3,8.78,21,THU,NO_TX,360,,1,kieu=dung_yen;lan=1,1
40.7035,1790258673.798499,0.0201,1,319.00,231.50,0.767,-5.1895,-7.5866,-5.2221,-0.3497,-7.5967,-0.6440,-5.2221,-7.5969,5.3314,0.3234,0.0000,BAM,-5.2567,-8.1525,-5.1785,-8.1525,0.0000,0.0000,0.000,0.000,0.1127,64.6,8.56,21,THU,NO_TX,360,,1,kieu=dung_yen;lan=1,1
40.7236,1790258673.818486,0.0201,0,319.00,231.50,0.767,,,-5.2291,-0.3497,-7.6096,-0.6440,-5.2291,-7.6098,5.3314,0.3234,0.0000,BAM,-5.2567,-8.1525,-5.1785,-8.1525,0.0000,0.0000,0.000,0.000,0.1127,64.6,8.56,21,THU,NO_TX,360,,1,kieu=dung_yen;lan=1,1
40.7441,1790258673.839083,0.0206,0,319.00,231.50,0.767,,,-5.2363,-0.3497,-7.6228,-0.6440,-5.2363,-7.6230,5.3314,0.3234,0.0000,BAM,-5.2567,-8.1525,-5.1785,-8.1525,0.0000,0.0000,0.000,0.000,0.1127,64.6,8.56,21,THU,NO_TX,360,,1,kieu=dung_yen;lan=1,1
40.7642,1790258673.859179,0.0201,1,319.25,231.50,0.771,-5.2063,-7.5866,-5.2129,0.0344,-7.5957,-0.1462,-5.2129,-7.5957,5.3314,0.3234,0.0000,BAM,-5.2567,-8.1525,-5.1785,-8.1525,0.0000,0.0000,0.000,0.000,0.0114,48.8,8.53,21,THU,NO_TX,360,,1,kieu=dung_yen;lan=1,1
40.7842,1790258673.879235,0.0200,0,319.25,231.50,0.771,,,-5.2122,0.0344,-7.5986,-0.1462,-5.2122,-7.5986,5.3314,0.3234,0.0000,BAM,-5.2567,-8.1525,-5.1785,-8.1525,0.0000,0.0000,0.000,0.000,0.0114,48.8,8.53,21,THU,NO_TX,360,,1,kieu=dung_yen;lan=1,1
40.8045,1790258673.899347,0.0202,0,319.25,231.50,0.771,,,-5.2115,0.0344,-7.6016,-0.1462,-5.2115,-7.6016,5.3314,0.3234,0.0000,BAM,-5.2567,-8.1525,-5.1785,-8.1525,0.0000,0.0000,0.000,0.000,0.0114,48.8,8.53,21,THU,NO_TX,360,,1,kieu=dung_yen;lan=1,1
40.8248,1790258673.920336,0.0204,1,319.50,231.25,0.782,-5.2231,-7.5700,-5.2209,-0.0934,-7.5763,0.2045,-5.2209,-7.5763,5.3314,0.3234,0.0000,BAM,-5.2567,-8.1525,-5.1785,-8.1525,0.0000,0.0000,0.000,0.000,0.0040,65.4,8.76,21,THU,NO_TX,360,,1,kieu=dung_yen;lan=1,1
40.8450,1790258673.940039,0.0202,0,319.50,231.25,0.782,,,-5.2228,-0.0934,-7.5722,0.2045,-5.2228,-7.5722,5.3314,0.3234,0.0000,BAM,-5.2567,-8.1525,-5.1785,-8.1525,0.0000,0.0000,0.000,0.000,0.0040,65.4,8.76,21,THU,NO_TX,360,,1,kieu=dung_yen;lan=1,1
40.8653,1790258673.960258,0.0203,1,320.50,230.50,0.785,-5.2902,-7.5200,-5.2725,-0.7764,-7.5334,0.6898,-5.2729,-7.5331,5.3314,0.3234,0.0000,BAM,-5.2567,-8.1525,-5.1785,-8.1525,0.0000,0.0000,0.000,0.000,0.0305,48.1,9.51,21,THU,NO_TX,360,,1,kieu=dung_yen;lan=1,1
40.8854,1790258673.980388,0.0201,0,320.50,230.50,0.785,,,-5.2880,-0.7764,-7.5195,0.6898,-5.2884,-7.5193,5.3314,0.3234,0.0000,BAM,-5.2567,-8.1525,-5.1785,-8.1525,0.0000,0.0000,0.000,0.000,0.0305,48.1,9.51,21,THU,NO_TX,360,,1,kieu=dung_yen;lan=1,1
40.9058,1790258674.000778,0.0204,0,320.50,230.50,0.785,,,-5.3039,-0.7764,-7.5055,0.6898,-5.3041,-7.5053,5.3314,0.3234,0.0000,BAM,-5.2567,-8.1525,-5.1785,-8.1525,0.0000,0.0000,0.000,0.000,0.0305,48.1,9.51,21,THU,NO_TX,360,,1,kieu=dung_yen;lan=1,1
40.9260,1790258674.020980,0.0202,1,321.50,230.50,0.783,-5.3574,-7.5200,-5.3506,-1.1769,-7.5147,0.3952,-5.3523,-7.5146,5.3314,0.3234,0.0000,BAM,-5.2567,-8.1525,-5.1785,-8.1525,0.0000,0.0000,0.000,0.000,0.0069,62.9,9.62,21,THU,NO_TX,360,,1,kieu=dung_yen;lan=1,1
40.9466,1790258674.041511,0.0206,0,321.50,230.50,0.783,,,-5.3748,-1.1769,-7.5066,0.3952,-5.3760,-7.5065,5.3314,0.3234,0.0000,BAM,-5.2567,-8.1525,-5.1785,-8.1525,0.0000,0.0000,0.000,0.000,0.0069,62.9,9.62,21,THU,NO_TX,360,,1,kieu=dung_yen;lan=1,1
40.9672,1790258674.062061,0.0206,0,321.50,230.50,0.783,,,-5.3990,-1.1769,-7.4984,0.3952,-5.3999,-7.4984,5.3314,0.3234,0.0000,BAM,-5.2567,-8.1525,-5.1785,-8.1525,0.0000,0.0000,0.000,0.000,0.0069,62.9,9.62,21,THU,NO_TX,360,,1,kieu=dung_yen;lan=1,1
40.9874,1790258674.082392,0.0203,1,319.25,231.75,0.771,-5.2063,-7.6032,-5.2443,1.0615,-7.5827,-0.7423,-5.2430,-7.5831,5.3314,0.3234,0.0000,BAM,-5.2567,-8.1525,-5.1785,-8.1525,0.0000,0.0000,0.000,0.000,0.1801,61.9,8.28,21,THU,NO_TX,360,,1,kieu=dung_yen;lan=1,1
41.0078,1790258674.102694,0.0204,0,319.25,231.75,0.771,,,-5.2226,1.0615,-7.5978,-0.7423,-5.2218,-7.5981,5.3314,0.3234,0.0000,BAM,-5.2567,-8.1525,-5.1785,-8.1525,0.0000,0.0000,0.000,0.000,0.1801,61.9,8.28,21,THU,NO_TX,360,,1,kieu=dung_yen;lan=1,1
41.0280,1790258674.123016,0.0202,0,319.25,231.75,0.771,,,-5.2012,1.0615,-7.6129,-0.7423,-5.2005,-7.6131,5.3314,0.3234,0.0000,BAM,-5.2567,-8.1525,-5.1785,-8.1525,0.0000,0.0000,0.000,0.000,0.1801,61.9,8.28,21,THU,NO_TX,360,,1,kieu=dung_yen;lan=1,1
41.0483,1790258674.143314,0.0203,1,319.50,229.75,0.787,-5.2231,-7.4701,-5.2154,0.6103,-7.4991,0.8546,-5.2152,-7.4985,5.3314,0.3234,0.0000,BAM,-5.2567,-8.1525,-5.1785,-8.1525,0.0000,0.0000,0.000,0.000,0.0790,49.9,10.26,21,THU,NO_TX,360,,1,kieu=dung_yen;lan=1,1
41.0687,1790258674.163671,0.0203,0,319.50,229.75,0.787,,,-5.2030,0.6103,-7.4818,0.8546,-5.2028,-7.4813,5.3314,0.3234,0.0000,BAM,-5.2567,-8.1525,-5.1785,-8.1525,0.0000,0.0000,0.000,0.000,0.0790,49.9,10.26,21,THU,NO_TX,360,,1,kieu=dung_yen;lan=1,1
41.0893,1790258674.183816,0.0206,0,319.50,229.75,0.787,,,-5.1904,0.6103,-7.4642,0.8546,-5.1903,-7.4638,5.3314,0.3234,0.0000,BAM,-5.2567,-8.1525,-5.1785,-8.1525,0.0000,0.0000,0.000,0.000,0.0790,49.9,10.26,21,THU,NO_TX,360,,1,kieu=dung_yen;lan=1,1
41.1100,1790258674.204801,0.0207,1,319.75,231.50,0.778,-5.2399,-7.5866,-5.2291,-0.0340,-7.5613,-0.5637,-5.2291,-7.5614,5.3314,0.3234,0.0000,BAM,-5.2567,-8.1525,-5.1785,-8.1525,0.0000,0.0000,0.000,0.000,0.0683,64.9,8.50,21,THU,NO_TX,360,,1,kieu=dung_yen;lan=1,1
41.1303,1790258674.225346,0.0204,0,319.75,231.50,0.778,,,-5.2298,-0.0340,-7.5728,-0.5637,-5.2298,-7.5729,5.3314,0.3234,0.0000,BAM,-5.2567,-8.1525,-5.1785,-8.1525,0.0000,0.0000,0.000,0.000,0.0683,64.9,8.50,21,THU,NO_TX,360,,1,kieu=dung_yen;lan=1,1
41.1508,1790258674.245677,0.0205,0,319.75,231.50,0.778,,,-5.2304,-0.0340,-7.5843,-0.5637,-5.2304,-7.5844,5.3314,0.3234,0.0000,BAM,-5.2567,-8.1525,-5.1785,-8.1525,0.0000,0.0000,0.000,0.000,0.0683,64.9,8.50,21,THU,NO_TX,360,,1,kieu=dung_yen;lan=1,1
41.1709,1790258674.265838,0.0201,1,319.75,231.50,0.772,-5.2399,-7.5866,-5.2383,-0.1248,-7.5882,-0.4724,-5.2383,-7.5884,5.3314,0.3234,0.0000,BAM,-5.2567,-8.1525,-5.1785,-8.1525,0.0000,0.0000,0.000,0.000,0.0005,62.9,8.50,21,THU,NO_TX,360,,1,kieu=dung_yen;lan=1,1
41.1911,1790258674.286129,0.0202,0,319.75,231.50,0.772,,,-5.2409,-0.1248,-7.5978,-0.4724,-5.2409,-7.5979,5.3314,0.3234,0.0000,BAM,-5.2567,-8.1525,-5.1785,-8.1525,0.0000,0.0000,0.000,0.000,0.0005,62.9,8.50,21,THU,NO_TX,360,,1,kieu=dung_yen;lan=1,1
41.2112,1790258674.306238,0.0201,0,319.75,231.50,0.772,,,-5.2434,-0.1248,-7.6073,-0.4724,-5.2434,-7.6074,5.3314,0.3234,0.0000,BAM,-5.2567,-8.1525,-5.1785,-8.1525,0.0000,0.0000,0.000,0.000,0.0005,62.9,8.50,21,THU,NO_TX,360,,1,kieu=dung_yen;lan=1,1
41.2314,1790258674.326354,0.0202,1,313.00,229.50,0.764,-4.7867,-7.4532,-4.8685,4.6497,-7.4834,1.1869,-4.7819,-7.4818,5.3314,0.3234,0.0000,BAM,-5.2567,-8.1525,-5.1785,-8.1525,0.0000,0.0000,0.000,0.000,0.7326,48.0,12.62,21,THU,NO_TX,360,,1,kieu=dung_yen;lan=1,1
41.2521,1790258674.346995,0.0207,0,313.00,229.50,0.764,,,-4.7723,4.6497,-7.4589,1.1869,-4.7084,-7.4577,5.3314,0.3234,0.0000,BAM,-5.2567,-8.1525,-5.1785,-8.1525,0.0000,0.0000,0.000,0.000,0.7326,48.0,12.62,21,THU,NO_TX,360,,1,kieu=dung_yen;lan=1,1
41.2722,1790258674.367153,0.0201,0,313.00,229.50,0.764,,,-4.6788,4.6497,-7.4350,1.1869,-4.6279,-7.4341,5.3314,0.3234,0.0000,BAM,-5.2567,-8.1525,-5.1785,-8.1525,0.0000,0.0000,0.000,0.000,0.7326,48.0,12.62,21,THU,NO_TX,360,,1,kieu=dung_yen;lan=1,1
41.2931,1790258674.388071,0.0209,1,318.50,231.25,0.780,-5.1559,-7.5699,-5.0560,-1.3065,-7.5411,-0.4292,-5.0583,-7.5412,5.3314,0.3234,0.0000,BAM,-5.2567,-8.1525,-5.1785,-8.1525,0.0000,0.0000,0.000,0.000,1.0718,65.6,8.88,21,THU,NO_TX,360,,1,kieu=dung_yen;lan=1,1
41.3138,1790258674.408725,0.0207,0,318.50,231.25,0.780,,,-5.0831,-1.3065,-7.5500,-0.4292,-5.0847,-7.5500,5.3314,0.3234,0.0000,BAM,-5.2567,-8.1525,-5.1785,-8.1525,0.0000,0.0000,0.000,0.000,1.0718,65.6,8.88,21,THU,NO_TX,360,,1,kieu=dung_yen;lan=1,1
41.3351,1790258674.429883,0.0213,0,318.50,231.25,0.780,,,-5.1109,-1.3065,-7.5591,-0.4292,-5.1121,-7.5592,5.3314,0.3234,0.0000,BAM,-5.2567,-8.1525,-5.1785,-8.1525,0.0000,0.0000,0.000,0.000,1.0718,65.6,8.88,21,THU,NO_TX,360,,1,kieu=dung_yen;lan=1,1
41.3552,1790258674.450173,0.0201,1,320.25,230.50,0.785,-5.2735,-7.5200,-5.2500,-2.7176,-7.5286,0.0531,-5.2693,-7.5286,5.3314,0.3234,0.0000,BAM,-5.2567,-8.1525,-5.1785,-8.1525,0.0000,0.0000,0.000,0.000,0.0622,60.6,9.50,21,THU,NO_TX,360,,1,kieu=dung_yen;lan=1,1
41.3757,1790258674.470708,0.0205,0,320.25,230.50,0.785,,,-5.3058,-2.7176,-7.5275,0.0531,-5.3196,-7.5275,5.3314,0.3234,0.0000,BAM,-5.2567,-8.1525,-5.1785,-8.1525,0.0000,0.0000,0.000,0.000,0.0622,60.6,9.50,21,THU,NO_TX,360,,1,kieu=dung_yen;lan=1,1
41.3961,1790258674.491033,0.0203,1,319.00,231.50,0.777,-5.1895,-7.5866,-5.2356,-0.9320,-7.5700,-0.5548,-5.2364,-7.5702,5.3314,0.3234,0.0000,BAM,-5.2567,-8.1525,-5.1785,-8.1525,0.0000,0.0000,0.000,0.000,0.1536,48.8,8.56,21,THU,NO_TX,360,,1,kieu=dung_yen;lan=1,1
41.4163,1790258674.511295,0.0203,0,319.00,231.50,0.777,,,-5.2545,-0.9320,-7.5812,-0.5548,-5.2551,-7.5813,5.3314,0.3234,0.0000,BAM,-5.2567,-8.1525,-5.1785,-8.1525,0.0000,0.0000,0.000,0.000,0.1536,48.8,8.56,21,THU,NO_TX,360,,1,kieu=dung_yen;lan=1,1
41.4367,1790258674.532204,0.0204,0,319.00,231.50,0.777,,,-5.2735,-0.9320,-7.5926,-0.5548,-5.2740,-7.5926,5.3314,0.3234,0.0000,BAM,-5.2567,-8.1525,-5.1785,-8.1525,0.0000,0.0000,0.000,0.000,0.1536,48.8,8.56,21,THU,NO_TX,360,,1,kieu=dung_yen;lan=1,1
41.4572,1790258674.552022,0.0205,1,319.00,231.75,0.778,-5.1895,-7.6032,-5.2078,0.1589,-7.6034,-0.5477,-5.2078,-7.6035,5.3314,0.3234,0.0000,BAM,-5.2567,-8.1525,-5.1785,-8.1525,0.0000,0.0000,0.000,0.000,0.0329,65.5,8.31,21,THU,NO_TX,360,,1,kieu=dung_yen;lan=1,1
41.4777,1790258674.572719,0.0205,0,319.00,231.75,0.778,,,-5.2046,0.1589,-7.6146,-0.5477,-5.2046,-7.6147,5.3314,0.3234,0.0000,BAM,-5.2567,-8.1525,-5.1785,-8.1525,0.0000,0.0000,0.000,0.000,0.0329,65.5,8.31,21,THU,NO_TX,360,,1,kieu=dung_yen;lan=1,1
41.4981,1790258674.593118,0.0204,0,319.00,231.75,0.778,,,-5.2013,0.1589,-7.6258,-0.5477,-5.2013,-7.6259,5.3314,0.3234,0.0000,BAM,-5.2567,-8.1525,-5.1785,-8.1525,0.0000,0.0000,0.000,0.000,0.0329,65.5,8.31,21,THU,NO_TX,360,,1,kieu=dung_yen;lan=1,1
41.5185,1790258674.613542,0.0204,1,319.75,231.00,0.777,-5.2399,-7.5533,-5.2325,-0.2730,-7.5686,0.2956,-5.2326,-7.5685,5.3314,0.3234,0.0000,BAM,-5.2567,-8.1525,-5.1785,-8.1525,0.0000,0.0000,0.000,0.000,0.0257,62.0,9.00,21,THU,NO_TX,360,,1,kieu=dung_yen;lan=1,1
41.5391,1790258674.634072,0.0205,0,319.75,231.00,0.777,,,-5.2381,-0.2730,-7.5625,0.2956,-5.2382,-7.5625,5.3314,0.3234,0.0000,BAM,-5.2567,-8.1525,-5.1785,-8.1525,0.0000,0.0000,0.000,0.000,0.0257,62.0,9.00,21,THU,NO_TX,360,,1,kieu=dung_yen;lan=1,1
41.5595,1790258674.654535,0.0205,0,319.75,231.00,0.777,,,-5.2437,-0.2730,-7.5564,0.2956,-5.2437,-7.5564,5.3314,0.3234,0.0000,BAM,-5.2567,-8.1525,-5.1785,-8.1525,0.0000,0.0000,0.000,0.000,0.0257,62.0,9.00,21,THU,NO_TX,360,,1,kieu=dung_yen;lan=1,1
41.5799,1790258674.674883,0.0203,1,318.50,231.75,0.771,-5.1559,-7.6032,-5.1723,0.6951,-7.5936,-0.2385,-5.1720,-7.5936,5.3314,0.3234,0.0000,BAM,-5.2567,-8.1525,-5.1785,-8.1525,0.0000,0.0000,0.000,0.000,0.0348,48.4,8.39,21,THU,NO_TX,360,,1,kieu=dung_yen;lan=1,1
41.6000,1790258674.694942,0.0201,0,318.50,231.75,0.771,,,-5.1584,0.6951,-7.5984,-0.2385,-5.1581,-7.5984,5.3314,0.3234,0.0000,BAM,-5.2567,-8.1525,-5.1785,-8.1525,0.0000,0.0000,0.000,0.000,0.0348,48.4,8.39,21,THU,NO_TX,360,,1,kieu=dung_yen;lan=1,1
41.6219,1790258674.716507,0.0219,0,318.50,231.75,0.771,,,-5.1431,0.6951,-7.6036,-0.2385,-5.1430,-7.6036,5.3314,0.3234,0.0000,BAM,-5.2567,-8.1525,-5.1785,-8.1525,0.0000,0.0000,0.000,0.000,0.0348,48.4,8.39,21,THU,NO_TX,360,,1,kieu=dung_yen;lan=1,1
41.6421,1790258674.737141,0.0203,1,320.00,230.00,0.785,-5.2567,-7.4867,-5.2347,-0.6268,-7.5085,0.9915,-5.2350,-7.5075,5.3314,0.3234,0.0000,BAM,-5.2567,-8.1525,-5.1785,-8.1525,0.0000,0.0000,0.000,0.000,0.0909,66.2,10.00,21,THU,NO_TX,360,,1,kieu=dung_yen;lan=1,1
41.6622,1790258674.757237,0.0201,0,320.00,230.00,0.785,,,-5.2473,-0.6268,-7.4885,0.9915,-5.2475,-7.4879,5.3314,0.3234,0.0000,BAM,-5.2567,-8.1525,-5.1785,-8.1525,0.0000,0.0000,0.000,0.000,0.0909,66.2,10.00,21,THU,NO_TX,360,,1,kieu=dung_yen;lan=1,1
41.6823,1790258674.777259,0.0200,0,320.00,230.00,0.785,,,-5.2599,-0.6268,-7.4687,0.9915,-5.2600,-7.4681,5.3314,0.3234,0.0000,BAM,-5.2567,-8.1525,-5.1785,-8.1525,0.0000,0.0000,0.000,0.000,0.0909,66.2,10.00,21,THU,NO_TX,360,,1,kieu=dung_yen;lan=1,1
41.7027,1790258674.798223,0.0205,1,319.00,231.50,0.774,-5.1895,-7.5866,-5.2043,0.2375,-7.5611,-0.4085,-5.2043,-7.5612,5.3314,0.3234,0.0000,BAM,-5.2567,-8.1525,-5.1785,-8.1525,0.0000,0.0000,0.000,0.000,0.0777,60.4,8.56,21,THU,NO_TX,360,,1,kieu=dung_yen;lan=1,1
41.7232,1790258674.818184,0.0205,0,319.00,231.50,0.774,,,-5.1994,0.2375,-7.5695,-0.4085,-5.1994,-7.5695,5.3314,0.3234,0.0000,BAM,-5.2567,-8.1525,-5.1785,-8.1525,0.0000,0.0000,0.000,0.000,0.0777,60.4,8.56,21,THU,NO_TX,360,,1,kieu=dung_yen;lan=1,1
41.7439,1790258674.838885,0.0206,1,320.50,229.75,0.791,-5.2902,-7.4701,-5.2647,-0.7618,-7.4997,0.6834,-5.2651,-7.4994,5.3314,0.3234,0.0000,BAM,-5.2567,-8.1525,-5.1785,-8.1525,0.0000,0.0000,0.000,0.000,0.0935,47.9,10.26,21,THU,NO_TX,360,,1,kieu=dung_yen;lan=1,1
41.7641,1790258674.859108,0.0203,0,320.50,229.75,0.791,,,-5.2801,-0.7618,-7.4858,0.6834,-5.2804,-7.4856,5.3314,0.3234,0.0000,BAM,-5.2567,-8.1525,-5.1785,-8.1525,0.0000,0.0000,0.000,0.000,0.0935,47.9,10.26,21,THU,NO_TX,360,,1,kieu=dung_yen;lan=1,1
41.7848,1790258674.879745,0.0207,0,320.50,229.75,0.791,,,-5.2958,-0.7618,-7.4717,0.6834,-5.2961,-7.4715,5.3314,0.3234,0.0000,BAM,-5.2567,-8.1525,-5.1785,-8.1525,0.0000,0.0000,0.000,0.000,0.0935,47.9,10.26,21,THU,NO_TX,360,,1,kieu=dung_yen;lan=1,1
41.8054,1790258674.900340,0.0206,0,320.50,229.75,0.791,,,-5.3115,-0.7618,-7.4576,0.6834,-5.3117,-7.4575,5.3314,0.3234,0.0000,BAM,-5.2567,-8.1525,-5.1785,-8.1525,0.0000,0.0000,0.000,0.000,0.0935,47.9,10.26,21,THU,NO_TX,360,,1,kieu=dung_yen;lan=1,1
41.8260,1790258674.921018,0.0206,1,320.50,230.50,0.790,-5.2902,-7.5200,-5.2945,-0.3983,-7.5107,-0.0545,-5.2946,-7.5107,5.3314,0.3234,0.0000,BAM,-5.2567,-8.1525,-5.1785,-8.1525,0.0000,0.0000,0.000,0.000,0.0141,65.9,9.51,21,THU,NO_TX,360,,1,kieu=dung_yen;lan=1,1
41.8461,1790258674.940832,0.0201,0,320.50,230.50,0.790,,,-5.3025,-0.3983,-7.5118,-0.0545,-5.3026,-7.5118,5.3314,0.3234,0.0000,BAM,-5.2567,-8.1525,-5.1785,-8.1525,0.0000,0.0000,0.000,0.000,0.0141,65.9,9.51,21,THU,NO_TX,360,,1,kieu=dung_yen;lan=1,1
41.8664,1790258674.961405,0.0203,1,319.00,231.25,0.771,-5.1895,-7.5700,-5.2223,0.8348,-7.5541,-0.6167,-5.2218,-7.5543,5.3314,0.3234,0.0000,BAM,-5.2567,-8.1525,-5.1785,-8.1525,0.0000,0.0000,0.000,0.000,0.0836,47.5,8.81,21,THU,NO_TX,360,,1,kieu=dung_yen;lan=1,1
41.8867,1790258674.981711,0.0203,0,319.00,231.25,0.771,,,-5.2054,0.8348,-7.5666,-0.6167,-5.2050,-7.5668,5.3314,0.3234,0.0000,BAM,-5.2567,-8.1525,-5.1785,-8.1525,0.0000,0.0000,0.000,0.000,0.0836,47.5,8.81,21,THU,NO_TX,360,,1,kieu=dung_yen;lan=1,1
41.9077,1790258675.002612,0.0210,0,319.00,231.25,0.771,,,-5.1879,0.8348,-7.5796,-0.6167,-5.1876,-7.5797,5.3314,0.3234,0.0000,BAM,-5.2567,-8.1525,-5.1785,-8.1525,0.0000,0.0000,0.000,0.000,0.0836,47.5,8.81,21,THU,NO_TX,360,,1,kieu=dung_yen;lan=1,1
41.9282,1790258675.023117,0.0205,1,320.00,230.25,0.792,-5.2567,-7.5034,-5.2416,-0.0774,-7.5196,0.3043,-5.2416,-7.5196,5.3314,0.3234,0.0000,BAM,-5.2567,-8.1525,-5.1785,-8.1525,0.0000,0.0000,0.000,0.000,0.0455,63.2,9.75,21,THU,NO_TX,360,,1,kieu=dung_yen;lan=1,1
41.9484,1790258675.043364,0.0201,0,320.00,230.25,0.792,,,-5.2432,-0.0774,-7.5135,0.3043,-5.2432,-7.5134,5.3314,0.3234,0.0000,BAM,-5.2567,-8.1525,-5.1785,-8.1525,0.0000,0.0000,0.000,0.000,0.0455,63.2,9.75,21,THU,NO_TX,360,,1,kieu=dung_yen;lan=1,1
41.9687,1790258675.063454,0.0204,0,320.00,230.25,0.792,,,-5.2448,-0.0774,-7.5073,0.3043,-5.2448,-7.5073,5.3314,0.3234,0.0000,BAM,-5.2567,-8.1525,-5.1785,-8.1525,0.0000,0.0000,0.000,0.000,0.0455,63.2,9.75,21,THU,NO_TX,360,,1,kieu=dung_yen;lan=1,1
41.9887,1790258675.084244,0.0200,1,313.75,229.00,0.769,-4.8371,-7.4200,-4.9099,4.1604,-7.4350,1.1246,-4.8456,-7.4336,5.3314,0.3234,0.0000,BAM,-5.2567,-8.1525,-5.1785,-8.1525,0.0000,0.0000,0.000,0.000,0.5384,63.0,12.65,21,THU,NO_TX,360,,1,kieu=dung_yen;lan=1,1
42.0090,1790258675.104018,0.0203,0,313.75,229.00,0.769,,,-4.8256,4.1604,-7.4122,1.1246,-4.7783,-7.4112,5.3314,0.3234,0.0000,BAM,-5.2567,-8.1525,-5.1785,-8.1525,0.0000,0.0000,0.000,0.000,0.5384,63.0,12.65,21,THU,NO_TX,360,,1,kieu=dung_yen;lan=1,1
42.0294,1790258675.124367,0.0204,1,319.50,231.50,0.768,-5.2231,-7.5866,-5.0926,-0.8611,-7.5318,-0.8677,-5.0932,-7.5325,5.3314,0.3234,0.0000,BAM,-5.2567,-8.1525,-5.1785,-8.1525,0.0000,0.0000,0.000,0.000,1.2687,48.3,8.51,21,THU,NO_TX,360,,1,kieu=dung_yen;lan=1,1
42.0495,1790258675.144535,0.0201,0,319.50,231.50,0.768,,,-5.1099,-0.8611,-7.5493,-0.8677,-5.1103,-7.5497,5.3314,0.3234,0.0000,BAM,-5.2567,-8.1525,-5.1785,-8.1525,0.0000,0.0000,0.000,0.000,1.2687,48.3,8.51,21,THU,NO_TX,360,,1,kieu=dung_yen;lan=1,1
42.0699,1790258675.164834,0.0204,0,319.50,231.50,0.768,,,-5.1275,-0.8611,-7.5670,-0.8677,-5.1278,-7.5673,5.3314,0.3234,0.0000,BAM,-5.2567,-8.1525,-5.1785,-8.1525,0.0000,0.0000,0.000,0.000,1.2687,48.3,8.51,21,THU,NO_TX,360,,1,kieu=dung_yen;lan=1,1
42.0905,1790258675.185449,0.0205,0,319.50,231.50,0.768,,,-5.1451,-0.8611,-7.5848,-0.8677,-5.1454,-7.5851,5.3314,0.3234,0.0000,BAM,-5.2567,-8.1525,-5.1785,-8.1525,0.0000,0.0000,0.000,0.000,1.2687,48.3,8.51,21,THU,NO_TX,360,,1,kieu=dung_yen;lan=1,1
42.1110,1790258675.205981,0.0205,1,319.00,231.75,0.768,-5.1895,-7.6032,-5.1864,-1.1242,-7.6032,-0.8739,-5.1878,-7.6038,5.3314,0.3234,0.0000,BAM,-5.2567,-8.1525,-5.1785,-8.1525,0.0000,0.0000,0.000,0.000,0.0015,64.8,8.31,21,THU,NO_TX,360,,1,kieu=dung_yen;lan=1,1
42.1315,1790258675.226519,0.0205,0,319.00,231.75,0.768,,,-5.2094,-1.1242,-7.6211,-0.8739,-5.2105,-7.6216,5.3314,0.3234,0.0000,BAM,-5.2567,-8.1525,-5.1785,-8.1525,0.0000,0.0000,0.000,0.000,0.0015,64.8,8.31,21,THU,NO_TX,360,,1,kieu=dung_yen;lan=1,1
42.1520,1790258675.247014,0.0205,0,319.00,231.75,0.768,,,-5.2325,-1.1242,-7.6390,-0.8739,-5.2333,-7.6394,5.3314,0.3234,0.0000,BAM,-5.2567,-8.1525,-5.1785,-8.1525,0.0000,0.0000,0.000,0.000,0.0015,64.8,8.31,21,THU,NO_TX,360,,1,kieu=dung_yen;lan=1,1
42.1723,1790258675.267251,0.0202,1,319.50,232.00,0.770,-5.2231,-7.6199,-5.2288,-0.7938,-7.6266,-0.5055,-5.2293,-7.6267,5.3314,0.3234,0.0000,BAM,-5.2567,-8.1525,-5.1785,-8.1525,0.0000,0.0000,0.000,0.000,0.0071,63.7,8.02,21,THU,NO_TX,360,,1,kieu=dung_yen;lan=1,1
42.1929,1790258675.287369,0.0206,0,319.50,232.00,0.770,,,-5.2451,-0.7938,-7.6370,-0.5055,-5.2455,-7.6371,5.3314,0.3234,0.0000,BAM,-5.2567,-8.1525,-5.1785,-8.1525,0.0000,0.0000,0.000,0.000,0.0071,63.7,8.02,21,THU,NO_TX,360,,1,kieu=dung_yen;lan=1,1
42.2130,1790258675.308011,0.0201,1,320.25,231.50,0.761,-5.2735,-7.5866,-5.2701,-0.9232,-7.6033,0.1102,-5.2709,-7.6033,5.3314,0.3234,0.0000,BAM,-5.2567,-8.1525,-5.1785,-8.1525,0.0000,0.0000,0.000,0.000,0.0169,47.1,8.50,21,THU,NO_TX,360,,1,kieu=dung_yen;lan=1,1
42.2335,1790258675.328482,0.0205,0,320.25,231.50,0.761,,,-5.2891,-0.9232,-7.6011,0.1102,-5.2896,-7.6011,5.3314,0.3234,0.0000,BAM,-5.2567,-8.1525,-5.1785,-8.1525,0.0000,0.0000,0.000,0.000,0.0169,47.1,8.50,21,THU,NO_TX,360,,1,kieu=dung_yen;lan=1,1
42.2537,1790258675.348614,0.0201,0,320.25,231.50,0.761,,,-5.3076,-0.9232,-7.5989,0.1102,-5.3081,-7.5989,5.3314,0.3234,0.0000,BAM,-5.2567,-8.1525,-5.1785,-8.1525,0.0000,0.0000,0.000,0.000,0.0169,47.1,8.50,21,THU,NO_TX,360,,1,kieu=dung_yen;lan=1,1
42.2741,1790258675.369001,0.0204,1,319.50,231.00,0.764,-5.2231,-7.5533,-5.2414,0.1723,-7.5613,0.5581,-5.2414,-7.5611,5.3314,0.3234,0.0000,BAM,-5.2567,-8.1525,-5.1785,-8.1525,0.0000,0.0000,0.000,0.000,0.0386,64.4,9.01,21,THU,NO_TX,360,,1,kieu=dung_yen;lan=1,1
42.2945,1790258675.389414,0.0204,0,319.50,231.00,0.764,,,-5.2379,0.1723,-7.5499,0.5581,-5.2379,-7.5498,5.3314,0.3234,0.0000,BAM,-5.2567,-8.1525,-5.1785,-8.1525,0.0000,0.0000,0.000,0.000,0.0386,64.4,9.01,21,THU,NO_TX,360,,1,kieu=dung_yen;lan=1,1
42.3148,1790258675.409766,0.0203,0,319.50,231.00,0.764,,,-5.2344,0.1723,-7.5386,0.5581,-5.2344,-7.5385,5.3314,0.3234,0.0000,BAM,-5.2567,-8.1525,-5.1785,-8.1525,0.0000,0.0000,0.000,0.000,0.0386,64.4,9.01,21,THU,NO_TX,360,,1,kieu=dung_yen;lan=1,1
42.3351,1790258675.430044,0.0203,1,318.50,231.25,0.774,-5.1559,-7.5699,-5.1692,0.9480,-7.5621,0.1277,-5.1683,-7.5621,5.3314,0.3234,0.0000,BAM,-5.2567,-8.1525,-5.1785,-8.1525,0.0000,0.0000,0.000,0.000,0.0227,64.1,8.88,21,THU,NO_TX,360,,1,kieu=dung_yen;lan=1,1
42.3556,1790258675.450544,0.0205,0,318.50,231.25,0.774,,,-5.1497,0.9480,-7.5595,0.1277,-5.1491,-7.5595,5.3314,0.3234,0.0000,BAM,-5.2567,-8.1525,-5.1785,-8.1525,0.0000,0.0000,0.000,0.000,0.0227,64.1,8.88,21,THU,NO_TX,360,,1,kieu=dung_yen;lan=1,1
42.3760,1790258675.470906,0.0204,0,318.50,231.25,0.774,,,-5.1304,0.9480,-7.5569,0.1277,-5.1299,-7.5569,5.3314,0.3234,0.0000,BAM,-5.2567,-8.1525,-5.1785,-8.1525,0.0000,0.0000,0.000,0.000,0.0227,64.1,8.88,21,THU,NO_TX,360,,1,kieu=dung_yen;lan=1,1
42.3963,1790258675.491848,0.0203,1,319.50,231.00,0.780,-5.2231,-7.5533,-5.2034,-0.2129,-7.5535,0.1377,-5.2034,-7.5535,5.3314,0.3234,0.0000,BAM,-5.2567,-8.1525,-5.1785,-8.1525,0.0000,0.0000,0.000,0.000,0.0384,48.1,9.01,21,THU,NO_TX,360,,1,kieu=dung_yen;lan=1,1
42.4163,1790258675.511168,0.0200,0,319.50,231.00,0.780,,,-5.2076,-0.2129,-7.5507,0.1377,-5.2076,-7.5507,5.3314,0.3234,0.0000,BAM,-5.2567,-8.1525,-5.1785,-8.1525,0.0000,0.0000,0.000,0.000,0.0384,48.1,9.01,21,THU,NO_TX,360,,1,kieu=dung_yen;lan=1,1
42.4372,1790258675.532119,0.0209,0,319.50,231.00,0.780,,,-5.2121,-0.2129,-7.5479,0.1377,-5.2121,-7.5479,5.3314,0.3234,0.0000,BAM,-5.2567,-8.1525,-5.1785,-8.1525,0.0000,0.0000,0.000,0.000,0.0384,48.1,9.01,21,THU,NO_TX,360,,1,kieu=dung_yen;lan=1,1
42.4573,1790258675.552288,0.0202,1,319.00,231.50,0.775,-5.1895,-7.5866,-5.1942,0.0662,-7.5790,-0.2827,-5.1942,-7.5790,5.3314,0.3234,0.0000,BAM,-5.2567,-8.1525,-5.1785,-8.1525,0.0000,0.0000,0.000,0.000,0.0072,64.6,8.56,21,THU,NO_TX,360,,1,kieu=dung_yen;lan=1,1
42.4778,1790258675.572822,0.0205,0,319.00,231.50,0.775,,,-5.1929,0.0662,-7.5848,-0.2827,-5.1929,-7.5848,5.3314,0.3234,0.0000,BAM,-5.2567,-8.1525,-5.1785,-8.1525,0.0000,0.0000,0.000,0.000,0.0072,64.6,8.56,21,THU,NO_TX,360,,1,kieu=dung_yen;lan=1,1
42.4983,1790258675.593229,0.0205,0,319.00,231.50,0.775,,,-5.1915,0.0662,-7.5906,-0.2827,-5.1915,-7.5906,5.3314,0.3234,0.0000,BAM,-5.2567,-8.1525,-5.1785,-8.1525,0.0000,0.0000,0.000,0.000,0.0072,64.6,8.56,21,THU,NO_TX,360,,1,kieu=dung_yen;lan=1,1
42.5183,1790258675.613324,0.0200,1,318.75,231.25,0.768,-5.1727,-7.5699,-5.1758,0.2478,-7.5748,-0.0163,-5.1758,-7.5748,5.3314,0.3234,0.0000,BAM,-5.2567,-8.1525,-5.1785,-8.1525,0.0000,0.0000,0.000,0.000,0.0030,62.4,8.84,21,THU,NO_TX,360,,1,kieu=dung_yen;lan=1,1
42.5388,1790258675.633826,0.0205,0,318.75,231.25,0.768,,,-5.1707,0.2478,-7.5751,-0.0163,-5.1707,-7.5751,5.3314,0.3234,0.0000,BAM,-5.2567,-8.1525,-5.1785,-8.1525,0.0000,0.0000,0.000,0.000,0.0030,62.4,8.84,21,THU,NO_TX,360,,1,kieu=dung_yen;lan=1,1
42.5592,1790258675.654224,0.0204,1,319.00,231.25,0.759,-5.1895,-7.5700,-5.1831,-0.0008,-7.5715,0.0391,-5.1831,-7.5715,5.3314,0.3234,0.0000,BAM,-5.2567,-8.1525,-5.1785,-8.1525,0.0000,0.0000,0.000,0.000,0.0028,47.4,8.81,21,THU,NO_TX,360,,1,kieu=dung_yen;lan=1,1
42.5796,1790258675.674570,0.0203,0,319.00,231.25,0.759,,,-5.1831,-0.0008,-7.5707,0.0391,-5.1831,-7.5707,5.3314,0.3234,0.0000,BAM,-5.2567,-8.1525,-5.1785,-8.1525,0.0000,0.0000,0.000,0.000,0.0028,47.4,8.81,21,THU,NO_TX,360,,1,kieu=dung_yen;lan=1,1
42.6000,1790258675.694922,0.0205,0,319.00,231.25,0.759,,,-5.1831,-0.0008,-7.5699,0.0391,-5.1831,-7.5699,5.3314,0.3234,0.0000,BAM,-5.2567,-8.1525,-5.1785,-8.1525,0.0000,0.0000,0.000,0.000,0.0028,47.4,8.81,21,THU,NO_TX,360,,1,kieu=dung_yen;lan=1,1
42.6201,1790258675.715106,0.0201,1,320.00,231.50,0.771,-5.2567,-7.5866,-5.2435,-0.7787,-7.5833,-0.1419,-5.2440,-7.5833,5.3314,0.3234,0.0000,BAM,-5.2567,-8.1525,-5.1785,-8.1525,0.0000,0.0000,0.000,0.000,0.0177,63.9,8.50,21,THU,NO_TX,360,,1,kieu=dung_yen;lan=1,1
42.6401,1790258675.735106,0.0200,0,320.00,231.50,0.771,,,-5.2591,-0.7787,-7.5862,-0.1419,-5.2594,-7.5862,5.3314,0.3234,0.0000,BAM,-5.2567,-8.1525,-5.1785,-8.1525,0.0000,0.0000,0.000,0.000,0.0177,63.9,8.50,21,THU,NO_TX,360,,1,kieu=dung_yen;lan=1,1
42.6602,1790258675.755145,0.0200,0,320.00,231.50,0.771,,,-5.2747,-0.7787,-7.5890,-0.1419,-5.2750,-7.5890,5.3314,0.3234,0.0000,BAM,-5.2567,-8.1525,-5.1785,-8.1525,0.0000,0.0000,0.000,0.000,0.0177,63.9,8.50,21,THU,NO_TX,360,,1,kieu=dung_yen;lan=1,1
42.6807,1790258675.775707,0.0206,1,318.75,231.25,0.784,-5.1727,-7.5699,-5.1938,0.4426,-7.5740,0.0801,-5.1937,-7.5740,5.3314,0.3234,0.0000,BAM,-5.2567,-8.1525,-5.1785,-8.1525,0.0000,0.0000,0.000,0.000,0.0446,49.7,8.84,21,THU,NO_TX,360,,1,kieu=dung_yen;lan=1,1
42.7008,1790258675.795632,0.0200,0,318.75,231.25,0.784,,,-5.1849,0.4426,-7.5724,0.0801,-5.1848,-7.5724,5.3314,0.3234,0.0000,BAM,-5.2567,-8.1525,-5.1785,-8.1525,0.0000,0.0000,0.000,0.000,0.0446,49.7,8.84,21,THU,NO_TX,360,,1,kieu=dung_yen;lan=1,1
42.7213,1790258675.816219,0.0205,0,318.75,231.25,0.784,,,-5.1758,0.4426,-7.5708,0.0801,-5.1758,-7.5708,5.3314,0.3234,0.0000,BAM,-5.2567,-8.1525,-5.1785,-8.1525,0.0000,0.0000,0.000,0.000,0.0446,49.7,8.84,21,THU,NO_TX,360,,1,kieu=dung_yen;lan=1,1
42.7416,1790258675.836521,0.0203,1,320.50,230.50,0.776,-5.2902,-7.5200,-5.2683,-0.8388,-7.5291,0.5773,-5.2689,-7.5289,5.3314,0.3234,0.0000,BAM,-5.2567,-8.1525,-5.1785,-8.1525,0.0000,0.0000,0.000,0.000,0.0541,63.2,9.51,21,THU,NO_TX,360,,1,kieu=dung_yen;lan=1,1
42.7618,1790258675.856793,0.0202,0,320.50,230.50,0.776,,,-5.2853,-0.8388,-7.5174,0.5773,-5.2857,-7.5173,5.3314,0.3234,0.0000,BAM,-5.2567,-8.1525,-5.1785,-8.1525,0.0000,0.0000,0.000,0.000,0.0541,63.2,9.51,21,THU,NO_TX,360,,1,kieu=dung_yen;lan=1,1
42.7822,1790258675.877034,0.0204,0,320.50,230.50,0.776,,,-5.3024,-0.8388,-7.5056,0.5773,-5.3027,-7.5055,5.3314,0.3234,0.0000,BAM,-5.2567,-8.1525,-5.1785,-8.1525,0.0000,0.0000,0.000,0.000,0.0541,63.2,9.51,21,THU,NO_TX,360,,1,kieu=dung_yen;lan=1,1
42.8027,1790258675.897638,0.0205,1,318.50,231.00,0.765,-5.1559,-7.5533,-5.1848,0.8607,-7.5424,-0.0254,-5.1841,-7.5424,5.3314,0.3234,0.0000,BAM,-5.2567,-8.1525,-5.1785,-8.1525,0.0000,0.0000,0.000,0.000,0.0924,62.8,9.12,21,THU,NO_TX,360,,1,kieu=dung_yen;lan=1,1
42.8233,1790258675.918251,0.0206,0,318.50,231.00,0.765,,,-5.1670,0.8607,-7.5429,-0.0254,-5.1666,-7.5429,5.3314,0.3234,0.0000,BAM,-5.2567,-8.1525,-5.1785,-8.1525,0.0000,0.0000,0.000,0.000,0.0924,62.8,9.12,21,THU,NO_TX,360,,1,kieu=dung_yen;lan=1,1
42.8435,1790258675.938445,0.0202,0,318.50,231.00,0.765,,,-5.1496,0.8607,-7.5435,-0.0254,-5.1493,-7.5435,5.3314,0.3234,0.0000,BAM,-5.2567,-8.1525,-5.1785,-8.1525,0.0000,0.0000,0.000,0.000,0.0924,62.8,9.12,21,THU,NO_TX,360,,1,kieu=dung_yen;lan=1,1
42.8638,1790258675.958752,0.0203,1,320.50,230.50,0.780,-5.2902,-7.5200,-5.2624,-0.7806,-7.5244,0.2172,-5.2629,-7.5244,5.3314,0.3234,0.0000,BAM,-5.2567,-8.1525,-5.1785,-8.1525,0.0000,0.0000,0.000,0.000,0.0782,49.0,9.51,21,THU,NO_TX,360,,1,kieu=dung_yen;lan=1,1
42.8844,1790258675.979374,0.0206,0,320.50,230.50,0.780,,,-5.2785,-0.7806,-7.5199,0.2172,-5.2789,-7.5199,5.3314,0.3234,0.0000,BAM,-5.2567,-8.1525,-5.1785,-8.1525,0.0000,0.0000,0.000,0.000,0.0782,49.0,9.51,21,THU,NO_TX,360,,1,kieu=dung_yen;lan=1,1
42.9048,1790258675.999732,0.0204,0,320.50,230.50,0.780,,,-5.2944,-0.7806,-7.5155,0.2172,-5.2947,-7.5155,5.3314,0.3234,0.0000,BAM,-5.2567,-8.1525,-5.1785,-8.1525,0.0000,0.0000,0.000,0.000,0.0782,49.0,9.51,21,THU,NO_TX,360,,1,kieu=dung_yen;lan=1,1
42.9248,1790258676.019691,0.0200,1,319.75,230.00,0.794,-5.2399,-7.4867,-5.2522,-0.0516,-7.4912,0.4643,-5.2522,-7.4911,5.3314,0.3234,0.0000,BAM,-5.2567,-8.1525,-5.1785,-8.1525,0.0000,0.0000,0.000,0.000,0.0168,64.4,10.00,21,THU,NO_TX,360,,1,kieu=dung_yen;lan=1,1
42.9451,1790258676.040136,0.0203,0,319.75,230.00,0.794,,,-5.2533,-0.0516,-7.4818,0.4643,-5.2533,-7.4817,5.3314,0.3234,0.0000,BAM,-5.2567,-8.1525,-5.1785,-8.1525,0.0000,0.0000,0.000,0.000,0.0168,64.4,10.00,21,THU,NO_TX,360,,1,kieu=dung_yen;lan=1,1
42.9651,1790258676.060058,0.0200,0,319.75,230.00,0.794,,,-5.2543,-0.0516,-7.4725,0.4643,-5.2543,-7.4724,5.3314,0.3234,0.0000,BAM,-5.2567,-8.1525,-5.1785,-8.1525,0.0000,0.0000,0.000,0.000,0.0168,64.4,10.00,21,THU,NO_TX,360,,1,kieu=dung_yen;lan=1,1
42.9851,1790258676.080135,0.0200,1,318.75,231.00,0.770,-5.1727,-7.5533,-5.1875,0.8078,-7.5366,-0.4496,-5.1870,-7.5367,5.3314,0.3234,0.0000,BAM,-5.2567,-8.1525,-5.1785,-8.1525,0.0000,0.0000,0.000,0.000,0.0453,62.5,9.09,21,THU,NO_TX,360,,1,kieu=dung_yen;lan=1,1
43.0053,1790258676.100274,0.0201,0,318.75,231.00,0.770,,,-5.1712,0.8078,-7.5456,-0.4496,-5.1709,-7.5457,5.3314,0.3234,0.0000,BAM,-5.2567,-8.1525,-5.1785,-8.1525,0.0000,0.0000,0.000,0.000,0.0453,62.5,9.09,21,THU,NO_TX,360,,1,kieu=dung_yen;lan=1,1
43.0254,1790258676.120349,0.0201,1,318.25,231.50,0.765,-5.1391,-7.5866,-5.1435,0.9731,-7.5777,-0.7720,-5.1425,-7.5781,5.3314,0.3234,0.0000,BAM,-5.2567,-8.1525,-5.1785,-8.1525,0.0000,0.0000,0.000,0.000,0.0057,48.8,8.68,21,THU,NO_TX,360,,1,kieu=dung_yen;lan=1,1
43.0457,1790258676.140564,0.0203,0,318.25,231.50,0.765,,,-5.1237,0.9731,-7.5933,-0.7720,-5.1231,-7.5936,5.3314,0.3234,0.0000,BAM,-5.2567,-8.1525,-5.1785,-8.1525,0.0000,0.0000,0.000,0.000,0.0057,48.8,8.68,21,THU,NO_TX,360,,1,kieu=dung_yen;lan=1,1
43.0659,1790258676.160908,0.0202,0,318.25,231.50,0.765,,,-5.1040,0.9731,-7.6089,-0.7720,-5.1035,-7.6092,5.3314,0.3234,0.0000,BAM,-5.2567,-8.1525,-5.1785,-8.1525,0.0000,0.0000,0.000,0.000,0.0057,48.8,8.68,21,THU,NO_TX,360,,1,kieu=dung_yen;lan=1,1
43.0862,1790258676.181234,0.0203,1,314.75,228.75,0.761,-4.9042,-7.4034,-4.9365,2.8791,-7.4446,1.5153,-4.9132,-7.4411,5.3314,0.3234,0.0000,BAM,-5.2567,-8.1525,-5.1785,-8.1525,0.0000,0.0000,0.000,0.000,0.2466,63.3,12.41,21,THU,NO_TX,360,,1,kieu=dung_yen;lan=1,1
43.1066,1790258676.201497,0.0203,0,314.75,228.75,0.761,,,-4.8780,2.8791,-7.4138,1.5153,-4.8613,-7.4114,5.3314,0.3234,0.0000,BAM,-5.2567,-8.1525,-5.1785,-8.1525,0.0000,0.0000,0.000,0.000,0.2466,63.3,12.41,21,THU,NO_TX,360,,1,kieu=dung_yen;lan=1,1
43.1266,1790258676.221559,0.0200,0,314.75,228.75,0.761,,,-4.8203,2.8791,-7.3835,1.5153,-4.8073,-7.3816,5.3314,0.3234,0.0000,BAM,-5.2567,-8.1525,-5.1785,-8.1525,0.0000,0.0000,0.000,0.000,0.2466,63.3,12.41,21,THU,NO_TX,360,,1,kieu=dung_yen;lan=1,1
43.1470,1790258676.241963,0.0204,0,314.75,228.75,0.761,,,-4.7616,2.8791,-7.3526,1.5153,-4.7509,-7.3510,5.3314,0.3234,0.0000,BAM,-5.2567,-8.1525,-5.1785,-8.1525,0.0000,0.0000,0.000,0.000,0.2466,63.3,12.41,21,THU,NO_TX,360,,1,kieu=dung_yen;lan=1,1
43.1673,1790258676.262300,0.0203,1,318.75,231.25,0.777,-5.1727,-7.5699,-5.1173,-1.6902,-7.5393,-0.8514,-5.1221,-7.5399,5.3314,0.3234,0.0000,BAM,-5.2567,-8.1525,-5.1785,-8.1525,0.0000,0.0000,0.000,0.000,0.5749,64.5,8.84,21,THU,NO_TX,360,,1,kieu=dung_yen;lan=1,1
43.1874,1790258676.282422,0.0201,0,318.75,231.25,0.777,,,-5.1513,-1.6902,-7.5564,-0.8514,-5.1547,-7.5569,5.3314,0.3234,0.0000,BAM,-5.2567,-8.1525,-5.1785,-8.1525,0.0000,0.0000,0.000,0.000,0.5749,64.5,8.84,21,THU,NO_TX,360,,1,kieu=dung_yen;lan=1,1
43.2079,1790258676.302848,0.0205,1,319.50,231.25,0.764,-5.2231,-7.5700,-5.2130,-2.0709,-7.5710,-0.8128,-5.2215,-7.5715,5.3314,0.3234,0.0000,BAM,-5.2567,-8.1525,-5.1785,-8.1525,0.0000,0.0000,0.000,0.000,0.0066,48.3,8.76,21,THU,NO_TX,360,,1,kieu=dung_yen;lan=1,1
43.2284,1790258676.323411,0.0205,0,319.50,231.25,0.764,,,-5.2555,-2.0709,-7.5877,-0.8128,-5.2616,-7.5881,5.3314,0.3234,0.0000,BAM,-5.2567,-8.1525,-5.1785,-8.1525,0.0000,0.0000,0.000,0.000,0.0066,48.3,8.76,21,THU,NO_TX,360,,1,kieu=dung_yen;lan=1,1
43.2487,1790258676.343678,0.0203,0,319.50,231.25,0.764,,,-5.2975,-2.0709,-7.6042,-0.8128,-5.3023,-7.6045,5.3314,0.3234,0.0000,BAM,-5.2567,-8.1525,-5.1785,-8.1525,0.0000,0.0000,0.000,0.000,0.0066,48.3,8.76,21,THU,NO_TX,360,,1,kieu=dung_yen;lan=1,1
43.2693,1790258676.364109,0.0206,1,319.50,231.00,0.765,-5.2231,-7.5533,-5.2437,-0.8262,-7.5657,-0.1109,-5.2443,-7.5657,5.3314,0.3234,0.0000,BAM,-5.2567,-8.1525,-5.1785,-8.1525,0.0000,0.0000,0.000,0.000,0.0554,64.1,9.01,21,THU,NO_TX,360,,1,kieu=dung_yen;lan=1,1
43.2899,1790258676.384862,0.0206,0,319.50,231.00,0.765,,,-5.2607,-0.8262,-7.5680,-0.1109,-5.2611,-7.5680,5.3314,0.3234,0.0000,BAM,-5.2567,-8.1525,-5.1785,-8.1525,0.0000,0.0000,0.000,0.000,0.0554,64.1,9.01,21,THU,NO_TX,360,,1,kieu=dung_yen;lan=1,1
43.3106,1790258676.405564,0.0208,0,319.50,231.00,0.765,,,-5.2779,-0.8262,-7.5703,-0.1109,-5.2782,-7.5703,5.3314,0.3234,0.0000,BAM,-5.2567,-8.1525,-5.1785,-8.1525,0.0000,0.0000,0.000,0.000,0.0554,64.1,9.01,21,THU,NO_TX,360,,1,kieu=dung_yen;lan=1,1
43.3313,1790258676.426874,0.0207,1,313.25,229.25,0.771,-4.8035,-7.4366,-4.8883,4.2480,-7.4609,1.2596,-4.8201,-7.4590,5.3314,0.3234,0.0000,BAM,-5.2567,-8.1525,-5.1785,-8.1525,0.0000,0.0000,0.000,0.000,0.7781,62.8,12.69,21,THU,NO_TX,360,,1,kieu=dung_yen;lan=1,1
43.3513,1790258676.446163,0.0200,0,313.25,229.25,0.771,,,-4.8033,4.2480,-7.4357,1.2596,-4.7530,-7.4343,5.3314,0.3234,0.0000,BAM,-5.2567,-8.1525,-5.1785,-8.1525,0.0000,0.0000,0.000,0.000,0.7781,62.8,12.69,21,THU,NO_TX,360,,1,kieu=dung_yen;lan=1,1
43.3715,1790258676.466468,0.0202,0,313.25,229.25,0.771,,,-4.7175,4.2480,-7.4103,1.2596,-4.6777,-7.4092,5.3314,0.3234,0.0000,BAM,-5.2567,-8.1525,-5.1785,-8.1525,0.0000,0.0000,0.000,0.000,0.7781,62.8,12.69,21,THU,NO_TX,360,,1,kieu=dung_yen;lan=1,1
43.3916,1790258676.486548,0.0201,1,318.75,231.75,0.768,-5.1727,-7.6032,-5.0757,-1.3662,-7.5626,-0.9503,-5.0783,-7.5635,5.3314,0.3234,0.0000,BAM,-5.2567,-8.1525,-5.1785,-8.1525,0.0000,0.0000,0.000,0.000,1.0539,48.8,8.34,21,THU,NO_TX,360,,1,kieu=dung_yen;lan=1,1
43.4120,1790258676.506937,0.0204,0,318.75,231.75,0.768,,,-5.1036,-1.3662,-7.5820,-0.9503,-5.1054,-7.5826,5.3314,0.3234,0.0000,BAM,-5.2567,-8.1525,-5.1785,-8.1525,0.0000,0.0000,0.000,0.000,1.0539,48.8,8.34,21,THU,NO_TX,360,,1,kieu=dung_yen;lan=1,1
43.4320,1790258676.526981,0.0200,0,318.75,231.75,0.768,,,-5.1309,-1.3662,-7.6010,-0.9503,-5.1324,-7.6015,5.3314,0.3234,0.0000,BAM,-5.2567,-8.1525,-5.1785,-8.1525,0.0000,0.0000,0.000,0.000,1.0539,48.8,8.34,21,THU,NO_TX,360,,1,kieu=dung_yen;lan=1,1
43.4522,1790258676.547171,0.0202,1,321.00,230.50,0.794,-5.3238,-7.5200,-5.2944,-3.0857,-7.5385,0.0661,-5.3222,-7.5385,5.3314,0.3234,0.0000,BAM,-5.2567,-8.1525,-5.1785,-8.1525,0.0000,0.0000,0.000,0.000,0.1142,62.3,9.55,21,THU,NO_TX,360,,1,kieu=dung_yen;lan=1,1
43.4724,1790258676.567360,0.0202,0,321.00,230.50,0.794,,,-5.3567,-3.0857,-7.5372,0.0661,-5.3769,-7.5372,5.3314,0.3234,0.0000,BAM,-5.2567,-8.1525,-5.1785,-8.1525,0.0000,0.0000,0.000,0.000,0.1142,62.3,9.55,21,THU,NO_TX,360,,1,kieu=dung_yen;lan=1,1
43.4926,1790258676.587525,0.0202,0,321.00,230.50,0.794,,,-5.4190,-3.0857,-7.5359,0.0661,-5.4348,-7.5359,5.3314,0.3234,0.0000,BAM,-5.2567,-8.1525,-5.1785,-8.1525,0.0000,0.0000,0.000,0.000,0.1142,62.3,9.55,21,THU,NO_TX,360,,1,kieu=dung_yen;lan=1,1
43.5128,1790258676.607779,0.0202,1,320.00,231.50,0.774,-5.2567,-7.5866,-5.2966,-0.7492,-7.5770,-0.4620,-5.2971,-7.5771,5.3314,0.3234,0.0000,BAM,-5.2567,-8.1525,-5.1785,-8.1525,0.0000,0.0000,0.000,0.000,0.1644,63.7,8.50,21,THU,NO_TX,360,,1,kieu=dung_yen;lan=1,1
43.5329,1790258676.627852,0.0201,0,320.00,231.50,0.774,,,-5.3117,-0.7492,-7.5863,-0.4620,-5.3120,-7.5863,5.3314,0.3234,0.0000,BAM,-5.2567,-8.1525,-5.1785,-8.1525,0.0000,0.0000,0.000,0.000,0.1644,63.7,8.50,21,THU,NO_TX,360,,1,kieu=dung_yen;lan=1,1
43.5532,1790258676.648158,0.0203,1,318.50,231.50,0.780,-5.1559,-7.5866,-5.2024,1.0318,-7.5891,-0.3704,-5.2013,-7.5892,5.3314,0.3234,0.0000,BAM,-5.2567,-8.1525,-5.1785,-8.1525,0.0000,0.0000,0.000,0.000,0.1386,48.7,8.63,21,THU,NO_TX,360,,1,kieu=dung_yen;lan=1,1
43.5733,1790258676.668288,0.0201,0,318.50,231.50,0.780,,,-5.1816,1.0318,-7.5966,-0.3704,-5.1808,-7.5966,5.3314,0.3234,0.0000,BAM,-5.2567,-8.1525,-5.1785,-8.1525,0.0000,0.0000,0.000,0.000,0.1386,48.7,8.63,21,THU,NO_TX,360,,1,kieu=dung_yen;lan=1,1
43.5934,1790258676.688443,0.0201,0,318.50,231.50,0.780,,,-5.1608,1.0318,-7.6040,-0.3704,-5.1602,-7.6040,5.3314,0.3234,0.0000,BAM,-5.2567,-8.1525,-5.1785,-8.1525,0.0000,0.0000,0.000,0.000,0.1386,48.7,8.63,21,THU,NO_TX,360,,1,kieu=dung_yen;lan=1,1
43.6138,1790258676.708633,0.0203,0,318.50,231.50,0.780,,,-5.1399,1.0318,-7.6115,-0.3704,-5.1394,-7.6116,5.3314,0.3234,0.0000,BAM,-5.2567,-8.1525,-5.1785,-8.1525,0.0000,0.0000,0.000,0.000,0.1386,48.7,8.63,21,THU,NO_TX,360,,1,kieu=dung_yen;lan=1,1
43.6343,1790258676.729295,0.0205,1,319.25,231.75,0.764,-5.2063,-7.6032,-5.1959,0.1664,-7.6052,-0.2161,-5.1959,-7.6052,5.3314,0.3234,0.0000,BAM,-5.2567,-8.1525,-5.1785,-8.1525,0.0000,0.0000,0.000,0.000,0.0163,65.4,8.28,21,THU,NO_TX,360,,1,kieu=dung_yen;lan=1,1
43.6543,1790258676.749300,0.0200,0,319.25,231.75,0.764,,,-5.1926,0.1664,-7.6095,-0.2161,-5.1926,-7.6096,5.3314,0.3234,0.0000,BAM,-5.2567,-8.1525,-5.1785,-8.1525,0.0000,0.0000,0.000,0.000,0.0163,65.4,8.28,21,THU,NO_TX,360,,1,kieu=dung_yen;lan=1,1
43.6748,1790258676.769758,0.0204,1,319.50,231.75,0.771,-5.2231,-7.6032,-5.2139,-0.1789,-7.6062,-0.1103,-5.2139,-7.6062,5.3314,0.3234,0.0000,BAM,-5.2567,-8.1525,-5.1785,-8.1525,0.0000,0.0000,0.000,0.000,0.0059,47.9,8.27,21,THU,NO_TX,360,,1,kieu=dung_yen;lan=1,1
43.6949,1790258676.789870,0.0201,0,319.50,231.75,0.771,,,-5.2175,-0.1789,-7.6084,-0.1103,-5.2175,-7.6084,5.3314,0.3234,0.0000,BAM,-5.2567,-8.1525,-5.1785,-8.1525,0.0000,0.0000,0.000,0.000,0.0059,47.9,8.27,21,THU,NO_TX,360,,1,kieu=dung_yen;lan=1,1
43.7150,1790258676.809971,0.0201,0,319.50,231.75,0.771,,,-5.2211,-0.1789,-7.6106,-0.1103,-5.2211,-7.6106,5.3314,0.3234,0.0000,BAM,-5.2567,-8.1525,-5.1785,-8.1525,0.0000,0.0000,0.000,0.000,0.0059,47.9,8.27,21,THU,NO_TX,360,,1,kieu=dung_yen;lan=1,1
43.7359,1790258676.830831,0.0209,1,318.50,231.00,0.757,-5.1559,-7.5533,-5.1682,0.5537,-7.5643,0.5087,-5.1680,-7.5642,5.3314,0.3234,0.0000,BAM,-5.2567,-8.1525,-5.1785,-8.1525,0.0000,0.0000,0.000,0.000,0.0252,63.3,9.12,21,THU,NO_TX,360,,1,kieu=dung_yen;lan=1,1
43.7560,1790258676.850976,0.0201,0,318.50,231.00,0.757,,,-5.1570,0.5537,-7.5541,0.5087,-5.1569,-7.5540,5.3314,0.3234,0.0000,BAM,-5.2567,-8.1525,-5.1785,-8.1525,0.0000,0.0000,0.000,0.000,0.0252,63.3,9.12,21,THU,NO_TX,360,,1,kieu=dung_yen;lan=1,1
43.7761,1790258676.871030,0.0201,0,318.50,231.00,0.757,,,-5.1459,0.5537,-7.5439,0.5087,-5.1458,-7.5438,5.3314,0.3234,0.0000,BAM,-5.2567,-8.1525,-5.1785,-8.1525,0.0000,0.0000,0.000,0.000,0.0252,63.3,9.12,21,THU,NO_TX,360,,1,kieu=dung_yen;lan=1,1
43.7966,1790258676.891636,0.0206,1,320.75,230.50,0.778,-5.3070,-7.5200,-5.2765,-1.2324,-7.5225,0.6442,-5.2784,-7.5222,5.3314,0.3234,0.0000,BAM,-5.2567,-8.1525,-5.1785,-8.1525,0.0000,0.0000,0.000,0.000,0.0923,63.9,9.53,21,THU,NO_TX,360,,1,kieu=dung_yen;lan=1,1
43.8168,1790258676.911763,0.0201,0,320.75,230.50,0.778,,,-5.3013,-1.2324,-7.5095,0.6442,-5.3026,-7.5093,5.3314,0.3234,0.0000,BAM,-5.2567,-8.1525,-5.1785,-8.1525,0.0000,0.0000,0.000,0.000,0.0923,63.9,9.53,21,THU,NO_TX,360,,1,kieu=dung_yen;lan=1,1
43.8372,1790258676.932145,0.0204,0,320.75,230.50,0.778,,,-5.3265,-1.2324,-7.4964,0.6442,-5.3275,-7.4962,5.3314,0.3234,0.0000,BAM,-5.2567,-8.1525,-5.1785,-8.1525,0.0000,0.0000,0.000,0.000,0.0923,63.9,9.53,21,THU,NO_TX,360,,1,kieu=dung_yen;lan=1,1
43.8574,1790258676.952404,0.0202,1,319.75,231.50,0.771,-5.2399,-7.5866,-5.2597,-0.0747,-7.5676,-0.4013,-5.2597,-7.5676,5.3314,0.3234,0.0000,BAM,-5.2567,-8.1525,-5.1785,-8.1525,0.0000,0.0000,0.000,0.000,0.0698,51.2,8.50,21,THU,NO_TX,360,,1,kieu=dung_yen;lan=1,1
43.8778,1790258676.972757,0.0203,0,319.75,231.50,0.771,,,-5.2612,-0.0747,-7.5757,-0.4013,-5.2612,-7.5758,5.3314,0.3234,0.0000,BAM,-5.2567,-8.1525,-5.1785,-8.1525,0.0000,0.0000,0.000,0.000,0.0698,51.2,8.50,21,THU,NO_TX,360,,1,kieu=dung_yen;lan=1,1
43.8979,1790258676.992880,0.0201,0,319.75,231.50,0.771,,,-5.2627,-0.0747,-7.5838,-0.4013,-5.2627,-7.5838,5.3314,0.3234,0.0000,BAM,-5.2567,-8.1525,-5.1785,-8.1525,0.0000,0.0000,0.000,0.000,0.0698,51.2,8.50,21,THU,NO_TX,360,,1,kieu=dung_yen;lan=1,1
43.9183,1790258677.013765,0.0204,1,319.50,231.50,0.771,-5.2231,-7.5866,-5.2304,0.3528,-7.5876,-0.3466,-5.2303,-7.5876,5.3314,0.3234,0.0000,BAM,-5.2567,-8.1525,-5.1785,-8.1525,0.0000,0.0000,0.000,0.000,0.0053,63.0,8.51,21,THU,NO_TX,360,,1,kieu=dung_yen;lan=1,1
43.9386,1790258677.033584,0.0203,0,319.50,231.50,0.771,,,-5.2232,0.3528,-7.5946,-0.3466,-5.2232,-7.5947,5.3314,0.3234,0.0000,BAM,-5.2567,-8.1525,-5.1785,-8.1525,0.0000,0.0000,0.000,0.000,0.0053,63.0,8.51,21,THU,NO_TX,360,,1,kieu=dung_yen;lan=1,1
43.9595,1790258677.054425,0.0209,0,319.50,231.50,0.771,,,-5.2158,0.3528,-7.6019,-0.3466,-5.2158,-7.6019,5.3314,0.3234,0.0000,BAM,-5.2567,-8.1525,-5.1785,-8.1525,0.0000,0.0000,0.000,0.000,0.0053,63.0,8.51,21,THU,NO_TX,360,,1,kieu=dung_yen;lan=1,1
43.9795,1790258677.074494,0.0200,1,320.75,231.00,0.780,-5.3070,-7.5533,-5.2898,-0.6673,-7.5634,0.2153,-5.2901,-7.5634,5.3314,0.3234,0.0000,BAM,-5.2567,-8.1525,-5.1785,-8.1525,0.0000,0.0000,0.000,0.000,0.0385,59.0,9.03,21,THU,NO_TX,360,,1,kieu=dung_yen;lan=1,1
43.9996,1790258677.094556,0.0201,0,320.75,231.00,0.780,,,-5.3032,-0.6673,-7.5591,0.2153,-5.3034,-7.5591,5.3314,0.3234,0.0000,BAM,-5.2567,-8.1525,-5.1785,-8.1525,0.0000,0.0000,0.000,0.000,0.0385,59.0,9.03,21,THU,NO_TX,360,,1,kieu=dung_yen;lan=1,1
44.0197,1790258677.114634,0.0201,1,319.50,231.25,0.776,-5.2231,-7.5700,-5.2486,0.3054,-7.5657,0.0622,-5.2486,-7.5657,5.3314,0.3234,0.0000,BAM,-5.2567,-8.1525,-5.1785,-8.1525,0.0000,0.0000,0.000,0.000,0.0426,49.8,8.76,21,THU,NO_TX,360,,1,kieu=dung_yen;lan=1,1
44.0397,1790258677.134669,0.0200,0,319.50,231.25,0.776,,,-5.2425,0.3054,-7.5645,0.0622,-5.2425,-7.5645,5.3314,0.3234,0.0000,BAM,-5.2567,-8.1525,-5.1785,-8.1525,0.0000,0.0000,0.000,0.000,0.0426,49.8,8.76,21,THU,NO_TX,360,,1,kieu=dung_yen;lan=1,1
44.0602,1790258677.155209,0.0206,0,319.50,231.25,0.776,,,-5.2362,0.3054,-7.5632,0.0622,-5.2362,-7.5632,5.3314,0.3234,0.0000,BAM,-5.2567,-8.1525,-5.1785,-8.1525,0.0000,0.0000,0.000,0.000,0.0426,49.8,8.76,21,THU,NO_TX,360,,1,kieu=dung_yen;lan=1,1
44.0803,1790258677.175290,0.0201,1,319.25,231.50,0.772,-5.2063,-7.5866,-5.2106,0.5575,-7.5820,-0.1929,-5.2104,-7.5820,5.3314,0.3234,0.0000,BAM,-5.2567,-8.1525,-5.1785,-8.1525,0.0000,0.0000,0.000,0.000,0.0036,64.4,8.53,21,THU,NO_TX,360,,1,kieu=dung_yen;lan=1,1
44.1003,1790258677.195343,0.0200,0,319.25,231.50,0.772,,,-5.1994,0.5575,-7.5858,-0.1929,-5.1993,-7.5859,5.3314,0.3234,0.0000,BAM,-5.2567,-8.1525,-5.1785,-8.1525,0.0000,0.0000,0.000,0.000,0.0036,64.4,8.53,21,THU,NO_TX,360,,1,kieu=dung_yen;lan=1,1
44.1205,1790258677.215452,0.0201,0,319.25,231.50,0.772,,,-5.1882,0.5575,-7.5897,-0.1929,-5.1881,-7.5897,5.3314,0.3234,0.0000,BAM,-5.2567,-8.1525,-5.1785,-8.1525,0.0000,0.0000,0.000,0.000,0.0036,64.4,8.53,21,THU,NO_TX,360,,1,kieu=dung_yen;lan=1,1
44.1407,1790258677.235651,0.0202,0,319.25,231.50,0.772,,,-5.1769,0.5575,-7.5936,-0.1929,-5.1769,-7.5936,5.3314,0.3234,0.0000,BAM,-5.2567,-8.1525,-5.1785,-8.1525,0.0000,0.0000,0.000,0.000,0.0036,64.4,8.53,21,THU,NO_TX,360,,1,kieu=dung_yen;lan=1,1
44.1607,1790258677.255708,0.0201,1,320.25,230.25,0.772,-5.2735,-7.5034,-5.2606,-0.4931,-7.5152,0.7067,-5.2607,-7.5148,5.3314,0.3234,0.0000,BAM,-5.2567,-8.1525,-5.1785,-8.1525,0.0000,0.0000,0.000,0.000,0.0418,63.7,9.75,21,THU,NO_TX,360,,1,kieu=dung_yen;lan=1,1
44.1809,1790258677.275877,0.0202,0,320.25,230.25,0.772,,,-5.2705,-0.4931,-7.5009,0.7067,-5.2706,-7.5007,5.3314,0.3234,0.0000,BAM,-5.2567,-8.1525,-5.1785,-8.1525,0.0000,0.0000,0.000,0.000,0.0418,63.7,9.75,21,THU,NO_TX,360,,1,kieu=dung_yen;lan=1,1
44.2011,1790258677.296020,0.0202,1,319.50,230.75,0.768,-5.2231,-7.5367,-5.2387,0.0938,-7.5228,0.2113,-5.2387,-7.5228,5.3314,0.3234,0.0000,BAM,-5.2567,-8.1525,-5.1785,-8.1525,0.0000,0.0000,0.000,0.000,0.0267,45.4,9.26,21,THU,NO_TX,360,,1,kieu=dung_yen;lan=1,1
44.2219,1790258677.316863,0.0208,0,319.50,230.75,0.768,,,-5.2367,0.0938,-7.5184,0.2113,-5.2367,-7.5184,5.3314,0.3234,0.0000,BAM,-5.2567,-8.1525,-5.1785,-8.1525,0.0000,0.0000,0.000,0.000,0.0267,45.4,9.26,21,THU,NO_TX,360,,1,kieu=dung_yen;lan=1,1
44.2419,1790258677.336929,0.0201,0,319.50,230.75,0.768,,,-5.2348,0.0938,-7.5141,0.2113,-5.2348,-7.5141,5.3314,0.3234,0.0000,BAM,-5.2567,-8.1525,-5.1785,-8.1525,0.0000,0.0000,0.000,0.000,0.0267,45.4,9.26,21,THU,NO_TX,360,,1,kieu=dung_yen;lan=1,1
44.2620,1790258677.356977,0.0200,1,313.25,228.75,0.768,-4.8035,-7.4033,-4.8799,4.6668,-7.4231,1.3194,-4.7915,-7.4208,5.3314,0.3234,0.0000,BAM,-5.2567,-8.1525,-5.1785,-8.1525,0.0000,0.0000,0.000,0.000,0.6047,64.3,13.12,21,THU,NO_TX,360,,1,kieu=dung_yen;lan=1,1
44.2825,1790258677.377465,0.0205,0,313.25,228.75,0.768,,,-4.7842,4.6668,-7.3960,1.3194,-4.7190,-7.3944,5.3314,0.3234,0.0000,BAM,-5.2567,-8.1525,-5.1785,-8.1525,0.0000,0.0000,0.000,0.000,0.6047,64.3,13.12,21,THU,NO_TX,360,,1,kieu=dung_yen;lan=1,1
44.3029,1790258677.397870,0.0204,0,313.25,228.75,0.768,,,-4.6891,4.6668,-7.3691,1.3194,-4.6374,-7.3678,5.3314,0.3234,0.0000,BAM,-5.2567,-8.1525,-5.1785,-8.1525,0.0000,0.0000,0.000,0.000,0.6047,64.3,13.12,21,THU,NO_TX,360,,1,kieu=dung_yen;lan=1,1
44.3237,1790258677.418695,0.0208,1,319.50,231.50,0.767,-5.2231,-7.5866,-5.1135,-1.8564,-7.5425,-1.1514,-5.1200,-7.5440,5.3314,0.3234,0.0000,BAM,-5.2567,-8.1525,-5.1785,-8.1525,0.0000,0.0000,0.000,0.000,1.3762,64.9,8.51,21,THU,NO_TX,360,,1,kieu=dung_yen;lan=1,1
44.3441,1790258677.439053,0.0203,0,319.50,231.50,0.767,,,-5.1513,-1.8564,-7.5659,-1.1514,-5.1559,-7.5670,5.3314,0.3234,0.0000,BAM,-5.2567,-8.1525,-5.1785,-8.1525,0.0000,0.0000,0.000,0.000,1.3762,64.9,8.51,21,THU,NO_TX,360,,1,kieu=dung_yen;lan=1,1
44.3642,1790258677.459184,0.0201,0,319.50,231.50,0.767,,,-5.1887,-1.8564,-7.5891,-1.1514,-5.1922,-7.5899,5.3314,0.3234,0.0000,BAM,-5.2567,-8.1525,-5.1785,-8.1525,0.0000,0.0000,0.000,0.000,1.3762,64.9,8.51,21,THU,NO_TX,360,,1,kieu=dung_yen;lan=1,1
44.3846,1790258677.480089,0.0204,1,319.00,231.75,0.779,-5.1895,-7.6032,-5.1961,-1.4719,-7.6050,-1.0568,-5.1993,-7.6061,5.3314,0.3234,0.0000,BAM,-5.2567,-8.1525,-5.1785,-8.1525,0.0000,0.0000,0.000,0.000,0.0045,48.6,8.31,21,THU,NO_TX,360,,1,kieu=dung_yen;lan=1,1
44.4051,1790258677.500135,0.0205,0,319.00,231.75,0.779,,,-5.2263,-1.4719,-7.6267,-1.0568,-5.2286,-7.6275,5.3314,0.3234,0.0000,BAM,-5.2567,-8.1525,-5.1785,-8.1525,0.0000,0.0000,0.000,0.000,0.0045,48.6,8.31,21,THU,NO_TX,360,,1,kieu=dung_yen;lan=1,1
44.4252,1790258677.520201,0.0201,0,319.00,231.75,0.779,,,-5.2559,-1.4719,-7.6479,-1.0568,-5.2576,-7.6485,5.3314,0.3234,0.0000,BAM,-5.2567,-8.1525,-5.1785,-8.1525,0.0000,0.0000,0.000,0.000,0.0045,48.6,8.31,21,THU,NO_TX,360,,1,kieu=dung_yen;lan=1,1
44.4453,1790258677.540282,0.0201,1,318.75,231.50,0.768,-5.1727,-7.5866,-5.1927,-0.3005,-7.6018,-0.2203,-5.1927,-7.6018,5.3314,0.3234,0.0000,BAM,-5.2567,-8.1525,-5.1785,-8.1525,0.0000,0.0000,0.000,0.000,0.0593,61.9,8.59,21,THU,NO_TX,360,,1,kieu=dung_yen;lan=1,1
44.4655,1790258677.560369,0.0202,0,318.75,231.50,0.768,,,-5.1988,-0.3005,-7.6062,-0.2203,-5.1988,-7.6062,5.3314,0.3234,0.0000,BAM,-5.2567,-8.1525,-5.1785,-8.1525,0.0000,0.0000,0.000,0.000,0.0593,61.9,8.59,21,THU,NO_TX,360,,1,kieu=dung_yen;lan=1,1
44.4856,1790258677.580514,0.0201,1,319.00,231.00,0.765,-5.1895,-7.5533,-5.1937,-0.1410,-7.5693,0.3590,-5.1937,-7.5693,5.3314,0.3234,0.0000,BAM,-5.2567,-8.1525,-5.1785,-8.1525,0.0000,0.0000,0.000,0.000,0.0158,49.0,9.06,21,THU,NO_TX,360,,1,kieu=dung_yen;lan=1,1
44.5061,1790258677.601075,0.0205,0,319.00,231.00,0.765,,,-5.1966,-0.1410,-7.5620,0.3590,-5.1966,-7.5619,5.3314,0.3234,0.0000,BAM,-5.2567,-8.1525,-5.1785,-8.1525,0.0000,0.0000,0.000,0.000,0.0158,49.0,9.06,21,THU,NO_TX,360,,1,kieu=dung_yen;lan=1,1
44.5262,1790258677.621166,0.0201,0,319.00,231.00,0.765,,,-5.1994,-0.1410,-7.5548,0.3590,-5.1994,-7.5547,5.3314,0.3234,0.0000,BAM,-5.2567,-8.1525,-5.1785,-8.1525,0.0000,0.0000,0.000,0.000,0.0158,49.0,9.06,21,THU,NO_TX,360,,1,kieu=dung_yen;lan=1,1
44.5468,1790258677.641767,0.0206,1,314.50,228.75,0.761,-4.8875,-7.4034,-4.9434,3.1899,-7.4300,1.8459,-4.9122,-7.4238,5.3314,0.3234,0.0000,BAM,-5.2567,-8.1525,-5.1785,-8.1525,0.0000,0.0000,0.000,0.000,0.3677,62.9,12.52,21,THU,NO_TX,360,,1,kieu=dung_yen;lan=1,1
44.5668,1790258677.661818,0.0200,0,314.50,228.75,0.761,,,-4.8795,3.1899,-7.3930,1.8459,-4.8570,-7.3886,5.3314,0.3234,0.0000,BAM,-5.2567,-8.1525,-5.1785,-8.1525,0.0000,0.0000,0.000,0.000,0.3677,62.9,12.52,21,THU,NO_TX,360,,1,kieu=dung_yen;lan=1,1
44.5869,1790258677.681864,0.0200,0,314.50,228.75,0.761,,,-4.8156,3.1899,-7.3561,1.8459,-4.7980,-7.3526,5.3314,0.3234,0.0000,BAM,-5.2567,-8.1525,-5.1785,-8.1525,0.0000,0.0000,0.000,0.000,0.3677,62.9,12.52,21,THU,NO_TX,360,,1,kieu=dung_yen;lan=1,1
44.6073,1790258677.702259,0.0204,1,320.50,230.50,0.785,-5.2902,-7.5200,-5.1937,-2.3963,-7.4826,-0.1896,-5.2072,-7.4826,5.3314,0.3234,0.0000,BAM,-5.2567,-8.1525,-5.1785,-8.1525,0.0000,0.0000,0.000,0.000,1.0272,64.6,9.51,21,THU,NO_TX,360,,1,kieu=dung_yen;lan=1,1
44.6274,1790258677.722357,0.0201,0,320.50,230.50,0.785,,,-5.2419,-2.3963,-7.4864,-0.1896,-5.2516,-7.4864,5.3314,0.3234,0.0000,BAM,-5.2567,-8.1525,-5.1785,-8.1525,0.0000,0.0000,0.000,0.000,1.0272,64.6,9.51,21,THU,NO_TX,360,,1,kieu=dung_yen;lan=1,1
44.6477,1790258677.742730,0.0204,0,320.50,230.50,0.785,,,-5.2907,-2.3963,-7.4903,-0.1896,-5.2983,-7.4903,5.3314,0.3234,0.0000,BAM,-5.2567,-8.1525,-5.1785,-8.1525,0.0000,0.0000,0.000,0.000,1.0272,64.6,9.51,21,THU,NO_TX,360,,1,kieu=dung_yen;lan=1,1
44.6680,1790258677.763510,0.0203,1,319.75,231.75,0.777,-5.2399,-7.6032,-5.2576,-1.3637,-7.5831,-1.2945,-5.2601,-7.5852,5.3314,0.3234,0.0000,BAM,-5.2567,-8.1525,-5.1785,-8.1525,0.0000,0.0000,0.000,0.000,0.0656,49.5,8.25,21,THU,NO_TX,360,,1,kieu=dung_yen;lan=1,1
44.6886,1790258677.783582,0.0206,0,319.75,231.75,0.777,,,-5.2856,-1.3637,-7.6098,-1.2945,-5.2874,-7.6113,5.3314,0.3234,0.0000,BAM,-5.2567,-8.1525,-5.1785,-8.1525,0.0000,0.0000,0.000,0.000,0.0656,49.5,8.25,21,THU,NO_TX,360,,1,kieu=dung_yen;lan=1,1
44.7090,1790258677.803997,0.0204,0,319.75,231.75,0.777,,,-5.3135,-1.3637,-7.6362,-1.2945,-5.3149,-7.6374,5.3314,0.3234,0.0000,BAM,-5.2567,-8.1525,-5.1785,-8.1525,0.0000,0.0000,0.000,0.000,0.0656,49.5,8.25,21,THU,NO_TX,360,,1,kieu=dung_yen;lan=1,1
44.7295,1790258677.824438,0.0205,1,318.75,231.75,0.774,-5.1727,-7.6032,-5.2022,0.3868,-7.6140,-0.6925,-5.2021,-7.6143,5.3314,0.3234,0.0000,BAM,-5.2567,-8.1525,-5.1785,-8.1525,0.0000,0.0000,0.000,0.000,0.0968,63.1,8.34,21,THU,NO_TX,360,,1,kieu=dung_yen;lan=1,1
44.7498,1790258677.844723,0.0203,0,318.75,231.75,0.774,,,-5.1943,0.3868,-7.6281,-0.6925,-5.1943,-7.6283,5.3314,0.3234,0.0000,BAM,-5.2567,-8.1525,-5.1785,-8.1525,0.0000,0.0000,0.000,0.000,0.0968,63.1,8.34,21,THU,NO_TX,360,,1,kieu=dung_yen;lan=1,1
44.7703,1790258677.865201,0.0205,0,318.75,231.75,0.774,,,-5.1864,0.3868,-7.6422,-0.6925,-5.1864,-7.6424,5.3314,0.3234,0.0000,BAM,-5.2567,-8.1525,-5.1785,-8.1525,0.0000,0.0000,0.000,0.000,0.0968,63.1,8.34,21,THU,NO_TX,360,,1,kieu=dung_yen;lan=1,1
44.7908,1790258677.885774,0.0206,1,320.50,231.50,0.771,-5.2902,-7.5866,-5.2707,-0.7730,-7.5993,0.0147,-5.2711,-7.5993,5.3314,0.3234,0.0000,BAM,-5.2567,-8.1525,-5.1785,-8.1525,0.0000,0.0000,0.000,0.000,0.0523,64.1,8.51,21,THU,NO_TX,360,,1,kieu=dung_yen;lan=1,1
44.8110,1790258677.905999,0.0202,0,320.50,231.50,0.771,,,-5.2863,-0.7730,-7.5990,0.0147,-5.2866,-7.5990,5.3314,0.3234,0.0000,BAM,-5.2567,-8.1525,-5.1785,-8.1525,0.0000,0.0000,0.000,0.000,0.0523,64.1,8.51,21,THU,NO_TX,360,,1,kieu=dung_yen;lan=1,1
44.8315,1790258677.926453,0.0204,1,319.00,231.50,0.768,-5.1895,-7.5866,-5.2199,0.3995,-7.5900,0.1371,-5.2199,-7.5899,5.3314,0.3234,0.0000,BAM,-5.2567,-8.1525,-5.1785,-8.1525,0.0000,0.0000,0.000,0.000,0.0603,47.2,8.56,21,THU,NO_TX,360,,1,kieu=dung_yen;lan=1,1
44.8515,1790258677.946469,0.0200,0,319.00,231.50,0.768,,,-5.2119,0.3995,-7.5872,0.1371,-5.2119,-7.5872,5.3314,0.3234,0.0000,BAM,-5.2567,-8.1525,-5.1785,-8.1525,0.0000,0.0000,0.000,0.000,0.0603,47.2,8.56,21,THU,NO_TX,360,,1,kieu=dung_yen;lan=1,1
44.8716,1790258677.966530,0.0201,0,319.00,231.50,0.768,,,-5.2039,0.3995,-7.5845,0.1371,-5.2039,-7.5845,5.3314,0.3234,0.0000,BAM,-5.2567,-8.1525,-5.1785,-8.1525,0.0000,0.0000,0.000,0.000,0.0603,47.2,8.56,21,THU,NO_TX,360,,1,kieu=dung_yen;lan=1,1
44.8921,1790258677.987103,0.0205,0,319.00,231.50,0.768,,,-5.1957,0.3995,-7.5816,0.1371,-5.1957,-7.5816,5.3314,0.3234,0.0000,BAM,-5.2567,-8.1525,-5.1785,-8.1525,0.0000,0.0000,0.000,0.000,0.0603,47.2,8.56,21,THU,NO_TX,360,,1,kieu=dung_yen;lan=1,1
44.9127,1790258678.007715,0.0206,1,313.50,229.25,0.769,-4.8203,-7.4366,-4.8635,4.0237,-7.4542,1.5145,-4.8044,-7.4507,5.3314,0.3234,0.0000,BAM,-5.2567,-8.1525,-5.1785,-8.1525,0.0000,0.0000,0.000,0.000,0.3163,66.0,12.56,21,THU,NO_TX,360,,1,kieu=dung_yen;lan=1,1
44.9331,1790258678.028087,0.0204,0,313.50,229.25,0.769,,,-4.7816,4.0237,-7.4233,1.5145,-4.7384,-7.4209,5.3314,0.3234,0.0000,BAM,-5.2567,-8.1525,-5.1785,-8.1525,0.0000,0.0000,0.000,0.000,0.3163,66.0,12.56,21,THU,NO_TX,360,,1,kieu=dung_yen;lan=1,1
44.9533,1790258678.048242,0.0202,0,313.50,229.25,0.769,,,-4.7005,4.0237,-7.3928,1.5145,-4.6664,-7.3909,5.3314,0.3234,0.0000,BAM,-5.2567,-8.1525,-5.1785,-8.1525,0.0000,0.0000,0.000,0.000,0.3163,66.0,12.56,21,THU,NO_TX,360,,1,kieu=dung_yen;lan=1,1
44.9735,1790258678.068473,0.0202,1,314.50,228.50,0.755,-4.8875,-7.3867,-4.8397,1.2636,-7.3822,1.2683,-4.8377,-7.3802,5.3314,0.3234,0.0000,BAM,-5.2567,-8.1525,-5.1785,-8.1525,0.0000,0.0000,0.000,0.000,0.2251,60.6,12.75,21,THU,NO_TX,360,,1,kieu=dung_yen;lan=1,1
44.9937,1790258678.088715,0.0203,0,314.50,228.50,0.755,,,-4.8141,1.2636,-7.3565,1.2683,-4.8126,-7.3551,5.3314,0.3234,0.0000,BAM,-5.2567,-8.1525,-5.1785,-8.1525,0.0000,0.0000,0.000,0.000,0.2251,60.6,12.75,21,THU,NO_TX,360,,1,kieu=dung_yen;lan=1,1
45.0140,1790258678.109029,0.0203,1,319.50,231.25,0.764,-5.2231,-7.5700,-5.1056,-3.2899,-7.5036,-1.1612,-5.1383,-7.5051,5.3314,0.3234,0.0000,BAM,-5.2567,-8.1525,-5.1785,-8.1525,0.0000,0.0000,0.000,0.000,1.1426,50.0,8.76,21,THU,NO_TX,360,,1,kieu=dung_yen;lan=1,1
45.0345,1790258678.129465,0.0204,0,319.50,231.25,0.764,,,-5.1728,-3.2899,-7.5273,-1.1612,-5.1966,-7.5284,5.3314,0.3234,0.0000,BAM,-5.2567,-8.1525,-5.1785,-8.1525,0.0000,0.0000,0.000,0.000,1.1426,50.0,8.76,21,THU,NO_TX,360,,1,kieu=dung_yen;lan=1,1
45.0547,1790258678.149708,0.0202,0,319.50,231.25,0.764,,,-5.2394,-3.2899,-7.5508,-1.1612,-5.2582,-7.5517,5.3314,0.3234,0.0000,BAM,-5.2567,-8.1525,-5.1785,-8.1525,0.0000,0.0000,0.000,0.000,1.1426,50.0,8.76,21,THU,NO_TX,360,,1,kieu=dung_yen;lan=1,1
45.0747,1790258678.169736,0.0200,1,313.00,229.50,0.767,-4.7867,-7.4532,-4.8795,2.2088,-7.4757,0.0903,-4.8686,-7.4757,5.3314,0.3234,0.0000,BAM,-5.2567,-8.1525,-5.1785,-8.1525,0.0000,0.0000,0.000,0.000,0.8808,62.0,12.62,21,THU,NO_TX,360,,1,kieu=dung_yen;lan=1,1
45.0954,1790258678.190370,0.0206,0,313.00,229.50,0.767,,,-4.8339,2.2088,-7.4738,0.0903,-4.8262,-7.4738,5.3314,0.3234,0.0000,BAM,-5.2567,-8.1525,-5.1785,-8.1525,0.0000,0.0000,0.000,0.000,0.8808,62.0,12.62,21,THU,NO_TX,360,,1,kieu=dung_yen;lan=1,1
45.1159,1790258678.210899,0.0205,0,313.00,229.50,0.767,,,-4.7885,2.2088,-7.4720,0.0903,-4.7826,-7.4720,5.3314,0.3234,0.0000,BAM,-5.2567,-8.1525,-5.1785,-8.1525,0.0000,0.0000,0.000,0.000,0.8808,62.0,12.62,21,THU,NO_TX,360,,1,kieu=dung_yen;lan=1,1
45.1367,1790258678.231587,0.0208,1,318.00,231.50,0.774,-5.1223,-7.5866,-5.0565,-1.7105,-7.5656,-1.0828,-5.0616,-7.5669,5.3314,0.3234,0.0000,BAM,-5.2567,-8.1525,-5.1785,-8.1525,0.0000,0.0000,0.000,0.000,0.4739,65.1,8.73,21,THU,NO_TX,360,,1,kieu=dung_yen;lan=1,1
45.1569,1790258678.251841,0.0202,0,318.00,231.50,0.774,,,-5.0910,-1.7105,-7.5875,-1.0828,-5.0946,-7.5884,5.3314,0.3234,0.0000,BAM,-5.2567,-8.1525,-5.1785,-8.1525,0.0000,0.0000,0.000,0.000,0.4739,65.1,8.73,21,THU,NO_TX,360,,1,kieu=dung_yen;lan=1,1
45.1771,1790258678.272023,0.0202,0,318.00,231.50,0.774,,,-5.1256,-1.7105,-7.6094,-1.0828,-5.1284,-7.6101,5.3314,0.3234,0.0000,BAM,-5.2567,-8.1525,-5.1785,-8.1525,0.0000,0.0000,0.000,0.000,0.4739,65.1,8.73,21,THU,NO_TX,360,,1,kieu=dung_yen;lan=1,1
45.1977,1790258678.292647,0.0206,1,319.50,231.50,0.761,-5.2231,-7.5866,-5.2121,-2.3564,-7.5949,-0.6273,-5.2249,-7.5951,5.3314,0.3234,0.0000,BAM,-5.2567,-8.1525,-5.1785,-8.1525,0.0000,0.0000,0.000,0.000,0.0179,49.8,8.51,21,THU,NO_TX,360,,1,kieu=dung_yen;lan=1,1
45.2178,1790258678.312805,0.0202,0,319.50,231.50,0.761,,,-5.2596,-2.3564,-7.6075,-0.6273,-5.2688,-7.6077,5.3314,0.3234,0.0000,BAM,-5.2567,-8.1525,-5.1785,-8.1525,0.0000,0.0000,0.000,0.000,0.0179,49.8,8.51,21,THU,NO_TX,360,,1,kieu=dung_yen;lan=1,1
45.2381,1790258678.333099,0.0203,0,319.50,231.50,0.761,,,-5.3074,-2.3564,-7.6202,-0.6273,-5.3145,-7.6204,5.3314,0.3234,0.0000,BAM,-5.2567,-8.1525,-5.1785,-8.1525,0.0000,0.0000,0.000,0.000,0.0179,49.8,8.51,21,THU,NO_TX,360,,1,kieu=dung_yen;lan=1,1
45.2588,1790258678.353739,0.0206,1,320.25,230.25,0.785,-5.2735,-7.5034,-5.2880,-1.4988,-7.5271,0.6880,-5.2914,-7.5268,5.3314,0.3234,0.0000,BAM,-5.2567,-8.1525,-5.1785,-8.1525,0.0000,0.0000,0.000,0.000,0.0700,61.6,9.75,21,THU,NO_TX,360,,1,kieu=dung_yen;lan=1,1
45.2790,1790258678.374014,0.0203,0,320.25,230.25,0.785,,,-5.3184,-1.4988,-7.5132,0.6880,-5.3208,-7.5129,5.3314,0.3234,0.0000,BAM,-5.2567,-8.1525,-5.1785,-8.1525,0.0000,0.0000,0.000,0.000,0.0700,61.6,9.75,21,THU,NO_TX,360,,1,kieu=dung_yen;lan=1,1
45.2995,1790258678.394490,0.0205,0,320.25,230.25,0.785,,,-5.3491,-1.4988,-7.4991,0.6880,-5.3509,-7.4989,5.3314,0.3234,0.0000,BAM,-5.2567,-8.1525,-5.1785,-8.1525,0.0000,0.0000,0.000,0.000,0.0700,61.6,9.75,21,THU,NO_TX,360,,1,kieu=dung_yen;lan=1,1
45.3198,1790258678.414744,0.0203,1,319.50,230.75,0.795,-5.2231,-7.5367,-5.2507,0.1249,-7.5272,0.1659,-5.2506,-7.5272,5.3314,0.3234,0.0000,BAM,-5.2567,-8.1525,-5.1785,-8.1525,0.0000,0.0000,0.000,0.000,0.0828,65.1,9.26,21,THU,NO_TX,360,,1,kieu=dung_yen;lan=1,1
45.3399,1790258678.434855,0.0201,0,319.50,230.75,0.795,,,-5.2481,0.1249,-7.5239,0.1659,-5.2481,-7.5239,5.3314,0.3234,0.0000,BAM,-5.2567,-8.1525,-5.1785,-8.1525,0.0000,0.0000,0.000,0.000,0.0828,65.1,9.26,21,THU,NO_TX,360,,1,kieu=dung_yen;lan=1,1
45.3602,1790258678.455115,0.0203,1,320.75,230.00,0.777,-5.3070,-7.4867,-5.2903,-0.5146,-7.4962,0.5072,-5.2905,-7.4960,5.3314,0.3234,0.0000,BAM,-5.2567,-8.1525,-5.1785,-8.1525,0.0000,0.0000,0.000,0.000,0.0229,47.7,10.03,21,THU,NO_TX,360,,1,kieu=dung_yen;lan=1,1
45.3802,1790258678.475109,0.0200,0,320.75,230.00,0.777,,,-5.3006,-0.5146,-7.4860,0.5072,-5.3007,-7.4859,5.3314,0.3234,0.0000,BAM,-5.2567,-8.1525,-5.1785,-8.1525,0.0000,0.0000,0.000,0.000,0.0229,47.7,10.03,21,THU,NO_TX,360,,1,kieu=dung_yen;lan=1,1
45.4008,1790258678.495711,0.0206,0,320.75,230.00,0.777,,,-5.3112,-0.5146,-7.4756,0.5072,-5.3113,-7.4755,5.3314,0.3234,0.0000,BAM,-5.2567,-8.1525,-5.1785,-8.1525,0.0000,0.0000,0.000,0.000,0.0229,47.7,10.03,21,THU,NO_TX,360,,1,kieu=dung_yen;lan=1,1
45.4215,1790258678.516878,0.0207,1,320.50,230.00,0.785,-5.2902,-7.4867,-5.2959,-0.1796,-7.4827,0.2831,-5.2959,-7.4827,5.3314,0.3234,0.0000,BAM,-5.2567,-8.1525,-5.1785,-8.1525,0.0000,0.0000,0.000,0.000,0.0045,63.5,10.01,21,THU,NO_TX,360,,1,kieu=dung_yen;lan=1,1
45.4415,1790258678.536492,0.0200,0,320.50,230.00,0.785,,,-5.2994,-0.1796,-7.4771,0.2831,-5.2994,-7.4771,5.3314,0.3234,0.0000,BAM,-5.2567,-8.1525,-5.1785,-8.1525,0.0000,0.0000,0.000,0.000,0.0045,63.5,10.01,21,THU,NO_TX,360,,1,kieu=dung_yen;lan=1,1
45.4618,1790258678.556792,0.0203,0,320.50,230.00,0.785,,,-5.3031,-0.1796,-7.4713,0.2831,-5.3031,-7.4713,5.3314,0.3234,0.0000,BAM,-5.2567,-8.1525,-5.1785,-8.1525,0.0000,0.0000,0.000,0.000,0.0045,63.5,10.01,21,THU,NO_TX,360,,1,kieu=dung_yen;lan=1,1
45.4822,1790258678.577127,0.0203,1,319.25,231.50,0.772,-5.2063,-7.5866,-5.2242,0.8597,-7.5642,-0.9383,-5.2235,-7.5651,5.3314,0.3234,0.0000,BAM,-5.2567,-8.1525,-5.1785,-8.1525,0.0000,0.0000,0.000,0.000,0.0745,46.8,8.53,21,THU,NO_TX,360,,1,kieu=dung_yen;lan=1,1
45.5025,1790258678.597417,0.0203,0,319.25,231.50,0.772,,,-5.2067,0.8597,-7.5833,-0.9383,-5.2063,-7.5839,5.3314,0.3234,0.0000,BAM,-5.2567,-8.1525,-5.1785,-8.1525,0.0000,0.0000,0.000,0.000,0.0745,46.8,8.53,21,THU,NO_TX,360,,1,kieu=dung_yen;lan=1,1
45.5225,1790258678.617479,0.0200,0,319.25,231.50,0.772,,,-5.1895,0.8597,-7.6021,-0.9383,-5.1892,-7.6025,5.3314,0.3234,0.0000,BAM,-5.2567,-8.1525,-5.1785,-8.1525,0.0000,0.0000,0.000,0.000,0.0745,46.8,8.53,21,THU,NO_TX,360,,1,kieu=dung_yen;lan=1,1
45.5427,1790258678.637730,0.0202,1,319.75,231.25,0.765,-5.2399,-7.5700,-5.2278,0.1557,-7.5794,-0.4204,-5.2278,-7.5795,5.3314,0.3234,0.0000,BAM,-5.2567,-8.1525,-5.1785,-8.1525,0.0000,0.0000,0.000,0.000,0.0220,63.0,8.75,21,THU,NO_TX,360,,1,kieu=dung_yen;lan=1,1
45.5628,1790258678.657812,0.0201,0,319.75,231.25,0.765,,,-5.2247,0.1557,-7.5879,-0.4204,-5.2247,-7.5879,5.3314,0.3234,0.0000,BAM,-5.2567,-8.1525,-5.1785,-8.1525,0.0000,0.0000,0.000,0.000,0.0220,63.0,8.75,21,THU,NO_TX,360,,1,kieu=dung_yen;lan=1,1
45.5831,1790258678.678113,0.0203,0,319.75,231.25,0.765,,,-5.2215,0.1557,-7.5964,-0.4204,-5.2215,-7.5964,5.3314,0.3234,0.0000,BAM,-5.2567,-8.1525,-5.1785,-8.1525,0.0000,0.0000,0.000,0.000,0.0220,63.0,8.75,21,THU,NO_TX,360,,1,kieu=dung_yen;lan=1,1
45.6034,1790258678.698346,0.0202,1,319.00,231.50,0.772,-5.1895,-7.5866,-5.1946,0.4555,-7.5900,-0.2347,-5.1945,-7.5900,5.3314,0.3234,0.0000,BAM,-5.2567,-8.1525,-5.1785,-8.1525,0.0000,0.0000,0.000,0.000,0.0036,65.0,8.56,21,THU,NO_TX,360,,1,kieu=dung_yen;lan=1,1
45.6235,1790258678.718466,0.0201,0,319.00,231.50,0.772,,,-5.1855,0.4555,-7.5947,-0.2347,-5.1854,-7.5947,5.3314,0.3234,0.0000,BAM,-5.2567,-8.1525,-5.1785,-8.1525,0.0000,0.0000,0.000,0.000,0.0036,65.0,8.56,21,THU,NO_TX,360,,1,kieu=dung_yen;lan=1,1
45.6438,1790258678.738735,0.0203,0,319.00,231.50,0.772,,,-5.1762,0.4555,-7.5995,-0.2347,-5.1762,-7.5995,5.3314,0.3234,0.0000,BAM,-5.2567,-8.1525,-5.1785,-8.1525,0.0000,0.0000,0.000,0.000,0.0036,65.0,8.56,21,THU,NO_TX,360,,1,kieu=dung_yen;lan=1,1
45.6641,1790258678.759104,0.0204,1,318.50,231.50,0.765,-5.1559,-7.5866,-5.1579,0.5702,-7.5898,-0.0558,-5.1577,-7.5898,5.3314,0.3234,0.0000,BAM,-5.2567,-8.1525,-5.1785,-8.1525,0.0000,0.0000,0.000,0.000,0.0013,48.1,8.63,21,THU,NO_TX,360,,1,kieu=dung_yen;lan=1,1
45.6846,1790258678.779525,0.0205,0,318.50,231.50,0.765,,,-5.1462,0.5702,-7.5910,-0.0558,-5.1461,-7.5910,5.3314,0.3234,0.0000,BAM,-5.2567,-8.1525,-5.1785,-8.1525,0.0000,0.0000,0.000,0.000,0.0013,48.1,8.63,21,THU,NO_TX,360,,1,kieu=dung_yen;lan=1,1
45.7048,1790258678.799768,0.0202,0,318.50,231.50,0.765,,,-5.1347,0.5702,-7.5921,-0.0558,-5.1346,-7.5921,5.3314,0.3234,0.0000,BAM,-5.2567,-8.1525,-5.1785,-8.1525,0.0000,0.0000,0.000,0.000,0.0013,48.1,8.63,21,THU,NO_TX,360,,1,kieu=dung_yen;lan=1,1
45.7251,1790258678.820125,0.0203,1,319.00,231.25,0.770,-5.1895,-7.5700,-5.1778,-0.1196,-7.5742,0.1801,-5.1778,-7.5742,5.3314,0.3234,0.0000,BAM,-5.2567,-8.1525,-5.1785,-8.1525,0.0000,0.0000,0.000,0.000,0.0151,63.6,8.81,21,THU,NO_TX,360,,1,kieu=dung_yen;lan=1,1
45.7458,1790258678.840735,0.0207,0,319.00,231.25,0.770,,,-5.1803,-0.1196,-7.5705,0.1801,-5.1803,-7.5705,5.3314,0.3234,0.0000,BAM,-5.2567,-8.1525,-5.1785,-8.1525,0.0000,0.0000,0.000,0.000,0.0151,63.6,8.81,21,THU,NO_TX,360,,1,kieu=dung_yen;lan=1,1
45.7661,1790258678.861090,0.0203,0,319.00,231.25,0.770,,,-5.1827,-0.1196,-7.5668,0.1801,-5.1827,-7.5668,5.3314,0.3234,0.0000,BAM,-5.2567,-8.1525,-5.1785,-8.1525,0.0000,0.0000,0.000,0.000,0.0151,63.6,8.81,21,THU,NO_TX,360,,1,kieu=dung_yen;lan=1,1
45.7867,1790258678.881609,0.0206,1,318.25,231.00,0.761,-5.1391,-7.5533,-5.1472,0.3577,-7.5551,0.2795,-5.1471,-7.5551,5.3314,0.3234,0.0000,BAM,-5.2567,-8.1525,-5.1785,-8.1525,0.0000,0.0000,0.000,0.000,0.0067,63.7,9.17,21,THU,NO_TX,360,,1,kieu=dung_yen;lan=1,1
45.8068,1790258678.901790,0.0201,0,318.25,231.00,0.761,,,-5.1400,0.3577,-7.5495,0.2795,-5.1399,-7.5494,5.3314,0.3234,0.0000,BAM,-5.2567,-8.1525,-5.1785,-8.1525,0.0000,0.0000,0.000,0.000,0.0067,63.7,9.17,21,THU,NO_TX,360,,1,kieu=dung_yen;lan=1,1
45.8273,1790258678.922272,0.0205,1,318.75,231.00,0.779,-5.1727,-7.5533,-5.1619,-0.0596,-7.5506,0.1828,-5.1619,-7.5506,5.3314,0.3234,0.0000,BAM,-5.2567,-8.1525,-5.1785,-8.1525,0.0000,0.0000,0.000,0.000,0.0080,48.5,9.09,21,THU,NO_TX,360,,1,kieu=dung_yen;lan=1,1
45.8480,1790258678.943004,0.0207,0,318.75,231.00,0.779,,,-5.1631,-0.0596,-7.5469,0.1828,-5.1631,-7.5469,5.3314,0.3234,0.0000,BAM,-5.2567,-8.1525,-5.1785,-8.1525,0.0000,0.0000,0.000,0.000,0.0080,48.5,9.09,21,THU,NO_TX,360,,1,kieu=dung_yen;lan=1,1
45.8685,1790258678.963478,0.0205,0,318.75,231.00,0.779,,,-5.1643,-0.0596,-7.5431,0.1828,-5.1643,-7.5431,5.3314,0.3234,0.0000,BAM,-5.2567,-8.1525,-5.1785,-8.1525,0.0000,0.0000,0.000,0.000,0.0080,48.5,9.09,21,THU,NO_TX,360,,1,kieu=dung_yen;lan=1,1
45.8888,1790258678.983753,0.0203,1,320.00,231.50,0.765,-5.2567,-7.5866,-5.2406,-1.0229,-7.5779,-0.3043,-5.2417,-7.5779,5.3314,0.3234,0.0000,BAM,-5.2567,-8.1525,-5.1785,-8.1525,0.0000,0.0000,0.000,0.000,0.0321,62.4,8.50,21,THU,NO_TX,360,,1,kieu=dung_yen;lan=1,1
45.9088,1790258679.003686,0.0200,0,320.00,231.50,0.765,,,-5.2611,-1.0229,-7.5840,-0.3043,-5.2618,-7.5840,5.3314,0.3234,0.0000,BAM,-5.2567,-8.1525,-5.1785,-8.1525,0.0000,0.0000,0.000,0.000,0.0321,62.4,8.50,21,THU,NO_TX,360,,1,kieu=dung_yen;lan=1,1
45.9292,1790258679.024178,0.0204,0,320.00,231.50,0.765,,,-5.2819,-1.0229,-7.5902,-0.3043,-5.2825,-7.5902,5.3314,0.3234,0.0000,BAM,-5.2567,-8.1525,-5.1785,-8.1525,0.0000,0.0000,0.000,0.000,0.0321,62.4,8.50,21,THU,NO_TX,360,,1,kieu=dung_yen;lan=1,1
45.9494,1790258679.044399,0.0202,1,320.75,230.50,0.784,-5.3070,-7.5200,-5.3062,-1.0687,-7.5341,0.4662,-5.3075,-7.5340,5.3314,0.3234,0.0000,BAM,-5.2567,-8.1525,-5.1785,-8.1525,0.0000,0.0000,0.000,0.000,0.0172,65.4,9.53,21,THU,NO_TX,360,,1,kieu=dung_yen;lan=1,1
45.9694,1790258679.064296,0.0200,0,320.75,230.50,0.784,,,-5.3276,-1.0687,-7.5248,0.4662,-5.3285,-7.5247,5.3314,0.3234,0.0000,BAM,-5.2567,-8.1525,-5.1785,-8.1525,0.0000,0.0000,0.000,0.000,0.0172,65.4,9.53,21,THU,NO_TX,360,,1,kieu=dung_yen;lan=1,1
45.9901,1790258679.085010,0.0207,0,320.75,230.50,0.784,,,-5.3497,-1.0687,-7.5152,0.4662,-5.3504,-7.5151,5.3314,0.3234,0.0000,BAM,-5.2567,-8.1525,-5.1785,-8.1525,0.0000,0.0000,0.000,0.000,0.0172,65.4,9.53,21,THU,NO_TX,360,,1,kieu=dung_yen;lan=1,1
46.0101,1790258679.104980,0.0200,1,319.50,231.75,0.771,-5.2231,-7.6032,-5.2494,0.4686,-7.5852,-0.5204,-5.2493,-7.5854,5.3314,0.3234,0.0000,BAM,-5.2567,-8.1525,-5.1785,-8.1525,0.0000,0.0000,0.000,0.000,0.0959,47.8,8.27,21,THU,NO_TX,360,,1,kieu=dung_yen;lan=1,1
46.0305,1790258679.125450,0.0204,0,319.50,231.75,0.771,,,-5.2399,0.4686,-7.5958,-0.5204,-5.2398,-7.5959,5.3314,0.3234,0.0000,BAM,-5.2567,-8.1525,-5.1785,-8.1525,0.0000,0.0000,0.000,0.000,0.0959,47.8,8.27,21,THU,NO_TX,360,,1,kieu=dung_yen;lan=1,1
46.0506,1790258679.145530,0.0201,0,319.50,231.75,0.771,,,-5.2305,0.4686,-7.6063,-0.5204,-5.2304,-7.6064,5.3314,0.3234,0.0000,BAM,-5.2567,-8.1525,-5.1785,-8.1525,0.0000,0.0000,0.000,0.000,0.0959,47.8,8.27,21,THU,NO_TX,360,,1,kieu=dung_yen;lan=1,1
46.0707,1790258679.165702,0.0201,1,319.00,231.25,0.768,-5.1895,-7.5700,-5.1951,0.7964,-7.5786,-0.0455,-5.1946,-7.5786,5.3314,0.3234,0.0000,BAM,-5.2567,-8.1525,-5.1785,-8.1525,0.0000,0.0000,0.000,0.000,0.0095,64.1,8.81,21,THU,NO_TX,360,,1,kieu=dung_yen;lan=1,1
46.0908,1790258679.185747,0.0200,0,319.00,231.25,0.768,,,-5.1792,0.7964,-7.5795,-0.0455,-5.1788,-7.5795,5.3314,0.3234,0.0000,BAM,-5.2567,-8.1525,-5.1785,-8.1525,0.0000,0.0000,0.000,0.000,0.0095,64.1,8.81,21,THU,NO_TX,360,,1,kieu=dung_yen;lan=1,1
46.1111,1790258679.206054,0.0203,0,319.00,231.25,0.768,,,-5.1630,0.7964,-7.5804,-0.0455,-5.1627,-7.5804,5.3314,0.3234,0.0000,BAM,-5.2567,-8.1525,-5.1785,-8.1525,0.0000,0.0000,0.000,0.000,0.0095,64.1,8.81,21,THU,NO_TX,360,,1,kieu=dung_yen;lan=1,1
46.1313,1790258679.226197,0.0202,1,319.00,231.25,0.763,-5.1895,-7.5700,-5.1819,0.3530,-7.5721,0.0701,-5.1819,-7.5721,5.3314,0.3234,0.0000,BAM,-5.2567,-8.1525,-5.1785,-8.1525,0.0000,0.0000,0.000,0.000,0.0060,63.6,8.81,21,THU,NO_TX,360,,1,kieu=dung_yen;lan=1,1
46.1517,1790258679.246735,0.0204,0,319.00,231.25,0.763,,,-5.1747,0.3530,-7.5706,0.0701,-5.1747,-7.5706,5.3314,0.3234,0.0000,BAM,-5.2567,-8.1525,-5.1785,-8.1525,0.0000,0.0000,0.000,0.000,0.0060,63.6,8.81,21,THU,NO_TX,360,,1,kieu=dung_yen;lan=1,1
46.1719,1790258679.266895,0.0202,0,319.00,231.25,0.763,,,-5.1676,0.3530,-7.5692,0.0701,-5.1676,-7.5692,5.3314,0.3234,0.0000,BAM,-5.2567,-8.1525,-5.1785,-8.1525,0.0000,0.0000,0.000,0.000,0.0060,63.6,8.81,21,THU,NO_TX,360,,1,kieu=dung_yen;lan=1,1
46.1923,1790258679.287262,0.0204,1,319.50,231.50,0.779,-5.2231,-7.5866,-5.2120,-0.2982,-7.5832,-0.1206,-5.2120,-7.5832,5.3314,0.3234,0.0000,BAM,-5.2567,-8.1525,-5.1785,-8.1525,0.0000,0.0000,0.000,0.000,0.0131,49.3,8.51,21,THU,NO_TX,360,,1,kieu=dung_yen;lan=1,1
46.2124,1790258679.307389,0.0201,0,319.50,231.50,0.779,,,-5.2180,-0.2982,-7.5856,-0.1206,-5.2180,-7.5856,5.3314,0.3234,0.0000,BAM,-5.2567,-8.1525,-5.1785,-8.1525,0.0000,0.0000,0.000,0.000,0.0131,49.3,8.51,21,THU,NO_TX,360,,1,kieu=dung_yen;lan=1,1
46.2328,1790258679.327828,0.0204,0,319.50,231.50,0.779,,,-5.2241,-0.2982,-7.5880,-0.1206,-5.2241,-7.5880,5.3314,0.3234,0.0000,BAM,-5.2567,-8.1525,-5.1785,-8.1525,0.0000,0.0000,0.000,0.000,0.0131,49.3,8.51,21,THU,NO_TX,360,,1,kieu=dung_yen;lan=1,1
46.2529,1790258679.347878,0.0201,1,319.25,232.00,0.774,-5.2063,-7.6199,-5.2105,-0.0508,-7.6145,-0.4188,-5.2105,-7.6145,5.3314,0.3234,0.0000,BAM,-5.2567,-8.1525,-5.1785,-8.1525,0.0000,0.0000,0.000,0.000,0.0043,63.2,8.04,21,THU,NO_TX,360,,1,kieu=dung_yen;lan=1,1
46.2731,1790258679.367961,0.0203,0,319.25,232.00,0.774,,,-5.2116,-0.0508,-7.6229,-0.4188,-5.2116,-7.6230,5.3314,0.3234,0.0000,BAM,-5.2567,-8.1525,-5.1785,-8.1525,0.0000,0.0000,0.000,0.000,0.0043,63.2,8.04,21,THU,NO_TX,360,,1,kieu=dung_yen;lan=1,1
46.2935,1790258679.388451,0.0203,1,319.50,231.25,0.765,-5.2231,-7.5700,-5.2202,-0.1602,-7.5870,0.2028,-5.2202,-7.5870,5.3314,0.3234,0.0000,BAM,-5.2567,-8.1525,-5.1785,-8.1525,0.0000,0.0000,0.000,0.000,0.0173,46.9,8.76,21,THU,NO_TX,360,,1,kieu=dung_yen;lan=1,1
46.3137,1790258679.408655,0.0202,0,319.50,231.25,0.765,,,-5.2235,-0.1602,-7.5829,0.2028,-5.2235,-7.5829,5.3314,0.3234,0.0000,BAM,-5.2567,-8.1525,-5.1785,-8.1525,0.0000,0.0000,0.000,0.000,0.0173,46.9,8.76,21,THU,NO_TX,360,,1,kieu=dung_yen;lan=1,1
46.3340,1790258679.428904,0.0203,0,319.50,231.25,0.765,,,-5.2267,-0.1602,-7.5788,0.2028,-5.2267,-7.5788,5.3314,0.3234,0.0000,BAM,-5.2567,-8.1525,-5.1785,-8.1525,0.0000,0.0000,0.000,0.000,0.0173,46.9,8.76,21,THU,NO_TX,360,,1,kieu=dung_yen;lan=1,1
46.3543,1790258679.449250,0.0203,1,319.50,231.25,0.769,-5.2231,-7.5700,-5.2243,-0.0872,-7.5708,0.2518,-5.2243,-7.5708,5.3314,0.3234,0.0000,BAM,-5.2567,-8.1525,-5.1785,-8.1525,0.0000,0.0000,0.000,0.000,0.0002,63.6,8.76,21,THU,NO_TX,360,,1,kieu=dung_yen;lan=1,1
46.3745,1790258679.469427,0.0202,0,319.50,231.25,0.769,,,-5.2261,-0.0872,-7.5658,0.2518,-5.2261,-7.5657,5.3314,0.3234,0.0000,BAM,-5.2567,-8.1525,-5.1785,-8.1525,0.0000,0.0000,0.000,0.000,0.0002,63.6,8.76,21,THU,NO_TX,360,,1,kieu=dung_yen;lan=1,1
46.3949,1790258679.489859,0.0204,0,319.50,231.25,0.769,,,-5.2279,-0.0872,-7.5606,0.2518,-5.2279,-7.5606,5.3314,0.3234,0.0000,BAM,-5.2567,-8.1525,-5.1785,-8.1525,0.0000,0.0000,0.000,0.000,0.0002,63.6,8.76,21,THU,NO_TX,360,,1,kieu=dung_yen;lan=1,1
46.4154,1790258679.510345,0.0205,1,319.00,231.50,0.768,-5.1895,-7.5866,-5.1966,0.3280,-7.5809,-0.0624,-5.1965,-7.5809,5.3314,0.3234,0.0000,BAM,-5.2567,-8.1525,-5.1785,-8.1525,0.0000,0.0000,0.000,0.000,0.0078,64.1,8.56,21,THU,NO_TX,360,,1,kieu=dung_yen;lan=1,1
46.4359,1790258679.530881,0.0205,0,319.00,231.50,0.768,,,-5.1899,0.3280,-7.5822,-0.0624,-5.1898,-7.5822,5.3314,0.3234,0.0000,BAM,-5.2567,-8.1525,-5.1785,-8.1525,0.0000,0.0000,0.000,0.000,0.0078,64.1,8.56,21,THU,NO_TX,360,,1,kieu=dung_yen;lan=1,1
46.4565,1790258679.551333,0.0206,0,319.00,231.50,0.768,,,-5.1831,0.3280,-7.5835,-0.0624,-5.1831,-7.5835,5.3314,0.3234,0.0000,BAM,-5.2567,-8.1525,-5.1785,-8.1525,0.0000,0.0000,0.000,0.000,0.0078,64.1,8.56,21,THU,NO_TX,360,,1,kieu=dung_yen;lan=1,1
46.4767,1790258679.571711,0.0203,1,312.50,229.00,0.765,-4.7532,-7.4199,-4.8276,4.7170,-7.4500,1.6044,-4.7375,-7.4459,5.3314,0.3234,0.0000,BAM,-5.2567,-8.1525,-5.1785,-8.1525,0.0000,0.0000,0.000,0.000,0.6271,48.6,13.31,21,THU,NO_TX,360,,1,kieu=dung_yen;lan=1,1
46.4968,1790258679.591774,0.0201,0,312.50,229.00,0.765,,,-4.7329,4.7170,-7.4178,1.6044,-4.6659,-7.4149,5.3314,0.3234,0.0000,BAM,-5.2567,-8.1525,-5.1785,-8.1525,0.0000,0.0000,0.000,0.000,0.6271,48.6,13.31,21,THU,NO_TX,360,,1,kieu=dung_yen;lan=1,1
46.5169,1790258679.611882,0.0201,0,312.50,229.00,0.765,,,-4.6381,4.7170,-7.3855,1.6044,-4.5847,-7.3832,5.3314,0.3234,0.0000,BAM,-5.2567,-8.1525,-5.1785,-8.1525,0.0000,0.0000,0.000,0.000,0.6271,48.6,13.31,21,THU,NO_TX,360,,1,kieu=dung_yen;lan=1,1
46.5375,1790258679.632419,0.0206,1,319.00,231.50,0.780,-5.1895,-7.5866,-5.0745,-2.0214,-7.5435,-0.7680,-5.0827,-7.5440,5.3314,0.3234,0.0000,BAM,-5.2567,-8.1525,-5.1785,-8.1525,0.0000,0.0000,0.000,0.000,1.4593,64.2,8.56,21,THU,NO_TX,360,,1,kieu=dung_yen;lan=1,1
46.5580,1790258679.652951,0.0205,0,319.00,231.50,0.780,,,-5.1159,-2.0214,-7.5592,-0.7680,-5.1217,-7.5596,5.3314,0.3234,0.0000,BAM,-5.2567,-8.1525,-5.1785,-8.1525,0.0000,0.0000,0.000,0.000,1.4593,64.2,8.56,21,THU,NO_TX,360,,1,kieu=dung_yen;lan=1,1
46.5782,1790258679.673172,0.0202,0,319.00,231.50,0.780,,,-5.1568,-2.0214,-7.5748,-0.7680,-5.1613,-7.5750,5.3314,0.3234,0.0000,BAM,-5.2567,-8.1525,-5.1785,-8.1525,0.0000,0.0000,0.000,0.000,1.4593,64.2,8.56,21,THU,NO_TX,360,,1,kieu=dung_yen;lan=1,1
46.5990,1790258679.694040,0.0209,1,319.50,230.75,0.782,-5.2231,-7.5367,-5.2189,-2.2716,-7.5465,-0.2201,-5.2304,-7.5465,5.3314,0.3234,0.0000,BAM,-5.2567,-8.1525,-5.1785,-8.1525,0.0000,0.0000,0.000,0.000,0.0102,65.7,9.26,21,THU,NO_TX,360,,1,kieu=dung_yen;lan=1,1
46.6192,1790258679.714247,0.0202,0,319.50,230.75,0.782,,,-5.2648,-2.2716,-7.5509,-0.2201,-5.2730,-7.5509,5.3314,0.3234,0.0000,BAM,-5.2567,-8.1525,-5.1785,-8.1525,0.0000,0.0000,0.000,0.000,0.0102,65.7,9.26,21,THU,NO_TX,360,,1,kieu=dung_yen;lan=1,1
46.6398,1790258679.734792,0.0206,1,312.50,228.75,0.758,-4.7532,-7.4033,-4.9037,3.5423,-7.4453,1.3171,-4.8630,-7.4431,5.3314,0.3234,0.0000,BAM,-5.2567,-8.1525,-5.1785,-8.1525,0.0000,0.0000,0.000,0.000,1.5645,46.6,13.52,21,THU,NO_TX,360,,1,kieu=dung_yen;lan=1,1
46.6601,1790258679.755125,0.0203,0,312.50,228.75,0.758,,,-4.8317,3.5423,-7.4186,1.3171,-4.8020,-7.4170,5.3314,0.3234,0.0000,BAM,-5.2567,-8.1525,-5.1785,-8.1525,0.0000,0.0000,0.000,0.000,1.5645,46.6,13.52,21,THU,NO_TX,360,,1,kieu=dung_yen;lan=1,1
46.6807,1790258679.775624,0.0206,0,312.50,228.75,0.758,,,-4.7589,3.5423,-7.3915,1.3171,-4.7356,-7.3903,5.3314,0.3234,0.0000,BAM,-5.2567,-8.1525,-5.1785,-8.1525,0.0000,0.0000,0.000,0.000,1.5645,46.6,13.52,21,THU,NO_TX,360,,1,kieu=dung_yen;lan=1,1
46.7009,1790258679.795820,0.0202,0,312.50,228.75,0.758,,,-4.6874,3.5423,-7.3649,1.3171,-4.6681,-7.3639,5.3314,0.3234,0.0000,BAM,-5.2567,-8.1525,-5.1785,-8.1525,0.0000,0.0000,0.000,0.000,1.5645,46.6,13.52,21,THU,NO_TX,360,,1,kieu=dung_yen;lan=1,1
46.7212,1790258679.816136,0.0203,1,321.00,230.25,0.764,-5.3238,-7.5034,-5.2405,-3.4465,-7.4830,-0.2825,-5.2790,-7.4830,5.3314,0.3234,0.0000,BAM,-5.2567,-8.1525,-5.1785,-8.1525,0.0000,0.0000,0.000,0.000,1.0808,64.9,9.80,21,THU,NO_TX,360,,1,kieu=dung_yen;lan=1,1
46.7416,1790258679.836572,0.0204,0,321.00,230.25,0.764,,,-5.3109,-3.4465,-7.4888,-0.2825,-5.3387,-7.4888,5.3314,0.3234,0.0000,BAM,-5.2567,-8.1525,-5.1785,-8.1525,0.0000,0.0000,0.000,0.000,1.0808,64.9,9.80,21,THU,NO_TX,360,,1,kieu=dung_yen;lan=1,1
46.7622,1790258679.857159,0.0206,0,321.00,230.25,0.764,,,-5.3819,-3.4465,-7.4946,-0.2825,-5.4036,-7.4946,5.3314,0.3234,0.0000,BAM,-5.2567,-8.1525,-5.1785,-8.1525,0.0000,0.0000,0.000,0.000,1.0808,64.9,9.80,21,THU,NO_TX,360,,1,kieu=dung_yen;lan=1,1
46.7824,1790258679.877417,0.0202,1,313.75,228.25,0.757,-4.8371,-7.3701,-4.9454,2.8674,-7.3939,1.0210,-4.9233,-7.3928,5.3314,0.3234,0.0000,BAM,-5.2567,-8.1525,-5.1785,-8.1525,0.0000,0.0000,0.000,0.000,1.2080,62.5,13.31,21,THU,NO_TX,360,,1,kieu=dung_yen;lan=1,1
46.8029,1790258679.897837,0.0205,0,313.75,228.25,0.757,,,-4.8867,2.8674,-7.3729,1.0210,-4.8706,-7.3722,5.3314,0.3234,0.0000,BAM,-5.2567,-8.1525,-5.1785,-8.1525,0.0000,0.0000,0.000,0.000,1.2080,62.5,13.31,21,THU,NO_TX,360,,1,kieu=dung_yen;lan=1,1
46.8230,1790258679.917925,0.0200,1,319.25,231.25,0.769,-5.2063,-7.5700,-5.1043,-1.0802,-7.5096,-1.1867,-5.1056,-7.5112,5.3314,0.3234,0.0000,BAM,-5.2567,-8.1525,-5.1785,-8.1525,0.0000,0.0000,0.000,0.000,0.8788,47.5,8.78,21,THU,NO_TX,360,,1,kieu=dung_yen;lan=1,1
46.8434,1790258679.938403,0.0205,0,319.25,231.25,0.769,,,-5.1264,-1.0802,-7.5339,-1.1867,-5.1273,-7.5350,5.3314,0.3234,0.0000,BAM,-5.2567,-8.1525,-5.1785,-8.1525,0.0000,0.0000,0.000,0.000,0.8788,47.5,8.78,21,THU,NO_TX,360,,1,kieu=dung_yen;lan=1,1
46.8640,1790258679.959020,0.0206,0,319.25,231.25,0.769,,,-5.1487,-1.0802,-7.5583,-1.1867,-5.1494,-7.5592,5.3314,0.3234,0.0000,BAM,-5.2567,-8.1525,-5.1785,-8.1525,0.0000,0.0000,0.000,0.000,0.8788,47.5,8.78,21,THU,NO_TX,360,,1,kieu=dung_yen;lan=1,1
46.8846,1790258679.979515,0.0206,1,319.00,231.50,0.760,-5.1895,-7.5866,-5.1862,-1.2769,-7.5859,-1.2264,-5.1884,-7.5877,5.3314,0.3234,0.0000,BAM,-5.2567,-8.1525,-5.1785,-8.1525,0.0000,0.0000,0.000,0.000,0.0011,64.9,8.56,21,THU,NO_TX,360,,1,kieu=dung_yen;lan=1,1
46.9047,1790258679.999645,0.0201,0,319.00,231.50,0.760,,,-5.2119,-1.2769,-7.6106,-1.2264,-5.2134,-7.6119,5.3314,0.3234,0.0000,BAM,-5.2567,-8.1525,-5.1785,-8.1525,0.0000,0.0000,0.000,0.000,0.0011,64.9,8.56,21,THU,NO_TX,360,,1,kieu=dung_yen;lan=1,1
46.9248,1790258680.019785,0.0201,0,319.00,231.50,0.760,,,-5.2376,-1.2769,-7.6353,-1.2264,-5.2388,-7.6363,5.3314,0.3234,0.0000,BAM,-5.2567,-8.1525,-5.1785,-8.1525,0.0000,0.0000,0.000,0.000,0.0011,64.9,8.56,21,THU,NO_TX,360,,1,kieu=dung_yen;lan=1,1
46.9452,1790258680.040141,0.0203,1,319.50,232.00,0.765,-5.2231,-7.6199,-5.2303,-0.8577,-7.6273,-0.8197,-5.2310,-7.6279,5.3314,0.3234,0.0000,BAM,-5.2567,-8.1525,-5.1785,-8.1525,0.0000,0.0000,0.000,0.000,0.0099,64.2,8.02,21,THU,NO_TX,360,,1,kieu=dung_yen;lan=1,1
46.9654,1790258680.060431,0.0203,0,319.50,232.00,0.765,,,-5.2477,-0.8577,-7.6439,-0.8197,-5.2481,-7.6443,5.3314,0.3234,0.0000,BAM,-5.2567,-8.1525,-5.1785,-8.1525,0.0000,0.0000,0.000,0.000,0.0099,64.2,8.02,21,THU,NO_TX,360,,1,kieu=dung_yen;lan=1,1
46.9856,1790258680.080604,0.0202,0,319.50,232.00,0.765,,,-5.2650,-0.8577,-7.6605,-0.8197,-5.2654,-7.6608,5.3314,0.3234,0.0000,BAM,-5.2567,-8.1525,-5.1785,-8.1525,0.0000,0.0000,0.000,0.000,0.0099,64.2,8.02,21,THU,NO_TX,360,,1,kieu=dung_yen;lan=1,1
47.0058,1790258680.100700,0.0202,1,319.50,231.50,0.768,-5.2231,-7.5866,-5.2336,-0.2423,-7.6033,0.0965,-5.2337,-7.6033,5.3314,0.3234,0.0000,BAM,-5.2567,-8.1525,-5.1785,-8.1525,0.0000,0.0000,0.000,0.000,0.0350,46.4,8.51,21,THU,NO_TX,360,,1,kieu=dung_yen;lan=1,1
47.0261,1790258680.121040,0.0202,0,319.50,231.50,0.768,,,-5.2385,-0.2423,-7.6014,0.0965,-5.2386,-7.6014,5.3314,0.3234,0.0000,BAM,-5.2567,-8.1525,-5.1785,-8.1525,0.0000,0.0000,0.000,0.000,0.0350,46.4,8.51,21,THU,NO_TX,360,,1,kieu=dung_yen;lan=1,1
47.0464,1790258680.141399,0.0204,0,319.50,231.50,0.768,,,-5.2435,-0.2423,-7.5994,0.0965,-5.2435,-7.5994,5.3314,0.3234,0.0000,BAM,-5.2567,-8.1525,-5.1785,-8.1525,0.0000,0.0000,0.000,0.000,0.0350,46.4,8.51,21,THU,NO_TX,360,,1,kieu=dung_yen;lan=1,1
47.0668,1790258680.161820,0.0204,1,319.00,231.50,0.785,-5.1895,-7.5866,-5.1999,0.3698,-7.5886,0.2064,-5.1998,-7.5886,5.3314,0.3234,0.0000,BAM,-5.2567,-8.1525,-5.1785,-8.1525,0.0000,0.0000,0.000,0.000,0.0110,64.6,8.56,21,THU,NO_TX,360,,1,kieu=dung_yen;lan=1,1
47.0870,1790258680.181936,0.0201,0,319.00,231.50,0.785,,,-5.1924,0.3698,-7.5844,0.2064,-5.1924,-7.5844,5.3314,0.3234,0.0000,BAM,-5.2567,-8.1525,-5.1785,-8.1525,0.0000,0.0000,0.000,0.000,0.0110,64.6,8.56,21,THU,NO_TX,360,,1,kieu=dung_yen;lan=1,1
47.1070,1790258680.201874,0.0200,0,319.00,231.50,0.785,,,-5.1850,0.3698,-7.5803,0.2064,-5.1850,-7.5803,5.3314,0.3234,0.0000,BAM,-5.2567,-8.1525,-5.1785,-8.1525,0.0000,0.0000,0.000,0.000,0.0110,64.6,8.56,21,THU,NO_TX,360,,1,kieu=dung_yen;lan=1,1
47.1276,1790258680.222589,0.0206,1,319.50,231.50,0.767,-5.2231,-7.5866,-5.2150,-0.1046,-7.5847,0.0994,-5.2150,-7.5847,5.3314,0.3234,0.0000,BAM,-5.2567,-8.1525,-5.1785,-8.1525,0.0000,0.0000,0.000,0.000,0.0068,62.7,8.51,21,THU,NO_TX,360,,1,kieu=dung_yen;lan=1,1
47.1478,1790258680.242774,0.0202,0,319.50,231.50,0.767,,,-5.2171,-0.1046,-7.5826,0.0994,-5.2171,-7.5826,5.3314,0.3234,0.0000,BAM,-5.2567,-8.1525,-5.1785,-8.1525,0.0000,0.0000,0.000,0.000,0.0068,62.7,8.51,21,THU,NO_TX,360,,1,kieu=dung_yen;lan=1,1
47.1683,1790258680.263302,0.0205,1,319.50,231.75,0.778,-5.2231,-7.6032,-5.2220,-0.1445,-7.5970,-0.1294,-5.2221,-7.5970,5.3314,0.3234,0.0000,BAM,-5.2567,-8.1525,-5.1785,-8.1525,0.0000,0.0000,0.000,0.000,0.0023,48.0,8.27,21,THU,NO_TX,360,,1,kieu=dung_yen;lan=1,1
47.1885,1790258680.283525,0.0202,0,319.50,231.75,0.778,,,-5.2250,-0.1445,-7.5996,-0.1294,-5.2250,-7.5996,5.3314,0.3234,0.0000,BAM,-5.2567,-8.1525,-5.1785,-8.1525,0.0000,0.0000,0.000,0.000,0.0023,48.0,8.27,21,THU,NO_TX,360,,1,kieu=dung_yen;lan=1,1
47.2088,1790258680.303790,0.0203,0,319.50,231.75,0.778,,,-5.2279,-0.1445,-7.6022,-0.1294,-5.2279,-7.6022,5.3314,0.3234,0.0000,BAM,-5.2567,-8.1525,-5.1785,-8.1525,0.0000,0.0000,0.000,0.000,0.0023,48.0,8.27,21,THU,NO_TX,360,,1,kieu=dung_yen;lan=1,1
47.2291,1790258680.324065,0.0203,0,319.50,231.75,0.778,,,-5.2308,-0.1445,-7.6048,-0.1294,-5.2308,-7.6048,5.3314,0.3234,0.0000,BAM,-5.2567,-8.1525,-5.1785,-8.1525,0.0000,0.0000,0.000,0.000,0.0023,48.0,8.27,21,THU,NO_TX,360,,1,kieu=dung_yen;lan=1,1
47.2492,1790258680.344140,0.0201,1,318.25,231.25,0.779,-5.1391,-7.5699,-5.1504,0.7906,-7.5746,0.2343,-5.1499,-7.5746,5.3314,0.3234,0.0000,BAM,-5.2567,-8.1525,-5.1785,-8.1525,0.0000,0.0000,0.000,0.000,0.0213,64.7,8.92,21,THU,NO_TX,360,,1,kieu=dung_yen;lan=1,1
47.2695,1790258680.364474,0.0203,0,318.25,231.25,0.779,,,-5.1343,0.7906,-7.5699,0.2343,-5.1339,-7.5698,5.3314,0.3234,0.0000,BAM,-5.2567,-8.1525,-5.1785,-8.1525,0.0000,0.0000,0.000,0.000,0.0213,64.7,8.92,21,THU,NO_TX,360,,1,kieu=dung_yen;lan=1,1
47.2900,1790258680.384987,0.0206,1,320.50,231.00,0.779,-5.2902,-7.5533,-5.2440,-0.9665,-7.5565,0.3502,-5.2449,-7.5565,5.3314,0.3234,0.0000,BAM,-5.2567,-8.1525,-5.1785,-8.1525,0.0000,0.0000,0.000,0.000,0.1391,47.1,9.01,21,THU,NO_TX,360,,1,kieu=dung_yen;lan=1,1
47.3104,1790258680.405372,0.0204,0,320.50,231.00,0.779,,,-5.2637,-0.9665,-7.5494,0.3502,-5.2644,-7.5494,5.3314,0.3234,0.0000,BAM,-5.2567,-8.1525,-5.1785,-8.1525,0.0000,0.0000,0.000,0.000,0.1391,47.1,9.01,21,THU,NO_TX,360,,1,kieu=dung_yen;lan=1,1
47.3305,1790258680.425529,0.0201,0,320.50,231.00,0.779,,,-5.2832,-0.9665,-7.5424,0.3502,-5.2837,-7.5423,5.3314,0.3234,0.0000,BAM,-5.2567,-8.1525,-5.1785,-8.1525,0.0000,0.0000,0.000,0.000,0.1391,47.1,9.01,21,THU,NO_TX,360,,1,kieu=dung_yen;lan=1,1
47.3509,1790258680.445876,0.0204,1,319.50,231.75,0.775,-5.2231,-7.6032,-5.2373,-0.1184,-7.5906,-0.3556,-5.2373,-7.5906,5.3314,0.3234,0.0000,BAM,-5.2567,-8.1525,-5.1785,-8.1525,0.0000,0.0000,0.000,0.000,0.0335,65.2,8.27,21,THU,NO_TX,360,,1,kieu=dung_yen;lan=1,1
47.3710,1790258680.465960,0.0201,0,319.50,231.75,0.775,,,-5.2397,-0.1184,-7.5977,-0.3556,-5.2397,-7.5978,5.3314,0.3234,0.0000,BAM,-5.2567,-8.1525,-5.1785,-8.1525,0.0000,0.0000,0.000,0.000,0.0335,65.2,8.27,21,THU,NO_TX,360,,1,kieu=dung_yen;lan=1,1
47.3914,1790258680.486405,0.0205,0,319.50,231.75,0.775,,,-5.2421,-0.1184,-7.6050,-0.3556,-5.2421,-7.6050,5.3314,0.3234,0.0000,BAM,-5.2567,-8.1525,-5.1785,-8.1525,0.0000,0.0000,0.000,0.000,0.0335,65.2,8.27,21,THU,NO_TX,360,,1,kieu=dung_yen;lan=1,1
47.4114,1790258680.506436,0.0200,1,318.75,231.50,0.774,-5.1727,-7.5866,-5.1855,0.6254,-7.5913,-0.0976,-5.1852,-7.5913,5.3314,0.3234,0.0000,BAM,-5.2567,-8.1525,-5.1785,-8.1525,0.0000,0.0000,0.000,0.000,0.0179,64.4,8.59,21,THU,NO_TX,360,,1,kieu=dung_yen;lan=1,1
47.4315,1790258680.526516,0.0201,0,318.75,231.50,0.774,,,-5.1729,0.6254,-7.5933,-0.0976,-5.1727,-7.5933,5.3314,0.3234,0.0000,BAM,-5.2567,-8.1525,-5.1785,-8.1525,0.0000,0.0000,0.000,0.000,0.0179,64.4,8.59,21,THU,NO_TX,360,,1,kieu=dung_yen;lan=1,1
47.4521,1790258680.547082,0.0206,0,318.75,231.50,0.774,,,-5.1601,0.6254,-7.5953,-0.0976,-5.1599,-7.5953,5.3314,0.3234,0.0000,BAM,-5.2567,-8.1525,-5.1785,-8.1525,0.0000,0.0000,0.000,0.000,0.0179,64.4,8.59,21,THU,NO_TX,360,,1,kieu=dung_yen;lan=1,1
47.4724,1790258680.567364,0.0203,1,318.75,231.50,0.768,-5.1727,-7.5866,-5.1682,0.3625,-7.5886,0.0103,-5.1682,-7.5886,5.3314,0.3234,0.0000,BAM,-5.2567,-8.1525,-5.1785,-8.1525,0.0000,0.0000,0.000,0.000,0.0023,48.2,8.59,21,THU,NO_TX,360,,1,kieu=dung_yen;lan=1,1
47.4929,1790258680.587868,0.0205,0,318.75,231.50,0.768,,,-5.1608,0.3625,-7.5883,0.0103,-5.1608,-7.5883,5.3314,0.3234,0.0000,BAM,-5.2567,-8.1525,-5.1785,-8.1525,0.0000,0.0000,0.000,0.000,0.0023,48.2,8.59,21,THU,NO_TX,360,,1,kieu=dung_yen;lan=1,1
47.5129,1790258680.607880,0.0200,0,318.75,231.50,0.768,,,-5.1535,0.3625,-7.5881,0.0103,-5.1535,-7.5881,5.3314,0.3234,0.0000,BAM,-5.2567,-8.1525,-5.1785,-8.1525,0.0000,0.0000,0.000,0.000,0.0023,48.2,8.59,21,THU,NO_TX,360,,1,kieu=dung_yen;lan=1,1
47.5339,1790258680.628744,0.0210,1,319.00,231.50,0.764,-5.1895,-7.5866,-5.1819,-0.0895,-7.5868,0.0237,-5.1819,-7.5868,5.3314,0.3234,0.0000,BAM,-5.2567,-8.1525,-5.1785,-8.1525,0.0000,0.0000,0.000,0.000,0.0058,61.8,8.56,21,THU,NO_TX,360,,1,kieu=dung_yen;lan=1,1
47.5542,1790258680.649204,0.0204,0,319.00,231.50,0.764,,,-5.1837,-0.0895,-7.5864,0.0237,-5.1837,-7.5864,5.3314,0.3234,0.0000,BAM,-5.2567,-8.1525,-5.1785,-8.1525,0.0000,0.0000,0.000,0.000,0.0058,61.8,8.56,21,THU,NO_TX,360,,1,kieu=dung_yen;lan=1,1
47.5746,1790258680.669548,0.0204,0,319.00,231.50,0.764,,,-5.1855,-0.0895,-7.5859,0.0237,-5.1855,-7.5859,5.3314,0.3234,0.0000,BAM,-5.2567,-8.1525,-5.1785,-8.1525,0.0000,0.0000,0.000,0.000,0.0058,61.8,8.56,21,THU,NO_TX,360,,1,kieu=dung_yen;lan=1,1
47.5946,1790258680.689552,0.0200,1,319.25,232.00,0.767,-5.2063,-7.6199,-5.2029,-0.2865,-7.6135,-0.3257,-5.2030,-7.6136,5.3314,0.3234,0.0000,BAM,-5.2567,-8.1525,-5.1785,-8.1525,0.0000,0.0000,0.000,0.000,0.0046,66.4,8.04,21,THU,NO_TX,360,,1,kieu=dung_yen;lan=1,1
47.6149,1790258680.709871,0.0203,0,319.25,232.00,0.767,,,-5.2087,-0.2865,-7.6201,-0.3257,-5.2088,-7.6202,5.3314,0.3234,0.0000,BAM,-5.2567,-8.1525,-5.1785,-8.1525,0.0000,0.0000,0.000,0.000,0.0046,66.4,8.04,21,THU,NO_TX,360,,1,kieu=dung_yen;lan=1,1
47.6356,1790258680.730563,0.0207,1,320.00,231.25,0.765,-5.2567,-7.5700,-5.2454,-0.7245,-7.5856,0.2503,-5.2458,-7.5856,5.3314,0.3234,0.0000,BAM,-5.2567,-8.1525,-5.1785,-8.1525,0.0000,0.0000,0.000,0.000,0.0225,46.4,8.75,21,THU,NO_TX,360,,1,kieu=dung_yen;lan=1,1
47.6560,1790258680.750972,0.0204,0,320.00,231.25,0.765,,,-5.2602,-0.7245,-7.5805,0.2503,-5.2605,-7.5805,5.3314,0.3234,0.0000,BAM,-5.2567,-8.1525,-5.1785,-8.1525,0.0000,0.0000,0.000,0.000,0.0225,46.4,8.75,21,THU,NO_TX,360,,1,kieu=dung_yen;lan=1,1
47.6763,1790258680.771258,0.0203,0,320.00,231.25,0.765,,,-5.2749,-0.7245,-7.5754,0.2503,-5.2751,-7.5754,5.3314,0.3234,0.0000,BAM,-5.2567,-8.1525,-5.1785,-8.1525,0.0000,0.0000,0.000,0.000,0.0225,46.4,8.75,21,THU,NO_TX,360,,1,kieu=dung_yen;lan=1,1
47.6964,1790258680.791414,0.0201,1,319.50,231.50,0.768,-5.2231,-7.5866,-5.2350,-0.0220,-7.5836,0.0830,-5.2350,-7.5836,5.3314,0.3234,0.0000,BAM,-5.2567,-8.1525,-5.1785,-8.1525,0.0000,0.0000,0.000,0.000,0.0145,63.1,8.51,21,THU,NO_TX,360,,1,kieu=dung_yen;lan=1,1
47.7167,1790258680.811689,0.0203,0,319.50,231.50,0.768,,,-5.2354,-0.0220,-7.5819,0.0830,-5.2354,-7.5819,5.3314,0.3234,0.0000,BAM,-5.2567,-8.1525,-5.1785,-8.1525,0.0000,0.0000,0.000,0.000,0.0145,63.1,8.51,21,THU,NO_TX,360,,1,kieu=dung_yen;lan=1,1
47.7372,1790258680.832174,0.0205,0,319.50,231.50,0.768,,,-5.2359,-0.0220,-7.5802,0.0830,-5.2359,-7.5802,5.3314,0.3234,0.0000,BAM,-5.2567,-8.1525,-5.1785,-8.1525,0.0000,0.0000,0.000,0.000,0.0145,63.1,8.51,21,THU,NO_TX,360,,1,kieu=dung_yen;lan=1,1
47.7572,1790258680.852084,0.0200,0,319.50,231.50,0.768,,,-5.2363,-0.0220,-7.5785,0.0830,-5.2363,-7.5785,5.3314,0.3234,0.0000,BAM,-5.2567,-8.1525,-5.1785,-8.1525,0.0000,0.0000,0.000,0.000,0.0145,63.1,8.51,21,THU,NO_TX,360,,1,kieu=dung_yen;lan=1,1
47.7775,1790258680.872500,0.0203,1,318.50,231.50,0.772,-5.1559,-7.5866,-5.1655,0.7645,-7.5854,-0.0098,-5.1650,-7.5854,5.3314,0.3234,0.0000,BAM,-5.2567,-8.1525,-5.1785,-8.1525,0.0000,0.0000,0.000,0.000,0.0136,65.1,8.63,21,THU,NO_TX,360,,1,kieu=dung_yen;lan=1,1
47.7976,1790258680.892576,0.0201,0,318.50,231.50,0.772,,,-5.1501,0.7645,-7.5856,-0.0098,-5.1498,-7.5856,5.3314,0.3234,0.0000,BAM,-5.2567,-8.1525,-5.1785,-8.1525,0.0000,0.0000,0.000,0.000,0.0136,65.1,8.63,21,THU,NO_TX,360,,1,kieu=dung_yen;lan=1,1
47.8180,1790258680.913450,0.0203,1,319.50,231.00,0.763,-5.2231,-7.5533,-5.1991,-0.1413,-7.5623,0.3118,-5.1991,-7.5623,5.3314,0.3234,0.0000,BAM,-5.2567,-8.1525,-5.1785,-8.1525,0.0000,0.0000,0.000,0.000,0.0416,47.4,9.01,21,THU,NO_TX,360,,1,kieu=dung_yen;lan=1,1
47.8386,1790258680.933604,0.0207,0,319.50,231.00,0.763,,,-5.2020,-0.1413,-7.5559,0.3118,-5.2020,-7.5559,5.3314,0.3234,0.0000,BAM,-5.2567,-8.1525,-5.1785,-8.1525,0.0000,0.0000,0.000,0.000,0.0416,47.4,9.01,21,THU,NO_TX,360,,1,kieu=dung_yen;lan=1,1
47.8588,1790258680.953710,0.0202,0,319.50,231.00,0.763,,,-5.2049,-0.1413,-7.5496,0.3118,-5.2049,-7.5496,5.3314,0.3234,0.0000,BAM,-5.2567,-8.1525,-5.1785,-8.1525,0.0000,0.0000,0.000,0.000,0.0416,47.4,9.01,21,THU,NO_TX,360,,1,kieu=dung_yen;lan=1,1
47.8792,1790258680.974752,0.0205,1,319.50,231.50,0.768,-5.2231,-7.5866,-5.2204,-0.3043,-7.5786,-0.1390,-5.2204,-7.5786,5.3314,0.3234,0.0000,BAM,-5.2567,-8.1525,-5.1785,-8.1525,0.0000,0.0000,0.000,0.000,0.0062,67.9,8.51,21,THU,NO_TX,360,,1,kieu=dung_yen;lan=1,1
47.9000,1790258680.994946,0.0207,0,319.50,231.50,0.768,,,-5.2267,-0.3043,-7.5815,-0.1390,-5.2267,-7.5815,5.3314,0.3234,0.0000,BAM,-5.2567,-8.1525,-5.1785,-8.1525,0.0000,0.0000,0.000,0.000,0.0062,67.9,8.51,21,THU,NO_TX,360,,1,kieu=dung_yen;lan=1,1
47.9206,1790258681.015273,0.0207,0,319.50,231.50,0.768,,,-5.2330,-0.3043,-7.5844,-0.1390,-5.2330,-7.5844,5.3314,0.3234,0.0000,BAM,-5.2567,-8.1525,-5.1785,-8.1525,0.0000,0.0000,0.000,0.000,0.0062,67.9,8.51,21,THU,NO_TX,360,,1,kieu=dung_yen;lan=1,1
47.9410,1790258681.036507,0.0204,1,318.75,231.25,0.773,-5.1727,-7.5699,-5.1842,0.3823,-7.5731,0.0350,-5.1842,-7.5731,5.3314,0.3234,0.0000,BAM,-5.2567,-8.1525,-5.1785,-8.1525,0.0000,0.0000,0.000,0.000,0.0142,59.8,8.84,21,THU,NO_TX,360,,1,kieu=dung_yen;lan=1,1
47.9612,1790258681.056133,0.0202,0,318.75,231.25,0.773,,,-5.1765,0.3823,-7.5723,0.0350,-5.1765,-7.5723,5.3314,0.3234,0.0000,BAM,-5.2567,-8.1525,-5.1785,-8.1525,0.0000,0.0000,0.000,0.000,0.0142,59.8,8.84,21,THU,NO_TX,360,,1,kieu=dung_yen;lan=1,1
47.9822,1790258681.077084,0.0210,1,319.00,231.25,0.771,-5.1895,-7.5700,-5.1839,0.1637,-7.5704,0.0518,-5.1839,-7.5704,5.3314,0.3234,0.0000,BAM,-5.2567,-8.1525,-5.1785,-8.1525,0.0000,0.0000,0.000,0.000,0.0021,46.8,8.81,21,THU,NO_TX,360,,1,kieu=dung_yen;lan=1,1
48.0028,1790258681.097763,0.0206,0,319.00,231.25,0.771,,,-5.1805,0.1637,-7.5693,0.0518,-5.1805,-7.5693,5.3314,0.3234,0.0000,BAM,-5.2567,-8.1525,-5.1785,-8.1525,0.0000,0.0000,0.000,0.000,0.0021,46.8,8.81,21,THU,NO_TX,360,,1,kieu=dung_yen;lan=1,1
48.0232,1790258681.118170,0.0204,0,319.00,231.25,0.771,,,-5.1772,0.1637,-7.5683,0.0518,-5.1772,-7.5683,5.3314,0.3234,0.0000,BAM,-5.2567,-8.1525,-5.1785,-8.1525,0.0000,0.0000,0.000,0.000,0.0021,46.8,8.81,21,THU,NO_TX,360,,1,kieu=dung_yen;lan=1,1
48.0434,1790258681.138401,0.0202,0,319.00,231.25,0.771,,,-5.1739,0.1637,-7.5672,0.0518,-5.1739,-7.5672,5.3314,0.3234,0.0000,BAM,-5.2567,-8.1525,-5.1785,-8.1525,0.0000,0.0000,0.000,0.000,0.0021,46.8,8.81,21,THU,NO_TX,360,,1,kieu=dung_yen;lan=1,1
48.0637,1790258681.158709,0.0203,1,313.00,229.50,0.760,-4.7867,-7.4532,-4.8317,3.9473,-7.4671,1.1446,-4.7756,-7.4656,5.3314,0.3234,0.0000,BAM,-5.2567,-8.1525,-5.1785,-8.1525,0.0000,0.0000,0.000,0.000,0.3257,64.0,12.62,21,THU,NO_TX,360,,1,kieu=dung_yen;lan=1,1
48.0848,1790258681.179667,0.0211,0,313.00,229.50,0.760,,,-4.7484,3.9473,-7.4430,1.1446,-4.7079,-7.4419,5.3314,0.3234,0.0000,BAM,-5.2567,-8.1525,-5.1785,-8.1525,0.0000,0.0000,0.000,0.000,0.3257,64.0,12.62,21,THU,NO_TX,360,,1,kieu=dung_yen;lan=1,1
48.1052,1790258681.200191,0.0204,1,319.00,231.50,0.767,-5.1895,-7.5866,-5.0513,-1.3854,-7.5413,-0.5092,-5.0539,-7.5414,5.3314,0.3234,0.0000,BAM,-5.2567,-8.1525,-5.1785,-8.1525,0.0000,0.0000,0.000,0.000,1.3761,47.0,8.56,21,THU,NO_TX,360,,1,kieu=dung_yen;lan=1,1
48.1254,1790258681.220385,0.0202,0,319.00,231.50,0.767,,,-5.0792,-1.3854,-7.5515,-0.5092,-5.0811,-7.5516,5.3314,0.3234,0.0000,BAM,-5.2567,-8.1525,-5.1785,-8.1525,0.0000,0.0000,0.000,0.000,1.3761,47.0,8.56,21,THU,NO_TX,360,,1,kieu=dung_yen;lan=1,1
48.1456,1790258681.240603,0.0202,0,319.00,231.50,0.767,,,-5.1072,-1.3854,-7.5618,-0.5092,-5.1087,-7.5619,5.3314,0.3234,0.0000,BAM,-5.2567,-8.1525,-5.1785,-8.1525,0.0000,0.0000,0.000,0.000,1.3761,47.0,8.56,21,THU,NO_TX,360,,1,kieu=dung_yen;lan=1,1
48.1657,1790258681.260703,0.0201,1,319.50,231.25,0.780,-5.2231,-7.5700,-5.2073,-2.3215,-7.5703,-0.4874,-5.2197,-7.5705,5.3314,0.3234,0.0000,BAM,-5.2567,-8.1525,-5.1785,-8.1525,0.0000,0.0000,0.000,0.000,0.0243,63.2,8.76,21,THU,NO_TX,360,,1,kieu=dung_yen;lan=1,1
48.1861,1790258681.281108,0.0204,0,319.50,231.25,0.780,,,-5.2547,-2.3215,-7.5803,-0.4874,-5.2635,-7.5804,5.3314,0.3234,0.0000,BAM,-5.2567,-8.1525,-5.1785,-8.1525,0.0000,0.0000,0.000,0.000,0.0243,63.2,8.76,21,THU,NO_TX,360,,1,kieu=dung_yen;lan=1,1
48.2062,1790258681.301156,0.0200,0,319.50,231.25,0.780,,,-5.3012,-2.3215,-7.5901,-0.4874,-5.3081,-7.5901,5.3314,0.3234,0.0000,BAM,-5.2567,-8.1525,-5.1785,-8.1525,0.0000,0.0000,0.000,0.000,0.0243,63.2,8.76,21,THU,NO_TX,360,,1,kieu=dung_yen;lan=1,1
48.2268,1790258681.321768,0.0207,1,319.00,231.00,0.763,-5.1895,-7.5533,-5.2176,-0.6688,-7.5619,-0.0143,-5.2179,-7.5619,5.3314,0.3234,0.0000,BAM,-5.2567,-8.1525,-5.1785,-8.1525,0.0000,0.0000,0.000,0.000,0.0844,68.1,9.06,21,THU,NO_TX,360,,1,kieu=dung_yen;lan=1,1
48.2473,1790258681.342333,0.0205,0,319.00,231.00,0.763,,,-5.2313,-0.6688,-7.5621,-0.0143,-5.2315,-7.5621,5.3314,0.3234,0.0000,BAM,-5.2567,-8.1525,-5.1785,-8.1525,0.0000,0.0000,0.000,0.000,0.0844,68.1,9.06,21,THU,NO_TX,360,,1,kieu=dung_yen;lan=1,1
48.2674,1790258681.362417,0.0201,0,319.00,231.00,0.763,,,-5.2447,-0.6688,-7.5624,-0.0143,-5.2449,-7.5624,5.3314,0.3234,0.0000,BAM,-5.2567,-8.1525,-5.1785,-8.1525,0.0000,0.0000,0.000,0.000,0.0844,68.1,9.06,21,THU,NO_TX,360,,1,kieu=dung_yen;lan=1,1
48.2877,1790258681.382648,0.0202,1,318.75,231.50,0.776,-5.1727,-7.5866,-5.1879,0.2189,-7.5822,-0.2559,-5.1879,-7.5822,5.3314,0.3234,0.0000,BAM,-5.2567,-8.1525,-5.1785,-8.1525,0.0000,0.0000,0.000,0.000,0.0243,46.5,8.59,21,THU,NO_TX,360,,1,kieu=dung_yen;lan=1,1
48.3084,1790258681.403297,0.0207,0,318.75,231.50,0.776,,,-5.1834,0.2189,-7.5875,-0.2559,-5.1834,-7.5875,5.3314,0.3234,0.0000,BAM,-5.2567,-8.1525,-5.1785,-8.1525,0.0000,0.0000,0.000,0.000,0.0243,46.5,8.59,21,THU,NO_TX,360,,1,kieu=dung_yen;lan=1,1
48.3285,1790258681.423467,0.0202,0,318.75,231.50,0.776,,,-5.1790,0.2189,-7.5927,-0.2559,-5.1789,-7.5927,5.3314,0.3234,0.0000,BAM,-5.2567,-8.1525,-5.1785,-8.1525,0.0000,0.0000,0.000,0.000,0.0243,46.5,8.59,21,THU,NO_TX,360,,1,kieu=dung_yen;lan=1,1
48.3487,1790258681.443687,0.0202,1,319.00,231.00,0.769,-5.1895,-7.5533,-5.1869,0.0634,-7.5615,0.1950,-5.1869,-7.5614,5.3314,0.3234,0.0000,BAM,-5.2567,-8.1525,-5.1785,-8.1525,0.0000,0.0000,0.000,0.000,0.0065,62.9,9.06,21,THU,NO_TX,360,,1,kieu=dung_yen;lan=1,1
48.3693,1790258681.464288,0.0206,0,319.00,231.00,0.769,,,-5.1856,0.0634,-7.5574,0.1950,-5.1856,-7.5574,5.3314,0.3234,0.0000,BAM,-5.2567,-8.1525,-5.1785,-8.1525,0.0000,0.0000,0.000,0.000,0.0065,62.9,9.06,21,THU,NO_TX,360,,1,kieu=dung_yen;lan=1,1
48.3897,1790258681.484612,0.0204,0,319.00,231.00,0.769,,,-5.1843,0.0634,-7.5535,0.1950,-5.1843,-7.5534,5.3314,0.3234,0.0000,BAM,-5.2567,-8.1525,-5.1785,-8.1525,0.0000,0.0000,0.000,0.000,0.0065,62.9,9.06,21,THU,NO_TX,360,,1,kieu=dung_yen;lan=1,1
48.4101,1790258681.505095,0.0204,1,313.50,228.75,0.756,-4.8203,-7.4033,-4.8837,3.8265,-7.4299,1.6745,-4.8328,-7.4253,5.3314,0.3234,0.0000,BAM,-5.2567,-8.1525,-5.1785,-8.1525,0.0000,0.0000,0.000,0.000,0.4623,64.1,12.99,21,THU,NO_TX,360,,1,kieu=dung_yen;lan=1,1
48.4304,1790258681.525349,0.0203,0,313.50,228.75,0.756,,,-4.8062,3.8265,-7.3959,1.6745,-4.7689,-7.3926,5.3314,0.3234,0.0000,BAM,-5.2567,-8.1525,-5.1785,-8.1525,0.0000,0.0000,0.000,0.000,0.4623,64.1,12.99,21,THU,NO_TX,360,,1,kieu=dung_yen;lan=1,1
48.4504,1790258681.545397,0.0201,1,319.50,231.25,0.767,-5.2231,-7.5700,-5.0888,-1.3103,-7.5120,-0.4208,-5.0911,-7.5121,5.3314,0.3234,0.0000,BAM,-5.2567,-8.1525,-5.1785,-8.1525,0.0000,0.0000,0.000,0.000,1.3456,47.7,8.76,21,THU,NO_TX,360,,1,kieu=dung_yen;lan=1,1
48.4707,1790258681.565736,0.0203,0,319.50,231.25,0.767,,,-5.1155,-1.3103,-7.5206,-0.4208,-5.1171,-7.5206,5.3314,0.3234,0.0000,BAM,-5.2567,-8.1525,-5.1785,-8.1525,0.0000,0.0000,0.000,0.000,1.3456,47.7,8.76,21,THU,NO_TX,360,,1,kieu=dung_yen;lan=1,1
48.4910,1790258681.585969,0.0202,0,319.50,231.25,0.767,,,-5.1420,-1.3103,-7.5291,-0.4208,-5.1432,-7.5291,5.3314,0.3234,0.0000,BAM,-5.2567,-8.1525,-5.1785,-8.1525,0.0000,0.0000,0.000,0.000,1.3456,47.7,8.76,21,THU,NO_TX,360,,1,kieu=dung_yen;lan=1,1
48.5120,1790258681.606958,0.0210,1,319.50,231.00,0.773,-5.2231,-7.5533,-5.2136,-1.8772,-7.5505,-0.5795,-5.2203,-7.5507,5.3314,0.3234,0.0000,BAM,-5.2567,-8.1525,-5.1785,-8.1525,0.0000,0.0000,0.000,0.000,0.0095,63.4,9.01,21,THU,NO_TX,360,,1,kieu=dung_yen;lan=1,1
48.5323,1790258681.627309,0.0203,0,319.50,231.00,0.773,,,-5.2518,-1.8772,-7.5623,-0.5795,-5.2566,-7.5624,5.3314,0.3234,0.0000,BAM,-5.2567,-8.1525,-5.1785,-8.1525,0.0000,0.0000,0.000,0.000,0.0095,63.4,9.01,21,THU,NO_TX,360,,1,kieu=dung_yen;lan=1,1
48.5528,1790258681.647795,0.0205,0,319.50,231.00,0.773,,,-5.2903,-1.8772,-7.5742,-0.5795,-5.2940,-7.5743,5.3314,0.3234,0.0000,BAM,-5.2567,-8.1525,-5.1785,-8.1525,0.0000,0.0000,0.000,0.000,0.0095,63.4,9.01,21,THU,NO_TX,360,,1,kieu=dung_yen;lan=1,1
48.5735,1790258681.668329,0.0207,0,319.50,231.00,0.773,,,-5.3291,-1.8772,-7.5861,-0.5795,-5.3321,-7.5862,5.3314,0.3234,0.0000,BAM,-5.2567,-8.1525,-5.1785,-8.1525,0.0000,0.0000,0.000,0.000,0.0095,63.4,9.01,21,THU,NO_TX,360,,1,kieu=dung_yen;lan=1,1
48.5938,1790258681.688821,0.0204,1,320.25,230.75,0.790,-5.2735,-7.5367,-5.2844,-0.9669,-7.5441,0.0030,-5.2853,-7.5441,5.3314,0.3234,0.0000,BAM,-5.2567,-8.1525,-5.1785,-8.1525,0.0000,0.0000,0.000,0.000,0.0251,64.6,9.25,21,THU,NO_TX,360,,1,kieu=dung_yen;lan=1,1
48.6144,1790258681.709245,0.0205,0,320.25,230.75,0.790,,,-5.3042,-0.9669,-7.5441,0.0030,-5.3049,-7.5441,5.3314,0.3234,0.0000,BAM,-5.2567,-8.1525,-5.1785,-8.1525,0.0000,0.0000,0.000,0.000,0.0251,64.6,9.25,21,THU,NO_TX,360,,1,kieu=dung_yen;lan=1,1
48.6350,1790258681.729958,0.0206,1,319.50,231.50,0.768,-5.2231,-7.5866,-5.2501,0.0686,-7.5749,-0.4197,-5.2501,-7.5750,5.3314,0.3234,0.0000,BAM,-5.2567,-8.1525,-5.1785,-8.1525,0.0000,0.0000,0.000,0.000,0.0554,48.5,8.51,21,THU,NO_TX,360,,1,kieu=dung_yen;lan=1,1
48.6552,1790258681.750060,0.0202,0,319.50,231.50,0.768,,,-5.2487,0.0686,-7.5834,-0.4197,-5.2487,-7.5835,5.3314,0.3234,0.0000,BAM,-5.2567,-8.1525,-5.1785,-8.1525,0.0000,0.0000,0.000,0.000,0.0554,48.5,8.51,21,THU,NO_TX,360,,1,kieu=dung_yen;lan=1,1
48.6754,1790258681.770364,0.0202,0,319.50,231.50,0.768,,,-5.2473,0.0686,-7.5919,-0.4197,-5.2473,-7.5919,5.3314,0.3234,0.0000,BAM,-5.2567,-8.1525,-5.1785,-8.1525,0.0000,0.0000,0.000,0.000,0.0554,48.5,8.51,21,THU,NO_TX,360,,1,kieu=dung_yen;lan=1,1
48.6957,1790258681.790557,0.0203,1,319.00,231.50,0.775,-5.1895,-7.5866,-5.1996,0.6693,-7.5892,-0.2760,-5.1993,-7.5892,5.3314,0.3234,0.0000,BAM,-5.2567,-8.1525,-5.1785,-8.1525,0.0000,0.0000,0.000,0.000,0.0104,62.7,8.56,21,THU,NO_TX,360,,1,kieu=dung_yen;lan=1,1
48.7162,1790258681.811171,0.0205,0,319.00,231.50,0.775,,,-5.1858,0.6693,-7.5948,-0.2760,-5.1856,-7.5948,5.3314,0.3234,0.0000,BAM,-5.2567,-8.1525,-5.1785,-8.1525,0.0000,0.0000,0.000,0.000,0.0104,62.7,8.56,21,THU,NO_TX,360,,1,kieu=dung_yen;lan=1,1
48.7374,1790258681.832425,0.0213,0,319.00,231.50,0.775,,,-5.1716,0.6693,-7.6007,-0.2760,-5.1714,-7.6007,5.3314,0.3234,0.0000,BAM,-5.2567,-8.1525,-5.1785,-8.1525,0.0000,0.0000,0.000,0.000,0.0104,62.7,8.56,21,THU,NO_TX,360,,1,kieu=dung_yen;lan=1,1
48.7581,1790258681.853115,0.0207,1,319.00,231.25,0.775,-5.1895,-7.5700,-5.1841,0.3417,-7.5764,0.0912,-5.1840,-7.5764,5.3314,0.3234,0.0000,BAM,-5.2567,-8.1525,-5.1785,-8.1525,0.0000,0.0000,0.000,0.000,0.0068,62.8,8.81,21,THU,NO_TX,360,,1,kieu=dung_yen;lan=1,1
48.7789,1790258681.873864,0.0207,0,319.00,231.25,0.775,,,-5.1770,0.3417,-7.5745,0.0912,-5.1770,-7.5745,5.3314,0.3234,0.0000,BAM,-5.2567,-8.1525,-5.1785,-8.1525,0.0000,0.0000,0.000,0.000,0.0068,62.8,8.81,21,THU,NO_TX,360,,1,kieu=dung_yen;lan=1,1
48.7994,1790258681.894246,0.0205,1,319.25,231.50,0.777,-5.2063,-7.5866,-5.1966,-0.0357,-7.5828,-0.0493,-5.1966,-7.5828,5.3314,0.3234,0.0000,BAM,-5.2567,-8.1525,-5.1785,-8.1525,0.0000,0.0000,0.000,0.000,0.0070,49.2,8.53,21,THU,NO_TX,360,,1,kieu=dung_yen;lan=1,1
48.8201,1790258681.915051,0.0207,0,319.25,231.50,0.777,,,-5.1973,-0.0357,-7.5838,-0.0493,-5.1973,-7.5838,5.3314,0.3234,0.0000,BAM,-5.2567,-8.1525,-5.1785,-8.1525,0.0000,0.0000,0.000,0.000,0.0070,49.2,8.53,21,THU,NO_TX,360,,1,kieu=dung_yen;lan=1,1
48.8404,1790258681.935404,0.0203,0,319.25,231.50,0.777,,,-5.1981,-0.0357,-7.5848,-0.0493,-5.1981,-7.5848,5.3314,0.3234,0.0000,BAM,-5.2567,-8.1525,-5.1785,-8.1525,0.0000,0.0000,0.000,0.000,0.0070,49.2,8.53,21,THU,NO_TX,360,,1,kieu=dung_yen;lan=1,1
48.8607,1790258681.955697,0.0203,1,319.50,232.00,0.777,-5.2231,-7.6199,-5.2188,-0.2925,-7.6136,-0.4010,-5.2188,-7.6137,5.3314,0.3234,0.0000,BAM,-5.2567,-8.1525,-5.1785,-8.1525,0.0000,0.0000,0.000,0.000,0.0052,62.1,8.02,21,THU,NO_TX,360,,1,kieu=dung_yen;lan=1,1
48.8809,1790258681.975735,0.0202,0,319.50,232.00,0.777,,,-5.2247,-0.2925,-7.6217,-0.4010,-5.2247,-7.6218,5.3314,0.3234,0.0000,BAM,-5.2567,-8.1525,-5.1785,-8.1525,0.0000,0.0000,0.000,0.000,0.0052,62.1,8.02,21,THU,NO_TX,360,,1,kieu=dung_yen;lan=1,1
48.9010,1790258681.995987,0.0201,0,319.50,232.00,0.777,,,-5.2306,-0.2925,-7.6298,-0.4010,-5.2306,-7.6298,5.3314,0.3234,0.0000,BAM,-5.2567,-8.1525,-5.1785,-8.1525,0.0000,0.0000,0.000,0.000,0.0052,62.1,8.02,21,THU,NO_TX,360,,1,kieu=dung_yen;lan=1,1
48.9218,1790258682.016782,0.0208,0,319.50,232.00,0.777,,,-5.2366,-0.2925,-7.6381,-0.4010,-5.2367,-7.6381,5.3314,0.3234,0.0000,BAM,-5.2567,-8.1525,-5.1785,-8.1525,0.0000,0.0000,0.000,0.000,0.0052,62.1,8.02,21,THU,NO_TX,360,,1,kieu=dung_yen;lan=1,1
48.9425,1790258682.038010,0.0207,1,319.50,230.50,0.770,-5.2231,-7.5200,-5.2254,-0.1023,-7.5354,0.8012,-5.2254,-7.5349,5.3314,0.3234,0.0000,BAM,-5.2567,-8.1525,-5.1785,-8.1525,0.0000,0.0000,0.000,0.000,0.0318,65.3,9.51,21,THU,NO_TX,360,,1,kieu=dung_yen;lan=1,1
48.9632,1790258682.058136,0.0207,0,319.50,230.50,0.770,,,-5.2275,-0.1023,-7.5188,0.8012,-5.2275,-7.5185,5.3314,0.3234,0.0000,BAM,-5.2567,-8.1525,-5.1785,-8.1525,0.0000,0.0000,0.000,0.000,0.0318,65.3,9.51,21,THU,NO_TX,360,,1,kieu=dung_yen;lan=1,1
48.9836,1790258682.078418,0.0204,1,321.00,230.25,0.779,-5.3238,-7.5034,-5.2986,-1.0680,-7.5031,0.7926,-5.2998,-7.5027,5.3314,0.3234,0.0000,BAM,-5.2567,-8.1525,-5.1785,-8.1525,0.0000,0.0000,0.000,0.000,0.0413,48.9,9.80,21,THU,NO_TX,360,,1,kieu=dung_yen;lan=1,1
49.0041,1790258682.099107,0.0206,0,321.00,230.25,0.779,,,-5.3206,-1.0680,-7.4869,0.7926,-5.3214,-7.4865,5.3314,0.3234,0.0000,BAM,-5.2567,-8.1525,-5.1785,-8.1525,0.0000,0.0000,0.000,0.000,0.0413,48.9,9.80,21,THU,NO_TX,360,,1,kieu=dung_yen;lan=1,1
49.0250,1790258682.119930,0.0209,0,321.00,230.25,0.779,,,-5.3429,-1.0680,-7.4703,0.7926,-5.3435,-7.4700,5.3314,0.3234,0.0000,BAM,-5.2567,-8.1525,-5.1785,-8.1525,0.0000,0.0000,0.000,0.000,0.0413,48.9,9.80,21,THU,NO_TX,360,,1,kieu=dung_yen;lan=1,1
49.0456,1790258682.140543,0.0206,1,321.00,230.00,0.794,-5.3238,-7.4867,-5.3309,-0.6324,-7.4808,0.4533,-5.3312,-7.4807,5.3314,0.3234,0.0000,BAM,-5.2567,-8.1525,-5.1785,-8.1525,0.0000,0.0000,0.000,0.000,0.0082,63.2,10.05,21,THU,NO_TX,360,,1,kieu=dung_yen;lan=1,1
49.0659,1790258682.160889,0.0203,0,321.00,230.00,0.794,,,-5.3438,-0.6324,-7.4716,0.4533,-5.3440,-7.4715,5.3314,0.3234,0.0000,BAM,-5.2567,-8.1525,-5.1785,-8.1525,0.0000,0.0000,0.000,0.000,0.0082,63.2,10.05,21,THU,NO_TX,360,,1,kieu=dung_yen;lan=1,1
49.0865,1790258682.181539,0.0206,1,320.50,230.50,0.795,-5.2902,-7.5200,-5.3081,0.0595,-7.5042,-0.1293,-5.3081,-7.5042,5.3314,0.3234,0.0000,BAM,-5.2567,-8.1525,-5.1785,-8.1525,0.0000,0.0000,0.000,0.000,0.0353,47.5,9.51,21,THU,NO_TX,360,,1,kieu=dung_yen;lan=1,1
49.1071,1790258682.202110,0.0206,0,320.50,230.50,0.795,,,-5.3068,0.0595,-7.5068,-0.1293,-5.3068,-7.5068,5.3314,0.3234,0.0000,BAM,-5.2567,-8.1525,-5.1785,-8.1525,0.0000,0.0000,0.000,0.000,0.0353,47.5,9.51,21,THU,NO_TX,360,,1,kieu=dung_yen;lan=1,1
49.1275,1790258682.222454,0.0203,0,320.50,230.50,0.795,,,-5.3056,0.0595,-7.5095,-0.1293,-5.3056,-7.5095,5.3314,0.3234,0.0000,BAM,-5.2567,-8.1525,-5.1785,-8.1525,0.0000,0.0000,0.000,0.000,0.0353,47.5,9.51,21,THU,NO_TX,360,,1,kieu=dung_yen;lan=1,1
49.1475,1790258682.242489,0.0201,0,320.50,230.50,0.795,,,-5.3044,0.0595,-7.5121,-0.1293,-5.3044,-7.5121,5.3314,0.3234,0.0000,BAM,-5.2567,-8.1525,-5.1785,-8.1525,0.0000,0.0000,0.000,0.000,0.0353,47.5,9.51,21,THU,NO_TX,360,,1,kieu=dung_yen;lan=1,1
49.1679,1790258682.262858,0.0203,1,319.00,231.25,0.777,-5.1895,-7.5700,-5.2029,1.1806,-7.5631,-0.6638,-5.2013,-7.5634,5.3314,0.3234,0.0000,BAM,-5.2567,-8.1525,-5.1785,-8.1525,0.0000,0.0000,0.000,0.000,0.0326,64.2,8.81,21,THU,NO_TX,360,,1,kieu=dung_yen;lan=1,1
49.1884,1790258682.283324,0.0205,0,319.00,231.25,0.777,,,-5.1787,1.1806,-7.5767,-0.6638,-5.1775,-7.5769,5.3314,0.3234,0.0000,BAM,-5.2567,-8.1525,-5.1785,-8.1525,0.0000,0.0000,0.000,0.000,0.0326,64.2,8.81,21,THU,NO_TX,360,,1,kieu=dung_yen;lan=1,1
49.2087,1790258682.303616,0.0203,0,319.00,231.25,0.777,,,-5.1548,1.1806,-7.5902,-0.6638,-5.1539,-7.5903,5.3314,0.3234,0.0000,BAM,-5.2567,-8.1525,-5.1785,-8.1525,0.0000,0.0000,0.000,0.000,0.0326,64.2,8.81,21,THU,NO_TX,360,,1,kieu=dung_yen;lan=1,1
49.2291,1790258682.324129,0.0205,1,319.00,231.50,0.774,-5.1895,-7.5866,-5.1791,0.5753,-7.5897,-0.4918,-5.1789,-7.5898,5.3314,0.3234,0.0000,BAM,-5.2567,-8.1525,-5.1785,-8.1525,0.0000,0.0000,0.000,0.000,0.0115,65.7,8.56,21,THU,NO_TX,360,,1,kieu=dung_yen;lan=1,1
49.2493,1790258682.344138,0.0201,0,319.00,231.50,0.774,,,-5.1675,0.5753,-7.5996,-0.4918,-5.1674,-7.5997,5.3314,0.3234,0.0000,BAM,-5.2567,-8.1525,-5.1785,-8.1525,0.0000,0.0000,0.000,0.000,0.0115,65.7,8.56,21,THU,NO_TX,360,,1,kieu=dung_yen;lan=1,1
49.2695,1790258682.365108,0.0202,1,312.25,228.50,0.759,-4.7364,-7.3866,-4.8503,4.9654,-7.4487,1.7707,-4.7489,-7.4434,5.3314,0.3234,0.0000,BAM,-5.2567,-8.1525,-5.1785,-8.1525,0.0000,0.0000,0.000,0.000,1.0525,47.9,13.87,21,THU,NO_TX,360,,1,kieu=dung_yen;lan=1,1
49.2897,1790258682.384734,0.0203,0,312.25,228.50,0.759,,,-4.7497,4.9654,-7.4128,1.7707,-4.6737,-7.4090,5.3314,0.3234,0.0000,BAM,-5.2567,-8.1525,-5.1785,-8.1525,0.0000,0.0000,0.000,0.000,1.0525,47.9,13.87,21,THU,NO_TX,360,,1,kieu=dung_yen;lan=1,1
49.3098,1790258682.404779,0.0201,0,312.25,228.50,0.759,,,-4.6500,4.9654,-7.3773,1.7707,-4.5892,-7.3743,5.3314,0.3234,0.0000,BAM,-5.2567,-8.1525,-5.1785,-8.1525,0.0000,0.0000,0.000,0.000,1.0525,47.9,13.87,21,THU,NO_TX,360,,1,kieu=dung_yen;lan=1,1
49.3299,1790258682.424928,0.0201,1,313.75,229.75,0.763,-4.8370,-7.4699,-4.7854,1.9203,-7.4459,0.4417,-4.7782,-7.4458,5.3314,0.3234,0.0000,BAM,-5.2567,-8.1525,-5.1785,-8.1525,0.0000,0.0000,0.000,0.000,0.3069,61.1,12.01,21,THU,NO_TX,360,,1,kieu=dung_yen;lan=1,1
49.3505,1790258682.445438,0.0205,0,313.75,229.75,0.763,,,-4.7460,1.9203,-7.4368,0.4417,-4.7409,-7.4368,5.3314,0.3234,0.0000,BAM,-5.2567,-8.1525,-5.1785,-8.1525,0.0000,0.0000,0.000,0.000,0.3069,61.1,12.01,21,THU,NO_TX,360,,1,kieu=dung_yen;lan=1,1
49.3706,1790258682.465568,0.0201,0,313.75,229.75,0.763,,,-4.7074,1.9203,-7.4280,0.4417,-4.7034,-7.4279,5.3314,0.3234,0.0000,BAM,-5.2567,-8.1525,-5.1785,-8.1525,0.0000,0.0000,0.000,0.000,0.3069,61.1,12.01,21,THU,NO_TX,360,,1,kieu=dung_yen;lan=1,1
49.3906,1790258682.485595,0.0200,0,313.75,229.75,0.763,,,-4.6689,1.9203,-7.4191,0.4417,-4.6657,-7.4191,5.3314,0.3234,0.0000,BAM,-5.2567,-8.1525,-5.1785,-8.1525,0.0000,0.0000,0.000,0.000,0.3069,61.1,12.01,21,THU,NO_TX,360,,1,kieu=dung_yen;lan=1,1
49.4112,1790258682.506197,0.0206,0,313.75,229.75,0.763,,,-4.6293,1.9203,-7.4100,0.4417,-4.6266,-7.4100,5.3314,0.3234,0.0000,BAM,-5.2567,-8.1525,-5.1785,-8.1525,0.0000,0.0000,0.000,0.000,0.3069,61.1,12.01,21,THU,NO_TX,360,,1,kieu=dung_yen;lan=1,1
49.4319,1790258682.526843,0.0206,1,319.00,231.25,0.756,-5.1895,-7.5700,-5.1415,-3.4317,-7.5557,-1.0427,-5.1780,-7.5568,5.3314,0.3234,0.0000,BAM,-5.2567,-8.1525,-5.1785,-8.1525,0.0000,0.0000,0.000,0.000,0.5392,105.1,8.81,21,THU,NO_TX,360,,1,kieu=dung_yen;lan=1,1
49.4526,1790258682.547558,0.0207,1,319.00,231.50,0.768,-5.1895,-7.5866,-5.1986,-3.2352,-7.5829,-1.1188,-5.2282,-7.5842,5.3314,0.3234,0.0000,BAM,-5.2567,-8.1525,-5.1785,-8.1525,0.0000,0.0000,0.000,0.000,0.0042,17.5,8.56,21,THU,NO_TX,360,,1,kieu=dung_yen;lan=1,1
49.4727,1790258682.567733,0.0202,0,319.00,231.50,0.768,,,-5.2639,-3.2352,-7.6055,-1.1188,-5.2858,-7.6064,5.3314,0.3234,0.0000,BAM,-5.2567,-8.1525,-5.1785,-8.1525,0.0000,0.0000,0.000,0.000,0.0042,17.5,8.56,21,THU,NO_TX,360,,1,kieu=dung_yen;lan=1,1
49.4935,1790258682.588526,0.0208,0,319.00,231.50,0.768,,,-5.3312,-3.2352,-7.6287,-1.1188,-5.3484,-7.6295,5.3314,0.3234,0.0000,BAM,-5.2567,-8.1525,-5.1785,-8.1525,0.0000,0.0000,0.000,0.000,0.0042,17.5,8.56,21,THU,NO_TX,360,,1,kieu=dung_yen;lan=1,1
49.5136,1790258682.608612,0.0201,1,314.25,228.50,0.763,-4.8707,-7.3867,-4.9683,2.5818,-7.4381,1.7377,-4.9514,-7.4329,5.3314,0.3234,0.0000,BAM,-5.2567,-8.1525,-5.1785,-8.1525,0.0000,0.0000,0.000,0.000,1.1099,55.8,12.86,21,THU,NO_TX,360,,1,kieu=dung_yen;lan=1,1
49.5341,1790258682.629130,0.0205,0,314.25,228.50,0.763,,,-4.9154,2.5818,-7.4024,1.7377,-4.9033,-7.3988,5.3314,0.3234,0.0000,BAM,-5.2567,-8.1525,-5.1785,-8.1525,0.0000,0.0000,0.000,0.000,1.1099,55.8,12.86,21,THU,NO_TX,360,,1,kieu=dung_yen;lan=1,1
49.5547,1790258682.649660,0.0205,0,314.25,228.50,0.763,,,-4.8624,2.5818,-7.3668,1.7377,-4.8530,-7.3639,5.3314,0.3234,0.0000,BAM,-5.2567,-8.1525,-5.1785,-8.1525,0.0000,0.0000,0.000,0.000,1.1099,55.8,12.86,21,THU,NO_TX,360,,1,kieu=dung_yen;lan=1,1
49.5752,1790258682.670156,0.0205,1,319.75,232.00,0.783,-5.2399,-7.6199,-5.1655,-1.8666,-7.5681,-1.1764,-5.1720,-7.5698,5.3314,0.3234,0.0000,BAM,-5.2567,-8.1525,-5.1785,-8.1525,0.0000,0.0000,0.000,0.000,0.7959,67.9,8.00,21,THU,NO_TX,360,,1,kieu=dung_yen;lan=1,1
49.5957,1790258682.690703,0.0205,0,319.75,232.00,0.783,,,-5.2038,-1.8666,-7.5923,-1.1764,-5.2085,-7.5935,5.3314,0.3234,0.0000,BAM,-5.2567,-8.1525,-5.1785,-8.1525,0.0000,0.0000,0.000,0.000,0.7959,67.9,8.00,21,THU,NO_TX,360,,1,kieu=dung_yen;lan=1,1
49.6160,1790258682.711606,0.0203,1,318.75,231.75,0.777,-5.1727,-7.6032,-5.1913,-1.1517,-7.6068,-1.0466,-5.1929,-7.6079,5.3314,0.3234,0.0000,BAM,-5.2567,-8.1525,-5.1785,-8.1525,0.0000,0.0000,0.000,0.000,0.0231,43.0,8.34,21,THU,NO_TX,360,,1,kieu=dung_yen;lan=1,1
49.6365,1790258682.731488,0.0205,0,318.75,231.75,0.777,,,-5.2150,-1.1517,-7.6283,-1.0466,-5.2161,-7.6291,5.3314,0.3234,0.0000,BAM,-5.2567,-8.1525,-5.1785,-8.1525,0.0000,0.0000,0.000,0.000,0.0231,43.0,8.34,21,THU,NO_TX,360,,1,kieu=dung_yen;lan=1,1
49.6570,1790258682.751990,0.0205,0,318.75,231.75,0.777,,,-5.2386,-1.1517,-7.6497,-1.0466,-5.2394,-7.6504,5.3314,0.3234,0.0000,BAM,-5.2567,-8.1525,-5.1785,-8.1525,0.0000,0.0000,0.000,0.000,0.0231,43.0,8.34,21,THU,NO_TX,360,,1,kieu=dung_yen;lan=1,1
49.6771,1790258682.772057,0.0201,0,318.75,231.75,0.777,,,-5.2617,-1.1517,-7.6708,-1.0466,-5.2624,-7.6713,5.3314,0.3234,0.0000,BAM,-5.2567,-8.1525,-5.1785,-8.1525,0.0000,0.0000,0.000,0.000,0.0231,43.0,8.34,21,THU,NO_TX,360,,1,kieu=dung_yen;lan=1,1
49.6977,1790258682.792541,0.0206,1,320.00,230.50,0.780,-5.2567,-7.5200,-5.2600,-0.8684,-7.5412,0.6193,-5.2607,-7.5410,5.3314,0.3234,0.0000,BAM,-5.2567,-8.1525,-5.1785,-8.1525,0.0000,0.0000,0.000,0.000,0.0599,63.7,9.50,21,THU,NO_TX,360,,1,kieu=dung_yen;lan=1,1
49.7182,1790258682.813152,0.0205,0,320.00,230.50,0.780,,,-5.2778,-0.8684,-7.5285,0.6193,-5.2783,-7.5284,5.3314,0.3234,0.0000,BAM,-5.2567,-8.1525,-5.1785,-8.1525,0.0000,0.0000,0.000,0.000,0.0599,63.7,9.50,21,THU,NO_TX,360,,1,kieu=dung_yen;lan=1,1
49.7383,1790258682.833266,0.0202,0,320.00,230.50,0.780,,,-5.2953,-0.8684,-7.5160,0.6193,-5.2957,-7.5159,5.3314,0.3234,0.0000,BAM,-5.2567,-8.1525,-5.1785,-8.1525,0.0000,0.0000,0.000,0.000,0.0599,63.7,9.50,21,THU,NO_TX,360,,1,kieu=dung_yen;lan=1,1
49.7587,1790258682.853700,0.0204,1,319.50,232.00,0.774,-5.2231,-7.6199,-5.2390,0.0563,-7.5985,-0.5469,-5.2390,-7.5987,5.3314,0.3234,0.0000,BAM,-5.2567,-8.1525,-5.1785,-8.1525,0.0000,0.0000,0.000,0.000,0.0647,62.9,8.02,21,THU,NO_TX,360,,1,kieu=dung_yen;lan=1,1
49.7788,1790258682.873775,0.0201,0,319.50,232.00,0.774,,,-5.2379,0.0563,-7.6095,-0.5469,-5.2379,-7.6096,5.3314,0.3234,0.0000,BAM,-5.2567,-8.1525,-5.1785,-8.1525,0.0000,0.0000,0.000,0.000,0.0647,62.9,8.02,21,THU,NO_TX,360,,1,kieu=dung_yen;lan=1,1
49.7991,1790258682.893953,0.0203,1,319.50,231.75,0.771,-5.2231,-7.6032,-5.2268,0.1992,-7.6081,-0.3709,-5.2268,-7.6081,5.3314,0.3234,0.0000,BAM,-5.2567,-8.1525,-5.1785,-8.1525,0.0000,0.0000,0.000,0.000,0.0022,48.3,8.27,21,THU,NO_TX,360,,1,kieu=dung_yen;lan=1,1
49.8197,1790258682.914697,0.0206,0,319.50,231.75,0.771,,,-5.2227,0.1992,-7.6157,-0.3709,-5.2227,-7.6158,5.3314,0.3234,0.0000,BAM,-5.2567,-8.1525,-5.1785,-8.1525,0.0000,0.0000,0.000,0.000,0.0022,48.3,8.27,21,THU,NO_TX,360,,1,kieu=dung_yen;lan=1,1
49.8397,1790258682.934634,0.0200,0,319.50,231.75,0.771,,,-5.2187,0.1992,-7.6231,-0.3709,-5.2187,-7.6232,5.3314,0.3234,0.0000,BAM,-5.2567,-8.1525,-5.1785,-8.1525,0.0000,0.0000,0.000,0.000,0.0022,48.3,8.27,21,THU,NO_TX,360,,1,kieu=dung_yen;lan=1,1
49.8598,1790258682.954762,0.0200,1,320.00,231.50,0.776,-5.2567,-7.5866,-5.2492,-0.2459,-7.5948,0.0846,-5.2492,-7.5948,5.3314,0.3234,0.0000,BAM,-5.2567,-8.1525,-5.1785,-8.1525,0.0000,0.0000,0.000,0.000,0.0112,64.0,8.50,21,THU,NO_TX,360,,1,kieu=dung_yen;lan=1,1
49.8802,1790258682.975194,0.0204,0,320.00,231.50,0.776,,,-5.2542,-0.2459,-7.5931,0.0846,-5.2542,-7.5931,5.3314,0.3234,0.0000,BAM,-5.2567,-8.1525,-5.1785,-8.1525,0.0000,0.0000,0.000,0.000,0.0112,64.0,8.50,21,THU,NO_TX,360,,1,kieu=dung_yen;lan=1,1
49.9007,1790258682.995739,0.0205,0,320.00,231.50,0.776,,,-5.2592,-0.2459,-7.5913,0.0846,-5.2592,-7.5913,5.3314,0.3234,0.0000,BAM,-5.2567,-8.1525,-5.1785,-8.1525,0.0000,0.0000,0.000,0.000,0.0112,64.0,8.50,21,THU,NO_TX,360,,1,kieu=dung_yen;lan=1,1
49.9210,1790258683.016018,0.0203,1,313.00,228.50,0.756,-4.7868,-7.3867,-4.8707,4.6891,-7.4237,2.1313,-4.7816,-7.4143,5.3314,0.3234,0.0000,BAM,-5.2567,-8.1525,-5.1785,-8.1525,0.0000,0.0000,0.000,0.000,0.8173,46.9,13.46,21,THU,NO_TX,360,,1,kieu=dung_yen;lan=1,1
49.9416,1790258683.036576,0.0206,0,313.00,228.50,0.756,,,-4.7743,4.6891,-7.3798,2.1313,-4.7085,-7.3731,5.3314,0.3234,0.0000,BAM,-5.2567,-8.1525,-5.1785,-8.1525,0.0000,0.0000,0.000,0.000,0.8173,46.9,13.46,21,THU,NO_TX,360,,1,kieu=dung_yen;lan=1,1
49.9620,1790258683.057003,0.0204,0,313.00,228.50,0.756,,,-4.6785,4.6891,-7.3363,2.1313,-4.6263,-7.3311,5.3314,0.3234,0.0000,BAM,-5.2567,-8.1525,-5.1785,-8.1525,0.0000,0.0000,0.000,0.000,0.8173,46.9,13.46,21,THU,NO_TX,360,,1,kieu=dung_yen;lan=1,1
49.9824,1790258683.077354,0.0204,1,318.75,231.25,0.777,-5.1727,-7.5699,-5.0692,-1.4254,-7.5195,-0.6704,-5.0721,-7.5198,5.3314,0.3234,0.0000,BAM,-5.2567,-8.1525,-5.1785,-8.1525,0.0000,0.0000,0.000,0.000,1.2863,64.7,8.84,21,THU,NO_TX,360,,1,kieu=dung_yen;lan=1,1
50.0030,1790258683.097972,0.0206,0,318.75,231.25,0.777,,,-5.0985,-1.4254,-7.5332,-0.6704,-5.1006,-7.5335,5.3314,0.3234,0.0000,BAM,-5.2567,-8.1525,-5.1785,-8.1525,0.0000,0.0000,0.000,0.000,1.2863,64.7,8.84,21,THU,NO_TX,360,,1,kieu=dung_yen;lan=1,1
50.0235,1790258683.118522,0.0206,0,318.75,231.25,0.777,,,-5.1278,-1.4254,-7.5470,-0.6704,-5.1294,-7.5472,5.3314,0.3234,0.0000,BAM,-5.2567,-8.1525,-5.1785,-8.1525,0.0000,0.0000,0.000,0.000,1.2863,64.7,8.84,21,THU,NO_TX,360,,1,kieu=dung_yen;lan=1,1
50.0436,1790258683.138569,0.0200,1,318.75,231.25,0.774,-5.1727,-7.5699,-5.1698,-1.5951,-7.5682,-0.7665,-5.1739,-7.5687,5.3314,0.3234,0.0000,BAM,-5.2567,-8.1525,-5.1785,-8.1525,0.0000,0.0000,0.000,0.000,0.0011,63.6,8.84,21,THU,NO_TX,360,,1,kieu=dung_yen;lan=1,1
50.0636,1790258683.158582,0.0200,0,318.75,231.25,0.774,,,-5.2018,-1.5951,-7.5836,-0.7665,-5.2047,-7.5839,5.3314,0.3234,0.0000,BAM,-5.2567,-8.1525,-5.1785,-8.1525,0.0000,0.0000,0.000,0.000,0.0011,63.6,8.84,21,THU,NO_TX,360,,1,kieu=dung_yen;lan=1,1
50.0842,1790258683.179170,0.0206,1,320.50,230.00,0.792,-5.2902,-7.4867,-5.2752,-2.1746,-7.5180,0.3712,-5.2852,-7.5179,5.3314,0.3234,0.0000,BAM,-5.2567,-8.1525,-5.1785,-8.1525,0.0000,0.0000,0.000,0.000,0.0707,45.9,10.01,21,THU,NO_TX,360,,1,kieu=dung_yen;lan=1,1
50.1049,1790258683.199852,0.0207,0,320.50,230.00,0.792,,,-5.3202,-2.1746,-7.5103,0.3712,-5.3273,-7.5103,5.3314,0.3234,0.0000,BAM,-5.2567,-8.1525,-5.1785,-8.1525,0.0000,0.0000,0.000,0.000,0.0707,45.9,10.01,21,THU,NO_TX,360,,1,kieu=dung_yen;lan=1,1
50.1253,1790258683.220262,0.0204,0,320.50,230.00,0.792,,,-5.3646,-2.1746,-7.5027,0.3712,-5.3702,-7.5027,5.3314,0.3234,0.0000,BAM,-5.2567,-8.1525,-5.1785,-8.1525,0.0000,0.0000,0.000,0.000,0.0707,45.9,10.01,21,THU,NO_TX,360,,1,kieu=dung_yen;lan=1,1
50.1454,1790258683.240434,0.0201,1,314.00,229.00,0.757,-4.8539,-7.4200,-4.9523,3.6903,-7.4339,1.1481,-4.9054,-7.4324,5.3314,0.3234,0.0000,BAM,-5.2567,-8.1525,-5.1785,-8.1525,0.0000,0.0000,0.000,0.000,0.9669,66.5,12.53,21,THU,NO_TX,360,,1,kieu=dung_yen;lan=1,1
50.1658,1790258683.260769,0.0204,0,314.00,229.00,0.757,,,-4.8772,3.6903,-7.4105,1.1481,-4.8432,-7.4094,5.3314,0.3234,0.0000,BAM,-5.2567,-8.1525,-5.1785,-8.1525,0.0000,0.0000,0.000,0.000,0.9669,66.5,12.53,21,THU,NO_TX,360,,1,kieu=dung_yen;lan=1,1
50.1862,1790258683.281108,0.0204,0,314.00,229.00,0.757,,,-4.8020,3.6903,-7.3871,1.1481,-4.7754,-7.3863,5.3314,0.3234,0.0000,BAM,-5.2567,-8.1525,-5.1785,-8.1525,0.0000,0.0000,0.000,0.000,0.9669,66.5,12.53,21,THU,NO_TX,360,,1,kieu=dung_yen;lan=1,1
50.2062,1790258683.301033,0.0200,1,319.50,231.50,0.758,-5.2231,-7.5866,-5.1351,-1.4304,-7.5456,-1.0967,-5.1381,-7.5469,5.3314,0.3234,0.0000,BAM,-5.2567,-8.1525,-5.1785,-8.1525,0.0000,0.0000,0.000,0.000,0.9036,62.5,8.51,21,THU,NO_TX,360,,1,kieu=dung_yen;lan=1,1
50.2263,1790258683.321256,0.0201,0,319.50,231.50,0.758,,,-5.1638,-1.4304,-7.5676,-1.0967,-5.1659,-7.5685,5.3314,0.3234,0.0000,BAM,-5.2567,-8.1525,-5.1785,-8.1525,0.0000,0.0000,0.000,0.000,0.9036,62.5,8.51,21,THU,NO_TX,360,,1,kieu=dung_yen;lan=1,1
50.2465,1790258683.341500,0.0203,0,319.50,231.50,0.758,,,-5.1928,-1.4304,-7.5898,-1.0967,-5.1944,-7.5906,5.3314,0.3234,0.0000,BAM,-5.2567,-8.1525,-5.1785,-8.1525,0.0000,0.0000,0.000,0.000,0.9036,62.5,8.51,21,THU,NO_TX,360,,1,kieu=dung_yen;lan=1,1
50.2668,1790258683.361778,0.0203,1,318.50,231.50,0.779,-5.1559,-7.5866,-5.1677,-0.7462,-7.5913,-0.8388,-5.1681,-7.5919,5.3314,0.3234,0.0000,BAM,-5.2567,-8.1525,-5.1785,-8.1525,0.0000,0.0000,0.000,0.000,0.0154,47.7,8.63,21,THU,NO_TX,360,,1,kieu=dung_yen;lan=1,1
50.2870,1790258683.381943,0.0202,0,318.50,231.50,0.779,,,-5.1828,-0.7462,-7.6083,-0.8388,-5.1831,-7.6087,5.3314,0.3234,0.0000,BAM,-5.2567,-8.1525,-5.1785,-8.1525,0.0000,0.0000,0.000,0.000,0.0154,47.7,8.63,21,THU,NO_TX,360,,1,kieu=dung_yen;lan=1,1
50.3074,1790258683.402407,0.0204,0,318.50,231.50,0.779,,,-5.1980,-0.7462,-7.6254,-0.8388,-5.1982,-7.6257,5.3314,0.3234,0.0000,BAM,-5.2567,-8.1525,-5.1785,-8.1525,0.0000,0.0000,0.000,0.000,0.0154,47.7,8.63,21,THU,NO_TX,360,,1,kieu=dung_yen;lan=1,1
50.3276,1790258683.423137,0.0202,1,319.50,231.25,0.765,-5.2231,-7.5700,-5.2213,-0.8503,-7.5833,-0.1052,-5.2219,-7.5833,5.3314,0.3234,0.0000,BAM,-5.2567,-8.1525,-5.1785,-8.1525,0.0000,0.0000,0.000,0.000,0.0157,63.6,8.76,21,THU,NO_TX,360,,1,kieu=dung_yen;lan=1,1
50.3482,1790258683.443170,0.0206,0,319.50,231.25,0.765,,,-5.2388,-0.8503,-7.5854,-0.1052,-5.2392,-7.5854,5.3314,0.3234,0.0000,BAM,-5.2567,-8.1525,-5.1785,-8.1525,0.0000,0.0000,0.000,0.000,0.0157,63.6,8.76,21,THU,NO_TX,360,,1,kieu=dung_yen;lan=1,1
50.3682,1790258683.463200,0.0200,0,319.50,231.25,0.765,,,-5.2558,-0.8503,-7.5875,-0.1052,-5.2562,-7.5875,5.3314,0.3234,0.0000,BAM,-5.2567,-8.1525,-5.1785,-8.1525,0.0000,0.0000,0.000,0.000,0.0157,63.6,8.76,21,THU,NO_TX,360,,1,kieu=dung_yen;lan=1,1
50.3884,1790258683.483378,0.0202,1,319.25,231.75,0.768,-5.2063,-7.6032,-5.2181,-0.1573,-7.6007,-0.2429,-5.2181,-7.6008,5.3314,0.3234,0.0000,BAM,-5.2567,-8.1525,-5.1785,-8.1525,0.0000,0.0000,0.000,0.000,0.0143,63.7,8.28,21,THU,NO_TX,360,,1,kieu=dung_yen;lan=1,1
50.4088,1790258683.503750,0.0204,0,319.25,231.75,0.768,,,-5.2213,-0.1573,-7.6057,-0.2429,-5.2213,-7.6057,5.3314,0.3234,0.0000,BAM,-5.2567,-8.1525,-5.1785,-8.1525,0.0000,0.0000,0.000,0.000,0.0143,63.7,8.28,21,THU,NO_TX,360,,1,kieu=dung_yen;lan=1,1
50.4288,1790258683.523792,0.0200,1,318.50,231.50,0.784,-5.1559,-7.5866,-5.1745,0.5566,-7.5933,-0.0009,-5.1744,-7.5933,5.3314,0.3234,0.0000,BAM,-5.2567,-8.1525,-5.1785,-8.1525,0.0000,0.0000,0.000,0.000,0.0248,47.7,8.63,21,THU,NO_TX,360,,1,kieu=dung_yen;lan=1,1
50.4491,1790258683.544088,0.0203,0,318.50,231.50,0.784,,,-5.1632,0.5566,-7.5933,-0.0009,-5.1631,-7.5933,5.3314,0.3234,0.0000,BAM,-5.2567,-8.1525,-5.1785,-8.1525,0.0000,0.0000,0.000,0.000,0.0248,47.7,8.63,21,THU,NO_TX,360,,1,kieu=dung_yen;lan=1,1
50.4695,1790258683.564355,0.0204,0,318.50,231.50,0.784,,,-5.1519,0.5566,-7.5933,-0.0009,-5.1518,-7.5933,5.3314,0.3234,0.0000,BAM,-5.2567,-8.1525,-5.1785,-8.1525,0.0000,0.0000,0.000,0.000,0.0248,47.7,8.63,21,THU,NO_TX,360,,1,kieu=dung_yen;lan=1,1
50.4897,1790258683.584541,0.0202,0,318.50,231.50,0.784,,,-5.1407,0.5566,-7.5933,-0.0009,-5.1406,-7.5933,5.3314,0.3234,0.0000,BAM,-5.2567,-8.1525,-5.1785,-8.1525,0.0000,0.0000,0.000,0.000,0.0248,47.7,8.63,21,THU,NO_TX,360,,1,kieu=dung_yen;lan=1,1
50.5098,1790258683.604756,0.0201,1,319.50,231.00,0.767,-5.2231,-7.5533,-5.2120,-0.3686,-7.5583,0.3873,-5.2120,-7.5582,5.3314,0.3234,0.0000,BAM,-5.2567,-8.1525,-5.1785,-8.1525,0.0000,0.0000,0.000,0.000,0.0213,64.7,9.01,21,THU,NO_TX,360,,1,kieu=dung_yen;lan=1,1
50.5300,1790258683.624972,0.0202,0,319.50,231.00,0.767,,,-5.2194,-0.3686,-7.5505,0.3873,-5.2195,-7.5504,5.3314,0.3234,0.0000,BAM,-5.2567,-8.1525,-5.1785,-8.1525,0.0000,0.0000,0.000,0.000,0.0213,64.7,9.01,21,THU,NO_TX,360,,1,kieu=dung_yen;lan=1,1
50.5501,1790258683.645002,0.0201,0,319.50,231.00,0.767,,,-5.2269,-0.3686,-7.5427,0.3873,-5.2269,-7.5426,5.3314,0.3234,0.0000,BAM,-5.2567,-8.1525,-5.1785,-8.1525,0.0000,0.0000,0.000,0.000,0.0213,64.7,9.01,21,THU,NO_TX,360,,1,kieu=dung_yen;lan=1,1
50.5704,1790258683.665338,0.0203,1,318.25,231.25,0.771,-5.1391,-7.5699,-5.1561,0.6103,-7.5634,0.0356,-5.1559,-7.5634,5.3314,0.3234,0.0000,BAM,-5.2567,-8.1525,-5.1785,-8.1525,0.0000,0.0000,0.000,0.000,0.0318,64.5,8.92,21,THU,NO_TX,360,,1,kieu=dung_yen;lan=1,1
50.5909,1790258683.685900,0.0206,0,318.25,231.25,0.771,,,-5.1436,0.6103,-7.5627,0.0356,-5.1434,-7.5627,5.3314,0.3234,0.0000,BAM,-5.2567,-8.1525,-5.1785,-8.1525,0.0000,0.0000,0.000,0.000,0.0318,64.5,8.92,21,THU,NO_TX,360,,1,kieu=dung_yen;lan=1,1
50.6114,1790258683.706392,0.0205,1,319.00,231.25,0.771,-5.1895,-7.5700,-5.1739,-0.0025,-7.5678,-0.0456,-5.1739,-7.5678,5.3314,0.3234,0.0000,BAM,-5.2567,-8.1525,-5.1785,-8.1525,0.0000,0.0000,0.000,0.000,0.0162,46.8,8.81,21,THU,NO_TX,360,,1,kieu=dung_yen;lan=1,1
50.6318,1790258683.726786,0.0204,0,319.00,231.25,0.771,,,-5.1739,-0.0025,-7.5687,-0.0456,-5.1739,-7.5687,5.3314,0.3234,0.0000,BAM,-5.2567,-8.1525,-5.1785,-8.1525,0.0000,0.0000,0.000,0.000,0.0162,46.8,8.81,21,THU,NO_TX,360,,1,kieu=dung_yen;lan=1,1
50.6523,1790258683.747330,0.0205,0,319.00,231.25,0.771,,,-5.1740,-0.0025,-7.5696,-0.0456,-5.1740,-7.5696,5.3314,0.3234,0.0000,BAM,-5.2567,-8.1525,-5.1785,-8.1525,0.0000,0.0000,0.000,0.000,0.0162,46.8,8.81,21,THU,NO_TX,360,,1,kieu=dung_yen;lan=1,1
50.6729,1790258683.768484,0.0205,1,320.00,231.50,0.768,-5.2567,-7.5866,-5.2421,-0.8764,-7.5837,-0.2112,-5.2428,-7.5837,5.3314,0.3234,0.0000,BAM,-5.2567,-8.1525,-5.1785,-8.1525,0.0000,0.0000,0.000,0.000,0.0217,64.3,8.50,21,THU,NO_TX,360,,1,kieu=dung_yen;lan=1,1
50.6936,1790258683.788385,0.0207,0,320.00,231.50,0.768,,,-5.2602,-0.8764,-7.5880,-0.2112,-5.2607,-7.5880,5.3314,0.3234,0.0000,BAM,-5.2567,-8.1525,-5.1785,-8.1525,0.0000,0.0000,0.000,0.000,0.0217,64.3,8.50,21,THU,NO_TX,360,,1,kieu=dung_yen;lan=1,1
50.7138,1790258683.808750,0.0202,0,320.00,231.50,0.768,,,-5.2780,-0.8764,-7.5923,-0.2112,-5.2783,-7.5923,5.3314,0.3234,0.0000,BAM,-5.2567,-8.1525,-5.1785,-8.1525,0.0000,0.0000,0.000,0.000,0.0217,64.3,8.50,21,THU,NO_TX,360,,1,kieu=dung_yen;lan=1,1
50.7344,1790258683.829351,0.0206,1,319.50,231.50,0.767,-5.2231,-7.5866,-5.2358,-0.1232,-7.5884,-0.1099,-5.2358,-7.5884,5.3314,0.3234,0.0000,BAM,-5.2567,-8.1525,-5.1785,-8.1525,0.0000,0.0000,0.000,0.000,0.0165,64.0,8.51,21,THU,NO_TX,360,,1,kieu=dung_yen;lan=1,1
50.7551,1790258683.850049,0.0208,0,319.50,231.50,0.767,,,-5.2384,-0.1232,-7.5907,-0.1099,-5.2384,-7.5907,5.3314,0.3234,0.0000,BAM,-5.2567,-8.1525,-5.1785,-8.1525,0.0000,0.0000,0.000,0.000,0.0165,64.0,8.51,21,THU,NO_TX,360,,1,kieu=dung_yen;lan=1,1
50.7756,1790258683.870547,0.0204,0,319.50,231.50,0.767,,,-5.2409,-0.1232,-7.5930,-0.1099,-5.2409,-7.5930,5.3314,0.3234,0.0000,BAM,-5.2567,-8.1525,-5.1785,-8.1525,0.0000,0.0000,0.000,0.000,0.0165,64.0,8.51,21,THU,NO_TX,360,,1,kieu=dung_yen;lan=1,1
50.7961,1790258683.890975,0.0205,1,319.00,231.75,0.771,-5.1895,-7.6032,-5.1989,0.4357,-7.6018,-0.1911,-5.1988,-7.6018,5.3314,0.3234,0.0000,BAM,-5.2567,-8.1525,-5.1785,-8.1525,0.0000,0.0000,0.000,0.000,0.0090,47.0,8.31,21,THU,NO_TX,360,,1,kieu=dung_yen;lan=1,1
50.8167,1790258683.911729,0.0207,0,319.00,231.75,0.771,,,-5.1899,0.4357,-7.6057,-0.1911,-5.1898,-7.6057,5.3314,0.3234,0.0000,BAM,-5.2567,-8.1525,-5.1785,-8.1525,0.0000,0.0000,0.000,0.000,0.0090,47.0,8.31,21,THU,NO_TX,360,,1,kieu=dung_yen;lan=1,1
50.8371,1790258683.932127,0.0204,0,319.00,231.75,0.771,,,-5.1810,0.4357,-7.6096,-0.1911,-5.1810,-7.6096,5.3314,0.3234,0.0000,BAM,-5.2567,-8.1525,-5.1785,-8.1525,0.0000,0.0000,0.000,0.000,0.0090,47.0,8.31,21,THU,NO_TX,360,,1,kieu=dung_yen;lan=1,1
50.8574,1790258683.952412,0.0203,1,313.50,228.50,0.755,-4.8203,-7.3867,-4.8820,4.0866,-7.4279,2.1048,-4.8210,-7.4190,5.3314,0.3234,0.0000,BAM,-5.2567,-8.1525,-5.1785,-8.1525,0.0000,0.0000,0.000,0.000,0.5268,65.8,13.21,21,THU,NO_TX,360,,1,kieu=dung_yen;lan=1,1
50.8777,1790258683.972702,0.0203,0,313.50,228.50,0.755,,,-4.7990,4.0866,-7.3852,2.1048,-4.7542,-7.3787,5.3314,0.3234,0.0000,BAM,-5.2567,-8.1525,-5.1785,-8.1525,0.0000,0.0000,0.000,0.000,0.5268,65.8,13.21,21,THU,NO_TX,360,,1,kieu=dung_yen;lan=1,1
50.8981,1790258683.993058,0.0204,1,318.00,231.25,0.774,-5.1223,-7.5699,-5.0126,-0.1519,-7.5069,-0.1965,-5.0126,-7.5069,5.3314,0.3234,0.0000,BAM,-5.2567,-8.1525,-5.1785,-8.1525,0.0000,0.0000,0.000,0.000,1.0059,46.6,8.98,21,THU,NO_TX,360,,1,kieu=dung_yen;lan=1,1
50.9184,1790258684.013437,0.0203,0,318.00,231.25,0.774,,,-5.0157,-0.1519,-7.5109,-0.1965,-5.0157,-7.5109,5.3314,0.3234,0.0000,BAM,-5.2567,-8.1525,-5.1785,-8.1525,0.0000,0.0000,0.000,0.000,1.0059,46.6,8.98,21,THU,NO_TX,360,,1,kieu=dung_yen;lan=1,1
50.9388,1790258684.033823,0.0204,0,318.00,231.25,0.774,,,-5.0188,-0.1519,-7.5149,-0.1965,-5.0188,-7.5149,5.3314,0.3234,0.0000,BAM,-5.2567,-8.1525,-5.1785,-8.1525,0.0000,0.0000,0.000,0.000,1.0059,46.6,8.98,21,THU,NO_TX,360,,1,kieu=dung_yen;lan=1,1
50.9592,1790258684.054220,0.0204,1,320.00,231.00,0.762,-5.2567,-7.5533,-5.2149,-2.6355,-7.5469,-0.5516,-5.2329,-7.5471,5.3314,0.3234,0.0000,BAM,-5.2567,-8.1525,-5.1785,-8.1525,0.0000,0.0000,0.000,0.000,0.1744,63.8,9.00,21,THU,NO_TX,360,,1,kieu=dung_yen;lan=1,1
50.9794,1790258684.074391,0.0202,0,320.00,231.00,0.762,,,-5.2680,-2.6355,-7.5581,-0.5516,-5.2810,-7.5582,5.3314,0.3234,0.0000,BAM,-5.2567,-8.1525,-5.1785,-8.1525,0.0000,0.0000,0.000,0.000,0.1744,63.8,9.00,21,THU,NO_TX,360,,1,kieu=dung_yen;lan=1,1
50.9997,1790258684.094735,0.0203,0,320.00,231.00,0.762,,,-5.3216,-2.6355,-7.5693,-0.5516,-5.3317,-7.5694,5.3314,0.3234,0.0000,BAM,-5.2567,-8.1525,-5.1785,-8.1525,0.0000,0.0000,0.000,0.000,0.1744,63.8,9.00,21,THU,NO_TX,360,,1,kieu=dung_yen;lan=1,1
51.0202,1790258684.115139,0.0205,0,320.00,231.00,0.762,,,-5.3757,-2.6355,-7.5806,-0.5516,-5.3839,-7.5807,5.3314,0.3234,0.0000,BAM,-5.2567,-8.1525,-5.1785,-8.1525,0.0000,0.0000,0.000,0.000,0.1744,63.8,9.00,21,THU,NO_TX,360,,1,kieu=dung_yen;lan=1,1
51.0405,1790258684.135542,0.0203,1,319.25,231.00,0.755,-5.2063,-7.5533,-5.2325,-0.4690,-7.5580,-0.1848,-5.2326,-7.5581,5.3314,0.3234,0.0000,BAM,-5.2567,-8.1525,-5.1785,-8.1525,0.0000,0.0000,0.000,0.000,0.1045,64.2,9.03,21,THU,NO_TX,360,,1,kieu=dung_yen;lan=1,1
51.0609,1790258684.155877,0.0203,0,319.25,231.00,0.755,,,-5.2420,-0.4690,-7.5618,-0.1848,-5.2421,-7.5618,5.3314,0.3234,0.0000,BAM,-5.2567,-8.1525,-5.1785,-8.1525,0.0000,0.0000,0.000,0.000,0.1045,64.2,9.03,21,THU,NO_TX,360,,1,kieu=dung_yen;lan=1,1
51.0813,1790258684.176297,0.0204,1,320.00,231.75,0.771,-5.2567,-7.6032,-5.2553,-0.5209,-7.5929,-0.5582,-5.2554,-7.5930,5.3314,0.3234,0.0000,BAM,-5.2567,-8.1525,-5.1785,-8.1525,0.0000,0.0000,0.000,0.000,0.0064,48.1,8.25,21,THU,NO_TX,360,,1,kieu=dung_yen;lan=1,1
51.1015,1790258684.196460,0.0202,0,320.00,231.75,0.771,,,-5.2658,-0.5209,-7.6041,-0.5582,-5.2659,-7.6042,5.3314,0.3234,0.0000,BAM,-5.2567,-8.1525,-5.1785,-8.1525,0.0000,0.0000,0.000,0.000,0.0064,48.1,8.25,21,THU,NO_TX,360,,1,kieu=dung_yen;lan=1,1
51.1221,1790258684.217036,0.0206,0,320.00,231.75,0.771,,,-5.2765,-0.5209,-7.6156,-0.5582,-5.2766,-7.6157,5.3314,0.3234,0.0000,BAM,-5.2567,-8.1525,-5.1785,-8.1525,0.0000,0.0000,0.000,0.000,0.0064,48.1,8.25,21,THU,NO_TX,360,,1,kieu=dung_yen;lan=1,1
51.1426,1790258684.237602,0.0206,1,319.50,230.50,0.787,-5.2231,-7.5200,-5.2344,0.1614,-7.5397,0.5536,-5.2344,-7.5395,5.3314,0.3234,0.0000,BAM,-5.2567,-8.1525,-5.1785,-8.1525,0.0000,0.0000,0.000,0.000,0.0462,62.7,9.51,21,THU,NO_TX,360,,1,kieu=dung_yen;lan=1,1
51.1630,1790258684.258002,0.0204,0,319.50,230.50,0.787,,,-5.2311,0.1614,-7.5284,0.5536,-5.2311,-7.5283,5.3314,0.3234,0.0000,BAM,-5.2567,-8.1525,-5.1785,-8.1525,0.0000,0.0000,0.000,0.000,0.0462,62.7,9.51,21,THU,NO_TX,360,,1,kieu=dung_yen;lan=1,1
51.1832,1790258684.278188,0.0202,0,319.50,230.50,0.787,,,-5.2278,0.1614,-7.5172,0.5536,-5.2278,-7.5171,5.3314,0.3234,0.0000,BAM,-5.2567,-8.1525,-5.1785,-8.1525,0.0000,0.0000,0.000,0.000,0.0462,62.7,9.51,21,THU,NO_TX,360,,1,kieu=dung_yen;lan=1,1
51.2038,1790258684.298765,0.0206,1,313.00,229.25,0.765,-4.7867,-7.4366,-4.8636,4.6902,-7.4492,1.2525,-4.7745,-7.4472,5.3314,0.3234,0.0000,BAM,-5.2567,-8.1525,-5.1785,-8.1525,0.0000,0.0000,0.000,0.000,0.5996,63.8,12.83,21,THU,NO_TX,360,,1,kieu=dung_yen;lan=1,1
51.2239,1790258684.318857,0.0201,0,313.00,229.25,0.765,,,-4.7694,4.6902,-7.4240,1.2525,-4.7032,-7.4226,5.3314,0.3234,0.0000,BAM,-5.2567,-8.1525,-5.1785,-8.1525,0.0000,0.0000,0.000,0.000,0.5996,63.8,12.83,21,THU,NO_TX,360,,1,kieu=dung_yen;lan=1,1
51.2440,1790258684.338978,0.0201,0,313.00,229.25,0.765,,,-4.6750,4.6902,-7.3988,1.2525,-4.6223,-7.3977,5.3314,0.3234,0.0000,BAM,-5.2567,-8.1525,-5.1785,-8.1525,0.0000,0.0000,0.000,0.000,0.5996,63.8,12.83,21,THU,NO_TX,360,,1,kieu=dung_yen;lan=1,1
51.2644,1790258684.359358,0.0204,1,319.25,231.25,0.760,-5.2063,-7.5700,-5.0945,-1.8193,-7.5336,-0.7387,-5.1005,-7.5340,5.3314,0.3234,0.0000,BAM,-5.2567,-8.1525,-5.1785,-8.1525,0.0000,0.0000,0.000,0.000,1.3343,50.3,8.78,21,THU,NO_TX,360,,1,kieu=dung_yen;lan=1,1
51.2847,1790258684.379655,0.0204,0,319.25,231.25,0.760,,,-5.1315,-1.8193,-7.5486,-0.7387,-5.1358,-7.5489,5.3314,0.3234,0.0000,BAM,-5.2567,-8.1525,-5.1785,-8.1525,0.0000,0.0000,0.000,0.000,1.3343,50.3,8.78,21,THU,NO_TX,360,,1,kieu=dung_yen;lan=1,1
51.3053,1790258684.400308,0.0206,0,319.25,231.25,0.760,,,-5.1690,-1.8193,-7.5638,-0.7387,-5.1724,-7.5641,5.3314,0.3234,0.0000,BAM,-5.2567,-8.1525,-5.1785,-8.1525,0.0000,0.0000,0.000,0.000,1.3343,50.3,8.78,21,THU,NO_TX,360,,1,kieu=dung_yen;lan=1,1
51.3260,1790258684.420914,0.0206,1,320.00,231.00,0.780,-5.2567,-7.5533,-5.2479,-2.3394,-7.5580,-0.4781,-5.2605,-7.5581,5.3314,0.3234,0.0000,BAM,-5.2567,-8.1525,-5.1785,-8.1525,0.0000,0.0000,0.000,0.000,0.0095,60.8,9.00,21,THU,NO_TX,360,,1,kieu=dung_yen;lan=1,1
51.3461,1790258684.441110,0.0202,0,320.00,231.00,0.780,,,-5.2951,-2.3394,-7.5676,-0.4781,-5.3041,-7.5677,5.3314,0.3234,0.0000,BAM,-5.2567,-8.1525,-5.1785,-8.1525,0.0000,0.0000,0.000,0.000,0.0095,60.8,9.00,21,THU,NO_TX,360,,1,kieu=dung_yen;lan=1,1
51.3669,1790258684.461706,0.0207,0,320.00,231.00,0.780,,,-5.3436,-2.3394,-7.5775,-0.4781,-5.3506,-7.5776,5.3314,0.3234,0.0000,BAM,-5.2567,-8.1525,-5.1785,-8.1525,0.0000,0.0000,0.000,0.000,0.0095,60.8,9.00,21,THU,NO_TX,360,,1,kieu=dung_yen;lan=1,1
51.3869,1790258684.481886,0.0200,1,319.00,231.25,0.769,-5.1895,-7.5700,-5.2250,-0.2526,-7.5731,-0.3044,-5.2250,-7.5731,5.3314,0.3234,0.0000,BAM,-5.2567,-8.1525,-5.1785,-8.1525,0.0000,0.0000,0.000,0.000,0.1250,65.2,8.81,21,THU,NO_TX,360,,1,kieu=dung_yen;lan=1,1
51.4074,1790258684.502399,0.0205,0,319.00,231.25,0.769,,,-5.2302,-0.2526,-7.5793,-0.3044,-5.2302,-7.5794,5.3314,0.3234,0.0000,BAM,-5.2567,-8.1525,-5.1785,-8.1525,0.0000,0.0000,0.000,0.000,0.1250,65.2,8.81,21,THU,NO_TX,360,,1,kieu=dung_yen;lan=1,1
51.4278,1790258684.522770,0.0203,1,319.75,231.50,0.773,-5.2399,-7.5866,-5.2386,-0.3001,-7.5863,-0.3151,-5.2387,-7.5863,5.3314,0.3234,0.0000,BAM,-5.2567,-8.1525,-5.1785,-8.1525,0.0000,0.0000,0.000,0.000,0.0001,49.2,8.50,21,THU,NO_TX,360,,1,kieu=dung_yen;lan=1,1
51.4482,1790258684.543194,0.0205,0,319.75,231.50,0.773,,,-5.2448,-0.3001,-7.5927,-0.3151,-5.2448,-7.5928,5.3314,0.3234,0.0000,BAM,-5.2567,-8.1525,-5.1785,-8.1525,0.0000,0.0000,0.000,0.000,0.0001,49.2,8.50,21,THU,NO_TX,360,,1,kieu=dung_yen;lan=1,1
51.4685,1790258684.563508,0.0203,0,319.75,231.50,0.773,,,-5.2509,-0.3001,-7.5991,-0.3151,-5.2509,-7.5992,5.3314,0.3234,0.0000,BAM,-5.2567,-8.1525,-5.1785,-8.1525,0.0000,0.0000,0.000,0.000,0.0001,49.2,8.50,21,THU,NO_TX,360,,1,kieu=dung_yen;lan=1,1
51.4890,1790258684.583961,0.0205,1,319.75,231.25,0.763,-5.2399,-7.5700,-5.2429,-0.1188,-7.5765,0.0528,-5.2429,-7.5765,5.3314,0.3234,0.0000,BAM,-5.2567,-8.1525,-5.1785,-8.1525,0.0000,0.0000,0.000,0.000,0.0047,61.5,8.75,21,THU,NO_TX,360,,1,kieu=dung_yen;lan=1,1
51.5097,1790258684.604648,0.0207,0,319.75,231.25,0.763,,,-5.2454,-0.1188,-7.5755,0.0528,-5.2454,-7.5754,5.3314,0.3234,0.0000,BAM,-5.2567,-8.1525,-5.1785,-8.1525,0.0000,0.0000,0.000,0.000,0.0047,61.5,8.75,21,THU,NO_TX,360,,1,kieu=dung_yen;lan=1,1
51.5302,1790258684.625173,0.0205,0,319.75,231.25,0.763,,,-5.2478,-0.1188,-7.5744,0.0528,-5.2478,-7.5744,5.3314,0.3234,0.0000,BAM,-5.2567,-8.1525,-5.1785,-8.1525,0.0000,0.0000,0.000,0.000,0.0047,61.5,8.75,21,THU,NO_TX,360,,1,kieu=dung_yen;lan=1,1
51.5504,1790258684.645923,0.0202,1,320.00,231.75,0.764,-5.2567,-7.6032,-5.2555,-0.1854,-7.5978,-0.2490,-5.2555,-7.5978,5.3314,0.3234,0.0000,BAM,-5.2567,-8.1525,-5.1785,-8.1525,0.0000,0.0000,0.000,0.000,0.0027,64.1,8.25,21,THU,NO_TX,360,,1,kieu=dung_yen;lan=1,1
51.5708,1790258684.665789,0.0204,0,320.00,231.75,0.764,,,-5.2593,-0.1854,-7.6029,-0.2490,-5.2593,-7.6029,5.3314,0.3234,0.0000,BAM,-5.2567,-8.1525,-5.1785,-8.1525,0.0000,0.0000,0.000,0.000,0.0027,64.1,8.25,21,THU,NO_TX,360,,1,kieu=dung_yen;lan=1,1
51.5908,1790258684.685795,0.0200,0,320.00,231.75,0.764,,,-5.2630,-0.1854,-7.6079,-0.2490,-5.2630,-7.6079,5.3314,0.3234,0.0000,BAM,-5.2567,-8.1525,-5.1785,-8.1525,0.0000,0.0000,0.000,0.000,0.0027,64.1,8.25,21,THU,NO_TX,360,,1,kieu=dung_yen;lan=1,1
51.6108,1790258684.705799,0.0200,1,319.25,231.50,0.765,-5.2063,-7.5866,-5.2171,0.4424,-7.5915,0.0167,-5.2170,-7.5915,5.3314,0.3234,0.0000,BAM,-5.2567,-8.1525,-5.1785,-8.1525,0.0000,0.0000,0.000,0.000,0.0134,48.7,8.53,21,THU,NO_TX,360,,1,kieu=dung_yen;lan=1,1
51.6313,1790258684.726262,0.0205,0,319.25,231.50,0.765,,,-5.2081,0.4424,-7.5911,0.0167,-5.2080,-7.5911,5.3314,0.3234,0.0000,BAM,-5.2567,-8.1525,-5.1785,-8.1525,0.0000,0.0000,0.000,0.000,0.0134,48.7,8.53,21,THU,NO_TX,360,,1,kieu=dung_yen;lan=1,1
51.6513,1790258684.746273,0.0200,0,319.25,231.50,0.765,,,-5.1992,0.4424,-7.5908,0.0167,-5.1992,-7.5908,5.3314,0.3234,0.0000,BAM,-5.2567,-8.1525,-5.1785,-8.1525,0.0000,0.0000,0.000,0.000,0.0134,48.7,8.53,21,THU,NO_TX,360,,1,kieu=dung_yen;lan=1,1
51.6716,1790258684.766607,0.0203,1,313.50,228.75,0.761,-4.8203,-7.4033,-4.8858,4.2878,-7.4377,1.9143,-4.8162,-7.4309,5.3314,0.3234,0.0000,BAM,-5.2567,-8.1525,-5.1785,-8.1525,0.0000,0.0000,0.000,0.000,0.5246,63.5,12.99,21,THU,NO_TX,360,,1,kieu=dung_yen;lan=1,1
51.6920,1790258684.786927,0.0203,0,313.50,228.75,0.761,,,-4.7986,4.2878,-7.3988,1.9143,-4.7473,-7.3939,5.3314,0.3234,0.0000,BAM,-5.2567,-8.1525,-5.1785,-8.1525,0.0000,0.0000,0.000,0.000,0.5246,63.5,12.99,21,THU,NO_TX,360,,1,kieu=dung_yen;lan=1,1
51.7124,1790258684.807406,0.0205,1,319.50,231.25,0.761,-5.2231,-7.5700,-5.0851,-1.0512,-7.5118,-0.2124,-5.0863,-7.5118,5.3314,0.3234,0.0000,BAM,-5.2567,-8.1525,-5.1785,-8.1525,0.0000,0.0000,0.000,0.000,1.4253,46.7,8.76,21,THU,NO_TX,360,,1,kieu=dung_yen;lan=1,1
51.7328,1790258684.827783,0.0204,0,319.50,231.25,0.761,,,-5.1065,-1.0512,-7.5162,-0.2124,-5.1074,-7.5162,5.3314,0.3234,0.0000,BAM,-5.2567,-8.1525,-5.1785,-8.1525,0.0000,0.0000,0.000,0.000,1.4253,46.7,8.76,21,THU,NO_TX,360,,1,kieu=dung_yen;lan=1,1
51.7534,1790258684.848382,0.0206,0,319.50,231.25,0.761,,,-5.1282,-1.0512,-7.5205,-0.2124,-5.1288,-7.5205,5.3314,0.3234,0.0000,BAM,-5.2567,-8.1525,-5.1785,-8.1525,0.0000,0.0000,0.000,0.000,1.4253,46.7,8.76,21,THU,NO_TX,360,,1,kieu=dung_yen;lan=1,1
51.7735,1790258684.868424,0.0201,0,319.50,231.25,0.761,,,-5.1494,-1.0512,-7.5248,-0.2124,-5.1499,-7.5248,5.3314,0.3234,0.0000,BAM,-5.2567,-8.1525,-5.1785,-8.1525,0.0000,0.0000,0.000,0.000,1.4253,46.7,8.76,21,THU,NO_TX,360,,1,kieu=dung_yen;lan=1,1
51.7937,1790258684.888688,0.0202,1,312.75,229.00,0.767,-4.7700,-7.4199,-4.8172,2.9018,-7.4334,0.8448,-4.7935,-7.4328,5.3314,0.3234,0.0000,BAM,-5.2567,-8.1525,-5.1785,-8.1525,0.0000,0.0000,0.000,0.000,0.3526,65.7,13.17,21,THU,NO_TX,360,,1,kieu=dung_yen;lan=1,1
51.8145,1790258684.909529,0.0209,0,312.75,229.00,0.767,,,-4.7566,2.9018,-7.4158,0.8448,-4.7398,-7.4154,5.3314,0.3234,0.0000,BAM,-5.2567,-8.1525,-5.1785,-8.1525,0.0000,0.0000,0.000,0.000,0.3526,65.7,13.17,21,THU,NO_TX,360,,1,kieu=dung_yen;lan=1,1
51.8350,1790258684.929979,0.0204,0,312.75,229.00,0.767,,,-4.6973,2.9018,-7.3985,0.8448,-4.6842,-7.3982,5.3314,0.3234,0.0000,BAM,-5.2567,-8.1525,-5.1785,-8.1525,0.0000,0.0000,0.000,0.000,0.3526,65.7,13.17,21,THU,NO_TX,360,,1,kieu=dung_yen;lan=1,1
51.8553,1790258684.950217,0.0203,1,319.75,231.00,0.770,-5.2399,-7.5533,-5.1346,-3.2742,-7.5221,-0.8751,-5.1669,-7.5228,5.3314,0.3234,0.0000,BAM,-5.2567,-8.1525,-5.1785,-8.1525,0.0000,0.0000,0.000,0.000,1.1880,64.2,9.00,21,THU,NO_TX,360,,1,kieu=dung_yen;lan=1,1
51.8758,1790258684.970768,0.0205,0,319.75,231.00,0.770,,,-5.2017,-3.2742,-7.5400,-0.8751,-5.2252,-7.5405,5.3314,0.3234,0.0000,BAM,-5.2567,-8.1525,-5.1785,-8.1525,0.0000,0.0000,0.000,0.000,1.1880,64.2,9.00,21,THU,NO_TX,360,,1,kieu=dung_yen;lan=1,1
51.8959,1790258684.990768,0.0201,1,319.50,231.75,0.772,-5.2231,-7.6032,-5.2351,-2.8091,-7.5906,-1.3380,-5.2559,-7.5929,5.3314,0.3234,0.0000,BAM,-5.2567,-8.1525,-5.1785,-8.1525,0.0000,0.0000,0.000,0.000,0.0185,46.7,8.27,21,THU,NO_TX,360,,1,kieu=dung_yen;lan=1,1
51.9160,1790258685.010835,0.0201,0,319.50,231.75,0.772,,,-5.2915,-2.8091,-7.6175,-1.3380,-5.3066,-7.6191,5.3314,0.3234,0.0000,BAM,-5.2567,-8.1525,-5.1785,-8.1525,0.0000,0.0000,0.000,0.000,0.0185,46.7,8.27,21,THU,NO_TX,360,,1,kieu=dung_yen;lan=1,1
51.9363,1790258685.031243,0.0203,0,319.50,231.75,0.772,,,-5.3485,-2.8091,-7.6446,-1.3380,-5.3604,-7.6459,5.3314,0.3234,0.0000,BAM,-5.2567,-8.1525,-5.1785,-8.1525,0.0000,0.0000,0.000,0.000,0.0185,46.7,8.27,21,THU,NO_TX,360,,1,kieu=dung_yen;lan=1,1
51.9568,1790258685.051754,0.0205,1,320.25,230.50,0.787,-5.2735,-7.5200,-5.2971,-1.4023,-7.5482,0.2360,-5.2999,-7.5482,5.3314,0.3234,0.0000,BAM,-5.2567,-8.1525,-5.1785,-8.1525,0.0000,0.0000,0.000,0.000,0.1230,63.9,9.50,21,THU,NO_TX,360,,1,kieu=dung_yen;lan=1,1
51.9774,1790258685.072332,0.0206,0,320.25,230.50,0.787,,,-5.3259,-1.4023,-7.5433,0.2360,-5.3279,-7.5433,5.3314,0.3234,0.0000,BAM,-5.2567,-8.1525,-5.1785,-8.1525,0.0000,0.0000,0.000,0.000,0.1230,63.9,9.50,21,THU,NO_TX,360,,1,kieu=dung_yen;lan=1,1
51.9979,1790258685.092879,0.0205,0,320.25,230.50,0.787,,,-5.3547,-1.4023,-7.5385,0.2360,-5.3563,-7.5385,5.3314,0.3234,0.0000,BAM,-5.2567,-8.1525,-5.1785,-8.1525,0.0000,0.0000,0.000,0.000,0.1230,63.9,9.50,21,THU,NO_TX,360,,1,kieu=dung_yen;lan=1,1
52.0185,1790258685.113503,0.0206,1,320.25,230.00,0.769,-5.2735,-7.4867,-5.2926,-0.2646,-7.4952,0.7084,-5.2927,-7.4949,5.3314,0.3234,0.0000,BAM,-5.2567,-8.1525,-5.1785,-8.1525,0.0000,0.0000,0.000,0.000,0.0431,64.4,10.00,21,THU,NO_TX,360,,1,kieu=dung_yen;lan=1,1
52.0393,1790258685.134233,0.0207,0,320.25,230.00,0.769,,,-5.2981,-0.2646,-7.4805,0.7084,-5.2981,-7.4803,5.3314,0.3234,0.0000,BAM,-5.2567,-8.1525,-5.1785,-8.1525,0.0000,0.0000,0.000,0.000,0.0431,64.4,10.00,21,THU,NO_TX,360,,1,kieu=dung_yen;lan=1,1
52.0595,1790258685.154429,0.0202,0,320.25,230.00,0.769,,,-5.3035,-0.2646,-7.4662,0.7084,-5.3035,-7.4660,5.3314,0.3234,0.0000,BAM,-5.2567,-8.1525,-5.1785,-8.1525,0.0000,0.0000,0.000,0.000,0.0431,64.4,10.00,21,THU,NO_TX,360,,1,kieu=dung_yen;lan=1,1
52.0796,1790258685.174548,0.0201,1,313.50,228.75,0.764,-4.8203,-7.4033,-4.9067,4.8016,-7.4123,1.2005,-4.8123,-7.4105,5.3314,0.3234,0.0000,BAM,-5.2567,-8.1525,-5.1785,-8.1525,0.0000,0.0000,0.000,0.000,0.7410,47.8,12.99,21,THU,NO_TX,360,,1,kieu=dung_yen;lan=1,1
52.1001,1790258685.195099,0.0206,0,313.50,228.75,0.764,,,-4.8079,4.8016,-7.3876,1.2005,-4.7380,-7.3863,5.3314,0.3234,0.0000,BAM,-5.2567,-8.1525,-5.1785,-8.1525,0.0000,0.0000,0.000,0.000,0.7410,47.8,12.99,21,THU,NO_TX,360,,1,kieu=dung_yen;lan=1,1
52.1205,1790258685.215445,0.0204,0,313.50,228.75,0.764,,,-4.7101,4.8016,-7.3631,1.2005,-4.6545,-7.3622,5.3314,0.3234,0.0000,BAM,-5.2567,-8.1525,-5.1785,-8.1525,0.0000,0.0000,0.000,0.000,0.7410,47.8,12.99,21,THU,NO_TX,360,,1,kieu=dung_yen;lan=1,1
52.1408,1790258685.236220,0.0203,1,318.50,231.50,0.761,-5.1559,-7.5866,-5.0606,-0.8400,-7.5414,-1.3099,-5.0612,-7.5436,5.3314,0.3234,0.0000,BAM,-5.2567,-8.1525,-5.1785,-8.1525,0.0000,0.0000,0.000,0.000,1.0805,62.6,8.63,21,THU,NO_TX,360,,1,kieu=dung_yen;lan=1,1
52.1610,1790258685.255915,0.0202,0,318.50,231.50,0.761,,,-5.0775,-0.8400,-7.5678,-1.3099,-5.0779,-7.5694,5.3314,0.3234,0.0000,BAM,-5.2567,-8.1525,-5.1785,-8.1525,0.0000,0.0000,0.000,0.000,1.0805,62.6,8.63,21,THU,NO_TX,360,,1,kieu=dung_yen;lan=1,1
52.1815,1790258685.276489,0.0206,0,318.50,231.50,0.761,,,-5.0948,-0.8400,-7.5948,-1.3099,-5.0951,-7.5960,5.3314,0.3234,0.0000,BAM,-5.2567,-8.1525,-5.1785,-8.1525,0.0000,0.0000,0.000,0.000,1.0805,62.6,8.63,21,THU,NO_TX,360,,1,kieu=dung_yen;lan=1,1
52.2017,1790258685.297217,0.0202,1,319.25,231.50,0.767,-5.2063,-7.5866,-5.1896,-1.8221,-7.5929,-0.9591,-5.1956,-7.5938,5.3314,0.3234,0.0000,BAM,-5.2567,-8.1525,-5.1785,-8.1525,0.0000,0.0000,0.000,0.000,0.0310,64.3,8.53,21,THU,NO_TX,360,,1,kieu=dung_yen;lan=1,1
52.2224,1790258685.317418,0.0207,0,319.25,231.50,0.767,,,-5.2273,-1.8221,-7.6128,-0.9591,-5.2316,-7.6134,5.3314,0.3234,0.0000,BAM,-5.2567,-8.1525,-5.1785,-8.1525,0.0000,0.0000,0.000,0.000,0.0310,64.3,8.53,21,THU,NO_TX,360,,1,kieu=dung_yen;lan=1,1
52.2428,1790258685.337764,0.0204,1,313.00,228.50,0.760,-4.7868,-7.3867,-4.9147,3.1608,-7.4541,1.5271,-4.8852,-7.4507,5.3314,0.3234,0.0000,BAM,-5.2567,-8.1525,-5.1785,-8.1525,0.0000,0.0000,0.000,0.000,1.3281,48.6,13.46,21,THU,NO_TX,360,,1,kieu=dung_yen;lan=1,1
52.2633,1790258685.358276,0.0205,0,313.00,228.50,0.760,,,-4.8499,3.1608,-7.4229,1.5271,-4.8286,-7.4204,5.3314,0.3234,0.0000,BAM,-5.2567,-8.1525,-5.1785,-8.1525,0.0000,0.0000,0.000,0.000,1.3281,48.6,13.46,21,THU,NO_TX,360,,1,kieu=dung_yen;lan=1,1
52.2839,1790258685.378938,0.0207,0,313.00,228.50,0.760,,,-4.7846,3.1608,-7.3913,1.5271,-4.7679,-7.3894,5.3314,0.3234,0.0000,BAM,-5.2567,-8.1525,-5.1785,-8.1525,0.0000,0.0000,0.000,0.000,1.3281,48.6,13.46,21,THU,NO_TX,360,,1,kieu=dung_yen;lan=1,1
52.3045,1790258685.399458,0.0205,1,313.75,229.00,0.758,-4.8371,-7.4200,-4.8165,1.9220,-7.4090,0.9085,-4.8093,-7.4082,5.3314,0.3234,0.0000,BAM,-5.2567,-8.1525,-5.1785,-8.1525,0.0000,0.0000,0.000,0.000,0.0527,63.0,12.65,21,THU,NO_TX,360,,1,kieu=dung_yen;lan=1,1
52.3247,1790258685.419677,0.0202,0,313.75,229.00,0.758,,,-4.7776,1.9220,-7.3906,0.9085,-4.7725,-7.3901,5.3314,0.3234,0.0000,BAM,-5.2567,-8.1525,-5.1785,-8.1525,0.0000,0.0000,0.000,0.000,0.0527,63.0,12.65,21,THU,NO_TX,360,,1,kieu=dung_yen;lan=1,1
52.3452,1790258685.440177,0.0205,0,313.75,229.00,0.758,,,-4.7381,1.9220,-7.3720,0.9085,-4.7342,-7.3716,5.3314,0.3234,0.0000,BAM,-5.2567,-8.1525,-5.1785,-8.1525,0.0000,0.0000,0.000,0.000,0.0527,63.0,12.65,21,THU,NO_TX,360,,1,kieu=dung_yen;lan=1,1
52.3654,1790258685.460435,0.0202,1,319.25,231.50,0.767,-5.2063,-7.5866,-5.1166,-3.3203,-7.5438,-1.4412,-5.1510,-7.5468,5.3314,0.3234,0.0000,BAM,-5.2567,-8.1525,-5.1785,-8.1525,0.0000,0.0000,0.000,0.000,0.9509,63.5,8.53,21,THU,NO_TX,360,,1,kieu=dung_yen;lan=1,1
52.3858,1790258685.480794,0.0204,0,319.25,231.50,0.767,,,-5.1842,-3.3203,-7.5732,-1.4412,-5.2091,-7.5753,5.3314,0.3234,0.0000,BAM,-5.2567,-8.1525,-5.1785,-8.1525,0.0000,0.0000,0.000,0.000,0.9509,63.5,8.53,21,THU,NO_TX,360,,1,kieu=dung_yen;lan=1,1
52.4064,1790258685.501308,0.0206,0,319.25,231.50,0.767,,,-5.2525,-3.3203,-7.6028,-1.4412,-5.2720,-7.6045,5.3314,0.3234,0.0000,BAM,-5.2567,-8.1525,-5.1785,-8.1525,0.0000,0.0000,0.000,0.000,0.9509,63.5,8.53,21,THU,NO_TX,360,,1,kieu=dung_yen;lan=1,1
52.4265,1790258685.521537,0.0202,1,319.25,231.50,0.759,-5.2063,-7.5866,-5.2263,-2.1456,-7.5949,-0.9826,-5.2360,-7.5958,5.3314,0.3234,0.0000,BAM,-5.2567,-8.1525,-5.1785,-8.1525,0.0000,0.0000,0.000,0.000,0.0454,48.5,8.53,21,THU,NO_TX,360,,1,kieu=dung_yen;lan=1,1
52.4473,1790258685.542147,0.0208,0,319.25,231.50,0.759,,,-5.2708,-2.1456,-7.6153,-0.9826,-5.2777,-7.6160,5.3314,0.3234,0.0000,BAM,-5.2567,-8.1525,-5.1785,-8.1525,0.0000,0.0000,0.000,0.000,0.0454,48.5,8.53,21,THU,NO_TX,360,,1,kieu=dung_yen;lan=1,1
52.4675,1790258685.562483,0.0202,0,319.25,231.50,0.759,,,-5.3141,-2.1456,-7.6351,-0.9826,-5.3195,-7.6357,5.3314,0.3234,0.0000,BAM,-5.2567,-8.1525,-5.1785,-8.1525,0.0000,0.0000,0.000,0.000,0.0454,48.5,8.53,21,THU,NO_TX,360,,1,kieu=dung_yen;lan=1,1
52.4884,1790258685.583419,0.0209,1,318.75,231.00,0.770,-5.1727,-7.5533,-5.2050,-0.2141,-7.5717,0.0530,-5.2050,-7.5717,5.3314,0.3234,0.0000,BAM,-5.2567,-8.1525,-5.1785,-8.1525,0.0000,0.0000,0.000,0.000,0.1348,64.8,9.09,21,THU,NO_TX,360,,1,kieu=dung_yen;lan=1,1
52.5090,1790258685.604036,0.0206,0,318.75,231.00,0.770,,,-5.2094,-0.2141,-7.5706,0.0530,-5.2094,-7.5706,5.3314,0.3234,0.0000,BAM,-5.2567,-8.1525,-5.1785,-8.1525,0.0000,0.0000,0.000,0.000,0.1348,64.8,9.09,21,THU,NO_TX,360,,1,kieu=dung_yen;lan=1,1
52.5292,1790258685.624184,0.0201,0,318.75,231.00,0.770,,,-5.2137,-0.2141,-7.5696,0.0530,-5.2137,-7.5696,5.3314,0.3234,0.0000,BAM,-5.2567,-8.1525,-5.1785,-8.1525,0.0000,0.0000,0.000,0.000,0.1348,64.8,9.09,21,THU,NO_TX,360,,1,kieu=dung_yen;lan=1,1
52.5495,1790258685.644454,0.0203,1,312.75,229.00,0.753,-4.7700,-7.4199,-4.8489,4.4372,-7.4471,1.5572,-4.7726,-7.4434,5.3314,0.3234,0.0000,BAM,-5.2567,-8.1525,-5.1785,-8.1525,0.0000,0.0000,0.000,0.000,0.6802,62.3,13.17,21,THU,NO_TX,360,,1,kieu=dung_yen;lan=1,1
52.5698,1790258685.664771,0.0203,0,312.75,229.00,0.753,,,-4.7588,4.4372,-7.4155,1.5572,-4.7024,-7.4128,5.3314,0.3234,0.0000,BAM,-5.2567,-8.1525,-5.1785,-8.1525,0.0000,0.0000,0.000,0.000,0.6802,62.3,13.17,21,THU,NO_TX,360,,1,kieu=dung_yen;lan=1,1
52.5898,1790258685.684817,0.0200,1,319.00,231.25,0.758,-5.1895,-7.5700,-5.0482,-0.9741,-7.5182,-0.3183,-5.0492,-7.5182,5.3314,0.3234,0.0000,BAM,-5.2567,-8.1525,-5.1785,-8.1525,0.0000,0.0000,0.000,0.000,1.4313,48.2,8.81,21,THU,NO_TX,360,,1,kieu=dung_yen;lan=1,1
52.6100,1790258685.704980,0.0202,0,319.00,231.25,0.758,,,-5.0679,-0.9741,-7.5246,-0.3183,-5.0685,-7.5246,5.3314,0.3234,0.0000,BAM,-5.2567,-8.1525,-5.1785,-8.1525,0.0000,0.0000,0.000,0.000,1.4313,48.2,8.81,21,THU,NO_TX,360,,1,kieu=dung_yen;lan=1,1
52.6302,1790258685.725166,0.0202,0,319.00,231.25,0.758,,,-5.0876,-0.9741,-7.5310,-0.3183,-5.0881,-7.5310,5.3314,0.3234,0.0000,BAM,-5.2567,-8.1525,-5.1785,-8.1525,0.0000,0.0000,0.000,0.000,1.4313,48.2,8.81,21,THU,NO_TX,360,,1,kieu=dung_yen;lan=1,1
52.6508,1790258685.745683,0.0207,0,319.00,231.25,0.758,,,-5.1077,-0.9741,-7.5376,-0.3183,-5.1081,-7.5376,5.3314,0.3234,0.0000,BAM,-5.2567,-8.1525,-5.1785,-8.1525,0.0000,0.0000,0.000,0.000,1.4313,48.2,8.81,21,THU,NO_TX,360,,1,kieu=dung_yen;lan=1,1
52.6713,1790258685.766289,0.0205,1,313.25,228.50,0.751,-4.8036,-7.3867,-4.8416,2.2225,-7.4061,1.2058,-4.8307,-7.4043,5.3314,0.3234,0.0000,BAM,-5.2567,-8.1525,-5.1785,-8.1525,0.0000,0.0000,0.000,0.000,0.2632,65.5,13.33,21,THU,NO_TX,360,,1,kieu=dung_yen;lan=1,1
52.6916,1790258685.786467,0.0203,0,313.25,228.50,0.751,,,-4.7965,2.2225,-7.3816,1.2058,-4.7887,-7.3803,5.3314,0.3234,0.0000,BAM,-5.2567,-8.1525,-5.1785,-8.1525,0.0000,0.0000,0.000,0.000,0.2632,65.5,13.33,21,THU,NO_TX,360,,1,kieu=dung_yen;lan=1,1
52.7118,1790258685.806802,0.0202,1,313.75,229.25,0.752,-4.8371,-7.4366,-4.8139,1.3512,-7.4146,0.4221,-4.8115,-7.4146,5.3314,0.3234,0.0000,BAM,-5.2567,-8.1525,-5.1785,-8.1525,0.0000,0.0000,0.000,0.000,0.0623,47.2,12.43,21,THU,NO_TX,360,,1,kieu=dung_yen;lan=1,1
52.7324,1790258685.827368,0.0206,0,313.75,229.25,0.752,,,-4.7861,1.3512,-7.4059,0.4221,-4.7844,-7.4059,5.3314,0.3234,0.0000,BAM,-5.2567,-8.1525,-5.1785,-8.1525,0.0000,0.0000,0.000,0.000,0.0623,47.2,12.43,21,THU,NO_TX,360,,1,kieu=dung_yen;lan=1,1
52.7535,1790258685.848288,0.0211,0,313.75,229.25,0.752,,,-4.7577,1.3512,-7.3970,0.4221,-4.7563,-7.3970,5.3314,0.3234,0.0000,BAM,-5.2567,-8.1525,-5.1785,-8.1525,0.0000,0.0000,0.000,0.000,0.0623,47.2,12.43,21,THU,NO_TX,360,,1,kieu=dung_yen;lan=1,1
52.7735,1790258685.868913,0.0200,1,320.00,230.50,0.777,-5.2567,-7.5200,-5.1642,-4.2334,-7.4960,-0.9401,-5.2323,-7.4968,5.3314,0.3234,0.0000,BAM,-5.2567,-8.1525,-5.1785,-8.1525,0.0000,0.0000,0.000,0.000,0.8967,64.4,9.50,21,THU,NO_TX,360,,1,kieu=dung_yen;lan=1,1
52.7940,1790258685.888895,0.0205,0,320.00,230.50,0.777,,,-5.2512,-4.2334,-7.5153,-0.9401,-5.3010,-7.5159,5.3314,0.3234,0.0000,BAM,-5.2567,-8.1525,-5.1785,-8.1525,0.0000,0.0000,0.000,0.000,0.8967,64.4,9.50,21,THU,NO_TX,360,,1,kieu=dung_yen;lan=1,1
52.8146,1790258685.909607,0.0206,0,320.00,230.50,0.777,,,-5.3385,-4.2334,-7.5347,-0.9401,-5.3777,-7.5351,5.3314,0.3234,0.0000,BAM,-5.2567,-8.1525,-5.1785,-8.1525,0.0000,0.0000,0.000,0.000,0.8967,64.4,9.50,21,THU,NO_TX,360,,1,kieu=dung_yen;lan=1,1
52.8349,1790258685.929943,0.0203,1,320.75,230.00,0.769,-5.3070,-7.4867,-5.3275,-3.0192,-7.4989,-0.2640,-5.3538,-7.4989,5.3314,0.3234,0.0000,BAM,-5.2567,-8.1525,-5.1785,-8.1525,0.0000,0.0000,0.000,0.000,0.0549,62.0,10.03,21,THU,NO_TX,360,,1,kieu=dung_yen;lan=1,1
52.8556,1790258685.950615,0.0207,0,320.75,230.00,0.769,,,-5.3900,-3.0192,-7.5043,-0.2640,-5.4088,-7.5044,5.3314,0.3234,0.0000,BAM,-5.2567,-8.1525,-5.1785,-8.1525,0.0000,0.0000,0.000,0.000,0.0549,62.0,10.03,21,THU,NO_TX,360,,1,kieu=dung_yen;lan=1,1
52.8757,1790258685.970572,0.0201,0,320.75,230.00,0.769,,,-5.4507,-3.0192,-7.5097,-0.2640,-5.4655,-7.5097,5.3314,0.3234,0.0000,BAM,-5.2567,-8.1525,-5.1785,-8.1525,0.0000,0.0000,0.000,0.000,0.0549,62.0,10.03,21,THU,NO_TX,360,,1,kieu=dung_yen;lan=1,1
52.8960,1790258685.990932,0.0202,1,319.25,231.50,0.767,-5.2063,-7.5866,-5.2603,0.1501,-7.5735,-0.9884,-5.2603,-7.5744,5.3314,0.3234,0.0000,BAM,-5.2567,-8.1525,-5.1785,-8.1525,0.0000,0.0000,0.000,0.000,0.3021,49.2,8.53,21,THU,NO_TX,360,,1,kieu=dung_yen;lan=1,1
52.9161,1790258686.011134,0.0202,0,319.25,231.50,0.767,,,-5.2572,0.1501,-7.5934,-0.9884,-5.2572,-7.5941,5.3314,0.3234,0.0000,BAM,-5.2567,-8.1525,-5.1785,-8.1525,0.0000,0.0000,0.000,0.000,0.3021,49.2,8.53,21,THU,NO_TX,360,,1,kieu=dung_yen;lan=1,1
52.9362,1790258686.030948,0.0200,0,319.25,231.50,0.767,,,-5.2542,0.1501,-7.6132,-0.9884,-5.2542,-7.6137,5.3314,0.3234,0.0000,BAM,-5.2567,-8.1525,-5.1785,-8.1525,0.0000,0.0000,0.000,0.000,0.3021,49.2,8.53,21,THU,NO_TX,360,,1,kieu=dung_yen;lan=1,1
52.9568,1790258686.051809,0.0207,1,318.50,231.50,0.771,-5.1559,-7.5866,-5.1728,1.1395,-7.5952,-0.5118,-5.1713,-7.5954,5.3314,0.3234,0.0000,BAM,-5.2567,-8.1525,-5.1785,-8.1525,0.0000,0.0000,0.000,0.000,0.0344,62.2,8.63,21,THU,NO_TX,360,,1,kieu=dung_yen;lan=1,1
52.9773,1790258686.072315,0.0205,0,318.50,231.50,0.771,,,-5.1494,1.1395,-7.6057,-0.5118,-5.1484,-7.6058,5.3314,0.3234,0.0000,BAM,-5.2567,-8.1525,-5.1785,-8.1525,0.0000,0.0000,0.000,0.000,0.0344,62.2,8.63,21,THU,NO_TX,360,,1,kieu=dung_yen;lan=1,1
52.9978,1790258686.092734,0.0205,0,318.50,231.50,0.771,,,-5.1261,1.1395,-7.6162,-0.5118,-5.1253,-7.6163,5.3314,0.3234,0.0000,BAM,-5.2567,-8.1525,-5.1785,-8.1525,0.0000,0.0000,0.000,0.000,0.0344,62.2,8.63,21,THU,NO_TX,360,,1,kieu=dung_yen;lan=1,1
53.0182,1790258686.113162,0.0204,1,319.50,231.75,0.774,-5.2231,-7.6032,-5.2020,-0.1082,-7.6075,-0.2751,-5.2020,-7.6075,5.3314,0.3234,0.0000,BAM,-5.2567,-8.1525,-5.1785,-8.1525,0.0000,0.0000,0.000,0.000,0.0456,65.9,8.27,21,THU,NO_TX,360,,1,kieu=dung_yen;lan=1,1
53.0385,1790258686.133472,0.0203,0,319.50,231.75,0.774,,,-5.2042,-0.1082,-7.6131,-0.2751,-5.2042,-7.6131,5.3314,0.3234,0.0000,BAM,-5.2567,-8.1525,-5.1785,-8.1525,0.0000,0.0000,0.000,0.000,0.0456,65.9,8.27,21,THU,NO_TX,360,,1,kieu=dung_yen;lan=1,1
53.0587,1790258686.153660,0.0202,1,319.50,231.50,0.770,-5.2231,-7.5866,-5.2186,-0.2817,-7.5955,0.0485,-5.2186,-7.5955,5.3314,0.3234,0.0000,BAM,-5.2567,-8.1525,-5.1785,-8.1525,0.0000,0.0000,0.000,0.000,0.0059,46.4,8.51,21,THU,NO_TX,360,,1,kieu=dung_yen;lan=1,1
53.0790,1790258686.173962,0.0203,0,319.50,231.50,0.770,,,-5.2243,-0.2817,-7.5945,0.0485,-5.2243,-7.5945,5.3314,0.3234,0.0000,BAM,-5.2567,-8.1525,-5.1785,-8.1525,0.0000,0.0000,0.000,0.000,0.0059,46.4,8.51,21,THU,NO_TX,360,,1,kieu=dung_yen;lan=1,1
53.0994,1790258686.194324,0.0204,0,319.50,231.50,0.770,,,-5.2300,-0.2817,-7.5935,0.0485,-5.2300,-7.5935,5.3314,0.3234,0.0000,BAM,-5.2567,-8.1525,-5.1785,-8.1525,0.0000,0.0000,0.000,0.000,0.0059,46.4,8.51,21,THU,NO_TX,360,,1,kieu=dung_yen;lan=1,1
53.1197,1790258686.214661,0.0203,1,314.50,229.00,0.759,-4.8874,-7.4200,-4.9497,3.4051,-7.4521,1.8313,-4.9122,-7.4460,5.3314,0.3234,0.0000,BAM,-5.2567,-8.1525,-5.1785,-8.1525,0.0000,0.0000,0.000,0.000,0.4656,64.7,12.30,21,THU,NO_TX,360,,1,kieu=dung_yen;lan=1,1
53.1402,1790258686.235189,0.0205,0,314.50,229.00,0.759,,,-4.8798,3.4051,-7.4145,1.8313,-4.8528,-7.4102,5.3314,0.3234,0.0000,BAM,-5.2567,-8.1525,-5.1785,-8.1525,0.0000,0.0000,0.000,0.000,0.4656,64.7,12.30,21,THU,NO_TX,360,,1,kieu=dung_yen;lan=1,1
53.1607,1790258686.255691,0.0205,0,314.50,229.00,0.759,,,-4.8100,3.4051,-7.3770,1.8313,-4.7889,-7.3736,5.3314,0.3234,0.0000,BAM,-5.2567,-8.1525,-5.1785,-8.1525,0.0000,0.0000,0.000,0.000,0.4656,64.7,12.30,21,THU,NO_TX,360,,1,kieu=dung_yen;lan=1,1
53.1808,1790258686.275772,0.0201,0,314.50,229.00,0.759,,,-4.7416,3.4051,-7.3402,1.8313,-4.7242,-7.3374,5.3314,0.3234,0.0000,BAM,-5.2567,-8.1525,-5.1785,-8.1525,0.0000,0.0000,0.000,0.000,0.4656,64.7,12.30,21,THU,NO_TX,360,,1,kieu=dung_yen;lan=1,1
53.2012,1790258686.296202,0.0204,1,319.25,232.00,0.767,-5.2063,-7.6199,-5.1438,-1.7840,-7.5810,-1.1881,-5.1494,-7.5827,5.3314,0.3234,0.0000,BAM,-5.2567,-8.1525,-5.1785,-8.1525,0.0000,0.0000,0.000,0.000,0.7778,65.0,8.04,21,THU,NO_TX,360,,1,kieu=dung_yen;lan=1,1
53.2215,1790258686.316482,0.0203,0,319.25,232.00,0.767,,,-5.1801,-1.7840,-7.6052,-1.1881,-5.1841,-7.6064,5.3314,0.3234,0.0000,BAM,-5.2567,-8.1525,-5.1785,-8.1525,0.0000,0.0000,0.000,0.000,0.7778,65.0,8.04,21,THU,NO_TX,360,,1,kieu=dung_yen;lan=1,1
53.2417,1790258686.336716,0.0202,1,320.25,231.00,0.779,-5.2735,-7.5533,-5.2579,-2.3713,-7.5743,-0.4369,-5.2705,-7.5744,5.3314,0.3234,0.0000,BAM,-5.2567,-8.1525,-5.1785,-8.1525,0.0000,0.0000,0.000,0.000,0.0410,46.6,9.00,21,THU,NO_TX,360,,1,kieu=dung_yen;lan=1,1
53.2623,1790258686.357269,0.0206,0,320.25,231.00,0.779,,,-5.3067,-2.3713,-7.5833,-0.4369,-5.3157,-7.5834,5.3314,0.3234,0.0000,BAM,-5.2567,-8.1525,-5.1785,-8.1525,0.0000,0.0000,0.000,0.000,0.0410,46.6,9.00,21,THU,NO_TX,360,,1,kieu=dung_yen;lan=1,1
53.2829,1790258686.377852,0.0206,0,320.25,231.00,0.779,,,-5.3556,-2.3713,-7.5923,-0.4369,-5.3627,-7.5924,5.3314,0.3234,0.0000,BAM,-5.2567,-8.1525,-5.1785,-8.1525,0.0000,0.0000,0.000,0.000,0.0410,46.6,9.00,21,THU,NO_TX,360,,1,kieu=dung_yen;lan=1,1
53.3033,1790258686.398332,0.0204,1,313.00,229.00,0.755,-4.7867,-7.4199,-4.8949,4.1918,-7.4530,1.4456,-4.8287,-7.4500,5.3314,0.3234,0.0000,BAM,-5.2567,-8.1525,-5.1785,-8.1525,0.0000,0.0000,0.000,0.000,1.2578,63.7,13.04,21,THU,NO_TX,360,,1,kieu=dung_yen;lan=1,1
53.3237,1790258686.418696,0.0204,0,313.00,229.00,0.755,,,-4.8095,4.1918,-7.4236,1.4456,-4.7610,-7.4214,5.3314,0.3234,0.0000,BAM,-5.2567,-8.1525,-5.1785,-8.1525,0.0000,0.0000,0.000,0.000,1.2578,63.7,13.04,21,THU,NO_TX,360,,1,kieu=dung_yen;lan=1,1
53.3438,1790258686.438803,0.0201,0,313.00,229.00,0.755,,,-4.7252,4.1918,-7.3945,1.4456,-4.6869,-7.3928,5.3314,0.3234,0.0000,BAM,-5.2567,-8.1525,-5.1785,-8.1525,0.0000,0.0000,0.000,0.000,1.2578,63.7,13.04,21,THU,NO_TX,360,,1,kieu=dung_yen;lan=1,1
53.3644,1790258686.459424,0.0206,1,319.00,231.50,0.765,-5.1895,-7.5866,-5.0927,-1.5046,-7.5461,-0.7939,-5.0961,-7.5466,5.3314,0.3234,0.0000,BAM,-5.2567,-8.1525,-5.1785,-8.1525,0.0000,0.0000,0.000,0.000,1.0716,63.9,8.56,21,THU,NO_TX,360,,1,kieu=dung_yen;lan=1,1
53.3845,1790258686.479511,0.0201,0,319.00,231.50,0.765,,,-5.1229,-1.5046,-7.5621,-0.7939,-5.1254,-7.5624,5.3314,0.3234,0.0000,BAM,-5.2567,-8.1525,-5.1785,-8.1525,0.0000,0.0000,0.000,0.000,1.0716,63.9,8.56,21,THU,NO_TX,360,,1,kieu=dung_yen;lan=1,1
53.4050,1790258686.500021,0.0205,0,319.00,231.50,0.765,,,-5.1538,-1.5046,-7.5784,-0.7939,-5.1557,-7.5787,5.3314,0.3234,0.0000,BAM,-5.2567,-8.1525,-5.1785,-8.1525,0.0000,0.0000,0.000,0.000,1.0716,63.9,8.56,21,THU,NO_TX,360,,1,kieu=dung_yen;lan=1,1
53.4252,1790258686.520089,0.0201,1,313.00,229.00,0.757,-4.7867,-7.4199,-4.8574,2.6203,-7.4521,0.9719,-4.8400,-7.4512,5.3314,0.3234,0.0000,BAM,-5.2567,-8.1525,-5.1785,-8.1525,0.0000,0.0000,0.000,0.000,0.5781,48.5,13.04,21,THU,NO_TX,360,,1,kieu=dung_yen;lan=1,1
53.4453,1790258686.540266,0.0201,0,313.00,229.00,0.757,,,-4.8046,2.6203,-7.4325,0.9719,-4.7920,-7.4319,5.3314,0.3234,0.0000,BAM,-5.2567,-8.1525,-5.1785,-8.1525,0.0000,0.0000,0.000,0.000,0.5781,48.5,13.04,21,THU,NO_TX,360,,1,kieu=dung_yen;lan=1,1
53.4659,1790258686.560879,0.0206,0,313.00,229.00,0.757,,,-4.7506,2.6203,-7.4125,0.9719,-4.7409,-7.4120,5.3314,0.3234,0.0000,BAM,-5.2567,-8.1525,-5.1785,-8.1525,0.0000,0.0000,0.000,0.000,0.5781,48.5,13.04,21,THU,NO_TX,360,,1,kieu=dung_yen;lan=1,1
53.4865,1790258686.581444,0.0206,1,319.00,231.25,0.765,-5.1895,-7.5700,-5.1032,-2.4970,-7.5377,-0.8255,-5.1184,-7.5383,5.3314,0.3234,0.0000,BAM,-5.2567,-8.1525,-5.1785,-8.1525,0.0000,0.0000,0.000,0.000,0.8318,62.8,8.81,21,THU,NO_TX,360,,1,kieu=dung_yen;lan=1,1
53.5072,1790258686.602105,0.0207,0,319.00,231.25,0.765,,,-5.1548,-2.4970,-7.5548,-0.8255,-5.1656,-7.5551,5.3314,0.3234,0.0000,BAM,-5.2567,-8.1525,-5.1785,-8.1525,0.0000,0.0000,0.000,0.000,0.8318,62.8,8.81,21,THU,NO_TX,360,,1,kieu=dung_yen;lan=1,1
53.5276,1790258686.622587,0.0204,1,319.50,231.50,0.764,-5.2231,-7.5866,-5.2185,-2.6773,-7.5825,-0.9771,-5.2368,-7.5834,5.3314,0.3234,0.0000,BAM,-5.2567,-8.1525,-5.1785,-8.1525,0.0000,0.0000,0.000,0.000,0.0024,48.9,8.51,21,THU,NO_TX,360,,1,kieu=dung_yen;lan=1,1
53.5482,1790258686.643152,0.0206,0,319.50,231.50,0.764,,,-5.2735,-2.6773,-7.6026,-0.9771,-5.2867,-7.6032,5.3314,0.3234,0.0000,BAM,-5.2567,-8.1525,-5.1785,-8.1525,0.0000,0.0000,0.000,0.000,0.0024,48.9,8.51,21,THU,NO_TX,360,,1,kieu=dung_yen;lan=1,1
53.5685,1790258686.663450,0.0203,0,319.50,231.50,0.764,,,-5.3278,-2.6773,-7.6224,-0.9771,-5.3381,-7.6229,5.3314,0.3234,0.0000,BAM,-5.2567,-8.1525,-5.1785,-8.1525,0.0000,0.0000,0.000,0.000,0.0024,48.9,8.51,21,THU,NO_TX,360,,1,kieu=dung_yen;lan=1,1
53.5889,1790258686.683868,0.0204,1,312.25,229.50,0.753,-4.7364,-7.4532,-4.8510,4.1521,-7.4881,0.9753,-4.7861,-7.4871,5.3314,0.3234,0.0000,BAM,-5.2567,-8.1525,-5.1785,-8.1525,0.0000,0.0000,0.000,0.000,1.3948,64.6,13.05,21,THU,NO_TX,360,,1,kieu=dung_yen;lan=1,1
53.6089,1790258686.703932,0.0201,0,312.25,229.50,0.753,,,-4.7676,4.1521,-7.4685,0.9753,-4.7200,-7.4678,5.3314,0.3234,0.0000,BAM,-5.2567,-8.1525,-5.1785,-8.1525,0.0000,0.0000,0.000,0.000,1.3948,64.6,13.05,21,THU,NO_TX,360,,1,kieu=dung_yen;lan=1,1
53.6294,1790258686.724402,0.0205,0,312.25,229.50,0.753,,,-4.6826,4.1521,-7.4485,0.9753,-4.6452,-7.4480,5.3314,0.3234,0.0000,BAM,-5.2567,-8.1525,-5.1785,-8.1525,0.0000,0.0000,0.000,0.000,1.3948,64.6,13.05,21,THU,NO_TX,360,,1,kieu=dung_yen;lan=1,1
53.6500,1790258686.744992,0.0206,1,312.75,229.00,0.755,-4.7700,-7.4199,-4.7395,2.3653,-7.4215,1.0613,-4.7265,-7.4203,5.3314,0.3234,0.0000,BAM,-5.2567,-8.1525,-5.1785,-8.1525,0.0000,0.0000,0.000,0.000,0.0919,62.8,13.17,21,THU,NO_TX,360,,1,kieu=dung_yen;lan=1,1
53.6706,1790258686.765500,0.0206,0,312.75,229.00,0.755,,,-4.6907,2.3653,-7.3996,1.0613,-4.6814,-7.3987,5.3314,0.3234,0.0000,BAM,-5.2567,-8.1525,-5.1785,-8.1525,0.0000,0.0000,0.000,0.000,0.0919,62.8,13.17,21,THU,NO_TX,360,,1,kieu=dung_yen;lan=1,1
53.6908,1790258686.785732,0.0201,0,312.75,229.00,0.755,,,-4.6431,2.3653,-7.3782,1.0613,-4.6359,-7.3776,5.3314,0.3234,0.0000,BAM,-5.2567,-8.1525,-5.1785,-8.1525,0.0000,0.0000,0.000,0.000,0.0919,62.8,13.17,21,THU,NO_TX,360,,1,kieu=dung_yen;lan=1,1
53.7108,1790258686.805817,0.0201,1,319.25,231.75,0.762,-5.2063,-7.6032,-5.0979,-3.9738,-7.5579,-1.4321,-5.1544,-7.5607,5.3314,0.3234,0.0000,BAM,-5.2567,-8.1525,-5.1785,-8.1525,0.0000,0.0000,0.000,0.000,1.3309,47.5,8.28,21,THU,NO_TX,360,,1,kieu=dung_yen;lan=1,1
53.7310,1790258686.825988,0.0202,0,319.25,231.75,0.762,,,-5.1780,-3.9738,-7.5867,-1.4321,-5.2195,-7.5888,5.3314,0.3234,0.0000,BAM,-5.2567,-8.1525,-5.1785,-8.1525,0.0000,0.0000,0.000,0.000,1.3309,47.5,8.28,21,THU,NO_TX,360,,1,kieu=dung_yen;lan=1,1
53.7517,1790258686.846723,0.0207,0,319.25,231.75,0.762,,,-5.2604,-3.9738,-7.6164,-1.4321,-5.2930,-7.6180,5.3314,0.3234,0.0000,BAM,-5.2567,-8.1525,-5.1785,-8.1525,0.0000,0.0000,0.000,0.000,1.3309,47.5,8.28,21,THU,NO_TX,360,,1,kieu=dung_yen;lan=1,1
53.7724,1790258686.867309,0.0207,1,320.00,231.75,0.765,-5.2567,-7.6032,-5.2717,-3.0810,-7.6110,-0.9984,-5.2994,-7.6120,5.3314,0.3234,0.0000,BAM,-5.2567,-8.1525,-5.1785,-8.1525,0.0000,0.0000,0.000,0.000,0.0277,63.9,8.25,21,THU,NO_TX,360,,1,kieu=dung_yen;lan=1,1
53.7933,1790258686.888129,0.0208,0,320.00,231.75,0.765,,,-5.3359,-3.0810,-7.6318,-0.9984,-5.3557,-7.6325,5.3314,0.3234,0.0000,BAM,-5.2567,-8.1525,-5.1785,-8.1525,0.0000,0.0000,0.000,0.000,0.0277,63.9,8.25,21,THU,NO_TX,360,,1,kieu=dung_yen;lan=1,1
53.8134,1790258686.908437,0.0202,0,320.00,231.75,0.765,,,-5.3980,-3.0810,-7.6519,-0.9984,-5.4136,-7.6525,5.3314,0.3234,0.0000,BAM,-5.2567,-8.1525,-5.1785,-8.1525,0.0000,0.0000,0.000,0.000,0.0277,63.9,8.25,21,THU,NO_TX,360,,1,kieu=dung_yen;lan=1,1
53.8341,1790258686.928995,0.0207,1,319.50,231.25,0.765,-5.2231,-7.5700,-5.2646,-0.6078,-7.5885,0.0393,-5.2648,-7.5885,5.3314,0.3234,0.0000,BAM,-5.2567,-8.1525,-5.1785,-8.1525,0.0000,0.0000,0.000,0.000,0.2027,62.9,8.76,21,THU,NO_TX,360,,1,kieu=dung_yen;lan=1,1
53.8545,1790258686.949524,0.0204,0,319.50,231.25,0.765,,,-5.2770,-0.6078,-7.5877,0.0393,-5.2772,-7.5877,5.3314,0.3234,0.0000,BAM,-5.2567,-8.1525,-5.1785,-8.1525,0.0000,0.0000,0.000,0.000,0.2027,62.9,8.76,21,THU,NO_TX,360,,1,kieu=dung_yen;lan=1,1
53.8745,1790258686.969547,0.0200,1,313.75,229.50,0.760,-4.8371,-7.4533,-4.9597,4.0975,-7.4904,1.3881,-4.8989,-7.4878,5.3314,0.3234,0.0000,BAM,-5.2567,-8.1525,-5.1785,-8.1525,0.0000,0.0000,0.000,0.000,1.0445,48.9,12.22,21,THU,NO_TX,360,,1,kieu=dung_yen;lan=1,1
53.8947,1790258686.989645,0.0201,0,313.75,229.50,0.760,,,-4.8773,4.0975,-7.4625,1.3881,-4.8324,-7.4607,5.3314,0.3234,0.0000,BAM,-5.2567,-8.1525,-5.1785,-8.1525,0.0000,0.0000,0.000,0.000,1.0445,48.9,12.22,21,THU,NO_TX,360,,1,kieu=dung_yen;lan=1,1
53.9149,1790258687.009846,0.0203,0,313.75,229.50,0.760,,,-4.7942,4.0975,-7.4344,1.3881,-4.7587,-7.4329,5.3314,0.3234,0.0000,BAM,-5.2567,-8.1525,-5.1785,-8.1525,0.0000,0.0000,0.000,0.000,1.0445,48.9,12.22,21,THU,NO_TX,360,,1,kieu=dung_yen;lan=1,1
53.9354,1790258687.030411,0.0205,1,315.00,229.25,0.758,-4.9210,-7.4367,-4.8833,1.8661,-7.4310,1.0702,-4.8767,-7.4297,5.3314,0.3234,0.0000,BAM,-5.2567,-8.1525,-5.1785,-8.1525,0.0000,0.0000,0.000,0.000,0.1412,63.7,11.86,21,THU,NO_TX,360,,1,kieu=dung_yen;lan=1,1
53.9555,1790258687.050543,0.0201,0,315.00,229.25,0.758,,,-4.8457,1.8661,-7.4094,1.0702,-4.8410,-7.4085,5.3314,0.3234,0.0000,BAM,-5.2567,-8.1525,-5.1785,-8.1525,0.0000,0.0000,0.000,0.000,0.1412,63.7,11.86,21,THU,NO_TX,360,,1,kieu=dung_yen;lan=1,1
53.9759,1790258687.070849,0.0203,0,315.00,229.25,0.758,,,-4.8078,1.8661,-7.3877,1.0702,-4.8042,-7.3870,5.3314,0.3234,0.0000,BAM,-5.2567,-8.1525,-5.1785,-8.1525,0.0000,0.0000,0.000,0.000,0.1412,63.7,11.86,21,THU,NO_TX,360,,1,kieu=dung_yen;lan=1,1
53.9961,1790258687.091031,0.0202,0,315.00,229.25,0.758,,,-4.7701,1.8661,-7.3661,1.0702,-4.7672,-7.3655,5.3314,0.3234,0.0000,BAM,-5.2567,-8.1525,-5.1785,-8.1525,0.0000,0.0000,0.000,0.000,0.1412,63.7,11.86,21,THU,NO_TX,360,,1,kieu=dung_yen;lan=1,1
54.0162,1790258687.111158,0.0201,1,312.75,229.00,0.754,-4.7700,-7.4199,-4.7655,1.5020,-7.4105,0.3506,-4.7621,-7.4105,5.3314,0.3234,0.0000,BAM,-5.2567,-8.1525,-5.1785,-8.1525,0.0000,0.0000,0.000,0.000,0.0142,67.0,13.17,21,THU,NO_TX,360,,1,kieu=dung_yen;lan=1,1
54.0370,1790258687.131945,0.0208,0,312.75,229.00,0.754,,,-4.7343,1.5020,-7.4033,0.3506,-4.7319,-7.4032,5.3314,0.3234,0.0000,BAM,-5.2567,-8.1525,-5.1785,-8.1525,0.0000,0.0000,0.000,0.000,0.0142,67.0,13.17,21,THU,NO_TX,360,,1,kieu=dung_yen;lan=1,1
54.0575,1790258687.152475,0.0205,1,318.75,231.50,0.758,-5.1727,-7.5866,-5.0479,-3.3117,-7.5346,-1.5423,-5.0807,-7.5381,5.3314,0.3234,0.0000,BAM,-5.2567,-8.1525,-5.1785,-8.1525,0.0000,0.0000,0.000,0.000,1.1777,46.1,8.59,21,THU,NO_TX,360,,1,kieu=dung_yen;lan=1,1
54.0779,1790258687.172931,0.0204,0,318.75,231.50,0.758,,,-5.1156,-3.3117,-7.5662,-1.5423,-5.1396,-7.5687,5.3314,0.3234,0.0000,BAM,-5.2567,-8.1525,-5.1785,-8.1525,0.0000,0.0000,0.000,0.000,1.1777,46.1,8.59,21,THU,NO_TX,360,,1,kieu=dung_yen;lan=1,1
54.0983,1790258687.193290,0.0204,0,318.75,231.50,0.758,,,-5.1831,-3.3117,-7.5976,-1.5423,-5.2020,-7.5996,5.3314,0.3234,0.0000,BAM,-5.2567,-8.1525,-5.1785,-8.1525,0.0000,0.0000,0.000,0.000,1.1777,46.1,8.59,21,THU,NO_TX,360,,1,kieu=dung_yen;lan=1,1
54.1186,1790258687.213563,0.0203,1,319.00,231.75,0.771,-5.1895,-7.6032,-5.2002,-2.6658,-7.6080,-1.2760,-5.2188,-7.6100,5.3314,0.3234,0.0000,BAM,-5.2567,-8.1525,-5.1785,-8.1525,0.0000,0.0000,0.000,0.000,0.0133,63.0,8.31,21,THU,NO_TX,360,,1,kieu=dung_yen;lan=1,1
54.1390,1790258687.233963,0.0204,0,319.00,231.75,0.771,,,-5.2546,-2.6658,-7.6340,-1.2760,-5.2678,-7.6354,5.3314,0.3234,0.0000,BAM,-5.2567,-8.1525,-5.1785,-8.1525,0.0000,0.0000,0.000,0.000,0.0133,63.0,8.31,21,THU,NO_TX,360,,1,kieu=dung_yen;lan=1,1
54.1602,1790258687.255142,0.0212,0,319.00,231.75,0.771,,,-5.3110,-2.6658,-7.6610,-1.2760,-5.3213,-7.6621,5.3314,0.3234,0.0000,BAM,-5.2567,-8.1525,-5.1785,-8.1525,0.0000,0.0000,0.000,0.000,0.0133,63.0,8.31,21,THU,NO_TX,360,,1,kieu=dung_yen;lan=1,1
54.1806,1790258687.275607,0.0205,1,313.00,228.50,0.758,-4.7868,-7.3867,-4.8866,3.3119,-7.4404,1.7523,-4.8524,-7.4352,5.3314,0.3234,0.0000,BAM,-5.2567,-8.1525,-5.1785,-8.1525,0.0000,0.0000,0.000,0.000,1.2639,63.8,13.46,21,THU,NO_TX,360,,1,kieu=dung_yen;lan=1,1
54.2010,1790258687.296009,0.0204,0,313.00,228.50,0.758,,,-4.8191,3.3119,-7.4047,1.7523,-4.7943,-7.4009,5.3314,0.3234,0.0000,BAM,-5.2567,-8.1525,-5.1785,-8.1525,0.0000,0.0000,0.000,0.000,1.2639,63.8,13.46,21,THU,NO_TX,360,,1,kieu=dung_yen;lan=1,1
54.2214,1790258687.316388,0.0204,0,313.00,228.50,0.758,,,-4.7514,3.3119,-7.3689,1.7523,-4.7320,-7.3659,5.3314,0.3234,0.0000,BAM,-5.2567,-8.1525,-5.1785,-8.1525,0.0000,0.0000,0.000,0.000,1.2639,63.8,13.46,21,THU,NO_TX,360,,1,kieu=dung_yen;lan=1,1
54.2415,1790258687.336486,0.0200,1,319.00,231.00,0.762,-5.1895,-7.5533,-5.1001,-1.9215,-7.5129,-0.4685,-5.1071,-7.5130,5.3314,0.3234,0.0000,BAM,-5.2567,-8.1525,-5.1785,-8.1525,0.0000,0.0000,0.000,0.000,0.9268,49.7,9.06,21,THU,NO_TX,360,,1,kieu=dung_yen;lan=1,1
54.2618,1790258687.356776,0.0203,0,319.00,231.00,0.762,,,-5.1391,-1.9215,-7.5224,-0.4685,-5.1441,-7.5225,5.3314,0.3234,0.0000,BAM,-5.2567,-8.1525,-5.1785,-8.1525,0.0000,0.0000,0.000,0.000,0.9268,49.7,9.06,21,THU,NO_TX,360,,1,kieu=dung_yen;lan=1,1
54.2828,1790258687.377735,0.0210,0,319.00,231.00,0.762,,,-5.1794,-1.9215,-7.5323,-0.4685,-5.1833,-7.5323,5.3314,0.3234,0.0000,BAM,-5.2567,-8.1525,-5.1785,-8.1525,0.0000,0.0000,0.000,0.000,0.9268,49.7,9.06,21,THU,NO_TX,360,,1,kieu=dung_yen;lan=1,1
54.3032,1790258687.398171,0.0204,1,319.25,232.00,0.757,-5.2063,-7.6199,-5.2084,-1.7933,-7.6058,-1.2585,-5.2142,-7.6078,5.3314,0.3234,0.0000,BAM,-5.2567,-8.1525,-5.1785,-8.1525,0.0000,0.0000,0.000,0.000,0.0180,61.9,8.04,21,THU,NO_TX,360,,1,kieu=dung_yen;lan=1,1
54.3235,1790258687.418534,0.0203,0,319.25,232.00,0.757,,,-5.2449,-1.7933,-7.6314,-1.2585,-5.2490,-7.6328,5.3314,0.3234,0.0000,BAM,-5.2567,-8.1525,-5.1785,-8.1525,0.0000,0.0000,0.000,0.000,0.0180,61.9,8.04,21,THU,NO_TX,360,,1,kieu=dung_yen;lan=1,1
54.3441,1790258687.439059,0.0205,0,319.25,232.00,0.757,,,-5.2818,-1.7933,-7.6572,-1.2585,-5.2849,-7.6583,5.3314,0.3234,0.0000,BAM,-5.2567,-8.1525,-5.1785,-8.1525,0.0000,0.0000,0.000,0.000,0.0180,61.9,8.04,21,THU,NO_TX,360,,1,kieu=dung_yen;lan=1,1
54.3644,1790258687.459970,0.0204,1,318.50,231.00,0.765,-5.1559,-7.5533,-5.1844,-0.1086,-7.5769,0.0531,-5.1844,-7.5769,5.3314,0.3234,0.0000,BAM,-5.2567,-8.1525,-5.1785,-8.1525,0.0000,0.0000,0.000,0.000,0.1293,64.5,9.12,21,THU,NO_TX,360,,1,kieu=dung_yen;lan=1,1
54.3850,1790258687.479950,0.0205,0,318.50,231.00,0.765,,,-5.1866,-0.1086,-7.5758,0.0531,-5.1866,-7.5758,5.3314,0.3234,0.0000,BAM,-5.2567,-8.1525,-5.1785,-8.1525,0.0000,0.0000,0.000,0.000,0.1293,64.5,9.12,21,THU,NO_TX,360,,1,kieu=dung_yen;lan=1,1
54.4053,1790258687.500218,0.0204,1,313.75,229.50,0.756,-4.8371,-7.4533,-4.9316,3.5584,-7.4868,1.2811,-4.8905,-7.4847,5.3314,0.3234,0.0000,BAM,-5.2567,-8.1525,-5.1785,-8.1525,0.0000,0.0000,0.000,0.000,0.6441,48.8,12.22,21,THU,NO_TX,360,,1,kieu=dung_yen;lan=1,1
54.4256,1790258687.520606,0.0203,0,313.75,229.50,0.756,,,-4.8594,3.5584,-7.4608,1.2811,-4.8294,-7.4593,5.3314,0.3234,0.0000,BAM,-5.2567,-8.1525,-5.1785,-8.1525,0.0000,0.0000,0.000,0.000,0.6441,48.8,12.22,21,THU,NO_TX,360,,1,kieu=dung_yen;lan=1,1
54.4460,1790258687.540946,0.0203,0,313.75,229.50,0.756,,,-4.7871,3.5584,-7.4347,1.2811,-4.7634,-7.4336,5.3314,0.3234,0.0000,BAM,-5.2567,-8.1525,-5.1785,-8.1525,0.0000,0.0000,0.000,0.000,0.6441,48.8,12.22,21,THU,NO_TX,360,,1,kieu=dung_yen;lan=1,1
54.4664,1790258687.561203,0.0204,1,313.25,229.75,0.771,-4.8035,-7.4699,-4.7876,2.6156,-7.4585,0.6476,-4.7699,-7.4582,5.3314,0.3234,0.0000,BAM,-5.2567,-8.1525,-5.1785,-8.1525,0.0000,0.0000,0.000,0.000,0.0358,63.2,12.27,21,THU,NO_TX,360,,1,kieu=dung_yen;lan=1,1
54.4869,1790258687.581934,0.0205,0,313.25,229.75,0.771,,,-4.7338,2.6156,-7.4452,0.6476,-4.7213,-7.4450,5.3314,0.3234,0.0000,BAM,-5.2567,-8.1525,-5.1785,-8.1525,0.0000,0.0000,0.000,0.000,0.0358,63.2,12.27,21,THU,NO_TX,360,,1,kieu=dung_yen;lan=1,1
54.5071,1790258687.602065,0.0201,0,313.25,229.75,0.771,,,-4.6812,2.6156,-7.4322,0.6476,-4.6714,-7.4320,5.3314,0.3234,0.0000,BAM,-5.2567,-8.1525,-5.1785,-8.1525,0.0000,0.0000,0.000,0.000,0.0358,63.2,12.27,21,THU,NO_TX,360,,1,kieu=dung_yen;lan=1,1
54.5275,1790258687.622484,0.0205,1,320.00,230.75,0.792,-5.2567,-7.5367,-5.1458,-3.8878,-7.5151,-0.5402,-5.1993,-7.5153,5.3314,0.3234,0.0000,BAM,-5.2567,-8.1525,-5.1785,-8.1525,0.0000,0.0000,0.000,0.000,1.2546,47.7,9.25,21,THU,NO_TX,360,,1,kieu=dung_yen;lan=1,1
54.5479,1790258687.642842,0.0203,0,320.00,230.75,0.792,,,-5.2248,-3.8878,-7.5261,-0.5402,-5.2639,-7.5262,5.3314,0.3234,0.0000,BAM,-5.2567,-8.1525,-5.1785,-8.1525,0.0000,0.0000,0.000,0.000,1.2546,47.7,9.25,21,THU,NO_TX,360,,1,kieu=dung_yen;lan=1,1
54.5684,1790258687.663366,0.0205,0,320.00,230.75,0.792,,,-5.3046,-3.8878,-7.5372,-0.5402,-5.3353,-7.5373,5.3314,0.3234,0.0000,BAM,-5.2567,-8.1525,-5.1785,-8.1525,0.0000,0.0000,0.000,0.000,1.2546,47.7,9.25,21,THU,NO_TX,360,,1,kieu=dung_yen;lan=1,1
54.5889,1790258687.683859,0.0205,1,318.75,231.75,0.771,-5.1727,-7.6032,-5.2099,-1.6941,-7.5932,-1.0960,-5.2147,-7.5945,5.3314,0.3234,0.0000,BAM,-5.2567,-8.1525,-5.1785,-8.1525,0.0000,0.0000,0.000,0.000,0.1456,64.0,8.34,21,THU,NO_TX,360,,1,kieu=dung_yen;lan=1,1
54.6094,1790258687.704418,0.0205,0,318.75,231.75,0.771,,,-5.2447,-1.6941,-7.6157,-1.0960,-5.2481,-7.6167,5.3314,0.3234,0.0000,BAM,-5.2567,-8.1525,-5.1785,-8.1525,0.0000,0.0000,0.000,0.000,0.1456,64.0,8.34,21,THU,NO_TX,360,,1,kieu=dung_yen;lan=1,1
54.6296,1790258687.724609,0.0202,0,318.75,231.75,0.771,,,-5.2789,-1.6941,-7.6379,-1.0960,-5.2816,-7.6386,5.3314,0.3234,0.0000,BAM,-5.2567,-8.1525,-5.1785,-8.1525,0.0000,0.0000,0.000,0.000,0.1456,64.0,8.34,21,THU,NO_TX,360,,1,kieu=dung_yen;lan=1,1
54.6502,1790258687.745053,0.0205,1,319.25,231.50,0.772,-5.2063,-7.5866,-5.2251,-0.5794,-7.6000,-0.3490,-5.2253,-7.6001,5.3314,0.3234,0.0000,BAM,-5.2567,-8.1525,-5.1785,-8.1525,0.0000,0.0000,0.000,0.000,0.0510,63.5,8.53,21,THU,NO_TX,360,,1,kieu=dung_yen;lan=1,1
54.6706,1790258687.765484,0.0204,0,319.25,231.50,0.772,,,-5.2369,-0.5794,-7.6071,-0.3490,-5.2371,-7.6072,5.3314,0.3234,0.0000,BAM,-5.2567,-8.1525,-5.1785,-8.1525,0.0000,0.0000,0.000,0.000,0.0510,63.5,8.53,21,THU,NO_TX,360,,1,kieu=dung_yen;lan=1,1
54.6906,1790258687.785460,0.0200,1,319.00,231.50,0.764,-5.1895,-7.5866,-5.2055,0.0352,-7.5943,-0.0710,-5.2055,-7.5943,5.3314,0.3234,0.0000,BAM,-5.2567,-8.1525,-5.1785,-8.1525,0.0000,0.0000,0.000,0.000,0.0198,48.5,8.56,21,THU,NO_TX,360,,1,kieu=dung_yen;lan=1,1
54.7107,1790258687.805703,0.0201,0,319.00,231.50,0.764,,,-5.2048,0.0352,-7.5957,-0.0710,-5.2048,-7.5957,5.3314,0.3234,0.0000,BAM,-5.2567,-8.1525,-5.1785,-8.1525,0.0000,0.0000,0.000,0.000,0.0198,48.5,8.56,21,THU,NO_TX,360,,1,kieu=dung_yen;lan=1,1
54.7309,1790258687.825873,0.0202,0,319.00,231.50,0.764,,,-5.2041,0.0352,-7.5971,-0.0710,-5.2041,-7.5971,5.3314,0.3234,0.0000,BAM,-5.2567,-8.1525,-5.1785,-8.1525,0.0000,0.0000,0.000,0.000,0.0198,48.5,8.56,21,THU,NO_TX,360,,1,kieu=dung_yen;lan=1,1
54.7515,1790258687.846433,0.0206,1,320.00,231.50,0.760,-5.2567,-7.5866,-5.2471,-0.5289,-7.5888,0.0529,-5.2473,-7.5888,5.3314,0.3234,0.0000,BAM,-5.2567,-8.1525,-5.1785,-8.1525,0.0000,0.0000,0.000,0.000,0.0093,63.0,8.50,21,THU,NO_TX,360,,1,kieu=dung_yen;lan=1,1
54.7719,1790258687.866841,0.0204,0,320.00,231.50,0.760,,,-5.2579,-0.5289,-7.5877,0.0529,-5.2580,-7.5877,5.3314,0.3234,0.0000,BAM,-5.2567,-8.1525,-5.1785,-8.1525,0.0000,0.0000,0.000,0.000,0.0093,63.0,8.50,21,THU,NO_TX,360,,1,kieu=dung_yen;lan=1,1
54.7926,1790258687.887549,0.0207,0,320.00,231.50,0.760,,,-5.2689,-0.5289,-7.5867,0.0529,-5.2690,-7.5867,5.3314,0.3234,0.0000,BAM,-5.2567,-8.1525,-5.1785,-8.1525,0.0000,0.0000,0.000,0.000,0.0093,63.0,8.50,21,THU,NO_TX,360,,1,kieu=dung_yen;lan=1,1
54.8126,1790258687.907410,0.0200,0,320.00,231.50,0.760,,,-5.2794,-0.5289,-7.5856,0.0529,-5.2795,-7.5856,5.3314,0.3234,0.0000,BAM,-5.2567,-8.1525,-5.1785,-8.1525,0.0000,0.0000,0.000,0.000,0.0093,63.0,8.50,21,THU,NO_TX,360,,1,kieu=dung_yen;lan=1,1
54.8328,1790258687.927774,0.0202,1,313.25,229.00,0.768,-4.8035,-7.4199,-4.8607,4.2011,-7.4402,1.6211,-4.7950,-7.4360,5.3314,0.3234,0.0000,BAM,-5.2567,-8.1525,-5.1785,-8.1525,0.0000,0.0000,0.000,0.000,0.5374,63.2,12.91,21,THU,NO_TX,360,,1,kieu=dung_yen;lan=1,1
54.8530,1790258687.947926,0.0202,0,313.25,229.00,0.768,,,-4.7758,4.2011,-7.4074,1.6211,-4.7274,-7.4045,5.3314,0.3234,0.0000,BAM,-5.2567,-8.1525,-5.1785,-8.1525,0.0000,0.0000,0.000,0.000,0.5374,63.2,12.91,21,THU,NO_TX,360,,1,kieu=dung_yen;lan=1,1
54.8733,1790258687.968256,0.0203,1,315.25,229.25,0.758,-4.9378,-7.4367,-4.8709,1.6709,-7.4195,1.0048,-4.8664,-7.4185,5.3314,0.3234,0.0000,BAM,-5.2567,-8.1525,-5.1785,-8.1525,0.0000,0.0000,0.000,0.000,0.3050,47.4,11.75,21,THU,NO_TX,360,,1,kieu=dung_yen;lan=1,1
54.8937,1790258687.988699,0.0204,0,315.25,229.25,0.758,,,-4.8368,1.6709,-7.3989,1.0048,-4.8335,-7.3982,5.3314,0.3234,0.0000,BAM,-5.2567,-8.1525,-5.1785,-8.1525,0.0000,0.0000,0.000,0.000,0.3050,47.4,11.75,21,THU,NO_TX,360,,1,kieu=dung_yen;lan=1,1
54.9138,1790258688.008792,0.0201,0,315.25,229.25,0.758,,,-4.8032,1.6709,-7.3788,1.0048,-4.8007,-7.3782,5.3314,0.3234,0.0000,BAM,-5.2567,-8.1525,-5.1785,-8.1525,0.0000,0.0000,0.000,0.000,0.3050,47.4,11.75,21,THU,NO_TX,360,,1,kieu=dung_yen;lan=1,1
54.9345,1790258688.029456,0.0207,1,313.50,229.00,0.752,-4.8203,-7.4200,-4.8112,1.1215,-7.4086,0.3610,-4.8097,-7.4085,5.3314,0.3234,0.0000,BAM,-5.2567,-8.1525,-5.1785,-8.1525,0.0000,0.0000,0.000,0.000,0.0195,66.1,12.78,21,THU,NO_TX,360,,1,kieu=dung_yen;lan=1,1
54.9547,1790258688.049651,0.0202,0,313.50,229.00,0.752,,,-4.7885,1.1215,-7.4013,0.3610,-4.7875,-7.4012,5.3314,0.3234,0.0000,BAM,-5.2567,-8.1525,-5.1785,-8.1525,0.0000,0.0000,0.000,0.000,0.0195,66.1,12.78,21,THU,NO_TX,360,,1,kieu=dung_yen;lan=1,1
54.9751,1790258688.070062,0.0204,0,313.50,229.00,0.752,,,-4.7657,1.1215,-7.3939,0.3610,-4.7649,-7.3939,5.3314,0.3234,0.0000,BAM,-5.2567,-8.1525,-5.1785,-8.1525,0.0000,0.0000,0.000,0.000,0.0195,66.1,12.78,21,THU,NO_TX,360,,1,kieu=dung_yen;lan=1,1
54.9952,1790258688.090170,0.0201,1,319.00,231.50,0.761,-5.1895,-7.5866,-5.1104,-3.5011,-7.5498,-1.6591,-5.1504,-7.5543,5.3314,0.3234,0.0000,BAM,-5.2567,-8.1525,-5.1785,-8.1525,0.0000,0.0000,0.000,0.000,0.7321,63.3,8.56,21,THU,NO_TX,360,,1,kieu=dung_yen;lan=1,1
55.0156,1790258688.110513,0.0204,0,319.00,231.50,0.761,,,-5.1817,-3.5011,-7.5837,-1.6591,-5.2107,-7.5869,5.3314,0.3234,0.0000,BAM,-5.2567,-8.1525,-5.1785,-8.1525,0.0000,0.0000,0.000,0.000,0.7321,63.3,8.56,21,THU,NO_TX,360,,1,kieu=dung_yen;lan=1,1
55.0359,1790258688.130869,0.0203,0,319.00,231.50,0.761,,,-5.2528,-3.5011,-7.6173,-1.6591,-5.2756,-7.6198,5.3314,0.3234,0.0000,BAM,-5.2567,-8.1525,-5.1785,-8.1525,0.0000,0.0000,0.000,0.000,0.7321,63.3,8.56,21,THU,NO_TX,360,,1,kieu=dung_yen;lan=1,1
55.0562,1790258688.151166,0.0203,1,314.25,229.00,0.765,-4.8707,-7.4200,-4.9508,1.2026,-7.4624,0.6789,-4.9491,-7.4621,5.3314,0.3234,0.0000,BAM,-5.2567,-8.1525,-5.1785,-8.1525,0.0000,0.0000,0.000,0.000,0.7890,46.7,12.41,21,THU,NO_TX,360,,1,kieu=dung_yen;lan=1,1
55.0768,1790258688.171771,0.0206,0,314.25,229.00,0.765,,,-4.9260,1.2026,-7.4484,0.6789,-4.9248,-7.4482,5.3314,0.3234,0.0000,BAM,-5.2567,-8.1525,-5.1785,-8.1525,0.0000,0.0000,0.000,0.000,0.7890,46.7,12.41,21,THU,NO_TX,360,,1,kieu=dung_yen;lan=1,1
55.0969,1790258688.191816,0.0201,0,314.25,229.00,0.765,,,-4.9019,1.2026,-7.4348,0.6789,-4.9009,-7.4346,5.3314,0.3234,0.0000,BAM,-5.2567,-8.1525,-5.1785,-8.1525,0.0000,0.0000,0.000,0.000,0.7890,46.7,12.41,21,THU,NO_TX,360,,1,kieu=dung_yen;lan=1,1
55.1171,1790258688.212095,0.0202,1,318.75,232.00,0.764,-5.1727,-7.6199,-5.1206,-1.8634,-7.5834,-1.3355,-5.1270,-7.5858,5.3314,0.3234,0.0000,BAM,-5.2567,-8.1525,-5.1785,-8.1525,0.0000,0.0000,0.000,0.000,0.3836,63.6,8.10,21,THU,NO_TX,360,,1,kieu=dung_yen;lan=1,1
55.1376,1790258688.232488,0.0205,0,318.75,232.00,0.764,,,-5.1588,-1.8634,-7.6108,-1.3355,-5.1633,-7.6125,5.3314,0.3234,0.0000,BAM,-5.2567,-8.1525,-5.1785,-8.1525,0.0000,0.0000,0.000,0.000,0.3836,63.6,8.10,21,THU,NO_TX,360,,1,kieu=dung_yen;lan=1,1
55.1579,1790258688.252882,0.0203,0,318.75,232.00,0.764,,,-5.1966,-1.8634,-7.6379,-1.3355,-5.2001,-7.6392,5.3314,0.3234,0.0000,BAM,-5.2567,-8.1525,-5.1785,-8.1525,0.0000,0.0000,0.000,0.000,0.3836,63.6,8.10,21,THU,NO_TX,360,,1,kieu=dung_yen;lan=1,1
55.1779,1790258688.272899,0.0200,1,313.25,229.50,0.771,-4.8035,-7.4532,-4.8797,2.6085,-7.4921,0.8068,-4.8625,-7.4916,5.3314,0.3234,0.0000,BAM,-5.2567,-8.1525,-5.1785,-8.1525,0.0000,0.0000,0.000,0.000,0.7021,65.3,12.48,21,THU,NO_TX,360,,1,kieu=dung_yen;lan=1,1
55.1982,1790258688.293167,0.0203,0,313.25,229.50,0.771,,,-4.8268,2.6085,-7.4757,0.8068,-4.8145,-7.4754,5.3314,0.3234,0.0000,BAM,-5.2567,-8.1525,-5.1785,-8.1525,0.0000,0.0000,0.000,0.000,0.7021,65.3,12.48,21,THU,NO_TX,360,,1,kieu=dung_yen;lan=1,1
55.2188,1790258688.313819,0.0207,1,318.50,231.50,0.758,-5.1559,-7.5866,-5.0530,-1.3851,-7.5514,-0.4831,-5.0557,-7.5515,5.3314,0.3234,0.0000,BAM,-5.2567,-8.1525,-5.1785,-8.1525,0.0000,0.0000,0.000,0.000,0.7575,48.1,8.63,21,THU,NO_TX,360,,1,kieu=dung_yen;lan=1,1
55.2391,1790258688.334121,0.0203,0,318.50,231.50,0.758,,,-5.0811,-1.3851,-7.5612,-0.4831,-5.0830,-7.5613,5.3314,0.3234,0.0000,BAM,-5.2567,-8.1525,-5.1785,-8.1525,0.0000,0.0000,0.000,0.000,0.7575,48.1,8.63,21,THU,NO_TX,360,,1,kieu=dung_yen;lan=1,1
55.2594,1790258688.354424,0.0203,0,318.50,231.50,0.758,,,-5.1093,-1.3851,-7.5710,-0.4831,-5.1107,-7.5711,5.3314,0.3234,0.0000,BAM,-5.2567,-8.1525,-5.1785,-8.1525,0.0000,0.0000,0.000,0.000,0.7575,48.1,8.63,21,THU,NO_TX,360,,1,kieu=dung_yen;lan=1,1
55.2799,1790258688.374859,0.0204,1,313.00,229.50,0.761,-4.7867,-7.4532,-4.8493,2.3259,-7.4769,0.8357,-4.8367,-7.4763,5.3314,0.3234,0.0000,BAM,-5.2567,-8.1525,-5.1785,-8.1525,0.0000,0.0000,0.000,0.000,0.4304,63.6,12.62,21,THU,NO_TX,360,,1,kieu=dung_yen;lan=1,1
55.2999,1790258688.394819,0.0200,0,313.00,229.50,0.761,,,-4.8027,2.3259,-7.4602,0.8357,-4.7937,-7.4598,5.3314,0.3234,0.0000,BAM,-5.2567,-8.1525,-5.1785,-8.1525,0.0000,0.0000,0.000,0.000,0.4304,63.6,12.62,21,THU,NO_TX,360,,1,kieu=dung_yen;lan=1,1
55.3204,1790258688.415385,0.0205,0,313.00,229.50,0.761,,,-4.7550,2.3259,-7.4430,0.8357,-4.7480,-7.4427,5.3314,0.3234,0.0000,BAM,-5.2567,-8.1525,-5.1785,-8.1525,0.0000,0.0000,0.000,0.000,0.4304,63.6,12.62,21,THU,NO_TX,360,,1,kieu=dung_yen;lan=1,1
55.3406,1790258688.435605,0.0202,1,313.75,228.75,0.750,-4.8371,-7.4033,-4.8142,0.9898,-7.4075,1.0658,-4.8132,-7.4063,5.3314,0.3234,0.0000,BAM,-5.2567,-8.1525,-5.1785,-8.1525,0.0000,0.0000,0.000,0.000,0.0531,48.6,12.87,21,THU,NO_TX,360,,1,kieu=dung_yen;lan=1,1
55.3612,1790258688.456171,0.0206,0,313.75,228.75,0.750,,,-4.7938,0.9898,-7.3856,1.0658,-4.7931,-7.3848,5.3314,0.3234,0.0000,BAM,-5.2567,-8.1525,-5.1785,-8.1525,0.0000,0.0000,0.000,0.000,0.0531,48.6,12.87,21,THU,NO_TX,360,,1,kieu=dung_yen;lan=1,1
55.3815,1790258688.476499,0.0203,0,313.75,228.75,0.750,,,-4.7737,0.9898,-7.3640,1.0658,-4.7731,-7.3633,5.3314,0.3234,0.0000,BAM,-5.2567,-8.1525,-5.1785,-8.1525,0.0000,0.0000,0.000,0.000,0.0531,48.6,12.87,21,THU,NO_TX,360,,1,kieu=dung_yen;lan=1,1
55.4017,1790258688.496739,0.0202,1,314.25,229.75,0.774,-4.8706,-7.4699,-4.8500,-0.2238,-7.4466,-0.2249,-4.8500,-7.4466,5.3314,0.3234,0.0000,BAM,-5.2567,-8.1525,-5.1785,-8.1525,0.0000,0.0000,0.000,0.000,0.0896,63.7,11.75,21,THU,NO_TX,360,,1,kieu=dung_yen;lan=1,1
55.4219,1790258688.516870,0.0201,0,314.25,229.75,0.774,,,-4.8545,-0.2238,-7.4511,-0.2249,-4.8545,-7.4511,5.3314,0.3234,0.0000,BAM,-5.2567,-8.1525,-5.1785,-8.1525,0.0000,0.0000,0.000,0.000,0.0896,63.7,11.75,21,THU,NO_TX,360,,1,kieu=dung_yen;lan=1,1
55.4423,1790258688.537280,0.0204,0,314.25,229.75,0.774,,,-4.8591,-0.2238,-7.4557,-0.2249,-4.8591,-7.4557,5.3314,0.3234,0.0000,BAM,-5.2567,-8.1525,-5.1785,-8.1525,0.0000,0.0000,0.000,0.000,0.0896,63.7,11.75,21,THU,NO_TX,360,,1,kieu=dung_yen;lan=1,1
55.4628,1790258688.557768,0.0204,1,319.00,230.50,0.769,-5.1895,-7.5200,-5.1321,-3.6081,-7.5091,-0.8298,-5.1753,-7.5097,5.3314,0.3234,0.0000,BAM,-5.2567,-8.1525,-5.1785,-8.1525,0.0000,0.0000,0.000,0.000,0.3364,62.9,9.55,21,THU,NO_TX,360,,1,kieu=dung_yen;lan=1,1
55.4834,1790258688.578402,0.0206,0,319.00,230.50,0.769,,,-5.2065,-3.6081,-7.5262,-0.8298,-5.2379,-7.5266,5.3314,0.3234,0.0000,BAM,-5.2567,-8.1525,-5.1785,-8.1525,0.0000,0.0000,0.000,0.000,0.3364,62.9,9.55,21,THU,NO_TX,360,,1,kieu=dung_yen;lan=1,1
55.5041,1790258688.599093,0.0207,1,319.75,232.00,0.768,-5.2399,-7.6199,-5.2509,-3.1756,-7.5990,-1.6039,-5.2808,-7.6030,5.3314,0.3234,0.0000,BAM,-5.2567,-8.1525,-5.1785,-8.1525,0.0000,0.0000,0.000,0.000,0.0334,48.7,8.00,21,THU,NO_TX,360,,1,kieu=dung_yen;lan=1,1
55.5243,1790258688.619279,0.0201,0,319.75,232.00,0.768,,,-5.3149,-3.1756,-7.6313,-1.6039,-5.3366,-7.6342,5.3314,0.3234,0.0000,BAM,-5.2567,-8.1525,-5.1785,-8.1525,0.0000,0.0000,0.000,0.000,0.0334,48.7,8.00,21,THU,NO_TX,360,,1,kieu=dung_yen;lan=1,1
55.5447,1790258688.639653,0.0204,0,319.75,232.00,0.768,,,-5.3796,-3.1756,-7.6640,-1.6039,-5.3966,-7.6662,5.3314,0.3234,0.0000,BAM,-5.2567,-8.1525,-5.1785,-8.1525,0.0000,0.0000,0.000,0.000,0.0334,48.7,8.00,21,THU,NO_TX,360,,1,kieu=dung_yen;lan=1,1
55.5652,1790258688.660121,0.0205,0,319.75,232.00,0.768,,,-5.4447,-3.1756,-7.6969,-1.6039,-5.4587,-7.6987,5.3314,0.3234,0.0000,BAM,-5.2567,-8.1525,-5.1785,-8.1525,0.0000,0.0000,0.000,0.000,0.0334,48.7,8.00,21,THU,NO_TX,360,,1,kieu=dung_yen;lan=1,1
55.5861,1790258688.680948,0.0209,1,319.00,231.00,0.758,-5.1895,-7.5533,-5.2269,-0.0124,-7.5749,0.1058,-5.2269,-7.5749,5.3314,0.3234,0.0000,BAM,-5.2567,-8.1525,-5.1785,-8.1525,0.0000,0.0000,0.000,0.000,0.2703,64.2,9.06,21,THU,NO_TX,360,,1,kieu=dung_yen;lan=1,1
55.6062,1790258688.701197,0.0202,0,319.00,231.00,0.758,,,-5.2271,-0.0124,-7.5728,0.1058,-5.2271,-7.5728,5.3314,0.3234,0.0000,BAM,-5.2567,-8.1525,-5.1785,-8.1525,0.0000,0.0000,0.000,0.000,0.2703,64.2,9.06,21,THU,NO_TX,360,,1,kieu=dung_yen;lan=1,1
55.6263,1790258688.721163,0.0200,0,319.00,231.00,0.758,,,-5.2274,-0.0124,-7.5707,0.1058,-5.2274,-7.5707,5.3314,0.3234,0.0000,BAM,-5.2567,-8.1525,-5.1785,-8.1525,0.0000,0.0000,0.000,0.000,0.2703,64.2,9.06,21,THU,NO_TX,360,,1,kieu=dung_yen;lan=1,1
55.6467,1790258688.741683,0.0205,1,314.00,229.00,0.767,-4.8539,-7.4200,-4.9206,3.8318,-7.4475,1.5932,-4.8703,-7.4436,5.3314,0.3234,0.0000,BAM,-5.2567,-8.1525,-5.1785,-8.1525,0.0000,0.0000,0.000,0.000,0.4989,61.7,12.53,21,THU,NO_TX,360,,1,kieu=dung_yen;lan=1,1
55.6668,1790258688.761697,0.0200,0,314.00,229.00,0.767,,,-4.8438,3.8318,-7.4155,1.5932,-4.8068,-7.4127,5.3314,0.3234,0.0000,BAM,-5.2567,-8.1525,-5.1785,-8.1525,0.0000,0.0000,0.000,0.000,0.4989,61.7,12.53,21,THU,NO_TX,360,,1,kieu=dung_yen;lan=1,1
55.6873,1790258688.782312,0.0206,1,318.50,231.50,0.774,-5.1559,-7.5866,-5.0504,-0.2664,-7.5301,-0.4785,-5.0504,-7.5302,5.3314,0.3234,0.0000,BAM,-5.2567,-8.1525,-5.1785,-8.1525,0.0000,0.0000,0.000,0.000,0.9021,49.5,8.63,21,THU,NO_TX,360,,1,kieu=dung_yen;lan=1,1
55.7078,1790258688.802790,0.0204,0,318.50,231.50,0.774,,,-5.0558,-0.2664,-7.5399,-0.4785,-5.0558,-7.5400,5.3314,0.3234,0.0000,BAM,-5.2567,-8.1525,-5.1785,-8.1525,0.0000,0.0000,0.000,0.000,0.9021,49.5,8.63,21,THU,NO_TX,360,,1,kieu=dung_yen;lan=1,1
55.7281,1790258688.823036,0.0203,0,318.50,231.50,0.774,,,-5.0612,-0.2664,-7.5496,-0.4785,-5.0612,-7.5497,5.3314,0.3234,0.0000,BAM,-5.2567,-8.1525,-5.1785,-8.1525,0.0000,0.0000,0.000,0.000,0.9021,49.5,8.63,21,THU,NO_TX,360,,1,kieu=dung_yen;lan=1,1
55.7482,1790258688.843152,0.0201,1,319.00,231.50,0.762,-5.1895,-7.5866,-5.1676,-1.5695,-7.5815,-0.7620,-5.1715,-7.5820,5.3314,0.3234,0.0000,BAM,-5.2567,-8.1525,-5.1785,-8.1525,0.0000,0.0000,0.000,0.000,0.0492,63.9,8.56,21,THU,NO_TX,360,,1,kieu=dung_yen;lan=1,1
55.7686,1790258688.863588,0.0204,0,319.00,231.50,0.762,,,-5.1997,-1.5695,-7.5971,-0.7620,-5.2024,-7.5974,5.3314,0.3234,0.0000,BAM,-5.2567,-8.1525,-5.1785,-8.1525,0.0000,0.0000,0.000,0.000,0.0492,63.9,8.56,21,THU,NO_TX,360,,1,kieu=dung_yen;lan=1,1
55.7888,1790258688.883782,0.0202,0,319.00,231.50,0.762,,,-5.2314,-1.5695,-7.6125,-0.7620,-5.2336,-7.6128,5.3314,0.3234,0.0000,BAM,-5.2567,-8.1525,-5.1785,-8.1525,0.0000,0.0000,0.000,0.000,0.0492,63.9,8.56,21,THU,NO_TX,360,,1,kieu=dung_yen;lan=1,1
55.8091,1790258688.904087,0.0203,1,319.75,230.75,0.770,-5.2399,-7.5367,-5.2440,-1.3283,-7.5534,0.1589,-5.2464,-7.5534,5.3314,0.3234,0.0000,BAM,-5.2567,-8.1525,-5.1785,-8.1525,0.0000,0.0000,0.000,0.000,0.0261,63.7,9.25,21,THU,NO_TX,360,,1,kieu=dung_yen;lan=1,1
55.8293,1790258688.924291,0.0202,0,319.75,230.75,0.770,,,-5.2708,-1.3283,-7.5502,0.1589,-5.2725,-7.5502,5.3314,0.3234,0.0000,BAM,-5.2567,-8.1525,-5.1785,-8.1525,0.0000,0.0000,0.000,0.000,0.0261,63.7,9.25,21,THU,NO_TX,360,,1,kieu=dung_yen;lan=1,1
55.8500,1790258688.944880,0.0207,0,319.75,230.75,0.770,,,-5.2984,-1.3283,-7.5469,0.1589,-5.2997,-7.5469,5.3314,0.3234,0.0000,BAM,-5.2567,-8.1525,-5.1785,-8.1525,0.0000,0.0000,0.000,0.000,0.0261,63.7,9.25,21,THU,NO_TX,360,,1,kieu=dung_yen;lan=1,1
55.8706,1790258688.966232,0.0206,1,313.50,229.00,0.750,-4.8203,-7.4200,-4.9087,3.9107,-7.4424,1.4092,-4.8546,-7.4397,5.3314,0.3234,0.0000,BAM,-5.2567,-8.1525,-5.1785,-8.1525,0.0000,0.0000,0.000,0.000,0.8222,46.9,12.78,21,THU,NO_TX,360,,1,kieu=dung_yen;lan=1,1
55.8910,1790258688.985994,0.0204,0,313.50,229.00,0.750,,,-4.8289,3.9107,-7.4137,1.4092,-4.7894,-7.4117,5.3314,0.3234,0.0000,BAM,-5.2567,-8.1525,-5.1785,-8.1525,0.0000,0.0000,0.000,0.000,0.8222,46.9,12.78,21,THU,NO_TX,360,,1,kieu=dung_yen;lan=1,1
55.9118,1790258689.006711,0.0207,0,313.50,229.00,0.750,,,-4.7478,3.9107,-7.3845,1.4092,-4.7168,-7.3829,5.3314,0.3234,0.0000,BAM,-5.2567,-8.1525,-5.1785,-8.1525,0.0000,0.0000,0.000,0.000,0.8222,46.9,12.78,21,THU,NO_TX,360,,1,kieu=dung_yen;lan=1,1
55.9329,1790258689.027899,0.0211,1,318.50,231.00,0.774,-5.1559,-7.5533,-5.0716,-1.1713,-7.5179,-0.5978,-5.0732,-7.5181,5.3314,0.3234,0.0000,BAM,-5.2567,-8.1525,-5.1785,-8.1525,0.0000,0.0000,0.000,0.000,0.8327,64.4,9.12,21,THU,NO_TX,360,,1,kieu=dung_yen;lan=1,1
55.9531,1790258689.048087,0.0202,0,318.50,231.00,0.774,,,-5.0952,-1.1713,-7.5299,-0.5978,-5.0964,-7.5301,5.3314,0.3234,0.0000,BAM,-5.2567,-8.1525,-5.1785,-8.1525,0.0000,0.0000,0.000,0.000,0.8327,64.4,9.12,21,THU,NO_TX,360,,1,kieu=dung_yen;lan=1,1
55.9732,1790258689.068208,0.0201,0,318.50,231.00,0.774,,,-5.1188,-1.1713,-7.5420,-0.5978,-5.1197,-7.5421,5.3314,0.3234,0.0000,BAM,-5.2567,-8.1525,-5.1785,-8.1525,0.0000,0.0000,0.000,0.000,0.8327,64.4,9.12,21,THU,NO_TX,360,,1,kieu=dung_yen;lan=1,1
55.9936,1790258689.088622,0.0204,1,314.25,228.50,0.762,-4.8707,-7.3867,-4.9189,1.6540,-7.4175,1.0980,-4.9144,-7.4162,5.3314,0.3234,0.0000,BAM,-5.2567,-8.1525,-5.1785,-8.1525,0.0000,0.0000,0.000,0.000,0.3109,64.0,12.86,21,THU,NO_TX,360,,1,kieu=dung_yen;lan=1,1
56.0138,1790258689.108788,0.0202,0,314.25,228.50,0.762,,,-4.8856,1.6540,-7.3954,1.0980,-4.8823,-7.3945,5.3314,0.3234,0.0000,BAM,-5.2567,-8.1525,-5.1785,-8.1525,0.0000,0.0000,0.000,0.000,0.3109,64.0,12.86,21,THU,NO_TX,360,,1,kieu=dung_yen;lan=1,1
56.0340,1790258689.128935,0.0202,1,319.00,231.50,0.762,-5.1895,-7.5866,-5.0978,-1.8603,-7.5271,-1.0579,-5.1041,-7.5283,5.3314,0.3234,0.0000,BAM,-5.2567,-8.1525,-5.1785,-8.1525,0.0000,0.0000,0.000,0.000,0.7410,48.5,8.56,21,THU,NO_TX,360,,1,kieu=dung_yen;lan=1,1
56.0546,1790258689.149573,0.0206,0,319.00,231.50,0.762,,,-5.1361,-1.8603,-7.5489,-1.0579,-5.1407,-7.5497,5.3314,0.3234,0.0000,BAM,-5.2567,-8.1525,-5.1785,-8.1525,0.0000,0.0000,0.000,0.000,0.7410,48.5,8.56,21,THU,NO_TX,360,,1,kieu=dung_yen;lan=1,1
56.0752,1790258689.170158,0.0206,0,319.00,231.50,0.762,,,-5.1744,-1.8603,-7.5707,-1.0579,-5.1779,-7.5713,5.3314,0.3234,0.0000,BAM,-5.2567,-8.1525,-5.1785,-8.1525,0.0000,0.0000,0.000,0.000,0.7410,48.5,8.56,21,THU,NO_TX,360,,1,kieu=dung_yen;lan=1,1
56.0952,1790258689.190132,0.0200,1,319.00,231.50,0.767,-5.1895,-7.5866,-5.1934,-1.6261,-7.5876,-1.0037,-5.1978,-7.5886,5.3314,0.3234,0.0000,BAM,-5.2567,-8.1525,-5.1785,-8.1525,0.0000,0.0000,0.000,0.000,0.0016,61.6,8.56,21,THU,NO_TX,360,,1,kieu=dung_yen;lan=1,1
56.1157,1790258689.210670,0.0205,0,319.00,231.50,0.767,,,-5.2268,-1.6261,-7.6082,-1.0037,-5.2299,-7.6089,5.3314,0.3234,0.0000,BAM,-5.2567,-8.1525,-5.1785,-8.1525,0.0000,0.0000,0.000,0.000,0.0016,61.6,8.56,21,THU,NO_TX,360,,1,kieu=dung_yen;lan=1,1
56.1361,1790258689.231065,0.0204,0,319.00,231.50,0.767,,,-5.2600,-1.6261,-7.6286,-1.0037,-5.2624,-7.6292,5.3314,0.3234,0.0000,BAM,-5.2567,-8.1525,-5.1785,-8.1525,0.0000,0.0000,0.000,0.000,0.0016,61.6,8.56,21,THU,NO_TX,360,,1,kieu=dung_yen;lan=1,1
56.1564,1790258689.251403,0.0204,0,319.00,231.50,0.767,,,-5.2931,-1.6261,-7.6491,-1.0037,-5.2950,-7.6495,5.3314,0.3234,0.0000,BAM,-5.2567,-8.1525,-5.1785,-8.1525,0.0000,0.0000,0.000,0.000,0.0016,61.6,8.56,21,THU,NO_TX,360,,1,kieu=dung_yen;lan=1,1
56.1768,1790258689.271799,0.0204,1,319.00,231.50,0.777,-5.1895,-7.5866,-5.2055,-0.2990,-7.5967,-0.2146,-5.2055,-7.5967,5.3314,0.3234,0.0000,BAM,-5.2567,-8.1525,-5.1785,-8.1525,0.0000,0.0000,0.000,0.000,0.0514,64.3,8.56,21,THU,NO_TX,360,,1,kieu=dung_yen;lan=1,1
56.1968,1790258689.291801,0.0200,0,319.00,231.50,0.777,,,-5.2114,-0.2990,-7.6010,-0.2146,-5.2115,-7.6010,5.3314,0.3234,0.0000,BAM,-5.2567,-8.1525,-5.1785,-8.1525,0.0000,0.0000,0.000,0.000,0.0514,64.3,8.56,21,THU,NO_TX,360,,1,kieu=dung_yen;lan=1,1
56.2170,1790258689.311995,0.0202,1,313.50,230.00,0.765,-4.8202,-7.4865,-4.9284,3.7602,-7.5197,0.9608,-4.8816,-7.5188,5.3314,0.3234,0.0000,BAM,-5.2567,-8.1525,-5.1785,-8.1525,0.0000,0.0000,0.000,0.000,0.8106,48.0,11.93,21,THU,NO_TX,360,,1,kieu=dung_yen;lan=1,1
56.2374,1790258689.332412,0.0204,0,313.50,230.00,0.765,,,-4.8516,3.7602,-7.5000,0.9608,-4.8172,-7.4994,5.3314,0.3234,0.0000,BAM,-5.2567,-8.1525,-5.1785,-8.1525,0.0000,0.0000,0.000,0.000,0.8106,48.0,11.93,21,THU,NO_TX,360,,1,kieu=dung_yen;lan=1,1
56.2577,1790258689.352659,0.0203,0,313.50,230.00,0.765,,,-4.7754,3.7602,-7.4806,0.9608,-4.7482,-7.4801,5.3314,0.3234,0.0000,BAM,-5.2567,-8.1525,-5.1785,-8.1525,0.0000,0.0000,0.000,0.000,0.8106,48.0,11.93,21,THU,NO_TX,360,,1,kieu=dung_yen;lan=1,1
56.2779,1790258689.372872,0.0202,1,313.25,229.25,0.771,-4.8035,-7.4366,-4.7850,2.6506,-7.4411,1.2163,-4.7667,-7.4393,5.3314,0.3234,0.0000,BAM,-5.2567,-8.1525,-5.1785,-8.1525,0.0000,0.0000,0.000,0.000,0.0354,64.4,12.69,21,THU,NO_TX,360,,1,kieu=dung_yen;lan=1,1
56.2979,1790258689.392915,0.0200,0,313.25,229.25,0.771,,,-4.7319,2.6506,-7.4168,1.2163,-4.7187,-7.4155,5.3314,0.3234,0.0000,BAM,-5.2567,-8.1525,-5.1785,-8.1525,0.0000,0.0000,0.000,0.000,0.0354,64.4,12.69,21,THU,NO_TX,360,,1,kieu=dung_yen;lan=1,1
56.3181,1790258689.413061,0.0201,1,318.75,231.50,0.765,-5.1727,-7.5866,-5.0382,-2.4804,-7.5324,-0.7417,-5.0531,-7.5328,5.3314,0.3234,0.0000,BAM,-5.2567,-8.1525,-5.1785,-8.1525,0.0000,0.0000,0.000,0.000,1.3253,47.9,8.59,21,THU,NO_TX,360,,1,kieu=dung_yen;lan=1,1
56.3383,1790258689.433224,0.0202,0,318.75,231.50,0.765,,,-5.0884,-2.4804,-7.5474,-0.7417,-5.0990,-7.5477,5.3314,0.3234,0.0000,BAM,-5.2567,-8.1525,-5.1785,-8.1525,0.0000,0.0000,0.000,0.000,1.3253,47.9,8.59,21,THU,NO_TX,360,,1,kieu=dung_yen;lan=1,1
56.3587,1790258689.453672,0.0204,0,318.75,231.50,0.765,,,-5.1389,-2.4804,-7.5625,-0.7417,-5.1472,-7.5627,5.3314,0.3234,0.0000,BAM,-5.2567,-8.1525,-5.1785,-8.1525,0.0000,0.0000,0.000,0.000,1.3253,47.9,8.59,21,THU,NO_TX,360,,1,kieu=dung_yen;lan=1,1
56.3787,1790258689.473664,0.0200,0,318.75,231.50,0.765,,,-5.1886,-2.4804,-7.5773,-0.7417,-5.1954,-7.5775,5.3314,0.3234,0.0000,BAM,-5.2567,-8.1525,-5.1785,-8.1525,0.0000,0.0000,0.000,0.000,1.3253,47.9,8.59,21,THU,NO_TX,360,,1,kieu=dung_yen;lan=1,1
56.3989,1790258689.493808,0.0202,1,319.50,230.00,0.784,-5.2231,-7.4867,-5.2250,-2.3268,-7.5000,0.2818,-5.2375,-7.5000,5.3314,0.3234,0.0000,BAM,-5.2567,-8.1525,-5.1785,-8.1525,0.0000,0.0000,0.000,0.000,0.0228,64.4,10.01,21,THU,NO_TX,360,,1,kieu=dung_yen;lan=1,1
56.4191,1790258689.514064,0.0202,0,319.50,230.00,0.784,,,-5.2720,-2.3268,-7.4943,0.2818,-5.2809,-7.4943,5.3314,0.3234,0.0000,BAM,-5.2567,-8.1525,-5.1785,-8.1525,0.0000,0.0000,0.000,0.000,0.0228,64.4,10.01,21,THU,NO_TX,360,,1,kieu=dung_yen;lan=1,1
56.4393,1790258689.534264,0.0202,0,319.50,230.00,0.784,,,-5.3189,-2.3268,-7.4886,0.2818,-5.3259,-7.4886,5.3314,0.3234,0.0000,BAM,-5.2567,-8.1525,-5.1785,-8.1525,0.0000,0.0000,0.000,0.000,0.0228,64.4,10.01,21,THU,NO_TX,360,,1,kieu=dung_yen;lan=1,1
56.4597,1790258689.554672,0.0204,1,314.00,229.00,0.767,-4.8539,-7.4200,-4.9451,2.9439,-7.4316,0.9112,-4.9211,-7.4308,5.3314,0.3234,0.0000,BAM,-5.2567,-8.1525,-5.1785,-8.1525,0.0000,0.0000,0.000,0.000,0.8254,62.7,12.53,21,THU,NO_TX,360,,1,kieu=dung_yen;lan=1,1
56.4801,1790258689.575068,0.0204,0,314.00,229.00,0.767,,,-4.8850,2.9439,-7.4130,0.9112,-4.8677,-7.4125,5.3314,0.3234,0.0000,BAM,-5.2567,-8.1525,-5.1785,-8.1525,0.0000,0.0000,0.000,0.000,0.8254,62.7,12.53,21,THU,NO_TX,360,,1,kieu=dung_yen;lan=1,1
56.5006,1790258689.595556,0.0204,1,319.50,232.00,0.769,-5.2231,-7.6199,-5.1161,-1.2308,-7.5577,-1.3810,-5.1179,-7.5602,5.3314,0.3234,0.0000,BAM,-5.2567,-8.1525,-5.1785,-8.1525,0.0000,0.0000,0.000,0.000,0.9657,48.5,8.02,21,THU,NO_TX,360,,1,kieu=dung_yen;lan=1,1
56.5207,1790258689.615730,0.0202,0,319.50,232.00,0.769,,,-5.1409,-1.2308,-7.5855,-1.3810,-5.1422,-7.5874,5.3314,0.3234,0.0000,BAM,-5.2567,-8.1525,-5.1785,-8.1525,0.0000,0.0000,0.000,0.000,0.9657,48.5,8.02,21,THU,NO_TX,360,,1,kieu=dung_yen;lan=1,1
56.5410,1790258689.635975,0.0202,0,319.50,232.00,0.769,,,-5.1658,-1.2308,-7.6135,-1.3810,-5.1669,-7.6149,5.3314,0.3234,0.0000,BAM,-5.2567,-8.1525,-5.1785,-8.1525,0.0000,0.0000,0.000,0.000,0.9657,48.5,8.02,21,THU,NO_TX,360,,1,kieu=dung_yen;lan=1,1
56.5610,1790258689.655992,0.0201,1,318.50,231.50,0.779,-5.1559,-7.5866,-5.1621,-0.8640,-7.5968,-0.8155,-5.1628,-7.5973,5.3314,0.3234,0.0000,BAM,-5.2567,-8.1525,-5.1785,-8.1525,0.0000,0.0000,0.000,0.000,0.0126,63.5,8.63,21,THU,NO_TX,360,,1,kieu=dung_yen;lan=1,1
56.5816,1790258689.676570,0.0205,0,318.50,231.50,0.779,,,-5.1799,-0.8640,-7.6135,-0.8155,-5.1804,-7.6139,5.3314,0.3234,0.0000,BAM,-5.2567,-8.1525,-5.1785,-8.1525,0.0000,0.0000,0.000,0.000,0.0126,63.5,8.63,21,THU,NO_TX,360,,1,kieu=dung_yen;lan=1,1
56.6018,1790258689.696785,0.0202,0,318.50,231.50,0.779,,,-5.1974,-0.8640,-7.6300,-0.8155,-5.1977,-7.6303,5.3314,0.3234,0.0000,BAM,-5.2567,-8.1525,-5.1785,-8.1525,0.0000,0.0000,0.000,0.000,0.0126,63.5,8.63,21,THU,NO_TX,360,,1,kieu=dung_yen;lan=1,1
56.6221,1790258689.717108,0.0203,1,313.25,229.00,0.753,-4.8035,-7.4199,-4.8761,3.3908,-7.4614,1.4715,-4.8395,-7.4583,5.3314,0.3234,0.0000,BAM,-5.2567,-8.1525,-5.1785,-8.1525,0.0000,0.0000,0.000,0.000,0.6697,63.4,12.91,21,THU,NO_TX,360,,1,kieu=dung_yen;lan=1,1
56.6424,1790258689.737327,0.0202,0,313.25,229.00,0.753,,,-4.8075,3.3908,-7.4317,1.4715,-4.7810,-7.4294,5.3314,0.3234,0.0000,BAM,-5.2567,-8.1525,-5.1785,-8.1525,0.0000,0.0000,0.000,0.000,0.6697,63.4,12.91,21,THU,NO_TX,360,,1,kieu=dung_yen;lan=1,1
56.6627,1790258689.757657,0.0203,0,313.25,229.00,0.753,,,-4.7386,3.3908,-7.4017,1.4715,-4.7178,-7.4000,5.3314,0.3234,0.0000,BAM,-5.2567,-8.1525,-5.1785,-8.1525,0.0000,0.0000,0.000,0.000,0.6697,63.4,12.91,21,THU,NO_TX,360,,1,kieu=dung_yen;lan=1,1
56.6834,1790258689.778348,0.0207,1,313.00,229.50,0.758,-4.7867,-7.4532,-4.7659,2.1651,-7.4382,0.6434,-4.7559,-7.4380,5.3314,0.3234,0.0000,BAM,-5.2567,-8.1525,-5.1785,-8.1525,0.0000,0.0000,0.000,0.000,0.0624,49.4,12.62,21,THU,NO_TX,360,,1,kieu=dung_yen;lan=1,1
56.7036,1790258689.798493,0.0202,0,313.00,229.50,0.758,,,-4.7222,2.1651,-7.4252,0.6434,-4.7150,-7.4251,5.3314,0.3234,0.0000,BAM,-5.2567,-8.1525,-5.1785,-8.1525,0.0000,0.0000,0.000,0.000,0.0624,49.4,12.62,21,THU,NO_TX,360,,1,kieu=dung_yen;lan=1,1
56.7239,1790258689.818867,0.0204,0,313.00,229.50,0.758,,,-4.6781,2.1651,-7.4121,0.6434,-4.6725,-7.4120,5.3314,0.3234,0.0000,BAM,-5.2567,-8.1525,-5.1785,-8.1525,0.0000,0.0000,0.000,0.000,0.0624,49.4,12.62,21,THU,NO_TX,360,,1,kieu=dung_yen;lan=1,1
56.7444,1790258689.839414,0.0205,1,313.00,229.50,0.753,-4.7867,-7.4532,-4.7597,0.5760,-7.4433,0.0938,-4.7595,-7.4433,5.3314,0.3234,0.0000,BAM,-5.2567,-8.1525,-5.1785,-8.1525,0.0000,0.0000,0.000,0.000,0.0804,61.4,12.62,21,THU,NO_TX,360,,1,kieu=dung_yen;lan=1,1
56.7650,1790258689.859913,0.0206,0,313.00,229.50,0.753,,,-4.7479,0.5760,-7.4414,0.0938,-4.7478,-7.4414,5.3314,0.3234,0.0000,BAM,-5.2567,-8.1525,-5.1785,-8.1525,0.0000,0.0000,0.000,0.000,0.0804,61.4,12.62,21,THU,NO_TX,360,,1,kieu=dung_yen;lan=1,1
56.7850,1790258689.879588,0.0200,0,313.00,229.50,0.753,,,-4.7363,0.5760,-7.4395,0.0938,-4.7362,-7.4395,5.3314,0.3234,0.0000,BAM,-5.2567,-8.1525,-5.1785,-8.1525,0.0000,0.0000,0.000,0.000,0.0804,61.4,12.62,21,THU,NO_TX,360,,1,kieu=dung_yen;lan=1,1
56.8055,1790258689.900530,0.0205,1,314.00,228.75,0.753,-4.8539,-7.4034,-4.8311,-0.7672,-7.4096,0.4402,-4.8316,-7.4095,5.3314,0.3234,0.0000,BAM,-5.2567,-8.1525,-5.1785,-8.1525,0.0000,0.0000,0.000,0.000,0.0546,65.3,12.75,21,THU,NO_TX,360,,1,kieu=dung_yen;lan=1,1
56.8255,1790258689.920453,0.0200,0,314.00,228.75,0.753,,,-4.8465,-0.7672,-7.4008,0.4402,-4.8468,-7.4007,5.3314,0.3234,0.0000,BAM,-5.2567,-8.1525,-5.1785,-8.1525,0.0000,0.0000,0.000,0.000,0.0546,65.3,12.75,21,THU,NO_TX,360,,1,kieu=dung_yen;lan=1,1
56.8457,1790258689.940701,0.0202,0,314.00,228.75,0.753,,,-4.8620,-0.7672,-7.3919,0.4402,-4.8622,-7.3919,5.3314,0.3234,0.0000,BAM,-5.2567,-8.1525,-5.1785,-8.1525,0.0000,0.0000,0.000,0.000,0.0546,65.3,12.75,21,THU,NO_TX,360,,1,kieu=dung_yen;lan=1,1
56.8663,1790258689.961249,0.0205,1,319.25,232.00,0.769,-5.2063,-7.6199,-5.1480,-4.1816,-7.5762,-1.9619,-5.2130,-7.5836,5.3314,0.3234,0.0000,BAM,-5.2567,-8.1525,-5.1785,-8.1525,0.0000,0.0000,0.000,0.000,0.4985,48.5,8.04,21,THU,NO_TX,360,,1,kieu=dung_yen;lan=1,1
56.8863,1790258689.981327,0.0201,0,319.25,232.00,0.769,,,-5.2320,-4.1816,-7.6157,-1.9619,-5.2799,-7.6209,5.3314,0.3234,0.0000,BAM,-5.2567,-8.1525,-5.1785,-8.1525,0.0000,0.0000,0.000,0.000,0.4985,48.5,8.04,21,THU,NO_TX,360,,1,kieu=dung_yen;lan=1,1
56.9067,1790258690.001676,0.0203,0,319.25,232.00,0.769,,,-5.3171,-4.1816,-7.6556,-1.9619,-5.3549,-7.6597,5.3314,0.3234,0.0000,BAM,-5.2567,-8.1525,-5.1785,-8.1525,0.0000,0.0000,0.000,0.000,0.4985,48.5,8.04,21,THU,NO_TX,360,,1,kieu=dung_yen;lan=1,1
56.9268,1790258690.021780,0.0201,1,313.75,229.00,0.764,-4.8371,-7.4200,-4.9375,1.6835,-7.4708,0.8273,-4.9327,-7.4702,5.3314,0.3234,0.0000,BAM,-5.2567,-8.1525,-5.1785,-8.1525,0.0000,0.0000,0.000,0.000,1.2092,63.3,12.65,21,THU,NO_TX,360,,1,kieu=dung_yen;lan=1,1
56.9470,1790258690.041996,0.0202,0,313.75,229.00,0.764,,,-4.9034,1.6835,-7.4540,0.8273,-4.9000,-7.4536,5.3314,0.3234,0.0000,BAM,-5.2567,-8.1525,-5.1785,-8.1525,0.0000,0.0000,0.000,0.000,1.2092,63.3,12.65,21,THU,NO_TX,360,,1,kieu=dung_yen;lan=1,1
56.9672,1790258690.062181,0.0202,0,313.75,229.00,0.764,,,-4.8695,1.6835,-7.4374,0.8273,-4.8668,-7.4371,5.3314,0.3234,0.0000,BAM,-5.2567,-8.1525,-5.1785,-8.1525,0.0000,0.0000,0.000,0.000,1.2092,63.3,12.65,21,THU,NO_TX,360,,1,kieu=dung_yen;lan=1,1
56.9872,1790258690.082230,0.0200,1,319.00,231.50,0.780,-5.1895,-7.5866,-5.1264,-1.9954,-7.5559,-0.8544,-5.1343,-7.5565,5.3314,0.3234,0.0000,BAM,-5.2567,-8.1525,-5.1785,-8.1525,0.0000,0.0000,0.000,0.000,0.4699,63.7,8.56,21,THU,NO_TX,360,,1,kieu=dung_yen;lan=1,1
57.0077,1790258690.102671,0.0204,0,319.00,231.50,0.780,,,-5.1672,-1.9954,-7.5734,-0.8544,-5.1728,-7.5738,5.3314,0.3234,0.0000,BAM,-5.2567,-8.1525,-5.1785,-8.1525,0.0000,0.0000,0.000,0.000,0.4699,63.7,8.56,21,THU,NO_TX,360,,1,kieu=dung_yen;lan=1,1
57.0278,1790258690.122818,0.0201,1,319.25,231.25,0.770,-5.2063,-7.5700,-5.2066,-1.9841,-7.5757,-0.6459,-5.2143,-7.5759,5.3314,0.3234,0.0000,BAM,-5.2567,-8.1525,-5.1785,-8.1525,0.0000,0.0000,0.000,0.000,0.0019,47.4,8.78,21,THU,NO_TX,360,,1,kieu=dung_yen;lan=1,1
57.0479,1790258690.142851,0.0200,0,319.25,231.25,0.770,,,-5.2464,-1.9841,-7.5886,-0.6459,-5.2519,-7.5888,5.3314,0.3234,0.0000,BAM,-5.2567,-8.1525,-5.1785,-8.1525,0.0000,0.0000,0.000,0.000,0.0019,47.4,8.78,21,THU,NO_TX,360,,1,kieu=dung_yen;lan=1,1
57.0682,1790258690.163194,0.0203,0,319.25,231.25,0.770,,,-5.2867,-1.9841,-7.6018,-0.6459,-5.2910,-7.6019,5.3314,0.3234,0.0000,BAM,-5.2567,-8.1525,-5.1785,-8.1525,0.0000,0.0000,0.000,0.000,0.0019,47.4,8.78,21,THU,NO_TX,360,,1,kieu=dung_yen;lan=1,1
57.0886,1790258690.183562,0.0204,1,320.25,229.50,0.768,-5.2734,-7.4535,-5.2831,-1.4160,-7.4836,1.0228,-5.2860,-7.4825,5.3314,0.3234,0.0000,BAM,-5.2567,-8.1525,-5.1785,-8.1525,0.0000,0.0000,0.000,0.000,0.0867,64.7,10.50,21,THU,NO_TX,360,,1,kieu=dung_yen;lan=1,1
57.1091,1790258690.204053,0.0205,0,320.25,229.50,0.768,,,-5.3122,-1.4160,-7.4626,1.0228,-5.3142,-7.4618,5.3314,0.3234,0.0000,BAM,-5.2567,-8.1525,-5.1785,-8.1525,0.0000,0.0000,0.000,0.000,0.0867,64.7,10.50,21,THU,NO_TX,360,,1,kieu=dung_yen;lan=1,1
57.1292,1790258690.224054,0.0201,0,320.25,229.50,0.768,,,-5.3406,-1.4160,-7.4420,1.0228,-5.3422,-7.4415,5.3314,0.3234,0.0000,BAM,-5.2567,-8.1525,-5.1785,-8.1525,0.0000,0.0000,0.000,0.000,0.0867,64.7,10.50,21,THU,NO_TX,360,,1,kieu=dung_yen;lan=1,1
57.1496,1790258690.244604,0.0204,1,319.25,231.00,0.768,-5.2063,-7.5533,-5.2351,0.2721,-7.5291,-0.3104,-5.2351,-7.5291,5.3314,0.3234,0.0000,BAM,-5.2567,-8.1525,-5.1785,-8.1525,0.0000,0.0000,0.000,0.000,0.1330,47.1,9.03,21,THU,NO_TX,360,,1,kieu=dung_yen;lan=1,1
57.1699,1790258690.264923,0.0203,0,319.25,231.00,0.768,,,-5.2296,0.2721,-7.5354,-0.3104,-5.2296,-7.5354,5.3314,0.3234,0.0000,BAM,-5.2567,-8.1525,-5.1785,-8.1525,0.0000,0.0000,0.000,0.000,0.1330,47.1,9.03,21,THU,NO_TX,360,,1,kieu=dung_yen;lan=1,1
57.1905,1790258690.285501,0.0206,0,319.25,231.00,0.768,,,-5.2240,0.2721,-7.5418,-0.3104,-5.2240,-7.5418,5.3314,0.3234,0.0000,BAM,-5.2567,-8.1525,-5.1785,-8.1525,0.0000,0.0000,0.000,0.000,0.1330,47.1,9.03,21,THU,NO_TX,360,,1,kieu=dung_yen;lan=1,1
57.2108,1790258690.305761,0.0203,1,320.25,231.50,0.762,-5.2735,-7.5866,-5.2638,-0.2980,-7.5795,-0.7001,-5.2638,-7.5799,5.3314,0.3234,0.0000,BAM,-5.2567,-8.1525,-5.1785,-8.1525,0.0000,0.0000,0.000,0.000,0.0136,64.2,8.50,21,THU,NO_TX,360,,1,kieu=dung_yen;lan=1,1
57.2313,1790258690.326281,0.0205,0,320.25,231.50,0.762,,,-5.2699,-0.2980,-7.5939,-0.7001,-5.2699,-7.5942,5.3314,0.3234,0.0000,BAM,-5.2567,-8.1525,-5.1785,-8.1525,0.0000,0.0000,0.000,0.000,0.0136,64.2,8.50,21,THU,NO_TX,360,,1,kieu=dung_yen;lan=1,1
57.2518,1790258690.346779,0.0205,0,320.25,231.50,0.762,,,-5.2760,-0.2980,-7.6083,-0.7001,-5.2760,-7.6085,5.3314,0.3234,0.0000,BAM,-5.2567,-8.1525,-5.1785,-8.1525,0.0000,0.0000,0.000,0.000,0.0136,64.2,8.50,21,THU,NO_TX,360,,1,kieu=dung_yen;lan=1,1
57.2722,1790258690.367164,0.0204,1,318.50,231.50,0.777,-5.1559,-7.5866,-5.1780,1.0110,-7.5931,-0.3362,-5.1769,-7.5932,5.3314,0.3234,0.0000,BAM,-5.2567,-8.1525,-5.1785,-8.1525,0.0000,0.0000,0.000,0.000,0.0522,63.8,8.63,21,THU,NO_TX,360,,1,kieu=dung_yen;lan=1,1
57.2923,1790258690.387286,0.0201,0,318.50,231.50,0.777,,,-5.1576,1.0110,-7.5999,-0.3362,-5.1569,-7.5999,5.3314,0.3234,0.0000,BAM,-5.2567,-8.1525,-5.1785,-8.1525,0.0000,0.0000,0.000,0.000,0.0522,63.8,8.63,21,THU,NO_TX,360,,1,kieu=dung_yen;lan=1,1
57.3127,1790258690.407685,0.0204,1,314.00,229.50,0.765,-4.8538,-7.4533,-4.9305,3.9593,-7.4959,1.2135,-4.8752,-7.4942,5.3314,0.3234,0.0000,BAM,-5.2567,-8.1525,-5.1785,-8.1525,0.0000,0.0000,0.000,0.000,0.4823,48.1,12.09,21,THU,NO_TX,360,,1,kieu=dung_yen;lan=1,1
57.3330,1790258690.427953,0.0202,0,314.00,229.50,0.765,,,-4.8503,3.9593,-7.4713,1.2135,-4.8097,-7.4701,5.3314,0.3234,0.0000,BAM,-5.2567,-8.1525,-5.1785,-8.1525,0.0000,0.0000,0.000,0.000,0.4823,48.1,12.09,21,THU,NO_TX,360,,1,kieu=dung_yen;lan=1,1
57.3533,1790258690.448281,0.0203,0,314.00,229.50,0.765,,,-4.7699,3.9593,-7.4467,1.2135,-4.7377,-7.4457,5.3314,0.3234,0.0000,BAM,-5.2567,-8.1525,-5.1785,-8.1525,0.0000,0.0000,0.000,0.000,0.4823,48.1,12.09,21,THU,NO_TX,360,,1,kieu=dung_yen;lan=1,1
57.3733,1790258690.468313,0.0200,1,313.00,229.25,0.761,-4.7867,-7.4366,-4.7694,2.9404,-7.4339,1.0664,-4.7447,-7.4327,5.3314,0.3234,0.0000,BAM,-5.2567,-8.1525,-5.1785,-8.1525,0.0000,0.0000,0.000,0.000,0.0296,62.1,12.83,21,THU,NO_TX,360,,1,kieu=dung_yen;lan=1,1
57.3938,1790258690.488833,0.0205,0,313.00,229.25,0.761,,,-4.7090,2.9404,-7.4120,1.0664,-4.6914,-7.4111,5.3314,0.3234,0.0000,BAM,-5.2567,-8.1525,-5.1785,-8.1525,0.0000,0.0000,0.000,0.000,0.0296,62.1,12.83,21,THU,NO_TX,360,,1,kieu=dung_yen;lan=1,1
57.4139,1790258690.508933,0.0201,0,313.00,229.25,0.761,,,-4.6500,2.9404,-7.3906,1.0664,-4.6362,-7.3899,5.3314,0.3234,0.0000,BAM,-5.2567,-8.1525,-5.1785,-8.1525,0.0000,0.0000,0.000,0.000,0.0296,62.1,12.83,21,THU,NO_TX,360,,1,kieu=dung_yen;lan=1,1
57.4343,1790258690.529279,0.0204,0,313.00,229.25,0.761,,,-4.5901,2.9404,-7.3689,1.0664,-4.5788,-7.3683,5.3314,0.3234,0.0000,BAM,-5.2567,-8.1525,-5.1785,-8.1525,0.0000,0.0000,0.000,0.000,0.0296,62.1,12.83,21,THU,NO_TX,360,,1,kieu=dung_yen;lan=1,1
57.4544,1790258690.549373,0.0201,1,320.50,230.50,0.785,-5.2902,-7.5200,-5.2006,-4.4473,-7.4987,-0.5796,-5.2773,-7.4989,5.3314,0.3234,0.0000,BAM,-5.2567,-8.1525,-5.1785,-8.1525,0.0000,0.0000,0.000,0.000,1.2434,66.1,9.51,21,THU,NO_TX,360,,1,kieu=dung_yen;lan=1,1
57.4745,1790258690.569358,0.0201,0,320.50,230.50,0.785,,,-5.2902,-4.4473,-7.5104,-0.5796,-5.3470,-7.5105,5.3314,0.3234,0.0000,BAM,-5.2567,-8.1525,-5.1785,-8.1525,0.0000,0.0000,0.000,0.000,1.2434,66.1,9.51,21,THU,NO_TX,360,,1,kieu=dung_yen;lan=1,1
57.4947,1790258690.589685,0.0202,1,313.75,229.25,0.768,-4.8371,-7.4366,-4.9844,1.1037,-7.4604,0.2664,-4.9831,-7.4604,5.3314,0.3234,0.0000,BAM,-5.2567,-8.1525,-5.1785,-8.1525,0.0000,0.0000,0.000,0.000,1.4252,46.0,12.43,21,THU,NO_TX,360,,1,kieu=dung_yen;lan=1,1
57.5148,1790258690.609637,0.0201,0,313.75,229.25,0.768,,,-4.9623,1.1037,-7.4550,0.2664,-4.9613,-7.4550,5.3314,0.3234,0.0000,BAM,-5.2567,-8.1525,-5.1785,-8.1525,0.0000,0.0000,0.000,0.000,1.4252,46.0,12.43,21,THU,NO_TX,360,,1,kieu=dung_yen;lan=1,1
57.5351,1790258690.630020,0.0203,0,313.75,229.25,0.768,,,-4.9399,1.1037,-7.4496,0.2664,-4.9392,-7.4496,5.3314,0.3234,0.0000,BAM,-5.2567,-8.1525,-5.1785,-8.1525,0.0000,0.0000,0.000,0.000,1.4252,46.0,12.43,21,THU,NO_TX,360,,1,kieu=dung_yen;lan=1,1
57.5556,1790258690.650578,0.0206,1,320.25,230.50,0.767,-5.2735,-7.5200,-5.2101,-2.6911,-7.5060,-0.5227,-5.2291,-7.5061,5.3314,0.3234,0.0000,BAM,-5.2567,-8.1525,-5.1785,-8.1525,0.0000,0.0000,0.000,0.000,0.4101,64.3,9.50,21,THU,NO_TX,360,,1,kieu=dung_yen;lan=1,1
57.5757,1790258690.670547,0.0201,0,320.25,230.50,0.767,,,-5.2641,-2.6911,-7.5165,-0.5227,-5.2777,-7.5166,5.3314,0.3234,0.0000,BAM,-5.2567,-8.1525,-5.1785,-8.1525,0.0000,0.0000,0.000,0.000,0.4101,64.3,9.50,21,THU,NO_TX,360,,1,kieu=dung_yen;lan=1,1
57.5964,1790258690.691335,0.0207,0,320.25,230.50,0.767,,,-5.3198,-2.6911,-7.5273,-0.5227,-5.3304,-7.5274,5.3314,0.3234,0.0000,BAM,-5.2567,-8.1525,-5.1785,-8.1525,0.0000,0.0000,0.000,0.000,0.4101,64.3,9.50,21,THU,NO_TX,360,,1,kieu=dung_yen;lan=1,1
57.6165,1790258690.711466,0.0201,1,319.75,232.00,0.780,-5.2399,-7.6199,-5.2635,-1.3040,-7.6048,-1.3520,-5.2658,-7.6073,5.3314,0.3234,0.0000,BAM,-5.2567,-8.1525,-5.1785,-8.1525,0.0000,0.0000,0.000,0.000,0.0749,65.7,8.00,21,THU,NO_TX,360,,1,kieu=dung_yen;lan=1,1
57.6368,1790258690.731533,0.0203,0,319.75,232.00,0.780,,,-5.2900,-1.3040,-7.6323,-1.3520,-5.2916,-7.6340,5.3314,0.3234,0.0000,BAM,-5.2567,-8.1525,-5.1785,-8.1525,0.0000,0.0000,0.000,0.000,0.0749,65.7,8.00,21,THU,NO_TX,360,,1,kieu=dung_yen;lan=1,1
57.6571,1790258690.752087,0.0203,0,319.75,232.00,0.780,,,-5.3165,-1.3040,-7.6598,-1.3520,-5.3178,-7.6611,5.3314,0.3234,0.0000,BAM,-5.2567,-8.1525,-5.1785,-8.1525,0.0000,0.0000,0.000,0.000,0.0749,65.7,8.00,21,THU,NO_TX,360,,1,kieu=dung_yen;lan=1,1
57.6777,1790258690.772662,0.0206,1,318.50,231.50,0.758,-5.1559,-7.5866,-5.1889,0.6400,-7.6050,-0.3303,-5.1887,-7.6051,5.3314,0.3234,0.0000,BAM,-5.2567,-8.1525,-5.1785,-8.1525,0.0000,0.0000,0.000,0.000,0.1375,47.9,8.63,21,THU,NO_TX,360,,1,kieu=dung_yen;lan=1,1
57.6983,1790258690.793307,0.0206,0,318.50,231.50,0.758,,,-5.1757,0.6400,-7.6119,-0.3303,-5.1755,-7.6119,5.3314,0.3234,0.0000,BAM,-5.2567,-8.1525,-5.1785,-8.1525,0.0000,0.0000,0.000,0.000,0.1375,47.9,8.63,21,THU,NO_TX,360,,1,kieu=dung_yen;lan=1,1
57.7188,1790258690.813765,0.0205,0,318.50,231.50,0.758,,,-5.1626,0.6400,-7.6186,-0.3303,-5.1625,-7.6187,5.3314,0.3234,0.0000,BAM,-5.2567,-8.1525,-5.1785,-8.1525,0.0000,0.0000,0.000,0.000,0.1375,47.9,8.63,21,THU,NO_TX,360,,1,kieu=dung_yen;lan=1,1
57.7392,1790258690.834179,0.0204,1,318.00,231.75,0.765,-5.1223,-7.6032,-5.1271,0.9223,-7.6072,-0.1061,-5.1263,-7.6072,5.3314,0.3234,0.0000,BAM,-5.2567,-8.1525,-5.1785,-8.1525,0.0000,0.0000,0.000,0.000,0.0037,63.3,8.49,21,THU,NO_TX,360,,1,kieu=dung_yen;lan=1,1
57.7600,1790258690.855009,0.0208,0,318.00,231.75,0.765,,,-5.1079,0.9223,-7.6094,-0.1061,-5.1073,-7.6094,5.3314,0.3234,0.0000,BAM,-5.2567,-8.1525,-5.1785,-8.1525,0.0000,0.0000,0.000,0.000,0.0037,63.3,8.49,21,THU,NO_TX,360,,1,kieu=dung_yen;lan=1,1
57.7801,1790258690.875064,0.0201,0,318.00,231.75,0.765,,,-5.0894,0.9223,-7.6116,-0.1061,-5.0890,-7.6116,5.3314,0.3234,0.0000,BAM,-5.2567,-8.1525,-5.1785,-8.1525,0.0000,0.0000,0.000,0.000,0.0037,63.3,8.49,21,THU,NO_TX,360,,1,kieu=dung_yen;lan=1,1
57.8003,1790258690.895337,0.0203,1,320.50,230.25,0.765,-5.2902,-7.5034,-5.2516,-1.3565,-7.5235,1.0111,-5.2541,-7.5225,5.3314,0.3234,0.0000,BAM,-5.2567,-8.1525,-5.1785,-8.1525,0.0000,0.0000,0.000,0.000,0.1830,63.4,9.76,21,THU,NO_TX,360,,1,kieu=dung_yen;lan=1,1
57.8205,1790258690.915517,0.0202,0,320.50,230.25,0.765,,,-5.2790,-1.3565,-7.5031,1.0111,-5.2808,-7.5024,5.3314,0.3234,0.0000,BAM,-5.2567,-8.1525,-5.1785,-8.1525,0.0000,0.0000,0.000,0.000,0.1830,63.4,9.76,21,THU,NO_TX,360,,1,kieu=dung_yen;lan=1,1
57.8408,1790258690.935841,0.0203,1,319.50,232.00,0.769,-5.2231,-7.6199,-5.2457,-0.4870,-7.5817,-0.3760,-5.2458,-7.5818,5.3314,0.3234,0.0000,BAM,-5.2567,-8.1525,-5.1785,-8.1525,0.0000,0.0000,0.000,0.000,0.1165,48.6,8.02,21,THU,NO_TX,360,,1,kieu=dung_yen;lan=1,1
57.8613,1790258690.956305,0.0205,0,319.50,232.00,0.769,,,-5.2557,-0.4870,-7.5894,-0.3760,-5.2557,-7.5894,5.3314,0.3234,0.0000,BAM,-5.2567,-8.1525,-5.1785,-8.1525,0.0000,0.0000,0.000,0.000,0.1165,48.6,8.02,21,THU,NO_TX,360,,1,kieu=dung_yen;lan=1,1
57.8815,1790258690.976462,0.0202,0,319.50,232.00,0.769,,,-5.2655,-0.4870,-7.5970,-0.3760,-5.2655,-7.5970,5.3314,0.3234,0.0000,BAM,-5.2567,-8.1525,-5.1785,-8.1525,0.0000,0.0000,0.000,0.000,0.1165,48.6,8.02,21,THU,NO_TX,360,,1,kieu=dung_yen;lan=1,1
57.9016,1790258690.996624,0.0202,0,319.50,232.00,0.769,,,-5.2753,-0.4870,-7.6046,-0.3760,-5.2754,-7.6046,5.3314,0.3234,0.0000,BAM,-5.2567,-8.1525,-5.1785,-8.1525,0.0000,0.0000,0.000,0.000,0.1165,48.6,8.02,21,THU,NO_TX,360,,1,kieu=dung_yen;lan=1,1
57.9223,1790258691.017277,0.0207,1,319.25,232.00,0.776,-5.2063,-7.6199,-5.2156,0.2931,-7.6190,-0.4489,-5.2155,-7.6190,5.3314,0.3234,0.0000,BAM,-5.2567,-8.1525,-5.1785,-8.1525,0.0000,0.0000,0.000,0.000,0.0129,64.3,8.04,21,THU,NO_TX,360,,1,kieu=dung_yen;lan=1,1
57.9426,1790258691.037583,0.0203,0,319.25,232.00,0.776,,,-5.2096,0.2931,-7.6281,-0.4489,-5.2096,-7.6281,5.3314,0.3234,0.0000,BAM,-5.2567,-8.1525,-5.1785,-8.1525,0.0000,0.0000,0.000,0.000,0.0129,64.3,8.04,21,THU,NO_TX,360,,1,kieu=dung_yen;lan=1,1
57.9627,1790258691.057684,0.0201,0,319.25,232.00,0.776,,,-5.2037,0.2931,-7.6371,-0.4489,-5.2037,-7.6371,5.3314,0.3234,0.0000,BAM,-5.2567,-8.1525,-5.1785,-8.1525,0.0000,0.0000,0.000,0.000,0.0129,64.3,8.04,21,THU,NO_TX,360,,1,kieu=dung_yen;lan=1,1
57.9829,1790258691.078416,0.0202,1,313.75,229.00,0.760,-4.8371,-7.4200,-4.9015,4.0030,-7.4619,1.8165,-4.8448,-7.4561,5.3314,0.3234,0.0000,BAM,-5.2567,-8.1525,-5.1785,-8.1525,0.0000,0.0000,0.000,0.000,0.5558,63.3,12.65,21,THU,NO_TX,360,,1,kieu=dung_yen;lan=1,1
58.0030,1790258691.098031,0.0201,0,313.75,229.00,0.760,,,-4.8209,4.0030,-7.4253,1.8165,-4.7791,-7.4212,5.3314,0.3234,0.0000,BAM,-5.2567,-8.1525,-5.1785,-8.1525,0.0000,0.0000,0.000,0.000,0.5558,63.3,12.65,21,THU,NO_TX,360,,1,kieu=dung_yen;lan=1,1
58.0234,1790258691.118388,0.0204,1,319.50,231.75,0.775,-5.2231,-7.6032,-5.0921,-1.0640,-7.5435,-0.3669,-5.0933,-7.5436,5.3314,0.3234,0.0000,BAM,-5.2567,-8.1525,-5.1785,-8.1525,0.0000,0.0000,0.000,0.000,1.3071,49.1,8.27,21,THU,NO_TX,360,,1,kieu=dung_yen;lan=1,1
58.0439,1790258691.138858,0.0205,0,319.50,231.75,0.775,,,-5.1139,-1.0640,-7.5510,-0.3669,-5.1148,-7.5511,5.3314,0.3234,0.0000,BAM,-5.2567,-8.1525,-5.1785,-8.1525,0.0000,0.0000,0.000,0.000,1.3071,49.1,8.27,21,THU,NO_TX,360,,1,kieu=dung_yen;lan=1,1
58.0646,1790258691.159294,0.0208,0,319.50,231.75,0.775,,,-5.1360,-1.0640,-7.5587,-0.3669,-5.1367,-7.5587,5.3314,0.3234,0.0000,BAM,-5.2567,-8.1525,-5.1785,-8.1525,0.0000,0.0000,0.000,0.000,1.3071,49.1,8.27,21,THU,NO_TX,360,,1,kieu=dung_yen;lan=1,1
58.0848,1790258691.179786,0.0201,1,320.00,230.50,0.779,-5.2567,-7.5200,-5.2392,-2.1140,-7.5285,0.1088,-5.2487,-7.5285,5.3314,0.3234,0.0000,BAM,-5.2567,-8.1525,-5.1785,-8.1525,0.0000,0.0000,0.000,0.000,0.0364,61.3,9.50,21,THU,NO_TX,360,,1,kieu=dung_yen;lan=1,1
58.1051,1790258691.200059,0.0203,0,320.00,230.50,0.779,,,-5.2820,-2.1140,-7.5263,0.1088,-5.2888,-7.5263,5.3314,0.3234,0.0000,BAM,-5.2567,-8.1525,-5.1785,-8.1525,0.0000,0.0000,0.000,0.000,0.0364,61.3,9.50,21,THU,NO_TX,360,,1,kieu=dung_yen;lan=1,1
58.1254,1790258691.220391,0.0204,1,319.50,231.50,0.777,-5.2231,-7.5866,-5.2506,-1.0570,-7.5693,-0.5203,-5.2519,-7.5694,5.3314,0.3234,0.0000,BAM,-5.2567,-8.1525,-5.1785,-8.1525,0.0000,0.0000,0.000,0.000,0.0662,48.3,8.51,21,THU,NO_TX,360,,1,kieu=dung_yen;lan=1,1
58.1458,1790258691.240803,0.0204,0,319.50,231.50,0.777,,,-5.2722,-1.0570,-7.5799,-0.5203,-5.2731,-7.5800,5.3314,0.3234,0.0000,BAM,-5.2567,-8.1525,-5.1785,-8.1525,0.0000,0.0000,0.000,0.000,0.0662,48.3,8.51,21,THU,NO_TX,360,,1,kieu=dung_yen;lan=1,1
58.1665,1790258691.261414,0.0206,0,319.50,231.50,0.777,,,-5.2940,-1.0570,-7.5906,-0.5203,-5.2947,-7.5907,5.3314,0.3234,0.0000,BAM,-5.2567,-8.1525,-5.1785,-8.1525,0.0000,0.0000,0.000,0.000,0.0662,48.3,8.51,21,THU,NO_TX,360,,1,kieu=dung_yen;lan=1,1
58.1865,1790258691.281398,0.0200,0,319.50,231.50,0.777,,,-5.3152,-1.0570,-7.6010,-0.5203,-5.3157,-7.6011,5.3314,0.3234,0.0000,BAM,-5.2567,-8.1525,-5.1785,-8.1525,0.0000,0.0000,0.000,0.000,0.0662,48.3,8.51,21,THU,NO_TX,360,,1,kieu=dung_yen;lan=1,1
58.2072,1790258691.302080,0.0207,1,321.00,231.00,0.784,-5.3238,-7.5533,-5.3254,-0.9264,-7.5605,0.0447,-5.3262,-7.5605,5.3314,0.3234,0.0000,BAM,-5.2567,-8.1525,-5.1785,-8.1525,0.0000,0.0000,0.000,0.000,0.0071,64.9,9.06,21,THU,NO_TX,360,,1,kieu=dung_yen;lan=1,1
58.2274,1790258691.322385,0.0202,0,321.00,231.00,0.784,,,-5.3441,-0.9264,-7.5596,0.0447,-5.3447,-7.5596,5.3314,0.3234,0.0000,BAM,-5.2567,-8.1525,-5.1785,-8.1525,0.0000,0.0000,0.000,0.000,0.0071,64.9,9.06,21,THU,NO_TX,360,,1,kieu=dung_yen;lan=1,1
58.2478,1790258691.342649,0.0204,0,321.00,231.00,0.784,,,-5.3630,-0.9264,-7.5587,0.0447,-5.3635,-7.5587,5.3314,0.3234,0.0000,BAM,-5.2567,-8.1525,-5.1785,-8.1525,0.0000,0.0000,0.000,0.000,0.0071,64.9,9.06,21,THU,NO_TX,360,,1,kieu=dung_yen;lan=1,1
58.2681,1790258691.363047,0.0203,1,319.50,231.50,0.770,-5.2231,-7.5866,-5.2513,0.7051,-7.5813,-0.2438,-5.2509,-7.5813,5.3314,0.3234,0.0000,BAM,-5.2567,-8.1525,-5.1785,-8.1525,0.0000,0.0000,0.000,0.000,0.0804,63.5,8.51,21,THU,NO_TX,360,,1,kieu=dung_yen;lan=1,1
58.2884,1790258691.383380,0.0203,0,319.50,231.50,0.770,,,-5.2370,0.7051,-7.5862,-0.2438,-5.2367,-7.5863,5.3314,0.3234,0.0000,BAM,-5.2567,-8.1525,-5.1785,-8.1525,0.0000,0.0000,0.000,0.000,0.0804,63.5,8.51,21,THU,NO_TX,360,,1,kieu=dung_yen;lan=1,1
58.3090,1790258691.403873,0.0206,1,318.00,231.50,0.764,-5.1223,-7.5866,-5.1492,1.7545,-7.5879,-0.1960,-5.1439,-7.5879,5.3314,0.3234,0.0000,BAM,-5.2567,-8.1525,-5.1785,-8.1525,0.0000,0.0000,0.000,0.000,0.0468,48.3,8.73,21,THU,NO_TX,360,,1,kieu=dung_yen;lan=1,1
58.3296,1790258691.424454,0.0206,0,318.00,231.50,0.764,,,-5.1131,1.7545,-7.5919,-0.1960,-5.1093,-7.5919,5.3314,0.3234,0.0000,BAM,-5.2567,-8.1525,-5.1785,-8.1525,0.0000,0.0000,0.000,0.000,0.0468,48.3,8.73,21,THU,NO_TX,360,,1,kieu=dung_yen;lan=1,1
58.3500,1790258691.444972,0.0204,0,318.00,231.50,0.764,,,-5.0773,1.7545,-7.5959,-0.1960,-5.0744,-7.5959,5.3314,0.3234,0.0000,BAM,-5.2567,-8.1525,-5.1785,-8.1525,0.0000,0.0000,0.000,0.000,0.0468,48.3,8.73,21,THU,NO_TX,360,,1,kieu=dung_yen;lan=1,1
58.3705,1790258691.465468,0.0205,1,313.75,229.00,0.750,-4.8371,-7.4200,-4.8730,3.9146,-7.4529,1.6628,-4.8178,-7.4483,5.3314,0.3234,0.0000,BAM,-5.2567,-8.1525,-5.1785,-8.1525,0.0000,0.0000,0.000,0.000,0.2223,62.8,12.65,21,THU,NO_TX,360,,1,kieu=dung_yen;lan=1,1
58.3908,1790258691.485793,0.0203,0,313.75,229.00,0.750,,,-4.7935,3.9146,-7.4191,1.6628,-4.7533,-7.4159,5.3314,0.3234,0.0000,BAM,-5.2567,-8.1525,-5.1785,-8.1525,0.0000,0.0000,0.000,0.000,0.2223,62.8,12.65,21,THU,NO_TX,360,,1,kieu=dung_yen;lan=1,1
58.4114,1790258691.506367,0.0206,0,313.75,229.00,0.750,,,-4.7130,3.9146,-7.3849,1.6628,-4.6815,-7.3824,5.3314,0.3234,0.0000,BAM,-5.2567,-8.1525,-5.1785,-8.1525,0.0000,0.0000,0.000,0.000,0.2223,62.8,12.65,21,THU,NO_TX,360,,1,kieu=dung_yen;lan=1,1
58.4317,1790258691.526650,0.0203,1,319.00,231.00,0.772,-5.1895,-7.5533,-5.0916,-1.8307,-7.5164,-0.3747,-5.0977,-7.5164,5.3314,0.3234,0.0000,BAM,-5.2567,-8.1525,-5.1785,-8.1525,0.0000,0.0000,0.000,0.000,1.0667,64.7,9.06,21,THU,NO_TX,360,,1,kieu=dung_yen;lan=1,1
58.4520,1790258691.546997,0.0204,0,319.00,231.00,0.772,,,-5.1289,-1.8307,-7.5240,-0.3747,-5.1332,-7.5240,5.3314,0.3234,0.0000,BAM,-5.2567,-8.1525,-5.1785,-8.1525,0.0000,0.0000,0.000,0.000,1.0667,64.7,9.06,21,THU,NO_TX,360,,1,kieu=dung_yen;lan=1,1
58.4725,1790258691.567473,0.0205,0,319.00,231.00,0.772,,,-5.1663,-1.8307,-7.5317,-0.3747,-5.1697,-7.5317,5.3314,0.3234,0.0000,BAM,-5.2567,-8.1525,-5.1785,-8.1525,0.0000,0.0000,0.000,0.000,1.0667,64.7,9.06,21,THU,NO_TX,360,,1,kieu=dung_yen;lan=1,1
58.4925,1790258691.587511,0.0200,1,319.25,231.50,0.765,-5.2063,-7.5866,-5.2057,-1.8648,-7.5779,-0.8546,-5.2122,-7.5785,5.3314,0.3234,0.0000,BAM,-5.2567,-8.1525,-5.1785,-8.1525,0.0000,0.0000,0.000,0.000,0.0066,47.9,8.53,21,THU,NO_TX,360,,1,kieu=dung_yen;lan=1,1
58.5131,1790258691.608087,0.0206,0,319.25,231.50,0.765,,,-5.2441,-1.8648,-7.5955,-0.8546,-5.2487,-7.5959,5.3314,0.3234,0.0000,BAM,-5.2567,-8.1525,-5.1785,-8.1525,0.0000,0.0000,0.000,0.000,0.0066,47.9,8.53,21,THU,NO_TX,360,,1,kieu=dung_yen;lan=1,1
58.5335,1790258691.628460,0.0204,0,319.25,231.50,0.765,,,-5.2822,-1.8648,-7.6129,-0.8546,-5.2857,-7.6133,5.3314,0.3234,0.0000,BAM,-5.2567,-8.1525,-5.1785,-8.1525,0.0000,0.0000,0.000,0.000,0.0066,47.9,8.53,21,THU,NO_TX,360,,1,kieu=dung_yen;lan=1,1
58.5540,1790258691.649034,0.0205,1,314.25,229.00,0.769,-4.8707,-7.4200,-4.9491,2.8027,-7.4581,1.2757,-4.9280,-7.4561,5.3314,0.3234,0.0000,BAM,-5.2567,-8.1525,-5.1785,-8.1525,0.0000,0.0000,0.000,0.000,0.7425,63.7,12.41,21,THU,NO_TX,360,,1,kieu=dung_yen;lan=1,1
58.5747,1790258691.669660,0.0206,0,314.25,229.00,0.769,,,-4.8913,2.8027,-7.4318,1.2757,-4.8762,-7.4304,5.3314,0.3234,0.0000,BAM,-5.2567,-8.1525,-5.1785,-8.1525,0.0000,0.0000,0.000,0.000,0.7425,63.7,12.41,21,THU,NO_TX,360,,1,kieu=dung_yen;lan=1,1
58.5950,1790258691.689897,0.0203,0,314.25,229.00,0.769,,,-4.8345,2.8027,-7.4060,1.2757,-4.8226,-7.4048,5.3314,0.3234,0.0000,BAM,-5.2567,-8.1525,-5.1785,-8.1525,0.0000,0.0000,0.000,0.000,0.7425,63.7,12.41,21,THU,NO_TX,360,,1,kieu=dung_yen;lan=1,1
58.6154,1790258691.710400,0.0205,1,319.75,231.75,0.773,-5.2399,-7.6032,-5.1589,-1.9979,-7.5627,-0.9851,-5.1668,-7.5636,5.3314,0.3234,0.0000,BAM,-5.2567,-8.1525,-5.1785,-8.1525,0.0000,0.0000,0.000,0.000,0.7970,64.2,8.25,21,THU,NO_TX,360,,1,kieu=dung_yen;lan=1,1
58.6361,1790258691.730999,0.0207,0,319.75,231.75,0.773,,,-5.2002,-1.9979,-7.5830,-0.9851,-5.2058,-7.5837,5.3314,0.3234,0.0000,BAM,-5.2567,-8.1525,-5.1785,-8.1525,0.0000,0.0000,0.000,0.000,0.7970,64.2,8.25,21,THU,NO_TX,360,,1,kieu=dung_yen;lan=1,1
58.6566,1790258691.751588,0.0205,1,320.00,232.00,0.763,-5.2567,-7.6199,-5.2525,-2.1596,-7.6153,-1.1536,-5.2623,-7.6168,5.3314,0.3234,0.0000,BAM,-5.2567,-8.1525,-5.1785,-8.1525,0.0000,0.0000,0.000,0.000,0.0023,47.8,8.00,21,THU,NO_TX,360,,1,kieu=dung_yen;lan=1,1
58.6769,1790258691.771915,0.0203,0,320.00,232.00,0.763,,,-5.2965,-2.1596,-7.6388,-1.1536,-5.3035,-7.6399,5.3314,0.3234,0.0000,BAM,-5.2567,-8.1525,-5.1785,-8.1525,0.0000,0.0000,0.000,0.000,0.0023,47.8,8.00,21,THU,NO_TX,360,,1,kieu=dung_yen;lan=1,1
58.6975,1790258691.792505,0.0206,0,320.00,232.00,0.763,,,-5.3409,-2.1596,-7.6625,-1.1536,-5.3463,-7.6634,5.3314,0.3234,0.0000,BAM,-5.2567,-8.1525,-5.1785,-8.1525,0.0000,0.0000,0.000,0.000,0.0023,47.8,8.00,21,THU,NO_TX,360,,1,kieu=dung_yen;lan=1,1
58.7177,1790258691.812674,0.0202,1,319.50,232.00,0.771,-5.2231,-7.6199,-5.2518,-0.4532,-7.6321,-0.4732,-5.2519,-7.6322,5.3314,0.3234,0.0000,BAM,-5.2567,-8.1525,-5.1785,-8.1525,0.0000,0.0000,0.000,0.000,0.0935,64.1,8.02,21,THU,NO_TX,360,,1,kieu=dung_yen;lan=1,1
58.7379,1790258691.832864,0.0202,0,319.50,232.00,0.771,,,-5.2610,-0.4532,-7.6416,-0.4732,-5.2610,-7.6417,5.3314,0.3234,0.0000,BAM,-5.2567,-8.1525,-5.1785,-8.1525,0.0000,0.0000,0.000,0.000,0.0935,64.1,8.02,21,THU,NO_TX,360,,1,kieu=dung_yen;lan=1,1
58.7583,1790258691.853314,0.0205,0,319.50,232.00,0.771,,,-5.2702,-0.4532,-7.6513,-0.4732,-5.2703,-7.6514,5.3314,0.3234,0.0000,BAM,-5.2567,-8.1525,-5.1785,-8.1525,0.0000,0.0000,0.000,0.000,0.0935,64.1,8.02,21,THU,NO_TX,360,,1,kieu=dung_yen;lan=1,1
58.7789,1790258691.873932,0.0206,0,319.50,232.00,0.771,,,-5.2796,-0.4532,-7.6611,-0.4732,-5.2796,-7.6611,5.3314,0.3234,0.0000,BAM,-5.2567,-8.1525,-5.1785,-8.1525,0.0000,0.0000,0.000,0.000,0.0935,64.1,8.02,21,THU,NO_TX,360,,1,kieu=dung_yen;lan=1,1
58.7992,1790258691.894219,0.0203,1,319.50,231.50,0.772,-5.2231,-7.5866,-5.2308,0.1847,-7.5969,0.3273,-5.2308,-7.5969,5.3314,0.3234,0.0000,BAM,-5.2567,-8.1525,-5.1785,-8.1525,0.0000,0.0000,0.000,0.000,0.0226,63.2,8.51,21,THU,NO_TX,360,,1,kieu=dung_yen;lan=1,1
58.8198,1790258691.914569,0.0205,0,319.50,231.50,0.772,,,-5.2270,0.1847,-7.5902,0.3273,-5.2270,-7.5901,5.3314,0.3234,0.0000,BAM,-5.2567,-8.1525,-5.1785,-8.1525,0.0000,0.0000,0.000,0.000,0.0226,63.2,8.51,21,THU,NO_TX,360,,1,kieu=dung_yen;lan=1,1
58.8398,1790258691.934714,0.0200,1,313.50,229.50,0.762,-4.8203,-7.4532,-4.9292,4.3079,-7.4893,1.6188,-4.8612,-7.4854,5.3314,0.3234,0.0000,BAM,-5.2567,-8.1525,-5.1785,-8.1525,0.0000,0.0000,0.000,0.000,0.8392,47.6,12.35,21,THU,NO_TX,360,,1,kieu=dung_yen;lan=1,1
58.8603,1790258691.955321,0.0206,0,313.50,229.50,0.762,,,-4.8406,4.3079,-7.4561,1.6188,-4.7902,-7.4532,5.3314,0.3234,0.0000,BAM,-5.2567,-8.1525,-5.1785,-8.1525,0.0000,0.0000,0.000,0.000,0.8392,47.6,12.35,21,THU,NO_TX,360,,1,kieu=dung_yen;lan=1,1
58.8808,1790258691.975761,0.0204,0,313.50,229.50,0.762,,,-4.7525,4.3079,-7.4230,1.6188,-4.7124,-7.4207,5.3314,0.3234,0.0000,BAM,-5.2567,-8.1525,-5.1785,-8.1525,0.0000,0.0000,0.000,0.000,0.8392,47.6,12.35,21,THU,NO_TX,360,,1,kieu=dung_yen;lan=1,1
58.9009,1790258691.995861,0.0201,1,319.50,230.50,0.778,-5.2231,-7.5200,-5.1244,-1.6233,-7.4961,0.2718,-5.1288,-7.4961,5.3314,0.3234,0.0000,BAM,-5.2567,-8.1525,-5.1785,-8.1525,0.0000,0.0000,0.000,0.000,1.0063,63.4,9.51,21,THU,NO_TX,360,,1,kieu=dung_yen;lan=1,1
58.9215,1790258692.016461,0.0206,0,319.50,230.50,0.778,,,-5.1579,-1.6233,-7.4905,0.2718,-5.1609,-7.4905,5.3314,0.3234,0.0000,BAM,-5.2567,-8.1525,-5.1785,-8.1525,0.0000,0.0000,0.000,0.000,1.0063,63.4,9.51,21,THU,NO_TX,360,,1,kieu=dung_yen;lan=1,1
58.9418,1790258692.036765,0.0203,0,319.50,230.50,0.778,,,-5.1909,-1.6233,-7.4850,0.2718,-5.1933,-7.4850,5.3314,0.3234,0.0000,BAM,-5.2567,-8.1525,-5.1785,-8.1525,0.0000,0.0000,0.000,0.000,1.0063,63.4,9.51,21,THU,NO_TX,360,,1,kieu=dung_yen;lan=1,1
58.9621,1790258692.057074,0.0203,1,320.00,230.00,0.779,-5.2567,-7.4867,-5.2509,-1.9633,-7.4854,0.1986,-5.2585,-7.4854,5.3314,0.3234,0.0000,BAM,-5.2567,-8.1525,-5.1785,-8.1525,0.0000,0.0000,0.000,0.000,0.0035,50.4,10.00,21,THU,NO_TX,360,,1,kieu=dung_yen;lan=1,1
58.9823,1790258692.077320,0.0202,0,320.00,230.00,0.779,,,-5.2907,-1.9633,-7.4814,0.1986,-5.2960,-7.4814,5.3314,0.3234,0.0000,BAM,-5.2567,-8.1525,-5.1785,-8.1525,0.0000,0.0000,0.000,0.000,0.0035,50.4,10.00,21,THU,NO_TX,360,,1,kieu=dung_yen;lan=1,1
59.0023,1790258692.097311,0.0200,0,320.00,230.00,0.779,,,-5.3299,-1.9633,-7.4774,0.1986,-5.3341,-7.4774,5.3314,0.3234,0.0000,BAM,-5.2567,-8.1525,-5.1785,-8.1525,0.0000,0.0000,0.000,0.000,0.0035,50.4,10.00,21,THU,NO_TX,360,,1,kieu=dung_yen;lan=1,1
59.0225,1790258692.117419,0.0201,1,318.75,231.50,0.779,-5.1727,-7.5866,-5.2079,0.0805,-7.5656,-0.9474,-5.2079,-7.5664,5.3314,0.3234,0.0000,BAM,-5.2567,-8.1525,-5.1785,-8.1525,0.0000,0.0000,0.000,0.000,0.1586,62.7,8.59,21,THU,NO_TX,360,,1,kieu=dung_yen;lan=1,1
59.0427,1790258692.137685,0.0202,0,318.75,231.50,0.779,,,-5.2063,0.0805,-7.5847,-0.9474,-5.2063,-7.5853,5.3314,0.3234,0.0000,BAM,-5.2567,-8.1525,-5.1785,-8.1525,0.0000,0.0000,0.000,0.000,0.1586,62.7,8.59,21,THU,NO_TX,360,,1,kieu=dung_yen;lan=1,1
59.0632,1790258692.158221,0.0205,0,318.75,231.50,0.779,,,-5.2047,0.0805,-7.6042,-0.9474,-5.2047,-7.6047,5.3314,0.3234,0.0000,BAM,-5.2567,-8.1525,-5.1785,-8.1525,0.0000,0.0000,0.000,0.000,0.1586,62.7,8.59,21,THU,NO_TX,360,,1,kieu=dung_yen;lan=1,1
59.0834,1790258692.178296,0.0202,1,319.75,231.50,0.758,-5.2399,-7.5866,-5.2334,-0.3023,-7.5933,-0.5753,-5.2334,-7.5935,5.3314,0.3234,0.0000,BAM,-5.2567,-8.1525,-5.1785,-8.1525,0.0000,0.0000,0.000,0.000,0.0081,62.0,8.50,21,THU,NO_TX,360,,1,kieu=dung_yen;lan=1,1
59.1038,1790258692.198698,0.0204,0,319.75,231.50,0.758,,,-5.2395,-0.3023,-7.6050,-0.5753,-5.2395,-7.6052,5.3314,0.3234,0.0000,BAM,-5.2567,-8.1525,-5.1785,-8.1525,0.0000,0.0000,0.000,0.000,0.0081,62.0,8.50,21,THU,NO_TX,360,,1,kieu=dung_yen;lan=1,1
59.1239,1790258692.218746,0.0201,1,314.00,229.25,0.761,-4.8539,-7.4366,-4.9602,3.7769,-7.4867,1.2422,-4.9115,-7.4849,5.3314,0.3234,0.0000,BAM,-5.2567,-8.1525,-5.1785,-8.1525,0.0000,0.0000,0.000,0.000,0.8688,48.8,12.31,21,THU,NO_TX,360,,1,kieu=dung_yen;lan=1,1
59.1441,1790258692.239087,0.0202,0,314.00,229.25,0.761,,,-4.8837,3.7769,-7.4616,1.2422,-4.8481,-7.4602,5.3314,0.3234,0.0000,BAM,-5.2567,-8.1525,-5.1785,-8.1525,0.0000,0.0000,0.000,0.000,0.8688,48.8,12.31,21,THU,NO_TX,360,,1,kieu=dung_yen;lan=1,1
59.1645,1790258692.259545,0.0204,0,314.00,229.25,0.761,,,-4.8065,3.7769,-7.4362,1.2422,-4.7784,-7.4351,5.3314,0.3234,0.0000,BAM,-5.2567,-8.1525,-5.1785,-8.1525,0.0000,0.0000,0.000,0.000,0.8688,48.8,12.31,21,THU,NO_TX,360,,1,kieu=dung_yen;lan=1,1
59.1851,1790258692.280108,0.0206,1,319.75,231.50,0.767,-5.2399,-7.5866,-5.1491,-1.6288,-7.5541,-0.5751,-5.1535,-7.5543,5.3314,0.3234,0.0000,BAM,-5.2567,-8.1525,-5.1785,-8.1525,0.0000,0.0000,0.000,0.000,0.8989,63.8,8.50,21,THU,NO_TX,360,,1,kieu=dung_yen;lan=1,1
59.2054,1790258692.300394,0.0203,0,319.75,231.50,0.767,,,-5.1821,-1.6288,-7.5657,-0.5751,-5.1853,-7.5659,5.3314,0.3234,0.0000,BAM,-5.2567,-8.1525,-5.1785,-8.1525,0.0000,0.0000,0.000,0.000,0.8989,63.8,8.50,21,THU,NO_TX,360,,1,kieu=dung_yen;lan=1,1
59.2257,1790258692.320641,0.0202,0,319.75,231.50,0.767,,,-5.2151,-1.6288,-7.5774,-0.5751,-5.2175,-7.5775,5.3314,0.3234,0.0000,BAM,-5.2567,-8.1525,-5.1785,-8.1525,0.0000,0.0000,0.000,0.000,0.8989,63.8,8.50,21,THU,NO_TX,360,,1,kieu=dung_yen;lan=1,1
59.2463,1790258692.341275,0.0206,1,318.75,232.00,0.767,-5.1727,-7.6199,-5.1861,-0.8430,-7.6143,-0.8838,-5.1867,-7.6150,5.3314,0.3234,0.0000,BAM,-5.2567,-8.1525,-5.1785,-8.1525,0.0000,0.0000,0.000,0.000,0.0205,64.7,8.10,21,THU,NO_TX,360,,1,kieu=dung_yen;lan=1,1
59.2671,1790258692.362129,0.0208,0,318.75,232.00,0.767,,,-5.2037,-0.8430,-7.6327,-0.8838,-5.2041,-7.6332,5.3314,0.3234,0.0000,BAM,-5.2567,-8.1525,-5.1785,-8.1525,0.0000,0.0000,0.000,0.000,0.0205,64.7,8.10,21,THU,NO_TX,360,,1,kieu=dung_yen;lan=1,1
59.2881,1790258692.382964,0.0210,0,318.75,232.00,0.767,,,-5.2213,-0.8430,-7.6512,-0.8838,-5.2217,-7.6516,5.3314,0.3234,0.0000,BAM,-5.2567,-8.1525,-5.1785,-8.1525,0.0000,0.0000,0.000,0.000,0.0205,64.7,8.10,21,THU,NO_TX,360,,1,kieu=dung_yen;lan=1,1
59.3083,1790258692.403280,0.0202,1,319.50,231.50,0.767,-5.2231,-7.5866,-5.2257,-0.6848,-7.6014,-0.0508,-5.2261,-7.6014,5.3314,0.3234,0.0000,BAM,-5.2567,-8.1525,-5.1785,-8.1525,0.0000,0.0000,0.000,0.000,0.0202,48.5,8.51,21,THU,NO_TX,360,,1,kieu=dung_yen;lan=1,1
59.3285,1790258692.423510,0.0202,0,319.50,231.50,0.767,,,-5.2396,-0.6848,-7.6025,-0.0508,-5.2398,-7.6025,5.3314,0.3234,0.0000,BAM,-5.2567,-8.1525,-5.1785,-8.1525,0.0000,0.0000,0.000,0.000,0.0202,48.5,8.51,21,THU,NO_TX,360,,1,kieu=dung_yen;lan=1,1
59.3489,1790258692.443861,0.0204,0,319.50,231.50,0.767,,,-5.2535,-0.6848,-7.6035,-0.0508,-5.2537,-7.6035,5.3314,0.3234,0.0000,BAM,-5.2567,-8.1525,-5.1785,-8.1525,0.0000,0.0000,0.000,0.000,0.0202,48.5,8.51,21,THU,NO_TX,360,,1,kieu=dung_yen;lan=1,1
59.3690,1790258692.463965,0.0201,1,320.00,231.75,0.768,-5.2567,-7.6032,-5.2586,-0.5744,-7.6035,-0.0378,-5.2587,-7.6035,5.3314,0.3234,0.0000,BAM,-5.2567,-8.1525,-5.1785,-8.1525,0.0000,0.0000,0.000,0.000,0.0004,63.0,8.25,21,THU,NO_TX,360,,1,kieu=dung_yen;lan=1,1
59.3895,1790258692.484442,0.0205,0,320.00,231.75,0.768,,,-5.2703,-0.5744,-7.6043,-0.0378,-5.2705,-7.6043,5.3314,0.3234,0.0000,BAM,-5.2567,-8.1525,-5.1785,-8.1525,0.0000,0.0000,0.000,0.000,0.0004,63.0,8.25,21,THU,NO_TX,360,,1,kieu=dung_yen;lan=1,1
59.4098,1790258692.504774,0.0203,0,320.00,231.75,0.768,,,-5.2820,-0.5744,-7.6050,-0.0378,-5.2821,-7.6050,5.3314,0.3234,0.0000,BAM,-5.2567,-8.1525,-5.1785,-8.1525,0.0000,0.0000,0.000,0.000,0.0004,63.0,8.25,21,THU,NO_TX,360,,1,kieu=dung_yen;lan=1,1
59.4301,1790258692.525107,0.0203,1,319.00,231.75,0.777,-5.1895,-7.6032,-5.2078,0.5077,-7.6037,-0.0119,-5.2077,-7.6037,5.3314,0.3234,0.0000,BAM,-5.2567,-8.1525,-5.1785,-8.1525,0.0000,0.0000,0.000,0.000,0.0332,63.5,8.31,21,THU,NO_TX,360,,1,kieu=dung_yen;lan=1,1
59.4501,1790258692.545128,0.0200,0,319.00,231.75,0.777,,,-5.1977,0.5077,-7.6039,-0.0119,-5.1976,-7.6039,5.3314,0.3234,0.0000,BAM,-5.2567,-8.1525,-5.1785,-8.1525,0.0000,0.0000,0.000,0.000,0.0332,63.5,8.31,21,THU,NO_TX,360,,1,kieu=dung_yen;lan=1,1
59.4707,1790258692.565657,0.0205,1,319.50,231.75,0.770,-5.2231,-7.6032,-5.2134,0.1343,-7.6035,-0.0024,-5.2134,-7.6035,5.3314,0.3234,0.0000,BAM,-5.2567,-8.1525,-5.1785,-8.1525,0.0000,0.0000,0.000,0.000,0.0061,47.5,8.27,21,THU,NO_TX,360,,1,kieu=dung_yen;lan=1,1
59.4908,1790258692.585752,0.0201,0,319.50,231.75,0.770,,,-5.2107,0.1343,-7.6036,-0.0024,-5.2107,-7.6036,5.3314,0.3234,0.0000,BAM,-5.2567,-8.1525,-5.1785,-8.1525,0.0000,0.0000,0.000,0.000,0.0061,47.5,8.27,21,THU,NO_TX,360,,1,kieu=dung_yen;lan=1,1
59.5111,1790258692.605950,0.0203,0,319.50,231.75,0.770,,,-5.2079,0.1343,-7.6036,-0.0024,-5.2079,-7.6036,5.3314,0.3234,0.0000,BAM,-5.2567,-8.1525,-5.1785,-8.1525,0.0000,0.0000,0.000,0.000,0.0061,47.5,8.27,21,THU,NO_TX,360,,1,kieu=dung_yen;lan=1,1
59.5311,1790258692.626134,0.0201,0,319.50,231.75,0.770,,,-5.2052,0.1343,-7.6036,-0.0024,-5.2052,-7.6036,5.3314,0.3234,0.0000,BAM,-5.2567,-8.1525,-5.1785,-8.1525,0.0000,0.0000,0.000,0.000,0.0061,47.5,8.27,21,THU,NO_TX,360,,1,kieu=dung_yen;lan=1,1
59.5516,1790258692.646614,0.0205,1,319.25,231.50,0.768,-5.2063,-7.5866,-5.2058,0.0968,-7.5887,0.1635,-5.2058,-7.5887,5.3314,0.3234,0.0000,BAM,-5.2567,-8.1525,-5.1785,-8.1525,0.0000,0.0000,0.000,0.000,0.0006,65.4,8.53,21,THU,NO_TX,360,,1,kieu=dung_yen;lan=1,1
59.5718,1790258692.666819,0.0202,0,319.25,231.50,0.768,,,-5.2039,0.0968,-7.5854,0.1635,-5.2039,-7.5854,5.3314,0.3234,0.0000,BAM,-5.2567,-8.1525,-5.1785,-8.1525,0.0000,0.0000,0.000,0.000,0.0006,65.4,8.53,21,THU,NO_TX,360,,1,kieu=dung_yen;lan=1,1
59.5922,1790258692.687155,0.0204,0,319.25,231.50,0.768,,,-5.2019,0.0968,-7.5821,0.1635,-5.2019,-7.5821,5.3314,0.3234,0.0000,BAM,-5.2567,-8.1525,-5.1785,-8.1525,0.0000,0.0000,0.000,0.000,0.0006,65.4,8.53,21,THU,NO_TX,360,,1,kieu=dung_yen;lan=1,1
59.6124,1790258692.707400,0.0202,1,319.00,231.50,0.764,-5.1895,-7.5866,-5.1914,0.2043,-7.5852,0.0853,-5.1914,-7.5852,5.3314,0.3234,0.0000,BAM,-5.2567,-8.1525,-5.1785,-8.1525,0.0000,0.0000,0.000,0.000,0.0005,63.9,8.56,21,THU,NO_TX,360,,1,kieu=dung_yen;lan=1,1
59.6329,1790258692.727444,0.0205,0,319.00,231.50,0.764,,,-5.1872,0.2043,-7.5834,0.0853,-5.1872,-7.5834,5.3314,0.3234,0.0000,BAM,-5.2567,-8.1525,-5.1785,-8.1525,0.0000,0.0000,0.000,0.000,0.0005,63.9,8.56,21,THU,NO_TX,360,,1,kieu=dung_yen;lan=1,1
59.6534,1790258692.748354,0.0204,1,318.75,231.50,0.774,-5.1727,-7.5866,-5.1755,0.3121,-7.5852,0.0352,-5.1754,-7.5852,5.3314,0.3234,0.0000,BAM,-5.2567,-8.1525,-5.1785,-8.1525,0.0000,0.0000,0.000,0.000,0.0006,48.4,8.59,21,THU,NO_TX,360,,1,kieu=dung_yen;lan=1,1
59.6734,1790258692.768419,0.0201,0,318.75,231.50,0.774,,,-5.1692,0.3121,-7.5845,0.0352,-5.1692,-7.5845,5.3314,0.3234,0.0000,BAM,-5.2567,-8.1525,-5.1785,-8.1525,0.0000,0.0000,0.000,0.000,0.0006,48.4,8.59,21,THU,NO_TX,360,,1,kieu=dung_yen;lan=1,1
59.6943,1790258692.789249,0.0209,0,318.75,231.50,0.774,,,-5.1627,0.3121,-7.5838,0.0352,-5.1627,-7.5838,5.3314,0.3234,0.0000,BAM,-5.2567,-8.1525,-5.1785,-8.1525,0.0000,0.0000,0.000,0.000,0.0006,48.4,8.59,21,THU,NO_TX,360,,1,kieu=dung_yen;lan=1,1
59.7147,1790258692.809589,0.0204,1,319.00,231.00,0.763,-5.1895,-7.5533,-5.1837,-0.0389,-7.5588,0.3428,-5.1837,-7.5587,5.3314,0.3234,0.0000,BAM,-5.2567,-8.1525,-5.1785,-8.1525,0.0000,0.0000,0.000,0.000,0.0060,63.5,9.06,21,THU,NO_TX,360,,1,kieu=dung_yen;lan=1,1
59.7350,1790258692.829957,0.0203,0,319.00,231.00,0.763,,,-5.1844,-0.0389,-7.5518,0.3428,-5.1844,-7.5518,5.3314,0.3234,0.0000,BAM,-5.2567,-8.1525,-5.1785,-8.1525,0.0000,0.0000,0.000,0.000,0.0060,63.5,9.06,21,THU,NO_TX,360,,1,kieu=dung_yen;lan=1,1
59.7552,1790258692.850190,0.0202,0,319.00,231.00,0.763,,,-5.1852,-0.0389,-7.5449,0.3428,-5.1852,-7.5449,5.3314,0.3234,0.0000,BAM,-5.2567,-8.1525,-5.1785,-8.1525,0.0000,0.0000,0.000,0.000,0.0060,63.5,9.06,21,THU,NO_TX,360,,1,kieu=dung_yen;lan=1,1
59.7759,1790258692.870805,0.0207,1,319.25,231.50,0.767,-5.2063,-7.5866,-5.2027,-0.2483,-7.5777,-0.1492,-5.2027,-7.5777,5.3314,0.3234,0.0000,BAM,-5.2567,-8.1525,-5.1785,-8.1525,0.0000,0.0000,0.000,0.000,0.0082,62.6,8.53,21,THU,NO_TX,360,,1,kieu=dung_yen;lan=1,1
59.7961,1790258692.891052,0.0202,0,319.25,231.50,0.767,,,-5.2077,-0.2483,-7.5807,-0.1492,-5.2078,-7.5807,5.3314,0.3234,0.0000,BAM,-5.2567,-8.1525,-5.1785,-8.1525,0.0000,0.0000,0.000,0.000,0.0082,62.6,8.53,21,THU,NO_TX,360,,1,kieu=dung_yen;lan=1,1
59.8165,1790258692.911533,0.0205,0,319.25,231.50,0.767,,,-5.2128,-0.2483,-7.5838,-0.1492,-5.2128,-7.5838,5.3314,0.3234,0.0000,BAM,-5.2567,-8.1525,-5.1785,-8.1525,0.0000,0.0000,0.000,0.000,0.0082,62.6,8.53,21,THU,NO_TX,360,,1,kieu=dung_yen;lan=1,1
59.8367,1790258692.931657,0.0202,1,319.00,231.50,0.767,-5.1895,-7.5866,-5.1945,0.0458,-7.5866,-0.1475,-5.1945,-7.5866,5.3314,0.3234,0.0000,BAM,-5.2567,-8.1525,-5.1785,-8.1525,0.0000,0.0000,0.000,0.000,0.0025,47.7,8.56,21,THU,NO_TX,360,,1,kieu=dung_yen;lan=1,1
59.8569,1790258692.951930,0.0202,0,319.00,231.50,0.767,,,-5.1936,0.0458,-7.5896,-0.1475,-5.1936,-7.5896,5.3314,0.3234,0.0000,BAM,-5.2567,-8.1525,-5.1785,-8.1525,0.0000,0.0000,0.000,0.000,0.0025,47.7,8.56,21,THU,NO_TX,360,,1,kieu=dung_yen;lan=1,1
59.8773,1790258692.972241,0.0203,0,319.00,231.50,0.767,,,-5.1927,0.0458,-7.5926,-0.1475,-5.1927,-7.5926,5.3314,0.3234,0.0000,BAM,-5.2567,-8.1525,-5.1785,-8.1525,0.0000,0.0000,0.000,0.000,0.0025,47.7,8.56,21,THU,NO_TX,360,,1,kieu=dung_yen;lan=1,1
59.8976,1790258692.992627,0.0204,1,314.25,228.50,0.761,-4.8707,-7.3867,-4.9274,3.3816,-7.4250,1.9694,-4.8913,-7.4176,5.3314,0.3234,0.0000,BAM,-5.2567,-8.1525,-5.1785,-8.1525,0.0000,0.0000,0.000,0.000,0.4446,64.9,12.86,21,THU,NO_TX,360,,1,kieu=dung_yen;lan=1,1
59.9181,1790258693.013126,0.0205,0,314.25,228.50,0.761,,,-4.8580,3.3816,-7.3846,1.9694,-4.8319,-7.3793,5.3314,0.3234,0.0000,BAM,-5.2567,-8.1525,-5.1785,-8.1525,0.0000,0.0000,0.000,0.000,0.4446,64.9,12.86,21,THU,NO_TX,360,,1,kieu=dung_yen;lan=1,1
59.9385,1790258693.033463,0.0203,1,313.00,229.50,0.765,-4.7867,-7.4532,-4.7874,3.4086,-7.4232,0.8712,-4.7509,-7.4226,5.3314,0.3234,0.0000,BAM,-5.2567,-8.1525,-5.1785,-8.1525,0.0000,0.0000,0.000,0.000,0.0520,48.9,12.62,21,THU,NO_TX,360,,1,kieu=dung_yen;lan=1,1
59.9590,1790258693.054004,0.0205,0,313.00,229.50,0.765,,,-4.7174,3.4086,-7.4053,0.8712,-4.6909,-7.4049,5.3314,0.3234,0.0000,BAM,-5.2567,-8.1525,-5.1785,-8.1525,0.0000,0.0000,0.000,0.000,0.0520,48.9,12.62,21,THU,NO_TX,360,,1,kieu=dung_yen;lan=1,1
59.9793,1790258693.074277,0.0203,0,313.00,229.50,0.765,,,-4.6483,3.4086,-7.3877,0.8712,-4.6275,-7.3873,5.3314,0.3234,0.0000,BAM,-5.2567,-8.1525,-5.1785,-8.1525,0.0000,0.0000,0.000,0.000,0.0520,48.9,12.62,21,THU,NO_TX,360,,1,kieu=dung_yen;lan=1,1
59.9996,1790258693.094614,0.0203,1,319.00,231.25,0.759,-5.1895,-7.5700,-5.0809,-3.0474,-7.5329,-1.1937,-5.1082,-7.5346,5.3314,0.3234,0.0000,BAM,-5.2567,-8.1525,-5.1785,-8.1525,0.0000,0.0000,0.000,0.000,1.2728,62.0,8.81,21,THU,NO_TX,360,,1,kieu=dung_yen;lan=1,1
60.0198,1790258693.114777,0.0202,0,319.00,231.25,0.759,,,-5.1424,-3.0474,-7.5570,-1.1937,-5.1621,-7.5583,5.3314,0.3234,0.0000,BAM,-5.2567,-8.1525,-5.1785,-8.1525,0.0000,0.0000,0.000,0.000,1.2728,62.0,8.81,21,THU,NO_TX,360,,1,kieu=dung_yen;lan=1,1
60.0402,1790258693.135146,0.0204,0,319.00,231.25,0.759,,,-5.2045,-3.0474,-7.5814,-1.1937,-5.2198,-7.5823,5.3314,0.3234,0.0000,BAM,-5.2567,-8.1525,-5.1785,-8.1525,0.0000,0.0000,0.000,0.000,1.2728,62.0,8.81,21,THU,NO_TX,360,,1,kieu=dung_yen;lan=1,1
60.0604,1790258693.155338,0.0202,0,319.00,231.25,0.759,,,-5.2660,-3.0474,-7.6054,-1.1937,-5.2786,-7.6062,5.3314,0.3234,0.0000,BAM,-5.2567,-8.1525,-5.1785,-8.1525,0.0000,0.0000,0.000,0.000,1.2728,62.0,8.81,21,THU,NO_TX,360,,1,kieu=dung_yen;lan=1,1
60.0809,1790258693.175865,0.0205,1,319.75,231.25,0.773,-5.2399,-7.5700,-5.2503,-2.1859,-7.5773,-0.6222,-5.2606,-7.5776,5.3314,0.3234,0.0000,BAM,-5.2567,-8.1525,-5.1785,-8.1525,0.0000,0.0000,0.000,0.000,0.0231,65.5,8.75,21,THU,NO_TX,360,,1,kieu=dung_yen;lan=1,1
60.1013,1790258693.196273,0.0204,0,319.75,231.25,0.773,,,-5.2949,-2.1859,-7.5900,-0.6222,-5.3023,-7.5902,5.3314,0.3234,0.0000,BAM,-5.2567,-8.1525,-5.1785,-8.1525,0.0000,0.0000,0.000,0.000,0.0231,65.5,8.75,21,THU,NO_TX,360,,1,kieu=dung_yen;lan=1,1
60.1217,1790258693.216681,0.0204,1,319.00,231.75,0.785,-5.1895,-7.6032,-5.2298,-0.6490,-7.6031,-0.6270,-5.2301,-7.6033,5.3314,0.3234,0.0000,BAM,-5.2567,-8.1525,-5.1785,-8.1525,0.0000,0.0000,0.000,0.000,0.1053,47.3,8.31,21,THU,NO_TX,360,,1,kieu=dung_yen;lan=1,1
60.1420,1790258693.237005,0.0203,0,319.00,231.75,0.785,,,-5.2430,-0.6490,-7.6158,-0.6270,-5.2432,-7.6160,5.3314,0.3234,0.0000,BAM,-5.2567,-8.1525,-5.1785,-8.1525,0.0000,0.0000,0.000,0.000,0.1053,47.3,8.31,21,THU,NO_TX,360,,1,kieu=dung_yen;lan=1,1
60.1623,1790258693.257281,0.0203,0,319.00,231.75,0.785,,,-5.2562,-0.6490,-7.6286,-0.6270,-5.2563,-7.6287,5.3314,0.3234,0.0000,BAM,-5.2567,-8.1525,-5.1785,-8.1525,0.0000,0.0000,0.000,0.000,0.1053,47.3,8.31,21,THU,NO_TX,360,,1,kieu=dung_yen;lan=1,1
60.1827,1790258693.277673,0.0204,1,319.50,230.25,0.773,-5.2231,-7.5034,-5.2313,-0.1562,-7.5289,0.8065,-5.2313,-7.5284,5.3314,0.3234,0.0000,BAM,-5.2567,-8.1525,-5.1785,-8.1525,0.0000,0.0000,0.000,0.000,0.0628,61.9,9.76,21,THU,NO_TX,360,,1,kieu=dung_yen;lan=1,1
60.2029,1790258693.297882,0.0202,0,319.50,230.25,0.773,,,-5.2345,-0.1562,-7.5126,0.8065,-5.2345,-7.5122,5.3314,0.3234,0.0000,BAM,-5.2567,-8.1525,-5.1785,-8.1525,0.0000,0.0000,0.000,0.000,0.0628,61.9,9.76,21,THU,NO_TX,360,,1,kieu=dung_yen;lan=1,1
60.2230,1790258693.318034,0.0201,0,319.50,230.25,0.773,,,-5.2376,-0.1562,-7.4963,0.8065,-5.2376,-7.4960,5.3314,0.3234,0.0000,BAM,-5.2567,-8.1525,-5.1785,-8.1525,0.0000,0.0000,0.000,0.000,0.0628,61.9,9.76,21,THU,NO_TX,360,,1,kieu=dung_yen;lan=1,1
60.2436,1790258693.338583,0.0206,1,318.75,231.50,0.779,-5.1727,-7.5866,-5.1847,0.5489,-7.5670,-0.2728,-5.1846,-7.5671,5.3314,0.3234,0.0000,BAM,-5.2567,-8.1525,-5.1785,-8.1525,0.0000,0.0000,0.000,0.000,0.0476,65.9,8.59,21,THU,NO_TX,360,,1,kieu=dung_yen;lan=1,1
60.2637,1790258693.358628,0.0200,0,318.75,231.50,0.779,,,-5.1737,0.5489,-7.5725,-0.2728,-5.1736,-7.5725,5.3314,0.3234,0.0000,BAM,-5.2567,-8.1525,-5.1785,-8.1525,0.0000,0.0000,0.000,0.000,0.0476,65.9,8.59,21,THU,NO_TX,360,,1,kieu=dung_yen;lan=1,1
60.2843,1790258693.379248,0.0206,1,318.25,231.50,0.768,-5.1391,-7.5866,-5.1454,0.7911,-7.5842,-0.3580,-5.1449,-7.5843,5.3314,0.3234,0.0000,BAM,-5.2567,-8.1525,-5.1785,-8.1525,0.0000,0.0000,0.000,0.000,0.0029,45.5,8.68,21,THU,NO_TX,360,,1,kieu=dung_yen;lan=1,1
60.3046,1790258693.399636,0.0204,0,318.25,231.50,0.768,,,-5.1293,0.7911,-7.5915,-0.3580,-5.1290,-7.5916,5.3314,0.3234,0.0000,BAM,-5.2567,-8.1525,-5.1785,-8.1525,0.0000,0.0000,0.000,0.000,0.0029,45.5,8.68,21,THU,NO_TX,360,,1,kieu=dung_yen;lan=1,1
60.3248,1790258693.419786,0.0202,0,318.25,231.50,0.768,,,-5.1134,0.7911,-7.5988,-0.3580,-5.1131,-7.5988,5.3314,0.3234,0.0000,BAM,-5.2567,-8.1525,-5.1785,-8.1525,0.0000,0.0000,0.000,0.000,0.0029,45.5,8.68,21,THU,NO_TX,360,,1,kieu=dung_yen;lan=1,1
60.3450,1790258693.440032,0.0202,0,318.25,231.50,0.768,,,-5.0974,0.7911,-7.6060,-0.3580,-5.0971,-7.6060,5.3314,0.3234,0.0000,BAM,-5.2567,-8.1525,-5.1785,-8.1525,0.0000,0.0000,0.000,0.000,0.0029,45.5,8.68,21,THU,NO_TX,360,,1,kieu=dung_yen;lan=1,1
60.3653,1790258693.460318,0.0203,1,319.25,231.75,0.779,-5.2063,-7.6032,-5.1915,-0.4437,-7.6045,-0.2609,-5.1916,-7.6045,5.3314,0.3234,0.0000,BAM,-5.2567,-8.1525,-5.1785,-8.1525,0.0000,0.0000,0.000,0.000,0.0324,66.2,8.28,21,THU,NO_TX,360,,1,kieu=dung_yen;lan=1,1
60.3854,1790258693.480379,0.0201,0,319.25,231.75,0.779,,,-5.2004,-0.4437,-7.6097,-0.2609,-5.2005,-7.6097,5.3314,0.3234,0.0000,BAM,-5.2567,-8.1525,-5.1785,-8.1525,0.0000,0.0000,0.000,0.000,0.0324,66.2,8.28,21,THU,NO_TX,360,,1,kieu=dung_yen;lan=1,1
60.4057,1790258693.500671,0.0203,0,319.25,231.75,0.779,,,-5.2094,-0.4437,-7.6150,-0.2609,-5.2094,-7.6150,5.3314,0.3234,0.0000,BAM,-5.2567,-8.1525,-5.1785,-8.1525,0.0000,0.0000,0.000,0.000,0.0324,66.2,8.28,21,THU,NO_TX,360,,1,kieu=dung_yen;lan=1,1
60.4259,1790258693.520901,0.0202,1,319.00,231.50,0.776,-5.1895,-7.5866,-5.1947,-0.1467,-7.5928,0.0767,-5.1947,-7.5928,5.3314,0.3234,0.0000,BAM,-5.2567,-8.1525,-5.1785,-8.1525,0.0000,0.0000,0.000,0.000,0.0059,64.2,8.56,21,THU,NO_TX,360,,1,kieu=dung_yen;lan=1,1
60.4463,1790258693.541243,0.0203,0,319.00,231.50,0.776,,,-5.1976,-0.1467,-7.5913,0.0767,-5.1976,-7.5913,5.3314,0.3234,0.0000,BAM,-5.2567,-8.1525,-5.1785,-8.1525,0.0000,0.0000,0.000,0.000,0.0059,64.2,8.56,21,THU,NO_TX,360,,1,kieu=dung_yen;lan=1,1
60.4669,1790258693.561886,0.0206,1,319.50,231.25,0.773,-5.2231,-7.5700,-5.2171,-0.3817,-7.5754,0.2774,-5.2171,-7.5754,5.3314,0.3234,0.0000,BAM,-5.2567,-8.1525,-5.1785,-8.1525,0.0000,0.0000,0.000,0.000,0.0041,45.7,8.76,21,THU,NO_TX,360,,1,kieu=dung_yen;lan=1,1
60.4872,1790258693.582196,0.0203,0,319.50,231.25,0.773,,,-5.2248,-0.3817,-7.5697,0.2774,-5.2249,-7.5697,5.3314,0.3234,0.0000,BAM,-5.2567,-8.1525,-5.1785,-8.1525,0.0000,0.0000,0.000,0.000,0.0041,45.7,8.76,21,THU,NO_TX,360,,1,kieu=dung_yen;lan=1,1
60.5072,1790258693.602082,0.0200,0,319.50,231.25,0.773,,,-5.2325,-0.3817,-7.5642,0.2774,-5.2325,-7.5642,5.3314,0.3234,0.0000,BAM,-5.2567,-8.1525,-5.1785,-8.1525,0.0000,0.0000,0.000,0.000,0.0041,45.7,8.76,21,THU,NO_TX,360,,1,kieu=dung_yen;lan=1,1
60.5279,1790258693.622864,0.0207,1,319.00,231.25,0.776,-5.1895,-7.5700,-5.1985,0.1568,-7.5678,0.1586,-5.1985,-7.5678,5.3314,0.3234,0.0000,BAM,-5.2567,-8.1525,-5.1785,-8.1525,0.0000,0.0000,0.000,0.000,0.0084,66.0,8.81,21,THU,NO_TX,360,,1,kieu=dung_yen;lan=1,1
60.5480,1790258693.642963,0.0201,0,319.00,231.25,0.776,,,-5.1954,0.1568,-7.5646,0.1586,-5.1954,-7.5646,5.3314,0.3234,0.0000,BAM,-5.2567,-8.1525,-5.1785,-8.1525,0.0000,0.0000,0.000,0.000,0.0084,66.0,8.81,21,THU,NO_TX,360,,1,kieu=dung_yen;lan=1,1
60.5683,1790258693.663332,0.0204,0,319.00,231.25,0.776,,,-5.1922,0.1568,-7.5614,0.1586,-5.1922,-7.5614,5.3314,0.3234,0.0000,BAM,-5.2567,-8.1525,-5.1785,-8.1525,0.0000,0.0000,0.000,0.000,0.0084,66.0,8.81,21,THU,NO_TX,360,,1,kieu=dung_yen;lan=1,1
60.5885,1790258693.683477,0.0202,0,319.00,231.25,0.776,,,-5.1890,0.1568,-7.5582,0.1586,-5.1890,-7.5582,5.3314,0.3234,0.0000,BAM,-5.2567,-8.1525,-5.1785,-8.1525,0.0000,0.0000,0.000,0.000,0.0084,66.0,8.81,21,THU,NO_TX,360,,1,kieu=dung_yen;lan=1,1
60.6091,1790258693.704138,0.0207,1,318.50,232.00,0.776,-5.1559,-7.6199,-5.1594,0.4474,-7.6119,-0.4602,-5.1593,-7.6120,5.3314,0.3234,0.0000,BAM,-5.2567,-8.1525,-5.1785,-8.1525,0.0000,0.0000,0.000,0.000,0.0101,63.9,8.14,21,THU,NO_TX,360,,1,kieu=dung_yen;lan=1,1
60.6297,1790258693.724640,0.0206,0,318.50,232.00,0.776,,,-5.1502,0.4474,-7.6213,-0.4602,-5.1502,-7.6214,5.3314,0.3234,0.0000,BAM,-5.2567,-8.1525,-5.1785,-8.1525,0.0000,0.0000,0.000,0.000,0.0101,63.9,8.14,21,THU,NO_TX,360,,1,kieu=dung_yen;lan=1,1
60.6504,1790258693.745211,0.0207,1,312.50,228.75,0.759,-4.7532,-7.4033,-4.8565,4.4239,-7.4654,1.8002,-4.7833,-7.4599,5.3314,0.3234,0.0000,BAM,-5.2567,-8.1525,-5.1785,-8.1525,0.0000,0.0000,0.000,0.000,0.9229,47.4,13.52,21,THU,NO_TX,360,,1,kieu=dung_yen;lan=1,1
60.6706,1790258693.765572,0.0202,0,312.50,228.75,0.759,,,-4.7672,4.4239,-7.4291,1.8002,-4.7126,-7.4251,5.3314,0.3234,0.0000,BAM,-5.2567,-8.1525,-5.1785,-8.1525,0.0000,0.0000,0.000,0.000,0.9229,47.4,13.52,21,THU,NO_TX,360,,1,kieu=dung_yen;lan=1,1
60.6907,1790258693.785705,0.0202,0,312.50,228.75,0.759,,,-4.6781,4.4239,-7.3928,1.8002,-4.6345,-7.3897,5.3314,0.3234,0.0000,BAM,-5.2567,-8.1525,-5.1785,-8.1525,0.0000,0.0000,0.000,0.000,0.9229,47.4,13.52,21,THU,NO_TX,360,,1,kieu=dung_yen;lan=1,1
60.7115,1790258693.806458,0.0208,1,314.00,228.50,0.757,-4.8539,-7.3867,-4.8065,1.5773,-7.3810,1.4753,-4.8025,-7.3778,5.3314,0.3234,0.0000,BAM,-5.2567,-8.1525,-5.1785,-8.1525,0.0000,0.0000,0.000,0.000,0.2236,63.6,12.97,21,THU,NO_TX,360,,1,kieu=dung_yen;lan=1,1
60.7315,1790258693.826536,0.0201,0,314.00,228.50,0.757,,,-4.7749,1.5773,-7.3514,1.4753,-4.7720,-7.3491,5.3314,0.3234,0.0000,BAM,-5.2567,-8.1525,-5.1785,-8.1525,0.0000,0.0000,0.000,0.000,0.2236,63.6,12.97,21,THU,NO_TX,360,,1,kieu=dung_yen;lan=1,1
60.7519,1790258693.846911,0.0204,1,320.75,230.25,0.784,-5.3070,-7.5034,-5.1543,-4.2831,-7.4528,-0.3602,-5.2236,-7.4529,5.3314,0.3234,0.0000,BAM,-5.2567,-8.1525,-5.1785,-8.1525,0.0000,0.0000,0.000,0.000,1.6475,48.3,9.78,21,THU,NO_TX,360,,1,kieu=dung_yen;lan=1,1
60.7721,1790258693.867103,0.0202,0,320.75,230.25,0.784,,,-5.2408,-4.2831,-7.4601,-0.3602,-5.2919,-7.4602,5.3314,0.3234,0.0000,BAM,-5.2567,-8.1525,-5.1785,-8.1525,0.0000,0.0000,0.000,0.000,1.6475,48.3,9.78,21,THU,NO_TX,360,,1,kieu=dung_yen;lan=1,1
60.7926,1790258693.887588,0.0205,0,320.75,230.25,0.784,,,-5.3285,-4.2831,-7.4675,-0.3602,-5.3689,-7.4675,5.3314,0.3234,0.0000,BAM,-5.2567,-8.1525,-5.1785,-8.1525,0.0000,0.0000,0.000,0.000,1.6475,48.3,9.78,21,THU,NO_TX,360,,1,kieu=dung_yen;lan=1,1
60.8130,1790258693.908031,0.0204,0,320.75,230.25,0.784,,,-5.4161,-4.2831,-7.4749,-0.3602,-5.4495,-7.4749,5.3314,0.3234,0.0000,BAM,-5.2567,-8.1525,-5.1785,-8.1525,0.0000,0.0000,0.000,0.000,1.6475,48.3,9.78,21,THU,NO_TX,360,,1,kieu=dung_yen;lan=1,1
60.8331,1790258693.928121,0.0201,1,319.00,230.50,0.782,-5.1895,-7.5200,-5.2266,-1.1991,-7.5153,-0.7273,-5.2283,-7.5157,5.3314,0.3234,0.0000,BAM,-5.2567,-8.1525,-5.1785,-8.1525,0.0000,0.0000,0.000,0.000,0.2044,66.3,9.55,21,THU,NO_TX,360,,1,kieu=dung_yen;lan=1,1
60.8534,1790258693.948370,0.0202,0,319.00,230.50,0.782,,,-5.2508,-1.1991,-7.5300,-0.7273,-5.2521,-7.5303,5.3314,0.3234,0.0000,BAM,-5.2567,-8.1525,-5.1785,-8.1525,0.0000,0.0000,0.000,0.000,0.2044,66.3,9.55,21,THU,NO_TX,360,,1,kieu=dung_yen;lan=1,1
60.8734,1790258693.968381,0.0200,0,319.00,230.50,0.782,,,-5.2748,-1.1991,-7.5446,-0.7273,-5.2758,-7.5448,5.3314,0.3234,0.0000,BAM,-5.2567,-8.1525,-5.1785,-8.1525,0.0000,0.0000,0.000,0.000,0.2044,66.3,9.55,21,THU,NO_TX,360,,1,kieu=dung_yen;lan=1,1
60.8939,1790258693.988892,0.0205,1,318.50,231.25,0.764,-5.1559,-7.5699,-5.1815,0.2764,-7.5680,-0.8319,-5.1815,-7.5686,5.3314,0.3234,0.0000,BAM,-5.2567,-8.1525,-5.1785,-8.1525,0.0000,0.0000,0.000,0.000,0.0642,62.2,8.88,21,THU,NO_TX,360,,1,kieu=dung_yen;lan=1,1
60.9140,1790258694.008978,0.0201,0,318.50,231.25,0.764,,,-5.1759,0.2764,-7.5847,-0.8319,-5.1759,-7.5851,5.3314,0.3234,0.0000,BAM,-5.2567,-8.1525,-5.1785,-8.1525,0.0000,0.0000,0.000,0.000,0.0642,62.2,8.88,21,THU,NO_TX,360,,1,kieu=dung_yen;lan=1,1
60.9344,1790258694.029913,0.0204,1,319.25,232.00,0.777,-5.2063,-7.6199,-5.1965,-0.1007,-7.6148,-1.0164,-5.1965,-7.6159,5.3314,0.3234,0.0000,BAM,-5.2567,-8.1525,-5.1785,-8.1525,0.0000,0.0000,0.000,0.000,0.0076,46.6,8.04,21,THU,NO_TX,360,,1,kieu=dung_yen;lan=1,1
60.9553,1790258694.050238,0.0208,0,319.25,232.00,0.777,,,-5.1986,-0.1007,-7.6360,-1.0164,-5.1986,-7.6367,5.3314,0.3234,0.0000,BAM,-5.2567,-8.1525,-5.1785,-8.1525,0.0000,0.0000,0.000,0.000,0.0076,46.6,8.04,21,THU,NO_TX,360,,1,kieu=dung_yen;lan=1,1
60.9757,1790258694.070664,0.0204,0,319.25,232.00,0.777,,,-5.2007,-0.1007,-7.6568,-1.0164,-5.2007,-7.6573,5.3314,0.3234,0.0000,BAM,-5.2567,-8.1525,-5.1785,-8.1525,0.0000,0.0000,0.000,0.000,0.0076,46.6,8.04,21,THU,NO_TX,360,,1,kieu=dung_yen;lan=1,1
60.9960,1790258694.090949,0.0203,1,319.25,231.50,0.767,-5.2063,-7.5866,-5.2057,-0.1382,-7.6032,-0.0781,-5.2057,-7.6032,5.3314,0.3234,0.0000,BAM,-5.2567,-8.1525,-5.1785,-8.1525,0.0000,0.0000,0.000,0.000,0.0241,65.6,8.53,21,THU,NO_TX,360,,1,kieu=dung_yen;lan=1,1
61.0162,1790258694.111204,0.0203,0,319.25,231.50,0.767,,,-5.2085,-0.1382,-7.6048,-0.0781,-5.2085,-7.6048,5.3314,0.3234,0.0000,BAM,-5.2567,-8.1525,-5.1785,-8.1525,0.0000,0.0000,0.000,0.000,0.0241,65.6,8.53,21,THU,NO_TX,360,,1,kieu=dung_yen;lan=1,1
61.0366,1790258694.131570,0.0204,0,319.25,231.50,0.767,,,-5.2113,-0.1382,-7.6064,-0.0781,-5.2113,-7.6064,5.3314,0.3234,0.0000,BAM,-5.2567,-8.1525,-5.1785,-8.1525,0.0000,0.0000,0.000,0.000,0.0241,65.6,8.53,21,THU,NO_TX,360,,1,kieu=dung_yen;lan=1,1
61.0570,1790258694.151964,0.0204,1,313.75,229.25,0.765,-4.8371,-7.4366,-4.9037,3.7590,-7.4680,1.6496,-4.8550,-7.4636,5.3314,0.3234,0.0000,BAM,-5.2567,-8.1525,-5.1785,-8.1525,0.0000,0.0000,0.000,0.000,0.5231,60.8,12.43,21,THU,NO_TX,360,,1,kieu=dung_yen;lan=1,1
61.0771,1790258694.172119,0.0202,0,313.75,229.25,0.765,,,-4.8279,3.7590,-7.4348,1.6496,-4.7923,-7.4316,5.3314,0.3234,0.0000,BAM,-5.2567,-8.1525,-5.1785,-8.1525,0.0000,0.0000,0.000,0.000,0.5231,60.8,12.43,21,THU,NO_TX,360,,1,kieu=dung_yen;lan=1,1
61.0975,1790258694.192435,0.0204,0,313.75,229.25,0.765,,,-4.7514,3.7590,-7.4012,1.6496,-4.7234,-7.3987,5.3314,0.3234,0.0000,BAM,-5.2567,-8.1525,-5.1785,-8.1525,0.0000,0.0000,0.000,0.000,0.5231,60.8,12.43,21,THU,NO_TX,360,,1,kieu=dung_yen;lan=1,1
61.1179,1790258694.212911,0.0204,1,320.00,230.50,0.771,-5.2567,-7.5200,-5.1536,-2.2826,-7.4920,0.1055,-5.1653,-7.4920,5.3314,0.3234,0.0000,BAM,-5.2567,-8.1525,-5.1785,-8.1525,0.0000,0.0000,0.000,0.000,1.1126,50.0,9.50,21,THU,NO_TX,360,,1,kieu=dung_yen;lan=1,1
61.1381,1790258694.233079,0.0202,0,320.00,230.50,0.771,,,-5.1996,-2.2826,-7.4899,0.1055,-5.2080,-7.4899,5.3314,0.3234,0.0000,BAM,-5.2567,-8.1525,-5.1785,-8.1525,0.0000,0.0000,0.000,0.000,1.1126,50.0,9.50,21,THU,NO_TX,360,,1,kieu=dung_yen;lan=1,1
61.1584,1790258694.253396,0.0204,0,320.00,230.50,0.771,,,-5.2461,-2.2826,-7.4877,0.1055,-5.2526,-7.4877,5.3314,0.3234,0.0000,BAM,-5.2567,-8.1525,-5.1785,-8.1525,0.0000,0.0000,0.000,0.000,1.1126,50.0,9.50,21,THU,NO_TX,360,,1,kieu=dung_yen;lan=1,1
61.1791,1790258694.274708,0.0207,1,319.50,231.50,0.785,-5.2231,-7.5866,-5.2354,-1.5535,-7.5682,-0.9181,-5.2392,-7.5689,5.3314,0.3234,0.0000,BAM,-5.2567,-8.1525,-5.1785,-8.1525,0.0000,0.0000,0.000,0.000,0.0448,64.4,8.51,21,THU,NO_TX,360,,1,kieu=dung_yen;lan=1,1
61.1993,1790258694.294173,0.0201,0,319.50,231.50,0.785,,,-5.2667,-1.5535,-7.5867,-0.9181,-5.2694,-7.5872,5.3314,0.3234,0.0000,BAM,-5.2567,-8.1525,-5.1785,-8.1525,0.0000,0.0000,0.000,0.000,0.0448,64.4,8.51,21,THU,NO_TX,360,,1,kieu=dung_yen;lan=1,1
61.2195,1790258694.314480,0.0203,0,319.50,231.50,0.785,,,-5.2982,-1.5535,-7.6053,-0.9181,-5.3003,-7.6057,5.3314,0.3234,0.0000,BAM,-5.2567,-8.1525,-5.1785,-8.1525,0.0000,0.0000,0.000,0.000,0.0448,64.4,8.51,21,THU,NO_TX,360,,1,kieu=dung_yen;lan=1,1
61.2396,1790258694.334584,0.0200,1,313.50,229.00,0.758,-4.8203,-7.4200,-4.9111,3.7386,-7.4577,1.1474,-4.8634,-7.4562,5.3314,0.3234,0.0000,BAM,-5.2567,-8.1525,-5.1785,-8.1525,0.0000,0.0000,0.000,0.000,0.9269,62.2,12.78,21,THU,NO_TX,360,,1,kieu=dung_yen;lan=1,1
61.2599,1790258694.354949,0.0204,0,313.50,229.00,0.758,,,-4.8350,3.7386,-7.4343,1.1474,-4.8002,-7.4332,5.3314,0.3234,0.0000,BAM,-5.2567,-8.1525,-5.1785,-8.1525,0.0000,0.0000,0.000,0.000,0.9269,62.2,12.78,21,THU,NO_TX,360,,1,kieu=dung_yen;lan=1,1
61.2800,1790258694.374963,0.0200,1,319.50,231.50,0.773,-5.2231,-7.5866,-5.0973,-1.0855,-7.5377,-0.6239,-5.0986,-7.5380,5.3314,0.3234,0.0000,BAM,-5.2567,-8.1525,-5.1785,-8.1525,0.0000,0.0000,0.000,0.000,1.1507,48.3,8.51,21,THU,NO_TX,360,,1,kieu=dung_yen;lan=1,1
61.3003,1790258694.395281,0.0203,0,319.50,231.50,0.773,,,-5.1193,-1.0855,-7.5504,-0.6239,-5.1202,-7.5506,5.3314,0.3234,0.0000,BAM,-5.2567,-8.1525,-5.1785,-8.1525,0.0000,0.0000,0.000,0.000,1.1507,48.3,8.51,21,THU,NO_TX,360,,1,kieu=dung_yen;lan=1,1
61.3205,1790258694.415452,0.0202,0,319.50,231.50,0.773,,,-5.1412,-1.0855,-7.5630,-0.6239,-5.1419,-7.5631,5.3314,0.3234,0.0000,BAM,-5.2567,-8.1525,-5.1785,-8.1525,0.0000,0.0000,0.000,0.000,1.1507,48.3,8.51,21,THU,NO_TX,360,,1,kieu=dung_yen;lan=1,1
61.3411,1790258694.435974,0.0207,0,319.50,231.50,0.773,,,-5.1637,-1.0855,-7.5759,-0.6239,-5.1642,-7.5760,5.3314,0.3234,0.0000,BAM,-5.2567,-8.1525,-5.1785,-8.1525,0.0000,0.0000,0.000,0.000,1.1507,48.3,8.51,21,THU,NO_TX,360,,1,kieu=dung_yen;lan=1,1
61.3613,1790258694.456281,0.0201,1,319.75,231.50,0.772,-5.2399,-7.5866,-5.2335,-1.6219,-7.5868,-0.6058,-5.2378,-7.5871,5.3314,0.3234,0.0000,BAM,-5.2567,-8.1525,-5.1785,-8.1525,0.0000,0.0000,0.000,0.000,0.0061,65.3,8.50,21,THU,NO_TX,360,,1,kieu=dung_yen;lan=1,1
61.3817,1790258694.476652,0.0204,0,319.75,231.50,0.772,,,-5.2666,-1.6219,-7.5992,-0.6058,-5.2696,-7.5994,5.3314,0.3234,0.0000,BAM,-5.2567,-8.1525,-5.1785,-8.1525,0.0000,0.0000,0.000,0.000,0.0061,65.3,8.50,21,THU,NO_TX,360,,1,kieu=dung_yen;lan=1,1
61.4018,1790258694.496817,0.0201,0,319.75,231.50,0.772,,,-5.2992,-1.6219,-7.6114,-0.6058,-5.3016,-7.6115,5.3314,0.3234,0.0000,BAM,-5.2567,-8.1525,-5.1785,-8.1525,0.0000,0.0000,0.000,0.000,0.0061,65.3,8.50,21,THU,NO_TX,360,,1,kieu=dung_yen;lan=1,1
61.4221,1790258694.517097,0.0203,1,319.25,231.75,0.772,-5.2063,-7.6032,-5.2287,-0.3281,-7.6070,-0.4011,-5.2287,-7.6071,5.3314,0.3234,0.0000,BAM,-5.2567,-8.1525,-5.1785,-8.1525,0.0000,0.0000,0.000,0.000,0.0503,61.1,8.28,21,THU,NO_TX,360,,1,kieu=dung_yen;lan=1,1
61.4425,1790258694.537493,0.0204,0,319.25,231.75,0.772,,,-5.2354,-0.3281,-7.6152,-0.4011,-5.2354,-7.6152,5.3314,0.3234,0.0000,BAM,-5.2567,-8.1525,-5.1785,-8.1525,0.0000,0.0000,0.000,0.000,0.0503,61.1,8.28,21,THU,NO_TX,360,,1,kieu=dung_yen;lan=1,1
61.4630,1790258694.557985,0.0205,1,320.50,230.25,0.780,-5.2902,-7.5034,-5.2773,-0.8329,-7.5365,0.8191,-5.2779,-7.5359,5.3314,0.3234,0.0000,BAM,-5.2567,-8.1525,-5.1785,-8.1525,0.0000,0.0000,0.000,0.000,0.0742,48.8,9.76,21,THU,NO_TX,360,,1,kieu=dung_yen;lan=1,1
61.4831,1790258694.578078,0.0201,0,320.50,230.25,0.780,,,-5.2940,-0.8329,-7.5200,0.8191,-5.2944,-7.5196,5.3314,0.3234,0.0000,BAM,-5.2567,-8.1525,-5.1785,-8.1525,0.0000,0.0000,0.000,0.000,0.0742,48.8,9.76,21,THU,NO_TX,360,,1,kieu=dung_yen;lan=1,1
61.5036,1790258694.598607,0.0205,0,320.50,230.25,0.780,,,-5.3111,-0.8329,-7.5032,0.8191,-5.3115,-7.5029,5.3314,0.3234,0.0000,BAM,-5.2567,-8.1525,-5.1785,-8.1525,0.0000,0.0000,0.000,0.000,0.0742,48.8,9.76,21,THU,NO_TX,360,,1,kieu=dung_yen;lan=1,1
61.5236,1790258694.618644,0.0200,1,319.00,232.00,0.779,-5.1895,-7.6199,-5.2143,0.6334,-7.5951,-0.5585,-5.2140,-7.5953,5.3314,0.3234,0.0000,BAM,-5.2567,-8.1525,-5.1785,-8.1525,0.0000,0.0000,0.000,0.000,0.1123,64.6,8.06,21,THU,NO_TX,360,,1,kieu=dung_yen;lan=1,1
61.5440,1790258694.638997,0.0204,0,319.00,232.00,0.779,,,-5.2014,0.6334,-7.6065,-0.5585,-5.2012,-7.6066,5.3314,0.3234,0.0000,BAM,-5.2567,-8.1525,-5.1785,-8.1525,0.0000,0.0000,0.000,0.000,0.1123,64.6,8.06,21,THU,NO_TX,360,,1,kieu=dung_yen;lan=1,1
61.5644,1790258694.659353,0.0203,0,319.00,232.00,0.779,,,-5.1885,0.6334,-7.6178,-0.5585,-5.1883,-7.6179,5.3314,0.3234,0.0000,BAM,-5.2567,-8.1525,-5.1785,-8.1525,0.0000,0.0000,0.000,0.000,0.1123,64.6,8.06,21,THU,NO_TX,360,,1,kieu=dung_yen;lan=1,1
61.5849,1790258694.679904,0.0206,1,319.25,231.00,0.761,-5.2063,-7.5533,-5.2009,0.3146,-7.5672,0.2080,-5.2008,-7.5672,5.3314,0.3234,0.0000,BAM,-5.2567,-8.1525,-5.1785,-8.1525,0.0000,0.0000,0.000,0.000,0.0197,64.8,9.03,21,THU,NO_TX,360,,1,kieu=dung_yen;lan=1,1
61.6052,1790258694.700212,0.0203,0,319.25,231.00,0.761,,,-5.1945,0.3146,-7.5629,0.2080,-5.1945,-7.5629,5.3314,0.3234,0.0000,BAM,-5.2567,-8.1525,-5.1785,-8.1525,0.0000,0.0000,0.000,0.000,0.0197,64.8,9.03,21,THU,NO_TX,360,,1,kieu=dung_yen;lan=1,1
61.6256,1790258694.720576,0.0204,0,319.25,231.00,0.761,,,-5.1881,0.3146,-7.5587,0.2080,-5.1881,-7.5587,5.3314,0.3234,0.0000,BAM,-5.2567,-8.1525,-5.1785,-8.1525,0.0000,0.0000,0.000,0.000,0.0197,64.8,9.03,21,THU,NO_TX,360,,1,kieu=dung_yen;lan=1,1
61.6460,1790258694.741011,0.0204,1,314.00,229.50,0.761,-4.8538,-7.4533,-4.9117,3.7149,-7.4718,1.2315,-4.8648,-7.4700,5.3314,0.3234,0.0000,BAM,-5.2567,-8.1525,-5.1785,-8.1525,0.0000,0.0000,0.000,0.000,0.3602,46.6,12.09,21,THU,NO_TX,360,,1,kieu=dung_yen;lan=1,1
61.6665,1790258694.761466,0.0205,0,314.00,229.50,0.761,,,-4.8356,3.7149,-7.4466,1.2315,-4.8015,-7.4453,5.3314,0.3234,0.0000,BAM,-5.2567,-8.1525,-5.1785,-8.1525,0.0000,0.0000,0.000,0.000,0.3602,46.6,12.09,21,THU,NO_TX,360,,1,kieu=dung_yen;lan=1,1
61.6866,1790258694.781563,0.0201,0,314.00,229.50,0.761,,,-4.7610,3.7149,-7.4219,1.2315,-4.7340,-7.4208,5.3314,0.3234,0.0000,BAM,-5.2567,-8.1525,-5.1785,-8.1525,0.0000,0.0000,0.000,0.000,0.3602,46.6,12.09,21,THU,NO_TX,360,,1,kieu=dung_yen;lan=1,1
61.7072,1790258694.802212,0.0206,1,312.75,229.50,0.764,-4.7699,-7.4532,-4.7549,2.8259,-7.4428,0.6566,-4.7332,-7.4426,5.3314,0.3234,0.0000,BAM,-5.2567,-8.1525,-5.1785,-8.1525,0.0000,0.0000,0.000,0.000,0.0318,63.6,12.76,21,THU,NO_TX,360,,1,kieu=dung_yen;lan=1,1
61.7277,1790258694.822732,0.0205,0,312.75,229.50,0.764,,,-4.6969,2.8259,-7.4294,0.6566,-4.6814,-7.4292,5.3314,0.3234,0.0000,BAM,-5.2567,-8.1525,-5.1785,-8.1525,0.0000,0.0000,0.000,0.000,0.0318,63.6,12.76,21,THU,NO_TX,360,,1,kieu=dung_yen;lan=1,1
61.7481,1790258694.843078,0.0203,1,314.00,229.00,0.750,-4.8539,-7.4200,-4.7962,0.5908,-7.4189,0.6164,-4.7960,-7.4187,5.3314,0.3234,0.0000,BAM,-5.2567,-8.1525,-5.1785,-8.1525,0.0000,0.0000,0.000,0.000,0.2154,47.9,12.53,21,THU,NO_TX,360,,1,kieu=dung_yen;lan=1,1
61.7683,1790258694.863293,0.0202,0,314.00,229.00,0.750,,,-4.7842,0.5908,-7.4064,0.6164,-4.7841,-7.4063,5.3314,0.3234,0.0000,BAM,-5.2567,-8.1525,-5.1785,-8.1525,0.0000,0.0000,0.000,0.000,0.2154,47.9,12.53,21,THU,NO_TX,360,,1,kieu=dung_yen;lan=1,1
61.7883,1790258694.883313,0.0200,0,314.00,229.00,0.750,,,-4.7724,0.5908,-7.3941,0.6164,-4.7723,-7.3940,5.3314,0.3234,0.0000,BAM,-5.2567,-8.1525,-5.1785,-8.1525,0.0000,0.0000,0.000,0.000,0.2154,47.9,12.53,21,THU,NO_TX,360,,1,kieu=dung_yen;lan=1,1
61.8089,1790258694.903926,0.0206,1,314.00,229.25,0.747,-4.8539,-7.4366,-4.8371,-0.4000,-7.4264,0.0456,-4.8372,-7.4264,5.3314,0.3234,0.0000,BAM,-5.2567,-8.1525,-5.1785,-8.1525,0.0000,0.0000,0.000,0.000,0.0364,63.5,12.31,21,THU,NO_TX,360,,1,kieu=dung_yen;lan=1,1
61.8292,1790258694.924155,0.0202,0,314.00,229.25,0.747,,,-4.8452,-0.4000,-7.4254,0.0456,-4.8452,-7.4254,5.3314,0.3234,0.0000,BAM,-5.2567,-8.1525,-5.1785,-8.1525,0.0000,0.0000,0.000,0.000,0.0364,63.5,12.31,21,THU,NO_TX,360,,1,kieu=dung_yen;lan=1,1
61.8497,1790258694.944607,0.0206,0,314.00,229.25,0.747,,,-4.8534,-0.4000,-7.4245,0.0456,-4.8535,-7.4245,5.3314,0.3234,0.0000,BAM,-5.2567,-8.1525,-5.1785,-8.1525,0.0000,0.0000,0.000,0.000,0.0364,63.5,12.31,21,THU,NO_TX,360,,1,kieu=dung_yen;lan=1,1
61.8702,1790258694.965155,0.0204,1,320.00,232.00,0.768,-5.2567,-7.6199,-5.1871,-4.4845,-7.5840,-1.9345,-5.2662,-7.5911,5.3314,0.3234,0.0000,BAM,-5.2567,-8.1525,-5.1785,-8.1525,0.0000,0.0000,0.000,0.000,0.5904,65.6,8.00,21,THU,NO_TX,360,,1,kieu=dung_yen;lan=1,1
61.8907,1790258694.985660,0.0205,0,320.00,232.00,0.768,,,-5.2791,-4.4845,-7.6237,-1.9345,-5.3372,-7.6287,5.3314,0.3234,0.0000,BAM,-5.2567,-8.1525,-5.1785,-8.1525,0.0000,0.0000,0.000,0.000,0.5904,65.6,8.00,21,THU,NO_TX,360,,1,kieu=dung_yen;lan=1,1
61.9113,1790258695.006322,0.0207,0,320.00,232.00,0.768,,,-5.3717,-4.4845,-7.6637,-1.9345,-5.4177,-7.6676,5.3314,0.3234,0.0000,BAM,-5.2567,-8.1525,-5.1785,-8.1525,0.0000,0.0000,0.000,0.000,0.5904,65.6,8.00,21,THU,NO_TX,360,,1,kieu=dung_yen;lan=1,1
61.9320,1790258695.027559,0.0206,1,312.50,230.00,0.767,-4.7531,-7.4865,-4.8768,2.8824,-7.5257,0.2595,-4.8539,-7.5257,5.3314,0.3234,0.0000,BAM,-5.2567,-8.1525,-5.1785,-8.1525,0.0000,0.0000,0.000,0.000,1.6677,46.5,12.50,21,THU,NO_TX,360,,1,kieu=dung_yen;lan=1,1
61.9523,1790258695.047285,0.0203,0,312.50,230.00,0.767,,,-4.8183,2.8824,-7.5204,0.2595,-4.8017,-7.5204,5.3314,0.3234,0.0000,BAM,-5.2567,-8.1525,-5.1785,-8.1525,0.0000,0.0000,0.000,0.000,1.6677,46.5,12.50,21,THU,NO_TX,360,,1,kieu=dung_yen;lan=1,1
61.9726,1790258695.067594,0.0204,0,312.50,230.00,0.767,,,-4.7596,2.8824,-7.5151,0.2595,-4.7467,-7.5151,5.3314,0.3234,0.0000,BAM,-5.2567,-8.1525,-5.1785,-8.1525,0.0000,0.0000,0.000,0.000,1.6677,46.5,12.50,21,THU,NO_TX,360,,1,kieu=dung_yen;lan=1,1
61.9927,1790258695.087700,0.0201,1,319.25,232.00,0.768,-5.2063,-7.6199,-5.1168,-2.3587,-7.5996,-0.8545,-5.1296,-7.6003,5.3314,0.3234,0.0000,BAM,-5.2567,-8.1525,-5.1785,-8.1525,0.0000,0.0000,0.000,0.000,0.8217,65.7,8.04,21,THU,NO_TX,360,,1,kieu=dung_yen;lan=1,1
62.0132,1790258695.108199,0.0205,0,319.25,232.00,0.768,,,-5.1652,-2.3587,-7.6172,-0.8545,-5.1744,-7.6176,5.3314,0.3234,0.0000,BAM,-5.2567,-8.1525,-5.1785,-8.1525,0.0000,0.0000,0.000,0.000,0.8217,65.7,8.04,21,THU,NO_TX,360,,1,kieu=dung_yen;lan=1,1
62.0337,1790258695.128560,0.0205,0,319.25,232.00,0.768,,,-5.2135,-2.3587,-7.6347,-0.8545,-5.2206,-7.6350,5.3314,0.3234,0.0000,BAM,-5.2567,-8.1525,-5.1785,-8.1525,0.0000,0.0000,0.000,0.000,0.8217,65.7,8.04,21,THU,NO_TX,360,,1,kieu=dung_yen;lan=1,1
62.0537,1790258695.148732,0.0200,1,314.25,229.25,0.768,-4.8706,-7.4367,-4.9394,1.6942,-7.4760,1.3257,-4.9345,-7.4737,5.3314,0.3234,0.0000,BAM,-5.2567,-8.1525,-5.1785,-8.1525,0.0000,0.0000,0.000,0.000,0.6018,62.5,12.19,21,THU,NO_TX,360,,1,kieu=dung_yen;lan=1,1
62.0746,1790258695.169613,0.0209,0,314.25,229.25,0.768,,,-4.9040,1.6942,-7.4483,1.3257,-4.9006,-7.4467,5.3314,0.3234,0.0000,BAM,-5.2567,-8.1525,-5.1785,-8.1525,0.0000,0.0000,0.000,0.000,0.6018,62.5,12.19,21,THU,NO_TX,360,,1,kieu=dung_yen;lan=1,1
62.0948,1790258695.189553,0.0202,1,319.00,231.50,0.765,-5.1895,-7.5866,-5.1039,-1.6396,-7.5412,-0.3436,-5.1082,-7.5413,5.3314,0.3234,0.0000,BAM,-5.2567,-8.1525,-5.1785,-8.1525,0.0000,0.0000,0.000,0.000,0.5961,49.6,8.56,21,THU,NO_TX,360,,1,kieu=dung_yen;lan=1,1
62.1152,1790258695.210163,0.0204,0,319.00,231.50,0.765,,,-5.1373,-1.6396,-7.5482,-0.3436,-5.1404,-7.5483,5.3314,0.3234,0.0000,BAM,-5.2567,-8.1525,-5.1785,-8.1525,0.0000,0.0000,0.000,0.000,0.5961,49.6,8.56,21,THU,NO_TX,360,,1,kieu=dung_yen;lan=1,1
62.1354,1790258695.230253,0.0202,0,319.00,231.50,0.765,,,-5.1704,-1.6396,-7.5552,-0.3436,-5.1728,-7.5552,5.3314,0.3234,0.0000,BAM,-5.2567,-8.1525,-5.1785,-8.1525,0.0000,0.0000,0.000,0.000,0.5961,49.6,8.56,21,THU,NO_TX,360,,1,kieu=dung_yen;lan=1,1
62.1560,1790258695.250786,0.0206,0,319.00,231.50,0.765,,,-5.2042,-1.6396,-7.5623,-0.3436,-5.2061,-7.5623,5.3314,0.3234,0.0000,BAM,-5.2567,-8.1525,-5.1785,-8.1525,0.0000,0.0000,0.000,0.000,0.5961,49.6,8.56,21,THU,NO_TX,360,,1,kieu=dung_yen;lan=1,1
62.1762,1790258695.271150,0.0202,1,313.50,229.25,0.758,-4.8203,-7.4366,-4.8693,2.4728,-7.4530,0.9395,-4.8544,-7.4521,5.3314,0.3234,0.0000,BAM,-5.2567,-8.1525,-5.1785,-8.1525,0.0000,0.0000,0.000,0.000,0.3904,61.1,12.56,21,THU,NO_TX,360,,1,kieu=dung_yen;lan=1,1
62.1976,1790258695.292498,0.0214,0,313.50,229.25,0.758,,,-4.8163,2.4728,-7.4328,0.9395,-4.8059,-7.4323,5.3314,0.3234,0.0000,BAM,-5.2567,-8.1525,-5.1785,-8.1525,0.0000,0.0000,0.000,0.000,0.3904,61.1,12.56,21,THU,NO_TX,360,,1,kieu=dung_yen;lan=1,1
62.2176,1790258695.312619,0.0201,0,313.50,229.25,0.758,,,-4.7667,2.4728,-7.4140,0.9395,-4.7585,-7.4135,5.3314,0.3234,0.0000,BAM,-5.2567,-8.1525,-5.1785,-8.1525,0.0000,0.0000,0.000,0.000,0.3904,61.1,12.56,21,THU,NO_TX,360,,1,kieu=dung_yen;lan=1,1
62.2378,1790258695.332814,0.0202,1,318.00,231.50,0.768,-5.1223,-7.5866,-5.0515,-1.6907,-7.5519,-0.9764,-5.0562,-7.5528,5.3314,0.3234,0.0000,BAM,-5.2567,-8.1525,-5.1785,-8.1525,0.0000,0.0000,0.000,0.000,0.6066,66.6,8.73,21,THU,NO_TX,360,,1,kieu=dung_yen;lan=1,1
62.2584,1790258695.353334,0.0206,0,318.00,231.50,0.768,,,-5.0862,-1.6907,-7.5719,-0.9764,-5.0896,-7.5726,5.3314,0.3234,0.0000,BAM,-5.2567,-8.1525,-5.1785,-8.1525,0.0000,0.0000,0.000,0.000,0.6066,66.6,8.73,21,THU,NO_TX,360,,1,kieu=dung_yen;lan=1,1
62.2788,1790258695.373742,0.0204,1,313.50,229.25,0.750,-4.8203,-7.4366,-4.9008,1.4563,-7.4793,0.6006,-4.8977,-7.4791,5.3314,0.3234,0.0000,BAM,-5.2567,-8.1525,-5.1785,-8.1525,0.0000,0.0000,0.000,0.000,0.5267,48.6,12.56,21,THU,NO_TX,360,,0,,0
62.3000,1790258695.394985,0.0212,0,313.50,229.25,0.750,,,-4.8699,1.4563,-7.4666,0.6006,-4.8677,-7.4664,5.3314,0.3234,0.0000,BAM,-5.2567,-8.1525,-5.1785,-8.1525,0.0000,0.0000,0.000,0.000,0.5267,48.6,12.56,21,THU,NO_TX,360,,0,,0
62.3201,1790258695.415128,0.0201,0,313.50,229.25,0.750,,,-4.8405,1.4563,-7.4545,0.6006,-4.8388,-7.4543,5.3314,0.3234,0.0000,BAM,-5.2567,-8.1525,-5.1785,-8.1525,0.0000,0.0000,0.000,0.000,0.5267,48.6,12.56,21,THU,NO_TX,360,,0,,0
62.3403,1790258695.435100,0.0201,1,313.00,228.50,0.761,-4.7868,-7.3867,-4.7911,1.7144,-7.3968,1.1761,-4.7859,-7.3952,5.3314,0.3234,0.0000,BAM,-5.2567,-8.1525,-5.1785,-8.1525,0.0000,0.0000,0.000,0.000,0.0109,61.8,13.46,21,THU,NO_TX,360,,0,,0
62.3606,1790258695.455550,0.0203,0,313.00,228.50,0.761,,,-4.7563,1.7144,-7.3730,1.1761,-4.7527,-7.3718,5.3314,0.3234,0.0000,BAM,-5.2567,-8.1525,-5.1785,-8.1525,0.0000,0.0000,0.000,0.000,0.0109,61.8,13.46,21,THU,NO_TX,360,,0,,0
62.3806,1790258695.475566,0.0200,0,313.00,228.50,0.761,,,-4.7220,1.7144,-7.3495,1.1761,-4.7192,-7.3486,5.3314,0.3234,0.0000,BAM,-5.2567,-8.1525,-5.1785,-8.1525,0.0000,0.0000,0.000,0.000,0.0109,61.8,13.46,21,THU,NO_TX,360,,0,,0
62.4007,1790258695.495667,0.0201,1,320.75,231.00,0.786,-5.3070,-7.5533,-5.1962,-4.6979,-7.5111,-1.1206,-5.2856,-7.5125,5.3314,0.3234,0.0000,BAM,-5.2567,-8.1525,-5.1785,-8.1525,0.0000,0.0000,0.000,0.000,1.3489,65.3,9.03,21,THU,NO_TX,360,,0,,0
62.4211,1790258695.516104,0.0204,0,320.75,231.00,0.786,,,-5.2921,-4.6979,-7.5340,-1.1206,-5.3583,-7.5350,5.3314,0.3234,0.0000,BAM,-5.2567,-8.1525,-5.1785,-8.1525,0.0000,0.0000,0.000,0.000,1.3489,65.3,9.03,21,THU,NO_TX,360,,0,,0
62.4416,1790258695.536624,0.0205,0,320.75,231.00,0.786,,,-5.3886,-4.6979,-7.5570,-1.1206,-5.4411,-7.5578,5.3314,0.3234,0.0000,BAM,-5.2567,-8.1525,-5.1785,-8.1525,0.0000,0.0000,0.000,0.000,1.3489,65.3,9.03,21,THU,NO_TX,360,,0,,0
62.4618,1790258695.556801,0.0202,1,320.00,231.50,0.774,-5.2567,-7.5866,-5.2967,-2.3434,-7.5853,-1.1910,-5.3093,-7.5870,5.3314,0.3234,0.0000,BAM,-5.2567,-8.1525,-5.1785,-8.1525,0.0000,0.0000,0.000,0.000,0.1581,46.6,8.50,21,THU,NO_TX,360,,0,,0
62.4823,1790258695.577240,0.0204,0,320.00,231.50,0.774,,,-5.3445,-2.3434,-7.6096,-1.1910,-5.3535,-7.6108,5.3314,0.3234,0.0000,BAM,-5.2567,-8.1525,-5.1785,-8.1525,0.0000,0.0000,0.000,0.000,0.1581,46.6,8.50,21,THU,NO_TX,360,,0,,0
62.5026,1790258695.597535,0.0203,0,320.00,231.50,0.774,,,-5.3922,-2.3434,-7.6339,-1.1910,-5.3992,-7.6348,5.3314,0.3234,0.0000,BAM,-5.2567,-8.1525,-5.1785,-8.1525,0.0000,0.0000,0.000,0.000,0.1581,46.6,8.50,21,THU,NO_TX,360,,0,,0
62.5232,1790258695.618151,0.0206,1,319.50,232.00,0.771,-5.2231,-7.6199,-5.2612,-0.0886,-7.6269,-0.8015,-5.2612,-7.6274,5.3314,0.3234,0.0000,BAM,-5.2567,-8.1525,-5.1785,-8.1525,0.0000,0.0000,0.000,0.000,0.1483,63.6,8.02,21,THU,NO_TX,360,,0,,0
62.5436,1790258695.638622,0.0205,0,319.50,232.00,0.771,,,-5.2630,-0.0886,-7.6433,-0.8015,-5.2630,-7.6436,5.3314,0.3234,0.0000,BAM,-5.2567,-8.1525,-5.1785,-8.1525,0.0000,0.0000,0.000,0.000,0.1483,63.6,8.02,21,THU,NO_TX,360,,0,,0
62.5640,1790258695.658967,0.0204,1,319.00,231.50,0.769,-5.1895,-7.5866,-5.2098,0.6957,-7.6068,-0.0637,-5.2094,-7.6068,5.3314,0.3234,0.0000,BAM,-5.2567,-8.1525,-5.1785,-8.1525,0.0000,0.0000,0.000,0.000,0.0500,47.4,8.56,21,THU,NO_TX,360,,0,,0
62.5841,1790258695.679074,0.0201,0,319.00,231.50,0.769,,,-5.1958,0.6957,-7.6080,-0.0637,-5.1955,-7.6080,5.3314,0.3234,0.0000,BAM,-5.2567,-8.1525,-5.1785,-8.1525,0.0000,0.0000,0.000,0.000,0.0500,47.4,8.56,21,THU,NO_TX,360,,0,,0
62.6051,1790258695.700051,0.0210,0,319.00,231.50,0.769,,,-5.1812,0.6957,-7.6094,-0.0637,-5.1810,-7.6094,5.3314,0.3234,0.0000,BAM,-5.2567,-8.1525,-5.1785,-8.1525,0.0000,0.0000,0.000,0.000,0.0500,47.4,8.56,21,THU,NO_TX,360,,0,,0
62.6255,1790258695.720477,0.0205,1,319.50,231.50,0.772,-5.2231,-7.5866,-5.2132,0.1026,-7.5910,0.1847,-5.2132,-7.5910,5.3314,0.3234,0.0000,BAM,-5.2567,-8.1525,-5.1785,-8.1525,0.0000,0.0000,0.000,0.000,0.0114,64.9,8.51,21,THU,NO_TX,360,,0,,0
62.6461,1790258695.741079,0.0206,0,319.50,231.50,0.772,,,-5.2111,0.1026,-7.5872,0.1847,-5.2111,-7.5872,5.3314,0.3234,0.0000,BAM,-5.2567,-8.1525,-5.1785,-8.1525,0.0000,0.0000,0.000,0.000,0.0114,64.9,8.51,21,THU,NO_TX,360,,0,,0
62.6663,1790258695.761307,0.0202,0,319.50,231.50,0.772,,,-5.2090,0.1026,-7.5835,0.1847,-5.2090,-7.5835,5.3314,0.3234,0.0000,BAM,-5.2567,-8.1525,-5.1785,-8.1525,0.0000,0.0000,0.000,0.000,0.0114,64.9,8.51,21,THU,NO_TX,360,,0,,0
62.6866,1790258695.781617,0.0203,1,313.50,228.75,0.761,-4.8203,-7.4033,-4.8886,4.0989,-7.4356,1.9636,-4.8267,-7.4283,5.3314,0.3234,0.0000,BAM,-5.2567,-8.1525,-5.1785,-8.1525,0.0000,0.0000,0.000,0.000,0.5501,62.0,12.99,21,THU,NO_TX,360,,0,,0
62.7067,1790258695.801551,0.0201,0,313.50,228.75,0.761,,,-4.8063,4.0989,-7.3962,1.9636,-4.7608,-7.3909,5.3314,0.3234,0.0000,BAM,-5.2567,-8.1525,-5.1785,-8.1525,0.0000,0.0000,0.000,0.000,0.5501,62.0,12.99,21,THU,NO_TX,360,,0,,0
62.7272,1790258695.822188,0.0205,0,313.50,228.75,0.761,,,-4.7222,4.0989,-7.3559,1.9636,-4.6864,-7.3518,5.3314,0.3234,0.0000,BAM,-5.2567,-8.1525,-5.1785,-8.1525,0.0000,0.0000,0.000,0.000,0.5501,62.0,12.99,21,THU,NO_TX,360,,0,,0
62.7473,1790258695.842293,0.0201,1,319.75,231.50,0.765,-5.2399,-7.5866,-5.1331,-2.1334,-7.5367,-0.7723,-5.1427,-7.5372,5.3314,0.3234,0.0000,BAM,-5.2567,-8.1525,-5.1785,-8.1525,0.0000,0.0000,0.000,0.000,1.3308,47.8,8.50,21,THU,NO_TX,360,,0,,0
62.7677,1790258695.862437,0.0204,0,319.75,231.50,0.765,,,-5.1766,-2.1334,-7.5525,-0.7723,-5.1835,-7.5528,5.3314,0.3234,0.0000,BAM,-5.2567,-8.1525,-5.1785,-8.1525,0.0000,0.0000,0.000,0.000,1.3308,47.8,8.50,21,THU,NO_TX,360,,0,,0
62.7887,1790258695.883710,0.0210,0,319.75,231.50,0.765,,,-5.2214,-2.1334,-7.5687,-0.7723,-5.2267,-7.5689,5.3314,0.3234,0.0000,BAM,-5.2567,-8.1525,-5.1785,-8.1525,0.0000,0.0000,0.000,0.000,1.3308,47.8,8.50,21,THU,NO_TX,360,,0,,0
62.8088,1790258695.903708,0.0200,1,319.50,231.50,0.769,-5.2231,-7.5866,-5.2303,-1.7073,-7.5862,-0.7971,-5.2352,-7.5867,5.3314,0.3234,0.0000,BAM,-5.2567,-8.1525,-5.1785,-8.1525,0.0000,0.0000,0.000,0.000,0.0051,63.8,8.51,21,THU,NO_TX,360,,0,,0
62.8290,1790258695.923980,0.0202,0,319.50,231.50,0.769,,,-5.2648,-1.7073,-7.6023,-0.7971,-5.2683,-7.6026,5.3314,0.3234,0.0000,BAM,-5.2567,-8.1525,-5.1785,-8.1525,0.0000,0.0000,0.000,0.000,0.0051,63.8,8.51,21,THU,NO_TX,360,,0,,0
62.8497,1790258695.944613,0.0207,0,319.50,231.50,0.769,,,-5.3001,-1.7073,-7.6188,-0.7971,-5.3028,-7.6190,5.3314,0.3234,0.0000,BAM,-5.2567,-8.1525,-5.1785,-8.1525,0.0000,0.0000,0.000,0.000,0.0051,63.8,8.51,21,THU,NO_TX,360,,0,,0
62.8699,1790258695.964831,0.0202,1,319.00,231.25,0.768,-5.1895,-7.5700,-5.2150,-0.2010,-7.5818,-0.1398,-5.2150,-7.5818,5.3314,0.3234,0.0000,BAM,-5.2567,-8.1525,-5.1785,-8.1525,0.0000,0.0000,0.000,0.000,0.0768,63.4,8.81,21,THU,NO_TX,360,,0,,0
62.8903,1790258695.985265,0.0204,0,319.00,231.25,0.768,,,-5.2191,-0.2010,-7.5847,-0.1398,-5.2191,-7.5847,5.3314,0.3234,0.0000,BAM,-5.2567,-8.1525,-5.1785,-8.1525,0.0000,0.0000,0.000,0.000,0.0768,63.4,8.81,21,THU,NO_TX,360,,0,,0
62.9109,1790258696.005846,0.0206,1,319.75,231.50,0.775,-5.2399,-7.5866,-5.2354,-0.3741,-7.5869,-0.1303,-5.2355,-7.5869,5.3314,0.3234,0.0000,BAM,-5.2567,-8.1525,-5.1785,-8.1525,0.0000,0.0000,0.000,0.000,0.0013,47.3,8.50,21,THU,NO_TX,360,,0,,0
62.9314,1790258696.026422,0.0206,0,319.75,231.50,0.775,,,-5.2431,-0.3741,-7.5895,-0.1303,-5.2432,-7.5895,5.3314,0.3234,0.0000,BAM,-5.2567,-8.1525,-5.1785,-8.1525,0.0000,0.0000,0.000,0.000,0.0013,47.3,8.50,21,THU,NO_TX,360,,0,,0
62.9517,1790258696.046661,0.0202,0,319.75,231.50,0.775,,,-5.2507,-0.3741,-7.5922,-0.1303,-5.2507,-7.5922,5.3314,0.3234,0.0000,BAM,-5.2567,-8.1525,-5.1785,-8.1525,0.0000,0.0000,0.000,0.000,0.0013,47.3,8.50,21,THU,NO_TX,360,,0,,0
62.9721,1790258696.067073,0.0205,0,319.75,231.50,0.775,,,-5.2583,-0.3741,-7.5948,-0.1303,-5.2584,-7.5948,5.3314,0.3234,0.0000,BAM,-5.2567,-8.1525,-5.1785,-8.1525,0.0000,0.0000,0.000,0.000,0.0013,47.3,8.50,21,THU,NO_TX,360,,0,,0
62.9926,1790258696.087589,0.0205,1,319.00,232.50,0.774,-5.1895,-7.6532,-5.1984,0.3793,-7.6464,-0.6682,-5.1984,-7.6467,5.3314,0.3234,0.0000,BAM,-5.2567,-8.1525,-5.1785,-8.1525,0.0000,0.0000,0.000,0.000,0.0179,67.2,7.57,21,THU,NO_TX,360,,0,,0
63.0131,1790258696.108089,0.0205,0,319.00,232.50,0.774,,,-5.1906,0.3793,-7.6600,-0.6682,-5.1906,-7.6603,5.3314,0.3234,0.0000,BAM,-5.2567,-8.1525,-5.1785,-8.1525,0.0000,0.0000,0.000,0.000,0.0179,67.2,7.57,21,THU,NO_TX,360,,0,,0
63.0334,1790258696.128777,0.0203,0,319.00,232.50,0.774,,,-5.1829,0.3793,-7.6736,-0.6682,-5.1829,-7.6738,5.3314,0.3234,0.0000,BAM,-5.2567,-8.1525,-5.1785,-8.1525,0.0000,0.0000,0.000,0.000,0.0179,67.2,7.57,21,THU,NO_TX,360,,0,,0
63.0539,1790258696.148924,0.0205,1,314.25,230.00,0.772,-4.8706,-7.4866,-4.9242,3.5081,-7.5232,1.3407,-4.8849,-7.5209,5.3314,0.3234,0.0000,BAM,-5.2567,-8.1525,-5.1785,-8.1525,0.0000,0.0000,0.000,0.000,0.4015,60.1,11.54,21,THU,NO_TX,360,,0,,0
63.0743,1790258696.169139,0.0203,0,314.25,230.00,0.772,,,-4.8530,3.5081,-7.4960,1.3407,-4.8243,-7.4943,5.3314,0.3234,0.0000,BAM,-5.2567,-8.1525,-5.1785,-8.1525,0.0000,0.0000,0.000,0.000,0.4015,60.1,11.54,21,THU,NO_TX,360,,0,,0
63.0948,1790258696.189839,0.0206,1,320.50,230.50,0.774,-5.2902,-7.5200,-5.1535,-1.8319,-7.5058,0.8158,-5.1596,-7.5053,5.3314,0.3234,0.0000,BAM,-5.2567,-8.1525,-5.1785,-8.1525,0.0000,0.0000,0.000,0.000,1.2242,50.4,9.51,21,THU,NO_TX,360,,0,,0
63.1154,1790258696.210352,0.0205,0,320.50,230.50,0.774,,,-5.1911,-1.8319,-7.4891,0.8158,-5.1954,-7.4887,5.3314,0.3234,0.0000,BAM,-5.2567,-8.1525,-5.1785,-8.1525,0.0000,0.0000,0.000,0.000,1.2242,50.4,9.51,21,THU,NO_TX,360,,0,,0
63.1354,1790258696.230395,0.0201,0,320.50,230.50,0.774,,,-5.2279,-1.8319,-7.4727,0.8158,-5.2312,-7.4724,5.3314,0.3234,0.0000,BAM,-5.2567,-8.1525,-5.1785,-8.1525,0.0000,0.0000,0.000,0.000,1.2242,50.4,9.51,21,THU,NO_TX,360,,0,,0
63.1557,1790258696.250720,0.0203,1,313.50,229.25,0.761,-4.8203,-7.4366,-4.8995,2.8808,-7.4402,1.0179,-4.8762,-7.4392,5.3314,0.3234,0.0000,BAM,-5.2567,-8.1525,-5.1785,-8.1525,0.0000,0.0000,0.000,0.000,0.6146,62.8,12.56,21,THU,NO_TX,360,,0,,0
63.1761,1790258696.271087,0.0204,0,313.50,229.25,0.761,,,-4.8407,2.8808,-7.4194,1.0179,-4.8240,-7.4187,5.3314,0.3234,0.0000,BAM,-5.2567,-8.1525,-5.1785,-8.1525,0.0000,0.0000,0.000,0.000,0.6146,62.8,12.56,21,THU,NO_TX,360,,0,,0
63.1968,1790258696.291756,0.0206,0,313.50,229.25,0.761,,,-4.7813,2.8808,-7.3985,1.0179,-4.7684,-7.3979,5.3314,0.3234,0.0000,BAM,-5.2567,-8.1525,-5.1785,-8.1525,0.0000,0.0000,0.000,0.000,0.6146,62.8,12.56,21,THU,NO_TX,360,,0,,0
63.2174,1790258696.312963,0.0206,1,319.75,231.50,0.764,-5.2399,-7.5866,-5.1496,-2.4685,-7.5488,-1.0894,-5.1643,-7.5500,5.3314,0.3234,0.0000,BAM,-5.2567,-8.1525,-5.1785,-8.1525,0.0000,0.0000,0.000,0.000,0.9406,63.5,8.50,21,THU,NO_TX,360,,0,,0
63.2375,1790258696.332326,0.0201,0,319.75,231.50,0.764,,,-5.1992,-2.4685,-7.5707,-1.0894,-5.2098,-7.5716,5.3314,0.3234,0.0000,BAM,-5.2567,-8.1525,-5.1785,-8.1525,0.0000,0.0000,0.000,0.000,0.9406,63.5,8.50,21,THU,NO_TX,360,,0,,0
63.2581,1790258696.352955,0.0206,0,319.75,231.50,0.764,,,-5.2501,-2.4685,-7.5931,-1.0894,-5.2583,-7.5938,5.3314,0.3234,0.0000,BAM,-5.2567,-8.1525,-5.1785,-8.1525,0.0000,0.0000,0.000,0.000,0.9406,63.5,8.50,21,THU,NO_TX,360,,0,,0
63.2782,1790258696.373216,0.0201,1,319.25,231.50,0.772,-5.2063,-7.5866,-5.2229,-1.4985,-7.5918,-0.8014,-5.2263,-7.5923,5.3314,0.3234,0.0000,BAM,-5.2567,-8.1525,-5.1785,-8.1525,0.0000,0.0000,0.000,0.000,0.0294,49.2,8.53,21,THU,NO_TX,360,,0,,0
63.2987,1790258696.393670,0.0205,0,319.25,231.50,0.772,,,-5.2535,-1.4985,-7.6082,-0.8014,-5.2559,-7.6086,5.3314,0.3234,0.0000,BAM,-5.2567,-8.1525,-5.1785,-8.1525,0.0000,0.0000,0.000,0.000,0.0294,49.2,8.53,21,THU,NO_TX,360,,0,,0
63.3191,1790258696.413882,0.0204,0,319.25,231.50,0.772,,,-5.2841,-1.4985,-7.6246,-0.8014,-5.2860,-7.6249,5.3314,0.3234,0.0000,BAM,-5.2567,-8.1525,-5.1785,-8.1525,0.0000,0.0000,0.000,0.000,0.0294,49.2,8.53,21,THU,NO_TX,360,,0,,0
63.3392,1790258696.434145,0.0200,1,313.25,230.00,0.757,-4.8034,-7.4865,-4.8937,3.8085,-7.5148,0.7609,-4.8434,-7.5143,5.3314,0.3234,0.0000,BAM,-5.2567,-8.1525,-5.1785,-8.1525,0.0000,0.0000,0.000,0.000,0.8718,63.0,12.06,21,THU,NO_TX,360,,0,,0
63.3592,1790258696.454207,0.0201,0,313.25,230.00,0.757,,,-4.8173,3.8085,-7.4995,0.7609,-4.7804,-7.4992,5.3314,0.3234,0.0000,BAM,-5.2567,-8.1525,-5.1785,-8.1525,0.0000,0.0000,0.000,0.000,0.8718,63.0,12.06,21,THU,NO_TX,360,,0,,0
63.3794,1790258696.474268,0.0202,0,313.25,230.00,0.757,,,-4.7403,3.8085,-7.4841,0.7609,-4.7112,-7.4839,5.3314,0.3234,0.0000,BAM,-5.2567,-8.1525,-5.1785,-8.1525,0.0000,0.0000,0.000,0.000,0.8718,63.0,12.06,21,THU,NO_TX,360,,0,,0
63.4000,1790258696.494935,0.0205,1,319.25,231.75,0.767,-5.2063,-7.6032,-5.1100,-1.8467,-7.5785,-0.6046,-5.1162,-7.5787,5.3314,0.3234,0.0000,BAM,-5.2567,-8.1525,-5.1785,-8.1525,0.0000,0.0000,0.000,0.000,0.9659,64.3,8.28,21,THU,NO_TX,360,,0,,0
63.4202,1790258696.515213,0.0202,0,319.25,231.75,0.767,,,-5.1473,-1.8467,-7.5907,-0.6046,-5.1518,-7.5909,5.3314,0.3234,0.0000,BAM,-5.2567,-8.1525,-5.1785,-8.1525,0.0000,0.0000,0.000,0.000,0.9659,64.3,8.28,21,THU,NO_TX,360,,0,,0
63.4407,1790258696.535694,0.0205,1,318.50,232.00,0.771,-5.1559,-7.6199,-5.1638,-1.5418,-7.6152,-0.7740,-5.1675,-7.6157,5.3314,0.3234,0.0000,BAM,-5.2567,-8.1525,-5.1785,-8.1525,0.0000,0.0000,0.000,0.000,0.0053,49.0,8.14,21,THU,NO_TX,360,,0,,0
63.4608,1790258696.555792,0.0201,0,318.50,232.00,0.771,,,-5.1949,-1.5418,-7.6308,-0.7740,-5.1975,-7.6312,5.3314,0.3234,0.0000,BAM,-5.2567,-8.1525,-5.1785,-8.1525,0.0000,0.0000,0.000,0.000,0.0053,49.0,8.14,21,THU,NO_TX,360,,0,,0
63.4814,1790258696.576290,0.0205,0,318.50,232.00,0.771,,,-5.2265,-1.5418,-7.6467,-0.7740,-5.2285,-7.6470,5.3314,0.3234,0.0000,BAM,-5.2567,-8.1525,-5.1785,-8.1525,0.0000,0.0000,0.000,0.000,0.0053,49.0,8.14,21,THU,NO_TX,360,,0,,0
63.5014,1790258696.596357,0.0200,1,318.50,232.00,0.778,-5.1559,-7.6199,-5.1741,-0.4679,-7.6278,-0.3366,-5.1743,-7.6278,5.3314,0.3234,0.0000,BAM,-5.2567,-8.1525,-5.1785,-8.1525,0.0000,0.0000,0.000,0.000,0.0375,61.4,8.14,21,THU,NO_TX,360,,0,,0
63.5214,1790258696.616366,0.0200,0,318.50,232.00,0.778,,,-5.1835,-0.4679,-7.6345,-0.3366,-5.1836,-7.6346,5.3314,0.3234,0.0000,BAM,-5.2567,-8.1525,-5.1785,-8.1525,0.0000,0.0000,0.000,0.000,0.0375,61.4,8.14,21,THU,NO_TX,360,,0,,0
63.5417,1790258696.636643,0.0203,0,318.50,232.00,0.778,,,-5.1930,-0.4679,-7.6414,-0.3366,-5.1931,-7.6414,5.3314,0.3234,0.0000,BAM,-5.2567,-8.1525,-5.1785,-8.1525,0.0000,0.0000,0.000,0.000,0.0375,61.4,8.14,21,THU,NO_TX,360,,0,,0
63.5621,1790258696.657136,0.0205,1,319.00,231.50,0.765,-5.1895,-7.5866,-5.1918,-0.3325,-7.5980,0.2857,-5.1919,-7.5979,5.3314,0.3234,0.0000,BAM,-5.2567,-8.1525,-5.1785,-8.1525,0.0000,0.0000,0.000,0.000,0.0117,50.4,8.56,21,THU,NO_TX,360,,0,,0
63.5829,1790258696.677816,0.0207,0,319.00,231.50,0.765,,,-5.1987,-0.3325,-7.5920,0.2857,-5.1987,-7.5920,5.3314,0.3234,0.0000,BAM,-5.2567,-8.1525,-5.1785,-8.1525,0.0000,0.0000,0.000,0.000,0.0117,50.4,8.56,21,THU,NO_TX,360,,0,,0
63.6030,1790258696.697957,0.0201,0,319.00,231.50,0.765,,,-5.2054,-0.3325,-7.5863,0.2857,-5.2054,-7.5863,5.3314,0.3234,0.0000,BAM,-5.2567,-8.1525,-5.1785,-8.1525,0.0000,0.0000,0.000,0.000,0.0117,50.4,8.56,21,THU,NO_TX,360,,0,,0
63.6232,1790258696.718188,0.0202,1,320.00,230.00,0.764,-5.2567,-7.4867,-5.2488,-0.7946,-7.5039,1.2346,-5.2493,-7.5021,5.3314,0.3234,0.0000,BAM,-5.2567,-8.1525,-5.1785,-8.1525,0.0000,0.0000,0.000,0.000,0.0318,62.5,10.00,21,THU,NO_TX,360,,0,,0
63.6439,1790258696.738852,0.0207,0,320.00,230.00,0.764,,,-5.2652,-0.7946,-7.4784,1.2346,-5.2656,-7.4771,5.3314,0.3234,0.0000,BAM,-5.2567,-8.1525,-5.1785,-8.1525,0.0000,0.0000,0.000,0.000,0.0318,62.5,10.00,21,THU,NO_TX,360,,0,,0
63.6645,1790258696.759354,0.0206,0,320.00,230.00,0.764,,,-5.2816,-0.7946,-7.4530,1.2346,-5.2819,-7.4519,5.3314,0.3234,0.0000,BAM,-5.2567,-8.1525,-5.1785,-8.1525,0.0000,0.0000,0.000,0.000,0.0318,62.5,10.00,21,THU,NO_TX,360,,0,,0
63.6850,1790258696.780011,0.0205,1,319.00,231.00,0.767,-5.1895,-7.5533,-5.2083,0.3294,-7.5307,-0.0368,-5.2083,-7.5307,5.3314,0.3234,0.0000,BAM,-5.2567,-8.1525,-5.1785,-8.1525,0.0000,0.0000,0.000,0.000,0.0809,62.4,9.06,21,THU,NO_TX,360,,0,,0
63.7055,1790258696.800481,0.0205,0,319.00,231.00,0.767,,,-5.2016,0.3294,-7.5314,-0.0368,-5.2015,-7.5314,5.3314,0.3234,0.0000,BAM,-5.2567,-8.1525,-5.1785,-8.1525,0.0000,0.0000,0.000,0.000,0.0809,62.4,9.06,21,THU,NO_TX,360,,0,,0
63.7259,1790258696.821490,0.0204,1,320.25,230.50,0.782,-5.2735,-7.5200,-5.2523,-0.4891,-7.5234,0.0859,-5.2524,-7.5234,5.3314,0.3234,0.0000,BAM,-5.2567,-8.1525,-5.1785,-8.1525,0.0000,0.0000,0.000,0.000,0.0296,49.4,9.50,21,THU,NO_TX,360,,0,,0
63.7461,1790258696.841141,0.0203,0,320.25,230.50,0.782,,,-5.2622,-0.4891,-7.5216,0.0859,-5.2623,-7.5216,5.3314,0.3234,0.0000,BAM,-5.2567,-8.1525,-5.1785,-8.1525,0.0000,0.0000,0.000,0.000,0.0296,49.4,9.50,21,THU,NO_TX,360,,0,,0
63.7662,1790258696.861094,0.0201,0,320.25,230.50,0.782,,,-5.2721,-0.4891,-7.5199,0.0859,-5.2721,-7.5199,5.3314,0.3234,0.0000,BAM,-5.2567,-8.1525,-5.1785,-8.1525,0.0000,0.0000,0.000,0.000,0.0296,49.4,9.50,21,THU,NO_TX,360,,0,,0
63.7869,1790258696.881860,0.0206,0,320.25,230.50,0.782,,,-5.2822,-0.4891,-7.5181,0.0859,-5.2822,-7.5181,5.3314,0.3234,0.0000,BAM,-5.2567,-8.1525,-5.1785,-8.1525,0.0000,0.0000,0.000,0.000,0.0296,49.4,9.50,21,THU,NO_TX,360,,0,,0
63.8074,1790258696.902986,0.0205,1,319.50,230.50,0.780,-5.2231,-7.5200,-5.2312,0.1921,-7.5196,0.0506,-5.2312,-7.5196,5.3314,0.3234,0.0000,BAM,-5.2567,-8.1525,-5.1785,-8.1525,0.0000,0.0000,0.000,0.000,0.0098,64.1,9.51,21,THU,NO_TX,360,,0,,0
63.8278,1790258696.922740,0.0204,0,319.50,230.50,0.780,,,-5.2273,0.1921,-7.5185,0.0506,-5.2273,-7.5185,5.3314,0.3234,0.0000,BAM,-5.2567,-8.1525,-5.1785,-8.1525,0.0000,0.0000,0.000,0.000,0.0098,64.1,9.51,21,THU,NO_TX,360,,0,,0
63.8480,1790258696.942945,0.0202,0,319.50,230.50,0.780,,,-5.2234,0.1921,-7.5175,0.0506,-5.2234,-7.5175,5.3314,0.3234,0.0000,BAM,-5.2567,-8.1525,-5.1785,-8.1525,0.0000,0.0000,0.000,0.000,0.0098,64.1,9.51,21,THU,NO_TX,360,,0,,0
63.8683,1790258696.963325,0.0203,1,319.25,231.50,0.767,-5.2063,-7.5866,-5.2086,0.3276,-7.5737,-0.6513,-5.2086,-7.5740,5.3314,0.3234,0.0000,BAM,-5.2567,-8.1525,-5.1785,-8.1525,0.0000,0.0000,0.000,0.000,0.0150,64.0,8.53,21,THU,NO_TX,360,,0,,0
63.8889,1790258696.983595,0.0205,0,319.25,231.50,0.767,,,-5.2019,0.3276,-7.5871,-0.6513,-5.2019,-7.5873,5.3314,0.3234,0.0000,BAM,-5.2567,-8.1525,-5.1785,-8.1525,0.0000,0.0000,0.000,0.000,0.0150,64.0,8.53,21,THU,NO_TX,360,,0,,0
63.9093,1790258697.004319,0.0205,1,319.50,232.50,0.774,-5.2231,-7.6532,-5.2156,0.0353,-7.6387,-1.1878,-5.2156,-7.6403,5.3314,0.3234,0.0000,BAM,-5.2567,-8.1525,-5.1785,-8.1525,0.0000,0.0000,0.000,0.000,0.0158,47.5,7.52,21,THU,NO_TX,360,,0,,0
63.9296,1790258697.024623,0.0203,0,319.50,232.50,0.774,,,-5.2149,0.0353,-7.6628,-1.1878,-5.2149,-7.6639,5.3314,0.3234,0.0000,BAM,-5.2567,-8.1525,-5.1785,-8.1525,0.0000,0.0000,0.000,0.000,0.0158,47.5,7.52,21,THU,NO_TX,360,,0,,0
63.9501,1790258697.045046,0.0204,0,319.50,232.50,0.774,,,-5.2142,0.0353,-7.6870,-1.1878,-5.2142,-7.6880,5.3314,0.3234,0.0000,BAM,-5.2567,-8.1525,-5.1785,-8.1525,0.0000,0.0000,0.000,0.000,0.0158,47.5,7.52,21,THU,NO_TX,360,,0,,0
63.9702,1790258697.065219,0.0202,1,314.25,229.25,0.763,-4.8706,-7.4367,-4.9317,3.6666,-7.4875,1.6500,-4.8856,-7.4830,5.3314,0.3234,0.0000,BAM,-5.2567,-8.1525,-5.1785,-8.1525,0.0000,0.0000,0.000,0.000,0.5867,64.3,12.19,21,THU,NO_TX,360,,0,,0
63.9910,1790258697.085907,0.0207,0,314.25,229.25,0.763,,,-4.8556,3.6666,-7.4532,1.6500,-4.8224,-7.4501,5.3314,0.3234,0.0000,BAM,-5.2567,-8.1525,-5.1785,-8.1525,0.0000,0.0000,0.000,0.000,0.5867,64.3,12.19,21,THU,NO_TX,360,,0,,0
64.0113,1790258697.106320,0.0204,0,314.25,229.25,0.763,,,-4.7810,3.6666,-7.4197,1.6500,-4.7549,-7.4172,5.3314,0.3234,0.0000,BAM,-5.2567,-8.1525,-5.1785,-8.1525,0.0000,0.0000,0.000,0.000,0.5867,64.3,12.19,21,THU,NO_TX,360,,0,,0
64.0319,1790258697.127382,0.0206,1,312.50,228.50,0.751,-4.7532,-7.3866,-4.7449,3.1750,-7.3865,1.6411,-4.7146,-7.3821,5.3314,0.3234,0.0000,BAM,-5.2567,-8.1525,-5.1785,-8.1525,0.0000,0.0000,0.000,0.000,0.0069,62.3,13.73,21,THU,NO_TX,360,,0,,0
64.0523,1790258697.147294,0.0204,0,312.50,228.50,0.751,,,-4.6801,3.1750,-7.3529,1.6411,-4.6582,-7.3498,5.3314,0.3234,0.0000,BAM,-5.2567,-8.1525,-5.1785,-8.1525,0.0000,0.0000,0.000,0.000,0.0069,62.3,13.73,21,THU,NO_TX,360,,0,,0
64.0725,1790258697.167533,0.0202,0,312.50,228.50,0.751,,,-4.6158,3.1750,-7.3197,1.6411,-4.5987,-7.3173,5.3314,0.3234,0.0000,BAM,-5.2567,-8.1525,-5.1785,-8.1525,0.0000,0.0000,0.000,0.000,0.0069,62.3,13.73,21,THU,NO_TX,360,,0,,0
64.0926,1790258697.187624,0.0201,1,318.50,231.25,0.777,-5.1559,-7.5699,-5.0486,-3.0923,-7.5177,-1.2247,-5.0765,-7.5195,5.3314,0.3234,0.0000,BAM,-5.2567,-8.1525,-5.1785,-8.1525,0.0000,0.0000,0.000,0.000,1.3648,48.6,8.88,21,THU,NO_TX,360,,0,,0
64.1131,1790258697.208113,0.0205,0,318.50,231.25,0.777,,,-5.1119,-3.0923,-7.5428,-1.2247,-5.1321,-7.5441,5.3314,0.3234,0.0000,BAM,-5.2567,-8.1525,-5.1785,-8.1525,0.0000,0.0000,0.000,0.000,1.3648,48.6,8.88,21,THU,NO_TX,360,,0,,0
64.1333,1790258697.228167,0.0202,0,318.50,231.25,0.777,,,-5.1743,-3.0923,-7.5675,-1.2247,-5.1901,-7.5685,5.3314,0.3234,0.0000,BAM,-5.2567,-8.1525,-5.1785,-8.1525,0.0000,0.0000,0.000,0.000,1.3648,48.6,8.88,21,THU,NO_TX,360,,0,,0
64.1538,1790258697.248821,0.0205,1,318.75,232.00,0.784,-5.1727,-7.6199,-5.1841,-2.4160,-7.6149,-1.5005,-5.1979,-7.6182,5.3314,0.3234,0.0000,BAM,-5.2567,-8.1525,-5.1785,-8.1525,0.0000,0.0000,0.000,0.000,0.0151,65.1,8.10,21,THU,NO_TX,360,,0,,0
64.1743,1790258697.269255,0.0204,0,318.75,232.00,0.784,,,-5.2335,-2.4160,-7.6456,-1.5005,-5.2433,-7.6479,5.3314,0.3234,0.0000,BAM,-5.2567,-8.1525,-5.1785,-8.1525,0.0000,0.0000,0.000,0.000,0.0151,65.1,8.10,21,THU,NO_TX,360,,0,,0
64.1953,1790258697.290325,0.0211,0,318.75,232.00,0.784,,,-5.2844,-2.4160,-7.6772,-1.5005,-5.2920,-7.6790,5.3314,0.3234,0.0000,BAM,-5.2567,-8.1525,-5.1785,-8.1525,0.0000,0.0000,0.000,0.000,0.0151,65.1,8.10,21,THU,NO_TX,360,,0,,0
64.2158,1790258697.310831,0.0205,1,312.75,229.00,0.763,-4.7700,-7.4199,-4.8674,3.4282,-7.4716,1.4116,-4.8299,-7.4688,5.3314,0.3234,0.0000,BAM,-5.2567,-8.1525,-5.1785,-8.1525,0.0000,0.0000,0.000,0.000,1.1937,64.4,13.17,21,THU,NO_TX,360,,0,,0
64.2362,1790258697.331160,0.0203,0,312.75,229.00,0.763,,,-4.7977,3.4282,-7.4429,1.4116,-4.7705,-7.4409,5.3314,0.3234,0.0000,BAM,-5.2567,-8.1525,-5.1785,-8.1525,0.0000,0.0000,0.000,0.000,1.1937,64.4,13.17,21,THU,NO_TX,360,,0,,0
64.2563,1790258697.351240,0.0201,1,320.00,230.75,0.785,-5.2567,-7.5367,-5.1134,-2.0618,-7.5027,0.1795,-5.1220,-7.5027,5.3314,0.3234,0.0000,BAM,-5.2567,-8.1525,-5.1785,-8.1525,0.0000,0.0000,0.000,0.000,1.3828,47.5,9.25,21,THU,NO_TX,360,,0,,0
64.2764,1790258697.371396,0.0201,0,320.00,230.75,0.785,,,-5.1549,-2.0618,-7.4991,0.1795,-5.1611,-7.4990,5.3314,0.3234,0.0000,BAM,-5.2567,-8.1525,-5.1785,-8.1525,0.0000,0.0000,0.000,0.000,1.3828,47.5,9.25,21,THU,NO_TX,360,,0,,0
64.2966,1790258697.391546,0.0202,0,320.00,230.75,0.785,,,-5.1965,-2.0618,-7.4954,0.1795,-5.2013,-7.4954,5.3314,0.3234,0.0000,BAM,-5.2567,-8.1525,-5.1785,-8.1525,0.0000,0.0000,0.000,0.000,1.3828,47.5,9.25,21,THU,NO_TX,360,,0,,0
64.3170,1790258697.412002,0.0205,0,320.00,230.75,0.785,,,-5.2387,-2.0618,-7.4918,0.1795,-5.2426,-7.4918,5.3314,0.3234,0.0000,BAM,-5.2567,-8.1525,-5.1785,-8.1525,0.0000,0.0000,0.000,0.000,1.3828,47.5,9.25,21,THU,NO_TX,360,,0,,0
64.3371,1790258697.432095,0.0201,1,318.50,231.75,0.776,-5.1559,-7.6032,-5.1707,-0.8335,-7.5889,-0.9373,-5.1713,-7.5897,5.3314,0.3234,0.0000,BAM,-5.2567,-8.1525,-5.1785,-8.1525,0.0000,0.0000,0.000,0.000,0.0582,64.5,8.39,21,THU,NO_TX,360,,0,,0
64.3576,1790258697.452522,0.0205,0,318.50,231.75,0.776,,,-5.1878,-0.8335,-7.6081,-0.9373,-5.1882,-7.6087,5.3314,0.3234,0.0000,BAM,-5.2567,-8.1525,-5.1785,-8.1525,0.0000,0.0000,0.000,0.000,0.0582,64.5,8.39,21,THU,NO_TX,360,,0,,0
64.3777,1790258697.472657,0.0200,1,314.00,228.75,0.760,-4.8539,-7.4034,-4.9486,2.7401,-7.4652,1.2699,-4.9294,-7.4633,5.3314,0.3234,0.0000,BAM,-5.2567,-8.1525,-5.1785,-8.1525,0.0000,0.0000,0.000,0.000,0.7989,46.1,12.75,21,THU,NO_TX,360,,0,,0
64.3980,1790258697.492986,0.0203,0,314.00,228.75,0.760,,,-4.8929,2.7401,-7.4394,1.2699,-4.8789,-7.4380,5.3314,0.3234,0.0000,BAM,-5.2567,-8.1525,-5.1785,-8.1525,0.0000,0.0000,0.000,0.000,0.7989,46.1,12.75,21,THU,NO_TX,360,,0,,0
64.4182,1790258697.513157,0.0202,0,314.00,228.75,0.760,,,-4.8376,2.7401,-7.4138,1.2699,-4.8266,-7.4127,5.3314,0.3234,0.0000,BAM,-5.2567,-8.1525,-5.1785,-8.1525,0.0000,0.0000,0.000,0.000,0.7989,46.1,12.75,21,THU,NO_TX,360,,0,,0
64.4387,1790258697.533652,0.0205,1,318.75,232.00,0.779,-5.1727,-7.6199,-5.1030,-1.4194,-7.5768,-1.1390,-5.1059,-7.5783,5.3314,0.3234,0.0000,BAM,-5.2567,-8.1525,-5.1785,-8.1525,0.0000,0.0000,0.000,0.000,0.6343,64.4,8.10,21,THU,NO_TX,360,,0,,0
64.4591,1790258697.554083,0.0204,0,318.75,232.00,0.779,,,-5.1320,-1.4194,-7.6001,-1.1390,-5.1340,-7.6011,5.3314,0.3234,0.0000,BAM,-5.2567,-8.1525,-5.1785,-8.1525,0.0000,0.0000,0.000,0.000,0.6343,64.4,8.10,21,THU,NO_TX,360,,0,,0
64.4794,1790258697.574404,0.0203,0,318.75,232.00,0.779,,,-5.1608,-1.4194,-7.6232,-1.1390,-5.1624,-7.6240,5.3314,0.3234,0.0000,BAM,-5.2567,-8.1525,-5.1785,-8.1525,0.0000,0.0000,0.000,0.000,0.6343,64.4,8.10,21,THU,NO_TX,360,,0,,0
64.4996,1790258697.595219,0.0202,1,313.50,230.75,0.778,-4.8202,-7.5365,-4.8853,2.4039,-7.5565,-0.0301,-4.8717,-7.5565,5.3314,0.3234,0.0000,BAM,-5.2567,-8.1525,-5.1785,-8.1525,0.0000,0.0000,0.000,0.000,0.4542,63.1,11.31,21,THU,NO_TX,360,,0,,0
64.5201,1790258697.615053,0.0204,0,313.50,230.75,0.778,,,-4.8362,2.4039,-7.5572,-0.0301,-4.8265,-7.5572,5.3314,0.3234,0.0000,BAM,-5.2567,-8.1525,-5.1785,-8.1525,0.0000,0.0000,0.000,0.000,0.4542,63.1,11.31,21,THU,NO_TX,360,,0,,0
64.5406,1790258697.635577,0.0205,0,313.50,230.75,0.778,,,-4.7869,2.4039,-7.5578,-0.0301,-4.7793,-7.5578,5.3314,0.3234,0.0000,BAM,-5.2567,-8.1525,-5.1785,-8.1525,0.0000,0.0000,0.000,0.000,0.4542,63.1,11.31,21,THU,NO_TX,360,,0,,0
64.5613,1790258697.656327,0.0208,1,319.00,231.50,0.771,-5.1895,-7.5866,-5.1107,-2.2845,-7.5815,-0.3150,-5.1224,-7.5815,5.3314,0.3234,0.0000,BAM,-5.2567,-8.1525,-5.1785,-8.1525,0.0000,0.0000,0.000,0.000,0.6234,49.1,8.56,21,THU,NO_TX,360,,0,,0
64.5815,1790258697.676508,0.0202,0,319.00,231.50,0.771,,,-5.1567,-2.2845,-7.5878,-0.3150,-5.1651,-7.5879,5.3314,0.3234,0.0000,BAM,-5.2567,-8.1525,-5.1785,-8.1525,0.0000,0.0000,0.000,0.000,0.6234,49.1,8.56,21,THU,NO_TX,360,,0,,0
64.6018,1790258697.696821,0.0203,0,319.00,231.50,0.771,,,-5.2031,-2.2845,-7.5942,-0.3150,-5.2097,-7.5943,5.3314,0.3234,0.0000,BAM,-5.2567,-8.1525,-5.1785,-8.1525,0.0000,0.0000,0.000,0.000,0.6234,49.1,8.56,21,THU,NO_TX,360,,0,,0
64.6222,1790258697.717135,0.0203,1,314.00,229.00,0.759,-4.8539,-7.4200,-4.9240,1.8255,-7.4532,1.5150,-4.9179,-7.4498,5.3314,0.3234,0.0000,BAM,-5.2567,-8.1525,-5.1785,-8.1525,0.0000,0.0000,0.000,0.000,0.5785,64.8,12.53,21,THU,NO_TX,360,,0,,0
64.6432,1790258697.738175,0.0210,0,314.00,229.00,0.759,,,-4.8856,1.8255,-7.4213,1.5150,-4.8813,-7.4189,5.3314,0.3234,0.0000,BAM,-5.2567,-8.1525,-5.1785,-8.1525,0.0000,0.0000,0.000,0.000,0.5785,64.8,12.53,21,THU,NO_TX,360,,0,,0
64.6635,1790258697.758484,0.0203,0,314.00,229.00,0.759,,,-4.8484,1.8255,-7.3905,1.5150,-4.8451,-7.3886,5.3314,0.3234,0.0000,BAM,-5.2567,-8.1525,-5.1785,-8.1525,0.0000,0.0000,0.000,0.000,0.5785,64.8,12.53,21,THU,NO_TX,360,,0,,0
64.6840,1790258697.778984,0.0204,1,319.00,231.75,0.771,-5.1895,-7.6032,-5.1239,-2.0989,-7.5594,-0.9509,-5.1331,-7.5602,5.3314,0.3234,0.0000,BAM,-5.2567,-8.1525,-5.1785,-8.1525,0.0000,0.0000,0.000,0.000,0.6026,61.9,8.31,21,THU,NO_TX,360,,0,,0
64.7047,1790258697.799755,0.0207,0,319.00,231.75,0.771,,,-5.1673,-2.0989,-7.5790,-0.9509,-5.1738,-7.5796,5.3314,0.3234,0.0000,BAM,-5.2567,-8.1525,-5.1785,-8.1525,0.0000,0.0000,0.000,0.000,0.6026,61.9,8.31,21,THU,NO_TX,360,,0,,0
64.7252,1790258697.820175,0.0205,1,319.25,232.00,0.767,-5.2063,-7.6199,-5.2074,-2.0562,-7.6140,-1.1665,-5.2159,-7.6156,5.3314,0.3234,0.0000,BAM,-5.2567,-8.1525,-5.1785,-8.1525,0.0000,0.0000,0.000,0.000,0.0021,46.7,8.04,21,THU,NO_TX,360,,0,,0
64.7455,1790258697.840523,0.0203,0,319.25,232.00,0.767,,,-5.2492,-2.0562,-7.6378,-1.1665,-5.2553,-7.6389,5.3314,0.3234,0.0000,BAM,-5.2567,-8.1525,-5.1785,-8.1525,0.0000,0.0000,0.000,0.000,0.0021,46.7,8.04,21,THU,NO_TX,360,,0,,0
64.7659,1790258697.860911,0.0204,0,319.25,232.00,0.767,,,-5.2911,-2.0562,-7.6616,-1.1665,-5.2959,-7.6624,5.3314,0.3234,0.0000,BAM,-5.2567,-8.1525,-5.1785,-8.1525,0.0000,0.0000,0.000,0.000,0.0021,46.7,8.04,21,THU,NO_TX,360,,0,,0
64.7864,1790258697.881413,0.0205,1,319.50,232.00,0.771,-5.2231,-7.6199,-5.2426,-0.8912,-7.6320,-0.4896,-5.2434,-7.6321,5.3314,0.3234,0.0000,BAM,-5.2567,-8.1525,-5.1785,-8.1525,0.0000,0.0000,0.000,0.000,0.0502,66.3,8.02,21,THU,NO_TX,360,,0,,0
64.8070,1790258697.901986,0.0206,0,319.50,232.00,0.771,,,-5.2610,-0.8912,-7.6421,-0.4896,-5.2615,-7.6421,5.3314,0.3234,0.0000,BAM,-5.2567,-8.1525,-5.1785,-8.1525,0.0000,0.0000,0.000,0.000,0.0502,66.3,8.02,21,THU,NO_TX,360,,0,,0
64.8271,1790258697.922102,0.0201,0,319.50,232.00,0.771,,,-5.2789,-0.8912,-7.6519,-0.4896,-5.2793,-7.6520,5.3314,0.3234,0.0000,BAM,-5.2567,-8.1525,-5.1785,-8.1525,0.0000,0.0000,0.000,0.000,0.0502,66.3,8.02,21,THU,NO_TX,360,,0,,0
64.8474,1790258697.942885,0.0203,1,313.50,229.50,0.764,-4.8203,-7.4532,-4.9046,4.0392,-7.4915,1.6149,-4.8452,-7.4874,5.3314,0.3234,0.0000,BAM,-5.2567,-8.1525,-5.1785,-8.1525,0.0000,0.0000,0.000,0.000,0.8274,63.4,12.35,21,THU,NO_TX,360,,0,,0
64.8675,1790258697.962444,0.0201,0,313.50,229.50,0.764,,,-4.8233,4.0392,-7.4590,1.6149,-4.7797,-7.4561,5.3314,0.3234,0.0000,BAM,-5.2567,-8.1525,-5.1785,-8.1525,0.0000,0.0000,0.000,0.000,0.8274,63.4,12.35,21,THU,NO_TX,360,,0,,0
64.8877,1790258697.982717,0.0202,0,313.50,229.50,0.764,,,-4.7417,4.0392,-7.4264,1.6149,-4.7072,-7.4241,5.3314,0.3234,0.0000,BAM,-5.2567,-8.1525,-5.1785,-8.1525,0.0000,0.0000,0.000,0.000,0.8274,63.4,12.35,21,THU,NO_TX,360,,0,,0
64.9078,1790258698.002743,0.0200,1,319.00,231.50,0.771,-5.1895,-7.5866,-5.0948,-1.4550,-7.5508,-0.3361,-5.0979,-7.5508,5.3314,0.3234,0.0000,BAM,-5.2567,-8.1525,-5.1785,-8.1525,0.0000,0.0000,0.000,0.000,0.9821,48.3,8.56,21,THU,NO_TX,360,,0,,0
64.9282,1790258698.023248,0.0205,0,319.00,231.50,0.771,,,-5.1246,-1.4550,-7.5577,-0.3361,-5.1268,-7.5577,5.3314,0.3234,0.0000,BAM,-5.2567,-8.1525,-5.1785,-8.1525,0.0000,0.0000,0.000,0.000,0.9821,48.3,8.56,21,THU,NO_TX,360,,0,,0
64.9486,1790258698.043453,0.0203,0,319.00,231.50,0.771,,,-5.1541,-1.4550,-7.5645,-0.3361,-5.1558,-7.5645,5.3314,0.3234,0.0000,BAM,-5.2567,-8.1525,-5.1785,-8.1525,0.0000,0.0000,0.000,0.000,0.9821,48.3,8.56,21,THU,NO_TX,360,,0,,0
64.9688,1790258698.063709,0.0202,1,314.00,229.50,0.758,-4.8538,-7.4533,-4.9120,1.9709,-7.4749,0.8601,-4.9044,-7.4742,5.3314,0.3234,0.0000,BAM,-5.2567,-8.1525,-5.1785,-8.1525,0.0000,0.0000,0.000,0.000,0.3744,63.4,12.09,21,THU,NO_TX,360,,0,,0
64.9892,1790258698.084132,0.0204,0,314.00,229.50,0.758,,,-4.8718,1.9709,-7.4574,0.8601,-4.8664,-7.4569,5.3314,0.3234,0.0000,BAM,-5.2567,-8.1525,-5.1785,-8.1525,0.0000,0.0000,0.000,0.000,0.3744,63.4,12.09,21,THU,NO_TX,360,,0,,0
65.0096,1790258698.104555,0.0205,0,314.00,229.50,0.758,,,-4.8315,1.9709,-7.4398,0.8601,-4.8273,-7.4394,5.3314,0.3234,0.0000,BAM,-5.2567,-8.1525,-5.1785,-8.1525,0.0000,0.0000,0.000,0.000,0.3744,63.4,12.09,21,THU,NO_TX,360,,0,,0
65.0296,1790258698.124618,0.0200,1,318.00,231.25,0.772,-5.1223,-7.5699,-5.0639,-1.4599,-7.5429,-0.6331,-5.0670,-7.5431,5.3314,0.3234,0.0000,BAM,-5.2567,-8.1525,-5.1785,-8.1525,0.0000,0.0000,0.000,0.000,0.3998,63.5,8.98,21,THU,NO_TX,360,,0,,0
65.0500,1790258698.144979,0.0204,0,318.00,231.25,0.772,,,-5.0936,-1.4599,-7.5558,-0.6331,-5.0958,-7.5559,5.3314,0.3234,0.0000,BAM,-5.2567,-8.1525,-5.1785,-8.1525,0.0000,0.0000,0.000,0.000,0.3998,63.5,8.98,21,THU,NO_TX,360,,0,,0
65.0705,1790258698.165449,0.0205,1,313.50,229.50,0.753,-4.8203,-7.4532,-4.9019,1.7015,-7.4851,0.5345,-4.8970,-7.4850,5.3314,0.3234,0.0000,BAM,-5.2567,-8.1525,-5.1785,-8.1525,0.0000,0.0000,0.000,0.000,0.4896,47.6,12.35,21,THU,NO_TX,360,,0,,0
65.0907,1790258698.185686,0.0203,0,313.50,229.50,0.753,,,-4.8674,1.7015,-7.4743,0.5345,-4.8639,-7.4742,5.3314,0.3234,0.0000,BAM,-5.2567,-8.1525,-5.1785,-8.1525,0.0000,0.0000,0.000,0.000,0.4896,47.6,12.35,21,THU,NO_TX,360,,0,,0
65.1111,1790258698.206124,0.0204,0,313.50,229.50,0.753,,,-4.8327,1.7015,-7.4634,0.5345,-4.8300,-7.4633,5.3314,0.3234,0.0000,BAM,-5.2567,-8.1525,-5.1785,-8.1525,0.0000,0.0000,0.000,0.000,0.4896,47.6,12.35,21,THU,NO_TX,360,,0,,0
65.1315,1790258698.226406,0.0203,0,313.50,229.50,0.753,,,-4.7981,1.7015,-7.4525,0.5345,-4.7959,-7.4525,5.3314,0.3234,0.0000,BAM,-5.2567,-8.1525,-5.1785,-8.1525,0.0000,0.0000,0.000,0.000,0.4896,47.6,12.35,21,THU,NO_TX,360,,0,,0
65.1521,1790258698.247044,0.0206,1,319.25,232.00,0.768,-5.2063,-7.6199,-5.1544,-2.6665,-7.5980,-1.1904,-5.1729,-7.5997,5.3314,0.3234,0.0000,BAM,-5.2567,-8.1525,-5.1785,-8.1525,0.0000,0.0000,0.000,0.000,0.4626,64.4,8.04,21,THU,NO_TX,360,,0,,0
65.1721,1790258698.267060,0.0200,0,319.25,232.00,0.768,,,-5.2078,-2.6665,-7.6218,-1.1904,-5.2211,-7.6230,5.3314,0.3234,0.0000,BAM,-5.2567,-8.1525,-5.1785,-8.1525,0.0000,0.0000,0.000,0.000,0.4626,64.4,8.04,21,THU,NO_TX,360,,0,,0
65.1924,1790258698.287342,0.0203,0,319.25,232.00,0.768,,,-5.2619,-2.6665,-7.6459,-1.1904,-5.2722,-7.6469,5.3314,0.3234,0.0000,BAM,-5.2567,-8.1525,-5.1785,-8.1525,0.0000,0.0000,0.000,0.000,0.4626,64.4,8.04,21,THU,NO_TX,360,,0,,0
65.2127,1790258698.307643,0.0203,1,318.50,231.50,0.769,-5.1559,-7.5866,-5.1845,-1.0201,-7.6021,-0.3538,-5.1856,-7.6021,5.3314,0.3234,0.0000,BAM,-5.2567,-8.1525,-5.1785,-8.1525,0.0000,0.0000,0.000,0.000,0.1003,64.1,8.63,21,THU,NO_TX,360,,0,,0
65.2329,1790258698.327893,0.0202,0,318.50,231.50,0.769,,,-5.2052,-1.0201,-7.6092,-0.3538,-5.2059,-7.6092,5.3314,0.3234,0.0000,BAM,-5.2567,-8.1525,-5.1785,-8.1525,0.0000,0.0000,0.000,0.000,0.1003,64.1,8.63,21,THU,NO_TX,360,,0,,0
65.2532,1790258698.348193,0.0203,1,314.00,229.25,0.764,-4.8539,-7.4366,-4.9544,2.8791,-7.4865,1.4730,-4.9320,-7.4834,5.3314,0.3234,0.0000,BAM,-5.2567,-8.1525,-5.1785,-8.1525,0.0000,0.0000,0.000,0.000,0.7944,46.5,12.31,21,THU,NO_TX,360,,0,,0
65.2738,1790258698.368820,0.0206,0,314.00,229.25,0.764,,,-4.8950,2.8791,-7.4561,1.4730,-4.8789,-7.4539,5.3314,0.3234,0.0000,BAM,-5.2567,-8.1525,-5.1785,-8.1525,0.0000,0.0000,0.000,0.000,0.7944,46.5,12.31,21,THU,NO_TX,360,,0,,0
65.2940,1790258698.388952,0.0201,0,314.00,229.25,0.764,,,-4.8371,2.8791,-7.4265,1.4730,-4.8244,-7.4248,5.3314,0.3234,0.0000,BAM,-5.2567,-8.1525,-5.1785,-8.1525,0.0000,0.0000,0.000,0.000,0.7944,46.5,12.31,21,THU,NO_TX,360,,0,,0
65.3140,1790258698.409033,0.0201,1,313.25,229.50,0.769,-4.8035,-7.4532,-4.7992,2.6227,-7.4428,0.8901,-4.7814,-7.4421,5.3314,0.3234,0.0000,BAM,-5.2567,-8.1525,-5.1785,-8.1525,0.0000,0.0000,0.000,0.000,0.0112,65.6,12.48,21,THU,NO_TX,360,,0,,0
65.3343,1790258698.429261,0.0202,0,313.25,229.50,0.769,,,-4.7461,2.6227,-7.4248,0.8901,-4.7334,-7.4243,5.3314,0.3234,0.0000,BAM,-5.2567,-8.1525,-5.1785,-8.1525,0.0000,0.0000,0.000,0.000,0.0112,65.6,12.48,21,THU,NO_TX,360,,0,,0
65.3547,1790258698.449583,0.0204,0,313.25,229.50,0.769,,,-4.6925,2.6227,-7.4066,0.8901,-4.6826,-7.4062,5.3314,0.3234,0.0000,BAM,-5.2567,-8.1525,-5.1785,-8.1525,0.0000,0.0000,0.000,0.000,0.0112,65.6,12.48,21,THU,NO_TX,360,,0,,0
65.3751,1790258698.470114,0.0204,1,319.50,231.25,0.767,-5.2231,-7.5700,-5.1200,-3.4167,-7.5367,-0.9411,-5.1573,-7.5376,5.3314,0.3234,0.0000,BAM,-5.2567,-8.1525,-5.1785,-8.1525,0.0000,0.0000,0.000,0.000,1.1444,45.8,8.76,21,THU,NO_TX,360,,0,,0
65.3953,1790258698.490320,0.0202,0,319.50,231.25,0.767,,,-5.1891,-3.4167,-7.5557,-0.9411,-5.2162,-7.5563,5.3314,0.3234,0.0000,BAM,-5.2567,-8.1525,-5.1785,-8.1525,0.0000,0.0000,0.000,0.000,1.1444,45.8,8.76,21,THU,NO_TX,360,,0,,0
65.4158,1790258698.510790,0.0205,0,319.50,231.25,0.767,,,-5.2591,-3.4167,-7.5750,-0.9411,-5.2803,-7.5755,5.3314,0.3234,0.0000,BAM,-5.2567,-8.1525,-5.1785,-8.1525,0.0000,0.0000,0.000,0.000,1.1444,45.8,8.76,21,THU,NO_TX,360,,0,,0
65.4359,1790258698.530851,0.0201,1,319.75,231.75,0.770,-5.2399,-7.6032,-5.2555,-2.5052,-7.6015,-1.0353,-5.2708,-7.6026,5.3314,0.3234,0.0000,BAM,-5.2567,-8.1525,-5.1785,-8.1525,0.0000,0.0000,0.000,0.000,0.0241,65.0,8.25,21,THU,NO_TX,360,,0,,0
65.4561,1790258698.551021,0.0202,0,319.75,231.75,0.770,,,-5.3060,-2.5052,-7.6224,-1.0353,-5.3170,-7.6232,5.3314,0.3234,0.0000,BAM,-5.2567,-8.1525,-5.1785,-8.1525,0.0000,0.0000,0.000,0.000,0.0241,65.0,8.25,21,THU,NO_TX,360,,0,,0
65.4765,1790258698.571463,0.0204,0,319.75,231.75,0.770,,,-5.3571,-2.5052,-7.6435,-1.0353,-5.3657,-7.6441,5.3314,0.3234,0.0000,BAM,-5.2567,-8.1525,-5.1785,-8.1525,0.0000,0.0000,0.000,0.000,0.0241,65.0,8.25,21,THU,NO_TX,360,,0,,0
65.4971,1790258698.592574,0.0206,1,319.25,231.50,0.776,-5.2063,-7.5866,-5.2419,-0.4027,-7.6009,-0.2425,-5.2419,-7.6009,5.3314,0.3234,0.0000,BAM,-5.2567,-8.1525,-5.1785,-8.1525,0.0000,0.0000,0.000,0.000,0.1433,63.6,8.53,21,THU,NO_TX,360,,0,,0
65.5173,1790258698.612261,0.0202,0,319.25,231.50,0.776,,,-5.2500,-0.4027,-7.6058,-0.2425,-5.2501,-7.6058,5.3314,0.3234,0.0000,BAM,-5.2567,-8.1525,-5.1785,-8.1525,0.0000,0.0000,0.000,0.000,0.1433,63.6,8.53,21,THU,NO_TX,360,,0,,0
65.5373,1790258698.632154,0.0200,1,313.50,229.00,0.761,-4.8203,-7.4200,-4.9396,4.1525,-7.4733,1.6816,-4.8765,-7.4687,5.3314,0.3234,0.0000,BAM,-5.2567,-8.1525,-5.1785,-8.1525,0.0000,0.0000,0.000,0.000,1.0714,49.1,12.78,21,THU,NO_TX,360,,0,,0
65.5576,1790258698.652643,0.0203,0,313.50,229.00,0.761,,,-4.8551,4.1525,-7.4390,1.6816,-4.8087,-7.4358,5.3314,0.3234,0.0000,BAM,-5.2567,-8.1525,-5.1785,-8.1525,0.0000,0.0000,0.000,0.000,1.0714,49.1,12.78,21,THU,NO_TX,360,,0,,0
65.5779,1790258698.672868,0.0202,0,313.50,229.00,0.761,,,-4.7712,4.1525,-7.4050,1.6816,-4.7343,-7.4025,5.3314,0.3234,0.0000,BAM,-5.2567,-8.1525,-5.1785,-8.1525,0.0000,0.0000,0.000,0.000,1.0714,49.1,12.78,21,THU,NO_TX,360,,0,,0
65.5983,1790258698.693911,0.0204,1,319.25,231.50,0.767,-5.2063,-7.5866,-5.1134,-1.3518,-7.5465,-0.5499,-5.1159,-7.5466,5.3314,0.3234,0.0000,BAM,-5.2567,-8.1525,-5.1785,-8.1525,0.0000,0.0000,0.000,0.000,0.9791,62.3,8.53,21,THU,NO_TX,360,,0,,0
65.6187,1790258698.713733,0.0205,0,319.25,231.50,0.767,,,-5.1410,-1.3518,-7.5577,-0.5499,-5.1428,-7.5578,5.3314,0.3234,0.0000,BAM,-5.2567,-8.1525,-5.1785,-8.1525,0.0000,0.0000,0.000,0.000,0.9791,62.3,8.53,21,THU,NO_TX,360,,0,,0
65.6393,1790258698.734298,0.0206,0,319.25,231.50,0.767,,,-5.1688,-1.3518,-7.5690,-0.5499,-5.1702,-7.5691,5.3314,0.3234,0.0000,BAM,-5.2567,-8.1525,-5.1785,-8.1525,0.0000,0.0000,0.000,0.000,0.9791,62.3,8.53,21,THU,NO_TX,360,,0,,0
65.6597,1790258698.754575,0.0204,0,319.25,231.50,0.767,,,-5.1964,-1.3518,-7.5802,-0.5499,-5.1975,-7.5803,5.3314,0.3234,0.0000,BAM,-5.2567,-8.1525,-5.1785,-8.1525,0.0000,0.0000,0.000,0.000,0.9791,62.3,8.53,21,THU,NO_TX,360,,0,,0
65.6800,1790258698.775557,0.0204,1,319.75,231.75,0.770,-5.2399,-7.6032,-5.2380,-1.5066,-7.6018,-0.6623,-5.2414,-7.6021,5.3314,0.3234,0.0000,BAM,-5.2567,-8.1525,-5.1785,-8.1525,0.0000,0.0000,0.000,0.000,0.0008,65.0,8.25,21,THU,NO_TX,360,,0,,0
65.7003,1790258698.795252,0.0202,0,319.75,231.75,0.770,,,-5.2685,-1.5066,-7.6152,-0.6623,-5.2709,-7.6154,5.3314,0.3234,0.0000,BAM,-5.2567,-8.1525,-5.1785,-8.1525,0.0000,0.0000,0.000,0.000,0.0008,65.0,8.25,21,THU,NO_TX,360,,0,,0
65.7204,1790258698.815347,0.0201,1,319.50,231.50,0.759,-5.2231,-7.5866,-5.2436,-0.7332,-7.5983,-0.2477,-5.2440,-7.5983,5.3314,0.3234,0.0000,BAM,-5.2567,-8.1525,-5.1785,-8.1525,0.0000,0.0000,0.000,0.000,0.0349,46.8,8.51,21,THU,NO_TX,360,,0,,0
65.7407,1790258698.835647,0.0203,0,319.50,231.50,0.759,,,-5.2585,-0.7332,-7.6033,-0.2477,-5.2588,-7.6033,5.3314,0.3234,0.0000,BAM,-5.2567,-8.1525,-5.1785,-8.1525,0.0000,0.0000,0.000,0.000,0.0349,46.8,8.51,21,THU,NO_TX,360,,0,,0
65.7609,1790258698.855815,0.0203,0,319.50,231.50,0.759,,,-5.2734,-0.7332,-7.6083,-0.2477,-5.2736,-7.6083,5.3314,0.3234,0.0000,BAM,-5.2567,-8.1525,-5.1785,-8.1525,0.0000,0.0000,0.000,0.000,0.0349,46.8,8.51,21,THU,NO_TX,360,,0,,0
65.7814,1790258698.877054,0.0205,1,317.25,232.00,0.764,-5.0720,-7.6198,-5.1103,1.5722,-7.6187,-0.3149,-5.1064,-7.6187,5.3314,0.3234,0.0000,BAM,-5.2567,-8.1525,-5.1785,-8.1525,0.0000,0.0000,0.000,0.000,0.1447,65.3,8.46,21,THU,NO_TX,360,,0,,0
65.8017,1790258698.896722,0.0203,0,317.25,232.00,0.764,,,-5.0784,1.5722,-7.6250,-0.3149,-5.0756,-7.6251,5.3314,0.3234,0.0000,BAM,-5.2567,-8.1525,-5.1785,-8.1525,0.0000,0.0000,0.000,0.000,0.1447,65.3,8.46,21,THU,NO_TX,360,,0,,0
65.8220,1790258698.917013,0.0203,0,317.25,232.00,0.764,,,-5.0465,1.5722,-7.6314,-0.3149,-5.0443,-7.6315,5.3314,0.3234,0.0000,BAM,-5.2567,-8.1525,-5.1785,-8.1525,0.0000,0.0000,0.000,0.000,0.1447,65.3,8.46,21,THU,NO_TX,360,,0,,0
65.8426,1790258698.937544,0.0205,1,313.75,229.50,0.761,-4.8371,-7.4533,-4.8682,3.4052,-7.4869,1.5491,-4.8312,-7.4832,5.3314,0.3234,0.0000,BAM,-5.2567,-8.1525,-5.1785,-8.1525,0.0000,0.0000,0.000,0.000,0.1951,63.4,12.22,21,THU,NO_TX,360,,0,,0
65.8630,1790258698.958031,0.0205,0,313.75,229.50,0.761,,,-4.7984,3.4052,-7.4552,1.5491,-4.7717,-7.4526,5.3314,0.3234,0.0000,BAM,-5.2567,-8.1525,-5.1785,-8.1525,0.0000,0.0000,0.000,0.000,0.1951,63.4,12.22,21,THU,NO_TX,360,,0,,0
65.8834,1790258698.978412,0.0204,0,313.75,229.50,0.761,,,-4.7290,3.4052,-7.4236,1.5491,-4.7080,-7.4216,5.3314,0.3234,0.0000,BAM,-5.2567,-8.1525,-5.1785,-8.1525,0.0000,0.0000,0.000,0.000,0.1951,63.4,12.22,21,THU,NO_TX,360,,0,,0
65.9036,1790258698.998616,0.0202,1,314.50,228.75,0.765,-4.8875,-7.4034,-4.8473,1.0481,-7.4014,1.4370,-4.8462,-7.3984,5.3314,0.3234,0.0000,BAM,-5.2567,-8.1525,-5.1785,-8.1525,0.0000,0.0000,0.000,0.000,0.1591,47.0,12.52,21,THU,NO_TX,360,,0,,0
65.9240,1790258699.018973,0.0204,0,314.50,228.75,0.765,,,-4.8260,1.0481,-7.3721,1.4370,-4.8252,-7.3700,5.3314,0.3234,0.0000,BAM,-5.2567,-8.1525,-5.1785,-8.1525,0.0000,0.0000,0.000,0.000,0.1591,47.0,12.52,21,THU,NO_TX,360,,0,,0
65.9445,1790258699.039473,0.0205,0,314.50,228.75,0.765,,,-4.8045,1.0481,-7.3426,1.4370,-4.8039,-7.3410,5.3314,0.3234,0.0000,BAM,-5.2567,-8.1525,-5.1785,-8.1525,0.0000,0.0000,0.000,0.000,0.1591,47.0,12.52,21,THU,NO_TX,360,,0,,0
65.9647,1790258699.059732,0.0202,1,320.00,230.50,0.774,-5.2567,-7.5200,-5.1733,-3.8678,-7.4823,-0.6546,-5.2258,-7.4826,5.3314,0.3234,0.0000,BAM,-5.2567,-8.1525,-5.1785,-8.1525,0.0000,0.0000,0.000,0.000,0.8109,63.0,9.50,21,THU,NO_TX,360,,0,,0
65.9850,1790258699.079941,0.0202,0,320.00,230.50,0.774,,,-5.2515,-3.8678,-7.4955,-0.6546,-5.2899,-7.4957,5.3314,0.3234,0.0000,BAM,-5.2567,-8.1525,-5.1785,-8.1525,0.0000,0.0000,0.000,0.000,0.8109,63.0,9.50,21,THU,NO_TX,360,,0,,0
66.0056,1790258699.100479,0.0206,0,320.00,230.50,0.774,,,-5.3312,-3.8678,-7.5090,-0.6546,-5.3614,-7.5092,5.3314,0.3234,0.0000,BAM,-5.2567,-8.1525,-5.1785,-8.1525,0.0000,0.0000,0.000,0.000,0.8109,63.0,9.50,21,THU,NO_TX,360,,0,,0
66.0261,1790258699.121100,0.0206,1,319.25,231.50,0.777,-5.2063,-7.5866,-5.2421,-1.7466,-7.5749,-1.3038,-5.2474,-7.5771,5.3314,0.3234,0.0000,BAM,-5.2567,-8.1525,-5.1785,-8.1525,0.0000,0.0000,0.000,0.000,0.1392,64.0,8.53,21,THU,NO_TX,360,,0,,0
66.0465,1790258699.141436,0.0203,0,319.25,231.50,0.777,,,-5.2776,-1.7466,-7.6015,-1.3038,-5.2814,-7.6030,5.3314,0.3234,0.0000,BAM,-5.2567,-8.1525,-5.1785,-8.1525,0.0000,0.0000,0.000,0.000,0.1392,64.0,8.53,21,THU,NO_TX,360,,0,,0
66.0669,1790258699.161904,0.0205,1,319.50,232.00,0.769,-5.2231,-7.6199,-5.2474,-0.8063,-7.6222,-1.2203,-5.2479,-7.6239,5.3314,0.3234,0.0000,BAM,-5.2567,-8.1525,-5.1785,-8.1525,0.0000,0.0000,0.000,0.000,0.0385,49.6,8.02,21,THU,NO_TX,360,,0,,0
66.0874,1790258699.182351,0.0205,0,319.50,232.00,0.769,,,-5.2639,-0.8063,-7.6471,-1.2203,-5.2642,-7.6484,5.3314,0.3234,0.0000,BAM,-5.2567,-8.1525,-5.1785,-8.1525,0.0000,0.0000,0.000,0.000,0.0385,49.6,8.02,21,THU,NO_TX,360,,0,,0
66.1079,1790258699.202912,0.0206,0,319.50,232.00,0.769,,,-5.2805,-0.8063,-7.6722,-1.2203,-5.2807,-7.6732,5.3314,0.3234,0.0000,BAM,-5.2567,-8.1525,-5.1785,-8.1525,0.0000,0.0000,0.000,0.000,0.0385,49.6,8.02,21,THU,NO_TX,360,,0,,0
66.1280,1790258699.223004,0.0201,1,318.50,231.75,0.770,-5.1559,-7.6032,-5.1810,0.6824,-7.6205,-0.2545,-5.1806,-7.6206,5.3314,0.3234,0.0000,BAM,-5.2567,-8.1525,-5.1785,-8.1525,0.0000,0.0000,0.000,0.000,0.0872,63.4,8.39,21,THU,NO_TX,360,,0,,0
66.1481,1790258699.243124,0.0201,0,318.50,231.75,0.770,,,-5.1672,0.6824,-7.6257,-0.2545,-5.1670,-7.6257,5.3314,0.3234,0.0000,BAM,-5.2567,-8.1525,-5.1785,-8.1525,0.0000,0.0000,0.000,0.000,0.0872,63.4,8.39,21,THU,NO_TX,360,,0,,0
66.1687,1790258699.263703,0.0206,0,318.50,231.75,0.770,,,-5.1532,0.6824,-7.6309,-0.2545,-5.1530,-7.6309,5.3314,0.3234,0.0000,BAM,-5.2567,-8.1525,-5.1785,-8.1525,0.0000,0.0000,0.000,0.000,0.0872,63.4,8.39,21,THU,NO_TX,360,,0,,0
66.1893,1790258699.284319,0.0206,1,319.00,231.50,0.765,-5.1895,-7.5866,-5.1807,0.1619,-7.5956,0.2451,-5.1806,-7.5956,5.3314,0.3234,0.0000,BAM,-5.2567,-8.1525,-5.1785,-8.1525,0.0000,0.0000,0.000,0.000,0.0149,46.6,8.56,21,THU,NO_TX,360,,0,,0
66.2096,1790258699.304494,0.0202,0,319.00,231.50,0.765,,,-5.1774,0.1619,-7.5907,0.2451,-5.1774,-7.5907,5.3314,0.3234,0.0000,BAM,-5.2567,-8.1525,-5.1785,-8.1525,0.0000,0.0000,0.000,0.000,0.0149,46.6,8.56,21,THU,NO_TX,360,,0,,0
66.2300,1790258699.324963,0.0204,0,319.00,231.50,0.765,,,-5.1741,0.1619,-7.5857,0.2451,-5.1741,-7.5856,5.3314,0.3234,0.0000,BAM,-5.2567,-8.1525,-5.1785,-8.1525,0.0000,0.0000,0.000,0.000,0.0149,46.6,8.56,21,THU,NO_TX,360,,0,,0
66.2503,1790258699.345326,0.0203,1,319.00,231.50,0.764,-5.1895,-7.5866,-5.1862,-0.0324,-7.5855,0.1852,-5.1862,-7.5855,5.3314,0.3234,0.0000,BAM,-5.2567,-8.1525,-5.1785,-8.1525,0.0000,0.0000,0.000,0.000,0.0012,65.0,8.56,21,THU,NO_TX,360,,0,,0
66.2709,1790258699.365856,0.0205,0,319.00,231.50,0.764,,,-5.1869,-0.0324,-7.5817,0.1852,-5.1869,-7.5817,5.3314,0.3234,0.0000,BAM,-5.2567,-8.1525,-5.1785,-8.1525,0.0000,0.0000,0.000,0.000,0.0012,65.0,8.56,21,THU,NO_TX,360,,0,,0
66.2909,1790258699.385857,0.0200,0,319.00,231.50,0.764,,,-5.1875,-0.0324,-7.5780,0.1852,-5.1875,-7.5780,5.3314,0.3234,0.0000,BAM,-5.2567,-8.1525,-5.1785,-8.1525,0.0000,0.0000,0.000,0.000,0.0012,65.0,8.56,21,THU,NO_TX,360,,0,,0
66.3114,1790258699.406368,0.0205,1,318.50,231.75,0.765,-5.1559,-7.6032,-5.1616,0.3026,-7.5979,-0.1089,-5.1616,-7.5979,5.3314,0.3234,0.0000,BAM,-5.2567,-8.1525,-5.1785,-8.1525,0.0000,0.0000,0.000,0.000,0.0057,64.3,8.39,21,THU,NO_TX,360,,0,,0
66.3317,1790258699.426655,0.0203,0,318.50,231.75,0.765,,,-5.1555,0.3026,-7.6001,-0.1089,-5.1554,-7.6001,5.3314,0.3234,0.0000,BAM,-5.2567,-8.1525,-5.1785,-8.1525,0.0000,0.0000,0.000,0.000,0.0057,64.3,8.39,21,THU,NO_TX,360,,0,,0
66.3523,1790258699.447237,0.0206,1,319.50,231.25,0.763,-5.2231,-7.5700,-5.2032,-0.4673,-7.5789,0.2189,-5.2033,-7.5789,5.3314,0.3234,0.0000,BAM,-5.2567,-8.1525,-5.1785,-8.1525,0.0000,0.0000,0.000,0.000,0.0302,47.7,8.76,21,THU,NO_TX,360,,0,,0
66.3723,1790258699.467295,0.0200,0,319.50,231.25,0.763,,,-5.2126,-0.4673,-7.5745,0.2189,-5.2127,-7.5745,5.3314,0.3234,0.0000,BAM,-5.2567,-8.1525,-5.1785,-8.1525,0.0000,0.0000,0.000,0.000,0.0302,47.7,8.76,21,THU,NO_TX,360,,0,,0
66.3928,1790258699.487785,0.0205,0,319.50,231.25,0.763,,,-5.2222,-0.4673,-7.5700,0.2189,-5.2222,-7.5700,5.3314,0.3234,0.0000,BAM,-5.2567,-8.1525,-5.1785,-8.1525,0.0000,0.0000,0.000,0.000,0.0302,47.7,8.76,21,THU,NO_TX,360,,0,,0
66.4130,1790258699.507885,0.0202,0,319.50,231.25,0.763,,,-5.2316,-0.4673,-7.5656,0.2189,-5.2317,-7.5656,5.3314,0.3234,0.0000,BAM,-5.2567,-8.1525,-5.1785,-8.1525,0.0000,0.0000,0.000,0.000,0.0302,47.7,8.76,21,THU,NO_TX,360,,0,,0
66.4333,1790258699.528261,0.0203,1,313.50,229.50,0.771,-4.8203,-7.4532,-4.8701,3.6897,-7.4667,1.2649,-4.8235,-7.4646,5.3314,0.3234,0.0000,BAM,-5.2567,-8.1525,-5.1785,-8.1525,0.0000,0.0000,0.000,0.000,0.3881,63.8,12.35,21,THU,NO_TX,360,,0,,0
66.4536,1790258699.548511,0.0203,0,313.50,229.50,0.771,,,-4.7952,3.6897,-7.4410,1.2649,-4.7613,-7.4395,5.3314,0.3234,0.0000,BAM,-5.2567,-8.1525,-5.1785,-8.1525,0.0000,0.0000,0.000,0.000,0.3881,63.8,12.35,21,THU,NO_TX,360,,0,,0
66.4738,1790258699.568782,0.0202,0,313.50,229.50,0.771,,,-4.7205,3.6897,-7.4154,1.2649,-4.6939,-7.4143,5.3314,0.3234,0.0000,BAM,-5.2567,-8.1525,-5.1785,-8.1525,0.0000,0.0000,0.000,0.000,0.3881,63.8,12.35,21,THU,NO_TX,360,,0,,0
66.4940,1790258699.588972,0.0202,1,313.00,229.25,0.763,-4.7867,-7.4366,-4.7616,2.2422,-7.4279,0.7966,-4.7508,-7.4274,5.3314,0.3234,0.0000,BAM,-5.2567,-8.1525,-5.1785,-8.1525,0.0000,0.0000,0.000,0.000,0.0679,64.1,12.83,21,THU,NO_TX,360,,0,,0
66.5141,1790258699.609042,0.0200,0,313.00,229.25,0.763,,,-4.7167,2.2422,-7.4120,0.7966,-4.7089,-7.4116,5.3314,0.3234,0.0000,BAM,-5.2567,-8.1525,-5.1785,-8.1525,0.0000,0.0000,0.000,0.000,0.0679,64.1,12.83,21,THU,NO_TX,360,,0,,0
66.5343,1790258699.629320,0.0203,1,314.00,229.00,0.764,-4.8539,-7.4200,-4.8043,0.3303,-7.4133,0.5513,-4.8042,-7.4131,5.3314,0.3234,0.0000,BAM,-5.2567,-8.1525,-5.1785,-8.1525,0.0000,0.0000,0.000,0.000,0.1603,47.3,12.53,21,THU,NO_TX,360,,0,,0
66.5546,1790258699.649630,0.0203,0,314.00,229.00,0.764,,,-4.7975,0.3303,-7.4021,0.5513,-4.7975,-7.4019,5.3314,0.3234,0.0000,BAM,-5.2567,-8.1525,-5.1785,-8.1525,0.0000,0.0000,0.000,0.000,0.1603,47.3,12.53,21,THU,NO_TX,360,,0,,0
66.5748,1790258699.669742,0.0201,0,314.00,229.00,0.764,,,-4.7909,0.3303,-7.3910,0.5513,-4.7909,-7.3909,5.3314,0.3234,0.0000,BAM,-5.2567,-8.1525,-5.1785,-8.1525,0.0000,0.0000,0.000,0.000,0.1603,47.3,12.53,21,THU,NO_TX,360,,0,,0
66.5954,1790258699.690390,0.0206,1,320.50,230.50,0.777,-5.2902,-7.5200,-5.2004,-5.0332,-7.4941,-0.9020,-5.3090,-7.4948,5.3314,0.3234,0.0000,BAM,-5.2567,-8.1525,-5.1785,-8.1525,0.0000,0.0000,0.000,0.000,0.8502,64.7,9.51,21,THU,NO_TX,360,,0,,0
66.6154,1790258699.710394,0.0200,0,320.50,230.50,0.777,,,-5.3011,-5.0332,-7.5121,-0.9020,-5.3821,-7.5127,5.3314,0.3234,0.0000,BAM,-5.2567,-8.1525,-5.1785,-8.1525,0.0000,0.0000,0.000,0.000,0.8502,64.7,9.51,21,THU,NO_TX,360,,0,,0
66.6355,1790258699.730507,0.0201,0,320.50,230.50,0.777,,,-5.4023,-5.0332,-7.5303,-0.9020,-5.4669,-7.5307,5.3314,0.3234,0.0000,BAM,-5.2567,-8.1525,-5.1785,-8.1525,0.0000,0.0000,0.000,0.000,0.8502,64.7,9.51,21,THU,NO_TX,360,,0,,0
66.6558,1790258699.750798,0.0203,1,314.00,229.00,0.761,-4.8539,-7.4200,-4.9703,1.7010,-7.4438,0.3962,-4.9653,-7.4438,5.3314,0.3234,0.0000,BAM,-5.2567,-8.1525,-5.1785,-8.1525,0.0000,0.0000,0.000,0.000,1.3669,62.0,12.53,21,THU,NO_TX,360,,0,,0
66.6763,1790258699.771312,0.0205,0,314.00,229.00,0.761,,,-4.9354,1.7010,-7.4357,0.3962,-4.9318,-7.4357,5.3314,0.3234,0.0000,BAM,-5.2567,-8.1525,-5.1785,-8.1525,0.0000,0.0000,0.000,0.000,1.3669,62.0,12.53,21,THU,NO_TX,360,,0,,0
66.6964,1790258699.791304,0.0200,0,314.00,229.00,0.761,,,-4.9013,1.7010,-7.4278,0.3962,-4.8985,-7.4277,5.3314,0.3234,0.0000,BAM,-5.2567,-8.1525,-5.1785,-8.1525,0.0000,0.0000,0.000,0.000,1.3669,62.0,12.53,21,THU,NO_TX,360,,0,,0
66.7169,1790258699.811816,0.0206,1,319.50,231.50,0.767,-5.2231,-7.5866,-5.1601,-2.0019,-7.5560,-1.2937,-5.1681,-7.5582,5.3314,0.3234,0.0000,BAM,-5.2567,-8.1525,-5.1785,-8.1525,0.0000,0.0000,0.000,0.000,0.4725,50.9,8.51,21,THU,NO_TX,360,,0,,0
66.7371,1790258699.832094,0.0202,0,319.50,231.50,0.767,,,-5.2005,-2.0019,-7.5821,-1.2937,-5.2062,-7.5836,5.3314,0.3234,0.0000,BAM,-5.2567,-8.1525,-5.1785,-8.1525,0.0000,0.0000,0.000,0.000,0.4725,50.9,8.51,21,THU,NO_TX,360,,0,,0
66.7574,1790258699.852334,0.0203,0,319.50,231.50,0.767,,,-5.2411,-2.0019,-7.6083,-1.2937,-5.2455,-7.6095,5.3314,0.3234,0.0000,BAM,-5.2567,-8.1525,-5.1785,-8.1525,0.0000,0.0000,0.000,0.000,0.4725,50.9,8.51,21,THU,NO_TX,360,,0,,0
66.7779,1790258699.872791,0.0206,1,319.50,231.25,0.770,-5.2231,-7.5700,-5.2335,-1.3878,-7.5819,-0.6357,-5.2362,-7.5821,5.3314,0.3234,0.0000,BAM,-5.2567,-8.1525,-5.1785,-8.1525,0.0000,0.0000,0.000,0.000,0.0231,61.5,8.76,21,THU,NO_TX,360,,0,,0
66.7984,1790258699.893420,0.0205,0,319.50,231.25,0.770,,,-5.2620,-1.3878,-7.5949,-0.6357,-5.2639,-7.5951,5.3314,0.3234,0.0000,BAM,-5.2567,-8.1525,-5.1785,-8.1525,0.0000,0.0000,0.000,0.000,0.0231,61.5,8.76,21,THU,NO_TX,360,,0,,0
66.8188,1790258699.914155,0.0204,0,319.50,231.25,0.770,,,-5.2903,-1.3878,-7.6079,-0.6357,-5.2918,-7.6080,5.3314,0.3234,0.0000,BAM,-5.2567,-8.1525,-5.1785,-8.1525,0.0000,0.0000,0.000,0.000,0.0231,61.5,8.76,21,THU,NO_TX,360,,0,,0
66.8391,1790258699.934053,0.0202,1,318.00,231.75,0.780,-5.1223,-7.6032,-5.1568,0.6479,-7.6064,-0.4583,-5.1565,-7.6065,5.3314,0.3234,0.0000,BAM,-5.2567,-8.1525,-5.1785,-8.1525,0.0000,0.0000,0.000,0.000,0.1185,62.3,8.49,21,THU,NO_TX,360,,0,,0
66.8594,1790258699.954376,0.0203,0,318.00,231.75,0.780,,,-5.1437,0.6479,-7.6157,-0.4583,-5.1435,-7.6158,5.3314,0.3234,0.0000,BAM,-5.2567,-8.1525,-5.1785,-8.1525,0.0000,0.0000,0.000,0.000,0.1185,62.3,8.49,21,THU,NO_TX,360,,0,,0
66.8796,1790258699.974578,0.0202,1,313.25,228.50,0.761,-4.8036,-7.3867,-4.8922,4.0530,-7.4529,1.9485,-4.8331,-7.4458,5.3314,0.3234,0.0000,BAM,-5.2567,-8.1525,-5.1785,-8.1525,0.0000,0.0000,0.000,0.000,0.7564,49.8,13.33,21,THU,NO_TX,360,,0,,0
66.8998,1790258699.994773,0.0202,0,313.25,228.50,0.761,,,-4.8104,4.0530,-7.4136,1.9485,-4.7669,-7.4085,5.3314,0.3234,0.0000,BAM,-5.2567,-8.1525,-5.1785,-8.1525,0.0000,0.0000,0.000,0.000,0.7564,49.8,13.33,21,THU,NO_TX,360,,0,,0
66.9203,1790258700.015274,0.0205,0,313.25,228.50,0.761,,,-4.7273,4.0530,-7.3736,1.9485,-4.6929,-7.3696,5.3314,0.3234,0.0000,BAM,-5.2567,-8.1525,-5.1785,-8.1525,0.0000,0.0000,0.000,0.000,0.7564,49.8,13.33,21,THU,NO_TX,360,,0,,0
66.9404,1790258700.035327,0.0201,0,313.25,228.50,0.761,,,-4.6459,4.0530,-7.3345,1.9485,-4.6175,-7.3312,5.3314,0.3234,0.0000,BAM,-5.2567,-8.1525,-5.1785,-8.1525,0.0000,0.0000,0.000,0.000,0.7564,49.8,13.33,21,THU,NO_TX,360,,0,,0
66.9608,1790258700.055801,0.0205,1,319.75,231.75,0.768,-5.2399,-7.6032,-5.1600,-2.6301,-7.5650,-1.0414,-5.1779,-7.5662,5.3314,0.3234,0.0000,BAM,-5.2567,-8.1525,-5.1785,-8.1525,0.0000,0.0000,0.000,0.000,1.1287,64.2,8.25,21,THU,NO_TX,360,,0,,0
66.9808,1790258700.075799,0.0200,0,319.75,231.75,0.768,,,-5.2127,-2.6301,-7.5859,-1.0414,-5.2255,-7.5867,5.3314,0.3234,0.0000,BAM,-5.2567,-8.1525,-5.1785,-8.1525,0.0000,0.0000,0.000,0.000,1.1287,64.2,8.25,21,THU,NO_TX,360,,0,,0
67.0014,1790258700.096305,0.0206,0,319.75,231.75,0.768,,,-5.2668,-2.6301,-7.6073,-1.0414,-5.2768,-7.6080,5.3314,0.3234,0.0000,BAM,-5.2567,-8.1525,-5.1785,-8.1525,0.0000,0.0000,0.000,0.000,1.1287,64.2,8.25,21,THU,NO_TX,360,,0,,0
67.0218,1790258700.116765,0.0203,1,314.50,229.50,0.765,-4.8874,-7.4533,-4.9642,1.8203,-7.4855,0.7129,-4.9583,-7.4852,5.3314,0.3234,0.0000,BAM,-5.2567,-8.1525,-5.1785,-8.1525,0.0000,0.0000,0.000,0.000,0.6688,62.6,11.85,21,THU,NO_TX,360,,0,,0
67.0421,1790258700.137052,0.0203,0,314.50,229.50,0.765,,,-4.9273,1.8203,-7.4711,0.7129,-4.9230,-7.4708,5.3314,0.3234,0.0000,BAM,-5.2567,-8.1525,-5.1785,-8.1525,0.0000,0.0000,0.000,0.000,0.6688,62.6,11.85,21,THU,NO_TX,360,,0,,0
67.0623,1790258700.157230,0.0202,1,318.50,231.50,0.764,-5.1559,-7.5866,-5.0841,-0.9604,-7.5505,-0.6068,-5.0850,-7.5507,5.3314,0.3234,0.0000,BAM,-5.2567,-8.1525,-5.1785,-8.1525,0.0000,0.0000,0.000,0.000,0.4067,49.1,8.63,21,THU,NO_TX,360,,0,,0
67.0826,1790258700.177614,0.0203,0,318.50,231.50,0.764,,,-5.1036,-0.9604,-7.5628,-0.6068,-5.1043,-7.5630,5.3314,0.3234,0.0000,BAM,-5.2567,-8.1525,-5.1785,-8.1525,0.0000,0.0000,0.000,0.000,0.4067,49.1,8.63,21,THU,NO_TX,360,,0,,0
67.1032,1790258700.198226,0.0206,0,318.50,231.50,0.764,,,-5.1234,-0.9604,-7.5754,-0.6068,-5.1239,-7.5755,5.3314,0.3234,0.0000,BAM,-5.2567,-8.1525,-5.1785,-8.1525,0.0000,0.0000,0.000,0.000,0.4067,49.1,8.63,21,THU,NO_TX,360,,0,,0
67.1237,1790258700.218623,0.0204,1,313.75,229.00,0.755,-4.8371,-7.4200,-4.8911,2.2785,-7.4508,1.1277,-4.8792,-7.4493,5.3314,0.3234,0.0000,BAM,-5.2567,-8.1525,-5.1785,-8.1525,0.0000,0.0000,0.000,0.000,0.3700,64.3,12.65,21,THU,NO_TX,360,,0,,0
67.1437,1790258700.238628,0.0200,0,313.75,229.00,0.755,,,-4.8454,2.2785,-7.4282,1.1277,-4.8370,-7.4272,5.3314,0.3234,0.0000,BAM,-5.2567,-8.1525,-5.1785,-8.1525,0.0000,0.0000,0.000,0.000,0.3700,64.3,12.65,21,THU,NO_TX,360,,0,,0
67.1642,1790258700.259155,0.0205,0,313.75,229.00,0.755,,,-4.7988,2.2785,-7.4051,1.1277,-4.7922,-7.4043,5.3314,0.3234,0.0000,BAM,-5.2567,-8.1525,-5.1785,-8.1525,0.0000,0.0000,0.000,0.000,0.3700,64.3,12.65,21,THU,NO_TX,360,,0,,0
67.1845,1790258700.279514,0.0204,1,319.50,231.50,0.765,-5.2231,-7.5866,-5.1397,-2.5889,-7.5490,-0.9347,-5.1566,-7.5498,5.3314,0.3234,0.0000,BAM,-5.2567,-8.1525,-5.1785,-8.1525,0.0000,0.0000,0.000,0.000,0.8062,48.4,8.51,21,THU,NO_TX,360,,0,,0
67.2055,1790258700.300471,0.0210,0,319.50,231.50,0.765,,,-5.1939,-2.5889,-7.5686,-0.9347,-5.2059,-7.5692,5.3314,0.3234,0.0000,BAM,-5.2567,-8.1525,-5.1785,-8.1525,0.0000,0.0000,0.000,0.000,0.8062,48.4,8.51,21,THU,NO_TX,360,,0,,0
67.2257,1790258700.320646,0.0202,0,319.50,231.50,0.765,,,-5.2462,-2.5889,-7.5875,-0.9347,-5.2556,-7.5879,5.3314,0.3234,0.0000,BAM,-5.2567,-8.1525,-5.1785,-8.1525,0.0000,0.0000,0.000,0.000,0.8062,48.4,8.51,21,THU,NO_TX,360,,0,,0
67.2460,1790258700.340994,0.0203,1,319.25,231.50,0.780,-5.2063,-7.5866,-5.2225,-1.6296,-7.5902,-0.7336,-5.2268,-7.5906,5.3314,0.3234,0.0000,BAM,-5.2567,-8.1525,-5.1785,-8.1525,0.0000,0.0000,0.000,0.000,0.0272,62.3,8.53,21,THU,NO_TX,360,,0,,0
67.2665,1790258700.361529,0.0205,0,319.25,231.50,0.780,,,-5.2560,-1.6296,-7.6053,-0.7336,-5.2590,-7.6056,5.3314,0.3234,0.0000,BAM,-5.2567,-8.1525,-5.1785,-8.1525,0.0000,0.0000,0.000,0.000,0.0272,62.3,8.53,21,THU,NO_TX,360,,0,,0
67.2869,1790258700.381922,0.0204,0,319.25,231.50,0.780,,,-5.2892,-1.6296,-7.6202,-0.7336,-5.2916,-7.6205,5.3314,0.3234,0.0000,BAM,-5.2567,-8.1525,-5.1785,-8.1525,0.0000,0.0000,0.000,0.000,0.0272,62.3,8.53,21,THU,NO_TX,360,,0,,0
67.3071,1790258700.402122,0.0202,1,318.50,231.50,0.767,-5.1559,-7.5866,-5.1852,0.0956,-7.5954,-0.2428,-5.1852,-7.5955,5.3314,0.3234,0.0000,BAM,-5.2567,-8.1525,-5.1785,-8.1525,0.0000,0.0000,0.000,0.000,0.0914,64.2,8.63,21,THU,NO_TX,360,,0,,0
67.3276,1790258700.422554,0.0205,0,318.50,231.50,0.767,,,-5.1832,0.0956,-7.6004,-0.2428,-5.1832,-7.6004,5.3314,0.3234,0.0000,BAM,-5.2567,-8.1525,-5.1785,-8.1525,0.0000,0.0000,0.000,0.000,0.0914,64.2,8.63,21,THU,NO_TX,360,,0,,0
67.3482,1790258700.443807,0.0206,1,321.00,230.50,0.782,-5.3238,-7.5200,-5.2857,-1.3915,-7.5435,0.6211,-5.2883,-7.5432,5.3314,0.3234,0.0000,BAM,-5.2567,-8.1525,-5.1785,-8.1525,0.0000,0.0000,0.000,0.000,0.1267,48.9,9.55,21,THU,NO_TX,360,,0,,0
67.3687,1790258700.463674,0.0205,0,321.00,230.50,0.782,,,-5.3141,-1.3915,-7.5308,0.6211,-5.3160,-7.5306,5.3314,0.3234,0.0000,BAM,-5.2567,-8.1525,-5.1785,-8.1525,0.0000,0.0000,0.000,0.000,0.1267,48.9,9.55,21,THU,NO_TX,360,,0,,0
67.3892,1790258700.484218,0.0205,0,321.00,230.50,0.782,,,-5.3427,-1.3915,-7.5180,0.6211,-5.3442,-7.5179,5.3314,0.3234,0.0000,BAM,-5.2567,-8.1525,-5.1785,-8.1525,0.0000,0.0000,0.000,0.000,0.1267,48.9,9.55,21,THU,NO_TX,360,,0,,0
67.4095,1790258700.504485,0.0203,1,314.00,229.00,0.767,-4.8539,-7.4200,-4.9456,4.0732,-7.4358,1.5027,-4.8840,-7.4324,5.3314,0.3234,0.0000,BAM,-5.2567,-8.1525,-5.1785,-8.1525,0.0000,0.0000,0.000,0.000,0.8469,62.8,12.53,21,THU,NO_TX,360,,0,,0
67.4295,1790258700.524444,0.0200,0,314.00,229.00,0.767,,,-4.8640,4.0732,-7.4057,1.5027,-4.8189,-7.4032,5.3314,0.3234,0.0000,BAM,-5.2567,-8.1525,-5.1785,-8.1525,0.0000,0.0000,0.000,0.000,0.8469,62.8,12.53,21,THU,NO_TX,360,,0,,0
67.4496,1790258700.544538,0.0200,0,314.00,229.00,0.767,,,-4.7824,4.0732,-7.3756,1.5027,-4.7468,-7.3737,5.3314,0.3234,0.0000,BAM,-5.2567,-8.1525,-5.1785,-8.1525,0.0000,0.0000,0.000,0.000,0.8469,62.8,12.53,21,THU,NO_TX,360,,0,,0
67.4697,1790258700.565237,0.0202,1,319.00,232.00,0.780,-5.1895,-7.6199,-5.1016,-0.9942,-7.5687,-1.2714,-5.1026,-7.5708,5.3314,0.3234,0.0000,BAM,-5.2567,-8.1525,-5.1785,-8.1525,0.0000,0.0000,0.000,0.000,0.9728,62.3,8.06,21,THU,NO_TX,360,,0,,0
67.4905,1790258700.585453,0.0207,0,319.00,232.00,0.780,,,-5.1222,-0.9942,-7.5951,-1.2714,-5.1229,-7.5965,5.3314,0.3234,0.0000,BAM,-5.2567,-8.1525,-5.1785,-8.1525,0.0000,0.0000,0.000,0.000,0.9728,62.3,8.06,21,THU,NO_TX,360,,0,,0
67.5107,1790258700.606032,0.0203,0,319.00,232.00,0.780,,,-5.1424,-0.9942,-7.6209,-1.2714,-5.1429,-7.6220,5.3314,0.3234,0.0000,BAM,-5.2567,-8.1525,-5.1785,-8.1525,0.0000,0.0000,0.000,0.000,0.9728,62.3,8.06,21,THU,NO_TX,360,,0,,0
67.5313,1790258700.626334,0.0206,1,312.50,228.50,0.756,-4.7532,-7.3866,-4.8248,3.2535,-7.4339,1.3628,-4.7924,-7.4314,5.3314,0.3234,0.0000,BAM,-5.2567,-8.1525,-5.1785,-8.1525,0.0000,0.0000,0.000,0.000,0.7066,49.7,13.73,21,THU,NO_TX,360,,0,,0
67.5516,1790258700.646409,0.0203,0,312.50,228.50,0.756,,,-4.7587,3.2535,-7.4062,1.3628,-4.7353,-7.4044,5.3314,0.3234,0.0000,BAM,-5.2567,-8.1525,-5.1785,-8.1525,0.0000,0.0000,0.000,0.000,0.7066,49.7,13.73,21,THU,NO_TX,360,,0,,0
67.5721,1790258700.667064,0.0205,0,312.50,228.50,0.756,,,-4.6921,3.2535,-7.3783,1.3628,-4.6737,-7.3769,5.3314,0.3234,0.0000,BAM,-5.2567,-8.1525,-5.1785,-8.1525,0.0000,0.0000,0.000,0.000,0.7066,49.7,13.73,21,THU,NO_TX,360,,0,,0
67.5926,1790258700.687586,0.0205,1,312.75,229.75,0.774,-4.7699,-7.4698,-4.7446,1.7548,-7.4481,0.1536,-4.7392,-7.4481,5.3314,0.3234,0.0000,BAM,-5.2567,-8.1525,-5.1785,-8.1525,0.0000,0.0000,0.000,0.000,0.1052,62.7,12.55,21,THU,NO_TX,360,,0,,0
67.6128,1790258700.707751,0.0202,0,312.75,229.75,0.774,,,-4.7092,1.7548,-7.4450,0.1536,-4.7053,-7.4450,5.3314,0.3234,0.0000,BAM,-5.2567,-8.1525,-5.1785,-8.1525,0.0000,0.0000,0.000,0.000,0.1052,62.7,12.55,21,THU,NO_TX,360,,0,,0
67.6331,1790258700.727922,0.0203,0,312.75,229.75,0.774,,,-4.6736,1.7548,-7.4419,0.1536,-4.6706,-7.4419,5.3314,0.3234,0.0000,BAM,-5.2567,-8.1525,-5.1785,-8.1525,0.0000,0.0000,0.000,0.000,0.1052,62.7,12.55,21,THU,NO_TX,360,,0,,0
67.6538,1790258700.749352,0.0208,1,318.50,232.25,0.779,-5.1559,-7.6365,-5.0648,-3.6306,-7.6005,-1.8498,-5.1088,-7.6066,5.3314,0.3234,0.0000,BAM,-5.2567,-8.1525,-5.1785,-8.1525,0.0000,0.0000,0.000,0.000,0.9365,64.9,7.89,21,THU,NO_TX,360,,0,,0
67.6743,1790258700.769262,0.0205,0,318.50,232.25,0.779,,,-5.1391,-3.6306,-7.6383,-1.8498,-5.1711,-7.6427,5.3314,0.3234,0.0000,BAM,-5.2567,-8.1525,-5.1785,-8.1525,0.0000,0.0000,0.000,0.000,0.9365,64.9,7.89,21,THU,NO_TX,360,,0,,0
67.6946,1790258700.789616,0.0204,1,319.50,231.50,0.765,-5.2231,-7.5866,-5.2204,-3.7347,-7.6113,-0.9459,-5.2675,-7.6121,5.3314,0.3234,0.0000,BAM,-5.2567,-8.1525,-5.1785,-8.1525,0.0000,0.0000,0.000,0.000,0.0357,48.7,8.51,21,THU,NO_TX,360,,0,,0
67.7150,1790258700.809961,0.0204,0,319.50,231.50,0.765,,,-5.2965,-3.7347,-7.6306,-0.9459,-5.3310,-7.6312,5.3314,0.3234,0.0000,BAM,-5.2567,-8.1525,-5.1785,-8.1525,0.0000,0.0000,0.000,0.000,0.0357,48.7,8.51,21,THU,NO_TX,360,,0,,0
67.7351,1790258700.830113,0.0201,0,319.50,231.50,0.765,,,-5.3715,-3.7347,-7.6496,-0.9459,-5.3988,-7.6500,5.3314,0.3234,0.0000,BAM,-5.2567,-8.1525,-5.1785,-8.1525,0.0000,0.0000,0.000,0.000,0.0357,48.7,8.51,21,THU,NO_TX,360,,0,,0
67.7558,1790258700.850585,0.0206,0,319.50,231.50,0.765,,,-5.4486,-3.7347,-7.6691,-0.9459,-5.4710,-7.6695,5.3314,0.3234,0.0000,BAM,-5.2567,-8.1525,-5.1785,-8.1525,0.0000,0.0000,0.000,0.000,0.0357,48.7,8.51,21,THU,NO_TX,360,,0,,0
67.7764,1790258700.871390,0.0206,1,319.50,231.50,0.770,-5.2231,-7.5866,-5.2584,-0.7540,-7.5991,0.0401,-5.2588,-7.5991,5.3314,0.3234,0.0000,BAM,-5.2567,-8.1525,-5.1785,-8.1525,0.0000,0.0000,0.000,0.000,0.2063,62.6,8.51,21,THU,NO_TX,360,,0,,0
67.7968,1790258700.891764,0.0204,0,319.50,231.50,0.770,,,-5.2737,-0.7540,-7.5983,0.0401,-5.2741,-7.5983,5.3314,0.3234,0.0000,BAM,-5.2567,-8.1525,-5.1785,-8.1525,0.0000,0.0000,0.000,0.000,0.2063,62.6,8.51,21,THU,NO_TX,360,,0,,0
67.8174,1790258700.912290,0.0207,0,319.50,231.50,0.770,,,-5.2893,-0.7540,-7.5974,0.0401,-5.2896,-7.5974,5.3314,0.3234,0.0000,BAM,-5.2567,-8.1525,-5.1785,-8.1525,0.0000,0.0000,0.000,0.000,0.2063,62.6,8.51,21,THU,NO_TX,360,,0,,0
67.8379,1790258700.932939,0.0205,1,319.25,232.00,0.779,-5.2063,-7.6199,-5.2236,0.2575,-7.6157,-0.1926,-5.2235,-7.6157,5.3314,0.3234,0.0000,BAM,-5.2567,-8.1525,-5.1785,-8.1525,0.0000,0.0000,0.000,0.000,0.0312,65.1,8.04,21,THU,NO_TX,360,,0,,0
67.8582,1790258700.953130,0.0202,0,319.25,232.00,0.779,,,-5.2183,0.2575,-7.6196,-0.1926,-5.2183,-7.6196,5.3314,0.3234,0.0000,BAM,-5.2567,-8.1525,-5.1785,-8.1525,0.0000,0.0000,0.000,0.000,0.0312,65.1,8.04,21,THU,NO_TX,360,,0,,0
67.8783,1790258700.973276,0.0202,1,320.75,230.50,0.780,-5.3070,-7.5200,-5.2816,-0.7249,-7.5488,0.8566,-5.2820,-7.5482,5.3314,0.3234,0.0000,BAM,-5.2567,-8.1525,-5.1785,-8.1525,0.0000,0.0000,0.000,0.000,0.0891,47.5,9.53,21,THU,NO_TX,360,,0,,0
67.8984,1790258700.993402,0.0201,0,320.75,230.50,0.780,,,-5.2961,-0.7249,-7.5316,0.8566,-5.2964,-7.5312,5.3314,0.3234,0.0000,BAM,-5.2567,-8.1525,-5.1785,-8.1525,0.0000,0.0000,0.000,0.000,0.0891,47.5,9.53,21,THU,NO_TX,360,,0,,0
67.9186,1790258701.013636,0.0202,0,320.75,230.50,0.780,,,-5.3108,-0.7249,-7.5143,0.8566,-5.3110,-7.5139,5.3314,0.3234,0.0000,BAM,-5.2567,-8.1525,-5.1785,-8.1525,0.0000,0.0000,0.000,0.000,0.0891,47.5,9.53,21,THU,NO_TX,360,,0,,0
67.9395,1790258701.034504,0.0209,1,319.00,232.00,0.785,-5.1895,-7.6199,-5.2137,0.7205,-7.5971,-0.4212,-5.2133,-7.5972,5.3314,0.3234,0.0000,BAM,-5.2567,-8.1525,-5.1785,-8.1525,0.0000,0.0000,0.000,0.000,0.1022,64.4,8.06,21,THU,NO_TX,360,,0,,0
67.9599,1790258701.054861,0.0204,0,319.00,232.00,0.785,,,-5.1989,0.7205,-7.6057,-0.4212,-5.1987,-7.6058,5.3314,0.3234,0.0000,BAM,-5.2567,-8.1525,-5.1785,-8.1525,0.0000,0.0000,0.000,0.000,0.1022,64.4,8.06,21,THU,NO_TX,360,,0,,0
67.9803,1790258701.075270,0.0203,0,319.00,232.00,0.785,,,-5.1843,0.7205,-7.6143,-0.4212,-5.1841,-7.6143,5.3314,0.3234,0.0000,BAM,-5.2567,-8.1525,-5.1785,-8.1525,0.0000,0.0000,0.000,0.000,0.1022,64.4,8.06,21,THU,NO_TX,360,,0,,0
68.0010,1790258701.096014,0.0208,1,314.50,229.50,0.757,-4.8874,-7.4533,-4.9367,3.6323,-7.4841,1.2891,-4.8924,-7.4820,5.3314,0.3234,0.0000,BAM,-5.2567,-8.1525,-5.1785,-8.1525,0.0000,0.0000,0.000,0.000,0.3253,48.1,11.85,21,THU,NO_TX,360,,0,,0
68.0217,1790258701.116563,0.0206,0,314.50,229.50,0.757,,,-4.8618,3.6323,-7.4575,1.2891,-4.8297,-7.4560,5.3314,0.3234,0.0000,BAM,-5.2567,-8.1525,-5.1785,-8.1525,0.0000,0.0000,0.000,0.000,0.3253,48.1,11.85,21,THU,NO_TX,360,,0,,0
68.0421,1790258701.137064,0.0204,0,314.50,229.50,0.757,,,-4.7876,3.6323,-7.4312,1.2891,-4.7624,-7.4300,5.3314,0.3234,0.0000,BAM,-5.2567,-8.1525,-5.1785,-8.1525,0.0000,0.0000,0.000,0.000,0.3253,48.1,11.85,21,THU,NO_TX,360,,0,,0
68.0625,1790258701.157421,0.0205,1,319.50,232.00,0.774,-5.2231,-7.6199,-5.1339,-1.6510,-7.5808,-0.8848,-5.1384,-7.5815,5.3314,0.3234,0.0000,BAM,-5.2567,-8.1525,-5.1785,-8.1525,0.0000,0.0000,0.000,0.000,0.9260,62.8,8.02,21,THU,NO_TX,360,,0,,0
68.0827,1790258701.177647,0.0201,0,319.50,232.00,0.774,,,-5.1671,-1.6510,-7.5986,-0.8848,-5.1703,-7.5991,5.3314,0.3234,0.0000,BAM,-5.2567,-8.1525,-5.1785,-8.1525,0.0000,0.0000,0.000,0.000,0.9260,62.8,8.02,21,THU,NO_TX,360,,0,,0
68.1031,1790258701.198097,0.0204,0,319.50,232.00,0.774,,,-5.2008,-1.6510,-7.6167,-0.8848,-5.2033,-7.6171,5.3314,0.3234,0.0000,BAM,-5.2567,-8.1525,-5.1785,-8.1525,0.0000,0.0000,0.000,0.000,0.9260,62.8,8.02,21,THU,NO_TX,360,,0,,0
68.1233,1790258701.218277,0.0202,1,314.00,229.50,0.756,-4.8538,-7.4533,-4.9212,2.3011,-7.4866,0.9524,-4.9093,-7.4858,5.3314,0.3234,0.0000,BAM,-5.2567,-8.1525,-5.1785,-8.1525,0.0000,0.0000,0.000,0.000,0.5427,64.0,12.09,21,THU,NO_TX,360,,0,,0
68.1438,1790258701.238802,0.0205,0,314.00,229.50,0.756,,,-4.8741,2.3011,-7.4671,0.9524,-4.8656,-7.4665,5.3314,0.3234,0.0000,BAM,-5.2567,-8.1525,-5.1785,-8.1525,0.0000,0.0000,0.000,0.000,0.5427,64.0,12.09,21,THU,NO_TX,360,,0,,0
68.1640,1790258701.258944,0.0201,1,319.50,231.50,0.763,-5.2231,-7.5866,-5.1162,-1.8196,-7.5481,-0.4495,-5.1222,-7.5482,5.3314,0.3234,0.0000,BAM,-5.2567,-8.1525,-5.1785,-8.1525,0.0000,0.0000,0.000,0.000,0.8206,47.0,8.51,21,THU,NO_TX,360,,0,,0
68.1845,1790258701.279479,0.0205,0,319.50,231.50,0.763,,,-5.1535,-1.8196,-7.5574,-0.4495,-5.1578,-7.5574,5.3314,0.3234,0.0000,BAM,-5.2567,-8.1525,-5.1785,-8.1525,0.0000,0.0000,0.000,0.000,0.8206,47.0,8.51,21,THU,NO_TX,360,,0,,0
68.2049,1790258701.299910,0.0204,0,319.50,231.50,0.763,,,-5.1907,-1.8196,-7.5666,-0.4495,-5.1940,-7.5666,5.3314,0.3234,0.0000,BAM,-5.2567,-8.1525,-5.1785,-8.1525,0.0000,0.0000,0.000,0.000,0.8206,47.0,8.51,21,THU,NO_TX,360,,0,,0
68.2254,1790258701.320435,0.0205,1,319.25,231.50,0.760,-5.2063,-7.5866,-5.2101,-1.5891,-7.5846,-0.5611,-5.2143,-7.5848,5.3314,0.3234,0.0000,BAM,-5.2567,-8.1525,-5.1785,-8.1525,0.0000,0.0000,0.000,0.000,0.0018,64.8,8.53,21,THU,NO_TX,360,,0,,0
68.2460,1790258701.340973,0.0205,0,319.25,231.50,0.760,,,-5.2428,-1.5891,-7.5961,-0.5611,-5.2457,-7.5963,5.3314,0.3234,0.0000,BAM,-5.2567,-8.1525,-5.1785,-8.1525,0.0000,0.0000,0.000,0.000,0.0018,64.8,8.53,21,THU,NO_TX,360,,0,,0
68.2667,1790258701.361650,0.0207,0,319.25,231.50,0.760,,,-5.2756,-1.5891,-7.6077,-0.5611,-5.2779,-7.6078,5.3314,0.3234,0.0000,BAM,-5.2567,-8.1525,-5.1785,-8.1525,0.0000,0.0000,0.000,0.000,0.0018,64.8,8.53,21,THU,NO_TX,360,,0,,0
68.2867,1790258701.381710,0.0201,1,319.50,232.00,0.771,-5.2231,-7.6199,-5.2379,-0.7166,-7.6197,-0.5701,-5.2383,-7.6199,5.3314,0.3234,0.0000,BAM,-5.2567,-8.1525,-5.1785,-8.1525,0.0000,0.0000,0.000,0.000,0.0218,65.0,8.02,21,THU,NO_TX,360,,0,,0
68.3069,1790258701.401931,0.0202,0,319.50,232.00,0.771,,,-5.2524,-0.7166,-7.6312,-0.5701,-5.2527,-7.6314,5.3314,0.3234,0.0000,BAM,-5.2567,-8.1525,-5.1785,-8.1525,0.0000,0.0000,0.000,0.000,0.0218,65.0,8.02,21,THU,NO_TX,360,,0,,0
68.3271,1790258701.422038,0.0202,0,319.50,232.00,0.771,,,-5.2669,-0.7166,-7.6428,-0.5701,-5.2671,-7.6429,5.3314,0.3234,0.0000,BAM,-5.2567,-8.1525,-5.1785,-8.1525,0.0000,0.0000,0.000,0.000,0.0218,65.0,8.02,21,THU,NO_TX,360,,0,,0
68.3476,1790258701.442620,0.0205,1,313.50,229.50,0.764,-4.8203,-7.4532,-4.9020,4.0711,-7.4903,1.4662,-4.8416,-7.4872,5.3314,0.3234,0.0000,BAM,-5.2567,-8.1525,-5.1785,-8.1525,0.0000,0.0000,0.000,0.000,0.7753,45.4,12.35,21,THU,NO_TX,360,,0,,0
68.3677,1790258701.462525,0.0200,0,313.50,229.50,0.764,,,-4.8205,4.0711,-7.4609,1.4662,-4.7760,-7.4587,5.3314,0.3234,0.0000,BAM,-5.2567,-8.1525,-5.1785,-8.1525,0.0000,0.0000,0.000,0.000,0.7753,45.4,12.35,21,THU,NO_TX,360,,0,,0
68.3885,1790258701.483427,0.0208,0,313.50,229.50,0.764,,,-4.7357,4.0711,-7.4303,1.4662,-4.7008,-7.4286,5.3314,0.3234,0.0000,BAM,-5.2567,-8.1525,-5.1785,-8.1525,0.0000,0.0000,0.000,0.000,0.7753,45.4,12.35,21,THU,NO_TX,360,,0,,0
68.4089,1790258701.503866,0.0204,1,314.00,228.50,0.749,-4.8539,-7.3867,-4.8186,1.9819,-7.3892,1.6054,-4.8109,-7.3852,5.3314,0.3234,0.0000,BAM,-5.2567,-8.1525,-5.1785,-8.1525,0.0000,0.0000,0.000,0.000,0.1242,63.8,12.97,21,THU,NO_TX,360,,0,,0
68.4293,1790258701.524197,0.0204,0,314.00,228.50,0.749,,,-4.7781,1.9819,-7.3565,1.6054,-4.7726,-7.3536,5.3314,0.3234,0.0000,BAM,-5.2567,-8.1525,-5.1785,-8.1525,0.0000,0.0000,0.000,0.000,0.1242,63.8,12.97,21,THU,NO_TX,360,,0,,0
68.4505,1790258701.545312,0.0212,0,314.00,228.50,0.749,,,-4.7361,1.9819,-7.3224,1.6054,-4.7319,-7.3202,5.3314,0.3234,0.0000,BAM,-5.2567,-8.1525,-5.1785,-8.1525,0.0000,0.0000,0.000,0.000,0.1242,63.8,12.97,21,THU,NO_TX,360,,0,,0
68.4710,1790258701.566037,0.0205,1,319.00,231.75,0.768,-5.1895,-7.6032,-5.1044,-3.1364,-7.5471,-1.5663,-5.1336,-7.5509,5.3314,0.3234,0.0000,BAM,-5.2567,-8.1525,-5.1785,-8.1525,0.0000,0.0000,0.000,0.000,1.0125,65.7,8.31,21,THU,NO_TX,360,,0,,0
68.4919,1790258701.586861,0.0208,0,319.00,231.75,0.768,,,-5.1698,-3.1364,-7.5798,-1.5663,-5.1907,-7.5824,5.3314,0.3234,0.0000,BAM,-5.2567,-8.1525,-5.1785,-8.1525,0.0000,0.0000,0.000,0.000,1.0125,65.7,8.31,21,THU,NO_TX,360,,0,,0
68.5123,1790258701.607292,0.0205,1,320.00,231.50,0.770,-5.2567,-7.5866,-5.2506,-3.3733,-7.5935,-1.3115,-5.2860,-7.5957,5.3314,0.3234,0.0000,BAM,-5.2567,-8.1525,-5.1785,-8.1525,0.0000,0.0000,0.000,0.000,0.0052,46.9,8.50,21,THU,NO_TX,360,,0,,0
68.5326,1790258701.627642,0.0203,0,320.00,231.50,0.770,,,-5.3192,-3.3733,-7.6201,-1.3115,-5.3449,-7.6217,5.3314,0.3234,0.0000,BAM,-5.2567,-8.1525,-5.1785,-8.1525,0.0000,0.0000,0.000,0.000,0.0052,46.9,8.50,21,THU,NO_TX,360,,0,,0
68.5531,1790258701.648052,0.0204,0,320.00,231.50,0.770,,,-5.3880,-3.3733,-7.6469,-1.3115,-5.4082,-7.6481,5.3314,0.3234,0.0000,BAM,-5.2567,-8.1525,-5.1785,-8.1525,0.0000,0.0000,0.000,0.000,0.0052,46.9,8.50,21,THU,NO_TX,360,,0,,0
68.5741,1790258701.668872,0.0210,1,319.50,231.50,0.784,-5.2231,-7.5866,-5.2645,-0.8840,-7.6026,-0.4056,-5.2652,-7.6027,5.3314,0.3234,0.0000,BAM,-5.2567,-8.1525,-5.1785,-8.1525,0.0000,0.0000,0.000,0.000,0.1924,64.7,8.51,21,THU,NO_TX,360,,0,,0
68.5945,1790258701.689820,0.0204,0,319.50,231.50,0.784,,,-5.2825,-0.8840,-7.6109,-0.4056,-5.2831,-7.6110,5.3314,0.3234,0.0000,BAM,-5.2567,-8.1525,-5.1785,-8.1525,0.0000,0.0000,0.000,0.000,0.1924,64.7,8.51,21,THU,NO_TX,360,,0,,0
68.6149,1790258701.709823,0.0204,0,319.50,231.50,0.784,,,-5.3006,-0.8840,-7.6192,-0.4056,-5.3009,-7.6192,5.3314,0.3234,0.0000,BAM,-5.2567,-8.1525,-5.1785,-8.1525,0.0000,0.0000,0.000,0.000,0.1924,64.7,8.51,21,THU,NO_TX,360,,0,,0
68.6351,1790258701.730089,0.0202,0,319.50,231.50,0.784,,,-5.3184,-0.8840,-7.6274,-0.4056,-5.3187,-7.6274,5.3314,0.3234,0.0000,BAM,-5.2567,-8.1525,-5.1785,-8.1525,0.0000,0.0000,0.000,0.000,0.1924,64.7,8.51,21,THU,NO_TX,360,,0,,0
68.6552,1790258701.750100,0.0201,1,318.50,231.25,0.768,-5.1559,-7.5699,-5.1772,0.8694,-7.5780,0.2199,-5.1765,-7.5780,5.3314,0.3234,0.0000,BAM,-5.2567,-8.1525,-5.1785,-8.1525,0.0000,0.0000,0.000,0.000,0.0752,63.6,8.88,21,THU,NO_TX,360,,0,,0
68.6754,1790258701.770312,0.0202,0,318.50,231.25,0.768,,,-5.1596,0.8694,-7.5736,0.2199,-5.1591,-7.5736,5.3314,0.3234,0.0000,BAM,-5.2567,-8.1525,-5.1785,-8.1525,0.0000,0.0000,0.000,0.000,0.0752,63.6,8.88,21,THU,NO_TX,360,,0,,0
68.6954,1790258701.790304,0.0200,1,319.25,231.75,0.761,-5.2063,-7.6032,-5.1889,0.2143,-7.5938,-0.1171,-5.1889,-7.5938,5.3314,0.3234,0.0000,BAM,-5.2567,-8.1525,-5.1785,-8.1525,0.0000,0.0000,0.000,0.000,0.0246,46.5,8.28,21,THU,NO_TX,360,,0,,0
68.7154,1790258701.810448,0.0200,0,319.25,231.75,0.761,,,-5.1846,0.2143,-7.5961,-0.1171,-5.1846,-7.5961,5.3314,0.3234,0.0000,BAM,-5.2567,-8.1525,-5.1785,-8.1525,0.0000,0.0000,0.000,0.000,0.0246,46.5,8.28,21,THU,NO_TX,360,,0,,0
68.7360,1790258701.830939,0.0205,0,319.25,231.75,0.761,,,-5.1802,0.2143,-7.5985,-0.1171,-5.1802,-7.5985,5.3314,0.3234,0.0000,BAM,-5.2567,-8.1525,-5.1785,-8.1525,0.0000,0.0000,0.000,0.000,0.0246,46.5,8.28,21,THU,NO_TX,360,,0,,0
68.7564,1790258701.851391,0.0204,1,320.25,231.50,0.765,-5.2735,-7.5866,-5.2561,-0.8261,-7.5892,0.0316,-5.2567,-7.5892,5.3314,0.3234,0.0000,BAM,-5.2567,-8.1525,-5.1785,-8.1525,0.0000,0.0000,0.000,0.000,0.0301,64.9,8.50,21,THU,NO_TX,360,,0,,0
68.7767,1790258701.871725,0.0203,0,320.25,231.50,0.765,,,-5.2729,-0.8261,-7.5886,0.0316,-5.2733,-7.5886,5.3314,0.3234,0.0000,BAM,-5.2567,-8.1525,-5.1785,-8.1525,0.0000,0.0000,0.000,0.000,0.0301,64.9,8.50,21,THU,NO_TX,360,,0,,0
68.7973,1790258701.892308,0.0206,0,320.25,231.50,0.765,,,-5.2899,-0.8261,-7.5879,0.0316,-5.2902,-7.5879,5.3314,0.3234,0.0000,BAM,-5.2567,-8.1525,-5.1785,-8.1525,0.0000,0.0000,0.000,0.000,0.0301,64.9,8.50,21,THU,NO_TX,360,,0,,0
