t,epoch_s,dt,co_do,u,v,conf,theta_m,phi_m,theta_hat,dtheta_hat,phi_hat,dphi_hat,theta_du_doan,phi_du_doan,ld_huong,ld_cu_ly,ld_toc_do,trang_thai,theta_s,phi_s,theta_cmd,phi_cmd,e_theta,e_phi,u_theta,u_phi,nis,t_inf,e_px,ld_id,iff_ket,iff_ly_do,iff_ms,the_che_do,luot,nhan,dang_do
0.0209,1790255215.769189,0.0209,0,,,0.000,,,0.0000,0.0000,0.0000,0.0000,0.0000,-13.0000,,,,CHO,0.0000,0.0000,0.0000,-0.1753,0.0000,-13.0000,0.000,-8.374,,0.0,,,,,,,0,,0
0.0409,1790255215.790647,0.0200,0,,,0.000,,,0.0000,0.0000,0.0000,0.0000,0.0000,-13.0000,,,,CHO,0.0000,0.0000,0.0000,-0.5031,0.0000,-13.0000,0.000,-16.379,,0.0,,,,,,,0,,0
0.0624,1790255215.810995,0.0215,0,,,0.000,,,0.0000,0.0000,0.0000,0.0000,0.0000,-13.0000,,,,CHO,0.0000,0.0000,0.0000,-1.0393,0.0000,-13.0000,0.000,-24.969,,0.0,,,,,,,0,,0
0.0828,1790255215.832104,0.0204,0,,,0.000,,,0.0000,0.0000,0.0000,0.0000,0.0000,-13.0000,,,,CHO,0.0000,0.0000,0.0000,-1.7158,0.0000,-13.0000,0.000,-33.136,,0.0,,,,,,,0,,0
0.1030,1790255215.851737,0.0202,0,,,0.000,,,0.0000,0.0000,0.0000,0.0000,0.0000,-13.0000,,,,CHO,0.0000,0.0000,0.0000,-2.5467,0.0000,-13.0000,0.000,-41.202,,0.0,,,,,,,0,,0
0.1341,1790255215.930496,0.0311,0,,,0.000,,,0.0000,0.0000,0.0000,0.0000,0.0000,-13.0000,,,,CHO,0.0000,0.0000,0.0000,-4.2166,0.0000,-13.0000,0.000,-53.652,,0.0,,,,,,,0,,0
0.1813,1790255215.933187,0.0472,0,,,0.000,,,0.0000,0.0000,0.0000,0.0000,0.0000,-13.0000,,,,CHO,0.0000,-0.5322,0.0000,-7.1272,0.0000,-12.4678,0.000,-61.638,,0.0,,,,,,,0,,0
0.2028,1790255215.952512,0.0214,0,,,0.000,,,0.0000,0.0000,0.0000,0.0000,0.0000,-13.0000,,,,CHO,0.0000,-0.9139,0.0000,-8.3964,0.0000,-12.0861,0.000,-59.250,,0.0,,,,,,,0,,0
0.2291,1790255215.978991,0.0263,0,,,0.000,,,0.0000,0.0000,0.0000,0.0000,0.0000,-13.0000,,,,CHO,0.0000,-1.5166,0.0000,-9.8603,0.0000,-11.4834,0.000,-55.598,,0.0,,,,,,,0,,0
0.2507,1790255216.002190,0.0216,0,,,0.000,,,0.0000,0.0000,0.0000,0.0000,0.0000,-13.0000,,,,CHO,0.0000,-1.8510,0.0000,-11.0239,0.0000,-11.1490,0.000,-53.804,,0.0,,,,,,,0,,0
0.2709,1790255216.020018,0.0202,0,,,0.000,,,0.0000,0.0000,0.0000,0.0000,0.0000,-13.0000,,,,CHO,0.0000,-2.5835,0.0000,-12.0195,0.0000,-10.4165,0.000,-49.328,,0.0,,,,,,,0,,0
0.2920,1790255216.040515,0.0211,0,,,0.000,,,0.0000,0.0000,0.0000,0.0000,0.0000,-13.0000,,,,CHO,0.0000,-3.1040,0.0000,-12.9984,0.0000,-9.8960,0.000,-46.496,,0.0,,,,,,,0,,0
0.3126,1790255216.061802,0.0206,0,,,0.000,,,0.0000,0.0000,0.0000,0.0000,0.0000,-13.0000,,,,CHO,0.0000,-4.3669,0.0000,-13.7954,0.0000,-8.6331,0.000,-38.715,,0.0,,,,,,,0,,0
0.3341,1790255216.082508,0.0215,0,,,0.000,,,0.0000,0.0000,0.0000,0.0000,0.0000,-13.0000,,,,CHO,0.0000,-5.6701,0.0000,-14.4637,0.0000,-7.3299,0.000,-31.068,,0.0,,,,,,,0,,0
0.3544,1790255216.103620,0.0203,0,,,0.000,,,0.0000,0.0000,0.0000,0.0000,0.0000,-13.0000,,,,CHO,0.0000,-6.9726,0.0000,-14.9430,0.0000,-6.0274,0.000,-23.611,,0.0,,,,,,,0,,0
0.3747,1790255216.124949,0.0204,0,,,0.000,,,0.0000,0.0000,0.0000,0.0000,0.0000,-13.0000,,,,CHO,0.0000,-8.2345,0.0000,-15.2820,0.0000,-4.7655,0.000,-16.653,,0.0,,,,,,,0,,0
0.4024,1790255216.149663,0.0277,0,,,0.000,,,0.0000,0.0000,0.0000,0.0000,0.0000,-13.0000,,,,CHO,0.0000,-9.6751,0.0000,-15.5381,0.0000,-3.3249,0.000,-9.262,,0.0,,,,,,,0,,0
0.4231,1790255216.172352,0.0207,0,,,0.000,,,0.0000,0.0000,0.0000,0.0000,0.0000,-13.0000,,,,CHO,0.0000,-10.7229,0.0000,-15.6204,0.0000,-2.2771,0.000,-3.970,,0.0,,,,,,,0,,0
0.4503,1790255216.214212,0.0272,0,,,0.000,,,0.0000,0.0000,0.0000,0.0000,0.0000,-13.0000,,,,CHO,0.0000,-12.1330,0.0000,-15.4320,0.0000,0.0000,0.000,6.919,,0.0,,,,,,,0,,0
0.4704,1790255216.219689,0.0201,0,,,0.000,,,0.0000,0.0000,0.0000,0.0000,0.0000,-13.0000,,,,CHO,0.0000,-13.0011,0.0000,-15.2856,0.0000,0.0000,0.000,7.275,,0.0,,,,,,,0,,0
0.4977,1790255216.246841,0.0273,0,,,0.000,,,0.0000,0.0000,0.0000,0.0000,0.0000,-13.0000,,,,CHO,0.0000,-13.8615,0.0000,-15.1074,0.0000,0.0000,0.000,6.538,,0.0,,,,,,,0,,0
0.5183,1790255216.267446,0.0206,0,,,0.000,,,0.0000,0.0000,0.0000,0.0000,0.0000,-13.0000,,,,CHO,0.0000,-14.3083,0.0000,-14.8534,0.0000,1.3083,0.000,12.301,,0.0,,,,,,,0,,0
0.5459,1790255216.300288,0.0276,0,,,0.000,,,0.0000,0.0000,0.0000,0.0000,0.0000,-13.0000,,,,CHO,0.0000,-14.7754,0.0000,-14.4760,0.0000,1.7754,0.000,13.695,,0.0,,,,,,,0,,0
0.5659,1790255216.315105,0.0200,0,,,0.000,,,0.0000,0.0000,0.0000,0.0000,0.0000,-13.0000,,,,CHO,0.0000,-14.9775,0.0000,-14.1969,0.0000,1.9775,0.000,13.943,,0.0,,,,,,,0,,0
0.5940,1790255216.347869,0.0281,0,,,0.000,,,0.0000,0.0000,0.0000,0.0000,0.0000,-13.0000,,,,CHO,0.0000,-15.0959,0.0000,-13.8174,0.0000,2.0959,0.000,13.521,,0.0,,,,,,,0,,0
0.6249,1790255216.379648,0.0309,0,,,0.000,,,0.0000,0.0000,0.0000,0.0000,0.0000,-13.0000,,,,CHO,0.0000,-15.1006,0.0000,-13.4284,0.0000,2.1006,0.000,12.588,,0.0,,,,,,,0,,0
0.6454,1790255216.394920,0.0205,0,,,0.000,,,0.0000,0.0000,0.0000,0.0000,0.0000,-13.0000,,,,CHO,0.0000,-15.0233,0.0000,-13.1914,0.0000,2.0233,0.000,11.579,,0.0,,,,,,,0,,0
0.6660,1790255216.415249,0.0207,0,,,0.000,,,0.0000,0.0000,0.0000,0.0000,0.0000,-13.0000,,,,CHO,0.0000,-14.8511,0.0000,-12.9832,0.0000,1.8511,0.000,10.076,,0.0,,,,,,,0,,0
0.6865,1790255216.435651,0.0205,0,,,0.000,,,0.0000,0.0000,0.0000,0.0000,0.0000,-13.0000,,,,CHO,0.0000,-14.6465,0.0000,-12.8090,0.0000,1.6465,0.000,8.509,,0.0,,,,,,,0,,0
0.7068,1790255216.456081,0.0203,0,,,0.000,,,0.0000,0.0000,0.0000,0.0000,0.0000,-13.0000,,,,CHO,0.0000,-14.5066,0.0000,-12.6564,0.0000,1.5066,0.000,7.503,,0.0,,,,,,,0,,0
0.7274,1790255216.476609,0.0205,0,,,0.000,,,0.0000,0.0000,0.0000,0.0000,0.0000,-13.0000,,,,CHO,0.0000,-14.2907,0.0000,-12.5320,0.0000,1.2907,0.000,6.059,,0.0,,,,,,,0,,0
0.7477,1790255216.496937,0.0203,0,,,0.000,,,0.0000,0.0000,0.0000,0.0000,0.0000,-13.0000,,,,CHO,0.0000,-14.0223,0.0000,-12.4436,0.0000,1.0223,0.000,4.347,,0.0,,,,,,,0,,0
0.7702,1790255216.518748,0.0225,0,,,0.000,,,0.0000,0.0000,0.0000,0.0000,0.0000,-13.0000,,,,CHO,0.0000,-13.7453,0.0000,-12.4670,0.0000,0.0000,0.000,-1.038,,0.0,,,,,,,0,,0
0.7976,1790255216.546755,0.0274,0,,,0.000,,,0.0000,0.0000,0.0000,0.0000,0.0000,-13.0000,,,,CHO,0.0000,-13.4571,0.0000,-12.4997,0.0000,0.0000,0.000,-1.196,,0.0,,,,,,,0,,0
0.8180,1790255216.567119,0.0204,0,,,0.000,,,0.0000,0.0000,0.0000,0.0000,0.0000,-13.0000,,,,CHO,0.0000,-13.2550,0.0000,-12.5255,0.0000,0.0000,0.000,-1.264,,0.0,,,,,,,0,,0
0.8384,1790255216.587596,0.0204,0,,,0.000,,,0.0000,0.0000,0.0000,0.0000,0.0000,-13.0000,,,,CHO,0.0000,-13.0681,0.0000,-12.5518,0.0000,0.0000,0.000,-1.289,,0.0,,,,,,,0,,0
0.8585,1790255216.607483,0.0201,0,,,0.000,,,0.0000,0.0000,0.0000,0.0000,0.0000,-13.0000,,,,CHO,0.0000,-12.9026,0.0000,-12.5775,0.0000,0.0000,0.000,-1.277,,0.0,,,,,,,0,,0
0.8790,1790255216.628348,0.0206,0,,,0.000,,,0.0000,0.0000,0.0000,0.0000,0.0000,-13.0000,,,,CHO,0.0000,-12.7864,0.0000,-12.6016,0.0000,0.0000,0.000,-1.176,,0.0,,,,,,,0,,0
0.8995,1790255216.648555,0.0205,0,,,0.000,,,0.0000,0.0000,0.0000,0.0000,0.0000,-13.0000,,,,CHO,0.0000,-12.7068,0.0000,-12.6229,0.0000,0.0000,0.000,-1.036,,0.0,,,,,,,0,,0
0.9206,1790255216.674638,0.0210,0,,,0.000,,,0.0000,0.0000,0.0000,0.0000,0.0000,-13.0000,,,,CHO,0.0000,-12.6511,0.0000,-12.6414,0.0000,0.0000,0.000,-0.883,,0.0,,,,,,,0,,0
0.9408,1790255216.689712,0.0202,0,,,0.000,,,0.0000,0.0000,0.0000,0.0000,0.0000,-13.0000,,,,CHO,0.0000,-12.6142,0.0000,-12.6564,0.0000,0.0000,0.000,-0.741,,0.0,,,,,,,0,,0
0.9617,1790255216.710996,0.0209,0,,,0.000,,,0.0000,0.0000,0.0000,0.0000,0.0000,-13.0000,,,,CHO,0.0000,-12.5881,0.0000,-12.6692,0.0000,0.0000,0.000,-0.609,,0.0,,,,,,,0,,0
0.9979,1790255216.745525,0.0362,0,,,0.000,,,0.0000,0.0000,0.0000,0.0000,0.0000,-13.0000,,,,CHO,0.0000,-12.5631,0.0000,-12.6848,0.0000,0.0000,0.000,-0.431,,0.0,,,,,,,0,,0
1.0196,1790255216.767030,0.0217,0,,,0.000,,,0.0000,0.0000,0.0000,0.0000,0.0000,-13.0000,,,,CHO,0.0000,-12.5530,0.0000,-12.6922,0.0000,0.0000,0.000,-0.342,,0.0,,,,,,,0,,0
1.0421,1790255216.791245,0.0224,0,,,0.000,,,0.0000,0.0000,0.0000,0.0000,0.0000,-13.0000,,,,CHO,0.0000,-12.5824,0.0000,-12.6968,0.0000,0.0000,0.000,-0.207,,0.0,,,,,,,0,,0
1.0632,1790255216.812048,0.0211,0,,,0.000,,,0.0000,0.0000,0.0000,0.0000,0.0000,-13.0000,,,,CHO,0.0000,-12.6013,0.0000,-12.6995,0.0000,0.0000,0.000,-0.125,,0.0,,,,,,,0,,0
1.0847,1790255216.832912,0.0215,0,,,0.000,,,0.0000,0.0000,0.0000,0.0000,0.0000,-13.0000,,,,CHO,0.0000,-12.6143,0.0000,-12.7010,0.0000,0.0000,0.000,-0.072,,0.0,,,,,,,0,,0
1.1051,1790255216.854177,0.0204,0,,,0.000,,,0.0000,0.0000,0.0000,0.0000,0.0000,-13.0000,,,,CHO,0.0000,-12.6227,0.0000,-12.7019,0.0000,0.0000,0.000,-0.041,,0.0,,,,,,,0,,0
1.1295,1790255216.878477,0.0244,0,,,0.000,,,0.0000,0.0000,0.0000,0.0000,0.0000,-13.0000,,,,CHO,0.0000,-12.6293,0.0000,-12.7023,0.0000,0.0000,0.000,-0.019,,0.0,,,,,,,0,,0
1.1636,1790255216.912750,0.0342,0,,,0.000,,,0.0000,0.0000,0.0000,0.0000,0.0000,-13.0000,,,,CHO,0.0000,-12.6345,0.0000,-12.7025,0.0000,0.0000,0.000,-0.005,,0.0,,,,,,,0,,0
1.1851,1790255216.934175,0.0215,0,,,0.000,,,0.0000,0.0000,0.0000,0.0000,0.0000,-13.0000,,,,CHO,0.0000,-12.6368,0.0000,-12.7025,0.0000,0.0000,0.000,0.000,,0.0,,,,,,,0,,0
1.2119,1790255216.961040,0.0267,0,,,0.000,,,0.0000,0.0000,0.0000,0.0000,0.0000,-13.0000,,,,CHO,0.0000,-12.6385,0.0000,-12.7024,0.0000,0.0000,0.000,0.003,,0.0,,,,,,,0,,0
1.2436,1790255216.992742,0.0318,0,,,0.000,,,0.0000,0.0000,0.0000,0.0000,0.0000,-13.0000,,,,CHO,0.0000,-12.6397,0.0000,-12.7023,0.0000,0.0000,0.000,0.004,,0.0,,,,,,,0,,0
1.2643,1790255217.011495,0.0207,0,,,0.000,,,0.0000,0.0000,0.0000,0.0000,0.0000,-13.0000,,,,CHO,0.0000,-12.6403,0.0000,-12.7022,0.0000,0.0000,0.000,0.004,,0.0,,,,,,,0,,0
1.2882,1790255217.037471,0.0239,0,,,0.000,,,0.0000,0.0000,0.0000,0.0000,0.0000,-13.0000,,,,CHO,0.0000,-12.6407,0.0000,-12.7021,0.0000,0.0000,0.000,0.004,,0.0,,,,,,,0,,0
1.3088,1790255217.058001,0.0207,0,,,0.000,,,0.0000,0.0000,0.0000,0.0000,0.0000,-13.0000,,,,CHO,0.0000,-12.6409,0.0000,-12.7020,0.0000,0.0000,0.000,0.003,,0.0,,,,,,,0,,0
1.3293,1790255217.078478,0.0205,0,,,0.000,,,0.0000,0.0000,0.0000,0.0000,0.0000,-13.0000,,,,CHO,0.0000,-12.6411,0.0000,-12.7020,0.0000,0.0000,0.000,0.003,,0.0,,,,,,,0,,0
1.3498,1790255217.098962,0.0205,0,,,0.000,,,0.0000,0.0000,0.0000,0.0000,0.0000,-13.0000,,,,CHO,0.0000,-12.6412,0.0000,-12.7019,0.0000,0.0000,0.000,0.002,,0.0,,,,,,,0,,0
1.3699,1790255217.119107,0.0201,0,,,0.000,,,0.0000,0.0000,0.0000,0.0000,0.0000,-13.0000,,,,CHO,0.0000,-12.6413,0.0000,-12.7019,0.0000,0.0000,0.000,0.002,,0.0,,,,,,,0,,0
1.3949,1790255217.144186,0.0250,0,,,0.000,,,0.0000,0.0000,0.0000,0.0000,0.0000,-13.0000,,,,CHO,0.0000,-12.6413,0.0000,-12.7019,0.0000,0.0000,0.000,0.001,,0.0,,,,,,,0,,0
1.4171,1790255217.165478,0.0223,0,,,0.000,,,0.0000,0.0000,0.0000,0.0000,0.0000,-13.0000,,,,CHO,0.0000,-12.6414,0.0000,-12.7018,0.0000,0.0000,0.000,0.001,,0.0,,,,,,,0,,0
1.4372,1790255217.184578,0.0200,0,,,0.000,,,0.0000,0.0000,0.0000,0.0000,0.0000,-13.0000,,,,CHO,0.0000,-12.6414,0.0000,-12.7018,0.0000,0.0000,0.000,0.001,,0.0,,,,,,,0,,0
1.4575,1790255217.206703,0.0204,0,,,0.000,,,0.0000,0.0000,0.0000,0.0000,0.0000,-13.0000,,,,CHO,0.0000,-12.6414,0.0000,-12.7018,0.0000,0.0000,0.000,0.001,,0.0,,,,,,,0,,0
1.4778,1790255217.227027,0.0202,0,,,0.000,,,0.0000,0.0000,0.0000,0.0000,0.0000,-13.0000,,,,CHO,0.0000,-12.6414,0.0000,-12.7018,0.0000,0.0000,0.000,0.001,,0.0,,,,,,,0,,0
1.4980,1790255217.247242,0.0202,0,,,0.000,,,0.0000,0.0000,0.0000,0.0000,0.0000,-13.0000,,,,CHO,0.0000,-12.6414,0.0000,-12.7018,0.0000,0.0000,0.000,0.000,,0.0,,,,,,,0,,0
1.5184,1790255217.267671,0.0204,0,,,0.000,,,0.0000,0.0000,0.0000,0.0000,0.0000,-13.0000,,,,CHO,0.0000,-12.6414,0.0000,-12.7018,0.0000,0.0000,0.000,0.000,,0.0,,,,,,,0,,0
1.5387,1790255217.287999,0.0203,0,,,0.000,,,0.0000,0.0000,0.0000,0.0000,0.0000,-13.0000,,,,CHO,0.0000,-12.6414,0.0000,-12.7018,0.0000,0.0000,0.000,0.000,,0.0,,,,,,,0,,0
1.5590,1790255217.308248,0.0203,0,,,0.000,,,0.0000,0.0000,0.0000,0.0000,0.0000,-13.0000,,,,CHO,0.0000,-12.6414,0.0000,-12.7018,0.0000,0.0000,0.000,0.000,,0.0,,,,,,,0,,0
1.5793,1790255217.328563,0.0203,0,,,0.000,,,0.0000,0.0000,0.0000,0.0000,0.0000,-13.0000,,,,CHO,0.0000,-12.6414,0.0000,-12.7018,0.0000,0.0000,0.000,0.000,,0.0,,,,,,,0,,0
1.6001,1790255217.349236,0.0207,0,,,0.000,,,0.0000,0.0000,0.0000,0.0000,0.0000,-13.0000,,,,CHO,0.0000,-12.6414,0.0000,-12.7018,0.0000,0.0000,0.000,0.000,,0.0,,,,,,,0,,0
1.6204,1790255217.369653,0.0203,0,,,0.000,,,0.0000,0.0000,0.0000,0.0000,0.0000,-13.0000,,,,CHO,0.0000,-12.6414,0.0000,-12.7018,0.0000,0.0000,0.000,0.000,,0.0,,,,,,,0,,0
1.6406,1790255217.389777,0.0202,0,,,0.000,,,0.0000,0.0000,0.0000,0.0000,0.0000,-13.0000,,,,CHO,0.0000,-12.6414,0.0000,-12.7018,0.0000,0.0000,0.000,0.000,,0.0,,,,,,,0,,0
1.6609,1790255217.409983,0.0203,0,,,0.000,,,0.0000,0.0000,0.0000,0.0000,0.0000,-13.0000,,,,CHO,0.0000,-12.6414,0.0000,-12.7018,0.0000,0.0000,0.000,0.000,,0.0,,,,,,,0,,0
1.6813,1790255217.430558,0.0204,0,,,0.000,,,0.0000,0.0000,0.0000,0.0000,0.0000,-13.0000,,,,CHO,0.0000,-12.6414,0.0000,-12.7018,0.0000,0.0000,0.000,0.000,,0.0,,,,,,,0,,0
1.7017,1790255217.450983,0.0204,0,,,0.000,,,0.0000,0.0000,0.0000,0.0000,0.0000,-13.0000,,,,CHO,0.0000,-12.6414,0.0000,-12.7018,0.0000,0.0000,0.000,0.000,,0.0,,,,,,,0,,0
1.7221,1790255217.471352,0.0204,0,,,0.000,,,0.0000,0.0000,0.0000,0.0000,0.0000,-13.0000,,,,CHO,0.0000,-12.6414,0.0000,-12.7018,0.0000,0.0000,0.000,0.000,,0.0,,,,,,,0,,0
1.7426,1790255217.491790,0.0205,0,,,0.000,,,0.0000,0.0000,0.0000,0.0000,0.0000,-13.0000,,,,CHO,0.0000,-12.6414,0.0000,-12.7018,0.0000,0.0000,0.000,0.000,,0.0,,,,,,,0,,0
1.7628,1790255217.512008,0.0202,0,,,0.000,,,0.0000,0.0000,0.0000,0.0000,0.0000,-13.0000,,,,CHO,0.0000,-12.6414,0.0000,-12.7018,0.0000,0.0000,0.000,0.000,,0.0,,,,,,,0,,0
1.7829,1790255217.532144,0.0201,0,,,0.000,,,0.0000,0.0000,0.0000,0.0000,0.0000,-13.0000,,,,CHO,0.0000,-12.6414,0.0000,-12.7018,0.0000,0.0000,0.000,0.000,,0.0,,,,,,,0,,0
1.8034,1790255217.552640,0.0205,0,,,0.000,,,0.0000,0.0000,0.0000,0.0000,0.0000,-13.0000,,,,CHO,0.0000,-12.6414,0.0000,-12.7018,0.0000,0.0000,0.000,0.000,,0.0,,,,,,,0,,0
1.8236,1790255217.572830,0.0202,0,,,0.000,,,0.0000,0.0000,0.0000,0.0000,0.0000,-13.0000,,,,CHO,0.0000,-12.6414,0.0000,-12.7018,0.0000,0.0000,0.000,0.000,,0.0,,,,,,,0,,0
1.8440,1790255217.593291,0.0205,0,,,0.000,,,0.0000,0.0000,0.0000,0.0000,0.0000,-13.0000,,,,CHO,0.0000,-12.6414,0.0000,-12.7018,0.0000,0.0000,0.000,0.000,,0.0,,,,,,,0,,0
1.8644,1790255217.613640,0.0204,0,,,0.000,,,0.0000,0.0000,0.0000,0.0000,0.0000,-13.0000,,,,CHO,0.0000,-12.6414,0.0000,-12.7018,0.0000,0.0000,0.000,0.000,,0.0,,,,,,,0,,0
1.8857,1790255217.634913,0.0213,0,,,0.000,,,0.0000,0.0000,0.0000,0.0000,0.0000,-13.0000,,,,CHO,0.0000,-12.6414,0.0000,-12.7018,0.0000,0.0000,0.000,0.000,,0.0,,,,,,,0,,0
1.9057,1790255217.654947,0.0200,0,,,0.000,,,0.0000,0.0000,0.0000,0.0000,0.0000,-13.0000,,,,CHO,0.0000,-12.6414,0.0000,-12.7018,0.0000,0.0000,0.000,0.000,,0.0,,,,,,,0,,0
1.9262,1790255217.675403,0.0205,0,,,0.000,,,0.0000,0.0000,0.0000,0.0000,0.0000,-13.0000,,,,CHO,0.0000,-12.6414,0.0000,-12.7018,0.0000,0.0000,0.000,0.000,,0.0,,,,,,,0,,0
1.9466,1790255217.695731,0.0204,0,,,0.000,,,0.0000,0.0000,0.0000,0.0000,0.0000,-13.0000,,,,CHO,0.0000,-12.6414,0.0000,-12.7018,0.0000,0.0000,0.000,0.000,,0.0,,,,,,,0,,0
1.9670,1790255217.716248,0.0204,0,,,0.000,,,0.0000,0.0000,0.0000,0.0000,0.0000,-13.0000,,,,CHO,0.0000,-12.6414,0.0000,-12.7018,0.0000,0.0000,0.000,0.000,,0.0,,,,,,,0,,0
1.9874,1790255217.736595,0.0204,0,,,0.000,,,0.0000,0.0000,0.0000,0.0000,0.0000,-13.0000,,,,CHO,0.0000,-12.6414,0.0000,-12.7018,0.0000,0.0000,0.000,0.000,,0.0,,,,,,,0,,0
2.0076,1790255217.756899,0.0203,0,,,0.000,,,0.0000,0.0000,0.0000,0.0000,0.0000,-13.0000,,,,CHO,0.0000,-12.6414,0.0000,-12.7018,0.0000,0.0000,0.000,0.000,,0.0,,,,,,,0,,0
2.0279,1790255217.777111,0.0202,0,,,0.000,,,0.0000,0.0000,0.0000,0.0000,0.0000,-13.0000,,,,CHO,0.0000,-12.6414,0.0000,-12.7018,0.0000,0.0000,0.000,0.000,,0.0,,,,,,,0,,0
2.0483,1790255217.797577,0.0205,0,,,0.000,,,0.0000,0.0000,0.0000,0.0000,0.0000,-13.0000,,,,CHO,0.0000,-12.6414,0.0000,-12.7018,0.0000,0.0000,0.000,0.000,,0.0,,,,,,,0,,0
2.0686,1790255217.817811,0.0202,0,,,0.000,,,0.0000,0.0000,0.0000,0.0000,0.0000,-13.0000,,,,CHO,0.0000,-12.6414,0.0000,-12.7018,0.0000,0.0000,0.000,0.000,,0.0,,,,,,,0,,0
2.0887,1790255217.837970,0.0201,0,,,0.000,,,0.0000,0.0000,0.0000,0.0000,0.0000,-13.0000,,,,CHO,0.0000,-12.6414,0.0000,-12.7018,0.0000,0.0000,0.000,0.000,,0.0,,,,,,,0,,0
2.1091,1790255217.858333,0.0204,0,,,0.000,,,0.0000,0.0000,0.0000,0.0000,0.0000,-13.0000,,,,CHO,0.0000,-12.6414,0.0000,-12.7018,0.0000,0.0000,0.000,0.000,,0.0,,,,,,,0,,0
2.1294,1790255217.878536,0.0203,0,,,0.000,,,0.0000,0.0000,0.0000,0.0000,0.0000,-13.0000,,,,CHO,0.0000,-12.6414,0.0000,-12.7018,0.0000,0.0000,0.000,0.000,,0.0,,,,,,,0,,0
2.1496,1790255217.898829,0.0203,0,,,0.000,,,0.0000,0.0000,0.0000,0.0000,0.0000,-13.0000,,,,CHO,0.0000,-12.6414,0.0000,-12.7018,0.0000,0.0000,0.000,0.000,,0.0,,,,,,,0,,0
2.1700,1790255217.919239,0.0204,0,,,0.000,,,0.0000,0.0000,0.0000,0.0000,0.0000,-13.0000,,,,CHO,0.0000,-12.6414,0.0000,-12.7018,0.0000,0.0000,0.000,0.000,,0.0,,,,,,,0,,0
2.1906,1790255217.939911,0.0207,0,,,0.000,,,0.0000,0.0000,0.0000,0.0000,0.0000,-13.0000,,,,CHO,0.0000,-12.6414,0.0000,-12.7018,0.0000,0.0000,0.000,0.000,,0.0,,,,,,,0,,0
2.2109,1790255217.960114,0.0202,0,,,0.000,,,0.0000,0.0000,0.0000,0.0000,0.0000,-13.0000,,,,CHO,0.0000,-12.6414,0.0000,-12.7018,0.0000,0.0000,0.000,0.000,,0.0,,,,,,,0,,0
2.2310,1790255217.980262,0.0202,0,,,0.000,,,0.0000,0.0000,0.0000,0.0000,0.0000,-13.0000,,,,CHO,0.0000,-12.6414,0.0000,-12.7018,0.0000,0.0000,0.000,0.000,,0.0,,,,,,,0,,0
2.2512,1790255218.000461,0.0202,0,,,0.000,,,0.0000,0.0000,0.0000,0.0000,0.0000,-13.0000,,,,CHO,0.0000,-12.6414,0.0000,-12.7018,0.0000,0.0000,0.000,0.000,,0.0,,,,,,,0,,0
2.2713,1790255218.020480,0.0201,0,,,0.000,,,0.0000,0.0000,0.0000,0.0000,0.0000,-13.0000,,,,CHO,0.0000,-12.6414,0.0000,-12.7018,0.0000,0.0000,0.000,0.000,,0.0,,,,,,,0,,0
2.2914,1790255218.040627,0.0201,0,,,0.000,,,0.0000,0.0000,0.0000,0.0000,0.0000,-13.0000,,,,CHO,0.0000,-12.6414,0.0000,-12.7018,0.0000,0.0000,0.000,0.000,,0.0,,,,,,,0,,0
2.3118,1790255218.061039,0.0204,0,,,0.000,,,0.0000,0.0000,0.0000,0.0000,0.0000,-13.0000,,,,CHO,0.0000,-12.6414,0.0000,-12.7018,0.0000,0.0000,0.000,0.000,,0.0,,,,,,,0,,0
2.3322,1790255218.081483,0.0205,0,,,0.000,,,0.0000,0.0000,0.0000,0.0000,0.0000,-13.0000,,,,CHO,0.0000,-12.6414,0.0000,-12.7018,0.0000,0.0000,0.000,0.000,,0.0,,,,,,,0,,0
2.3525,1790255218.101734,0.0203,0,,,0.000,,,0.0000,0.0000,0.0000,0.0000,0.0000,-13.0000,,,,CHO,0.0000,-12.6414,0.0000,-12.7018,0.0000,0.0000,0.000,0.000,,0.0,,,,,,,0,,0
2.3729,1790255218.122121,0.0204,0,,,0.000,,,0.0000,0.0000,0.0000,0.0000,0.0000,-13.0000,,,,CHO,0.0000,-12.6414,0.0000,-12.7018,0.0000,0.0000,0.000,0.000,,0.0,,,,,,,0,,0
2.3934,1790255218.142658,0.0205,0,,,0.000,,,0.0000,0.0000,0.0000,0.0000,0.0000,-13.0000,,,,CHO,0.0000,-12.6414,0.0000,-12.7018,0.0000,0.0000,0.000,0.000,,0.0,,,,,,,0,,0
2.4358,1790255218.185062,0.0424,0,,,0.000,,,0.0000,0.0000,0.0000,0.0000,0.0000,-13.0000,,,,CHO,0.0000,-12.6414,0.0000,-12.7018,0.0000,0.0000,0.000,0.000,,0.0,,,,,,,0,,0
2.4564,1790255218.205535,0.0205,0,,,0.000,,,0.0000,0.0000,0.0000,0.0000,0.0000,-13.0000,,,,CHO,0.0000,-12.6414,0.0000,-12.7018,0.0000,0.0000,0.000,0.000,,0.0,,,,,,,0,,0
2.4768,1790255218.225937,0.0204,0,,,0.000,,,0.0000,0.0000,0.0000,0.0000,0.0000,-13.0000,,,,CHO,0.0000,-12.6414,0.0000,-12.7018,0.0000,0.0000,0.000,0.000,,0.0,,,,,,,0,,0
2.4971,1790255218.246198,0.0203,0,,,0.000,,,0.0000,0.0000,0.0000,0.0000,0.0000,-13.0000,,,,CHO,0.0000,-12.6414,0.0000,-12.7018,0.0000,0.0000,0.000,0.000,,0.0,,,,,,,0,,0
2.5172,1790255218.266336,0.0201,0,,,0.000,,,0.0000,0.0000,0.0000,0.0000,0.0000,-13.0000,,,,CHO,0.0000,-12.6414,0.0000,-12.7018,0.0000,0.0000,0.000,0.000,,0.0,,,,,,,0,,0
2.5373,1790255218.286481,0.0201,0,,,0.000,,,0.0000,0.0000,0.0000,0.0000,0.0000,-13.0000,,,,CHO,0.0000,-12.6414,0.0000,-12.7018,0.0000,0.0000,0.000,0.000,,0.0,,,,,,,0,,0
2.5577,1790255218.306916,0.0204,0,,,0.000,,,0.0000,0.0000,0.0000,0.0000,0.0000,-13.0000,,,,CHO,0.0000,-12.6414,0.0000,-12.7018,0.0000,0.0000,0.000,0.000,,0.0,,,,,,,0,,0
2.5783,1790255218.327418,0.0206,0,,,0.000,,,0.0000,0.0000,0.0000,0.0000,0.0000,-13.0000,,,,CHO,0.0000,-12.6414,0.0000,-12.7018,0.0000,0.0000,0.000,0.000,,0.0,,,,,,,0,,0
2.5983,1790255218.347531,0.0200,0,,,0.000,,,0.0000,0.0000,0.0000,0.0000,0.0000,-13.0000,,,,CHO,0.0000,-12.6414,0.0000,-12.7018,0.0000,0.0000,0.000,0.000,,0.0,,,,,,,0,,0
2.6185,1790255218.367670,0.0202,0,,,0.000,,,0.0000,0.0000,0.0000,0.0000,0.0000,-13.0000,,,,CHO,0.0000,-12.6414,0.0000,-12.7018,0.0000,0.0000,0.000,0.000,,0.0,,,,,,,0,,0
2.6390,1790255218.388140,0.0205,0,,,0.000,,,0.0000,0.0000,0.0000,0.0000,0.0000,-13.0000,,,,CHO,0.0000,-12.6414,0.0000,-12.7018,0.0000,0.0000,0.000,0.000,,0.0,,,,,,,0,,0
2.6590,1790255218.408109,0.0200,0,,,0.000,,,0.0000,0.0000,0.0000,0.0000,0.0000,-13.0000,,,,CHO,0.0000,-12.6414,0.0000,-12.7018,0.0000,0.0000,0.000,0.000,,0.0,,,,,,,0,,0
2.6795,1790255218.428705,0.0205,0,,,0.000,,,0.0000,0.0000,0.0000,0.0000,0.0000,-13.0000,,,,CHO,0.0000,-12.6414,0.0000,-12.7018,0.0000,0.0000,0.000,0.000,,0.0,,,,,,,0,,0
2.6999,1790255218.449126,0.0205,0,,,0.000,,,0.0000,0.0000,0.0000,0.0000,0.0000,-13.0000,,,,CHO,0.0000,-12.6414,0.0000,-12.7018,0.0000,0.0000,0.000,0.000,,0.0,,,,,,,0,,0
2.7204,1790255218.469538,0.0205,0,,,0.000,,,0.0000,0.0000,0.0000,0.0000,0.0000,-13.0000,,,,CHO,0.0000,-12.6414,0.0000,-12.7018,0.0000,0.0000,0.000,0.000,,0.0,,,,,,,0,,0
2.7407,1790255218.489934,0.0203,0,,,0.000,,,0.0000,0.0000,0.0000,0.0000,0.0000,-13.0000,,,,CHO,0.0000,-12.6414,0.0000,-12.7018,0.0000,0.0000,0.000,0.000,,0.0,,,,,,,0,,0
2.7610,1790255218.510229,0.0203,0,,,0.000,,,0.0000,0.0000,0.0000,0.0000,0.0000,-13.0000,,,,CHO,0.0000,-12.6414,0.0000,-12.7018,0.0000,0.0000,0.000,0.000,,0.0,,,,,,,0,,0
2.7815,1790255218.530655,0.0205,0,,,0.000,,,0.0000,0.0000,0.0000,0.0000,0.0000,-13.0000,,,,CHO,0.0000,-12.6414,0.0000,-12.7018,0.0000,0.0000,0.000,0.000,,0.0,,,,,,,0,,0
2.8018,1790255218.551071,0.0204,0,,,0.000,,,0.0000,0.0000,0.0000,0.0000,0.0000,-13.0000,,,,CHO,0.0000,-12.6414,0.0000,-12.7018,0.0000,0.0000,0.000,0.000,,0.0,,,,,,,0,,0
2.8223,1790255218.571432,0.0205,0,,,0.000,,,0.0000,0.0000,0.0000,0.0000,0.0000,-13.0000,,,,CHO,0.0000,-12.6414,0.0000,-12.7018,0.0000,0.0000,0.000,0.000,,0.0,,,,,,,0,,0
2.8425,1790255218.591772,0.0203,0,,,0.000,,,0.0000,0.0000,0.0000,0.0000,0.0000,-13.0000,,,,CHO,0.0000,-12.6414,0.0000,-12.7018,0.0000,0.0000,0.000,0.000,,0.0,,,,,,,0,,0
2.8626,1790255218.611832,0.0201,0,,,0.000,,,0.0000,0.0000,0.0000,0.0000,0.0000,-13.0000,,,,CHO,0.0000,-12.6414,0.0000,-12.7018,0.0000,0.0000,0.000,0.000,,0.0,,,,,,,0,,0
2.8831,1790255218.632353,0.0205,0,,,0.000,,,0.0000,0.0000,0.0000,0.0000,0.0000,-13.0000,,,,CHO,0.0000,-12.6414,0.0000,-12.7018,0.0000,0.0000,0.000,0.000,,0.0,,,,,,,0,,0
2.9032,1790255218.652227,0.0200,0,,,0.000,,,0.0000,0.0000,0.0000,0.0000,0.0000,-13.0000,,,,CHO,0.0000,-12.6414,0.0000,-12.7018,0.0000,0.0000,0.000,0.000,,0.0,,,,,,,0,,0
2.9240,1790255218.673064,0.0209,0,,,0.000,,,0.0000,0.0000,0.0000,0.0000,0.0000,-13.0000,,,,CHO,0.0000,-12.6414,0.0000,-12.7018,0.0000,0.0000,0.000,0.000,,0.0,,,,,,,0,,0
2.9445,1790255218.693619,0.0204,0,,,0.000,,,0.0000,0.0000,0.0000,0.0000,0.0000,-13.0000,,,,CHO,0.0000,-12.6414,0.0000,-12.7018,0.0000,0.0000,0.000,0.000,,0.0,,,,,,,0,,0
2.9651,1790255218.714348,0.0207,0,,,0.000,,,0.0000,0.0000,0.0000,0.0000,0.0000,-13.0000,,,,CHO,0.0000,-12.6414,0.0000,-12.7018,0.0000,0.0000,0.000,0.000,,0.0,,,,,,,0,,0
2.9856,1790255218.734845,0.0205,0,,,0.000,,,0.0000,0.0000,0.0000,0.0000,0.0000,-13.0000,,,,CHO,0.0000,-12.6414,0.0000,-12.7018,0.0000,0.0000,0.000,0.000,,0.0,,,,,,,0,,0
3.0059,1790255218.755212,0.0203,0,,,0.000,,,0.0000,0.0000,0.0000,0.0000,0.0000,-13.0000,,,,CHO,0.0000,-12.6414,0.0000,-12.7018,0.0000,0.0000,0.000,0.000,,0.0,,,,,,,0,,0
3.0263,1790255218.775451,0.0203,0,,,0.000,,,0.0000,0.0000,0.0000,0.0000,0.0000,-13.0000,,,,CHO,0.0000,-12.6414,0.0000,-12.7018,0.0000,0.0000,0.000,0.000,,0.0,,,,,,,0,,0
3.0464,1790255218.795528,0.0201,0,,,0.000,,,0.0000,0.0000,0.0000,0.0000,0.0000,-13.0000,,,,CHO,0.0000,-12.6414,0.0000,-12.7018,0.0000,0.0000,0.000,0.000,,0.0,,,,,,,0,,0
3.0664,1790255218.815549,0.0200,0,,,0.000,,,0.0000,0.0000,0.0000,0.0000,0.0000,-13.0000,,,,CHO,0.0000,-12.6414,0.0000,-12.7018,0.0000,0.0000,0.000,0.000,,0.0,,,,,,,0,,0
3.0868,1790255218.836004,0.0204,0,,,0.000,,,0.0000,0.0000,0.0000,0.0000,0.0000,-13.0000,,,,CHO,0.0000,-12.6414,0.0000,-12.7018,0.0000,0.0000,0.000,0.000,,0.0,,,,,,,0,,0
3.1071,1790255218.856308,0.0203,0,,,0.000,,,0.0000,0.0000,0.0000,0.0000,0.0000,-13.0000,,,,CHO,0.0000,-12.6414,0.0000,-12.7018,0.0000,0.0000,0.000,0.000,,0.0,,,,,,,0,,0
3.1275,1790255218.876740,0.0204,0,,,0.000,,,0.0000,0.0000,0.0000,0.0000,0.0000,-13.0000,,,,CHO,0.0000,-12.6414,0.0000,-12.7018,0.0000,0.0000,0.000,0.000,,0.0,,,,,,,0,,0
3.1481,1790255218.897250,0.0206,0,,,0.000,,,0.0000,0.0000,0.0000,0.0000,0.0000,-13.0000,,,,CHO,0.0000,-12.6414,0.0000,-12.7018,0.0000,0.0000,0.000,0.000,,0.0,,,,,,,0,,0
3.1685,1790255218.917700,0.0203,0,,,0.000,,,0.0000,0.0000,0.0000,0.0000,0.0000,-13.0000,,,,CHO,0.0000,-12.6414,0.0000,-12.7018,0.0000,0.0000,0.000,0.000,,0.0,,,,,,,0,,0
3.1889,1790255218.938098,0.0204,0,,,0.000,,,0.0000,0.0000,0.0000,0.0000,0.0000,-13.0000,,,,CHO,0.0000,-12.6414,0.0000,-12.7018,0.0000,0.0000,0.000,0.000,,0.0,,,,,,,0,,0
3.2092,1790255218.958431,0.0203,0,,,0.000,,,0.0000,0.0000,0.0000,0.0000,0.0000,-13.0000,,,,CHO,0.0000,-12.6414,0.0000,-12.7018,0.0000,0.0000,0.000,0.000,,0.0,,,,,,,0,,0
3.2292,1790255218.978439,0.0200,0,,,0.000,,,0.0000,0.0000,0.0000,0.0000,0.0000,-13.0000,,,,CHO,0.0000,-12.6414,0.0000,-12.7018,0.0000,0.0000,0.000,0.000,,0.0,,,,,,,0,,0
3.2493,1790255218.998450,0.0200,0,,,0.000,,,0.0000,0.0000,0.0000,0.0000,0.0000,-13.0000,,,,CHO,0.0000,-12.6414,0.0000,-12.7018,0.0000,0.0000,0.000,0.000,,0.0,,,,,,,0,,0
3.2695,1790255219.018796,0.0203,0,,,0.000,,,0.0000,0.0000,0.0000,0.0000,0.0000,-13.0000,,,,CHO,0.0000,-12.6414,0.0000,-12.7018,0.0000,0.0000,0.000,0.000,,0.0,,,,,,,0,,0
3.2901,1790255219.039267,0.0205,0,,,0.000,,,0.0000,0.0000,0.0000,0.0000,0.0000,-13.0000,,,,CHO,0.0000,-12.6414,0.0000,-12.7018,0.0000,0.0000,0.000,0.000,,0.0,,,,,,,0,,0
3.3102,1790255219.059398,0.0201,0,,,0.000,,,0.0000,0.0000,0.0000,0.0000,0.0000,-13.0000,,,,CHO,0.0000,-12.6414,0.0000,-12.7018,0.0000,0.0000,0.000,0.000,,0.0,,,,,,,0,,0
3.3305,1790255219.079668,0.0204,0,,,0.000,,,0.0000,0.0000,0.0000,0.0000,0.0000,-13.0000,,,,CHO,0.0000,-12.6414,0.0000,-12.7018,0.0000,0.0000,0.000,0.000,,0.0,,,,,,,0,,0
3.3507,1790255219.099898,0.0202,0,,,0.000,,,0.0000,0.0000,0.0000,0.0000,0.0000,-13.0000,,,,CHO,0.0000,-12.6414,0.0000,-12.7018,0.0000,0.0000,0.000,0.000,,0.0,,,,,,,0,,0
3.3708,1790255219.119949,0.0200,0,,,0.000,,,0.0000,0.0000,0.0000,0.0000,0.0000,-13.0000,,,,CHO,0.0000,-12.6414,0.0000,-12.7018,0.0000,0.0000,0.000,0.000,,0.0,,,,,,,0,,0
3.3911,1790255219.140361,0.0204,0,,,0.000,,,0.0000,0.0000,0.0000,0.0000,0.0000,-13.0000,,,,CHO,0.0000,-12.6414,0.0000,-12.7018,0.0000,0.0000,0.000,0.000,,0.0,,,,,,,0,,0
3.4112,1790255219.160458,0.0201,0,,,0.000,,,0.0000,0.0000,0.0000,0.0000,0.0000,-13.0000,,,,CHO,0.0000,-12.6414,0.0000,-12.7018,0.0000,0.0000,0.000,0.000,,0.0,,,,,,,0,,0
3.4314,1790255219.180594,0.0201,0,,,0.000,,,0.0000,0.0000,0.0000,0.0000,0.0000,-13.0000,,,,CHO,0.0000,-12.6414,0.0000,-12.7018,0.0000,0.0000,0.000,0.000,,0.0,,,,,,,0,,0
3.4516,1790255219.200874,0.0203,0,,,0.000,,,0.0000,0.0000,0.0000,0.0000,0.0000,-13.0000,,,,CHO,0.0000,-12.6414,0.0000,-12.7018,0.0000,0.0000,0.000,0.000,,0.0,,,,,,,0,,0
3.4719,1790255219.221150,0.0203,0,,,0.000,,,0.0000,0.0000,0.0000,0.0000,0.0000,-13.0000,,,,CHO,0.0000,-12.6414,0.0000,-12.7018,0.0000,0.0000,0.000,0.000,,0.0,,,,,,,0,,0
3.4929,1790255219.242149,0.0210,0,,,0.000,,,0.0000,0.0000,0.0000,0.0000,0.0000,-13.0000,,,,CHO,0.0000,-12.6414,0.0000,-12.7018,0.0000,0.0000,0.000,0.000,,0.0,,,,,,,0,,0
3.5131,1790255219.262293,0.0202,0,,,0.000,,,0.0000,0.0000,0.0000,0.0000,0.0000,-13.0000,,,,CHO,0.0000,-12.6414,0.0000,-12.7018,0.0000,0.0000,0.000,0.000,,0.0,,,,,,,0,,0
3.5334,1790255219.282432,0.0203,0,,,0.000,,,0.0000,0.0000,0.0000,0.0000,0.0000,-13.0000,,,,CHO,0.0000,-12.6414,0.0000,-12.7018,0.0000,0.0000,0.000,0.000,,0.0,,,,,,,0,,0
3.5535,1790255219.302678,0.0201,0,,,0.000,,,0.0000,0.0000,0.0000,0.0000,0.0000,-13.0000,,,,CHO,0.0000,-12.6414,0.0000,-12.7018,0.0000,0.0000,0.000,0.000,,0.0,,,,,,,0,,0
3.5740,1790255219.323213,0.0206,0,,,0.000,,,0.0000,0.0000,0.0000,0.0000,0.0000,-13.0000,,,,CHO,0.0000,-12.6414,0.0000,-12.7018,0.0000,0.0000,0.000,0.000,,0.0,,,,,,,0,,0
3.5945,1790255219.343681,0.0204,0,,,0.000,,,0.0000,0.0000,0.0000,0.0000,0.0000,-13.0000,,,,CHO,0.0000,-12.6414,0.0000,-12.7018,0.0000,0.0000,0.000,0.000,,0.0,,,,,,,0,,0
3.6145,1790255219.363699,0.0200,0,,,0.000,,,0.0000,0.0000,0.0000,0.0000,0.0000,-13.0000,,,,CHO,0.0000,-12.6414,0.0000,-12.7018,0.0000,0.0000,0.000,0.000,,0.0,,,,,,,0,,0
3.6347,1790255219.383883,0.0203,0,,,0.000,,,0.0000,0.0000,0.0000,0.0000,0.0000,-13.0000,,,,CHO,0.0000,-12.6414,0.0000,-12.7018,0.0000,0.0000,0.000,0.000,,0.0,,,,,,,0,,0
3.6549,1790255219.404059,0.0201,0,,,0.000,,,0.0000,0.0000,0.0000,0.0000,0.0000,-13.0000,,,,CHO,0.0000,-12.6414,0.0000,-12.7018,0.0000,0.0000,0.000,0.000,,0.0,,,,,,,0,,0
3.6750,1790255219.424154,0.0202,0,,,0.000,,,0.0000,0.0000,0.0000,0.0000,0.0000,-13.0000,,,,CHO,0.0000,-12.6414,0.0000,-12.7018,0.0000,0.0000,0.000,0.000,,0.0,,,,,,,0,,0
3.6952,1790255219.444350,0.0201,0,,,0.000,,,0.0000,0.0000,0.0000,0.0000,0.0000,-13.0000,,,,CHO,0.0000,-12.6414,0.0000,-12.7018,0.0000,0.0000,0.000,0.000,,0.0,,,,,,,0,,0
3.7154,1790255219.464520,0.0202,0,,,0.000,,,0.0000,0.0000,0.0000,0.0000,0.0000,-13.0000,,,,CHO,0.0000,-12.6414,0.0000,-12.7018,0.0000,0.0000,0.000,0.000,,0.0,,,,,,,0,,0
3.7358,1790255219.484968,0.0204,0,,,0.000,,,0.0000,0.0000,0.0000,0.0000,0.0000,-13.0000,,,,CHO,0.0000,-12.6414,0.0000,-12.7018,0.0000,0.0000,0.000,0.000,,0.0,,,,,,,0,,0
3.7559,1790255219.505203,0.0201,0,,,0.000,,,0.0000,0.0000,0.0000,0.0000,0.0000,-13.0000,,,,CHO,0.0000,-12.6414,0.0000,-12.7018,0.0000,0.0000,0.000,0.000,,0.0,,,,,,,0,,0
3.7761,1790255219.525292,0.0201,0,,,0.000,,,0.0000,0.0000,0.0000,0.0000,0.0000,-13.0000,,,,CHO,0.0000,-12.6414,0.0000,-12.7018,0.0000,0.0000,0.000,0.000,,0.0,,,,,,,0,,0
3.7961,1790255219.545360,0.0200,0,,,0.000,,,0.0000,0.0000,0.0000,0.0000,0.0000,-13.0000,,,,CHO,0.0000,-12.6414,0.0000,-12.7018,0.0000,0.0000,0.000,0.000,,0.0,,,,,,,0,,0
3.8165,1790255219.565800,0.0204,0,,,0.000,,,0.0000,0.0000,0.0000,0.0000,0.0000,-13.0000,,,,CHO,0.0000,-12.6414,0.0000,-12.7018,0.0000,0.0000,0.000,0.000,,0.0,,,,,,,0,,0
3.8367,1790255219.585867,0.0202,0,,,0.000,,,0.0000,0.0000,0.0000,0.0000,0.0000,-13.0000,,,,CHO,0.0000,-12.6414,0.0000,-12.7018,0.0000,0.0000,0.000,0.000,,0.0,,,,,,,0,,0
3.8573,1790255219.606449,0.0206,0,,,0.000,,,0.0000,0.0000,0.0000,0.0000,0.0000,-13.0000,,,,CHO,0.0000,-12.6414,0.0000,-12.7018,0.0000,0.0000,0.000,0.000,,0.0,,,,,,,0,,0
3.8775,1790255219.626714,0.0202,0,,,0.000,,,0.0000,0.0000,0.0000,0.0000,0.0000,-13.0000,,,,CHO,0.0000,-12.6414,0.0000,-12.7018,0.0000,0.0000,0.000,0.000,,0.0,,,,,,,0,,0
3.8975,1790255219.646643,0.0200,0,,,0.000,,,0.0000,0.0000,0.0000,0.0000,0.0000,-13.0000,,,,CHO,0.0000,-12.6414,0.0000,-12.7018,0.0000,0.0000,0.000,0.000,,0.0,,,,,,,0,,0
3.9177,1790255219.667006,0.0203,0,,,0.000,,,0.0000,0.0000,0.0000,0.0000,0.0000,-13.0000,,,,CHO,0.0000,-12.6414,0.0000,-12.7018,0.0000,0.0000,0.000,0.000,,0.0,,,,,,,0,,0
3.9378,1790255219.686986,0.0201,0,,,0.000,,,0.0000,0.0000,0.0000,0.0000,0.0000,-13.0000,,,,CHO,0.0000,-12.6414,0.0000,-12.7018,0.0000,0.0000,0.000,0.000,,0.0,,,,,,,0,,0
3.9583,1790255219.707480,0.0205,0,,,0.000,,,0.0000,0.0000,0.0000,0.0000,0.0000,-13.0000,,,,CHO,0.0000,-12.6414,0.0000,-12.7018,0.0000,0.0000,0.000,0.000,,0.0,,,,,,,0,,0
3.9783,1790255219.727536,0.0200,0,,,0.000,,,0.0000,0.0000,0.0000,0.0000,0.0000,-13.0000,,,,CHO,0.0000,-12.6414,0.0000,-12.7018,0.0000,0.0000,0.000,0.000,,0.0,,,,,,,0,,0
3.9984,1790255219.747516,0.0200,0,,,0.000,,,0.0000,0.0000,0.0000,0.0000,0.0000,-13.0000,,,,CHO,0.0000,-12.6414,0.0000,-12.7018,0.0000,0.0000,0.000,0.000,,0.0,,,,,,,0,,0
4.0186,1790255219.767887,0.0203,0,,,0.000,,,0.0000,0.0000,0.0000,0.0000,0.0000,-13.0000,,,,CHO,0.0000,-12.6414,0.0000,-12.7018,0.0000,0.0000,0.000,0.000,,0.0,,,,,,,0,,0
4.0390,1790255219.788183,0.0204,0,,,0.000,,,0.0000,0.0000,0.0000,0.0000,0.0000,-13.0000,,,,CHO,0.0000,-12.6414,0.0000,-12.7018,0.0000,0.0000,0.000,0.000,,0.0,,,,,,,0,,0
4.0595,1790255219.808644,0.0205,0,,,0.000,,,0.0000,0.0000,0.0000,0.0000,0.0000,-13.0000,,,,CHO,0.0000,-12.6414,0.0000,-12.7018,0.0000,0.0000,0.000,0.000,,0.0,,,,,,,0,,0
4.0799,1790255219.829097,0.0205,0,,,0.000,,,0.0000,0.0000,0.0000,0.0000,0.0000,-13.0000,,,,CHO,0.0000,-12.6414,0.0000,-12.7018,0.0000,0.0000,0.000,0.000,,0.0,,,,,,,0,,0
4.1006,1790255219.849838,0.0207,0,,,0.000,,,0.0000,0.0000,0.0000,0.0000,0.0000,-13.0000,,,,CHO,0.0000,-12.6414,0.0000,-12.7018,0.0000,0.0000,0.000,0.000,,0.0,,,,,,,0,,0
4.1207,1790255219.869944,0.0201,0,,,0.000,,,0.0000,0.0000,0.0000,0.0000,0.0000,-13.0000,,,,CHO,0.0000,-12.6414,0.0000,-12.7018,0.0000,0.0000,0.000,0.000,,0.0,,,,,,,0,,0
4.1408,1790255219.890018,0.0201,0,,,0.000,,,0.0000,0.0000,0.0000,0.0000,0.0000,-13.0000,,,,CHO,0.0000,-12.6414,0.0000,-12.7018,0.0000,0.0000,0.000,0.000,,0.0,,,,,,,0,,0
4.1612,1790255219.910443,0.0204,0,,,0.000,,,0.0000,0.0000,0.0000,0.0000,0.0000,-13.0000,,,,CHO,0.0000,-12.6414,0.0000,-12.7018,0.0000,0.0000,0.000,0.000,,0.0,,,,,,,0,,0
4.1813,1790255219.930582,0.0201,0,,,0.000,,,0.0000,0.0000,0.0000,0.0000,0.0000,-13.0000,,,,CHO,0.0000,-12.6414,0.0000,-12.7018,0.0000,0.0000,0.000,0.000,,0.0,,,,,,,0,,0
4.2017,1790255219.950807,0.0204,0,,,0.000,,,0.0000,0.0000,0.0000,0.0000,0.0000,-13.0000,,,,CHO,0.0000,-12.6414,0.0000,-12.7018,0.0000,0.0000,0.000,0.000,,0.0,,,,,,,0,,0
4.2225,1790255219.971663,0.0208,0,,,0.000,,,0.0000,0.0000,0.0000,0.0000,0.0000,-13.0000,,,,CHO,0.0000,-12.6414,0.0000,-12.7018,0.0000,0.0000,0.000,0.000,,0.0,,,,,,,0,,0
4.2426,1790255219.991752,0.0200,0,,,0.000,,,0.0000,0.0000,0.0000,0.0000,0.0000,-13.0000,,,,CHO,0.0000,-12.6414,0.0000,-12.7018,0.0000,0.0000,0.000,0.000,,0.0,,,,,,,0,,0
4.2629,1790255220.012048,0.0203,0,,,0.000,,,0.0000,0.0000,0.0000,0.0000,0.0000,-13.0000,,,,CHO,0.0000,-12.6414,0.0000,-12.7018,0.0000,0.0000,0.000,0.000,,0.0,,,,,,,0,,0
4.2830,1790255220.032034,0.0201,0,,,0.000,,,0.0000,0.0000,0.0000,0.0000,0.0000,-13.0000,,,,CHO,0.0000,-12.6414,0.0000,-12.7018,0.0000,0.0000,0.000,0.000,,0.0,,,,,,,0,,0
4.3035,1790255220.052552,0.0204,0,,,0.000,,,0.0000,0.0000,0.0000,0.0000,0.0000,-13.0000,,,,CHO,0.0000,-12.6414,0.0000,-12.7018,0.0000,0.0000,0.000,0.000,,0.0,,,,,,,0,,0
4.3242,1790255220.073855,0.0208,0,,,0.000,,,0.0000,0.0000,0.0000,0.0000,0.0000,-13.0000,,,,CHO,0.0000,-12.6414,0.0000,-12.7018,0.0000,0.0000,0.000,0.000,,0.0,,,,,,,0,,0
4.3444,1790255220.093398,0.0201,0,,,0.000,,,0.0000,0.0000,0.0000,0.0000,0.0000,-13.0000,,,,CHO,0.0000,-12.6414,0.0000,-12.7018,0.0000,0.0000,0.000,0.000,,0.0,,,,,,,0,,0
4.3650,1790255220.114228,0.0206,0,,,0.000,,,0.0000,0.0000,0.0000,0.0000,0.0000,-13.0000,,,,CHO,0.0000,-12.6414,0.0000,-12.7018,0.0000,0.0000,0.000,0.000,,0.0,,,,,,,0,,0
4.3856,1790255220.134809,0.0206,0,,,0.000,,,0.0000,0.0000,0.0000,0.0000,0.0000,-13.0000,,,,CHO,0.0000,-12.6414,0.0000,-12.7018,0.0000,0.0000,0.000,0.000,,0.0,,,,,,,0,,0
4.4056,1790255220.154742,0.0201,0,,,0.000,,,0.0000,0.0000,0.0000,0.0000,0.0000,-13.0000,,,,CHO,0.0000,-12.6414,0.0000,-12.7018,0.0000,0.0000,0.000,0.000,,0.0,,,,,,,0,,0
4.4257,1790255220.174844,0.0201,0,,,0.000,,,0.0000,0.0000,0.0000,0.0000,0.0000,-13.0000,,,,CHO,0.0000,-12.6414,0.0000,-12.7018,0.0000,0.0000,0.000,0.000,,0.0,,,,,,,0,,0
4.4458,1790255220.195020,0.0201,0,,,0.000,,,0.0000,0.0000,0.0000,0.0000,0.0000,-13.0000,,,,CHO,0.0000,-12.6414,0.0000,-12.7018,0.0000,0.0000,0.000,0.000,,0.0,,,,,,,0,,0
4.4661,1790255220.215383,0.0203,0,,,0.000,,,0.0000,0.0000,0.0000,0.0000,0.0000,-13.0000,,,,CHO,0.0000,-12.6414,0.0000,-12.7018,0.0000,0.0000,0.000,0.000,,0.0,,,,,,,0,,0
4.4867,1790255220.235801,0.0205,0,,,0.000,,,0.0000,0.0000,0.0000,0.0000,0.0000,-13.0000,,,,CHO,0.0000,-12.6414,0.0000,-12.7018,0.0000,0.0000,0.000,0.000,,0.0,,,,,,,0,,0
4.5072,1790255220.256351,0.0205,0,,,0.000,,,0.0000,0.0000,0.0000,0.0000,0.0000,-13.0000,,,,CHO,0.0000,-12.6414,0.0000,-12.7018,0.0000,0.0000,0.000,0.000,,0.0,,,,,,,0,,0
4.5275,1790255220.276763,0.0204,0,,,0.000,,,0.0000,0.0000,0.0000,0.0000,0.0000,-13.0000,,,,CHO,0.0000,-12.6414,0.0000,-12.7018,0.0000,0.0000,0.000,0.000,,0.0,,,,,,,0,,0
4.5480,1790255220.297193,0.0205,0,,,0.000,,,0.0000,0.0000,0.0000,0.0000,0.0000,-13.0000,,,,CHO,0.0000,-12.6414,0.0000,-12.7018,0.0000,0.0000,0.000,0.000,,0.0,,,,,,,0,,0
4.5686,1790255220.317777,0.0206,0,,,0.000,,,0.0000,0.0000,0.0000,0.0000,0.0000,-13.0000,,,,CHO,0.0000,-12.6414,0.0000,-12.7018,0.0000,0.0000,0.000,0.000,,0.0,,,,,,,0,,0
4.5887,1790255220.337851,0.0201,0,,,0.000,,,0.0000,0.0000,0.0000,0.0000,0.0000,-13.0000,,,,CHO,0.0000,-12.6414,0.0000,-12.7018,0.0000,0.0000,0.000,0.000,,0.0,,,,,,,0,,0
4.6095,1790255220.358564,0.0208,0,,,0.000,,,0.0000,0.0000,0.0000,0.0000,0.0000,-13.0000,,,,CHO,0.0000,-12.6414,0.0000,-12.7018,0.0000,0.0000,0.000,0.000,,0.0,,,,,,,0,,0
4.6298,1790255220.379027,0.0203,0,,,0.000,,,0.0000,0.0000,0.0000,0.0000,0.0000,-13.0000,,,,CHO,0.0000,-12.6414,0.0000,-12.7018,0.0000,0.0000,0.000,0.000,,0.0,,,,,,,0,,0
4.6501,1790255220.399240,0.0202,0,,,0.000,,,0.0000,0.0000,0.0000,0.0000,0.0000,-13.0000,,,,CHO,0.0000,-12.6414,0.0000,-12.7018,0.0000,0.0000,0.000,0.000,,0.0,,,,,,,0,,0
4.6705,1790255220.419677,0.0204,0,,,0.000,,,0.0000,0.0000,0.0000,0.0000,0.0000,-13.0000,,,,CHO,0.0000,-12.6414,0.0000,-12.7018,0.0000,0.0000,0.000,0.000,,0.0,,,,,,,0,,0
4.6905,1790255220.439620,0.0200,0,,,0.000,,,0.0000,0.0000,0.0000,0.0000,0.0000,-13.0000,,,,CHO,0.0000,-12.6414,0.0000,-12.7018,0.0000,0.0000,0.000,0.000,,0.0,,,,,,,0,,0
4.7109,1790255220.460077,0.0204,0,,,0.000,,,0.0000,0.0000,0.0000,0.0000,0.0000,-13.0000,,,,CHO,0.0000,-12.6414,0.0000,-12.7018,0.0000,0.0000,0.000,0.000,,0.0,,,,,,,0,,0
4.7317,1790255220.480847,0.0208,0,,,0.000,,,0.0000,0.0000,0.0000,0.0000,0.0000,-13.0000,,,,CHO,0.0000,-12.6414,0.0000,-12.7018,0.0000,0.0000,0.000,0.000,,0.0,,,,,,,0,,0
4.7518,1790255220.500978,0.0201,0,,,0.000,,,0.0000,0.0000,0.0000,0.0000,0.0000,-13.0000,,,,CHO,0.0000,-12.6414,0.0000,-12.7018,0.0000,0.0000,0.000,0.000,,0.0,,,,,,,0,,0
4.7719,1790255220.521146,0.0201,0,,,0.000,,,0.0000,0.0000,0.0000,0.0000,0.0000,-13.0000,,,,CHO,0.0000,-12.6414,0.0000,-12.7018,0.0000,0.0000,0.000,0.000,,0.0,,,,,,,0,,0
4.7921,1790255220.541275,0.0202,0,,,0.000,,,0.0000,0.0000,0.0000,0.0000,0.0000,-13.0000,,,,CHO,0.0000,-12.6414,0.0000,-12.7018,0.0000,0.0000,0.000,0.000,,0.0,,,,,,,0,,0
4.8122,1790255220.561409,0.0201,0,,,0.000,,,0.0000,0.0000,0.0000,0.0000,0.0000,-13.0000,,,,CHO,0.0000,-12.6414,0.0000,-12.7018,0.0000,0.0000,0.000,0.000,,0.0,,,,,,,0,,0
4.8328,1790255220.581959,0.0206,0,,,0.000,,,0.0000,0.0000,0.0000,0.0000,0.0000,-13.0000,,,,CHO,0.0000,-12.6414,0.0000,-12.7018,0.0000,0.0000,0.000,0.000,,0.0,,,,,,,0,,0
4.8533,1790255220.602475,0.0205,0,,,0.000,,,0.0000,0.0000,0.0000,0.0000,0.0000,-13.0000,,,,CHO,0.0000,-12.6414,0.0000,-12.7018,0.0000,0.0000,0.000,0.000,,0.0,,,,,,,0,,0
4.8738,1790255220.622948,0.0206,0,,,0.000,,,0.0000,0.0000,0.0000,0.0000,0.0000,-13.0000,,,,CHO,0.0000,-12.6414,0.0000,-12.7018,0.0000,0.0000,0.000,0.000,,0.0,,,,,,,0,,0
4.8946,1790255220.643722,0.0208,0,,,0.000,,,0.0000,0.0000,0.0000,0.0000,0.0000,-13.0000,,,,CHO,0.0000,-12.6414,0.0000,-12.7018,0.0000,0.0000,0.000,0.000,,0.0,,,,,,,0,,0
4.9152,1790255220.664408,0.0206,0,,,0.000,,,0.0000,0.0000,0.0000,0.0000,0.0000,-13.0000,,,,CHO,0.0000,-12.6414,0.0000,-12.7018,0.0000,0.0000,0.000,0.000,,0.0,,,,,,,0,,0
4.9355,1790255220.684708,0.0203,0,,,0.000,,,0.0000,0.0000,0.0000,0.0000,0.0000,-13.0000,,,,CHO,0.0000,-12.6414,0.0000,-12.7018,0.0000,0.0000,0.000,0.000,,0.0,,,,,,,0,,0
4.9559,1790255220.705156,0.0205,0,,,0.000,,,0.0000,0.0000,0.0000,0.0000,0.0000,-13.0000,,,,CHO,0.0000,-12.6414,0.0000,-12.7018,0.0000,0.0000,0.000,0.000,,0.0,,,,,,,0,,0
4.9763,1790255220.725447,0.0203,0,,,0.000,,,0.0000,0.0000,0.0000,0.0000,0.0000,-13.0000,,,,CHO,0.0000,-12.6414,0.0000,-12.7018,0.0000,0.0000,0.000,0.000,,0.0,,,,,,,0,,0
4.9964,1790255220.745475,0.0201,0,,,0.000,,,0.0000,0.0000,0.0000,0.0000,0.0000,-13.0000,,,,CHO,0.0000,-12.6414,0.0000,-12.7018,0.0000,0.0000,0.000,0.000,,0.0,,,,,,,0,,0
5.0165,1790255220.765613,0.0201,0,,,0.000,,,0.0000,0.0000,0.0000,0.0000,0.0000,-13.0000,,,,CHO,0.0000,-12.6414,0.0000,-12.7018,0.0000,0.0000,0.000,0.000,,0.0,,,,,,,0,,0
5.0367,1790255220.785766,0.0202,0,,,0.000,,,0.0000,0.0000,0.0000,0.0000,0.0000,-13.0000,,,,CHO,0.0000,-12.6414,0.0000,-12.7018,0.0000,0.0000,0.000,0.000,,0.0,,,,,,,0,,0
5.0569,1790255220.805995,0.0202,0,,,0.000,,,0.0000,0.0000,0.0000,0.0000,0.0000,-13.0000,,,,CHO,0.0000,-12.6414,0.0000,-12.7018,0.0000,0.0000,0.000,0.000,,0.0,,,,,,,0,,0
5.0770,1790255220.826099,0.0201,0,,,0.000,,,0.0000,0.0000,0.0000,0.0000,0.0000,-13.0000,,,,CHO,0.0000,-12.6414,0.0000,-12.7018,0.0000,0.0000,0.000,0.000,,0.0,,,,,,,0,,0
5.0977,1790255220.846905,0.0207,0,,,0.000,,,0.0000,0.0000,0.0000,0.0000,0.0000,-13.0000,,,,CHO,0.0000,-12.6414,0.0000,-12.7018,0.0000,0.0000,0.000,0.000,,0.0,,,,,,,0,,0
5.1178,1790255220.866983,0.0201,0,,,0.000,,,0.0000,0.0000,0.0000,0.0000,0.0000,-13.0000,,,,CHO,0.0000,-12.6414,0.0000,-12.7018,0.0000,0.0000,0.000,0.000,,0.0,,,,,,,0,,0
5.1379,1790255220.886883,0.0201,0,,,0.000,,,0.0000,0.0000,0.0000,0.0000,0.0000,-13.0000,,,,CHO,0.0000,-12.6414,0.0000,-12.7018,0.0000,0.0000,0.000,0.000,,0.0,,,,,,,0,,0
5.1582,1790255220.907309,0.0203,0,,,0.000,,,0.0000,0.0000,0.0000,0.0000,0.0000,-13.0000,,,,CHO,0.0000,-12.6414,0.0000,-12.7018,0.0000,0.0000,0.000,0.000,,0.0,,,,,,,0,,0
5.1787,1790255220.927902,0.0205,0,,,0.000,,,0.0000,0.0000,0.0000,0.0000,0.0000,-13.0000,,,,CHO,0.0000,-12.6414,0.0000,-12.7018,0.0000,0.0000,0.000,0.000,,0.0,,,,,,,0,,0
5.1996,1790255220.948618,0.0209,0,,,0.000,,,0.0000,0.0000,0.0000,0.0000,0.0000,-13.0000,,,,CHO,0.0000,-12.6414,0.0000,-12.7018,0.0000,0.0000,0.000,0.000,,0.0,,,,,,,0,,0
5.2201,1790255220.969320,0.0205,0,,,0.000,,,0.0000,0.0000,0.0000,0.0000,0.0000,-13.0000,,,,CHO,0.0000,-12.6414,0.0000,-12.7018,0.0000,0.0000,0.000,0.000,,0.0,,,,,,,0,,0
5.2403,1790255220.989295,0.0202,0,,,0.000,,,0.0000,0.0000,0.0000,0.0000,0.0000,-13.0000,,,,CHO,0.0000,-12.6414,0.0000,-12.7018,0.0000,0.0000,0.000,0.000,,0.0,,,,,,,0,,0
5.2606,1790255221.009821,0.0203,0,,,0.000,,,0.0000,0.0000,0.0000,0.0000,0.0000,-13.0000,,,,CHO,0.0000,-12.6414,0.0000,-12.7018,0.0000,0.0000,0.000,0.000,,0.0,,,,,,,0,,0
5.2813,1790255221.030380,0.0207,0,,,0.000,,,0.0000,0.0000,0.0000,0.0000,0.0000,-13.0000,,,,CHO,0.0000,-12.6414,0.0000,-12.7018,0.0000,0.0000,0.000,0.000,,0.0,,,,,,,0,,0
5.3019,1790255221.051102,0.0205,0,,,0.000,,,0.0000,0.0000,0.0000,0.0000,0.0000,-13.0000,,,,CHO,0.0000,-12.6414,0.0000,-12.7018,0.0000,0.0000,0.000,0.000,,0.0,,,,,,,0,,0
5.3224,1790255221.071661,0.0205,0,,,0.000,,,0.0000,0.0000,0.0000,0.0000,0.0000,-13.0000,,,,CHO,0.0000,-12.6414,0.0000,-12.7018,0.0000,0.0000,0.000,0.000,,0.0,,,,,,,0,,0
5.3427,1790255221.091954,0.0203,0,,,0.000,,,0.0000,0.0000,0.0000,0.0000,0.0000,-13.0000,,,,CHO,0.0000,-12.6414,0.0000,-12.7018,0.0000,0.0000,0.000,0.000,,0.0,,,,,,,0,,0
5.3638,1790255221.113026,0.0211,0,,,0.000,,,0.0000,0.0000,0.0000,0.0000,0.0000,-13.0000,,,,CHO,0.0000,-12.6414,0.0000,-12.7018,0.0000,0.0000,0.000,0.000,,0.0,,,,,,,0,,0
5.3842,1790255221.133337,0.0204,0,,,0.000,,,0.0000,0.0000,0.0000,0.0000,0.0000,-13.0000,,,,CHO,0.0000,-12.6414,0.0000,-12.7018,0.0000,0.0000,0.000,0.000,,0.0,,,,,,,0,,0
5.4050,1790255221.154184,0.0208,0,,,0.000,,,0.0000,0.0000,0.0000,0.0000,0.0000,-13.0000,,,,CHO,0.0000,-12.6414,0.0000,-12.7018,0.0000,0.0000,0.000,0.000,,0.0,,,,,,,0,,0
5.4255,1790255221.174660,0.0205,0,,,0.000,,,0.0000,0.0000,0.0000,0.0000,0.0000,-13.0000,,,,CHO,0.0000,-12.6414,0.0000,-12.7018,0.0000,0.0000,0.000,0.000,,0.0,,,,,,,0,,0
5.4458,1790255221.194966,0.0202,0,,,0.000,,,0.0000,0.0000,0.0000,0.0000,0.0000,-13.0000,,,,CHO,0.0000,-12.6414,0.0000,-12.7018,0.0000,0.0000,0.000,0.000,,0.0,,,,,,,0,,0
5.4662,1790255221.215430,0.0205,0,,,0.000,,,0.0000,0.0000,0.0000,0.0000,0.0000,-13.0000,,,,CHO,0.0000,-12.6414,0.0000,-12.7018,0.0000,0.0000,0.000,0.000,,0.0,,,,,,,0,,0
5.4864,1790255221.235599,0.0202,0,,,0.000,,,0.0000,0.0000,0.0000,0.0000,0.0000,-13.0000,,,,CHO,0.0000,-12.6414,0.0000,-12.7018,0.0000,0.0000,0.000,0.000,,0.0,,,,,,,0,,0
5.5067,1790255221.255948,0.0204,0,,,0.000,,,0.0000,0.0000,0.0000,0.0000,0.0000,-13.0000,,,,CHO,0.0000,-12.6414,0.0000,-12.7018,0.0000,0.0000,0.000,0.000,,0.0,,,,,,,0,,0
5.5271,1790255221.276303,0.0204,0,,,0.000,,,0.0000,0.0000,0.0000,0.0000,0.0000,-13.0000,,,,CHO,0.0000,-12.6414,0.0000,-12.7018,0.0000,0.0000,0.000,0.000,,0.0,,,,,,,0,,0
5.5473,1790255221.296569,0.0202,0,,,0.000,,,0.0000,0.0000,0.0000,0.0000,0.0000,-13.0000,,,,CHO,0.0000,-12.6414,0.0000,-12.7018,0.0000,0.0000,0.000,0.000,,0.0,,,,,,,0,,0
5.5678,1790255221.316951,0.0205,0,,,0.000,,,0.0000,0.0000,0.0000,0.0000,0.0000,-13.0000,,,,CHO,0.0000,-12.6414,0.0000,-12.7018,0.0000,0.0000,0.000,0.000,,0.0,,,,,,,0,,0
5.5884,1790255221.337600,0.0206,0,,,0.000,,,0.0000,0.0000,0.0000,0.0000,0.0000,-13.0000,,,,CHO,0.0000,-12.6414,0.0000,-12.7018,0.0000,0.0000,0.000,0.000,,0.0,,,,,,,0,,0
5.6087,1790255221.357860,0.0203,0,,,0.000,,,0.0000,0.0000,0.0000,0.0000,0.0000,-13.0000,,,,CHO,0.0000,-12.6414,0.0000,-12.7018,0.0000,0.0000,0.000,0.000,,0.0,,,,,,,0,,0
5.6288,1790255221.378058,0.0201,0,,,0.000,,,0.0000,0.0000,0.0000,0.0000,0.0000,-13.0000,,,,CHO,0.0000,-12.6414,0.0000,-12.7018,0.0000,0.0000,0.000,0.000,,0.0,,,,,,,0,,0
5.6495,1790255221.398706,0.0207,0,,,0.000,,,0.0000,0.0000,0.0000,0.0000,0.0000,-13.0000,,,,CHO,0.0000,-12.6414,0.0000,-12.7018,0.0000,0.0000,0.000,0.000,,0.0,,,,,,,0,,0
5.6701,1790255221.419279,0.0206,0,,,0.000,,,0.0000,0.0000,0.0000,0.0000,0.0000,-13.0000,,,,CHO,0.0000,-12.6414,0.0000,-12.7018,0.0000,0.0000,0.000,0.000,,0.0,,,,,,,0,,0
5.6903,1790255221.439281,0.0203,0,,,0.000,,,0.0000,0.0000,0.0000,0.0000,0.0000,-13.0000,,,,CHO,0.0000,-12.6414,0.0000,-12.7018,0.0000,0.0000,0.000,0.000,,0.0,,,,,,,0,,0
5.7108,1790255221.460061,0.0205,0,,,0.000,,,0.0000,0.0000,0.0000,0.0000,0.0000,-13.0000,,,,CHO,0.0000,-12.6414,0.0000,-12.7018,0.0000,0.0000,0.000,0.000,,0.0,,,,,,,0,,0
5.7312,1790255221.480349,0.0203,0,,,0.000,,,0.0000,0.0000,0.0000,0.0000,0.0000,-13.0000,,,,CHO,0.0000,-12.6414,0.0000,-12.7018,0.0000,0.0000,0.000,0.000,,0.0,,,,,,,0,,0
5.7515,1790255221.500572,0.0204,0,,,0.000,,,0.0000,0.0000,0.0000,0.0000,0.0000,-13.0000,,,,CHO,0.0000,-12.6414,0.0000,-12.7018,0.0000,0.0000,0.000,0.000,,0.0,,,,,,,0,,0
5.7720,1790255221.521160,0.0205,0,,,0.000,,,0.0000,0.0000,0.0000,0.0000,0.0000,-13.0000,,,,CHO,0.0000,-12.6414,0.0000,-12.7018,0.0000,0.0000,0.000,0.000,,0.0,,,,,,,0,,0
5.7922,1790255221.541359,0.0202,0,,,0.000,,,0.0000,0.0000,0.0000,0.0000,0.0000,-13.0000,,,,CHO,0.0000,-12.6414,0.0000,-12.7018,0.0000,0.0000,0.000,0.000,,0.0,,,,,,,0,,0
5.8124,1790255221.561495,0.0202,0,,,0.000,,,0.0000,0.0000,0.0000,0.0000,0.0000,-13.0000,,,,CHO,0.0000,-12.6414,0.0000,-12.7018,0.0000,0.0000,0.000,0.000,,0.0,,,,,,,0,,0
5.8329,1790255221.582097,0.0205,0,,,0.000,,,0.0000,0.0000,0.0000,0.0000,0.0000,-13.0000,,,,CHO,0.0000,-12.6414,0.0000,-12.7018,0.0000,0.0000,0.000,0.000,,0.0,,,,,,,0,,0
5.8529,1790255221.602111,0.0200,0,,,0.000,,,0.0000,0.0000,0.0000,0.0000,0.0000,-13.0000,,,,CHO,0.0000,-12.6414,0.0000,-12.7018,0.0000,0.0000,0.000,0.000,,0.0,,,,,,,0,,0
5.8731,1790255221.622380,0.0203,0,,,0.000,,,0.0000,0.0000,0.0000,0.0000,0.0000,-13.0000,,,,CHO,0.0000,-12.6414,0.0000,-12.7018,0.0000,0.0000,0.000,0.000,,0.0,,,,,,,0,,0
5.8934,1790255221.642626,0.0203,0,,,0.000,,,0.0000,0.0000,0.0000,0.0000,0.0000,-13.0000,,,,CHO,0.0000,-12.6414,0.0000,-12.7018,0.0000,0.0000,0.000,0.000,,0.0,,,,,,,0,,0
5.9137,1790255221.662789,0.0202,0,,,0.000,,,0.0000,0.0000,0.0000,0.0000,0.0000,-13.0000,,,,CHO,0.0000,-12.6414,0.0000,-12.7018,0.0000,0.0000,0.000,0.000,,0.0,,,,,,,0,,0
5.9337,1790255221.682711,0.0200,0,,,0.000,,,0.0000,0.0000,0.0000,0.0000,0.0000,-13.0000,,,,CHO,0.0000,-12.6414,0.0000,-12.7018,0.0000,0.0000,0.000,0.000,,0.0,,,,,,,0,,0
5.9545,1790255221.703668,0.0209,0,,,0.000,,,0.0000,0.0000,0.0000,0.0000,0.0000,-13.0000,,,,CHO,0.0000,-12.6414,0.0000,-12.7018,0.0000,0.0000,0.000,0.000,,0.0,,,,,,,0,,0
5.9747,1790255221.723809,0.0201,0,,,0.000,,,0.0000,0.0000,0.0000,0.0000,0.0000,-13.0000,,,,CHO,0.0000,-12.6414,0.0000,-12.7018,0.0000,0.0000,0.000,0.000,,0.0,,,,,,,0,,0
5.9947,1790255221.743916,0.0200,0,,,0.000,,,0.0000,0.0000,0.0000,0.0000,0.0000,-13.0000,,,,CHO,0.0000,-12.6414,0.0000,-12.7018,0.0000,0.0000,0.000,0.000,,0.0,,,,,,,0,,0
6.0152,1790255221.764206,0.0205,0,,,0.000,,,0.0000,0.0000,0.0000,0.0000,0.0000,-13.0000,,,,CHO,0.0000,-12.6414,0.0000,-12.7018,0.0000,0.0000,0.000,0.000,,0.0,,,,,,,0,,0
6.0352,1790255221.784413,0.0200,0,,,0.000,,,0.0000,0.0000,0.0000,0.0000,0.0000,-13.0000,,,,CHO,0.0000,-12.6414,0.0000,-12.7018,0.0000,0.0000,0.000,0.000,,0.0,,,,,,,0,,0
6.0555,1790255221.804621,0.0203,0,,,0.000,,,0.0000,0.0000,0.0000,0.0000,0.0000,-13.0000,,,,CHO,0.0000,-12.6414,0.0000,-12.7018,0.0000,0.0000,0.000,0.000,,0.0,,,,,,,0,,0
6.0757,1790255221.824857,0.0202,0,,,0.000,,,0.0000,0.0000,0.0000,0.0000,0.0000,-13.0000,,,,CHO,0.0000,-12.6414,0.0000,-12.7018,0.0000,0.0000,0.000,0.000,,0.0,,,,,,,0,,0
6.0961,1790255221.845330,0.0204,0,,,0.000,,,0.0000,0.0000,0.0000,0.0000,0.0000,-13.0000,,,,CHO,0.0000,-12.6414,0.0000,-12.7018,0.0000,0.0000,0.000,0.000,,0.0,,,,,,,0,,0
6.1162,1790255221.865346,0.0202,0,,,0.000,,,0.0000,0.0000,0.0000,0.0000,0.0000,-13.0000,,,,CHO,0.0000,-12.6414,0.0000,-12.7018,0.0000,0.0000,0.000,0.000,,0.0,,,,,,,0,,0
6.1368,1790255221.886086,0.0206,0,,,0.000,,,0.0000,0.0000,0.0000,0.0000,0.0000,-13.0000,,,,CHO,0.0000,-12.6414,0.0000,-12.7018,0.0000,0.0000,0.000,0.000,,0.0,,,,,,,0,,0
6.1572,1790255221.906331,0.0204,0,,,0.000,,,0.0000,0.0000,0.0000,0.0000,0.0000,-13.0000,,,,CHO,0.0000,-12.6414,0.0000,-12.7018,0.0000,0.0000,0.000,0.000,,0.0,,,,,,,0,,0
6.1773,1790255221.926453,0.0200,0,,,0.000,,,0.0000,0.0000,0.0000,0.0000,0.0000,-13.0000,,,,CHO,0.0000,-12.6414,0.0000,-12.7018,0.0000,0.0000,0.000,0.000,,0.0,,,,,,,0,,0
6.1973,1790255221.946522,0.0201,0,,,0.000,,,0.0000,0.0000,0.0000,0.0000,0.0000,-13.0000,,,,CHO,0.0000,-12.6414,0.0000,-12.7018,0.0000,0.0000,0.000,0.000,,0.0,,,,,,,0,,0
6.2173,1790255221.966459,0.0200,0,,,0.000,,,0.0000,0.0000,0.0000,0.0000,0.0000,-13.0000,,,,CHO,0.0000,-12.6414,0.0000,-12.7018,0.0000,0.0000,0.000,0.000,,0.0,,,,,,,0,,0
6.2375,1790255221.986634,0.0202,0,,,0.000,,,0.0000,0.0000,0.0000,0.0000,0.0000,-13.0000,,,,CHO,0.0000,-12.6414,0.0000,-12.7018,0.0000,0.0000,0.000,0.000,,0.0,,,,,,,0,,0
6.2575,1790255222.006721,0.0200,0,,,0.000,,,0.0000,0.0000,0.0000,0.0000,0.0000,-13.0000,,,,CHO,0.0000,-12.6414,0.0000,-12.7018,0.0000,0.0000,0.000,0.000,,0.0,,,,,,,0,,0
6.2778,1790255222.027097,0.0203,0,,,0.000,,,0.0000,0.0000,0.0000,0.0000,0.0000,-13.0000,,,,CHO,0.0000,-12.6414,0.0000,-12.7018,0.0000,0.0000,0.000,0.000,,0.0,,,,,,,0,,0
6.2982,1790255222.047274,0.0204,0,,,0.000,,,0.0000,0.0000,0.0000,0.0000,0.0000,-13.0000,,,,CHO,0.0000,-12.6414,0.0000,-12.7018,0.0000,0.0000,0.000,0.000,,0.0,,,,,,,0,,0
6.3183,1790255222.067488,0.0201,0,,,0.000,,,0.0000,0.0000,0.0000,0.0000,0.0000,-13.0000,,,,CHO,0.0000,-12.6414,0.0000,-12.7018,0.0000,0.0000,0.000,0.000,,0.0,,,,,,,0,,0
6.3388,1790255222.088048,0.0205,0,,,0.000,,,0.0000,0.0000,0.0000,0.0000,0.0000,-13.0000,,,,CHO,0.0000,-12.6414,0.0000,-12.7018,0.0000,0.0000,0.000,0.000,,0.0,,,,,,,0,,0
6.3594,1790255222.108536,0.0205,0,,,0.000,,,0.0000,0.0000,0.0000,0.0000,0.0000,-13.0000,,,,CHO,0.0000,-12.6414,0.0000,-12.7018,0.0000,0.0000,0.000,0.000,,0.0,,,,,,,0,,0
6.3801,1790255222.129241,0.0207,0,,,0.000,,,0.0000,0.0000,0.0000,0.0000,0.0000,-13.0000,,,,CHO,0.0000,-12.6414,0.0000,-12.7018,0.0000,0.0000,0.000,0.000,,0.0,,,,,,,0,,0
6.4009,1790255222.150122,0.0208,0,,,0.000,,,0.0000,0.0000,0.0000,0.0000,0.0000,-13.0000,,,,CHO,0.0000,-12.6414,0.0000,-12.7018,0.0000,0.0000,0.000,0.000,,0.0,,,,,,,0,,0
6.4211,1790255222.170358,0.0202,0,,,0.000,,,0.0000,0.0000,0.0000,0.0000,0.0000,-13.0000,,,,CHO,0.0000,-12.6414,0.0000,-12.7018,0.0000,0.0000,0.000,0.000,,0.0,,,,,,,0,,0
6.4413,1790255222.190577,0.0202,0,,,0.000,,,0.0000,0.0000,0.0000,0.0000,0.0000,-13.0000,,,,CHO,0.0000,-12.6414,0.0000,-12.7018,0.0000,0.0000,0.000,0.000,,0.0,,,,,,,0,,0
6.4619,1790255222.211073,0.0205,0,,,0.000,,,0.0000,0.0000,0.0000,0.0000,0.0000,-13.0000,,,,CHO,0.0000,-12.6414,0.0000,-12.7018,0.0000,0.0000,0.000,0.000,,0.0,,,,,,,0,,0
6.4825,1790255222.231713,0.0206,0,,,0.000,,,0.0000,0.0000,0.0000,0.0000,0.0000,-13.0000,,,,CHO,0.0000,-12.6414,0.0000,-12.7018,0.0000,0.0000,0.000,0.000,,0.0,,,,,,,0,,0
6.5032,1790255222.252481,0.0207,0,,,0.000,,,0.0000,0.0000,0.0000,0.0000,0.0000,-13.0000,,,,CHO,0.0000,-12.6414,0.0000,-12.7018,0.0000,0.0000,0.000,0.000,,0.0,,,,,,,0,,0
6.5234,1790255222.272654,0.0202,0,,,0.000,,,0.0000,0.0000,0.0000,0.0000,0.0000,-13.0000,,,,CHO,0.0000,-12.6414,0.0000,-12.7018,0.0000,0.0000,0.000,0.000,,0.0,,,,,,,0,,0
6.5440,1790255222.293129,0.0205,0,,,0.000,,,0.0000,0.0000,0.0000,0.0000,0.0000,-13.0000,,,,CHO,0.0000,-12.6414,0.0000,-12.7018,0.0000,0.0000,0.000,0.000,,0.0,,,,,,,0,,0
6.5642,1790255222.313234,0.0202,0,,,0.000,,,0.0000,0.0000,0.0000,0.0000,0.0000,-13.0000,,,,CHO,0.0000,-12.6414,0.0000,-12.7018,0.0000,0.0000,0.000,0.000,,0.0,,,,,,,0,,0
6.5847,1790255222.333751,0.0205,0,,,0.000,,,0.0000,0.0000,0.0000,0.0000,0.0000,-13.0000,,,,CHO,0.0000,-12.6414,0.0000,-12.7018,0.0000,0.0000,0.000,0.000,,0.0,,,,,,,0,,0
6.6048,1790255222.353944,0.0201,0,,,0.000,,,0.0000,0.0000,0.0000,0.0000,0.0000,-13.0000,,,,CHO,0.0000,-12.6414,0.0000,-12.7018,0.0000,0.0000,0.000,0.000,,0.0,,,,,,,0,,0
6.6253,1790255222.374457,0.0205,0,,,0.000,,,0.0000,0.0000,0.0000,0.0000,0.0000,-13.0000,,,,CHO,0.0000,-12.6414,0.0000,-12.7018,0.0000,0.0000,0.000,0.000,,0.0,,,,,,,0,,0
6.6457,1790255222.394999,0.0205,0,,,0.000,,,0.0000,0.0000,0.0000,0.0000,0.0000,-13.0000,,,,CHO,0.0000,-12.6414,0.0000,-12.7018,0.0000,0.0000,0.000,0.000,,0.0,,,,,,,0,,0
6.6665,1790255222.415678,0.0208,0,,,0.000,,,0.0000,0.0000,0.0000,0.0000,0.0000,-13.0000,,,,CHO,0.0000,-12.6414,0.0000,-12.7018,0.0000,0.0000,0.000,0.000,,0.0,,,,,,,0,,0
6.6867,1790255222.435923,0.0202,0,,,0.000,,,0.0000,0.0000,0.0000,0.0000,0.0000,-13.0000,,,,CHO,0.0000,-12.6414,0.0000,-12.7018,0.0000,0.0000,0.000,0.000,,0.0,,,,,,,0,,0
6.7070,1790255222.456200,0.0203,0,,,0.000,,,0.0000,0.0000,0.0000,0.0000,0.0000,-13.0000,,,,CHO,0.0000,-12.6414,0.0000,-12.7018,0.0000,0.0000,0.000,0.000,,0.0,,,,,,,0,,0
6.7273,1790255222.476336,0.0203,0,,,0.000,,,0.0000,0.0000,0.0000,0.0000,0.0000,-13.0000,,,,CHO,0.0000,-12.6414,0.0000,-12.7018,0.0000,0.0000,0.000,0.000,,0.0,,,,,,,0,,0
6.7475,1790255222.496729,0.0202,0,,,0.000,,,0.0000,0.0000,0.0000,0.0000,0.0000,-13.0000,,,,CHO,0.0000,-12.6414,0.0000,-12.7018,0.0000,0.0000,0.000,0.000,,0.0,,,,,,,0,,0
6.7675,1790255222.516731,0.0200,0,,,0.000,,,0.0000,0.0000,0.0000,0.0000,0.0000,-13.0000,,,,CHO,0.0000,-12.6414,0.0000,-12.7018,0.0000,0.0000,0.000,0.000,,0.0,,,,,,,0,,0
6.7876,1790255222.536880,0.0201,0,,,0.000,,,0.0000,0.0000,0.0000,0.0000,0.0000,-13.0000,,,,CHO,0.0000,-12.6414,0.0000,-12.7018,0.0000,0.0000,0.000,0.000,,0.0,,,,,,,0,,0
6.8079,1790255222.557092,0.0202,0,,,0.000,,,0.0000,0.0000,0.0000,0.0000,0.0000,-13.0000,,,,CHO,0.0000,-12.6414,0.0000,-12.7018,0.0000,0.0000,0.000,0.000,,0.0,,,,,,,0,,0
6.8282,1790255222.577416,0.0203,0,,,0.000,,,0.0000,0.0000,0.0000,0.0000,0.0000,-13.0000,,,,CHO,0.0000,-12.6414,0.0000,-12.7018,0.0000,0.0000,0.000,0.000,,0.0,,,,,,,0,,0
6.8483,1790255222.597535,0.0201,0,,,0.000,,,0.0000,0.0000,0.0000,0.0000,0.0000,-13.0000,,,,CHO,0.0000,-12.6414,0.0000,-12.7018,0.0000,0.0000,0.000,0.000,,0.0,,,,,,,0,,0
6.8684,1790255222.617388,0.0200,0,,,0.000,,,0.0000,0.0000,0.0000,0.0000,0.0000,-13.0000,,,,CHO,0.0000,-12.6414,0.0000,-12.7018,0.0000,0.0000,0.000,0.000,,0.0,,,,,,,0,,0
6.8887,1790255222.637863,0.0203,0,,,0.000,,,0.0000,0.0000,0.0000,0.0000,0.0000,-13.0000,,,,CHO,0.0000,-12.6414,0.0000,-12.7018,0.0000,0.0000,0.000,0.000,,0.0,,,,,,,0,,0
6.9088,1790255222.657958,0.0201,0,,,0.000,,,0.0000,0.0000,0.0000,0.0000,0.0000,-13.0000,,,,CHO,0.0000,-12.6414,0.0000,-12.7018,0.0000,0.0000,0.000,0.000,,0.0,,,,,,,0,,0
6.9288,1790255222.677944,0.0200,0,,,0.000,,,0.0000,0.0000,0.0000,0.0000,0.0000,-13.0000,,,,CHO,0.0000,-12.6414,0.0000,-12.7018,0.0000,0.0000,0.000,0.000,,0.0,,,,,,,0,,0
6.9490,1790255222.698216,0.0202,0,,,0.000,,,0.0000,0.0000,0.0000,0.0000,0.0000,-13.0000,,,,CHO,0.0000,-12.6414,0.0000,-12.7018,0.0000,0.0000,0.000,0.000,,0.0,,,,,,,0,,0
6.9695,1790255222.718708,0.0205,0,,,0.000,,,0.0000,0.0000,0.0000,0.0000,0.0000,-13.0000,,,,CHO,0.0000,-12.6414,0.0000,-12.7018,0.0000,0.0000,0.000,0.000,,0.0,,,,,,,0,,0
6.9899,1790255222.739069,0.0204,0,,,0.000,,,0.0000,0.0000,0.0000,0.0000,0.0000,-13.0000,,,,CHO,0.0000,-12.6414,0.0000,-12.7018,0.0000,0.0000,0.000,0.000,,0.0,,,,,,,0,,0
7.0100,1790255222.759187,0.0201,0,,,0.000,,,0.0000,0.0000,0.0000,0.0000,0.0000,-13.0000,,,,CHO,0.0000,-12.6414,0.0000,-12.7018,0.0000,0.0000,0.000,0.000,,0.0,,,,,,,0,,0
7.0301,1790255222.779366,0.0201,0,,,0.000,,,0.0000,0.0000,0.0000,0.0000,0.0000,-13.0000,,,,CHO,0.0000,-12.6414,0.0000,-12.7018,0.0000,0.0000,0.000,0.000,,0.0,,,,,,,0,,0
7.0504,1790255222.799603,0.0202,0,,,0.000,,,0.0000,0.0000,0.0000,0.0000,0.0000,-13.0000,,,,CHO,0.0000,-12.6414,0.0000,-12.7018,0.0000,0.0000,0.000,0.000,,0.0,,,,,,,0,,0
7.0707,1790255222.819985,0.0204,0,,,0.000,,,0.0000,0.0000,0.0000,0.0000,0.0000,-13.0000,,,,CHO,0.0000,-12.6414,0.0000,-12.7018,0.0000,0.0000,0.000,0.000,,0.0,,,,,,,0,,0
7.0911,1790255222.840258,0.0204,0,,,0.000,,,0.0000,0.0000,0.0000,0.0000,0.0000,-13.0000,,,,CHO,0.0000,-12.6414,0.0000,-12.7018,0.0000,0.0000,0.000,0.000,,0.0,,,,,,,0,,0
7.1115,1790255222.860630,0.0203,0,,,0.000,,,0.0000,0.0000,0.0000,0.0000,0.0000,-13.0000,,,,CHO,0.0000,-12.6414,0.0000,-12.7018,0.0000,0.0000,0.000,0.000,,0.0,,,,,,,0,,0
7.1315,1790255222.880698,0.0200,0,,,0.000,,,0.0000,0.0000,0.0000,0.0000,0.0000,-13.0000,,,,CHO,0.0000,-12.6414,0.0000,-12.7018,0.0000,0.0000,0.000,0.000,,0.0,,,,,,,0,,0
7.1515,1790255222.900683,0.0200,0,,,0.000,,,0.0000,0.0000,0.0000,0.0000,0.0000,-13.0000,,,,CHO,0.0000,-12.6414,0.0000,-12.7018,0.0000,0.0000,0.000,0.000,,0.0,,,,,,,0,,0
7.1716,1790255222.920830,0.0200,0,,,0.000,,,0.0000,0.0000,0.0000,0.0000,0.0000,-13.0000,,,,CHO,0.0000,-12.6414,0.0000,-12.7018,0.0000,0.0000,0.000,0.000,,0.0,,,,,,,0,,0
7.1918,1790255222.941051,0.0202,0,,,0.000,,,0.0000,0.0000,0.0000,0.0000,0.0000,-13.0000,,,,CHO,0.0000,-12.6414,0.0000,-12.7018,0.0000,0.0000,0.000,0.000,,0.0,,,,,,,0,,0
7.2119,1790255222.961147,0.0201,0,,,0.000,,,0.0000,0.0000,0.0000,0.0000,0.0000,-13.0000,,,,CHO,0.0000,-12.6414,0.0000,-12.7018,0.0000,0.0000,0.000,0.000,,0.0,,,,,,,0,,0
7.2319,1790255222.981152,0.0200,0,,,0.000,,,0.0000,0.0000,0.0000,0.0000,0.0000,-13.0000,,,,CHO,0.0000,-12.6414,0.0000,-12.7018,0.0000,0.0000,0.000,0.000,,0.0,,,,,,,0,,0
7.2521,1790255223.001319,0.0202,0,,,0.000,,,0.0000,0.0000,0.0000,0.0000,0.0000,-13.0000,,,,CHO,0.0000,-12.6414,0.0000,-12.7018,0.0000,0.0000,0.000,0.000,,0.0,,,,,,,0,,0
7.2725,1790255223.021697,0.0204,0,,,0.000,,,0.0000,0.0000,0.0000,0.0000,0.0000,-13.0000,,,,CHO,0.0000,-12.6414,0.0000,-12.7018,0.0000,0.0000,0.000,0.000,,0.0,,,,,,,0,,0
7.2926,1790255223.041819,0.0201,0,,,0.000,,,0.0000,0.0000,0.0000,0.0000,0.0000,-13.0000,,,,CHO,0.0000,-12.6414,0.0000,-12.7018,0.0000,0.0000,0.000,0.000,,0.0,,,,,,,0,,0
7.3130,1790255223.062137,0.0204,0,,,0.000,,,0.0000,0.0000,0.0000,0.0000,0.0000,-13.0000,,,,CHO,0.0000,-12.6414,0.0000,-12.7018,0.0000,0.0000,0.000,0.000,,0.0,,,,,,,0,,0
7.3332,1790255223.082354,0.0202,0,,,0.000,,,0.0000,0.0000,0.0000,0.0000,0.0000,-13.0000,,,,CHO,0.0000,-12.6414,0.0000,-12.7018,0.0000,0.0000,0.000,0.000,,0.0,,,,,,,0,,0
7.3533,1790255223.102528,0.0202,0,,,0.000,,,0.0000,0.0000,0.0000,0.0000,0.0000,-13.0000,,,,CHO,0.0000,-12.6414,0.0000,-12.7018,0.0000,0.0000,0.000,0.000,,0.0,,,,,,,0,,0
7.3735,1790255223.122785,0.0202,0,,,0.000,,,0.0000,0.0000,0.0000,0.0000,0.0000,-13.0000,,,,CHO,0.0000,-12.6414,0.0000,-12.7018,0.0000,0.0000,0.000,0.000,,0.0,,,,,,,0,,0
7.3941,1790255223.143288,0.0205,0,,,0.000,,,0.0000,0.0000,0.0000,0.0000,0.0000,-13.0000,,,,CHO,0.0000,-12.6414,0.0000,-12.7018,0.0000,0.0000,0.000,0.000,,0.0,,,,,,,0,,0
7.4147,1790255223.163872,0.0206,0,,,0.000,,,0.0000,0.0000,0.0000,0.0000,0.0000,-13.0000,,,,CHO,0.0000,-12.6414,0.0000,-12.7018,0.0000,0.0000,0.000,0.000,,0.0,,,,,,,0,,0
7.4349,1790255223.184073,0.0202,0,,,0.000,,,0.0000,0.0000,0.0000,0.0000,0.0000,-13.0000,,,,CHO,0.0000,-12.6414,0.0000,-12.7018,0.0000,0.0000,0.000,0.000,,0.0,,,,,,,0,,0
7.4554,1790255223.204660,0.0205,0,,,0.000,,,0.0000,0.0000,0.0000,0.0000,0.0000,-13.0000,,,,CHO,0.0000,-12.6414,0.0000,-12.7018,0.0000,0.0000,0.000,0.000,,0.0,,,,,,,0,,0
7.4756,1790255223.224776,0.0202,0,,,0.000,,,0.0000,0.0000,0.0000,0.0000,0.0000,-13.0000,,,,CHO,0.0000,-12.6414,0.0000,-12.7018,0.0000,0.0000,0.000,0.000,,0.0,,,,,,,0,,0
7.4957,1790255223.244905,0.0201,0,,,0.000,,,0.0000,0.0000,0.0000,0.0000,0.0000,-13.0000,,,,CHO,0.0000,-12.6414,0.0000,-12.7018,0.0000,0.0000,0.000,0.000,,0.0,,,,,,,0,,0
7.5158,1790255223.264947,0.0201,0,,,0.000,,,0.0000,0.0000,0.0000,0.0000,0.0000,-13.0000,,,,CHO,0.0000,-12.6414,0.0000,-12.7018,0.0000,0.0000,0.000,0.000,,0.0,,,,,,,0,,0
7.5359,1790255223.285185,0.0201,0,,,0.000,,,0.0000,0.0000,0.0000,0.0000,0.0000,-13.0000,,,,CHO,0.0000,-12.6414,0.0000,-12.7018,0.0000,0.0000,0.000,0.000,,0.0,,,,,,,0,,0
7.5565,1790255223.305694,0.0206,0,,,0.000,,,0.0000,0.0000,0.0000,0.0000,0.0000,-13.0000,,,,CHO,0.0000,-12.6414,0.0000,-12.7018,0.0000,0.0000,0.000,0.000,,0.0,,,,,,,0,,0
7.5771,1790255223.326325,0.0206,0,,,0.000,,,0.0000,0.0000,0.0000,0.0000,0.0000,-13.0000,,,,CHO,0.0000,-12.6414,0.0000,-12.7018,0.0000,0.0000,0.000,0.000,,0.0,,,,,,,0,,0
7.5973,1790255223.346470,0.0202,0,,,0.000,,,0.0000,0.0000,0.0000,0.0000,0.0000,-13.0000,,,,CHO,0.0000,-12.6414,0.0000,-12.7018,0.0000,0.0000,0.000,0.000,,0.0,,,,,,,0,,0
7.6177,1790255223.366969,0.0204,0,,,0.000,,,0.0000,0.0000,0.0000,0.0000,0.0000,-13.0000,,,,CHO,0.0000,-12.6414,0.0000,-12.7018,0.0000,0.0000,0.000,0.000,,0.0,,,,,,,0,,0
7.6382,1790255223.387409,0.0205,0,,,0.000,,,0.0000,0.0000,0.0000,0.0000,0.0000,-13.0000,,,,CHO,0.0000,-12.6414,0.0000,-12.7018,0.0000,0.0000,0.000,0.000,,0.0,,,,,,,0,,0
7.6585,1790255223.407772,0.0203,0,,,0.000,,,0.0000,0.0000,0.0000,0.0000,0.0000,-13.0000,,,,CHO,0.0000,-12.6414,0.0000,-12.7018,0.0000,0.0000,0.000,0.000,,0.0,,,,,,,0,,0
7.6786,1790255223.427729,0.0200,0,,,0.000,,,0.0000,0.0000,0.0000,0.0000,0.0000,-13.0000,,,,CHO,0.0000,-12.6414,0.0000,-12.7018,0.0000,0.0000,0.000,0.000,,0.0,,,,,,,0,,0
7.6988,1790255223.448080,0.0203,0,,,0.000,,,0.0000,0.0000,0.0000,0.0000,0.0000,-13.0000,,,,CHO,0.0000,-12.6414,0.0000,-12.7018,0.0000,0.0000,0.000,0.000,,0.0,,,,,,,0,,0
7.7188,1790255223.468109,0.0200,0,,,0.000,,,0.0000,0.0000,0.0000,0.0000,0.0000,-13.0000,,,,CHO,0.0000,-12.6414,0.0000,-12.7018,0.0000,0.0000,0.000,0.000,,0.0,,,,,,,0,,0
7.7394,1790255223.488552,0.0205,0,,,0.000,,,0.0000,0.0000,0.0000,0.0000,0.0000,-13.0000,,,,CHO,0.0000,-12.6414,0.0000,-12.7018,0.0000,0.0000,0.000,0.000,,0.0,,,,,,,0,,0
7.7597,1790255223.508907,0.0204,0,,,0.000,,,0.0000,0.0000,0.0000,0.0000,0.0000,-13.0000,,,,CHO,0.0000,-12.6414,0.0000,-12.7018,0.0000,0.0000,0.000,0.000,,0.0,,,,,,,0,,0
7.7802,1790255223.529337,0.0205,0,,,0.000,,,0.0000,0.0000,0.0000,0.0000,0.0000,-13.0000,,,,CHO,0.0000,-12.6414,0.0000,-12.7018,0.0000,0.0000,0.000,0.000,,0.0,,,,,,,0,,0
7.8009,1790255223.549985,0.0207,0,,,0.000,,,0.0000,0.0000,0.0000,0.0000,0.0000,-13.0000,,,,CHO,0.0000,-12.6414,0.0000,-12.7018,0.0000,0.0000,0.000,0.000,,0.0,,,,,,,0,,0
7.8213,1790255223.570454,0.0205,0,,,0.000,,,0.0000,0.0000,0.0000,0.0000,0.0000,-13.0000,,,,CHO,0.0000,-12.6414,0.0000,-12.7018,0.0000,0.0000,0.000,0.000,,0.0,,,,,,,0,,0
7.8416,1790255223.590792,0.0203,0,,,0.000,,,0.0000,0.0000,0.0000,0.0000,0.0000,-13.0000,,,,CHO,0.0000,-12.6414,0.0000,-12.7018,0.0000,0.0000,0.000,0.000,,0.0,,,,,,,0,,0
7.8618,1790255223.610985,0.0202,0,,,0.000,,,0.0000,0.0000,0.0000,0.0000,0.0000,-13.0000,,,,CHO,0.0000,-12.6414,0.0000,-12.7018,0.0000,0.0000,0.000,0.000,,0.0,,,,,,,0,,0
7.8821,1790255223.631140,0.0203,0,,,0.000,,,0.0000,0.0000,0.0000,0.0000,0.0000,-13.0000,,,,CHO,0.0000,-12.6414,0.0000,-12.7018,0.0000,0.0000,0.000,0.000,,0.0,,,,,,,0,,0
7.9024,1790255223.651715,0.0204,0,,,0.000,,,0.0000,0.0000,0.0000,0.0000,0.0000,-13.0000,,,,CHO,0.0000,-12.6414,0.0000,-12.7018,0.0000,0.0000,0.000,0.000,,0.0,,,,,,,0,,0
7.9228,1790255223.672024,0.0203,0,,,0.000,,,0.0000,0.0000,0.0000,0.0000,0.0000,-13.0000,,,,CHO,0.0000,-12.6414,0.0000,-12.7018,0.0000,0.0000,0.000,0.000,,0.0,,,,,,,0,,0
7.9429,1790255223.692128,0.0201,0,,,0.000,,,0.0000,0.0000,0.0000,0.0000,0.0000,-13.0000,,,,CHO,0.0000,-12.6414,0.0000,-12.7018,0.0000,0.0000,0.000,0.000,,0.0,,,,,,,0,,0
7.9634,1790255223.712692,0.0206,0,,,0.000,,,0.0000,0.0000,0.0000,0.0000,0.0000,-13.0000,,,,CHO,0.0000,-12.6414,0.0000,-12.7018,0.0000,0.0000,0.000,0.000,,0.0,,,,,,,0,,0
7.9838,1790255223.732977,0.0204,0,,,0.000,,,0.0000,0.0000,0.0000,0.0000,0.0000,-13.0000,,,,CHO,0.0000,-12.6414,0.0000,-12.7018,0.0000,0.0000,0.000,0.000,,0.0,,,,,,,0,,0
8.0043,1790255223.753400,0.0205,0,,,0.000,,,0.0000,0.0000,0.0000,0.0000,0.0000,-13.0000,,,,CHO,0.0000,-12.6414,0.0000,-12.7018,0.0000,0.0000,0.000,0.000,,0.0,,,,,,,0,,0
8.0245,1790255223.773792,0.0203,0,,,0.000,,,0.0000,0.0000,0.0000,0.0000,0.0000,-13.0000,,,,CHO,0.0000,-12.6414,0.0000,-12.7018,0.0000,0.0000,0.000,0.000,,0.0,,,,,,,0,,0
8.0452,1790255223.794386,0.0206,0,,,0.000,,,0.0000,0.0000,0.0000,0.0000,0.0000,-13.0000,,,,CHO,0.0000,-12.6414,0.0000,-12.7018,0.0000,0.0000,0.000,0.000,,0.0,,,,,,,0,,0
8.0654,1790255223.814551,0.0202,0,,,0.000,,,0.0000,0.0000,0.0000,0.0000,0.0000,-13.0000,,,,CHO,0.0000,-12.6414,0.0000,-12.7018,0.0000,0.0000,0.000,0.000,,0.0,,,,,,,0,,0
8.0856,1790255223.834873,0.0202,0,,,0.000,,,0.0000,0.0000,0.0000,0.0000,0.0000,-13.0000,,,,CHO,0.0000,-12.6414,0.0000,-12.7018,0.0000,0.0000,0.000,0.000,,0.0,,,,,,,0,,0
8.1059,1790255223.855156,0.0203,0,,,0.000,,,0.0000,0.0000,0.0000,0.0000,0.0000,-13.0000,,,,CHO,0.0000,-12.6414,0.0000,-12.7018,0.0000,0.0000,0.000,0.000,,0.0,,,,,,,0,,0
8.1264,1790255223.875687,0.0205,0,,,0.000,,,0.0000,0.0000,0.0000,0.0000,0.0000,-13.0000,,,,CHO,0.0000,-12.6414,0.0000,-12.7018,0.0000,0.0000,0.000,0.000,,0.0,,,,,,,0,,0
8.1465,1790255223.895707,0.0200,0,,,0.000,,,0.0000,0.0000,0.0000,0.0000,0.0000,-13.0000,,,,CHO,0.0000,-12.6414,0.0000,-12.7018,0.0000,0.0000,0.000,0.000,,0.0,,,,,,,0,,0
8.1668,1790255223.916109,0.0204,0,,,0.000,,,0.0000,0.0000,0.0000,0.0000,0.0000,-13.0000,,,,CHO,0.0000,-12.6414,0.0000,-12.7018,0.0000,0.0000,0.000,0.000,,0.0,,,,,,,0,,0
8.1869,1790255223.936139,0.0201,0,,,0.000,,,0.0000,0.0000,0.0000,0.0000,0.0000,-13.0000,,,,CHO,0.0000,-12.6414,0.0000,-12.7018,0.0000,0.0000,0.000,0.000,,0.0,,,,,,,0,,0
8.2071,1790255223.956094,0.0202,0,,,0.000,,,0.0000,0.0000,0.0000,0.0000,0.0000,-13.0000,,,,CHO,0.0000,-12.6414,0.0000,-12.7018,0.0000,0.0000,0.000,0.000,,0.0,,,,,,,0,,0
8.2274,1790255223.976626,0.0203,0,,,0.000,,,0.0000,0.0000,0.0000,0.0000,0.0000,-13.0000,,,,CHO,0.0000,-12.6414,0.0000,-12.7018,0.0000,0.0000,0.000,0.000,,0.0,,,,,,,0,,0
8.2478,1790255223.997021,0.0204,0,,,0.000,,,0.0000,0.0000,0.0000,0.0000,0.0000,-13.0000,,,,CHO,0.0000,-12.6414,0.0000,-12.7018,0.0000,0.0000,0.000,0.000,,0.0,,,,,,,0,,0
8.2682,1790255224.017362,0.0204,0,,,0.000,,,0.0000,0.0000,0.0000,0.0000,0.0000,-13.0000,,,,CHO,0.0000,-12.6414,0.0000,-12.7018,0.0000,0.0000,0.000,0.000,,0.0,,,,,,,0,,0
8.2887,1790255224.037767,0.0205,0,,,0.000,,,0.0000,0.0000,0.0000,0.0000,0.0000,-13.0000,,,,CHO,0.0000,-12.6414,0.0000,-12.7018,0.0000,0.0000,0.000,0.000,,0.0,,,,,,,0,,0
8.3087,1790255224.057915,0.0201,0,,,0.000,,,0.0000,0.0000,0.0000,0.0000,0.0000,-13.0000,,,,CHO,0.0000,-12.6414,0.0000,-12.7018,0.0000,0.0000,0.000,0.000,,0.0,,,,,,,0,,0
8.3289,1790255224.077951,0.0202,0,,,0.000,,,0.0000,0.0000,0.0000,0.0000,0.0000,-13.0000,,,,CHO,0.0000,-12.6414,0.0000,-12.7018,0.0000,0.0000,0.000,0.000,,0.0,,,,,,,0,,0
8.3489,1790255224.098039,0.0200,0,,,0.000,,,0.0000,0.0000,0.0000,0.0000,0.0000,-13.0000,,,,CHO,0.0000,-12.6414,0.0000,-12.7018,0.0000,0.0000,0.000,0.000,,0.0,,,,,,,0,,0
8.3692,1790255224.118228,0.0203,0,,,0.000,,,0.0000,0.0000,0.0000,0.0000,0.0000,-13.0000,,,,CHO,0.0000,-12.6414,0.0000,-12.7018,0.0000,0.0000,0.000,0.000,,0.0,,,,,,,0,,0
8.3893,1790255224.138315,0.0201,0,,,0.000,,,0.0000,0.0000,0.0000,0.0000,0.0000,-13.0000,,,,CHO,0.0000,-12.6414,0.0000,-12.7018,0.0000,0.0000,0.000,0.000,,0.0,,,,,,,0,,0
8.4098,1790255224.159036,0.0206,0,,,0.000,,,0.0000,0.0000,0.0000,0.0000,0.0000,-13.0000,,,,CHO,0.0000,-12.6414,0.0000,-12.7018,0.0000,0.0000,0.000,0.000,,0.0,,,,,,,0,,0
8.4300,1790255224.179125,0.0201,0,,,0.000,,,0.0000,0.0000,0.0000,0.0000,0.0000,-13.0000,,,,CHO,0.0000,-12.6414,0.0000,-12.7018,0.0000,0.0000,0.000,0.000,,0.0,,,,,,,0,,0
8.4503,1790255224.199469,0.0203,0,,,0.000,,,0.0000,0.0000,0.0000,0.0000,0.0000,-13.0000,,,,CHO,0.0000,-12.6414,0.0000,-12.7018,0.0000,0.0000,0.000,0.000,,0.0,,,,,,,0,,0
8.4705,1790255224.219680,0.0202,0,,,0.000,,,0.0000,0.0000,0.0000,0.0000,0.0000,-13.0000,,,,CHO,0.0000,-12.6414,0.0000,-12.7018,0.0000,0.0000,0.000,0.000,,0.0,,,,,,,0,,0
8.4908,1790255224.239892,0.0203,0,,,0.000,,,0.0000,0.0000,0.0000,0.0000,0.0000,-13.0000,,,,CHO,0.0000,-12.6414,0.0000,-12.7018,0.0000,0.0000,0.000,0.000,,0.0,,,,,,,0,,0
8.5111,1790255224.260321,0.0204,0,,,0.000,,,0.0000,0.0000,0.0000,0.0000,0.0000,-13.0000,,,,CHO,0.0000,-12.6414,0.0000,-12.7018,0.0000,0.0000,0.000,0.000,,0.0,,,,,,,0,,0
8.5313,1790255224.280445,0.0202,0,,,0.000,,,0.0000,0.0000,0.0000,0.0000,0.0000,-13.0000,,,,CHO,0.0000,-12.6414,0.0000,-12.7018,0.0000,0.0000,0.000,0.000,,0.0,,,,,,,0,,0
8.5516,1790255224.300807,0.0203,0,,,0.000,,,0.0000,0.0000,0.0000,0.0000,0.0000,-13.0000,,,,CHO,0.0000,-12.6414,0.0000,-12.7018,0.0000,0.0000,0.000,0.000,,0.0,,,,,,,0,,0
8.5721,1790255224.321389,0.0205,0,,,0.000,,,0.0000,0.0000,0.0000,0.0000,0.0000,-13.0000,,,,CHO,0.0000,-12.6414,0.0000,-12.7018,0.0000,0.0000,0.000,0.000,,0.0,,,,,,,0,,0
8.5927,1790255224.341901,0.0205,0,,,0.000,,,0.0000,0.0000,0.0000,0.0000,0.0000,-13.0000,,,,CHO,0.0000,-12.6414,0.0000,-12.7018,0.0000,0.0000,0.000,0.000,,0.0,,,,,,,0,,0
8.6133,1790255224.362460,0.0206,0,,,0.000,,,0.0000,0.0000,0.0000,0.0000,0.0000,-13.0000,,,,CHO,0.0000,-12.6414,0.0000,-12.7018,0.0000,0.0000,0.000,0.000,,0.0,,,,,,,0,,0
8.6340,1790255224.383201,0.0208,0,,,0.000,,,0.0000,0.0000,0.0000,0.0000,0.0000,-13.0000,,,,CHO,0.0000,-12.6414,0.0000,-12.7018,0.0000,0.0000,0.000,0.000,,0.0,,,,,,,0,,0
8.6542,1790255224.403458,0.0202,0,,,0.000,,,0.0000,0.0000,0.0000,0.0000,0.0000,-13.0000,,,,CHO,0.0000,-12.6414,0.0000,-12.7018,0.0000,0.0000,0.000,0.000,,0.0,,,,,,,0,,0
8.6747,1790255224.423866,0.0204,0,,,0.000,,,0.0000,0.0000,0.0000,0.0000,0.0000,-13.0000,,,,CHO,0.0000,-12.6414,0.0000,-12.7018,0.0000,0.0000,0.000,0.000,,0.0,,,,,,,0,,0
8.6948,1790255224.443885,0.0202,0,,,0.000,,,0.0000,0.0000,0.0000,0.0000,0.0000,-13.0000,,,,CHO,0.0000,-12.6414,0.0000,-12.7018,0.0000,0.0000,0.000,0.000,,0.0,,,,,,,0,,0
8.7154,1790255224.464622,0.0206,0,,,0.000,,,0.0000,0.0000,0.0000,0.0000,0.0000,-13.0000,,,,CHO,0.0000,-12.6414,0.0000,-12.7018,0.0000,0.0000,0.000,0.000,,0.0,,,,,,,0,,0
8.7358,1790255224.485094,0.0204,0,,,0.000,,,0.0000,0.0000,0.0000,0.0000,0.0000,-13.0000,,,,CHO,0.0000,-12.6414,0.0000,-12.7018,0.0000,0.0000,0.000,0.000,,0.0,,,,,,,0,,0
8.7560,1790255224.505204,0.0201,0,,,0.000,,,0.0000,0.0000,0.0000,0.0000,0.0000,-13.0000,,,,CHO,0.0000,-12.6414,0.0000,-12.7018,0.0000,0.0000,0.000,0.000,,0.0,,,,,,,0,,0
8.7765,1790255224.525733,0.0205,0,,,0.000,,,0.0000,0.0000,0.0000,0.0000,0.0000,-13.0000,,,,CHO,0.0000,-12.6414,0.0000,-12.7018,0.0000,0.0000,0.000,0.000,,0.0,,,,,,,0,,0
8.7965,1790255224.545742,0.0200,0,,,0.000,,,0.0000,0.0000,0.0000,0.0000,0.0000,-13.0000,,,,CHO,0.0000,-12.6414,0.0000,-12.7018,0.0000,0.0000,0.000,0.000,,0.0,,,,,,,0,,0
8.8168,1790255224.566085,0.0203,0,,,0.000,,,0.0000,0.0000,0.0000,0.0000,0.0000,-13.0000,,,,CHO,0.0000,-12.6414,0.0000,-12.7018,0.0000,0.0000,0.000,0.000,,0.0,,,,,,,0,,0
8.8371,1790255224.586203,0.0202,0,,,0.000,,,0.0000,0.0000,0.0000,0.0000,0.0000,-13.0000,,,,CHO,0.0000,-12.6414,0.0000,-12.7018,0.0000,0.0000,0.000,0.000,,0.0,,,,,,,0,,0
8.8571,1790255224.606327,0.0200,0,,,0.000,,,0.0000,0.0000,0.0000,0.0000,0.0000,-13.0000,,,,CHO,0.0000,-12.6414,0.0000,-12.7018,0.0000,0.0000,0.000,0.000,,0.0,,,,,,,0,,0
8.8776,1790255224.626813,0.0205,0,,,0.000,,,0.0000,0.0000,0.0000,0.0000,0.0000,-13.0000,,,,CHO,0.0000,-12.6414,0.0000,-12.7018,0.0000,0.0000,0.000,0.000,,0.0,,,,,,,0,,0
8.8981,1790255224.647315,0.0206,0,,,0.000,,,0.0000,0.0000,0.0000,0.0000,0.0000,-13.0000,,,,CHO,0.0000,-12.6414,0.0000,-12.7018,0.0000,0.0000,0.000,0.000,,0.0,,,,,,,0,,0
8.9186,1790255224.667702,0.0204,0,,,0.000,,,0.0000,0.0000,0.0000,0.0000,0.0000,-13.0000,,,,CHO,0.0000,-12.6414,0.0000,-12.7018,0.0000,0.0000,0.000,0.000,,0.0,,,,,,,0,,0
8.9390,1790255224.688298,0.0205,0,,,0.000,,,0.0000,0.0000,0.0000,0.0000,0.0000,-13.0000,,,,CHO,0.0000,-12.6414,0.0000,-12.7018,0.0000,0.0000,0.000,0.000,,0.0,,,,,,,0,,0
8.9596,1790255224.708774,0.0206,0,,,0.000,,,0.0000,0.0000,0.0000,0.0000,0.0000,-13.0000,,,,CHO,0.0000,-12.6414,0.0000,-12.7018,0.0000,0.0000,0.000,0.000,,0.0,,,,,,,0,,0
8.9796,1790255224.728877,0.0200,0,,,0.000,,,0.0000,0.0000,0.0000,0.0000,0.0000,-13.0000,,,,CHO,0.0000,-12.6414,0.0000,-12.7018,0.0000,0.0000,0.000,0.000,,0.0,,,,,,,0,,0
9.0004,1790255224.749593,0.0207,0,,,0.000,,,0.0000,0.0000,0.0000,0.0000,0.0000,-13.0000,,,,CHO,0.0000,-12.6414,0.0000,-12.7018,0.0000,0.0000,0.000,0.000,,0.0,,,,,,,0,,0
9.0209,1790255224.770374,0.0205,0,,,0.000,,,0.0000,0.0000,0.0000,0.0000,0.0000,-13.0000,,,,CHO,0.0000,-12.6414,0.0000,-12.7018,0.0000,0.0000,0.000,0.000,,0.0,,,,,,,0,,0
9.0412,1790255224.790269,0.0203,0,,,0.000,,,0.0000,0.0000,0.0000,0.0000,0.0000,-13.0000,,,,CHO,0.0000,-12.6414,0.0000,-12.7018,0.0000,0.0000,0.000,0.000,,0.0,,,,,,,0,,0
9.0617,1790255224.810953,0.0205,0,,,0.000,,,0.0000,0.0000,0.0000,0.0000,0.0000,-13.0000,,,,CHO,0.0000,-12.6414,0.0000,-12.7018,0.0000,0.0000,0.000,0.000,,0.0,,,,,,,0,,0
9.0818,1790255224.830923,0.0200,0,,,0.000,,,0.0000,0.0000,0.0000,0.0000,0.0000,-13.0000,,,,CHO,0.0000,-12.6414,0.0000,-12.7018,0.0000,0.0000,0.000,0.000,,0.0,,,,,,,0,,0
9.1018,1790255224.850819,0.0200,0,,,0.000,,,0.0000,0.0000,0.0000,0.0000,0.0000,-13.0000,,,,CHO,0.0000,-12.6414,0.0000,-12.7018,0.0000,0.0000,0.000,0.000,,0.0,,,,,,,0,,0
9.1218,1790255224.870973,0.0200,0,,,0.000,,,0.0000,0.0000,0.0000,0.0000,0.0000,-13.0000,,,,CHO,0.0000,-12.6414,0.0000,-12.7018,0.0000,0.0000,0.000,0.000,,0.0,,,,,,,0,,0
9.1422,1790255224.891342,0.0204,0,,,0.000,,,0.0000,0.0000,0.0000,0.0000,0.0000,-13.0000,,,,CHO,0.0000,-12.6414,0.0000,-12.7018,0.0000,0.0000,0.000,0.000,,0.0,,,,,,,0,,0
9.1624,1790255224.911445,0.0202,0,,,0.000,,,0.0000,0.0000,0.0000,0.0000,0.0000,-13.0000,,,,CHO,0.0000,-12.6414,0.0000,-12.7018,0.0000,0.0000,0.000,0.000,,0.0,,,,,,,0,,0
9.1825,1790255224.931656,0.0201,0,,,0.000,,,0.0000,0.0000,0.0000,0.0000,0.0000,-13.0000,,,,CHO,0.0000,-12.6414,0.0000,-12.7018,0.0000,0.0000,0.000,0.000,,0.0,,,,,,,0,,0
9.2027,1790255224.951883,0.0202,0,,,0.000,,,0.0000,0.0000,0.0000,0.0000,0.0000,-13.0000,,,,CHO,0.0000,-12.6414,0.0000,-12.7018,0.0000,0.0000,0.000,0.000,,0.0,,,,,,,0,,0
9.2230,1790255224.972046,0.0204,0,,,0.000,,,0.0000,0.0000,0.0000,0.0000,0.0000,-13.0000,,,,CHO,0.0000,-12.6414,0.0000,-12.7018,0.0000,0.0000,0.000,0.000,,0.0,,,,,,,0,,0
9.2430,1790255224.992236,0.0200,0,,,0.000,,,0.0000,0.0000,0.0000,0.0000,0.0000,-13.0000,,,,CHO,0.0000,-12.6414,0.0000,-12.7018,0.0000,0.0000,0.000,0.000,,0.0,,,,,,,0,,0
9.2632,1790255225.012312,0.0202,0,,,0.000,,,0.0000,0.0000,0.0000,0.0000,0.0000,-13.0000,,,,CHO,0.0000,-12.6414,0.0000,-12.7018,0.0000,0.0000,0.000,0.000,,0.0,,,,,,,0,,0
9.2837,1790255225.032792,0.0205,0,,,0.000,,,0.0000,0.0000,0.0000,0.0000,0.0000,-13.0000,,,,CHO,0.0000,-12.6414,0.0000,-12.7018,0.0000,0.0000,0.000,0.000,,0.0,,,,,,,0,,0
9.3043,1790255225.053361,0.0206,0,,,0.000,,,0.0000,0.0000,0.0000,0.0000,0.0000,-13.0000,,,,CHO,0.0000,-12.6414,0.0000,-12.7018,0.0000,0.0000,0.000,0.000,,0.0,,,,,,,0,,0
9.3244,1790255225.073470,0.0201,0,,,0.000,,,0.0000,0.0000,0.0000,0.0000,0.0000,-13.0000,,,,CHO,0.0000,-12.6414,0.0000,-12.7018,0.0000,0.0000,0.000,0.000,,0.0,,,,,,,0,,0
9.3444,1790255225.093462,0.0200,0,,,0.000,,,0.0000,0.0000,0.0000,0.0000,0.0000,-13.0000,,,,CHO,0.0000,-12.6414,0.0000,-12.7018,0.0000,0.0000,0.000,0.000,,0.0,,,,,,,0,,0
9.3647,1790255225.113915,0.0203,0,,,0.000,,,0.0000,0.0000,0.0000,0.0000,0.0000,-13.0000,,,,CHO,0.0000,-12.6414,0.0000,-12.7018,0.0000,0.0000,0.000,0.000,,0.0,,,,,,,0,,0
9.3854,1790255225.134507,0.0207,0,,,0.000,,,0.0000,0.0000,0.0000,0.0000,0.0000,-13.0000,,,,CHO,0.0000,-12.6414,0.0000,-12.7018,0.0000,0.0000,0.000,0.000,,0.0,,,,,,,0,,0
9.4060,1790255225.155117,0.0206,0,,,0.000,,,0.0000,0.0000,0.0000,0.0000,0.0000,-13.0000,,,,CHO,0.0000,-12.6414,0.0000,-12.7018,0.0000,0.0000,0.000,0.000,,0.0,,,,,,,0,,0
9.4262,1790255225.175405,0.0203,0,,,0.000,,,0.0000,0.0000,0.0000,0.0000,0.0000,-13.0000,,,,CHO,0.0000,-12.6414,0.0000,-12.7018,0.0000,0.0000,0.000,0.000,,0.0,,,,,,,0,,0
9.4467,1790255225.195910,0.0204,0,,,0.000,,,0.0000,0.0000,0.0000,0.0000,0.0000,-13.0000,,,,CHO,0.0000,-12.6414,0.0000,-12.7018,0.0000,0.0000,0.000,0.000,,0.0,,,,,,,0,,0
9.4673,1790255225.216362,0.0207,0,,,0.000,,,0.0000,0.0000,0.0000,0.0000,0.0000,-13.0000,,,,CHO,0.0000,-12.6414,0.0000,-12.7018,0.0000,0.0000,0.000,0.000,,0.0,,,,,,,0,,0
9.4880,1790255225.237255,0.0207,0,,,0.000,,,0.0000,0.0000,0.0000,0.0000,0.0000,-13.0000,,,,CHO,0.0000,-12.6414,0.0000,-12.7018,0.0000,0.0000,0.000,0.000,,0.0,,,,,,,0,,0
9.5086,1790255225.257822,0.0206,0,,,0.000,,,0.0000,0.0000,0.0000,0.0000,0.0000,-13.0000,,,,CHO,0.0000,-12.6414,0.0000,-12.7018,0.0000,0.0000,0.000,0.000,,0.0,,,,,,,0,,0
9.5289,1790255225.278083,0.0203,0,,,0.000,,,0.0000,0.0000,0.0000,0.0000,0.0000,-13.0000,,,,CHO,0.0000,-12.6414,0.0000,-12.7018,0.0000,0.0000,0.000,0.000,,0.0,,,,,,,0,,0
9.5490,1790255225.298180,0.0201,0,,,0.000,,,0.0000,0.0000,0.0000,0.0000,0.0000,-13.0000,,,,CHO,0.0000,-12.6414,0.0000,-12.7018,0.0000,0.0000,0.000,0.000,,0.0,,,,,,,0,,0
9.5695,1790255225.318689,0.0205,0,,,0.000,,,0.0000,0.0000,0.0000,0.0000,0.0000,-13.0000,,,,CHO,0.0000,-12.6414,0.0000,-12.7018,0.0000,0.0000,0.000,0.000,,0.0,,,,,,,0,,0
9.5902,1790255225.339372,0.0207,0,,,0.000,,,0.0000,0.0000,0.0000,0.0000,0.0000,-13.0000,,,,CHO,0.0000,-12.6414,0.0000,-12.7018,0.0000,0.0000,0.000,0.000,,0.0,,,,,,,0,,0
9.6104,1790255225.359422,0.0202,0,,,0.000,,,0.0000,0.0000,0.0000,0.0000,0.0000,-13.0000,,,,CHO,0.0000,-12.6414,0.0000,-12.7018,0.0000,0.0000,0.000,0.000,,0.0,,,,,,,0,,0
9.6312,1790255225.380251,0.0209,0,,,0.000,,,0.0000,0.0000,0.0000,0.0000,0.0000,-13.0000,,,,CHO,0.0000,-12.6414,0.0000,-12.7018,0.0000,0.0000,0.000,0.000,,0.0,,,,,,,0,,0
9.6518,1790255225.401052,0.0206,0,,,0.000,,,0.0000,0.0000,0.0000,0.0000,0.0000,-13.0000,,,,CHO,0.0000,-12.6414,0.0000,-12.7018,0.0000,0.0000,0.000,0.000,,0.0,,,,,,,0,,0
9.6720,1790255225.421102,0.0202,0,,,0.000,,,0.0000,0.0000,0.0000,0.0000,0.0000,-13.0000,,,,CHO,0.0000,-12.6414,0.0000,-12.7018,0.0000,0.0000,0.000,0.000,,0.0,,,,,,,0,,0
9.6921,1790255225.441382,0.0202,0,,,0.000,,,0.0000,0.0000,0.0000,0.0000,0.0000,-13.0000,,,,CHO,0.0000,-12.6414,0.0000,-12.7018,0.0000,0.0000,0.000,0.000,,0.0,,,,,,,0,,0
9.7127,1790255225.461850,0.0205,0,,,0.000,,,0.0000,0.0000,0.0000,0.0000,0.0000,-13.0000,,,,CHO,0.0000,-12.6414,0.0000,-12.7018,0.0000,0.0000,0.000,0.000,,0.0,,,,,,,0,,0
9.7335,1790255225.482591,0.0208,0,,,0.000,,,0.0000,0.0000,0.0000,0.0000,0.0000,-13.0000,,,,CHO,0.0000,-12.6414,0.0000,-12.7018,0.0000,0.0000,0.000,0.000,,0.0,,,,,,,0,,0
9.7541,1790255225.503131,0.0206,0,,,0.000,,,0.0000,0.0000,0.0000,0.0000,0.0000,-13.0000,,,,CHO,0.0000,-12.6414,0.0000,-12.7018,0.0000,0.0000,0.000,0.000,,0.0,,,,,,,0,,0
9.7746,1790255225.523750,0.0205,0,,,0.000,,,0.0000,0.0000,0.0000,0.0000,0.0000,-13.0000,,,,CHO,0.0000,-12.6414,0.0000,-12.7018,0.0000,0.0000,0.000,0.000,,0.0,,,,,,,0,,0
9.7951,1790255225.544262,0.0205,0,,,0.000,,,0.0000,0.0000,0.0000,0.0000,0.0000,-13.0000,,,,CHO,0.0000,-12.6414,0.0000,-12.7018,0.0000,0.0000,0.000,0.000,,0.0,,,,,,,0,,0
9.8155,1790255225.564668,0.0204,0,,,0.000,,,0.0000,0.0000,0.0000,0.0000,0.0000,-13.0000,,,,CHO,0.0000,-12.6414,0.0000,-12.7018,0.0000,0.0000,0.000,0.000,,0.0,,,,,,,0,,0
9.8363,1790255225.585313,0.0208,0,,,0.000,,,0.0000,0.0000,0.0000,0.0000,0.0000,-13.0000,,,,CHO,0.0000,-12.6414,0.0000,-12.7018,0.0000,0.0000,0.000,0.000,,0.0,,,,,,,0,,0
9.8567,1790255225.605965,0.0204,0,,,0.000,,,0.0000,0.0000,0.0000,0.0000,0.0000,-13.0000,,,,CHO,0.0000,-12.6414,0.0000,-12.7018,0.0000,0.0000,0.000,0.000,,0.0,,,,,,,0,,0
9.8772,1790255225.626393,0.0205,0,,,0.000,,,0.0000,0.0000,0.0000,0.0000,0.0000,-13.0000,,,,CHO,0.0000,-12.6414,0.0000,-12.7018,0.0000,0.0000,0.000,0.000,,0.0,,,,,,,0,,0
9.8977,1790255225.646807,0.0205,0,,,0.000,,,0.0000,0.0000,0.0000,0.0000,0.0000,-13.0000,,,,CHO,0.0000,-12.6414,0.0000,-12.7018,0.0000,0.0000,0.000,0.000,,0.0,,,,,,,0,,0
9.9181,1790255225.667326,0.0204,0,,,0.000,,,0.0000,0.0000,0.0000,0.0000,0.0000,-13.0000,,,,CHO,0.0000,-12.6414,0.0000,-12.7018,0.0000,0.0000,0.000,0.000,,0.0,,,,,,,0,,0
9.9383,1790255225.687510,0.0202,0,,,0.000,,,0.0000,0.0000,0.0000,0.0000,0.0000,-13.0000,,,,CHO,0.0000,-12.6414,0.0000,-12.7018,0.0000,0.0000,0.000,0.000,,0.0,,,,,,,0,,0
9.9584,1790255225.707565,0.0201,0,,,0.000,,,0.0000,0.0000,0.0000,0.0000,0.0000,-13.0000,,,,CHO,0.0000,-12.6414,0.0000,-12.7018,0.0000,0.0000,0.000,0.000,,0.0,,,,,,,0,,0
9.9786,1790255225.727819,0.0202,0,,,0.000,,,0.0000,0.0000,0.0000,0.0000,0.0000,-13.0000,,,,CHO,0.0000,-12.6414,0.0000,-12.7018,0.0000,0.0000,0.000,0.000,,0.0,,,,,,,0,,0
9.9989,1790255225.748063,0.0203,0,,,0.000,,,0.0000,0.0000,0.0000,0.0000,0.0000,-13.0000,,,,CHO,0.0000,-12.6414,0.0000,-12.7018,0.0000,0.0000,0.000,0.000,,0.0,,,,,,,0,,0
10.0193,1790255225.768561,0.0204,0,,,0.000,,,0.0000,0.0000,0.0000,0.0000,0.0000,-13.0000,,,,CHO,0.0000,-12.6414,0.0000,-12.7018,0.0000,0.0000,0.000,0.000,,0.0,,,,,,,0,,0
10.0393,1790255225.788442,0.0200,0,,,0.000,,,0.0000,0.0000,0.0000,0.0000,0.0000,-13.0000,,,,CHO,0.0000,-12.6414,0.0000,-12.7018,0.0000,0.0000,0.000,0.000,,0.0,,,,,,,0,,0
10.0598,1790255225.809020,0.0205,0,,,0.000,,,0.0000,0.0000,0.0000,0.0000,0.0000,-13.0000,,,,CHO,0.0000,-12.6414,0.0000,-12.7018,0.0000,0.0000,0.000,0.000,,0.0,,,,,,,0,,0
10.0804,1790255225.829539,0.0206,0,,,0.000,,,0.0000,0.0000,0.0000,0.0000,0.0000,-13.0000,,,,CHO,0.0000,-12.6414,0.0000,-12.7018,0.0000,0.0000,0.000,0.000,,0.0,,,,,,,0,,0
10.1006,1790255225.849964,0.0202,0,,,0.000,,,0.0000,0.0000,0.0000,0.0000,0.0000,-13.0000,,,,CHO,0.0000,-12.6414,0.0000,-12.7018,0.0000,0.0000,0.000,0.000,,0.0,,,,,,,0,,0
10.1212,1790255225.870351,0.0206,0,,,0.000,,,0.0000,0.0000,0.0000,0.0000,0.0000,-13.0000,,,,CHO,0.0000,-12.6414,0.0000,-12.7018,0.0000,0.0000,0.000,0.000,,0.0,,,,,,,0,,0
10.1412,1790255225.890470,0.0201,0,,,0.000,,,0.0000,0.0000,0.0000,0.0000,0.0000,-13.0000,,,,CHO,0.0000,-12.6414,0.0000,-12.7018,0.0000,0.0000,0.000,0.000,,0.0,,,,,,,0,,0
10.1617,1790255225.910918,0.0204,0,,,0.000,,,0.0000,0.0000,0.0000,0.0000,0.0000,-13.0000,,,,CHO,0.0000,-12.6414,0.0000,-12.7018,0.0000,0.0000,0.000,0.000,,0.0,,,,,,,0,,0
10.1819,1790255225.931005,0.0203,0,,,0.000,,,0.0000,0.0000,0.0000,0.0000,0.0000,-13.0000,,,,CHO,0.0000,-12.6414,0.0000,-12.7018,0.0000,0.0000,0.000,0.000,,0.0,,,,,,,0,,0
10.2022,1790255225.951414,0.0203,0,,,0.000,,,0.0000,0.0000,0.0000,0.0000,0.0000,-13.0000,,,,CHO,0.0000,-12.6414,0.0000,-12.7018,0.0000,0.0000,0.000,0.000,,0.0,,,,,,,0,,0
10.2224,1790255225.971579,0.0202,0,,,0.000,,,0.0000,0.0000,0.0000,0.0000,0.0000,-13.0000,,,,CHO,0.0000,-12.6414,0.0000,-12.7018,0.0000,0.0000,0.000,0.000,,0.0,,,,,,,0,,0
10.2426,1790255225.991837,0.0203,0,,,0.000,,,0.0000,0.0000,0.0000,0.0000,0.0000,-13.0000,,,,CHO,0.0000,-12.6414,0.0000,-12.7018,0.0000,0.0000,0.000,0.000,,0.0,,,,,,,0,,0
10.2632,1790255226.012294,0.0206,0,,,0.000,,,0.0000,0.0000,0.0000,0.0000,0.0000,-13.0000,,,,CHO,0.0000,-12.6414,0.0000,-12.7018,0.0000,0.0000,0.000,0.000,,0.0,,,,,,,0,,0
10.2833,1790255226.032482,0.0201,0,,,0.000,,,0.0000,0.0000,0.0000,0.0000,0.0000,-13.0000,,,,CHO,0.0000,-12.6414,0.0000,-12.7018,0.0000,0.0000,0.000,0.000,,0.0,,,,,,,0,,0
10.3034,1790255226.052498,0.0201,0,,,0.000,,,0.0000,0.0000,0.0000,0.0000,0.0000,-13.0000,,,,CHO,0.0000,-12.6414,0.0000,-12.7018,0.0000,0.0000,0.000,0.000,,0.0,,,,,,,0,,0
10.3236,1790255226.072724,0.0202,0,,,0.000,,,0.0000,0.0000,0.0000,0.0000,0.0000,-13.0000,,,,CHO,0.0000,-12.6414,0.0000,-12.7018,0.0000,0.0000,0.000,0.000,,0.0,,,,,,,0,,0
10.3439,1790255226.092914,0.0203,0,,,0.000,,,0.0000,0.0000,0.0000,0.0000,0.0000,-13.0000,,,,CHO,0.0000,-12.6414,0.0000,-12.7018,0.0000,0.0000,0.000,0.000,,0.0,,,,,,,0,,0
10.3640,1790255226.113194,0.0201,0,,,0.000,,,0.0000,0.0000,0.0000,0.0000,0.0000,-13.0000,,,,CHO,0.0000,-12.6414,0.0000,-12.7018,0.0000,0.0000,0.000,0.000,,0.0,,,,,,,0,,0
10.3841,1790255226.133304,0.0202,0,,,0.000,,,0.0000,0.0000,0.0000,0.0000,0.0000,-13.0000,,,,CHO,0.0000,-12.6414,0.0000,-12.7018,0.0000,0.0000,0.000,0.000,,0.0,,,,,,,0,,0
10.4045,1790255226.153715,0.0203,0,,,0.000,,,0.0000,0.0000,0.0000,0.0000,0.0000,-13.0000,,,,CHO,0.0000,-12.6414,0.0000,-12.7018,0.0000,0.0000,0.000,0.000,,0.0,,,,,,,0,,0
10.4247,1790255226.173772,0.0202,0,,,0.000,,,0.0000,0.0000,0.0000,0.0000,0.0000,-13.0000,,,,CHO,0.0000,-12.6414,0.0000,-12.7018,0.0000,0.0000,0.000,0.000,,0.0,,,,,,,0,,0
10.4449,1790255226.194000,0.0202,0,,,0.000,,,0.0000,0.0000,0.0000,0.0000,0.0000,-13.0000,,,,CHO,0.0000,-12.6414,0.0000,-12.7018,0.0000,0.0000,0.000,0.000,,0.0,,,,,,,0,,0
10.4650,1790255226.214189,0.0201,0,,,0.000,,,0.0000,0.0000,0.0000,0.0000,0.0000,-13.0000,,,,CHO,0.0000,-12.6414,0.0000,-12.7018,0.0000,0.0000,0.000,0.000,,0.0,,,,,,,0,,0
10.4856,1790255226.234785,0.0205,0,,,0.000,,,0.0000,0.0000,0.0000,0.0000,0.0000,-13.0000,,,,CHO,0.0000,-12.6414,0.0000,-12.7018,0.0000,0.0000,0.000,0.000,,0.0,,,,,,,0,,0
10.5057,1790255226.254797,0.0201,0,,,0.000,,,0.0000,0.0000,0.0000,0.0000,0.0000,-13.0000,,,,CHO,0.0000,-12.6414,0.0000,-12.7018,0.0000,0.0000,0.000,0.000,,0.0,,,,,,,0,,0
10.5265,1790255226.275546,0.0208,0,,,0.000,,,0.0000,0.0000,0.0000,0.0000,0.0000,-13.0000,,,,CHO,0.0000,-12.6414,0.0000,-12.7018,0.0000,0.0000,0.000,0.000,,0.0,,,,,,,0,,0
10.5469,1790255226.296082,0.0204,0,,,0.000,,,0.0000,0.0000,0.0000,0.0000,0.0000,-13.0000,,,,CHO,0.0000,-12.6414,0.0000,-12.7018,0.0000,0.0000,0.000,0.000,,0.0,,,,,,,0,,0
10.5673,1790255226.316466,0.0204,0,,,0.000,,,0.0000,0.0000,0.0000,0.0000,0.0000,-13.0000,,,,CHO,0.0000,-12.6414,0.0000,-12.7018,0.0000,0.0000,0.000,0.000,,0.0,,,,,,,0,,0
10.5877,1790255226.336970,0.0205,0,,,0.000,,,0.0000,0.0000,0.0000,0.0000,0.0000,-13.0000,,,,CHO,0.0000,-12.6414,0.0000,-12.7018,0.0000,0.0000,0.000,0.000,,0.0,,,,,,,0,,0
10.6083,1790255226.357528,0.0206,0,,,0.000,,,0.0000,0.0000,0.0000,0.0000,0.0000,-13.0000,,,,CHO,0.0000,-12.6414,0.0000,-12.7018,0.0000,0.0000,0.000,0.000,,0.0,,,,,,,0,,0
10.6284,1790255226.377534,0.0201,0,,,0.000,,,0.0000,0.0000,0.0000,0.0000,0.0000,-13.0000,,,,CHO,0.0000,-12.6414,0.0000,-12.7018,0.0000,0.0000,0.000,0.000,,0.0,,,,,,,0,,0
10.6485,1790255226.397759,0.0201,0,,,0.000,,,0.0000,0.0000,0.0000,0.0000,0.0000,-13.0000,,,,CHO,0.0000,-12.6414,0.0000,-12.7018,0.0000,0.0000,0.000,0.000,,0.0,,,,,,,0,,0
10.6685,1790255226.417630,0.0200,0,,,0.000,,,0.0000,0.0000,0.0000,0.0000,0.0000,-13.0000,,,,CHO,0.0000,-12.6414,0.0000,-12.7018,0.0000,0.0000,0.000,0.000,,0.0,,,,,,,0,,0
10.6891,1790255226.438205,0.0205,0,,,0.000,,,0.0000,0.0000,0.0000,0.0000,0.0000,-13.0000,,,,CHO,0.0000,-12.6414,0.0000,-12.7018,0.0000,0.0000,0.000,0.000,,0.0,,,,,,,0,,0
10.7093,1790255226.458502,0.0203,0,,,0.000,,,0.0000,0.0000,0.0000,0.0000,0.0000,-13.0000,,,,CHO,0.0000,-12.6414,0.0000,-12.7018,0.0000,0.0000,0.000,0.000,,0.0,,,,,,,0,,0
10.7297,1790255226.478871,0.0203,0,,,0.000,,,0.0000,0.0000,0.0000,0.0000,0.0000,-13.0000,,,,CHO,0.0000,-12.6414,0.0000,-12.7018,0.0000,0.0000,0.000,0.000,,0.0,,,,,,,0,,0
10.7500,1790255226.498999,0.0203,0,,,0.000,,,0.0000,0.0000,0.0000,0.0000,0.0000,-13.0000,,,,CHO,0.0000,-12.6414,0.0000,-12.7018,0.0000,0.0000,0.000,0.000,,0.0,,,,,,,0,,0
10.7706,1790255226.519796,0.0206,0,,,0.000,,,0.0000,0.0000,0.0000,0.0000,0.0000,-13.0000,,,,CHO,0.0000,-12.6414,0.0000,-12.7018,0.0000,0.0000,0.000,0.000,,0.0,,,,,,,0,,0
10.7909,1790255226.539994,0.0203,0,,,0.000,,,0.0000,0.0000,0.0000,0.0000,0.0000,-13.0000,,,,CHO,0.0000,-12.6414,0.0000,-12.7018,0.0000,0.0000,0.000,0.000,,0.0,,,,,,,0,,0
10.8111,1790255226.560173,0.0202,0,,,0.000,,,0.0000,0.0000,0.0000,0.0000,0.0000,-13.0000,,,,CHO,0.0000,-12.6414,0.0000,-12.7018,0.0000,0.0000,0.000,0.000,,0.0,,,,,,,0,,0
10.8315,1790255226.580684,0.0203,0,,,0.000,,,0.0000,0.0000,0.0000,0.0000,0.0000,-13.0000,,,,CHO,0.0000,-12.6414,0.0000,-12.7018,0.0000,0.0000,0.000,0.000,,0.0,,,,,,,0,,0
10.8516,1790255226.600888,0.0202,0,,,0.000,,,0.0000,0.0000,0.0000,0.0000,0.0000,-13.0000,,,,CHO,0.0000,-12.6414,0.0000,-12.7018,0.0000,0.0000,0.000,0.000,,0.0,,,,,,,0,,0
10.8717,1790255226.620884,0.0200,0,,,0.000,,,0.0000,0.0000,0.0000,0.0000,0.0000,-13.0000,,,,CHO,0.0000,-12.6414,0.0000,-12.7018,0.0000,0.0000,0.000,0.000,,0.0,,,,,,,0,,0
10.8917,1790255226.640863,0.0200,0,,,0.000,,,0.0000,0.0000,0.0000,0.0000,0.0000,-13.0000,,,,CHO,0.0000,-12.6414,0.0000,-12.7018,0.0000,0.0000,0.000,0.000,,0.0,,,,,,,0,,0
10.9117,1790255226.660892,0.0201,0,,,0.000,,,0.0000,0.0000,0.0000,0.0000,0.0000,-13.0000,,,,CHO,0.0000,-12.6414,0.0000,-12.7018,0.0000,0.0000,0.000,0.000,,0.0,,,,,,,0,,0
10.9322,1790255226.681436,0.0205,0,,,0.000,,,0.0000,0.0000,0.0000,0.0000,0.0000,-13.0000,,,,CHO,0.0000,-12.6414,0.0000,-12.7018,0.0000,0.0000,0.000,0.000,,0.0,,,,,,,0,,0
10.9529,1790255226.702106,0.0207,0,,,0.000,,,0.0000,0.0000,0.0000,0.0000,0.0000,-13.0000,,,,CHO,0.0000,-12.6414,0.0000,-12.7018,0.0000,0.0000,0.000,0.000,,0.0,,,,,,,0,,0
10.9731,1790255226.722356,0.0202,0,,,0.000,,,0.0000,0.0000,0.0000,0.0000,0.0000,-13.0000,,,,CHO,0.0000,-12.6414,0.0000,-12.7018,0.0000,0.0000,0.000,0.000,,0.0,,,,,,,0,,0
10.9936,1790255226.742813,0.0205,0,,,0.000,,,0.0000,0.0000,0.0000,0.0000,0.0000,-13.0000,,,,CHO,0.0000,-12.6414,0.0000,-12.7018,0.0000,0.0000,0.000,0.000,,0.0,,,,,,,0,,0
11.0142,1790255226.763430,0.0206,0,,,0.000,,,0.0000,0.0000,0.0000,0.0000,0.0000,-13.0000,,,,CHO,0.0000,-12.6414,0.0000,-12.7018,0.0000,0.0000,0.000,0.000,,0.0,,,,,,,0,,0
11.0343,1790255226.783500,0.0201,0,,,0.000,,,0.0000,0.0000,0.0000,0.0000,0.0000,-13.0000,,,,CHO,0.0000,-12.6414,0.0000,-12.7018,0.0000,0.0000,0.000,0.000,,0.0,,,,,,,0,,0
11.0546,1790255226.803868,0.0204,0,,,0.000,,,0.0000,0.0000,0.0000,0.0000,0.0000,-13.0000,,,,CHO,0.0000,-12.6414,0.0000,-12.7018,0.0000,0.0000,0.000,0.000,,0.0,,,,,,,0,,0
11.0748,1790255226.823983,0.0202,0,,,0.000,,,0.0000,0.0000,0.0000,0.0000,0.0000,-13.0000,,,,CHO,0.0000,-12.6414,0.0000,-12.7018,0.0000,0.0000,0.000,0.000,,0.0,,,,,,,0,,0
11.0952,1790255226.844484,0.0204,0,,,0.000,,,0.0000,0.0000,0.0000,0.0000,0.0000,-13.0000,,,,CHO,0.0000,-12.6414,0.0000,-12.7018,0.0000,0.0000,0.000,0.000,,0.0,,,,,,,0,,0
11.1155,1790255226.864722,0.0203,0,,,0.000,,,0.0000,0.0000,0.0000,0.0000,0.0000,-13.0000,,,,CHO,0.0000,-12.6414,0.0000,-12.7018,0.0000,0.0000,0.000,0.000,,0.0,,,,,,,0,,0
11.1356,1790255226.884663,0.0201,0,,,0.000,,,0.0000,0.0000,0.0000,0.0000,0.0000,-13.0000,,,,CHO,0.0000,-12.6414,0.0000,-12.7018,0.0000,0.0000,0.000,0.000,,0.0,,,,,,,0,,0
11.1562,1790255226.905382,0.0206,0,,,0.000,,,0.0000,0.0000,0.0000,0.0000,0.0000,-13.0000,,,,CHO,0.0000,-12.6414,0.0000,-12.7018,0.0000,0.0000,0.000,0.000,,0.0,,,,,,,0,,0
11.1765,1790255226.925593,0.0203,0,,,0.000,,,0.0000,0.0000,0.0000,0.0000,0.0000,-13.0000,,,,CHO,0.0000,-12.6414,0.0000,-12.7018,0.0000,0.0000,0.000,0.000,,0.0,,,,,,,0,,0
11.1971,1790255226.946267,0.0206,0,,,0.000,,,0.0000,0.0000,0.0000,0.0000,0.0000,-13.0000,,,,CHO,0.0000,-12.6414,0.0000,-12.7018,0.0000,0.0000,0.000,0.000,,0.0,,,,,,,0,,0
11.2173,1790255226.966379,0.0202,0,,,0.000,,,0.0000,0.0000,0.0000,0.0000,0.0000,-13.0000,,,,CHO,0.0000,-12.6414,0.0000,-12.7018,0.0000,0.0000,0.000,0.000,,0.0,,,,,,,0,,0
11.2374,1790255226.986644,0.0201,0,,,0.000,,,0.0000,0.0000,0.0000,0.0000,0.0000,-13.0000,,,,CHO,0.0000,-12.6414,0.0000,-12.7018,0.0000,0.0000,0.000,0.000,,0.0,,,,,,,0,,0
11.2577,1790255227.006815,0.0203,0,,,0.000,,,0.0000,0.0000,0.0000,0.0000,0.0000,-13.0000,,,,CHO,0.0000,-12.6414,0.0000,-12.7018,0.0000,0.0000,0.000,0.000,,0.0,,,,,,,0,,0
11.2781,1790255227.027298,0.0203,0,,,0.000,,,0.0000,0.0000,0.0000,0.0000,0.0000,-13.0000,,,,CHO,0.0000,-12.6414,0.0000,-12.7018,0.0000,0.0000,0.000,0.000,,0.0,,,,,,,0,,0
11.2982,1790255227.047380,0.0201,0,,,0.000,,,0.0000,0.0000,0.0000,0.0000,0.0000,-13.0000,,,,CHO,0.0000,-12.6414,0.0000,-12.7018,0.0000,0.0000,0.000,0.000,,0.0,,,,,,,0,,0
11.3185,1790255227.067713,0.0203,0,,,0.000,,,0.0000,0.0000,0.0000,0.0000,0.0000,-13.0000,,,,CHO,0.0000,-12.6414,0.0000,-12.7018,0.0000,0.0000,0.000,0.000,,0.0,,,,,,,0,,0
11.3389,1790255227.088121,0.0204,0,,,0.000,,,0.0000,0.0000,0.0000,0.0000,0.0000,-13.0000,,,,CHO,0.0000,-12.6414,0.0000,-12.7018,0.0000,0.0000,0.000,0.000,,0.0,,,,,,,0,,0
11.3596,1790255227.108773,0.0207,0,,,0.000,,,0.0000,0.0000,0.0000,0.0000,0.0000,-13.0000,,,,CHO,0.0000,-12.6414,0.0000,-12.7018,0.0000,0.0000,0.000,0.000,,0.0,,,,,,,0,,0
11.3797,1790255227.128918,0.0202,0,,,0.000,,,0.0000,0.0000,0.0000,0.0000,0.0000,-13.0000,,,,CHO,0.0000,-12.6414,0.0000,-12.7018,0.0000,0.0000,0.000,0.000,,0.0,,,,,,,0,,0
11.3998,1790255227.148882,0.0200,0,,,0.000,,,0.0000,0.0000,0.0000,0.0000,0.0000,-13.0000,,,,CHO,0.0000,-12.6414,0.0000,-12.7018,0.0000,0.0000,0.000,0.000,,0.0,,,,,,,0,,0
11.4200,1790255227.169193,0.0202,0,,,0.000,,,0.0000,0.0000,0.0000,0.0000,0.0000,-13.0000,,,,CHO,0.0000,-12.6414,0.0000,-12.7018,0.0000,0.0000,0.000,0.000,,0.0,,,,,,,0,,0
11.4402,1790255227.189311,0.0202,0,,,0.000,,,0.0000,0.0000,0.0000,0.0000,0.0000,-13.0000,,,,CHO,0.0000,-12.6414,0.0000,-12.7018,0.0000,0.0000,0.000,0.000,,0.0,,,,,,,0,,0
11.4608,1790255227.210026,0.0205,0,,,0.000,,,0.0000,0.0000,0.0000,0.0000,0.0000,-13.0000,,,,CHO,0.0000,-12.6414,0.0000,-12.7018,0.0000,0.0000,0.000,0.000,,0.0,,,,,,,0,,0
11.4809,1790255227.229952,0.0201,0,,,0.000,,,0.0000,0.0000,0.0000,0.0000,0.0000,-13.0000,,,,CHO,0.0000,-12.6414,0.0000,-12.7018,0.0000,0.0000,0.000,0.000,,0.0,,,,,,,0,,0
11.5011,1790255227.250388,0.0203,0,,,0.000,,,0.0000,0.0000,0.0000,0.0000,0.0000,-13.0000,,,,CHO,0.0000,-12.6414,0.0000,-12.7018,0.0000,0.0000,0.000,0.000,,0.0,,,,,,,0,,0
11.5215,1790255227.270678,0.0203,0,,,0.000,,,0.0000,0.0000,0.0000,0.0000,0.0000,-13.0000,,,,CHO,0.0000,-12.6414,0.0000,-12.7018,0.0000,0.0000,0.000,0.000,,0.0,,,,,,,0,,0
11.5418,1790255227.291015,0.0203,0,,,0.000,,,0.0000,0.0000,0.0000,0.0000,0.0000,-13.0000,,,,CHO,0.0000,-12.6414,0.0000,-12.7018,0.0000,0.0000,0.000,0.000,,0.0,,,,,,,0,,0
11.5619,1790255227.310927,0.0201,0,,,0.000,,,0.0000,0.0000,0.0000,0.0000,0.0000,-13.0000,,,,CHO,0.0000,-12.6414,0.0000,-12.7018,0.0000,0.0000,0.000,0.000,,0.0,,,,,,,0,,0
11.5824,1790255227.331447,0.0205,0,,,0.000,,,0.0000,0.0000,0.0000,0.0000,0.0000,-13.0000,,,,CHO,0.0000,-12.6414,0.0000,-12.7018,0.0000,0.0000,0.000,0.000,,0.0,,,,,,,0,,0
11.6029,1790255227.352108,0.0205,0,,,0.000,,,0.0000,0.0000,0.0000,0.0000,0.0000,-13.0000,,,,CHO,0.0000,-12.6414,0.0000,-12.7018,0.0000,0.0000,0.000,0.000,,0.0,,,,,,,0,,0
11.6235,1790255227.372557,0.0207,0,,,0.000,,,0.0000,0.0000,0.0000,0.0000,0.0000,-13.0000,,,,CHO,0.0000,-12.6414,0.0000,-12.7018,0.0000,0.0000,0.000,0.000,,0.0,,,,,,,0,,0
11.6439,1790255227.392921,0.0204,0,,,0.000,,,0.0000,0.0000,0.0000,0.0000,0.0000,-13.0000,,,,CHO,0.0000,-12.6414,0.0000,-12.7018,0.0000,0.0000,0.000,0.000,,0.0,,,,,,,0,,0
11.6642,1790255227.413238,0.0203,0,,,0.000,,,0.0000,0.0000,0.0000,0.0000,0.0000,-13.0000,,,,CHO,0.0000,-12.6414,0.0000,-12.7018,0.0000,0.0000,0.000,0.000,,0.0,,,,,,,0,,0
11.6844,1790255227.433562,0.0202,0,,,0.000,,,0.0000,0.0000,0.0000,0.0000,0.0000,-13.0000,,,,CHO,0.0000,-12.6414,0.0000,-12.7018,0.0000,0.0000,0.000,0.000,,0.0,,,,,,,0,,0
11.7046,1790255227.453813,0.0202,0,,,0.000,,,0.0000,0.0000,0.0000,0.0000,0.0000,-13.0000,,,,CHO,0.0000,-12.6414,0.0000,-12.7018,0.0000,0.0000,0.000,0.000,,0.0,,,,,,,0,,0
11.7249,1790255227.473933,0.0203,0,,,0.000,,,0.0000,0.0000,0.0000,0.0000,0.0000,-13.0000,,,,CHO,0.0000,-12.6414,0.0000,-12.7018,0.0000,0.0000,0.000,0.000,,0.0,,,,,,,0,,0
11.7449,1790255227.494106,0.0200,0,,,0.000,,,0.0000,0.0000,0.0000,0.0000,0.0000,-13.0000,,,,CHO,0.0000,-12.6414,0.0000,-12.7018,0.0000,0.0000,0.000,0.000,,0.0,,,,,,,0,,0
11.7650,1790255227.514135,0.0201,0,,,0.000,,,0.0000,0.0000,0.0000,0.0000,0.0000,-13.0000,,,,CHO,0.0000,-12.6414,0.0000,-12.7018,0.0000,0.0000,0.000,0.000,,0.0,,,,,,,0,,0
11.7850,1790255227.534160,0.0200,0,,,0.000,,,0.0000,0.0000,0.0000,0.0000,0.0000,-13.0000,,,,CHO,0.0000,-12.6414,0.0000,-12.7018,0.0000,0.0000,0.000,0.000,,0.0,,,,,,,0,,0
11.8053,1790255227.554476,0.0203,0,,,0.000,,,0.0000,0.0000,0.0000,0.0000,0.0000,-13.0000,,,,CHO,0.0000,-12.6414,0.0000,-12.7018,0.0000,0.0000,0.000,0.000,,0.0,,,,,,,0,,0
11.8256,1790255227.574644,0.0203,0,,,0.000,,,0.0000,0.0000,0.0000,0.0000,0.0000,-13.0000,,,,CHO,0.0000,-12.6414,0.0000,-12.7018,0.0000,0.0000,0.000,0.000,,0.0,,,,,,,0,,0
11.8462,1790255227.595211,0.0206,0,,,0.000,,,0.0000,0.0000,0.0000,0.0000,0.0000,-13.0000,,,,CHO,0.0000,-12.6414,0.0000,-12.7018,0.0000,0.0000,0.000,0.000,,0.0,,,,,,,0,,0
11.8663,1790255227.615527,0.0202,0,,,0.000,,,0.0000,0.0000,0.0000,0.0000,0.0000,-13.0000,,,,CHO,0.0000,-12.6414,0.0000,-12.7018,0.0000,0.0000,0.000,0.000,,0.0,,,,,,,0,,0
11.8864,1790255227.635604,0.0200,0,,,0.000,,,0.0000,0.0000,0.0000,0.0000,0.0000,-13.0000,,,,CHO,0.0000,-12.6414,0.0000,-12.7018,0.0000,0.0000,0.000,0.000,,0.0,,,,,,,0,,0
11.9066,1790255227.655720,0.0202,0,,,0.000,,,0.0000,0.0000,0.0000,0.0000,0.0000,-13.0000,,,,CHO,0.0000,-12.6414,0.0000,-12.7018,0.0000,0.0000,0.000,0.000,,0.0,,,,,,,0,,0
11.9266,1790255227.675785,0.0200,0,,,0.000,,,0.0000,0.0000,0.0000,0.0000,0.0000,-13.0000,,,,CHO,0.0000,-12.6414,0.0000,-12.7018,0.0000,0.0000,0.000,0.000,,0.0,,,,,,,0,,0
11.9474,1790255227.696564,0.0208,0,,,0.000,,,0.0000,0.0000,0.0000,0.0000,0.0000,-13.0000,,,,CHO,0.0000,-12.6414,0.0000,-12.7018,0.0000,0.0000,0.000,0.000,,0.0,,,,,,,0,,0
11.9678,1790255227.717019,0.0204,0,,,0.000,,,0.0000,0.0000,0.0000,0.0000,0.0000,-13.0000,,,,CHO,0.0000,-12.6414,0.0000,-12.7018,0.0000,0.0000,0.000,0.000,,0.0,,,,,,,0,,0
11.9885,1790255227.737686,0.0207,0,,,0.000,,,0.0000,0.0000,0.0000,0.0000,0.0000,-13.0000,,,,CHO,0.0000,-12.6414,0.0000,-12.7018,0.0000,0.0000,0.000,0.000,,0.0,,,,,,,0,,0
12.0087,1790255227.757914,0.0202,0,,,0.000,,,0.0000,0.0000,0.0000,0.0000,0.0000,-13.0000,,,,CHO,0.0000,-12.6414,0.0000,-12.7018,0.0000,0.0000,0.000,0.000,,0.0,,,,,,,0,,0
12.0294,1790255227.778625,0.0208,0,,,0.000,,,0.0000,0.0000,0.0000,0.0000,0.0000,-13.0000,,,,CHO,0.0000,-12.6414,0.0000,-12.7018,0.0000,0.0000,0.000,0.000,,0.0,,,,,,,0,,0
12.0503,1790255227.799263,0.0208,0,,,0.000,,,0.0000,0.0000,0.0000,0.0000,0.0000,-13.0000,,,,CHO,0.0000,-12.6414,0.0000,-12.7018,0.0000,0.0000,0.000,0.000,,0.0,,,,,,,0,,0
12.0709,1790255227.820071,0.0206,0,,,0.000,,,0.0000,0.0000,0.0000,0.0000,0.0000,-13.0000,,,,CHO,0.0000,-12.6414,0.0000,-12.7018,0.0000,0.0000,0.000,0.000,,0.0,,,,,,,0,,0
12.0911,1790255227.840312,0.0202,0,,,0.000,,,0.0000,0.0000,0.0000,0.0000,0.0000,-13.0000,,,,CHO,0.0000,-12.6414,0.0000,-12.7018,0.0000,0.0000,0.000,0.000,,0.0,,,,,,,0,,0
12.1112,1790255227.860430,0.0201,0,,,0.000,,,0.0000,0.0000,0.0000,0.0000,0.0000,-13.0000,,,,CHO,0.0000,-12.6414,0.0000,-12.7018,0.0000,0.0000,0.000,0.000,,0.0,,,,,,,0,,0
12.1319,1790255227.881005,0.0207,0,,,0.000,,,0.0000,0.0000,0.0000,0.0000,0.0000,-13.0000,,,,CHO,0.0000,-12.6414,0.0000,-12.7018,0.0000,0.0000,0.000,0.000,,0.0,,,,,,,0,,0
12.1525,1790255227.901673,0.0205,0,,,0.000,,,0.0000,0.0000,0.0000,0.0000,0.0000,-13.0000,,,,CHO,0.0000,-12.6414,0.0000,-12.7018,0.0000,0.0000,0.000,0.000,,0.0,,,,,,,0,,0
12.1728,1790255227.922002,0.0203,0,,,0.000,,,0.0000,0.0000,0.0000,0.0000,0.0000,-13.0000,,,,CHO,0.0000,-12.6414,0.0000,-12.7018,0.0000,0.0000,0.000,0.000,,0.0,,,,,,,0,,0
12.1933,1790255227.942324,0.0205,0,,,0.000,,,0.0000,0.0000,0.0000,0.0000,0.0000,-13.0000,,,,CHO,0.0000,-12.6414,0.0000,-12.7018,0.0000,0.0000,0.000,0.000,,0.0,,,,,,,0,,0
12.2138,1790255227.962889,0.0205,0,,,0.000,,,0.0000,0.0000,0.0000,0.0000,0.0000,-13.0000,,,,CHO,0.0000,-12.6414,0.0000,-12.7018,0.0000,0.0000,0.000,0.000,,0.0,,,,,,,0,,0
12.2339,1790255227.982875,0.0201,0,,,0.000,,,0.0000,0.0000,0.0000,0.0000,0.0000,-13.0000,,,,CHO,0.0000,-12.6414,0.0000,-12.7018,0.0000,0.0000,0.000,0.000,,0.0,,,,,,,0,,0
12.2540,1790255228.003253,0.0201,0,,,0.000,,,0.0000,0.0000,0.0000,0.0000,0.0000,-13.0000,,,,CHO,0.0000,-12.6414,0.0000,-12.7018,0.0000,0.0000,0.000,0.000,,0.0,,,,,,,0,,0
12.2743,1790255228.023371,0.0203,0,,,0.000,,,0.0000,0.0000,0.0000,0.0000,0.0000,-13.0000,,,,CHO,0.0000,-12.6414,0.0000,-12.7018,0.0000,0.0000,0.000,0.000,,0.0,,,,,,,0,,0
12.2945,1790255228.043671,0.0202,0,,,0.000,,,0.0000,0.0000,0.0000,0.0000,0.0000,-13.0000,,,,CHO,0.0000,-12.6414,0.0000,-12.7018,0.0000,0.0000,0.000,0.000,,0.0,,,,,,,0,,0
12.3149,1790255228.064151,0.0204,0,,,0.000,,,0.0000,0.0000,0.0000,0.0000,0.0000,-13.0000,,,,CHO,0.0000,-12.6414,0.0000,-12.7018,0.0000,0.0000,0.000,0.000,,0.0,,,,,,,0,,0
12.3354,1790255228.084501,0.0204,0,,,0.000,,,0.0000,0.0000,0.0000,0.0000,0.0000,-13.0000,,,,CHO,0.0000,-12.6414,0.0000,-12.7018,0.0000,0.0000,0.000,0.000,,0.0,,,,,,,0,,0
12.3555,1790255228.104683,0.0201,0,,,0.000,,,0.0000,0.0000,0.0000,0.0000,0.0000,-13.0000,,,,CHO,0.0000,-12.6414,0.0000,-12.7018,0.0000,0.0000,0.000,0.000,,0.0,,,,,,,0,,0
12.3756,1790255228.124634,0.0202,0,,,0.000,,,0.0000,0.0000,0.0000,0.0000,0.0000,-13.0000,,,,CHO,0.0000,-12.6414,0.0000,-12.7018,0.0000,0.0000,0.000,0.000,,0.0,,,,,,,0,,0
12.3961,1790255228.145363,0.0205,0,,,0.000,,,0.0000,0.0000,0.0000,0.0000,0.0000,-13.0000,,,,CHO,0.0000,-12.6414,0.0000,-12.7018,0.0000,0.0000,0.000,0.000,,0.0,,,,,,,0,,0
12.4165,1790255228.165673,0.0203,0,,,0.000,,,0.0000,0.0000,0.0000,0.0000,0.0000,-13.0000,,,,CHO,0.0000,-12.6414,0.0000,-12.7018,0.0000,0.0000,0.000,0.000,,0.0,,,,,,,0,,0
12.4368,1790255228.185989,0.0204,0,,,0.000,,,0.0000,0.0000,0.0000,0.0000,0.0000,-13.0000,,,,CHO,0.0000,-12.6414,0.0000,-12.7018,0.0000,0.0000,0.000,0.000,,0.0,,,,,,,0,,0
12.4568,1790255228.205911,0.0200,0,,,0.000,,,0.0000,0.0000,0.0000,0.0000,0.0000,-13.0000,,,,CHO,0.0000,-12.6414,0.0000,-12.7018,0.0000,0.0000,0.000,0.000,,0.0,,,,,,,0,,0
12.4773,1790255228.226584,0.0205,0,,,0.000,,,0.0000,0.0000,0.0000,0.0000,0.0000,-13.0000,,,,CHO,0.0000,-12.6414,0.0000,-12.7018,0.0000,0.0000,0.000,0.000,,0.0,,,,,,,0,,0
12.4974,1790255228.246498,0.0201,0,,,0.000,,,0.0000,0.0000,0.0000,0.0000,0.0000,-13.0000,,,,CHO,0.0000,-12.6414,0.0000,-12.7018,0.0000,0.0000,0.000,0.000,,0.0,,,,,,,0,,0
12.5180,1790255228.267157,0.0205,0,,,0.000,,,0.0000,0.0000,0.0000,0.0000,0.0000,-13.0000,,,,CHO,0.0000,-12.6414,0.0000,-12.7018,0.0000,0.0000,0.000,0.000,,0.0,,,,,,,0,,0
12.5380,1790255228.287150,0.0200,0,,,0.000,,,0.0000,0.0000,0.0000,0.0000,0.0000,-13.0000,,,,CHO,0.0000,-12.6414,0.0000,-12.7018,0.0000,0.0000,0.000,0.000,,0.0,,,,,,,0,,0
12.5586,1790255228.307741,0.0206,0,,,0.000,,,0.0000,0.0000,0.0000,0.0000,0.0000,-13.0000,,,,CHO,0.0000,-12.6414,0.0000,-12.7018,0.0000,0.0000,0.000,0.000,,0.0,,,,,,,0,,0
12.5787,1790255228.327834,0.0201,0,,,0.000,,,0.0000,0.0000,0.0000,0.0000,0.0000,-13.0000,,,,CHO,0.0000,-12.6414,0.0000,-12.7018,0.0000,0.0000,0.000,0.000,,0.0,,,,,,,0,,0
12.5995,1790255228.348717,0.0208,0,,,0.000,,,0.0000,0.0000,0.0000,0.0000,0.0000,-13.0000,,,,CHO,0.0000,-12.6414,0.0000,-12.7018,0.0000,0.0000,0.000,0.000,,0.0,,,,,,,0,,0
12.6200,1790255228.369180,0.0205,0,,,0.000,,,0.0000,0.0000,0.0000,0.0000,0.0000,-13.0000,,,,CHO,0.0000,-12.6414,0.0000,-12.7018,0.0000,0.0000,0.000,0.000,,0.0,,,,,,,0,,0
12.6404,1790255228.389476,0.0204,0,,,0.000,,,0.0000,0.0000,0.0000,0.0000,0.0000,-13.0000,,,,CHO,0.0000,-12.6414,0.0000,-12.7018,0.0000,0.0000,0.000,0.000,,0.0,,,,,,,0,,0
12.6608,1790255228.410074,0.0205,0,,,0.000,,,0.0000,0.0000,0.0000,0.0000,0.0000,-13.0000,,,,CHO,0.0000,-12.6414,0.0000,-12.7018,0.0000,0.0000,0.000,0.000,,0.0,,,,,,,0,,0
12.6810,1790255228.430125,0.0202,0,,,0.000,,,0.0000,0.0000,0.0000,0.0000,0.0000,-13.0000,,,,CHO,0.0000,-12.6414,0.0000,-12.7018,0.0000,0.0000,0.000,0.000,,0.0,,,,,,,0,,0
12.7012,1790255228.450260,0.0201,0,,,0.000,,,0.0000,0.0000,0.0000,0.0000,0.0000,-13.0000,,,,CHO,0.0000,-12.6414,0.0000,-12.7018,0.0000,0.0000,0.000,0.000,,0.0,,,,,,,0,,0
12.7212,1790255228.470377,0.0200,0,,,0.000,,,0.0000,0.0000,0.0000,0.0000,0.0000,-13.0000,,,,CHO,0.0000,-12.6414,0.0000,-12.7018,0.0000,0.0000,0.000,0.000,,0.0,,,,,,,0,,0
12.7415,1790255228.490727,0.0203,0,,,0.000,,,0.0000,0.0000,0.0000,0.0000,0.0000,-13.0000,,,,CHO,0.0000,-12.6414,0.0000,-12.7018,0.0000,0.0000,0.000,0.000,,0.0,,,,,,,0,,0
12.7621,1790255228.511353,0.0206,0,,,0.000,,,0.0000,0.0000,0.0000,0.0000,0.0000,-13.0000,,,,CHO,0.0000,-12.6414,0.0000,-12.7018,0.0000,0.0000,0.000,0.000,,0.0,,,,,,,0,,0
12.7829,1790255228.532071,0.0207,0,,,0.000,,,0.0000,0.0000,0.0000,0.0000,0.0000,-13.0000,,,,CHO,0.0000,-12.6414,0.0000,-12.7018,0.0000,0.0000,0.000,0.000,,0.0,,,,,,,0,,0
12.8029,1790255228.551763,0.0200,0,,,0.000,,,0.0000,0.0000,0.0000,0.0000,0.0000,-13.0000,,,,CHO,0.0000,-12.6414,0.0000,-12.7018,0.0000,0.0000,0.000,0.000,,0.0,,,,,,,0,,0
12.8236,1790255228.572837,0.0207,0,,,0.000,,,0.0000,0.0000,0.0000,0.0000,0.0000,-13.0000,,,,CHO,0.0000,-12.6414,0.0000,-12.7018,0.0000,0.0000,0.000,0.000,,0.0,,,,,,,0,,0
12.8441,1790255228.593386,0.0205,0,,,0.000,,,0.0000,0.0000,0.0000,0.0000,0.0000,-13.0000,,,,CHO,0.0000,-12.6414,0.0000,-12.7018,0.0000,0.0000,0.000,0.000,,0.0,,,,,,,0,,0
12.8646,1790255228.613693,0.0205,0,,,0.000,,,0.0000,0.0000,0.0000,0.0000,0.0000,-13.0000,,,,CHO,0.0000,-12.6414,0.0000,-12.7018,0.0000,0.0000,0.000,0.000,,0.0,,,,,,,0,,0
12.8846,1790255228.633905,0.0200,0,,,0.000,,,0.0000,0.0000,0.0000,0.0000,0.0000,-13.0000,,,,CHO,0.0000,-12.6414,0.0000,-12.7018,0.0000,0.0000,0.000,0.000,,0.0,,,,,,,0,,0
12.9047,1790255228.653909,0.0200,0,,,0.000,,,0.0000,0.0000,0.0000,0.0000,0.0000,-13.0000,,,,CHO,0.0000,-12.6414,0.0000,-12.7018,0.0000,0.0000,0.000,0.000,,0.0,,,,,,,0,,0
12.9253,1790255228.674430,0.0206,0,,,0.000,,,0.0000,0.0000,0.0000,0.0000,0.0000,-13.0000,,,,CHO,0.0000,-12.6414,0.0000,-12.7018,0.0000,0.0000,0.000,0.000,,0.0,,,,,,,0,,0
12.9455,1790255228.694657,0.0202,0,,,0.000,,,0.0000,0.0000,0.0000,0.0000,0.0000,-13.0000,,,,CHO,0.0000,-12.6414,0.0000,-12.7018,0.0000,0.0000,0.000,0.000,,0.0,,,,,,,0,,0
12.9659,1790255228.715141,0.0204,0,,,0.000,,,0.0000,0.0000,0.0000,0.0000,0.0000,-13.0000,,,,CHO,0.0000,-12.6414,0.0000,-12.7018,0.0000,0.0000,0.000,0.000,,0.0,,,,,,,0,,0
12.9864,1790255228.735632,0.0205,0,,,0.000,,,0.0000,0.0000,0.0000,0.0000,0.0000,-13.0000,,,,CHO,0.0000,-12.6414,0.0000,-12.7018,0.0000,0.0000,0.000,0.000,,0.0,,,,,,,0,,0
13.0065,1790255228.755629,0.0201,0,,,0.000,,,0.0000,0.0000,0.0000,0.0000,0.0000,-13.0000,,,,CHO,0.0000,-12.6414,0.0000,-12.7018,0.0000,0.0000,0.000,0.000,,0.0,,,,,,,0,,0
13.0272,1790255228.776293,0.0207,0,,,0.000,,,0.0000,0.0000,0.0000,0.0000,0.0000,-13.0000,,,,CHO,0.0000,-12.6414,0.0000,-12.7018,0.0000,0.0000,0.000,0.000,,0.0,,,,,,,0,,0
13.0484,1790255228.797447,0.0212,0,,,0.000,,,0.0000,0.0000,0.0000,0.0000,0.0000,-13.0000,,,,CHO,0.0000,-12.6414,0.0000,-12.7018,0.0000,0.0000,0.000,0.000,,0.0,,,,,,,0,,0
13.0688,1790255228.817926,0.0203,0,,,0.000,,,0.0000,0.0000,0.0000,0.0000,0.0000,-13.0000,,,,CHO,0.0000,-12.6414,0.0000,-12.7018,0.0000,0.0000,0.000,0.000,,0.0,,,,,,,0,,0
13.0888,1790255228.838055,0.0200,0,,,0.000,,,0.0000,0.0000,0.0000,0.0000,0.0000,-13.0000,,,,CHO,0.0000,-12.6414,0.0000,-12.7018,0.0000,0.0000,0.000,0.000,,0.0,,,,,,,0,,0
13.1090,1790255228.858029,0.0202,0,,,0.000,,,0.0000,0.0000,0.0000,0.0000,0.0000,-13.0000,,,,CHO,0.0000,-12.6414,0.0000,-12.7018,0.0000,0.0000,0.000,0.000,,0.0,,,,,,,0,,0
13.1294,1790255228.878551,0.0204,0,,,0.000,,,0.0000,0.0000,0.0000,0.0000,0.0000,-13.0000,,,,CHO,0.0000,-12.6414,0.0000,-12.7018,0.0000,0.0000,0.000,0.000,,0.0,,,,,,,0,,0
13.1499,1790255228.898958,0.0205,0,,,0.000,,,0.0000,0.0000,0.0000,0.0000,0.0000,-13.0000,,,,CHO,0.0000,-12.6414,0.0000,-12.7018,0.0000,0.0000,0.000,0.000,,0.0,,,,,,,0,,0
13.1703,1790255228.919255,0.0204,0,,,0.000,,,0.0000,0.0000,0.0000,0.0000,0.0000,-13.0000,,,,CHO,0.0000,-12.6414,0.0000,-12.7018,0.0000,0.0000,0.000,0.000,,0.0,,,,,,,0,,0
13.1904,1790255228.939484,0.0200,0,,,0.000,,,0.0000,0.0000,0.0000,0.0000,0.0000,-13.0000,,,,CHO,0.0000,-12.6414,0.0000,-12.7018,0.0000,0.0000,0.000,0.000,,0.0,,,,,,,0,,0
13.2108,1790255228.959844,0.0204,0,,,0.000,,,0.0000,0.0000,0.0000,0.0000,0.0000,-13.0000,,,,CHO,0.0000,-12.6414,0.0000,-12.7018,0.0000,0.0000,0.000,0.000,,0.0,,,,,,,0,,0
13.2313,1790255228.980343,0.0206,0,,,0.000,,,0.0000,0.0000,0.0000,0.0000,0.0000,-13.0000,,,,CHO,0.0000,-12.6414,0.0000,-12.7018,0.0000,0.0000,0.000,0.000,,0.0,,,,,,,0,,0
13.2514,1790255229.000611,0.0200,0,,,0.000,,,0.0000,0.0000,0.0000,0.0000,0.0000,-13.0000,,,,CHO,0.0000,-12.6414,0.0000,-12.7018,0.0000,0.0000,0.000,0.000,,0.0,,,,,,,0,,0
13.2719,1790255229.021102,0.0205,0,,,0.000,,,0.0000,0.0000,0.0000,0.0000,0.0000,-13.0000,,,,CHO,0.0000,-12.6414,0.0000,-12.7018,0.0000,0.0000,0.000,0.000,,0.0,,,,,,,0,,0
13.2923,1790255229.041502,0.0204,0,,,0.000,,,0.0000,0.0000,0.0000,0.0000,0.0000,-13.0000,,,,CHO,0.0000,-12.6414,0.0000,-12.7018,0.0000,0.0000,0.000,0.000,,0.0,,,,,,,0,,0
13.3126,1790255229.061774,0.0203,0,,,0.000,,,0.0000,0.0000,0.0000,0.0000,0.0000,-13.0000,,,,CHO,0.0000,-12.6414,0.0000,-12.7018,0.0000,0.0000,0.000,0.000,,0.0,,,,,,,0,,0
13.3331,1790255229.082285,0.0205,0,,,0.000,,,0.0000,0.0000,0.0000,0.0000,0.0000,-13.0000,,,,CHO,0.0000,-12.6414,0.0000,-12.7018,0.0000,0.0000,0.000,0.000,,0.0,,,,,,,0,,0
13.3532,1790255229.102331,0.0201,0,,,0.000,,,0.0000,0.0000,0.0000,0.0000,0.0000,-13.0000,,,,CHO,0.0000,-12.6414,0.0000,-12.7018,0.0000,0.0000,0.000,0.000,,0.0,,,,,,,0,,0
13.3734,1790255229.122585,0.0202,0,,,0.000,,,0.0000,0.0000,0.0000,0.0000,0.0000,-13.0000,,,,CHO,0.0000,-12.6414,0.0000,-12.7018,0.0000,0.0000,0.000,0.000,,0.0,,,,,,,0,,0
13.3937,1790255229.142915,0.0203,0,,,0.000,,,0.0000,0.0000,0.0000,0.0000,0.0000,-13.0000,,,,CHO,0.0000,-12.6414,0.0000,-12.7018,0.0000,0.0000,0.000,0.000,,0.0,,,,,,,0,,0
13.4145,1790255229.163532,0.0208,0,,,0.000,,,0.0000,0.0000,0.0000,0.0000,0.0000,-13.0000,,,,CHO,0.0000,-12.6414,0.0000,-12.7018,0.0000,0.0000,0.000,0.000,,0.0,,,,,,,0,,0
13.4349,1790255229.184077,0.0204,0,,,0.000,,,0.0000,0.0000,0.0000,0.0000,0.0000,-13.0000,,,,CHO,0.0000,-12.6414,0.0000,-12.7018,0.0000,0.0000,0.000,0.000,,0.0,,,,,,,0,,0
13.4556,1790255229.204798,0.0207,0,,,0.000,,,0.0000,0.0000,0.0000,0.0000,0.0000,-13.0000,,,,CHO,0.0000,-12.6414,0.0000,-12.7018,0.0000,0.0000,0.000,0.000,,0.0,,,,,,,0,,0
13.4759,1790255229.224978,0.0203,0,,,0.000,,,0.0000,0.0000,0.0000,0.0000,0.0000,-13.0000,,,,CHO,0.0000,-12.6414,0.0000,-12.7018,0.0000,0.0000,0.000,0.000,,0.0,,,,,,,0,,0
13.4965,1790255229.245733,0.0206,0,,,0.000,,,0.0000,0.0000,0.0000,0.0000,0.0000,-13.0000,,,,CHO,0.0000,-12.6414,0.0000,-12.7018,0.0000,0.0000,0.000,0.000,,0.0,,,,,,,0,,0
13.5168,1790255229.266009,0.0203,0,,,0.000,,,0.0000,0.0000,0.0000,0.0000,0.0000,-13.0000,,,,CHO,0.0000,-12.6414,0.0000,-12.7018,0.0000,0.0000,0.000,0.000,,0.0,,,,,,,0,,0
13.5374,1790255229.286378,0.0207,0,,,0.000,,,0.0000,0.0000,0.0000,0.0000,0.0000,-13.0000,,,,CHO,0.0000,-12.6414,0.0000,-12.7018,0.0000,0.0000,0.000,0.000,,0.0,,,,,,,0,,0
13.5578,1790255229.306931,0.0203,0,,,0.000,,,0.0000,0.0000,0.0000,0.0000,0.0000,-13.0000,,,,CHO,0.0000,-12.6414,0.0000,-12.7018,0.0000,0.0000,0.000,0.000,,0.0,,,,,,,0,,0
13.5782,1790255229.327442,0.0205,0,,,0.000,,,0.0000,0.0000,0.0000,0.0000,0.0000,-13.0000,,,,CHO,0.0000,-12.6414,0.0000,-12.7018,0.0000,0.0000,0.000,0.000,,0.0,,,,,,,0,,0
13.5985,1790255229.347658,0.0203,0,,,0.000,,,0.0000,0.0000,0.0000,0.0000,0.0000,-13.0000,,,,CHO,0.0000,-12.6414,0.0000,-12.7018,0.0000,0.0000,0.000,0.000,,0.0,,,,,,,0,,0
13.6187,1790255229.367950,0.0202,0,,,0.000,,,0.0000,0.0000,0.0000,0.0000,0.0000,-13.0000,,,,CHO,0.0000,-12.6414,0.0000,-12.7018,0.0000,0.0000,0.000,0.000,,0.0,,,,,,,0,,0
13.6387,1790255229.387780,0.0200,0,,,0.000,,,0.0000,0.0000,0.0000,0.0000,0.0000,-13.0000,,,,CHO,0.0000,-12.6414,0.0000,-12.7018,0.0000,0.0000,0.000,0.000,,0.0,,,,,,,0,,0
13.6594,1790255229.408613,0.0207,0,,,0.000,,,0.0000,0.0000,0.0000,0.0000,0.0000,-13.0000,,,,CHO,0.0000,-12.6414,0.0000,-12.7018,0.0000,0.0000,0.000,0.000,,0.0,,,,,,,0,,0
13.6797,1790255229.428813,0.0203,0,,,0.000,,,0.0000,0.0000,0.0000,0.0000,0.0000,-13.0000,,,,CHO,0.0000,-12.6414,0.0000,-12.7018,0.0000,0.0000,0.000,0.000,,0.0,,,,,,,0,,0
13.6999,1790255229.449128,0.0202,0,,,0.000,,,0.0000,0.0000,0.0000,0.0000,0.0000,-13.0000,,,,CHO,0.0000,-12.6414,0.0000,-12.7018,0.0000,0.0000,0.000,0.000,,0.0,,,,,,,0,,0
13.7204,1790255229.469491,0.0206,0,,,0.000,,,0.0000,0.0000,0.0000,0.0000,0.0000,-13.0000,,,,CHO,0.0000,-12.6414,0.0000,-12.7018,0.0000,0.0000,0.000,0.000,,0.0,,,,,,,0,,0
13.7408,1790255229.490106,0.0204,0,,,0.000,,,0.0000,0.0000,0.0000,0.0000,0.0000,-13.0000,,,,CHO,0.0000,-12.6414,0.0000,-12.7018,0.0000,0.0000,0.000,0.000,,0.0,,,,,,,0,,0
13.7609,1790255229.510056,0.0200,0,,,0.000,,,0.0000,0.0000,0.0000,0.0000,0.0000,-13.0000,,,,CHO,0.0000,-12.6414,0.0000,-12.7018,0.0000,0.0000,0.000,0.000,,0.0,,,,,,,0,,0
13.7810,1790255229.530253,0.0201,0,,,0.000,,,0.0000,0.0000,0.0000,0.0000,0.0000,-13.0000,,,,CHO,0.0000,-12.6414,0.0000,-12.7018,0.0000,0.0000,0.000,0.000,,0.0,,,,,,,0,,0
13.8014,1790255229.550638,0.0204,0,,,0.000,,,0.0000,0.0000,0.0000,0.0000,0.0000,-13.0000,,,,CHO,0.0000,-12.6414,0.0000,-12.7018,0.0000,0.0000,0.000,0.000,,0.0,,,,,,,0,,0
13.8215,1790255229.570585,0.0201,0,,,0.000,,,0.0000,0.0000,0.0000,0.0000,0.0000,-13.0000,,,,CHO,0.0000,-12.6414,0.0000,-12.7018,0.0000,0.0000,0.000,0.000,,0.0,,,,,,,0,,0
13.8418,1790255229.590914,0.0203,0,,,0.000,,,0.0000,0.0000,0.0000,0.0000,0.0000,-13.0000,,,,CHO,0.0000,-12.6414,0.0000,-12.7018,0.0000,0.0000,0.000,0.000,,0.0,,,,,,,0,,0
13.8624,1790255229.611579,0.0206,0,,,0.000,,,0.0000,0.0000,0.0000,0.0000,0.0000,-13.0000,,,,CHO,0.0000,-12.6414,0.0000,-12.7018,0.0000,0.0000,0.000,0.000,,0.0,,,,,,,0,,0
13.8827,1790255229.631937,0.0203,0,,,0.000,,,0.0000,0.0000,0.0000,0.0000,0.0000,-13.0000,,,,CHO,0.0000,-12.6414,0.0000,-12.7018,0.0000,0.0000,0.000,0.000,,0.0,,,,,,,0,,0
13.9030,1790255229.652165,0.0203,0,,,0.000,,,0.0000,0.0000,0.0000,0.0000,0.0000,-13.0000,,,,CHO,0.0000,-12.6414,0.0000,-12.7018,0.0000,0.0000,0.000,0.000,,0.0,,,,,,,0,,0
13.9232,1790255229.672408,0.0202,0,,,0.000,,,0.0000,0.0000,0.0000,0.0000,0.0000,-13.0000,,,,CHO,0.0000,-12.6414,0.0000,-12.7018,0.0000,0.0000,0.000,0.000,,0.0,,,,,,,0,,0
13.9435,1790255229.692621,0.0202,0,,,0.000,,,0.0000,0.0000,0.0000,0.0000,0.0000,-13.0000,,,,CHO,0.0000,-12.6414,0.0000,-12.7018,0.0000,0.0000,0.000,0.000,,0.0,,,,,,,0,,0
13.9638,1790255229.712818,0.0203,0,,,0.000,,,0.0000,0.0000,0.0000,0.0000,0.0000,-13.0000,,,,CHO,0.0000,-12.6414,0.0000,-12.7018,0.0000,0.0000,0.000,0.000,,0.0,,,,,,,0,,0
13.9839,1790255229.733055,0.0201,0,,,0.000,,,0.0000,0.0000,0.0000,0.0000,0.0000,-13.0000,,,,CHO,0.0000,-12.6414,0.0000,-12.7018,0.0000,0.0000,0.000,0.000,,0.0,,,,,,,0,,0
14.0040,1790255229.753237,0.0202,0,,,0.000,,,0.0000,0.0000,0.0000,0.0000,0.0000,-13.0000,,,,CHO,0.0000,-12.6414,0.0000,-12.7018,0.0000,0.0000,0.000,0.000,,0.0,,,,,,,0,,0
14.0247,1790255229.773921,0.0207,0,,,0.000,,,0.0000,0.0000,0.0000,0.0000,0.0000,-13.0000,,,,CHO,0.0000,-12.6414,0.0000,-12.7018,0.0000,0.0000,0.000,0.000,,0.0,,,,,,,0,,0
14.0449,1790255229.794069,0.0202,0,,,0.000,,,0.0000,0.0000,0.0000,0.0000,0.0000,-13.0000,,,,CHO,0.0000,-12.6414,0.0000,-12.7018,0.0000,0.0000,0.000,0.000,,0.0,,,,,,,0,,0
14.0656,1790255229.814790,0.0207,0,,,0.000,,,0.0000,0.0000,0.0000,0.0000,0.0000,-13.0000,,,,CHO,0.0000,-12.6414,0.0000,-12.7018,0.0000,0.0000,0.000,0.000,,0.0,,,,,,,0,,0
14.0860,1790255229.835092,0.0204,0,,,0.000,,,0.0000,0.0000,0.0000,0.0000,0.0000,-13.0000,,,,CHO,0.0000,-12.6414,0.0000,-12.7018,0.0000,0.0000,0.000,0.000,,0.0,,,,,,,0,,0
14.1069,1790255229.856143,0.0209,0,,,0.000,,,0.0000,0.0000,0.0000,0.0000,0.0000,-13.0000,,,,CHO,0.0000,-12.6414,0.0000,-12.7018,0.0000,0.0000,0.000,0.000,,0.0,,,,,,,0,,0
14.1272,1790255229.876451,0.0203,0,,,0.000,,,0.0000,0.0000,0.0000,0.0000,0.0000,-13.0000,,,,CHO,0.0000,-12.6414,0.0000,-12.7018,0.0000,0.0000,0.000,0.000,,0.0,,,,,,,0,,0
14.1477,1790255229.896846,0.0204,0,,,0.000,,,0.0000,0.0000,0.0000,0.0000,0.0000,-13.0000,,,,CHO,0.0000,-12.6414,0.0000,-12.7018,0.0000,0.0000,0.000,0.000,,0.0,,,,,,,0,,0
14.1680,1790255229.917183,0.0203,0,,,0.000,,,0.0000,0.0000,0.0000,0.0000,0.0000,-13.0000,,,,CHO,0.0000,-12.6414,0.0000,-12.7018,0.0000,0.0000,0.000,0.000,,0.0,,,,,,,0,,0
14.1881,1790255229.937268,0.0200,0,,,0.000,,,0.0000,0.0000,0.0000,0.0000,0.0000,-13.0000,,,,CHO,0.0000,-12.6414,0.0000,-12.7018,0.0000,0.0000,0.000,0.000,,0.0,,,,,,,0,,0
14.2083,1790255229.957584,0.0203,0,,,0.000,,,0.0000,0.0000,0.0000,0.0000,0.0000,-13.0000,,,,CHO,0.0000,-12.6414,0.0000,-12.7018,0.0000,0.0000,0.000,0.000,,0.0,,,,,,,0,,0
14.2285,1790255229.977625,0.0202,0,,,0.000,,,0.0000,0.0000,0.0000,0.0000,0.0000,-13.0000,,,,CHO,0.0000,-12.6414,0.0000,-12.7018,0.0000,0.0000,0.000,0.000,,0.0,,,,,,,0,,0
14.2490,1790255229.998008,0.0204,0,,,0.000,,,0.0000,0.0000,0.0000,0.0000,0.0000,-13.0000,,,,CHO,0.0000,-12.6414,0.0000,-12.7018,0.0000,0.0000,0.000,0.000,,0.0,,,,,,,0,,0
14.2690,1790255230.018303,0.0201,0,,,0.000,,,0.0000,0.0000,0.0000,0.0000,0.0000,-13.0000,,,,CHO,0.0000,-12.6414,0.0000,-12.7018,0.0000,0.0000,0.000,0.000,,0.0,,,,,,,0,,0
14.2895,1790255230.038719,0.0204,0,,,0.000,,,0.0000,0.0000,0.0000,0.0000,0.0000,-13.0000,,,,CHO,0.0000,-12.6414,0.0000,-12.7018,0.0000,0.0000,0.000,0.000,,0.0,,,,,,,0,,0
14.3096,1790255230.058828,0.0201,0,,,0.000,,,0.0000,0.0000,0.0000,0.0000,0.0000,-13.0000,,,,CHO,0.0000,-12.6414,0.0000,-12.7018,0.0000,0.0000,0.000,0.000,,0.0,,,,,,,0,,0
14.3300,1790255230.079232,0.0204,0,,,0.000,,,0.0000,0.0000,0.0000,0.0000,0.0000,-13.0000,,,,CHO,0.0000,-12.6414,0.0000,-12.7018,0.0000,0.0000,0.000,0.000,,0.0,,,,,,,0,,0
14.3500,1790255230.099241,0.0200,0,,,0.000,,,0.0000,0.0000,0.0000,0.0000,0.0000,-13.0000,,,,CHO,0.0000,-12.6414,0.0000,-12.7018,0.0000,0.0000,0.000,0.000,,0.0,,,,,,,0,,0
14.3701,1790255230.119354,0.0201,0,,,0.000,,,0.0000,0.0000,0.0000,0.0000,0.0000,-13.0000,,,,CHO,0.0000,-12.6414,0.0000,-12.7018,0.0000,0.0000,0.000,0.000,,0.0,,,,,,,0,,0
14.3903,1790255230.139525,0.0202,0,,,0.000,,,0.0000,0.0000,0.0000,0.0000,0.0000,-13.0000,,,,CHO,0.0000,-12.6414,0.0000,-12.7018,0.0000,0.0000,0.000,0.000,,0.0,,,,,,,0,,0
14.4104,1790255230.159692,0.0201,0,,,0.000,,,0.0000,0.0000,0.0000,0.0000,0.0000,-13.0000,,,,CHO,0.0000,-12.6414,0.0000,-12.7018,0.0000,0.0000,0.000,0.000,,0.0,,,,,,,0,,0
14.4308,1790255230.179996,0.0204,0,,,0.000,,,0.0000,0.0000,0.0000,0.0000,0.0000,-13.0000,,,,CHO,0.0000,-12.6414,0.0000,-12.7018,0.0000,0.0000,0.000,0.000,,0.0,,,,,,,0,,0
14.4510,1790255230.200154,0.0201,0,,,0.000,,,0.0000,0.0000,0.0000,0.0000,0.0000,-13.0000,,,,CHO,0.0000,-12.6414,0.0000,-12.7018,0.0000,0.0000,0.000,0.000,,0.0,,,,,,,0,,0
14.4710,1790255230.220225,0.0201,0,,,0.000,,,0.0000,0.0000,0.0000,0.0000,0.0000,-13.0000,,,,CHO,0.0000,-12.6414,0.0000,-12.7018,0.0000,0.0000,0.000,0.000,,0.0,,,,,,,0,,0
14.4912,1790255230.240471,0.0202,0,,,0.000,,,0.0000,0.0000,0.0000,0.0000,0.0000,-13.0000,,,,CHO,0.0000,-12.6414,0.0000,-12.7018,0.0000,0.0000,0.000,0.000,,0.0,,,,,,,0,,0
14.5119,1790255230.261028,0.0206,0,,,0.000,,,0.0000,0.0000,0.0000,0.0000,0.0000,-13.0000,,,,CHO,0.0000,-12.6414,0.0000,-12.7018,0.0000,0.0000,0.000,0.000,,0.0,,,,,,,0,,0
14.5325,1790255230.281594,0.0206,0,,,0.000,,,0.0000,0.0000,0.0000,0.0000,0.0000,-13.0000,,,,CHO,0.0000,-12.6414,0.0000,-12.7018,0.0000,0.0000,0.000,0.000,,0.0,,,,,,,0,,0
14.5527,1790255230.301927,0.0202,0,,,0.000,,,0.0000,0.0000,0.0000,0.0000,0.0000,-13.0000,,,,CHO,0.0000,-12.6414,0.0000,-12.7018,0.0000,0.0000,0.000,0.000,,0.0,,,,,,,0,,0
14.5731,1790255230.322218,0.0204,0,,,0.000,,,0.0000,0.0000,0.0000,0.0000,0.0000,-13.0000,,,,CHO,0.0000,-12.6414,0.0000,-12.7018,0.0000,0.0000,0.000,0.000,,0.0,,,,,,,0,,0
14.5937,1790255230.342932,0.0206,0,,,0.000,,,0.0000,0.0000,0.0000,0.0000,0.0000,-13.0000,,,,CHO,0.0000,-12.6414,0.0000,-12.7018,0.0000,0.0000,0.000,0.000,,0.0,,,,,,,0,,0
14.6141,1790255230.362983,0.0204,0,,,0.000,,,0.0000,0.0000,0.0000,0.0000,0.0000,-13.0000,,,,CHO,0.0000,-12.6414,0.0000,-12.7018,0.0000,0.0000,0.000,0.000,,0.0,,,,,,,0,,0
14.6345,1790255230.383575,0.0204,0,,,0.000,,,0.0000,0.0000,0.0000,0.0000,0.0000,-13.0000,,,,CHO,0.0000,-12.6414,0.0000,-12.7018,0.0000,0.0000,0.000,0.000,,0.0,,,,,,,0,,0
14.6551,1790255230.404332,0.0206,0,,,0.000,,,0.0000,0.0000,0.0000,0.0000,0.0000,-13.0000,,,,CHO,0.0000,-12.6414,0.0000,-12.7018,0.0000,0.0000,0.000,0.000,,0.0,,,,,,,0,,0
14.6758,1790255230.424995,0.0207,0,,,0.000,,,0.0000,0.0000,0.0000,0.0000,0.0000,-13.0000,,,,CHO,0.0000,-12.6414,0.0000,-12.7018,0.0000,0.0000,0.000,0.000,,0.0,,,,,,,0,,0
14.6963,1790255230.445525,0.0205,0,,,0.000,,,0.0000,0.0000,0.0000,0.0000,0.0000,-13.0000,,,,CHO,0.0000,-12.6414,0.0000,-12.7018,0.0000,0.0000,0.000,0.000,,0.0,,,,,,,0,,0
14.7164,1790255230.465562,0.0201,0,,,0.000,,,0.0000,0.0000,0.0000,0.0000,0.0000,-13.0000,,,,CHO,0.0000,-12.6414,0.0000,-12.7018,0.0000,0.0000,0.000,0.000,,0.0,,,,,,,0,,0
14.7369,1790255230.486114,0.0205,0,,,0.000,,,0.0000,0.0000,0.0000,0.0000,0.0000,-13.0000,,,,CHO,0.0000,-12.6414,0.0000,-12.7018,0.0000,0.0000,0.000,0.000,,0.0,,,,,,,0,,0
14.7572,1790255230.506449,0.0203,0,,,0.000,,,0.0000,0.0000,0.0000,0.0000,0.0000,-13.0000,,,,CHO,0.0000,-12.6414,0.0000,-12.7018,0.0000,0.0000,0.000,0.000,,0.0,,,,,,,0,,0
14.7775,1790255230.526683,0.0203,0,,,0.000,,,0.0000,0.0000,0.0000,0.0000,0.0000,-13.0000,,,,CHO,0.0000,-12.6414,0.0000,-12.7018,0.0000,0.0000,0.000,0.000,,0.0,,,,,,,0,,0
14.7980,1790255230.547263,0.0205,0,,,0.000,,,0.0000,0.0000,0.0000,0.0000,0.0000,-13.0000,,,,CHO,0.0000,-12.6414,0.0000,-12.7018,0.0000,0.0000,0.000,0.000,,0.0,,,,,,,0,,0
14.8185,1790255230.567745,0.0205,0,,,0.000,,,0.0000,0.0000,0.0000,0.0000,0.0000,-13.0000,,,,CHO,0.0000,-12.6414,0.0000,-12.7018,0.0000,0.0000,0.000,0.000,,0.0,,,,,,,0,,0
14.8390,1790255230.588259,0.0205,0,,,0.000,,,0.0000,0.0000,0.0000,0.0000,0.0000,-13.0000,,,,CHO,0.0000,-12.6414,0.0000,-12.7018,0.0000,0.0000,0.000,0.000,,0.0,,,,,,,0,,0
14.8591,1790255230.608350,0.0201,0,,,0.000,,,0.0000,0.0000,0.0000,0.0000,0.0000,-13.0000,,,,CHO,0.0000,-12.6414,0.0000,-12.7018,0.0000,0.0000,0.000,0.000,,0.0,,,,,,,0,,0
14.8792,1790255230.628369,0.0200,0,,,0.000,,,0.0000,0.0000,0.0000,0.0000,0.0000,-13.0000,,,,CHO,0.0000,-12.6414,0.0000,-12.7018,0.0000,0.0000,0.000,0.000,,0.0,,,,,,,0,,0
14.8997,1790255230.648972,0.0206,0,,,0.000,,,0.0000,0.0000,0.0000,0.0000,0.0000,-13.0000,,,,CHO,0.0000,-12.6414,0.0000,-12.7018,0.0000,0.0000,0.000,0.000,,0.0,,,,,,,0,,0
14.9203,1790255230.669437,0.0206,0,,,0.000,,,0.0000,0.0000,0.0000,0.0000,0.0000,-13.0000,,,,CHO,0.0000,-12.6414,0.0000,-12.7018,0.0000,0.0000,0.000,0.000,,0.0,,,,,,,0,,0
14.9409,1790255230.690160,0.0206,0,,,0.000,,,0.0000,0.0000,0.0000,0.0000,0.0000,-13.0000,,,,CHO,0.0000,-12.6414,0.0000,-12.7018,0.0000,0.0000,0.000,0.000,,0.0,,,,,,,0,,0
14.9612,1790255230.710467,0.0203,0,,,0.000,,,0.0000,0.0000,0.0000,0.0000,0.0000,-13.0000,,,,CHO,0.0000,-12.6414,0.0000,-12.7018,0.0000,0.0000,0.000,0.000,,0.0,,,,,,,0,,0
14.9817,1790255230.730941,0.0205,0,,,0.000,,,0.0000,0.0000,0.0000,0.0000,0.0000,-13.0000,,,,CHO,0.0000,-12.6414,0.0000,-12.7018,0.0000,0.0000,0.000,0.000,,0.0,,,,,,,0,,0
15.0019,1790255230.751182,0.0202,0,,,0.000,,,0.0000,0.0000,0.0000,0.0000,0.0000,-13.0000,,,,CHO,0.0000,-12.6414,0.0000,-12.7018,0.0000,0.0000,0.000,0.000,,0.0,,,,,,,0,,0
15.0224,1790255230.771393,0.0204,0,,,0.000,,,0.0000,0.0000,0.0000,0.0000,0.0000,-13.0000,,,,CHO,0.0000,-12.6414,0.0000,-12.7018,0.0000,0.0000,0.000,0.000,,0.0,,,,,,,0,,0
15.0428,1790255230.792034,0.0204,0,,,0.000,,,0.0000,0.0000,0.0000,0.0000,0.0000,-13.0000,,,,CHO,0.0000,-12.6414,0.0000,-12.7018,0.0000,0.0000,0.000,0.000,,0.0,,,,,,,0,,0
15.0631,1790255230.812313,0.0203,0,,,0.000,,,0.0000,0.0000,0.0000,0.0000,0.0000,-13.0000,,,,CHO,0.0000,-12.6414,0.0000,-12.7018,0.0000,0.0000,0.000,0.000,,0.0,,,,,,,0,,0
15.0832,1790255230.832417,0.0201,0,,,0.000,,,0.0000,0.0000,0.0000,0.0000,0.0000,-13.0000,,,,CHO,0.0000,-12.6414,0.0000,-12.7018,0.0000,0.0000,0.000,0.000,,0.0,,,,,,,0,,0
15.1036,1790255230.852784,0.0204,0,,,0.000,,,0.0000,0.0000,0.0000,0.0000,0.0000,-13.0000,,,,CHO,0.0000,-12.6414,0.0000,-12.7018,0.0000,0.0000,0.000,0.000,,0.0,,,,,,,0,,0
15.1237,1790255230.872937,0.0201,0,,,0.000,,,0.0000,0.0000,0.0000,0.0000,0.0000,-13.0000,,,,CHO,0.0000,-12.6414,0.0000,-12.7018,0.0000,0.0000,0.000,0.000,,0.0,,,,,,,0,,0
15.1445,1790255230.893733,0.0208,0,,,0.000,,,0.0000,0.0000,0.0000,0.0000,0.0000,-13.0000,,,,CHO,0.0000,-12.6414,0.0000,-12.7018,0.0000,0.0000,0.000,0.000,,0.0,,,,,,,0,,0
15.1646,1790255230.913702,0.0200,0,,,0.000,,,0.0000,0.0000,0.0000,0.0000,0.0000,-13.0000,,,,CHO,0.0000,-12.6414,0.0000,-12.7018,0.0000,0.0000,0.000,0.000,,0.0,,,,,,,0,,0
15.1848,1790255230.934017,0.0202,0,,,0.000,,,0.0000,0.0000,0.0000,0.0000,0.0000,-13.0000,,,,CHO,0.0000,-12.6414,0.0000,-12.7018,0.0000,0.0000,0.000,0.000,,0.0,,,,,,,0,,0
15.2051,1790255230.954318,0.0203,0,,,0.000,,,0.0000,0.0000,0.0000,0.0000,0.0000,-13.0000,,,,CHO,0.0000,-12.6414,0.0000,-12.7018,0.0000,0.0000,0.000,0.000,,0.0,,,,,,,0,,0
15.2254,1790255230.974352,0.0203,0,,,0.000,,,0.0000,0.0000,0.0000,0.0000,0.0000,-13.0000,,,,CHO,0.0000,-12.6414,0.0000,-12.7018,0.0000,0.0000,0.000,0.000,,0.0,,,,,,,0,,0
15.2460,1790255230.995220,0.0206,0,,,0.000,,,0.0000,0.0000,0.0000,0.0000,0.0000,-13.0000,,,,CHO,0.0000,-12.6414,0.0000,-12.7018,0.0000,0.0000,0.000,0.000,,0.0,,,,,,,0,,0
15.2663,1790255231.015172,0.0203,0,,,0.000,,,0.0000,0.0000,0.0000,0.0000,0.0000,-13.0000,,,,CHO,0.0000,-12.6414,0.0000,-12.7018,0.0000,0.0000,0.000,0.000,,0.0,,,,,,,0,,0
15.2869,1790255231.036023,0.0207,0,,,0.000,,,0.0000,0.0000,0.0000,0.0000,0.0000,-13.0000,,,,CHO,0.0000,-12.6414,0.0000,-12.7018,0.0000,0.0000,0.000,0.000,,0.0,,,,,,,0,,0
15.3075,1790255231.056741,0.0206,0,,,0.000,,,0.0000,0.0000,0.0000,0.0000,0.0000,-13.0000,,,,CHO,0.0000,-12.6414,0.0000,-12.7018,0.0000,0.0000,0.000,0.000,,0.0,,,,,,,0,,0
15.3277,1790255231.076950,0.0202,0,,,0.000,,,0.0000,0.0000,0.0000,0.0000,0.0000,-13.0000,,,,CHO,0.0000,-12.6414,0.0000,-12.7018,0.0000,0.0000,0.000,0.000,,0.0,,,,,,,0,,0
15.3480,1790255231.097025,0.0202,0,,,0.000,,,0.0000,0.0000,0.0000,0.0000,0.0000,-13.0000,,,,CHO,0.0000,-12.6414,0.0000,-12.7018,0.0000,0.0000,0.000,0.000,,0.0,,,,,,,0,,0
15.3685,1790255231.117697,0.0206,0,,,0.000,,,0.0000,0.0000,0.0000,0.0000,0.0000,-13.0000,,,,CHO,0.0000,-12.6414,0.0000,-12.7018,0.0000,0.0000,0.000,0.000,,0.0,,,,,,,0,,0
15.3892,1790255231.138280,0.0207,0,,,0.000,,,0.0000,0.0000,0.0000,0.0000,0.0000,-13.0000,,,,CHO,0.0000,-12.6414,0.0000,-12.7018,0.0000,0.0000,0.000,0.000,,0.0,,,,,,,0,,0
15.4097,1790255231.159007,0.0205,0,,,0.000,,,0.0000,0.0000,0.0000,0.0000,0.0000,-13.0000,,,,CHO,0.0000,-12.6414,0.0000,-12.7018,0.0000,0.0000,0.000,0.000,,0.0,,,,,,,0,,0
15.4298,1790255231.178971,0.0201,0,,,0.000,,,0.0000,0.0000,0.0000,0.0000,0.0000,-13.0000,,,,CHO,0.0000,-12.6414,0.0000,-12.7018,0.0000,0.0000,0.000,0.000,,0.0,,,,,,,0,,0
15.4501,1790255231.199231,0.0203,0,,,0.000,,,0.0000,0.0000,0.0000,0.0000,0.0000,-13.0000,,,,CHO,0.0000,-12.6414,0.0000,-12.7018,0.0000,0.0000,0.000,0.000,,0.0,,,,,,,0,,0
15.4706,1790255231.219807,0.0205,0,,,0.000,,,0.0000,0.0000,0.0000,0.0000,0.0000,-13.0000,,,,CHO,0.0000,-12.6414,0.0000,-12.7018,0.0000,0.0000,0.000,0.000,,0.0,,,,,,,0,,0
15.4907,1790255231.239873,0.0202,0,,,0.000,,,0.0000,0.0000,0.0000,0.0000,0.0000,-13.0000,,,,CHO,0.0000,-12.6414,0.0000,-12.7018,0.0000,0.0000,0.000,0.000,,0.0,,,,,,,0,,0
15.5109,1790255231.259932,0.0202,0,,,0.000,,,0.0000,0.0000,0.0000,0.0000,0.0000,-13.0000,,,,CHO,0.0000,-12.6414,0.0000,-12.7018,0.0000,0.0000,0.000,0.000,,0.0,,,,,,,0,,0
15.5312,1790255231.280379,0.0203,0,,,0.000,,,0.0000,0.0000,0.0000,0.0000,0.0000,-13.0000,,,,CHO,0.0000,-12.6414,0.0000,-12.7018,0.0000,0.0000,0.000,0.000,,0.0,,,,,,,0,,0
15.5512,1790255231.300343,0.0200,0,,,0.000,,,0.0000,0.0000,0.0000,0.0000,0.0000,-13.0000,,,,CHO,0.0000,-12.6414,0.0000,-12.7018,0.0000,0.0000,0.000,0.000,,0.0,,,,,,,0,,0
15.5714,1790255231.320619,0.0202,0,,,0.000,,,0.0000,0.0000,0.0000,0.0000,0.0000,-13.0000,,,,CHO,0.0000,-12.6414,0.0000,-12.7018,0.0000,0.0000,0.000,0.000,,0.0,,,,,,,0,,0
15.5922,1790255231.341434,0.0208,0,,,0.000,,,0.0000,0.0000,0.0000,0.0000,0.0000,-13.0000,,,,CHO,0.0000,-12.6414,0.0000,-12.7018,0.0000,0.0000,0.000,0.000,,0.0,,,,,,,0,,0
15.6123,1790255231.361353,0.0201,0,,,0.000,,,0.0000,0.0000,0.0000,0.0000,0.0000,-13.0000,,,,CHO,0.0000,-12.6414,0.0000,-12.7018,0.0000,0.0000,0.000,0.000,,0.0,,,,,,,0,,0
15.6329,1790255231.382082,0.0206,0,,,0.000,,,0.0000,0.0000,0.0000,0.0000,0.0000,-13.0000,,,,CHO,0.0000,-12.6414,0.0000,-12.7018,0.0000,0.0000,0.000,0.000,,0.0,,,,,,,0,,0
15.6535,1790255231.402676,0.0206,0,,,0.000,,,0.0000,0.0000,0.0000,0.0000,0.0000,-13.0000,,,,CHO,0.0000,-12.6414,0.0000,-12.7018,0.0000,0.0000,0.000,0.000,,0.0,,,,,,,0,,0
15.6736,1790255231.422658,0.0202,0,,,0.000,,,0.0000,0.0000,0.0000,0.0000,0.0000,-13.0000,,,,CHO,0.0000,-12.6414,0.0000,-12.7018,0.0000,0.0000,0.000,0.000,,0.0,,,,,,,0,,0
15.6943,1790255231.443411,0.0206,0,,,0.000,,,0.0000,0.0000,0.0000,0.0000,0.0000,-13.0000,,,,CHO,0.0000,-12.6414,0.0000,-12.7018,0.0000,0.0000,0.000,0.000,,0.0,,,,,,,0,,0
15.7147,1790255231.463919,0.0204,0,,,0.000,,,0.0000,0.0000,0.0000,0.0000,0.0000,-13.0000,,,,CHO,0.0000,-12.6414,0.0000,-12.7018,0.0000,0.0000,0.000,0.000,,0.0,,,,,,,0,,0
15.7347,1790255231.483977,0.0200,0,,,0.000,,,0.0000,0.0000,0.0000,0.0000,0.0000,-13.0000,,,,CHO,0.0000,-12.6414,0.0000,-12.7018,0.0000,0.0000,0.000,0.000,,0.0,,,,,,,0,,0
15.7549,1790255231.504113,0.0201,0,,,0.000,,,0.0000,0.0000,0.0000,0.0000,0.0000,-13.0000,,,,CHO,0.0000,-12.6414,0.0000,-12.7018,0.0000,0.0000,0.000,0.000,,0.0,,,,,,,0,,0
15.7749,1790255231.524061,0.0200,0,,,0.000,,,0.0000,0.0000,0.0000,0.0000,0.0000,-13.0000,,,,CHO,0.0000,-12.6414,0.0000,-12.7018,0.0000,0.0000,0.000,0.000,,0.0,,,,,,,0,,0
15.7951,1790255231.544185,0.0203,0,,,0.000,,,0.0000,0.0000,0.0000,0.0000,0.0000,-13.0000,,,,CHO,0.0000,-12.6414,0.0000,-12.7018,0.0000,0.0000,0.000,0.000,,0.0,,,,,,,0,,0
15.8159,1790255231.565019,0.0208,0,,,0.000,,,0.0000,0.0000,0.0000,0.0000,0.0000,-13.0000,,,,CHO,0.0000,-12.6414,0.0000,-12.7018,0.0000,0.0000,0.000,0.000,,0.0,,,,,,,0,,0
15.8367,1790255231.585864,0.0207,0,,,0.000,,,0.0000,0.0000,0.0000,0.0000,0.0000,-13.0000,,,,CHO,0.0000,-12.6414,0.0000,-12.7018,0.0000,0.0000,0.000,0.000,,0.0,,,,,,,0,,0
15.8567,1790255231.605966,0.0201,0,,,0.000,,,0.0000,0.0000,0.0000,0.0000,0.0000,-13.0000,,,,CHO,0.0000,-12.6414,0.0000,-12.7018,0.0000,0.0000,0.000,0.000,,0.0,,,,,,,0,,0
