t,epoch_s,dt,co_do,u,v,conf,theta_m,phi_m,theta_hat,dtheta_hat,phi_hat,dphi_hat,theta_du_doan,phi_du_doan,ld_huong,ld_cu_ly,ld_toc_do,trang_thai,theta_s,phi_s,theta_cmd,phi_cmd,e_theta,e_phi,u_theta,u_phi,nis,t_inf,e_px,ld_id,iff_ket,iff_ly_do,iff_ms,the_che_do,luot,nhan,dang_do
0.0203,1790254719.958559,0.0203,0,,,0.000,,,0.0000,0.0000,0.0000,0.0000,0.0000,-13.0000,,,,CHO,0.0000,0.0000,0.0000,-0.1654,0.0000,-13.0000,0.000,-8.134,,0.0,,,,,,BAN,0,,0
0.0407,1790254719.978971,0.0204,0,,,0.000,,,0.0000,0.0000,0.0000,0.0000,0.0000,-13.0000,,,,CHO,0.0000,0.0000,0.0000,-0.4981,0.0000,-13.0000,0.000,-16.298,,0.0,,,,,,BAN,0,,0
0.0609,1790254719.999052,0.0202,0,,,0.000,,,0.0000,0.0000,0.0000,0.0000,0.0000,-13.0000,,,,CHO,0.0000,0.0000,0.0000,-0.9889,0.0000,-13.0000,0.000,-24.359,,0.0,,,,,,BAN,0,,0
0.0810,1790254720.019732,0.0201,0,,,0.000,,,0.0000,0.0000,0.0000,0.0000,0.0000,-13.0000,,,,CHO,0.0000,0.0000,0.0000,-1.6408,0.0000,-13.0000,0.000,-32.405,,0.0,,,,,,BAN,0,,0
0.1014,1790254720.039592,0.0204,0,,,0.000,,,0.0000,0.0000,0.0000,0.0000,0.0000,-13.0000,,,,CHO,0.0000,0.0000,0.0000,-2.4664,0.0000,-13.0000,0.000,-40.549,,0.0,,,,,,BAN,0,,0
0.1217,1790254720.059922,0.0203,0,,,0.000,,,0.0000,0.0000,0.0000,0.0000,0.0000,-13.0000,,,,CHO,0.0000,0.0000,0.0000,-3.4563,0.0000,-13.0000,0.000,-48.683,,0.0,,,,,,BAN,0,,0
0.1426,1790254720.080763,0.0209,0,,,0.000,,,0.0000,0.0000,0.0000,0.0000,0.0000,-13.0000,,,,CHO,0.0000,-0.0524,0.0000,-4.6460,0.0000,-12.9476,0.000,-57.027,,0.0,,,,,,BAN,0,,0
0.1626,1790254720.100823,0.0200,0,,,0.000,,,0.0000,0.0000,0.0000,0.0000,0.0000,-13.0000,,,,CHO,0.0000,-0.1896,0.0000,-5.9224,0.0000,-12.8104,0.000,-63.745,,0.0,,,,,,BAN,0,,0
0.1829,1790254720.121093,0.0203,0,,,0.000,,,0.0000,0.0000,0.0000,0.0000,0.0000,-13.0000,,,,CHO,0.0000,-0.4379,0.0000,-7.1823,0.0000,-12.5621,0.000,-62.147,,0.0,,,,,,BAN,0,,0
0.2030,1790254720.141237,0.0202,0,,,0.000,,,0.0000,0.0000,0.0000,0.0000,0.0000,-13.0000,,,,CHO,0.0000,-0.8099,0.0000,-8.3873,0.0000,-12.1901,0.000,-59.798,,0.0,,,,,,BAN,0,,0
0.2232,1790254720.161466,0.0202,0,,,0.000,,,0.0000,0.0000,0.0000,0.0000,0.0000,-13.0000,,,,CHO,0.0000,-1.3237,0.0000,-9.5327,0.0000,-11.6763,0.000,-56.611,,0.0,,,,,,BAN,0,,0
0.2437,1790254720.181908,0.0204,0,,,0.000,,,0.0000,0.0000,0.0000,0.0000,0.0000,-13.0000,,,,CHO,0.0000,-1.9897,0.0000,-10.6065,0.0000,-11.0103,0.000,-52.549,,0.0,,,,,,BAN,0,,0
0.2642,1790254720.202452,0.0206,0,,,0.000,,,0.0000,0.0000,0.0000,0.0000,0.0000,-13.0000,,,,CHO,0.0000,-2.8227,0.0000,-11.5840,0.0000,-10.1773,0.000,-47.541,,0.0,,,,,,BAN,0,,0
0.2846,1790254720.222806,0.0203,0,,,0.000,,,0.0000,0.0000,0.0000,0.0000,0.0000,-13.0000,,,,CHO,0.0000,-3.7876,0.0000,-12.4349,0.0000,-9.2124,0.000,-41.835,,0.0,,,,,,BAN,0,,0
0.3047,1790254720.242905,0.0201,0,,,0.000,,,0.0000,0.0000,0.0000,0.0000,0.0000,-13.0000,,,,CHO,0.0000,-4.8358,0.0000,-13.1538,0.0000,-8.1642,0.000,-35.761,,0.0,,,,,,BAN,0,,0
0.3251,1790254720.263370,0.0205,0,,,0.000,,,0.0000,0.0000,0.0000,0.0000,0.0000,-13.0000,,,,CHO,0.0000,-5.9457,0.0000,-13.7570,0.0000,-7.0543,0.000,-29.489,,0.0,,,,,,BAN,0,,0
0.3452,1790254720.283389,0.0201,0,,,0.000,,,0.0000,0.0000,0.0000,0.0000,0.0000,-13.0000,,,,CHO,0.0000,-7.0514,0.0000,-14.2260,0.0000,-5.9486,0.000,-23.385,,0.0,,,,,,BAN,0,,0
0.3656,1790254720.303808,0.0204,0,,,0.000,,,0.0000,0.0000,0.0000,0.0000,0.0000,-13.0000,,,,CHO,0.0000,-8.1614,0.0000,-14.5817,0.0000,-4.8386,0.000,-17.415,,0.0,,,,,,BAN,0,,0
0.3858,1790254720.324041,0.0202,0,,,0.000,,,0.0000,0.0000,0.0000,0.0000,0.0000,-13.0000,,,,CHO,0.0000,-9.2214,0.0000,-14.8212,0.0000,-3.7786,0.000,-11.860,,0.0,,,,,,BAN,0,,0
0.4061,1790254720.344313,0.0203,0,,,0.000,,,0.0000,0.0000,0.0000,0.0000,0.0000,-13.0000,,,,CHO,0.0000,-10.2215,0.0000,-14.9590,0.0000,-2.7785,0.000,-6.779,,0.0,,,,,,BAN,0,,0
0.4263,1790254720.364555,0.0202,0,,,0.000,,,0.0000,0.0000,0.0000,0.0000,0.0000,-13.0000,,,,CHO,0.0000,-11.1295,0.0000,-15.0059,0.0000,-1.8705,0.000,-2.324,,0.0,,,,,,BAN,0,,0
0.4467,1790254720.384886,0.0203,0,,,0.000,,,0.0000,0.0000,0.0000,0.0000,0.0000,-13.0000,,,,CHO,0.0000,-11.9472,0.0000,-14.9748,0.0000,-1.0528,0.000,1.532,,0.0,,,,,,BAN,0,,0
0.4672,1790254720.405437,0.0206,0,,,0.000,,,0.0000,0.0000,0.0000,0.0000,0.0000,-13.0000,,,,CHO,0.0000,-12.6618,0.0000,-14.8427,0.0000,0.0000,0.000,6.423,,0.0,,,,,,BAN,0,,0
0.4877,1790254720.425948,0.0205,0,,,0.000,,,0.0000,0.0000,0.0000,0.0000,0.0000,-13.0000,,,,CHO,0.0000,-13.2627,0.0000,-14.7208,0.0000,0.0000,0.000,5.946,,0.0,,,,,,BAN,0,,0
0.5079,1790254720.446118,0.0202,0,,,0.000,,,0.0000,0.0000,0.0000,0.0000,0.0000,-13.0000,,,,CHO,0.0000,-13.7452,0.0000,-14.6119,0.0000,0.0000,0.000,5.398,,0.0,,,,,,BAN,0,,0
0.5280,1790254720.466229,0.0201,0,,,0.000,,,0.0000,0.0000,0.0000,0.0000,0.0000,-13.0000,,,,CHO,0.0000,-14.1199,0.0000,-14.4030,0.0000,1.1199,0.000,10.395,,0.0,,,,,,BAN,0,,0
0.5486,1790254720.486797,0.0206,0,,,0.000,,,0.0000,0.0000,0.0000,0.0000,0.0000,-13.0000,,,,CHO,0.0000,-14.3832,0.0000,-14.1759,0.0000,1.3832,0.000,11.033,,0.0,,,,,,BAN,0,,0
0.5968,1790254720.535627,0.0482,0,,,0.000,,,0.0000,0.0000,0.0000,0.0000,0.0000,-13.0000,,,,CHO,0.0000,-14.6209,0.0000,-13.6549,0.0000,1.6209,0.000,10.804,,0.0,,,,,,BAN,0,,0
0.6172,1790254720.555400,0.0204,0,,,0.000,,,0.0000,0.0000,0.0000,0.0000,0.0000,-13.0000,,,,CHO,0.0000,-14.6520,0.0000,-13.4433,0.0000,1.6520,0.000,10.381,,0.0,,,,,,BAN,0,,0
0.6374,1790254720.575607,0.0202,0,,,0.000,,,0.0000,0.0000,0.0000,0.0000,0.0000,-13.0000,,,,CHO,0.0000,-14.6396,0.0000,-13.2453,0.0000,1.6396,0.000,9.804,,0.0,,,,,,BAN,0,,0
0.6578,1790254720.595898,0.0204,0,,,0.000,,,0.0000,0.0000,0.0000,0.0000,0.0000,-13.0000,,,,CHO,0.0000,-14.5657,0.0000,-13.0628,0.0000,1.5657,0.000,8.931,,0.0,,,,,,BAN,0,,0
0.6788,1790254720.617062,0.0210,0,,,0.000,,,0.0000,0.0000,0.0000,0.0000,0.0000,-13.0000,,,,CHO,0.0000,-14.4416,0.0000,-12.8981,0.0000,1.4416,0.000,7.833,,0.0,,,,,,BAN,0,,0
0.6993,1790254720.637725,0.0204,0,,,0.000,,,0.0000,0.0000,0.0000,0.0000,0.0000,-13.0000,,,,CHO,0.0000,-14.3586,0.0000,-12.7525,0.0000,1.3586,0.000,7.129,,0.0,,,,,,BAN,0,,0
0.7196,1790254720.657820,0.0203,0,,,0.000,,,0.0000,0.0000,0.0000,0.0000,0.0000,-13.0000,,,,CHO,0.0000,-14.1396,0.0000,-12.6391,0.0000,1.1396,0.000,5.578,,0.0,,,,,,BAN,0,,0
0.7398,1790254720.678005,0.0202,0,,,0.000,,,0.0000,0.0000,0.0000,0.0000,0.0000,-13.0000,,,,CHO,0.0000,-13.9237,0.0000,-12.6485,0.0000,0.0000,0.000,-0.465,,0.0,,,,,,BAN,0,,0
0.7600,1790254720.698186,0.0202,0,,,0.000,,,0.0000,0.0000,0.0000,0.0000,0.0000,-13.0000,,,,CHO,0.0000,-13.7135,0.0000,-12.6630,0.0000,0.0000,0.000,-0.720,,0.0,,,,,,BAN,0,,0
0.7808,1790254720.718835,0.0208,0,,,0.000,,,0.0000,0.0000,0.0000,0.0000,0.0000,-13.0000,,,,CHO,0.0000,-13.5081,0.0000,-12.6817,0.0000,0.0000,0.000,-0.901,,0.0,,,,,,BAN,0,,0
0.8013,1790254720.739323,0.0205,0,,,0.000,,,0.0000,0.0000,0.0000,0.0000,0.0000,-13.0000,,,,CHO,0.0000,-13.3174,0.0000,-12.7025,0.0000,0.0000,0.000,-1.018,,0.0,,,,,,BAN,0,,0
0.8214,1790254720.759447,0.0201,0,,,0.000,,,0.0000,0.0000,0.0000,0.0000,0.0000,-13.0000,,,,CHO,0.0000,-13.1429,0.0000,-12.7243,0.0000,0.0000,0.000,-1.084,,0.0,,,,,,BAN,0,,0
0.8415,1790254720.779652,0.0201,0,,,0.000,,,0.0000,0.0000,0.0000,0.0000,0.0000,-13.0000,,,,CHO,0.0000,-12.9874,0.0000,-12.7465,0.0000,0.0000,0.000,-1.102,,0.0,,,,,,BAN,0,,0
0.8619,1790254720.800105,0.0204,0,,,0.000,,,0.0000,0.0000,0.0000,0.0000,0.0000,-13.0000,,,,CHO,0.0000,-12.8786,0.0000,-12.7675,0.0000,0.0000,0.000,-1.030,,0.0,,,,,,BAN,0,,0
0.8822,1790254720.820416,0.0203,0,,,0.000,,,0.0000,0.0000,0.0000,0.0000,0.0000,-13.0000,,,,CHO,0.0000,-12.8041,0.0000,-12.7862,0.0000,0.0000,0.000,-0.918,,0.0,,,,,,BAN,0,,0
0.9031,1790254720.841176,0.0209,0,,,0.000,,,0.0000,0.0000,0.0000,0.0000,0.0000,-13.0000,,,,CHO,0.0000,-12.7518,0.0000,-12.8027,0.0000,0.0000,0.000,-0.789,,0.0,,,,,,BAN,0,,0
0.9233,1790254720.861467,0.0202,0,,,0.000,,,0.0000,0.0000,0.0000,0.0000,0.0000,-13.0000,,,,CHO,0.0000,-12.7169,0.0000,-12.8161,0.0000,0.0000,0.000,-0.666,,0.0,,,,,,BAN,0,,0
0.9437,1790254720.881889,0.0205,0,,,0.000,,,0.0000,0.0000,0.0000,0.0000,0.0000,-13.0000,,,,CHO,0.0000,-12.6926,0.0000,-12.8274,0.0000,0.0000,0.000,-0.551,,0.0,,,,,,BAN,0,,0
0.9638,1790254720.902031,0.0201,0,,,0.000,,,0.0000,0.0000,0.0000,0.0000,0.0000,-13.0000,,,,CHO,0.0000,-12.7092,0.0000,-12.8353,0.0000,0.0000,0.000,-0.395,,0.0,,,,,,BAN,0,,0
0.9840,1790254720.922269,0.0202,0,,,0.000,,,0.0000,0.0000,0.0000,0.0000,0.0000,-13.0000,,,,CHO,0.0000,-12.7208,0.0000,-12.8410,0.0000,0.0000,0.000,-0.283,,0.0,,,,,,BAN,0,,0
1.0041,1790254720.942321,0.0201,0,,,0.000,,,0.0000,0.0000,0.0000,0.0000,0.0000,-13.0000,,,,CHO,0.0000,-12.7287,0.0000,-12.8451,0.0000,0.0000,0.000,-0.204,,0.0,,,,,,BAN,0,,0
1.0247,1790254720.962870,0.0206,0,,,0.000,,,0.0000,0.0000,0.0000,0.0000,0.0000,-13.0000,,,,CHO,0.0000,-12.7343,0.0000,-12.8481,0.0000,0.0000,0.000,-0.146,,0.0,,,,,,BAN,0,,0
1.0449,1790254720.983114,0.0202,0,,,0.000,,,0.0000,0.0000,0.0000,0.0000,0.0000,-13.0000,,,,CHO,0.0000,-12.7381,0.0000,-12.8503,0.0000,0.0000,0.000,-0.106,,0.0,,,,,,BAN,0,,0
1.0656,1790254721.003682,0.0207,0,,,0.000,,,0.0000,0.0000,0.0000,0.0000,0.0000,-13.0000,,,,CHO,0.0000,-12.7407,0.0000,-12.8518,0.0000,0.0000,0.000,-0.076,,0.0,,,,,,BAN,0,,0
1.0862,1790254721.024330,0.0205,0,,,0.000,,,0.0000,0.0000,0.0000,0.0000,0.0000,-13.0000,,,,CHO,0.0000,-12.7425,0.0000,-12.8530,0.0000,0.0000,0.000,-0.055,,0.0,,,,,,BAN,0,,0
1.1063,1790254721.044436,0.0201,0,,,0.000,,,0.0000,0.0000,0.0000,0.0000,0.0000,-13.0000,,,,CHO,0.0000,-12.7437,0.0000,-12.8538,0.0000,0.0000,0.000,-0.040,,0.0,,,,,,BAN,0,,0
1.1269,1790254721.065124,0.0206,0,,,0.000,,,0.0000,0.0000,0.0000,0.0000,0.0000,-13.0000,,,,CHO,0.0000,-12.7446,0.0000,-12.8544,0.0000,0.0000,0.000,-0.029,,0.0,,,,,,BAN,0,,0
1.1470,1790254721.085219,0.0201,0,,,0.000,,,0.0000,0.0000,0.0000,0.0000,0.0000,-13.0000,,,,CHO,0.0000,-12.7765,0.0000,-12.8537,0.0000,0.0000,0.000,0.033,,0.0,,,,,,BAN,0,,0
1.1671,1790254721.105233,0.0201,0,,,0.000,,,0.0000,0.0000,0.0000,0.0000,0.0000,-13.0000,,,,CHO,0.0000,-12.7986,0.0000,-12.8524,0.0000,0.0000,0.000,0.063,,0.0,,,,,,BAN,0,,0
1.1874,1790254721.125643,0.0204,0,,,0.000,,,0.0000,0.0000,0.0000,0.0000,0.0000,-13.0000,,,,CHO,0.0000,-12.8140,0.0000,-12.8509,0.0000,0.0000,0.000,0.075,,0.0,,,,,,BAN,0,,0
1.2076,1790254721.145743,0.0201,0,,,0.000,,,0.0000,0.0000,0.0000,0.0000,0.0000,-13.0000,,,,CHO,0.0000,-12.8246,0.0000,-12.8494,0.0000,0.0000,0.000,0.076,,0.0,,,,,,BAN,0,,0
1.2278,1790254721.165939,0.0202,0,,,0.000,,,0.0000,0.0000,0.0000,0.0000,0.0000,-13.0000,,,,CHO,0.0000,-12.8319,0.0000,-12.8480,0.0000,0.0000,0.000,0.071,,0.0,,,,,,BAN,0,,0
1.2479,1790254721.185940,0.0201,0,,,0.000,,,0.0000,0.0000,0.0000,0.0000,0.0000,-13.0000,,,,CHO,0.0000,-12.8369,0.0000,-12.8467,0.0000,0.0000,0.000,0.063,,0.0,,,,,,BAN,0,,0
1.2681,1790254721.206309,0.0202,0,,,0.000,,,0.0000,0.0000,0.0000,0.0000,0.0000,-13.0000,,,,CHO,0.0000,-12.8404,0.0000,-12.8456,0.0000,0.0000,0.000,0.054,,0.0,,,,,,BAN,0,,0
1.2884,1790254721.226662,0.0204,0,,,0.000,,,0.0000,0.0000,0.0000,0.0000,0.0000,-13.0000,,,,CHO,0.0000,-12.8428,0.0000,-12.8447,0.0000,0.0000,0.000,0.046,,0.0,,,,,,BAN,0,,0
1.3087,1790254721.246871,0.0203,0,,,0.000,,,0.0000,0.0000,0.0000,0.0000,0.0000,-13.0000,,,,CHO,0.0000,-12.8444,0.0000,-12.8439,0.0000,0.0000,0.000,0.038,,0.0,,,,,,BAN,0,,0
1.3287,1790254721.266930,0.0200,0,,,0.000,,,0.0000,0.0000,0.0000,0.0000,0.0000,-13.0000,,,,CHO,0.0000,-12.8456,0.0000,-12.8433,0.0000,0.0000,0.000,0.031,,0.0,,,,,,BAN,0,,0
1.3487,1790254721.286891,0.0200,0,,,0.000,,,0.0000,0.0000,0.0000,0.0000,0.0000,-13.0000,,,,CHO,0.0000,-12.8464,0.0000,-12.8428,0.0000,0.0000,0.000,0.025,,0.0,,,,,,BAN,0,,0
1.3689,1790254721.306907,0.0201,0,,,0.000,,,0.0000,0.0000,0.0000,0.0000,0.0000,-13.0000,,,,CHO,0.0000,-12.8469,0.0000,-12.8423,0.0000,0.0000,0.000,0.020,,0.0,,,,,,BAN,0,,0
1.3892,1790254721.327394,0.0203,0,,,0.000,,,0.0000,0.0000,0.0000,0.0000,0.0000,-13.0000,,,,CHO,0.0000,-12.8473,0.0000,-12.8420,0.0000,0.0000,0.000,0.016,,0.0,,,,,,BAN,0,,0
1.4100,1790254721.348074,0.0208,0,,,0.000,,,0.0000,0.0000,0.0000,0.0000,0.0000,-13.0000,,,,CHO,0.0000,-12.8476,0.0000,-12.8417,0.0000,0.0000,0.000,0.013,,0.0,,,,,,BAN,0,,0
1.4300,1790254721.368121,0.0201,0,,,0.000,,,0.0000,0.0000,0.0000,0.0000,0.0000,-13.0000,,,,CHO,0.0000,-12.8477,0.0000,-12.8415,0.0000,0.0000,0.000,0.010,,0.0,,,,,,BAN,0,,0
1.4504,1790254721.388591,0.0203,0,,,0.000,,,0.0000,0.0000,0.0000,0.0000,0.0000,-13.0000,,,,CHO,0.0000,-12.8479,0.0000,-12.8414,0.0000,0.0000,0.000,0.008,,0.0,,,,,,BAN,0,,0
1.4708,1790254721.408947,0.0204,0,,,0.000,,,0.0000,0.0000,0.0000,0.0000,0.0000,-13.0000,,,,CHO,0.0000,-12.8479,0.0000,-12.8412,0.0000,0.0000,0.000,0.006,,0.0,,,,,,BAN,0,,0
1.4908,1790254721.428994,0.0201,0,,,0.000,,,0.0000,0.0000,0.0000,0.0000,0.0000,-13.0000,,,,CHO,0.0000,-12.8480,0.0000,-12.8411,0.0000,0.0000,0.000,0.005,,0.0,,,,,,BAN,0,,0
1.5113,1790254721.449516,0.0205,0,,,0.000,,,0.0000,0.0000,0.0000,0.0000,0.0000,-13.0000,,,,CHO,0.0000,-12.8480,0.0000,-12.8411,0.0000,0.0000,0.000,0.004,,0.0,,,,,,BAN,0,,0
1.5317,1790254721.469866,0.0204,0,,,0.000,,,0.0000,0.0000,0.0000,0.0000,0.0000,-13.0000,,,,CHO,0.0000,-12.8481,0.0000,-12.8410,0.0000,0.0000,0.000,0.003,,0.0,,,,,,BAN,0,,0
1.5524,1790254721.490442,0.0206,0,,,0.000,,,0.0000,0.0000,0.0000,0.0000,0.0000,-13.0000,,,,CHO,0.0000,-12.8481,0.0000,-12.8410,0.0000,0.0000,0.000,0.002,,0.0,,,,,,BAN,0,,0
1.5727,1790254721.510813,0.0203,0,,,0.000,,,0.0000,0.0000,0.0000,0.0000,0.0000,-13.0000,,,,CHO,0.0000,-12.8481,0.0000,-12.8409,0.0000,0.0000,0.000,0.002,,0.0,,,,,,BAN,0,,0
1.5929,1790254721.530916,0.0202,0,,,0.000,,,0.0000,0.0000,0.0000,0.0000,0.0000,-13.0000,,,,CHO,0.0000,-12.8481,0.0000,-12.8409,0.0000,0.0000,0.000,0.001,,0.0,,,,,,BAN,0,,0
1.6135,1790254721.551728,0.0207,0,,,0.000,,,0.0000,0.0000,0.0000,0.0000,0.0000,-13.0000,,,,CHO,0.0000,-12.8481,0.0000,-12.8409,0.0000,0.0000,0.000,0.001,,0.0,,,,,,BAN,0,,0
1.6338,1790254721.571836,0.0203,0,,,0.000,,,0.0000,0.0000,0.0000,0.0000,0.0000,-13.0000,,,,CHO,0.0000,-12.8481,0.0000,-12.8409,0.0000,0.0000,0.000,0.001,,0.0,,,,,,BAN,0,,0
1.6539,1790254721.592008,0.0201,0,,,0.000,,,0.0000,0.0000,0.0000,0.0000,0.0000,-13.0000,,,,CHO,0.0000,-12.8481,0.0000,-12.8408,0.0000,0.0000,0.000,0.001,,0.0,,,,,,BAN,0,,0
1.6739,1790254721.612017,0.0200,0,,,0.000,,,0.0000,0.0000,0.0000,0.0000,0.0000,-13.0000,,,,CHO,0.0000,-12.8481,0.0000,-12.8408,0.0000,0.0000,0.000,0.001,,0.0,,,,,,BAN,0,,0
1.6942,1790254721.632374,0.0203,0,,,0.000,,,0.0000,0.0000,0.0000,0.0000,0.0000,-13.0000,,,,CHO,0.0000,-12.8481,0.0000,-12.8408,0.0000,0.0000,0.000,0.000,,0.0,,,,,,BAN,0,,0
1.7149,1790254721.653041,0.0206,0,,,0.000,,,0.0000,0.0000,0.0000,0.0000,0.0000,-13.0000,,,,CHO,0.0000,-12.8481,0.0000,-12.8408,0.0000,0.0000,0.000,0.000,,0.0,,,,,,BAN,0,,0
1.7356,1790254721.673591,0.0207,0,,,0.000,,,0.0000,0.0000,0.0000,0.0000,0.0000,-13.0000,,,,CHO,0.0000,-12.8481,0.0000,-12.8408,0.0000,0.0000,0.000,0.000,,0.0,,,,,,BAN,0,,0
1.7563,1790254721.694414,0.0207,0,,,0.000,,,0.0000,0.0000,0.0000,0.0000,0.0000,-13.0000,,,,CHO,0.0000,-12.8481,0.0000,-12.8408,0.0000,0.0000,0.000,0.000,,0.0,,,,,,BAN,0,,0
1.7770,1790254721.715154,0.0207,0,,,0.000,,,0.0000,0.0000,0.0000,0.0000,0.0000,-13.0000,,,,CHO,0.0000,-12.8481,0.0000,-12.8408,0.0000,0.0000,0.000,0.000,,0.0,,,,,,BAN,0,,0
1.7976,1790254721.735769,0.0206,0,,,0.000,,,0.0000,0.0000,0.0000,0.0000,0.0000,-13.0000,,,,CHO,0.0000,-12.8481,0.0000,-12.8408,0.0000,0.0000,0.000,0.000,,0.0,,,,,,BAN,0,,0
1.8178,1790254721.756007,0.0202,0,,,0.000,,,0.0000,0.0000,0.0000,0.0000,0.0000,-13.0000,,,,CHO,0.0000,-12.8481,0.0000,-12.8408,0.0000,0.0000,0.000,0.000,,0.0,,,,,,BAN,0,,0
1.8384,1790254721.776430,0.0206,0,,,0.000,,,0.0000,0.0000,0.0000,0.0000,0.0000,-13.0000,,,,CHO,0.0000,-12.8481,0.0000,-12.8408,0.0000,0.0000,0.000,0.000,,0.0,,,,,,BAN,0,,0
1.8587,1790254721.796965,0.0204,0,,,0.000,,,0.0000,0.0000,0.0000,0.0000,0.0000,-13.0000,,,,CHO,0.0000,-12.8481,0.0000,-12.8408,0.0000,0.0000,0.000,0.000,,0.0,,,,,,BAN,0,,0
1.8791,1790254721.817302,0.0203,0,,,0.000,,,0.0000,0.0000,0.0000,0.0000,0.0000,-13.0000,,,,CHO,0.0000,-12.8481,0.0000,-12.8408,0.0000,0.0000,0.000,0.000,,0.0,,,,,,BAN,0,,0
1.8995,1790254721.837593,0.0204,0,,,0.000,,,0.0000,0.0000,0.0000,0.0000,0.0000,-13.0000,,,,CHO,0.0000,-12.8481,0.0000,-12.8408,0.0000,0.0000,0.000,0.000,,0.0,,,,,,BAN,0,,0
1.9200,1790254721.858166,0.0205,0,,,0.000,,,0.0000,0.0000,0.0000,0.0000,0.0000,-13.0000,,,,CHO,0.0000,-12.8481,0.0000,-12.8408,0.0000,0.0000,0.000,0.000,,0.0,,,,,,BAN,0,,0
1.9402,1790254721.878416,0.0202,0,,,0.000,,,0.0000,0.0000,0.0000,0.0000,0.0000,-13.0000,,,,CHO,0.0000,-12.8481,0.0000,-12.8408,0.0000,0.0000,0.000,0.000,,0.0,,,,,,BAN,0,,0
1.9604,1790254721.898500,0.0202,0,,,0.000,,,0.0000,0.0000,0.0000,0.0000,0.0000,-13.0000,,,,CHO,0.0000,-12.8481,0.0000,-12.8408,0.0000,0.0000,0.000,0.000,,0.0,,,,,,BAN,0,,0
1.9806,1790254721.918860,0.0202,0,,,0.000,,,0.0000,0.0000,0.0000,0.0000,0.0000,-13.0000,,,,CHO,0.0000,-12.8481,0.0000,-12.8408,0.0000,0.0000,0.000,0.000,,0.0,,,,,,BAN,0,,0
2.0008,1790254721.938971,0.0202,0,,,0.000,,,0.0000,0.0000,0.0000,0.0000,0.0000,-13.0000,,,,CHO,0.0000,-12.8481,0.0000,-12.8408,0.0000,0.0000,0.000,0.000,,0.0,,,,,,BAN,0,,0
2.0212,1790254721.959340,0.0203,0,,,0.000,,,0.0000,0.0000,0.0000,0.0000,0.0000,-13.0000,,,,CHO,0.0000,-12.8481,0.0000,-12.8408,0.0000,0.0000,0.000,0.000,,0.0,,,,,,BAN,0,,0
2.0416,1790254721.979818,0.0205,0,,,0.000,,,0.0000,0.0000,0.0000,0.0000,0.0000,-13.0000,,,,CHO,0.0000,-12.8481,0.0000,-12.8408,0.0000,0.0000,0.000,0.000,,0.0,,,,,,BAN,0,,0
2.0617,1790254721.999878,0.0200,0,,,0.000,,,0.0000,0.0000,0.0000,0.0000,0.0000,-13.0000,,,,CHO,0.0000,-12.8481,0.0000,-12.8408,0.0000,0.0000,0.000,0.000,,0.0,,,,,,BAN,0,,0
2.0822,1790254722.020328,0.0205,0,,,0.000,,,0.0000,0.0000,0.0000,0.0000,0.0000,-13.0000,,,,CHO,0.0000,-12.8481,0.0000,-12.8408,0.0000,0.0000,0.000,0.000,,0.0,,,,,,BAN,0,,0
2.1023,1790254722.040553,0.0202,0,,,0.000,,,0.0000,0.0000,0.0000,0.0000,0.0000,-13.0000,,,,CHO,0.0000,-12.8481,0.0000,-12.8408,0.0000,0.0000,0.000,0.000,,0.0,,,,,,BAN,0,,0
2.1225,1790254722.060617,0.0201,0,,,0.000,,,0.0000,0.0000,0.0000,0.0000,0.0000,-13.0000,,,,CHO,0.0000,-12.8481,0.0000,-12.8408,0.0000,0.0000,0.000,0.000,,0.0,,,,,,BAN,0,,0
2.1425,1790254722.080720,0.0200,0,,,0.000,,,0.0000,0.0000,0.0000,0.0000,0.0000,-13.0000,,,,CHO,0.0000,-12.8481,0.0000,-12.8408,0.0000,0.0000,0.000,0.000,,0.0,,,,,,BAN,0,,0
2.1627,1790254722.100963,0.0202,0,,,0.000,,,0.0000,0.0000,0.0000,0.0000,0.0000,-13.0000,,,,CHO,0.0000,-12.8481,0.0000,-12.8408,0.0000,0.0000,0.000,0.000,,0.0,,,,,,BAN,0,,0
2.1831,1790254722.121199,0.0203,0,,,0.000,,,0.0000,0.0000,0.0000,0.0000,0.0000,-13.0000,,,,CHO,0.0000,-12.8481,0.0000,-12.8408,0.0000,0.0000,0.000,0.000,,0.0,,,,,,BAN,0,,0
2.2032,1790254722.141397,0.0201,0,,,0.000,,,0.0000,0.0000,0.0000,0.0000,0.0000,-13.0000,,,,CHO,0.0000,-12.8481,0.0000,-12.8408,0.0000,0.0000,0.000,0.000,,0.0,,,,,,BAN,0,,0
2.2233,1790254722.161478,0.0201,0,,,0.000,,,0.0000,0.0000,0.0000,0.0000,0.0000,-13.0000,,,,CHO,0.0000,-12.8481,0.0000,-12.8408,0.0000,0.0000,0.000,0.000,,0.0,,,,,,BAN,0,,0
2.2439,1790254722.182098,0.0206,0,,,0.000,,,0.0000,0.0000,0.0000,0.0000,0.0000,-13.0000,,,,CHO,0.0000,-12.8481,0.0000,-12.8408,0.0000,0.0000,0.000,0.000,,0.0,,,,,,BAN,0,,0
2.2639,1790254722.202028,0.0200,0,,,0.000,,,0.0000,0.0000,0.0000,0.0000,0.0000,-13.0000,,,,CHO,0.0000,-12.8481,0.0000,-12.8408,0.0000,0.0000,0.000,0.000,,0.0,,,,,,BAN,0,,0
2.2841,1790254722.222292,0.0202,0,,,0.000,,,0.0000,0.0000,0.0000,0.0000,0.0000,-13.0000,,,,CHO,0.0000,-12.8481,0.0000,-12.8408,0.0000,0.0000,0.000,0.000,,0.0,,,,,,BAN,0,,0
2.3046,1790254722.242753,0.0205,0,,,0.000,,,0.0000,0.0000,0.0000,0.0000,0.0000,-13.0000,,,,CHO,0.0000,-12.8481,0.0000,-12.8408,0.0000,0.0000,0.000,0.000,,0.0,,,,,,BAN,0,,0
2.3250,1790254722.263228,0.0205,0,,,0.000,,,0.0000,0.0000,0.0000,0.0000,0.0000,-13.0000,,,,CHO,0.0000,-12.8481,0.0000,-12.8408,0.0000,0.0000,0.000,0.000,,0.0,,,,,,BAN,0,,0
2.3459,1790254722.283937,0.0208,0,,,0.000,,,0.0000,0.0000,0.0000,0.0000,0.0000,-13.0000,,,,CHO,0.0000,-12.8481,0.0000,-12.8408,0.0000,0.0000,0.000,0.000,,0.0,,,,,,BAN,0,,0
2.3664,1790254722.304442,0.0205,0,,,0.000,,,0.0000,0.0000,0.0000,0.0000,0.0000,-13.0000,,,,CHO,0.0000,-12.8481,0.0000,-12.8408,0.0000,0.0000,0.000,0.000,,0.0,,,,,,BAN,0,,0
2.3869,1790254722.324987,0.0205,0,,,0.000,,,0.0000,0.0000,0.0000,0.0000,0.0000,-13.0000,,,,CHO,0.0000,-12.8481,0.0000,-12.8408,0.0000,0.0000,0.000,0.000,,0.0,,,,,,BAN,0,,0
2.4069,1790254722.345160,0.0201,0,,,0.000,,,0.0000,0.0000,0.0000,0.0000,0.0000,-13.0000,,,,CHO,0.0000,-12.8481,0.0000,-12.8408,0.0000,0.0000,0.000,0.000,,0.0,,,,,,BAN,0,,0
2.4273,1790254722.365523,0.0204,0,,,0.000,,,0.0000,0.0000,0.0000,0.0000,0.0000,-13.0000,,,,CHO,0.0000,-12.8481,0.0000,-12.8408,0.0000,0.0000,0.000,0.000,,0.0,,,,,,BAN,0,,0
2.4476,1790254722.385808,0.0203,0,,,0.000,,,0.0000,0.0000,0.0000,0.0000,0.0000,-13.0000,,,,CHO,0.0000,-12.8481,0.0000,-12.8408,0.0000,0.0000,0.000,0.000,,0.0,,,,,,BAN,0,,0
2.4677,1790254722.405869,0.0200,0,,,0.000,,,0.0000,0.0000,0.0000,0.0000,0.0000,-13.0000,,,,CHO,0.0000,-12.8481,0.0000,-12.8408,0.0000,0.0000,0.000,0.000,,0.0,,,,,,BAN,0,,0
2.4880,1790254722.426159,0.0203,0,,,0.000,,,0.0000,0.0000,0.0000,0.0000,0.0000,-13.0000,,,,CHO,0.0000,-12.8481,0.0000,-12.8408,0.0000,0.0000,0.000,0.000,,0.0,,,,,,BAN,0,,0
2.5082,1790254722.446422,0.0202,0,,,0.000,,,0.0000,0.0000,0.0000,0.0000,0.0000,-13.0000,,,,CHO,0.0000,-12.8481,0.0000,-12.8408,0.0000,0.0000,0.000,0.000,,0.0,,,,,,BAN,0,,0
2.5286,1790254722.466840,0.0204,0,,,0.000,,,0.0000,0.0000,0.0000,0.0000,0.0000,-13.0000,,,,CHO,0.0000,-12.8481,0.0000,-12.8408,0.0000,0.0000,0.000,0.000,,0.0,,,,,,BAN,0,,0
2.5488,1790254722.486988,0.0202,0,,,0.000,,,0.0000,0.0000,0.0000,0.0000,0.0000,-13.0000,,,,CHO,0.0000,-12.8481,0.0000,-12.8408,0.0000,0.0000,0.000,0.000,,0.0,,,,,,BAN,0,,0
2.5689,1790254722.507112,0.0201,0,,,0.000,,,0.0000,0.0000,0.0000,0.0000,0.0000,-13.0000,,,,CHO,0.0000,-12.8481,0.0000,-12.8408,0.0000,0.0000,0.000,0.000,,0.0,,,,,,BAN,0,,0
2.5896,1790254722.527598,0.0207,0,,,0.000,,,0.0000,0.0000,0.0000,0.0000,0.0000,-13.0000,,,,CHO,0.0000,-12.8481,0.0000,-12.8408,0.0000,0.0000,0.000,0.000,,0.0,,,,,,BAN,0,,0
2.6098,1790254722.547957,0.0202,0,,,0.000,,,0.0000,0.0000,0.0000,0.0000,0.0000,-13.0000,,,,CHO,0.0000,-12.8481,0.0000,-12.8408,0.0000,0.0000,0.000,0.000,,0.0,,,,,,BAN,0,,0
2.6304,1790254722.568542,0.0206,0,,,0.000,,,0.0000,0.0000,0.0000,0.0000,0.0000,-13.0000,,,,CHO,0.0000,-12.8481,0.0000,-12.8408,0.0000,0.0000,0.000,0.000,,0.0,,,,,,BAN,0,,0
2.6513,1790254722.589551,0.0209,0,,,0.000,,,0.0000,0.0000,0.0000,0.0000,0.0000,-13.0000,,,,CHO,0.0000,-12.8481,0.0000,-12.8408,0.0000,0.0000,0.000,0.000,,0.0,,,,,,BAN,0,,0
2.6717,1790254722.609727,0.0203,0,,,0.000,,,0.0000,0.0000,0.0000,0.0000,0.0000,-13.0000,,,,CHO,0.0000,-12.8481,0.0000,-12.8408,0.0000,0.0000,0.000,0.000,,0.0,,,,,,BAN,0,,0
2.6921,1790254722.630237,0.0204,0,,,0.000,,,0.0000,0.0000,0.0000,0.0000,0.0000,-13.0000,,,,CHO,0.0000,-12.8481,0.0000,-12.8408,0.0000,0.0000,0.000,0.000,,0.0,,,,,,BAN,0,,0
2.7124,1790254722.650461,0.0203,0,,,0.000,,,0.0000,0.0000,0.0000,0.0000,0.0000,-13.0000,,,,CHO,0.0000,-12.8481,0.0000,-12.8408,0.0000,0.0000,0.000,0.000,,0.0,,,,,,BAN,0,,0
2.7330,1790254722.671022,0.0205,0,,,0.000,,,0.0000,0.0000,0.0000,0.0000,0.0000,-13.0000,,,,CHO,0.0000,-12.8481,0.0000,-12.8408,0.0000,0.0000,0.000,0.000,,0.0,,,,,,BAN,0,,0
2.7533,1790254722.691493,0.0203,0,,,0.000,,,0.0000,0.0000,0.0000,0.0000,0.0000,-13.0000,,,,CHO,0.0000,-12.8481,0.0000,-12.8408,0.0000,0.0000,0.000,0.000,,0.0,,,,,,BAN,0,,0
2.7735,1790254722.711592,0.0203,0,,,0.000,,,0.0000,0.0000,0.0000,0.0000,0.0000,-13.0000,,,,CHO,0.0000,-12.8481,0.0000,-12.8408,0.0000,0.0000,0.000,0.000,,0.0,,,,,,BAN,0,,0
2.7944,1790254722.732425,0.0208,0,,,0.000,,,0.0000,0.0000,0.0000,0.0000,0.0000,-13.0000,,,,CHO,0.0000,-12.8481,0.0000,-12.8408,0.0000,0.0000,0.000,0.000,,0.0,,,,,,BAN,0,,0
2.8146,1790254722.752629,0.0202,0,,,0.000,,,0.0000,0.0000,0.0000,0.0000,0.0000,-13.0000,,,,CHO,0.0000,-12.8481,0.0000,-12.8408,0.0000,0.0000,0.000,0.000,,0.0,,,,,,BAN,0,,0
2.8346,1790254722.772664,0.0200,0,,,0.000,,,0.0000,0.0000,0.0000,0.0000,0.0000,-13.0000,,,,CHO,0.0000,-12.8481,0.0000,-12.8408,0.0000,0.0000,0.000,0.000,,0.0,,,,,,BAN,0,,0
2.8553,1790254722.793455,0.0207,0,,,0.000,,,0.0000,0.0000,0.0000,0.0000,0.0000,-13.0000,,,,CHO,0.0000,-12.8481,0.0000,-12.8408,0.0000,0.0000,0.000,0.000,,0.0,,,,,,BAN,0,,0
2.8758,1790254722.813953,0.0205,0,,,0.000,,,0.0000,0.0000,0.0000,0.0000,0.0000,-13.0000,,,,CHO,0.0000,-12.8481,0.0000,-12.8408,0.0000,0.0000,0.000,0.000,,0.0,,,,,,BAN,0,,0
2.8959,1790254722.834101,0.0201,0,,,0.000,,,0.0000,0.0000,0.0000,0.0000,0.0000,-13.0000,,,,CHO,0.0000,-12.8481,0.0000,-12.8408,0.0000,0.0000,0.000,0.000,,0.0,,,,,,BAN,0,,0
2.9168,1790254722.855060,0.0209,0,,,0.000,,,0.0000,0.0000,0.0000,0.0000,0.0000,-13.0000,,,,CHO,0.0000,-12.8481,0.0000,-12.8408,0.0000,0.0000,0.000,0.000,,0.0,,,,,,BAN,0,,0
2.9376,1790254722.875660,0.0208,0,,,0.000,,,0.0000,0.0000,0.0000,0.0000,0.0000,-13.0000,,,,CHO,0.0000,-12.8481,0.0000,-12.8408,0.0000,0.0000,0.000,0.000,,0.0,,,,,,BAN,0,,0
2.9579,1790254722.896137,0.0203,0,,,0.000,,,0.0000,0.0000,0.0000,0.0000,0.0000,-13.0000,,,,CHO,0.0000,-12.8481,0.0000,-12.8408,0.0000,0.0000,0.000,0.000,,0.0,,,,,,BAN,0,,0
2.9784,1790254722.916535,0.0205,0,,,0.000,,,0.0000,0.0000,0.0000,0.0000,0.0000,-13.0000,,,,CHO,0.0000,-12.8481,0.0000,-12.8408,0.0000,0.0000,0.000,0.000,,0.0,,,,,,BAN,0,,0
2.9989,1790254722.937025,0.0204,0,,,0.000,,,0.0000,0.0000,0.0000,0.0000,0.0000,-13.0000,,,,CHO,0.0000,-12.8481,0.0000,-12.8408,0.0000,0.0000,0.000,0.000,,0.0,,,,,,BAN,0,,0
3.0191,1790254722.957236,0.0203,0,,,0.000,,,0.0000,0.0000,0.0000,0.0000,0.0000,-13.0000,,,,CHO,0.0000,-12.8481,0.0000,-12.8408,0.0000,0.0000,0.000,0.000,,0.0,,,,,,BAN,0,,0
3.0396,1790254722.977790,0.0204,0,,,0.000,,,0.0000,0.0000,0.0000,0.0000,0.0000,-13.0000,,,,CHO,0.0000,-12.8481,0.0000,-12.8408,0.0000,0.0000,0.000,0.000,,0.0,,,,,,BAN,0,,0
3.0601,1790254722.998320,0.0205,0,,,0.000,,,0.0000,0.0000,0.0000,0.0000,0.0000,-13.0000,,,,CHO,0.0000,-12.8481,0.0000,-12.8408,0.0000,0.0000,0.000,0.000,,0.0,,,,,,BAN,0,,0
3.0807,1790254723.018767,0.0205,0,,,0.000,,,0.0000,0.0000,0.0000,0.0000,0.0000,-13.0000,,,,CHO,0.0000,-12.8481,0.0000,-12.8408,0.0000,0.0000,0.000,0.000,,0.0,,,,,,BAN,0,,0
3.1009,1790254723.039130,0.0203,0,,,0.000,,,0.0000,0.0000,0.0000,0.0000,0.0000,-13.0000,,,,CHO,0.0000,-12.8481,0.0000,-12.8408,0.0000,0.0000,0.000,0.000,,0.0,,,,,,BAN,0,,0
3.1216,1790254723.059757,0.0207,0,,,0.000,,,0.0000,0.0000,0.0000,0.0000,0.0000,-13.0000,,,,CHO,0.0000,-12.8481,0.0000,-12.8408,0.0000,0.0000,0.000,0.000,,0.0,,,,,,BAN,0,,0
3.1421,1790254723.080242,0.0205,0,,,0.000,,,0.0000,0.0000,0.0000,0.0000,0.0000,-13.0000,,,,CHO,0.0000,-12.8481,0.0000,-12.8408,0.0000,0.0000,0.000,0.000,,0.0,,,,,,BAN,0,,0
3.1622,1790254723.100383,0.0201,0,,,0.000,,,0.0000,0.0000,0.0000,0.0000,0.0000,-13.0000,,,,CHO,0.0000,-12.8481,0.0000,-12.8408,0.0000,0.0000,0.000,0.000,,0.0,,,,,,BAN,0,,0
3.1827,1790254723.120821,0.0206,0,,,0.000,,,0.0000,0.0000,0.0000,0.0000,0.0000,-13.0000,,,,CHO,0.0000,-12.8481,0.0000,-12.8408,0.0000,0.0000,0.000,0.000,,0.0,,,,,,BAN,0,,0
3.2031,1790254723.141243,0.0204,0,,,0.000,,,0.0000,0.0000,0.0000,0.0000,0.0000,-13.0000,,,,CHO,0.0000,-12.8481,0.0000,-12.8408,0.0000,0.0000,0.000,0.000,,0.0,,,,,,BAN,0,,0
3.2234,1790254723.161630,0.0203,0,,,0.000,,,0.0000,0.0000,0.0000,0.0000,0.0000,-13.0000,,,,CHO,0.0000,-12.8481,0.0000,-12.8408,0.0000,0.0000,0.000,0.000,,0.0,,,,,,BAN,0,,0
3.2438,1790254723.181936,0.0204,0,,,0.000,,,0.0000,0.0000,0.0000,0.0000,0.0000,-13.0000,,,,CHO,0.0000,-12.8481,0.0000,-12.8408,0.0000,0.0000,0.000,0.000,,0.0,,,,,,BAN,0,,0
3.2640,1790254723.202033,0.0202,0,,,0.000,,,0.0000,0.0000,0.0000,0.0000,0.0000,-13.0000,,,,CHO,0.0000,-12.8481,0.0000,-12.8408,0.0000,0.0000,0.000,0.000,,0.0,,,,,,BAN,0,,0
3.2846,1790254723.222660,0.0206,0,,,0.000,,,0.0000,0.0000,0.0000,0.0000,0.0000,-13.0000,,,,CHO,0.0000,-12.8481,0.0000,-12.8408,0.0000,0.0000,0.000,0.000,,0.0,,,,,,BAN,0,,0
3.3052,1790254723.243297,0.0206,0,,,0.000,,,0.0000,0.0000,0.0000,0.0000,0.0000,-13.0000,,,,CHO,0.0000,-12.8481,0.0000,-12.8408,0.0000,0.0000,0.000,0.000,,0.0,,,,,,BAN,0,,0
3.3255,1790254723.263569,0.0203,0,,,0.000,,,0.0000,0.0000,0.0000,0.0000,0.0000,-13.0000,,,,CHO,0.0000,-12.8481,0.0000,-12.8408,0.0000,0.0000,0.000,0.000,,0.0,,,,,,BAN,0,,0
3.3456,1790254723.283715,0.0201,0,,,0.000,,,0.0000,0.0000,0.0000,0.0000,0.0000,-13.0000,,,,CHO,0.0000,-12.8481,0.0000,-12.8408,0.0000,0.0000,0.000,0.000,,0.0,,,,,,BAN,0,,0
3.3656,1790254723.303841,0.0200,0,,,0.000,,,0.0000,0.0000,0.0000,0.0000,0.0000,-13.0000,,,,CHO,0.0000,-12.8481,0.0000,-12.8408,0.0000,0.0000,0.000,0.000,,0.0,,,,,,BAN,0,,0
3.3863,1790254723.324389,0.0207,0,,,0.000,,,0.0000,0.0000,0.0000,0.0000,0.0000,-13.0000,,,,CHO,0.0000,-12.8481,0.0000,-12.8408,0.0000,0.0000,0.000,0.000,,0.0,,,,,,BAN,0,,0
3.4065,1790254723.344673,0.0202,0,,,0.000,,,0.0000,0.0000,0.0000,0.0000,0.0000,-13.0000,,,,CHO,0.0000,-12.8481,0.0000,-12.8408,0.0000,0.0000,0.000,0.000,,0.0,,,,,,BAN,0,,0
3.4265,1790254723.364699,0.0200,0,,,0.000,,,0.0000,0.0000,0.0000,0.0000,0.0000,-13.0000,,,,CHO,0.0000,-12.8481,0.0000,-12.8408,0.0000,0.0000,0.000,0.000,,0.0,,,,,,BAN,0,,0
3.4470,1790254723.385208,0.0205,0,,,0.000,,,0.0000,0.0000,0.0000,0.0000,0.0000,-13.0000,,,,CHO,0.0000,-12.8481,0.0000,-12.8408,0.0000,0.0000,0.000,0.000,,0.0,,,,,,BAN,0,,0
3.4675,1790254723.405689,0.0204,0,,,0.000,,,0.0000,0.0000,0.0000,0.0000,0.0000,-13.0000,,,,CHO,0.0000,-12.8481,0.0000,-12.8408,0.0000,0.0000,0.000,0.000,,0.0,,,,,,BAN,0,,0
3.4878,1790254723.425989,0.0204,0,,,0.000,,,0.0000,0.0000,0.0000,0.0000,0.0000,-13.0000,,,,CHO,0.0000,-12.8481,0.0000,-12.8408,0.0000,0.0000,0.000,0.000,,0.0,,,,,,BAN,0,,0
3.5086,1790254723.446750,0.0207,0,,,0.000,,,0.0000,0.0000,0.0000,0.0000,0.0000,-13.0000,,,,CHO,0.0000,-12.8481,0.0000,-12.8408,0.0000,0.0000,0.000,0.000,,0.0,,,,,,BAN,0,,0
3.5287,1790254723.466819,0.0201,0,,,0.000,,,0.0000,0.0000,0.0000,0.0000,0.0000,-13.0000,,,,CHO,0.0000,-12.8481,0.0000,-12.8408,0.0000,0.0000,0.000,0.000,,0.0,,,,,,BAN,0,,0
3.5491,1790254723.487210,0.0205,0,,,0.000,,,0.0000,0.0000,0.0000,0.0000,0.0000,-13.0000,,,,CHO,0.0000,-12.8481,0.0000,-12.8408,0.0000,0.0000,0.000,0.000,,0.0,,,,,,BAN,0,,0
3.5693,1790254723.507504,0.0202,0,,,0.000,,,0.0000,0.0000,0.0000,0.0000,0.0000,-13.0000,,,,CHO,0.0000,-12.8481,0.0000,-12.8408,0.0000,0.0000,0.000,0.000,,0.0,,,,,,BAN,0,,0
3.5897,1790254723.527856,0.0204,0,,,0.000,,,0.0000,0.0000,0.0000,0.0000,0.0000,-13.0000,,,,CHO,0.0000,-12.8481,0.0000,-12.8408,0.0000,0.0000,0.000,0.000,,0.0,,,,,,BAN,0,,0
3.6100,1790254723.548068,0.0203,0,,,0.000,,,0.0000,0.0000,0.0000,0.0000,0.0000,-13.0000,,,,CHO,0.0000,-12.8481,0.0000,-12.8408,0.0000,0.0000,0.000,0.000,,0.0,,,,,,BAN,0,,0
3.6303,1790254723.568420,0.0202,0,,,0.000,,,0.0000,0.0000,0.0000,0.0000,0.0000,-13.0000,,,,CHO,0.0000,-12.8481,0.0000,-12.8408,0.0000,0.0000,0.000,0.000,,0.0,,,,,,BAN,0,,0
3.6504,1790254723.588585,0.0201,0,,,0.000,,,0.0000,0.0000,0.0000,0.0000,0.0000,-13.0000,,,,CHO,0.0000,-12.8481,0.0000,-12.8408,0.0000,0.0000,0.000,0.000,,0.0,,,,,,BAN,0,,0
3.6708,1790254723.608981,0.0205,0,,,0.000,,,0.0000,0.0000,0.0000,0.0000,0.0000,-13.0000,,,,CHO,0.0000,-12.8481,0.0000,-12.8408,0.0000,0.0000,0.000,0.000,,0.0,,,,,,BAN,0,,0
3.6914,1790254723.629510,0.0206,0,,,0.000,,,0.0000,0.0000,0.0000,0.0000,0.0000,-13.0000,,,,CHO,0.0000,-12.8481,0.0000,-12.8408,0.0000,0.0000,0.000,0.000,,0.0,,,,,,BAN,0,,0
3.7118,1790254723.650030,0.0205,0,,,0.000,,,0.0000,0.0000,0.0000,0.0000,0.0000,-13.0000,,,,CHO,0.0000,-12.8481,0.0000,-12.8408,0.0000,0.0000,0.000,0.000,,0.0,,,,,,BAN,0,,0
3.7323,1790254723.670413,0.0205,0,,,0.000,,,0.0000,0.0000,0.0000,0.0000,0.0000,-13.0000,,,,CHO,0.0000,-12.8481,0.0000,-12.8408,0.0000,0.0000,0.000,0.000,,0.0,,,,,,BAN,0,,0
3.7525,1790254723.690565,0.0201,0,,,0.000,,,0.0000,0.0000,0.0000,0.0000,0.0000,-13.0000,,,,CHO,0.0000,-12.8481,0.0000,-12.8408,0.0000,0.0000,0.000,0.000,,0.0,,,,,,BAN,0,,0
3.7728,1790254723.710932,0.0203,0,,,0.000,,,0.0000,0.0000,0.0000,0.0000,0.0000,-13.0000,,,,CHO,0.0000,-12.8481,0.0000,-12.8408,0.0000,0.0000,0.000,0.000,,0.0,,,,,,BAN,0,,0
3.7933,1790254723.731478,0.0206,0,,,0.000,,,0.0000,0.0000,0.0000,0.0000,0.0000,-13.0000,,,,CHO,0.0000,-12.8481,0.0000,-12.8408,0.0000,0.0000,0.000,0.000,,0.0,,,,,,BAN,0,,0
3.8139,1790254723.752071,0.0206,0,,,0.000,,,0.0000,0.0000,0.0000,0.0000,0.0000,-13.0000,,,,CHO,0.0000,-12.8481,0.0000,-12.8408,0.0000,0.0000,0.000,0.000,,0.0,,,,,,BAN,0,,0
3.8340,1790254723.772105,0.0201,0,,,0.000,,,0.0000,0.0000,0.0000,0.0000,0.0000,-13.0000,,,,CHO,0.0000,-12.8481,0.0000,-12.8408,0.0000,0.0000,0.000,0.000,,0.0,,,,,,BAN,0,,0
3.8540,1790254723.792115,0.0200,0,,,0.000,,,0.0000,0.0000,0.0000,0.0000,0.0000,-13.0000,,,,CHO,0.0000,-12.8481,0.0000,-12.8408,0.0000,0.0000,0.000,0.000,,0.0,,,,,,BAN,0,,0
3.8746,1790254723.812726,0.0206,0,,,0.000,,,0.0000,0.0000,0.0000,0.0000,0.0000,-13.0000,,,,CHO,0.0000,-12.8481,0.0000,-12.8408,0.0000,0.0000,0.000,0.000,,0.0,,,,,,BAN,0,,0
3.8950,1790254723.833017,0.0204,0,,,0.000,,,0.0000,0.0000,0.0000,0.0000,0.0000,-13.0000,,,,CHO,0.0000,-12.8481,0.0000,-12.8408,0.0000,0.0000,0.000,0.000,,0.0,,,,,,BAN,0,,0
3.9153,1790254723.853344,0.0203,0,,,0.000,,,0.0000,0.0000,0.0000,0.0000,0.0000,-13.0000,,,,CHO,0.0000,-12.8481,0.0000,-12.8408,0.0000,0.0000,0.000,0.000,,0.0,,,,,,BAN,0,,0
3.9356,1790254723.873787,0.0204,0,,,0.000,,,0.0000,0.0000,0.0000,0.0000,0.0000,-13.0000,,,,CHO,0.0000,-12.8481,0.0000,-12.8408,0.0000,0.0000,0.000,0.000,,0.0,,,,,,BAN,0,,0
3.9561,1790254723.894219,0.0205,0,,,0.000,,,0.0000,0.0000,0.0000,0.0000,0.0000,-13.0000,,,,CHO,0.0000,-12.8481,0.0000,-12.8408,0.0000,0.0000,0.000,0.000,,0.0,,,,,,BAN,0,,0
3.9763,1790254723.914324,0.0201,0,,,0.000,,,0.0000,0.0000,0.0000,0.0000,0.0000,-13.0000,,,,CHO,0.0000,-12.8481,0.0000,-12.8408,0.0000,0.0000,0.000,0.000,,0.0,,,,,,BAN,0,,0
3.9968,1790254723.934877,0.0205,0,,,0.000,,,0.0000,0.0000,0.0000,0.0000,0.0000,-13.0000,,,,CHO,0.0000,-12.8481,0.0000,-12.8408,0.0000,0.0000,0.000,0.000,,0.0,,,,,,BAN,0,,0
4.0174,1790254723.955527,0.0206,0,,,0.000,,,0.0000,0.0000,0.0000,0.0000,0.0000,-13.0000,,,,CHO,0.0000,-12.8481,0.0000,-12.8408,0.0000,0.0000,0.000,0.000,,0.0,,,,,,BAN,0,,0
4.0381,1790254723.976199,0.0207,0,,,0.000,,,0.0000,0.0000,0.0000,0.0000,0.0000,-13.0000,,,,CHO,0.0000,-12.8481,0.0000,-12.8408,0.0000,0.0000,0.000,0.000,,0.0,,,,,,BAN,0,,0
4.0582,1790254723.996274,0.0200,0,,,0.000,,,0.0000,0.0000,0.0000,0.0000,0.0000,-13.0000,,,,CHO,0.0000,-12.8481,0.0000,-12.8408,0.0000,0.0000,0.000,0.000,,0.0,,,,,,BAN,0,,0
4.0785,1790254724.016496,0.0203,0,,,0.000,,,0.0000,0.0000,0.0000,0.0000,0.0000,-13.0000,,,,CHO,0.0000,-12.8481,0.0000,-12.8408,0.0000,0.0000,0.000,0.000,,0.0,,,,,,BAN,0,,0
4.0989,1790254724.037001,0.0205,0,,,0.000,,,0.0000,0.0000,0.0000,0.0000,0.0000,-13.0000,,,,CHO,0.0000,-12.8481,0.0000,-12.8408,0.0000,0.0000,0.000,0.000,,0.0,,,,,,BAN,0,,0
4.1197,1790254724.057775,0.0208,0,,,0.000,,,0.0000,0.0000,0.0000,0.0000,0.0000,-13.0000,,,,CHO,0.0000,-12.8481,0.0000,-12.8408,0.0000,0.0000,0.000,0.000,,0.0,,,,,,BAN,0,,0
4.1399,1790254724.077909,0.0201,0,,,0.000,,,0.0000,0.0000,0.0000,0.0000,0.0000,-13.0000,,,,CHO,0.0000,-12.8481,0.0000,-12.8408,0.0000,0.0000,0.000,0.000,,0.0,,,,,,BAN,0,,0
4.1604,1790254724.098480,0.0206,0,,,0.000,,,0.0000,0.0000,0.0000,0.0000,0.0000,-13.0000,,,,CHO,0.0000,-12.8481,0.0000,-12.8408,0.0000,0.0000,0.000,0.000,,0.0,,,,,,BAN,0,,0
4.1805,1790254724.118732,0.0201,0,,,0.000,,,0.0000,0.0000,0.0000,0.0000,0.0000,-13.0000,,,,CHO,0.0000,-12.8481,0.0000,-12.8408,0.0000,0.0000,0.000,0.000,,0.0,,,,,,BAN,0,,0
4.2006,1790254724.138623,0.0200,0,,,0.000,,,0.0000,0.0000,0.0000,0.0000,0.0000,-13.0000,,,,CHO,0.0000,-12.8481,0.0000,-12.8408,0.0000,0.0000,0.000,0.000,,0.0,,,,,,BAN,0,,0
4.2206,1790254724.158656,0.0200,0,,,0.000,,,0.0000,0.0000,0.0000,0.0000,0.0000,-13.0000,,,,CHO,0.0000,-12.8481,0.0000,-12.8408,0.0000,0.0000,0.000,0.000,,0.0,,,,,,BAN,0,,0
4.2410,1790254724.179174,0.0204,0,,,0.000,,,0.0000,0.0000,0.0000,0.0000,0.0000,-13.0000,,,,CHO,0.0000,-12.8481,0.0000,-12.8408,0.0000,0.0000,0.000,0.000,,0.0,,,,,,BAN,0,,0
4.2616,1790254724.199753,0.0206,0,,,0.000,,,0.0000,0.0000,0.0000,0.0000,0.0000,-13.0000,,,,CHO,0.0000,-12.8481,0.0000,-12.8408,0.0000,0.0000,0.000,0.000,,0.0,,,,,,BAN,0,,0
4.2817,1790254724.219802,0.0201,0,,,0.000,,,0.0000,0.0000,0.0000,0.0000,0.0000,-13.0000,,,,CHO,0.0000,-12.8481,0.0000,-12.8408,0.0000,0.0000,0.000,0.000,,0.0,,,,,,BAN,0,,0
4.3018,1790254724.239862,0.0202,0,,,0.000,,,0.0000,0.0000,0.0000,0.0000,0.0000,-13.0000,,,,CHO,0.0000,-12.8481,0.0000,-12.8408,0.0000,0.0000,0.000,0.000,,0.0,,,,,,BAN,0,,0
4.3222,1790254724.260383,0.0204,0,,,0.000,,,0.0000,0.0000,0.0000,0.0000,0.0000,-13.0000,,,,CHO,0.0000,-12.8481,0.0000,-12.8408,0.0000,0.0000,0.000,0.000,,0.0,,,,,,BAN,0,,0
4.3429,1790254724.281008,0.0207,0,,,0.000,,,0.0000,0.0000,0.0000,0.0000,0.0000,-13.0000,,,,CHO,0.0000,-12.8481,0.0000,-12.8408,0.0000,0.0000,0.000,0.000,,0.0,,,,,,BAN,0,,0
4.3632,1790254724.301385,0.0203,0,,,0.000,,,0.0000,0.0000,0.0000,0.0000,0.0000,-13.0000,,,,CHO,0.0000,-12.8481,0.0000,-12.8408,0.0000,0.0000,0.000,0.000,,0.0,,,,,,BAN,0,,0
4.3833,1790254724.321319,0.0200,0,,,0.000,,,0.0000,0.0000,0.0000,0.0000,0.0000,-13.0000,,,,CHO,0.0000,-12.8481,0.0000,-12.8408,0.0000,0.0000,0.000,0.000,,0.0,,,,,,BAN,0,,0
4.4035,1790254724.341695,0.0202,0,,,0.000,,,0.0000,0.0000,0.0000,0.0000,0.0000,-13.0000,,,,CHO,0.0000,-12.8481,0.0000,-12.8408,0.0000,0.0000,0.000,0.000,,0.0,,,,,,BAN,0,,0
4.4239,1790254724.362049,0.0204,0,,,0.000,,,0.0000,0.0000,0.0000,0.0000,0.0000,-13.0000,,,,CHO,0.0000,-12.8481,0.0000,-12.8408,0.0000,0.0000,0.000,0.000,,0.0,,,,,,BAN,0,,0
4.4444,1790254724.382518,0.0205,0,,,0.000,,,0.0000,0.0000,0.0000,0.0000,0.0000,-13.0000,,,,CHO,0.0000,-12.8481,0.0000,-12.8408,0.0000,0.0000,0.000,0.000,,0.0,,,,,,BAN,0,,0
4.4653,1790254724.403322,0.0209,0,,,0.000,,,0.0000,0.0000,0.0000,0.0000,0.0000,-13.0000,,,,CHO,0.0000,-12.8481,0.0000,-12.8408,0.0000,0.0000,0.000,0.000,,0.0,,,,,,BAN,0,,0
4.4856,1790254724.423631,0.0203,0,,,0.000,,,0.0000,0.0000,0.0000,0.0000,0.0000,-13.0000,,,,CHO,0.0000,-12.8481,0.0000,-12.8408,0.0000,0.0000,0.000,0.000,,0.0,,,,,,BAN,0,,0
4.5066,1790254724.444636,0.0210,0,,,0.000,,,0.0000,0.0000,0.0000,0.0000,0.0000,-13.0000,,,,CHO,0.0000,-12.8481,0.0000,-12.8408,0.0000,0.0000,0.000,0.000,,0.0,,,,,,BAN,0,,0
4.5269,1790254724.465056,0.0203,0,,,0.000,,,0.0000,0.0000,0.0000,0.0000,0.0000,-13.0000,,,,CHO,0.0000,-12.8481,0.0000,-12.8408,0.0000,0.0000,0.000,0.000,,0.0,,,,,,BAN,0,,0
4.5472,1790254724.485238,0.0203,0,,,0.000,,,0.0000,0.0000,0.0000,0.0000,0.0000,-13.0000,,,,CHO,0.0000,-12.8481,0.0000,-12.8408,0.0000,0.0000,0.000,0.000,,0.0,,,,,,BAN,0,,0
4.5672,1790254724.505351,0.0200,0,,,0.000,,,0.0000,0.0000,0.0000,0.0000,0.0000,-13.0000,,,,CHO,0.0000,-12.8481,0.0000,-12.8408,0.0000,0.0000,0.000,0.000,,0.0,,,,,,BAN,0,,0
4.5877,1790254724.525646,0.0204,0,,,0.000,,,0.0000,0.0000,0.0000,0.0000,0.0000,-13.0000,,,,CHO,0.0000,-12.8481,0.0000,-12.8408,0.0000,0.0000,0.000,0.000,,0.0,,,,,,BAN,0,,0
4.6079,1790254724.545880,0.0203,0,,,0.000,,,0.0000,0.0000,0.0000,0.0000,0.0000,-13.0000,,,,CHO,0.0000,-12.8481,0.0000,-12.8408,0.0000,0.0000,0.000,0.000,,0.0,,,,,,BAN,0,,0
4.6284,1790254724.566437,0.0205,0,,,0.000,,,0.0000,0.0000,0.0000,0.0000,0.0000,-13.0000,,,,CHO,0.0000,-12.8481,0.0000,-12.8408,0.0000,0.0000,0.000,0.000,,0.0,,,,,,BAN,0,,0
4.6486,1790254724.586565,0.0202,0,,,0.000,,,0.0000,0.0000,0.0000,0.0000,0.0000,-13.0000,,,,CHO,0.0000,-12.8481,0.0000,-12.8408,0.0000,0.0000,0.000,0.000,,0.0,,,,,,BAN,0,,0
4.6689,1790254724.606914,0.0203,0,,,0.000,,,0.0000,0.0000,0.0000,0.0000,0.0000,-13.0000,,,,CHO,0.0000,-12.8481,0.0000,-12.8408,0.0000,0.0000,0.000,0.000,,0.0,,,,,,BAN,0,,0
4.6893,1790254724.627378,0.0204,0,,,0.000,,,0.0000,0.0000,0.0000,0.0000,0.0000,-13.0000,,,,CHO,0.0000,-12.8481,0.0000,-12.8408,0.0000,0.0000,0.000,0.000,,0.0,,,,,,BAN,0,,0
4.7096,1790254724.647641,0.0203,0,,,0.000,,,0.0000,0.0000,0.0000,0.0000,0.0000,-13.0000,,,,CHO,0.0000,-12.8481,0.0000,-12.8408,0.0000,0.0000,0.000,0.000,,0.0,,,,,,BAN,0,,0
4.7298,1790254724.667886,0.0202,0,,,0.000,,,0.0000,0.0000,0.0000,0.0000,0.0000,-13.0000,,,,CHO,0.0000,-12.8481,0.0000,-12.8408,0.0000,0.0000,0.000,0.000,,0.0,,,,,,BAN,0,,0
4.7500,1790254724.688135,0.0203,0,,,0.000,,,0.0000,0.0000,0.0000,0.0000,0.0000,-13.0000,,,,CHO,0.0000,-12.8481,0.0000,-12.8408,0.0000,0.0000,0.000,0.000,,0.0,,,,,,BAN,0,,0
4.7711,1790254724.709176,0.0211,0,,,0.000,,,0.0000,0.0000,0.0000,0.0000,0.0000,-13.0000,,,,CHO,0.0000,-12.8481,0.0000,-12.8408,0.0000,0.0000,0.000,0.000,,0.0,,,,,,BAN,0,,0
4.7913,1790254724.729284,0.0201,0,,,0.000,,,0.0000,0.0000,0.0000,0.0000,0.0000,-13.0000,,,,CHO,0.0000,-12.8481,0.0000,-12.8408,0.0000,0.0000,0.000,0.000,,0.0,,,,,,BAN,0,,0
4.8113,1790254724.749426,0.0200,0,,,0.000,,,0.0000,0.0000,0.0000,0.0000,0.0000,-13.0000,,,,CHO,0.0000,-12.8481,0.0000,-12.8408,0.0000,0.0000,0.000,0.000,,0.0,,,,,,BAN,0,,0
4.8314,1790254724.769527,0.0202,0,,,0.000,,,0.0000,0.0000,0.0000,0.0000,0.0000,-13.0000,,,,CHO,0.0000,-12.8481,0.0000,-12.8408,0.0000,0.0000,0.000,0.000,,0.0,,,,,,BAN,0,,0
4.8516,1790254724.789746,0.0201,0,,,0.000,,,0.0000,0.0000,0.0000,0.0000,0.0000,-13.0000,,,,CHO,0.0000,-12.8481,0.0000,-12.8408,0.0000,0.0000,0.000,0.000,,0.0,,,,,,BAN,0,,0
4.8721,1790254724.810172,0.0205,0,,,0.000,,,0.0000,0.0000,0.0000,0.0000,0.0000,-13.0000,,,,CHO,0.0000,-12.8481,0.0000,-12.8408,0.0000,0.0000,0.000,0.000,,0.0,,,,,,BAN,0,,0
4.8928,1790254724.830813,0.0208,0,,,0.000,,,0.0000,0.0000,0.0000,0.0000,0.0000,-13.0000,,,,CHO,0.0000,-12.8481,0.0000,-12.8408,0.0000,0.0000,0.000,0.000,,0.0,,,,,,BAN,0,,0
4.9133,1790254724.851361,0.0204,0,,,0.000,,,0.0000,0.0000,0.0000,0.0000,0.0000,-13.0000,,,,CHO,0.0000,-12.8481,0.0000,-12.8408,0.0000,0.0000,0.000,0.000,,0.0,,,,,,BAN,0,,0
4.9334,1790254724.871452,0.0201,0,,,0.000,,,0.0000,0.0000,0.0000,0.0000,0.0000,-13.0000,,,,CHO,0.0000,-12.8481,0.0000,-12.8408,0.0000,0.0000,0.000,0.000,,0.0,,,,,,BAN,0,,0
4.9538,1790254724.891882,0.0205,0,,,0.000,,,0.0000,0.0000,0.0000,0.0000,0.0000,-13.0000,,,,CHO,0.0000,-12.8481,0.0000,-12.8408,0.0000,0.0000,0.000,0.000,,0.0,,,,,,BAN,0,,0
4.9745,1790254724.912480,0.0206,0,,,0.000,,,0.0000,0.0000,0.0000,0.0000,0.0000,-13.0000,,,,CHO,0.0000,-12.8481,0.0000,-12.8408,0.0000,0.0000,0.000,0.000,,0.0,,,,,,BAN,0,,0
4.9949,1790254724.933034,0.0205,0,,,0.000,,,0.0000,0.0000,0.0000,0.0000,0.0000,-13.0000,,,,CHO,0.0000,-12.8481,0.0000,-12.8408,0.0000,0.0000,0.000,0.000,,0.0,,,,,,BAN,0,,0
5.0155,1790254724.953546,0.0205,0,,,0.000,,,0.0000,0.0000,0.0000,0.0000,0.0000,-13.0000,,,,CHO,0.0000,-12.8481,0.0000,-12.8408,0.0000,0.0000,0.000,0.000,,0.0,,,,,,BAN,0,,0
5.0357,1790254724.973668,0.0202,0,,,0.000,,,0.0000,0.0000,0.0000,0.0000,0.0000,-13.0000,,,,CHO,0.0000,-12.8481,0.0000,-12.8408,0.0000,0.0000,0.000,0.000,,0.0,,,,,,BAN,0,,0
5.0561,1790254724.994130,0.0203,0,,,0.000,,,0.0000,0.0000,0.0000,0.0000,0.0000,-13.0000,,,,CHO,0.0000,-12.8481,0.0000,-12.8408,0.0000,0.0000,0.000,0.000,,0.0,,,,,,BAN,0,,0
5.0763,1790254725.014396,0.0202,0,,,0.000,,,0.0000,0.0000,0.0000,0.0000,0.0000,-13.0000,,,,CHO,0.0000,-12.8481,0.0000,-12.8408,0.0000,0.0000,0.000,0.000,,0.0,,,,,,BAN,0,,0
5.0967,1790254725.034802,0.0205,0,,,0.000,,,0.0000,0.0000,0.0000,0.0000,0.0000,-13.0000,,,,CHO,0.0000,-12.8481,0.0000,-12.8408,0.0000,0.0000,0.000,0.000,,0.0,,,,,,BAN,0,,0
5.1168,1790254725.054937,0.0201,0,,,0.000,,,0.0000,0.0000,0.0000,0.0000,0.0000,-13.0000,,,,CHO,0.0000,-12.8481,0.0000,-12.8408,0.0000,0.0000,0.000,0.000,,0.0,,,,,,BAN,0,,0
5.1370,1790254725.075134,0.0202,0,,,0.000,,,0.0000,0.0000,0.0000,0.0000,0.0000,-13.0000,,,,CHO,0.0000,-12.8481,0.0000,-12.8408,0.0000,0.0000,0.000,0.000,,0.0,,,,,,BAN,0,,0
5.1573,1790254725.095330,0.0204,0,,,0.000,,,0.0000,0.0000,0.0000,0.0000,0.0000,-13.0000,,,,CHO,0.0000,-12.8481,0.0000,-12.8408,0.0000,0.0000,0.000,0.000,,0.0,,,,,,BAN,0,,0
5.1776,1790254725.115510,0.0202,0,,,0.000,,,0.0000,0.0000,0.0000,0.0000,0.0000,-13.0000,,,,CHO,0.0000,-12.8481,0.0000,-12.8408,0.0000,0.0000,0.000,0.000,,0.0,,,,,,BAN,0,,0
5.1978,1790254725.135728,0.0202,0,,,0.000,,,0.0000,0.0000,0.0000,0.0000,0.0000,-13.0000,,,,CHO,0.0000,-12.8481,0.0000,-12.8408,0.0000,0.0000,0.000,0.000,,0.0,,,,,,BAN,0,,0
5.2178,1790254725.155912,0.0201,0,,,0.000,,,0.0000,0.0000,0.0000,0.0000,0.0000,-13.0000,,,,CHO,0.0000,-12.8481,0.0000,-12.8408,0.0000,0.0000,0.000,0.000,,0.0,,,,,,BAN,0,,0
5.2379,1790254725.176103,0.0200,0,,,0.000,,,0.0000,0.0000,0.0000,0.0000,0.0000,-13.0000,,,,CHO,0.0000,-12.8481,0.0000,-12.8408,0.0000,0.0000,0.000,0.000,,0.0,,,,,,BAN,0,,0
5.2579,1790254725.195881,0.0200,0,,,0.000,,,0.0000,0.0000,0.0000,0.0000,0.0000,-13.0000,,,,CHO,0.0000,-12.8481,0.0000,-12.8408,0.0000,0.0000,0.000,0.000,,0.0,,,,,,BAN,0,,0
5.2781,1790254725.216102,0.0202,0,,,0.000,,,0.0000,0.0000,0.0000,0.0000,0.0000,-13.0000,,,,CHO,0.0000,-12.8481,0.0000,-12.8408,0.0000,0.0000,0.000,0.000,,0.0,,,,,,BAN,0,,0
5.2985,1790254725.236689,0.0204,0,,,0.000,,,0.0000,0.0000,0.0000,0.0000,0.0000,-13.0000,,,,CHO,0.0000,-12.8481,0.0000,-12.8408,0.0000,0.0000,0.000,0.000,,0.0,,,,,,BAN,0,,0
5.3189,1790254725.257016,0.0204,0,,,0.000,,,0.0000,0.0000,0.0000,0.0000,0.0000,-13.0000,,,,CHO,0.0000,-12.8481,0.0000,-12.8408,0.0000,0.0000,0.000,0.000,,0.0,,,,,,BAN,0,,0
5.3390,1790254725.277155,0.0201,0,,,0.000,,,0.0000,0.0000,0.0000,0.0000,0.0000,-13.0000,,,,CHO,0.0000,-12.8481,0.0000,-12.8408,0.0000,0.0000,0.000,0.000,,0.0,,,,,,BAN,0,,0
5.3593,1790254725.297440,0.0203,0,,,0.000,,,0.0000,0.0000,0.0000,0.0000,0.0000,-13.0000,,,,CHO,0.0000,-12.8481,0.0000,-12.8408,0.0000,0.0000,0.000,0.000,,0.0,,,,,,BAN,0,,0
5.3797,1790254725.317822,0.0204,0,,,0.000,,,0.0000,0.0000,0.0000,0.0000,0.0000,-13.0000,,,,CHO,0.0000,-12.8481,0.0000,-12.8408,0.0000,0.0000,0.000,0.000,,0.0,,,,,,BAN,0,,0
5.5540,1790254725.492084,0.1743,0,,,0.000,,,0.0000,0.0000,0.0000,0.0000,0.0000,-13.0000,,,,CHO,0.0000,-12.8481,0.0000,-12.8408,0.0000,0.0000,0.000,0.000,,0.0,,,,,,THU,0,,0
5.5748,1790254725.512853,0.0208,0,,,0.000,,,0.0000,0.0000,0.0000,0.0000,0.0000,-13.0000,,,,CHO,0.0000,-12.8481,0.0000,-12.8408,0.0000,0.0000,0.000,0.000,,0.0,,,,,,THU,0,,0
5.5954,1790254725.533563,0.0207,0,,,0.000,,,0.0000,0.0000,0.0000,0.0000,0.0000,-13.0000,,,,CHO,0.0000,-12.8481,0.0000,-12.8408,0.0000,0.0000,0.000,0.000,,0.0,,,,,,THU,0,,0
5.6157,1790254725.553780,0.0203,0,,,0.000,,,0.0000,0.0000,0.0000,0.0000,0.0000,-13.0000,,,,CHO,0.0000,-12.8481,0.0000,-12.8408,0.0000,0.0000,0.000,0.000,,0.0,,,,,,THU,0,,0
5.6363,1790254725.574414,0.0206,0,,,0.000,,,0.0000,0.0000,0.0000,0.0000,0.0000,-13.0000,,,,CHO,0.0000,-12.8481,0.0000,-12.8408,0.0000,0.0000,0.000,0.000,,0.0,,,,,,THU,0,,0
5.6569,1790254725.595041,0.0206,0,,,0.000,,,0.0000,0.0000,0.0000,0.0000,0.0000,-13.0000,,,,CHO,0.0000,-12.8481,0.0000,-12.8408,0.0000,0.0000,0.000,0.000,,0.0,,,,,,THU,0,,0
5.6776,1790254725.615683,0.0207,0,,,0.000,,,0.0000,0.0000,0.0000,0.0000,0.0000,-13.0000,,,,CHO,0.0000,-12.8481,0.0000,-12.8408,0.0000,0.0000,0.000,0.000,,0.0,,,,,,THU,0,,0
5.6981,1790254725.636249,0.0206,0,,,0.000,,,0.0000,0.0000,0.0000,0.0000,0.0000,-13.0000,,,,CHO,0.0000,-12.8481,0.0000,-12.8408,0.0000,0.0000,0.000,0.000,,0.0,,,,,,THU,0,,0
5.7182,1790254725.656161,0.0200,0,,,0.000,,,0.0000,0.0000,0.0000,0.0000,0.0000,-13.0000,,,,CHO,0.0000,-12.8481,0.0000,-12.8408,0.0000,0.0000,0.000,0.000,,0.0,,,,,,THU,0,,0
5.7391,1790254725.677150,0.0209,0,,,0.000,,,0.0000,0.0000,0.0000,0.0000,0.0000,-13.0000,,,,CHO,0.0000,-12.8481,0.0000,-12.8408,0.0000,0.0000,0.000,0.000,,0.0,,,,,,THU,0,,0
5.7592,1790254725.697292,0.0201,0,,,0.000,,,0.0000,0.0000,0.0000,0.0000,0.0000,-13.0000,,,,CHO,0.0000,-12.8481,0.0000,-12.8408,0.0000,0.0000,0.000,0.000,,0.0,,,,,,THU,0,,0
5.7795,1790254725.717606,0.0203,0,,,0.000,,,0.0000,0.0000,0.0000,0.0000,0.0000,-13.0000,,,,CHO,0.0000,-12.8481,0.0000,-12.8408,0.0000,0.0000,0.000,0.000,,0.0,,,,,,THU,0,,0
5.8002,1790254725.738286,0.0207,0,,,0.000,,,0.0000,0.0000,0.0000,0.0000,0.0000,-13.0000,,,,CHO,0.0000,-12.8481,0.0000,-12.8408,0.0000,0.0000,0.000,0.000,,0.0,,,,,,THU,0,,0
5.8203,1790254725.758415,0.0201,0,,,0.000,,,0.0000,0.0000,0.0000,0.0000,0.0000,-13.0000,,,,CHO,0.0000,-12.8481,0.0000,-12.8408,0.0000,0.0000,0.000,0.000,,0.0,,,,,,THU,1,goc=-30;cu_ly=25;lan=1,1
5.8404,1790254725.778434,0.0201,0,,,0.000,,,0.0000,0.0000,0.0000,0.0000,0.0000,-13.0000,,,,CHO,0.0000,-12.8481,0.0000,-12.8408,0.0000,0.0000,0.000,0.000,,0.0,,,,,,THU,1,goc=-30;cu_ly=25;lan=1,1
5.8611,1790254725.799105,0.0208,0,,,0.000,,,0.0000,0.0000,0.0000,0.0000,0.0000,-13.0000,,,,CHO,0.0000,-12.8481,0.0000,-12.8408,0.0000,0.0000,0.000,0.000,,0.0,,,,,,THU,1,goc=-30;cu_ly=25;lan=1,1
5.8812,1790254725.819279,0.0201,0,,,0.000,,,0.0000,0.0000,0.0000,0.0000,0.0000,-13.0000,,,,CHO,0.0000,-12.8481,0.0000,-12.8408,0.0000,0.0000,0.000,0.000,,0.0,,,,,,THU,1,goc=-30;cu_ly=25;lan=1,1
5.9014,1790254725.839370,0.0202,0,,,0.000,,,0.0000,0.0000,0.0000,0.0000,0.0000,-13.0000,,,,CHO,0.0000,-12.8481,0.0000,-12.8408,0.0000,0.0000,0.000,0.000,,0.0,,,,,,THU,1,goc=-30;cu_ly=25;lan=1,1
5.9216,1790254725.859527,0.0201,0,,,0.000,,,0.0000,0.0000,0.0000,0.0000,0.0000,-13.0000,,,,CHO,0.0000,-12.8481,0.0000,-12.8408,0.0000,0.0000,0.000,0.000,,0.0,,,,,,THU,1,goc=-30;cu_ly=25;lan=1,1
5.9421,1790254725.880266,0.0205,0,,,0.000,,,0.0000,0.0000,0.0000,0.0000,0.0000,-13.0000,,,,CHO,0.0000,-12.8481,0.0000,-12.8408,0.0000,0.0000,0.000,0.000,,0.0,,,,,,THU,1,goc=-30;cu_ly=25;lan=1,1
5.9625,1790254725.900657,0.0204,0,,,0.000,,,0.0000,0.0000,0.0000,0.0000,0.0000,-13.0000,,,,CHO,0.0000,-12.8481,0.0000,-12.8408,0.0000,0.0000,0.000,0.000,,0.0,,,,,,THU,1,goc=-30;cu_ly=25;lan=1,1
5.9832,1790254725.921200,0.0207,0,,,0.000,,,0.0000,0.0000,0.0000,0.0000,0.0000,-13.0000,,,,CHO,0.0000,-12.8481,0.0000,-12.8408,0.0000,0.0000,0.000,0.000,,0.0,,,,,,THU,1,goc=-30;cu_ly=25;lan=1,1
6.0032,1790254725.941285,0.0201,0,,,0.000,,,0.0000,0.0000,0.0000,0.0000,0.0000,-13.0000,,,,CHO,0.0000,-12.8481,0.0000,-12.8408,0.0000,0.0000,0.000,0.000,,0.0,,,,,,THU,1,goc=-30;cu_ly=25;lan=1,1
6.0235,1790254725.961644,0.0203,0,,,0.000,,,0.0000,0.0000,0.0000,0.0000,0.0000,-13.0000,,,,CHO,0.0000,-12.8481,0.0000,-12.8408,0.0000,0.0000,0.000,0.000,,0.0,,,,,,THU,1,goc=-30;cu_ly=25;lan=1,1
6.0445,1790254725.982582,0.0210,0,,,0.000,,,0.0000,0.0000,0.0000,0.0000,0.0000,-13.0000,,,,CHO,0.0000,-12.8481,0.0000,-12.8408,0.0000,0.0000,0.000,0.000,,0.0,,,,,,THU,1,goc=-30;cu_ly=25;lan=1,1
6.0648,1790254726.002747,0.0203,0,,,0.000,,,0.0000,0.0000,0.0000,0.0000,0.0000,-13.0000,,,,CHO,0.0000,-12.8481,0.0000,-12.8408,0.0000,0.0000,0.000,0.000,,0.0,,,,,,THU,1,goc=-30;cu_ly=25;lan=1,1
6.0851,1790254726.023089,0.0204,0,,,0.000,,,0.0000,0.0000,0.0000,0.0000,0.0000,-13.0000,,,,CHO,0.0000,-12.8481,0.0000,-12.8408,0.0000,0.0000,0.000,0.000,,0.0,,,,,,THU,1,goc=-30;cu_ly=25;lan=1,1
6.1051,1790254726.043293,0.0200,0,,,0.000,,,0.0000,0.0000,0.0000,0.0000,0.0000,-13.0000,,,,CHO,0.0000,-12.8481,0.0000,-12.8408,0.0000,0.0000,0.000,0.000,,0.0,,,,,,THU,1,goc=-30;cu_ly=25;lan=1,1
6.1259,1790254726.063980,0.0208,0,,,0.000,,,0.0000,0.0000,0.0000,0.0000,0.0000,-13.0000,,,,CHO,0.0000,-12.8481,0.0000,-12.8408,0.0000,0.0000,0.000,0.000,,0.0,,,,,,THU,1,goc=-30;cu_ly=25;lan=1,1
6.1463,1790254726.084404,0.0204,0,,,0.000,,,0.0000,0.0000,0.0000,0.0000,0.0000,-13.0000,,,,CHO,0.0000,-12.8481,0.0000,-12.8408,0.0000,0.0000,0.000,0.000,,0.0,,,,,,THU,1,goc=-30;cu_ly=25;lan=1,1
6.1670,1790254726.105057,0.0206,0,,,0.000,,,0.0000,0.0000,0.0000,0.0000,0.0000,-13.0000,,,,CHO,0.0000,-12.8481,0.0000,-12.8408,0.0000,0.0000,0.000,0.000,,0.0,,,,,,THU,1,goc=-30;cu_ly=25;lan=1,1
6.1871,1790254726.125027,0.0201,0,,,0.000,,,0.0000,0.0000,0.0000,0.0000,0.0000,-13.0000,,,,CHO,0.0000,-12.8481,0.0000,-12.8408,0.0000,0.0000,0.000,0.000,,0.0,,,,,,THU,1,goc=-30;cu_ly=25;lan=1,1
6.2071,1790254726.145197,0.0201,0,,,0.000,,,0.0000,0.0000,0.0000,0.0000,0.0000,-13.0000,,,,CHO,0.0000,-12.8481,0.0000,-12.8408,0.0000,0.0000,0.000,0.000,,0.0,,,,,,THU,1,goc=-30;cu_ly=25;lan=1,1
6.2277,1790254726.165721,0.0205,0,,,0.000,,,0.0000,0.0000,0.0000,0.0000,0.0000,-13.0000,,,,CHO,0.0000,-12.8481,0.0000,-12.8408,0.0000,0.0000,0.000,0.000,,0.0,,,,,,THU,1,goc=-30;cu_ly=25;lan=1,1
6.2481,1790254726.186189,0.0204,0,,,0.000,,,0.0000,0.0000,0.0000,0.0000,0.0000,-13.0000,,,,CHO,0.0000,-12.8481,0.0000,-12.8408,0.0000,0.0000,0.000,0.000,,0.0,,,,,,THU,1,goc=-30;cu_ly=25;lan=1,1
6.2688,1790254726.206828,0.0207,0,,,0.000,,,0.0000,0.0000,0.0000,0.0000,0.0000,-13.0000,,,,CHO,0.0000,-12.8481,0.0000,-12.8408,0.0000,0.0000,0.000,0.000,,0.0,,,,,,THU,1,goc=-30;cu_ly=25;lan=1,1
6.2891,1790254726.227225,0.0203,0,,,0.000,,,0.0000,0.0000,0.0000,0.0000,0.0000,-13.0000,,,,CHO,0.0000,-12.8481,0.0000,-12.8408,0.0000,0.0000,0.000,0.000,,0.0,,,,,,THU,1,goc=-30;cu_ly=25;lan=1,1
6.3095,1790254726.247634,0.0204,0,,,0.000,,,0.0000,0.0000,0.0000,0.0000,0.0000,-13.0000,,,,CHO,0.0000,-12.8481,0.0000,-12.8408,0.0000,0.0000,0.000,0.000,,0.0,,,,,,THU,1,goc=-30;cu_ly=25;lan=1,1
6.3297,1790254726.267809,0.0202,0,,,0.000,,,0.0000,0.0000,0.0000,0.0000,0.0000,-13.0000,,,,CHO,0.0000,-12.8481,0.0000,-12.8408,0.0000,0.0000,0.000,0.000,,0.0,,,,,,THU,1,goc=-30;cu_ly=25;lan=1,1
6.3499,1790254726.288065,0.0202,0,,,0.000,,,0.0000,0.0000,0.0000,0.0000,0.0000,-13.0000,,,,CHO,0.0000,-12.8481,0.0000,-12.8408,0.0000,0.0000,0.000,0.000,,0.0,,,,,,THU,1,goc=-30;cu_ly=25;lan=1,1
6.3701,1790254726.308080,0.0202,0,,,0.000,,,0.0000,0.0000,0.0000,0.0000,0.0000,-13.0000,,,,CHO,0.0000,-12.8481,0.0000,-12.8408,0.0000,0.0000,0.000,0.000,,0.0,,,,,,THU,1,goc=-30;cu_ly=25;lan=1,1
6.3906,1790254726.328677,0.0206,0,,,0.000,,,0.0000,0.0000,0.0000,0.0000,0.0000,-13.0000,,,,CHO,0.0000,-12.8481,0.0000,-12.8408,0.0000,0.0000,0.000,0.000,,0.0,,,,,,THU,1,goc=-30;cu_ly=25;lan=1,1
6.4108,1790254726.348860,0.0201,0,,,0.000,,,0.0000,0.0000,0.0000,0.0000,0.0000,-13.0000,,,,CHO,0.0000,-12.8481,0.0000,-12.8408,0.0000,0.0000,0.000,0.000,,0.0,,,,,,THU,1,goc=-30;cu_ly=25;lan=1,1
6.4313,1790254726.369292,0.0205,0,,,0.000,,,0.0000,0.0000,0.0000,0.0000,0.0000,-13.0000,,,,CHO,0.0000,-12.8481,0.0000,-12.8408,0.0000,0.0000,0.000,0.000,,0.0,,,,,,THU,1,goc=-30;cu_ly=25;lan=1,1
6.4513,1790254726.389292,0.0200,0,,,0.000,,,0.0000,0.0000,0.0000,0.0000,0.0000,-13.0000,,,,CHO,0.0000,-12.8481,0.0000,-12.8408,0.0000,0.0000,0.000,0.000,,0.0,,,,,,THU,1,goc=-30;cu_ly=25;lan=1,1
6.4714,1790254726.409507,0.0200,0,,,0.000,,,0.0000,0.0000,0.0000,0.0000,0.0000,-13.0000,,,,CHO,0.0000,-12.8481,0.0000,-12.8408,0.0000,0.0000,0.000,0.000,,0.0,,,,,,THU,1,goc=-30;cu_ly=25;lan=1,1
6.4915,1790254726.429548,0.0201,0,,,0.000,,,0.0000,0.0000,0.0000,0.0000,0.0000,-13.0000,,,,CHO,0.0000,-12.8481,0.0000,-12.8408,0.0000,0.0000,0.000,0.000,,0.0,,,,,,THU,1,goc=-30;cu_ly=25;lan=1,1
6.5120,1790254726.450017,0.0205,0,,,0.000,,,0.0000,0.0000,0.0000,0.0000,0.0000,-13.0000,,,,CHO,0.0000,-12.8481,0.0000,-12.8408,0.0000,0.0000,0.000,0.000,,0.0,,,,,,THU,1,goc=-30;cu_ly=25;lan=1,1
6.5323,1790254726.470439,0.0203,0,,,0.000,,,0.0000,0.0000,0.0000,0.0000,0.0000,-13.0000,,,,CHO,0.0000,-12.8481,0.0000,-12.8408,0.0000,0.0000,0.000,0.000,,0.0,,,,,,THU,1,goc=-30;cu_ly=25;lan=1,1
6.5527,1790254726.490675,0.0204,0,,,0.000,,,0.0000,0.0000,0.0000,0.0000,0.0000,-13.0000,,,,CHO,0.0000,-12.8481,0.0000,-12.8408,0.0000,0.0000,0.000,0.000,,0.0,,,,,,THU,1,goc=-30;cu_ly=25;lan=1,1
6.5736,1790254726.511682,0.0209,0,,,0.000,,,0.0000,0.0000,0.0000,0.0000,0.0000,-13.0000,,,,CHO,0.0000,-12.8481,0.0000,-12.8408,0.0000,0.0000,0.000,0.000,,0.0,,,,,,THU,1,goc=-30;cu_ly=25;lan=1,1
6.5938,1790254726.531841,0.0202,0,,,0.000,,,0.0000,0.0000,0.0000,0.0000,0.0000,-13.0000,,,,CHO,0.0000,-12.8481,0.0000,-12.8408,0.0000,0.0000,0.000,0.000,,0.0,,,,,,THU,1,goc=-30;cu_ly=25;lan=1,1
6.6144,1790254726.552489,0.0206,0,,,0.000,,,0.0000,0.0000,0.0000,0.0000,0.0000,-13.0000,,,,CHO,0.0000,-12.8481,0.0000,-12.8408,0.0000,0.0000,0.000,0.000,,0.0,,,,,,THU,1,goc=-30;cu_ly=25;lan=1,1
6.6351,1790254726.573213,0.0207,0,,,0.000,,,0.0000,0.0000,0.0000,0.0000,0.0000,-13.0000,,,,CHO,0.0000,-12.8481,0.0000,-12.8408,0.0000,0.0000,0.000,0.000,,0.0,,,,,,THU,1,goc=-30;cu_ly=25;lan=1,1
6.6557,1790254726.593665,0.0205,0,,,0.000,,,0.0000,0.0000,0.0000,0.0000,0.0000,-13.0000,,,,CHO,0.0000,-12.8481,0.0000,-12.8408,0.0000,0.0000,0.000,0.000,,0.0,,,,,,THU,1,goc=-30;cu_ly=25;lan=1,1
6.6759,1790254726.613856,0.0202,0,,,0.000,,,0.0000,0.0000,0.0000,0.0000,0.0000,-13.0000,,,,CHO,0.0000,-12.8481,0.0000,-12.8408,0.0000,0.0000,0.000,0.000,,0.0,,,,,,THU,1,goc=-30;cu_ly=25;lan=1,1
6.6961,1790254726.634080,0.0202,0,,,0.000,,,0.0000,0.0000,0.0000,0.0000,0.0000,-13.0000,,,,CHO,0.0000,-12.8481,0.0000,-12.8408,0.0000,0.0000,0.000,0.000,,0.0,,,,,,THU,1,goc=-30;cu_ly=25;lan=1,1
6.7162,1790254726.654378,0.0201,0,,,0.000,,,0.0000,0.0000,0.0000,0.0000,0.0000,-13.0000,,,,CHO,0.0000,-12.8481,0.0000,-12.8408,0.0000,0.0000,0.000,0.000,,0.0,,,,,,THU,1,goc=-30;cu_ly=25;lan=1,1
6.7363,1790254726.674385,0.0201,0,,,0.000,,,0.0000,0.0000,0.0000,0.0000,0.0000,-13.0000,,,,CHO,0.0000,-12.8481,0.0000,-12.8408,0.0000,0.0000,0.000,0.000,,0.0,,,,,,THU,1,goc=-30;cu_ly=25;lan=1,1
6.7566,1790254726.694706,0.0203,0,,,0.000,,,0.0000,0.0000,0.0000,0.0000,0.0000,-13.0000,,,,CHO,0.0000,-12.8481,0.0000,-12.8408,0.0000,0.0000,0.000,0.000,,0.0,,,,,,THU,1,goc=-30;cu_ly=25;lan=1,1
6.7770,1790254726.715058,0.0204,0,,,0.000,,,0.0000,0.0000,0.0000,0.0000,0.0000,-13.0000,,,,CHO,0.0000,-12.8481,0.0000,-12.8408,0.0000,0.0000,0.000,0.000,,0.0,,,,,,THU,1,goc=-30;cu_ly=25;lan=1,1
6.7970,1790254726.735098,0.0200,0,,,0.000,,,0.0000,0.0000,0.0000,0.0000,0.0000,-13.0000,,,,CHO,0.0000,-12.8481,0.0000,-12.8408,0.0000,0.0000,0.000,0.000,,0.0,,,,,,THU,1,goc=-30;cu_ly=25;lan=1,1
6.8175,1790254726.755442,0.0204,0,,,0.000,,,0.0000,0.0000,0.0000,0.0000,0.0000,-13.0000,,,,CHO,0.0000,-12.8481,0.0000,-12.8408,0.0000,0.0000,0.000,0.000,,0.0,,,,,,THU,1,goc=-30;cu_ly=25;lan=1,1
6.8375,1790254726.775592,0.0201,0,,,0.000,,,0.0000,0.0000,0.0000,0.0000,0.0000,-13.0000,,,,CHO,0.0000,-12.8481,0.0000,-12.8408,0.0000,0.0000,0.000,0.000,,0.0,,,,,,THU,1,goc=-30;cu_ly=25;lan=1,1
6.8578,1790254726.795954,0.0202,0,,,0.000,,,0.0000,0.0000,0.0000,0.0000,0.0000,-13.0000,,,,CHO,0.0000,-12.8481,0.0000,-12.8408,0.0000,0.0000,0.000,0.000,,0.0,,,,,,THU,1,goc=-30;cu_ly=25;lan=1,1
6.8780,1790254726.816170,0.0202,0,,,0.000,,,0.0000,0.0000,0.0000,0.0000,0.0000,-13.0000,,,,CHO,0.0000,-12.8481,0.0000,-12.8408,0.0000,0.0000,0.000,0.000,,0.0,,,,,,THU,1,goc=-30;cu_ly=25;lan=1,1
6.8980,1790254726.836059,0.0201,0,,,0.000,,,0.0000,0.0000,0.0000,0.0000,0.0000,-13.0000,,,,CHO,0.0000,-12.8481,0.0000,-12.8408,0.0000,0.0000,0.000,0.000,,0.0,,,,,,THU,1,goc=-30;cu_ly=25;lan=1,1
6.9181,1790254726.856233,0.0201,0,,,0.000,,,0.0000,0.0000,0.0000,0.0000,0.0000,-13.0000,,,,CHO,0.0000,-12.8481,0.0000,-12.8408,0.0000,0.0000,0.000,0.000,,0.0,,,,,,THU,1,goc=-30;cu_ly=25;lan=1,1
6.9383,1790254726.876314,0.0202,0,,,0.000,,,0.0000,0.0000,0.0000,0.0000,0.0000,-13.0000,,,,CHO,0.0000,-12.8481,0.0000,-12.8408,0.0000,0.0000,0.000,0.000,,0.0,,,,,,THU,1,goc=-30;cu_ly=25;lan=1,1
6.9584,1790254726.896434,0.0201,0,,,0.000,,,0.0000,0.0000,0.0000,0.0000,0.0000,-13.0000,,,,CHO,0.0000,-12.8481,0.0000,-12.8408,0.0000,0.0000,0.000,0.000,,0.0,,,,,,THU,1,goc=-30;cu_ly=25;lan=1,1
6.9791,1790254726.917218,0.0208,0,,,0.000,,,0.0000,0.0000,0.0000,0.0000,0.0000,-13.0000,,,,CHO,0.0000,-12.8481,0.0000,-12.8408,0.0000,0.0000,0.000,0.000,,0.0,,,,,,THU,1,goc=-30;cu_ly=25;lan=1,1
6.9997,1790254726.937810,0.0205,0,,,0.000,,,0.0000,0.0000,0.0000,0.0000,0.0000,-13.0000,,,,CHO,0.0000,-12.8481,0.0000,-12.8408,0.0000,0.0000,0.000,0.000,,0.0,,,,,,THU,1,goc=-30;cu_ly=25;lan=1,1
7.0201,1790254726.958171,0.0204,0,,,0.000,,,0.0000,0.0000,0.0000,0.0000,0.0000,-13.0000,,,,CHO,0.0000,-12.8481,0.0000,-12.8408,0.0000,0.0000,0.000,0.000,,0.0,,,,,,THU,1,goc=-30;cu_ly=25;lan=1,1
7.0405,1790254726.978617,0.0204,0,,,0.000,,,0.0000,0.0000,0.0000,0.0000,0.0000,-13.0000,,,,CHO,0.0000,-12.8481,0.0000,-12.8408,0.0000,0.0000,0.000,0.000,,0.0,,,,,,THU,1,goc=-30;cu_ly=25;lan=1,1
7.0606,1790254726.998692,0.0201,0,,,0.000,,,0.0000,0.0000,0.0000,0.0000,0.0000,-13.0000,,,,CHO,0.0000,-12.8481,0.0000,-12.8408,0.0000,0.0000,0.000,0.000,,0.0,,,,,,THU,1,goc=-30;cu_ly=25;lan=1,1
7.0806,1790254727.018743,0.0200,0,,,0.000,,,0.0000,0.0000,0.0000,0.0000,0.0000,-13.0000,,,,CHO,0.0000,-12.8481,0.0000,-12.8408,0.0000,0.0000,0.000,0.000,,0.0,,,,,,THU,1,goc=-30;cu_ly=25;lan=1,1
7.1006,1790254727.038698,0.0200,0,,,0.000,,,0.0000,0.0000,0.0000,0.0000,0.0000,-13.0000,,,,CHO,0.0000,-12.8481,0.0000,-12.8408,0.0000,0.0000,0.000,0.000,,0.0,,,,,,THU,1,goc=-30;cu_ly=25;lan=1,1
7.1208,1790254727.058977,0.0202,0,,,0.000,,,0.0000,0.0000,0.0000,0.0000,0.0000,-13.0000,,,,CHO,0.0000,-12.8481,0.0000,-12.8408,0.0000,0.0000,0.000,0.000,,0.0,,,,,,THU,1,goc=-30;cu_ly=25;lan=1,1
7.1412,1790254727.079404,0.0204,0,,,0.000,,,0.0000,0.0000,0.0000,0.0000,0.0000,-13.0000,,,,CHO,0.0000,-12.8481,0.0000,-12.8408,0.0000,0.0000,0.000,0.000,,0.0,,,,,,THU,1,goc=-30;cu_ly=25;lan=1,1
7.1614,1790254727.099406,0.0202,0,,,0.000,,,0.0000,0.0000,0.0000,0.0000,0.0000,-13.0000,,,,CHO,0.0000,-12.8481,0.0000,-12.8408,0.0000,0.0000,0.000,0.000,,0.0,,,,,,THU,1,goc=-30;cu_ly=25;lan=1,1
7.1814,1790254727.119593,0.0200,0,,,0.000,,,0.0000,0.0000,0.0000,0.0000,0.0000,-13.0000,,,,CHO,0.0000,-12.8481,0.0000,-12.8408,0.0000,0.0000,0.000,0.000,,0.0,,,,,,THU,1,goc=-30;cu_ly=25;lan=1,1
7.2024,1790254727.140448,0.0210,0,,,0.000,,,0.0000,0.0000,0.0000,0.0000,0.0000,-13.0000,,,,CHO,0.0000,-12.8481,0.0000,-12.8408,0.0000,0.0000,0.000,0.000,,0.0,,,,,,THU,1,goc=-30;cu_ly=25;lan=1,1
7.2226,1790254727.160837,0.0203,0,,,0.000,,,0.0000,0.0000,0.0000,0.0000,0.0000,-13.0000,,,,CHO,0.0000,-12.8481,0.0000,-12.8408,0.0000,0.0000,0.000,0.000,,0.0,,,,,,THU,1,goc=-30;cu_ly=25;lan=1,1
7.2426,1790254727.180869,0.0200,0,,,0.000,,,0.0000,0.0000,0.0000,0.0000,0.0000,-13.0000,,,,CHO,0.0000,-12.8481,0.0000,-12.8408,0.0000,0.0000,0.000,0.000,,0.0,,,,,,THU,1,goc=-30;cu_ly=25;lan=1,1
7.2630,1790254727.201240,0.0204,0,,,0.000,,,0.0000,0.0000,0.0000,0.0000,0.0000,-13.0000,,,,CHO,0.0000,-12.8481,0.0000,-12.8408,0.0000,0.0000,0.000,0.000,,0.0,,,,,,THU,1,goc=-30;cu_ly=25;lan=1,1
7.2834,1790254727.221529,0.0203,0,,,0.000,,,0.0000,0.0000,0.0000,0.0000,0.0000,-13.0000,,,,CHO,0.0000,-12.8481,0.0000,-12.8408,0.0000,0.0000,0.000,0.000,,0.0,,,,,,THU,1,goc=-30;cu_ly=25;lan=1,1
7.3037,1790254727.241864,0.0203,0,,,0.000,,,0.0000,0.0000,0.0000,0.0000,0.0000,-13.0000,,,,CHO,0.0000,-12.8481,0.0000,-12.8408,0.0000,0.0000,0.000,0.000,,0.0,,,,,,THU,1,goc=-30;cu_ly=25;lan=1,1
7.3240,1790254727.262225,0.0204,0,,,0.000,,,0.0000,0.0000,0.0000,0.0000,0.0000,-13.0000,,,,CHO,0.0000,-12.8481,0.0000,-12.8408,0.0000,0.0000,0.000,0.000,,0.0,,,,,,THU,1,goc=-30;cu_ly=25;lan=1,1
7.3445,1790254727.282704,0.0205,0,,,0.000,,,0.0000,0.0000,0.0000,0.0000,0.0000,-13.0000,,,,CHO,0.0000,-12.8481,0.0000,-12.8408,0.0000,0.0000,0.000,0.000,,0.0,,,,,,THU,1,goc=-30;cu_ly=25;lan=1,1
7.3648,1790254727.303002,0.0203,0,,,0.000,,,0.0000,0.0000,0.0000,0.0000,0.0000,-13.0000,,,,CHO,0.0000,-12.8481,0.0000,-12.8408,0.0000,0.0000,0.000,0.000,,0.0,,,,,,THU,1,goc=-30;cu_ly=25;lan=1,1
7.3853,1790254727.323555,0.0205,0,,,0.000,,,0.0000,0.0000,0.0000,0.0000,0.0000,-13.0000,,,,CHO,0.0000,-12.8481,0.0000,-12.8408,0.0000,0.0000,0.000,0.000,,0.0,,,,,,THU,1,goc=-30;cu_ly=25;lan=1,1
7.4056,1790254727.343810,0.0203,0,,,0.000,,,0.0000,0.0000,0.0000,0.0000,0.0000,-13.0000,,,,CHO,0.0000,-12.8481,0.0000,-12.8408,0.0000,0.0000,0.000,0.000,,0.0,,,,,,THU,1,goc=-30;cu_ly=25;lan=1,1
7.4262,1790254727.364358,0.0206,0,,,0.000,,,0.0000,0.0000,0.0000,0.0000,0.0000,-13.0000,,,,CHO,0.0000,-12.8481,0.0000,-12.8408,0.0000,0.0000,0.000,0.000,,0.0,,,,,,THU,1,goc=-30;cu_ly=25;lan=1,1
7.4467,1790254727.384893,0.0205,0,,,0.000,,,0.0000,0.0000,0.0000,0.0000,0.0000,-13.0000,,,,CHO,0.0000,-12.8481,0.0000,-12.8408,0.0000,0.0000,0.000,0.000,,0.0,,,,,,THU,1,goc=-30;cu_ly=25;lan=1,1
7.4670,1790254727.405125,0.0204,0,,,0.000,,,0.0000,0.0000,0.0000,0.0000,0.0000,-13.0000,,,,CHO,0.0000,-12.8481,0.0000,-12.8408,0.0000,0.0000,0.000,0.000,,0.0,,,,,,THU,1,goc=-30;cu_ly=25;lan=1,1
7.4871,1790254727.425329,0.0201,0,,,0.000,,,0.0000,0.0000,0.0000,0.0000,0.0000,-13.0000,,,,CHO,0.0000,-12.8481,0.0000,-12.8408,0.0000,0.0000,0.000,0.000,,0.0,,,,,,THU,1,goc=-30;cu_ly=25;lan=1,1
7.5082,1790254727.446439,0.0211,0,,,0.000,,,0.0000,0.0000,0.0000,0.0000,0.0000,-13.0000,,,,CHO,0.0000,-12.8481,0.0000,-12.8408,0.0000,0.0000,0.000,0.000,,0.0,,,,,,THU,1,goc=-30;cu_ly=25;lan=1,1
7.5283,1790254727.466489,0.0201,0,,,0.000,,,0.0000,0.0000,0.0000,0.0000,0.0000,-13.0000,,,,CHO,0.0000,-12.8481,0.0000,-12.8408,0.0000,0.0000,0.000,0.000,,0.0,,,,,,THU,1,goc=-30;cu_ly=25;lan=1,1
7.5485,1790254727.486699,0.0202,0,,,0.000,,,0.0000,0.0000,0.0000,0.0000,0.0000,-13.0000,,,,CHO,0.0000,-12.8481,0.0000,-12.8408,0.0000,0.0000,0.000,0.000,,0.0,,,,,,THU,1,goc=-30;cu_ly=25;lan=1,1
7.5687,1790254727.506957,0.0202,0,,,0.000,,,0.0000,0.0000,0.0000,0.0000,0.0000,-13.0000,,,,CHO,0.0000,-12.8481,0.0000,-12.8408,0.0000,0.0000,0.000,0.000,,0.0,,,,,,THU,1,goc=-30;cu_ly=25;lan=1,1
7.5891,1790254727.527232,0.0204,0,,,0.000,,,0.0000,0.0000,0.0000,0.0000,0.0000,-13.0000,,,,CHO,0.0000,-12.8481,0.0000,-12.8408,0.0000,0.0000,0.000,0.000,,0.0,,,,,,THU,1,goc=-30;cu_ly=25;lan=1,1
7.6098,1790254727.547950,0.0207,0,,,0.000,,,0.0000,0.0000,0.0000,0.0000,0.0000,-13.0000,,,,CHO,0.0000,-12.8481,0.0000,-12.8408,0.0000,0.0000,0.000,0.000,,0.0,,,,,,THU,1,goc=-30;cu_ly=25;lan=1,1
7.6304,1790254727.568561,0.0206,0,,,0.000,,,0.0000,0.0000,0.0000,0.0000,0.0000,-13.0000,,,,CHO,0.0000,-12.8481,0.0000,-12.8408,0.0000,0.0000,0.000,0.000,,0.0,,,,,,THU,1,goc=-30;cu_ly=25;lan=1,1
7.6509,1790254727.589097,0.0205,0,,,0.000,,,0.0000,0.0000,0.0000,0.0000,0.0000,-13.0000,,,,CHO,0.0000,-12.8481,0.0000,-12.8408,0.0000,0.0000,0.000,0.000,,0.0,,,,,,THU,1,goc=-30;cu_ly=25;lan=1,1
7.6719,1790254727.610018,0.0210,0,,,0.000,,,0.0000,0.0000,0.0000,0.0000,0.0000,-13.0000,,,,CHO,0.0000,-12.8481,0.0000,-12.8408,0.0000,0.0000,0.000,0.000,,0.0,,,,,,THU,1,goc=-30;cu_ly=25;lan=1,1
7.6919,1790254727.630143,0.0201,0,,,0.000,,,0.0000,0.0000,0.0000,0.0000,0.0000,-13.0000,,,,CHO,0.0000,-12.8481,0.0000,-12.8408,0.0000,0.0000,0.000,0.000,,0.0,,,,,,THU,1,goc=-30;cu_ly=25;lan=1,1
7.7123,1790254727.650514,0.0204,0,,,0.000,,,0.0000,0.0000,0.0000,0.0000,0.0000,-13.0000,,,,CHO,0.0000,-12.8481,0.0000,-12.8408,0.0000,0.0000,0.000,0.000,,0.0,,,,,,THU,1,goc=-30;cu_ly=25;lan=1,1
7.7323,1790254727.670524,0.0200,0,,,0.000,,,0.0000,0.0000,0.0000,0.0000,0.0000,-13.0000,,,,CHO,0.0000,-12.8481,0.0000,-12.8408,0.0000,0.0000,0.000,0.000,,0.0,,,,,,THU,1,goc=-30;cu_ly=25;lan=1,1
7.7527,1790254727.690821,0.0204,0,,,0.000,,,0.0000,0.0000,0.0000,0.0000,0.0000,-13.0000,,,,CHO,0.0000,-12.8481,0.0000,-12.8408,0.0000,0.0000,0.000,0.000,,0.0,,,,,,THU,1,goc=-30;cu_ly=25;lan=1,1
7.7728,1790254727.710879,0.0201,0,,,0.000,,,0.0000,0.0000,0.0000,0.0000,0.0000,-13.0000,,,,CHO,0.0000,-12.8481,0.0000,-12.8408,0.0000,0.0000,0.000,0.000,,0.0,,,,,,THU,1,goc=-30;cu_ly=25;lan=1,1
7.7934,1790254727.731596,0.0206,0,,,0.000,,,0.0000,0.0000,0.0000,0.0000,0.0000,-13.0000,,,,CHO,0.0000,-12.8481,0.0000,-12.8408,0.0000,0.0000,0.000,0.000,,0.0,,,,,,THU,1,goc=-30;cu_ly=25;lan=1,1
7.8138,1790254727.752042,0.0204,0,,,0.000,,,0.0000,0.0000,0.0000,0.0000,0.0000,-13.0000,,,,CHO,0.0000,-12.8481,0.0000,-12.8408,0.0000,0.0000,0.000,0.000,,0.0,,,,,,THU,1,goc=-30;cu_ly=25;lan=1,1
7.8343,1790254727.772465,0.0205,0,,,0.000,,,0.0000,0.0000,0.0000,0.0000,0.0000,-13.0000,,,,CHO,0.0000,-12.8481,0.0000,-12.8408,0.0000,0.0000,0.000,0.000,,0.0,,,,,,THU,1,goc=-30;cu_ly=25;lan=1,1
7.8543,1790254727.792324,0.0200,0,,,0.000,,,0.0000,0.0000,0.0000,0.0000,0.0000,-13.0000,,,,CHO,0.0000,-12.8481,0.0000,-12.8408,0.0000,0.0000,0.000,0.000,,0.0,,,,,,THU,1,goc=-30;cu_ly=25;lan=1,1
7.8750,1790254727.813207,0.0207,0,,,0.000,,,0.0000,0.0000,0.0000,0.0000,0.0000,-13.0000,,,,CHO,0.0000,-12.8481,0.0000,-12.8408,0.0000,0.0000,0.000,0.000,,0.0,,,,,,THU,1,goc=-30;cu_ly=25;lan=1,1
7.8950,1790254727.833250,0.0200,0,,,0.000,,,0.0000,0.0000,0.0000,0.0000,0.0000,-13.0000,,,,CHO,0.0000,-12.8481,0.0000,-12.8408,0.0000,0.0000,0.000,0.000,,0.0,,,,,,THU,1,goc=-30;cu_ly=25;lan=1,1
7.9154,1790254727.853626,0.0204,0,,,0.000,,,0.0000,0.0000,0.0000,0.0000,0.0000,-13.0000,,,,CHO,0.0000,-12.8481,0.0000,-12.8408,0.0000,0.0000,0.000,0.000,,0.0,,,,,,THU,1,goc=-30;cu_ly=25;lan=1,1
7.9355,1790254727.873748,0.0201,0,,,0.000,,,0.0000,0.0000,0.0000,0.0000,0.0000,-13.0000,,,,CHO,0.0000,-12.8481,0.0000,-12.8408,0.0000,0.0000,0.000,0.000,,0.0,,,,,,THU,1,goc=-30;cu_ly=25;lan=1,1
7.9560,1790254727.894148,0.0204,0,,,0.000,,,0.0000,0.0000,0.0000,0.0000,0.0000,-13.0000,,,,CHO,0.0000,-12.8481,0.0000,-12.8408,0.0000,0.0000,0.000,0.000,,0.0,,,,,,THU,1,goc=-30;cu_ly=25;lan=1,1
7.9766,1790254727.914778,0.0206,0,,,0.000,,,0.0000,0.0000,0.0000,0.0000,0.0000,-13.0000,,,,CHO,0.0000,-12.8481,0.0000,-12.8408,0.0000,0.0000,0.000,0.000,,0.0,,,,,,THU,1,goc=-30;cu_ly=25;lan=1,1
7.9966,1790254727.934772,0.0200,0,,,0.000,,,0.0000,0.0000,0.0000,0.0000,0.0000,-13.0000,,,,CHO,0.0000,-12.8481,0.0000,-12.8408,0.0000,0.0000,0.000,0.000,,0.0,,,,,,THU,1,goc=-30;cu_ly=25;lan=1,1
8.0166,1790254727.954668,0.0200,0,,,0.000,,,0.0000,0.0000,0.0000,0.0000,0.0000,-13.0000,,,,CHO,0.0000,-12.8481,0.0000,-12.8408,0.0000,0.0000,0.000,0.000,,0.0,,,,,,THU,1,goc=-30;cu_ly=25;lan=1,1
8.0368,1790254727.974844,0.0202,0,,,0.000,,,0.0000,0.0000,0.0000,0.0000,0.0000,-13.0000,,,,CHO,0.0000,-12.8481,0.0000,-12.8408,0.0000,0.0000,0.000,0.000,,0.0,,,,,,THU,1,goc=-30;cu_ly=25;lan=1,1
8.0571,1790254727.995323,0.0203,0,,,0.000,,,0.0000,0.0000,0.0000,0.0000,0.0000,-13.0000,,,,CHO,0.0000,-12.8481,0.0000,-12.8408,0.0000,0.0000,0.000,0.000,,0.0,,,,,,THU,1,goc=-30;cu_ly=25;lan=1,1
8.0775,1790254728.015710,0.0204,0,,,0.000,,,0.0000,0.0000,0.0000,0.0000,0.0000,-13.0000,,,,CHO,0.0000,-12.8481,0.0000,-12.8408,0.0000,0.0000,0.000,0.000,,0.0,,,,,,THU,1,goc=-30;cu_ly=25;lan=1,1
8.0981,1790254728.036242,0.0206,0,,,0.000,,,0.0000,0.0000,0.0000,0.0000,0.0000,-13.0000,,,,CHO,0.0000,-12.8481,0.0000,-12.8408,0.0000,0.0000,0.000,0.000,,0.0,,,,,,THU,1,goc=-30;cu_ly=25;lan=1,1
8.1181,1790254728.056219,0.0201,0,,,0.000,,,0.0000,0.0000,0.0000,0.0000,0.0000,-13.0000,,,,CHO,0.0000,-12.8481,0.0000,-12.8408,0.0000,0.0000,0.000,0.000,,0.0,,,,,,THU,1,goc=-30;cu_ly=25;lan=1,1
8.1384,1790254728.076659,0.0203,0,,,0.000,,,0.0000,0.0000,0.0000,0.0000,0.0000,-13.0000,,,,CHO,0.0000,-12.8481,0.0000,-12.8408,0.0000,0.0000,0.000,0.000,,0.0,,,,,,THU,1,goc=-30;cu_ly=25;lan=1,1
8.1586,1790254728.096660,0.0201,0,,,0.000,,,0.0000,0.0000,0.0000,0.0000,0.0000,-13.0000,,,,CHO,0.0000,-12.8481,0.0000,-12.8408,0.0000,0.0000,0.000,0.000,,0.0,,,,,,THU,1,goc=-30;cu_ly=25;lan=1,1
8.1791,1790254728.117225,0.0205,0,,,0.000,,,0.0000,0.0000,0.0000,0.0000,0.0000,-13.0000,,,,CHO,0.0000,-12.8481,0.0000,-12.8408,0.0000,0.0000,0.000,0.000,,0.0,,,,,,THU,1,goc=-30;cu_ly=25;lan=1,1
8.1994,1790254728.137472,0.0203,0,,,0.000,,,0.0000,0.0000,0.0000,0.0000,0.0000,-13.0000,,,,CHO,0.0000,-12.8481,0.0000,-12.8408,0.0000,0.0000,0.000,0.000,,0.0,,,,,,THU,1,goc=-30;cu_ly=25;lan=1,1
8.2201,1790254728.158273,0.0207,0,,,0.000,,,0.0000,0.0000,0.0000,0.0000,0.0000,-13.0000,,,,CHO,0.0000,-12.8481,0.0000,-12.8408,0.0000,0.0000,0.000,0.000,,0.0,,,,,,THU,1,goc=-30;cu_ly=25;lan=1,1
8.2404,1790254728.178521,0.0203,0,,,0.000,,,0.0000,0.0000,0.0000,0.0000,0.0000,-13.0000,,,,CHO,0.0000,-12.8481,0.0000,-12.8408,0.0000,0.0000,0.000,0.000,,0.0,,,,,,THU,1,goc=-30;cu_ly=25;lan=1,1
8.2606,1790254728.198745,0.0202,0,,,0.000,,,0.0000,0.0000,0.0000,0.0000,0.0000,-13.0000,,,,CHO,0.0000,-12.8481,0.0000,-12.8408,0.0000,0.0000,0.000,0.000,,0.0,,,,,,THU,1,goc=-30;cu_ly=25;lan=1,1
8.2809,1790254728.219133,0.0204,0,,,0.000,,,0.0000,0.0000,0.0000,0.0000,0.0000,-13.0000,,,,CHO,0.0000,-12.8481,0.0000,-12.8408,0.0000,0.0000,0.000,0.000,,0.0,,,,,,THU,1,goc=-30;cu_ly=25;lan=1,1
8.3016,1790254728.239824,0.0207,0,,,0.000,,,0.0000,0.0000,0.0000,0.0000,0.0000,-13.0000,,,,CHO,0.0000,-12.8481,0.0000,-12.8408,0.0000,0.0000,0.000,0.000,,0.0,,,,,,THU,1,goc=-30;cu_ly=25;lan=1,1
8.3223,1790254728.260385,0.0207,0,,,0.000,,,0.0000,0.0000,0.0000,0.0000,0.0000,-13.0000,,,,CHO,0.0000,-12.8481,0.0000,-12.8408,0.0000,0.0000,0.000,0.000,,0.0,,,,,,THU,1,goc=-30;cu_ly=25;lan=1,1
8.3429,1790254728.281089,0.0206,0,,,0.000,,,0.0000,0.0000,0.0000,0.0000,0.0000,-13.0000,,,,CHO,0.0000,-12.8481,0.0000,-12.8408,0.0000,0.0000,0.000,0.000,,0.0,,,,,,THU,1,goc=-30;cu_ly=25;lan=1,1
8.3630,1790254728.301088,0.0201,0,,,0.000,,,0.0000,0.0000,0.0000,0.0000,0.0000,-13.0000,,,,CHO,0.0000,-12.8481,0.0000,-12.8408,0.0000,0.0000,0.000,0.000,,0.0,,,,,,THU,1,goc=-30;cu_ly=25;lan=1,1
8.3837,1790254728.321844,0.0206,0,,,0.000,,,0.0000,0.0000,0.0000,0.0000,0.0000,-13.0000,,,,CHO,0.0000,-12.8481,0.0000,-12.8408,0.0000,0.0000,0.000,0.000,,0.0,,,,,,THU,1,goc=-30;cu_ly=25;lan=1,1
8.4043,1790254728.342403,0.0207,0,,,0.000,,,0.0000,0.0000,0.0000,0.0000,0.0000,-13.0000,,,,CHO,0.0000,-12.8481,0.0000,-12.8408,0.0000,0.0000,0.000,0.000,,0.0,,,,,,THU,1,goc=-30;cu_ly=25;lan=1,1
8.4249,1790254728.363105,0.0206,0,,,0.000,,,0.0000,0.0000,0.0000,0.0000,0.0000,-13.0000,,,,CHO,0.0000,-12.8481,0.0000,-12.8408,0.0000,0.0000,0.000,0.000,,0.0,,,,,,THU,1,goc=-30;cu_ly=25;lan=1,1
8.4450,1790254728.383219,0.0201,0,,,0.000,,,0.0000,0.0000,0.0000,0.0000,0.0000,-13.0000,,,,CHO,0.0000,-12.8481,0.0000,-12.8408,0.0000,0.0000,0.000,0.000,,0.0,,,,,,THU,1,goc=-30;cu_ly=25;lan=1,1
8.4653,1790254728.403482,0.0203,0,,,0.000,,,0.0000,0.0000,0.0000,0.0000,0.0000,-13.0000,,,,CHO,0.0000,-12.8481,0.0000,-12.8408,0.0000,0.0000,0.000,0.000,,0.0,,,,,,THU,1,goc=-30;cu_ly=25;lan=1,1
8.4855,1790254728.423656,0.0202,0,,,0.000,,,0.0000,0.0000,0.0000,0.0000,0.0000,-13.0000,,,,CHO,0.0000,-12.8481,0.0000,-12.8408,0.0000,0.0000,0.000,0.000,,0.0,,,,,,THU,1,goc=-30;cu_ly=25;lan=1,1
8.5056,1790254728.443594,0.0201,0,,,0.000,,,0.0000,0.0000,0.0000,0.0000,0.0000,-13.0000,,,,CHO,0.0000,-12.8481,0.0000,-12.8408,0.0000,0.0000,0.000,0.000,,0.0,,,,,,THU,1,goc=-30;cu_ly=25;lan=1,1
8.5257,1790254728.463788,0.0201,0,,,0.000,,,0.0000,0.0000,0.0000,0.0000,0.0000,-13.0000,,,,CHO,0.0000,-12.8481,0.0000,-12.8408,0.0000,0.0000,0.000,0.000,,0.0,,,,,,THU,1,goc=-30;cu_ly=25;lan=1,1
8.5457,1790254728.483872,0.0200,0,,,0.000,,,0.0000,0.0000,0.0000,0.0000,0.0000,-13.0000,,,,CHO,0.0000,-12.8481,0.0000,-12.8408,0.0000,0.0000,0.000,0.000,,0.0,,,,,,THU,1,goc=-30;cu_ly=25;lan=1,1
8.5661,1790254728.504242,0.0203,0,,,0.000,,,0.0000,0.0000,0.0000,0.0000,0.0000,-13.0000,,,,CHO,0.0000,-12.8481,0.0000,-12.8408,0.0000,0.0000,0.000,0.000,,0.0,,,,,,THU,1,goc=-30;cu_ly=25;lan=1,1
8.5862,1790254728.524401,0.0201,0,,,0.000,,,0.0000,0.0000,0.0000,0.0000,0.0000,-13.0000,,,,CHO,0.0000,-12.8481,0.0000,-12.8408,0.0000,0.0000,0.000,0.000,,0.0,,,,,,THU,1,goc=-30;cu_ly=25;lan=1,1
8.6067,1790254728.544862,0.0205,0,,,0.000,,,0.0000,0.0000,0.0000,0.0000,0.0000,-13.0000,,,,CHO,0.0000,-12.8481,0.0000,-12.8408,0.0000,0.0000,0.000,0.000,,0.0,,,,,,THU,1,goc=-30;cu_ly=25;lan=1,1
8.6267,1790254728.564901,0.0200,0,,,0.000,,,0.0000,0.0000,0.0000,0.0000,0.0000,-13.0000,,,,CHO,0.0000,-12.8481,0.0000,-12.8408,0.0000,0.0000,0.000,0.000,,0.0,,,,,,THU,1,goc=-30;cu_ly=25;lan=1,1
8.6468,1790254728.584880,0.0201,0,,,0.000,,,0.0000,0.0000,0.0000,0.0000,0.0000,-13.0000,,,,CHO,0.0000,-12.8481,0.0000,-12.8408,0.0000,0.0000,0.000,0.000,,0.0,,,,,,THU,1,goc=-30;cu_ly=25;lan=1,1
8.6672,1790254728.605321,0.0203,0,,,0.000,,,0.0000,0.0000,0.0000,0.0000,0.0000,-13.0000,,,,CHO,0.0000,-12.8481,0.0000,-12.8408,0.0000,0.0000,0.000,0.000,,0.0,,,,,,THU,1,goc=-30;cu_ly=25;lan=1,1
8.6874,1790254728.625562,0.0202,0,,,0.000,,,0.0000,0.0000,0.0000,0.0000,0.0000,-13.0000,,,,CHO,0.0000,-12.8481,0.0000,-12.8408,0.0000,0.0000,0.000,0.000,,0.0,,,,,,THU,1,goc=-30;cu_ly=25;lan=1,1
8.7078,1790254728.645960,0.0204,0,,,0.000,,,0.0000,0.0000,0.0000,0.0000,0.0000,-13.0000,,,,CHO,0.0000,-12.8481,0.0000,-12.8408,0.0000,0.0000,0.000,0.000,,0.0,,,,,,THU,1,goc=-30;cu_ly=25;lan=1,1
8.7279,1790254728.666042,0.0201,0,,,0.000,,,0.0000,0.0000,0.0000,0.0000,0.0000,-13.0000,,,,CHO,0.0000,-12.8481,0.0000,-12.8408,0.0000,0.0000,0.000,0.000,,0.0,,,,,,THU,1,goc=-30;cu_ly=25;lan=1,1
8.7482,1790254728.686361,0.0203,0,,,0.000,,,0.0000,0.0000,0.0000,0.0000,0.0000,-13.0000,,,,CHO,0.0000,-12.8481,0.0000,-12.8408,0.0000,0.0000,0.000,0.000,,0.0,,,,,,THU,1,goc=-30;cu_ly=25;lan=1,1
8.7684,1790254728.706629,0.0202,0,,,0.000,,,0.0000,0.0000,0.0000,0.0000,0.0000,-13.0000,,,,CHO,0.0000,-12.8481,0.0000,-12.8408,0.0000,0.0000,0.000,0.000,,0.0,,,,,,THU,1,goc=-30;cu_ly=25;lan=1,1
8.7887,1790254728.726825,0.0203,0,,,0.000,,,0.0000,0.0000,0.0000,0.0000,0.0000,-13.0000,,,,CHO,0.0000,-12.8481,0.0000,-12.8408,0.0000,0.0000,0.000,0.000,,0.0,,,,,,THU,1,goc=-30;cu_ly=25;lan=1,1
8.8089,1790254728.747089,0.0202,0,,,0.000,,,0.0000,0.0000,0.0000,0.0000,0.0000,-13.0000,,,,CHO,0.0000,-12.8481,0.0000,-12.8408,0.0000,0.0000,0.000,0.000,,0.0,,,,,,THU,1,goc=-30;cu_ly=25;lan=1,1
8.8290,1790254728.767185,0.0202,0,,,0.000,,,0.0000,0.0000,0.0000,0.0000,0.0000,-13.0000,,,,CHO,0.0000,-12.8481,0.0000,-12.8408,0.0000,0.0000,0.000,0.000,,0.0,,,,,,THU,1,goc=-30;cu_ly=25;lan=1,1
8.8491,1790254728.787209,0.0201,0,,,0.000,,,0.0000,0.0000,0.0000,0.0000,0.0000,-13.0000,,,,CHO,0.0000,-12.8481,0.0000,-12.8408,0.0000,0.0000,0.000,0.000,,0.0,,,,,,THU,1,goc=-30;cu_ly=25;lan=1,1
8.8693,1790254728.807451,0.0202,0,,,0.000,,,0.0000,0.0000,0.0000,0.0000,0.0000,-13.0000,,,,CHO,0.0000,-12.8481,0.0000,-12.8408,0.0000,0.0000,0.000,0.000,,0.0,,,,,,THU,1,goc=-30;cu_ly=25;lan=1,1
8.8894,1790254728.827538,0.0201,0,,,0.000,,,0.0000,0.0000,0.0000,0.0000,0.0000,-13.0000,,,,CHO,0.0000,-12.8481,0.0000,-12.8408,0.0000,0.0000,0.000,0.000,,0.0,,,,,,THU,1,goc=-30;cu_ly=25;lan=1,1
8.9096,1790254728.847692,0.0202,0,,,0.000,,,0.0000,0.0000,0.0000,0.0000,0.0000,-13.0000,,,,CHO,0.0000,-12.8481,0.0000,-12.8408,0.0000,0.0000,0.000,0.000,,0.0,,,,,,THU,1,goc=-30;cu_ly=25;lan=1,1
8.9300,1790254728.868206,0.0204,0,,,0.000,,,0.0000,0.0000,0.0000,0.0000,0.0000,-13.0000,,,,CHO,0.0000,-12.8481,0.0000,-12.8408,0.0000,0.0000,0.000,0.000,,0.0,,,,,,THU,1,goc=-30;cu_ly=25;lan=1,1
8.9504,1790254728.888602,0.0204,0,,,0.000,,,0.0000,0.0000,0.0000,0.0000,0.0000,-13.0000,,,,CHO,0.0000,-12.8481,0.0000,-12.8408,0.0000,0.0000,0.000,0.000,,0.0,,,,,,THU,1,goc=-30;cu_ly=25;lan=1,1
8.9710,1790254728.909235,0.0206,0,,,0.000,,,0.0000,0.0000,0.0000,0.0000,0.0000,-13.0000,,,,CHO,0.0000,-12.8481,0.0000,-12.8408,0.0000,0.0000,0.000,0.000,,0.0,,,,,,THU,1,goc=-30;cu_ly=25;lan=1,1
8.9911,1790254728.929160,0.0200,0,,,0.000,,,0.0000,0.0000,0.0000,0.0000,0.0000,-13.0000,,,,CHO,0.0000,-12.8481,0.0000,-12.8408,0.0000,0.0000,0.000,0.000,,0.0,,,,,,THU,1,goc=-30;cu_ly=25;lan=1,1
9.0114,1790254728.949620,0.0203,0,,,0.000,,,0.0000,0.0000,0.0000,0.0000,0.0000,-13.0000,,,,CHO,0.0000,-12.8481,0.0000,-12.8408,0.0000,0.0000,0.000,0.000,,0.0,,,,,,THU,1,goc=-30;cu_ly=25;lan=1,1
9.0317,1790254728.969805,0.0203,0,,,0.000,,,0.0000,0.0000,0.0000,0.0000,0.0000,-13.0000,,,,CHO,0.0000,-12.8481,0.0000,-12.8408,0.0000,0.0000,0.000,0.000,,0.0,,,,,,THU,1,goc=-30;cu_ly=25;lan=1,1
9.0520,1790254728.990175,0.0202,0,,,0.000,,,0.0000,0.0000,0.0000,0.0000,0.0000,-13.0000,,,,CHO,0.0000,-12.8481,0.0000,-12.8408,0.0000,0.0000,0.000,0.000,,0.0,,,,,,THU,1,goc=-30;cu_ly=25;lan=1,1
9.0725,1790254729.010693,0.0205,0,,,0.000,,,0.0000,0.0000,0.0000,0.0000,0.0000,-13.0000,,,,CHO,0.0000,-12.8481,0.0000,-12.8408,0.0000,0.0000,0.000,0.000,,0.0,,,,,,THU,1,goc=-30;cu_ly=25;lan=1,1
9.0931,1790254729.031257,0.0206,0,,,0.000,,,0.0000,0.0000,0.0000,0.0000,0.0000,-13.0000,,,,CHO,0.0000,-12.8481,0.0000,-12.8408,0.0000,0.0000,0.000,0.000,,0.0,,,,,,THU,1,goc=-30;cu_ly=25;lan=1,1
9.1135,1790254729.051677,0.0205,0,,,0.000,,,0.0000,0.0000,0.0000,0.0000,0.0000,-13.0000,,,,CHO,0.0000,-12.8481,0.0000,-12.8408,0.0000,0.0000,0.000,0.000,,0.0,,,,,,THU,1,goc=-30;cu_ly=25;lan=1,1
9.1339,1790254729.072103,0.0204,0,,,0.000,,,0.0000,0.0000,0.0000,0.0000,0.0000,-13.0000,,,,CHO,0.0000,-12.8481,0.0000,-12.8408,0.0000,0.0000,0.000,0.000,,0.0,,,,,,THU,1,goc=-30;cu_ly=25;lan=1,1
9.1540,1790254729.091982,0.0201,0,,,0.000,,,0.0000,0.0000,0.0000,0.0000,0.0000,-13.0000,,,,CHO,0.0000,-12.8481,0.0000,-12.8408,0.0000,0.0000,0.000,0.000,,0.0,,,,,,THU,1,goc=-30;cu_ly=25;lan=1,1
9.1743,1790254729.112520,0.0204,0,,,0.000,,,0.0000,0.0000,0.0000,0.0000,0.0000,-13.0000,,,,CHO,0.0000,-12.8481,0.0000,-12.8408,0.0000,0.0000,0.000,0.000,,0.0,,,,,,THU,1,goc=-30;cu_ly=25;lan=1,1
9.1947,1790254729.132918,0.0204,0,,,0.000,,,0.0000,0.0000,0.0000,0.0000,0.0000,-13.0000,,,,CHO,0.0000,-12.8481,0.0000,-12.8408,0.0000,0.0000,0.000,0.000,,0.0,,,,,,THU,1,goc=-30;cu_ly=25;lan=1,1
9.2153,1790254729.153379,0.0206,0,,,0.000,,,0.0000,0.0000,0.0000,0.0000,0.0000,-13.0000,,,,CHO,0.0000,-12.8481,0.0000,-12.8408,0.0000,0.0000,0.000,0.000,,0.0,,,,,,THU,1,goc=-30;cu_ly=25;lan=1,1
9.2356,1790254729.173733,0.0203,0,,,0.000,,,0.0000,0.0000,0.0000,0.0000,0.0000,-13.0000,,,,CHO,0.0000,-12.8481,0.0000,-12.8408,0.0000,0.0000,0.000,0.000,,0.0,,,,,,THU,1,goc=-30;cu_ly=25;lan=1,1
9.2563,1790254729.194498,0.0207,0,,,0.000,,,0.0000,0.0000,0.0000,0.0000,0.0000,-13.0000,,,,CHO,0.0000,-12.8481,0.0000,-12.8408,0.0000,0.0000,0.000,0.000,,0.0,,,,,,THU,1,goc=-30;cu_ly=25;lan=1,1
9.2768,1790254729.214978,0.0204,0,,,0.000,,,0.0000,0.0000,0.0000,0.0000,0.0000,-13.0000,,,,CHO,0.0000,-12.8481,0.0000,-12.8408,0.0000,0.0000,0.000,0.000,,0.0,,,,,,THU,1,goc=-30;cu_ly=25;lan=1,1
9.2973,1790254729.235475,0.0205,0,,,0.000,,,0.0000,0.0000,0.0000,0.0000,0.0000,-13.0000,,,,CHO,0.0000,-12.8481,0.0000,-12.8408,0.0000,0.0000,0.000,0.000,,0.0,,,,,,THU,1,goc=-30;cu_ly=25;lan=1,1
9.3175,1790254729.255681,0.0202,0,,,0.000,,,0.0000,0.0000,0.0000,0.0000,0.0000,-13.0000,,,,CHO,0.0000,-12.8481,0.0000,-12.8408,0.0000,0.0000,0.000,0.000,,0.0,,,,,,THU,1,goc=-30;cu_ly=25;lan=1,1
9.3381,1790254729.276263,0.0206,0,,,0.000,,,0.0000,0.0000,0.0000,0.0000,0.0000,-13.0000,,,,CHO,0.0000,-12.8481,0.0000,-12.8408,0.0000,0.0000,0.000,0.000,,0.0,,,,,,THU,1,goc=-30;cu_ly=25;lan=1,1
9.3584,1790254729.296540,0.0204,0,,,0.000,,,0.0000,0.0000,0.0000,0.0000,0.0000,-13.0000,,,,CHO,0.0000,-12.8481,0.0000,-12.8408,0.0000,0.0000,0.000,0.000,,0.0,,,,,,THU,1,goc=-30;cu_ly=25;lan=1,1
9.3788,1790254729.316788,0.0204,0,,,0.000,,,0.0000,0.0000,0.0000,0.0000,0.0000,-13.0000,,,,CHO,0.0000,-12.8481,0.0000,-12.8408,0.0000,0.0000,0.000,0.000,,0.0,,,,,,THU,1,goc=-30;cu_ly=25;lan=1,1
9.3989,1790254729.337065,0.0200,0,,,0.000,,,0.0000,0.0000,0.0000,0.0000,0.0000,-13.0000,,,,CHO,0.0000,-12.8481,0.0000,-12.8408,0.0000,0.0000,0.000,0.000,,0.0,,,,,,THU,1,goc=-30;cu_ly=25;lan=1,1
9.4194,1790254729.357624,0.0206,0,,,0.000,,,0.0000,0.0000,0.0000,0.0000,0.0000,-13.0000,,,,CHO,0.0000,-12.8481,0.0000,-12.8408,0.0000,0.0000,0.000,0.000,,0.0,,,,,,THU,1,goc=-30;cu_ly=25;lan=1,1
9.4401,1790254729.378298,0.0207,0,,,0.000,,,0.0000,0.0000,0.0000,0.0000,0.0000,-13.0000,,,,CHO,0.0000,-12.8481,0.0000,-12.8408,0.0000,0.0000,0.000,0.000,,0.0,,,,,,THU,1,goc=-30;cu_ly=25;lan=1,1
9.4602,1790254729.398193,0.0200,0,,,0.000,,,0.0000,0.0000,0.0000,0.0000,0.0000,-13.0000,,,,CHO,0.0000,-12.8481,0.0000,-12.8408,0.0000,0.0000,0.000,0.000,,0.0,,,,,,THU,1,goc=-30;cu_ly=25;lan=1,1
9.4805,1790254729.418665,0.0203,0,,,0.000,,,0.0000,0.0000,0.0000,0.0000,0.0000,-13.0000,-61.0147,0.3218,0.1726,CHO_IFF,0.0000,-12.8481,0.0000,-12.8408,0.0000,0.0000,0.000,0.000,,0.0,,51,CHO,,0,THU,1,goc=-30;cu_ly=25;lan=1,1
9.5010,1790254729.439177,0.0205,0,,,0.000,,,0.0000,0.0000,0.0000,0.0000,0.0000,-13.0000,-61.0147,0.3218,0.1726,CHO_IFF,0.0000,-12.8481,0.0000,-12.8408,0.0000,0.0000,0.000,0.000,,0.0,,51,CHO,,0,THU,1,goc=-30;cu_ly=25;lan=1,1
9.5215,1790254729.459729,0.0205,0,,,0.000,,,0.0000,0.0000,0.0000,0.0000,0.0000,-13.0000,-61.0147,0.3218,0.1726,CHO_IFF,0.0000,-12.8481,0.0000,-12.8408,0.0000,0.0000,0.000,0.000,,0.0,,51,CHO,,0,THU,1,goc=-30;cu_ly=25;lan=1,1
9.5419,1790254729.479958,0.0204,0,,,0.000,,,0.0000,0.0000,0.0000,0.0000,0.0000,-13.0000,-61.0147,0.3218,0.1726,CHO_IFF,0.0000,-12.8481,0.0000,-12.8408,0.0000,0.0000,0.000,0.000,,0.0,,51,CHO,,0,THU,1,goc=-30;cu_ly=25;lan=1,1
9.5625,1790254729.500642,0.0205,0,,,0.000,,,0.0000,0.0000,0.0000,0.0000,0.0000,-13.0000,-61.0147,0.3218,0.1726,CHO_IFF,0.0000,-12.8481,0.0000,-12.8408,0.0000,0.0000,0.000,0.000,,0.0,,51,CHO,,0,THU,1,goc=-30;cu_ly=25;lan=1,1
9.5829,1790254729.521104,0.0204,0,,,0.000,,,0.0000,0.0000,0.0000,0.0000,0.0000,-13.0000,-61.0147,0.3218,0.1726,CHO_IFF,0.0000,-12.8481,0.0000,-12.8408,0.0000,0.0000,0.000,0.000,,0.0,,51,CHO,,0,THU,1,goc=-30;cu_ly=25;lan=1,1
9.6032,1790254729.541408,0.0203,0,,,0.000,,,0.0000,0.0000,0.0000,0.0000,0.0000,-13.0000,-57.1471,0.3134,0.1817,CHO_IFF,0.0000,-12.8481,0.0000,-12.8408,0.0000,0.0000,0.000,0.000,,0.0,,51,CHO,,0,THU,1,goc=-30;cu_ly=25;lan=1,1
9.6238,1790254729.561821,0.0205,0,,,0.000,,,0.0000,0.0000,0.0000,0.0000,0.0000,-13.0000,-57.1471,0.3134,0.1817,CHO_IFF,0.0000,-12.8481,0.0000,-12.8408,0.0000,0.0000,0.000,0.000,,0.0,,51,CHO,,0,THU,1,goc=-30;cu_ly=25;lan=1,1
9.6442,1790254729.582422,0.0205,0,,,0.000,,,0.0000,0.0000,0.0000,0.0000,0.0000,-13.0000,-57.1471,0.3134,0.1817,CHO_IFF,0.0000,-12.8481,0.0000,-12.8408,0.0000,0.0000,0.000,0.000,,0.0,,51,CHO,,0,THU,1,goc=-30;cu_ly=25;lan=1,1
9.6650,1790254729.603013,0.0207,0,,,0.000,,,0.0000,0.0000,0.0000,0.0000,0.0000,-13.0000,-57.1471,0.3134,0.1817,CHO_IFF,0.0000,-12.8481,0.0000,-12.8408,0.0000,0.0000,0.000,0.000,,0.0,,51,CHO,,0,THU,1,goc=-30;cu_ly=25;lan=1,1
9.6853,1790254729.623478,0.0204,0,,,0.000,,,0.0000,0.0000,0.0000,0.0000,0.0000,-13.0000,-57.1471,0.3134,0.1817,CHO_IFF,0.0000,-12.8481,0.0000,-12.8408,0.0000,0.0000,0.000,0.000,,0.0,,51,CHO,,0,THU,1,goc=-30;cu_ly=25;lan=1,1
9.7057,1790254729.643960,0.0204,0,,,0.000,,,0.0000,0.0000,0.0000,0.0000,0.0000,-13.0000,-57.1471,0.3134,0.1817,CHO_IFF,0.0000,-12.8481,0.0000,-12.8408,0.0000,0.0000,0.000,0.000,,0.0,,51,CHO,,0,THU,1,goc=-30;cu_ly=25;lan=1,1
9.7264,1790254729.664445,0.0207,0,,,0.000,,,0.0000,0.0000,0.0000,0.0000,0.0000,-13.0000,-52.2775,0.3043,0.2131,CHO_IFF,0.0000,-12.8481,0.0000,-12.8408,0.0000,0.0000,0.000,0.000,,0.0,,51,CHO,,0,THU,1,goc=-30;cu_ly=25;lan=1,1
9.7466,1790254729.684810,0.0201,0,,,0.000,,,0.0000,0.0000,0.0000,0.0000,0.0000,-13.0000,-52.2775,0.3043,0.2131,CHO_IFF,0.0000,-12.8481,0.0000,-12.8408,0.0000,0.0000,0.000,0.000,,0.0,,51,CHO,,0,THU,1,goc=-30;cu_ly=25;lan=1,1
9.7668,1790254729.705001,0.0203,0,,,0.000,,,0.0000,0.0000,0.0000,0.0000,0.0000,-13.0000,-52.2775,0.3043,0.2131,CHO_IFF,0.0000,-12.8481,0.0000,-12.8408,0.0000,0.0000,0.000,0.000,,0.0,,51,CHO,,0,THU,1,goc=-30;cu_ly=25;lan=1,1
9.7877,1790254729.725769,0.0208,0,,,0.000,,,0.0000,0.0000,0.0000,0.0000,0.0000,-13.0000,-52.2775,0.3043,0.2131,CHO_IFF,0.0000,-12.8481,0.0000,-12.8408,0.0000,0.0000,0.000,0.000,,0.0,,51,CHO,,0,THU,1,goc=-30;cu_ly=25;lan=1,1
9.8081,1790254729.746263,0.0204,0,,,0.000,,,0.0000,0.0000,0.0000,0.0000,0.0000,-13.0000,-52.2775,0.3043,0.2131,CHO_IFF,0.0000,-12.8481,0.0000,-12.8408,0.0000,0.0000,0.000,0.000,,0.0,,51,CHO,,0,THU,1,goc=-30;cu_ly=25;lan=1,1
9.8285,1790254729.766695,0.0204,0,,,0.000,,,0.0000,0.0000,0.0000,0.0000,0.0000,-13.0000,-52.2775,0.3043,0.2131,CHO_IFF,0.0000,-12.8481,0.0000,-12.8408,0.0000,0.0000,0.000,0.000,,0.0,,51,CHO,,0,THU,1,goc=-30;cu_ly=25;lan=1,1
9.8487,1790254729.786762,0.0202,0,,,0.000,,,0.0000,0.0000,0.0000,0.0000,0.0000,-13.0000,-46.7584,0.2975,0.2318,CHO_IFF,0.0000,-12.8481,0.0000,-12.8408,0.0000,0.0000,0.000,0.000,,0.0,,51,CHO,,0,THU,1,goc=-30;cu_ly=25;lan=1,1
9.8688,1790254729.806922,0.0201,0,,,0.000,,,0.0000,0.0000,0.0000,0.0000,0.0000,-13.0000,-46.7584,0.2975,0.2318,CHO_IFF,0.0000,-12.8481,0.0000,-12.8408,0.0000,0.0000,0.000,0.000,,0.0,,51,CHO,,0,THU,1,goc=-30;cu_ly=25;lan=1,1
9.8892,1790254729.827283,0.0204,0,,,0.000,,,0.0000,0.0000,0.0000,0.0000,0.0000,-13.0000,-46.7584,0.2975,0.2318,CHO_IFF,0.0000,-12.8481,0.0000,-12.8408,0.0000,0.0000,0.000,0.000,,0.0,,51,CHO,,0,THU,1,goc=-30;cu_ly=25;lan=1,1
9.9097,1790254729.847931,0.0205,0,,,0.000,,,0.0000,0.0000,0.0000,0.0000,0.0000,-13.0000,-46.7584,0.2975,0.2318,CHO_IFF,0.0000,-12.8481,0.0000,-12.8408,0.0000,0.0000,0.000,0.000,,0.0,,51,CHO,,0,THU,1,goc=-30;cu_ly=25;lan=1,1
9.9302,1790254729.868301,0.0205,0,,,0.000,,,0.0000,0.0000,0.0000,0.0000,0.0000,-13.0000,-46.7584,0.2975,0.2318,CHO_IFF,0.0000,-12.8481,0.0000,-12.8408,0.0000,0.0000,0.000,0.000,,0.0,,51,CHO,,0,THU,1,goc=-30;cu_ly=25;lan=1,1
9.9505,1790254729.888682,0.0202,0,,,0.000,,,0.0000,0.0000,0.0000,0.0000,0.0000,-13.0000,-46.7584,0.2975,0.2318,CHO_IFF,0.0000,-12.8481,0.0000,-12.8408,0.0000,0.0000,0.000,0.000,,0.0,,51,CHO,,0,THU,1,goc=-30;cu_ly=25;lan=1,1
9.9706,1790254729.908685,0.0201,0,,,0.000,,,0.0000,0.0000,0.0000,0.0000,0.0000,-13.0000,-41.4065,0.2935,0.2291,CHO_IFF,0.0000,-12.8481,0.0000,-12.8408,0.0000,0.0000,0.000,0.000,,0.0,,51,CHO,,0,THU,1,goc=-30;cu_ly=25;lan=1,1
9.9907,1790254729.928684,0.0201,0,,,0.000,,,0.0000,0.0000,0.0000,0.0000,0.0000,-13.0000,-41.4065,0.2935,0.2291,CHO_IFF,0.0000,-12.8481,0.0000,-12.8408,0.0000,0.0000,0.000,0.000,,0.0,,51,CHO,,0,THU,1,goc=-30;cu_ly=25;lan=1,1
10.0111,1790254729.949256,0.0204,0,,,0.000,,,0.0000,0.0000,0.0000,0.0000,0.0000,-13.0000,-41.4065,0.2935,0.2291,CHO_IFF,0.0000,-12.8481,0.0000,-12.8408,0.0000,0.0000,0.000,0.000,,0.0,,51,CHO,,0,THU,1,goc=-30;cu_ly=25;lan=1,1
10.0315,1790254729.969598,0.0205,0,,,0.000,,,0.0000,0.0000,0.0000,0.0000,0.0000,-13.0000,-41.4065,0.2935,0.2291,CHO_IFF,0.0000,-12.8481,0.0000,-12.8408,0.0000,0.0000,0.000,0.000,,0.0,,51,CHO,,0,THU,1,goc=-30;cu_ly=25;lan=1,1
10.0521,1790254729.990310,0.0206,0,,,0.000,,,0.0000,0.0000,0.0000,0.0000,0.0000,-13.0000,-41.4065,0.2935,0.2291,CHO_IFF,0.0000,-12.8481,0.0000,-12.8408,0.0000,0.0000,0.000,0.000,,0.0,,51,THU,NO_RESP,480,THU,1,goc=-30;cu_ly=25;lan=1,1
10.0723,1790254730.010451,0.0202,0,,,0.000,,,0.0000,0.0000,0.0000,0.0000,36.3430,-9.5717,-36.2842,0.2912,0.2227,BAN_GIAO,0.0000,-12.8481,0.1625,-12.6783,36.3430,3.2764,8.063,8.063,,0.0,,51,THU,NO_RESP,480,THU,1,goc=-30;cu_ly=25;lan=1,1
10.0924,1790254730.030461,0.0202,0,,,0.000,,,0.0000,0.0000,0.0000,0.0000,36.3430,-9.5717,-36.2842,0.2912,0.2227,BAN_GIAO,0.0000,-12.8481,0.4882,-12.3526,36.3430,3.2764,16.136,16.136,,0.0,,51,THU,NO_RESP,480,THU,1,goc=-30;cu_ly=25;lan=1,1
10.1128,1790254730.051452,0.0203,0,,,0.000,,,0.0000,0.0000,0.0000,0.0000,36.3430,-9.5717,-36.2842,0.2912,0.2227,BAN_GIAO,0.0000,-12.8481,0.9819,-12.0194,36.3430,3.2764,24.273,16.382,,0.0,,51,THU,NO_RESP,480,THU,1,goc=-30;cu_ly=25;lan=1,1
10.1341,1790254730.072491,0.0213,0,,,0.000,,,0.0000,0.0000,0.0000,0.0000,36.3430,-9.5717,-36.2842,0.2912,0.2227,BAN_GIAO,0.0000,-12.8481,1.6794,-11.6708,36.3430,3.2764,32.783,16.382,,0.0,,51,THU,NO_RESP,480,THU,1,goc=-30;cu_ly=25;lan=1,1
10.1715,1790254730.109920,0.0374,0,,,0.000,,,0.0000,0.0000,0.0000,0.0000,36.3430,-9.5717,-36.2842,0.2912,0.2227,BAN_GIAO,0.0000,-12.8481,3.4667,-11.0577,36.3430,3.2764,47.754,16.382,,0.0,,51,THU,NO_RESP,480,THU,1,goc=-30;cu_ly=25;lan=1,1
10.1918,1790254730.130022,0.0203,0,,,0.000,,,0.0000,0.0000,0.0000,0.0000,32.7348,-9.4832,-31.6585,0.2915,0.2076,BAN_GIAO,0.0506,-12.7953,4.6021,-10.7230,32.6842,3.3120,55.881,16.469,,0.0,,51,THU,NO_RESP,480,THU,1,goc=-30;cu_ly=25;lan=1,1
10.2121,1790254730.150342,0.0203,0,,,0.000,,,0.0000,0.0000,0.0000,0.0000,32.7348,-9.4832,-31.6585,0.2915,0.2076,BAN_GIAO,0.1867,-12.6576,5.9024,-10.4069,32.5481,3.1744,64.007,15.564,,0.0,,51,THU,NO_RESP,480,THU,1,goc=-30;cu_ly=25;lan=1,1
10.2322,1790254730.170285,0.0200,0,,,0.000,,,0.0000,0.0000,0.0000,0.0000,32.7348,-9.4832,-31.6585,0.2915,0.2076,BAN_GIAO,0.4317,-12.4609,7.3458,-10.1200,32.3031,2.9777,72.023,14.312,,0.0,,51,THU,NO_RESP,480,THU,1,goc=-30;cu_ly=25;lan=1,1
10.2522,1790254730.190209,0.0200,0,,,0.000,,,0.0000,0.0000,0.0000,0.0000,32.7348,-9.4832,-31.6585,0.2915,0.2076,BAN_GIAO,0.8159,-12.2177,8.9480,-9.8636,31.9189,2.7344,80.031,12.808,,0.0,,51,THU,NO_RESP,480,THU,1,goc=-30;cu_ly=25;lan=1,1
10.2723,1790254730.210453,0.0201,0,,,0.000,,,0.0000,0.0000,0.0000,0.0000,32.7348,-9.4832,-31.6585,0.2915,0.2076,BAN_GIAO,1.0825,-12.0488,10.7178,-9.6251,31.6523,2.5656,88.069,11.872,,0.0,,51,THU,NO_RESP,480,THU,1,goc=-30;cu_ly=25;lan=1,1
10.2928,1790254730.230991,0.0205,0,,,0.000,,,0.0000,0.0000,0.0000,0.0000,32.7348,-9.4832,-31.6585,0.2915,0.2076,BAN_GIAO,1.8286,-11.7386,12.6911,-9.4198,30.9062,2.2554,96.269,10.012,,0.0,,51,THU,NO_RESP,480,THU,1,goc=-30;cu_ly=25;lan=1,1
10.3134,1790254730.251610,0.0206,0,,,0.000,,,0.0000,0.0000,0.0000,0.0000,29.6749,-9.4358,-27.7326,0.2910,0.1841,BAN_GIAO,2.7003,-11.4195,14.8469,-9.2465,26.9746,1.9837,104.519,8.404,,0.0,,51,THU,NO_RESP,480,THU,1,goc=-30;cu_ly=25;lan=1,1
10.3340,1790254730.272707,0.0206,0,,,0.000,,,0.0000,0.0000,0.0000,0.0000,29.6749,-9.4358,-27.7326,0.2910,0.1841,BAN_GIAO,3.7058,-11.1015,17.1697,-9.1100,25.9690,1.6657,112.759,6.625,,0.0,,51,THU,NO_RESP,480,THU,1,goc=-30;cu_ly=25;lan=1,1
10.3542,1790254730.292259,0.0202,0,,,0.000,,,0.0000,0.0000,0.0000,0.0000,29.6749,-9.4358,-27.7326,0.2910,0.1841,BAN_GIAO,4.8322,-10.7978,19.5697,-9.0097,24.8427,1.3620,119.021,4.977,,0.0,,51,THU,NO_RESP,480,THU,1,goc=-30;cu_ly=25;lan=1,1
10.3743,1790254730.312331,0.0201,0,,,0.000,,,0.0000,0.0000,0.0000,0.0000,29.6749,-9.4358,-27.7326,0.2910,0.1841,BAN_GIAO,6.1027,-10.5094,21.8136,-8.9401,23.5722,1.0736,111.675,3.461,,0.0,,51,THU,NO_RESP,480,THU,1,goc=-30;cu_ly=25;lan=1,1
10.3948,1790254730.332949,0.0205,0,,,0.000,,,0.0000,0.0000,0.0000,0.0000,29.6749,-9.4358,-27.7326,0.2910,0.1841,BAN_GIAO,7.5475,-10.2326,23.9356,-8.9798,22.1274,0.0000,103.472,-1.935,,0.0,,51,THU,NO_RESP,480,THU,1,goc=-30;cu_ly=25;lan=1,1
10.4155,1790254730.354020,0.0207,0,,,0.000,,,0.0000,0.0000,0.0000,0.0000,29.6749,-9.4358,-27.7326,0.2910,0.1841,BAN_GIAO,9.1700,-9.9762,25.9091,-9.0195,20.5049,0.0000,95.178,-1.916,,0.0,,51,THU,NO_RESP,480,THU,1,goc=-30;cu_ly=25;lan=1,1
10.4366,1790254730.374672,0.0211,0,,,0.000,,,0.0000,0.0000,0.0000,0.0000,27.7849,-9.4836,-25.3580,0.2878,0.1311,BAN_GIAO,10.9806,-9.7435,27.7372,-9.0586,16.8044,0.0000,86.748,-1.853,,0.0,,51,THU,NO_RESP,480,THU,1,goc=-30;cu_ly=25;lan=1,1
10.4572,1790254730.395305,0.0206,0,,,0.000,,,0.0000,0.0000,0.0000,0.0000,27.7849,-9.4836,-25.3580,0.2878,0.1311,BAN_GIAO,12.9255,-9.5444,29.3560,-9.0948,14.8594,0.0000,78.500,-1.758,,0.0,,51,THU,NO_RESP,480,THU,1,goc=-30;cu_ly=25;lan=1,1
10.4785,1790254730.416932,0.0213,0,,,0.000,,,0.0000,0.0000,0.0000,0.0000,27.7849,-9.4836,-25.3580,0.2878,0.1311,BAN_GIAO,15.0616,-9.3725,30.8480,-9.1294,12.7233,0.0000,69.970,-1.625,,0.0,,51,THU,NO_RESP,480,THU,1,goc=-30;cu_ly=25;lan=1,1
10.4993,1790254730.437468,0.0208,0,,,0.000,,,0.0000,0.0000,0.0000,0.0000,27.7849,-9.4836,-25.3580,0.2878,0.1311,BAN_GIAO,17.1959,-9.2358,32.1303,-9.1601,10.5890,0.0000,61.651,-1.473,,0.0,,51,THU,NO_RESP,480,THU,1,goc=-30;cu_ly=25;lan=1,1
10.5197,1790254730.457904,0.0204,0,,,0.000,,,0.0000,0.0000,0.0000,0.0000,27.7849,-9.4836,-25.3580,0.2878,0.1311,BAN_GIAO,19.3003,-9.1559,33.2228,-9.1859,8.4847,0.0000,53.479,-1.265,,0.0,,51,THU,NO_RESP,480,THU,1,goc=-30;cu_ly=25;lan=1,1
10.5398,1790254730.478012,0.0200,0,,,0.000,,,0.0000,0.0000,0.0000,0.0000,27.7849,-9.4836,-25.3580,0.2878,0.1311,BAN_GIAO,21.3368,-9.1138,34.1340,-9.2069,6.4481,0.0000,45.462,-1.045,,0.0,,51,THU,NO_RESP,480,THU,1,goc=-30;cu_ly=25;lan=1,1
10.5602,1790254730.499119,0.0204,0,,,0.000,,,0.0000,0.0000,0.0000,0.0000,27.2014,-9.6146,-24.7145,0.2823,0.0708,BAN_GIAO,23.3346,-9.0966,34.8955,-9.2238,3.8668,0.0000,37.294,-0.830,,0.0,,51,THU,NO_RESP,480,THU,1,goc=-30;cu_ly=25;lan=1,1
10.5809,1790254730.518707,0.0207,0,,,0.000,,,0.0000,0.0000,0.0000,0.0000,27.2014,-9.6146,-24.7145,0.2823,0.0708,BAN_GIAO,25.2313,-9.0960,35.4960,-9.2369,1.9702,0.0000,29.017,-0.634,,0.0,,51,THU,NO_RESP,480,THU,1,goc=-30;cu_ly=25;lan=1,1
10.6012,1790254730.539385,0.0203,0,,,0.000,,,0.0000,0.0000,0.0000,0.0000,27.2014,-9.6146,-24.7145,0.2823,0.0708,BAN_GIAO,26.9758,-9.1064,35.9198,-9.2464,0.0000,0.0000,20.908,-0.468,,0.0,,51,THU,NO_RESP,480,THU,1,goc=-30;cu_ly=25;lan=1,1
10.6217,1790254730.559943,0.0205,0,,,0.000,,,0.0000,0.0000,0.0000,0.0000,27.2014,-9.6146,-24.7145,0.2823,0.0708,BAN_GIAO,28.5903,-9.1232,36.1805,-9.2532,-1.3889,0.0000,12.698,-0.329,,0.0,,51,THU,NO_RESP,480,THU,1,goc=-30;cu_ly=25;lan=1,1
10.6419,1790254730.580081,0.0202,0,,,0.000,,,0.0000,0.0000,0.0000,0.0000,27.2014,-9.6146,-24.7145,0.2823,0.0708,BAN_GIAO,30.0240,-9.1426,36.2739,-9.2576,-2.8225,0.0000,4.631,-0.219,,0.0,,51,THU,NO_RESP,480,THU,1,goc=-30;cu_ly=25;lan=1,1
10.6629,1790254730.601005,0.0211,0,,,0.000,,,0.0000,0.0000,0.0000,0.0000,27.2014,-9.6146,-24.7145,0.2823,0.0708,BAN_GIAO,31.3344,-9.1631,36.1939,-9.2604,-4.1329,0.0000,-3.794,-0.132,,0.0,,51,THU,NO_RESP,480,THU,1,goc=-30;cu_ly=25;lan=1,1
10.6832,1790254730.621358,0.0203,0,,,0.000,,,0.0000,0.0000,0.0000,0.0000,27.6868,-9.9155,-25.5916,0.2714,0.0871,BAN_GIAO,32.4400,-9.1820,35.9529,-9.2618,-4.7531,0.0000,-11.898,-0.068,,0.0,,51,THU,NO_RESP,480,THU,1,goc=-30;cu_ly=25;lan=1,1
10.7043,1790254730.642537,0.0211,0,,,0.000,,,0.0000,0.0000,0.0000,0.0000,27.6868,-9.9155,-25.5916,0.2714,0.0871,BAN_GIAO,33.4161,-9.1995,35.5232,-9.2622,-5.7293,0.0000,-20.346,-0.022,,0.0,,51,THU,NO_RESP,480,THU,1,goc=-30;cu_ly=25;lan=1,1
10.7251,1790254730.663515,0.0208,0,,,0.000,,,0.0000,0.0000,0.0000,0.0000,27.6868,-9.9155,-25.5916,0.2714,0.0871,BAN_GIAO,34.2078,-9.2144,34.9266,-9.2621,-6.5209,0.0000,-28.670,0.009,,0.0,,51,THU,NO_RESP,480,THU,1,goc=-30;cu_ly=25;lan=1,1
10.7459,1790254730.684696,0.0208,0,,,0.000,,,0.0000,0.0000,0.0000,0.0000,27.6868,-9.9155,-25.5916,0.2714,0.0871,BAN_GIAO,34.8320,-9.2266,34.1558,-9.2615,-7.1452,0.0000,-37.002,0.028,,0.0,,51,THU,NO_RESP,480,THU,1,goc=-30;cu_ly=25;lan=1,1
10.7665,1790254730.704371,0.0206,0,,,0.000,,,0.0000,0.0000,0.0000,0.0000,27.6868,-9.9155,-25.5916,0.2714,0.0871,BAN_GIAO,35.2548,-9.2350,33.2389,-9.2608,-7.5679,0.0000,-44.617,0.036,,0.0,,51,THU,NO_RESP,480,THU,1,goc=-30;cu_ly=25;lan=1,1
10.7872,1790254730.725975,0.0207,0,,,0.000,,,0.0000,0.0000,0.0000,0.0000,28.7905,-10.3249,-27.3907,0.2579,0.1165,BAN_GIAO,35.5462,-9.2407,32.4232,-9.3721,-6.7557,-1.0842,-39.452,-5.384,,0.0,,51,THU,NO_RESP,480,THU,1,goc=-30;cu_ly=25;lan=1,1
10.8075,1790254730.745747,0.0204,0,,,0.000,,,0.0000,0.0000,0.0000,0.0000,28.7905,-10.3249,-27.3907,0.2579,0.1165,BAN_GIAO,35.6728,-9.2473,31.6299,-9.4809,-6.8823,-1.0777,-38.976,-5.349,,0.0,,51,THU,NO_RESP,480,THU,1,goc=-30;cu_ly=25;lan=1,1
10.8281,1790254730.766787,0.0206,0,,,0.000,,,0.0000,0.0000,0.0000,0.0000,28.7905,-10.3249,-27.3907,0.2579,0.1165,BAN_GIAO,35.6259,-9.2520,30.8560,-9.5906,-6.8353,-1.0730,-37.583,-5.327,,0.0,,51,THU,NO_RESP,480,THU,1,goc=-30;cu_ly=25;lan=1,1
10.8484,1790254730.787032,0.0203,0,,,0.000,,,0.0000,0.0000,0.0000,0.0000,28.7905,-10.3249,-27.3907,0.2579,0.1165,BAN_GIAO,35.4088,-9.2551,30.1402,-9.6983,-6.6182,-1.0698,-35.329,-5.314,,0.0,,51,THU,NO_RESP,480,THU,1,goc=-30;cu_ly=25;lan=1,1
10.8705,1790254730.808221,0.0221,0,,,0.000,,,0.0000,0.0000,0.0000,0.0000,28.7905,-10.3249,-27.3907,0.2579,0.1165,BAN_GIAO,34.9963,-9.2572,29.4333,-9.8155,-6.2058,-1.0677,-32.013,-5.309,,0.0,,51,THU,NO_RESP,480,THU,1,goc=-30;cu_ly=25;lan=1,1
10.8907,1790254730.828854,0.0203,0,,,0.000,,,0.0000,0.0000,0.0000,0.0000,28.7905,-10.3249,-27.3907,0.2579,0.1165,BAN_GIAO,34.4507,-9.2583,28.8637,-9.9231,-5.6602,-1.0666,-28.114,-5.309,,0.0,,51,THU,NO_RESP,480,THU,1,goc=-30;cu_ly=25;lan=1,1
10.9110,1790254730.849024,0.0202,0,,,0.000,,,0.0000,0.0000,0.0000,0.0000,30.1292,-10.8360,-29.6392,0.2426,0.1371,BAN_GIAO,33.8217,-9.2936,28.4586,-10.0776,-3.6924,-1.5424,-20.018,-7.632,,0.0,,51,THU,NO_RESP,480,THU,1,goc=-30;cu_ly=25;lan=1,1
10.9313,1790254730.869514,0.0203,0,,,0.000,,,0.0000,0.0000,0.0000,0.0000,30.1292,-10.8360,-29.6392,0.2426,0.1371,BAN_GIAO,33.1393,-9.3519,28.1954,-10.2252,-3.0100,-1.4840,-12.932,-7.258,,0.0,,51,THU,NO_RESP,480,THU,1,goc=-30;cu_ly=25;lan=1,1
10.9517,1790254730.891451,0.0204,0,,,0.000,,,0.0000,0.0000,0.0000,0.0000,30.1292,-10.8360,-29.6392,0.2426,0.1371,BAN_GIAO,32.4263,-9.4265,28.0190,-10.3641,-2.2971,-1.4095,-8.637,-6.795,,0.0,,51,THU,NO_RESP,480,THU,1,goc=-30;cu_ly=25;lan=1,1
10.9721,1790254730.910814,0.0204,0,,,0.000,,,0.0000,0.0000,0.0000,0.0000,30.1292,-10.8360,-29.6392,0.2426,0.1371,BAN_GIAO,31.7138,-9.5112,27.9270,-10.4921,-1.5845,-1.3248,-4.513,-6.285,,0.0,,51,THU,NO_RESP,480,THU,1,goc=-30;cu_ly=25;lan=1,1
10.9952,1790254730.933562,0.0231,0,,,0.000,,,0.0000,0.0000,0.0000,0.0000,30.1292,-10.8360,-29.6392,0.2426,0.1371,BAN_GIAO,30.9406,-9.6144,28.0153,-10.6233,0.0000,-1.2216,3.825,-5.684,,0.0,,51,THU,NO_RESP,480,THU,1,goc=-30;cu_ly=25;lan=1,1
11.0156,1790254730.953832,0.0204,0,,,0.000,,,0.0000,0.0000,0.0000,0.0000,31.4690,-11.4774,-32.0892,0.2253,0.1541,BAN_GIAO,30.2924,-9.7107,28.2180,-10.7936,1.1766,-1.7667,9.928,-8.342,,0.0,,51,THU,NO_RESP,480,THU,1,goc=-30;cu_ly=25;lan=1,1
11.0370,1790254731.038012,0.0214,0,,,0.000,,,0.0000,0.0000,0.0000,0.0000,31.4690,-11.4774,-32.0892,0.2253,0.1541,BAN_GIAO,29.7011,-9.8290,28.4945,-10.9579,1.7679,-1.6484,12.908,-7.669,,0.0,,51,THU,NO_RESP,480,THU,1,goc=-30;cu_ly=25;lan=1,1
11.1075,1790254731.045616,0.0705,0,,,0.000,,,0.0000,0.0000,0.0000,0.0000,31.4690,-11.4774,-32.0892,0.2253,0.1541,BAN_GIAO,28.6182,-10.2338,29.7222,-11.3454,2.8507,-1.2436,17.415,-5.497,,0.0,,51,THU,NO_RESP,480,THU,1,goc=-30;cu_ly=25;lan=1,1
11.1292,1790254731.067703,0.0217,0,,,0.000,,,0.0000,0.0000,0.0000,0.0000,31.4690,-11.4774,-32.0892,0.2253,0.1541,BAN_GIAO,28.4222,-10.3605,30.1116,-11.4501,3.0468,-1.1169,17.952,-4.825,,0.0,,51,THU,NO_RESP,480,THU,1,goc=-30;cu_ly=25;lan=1,1
11.1504,1790254731.088430,0.0212,0,,,0.000,,,0.0000,0.0000,0.0000,0.0000,35.9758,-12.2242,-39.0040,0.2106,0.2149,BAN_GIAO,28.3568,-10.4991,30.6716,-11.6156,7.6190,-1.7251,26.428,-7.813,,0.0,,51,THU,NO_RESP,480,THU,1,goc=-30;cu_ly=25;lan=1,1
11.1706,1790254731.108761,0.0202,0,,,0.000,,,0.0000,0.0000,0.0000,0.0000,35.9758,-12.2242,-39.0040,0.2106,0.2149,BAN_GIAO,28.3995,-10.6412,31.3682,-11.7579,7.5764,-1.5830,34.504,-7.046,,0.0,,51,THU,NO_RESP,480,THU,1,goc=-30;cu_ly=25;lan=1,1
11.1930,1790254731.131546,0.0225,0,,,0.000,,,0.0000,0.0000,0.0000,0.0000,35.9758,-12.2242,-39.0040,0.2106,0.2149,BAN_GIAO,28.4311,-10.7466,32.2408,-11.9052,7.5447,-1.4776,38.864,-6.560,,0.0,,51,THU,NO_RESP,480,THU,1,goc=-30;cu_ly=25;lan=1,1
11.2148,1790254731.169063,0.0218,0,,,0.000,,,0.0000,0.0000,0.0000,0.0000,35.9758,-12.2242,-39.0040,0.2106,0.2149,BAN_GIAO,28.4518,-10.8155,33.0778,-12.0424,7.5241,-1.4087,38.445,-6.303,,0.0,,51,THU,NO_RESP,480,THU,1,goc=-30;cu_ly=25;lan=1,1
11.2798,1790254731.218113,0.0650,0,,,0.000,,,0.0000,0.0000,0.0000,0.0000,37.7966,-12.5590,-41.8747,0.2047,0.1233,BAN_GIAO,29.7633,-11.2882,35.6178,-12.3959,8.0333,-1.2708,39.090,-5.440,,0.0,,51,THU,NO_RESP,480,THU,1,goc=-30;cu_ly=25;lan=1,1
11.3012,1790254731.243536,0.0214,0,,,0.000,,,0.0000,0.0000,0.0000,0.0000,37.7966,-12.5590,-41.8747,0.2047,0.1233,BAN_GIAO,30.2814,-11.4398,36.3874,-12.4956,7.5153,-1.1192,35.880,-4.647,,0.0,,51,THU,NO_RESP,480,THU,1,goc=-30;cu_ly=25;lan=1,1
11.3216,1790254731.259673,0.0203,0,,,0.000,,,0.0000,0.0000,0.0000,0.0000,37.7966,-12.5590,-41.8747,0.2047,0.1233,BAN_GIAO,30.8907,-11.5845,37.0410,-12.4757,6.9059,0.0000,32.178,0.977,,0.0,,51,THU,NO_RESP,480,THU,1,goc=-30;cu_ly=25;lan=1,1
11.3417,1790254731.279848,0.0202,0,,,0.000,,,0.0000,0.0000,0.0000,0.0000,37.7966,-12.5590,-41.8747,0.2047,0.1233,BAN_GIAO,31.5677,-11.7263,37.6093,-12.4556,6.2289,0.0000,28.170,0.995,,0.0,,51,THU,NO_RESP,480,THU,1,goc=-30;cu_ly=25;lan=1,1
11.3619,1790254731.300056,0.0202,0,,,0.000,,,0.0000,0.0000,0.0000,0.0000,37.7966,-12.5590,-41.8747,0.2047,0.1233,BAN_GIAO,32.0350,-11.8241,38.1279,-12.4368,5.7617,0.0000,25.717,0.933,,0.0,,51,THU,NO_RESP,480,THU,1,goc=-30;cu_ly=25;lan=1,1
11.3820,1790254731.320001,0.0201,0,,,0.000,,,0.0000,0.0000,0.0000,0.0000,37.7966,-12.5590,-41.8747,0.2047,0.1233,BAN_GIAO,32.3569,-11.8915,38.6156,-12.4201,5.4397,0.0000,24.267,0.833,,0.0,,51,THU,NO_RESP,480,THU,1,goc=-30;cu_ly=25;lan=1,1
11.4023,1790254731.340495,0.0203,0,,,0.000,,,0.0000,0.0000,0.0000,0.0000,37.7966,-12.5590,-41.8747,0.2047,0.1233,BAN_GIAO,33.3700,-12.0482,38.9835,-12.4016,4.4266,0.0000,18.138,0.909,,0.0,,51,THU,NO_RESP,480,THU,1,goc=-30;cu_ly=25;lan=1,1
11.4230,1790254731.361242,0.0207,0,,,0.000,,,0.0000,0.0000,0.0000,0.0000,37.7966,-12.5590,-41.8747,0.2047,0.1233,BAN_GIAO,34.3222,-12.1894,39.2468,-12.3822,3.4745,0.0000,12.691,0.936,,0.0,,51,THU,NO_RESP,480,THU,1,goc=-30;cu_ly=25;lan=1,1
11.4432,1790254731.381397,0.0202,0,,,0.000,,,0.0000,0.0000,0.0000,0.0000,37.7966,-12.5590,-41.8747,0.2047,0.1233,BAN_GIAO,35.1642,-12.2780,39.4106,-12.3646,2.6325,0.0000,8.115,0.871,,0.0,,51,THU,NO_RESP,480,THU,1,goc=-30;cu_ly=25;lan=1,1
11.4654,1790254731.402556,0.0222,0,,,0.000,,,0.0000,0.0000,0.0000,0.0000,37.7966,-12.5590,-41.8747,0.2047,0.1233,BAN_GIAO,35.9726,-12.3368,39.4989,-12.3479,1.8241,0.0000,3.971,0.753,,0.0,,51,THU,NO_RESP,480,THU,1,goc=-30;cu_ly=25;lan=1,1
11.4883,1790254731.426281,0.0228,0,,,0.000,,,0.0000,0.0000,0.0000,0.0000,36.1923,-12.6228,-39.8196,0.2017,0.0286,BAN_GIAO,36.6983,-12.3705,39.3835,-12.3338,0.0000,0.0000,-5.051,0.617,,0.0,,51,THU,NO_RESP,480,THU,1,goc=-30;cu_ly=25;lan=1,1
11.5103,1790254731.451189,0.0220,0,,,0.000,,,0.0000,0.0000,0.0000,0.0000,36.1923,-12.6228,-39.8196,0.2017,0.0286,BAN_GIAO,37.3275,-12.3867,39.1518,-12.3230,-1.1352,0.0000,-10.539,0.492,,0.0,,51,THU,NO_RESP,480,THU,1,goc=-30;cu_ly=25;lan=1,1
11.5358,1790254731.484167,0.0256,0,,,0.000,,,0.0000,0.0000,0.0000,0.0000,36.1923,-12.6228,-39.8196,0.2017,0.0286,BAN_GIAO,37.9275,-12.3921,38.8152,-12.3137,-1.7352,0.0000,-13.167,0.364,,0.0,,51,THU,NO_RESP,480,THU,1,goc=-30;cu_ly=25;lan=1,1
11.5591,1790254731.502773,0.0232,0,,,0.000,,,0.0000,0.0000,0.0000,0.0000,36.1923,-12.6228,-39.8196,0.2017,0.0286,BAN_GIAO,38.3767,-12.3888,38.4667,-12.3076,-2.1843,0.0000,-15.002,0.264,,0.0,,51,THU,NO_RESP,480,THU,1,goc=-30;cu_ly=25;lan=1,1
11.5795,1790254731.517322,0.0205,0,,,0.000,,,0.0000,0.0000,0.0000,0.0000,36.1923,-12.6228,-39.8196,0.2017,0.0286,BAN_GIAO,38.6998,-12.3812,38.1350,-12.3037,-2.5074,0.0000,-16.216,0.189,,0.0,,51,THU,NO_RESP,480,THU,1,goc=-30;cu_ly=25;lan=1,1
11.5999,1790254731.538157,0.0204,0,,,0.000,,,0.0000,0.0000,0.0000,0.0000,36.1923,-12.6228,-39.8196,0.2017,0.0111,BAN_GIAO,38.9216,-12.3760,37.7911,-12.3009,-2.7293,0.0000,-16.845,0.136,,0.0,,51,THU,NO_RESP,480,THU,1,goc=-30;cu_ly=25;lan=1,1
11.6206,1790254731.558830,0.0207,0,,,0.000,,,0.0000,0.0000,0.0000,0.0000,36.1923,-12.6228,-39.8196,0.2017,0.0111,BAN_GIAO,39.0756,-12.3725,37.4371,-12.2989,-2.8832,0.0000,-17.122,0.098,,0.0,,51,THU,NO_RESP,480,THU,1,goc=-30;cu_ly=25;lan=1,1
11.6434,1790254731.650886,0.0228,0,,,0.000,,,0.0000,0.0000,0.0000,0.0000,36.1923,-12.6228,-39.8196,0.2017,0.0111,BAN_GIAO,39.1012,-12.3558,37.0593,-12.2979,-2.9088,0.0000,-16.604,0.045,,0.0,,51,THU,NO_RESP,480,THU,1,goc=-30;cu_ly=25;lan=1,1
11.7229,1790254731.660952,0.0795,0,,,0.000,,,0.0000,0.0000,0.0000,0.0000,36.1923,-12.6228,-39.8196,0.2017,0.0111,BAN_GIAO,38.2645,-12.3208,36.2289,-12.2991,-2.0721,0.0000,-10.442,-0.016,,0.0,,51,THU,NO_RESP,480,THU,1,goc=-30;cu_ly=25;lan=1,1
11.7433,1790254731.681518,0.0204,0,,,0.000,,,0.0000,0.0000,0.0000,0.0000,36.1923,-12.6228,-39.8196,0.2017,0.0111,BAN_GIAO,38.0060,-12.3139,36.0513,-12.2996,-1.8137,0.0000,-8.685,-0.024,,0.0,,51,THU,NO_RESP,480,THU,1,goc=-30;cu_ly=25;lan=1,1
11.7639,1790254731.701979,0.0205,0,,,0.000,,,0.0000,0.0000,0.0000,0.0000,36.1923,-12.6228,-39.8196,0.2017,0.0111,BAN_GIAO,37.7095,-12.3089,35.9121,-12.3001,-1.5172,0.0000,-6.783,-0.027,,0.0,,51,THU,NO_RESP,480,THU,1,goc=-30;cu_ly=25;lan=1,1
11.7848,1790254731.723767,0.0210,0,,,0.000,,,0.0000,0.0000,0.0000,0.0000,36.1923,-12.6228,-39.8196,0.2017,0.0111,BAN_GIAO,37.5029,-12.3054,35.7950,-12.3007,-1.3106,0.0000,-5.588,-0.026,,0.0,,51,THU,NO_RESP,480,THU,1,goc=-30;cu_ly=25;lan=1,1
11.8064,1790254731.747590,0.0216,0,,,0.000,,,0.0000,0.0000,0.0000,0.0000,36.1923,-12.6228,-39.8196,0.2017,0.0111,BAN_GIAO,37.3590,-12.3029,35.6900,-12.3012,-1.1667,0.0000,-4.860,-0.024,,0.0,,51,THU,NO_RESP,480,THU,1,goc=-30;cu_ly=25;lan=1,1
11.8276,1790254731.765659,0.0212,0,,,0.000,,,0.0000,0.0000,0.0000,0.0000,36.1923,-12.6228,-39.8196,0.2017,0.0111,BAN_GIAO,37.2630,-12.3013,35.5956,-12.3016,-1.0707,0.0000,-4.451,-0.021,,0.0,,51,THU,NO_RESP,480,THU,1,goc=-30;cu_ly=25;lan=1,1
11.8494,1790254731.787354,0.0218,0,,,0.000,,,0.0000,0.0000,0.0000,0.0000,35.0465,-12.5507,-38.1818,0.2021,0.0219,BAN_GIAO,36.9261,-12.3006,35.4184,-12.3020,-1.8796,0.0000,-8.146,-0.017,,0.0,,51,THU,NO_RESP,480,THU,1,goc=-30;cu_ly=25;lan=1,1
11.8744,1790254731.812528,0.0250,0,,,0.000,,,0.0000,0.0000,0.0000,0.0000,35.0465,-12.5507,-38.1818,0.2021,0.0219,BAN_GIAO,36.6134,-12.3002,35.2579,-12.3023,-1.5669,0.0000,-6.413,-0.013,,0.0,,51,THU,NO_RESP,480,THU,1,goc=-30;cu_ly=25;lan=1,1
11.9000,1790254731.840774,0.0256,0,,,0.000,,,0.0000,0.0000,0.0000,0.0000,35.0465,-12.5507,-38.1818,0.2021,0.0219,BAN_GIAO,36.3591,-12.3002,35.1268,-12.3026,-1.3126,0.0000,-5.123,-0.009,,0.0,,51,THU,NO_RESP,480,THU,1,goc=-30;cu_ly=25;lan=1,1
11.9218,1790254731.859242,0.0218,0,,,0.000,,,0.0000,0.0000,0.0000,0.0000,35.0465,-12.5507,-38.1818,0.2021,0.0219,BAN_GIAO,36.1753,-12.3004,35.0344,-12.3027,-1.1288,0.0000,-4.246,-0.007,,0.0,,51,THU,NO_RESP,480,THU,1,goc=-30;cu_ly=25;lan=1,1
11.9421,1790254731.880273,0.0203,0,,,0.000,,,0.0000,0.0000,0.0000,0.0000,35.0465,-12.5507,-38.1818,0.2021,0.0219,BAN_GIAO,36.0242,-12.3006,35.0615,-12.3028,0.0000,0.0000,1.332,-0.005,,0.0,,51,THU,NO_RESP,480,THU,1,goc=-30;cu_ly=25;lan=1,1
11.9622,1790254731.900432,0.0201,0,,,0.000,,,0.0000,0.0000,0.0000,0.0000,34.9729,-12.5886,-38.1316,0.2012,0.0102,BAN_GIAO,35.9210,-12.3008,35.0856,-12.3029,0.0000,0.0000,1.201,-0.003,,0.0,,51,THU,NO_RESP,480,THU,1,goc=-30;cu_ly=25;lan=1,1
11.9829,1790254731.921650,0.0207,1,63.22,215.50,0.813,16.9126,-10.7438,16.9126,0.0000,-10.7438,0.0000,16.9126,-10.7438,-38.1316,0.2012,0.0102,BAM,35.7625,-12.3012,34.9387,-12.1416,-18.8500,1.5574,-7.089,7.785,,1949.2,257.95,51,THU,NO_RESP,480,THU,1,goc=-30;cu_ly=25;lan=1,1
12.0031,1790254731.941224,0.0201,1,72.75,222.00,0.823,52.3397,-10.6658,51.7406,60.0000,-10.6672,3.7368,57.0348,-10.6623,-38.1316,0.2012,0.0102,BAM,35.6066,-12.3015,34.9581,-11.9766,21.4281,1.6393,0.961,8.195,369.5009,12.3,247.90,51,THU,NO_RESP,480,THU,1,goc=-30;cu_ly=25;lan=1,1
12.0231,1790254731.961309,0.0201,0,,,0.000,,,52.9444,54.2730,-10.5922,3.3801,57.3040,-10.5887,-38.1316,0.2012,0.0102,BAM,35.4586,-12.3019,35.1383,-11.8048,21.8453,1.7131,8.986,8.566,369.5009,20.4,,51,THU,NO_RESP,480,THU,1,goc=-30;cu_ly=25;lan=1,1
12.0432,1790254731.981360,0.0200,0,,,0.000,,,54.0322,49.0978,-10.5245,3.0578,57.5794,-10.5220,-38.1316,0.2012,0.0102,BAM,35.3564,-12.3021,35.4791,-11.6264,22.2230,1.7801,17.003,8.901,369.5009,20.4,,51,THU,NO_RESP,480,THU,1,goc=-30;cu_ly=25;lan=1,1
12.0634,1790254732.001556,0.0202,0,,,0.000,,,55.0254,44.3744,-10.4626,2.7637,57.8698,-10.4608,-38.1316,0.2012,0.0102,BAM,35.2852,-12.3022,35.9868,-11.4401,22.5847,1.8414,25.095,9.208,369.5009,20.4,,51,THU,NO_RESP,480,THU,1,goc=-30;cu_ly=25;lan=1,1
12.0836,1790254732.022246,0.0203,0,,,0.000,,,55.9244,40.0997,-10.4066,2.4974,58.1766,-10.4054,-38.6909,0.2001,0.0223,BAM,35.2360,-12.3023,36.6594,-11.2479,22.9406,1.8970,33.199,9.486,369.5009,60.7,,51,THU,NO_RESP,480,THU,1,goc=-30;cu_ly=25;lan=1,1
12.1041,1790254732.042311,0.0205,0,,,0.000,,,56.7465,36.1930,-10.3554,2.2541,58.5033,-10.3545,-38.6909,0.2001,0.0223,BAM,35.1430,-12.2520,37.5081,-11.0552,23.3604,1.8975,41.399,9.401,369.5009,60.7,,51,THU,NO_RESP,480,THU,1,goc=-30;cu_ly=25;lan=1,1
12.1242,1790254732.062413,0.0201,0,,,0.000,,,57.4739,32.7327,-10.3101,2.0386,58.8366,-10.3095,-38.6909,0.2001,0.0223,BAM,35.0859,-12.1670,38.5017,-10.8728,23.7507,1.8575,49.438,9.074,369.5009,48.6,,51,THU,NO_RESP,480,THU,1,goc=-30;cu_ly=25;lan=1,1
12.1443,1790254732.082451,0.0200,0,,,0.000,,,58.1301,29.6106,-10.2693,1.8442,59.1775,-10.2688,-38.6909,0.2001,0.0223,BAM,35.1020,-12.0554,39.6537,-10.7009,24.0754,1.7866,57.458,8.576,369.5009,48.6,,51,THU,NO_RESP,480,THU,1,goc=-30;cu_ly=25;lan=1,1
12.1643,1790254732.102489,0.0200,0,,,0.000,,,58.7231,26.7892,-10.2323,1.6684,59.5213,-10.2320,-38.6909,0.2001,0.0223,BAM,35.2182,-11.9232,40.9648,-10.5416,24.3031,1.6912,65.468,7.953,369.5009,48.6,,51,THU,NO_RESP,480,THU,1,goc=-30;cu_ly=25;lan=1,1
12.1848,1790254732.123050,0.0205,0,,,0.000,,,59.2724,24.1791,-10.1981,1.5059,59.8719,-10.1979,-38.6909,0.2001,0.0223,BAM,35.4588,-11.7720,42.4752,-10.3935,24.4131,1.5741,73.669,7.226,369.5009,62.9,,51,THU,NO_RESP,480,THU,1,goc=-30;cu_ly=25;lan=1,1
12.2050,1790254732.143130,0.0201,0,,,0.000,,,59.7593,21.8629,-10.1678,1.3616,60.2089,-10.1676,-38.6909,0.2001,0.0006,BAM,35.8300,-11.6100,44.1211,-10.2639,24.3790,1.4424,81.725,6.436,369.5009,62.9,,51,THU,NO_RESP,480,THU,1,goc=-30;cu_ly=25;lan=1,1
12.2250,1790254732.163199,0.0200,0,,,0.000,,,60.1968,19.7814,-10.1406,1.2320,60.5327,-10.1404,-38.6909,0.2001,0.0006,BAM,36.3465,-11.4392,45.9165,-10.1518,24.1862,1.2988,89.729,5.602,369.5009,62.9,,51,THU,NO_RESP,480,THU,1,goc=-30;cu_ly=25;lan=1,1
12.2452,1790254732.183897,0.0202,0,,,0.000,,,60.5974,17.8767,-10.1156,1.1134,60.8463,-10.1155,-38.6909,0.2001,0.0006,BAM,37.0153,-11.2635,47.8975,-10.0555,23.8309,1.1479,97.829,4.752,369.5009,63.5,,51,THU,NO_RESP,480,THU,1,goc=-30;cu_ly=25;lan=1,1
12.2653,1790254732.203487,0.0200,0,,,0.000,,,60.9558,16.1716,-10.0933,1.0072,61.1400,-10.0932,-38.6909,0.2001,0.0006,BAM,37.8285,-11.0901,50.0195,-10.0768,23.3116,0.0000,105.848,-1.059,369.5009,63.5,,51,THU,NO_RESP,480,THU,1,goc=-30;cu_ly=25;lan=1,1
12.2853,1790254732.223551,0.0201,0,,,0.000,,,61.2803,14.6278,-10.0731,0.9110,61.4162,-10.0730,-38.6909,0.2001,0.0006,BAM,38.7957,-10.9209,52.2061,-10.0990,22.6205,0.0000,108.966,-1.107,369.5009,63.5,,51,THU,NO_RESP,480,THU,1,goc=-30;cu_ly=25;lan=1,1
12.3054,1790254732.243635,0.0201,0,,,0.000,,,61.5739,13.2309,-10.0548,0.8240,52.3397,-10.6658,-38.6909,0.2001,0.0006,BAM,39.9307,-10.7582,54.2322,-10.1217,12.4090,0.0000,100.937,-1.132,369.5009,48.0,,51,THU,NO_RESP,480,THU,1,goc=-30;cu_ly=25;lan=1,1
12.3255,1790254732.263649,0.0201,0,,,0.000,,,61.8399,11.9655,-10.0382,0.7452,52.3397,-10.6658,-38.6909,0.2001,0.0004,BAM,41.2248,-10.6056,56.1000,-10.1445,11.1150,0.0000,92.894,-1.134,369.5009,48.0,,51,THU,NO_RESP,480,THU,1,goc=-30;cu_ly=25;lan=1,1
12.3455,1790254732.283708,0.0200,0,,,0.000,,,62.0794,10.8258,-10.0233,0.6742,52.3397,-10.6658,-38.6909,0.2001,0.0004,BAM,42.6693,-10.4658,57.7992,-10.1668,9.6704,0.0000,84.887,-1.114,369.5009,48.0,,51,THU,NO_RESP,480,THU,1,goc=-30;cu_ly=25;lan=1,1
12.3656,1790254732.303784,0.0200,0,,,0.000,,,62.2962,9.7945,-10.0098,0.6100,52.3397,-10.6658,-38.6909,0.2001,0.0004,BAM,44.2793,-10.3395,59.3386,-10.1883,8.0605,0.0000,76.877,-1.075,369.5009,65.3,,51,THU,NO_RESP,480,THU,1,goc=-30;cu_ly=25;lan=1,1
12.3861,1790254732.324334,0.0206,0,,,0.000,,,62.4976,8.8378,-9.9973,0.5504,52.3397,-10.6658,-38.6909,0.2001,0.0004,BAM,46.0792,-10.2571,60.7499,-10.2081,6.2606,0.0000,68.655,-0.963,369.5009,65.3,,51,THU,NO_RESP,480,THU,1,goc=-30;cu_ly=25;lan=1,1
12.4063,1790254732.344506,0.0202,0,,,0.000,,,62.6758,7.9901,-9.9862,0.4976,52.3397,-10.6658,-38.6909,0.2001,0.0004,BAM,47.9753,-10.2082,61.9718,-10.2247,4.3644,0.0000,60.588,-0.824,369.5009,48.0,,51,THU,NO_RESP,480,THU,1,goc=-30;cu_ly=25;lan=1,1
12.4264,1790254732.364604,0.0201,0,,,0.000,,,62.8364,7.2262,-9.9762,0.4500,52.3397,-10.6658,-38.6909,0.2001,0.0004,BAM,49.9071,-10.1815,63.0279,-10.2384,2.4327,0.0000,52.549,-0.679,369.5009,48.0,,51,THU,NO_RESP,480,THU,1,goc=-30;cu_ly=25;lan=1,1
12.4467,1790254732.384892,0.0203,0,,,0.000,,,62.9834,6.5273,-9.9670,0.4065,52.3397,-10.6658,-38.6909,0.2001,0.0002,BAM,51.8352,-10.1700,63.9314,-10.2494,0.0000,0.0000,44.411,-0.540,369.5009,48.0,,51,THU,NO_RESP,480,THU,1,goc=-30;cu_ly=25;lan=1,1
12.4668,1790254732.405009,0.0201,0,,,0.000,,,63.1143,5.9042,-9.9588,0.3677,52.3397,-10.6658,-38.6909,0.2001,0.0002,BAM,53.6743,-10.1690,64.6615,-10.2577,-1.3345,0.0000,36.386,-0.417,369.5009,48.0,,51,THU,NO_RESP,480,THU,1,goc=-30;cu_ly=25;lan=1,1
12.4869,1790254732.425097,0.0201,0,,,0.000,,,63.2329,5.3401,-9.9515,0.3326,52.3397,-10.6658,-38.6909,0.2001,0.0002,BAM,55.4222,-10.1749,65.2309,-10.2640,-3.0825,0.0000,28.352,-0.310,369.5009,63.3,,51,THU,NO_RESP,480,THU,1,goc=-30;cu_ly=25;lan=1,1
12.5069,1790254732.445170,0.0201,0,,,0.000,,,63.3401,4.8302,-9.9448,0.3008,52.3397,-10.6658,-38.6909,0.2001,0.0002,BAM,57.0656,-10.1852,65.6388,-10.2684,-4.7259,0.0000,20.323,-0.221,369.5009,63.3,,51,THU,NO_RESP,480,THU,1,goc=-30;cu_ly=25;lan=1,1
12.5276,1790254732.465769,0.0207,0,,,0.000,,,63.4399,4.3563,-9.9386,0.2713,52.3397,-10.6658,-38.6909,0.2001,0.0002,BAM,58.6089,-10.1976,65.8879,-10.2714,-6.2692,0.0000,12.063,-0.147,369.5009,63.3,,51,THU,NO_RESP,480,THU,1,goc=-30;cu_ly=25;lan=1,1
12.5477,1790254732.485916,0.0201,0,,,0.000,,,63.5274,3.9399,-9.9331,0.2454,52.3397,-10.6658,-38.6909,0.2001,0.0001,BAM,59.9731,-10.2102,65.9688,-10.2733,-7.6334,0.0000,4.024,-0.091,369.5009,64.9,,51,THU,NO_RESP,480,THU,1,goc=-30;cu_ly=25;lan=1,1
12.5678,1790254732.505955,0.0201,0,,,0.000,,,63.6066,3.5632,-9.9282,0.2219,52.3397,-10.6658,-38.6909,0.2001,0.0001,BAM,61.1952,-10.2223,65.8881,-10.2743,-8.8554,0.0000,-4.015,-0.049,369.5009,64.9,,51,THU,NO_RESP,480,THU,1,goc=-30;cu_ly=25;lan=1,1
12.5878,1790254732.526019,0.0200,0,,,0.000,,,63.6779,3.2238,-9.9237,0.2008,52.3397,-10.6658,-38.6909,0.2001,0.0001,BAM,62.2624,-10.2332,65.6474,-10.2746,-9.9227,0.0000,-12.023,-0.019,369.5009,47.8,,51,THU,NO_RESP,480,THU,1,goc=-30;cu_ly=25;lan=1,1
12.6079,1790254732.546060,0.0201,0,,,0.000,,,63.7427,2.9157,-9.9197,0.1816,52.3397,-10.6658,-38.6909,0.2001,0.0001,BAM,63.1786,-10.2427,65.2445,-10.2746,-10.8389,0.0000,-20.058,0.002,369.5009,47.8,,51,THU,NO_RESP,480,THU,1,goc=-30;cu_ly=25;lan=1,1
12.6282,1790254732.566302,0.0203,0,,,0.000,,,63.8018,2.6345,-9.9160,0.1641,52.3397,-10.6658,-38.6909,0.2001,0.0001,BAM,63.9431,-10.2507,64.6729,-10.2743,-11.6033,0.0000,-28.173,0.015,369.5009,47.8,,51,THU,NO_RESP,480,THU,1,goc=-30;cu_ly=25;lan=1,1
12.6482,1790254732.586443,0.0200,0,,,0.000,,,63.8546,2.3835,-9.9127,0.1484,52.3397,-10.6658,-38.6909,0.2001,0.0001,BAM,64.5421,-10.2571,63.9483,-10.2738,-12.2023,0.0000,-36.184,0.023,369.5009,63.6,,51,THU,NO_RESP,480,THU,1,goc=-30;cu_ly=25;lan=1,1
12.6683,1790254732.606550,0.0201,0,,,0.000,,,63.9025,2.1554,-9.9098,0.1342,52.3397,-10.6658,-38.1682,0.2004,0.0169,BAM,64.9578,-10.2615,63.0586,-10.2733,-12.6181,0.0000,-44.230,0.025,369.5009,63.6,,51,THU,NO_RESP,480,THU,1,goc=-30;cu_ly=25;lan=1,1
12.6885,1790254732.626651,0.0201,0,,,0.000,,,63.9459,1.9490,-9.9071,0.1214,52.3397,-10.6658,-38.1682,0.2004,0.0169,BAM,65.2453,-10.2646,62.0060,-10.2728,-12.9056,0.0000,-52.283,0.025,369.5009,63.6,,51,THU,NO_RESP,480,THU,1,goc=-30;cu_ly=25;lan=1,1
12.7089,1790254732.647112,0.0205,0,,,0.000,,,63.9858,1.7594,-9.9046,0.1096,52.3397,-10.6658,-38.1682,0.2004,0.0169,BAM,65.3711,-10.2677,60.7680,-10.2723,-13.0313,0.0000,-60.472,0.024,369.5009,63.3,,51,THU,NO_RESP,480,THU,1,goc=-30;cu_ly=25;lan=1,1
12.7290,1790254732.667163,0.0201,0,,,0.000,,,64.0211,1.5914,-9.9024,0.0991,52.3397,-10.6658,-38.1682,0.2004,0.0169,BAM,65.3320,-10.2698,59.3966,-10.2719,-12.9923,0.0000,-68.350,0.022,369.5009,63.3,,51,THU,NO_RESP,480,THU,1,goc=-30;cu_ly=25;lan=1,1
12.7491,1790254732.687286,0.0201,0,,,0.000,,,64.0532,1.4389,-9.9004,0.0896,52.3397,-10.6658,-38.1682,0.2004,0.0169,BAM,65.1282,-10.2712,58.0632,-10.2715,-12.7885,0.0000,-66.192,0.020,369.5009,63.3,,51,THU,NO_RESP,480,THU,1,goc=-30;cu_ly=25;lan=1,1
12.7692,1790254732.707411,0.0200,0,,,0.000,,,64.0820,1.3017,-9.8986,0.0811,52.3397,-10.6658,-38.1682,0.2004,0.0169,BAM,64.7646,-10.2720,56.7957,-10.2712,-12.4248,0.0000,-63.225,0.016,369.5009,47.7,,51,THU,NO_RESP,480,THU,1,goc=-30;cu_ly=25;lan=1,1
12.7893,1790254732.727433,0.0201,0,,,0.000,,,64.1082,1.1774,-9.8970,0.0733,52.3397,-10.6658,-37.4007,0.2010,0.0243,BAM,64.2383,-10.2724,55.6027,-10.2709,-11.8985,0.0000,-59.429,0.013,369.5009,47.7,,51,THU,NO_RESP,480,THU,1,goc=-30;cu_ly=25;lan=1,1
12.8094,1790254732.747488,0.0201,0,,,0.000,,,64.1319,1.0647,-9.8955,0.0663,52.3397,-10.6658,-37.4007,0.2010,0.0243,BAM,63.5484,-10.2725,54.4996,-10.2707,-11.2086,0.0000,-54.802,0.010,369.5009,47.7,,51,THU,NO_RESP,480,THU,1,goc=-30;cu_ly=25;lan=1,1
12.8294,1790254732.767596,0.0200,0,,,0.000,,,64.1532,0.9632,-9.8941,0.0600,52.3397,-10.6658,-37.4007,0.2010,0.0243,BAM,62.6917,-10.2725,53.5112,-10.2705,-10.3520,0.0000,-49.323,0.008,369.5009,64.6,,51,THU,NO_RESP,480,THU,1,goc=-30;cu_ly=25;lan=1,1
12.8496,1790254732.788234,0.0201,0,,,0.000,,,64.1726,0.8709,-9.8929,0.0542,52.3397,-10.6658,-37.4007,0.2010,0.0243,BAM,61.6732,-10.2723,52.6448,-10.2704,-9.3334,0.0000,-43.035,0.006,369.5009,64.6,,51,THU,NO_RESP,480,THU,1,goc=-30;cu_ly=25;lan=1,1
12.8701,1790254732.808287,0.0205,0,,,0.000,,,64.1905,0.7861,-9.8918,0.0490,52.3397,-10.6658,-37.4007,0.2010,0.0243,BAM,60.5434,-10.2720,51.9007,-10.2703,-8.2036,0.0000,-36.296,0.004,369.5009,64.6,,51,THU,NO_RESP,480,THU,1,goc=-30;cu_ly=25;lan=1,1
12.8902,1790254732.828381,0.0201,0,,,0.000,,,64.2063,0.7109,-9.8908,0.0443,52.3397,-10.6658,-37.4007,0.2010,0.0243,BAM,59.3865,-10.2718,51.3058,-10.2703,-7.0468,0.0000,-29.606,0.003,369.5009,63.8,,51,THU,NO_RESP,480,THU,1,goc=-30;cu_ly=25;lan=1,1
12.9103,1790254732.848497,0.0201,0,,,0.000,,,64.2206,0.6429,-9.8900,0.0400,52.3397,-10.6658,-37.4007,0.2010,0.0243,BAM,58.2176,-10.2715,50.8423,-10.2703,-5.8779,0.0000,-23.045,0.002,369.5009,63.8,,51,THU,NO_RESP,480,THU,1,goc=-30;cu_ly=25;lan=1,1
12.9304,1790254732.869146,0.0202,0,,,0.000,,,64.2335,0.5813,-9.8891,0.0362,52.3397,-10.6658,-37.3696,0.1999,0.0099,BAM,57.0676,-10.2713,50.5041,-10.2702,-4.7278,0.0000,-16.781,0.001,369.5009,63.8,,51,THU,NO_RESP,480,THU,1,goc=-30;cu_ly=25;lan=1,1
12.9505,1790254732.888723,0.0201,0,,,0.000,,,64.2452,0.5258,-9.8884,0.0327,52.3397,-10.6658,-37.3696,0.1999,0.0099,BAM,55.9705,-10.2710,50.2836,-10.2702,-3.6308,0.0000,-10.985,0.000,369.5009,48.4,,51,THU,NO_RESP,480,THU,1,goc=-30;cu_ly=25;lan=1,1
12.9707,1790254732.908843,0.0202,0,,,0.000,,,64.2558,0.4753,-9.8878,0.0296,52.3397,-10.6658,-37.3696,0.1999,0.0099,BAM,54.9410,-10.2708,50.1681,-10.2702,-2.6013,0.0000,-5.725,-0.000,369.5009,48.4,,51,THU,NO_RESP,480,THU,1,goc=-30;cu_ly=25;lan=1,1
12.9913,1790254732.929492,0.0207,0,,,0.000,,,64.2656,0.4287,-9.8871,0.0267,52.3397,-10.6658,-37.3696,0.1999,0.0099,BAM,53.9840,-10.2707,50.1470,-10.2702,-1.6443,0.0000,-1.020,-0.000,369.5009,48.4,,51,THU,NO_RESP,480,THU,1,goc=-30;cu_ly=25;lan=1,1
13.0115,1790254732.949635,0.0201,0,,,0.000,,,64.2742,0.3876,-9.8866,0.0241,52.3397,-10.6658,-37.3696,0.1999,0.0099,BAM,53.1565,-10.2706,50.2871,-10.2703,0.0000,0.0000,6.962,-0.001,369.5009,64.1,,51,THU,NO_RESP,480,THU,1,goc=-30;cu_ly=25;lan=1,1
13.0317,1790254732.969935,0.0203,0,,,0.000,,,64.2821,0.3503,-9.8861,0.0218,52.3397,-10.6658,-33.9204,0.2010,0.0934,BAM,52.4380,-10.2705,50.4204,-10.2703,0.0000,0.0000,6.579,-0.001,369.5009,64.1,,51,THU,NO_RESP,480,THU,1,goc=-30;cu_ly=25;lan=1,1
13.0518,1790254732.989988,0.0201,0,,,0.000,,,64.2891,0.3168,-9.8857,0.0197,52.3397,-10.6658,-33.9204,0.2010,0.0934,BAM,51.8413,-10.2704,50.5426,-10.2703,0.0000,0.0000,6.088,-0.001,369.5009,64.1,,51,THU,NO_RESP,480,THU,1,goc=-30;cu_ly=25;lan=1,1
13.0719,1790254733.010066,0.0200,1,621.88,378.50,0.388,32.2752,-18.3049,32.2777,-35.0672,-18.3040,-9.3878,29.7642,-18.4188,-33.9204,0.2010,0.0934,BAM,51.3612,-10.2703,50.5040,-10.4310,-21.5970,-8.1485,-1.930,-8.019,1.5323,65.4,332.13,51,THU,NO_RESP,480,THU,1,goc=-30;cu_ly=25;lan=1,1
13.0920,1790254733.030172,0.0201,0,621.88,378.50,0.388,,,31.5726,-35.0672,-18.4927,-9.3878,29.1165,-18.6015,-33.9204,0.2010,0.0934,BAM,50.9927,-10.2703,50.3034,-10.7540,-21.8762,-8.3312,-9.973,-16.062,1.5323,65.4,332.13,51,THU,NO_RESP,480,THU,1,goc=-30;cu_ly=25;lan=1,1
13.1123,1790254733.050552,0.0204,1,612.62,369.00,0.593,31.8057,-17.7813,31.6822,-17.5621,-17.9074,6.8563,30.5482,-17.7847,-33.9204,0.2010,0.0934,BAM,50.7358,-10.2703,49.9344,-11.2470,-20.1876,-7.5144,-18.119,-24.208,3.8538,45.7,319.80,51,THU,NO_RESP,480,THU,1,goc=-30;cu_ly=25;lan=1,1
13.1324,1790254733.070587,0.0201,0,612.62,369.00,0.593,,,31.3297,-17.5621,-17.7698,6.8563,30.2833,-17.6633,-33.9204,0.2010,0.0934,BAM,50.5974,-10.2703,49.4094,-11.8942,-20.3140,-7.3930,-26.150,-32.238,3.8538,45.7,319.80,51,THU,NO_RESP,480,THU,1,goc=-30;cu_ly=25;lan=1,1
13.1529,1790254733.091041,0.0204,0,612.62,369.00,0.593,,,30.9706,-17.5621,-17.6296,6.8563,30.0007,-17.5358,-34.9167,0.2013,0.0282,BAM,50.5421,-10.2703,48.7076,-12.6369,-20.5414,-7.2655,-34.328,-36.328,3.8538,45.7,319.80,51,THU,NO_RESP,480,THU,1,goc=-30;cu_ly=25;lan=1,1
13.1730,1790254733.111667,0.0202,1,609.00,362.25,0.619,31.2922,-17.3870,31.2150,-9.7570,-17.3993,8.0489,30.7033,-17.0709,-34.9167,0.2013,0.0282,BAM,50.5423,-10.2703,47.8533,-13.3222,-19.8389,-6.8006,-42.389,-34.003,0.9278,64.8,313.79,51,THU,NO_RESP,480,THU,1,goc=-30;cu_ly=25;lan=1,1
13.1935,1790254733.132214,0.0205,0,609.00,362.25,0.619,,,31.0150,-9.7570,-17.2343,8.0489,30.5974,-16.9732,-34.9167,0.2013,0.0282,BAM,50.5303,-10.3206,46.8163,-14.0023,-19.9329,-6.6526,-50.589,-33.176,0.9278,64.8,313.79,51,THU,NO_RESP,480,THU,1,goc=-30;cu_ly=25;lan=1,1
13.2139,1790254733.152141,0.0204,0,609.00,362.25,0.619,,,30.8158,-9.7570,-17.0699,8.0489,30.4628,-16.8530,-34.9167,0.2013,0.0282,BAM,50.4595,-10.4559,45.6164,-14.6494,-19.9967,-6.3971,-58.757,-31.687,0.9278,64.8,313.79,51,THU,NO_RESP,480,THU,1,goc=-30;cu_ly=25;lan=1,1
13.2340,1790254733.172235,0.0201,1,608.88,359.50,0.643,31.2554,-17.2175,31.1478,-3.2375,-17.1635,4.9523,31.1159,-17.0631,-34.9167,0.2013,0.0282,BAM,50.2974,-10.7000,44.2748,-15.2753,-19.1815,-6.3631,-66.792,-31.163,1.4566,49.9,312.62,51,THU,NO_RESP,480,THU,1,goc=-30;cu_ly=25;lan=1,1
13.2541,1790254733.192254,0.0200,0,608.88,359.50,0.643,,,31.0829,-3.2375,-17.0642,4.9523,31.0597,-16.9888,-34.9167,0.2013,0.0282,BAM,50.0237,-11.0681,42.7750,-15.8460,-18.9640,-5.9207,-74.811,-28.466,1.4566,49.9,312.62,51,THU,NO_RESP,480,THU,1,goc=-30;cu_ly=25;lan=1,1
13.2741,1790254733.212291,0.0201,0,608.88,359.50,0.643,,,31.0180,-3.2375,-16.9649,4.9523,30.9997,-16.9044,-35.8335,0.2010,0.0265,BAM,49.6178,-11.5520,41.1124,-16.3488,-18.6181,-5.3525,-82.839,-25.051,1.4566,49.9,312.62,51,THU,NO_RESP,480,THU,1,goc=-30;cu_ly=25;lan=1,1
13.2945,1790254733.232578,0.0204,1,606.50,356.00,0.393,30.8152,-17.7685,30.8397,-4.6580,-17.6008,-4.2028,30.7529,-17.6650,-35.8335,0.2010,0.0265,BAM,49.0681,-12.1034,39.2959,-16.8690,-18.3152,-5.5616,-89.210,-25.546,2.4780,63.0,309.09,51,THU,NO_RESP,480,THU,1,goc=-30;cu_ly=25;lan=1,1
13.3145,1790254733.252712,0.0200,0,606.50,356.00,0.393,,,30.7464,-4.6580,-17.6850,-4.2028,30.6818,-17.7327,-35.8335,0.2010,0.0265,BAM,48.3747,-12.6882,37.5849,-17.3189,-17.6929,-5.0445,-85.445,-22.472,2.4780,63.0,309.09,51,THU,NO_RESP,480,THU,1,goc=-30;cu_ly=25;lan=1,1
13.3352,1790254733.273331,0.0207,0,606.50,356.00,0.393,,,30.6502,-4.6580,-17.7718,-4.2028,30.5991,-17.8095,-35.8335,0.2010,0.0265,BAM,47.5070,-13.3051,35.9173,-17.7188,-16.9079,-4.5044,-80.744,-19.362,2.4780,63.0,309.09,51,THU,NO_RESP,480,THU,1,goc=-30;cu_ly=25;lan=1,1
13.3553,1790254733.293451,0.0201,0,,,0.000,,,30.5565,-4.2123,-17.8564,-3.8006,30.5247,-17.8797,-35.8335,0.2010,0.0265,BAM,46.5083,-13.9139,34.4028,-18.0478,-15.9836,-3.9659,-75.276,-16.350,2.4780,63.7,,51,THU,NO_RESP,480,THU,1,goc=-30;cu_ly=25;lan=1,1
13.3758,1790254733.313968,0.0205,0,,,0.000,,,30.4701,-3.8019,-17.9343,-3.4303,30.4501,-17.9490,-35.8335,0.2010,0.0022,BAM,45.3399,-14.5186,32.9906,-18.3235,-14.8898,-3.4304,-68.888,-13.450,2.4780,63.7,,51,THU,NO_RESP,480,THU,1,goc=-30;cu_ly=25;lan=1,1
13.3959,1790254733.334033,0.0202,0,,,0.000,,,30.3935,-3.4375,-18.0034,-3.1016,30.3805,-18.0129,-35.8335,0.2010,0.0022,BAM,44.0323,-15.0847,31.7466,-18.5415,-13.6518,-2.9283,-61.730,-10.821,2.4780,63.7,,51,THU,NO_RESP,480,THU,1,goc=-30;cu_ly=25;lan=1,1
13.4164,1790254733.354610,0.0204,0,,,0.000,,,30.3232,-3.1034,-18.0668,-2.8001,30.3147,-18.0730,-35.8335,0.2010,0.0022,BAM,42.5525,-15.6421,30.6498,-18.7107,-12.2378,-2.4309,-53.644,-8.271,2.4780,47.0,,51,THU,NO_RESP,480,THU,1,goc=-30;cu_ly=25;lan=1,1
13.4365,1790254733.374644,0.0201,0,,,0.000,,,30.2610,-2.8071,-18.1230,-2.5328,30.2553,-18.1272,-35.8335,0.2010,0.0022,BAM,41.0205,-16.1593,29.7343,-18.8303,-10.7652,-1.9679,-45.617,-5.960,2.4780,47.0,,51,THU,NO_RESP,480,THU,1,goc=-30;cu_ly=25;lan=1,1
13.4567,1790254733.394859,0.0202,0,,,0.000,,,30.2042,-2.5370,-18.1743,-2.2891,30.2004,-18.1770,-35.8335,0.2010,0.0022,BAM,39.4376,-16.6430,28.9751,-18.9083,-9.2372,-1.5340,-37.523,-3.859,2.4780,47.0,,51,THU,NO_RESP,480,THU,1,goc=-30;cu_ly=25;lan=1,1
13.4768,1790254733.414980,0.0201,0,,,0.000,,,30.1532,-2.2948,-18.2202,-2.0705,30.1507,-18.2221,-35.8335,0.2010,0.0022,BAM,37.8847,-17.0763,28.3831,-18.9495,-7.7340,-1.1458,-29.496,-2.050,2.4780,63.1,,51,THU,NO_RESP,480,THU,1,goc=-30;cu_ly=25;lan=1,1
13.4970,1790254733.435112,0.0202,0,,,0.000,,,30.1069,-2.0744,-18.2620,-1.8717,30.1052,-18.2633,-35.8335,0.2010,0.0022,BAM,36.3687,-17.4626,27.9506,-18.8790,-6.2636,0.0000,-21.418,3.491,2.4780,63.1,,51,THU,NO_RESP,480,THU,1,goc=-30;cu_ly=25;lan=1,1
13.5171,1790254733.455289,0.0202,0,,,0.000,,,30.0650,-1.8753,-18.2998,-1.6921,30.0638,-18.3007,-35.8335,0.2010,0.0022,BAM,34.9377,-17.7966,27.6654,-18.8133,-4.8739,0.0000,-14.133,3.256,2.4780,63.1,,51,THU,NO_RESP,480,THU,1,goc=-30;cu_ly=25;lan=1,1
13.5372,1790254733.475368,0.0201,0,,,0.000,,,30.0274,-1.6963,-18.3337,-1.5305,30.0266,-18.3343,-35.8335,0.2010,0.0022,BAM,33.6154,-18.0785,27.5091,-18.7533,-3.5888,0.0000,-7.789,2.991,2.4780,63.3,,51,THU,NO_RESP,480,THU,1,goc=-30;cu_ly=25;lan=1,1
13.5573,1790254733.495505,0.0201,0,,,0.000,,,29.9933,-1.5342,-18.3645,-1.3843,29.9928,-18.3649,-35.8335,0.2010,0.0022,BAM,32.4177,-18.3105,27.4639,-18.6991,-2.4249,0.0000,-2.250,2.699,2.4780,63.3,,51,THU,NO_RESP,480,THU,1,goc=-30;cu_ly=25;lan=1,1
13.5774,1790254733.515648,0.0201,0,,,0.000,,,29.9624,-1.3872,-18.3924,-1.2517,29.9620,-18.3926,-35.8335,0.2010,0.0022,BAM,31.3532,-18.4954,27.5136,-18.6509,-1.3911,0.0000,2.467,2.392,2.4780,48.9,,51,THU,NO_RESP,480,THU,1,goc=-30;cu_ly=25;lan=1,1
13.5975,1790254733.535689,0.0200,0,,,0.000,,,29.9346,-1.2550,-18.4174,-1.1323,29.9344,-18.4176,-35.8335,0.2010,0.0022,BAM,30.4380,-18.6353,27.6905,-18.6092,0.0000,0.0000,8.828,2.082,2.4780,48.9,,51,THU,NO_RESP,480,THU,1,goc=-30;cu_ly=25;lan=1,1
13.6175,1790254733.555767,0.0201,0,,,0.000,,,29.9094,-1.1351,-18.4402,-1.0242,29.9092,-18.4403,-35.8335,0.2010,0.0009,BAM,29.6706,-18.7105,27.8534,-18.5744,0.0000,0.0000,8.112,1.730,2.4780,48.9,,51,THU,NO_RESP,480,THU,1,goc=-30;cu_ly=25;lan=1,1
13.6377,1790254733.575897,0.0201,0,,,0.000,,,29.8866,-1.0264,-18.4608,-0.9261,29.8865,-18.4609,-35.8335,0.2010,0.0009,BAM,29.0508,-18.7423,28.0004,-18.5466,0.0000,0.0000,7.301,1.383,2.4780,48.9,,51,THU,NO_RESP,480,THU,1,goc=-30;cu_ly=25;lan=1,1
13.6579,1790254733.596535,0.0202,1,369.00,283.25,0.592,26.9403,-21.4759,26.9527,-11.6425,-21.4621,-11.7577,26.4691,-21.9553,-35.8335,0.2010,0.0009,BAM,28.5733,-18.7457,27.9848,-18.6817,-2.1042,-3.2096,-0.774,-6.691,1.2896,66.3,65.36,51,THU,NO_RESP,480,THU,1,goc=-30;cu_ly=25;lan=1,1
13.6784,1790254733.616591,0.0205,0,369.00,283.25,0.592,,,26.7140,-11.6425,-21.7032,-11.7577,26.2842,-22.1420,-35.8335,0.2010,0.0009,BAM,28.2402,-18.7481,27.8968,-18.9871,-1.9559,-3.3939,-4.290,-14.894,1.2896,66.3,65.36,51,THU,NO_RESP,480,THU,1,goc=-30;cu_ly=25;lan=1,1
13.6985,1790254733.636687,0.0201,0,369.00,283.25,0.592,,,26.4799,-11.6425,-21.9397,-11.7577,26.0925,-22.3355,-35.8335,0.2010,0.0009,BAM,28.0158,-18.7180,27.7960,-19.3391,-1.9233,-3.6175,-5.011,-17.509,1.2896,66.3,65.36,51,THU,NO_RESP,480,THU,1,goc=-30;cu_ly=25;lan=1,1
13.7185,1790254733.656766,0.0201,1,349.50,260.50,0.382,26.4833,-20.0979,26.4497,-8.7565,-20.4090,12.8840,26.0936,-19.6190,-35.8335,0.2010,0.0009,BAM,27.9155,-18.6845,27.6878,-19.5294,-1.8219,0.0000,-5.396,-9.483,10.4516,63.0,35.92,51,THU,NO_RESP,480,THU,1,goc=-30;cu_ly=25;lan=1,1
13.7391,1790254733.677299,0.0206,0,349.50,260.50,0.382,,,26.2697,-8.7565,-20.1442,12.8840,25.9772,-19.4581,-37.8597,0.2000,0.0589,BAM,27.8960,-18.6500,27.5496,-19.5553,-1.9188,0.0000,-6.722,-1.261,10.4516,63.0,35.92,51,THU,NO_RESP,480,THU,1,goc=-30;cu_ly=25;lan=1,1
13.7592,1790254733.697419,0.0201,1,345.50,260.00,0.684,26.1097,-20.0066,26.1058,-8.5778,-19.9761,11.5659,25.7268,-19.2796,-37.8597,0.2000,0.0589,BAM,27.9282,-18.6180,27.3715,-19.5528,-2.2014,0.0000,-8.856,0.126,0.0602,48.7,32.41,51,THU,NO_RESP,480,THU,1,goc=-30;cu_ly=25;lan=1,1
13.7793,1790254733.717520,0.0201,0,345.50,260.00,0.684,,,25.9333,-8.5778,-19.7436,11.5659,25.6279,-19.1536,-37.8597,0.2000,0.0589,BAM,27.9457,-18.6377,27.1711,-19.5501,-2.3178,0.0000,-9.967,0.131,0.0602,48.7,32.41,51,THU,NO_RESP,480,THU,1,goc=-30;cu_ly=25;lan=1,1
13.7995,1790254733.737723,0.0202,0,345.50,260.00,0.684,,,25.7602,-8.5778,-19.5101,11.5659,25.5045,-18.9986,-37.8597,0.2000,0.0589,BAM,27.9306,-18.7459,26.9519,-19.5443,-2.4260,0.0000,-10.859,0.287,0.0602,48.7,32.41,51,THU,NO_RESP,480,THU,1,goc=-30;cu_ly=25;lan=1,1
13.8196,1790254733.757828,0.0201,1,343.25,259.00,0.477,26.3003,-19.8949,26.1757,-1.0252,-19.7831,5.1710,26.1746,-19.6691,-37.8597,0.2000,0.0589,BAM,27.8890,-18.9291,26.8006,-19.5335,-1.7144,0.0000,-7.523,0.538,2.6468,63.6,30.03,51,THU,NO_RESP,480,THU,1,goc=-30;cu_ly=25;lan=1,1
13.8396,1790254733.777856,0.0200,0,343.25,259.00,0.477,,,26.1552,-1.0252,-19.6795,5.1710,26.1544,-19.5938,-37.8597,0.2000,0.0589,BAM,27.8270,-19.1140,26.6514,-19.5188,-1.6726,0.0000,-7.450,0.733,2.6468,63.6,30.03,51,THU,NO_RESP,480,THU,1,goc=-30;cu_ly=25;lan=1,1
13.8597,1790254733.797919,0.0201,0,343.25,259.00,0.477,,,26.1346,-1.0252,-19.5758,5.1710,26.1340,-19.5071,-37.1407,0.2006,0.0232,BAM,27.7415,-19.2501,26.5072,-19.5028,-1.6075,0.0000,-7.187,0.799,2.6468,63.6,30.03,51,THU,NO_RESP,480,THU,1,goc=-30;cu_ly=25;lan=1,1
13.8798,1790254733.818005,0.0201,1,342.00,257.00,0.503,26.2666,-20.2387,26.2392,0.5541,-20.0960,-2.5705,26.2394,-20.1121,-37.1407,0.2006,0.0232,BAM,27.6273,-19.3435,26.3849,-19.4872,-1.3879,0.0000,-6.089,0.776,1.8195,63.2,27.80,51,THU,NO_RESP,480,THU,1,goc=-30;cu_ly=25;lan=1,1
13.8999,1790254733.838134,0.0202,0,342.00,257.00,0.503,,,26.2504,0.5541,-20.1478,-2.5705,26.2505,-20.1595,-37.1407,0.2006,0.0232,BAM,27.4861,-19.4074,26.2784,-19.4730,-1.2357,0.0000,-5.281,0.706,1.8195,63.2,27.80,51,THU,NO_RESP,480,THU,1,goc=-30;cu_ly=25;lan=1,1
13.9203,1790254733.858416,0.0203,0,342.00,257.00,0.503,,,26.2616,0.5541,-20.2000,-2.5705,26.2617,-20.2092,-37.1407,0.2006,0.0232,BAM,27.3200,-19.4500,26.1908,-19.4605,-1.0583,0.0000,-4.317,0.614,1.8195,63.2,27.80,51,THU,NO_RESP,480,THU,1,goc=-30;cu_ly=25;lan=1,1
13.9404,1790254733.879052,0.0201,1,345.00,257.25,0.577,25.8514,-20.4828,25.9266,-3.8247,-20.4400,-4.9120,25.8757,-20.5380,-37.1407,0.2006,0.0232,BAM,27.1597,-19.4758,26.0823,-19.5569,-1.2840,-1.0622,-5.394,-4.794,0.7094,47.1,30.37,51,THU,NO_RESP,480,THU,1,goc=-30;cu_ly=25;lan=1,1
13.9605,1790254733.898621,0.0201,0,345.00,257.25,0.577,,,25.8497,-3.8247,-20.5387,-4.9120,25.8124,-20.6123,-37.1407,0.2006,0.0232,BAM,27.0027,-19.4891,25.9840,-19.6613,-1.1903,-1.1232,-4.892,-5.196,0.7094,47.1,30.37,51,THU,NO_RESP,480,THU,1,goc=-30;cu_ly=25;lan=1,1
13.9806,1790254733.918768,0.0202,0,345.00,257.25,0.577,,,25.7726,-3.8247,-20.6377,-4.9120,25.7432,-20.6967,-37.1407,0.2006,0.0008,BAM,26.8494,-19.4933,25.8942,-19.7760,-1.1062,-1.2033,-4.453,-5.687,0.7094,47.1,30.37,51,THU,NO_RESP,480,THU,1,goc=-30;cu_ly=25;lan=1,1
14.0008,1790254733.938984,0.0201,1,337.50,261.00,0.769,25.7563,-20.8824,25.7454,-3.1933,-20.8554,-6.3903,25.7147,-21.0482,-37.1407,0.2006,0.0008,BAM,26.7058,-19.4915,25.9159,-19.9277,0.0000,-1.5568,1.076,-7.534,0.0743,65.5,27.34,51,THU,NO_RESP,480,THU,1,goc=-30;cu_ly=25;lan=1,1
14.0209,1790254733.959117,0.0202,0,337.50,261.00,0.769,,,25.6810,-3.1933,-20.9843,-6.3903,25.6588,-21.1329,-37.1407,0.2006,0.0008,BAM,26.5735,-19.4857,25.9372,-20.0902,0.0000,-1.6472,1.055,-8.054,0.0743,65.5,27.34,51,THU,NO_RESP,480,THU,1,goc=-30;cu_ly=25;lan=1,1
14.0415,1790254733.979702,0.0206,0,337.50,261.00,0.769,,,25.6153,-3.1933,-21.1157,-6.3903,25.5980,-21.2362,-37.1407,0.2006,0.0008,BAM,26.4810,-19.4817,25.9570,-20.2679,0.0000,-1.7544,0.965,-8.640,0.0743,65.5,27.34,51,THU,NO_RESP,480,THU,1,goc=-30;cu_ly=25;lan=1,1
14.0621,1790254734.000224,0.0206,1,331.00,258.75,0.756,25.7907,-20.7321,25.7485,-0.6908,-20.8258,-1.1742,25.7481,-20.8274,-37.1407,0.2006,0.0008,BAM,26.3560,-19.5053,25.9766,-20.4009,0.0000,-1.3221,0.953,-6.469,0.9476,63.6,21.74,51,THU,NO_RESP,480,THU,1,goc=-30;cu_ly=25;lan=1,1
14.0821,1790254734.020282,0.0200,0,331.00,258.75,0.756,,,25.7346,-0.6908,-20.8493,-1.1742,25.7344,-20.8504,-37.1407,0.2006,0.0008,BAM,26.2415,-19.5533,25.9952,-20.5268,0.0000,-1.2971,0.931,-6.294,0.9476,63.6,21.74,51,THU,NO_RESP,480,THU,1,goc=-30;cu_ly=25;lan=1,1
14.1021,1790254734.040348,0.0201,1,322.00,257.75,0.692,26.2137,-20.6868,26.0789,4.4340,-20.7390,0.7016,26.1543,-20.7387,-37.1407,0.2006,0.0008,BAM,26.1344,-19.6220,26.0133,-20.6334,0.0000,-1.1167,0.901,-5.317,1.3115,47.1,17.86,51,THU,NO_RESP,480,THU,1,goc=-30;cu_ly=25;lan=1,1
14.1222,1790254734.060408,0.0201,0,322.00,257.75,0.692,,,26.1680,4.4340,-20.7249,0.7016,26.2240,-20.7246,-37.1407,0.2006,0.0008,BAM,26.0669,-19.7164,26.0296,-20.7274,0.0000,-1.0083,0.809,-4.673,1.3115,47.1,17.86,51,THU,NO_RESP,480,THU,1,goc=-30;cu_ly=25;lan=1,1
14.1423,1790254734.080493,0.0201,0,322.00,257.75,0.692,,,26.2570,4.4340,-20.7108,0.7016,26.3016,-20.7106,-37.1407,0.2006,0.0008,BAM,26.0269,-19.8317,26.0434,-20.7177,0.0000,0.0000,0.691,0.482,1.3115,47.1,17.86,51,THU,NO_RESP,480,THU,1,goc=-30;cu_ly=25;lan=1,1
14.1625,1790254734.100616,0.0202,0,322.00,257.75,0.692,,,26.3464,4.4340,-20.6967,0.7016,26.3833,-20.6965,-37.1407,0.2006,0.0008,BAM,26.0053,-19.9666,26.0549,-20.7055,0.0000,0.0000,0.568,0.603,1.3115,47.1,17.86,51,THU,NO_RESP,480,THU,1,goc=-30;cu_ly=25;lan=1,1
14.1825,1790254734.120672,0.0200,1,318.75,253.50,0.776,26.1558,-20.6151,26.1894,1.6646,-20.6236,1.3583,26.1941,-20.6211,-37.1407,0.2006,0.0008,BAM,25.9964,-20.1005,26.0639,-20.6916,0.0000,0.0000,0.452,0.695,0.1722,64.6,13.56,51,THU,NO_RESP,480,THU,1,goc=-30;cu_ly=25;lan=1,1
14.2030,1790254734.141242,0.0205,0,318.75,253.50,0.776,,,26.2235,1.6646,-20.5957,1.3583,26.2269,-20.5939,-32.7446,0.2024,0.0641,BAM,25.9961,-20.2340,26.0710,-20.6760,0.0000,0.0000,0.346,0.761,0.1722,64.6,13.56,51,THU,NO_RESP,480,THU,1,goc=-30;cu_ly=25;lan=1,1
14.2232,1790254734.161415,0.0202,1,326.00,245.75,0.547,25.5700,-20.4827,25.7550,-5.3452,-20.5063,2.2031,25.6329,-20.4963,-32.7446,0.2024,0.0641,BAM,26.0014,-20.3578,26.0762,-20.6598,0.0000,0.0000,0.256,0.798,2.2448,46.7,8.31,51,THU,NO_RESP,480,THU,1,goc=-30;cu_ly=25;lan=1,1
14.2438,1790254734.181976,0.0206,0,326.00,245.75,0.547,,,25.6451,-5.3452,-20.4610,2.2031,25.5532,-20.4538,-32.7446,0.2024,0.0641,BAM,26.0051,-20.4443,26.0801,-20.6442,0.0000,0.0000,0.189,0.759,2.2448,46.7,8.31,51,THU,NO_RESP,480,THU,1,goc=-30;cu_ly=25;lan=1,1
14.2639,1790254734.202065,0.0201,0,326.00,245.75,0.547,,,25.5377,-5.3452,-20.4167,2.2031,25.4636,-20.4110,-32.7446,0.2024,0.0641,BAM,26.0077,-20.5027,26.0829,-20.6305,0.0000,0.0000,0.141,0.684,2.2448,46.7,8.31,51,THU,NO_RESP,480,THU,1,goc=-30;cu_ly=25;lan=1,1
14.2840,1790254734.222135,0.0201,0,,,0.000,,,25.4304,-4.8350,-20.3725,1.9928,25.3839,-20.3691,-32.7446,0.2024,0.0641,BAM,26.0094,-20.5430,26.0851,-20.6185,0.0000,0.0000,0.106,0.595,2.2448,63.5,,51,THU,NO_RESP,480,THU,1,goc=-30;cu_ly=25;lan=1,1
14.3041,1790254734.242254,0.0201,0,,,0.000,,,25.3332,-4.3724,-20.3324,1.8021,25.3033,-20.3303,-32.7446,0.2024,0.0641,BAM,26.0106,-20.5709,26.0867,-20.6084,0.0000,0.0000,0.079,0.506,2.2448,63.5,,51,THU,NO_RESP,480,THU,1,goc=-30;cu_ly=25;lan=1,1
14.3245,1790254734.262743,0.0204,0,,,0.000,,,25.2438,-3.9476,-20.2956,1.6270,25.2245,-20.2942,-32.7446,0.2024,0.0641,BAM,26.0114,-20.5905,26.0879,-20.5998,0.0000,0.0000,0.059,0.421,2.2448,63.5,,51,THU,NO_RESP,480,THU,1,goc=-30;cu_ly=25;lan=1,1
14.3451,1790254734.283317,0.0206,1,320.00,222.00,0.435,26.0106,-19.3727,25.9629,3.0452,-19.4259,8.8602,25.9878,-19.0270,-32.7446,0.2024,0.0641,BAM,26.0120,-20.6039,26.0888,-20.4305,0.0000,1.5770,0.044,8.229,1.4592,65.2,18.00,51,THU,NO_RESP,480,THU,1,goc=-30;cu_ly=25;lan=1,1
14.3652,1790254734.303363,0.0201,0,320.00,222.00,0.435,,,26.0240,3.0452,-19.2482,8.8602,26.0424,-18.9237,-32.7446,0.2024,0.0641,BAM,26.0124,-20.6130,26.0894,-20.2554,0.0000,1.6893,0.033,8.727,1.4592,65.2,18.00,51,THU,NO_RESP,480,THU,1,goc=-30;cu_ly=25;lan=1,1
14.3852,1790254734.323460,0.0201,0,320.00,222.00,0.435,,,26.0852,3.0452,-19.0702,8.8602,26.0998,-18.7968,-32.7446,0.2024,0.0641,BAM,26.0127,-20.6193,26.0899,-20.0678,0.0000,1.8225,0.025,9.339,1.4592,65.2,18.00,51,THU,NO_RESP,480,THU,1,goc=-30;cu_ly=25;lan=1,1
14.4053,1790254734.343506,0.0201,1,321.75,212.50,0.586,25.8890,-18.7737,25.9351,0.3611,-18.7958,10.0623,25.9351,-18.2729,-32.7446,0.2024,0.0641,BAM,26.0129,-20.6237,26.0903,-19.8283,0.0000,2.3507,0.019,11.935,0.2483,48.2,27.56,51,THU,NO_RESP,480,THU,1,goc=-30;cu_ly=25;lan=1,1
14.4254,1790254734.363576,0.0200,0,321.75,212.50,0.586,,,25.9423,0.3611,-18.5941,10.0623,25.9424,-18.1603,-32.7446,0.2024,0.0641,BAM,26.0130,-20.6267,26.0906,-19.5782,0.0000,2.4664,0.014,12.477,0.2483,48.2,27.56,51,THU,NO_RESP,480,THU,1,goc=-30;cu_ly=25;lan=1,1
14.4454,1790254734.383638,0.0201,0,321.75,212.50,0.586,,,25.9496,0.3611,-18.3921,10.0623,25.9496,-18.0214,-32.7446,0.2024,0.0641,BAM,26.0131,-20.6288,26.0908,-19.3142,0.0000,2.6073,0.011,13.152,0.2483,48.2,27.56,51,THU,NO_RESP,480,THU,1,goc=-30;cu_ly=25;lan=1,1
14.4655,1790254734.403731,0.0201,1,321.00,206.00,0.525,25.9428,-18.3612,25.9452,0.2129,-18.3301,8.3004,25.9453,-17.9742,-32.7446,0.2024,0.0641,BAM,26.0364,-20.5676,26.0902,-19.0542,0.0000,2.5934,-0.032,12.950,0.0858,62.6,34.01,51,THU,NO_RESP,480,THU,1,goc=-30;cu_ly=25;lan=1,1
14.4856,1790254734.423779,0.0201,0,321.00,206.00,0.525,,,25.9495,0.2129,-18.1632,8.3004,25.9495,-17.8784,-32.7446,0.2024,0.0641,BAM,26.0528,-20.4712,26.0891,-18.7971,0.0000,2.5928,-0.053,12.784,0.0858,62.6,34.01,51,THU,NO_RESP,480,THU,1,goc=-30;cu_ly=25;lan=1,1
14.5056,1790254734.443874,0.0200,0,321.00,206.00,0.525,,,25.9538,0.2129,-17.9969,8.3004,25.9538,-17.7594,-32.7446,0.2024,0.0641,BAM,26.0642,-20.3469,26.0879,-18.5451,0.0000,2.5876,-0.060,12.584,0.0858,62.6,34.01,51,THU,NO_RESP,480,THU,1,goc=-30;cu_ly=25;lan=1,1
14.5258,1790254734.464001,0.0202,1,318.75,202.75,0.354,26.1402,-17.9927,26.1078,2.1087,-17.9627,6.6434,26.1171,-17.7504,-32.7446,0.2024,0.0641,BAM,26.0723,-20.1865,26.0867,-18.3106,0.0000,2.4361,-0.060,11.632,0.1810,63.9,37.27,51,THU,NO_RESP,480,THU,1,goc=-30;cu_ly=25;lan=1,1
14.5459,1790254734.484112,0.0201,0,318.75,202.75,0.354,,,26.1503,2.1087,-17.8290,6.6434,26.1569,-17.6645,-32.7446,0.2024,0.0641,BAM,26.0780,-19.9986,26.0856,-18.0908,0.0000,2.3340,-0.056,10.924,0.1810,63.9,37.27,51,THU,NO_RESP,480,THU,1,goc=-30;cu_ly=25;lan=1,1
14.5661,1790254734.504289,0.0202,1,318.25,177.50,0.730,26.1932,-16.0327,26.1931,2.1125,-16.4965,23.4289,26.2023,-14.2649,-32.7446,0.2024,0.0641,BAM,26.0819,-19.7866,26.0846,-17.7070,0.0000,5.5216,-0.050,19.002,12.3007,48.3,62.52,51,THU,NO_RESP,480,THU,1,goc=-30;cu_ly=25;lan=1,1
14.5861,1790254734.524368,0.0200,0,318.25,177.50,0.730,,,26.2354,2.1125,-16.0274,23.4289,26.2420,-13.9405,-32.7446,0.2024,0.0641,BAM,26.0845,-19.5611,26.0837,-17.1666,0.0000,5.6206,-0.043,26.991,12.3007,48.3,62.52,51,THU,NO_RESP,480,THU,1,goc=-30;cu_ly=25;lan=1,1
14.6064,1790254734.545029,0.0202,0,318.25,177.50,0.730,,,26.2781,2.1125,-15.5539,23.4289,26.2833,-13.5951,-32.7446,0.2024,0.0641,BAM,26.0859,-19.3243,26.0830,-16.6132,0.0000,5.7292,-0.035,27.384,12.3007,48.3,62.52,51,THU,NO_RESP,480,THU,1,goc=-30;cu_ly=25;lan=1,1
14.6270,1790254734.565105,0.0206,0,318.25,177.50,0.730,,,26.3216,2.1125,-15.0711,23.4289,26.3259,-13.2277,-32.7446,0.2024,0.0641,BAM,26.0865,-19.0795,26.0824,-16.0388,0.0000,5.8518,-0.028,27.874,12.3007,48.3,62.52,51,THU,NO_RESP,480,THU,1,goc=-30;cu_ly=25;lan=1,1
14.6475,1790254734.585695,0.0206,1,318.50,200.50,0.527,26.1888,-16.9331,26.2095,0.3727,-16.6439,0.7347,26.2095,-16.6435,-32.7446,0.2024,0.0641,BAM,26.0866,-18.8383,26.0820,-15.6346,0.0000,2.1948,-0.022,19.644,10.8819,64.9,39.53,51,THU,NO_RESP,480,THU,1,goc=-30;cu_ly=25;lan=1,1
14.6680,1790254734.606245,0.0205,0,318.50,200.50,0.527,,,26.2171,0.3727,-16.6288,0.7347,26.2172,-16.6286,-32.7446,0.2024,0.0641,BAM,26.0863,-18.6044,26.0816,-15.4001,0.0000,1.9759,-0.016,11.450,10.8819,64.9,39.53,51,THU,NO_RESP,480,THU,1,goc=-30;cu_ly=25;lan=1,1
14.6882,1790254734.626418,0.0202,0,318.50,200.50,0.527,,,26.2247,0.3727,-16.6140,0.7347,26.2247,-16.6138,-32.7446,0.2024,0.0641,BAM,26.0857,-18.3261,26.0814,-15.2603,0.0000,1.7124,-0.011,6.908,10.8819,64.9,39.53,51,THU,NO_RESP,480,THU,1,goc=-30;cu_ly=25;lan=1,1
14.7083,1790254734.646566,0.0201,1,317.50,211.50,0.388,26.2605,-16.9415,26.2554,0.6639,-16.8783,-2.6922,26.2557,-16.8964,-32.7446,0.2024,0.0641,BAM,26.0851,-17.9682,26.0813,-15.1906,0.0000,1.0718,-0.008,3.469,0.3472,62.5,28.61,51,THU,NO_RESP,480,THU,1,goc=-30;cu_ly=25;lan=1,1
14.7289,1790254734.667120,0.0206,0,317.50,211.50,0.388,,,26.2691,0.6639,-16.9337,-2.6922,26.2693,-16.9468,-32.7446,0.2024,0.0641,BAM,26.0844,-17.5432,26.0812,-15.2353,0.0000,0.0000,-0.005,-2.175,0.3472,62.5,28.61,51,THU,NO_RESP,480,THU,1,goc=-30;cu_ly=25;lan=1,1
14.7490,1790254734.687196,0.0201,0,,,0.000,,,26.2824,0.6006,-16.9877,-2.4353,26.2825,-16.9954,-32.7446,0.2024,0.0641,BAM,26.0838,-17.0793,26.0811,-15.2850,0.0000,0.0000,-0.002,-2.474,0.3472,49.6,,51,THU,NO_RESP,480,THU,1,goc=-30;cu_ly=25;lan=1,1
14.7690,1790254734.707249,0.0201,0,,,0.000,,,26.2945,0.5433,-17.0366,-2.2029,26.2945,-17.0413,-32.7446,0.2024,0.0641,BAM,26.0832,-16.6339,26.0811,-15.3385,0.0000,0.0000,-0.001,-2.672,0.3472,49.6,,51,THU,NO_RESP,480,THU,1,goc=-30;cu_ly=25;lan=1,1
14.7891,1790254734.727271,0.0200,0,,,0.000,,,26.3053,0.4915,-17.0807,-1.9930,26.3054,-17.0836,-32.7446,0.2024,0.0641,BAM,26.0827,-16.2539,26.0811,-15.3929,0.0000,0.0000,0.000,-2.712,0.3472,49.6,,51,THU,NO_RESP,480,THU,1,goc=-30;cu_ly=25;lan=1,1
14.8094,1790254734.747579,0.0203,1,444.75,301.25,0.640,17.2963,-20.4822,18.0217,-60.0000,-20.1971,-31.7616,11.3085,-23.4780,-32.7446,0.2024,0.0641,BAM,26.0823,-15.9450,25.9162,-15.6128,-14.7738,-7.5329,-8.120,-10.833,129.1755,63.5,138.98,51,THU,NO_RESP,480,THU,1,goc=-30;cu_ly=25;lan=1,1
14.8294,1790254734.767636,0.0201,0,444.75,301.25,0.640,,,16.8180,-60.0000,-20.8343,-31.7616,10.1873,-23.9860,-32.7446,0.2024,0.0641,BAM,26.0820,-15.7339,25.5924,-15.9911,-15.8948,-8.2521,-16.145,-18.857,129.1755,63.5,138.98,51,THU,NO_RESP,480,THU,1,goc=-30;cu_ly=25;lan=1,1
14.8500,1790254734.788200,0.0206,0,444.75,301.25,0.640,,,15.5841,-60.0000,-21.4875,-31.7616,9.0359,-24.5169,-32.7446,0.2024,0.0641,BAM,26.0818,-15.5854,25.0912,-16.5480,-17.0459,-8.9316,-24.370,-27.083,129.1755,63.5,138.98,51,THU,NO_RESP,480,THU,1,goc=-30;cu_ly=25;lan=1,1
14.8701,1790254734.808323,0.0201,0,,,0.000,,,14.3771,-54.2582,-22.1265,-28.7221,8.8402,-24.5677,-32.7446,0.2024,0.0641,BAM,26.0817,-15.4849,24.4390,-17.2548,-17.2415,-9.0827,-32.418,-35.130,129.1755,62.9,,51,THU,NO_RESP,480,THU,1,goc=-30;cu_ly=25;lan=1,1
14.8902,1790254734.828378,0.0201,0,,,0.000,,,13.2889,-49.0814,-22.7025,-25.9817,8.6604,-24.6366,-32.7446,0.2024,0.0641,BAM,26.0816,-15.4157,23.6280,-18.1202,-17.4212,-9.2209,-40.439,-43.152,129.1755,62.9,,51,THU,NO_RESP,480,THU,1,goc=-30;cu_ly=25;lan=1,1
14.9108,1790254734.849439,0.0206,0,,,0.000,,,12.2775,-44.2763,-23.2379,-23.4381,8.4826,-24.7324,-32.7446,0.2024,0.0641,BAM,26.0814,-15.4085,22.6249,-19.1043,-17.5989,-9.3239,-48.682,-47.758,129.1755,62.9,,51,THU,NO_RESP,480,THU,1,goc=-30;cu_ly=25;lan=1,1
14.9308,1790254734.869003,0.0200,1,316.50,283.00,0.461,26.3269,-18.3452,25.6016,60.0000,-18.6543,23.0075,32.0763,-16.6303,-32.7446,0.2024,0.0641,BAM,26.0306,-15.4714,21.8106,-19.9000,6.0458,-1.1589,-40.675,-39.751,215.0338,48.5,43.14,51,THU,NO_RESP,480,THU,1,goc=-30;cu_ly=25;lan=1,1
14.9508,1790254734.889048,0.0200,0,316.50,283.00,0.461,,,26.8043,60.0000,-18.1931,23.0075,33.2024,-16.2952,-32.7446,0.2024,0.0641,BAM,25.8955,-15.6316,21.1560,-20.5361,7.3069,0.0000,-32.657,-31.733,215.0338,48.5,43.14,51,THU,NO_RESP,480,THU,1,goc=-30;cu_ly=25;lan=1,1
14.9710,1790254734.909107,0.0201,0,316.50,283.00,0.461,,,28.0126,60.0000,-17.7298,23.0075,34.3354,-15.9437,-32.7446,0.2024,0.0641,BAM,25.6469,-15.9149,20.6606,-21.0130,8.6885,0.0000,-24.602,-23.678,215.0338,48.5,43.14,51,THU,NO_RESP,480,THU,1,goc=-30;cu_ly=25;lan=1,1
14.9910,1790254734.929237,0.0201,1,300.00,278.50,0.751,27.2955,-18.1880,27.5390,36.9690,-18.0361,13.1110,31.4345,-17.1701,-32.7446,0.2024,0.0641,BAM,25.2745,-16.3280,20.3281,-21.3270,6.1601,0.0000,-16.579,-15.655,10.3720,63.8,43.38,51,THU,NO_RESP,480,THU,1,goc=-30;cu_ly=25;lan=1,1
15.0111,1790254734.949290,0.0201,0,300.00,278.50,0.751,,,28.2822,36.9690,-17.7725,13.1110,0.0000,-13.0000,,,,CHO,24.7661,-16.8814,19.8331,-21.4800,-24.7661,3.8814,-24.620,-7.613,10.3720,63.8,43.38,,,,,THU,1,goc=-30;cu_ly=25;lan=1,1
15.0316,1790254734.969806,0.0205,0,,,0.000,,,28.2822,36.9690,-17.7725,13.1110,0.0000,-13.0000,,,,CHO,24.0968,-17.5762,19.1619,-21.4683,-24.0968,4.5762,-32.805,0.571,10.3720,0.0,,,,,,THU,1,goc=-30;cu_ly=25;lan=1,1
15.0517,1790254734.989871,0.0201,0,,,0.000,,,28.2822,36.9690,-17.7725,13.1110,0.0000,-13.0000,,,,CHO,23.3904,-18.2942,18.3399,-21.2949,-23.3904,5.2942,-40.853,8.619,10.3720,0.0,,,,,,THU,1,goc=-30;cu_ly=25;lan=1,1
15.0718,1790254735.009933,0.0200,0,,,0.000,,,28.2822,36.9690,-17.7725,13.1110,0.0000,-13.0000,,,,CHO,22.7019,-18.9851,17.3603,-20.9614,-22.7019,5.9851,-48.871,16.637,10.3720,0.0,,,,,,THU,1,goc=-30;cu_ly=25;lan=1,1
15.0918,1790254735.029980,0.0200,0,,,0.000,,,28.2822,36.9690,-17.7725,13.1110,0.0000,-13.0000,,,,CHO,22.0735,-19.6093,16.2222,-20.4683,-22.0735,6.6093,-56.875,24.642,10.3720,0.0,,,,,,THU,1,goc=-30;cu_ly=25;lan=1,1
15.1118,1790254735.050018,0.0200,0,,,0.000,,,28.2822,36.9690,-17.7725,13.1110,0.0000,-13.0000,,,,CHO,21.5357,-20.1386,14.9215,-19.8137,-21.5357,7.1386,-64.893,32.659,10.3720,0.0,,,,,,THU,1,goc=-30;cu_ly=25;lan=1,1
15.1319,1790254735.070096,0.0201,0,,,0.000,,,28.2822,36.9690,-17.7725,13.1110,0.0000,-13.0000,,,,CHO,21.0096,-20.5531,13.4538,-18.9946,-21.0096,7.5531,-72.941,40.708,10.3720,0.0,,,,,,THU,1,goc=-30;cu_ly=25;lan=1,1
15.1530,1790254735.091123,0.0210,0,,,0.000,,,28.2822,36.9690,-17.7725,13.1110,0.0000,-13.0000,,,,CHO,20.4211,-20.8446,11.7429,-18.1002,-20.4211,7.8446,-81.354,42.530,10.3720,0.0,,,,,,THU,1,goc=-30;cu_ly=25;lan=1,1
15.1730,1790254735.111665,0.0200,0,,,0.000,,,28.2822,36.9690,-17.7725,13.1110,0.0000,-13.0000,,,,CHO,19.7798,-20.9834,9.9516,-17.2444,-19.7798,7.9834,-89.371,42.699,10.3720,0.0,,,,,,THU,1,goc=-30;cu_ly=25;lan=1,1
15.1931,1790254735.131237,0.0201,0,,,0.000,,,28.2822,36.9690,-17.7725,13.1110,0.0000,-13.0000,,,,CHO,19.0339,-20.9766,8.1329,-16.4017,-19.0339,7.9766,-90.677,42.010,10.3720,0.0,,,,,,THU,1,goc=-30;cu_ly=25;lan=1,1
15.2132,1790254735.151322,0.0201,0,,,0.000,,,28.2822,36.9690,-17.7725,13.1110,0.0000,-13.0000,,,,CHO,18.1643,-20.8194,6.4028,-15.5866,-18.1643,7.8194,-85.869,40.459,10.3720,0.0,,,,,,THU,1,goc=-30;cu_ly=25;lan=1,1
15.2338,1790254735.171954,0.0206,0,,,0.000,,,28.2822,36.9690,-17.7725,13.1110,0.0000,-13.0000,,,,CHO,17.1452,-20.5034,4.7491,-14.8027,-17.1452,7.5034,-80.193,38.014,10.3720,0.0,,,,,,THU,1,goc=-30;cu_ly=25;lan=1,1
15.2545,1790254735.192643,0.0207,0,,,0.000,,,28.2822,36.9690,-17.7725,13.1110,0.0000,-13.0000,,,,CHO,15.9824,-20.0281,3.2242,-14.0846,-15.9824,7.0281,-73.693,34.704,10.3720,0.0,,,,,,THU,1,goc=-30;cu_ly=25;lan=1,1
15.2754,1790254735.213428,0.0209,0,,,0.000,,,28.2822,36.9690,-17.7725,13.1110,0.0000,-13.0000,,,,CHO,14.6379,-19.4167,1.8416,-13.4428,-14.6379,6.4167,-66.151,30.704,10.3720,0.0,,,,,,THU,1,goc=-30;cu_ly=25;lan=1,1
15.2959,1790254735.234079,0.0204,0,,,0.000,,,28.2822,36.9690,-17.7725,13.1110,0.0000,-13.0000,,,,CHO,13.1739,-18.7380,0.6563,-12.9018,-13.1739,5.7380,-57.973,26.466,10.3720,0.0,,,,,,THU,1,goc=-30;cu_ly=25;lan=1,1
15.3161,1790254735.254108,0.0202,0,,,0.000,,,28.2822,36.9690,-17.7725,13.1110,0.0000,-13.0000,,,,CHO,11.6127,-18.0145,-0.3510,-12.4553,-11.6127,5.0145,-49.898,22.116,10.3720,0.0,,,,,,THU,1,goc=-30;cu_ly=25;lan=1,1
15.3361,1790254735.274237,0.0200,0,,,0.000,,,28.2822,36.9690,-17.7725,13.1110,0.0000,-13.0000,,,,CHO,10.0086,-17.2670,-1.1896,-12.0996,-10.0086,4.2670,-41.890,17.767,10.3720,0.0,,,,,,THU,1,goc=-30;cu_ly=25;lan=1,1
15.3569,1790254735.294909,0.0208,0,,,0.000,,,28.2822,36.9690,-17.7725,13.1110,0.0000,-13.0000,,,,CHO,8.3459,-16.4879,-1.8879,-11.8212,-8.3459,3.4879,-33.569,13.385,10.3720,0.0,,,,,,THU,1,goc=-30;cu_ly=25;lan=1,1
15.3773,1790254735.315527,0.0205,0,,,0.000,,,28.2822,36.9690,-17.7725,13.1110,0.0000,-13.0000,,,,CHO,6.7445,-15.7364,-2.4075,-11.6311,-6.7445,2.7364,-25.381,9.286,10.3720,0.0,,,,,,THU,1,goc=-30;cu_ly=25;lan=1,1
15.3979,1790254735.336014,0.0205,0,,,0.000,,,28.2822,36.9690,-17.7725,13.1110,0.0000,-13.0000,,,,CHO,5.2078,-15.0176,-2.7601,-11.5183,-5.2078,2.0176,-17.164,5.491,10.3720,0.0,,,,,,THU,1,goc=-30;cu_ly=25;lan=1,1
15.4182,1790254735.356333,0.0203,0,,,0.000,,,28.2822,36.9690,-17.7725,13.1110,0.0000,-13.0000,,,,CHO,3.7931,-14.3599,-2.9437,-11.4748,-3.7931,1.3599,-9.046,2.141,10.3720,0.0,,,,,,THU,1,goc=-30;cu_ly=25;lan=1,1
15.4383,1790254735.376501,0.0201,0,,,0.000,,,28.2822,36.9690,-17.7725,13.1110,0.0000,-13.0000,,,,CHO,2.5140,-13.7720,-2.9880,-11.5672,-2.5140,0.0000,-2.203,-4.596,10.3720,0.0,,,,,,THU,1,goc=-30;cu_ly=25;lan=1,1
15.4586,1790254735.396768,0.0203,0,,,0.000,,,28.2822,36.9690,-17.7725,13.1110,0.0000,-13.0000,,,,CHO,1.3612,-13.2515,-2.9244,-11.6570,-1.3612,0.0000,3.125,-4.419,10.3720,0.0,,,,,,THU,1,goc=-30;cu_ly=25;lan=1,1
15.4789,1790254735.416993,0.0203,0,,,0.000,,,28.2822,36.9690,-17.7725,13.1110,0.0000,-13.0000,,,,CHO,0.3523,-12.8073,-2.7348,-11.7412,0.0000,0.0000,9.357,-4.155,10.3720,0.0,,,,,,THU,1,goc=-30;cu_ly=25;lan=1,1
15.4989,1790254735.437160,0.0201,0,,,0.000,,,28.2822,36.9690,-17.7725,13.1110,0.0000,-13.0000,,,,CHO,-0.4990,-12.4445,-2.5609,-11.8179,0.0000,0.0000,8.664,-3.821,10.3720,0.0,,,,,,THU,1,goc=-30;cu_ly=25;lan=1,1
15.5195,1790254735.457616,0.0205,0,,,0.000,,,28.2822,36.9690,-17.7725,13.1110,0.0000,-13.0000,,,,CHO,-1.2069,-12.1545,-2.2762,-11.8881,1.2069,0.0000,13.878,-3.421,10.3720,0.0,,,,,,THU,1,goc=-30;cu_ly=25;lan=1,1
15.5404,1790254735.478901,0.0209,0,,,0.000,,,28.2822,36.9690,-17.7725,13.1110,0.0000,-13.0000,,,,CHO,-1.7581,-11.9388,-1.9477,-12.0613,1.7581,-1.0612,15.704,-8.279,10.3720,0.0,,,,,,THU,1,goc=-30;cu_ly=25;lan=1,1
15.5606,1790254735.498748,0.0202,0,,,0.000,,,28.2822,36.9690,-17.7725,13.1110,0.0000,-13.0000,,,,CHO,-2.1258,-11.7949,-1.6126,-12.2344,2.1258,-1.2051,16.568,-8.555,10.3720,0.0,,,,,,THU,1,goc=-30;cu_ly=25;lan=1,1
15.5808,1790254735.518954,0.0202,0,,,0.000,,,28.2822,36.9690,-17.7725,13.1110,0.0000,-13.0000,,,,CHO,-2.3730,-11.7522,-1.2725,-12.4010,2.3730,-1.2478,16.851,-8.254,10.3720,0.0,,,,,,THU,1,goc=-30;cu_ly=25;lan=1,1
15.6010,1790254735.539084,0.0202,0,,,0.000,,,28.2822,36.9690,-17.7725,13.1110,0.0000,-13.0000,,,,CHO,-2.4850,-11.7488,-0.9408,-12.5585,2.4850,-1.2512,16.446,-7.809,10.3720,0.0,,,,,,THU,1,goc=-30;cu_ly=25;lan=1,1
15.6211,1790254735.559120,0.0202,0,,,0.000,,,28.2822,36.9690,-17.7725,13.1110,0.0000,-13.0000,,,,CHO,-2.5085,-11.7702,-0.6248,-12.7058,2.5085,-1.2298,15.671,-7.305,10.3720,0.0,,,,,,THU,1,goc=-30;cu_ly=25;lan=1,1
15.6413,1790254735.579554,0.0202,0,,,0.000,,,28.2822,36.9690,-17.7725,13.1110,0.0000,-13.0000,,,,CHO,-2.4365,-11.8068,-0.3324,-12.8431,2.4365,-1.1932,14.458,-6.790,10.3720,0.0,,,,,,THU,1,goc=-30;cu_ly=25;lan=1,1
15.6620,1790254735.600466,0.0206,0,,,0.000,,,28.2822,36.9690,-17.7725,13.1110,0.0000,-13.0000,,,,CHO,-2.2828,-11.8868,-0.0665,-12.9681,2.2828,-1.1132,12.888,-6.057,10.3720,0.0,,,,,,THU,1,goc=-30;cu_ly=25;lan=1,1
15.6826,1790254735.620824,0.0206,0,,,0.000,,,28.2822,36.9690,-17.7725,13.1110,0.0000,-13.0000,,,,CHO,-2.0722,-11.9960,0.1630,-13.0755,2.0722,-1.0040,11.124,-5.207,10.3720,0.0,,,,,,THU,1,goc=-30;cu_ly=25;lan=1,1
15.7029,1790254735.640918,0.0203,0,,,0.000,,,28.2822,36.9690,-17.7725,13.1110,0.0000,-13.0000,,,,CHO,-1.8235,-12.1219,0.3513,-13.0740,1.8235,0.0000,9.274,0.073,10.3720,0.0,,,,,,THU,1,goc=-30;cu_ly=25;lan=1,1
15.7234,1790254735.661615,0.0205,0,,,0.000,,,28.2822,36.9690,-17.7725,13.1110,0.0000,-13.0000,,,,CHO,-1.5474,-12.2585,0.5025,-13.0680,1.5474,0.0000,7.382,0.291,10.3720,0.0,,,,,,THU,1,goc=-30;cu_ly=25;lan=1,1
15.7436,1790254735.681762,0.0202,0,,,0.000,,,28.2822,36.9690,-17.7725,13.1110,0.0000,-13.0000,,,,CHO,-1.2616,-12.3970,0.6144,-13.0587,1.2616,0.0000,5.542,0.463,10.3720,0.0,,,,,,THU,1,goc=-30;cu_ly=25;lan=1,1
15.7639,1790254735.701941,0.0203,0,,,0.000,,,28.2822,36.9690,-17.7725,13.1110,0.0000,-13.0000,,,,CHO,-0.9729,-12.5356,0.5924,-13.0466,0.0000,0.0000,-1.086,0.594,10.3720,0.0,,,,,,THU,1,goc=-30;cu_ly=25;lan=1,1
15.7846,1790254735.722601,0.0207,0,,,0.000,,,28.2822,36.9690,-17.7725,13.1110,0.0000,-13.0000,,,,CHO,-0.6875,-12.6718,0.5651,-13.0324,0.0000,0.0000,-1.319,0.687,10.3720,0.0,,,,,,THU,1,goc=-30;cu_ly=25;lan=1,1
15.8049,1790254735.743041,0.0203,0,,,0.000,,,28.2822,36.9690,-17.7725,13.1110,0.0000,-13.0000,,,,CHO,-0.4230,-12.7973,0.5353,-13.0173,0.0000,0.0000,-1.467,0.743,10.3720,0.0,,,,,,THU,1,goc=-30;cu_ly=25;lan=1,1
15.8253,1790254735.763516,0.0204,0,,,0.000,,,28.2822,36.9690,-17.7725,13.1110,0.0000,-13.0000,,,,CHO,-0.1813,-12.8837,0.5039,-13.0027,0.0000,0.0000,-1.539,0.718,10.3720,0.0,,,,,,THU,1,goc=-30;cu_ly=25;lan=1,1
15.8456,1790254735.783809,0.0203,0,,,0.000,,,28.2822,36.9690,-17.7725,13.1110,0.0000,-13.0000,,,,CHO,0.0312,-12.9410,0.4725,-12.9895,0.0000,0.0000,-1.547,0.649,10.3720,0.0,,,,,,THU,1,goc=-30;cu_ly=25;lan=1,1
15.8657,1790254735.803932,0.0201,0,,,0.000,,,28.2822,36.9690,-17.7725,13.1110,0.0000,-13.0000,,,,CHO,0.2115,-12.9774,0.4423,-12.9782,0.0000,0.0000,-1.499,0.561,10.3720,0.0,,,,,,THU,1,goc=-30;cu_ly=25;lan=1,1
15.8864,1790254735.824502,0.0207,0,,,0.000,,,28.2822,36.9690,-17.7725,13.1110,0.0000,-13.0000,,,,CHO,0.3383,-13.0029,0.4142,-12.9684,0.0000,0.0000,-1.362,0.472,10.3720,0.0,,,,,,THU,1,goc=-30;cu_ly=25;lan=1,1
15.9066,1790254735.844753,0.0202,0,,,0.000,,,28.2822,36.9690,-17.7725,13.1110,0.0000,-13.0000,,,,CHO,0.4239,-13.0202,0.3900,-12.9605,0.0000,0.0000,-1.193,0.392,10.3720,0.0,,,,,,THU,1,goc=-30;cu_ly=25;lan=1,1
15.9269,1790254735.865127,0.0203,0,,,0.000,,,28.2822,36.9690,-17.7725,13.1110,0.0000,-13.0000,,,,CHO,0.4831,-13.0322,0.3694,-12.9540,0.0000,0.0000,-1.017,0.321,10.3720,0.0,,,,,,THU,1,goc=-30;cu_ly=25;lan=1,1
15.9470,1790254735.885067,0.0201,0,,,0.000,,,28.2822,36.9690,-17.7725,13.1110,0.0000,-13.0000,,,,CHO,0.4895,-13.0231,0.3535,-12.9493,0.0000,0.0000,-0.793,0.231,10.3720,0.0,,,,,,THU,1,goc=-30;cu_ly=25;lan=1,1
15.9673,1790254735.905444,0.0203,0,,,0.000,,,28.2822,36.9690,-17.7725,13.1110,0.0000,-13.0000,,,,CHO,0.4940,-13.0167,0.3410,-12.9460,0.0000,0.0000,-0.615,0.166,10.3720,0.0,,,,,,THU,1,goc=-30;cu_ly=25;lan=1,1
15.9879,1790254735.926028,0.0207,0,,,0.000,,,28.2822,36.9690,-17.7725,13.1110,0.0000,-13.0000,,,,CHO,0.4971,-13.0123,0.3312,-12.9435,0.0000,0.0000,-0.475,0.119,10.3720,0.0,,,,,,THU,1,goc=-30;cu_ly=25;lan=1,1
16.0083,1790254735.946527,0.0204,0,,,0.000,,,28.2822,36.9690,-17.7725,13.1110,0.0000,-13.0000,,,,CHO,0.4992,-13.0093,0.3237,-12.9417,0.0000,0.0000,-0.367,0.086,10.3720,0.0,,,,,,THU,1,goc=-30;cu_ly=25;lan=1,1
16.0290,1790254735.967153,0.0206,0,,,0.000,,,28.2822,36.9690,-17.7725,13.1110,0.0000,-13.0000,,,,CHO,0.4649,-12.9940,0.3191,-12.9409,0.0000,0.0000,-0.222,0.040,10.3720,0.0,,,,,,THU,1,goc=-30;cu_ly=25;lan=1,1
16.0497,1790254735.987836,0.0207,0,,,0.000,,,28.2822,36.9690,-17.7725,13.1110,0.0000,-13.0000,,,,CHO,0.4413,-12.9834,0.3164,-12.9407,0.0000,0.0000,-0.129,0.012,10.3720,0.0,,,,,,THU,1,goc=-30;cu_ly=25;lan=1,1
16.0703,1790254736.008373,0.0206,0,,,0.000,,,28.2822,36.9690,-17.7725,13.1110,0.0000,-13.0000,,,,CHO,0.4252,-12.9762,0.3150,-12.9407,0.0000,0.0000,-0.071,-0.003,10.3720,0.0,,,,,,THU,1,goc=-30;cu_ly=25;lan=1,1
16.0911,1790254736.029163,0.0209,0,,,0.000,,,28.2822,36.9690,-17.7725,13.1110,0.0000,-13.0000,,,,CHO,0.4141,-12.9712,0.3143,-12.9410,0.0000,0.0000,-0.035,-0.011,10.3720,0.0,,,,,,THU,1,goc=-30;cu_ly=25;lan=1,1
16.1111,1790254736.049326,0.0200,0,,,0.000,,,28.2822,36.9690,-17.7725,13.1110,0.0000,-13.0000,,,,CHO,0.4067,-12.9679,0.3140,-12.9413,0.0000,0.0000,-0.014,-0.014,10.3720,0.0,,,,,,THU,1,goc=-30;cu_ly=25;lan=1,1
16.1313,1790254736.069446,0.0201,0,,,0.000,,,28.2822,36.9690,-17.7725,13.1110,0.0000,-13.0000,,,,CHO,0.4015,-12.9656,0.3140,-12.9416,0.0000,0.0000,-0.002,-0.015,10.3720,0.0,,,,,,THU,1,goc=-30;cu_ly=25;lan=1,1
16.1513,1790254736.089399,0.0201,0,,,0.000,,,28.2822,36.9690,-17.7725,13.1110,0.0000,-13.0000,,,,CHO,0.3980,-12.9641,0.3141,-12.9418,0.0000,0.0000,0.005,-0.014,10.3720,0.0,,,,,,THU,1,goc=-30;cu_ly=25;lan=1,1
16.1719,1790254736.110043,0.0205,0,,,0.000,,,28.2822,36.9690,-17.7725,13.1110,0.0000,-13.0000,,,,CHO,0.3955,-12.9630,0.3142,-12.9421,0.0000,0.0000,0.008,-0.013,10.3720,0.0,,,,,,THU,1,goc=-30;cu_ly=25;lan=1,1
16.1919,1790254736.130035,0.0201,0,,,0.000,,,28.2822,36.9690,-17.7725,13.1110,0.0000,-13.0000,,,,CHO,0.3938,-12.9622,0.3144,-12.9423,0.0000,0.0000,0.009,-0.011,10.3720,0.0,,,,,,THU,1,goc=-30;cu_ly=25;lan=1,1
16.2125,1790254736.150636,0.0205,0,,,0.000,,,28.2822,36.9690,-17.7725,13.1110,0.0000,-13.0000,,,,CHO,0.3926,-12.9617,0.3146,-12.9425,0.0000,0.0000,0.009,-0.009,10.3720,0.0,,,,,,THU,1,goc=-30;cu_ly=25;lan=1,1
16.2326,1790254736.170838,0.0202,0,,,0.000,,,28.2822,36.9690,-17.7725,13.1110,0.0000,-13.0000,,,,CHO,0.3918,-12.9613,0.3147,-12.9427,0.0000,0.0000,0.008,-0.008,10.3720,0.0,,,,,,THU,1,goc=-30;cu_ly=25;lan=1,1
16.2533,1790254736.191500,0.0207,0,,,0.000,,,28.2822,36.9690,-17.7725,13.1110,0.0000,-13.0000,,,,CHO,0.3913,-12.9611,0.3149,-12.9428,0.0000,0.0000,0.007,-0.006,10.3720,0.0,,,,,,THU,1,goc=-30;cu_ly=25;lan=1,1
16.2734,1790254736.211562,0.0201,0,,,0.000,,,28.2822,36.9690,-17.7725,13.1110,0.0000,-13.0000,,,,CHO,0.3909,-12.9609,0.3150,-12.9429,0.0000,0.0000,0.006,-0.005,10.3720,0.0,,,,,,THU,1,goc=-30;cu_ly=25;lan=1,1
16.2936,1790254736.231691,0.0202,0,,,0.000,,,28.2822,36.9690,-17.7725,13.1110,0.0000,-13.0000,,,,CHO,0.3906,-12.9608,0.3151,-12.9430,0.0000,0.0000,0.005,-0.004,10.3720,0.0,,,,,,THU,1,goc=-30;cu_ly=25;lan=1,1
16.3142,1790254736.252362,0.0206,0,,,0.000,,,28.2822,36.9690,-17.7725,13.1110,0.0000,-13.0000,,,,CHO,0.3904,-12.9607,0.3152,-12.9431,0.0000,0.0000,0.004,-0.003,10.3720,0.0,,,,,,THU,1,goc=-30;cu_ly=25;lan=1,1
16.3346,1790254736.272667,0.0204,0,,,0.000,,,28.2822,36.9690,-17.7725,13.1110,0.0000,-13.0000,,,,CHO,0.3903,-12.9606,0.3153,-12.9431,0.0000,0.0000,0.004,-0.003,10.3720,0.0,,,,,,THU,1,goc=-30;cu_ly=25;lan=1,1
16.3546,1790254736.292810,0.0201,0,,,0.000,,,28.2822,36.9690,-17.7725,13.1110,0.0000,-13.0000,,,,CHO,0.3902,-12.9606,0.3153,-12.9432,0.0000,0.0000,0.003,-0.002,10.3720,0.0,,,,,,THU,1,goc=-30;cu_ly=25;lan=1,1
16.3750,1790254736.313213,0.0204,0,,,0.000,,,28.2822,36.9690,-17.7725,13.1110,0.0000,-13.0000,,,,CHO,0.3902,-12.9606,0.3154,-12.9432,0.0000,0.0000,0.002,-0.002,10.3720,0.0,,,,,,THU,1,goc=-30;cu_ly=25;lan=1,1
16.3953,1790254736.333495,0.0203,0,,,0.000,,,28.2822,36.9690,-17.7725,13.1110,0.0000,-13.0000,,,,CHO,0.3901,-12.9606,0.3154,-12.9432,0.0000,0.0000,0.002,-0.001,10.3720,0.0,,,,,,THU,1,goc=-30;cu_ly=25;lan=1,1
16.4154,1790254736.353480,0.0201,0,,,0.000,,,28.2822,36.9690,-17.7725,13.1110,0.0000,-13.0000,,,,CHO,0.3901,-12.9605,0.3155,-12.9432,0.0000,0.0000,0.001,-0.001,10.3720,0.0,,,,,,THU,1,goc=-30;cu_ly=25;lan=1,1
16.4357,1790254736.373898,0.0203,0,,,0.000,,,28.2822,36.9690,-17.7725,13.1110,0.0000,-13.0000,,,,CHO,0.3901,-12.9605,0.3155,-12.9433,0.0000,0.0000,0.001,-0.001,10.3720,0.0,,,,,,THU,1,goc=-30;cu_ly=25;lan=1,1
16.4558,1790254736.393987,0.0201,0,,,0.000,,,28.2822,36.9690,-17.7725,13.1110,0.0000,-13.0000,,,,CHO,0.3901,-12.9605,0.3155,-12.9433,0.0000,0.0000,0.001,-0.001,10.3720,0.0,,,,,,THU,1,goc=-30;cu_ly=25;lan=1,1
16.4762,1790254736.414408,0.0204,0,,,0.000,,,28.2822,36.9690,-17.7725,13.1110,0.0000,-13.0000,,,,CHO,0.3900,-12.9605,0.3155,-12.9433,0.0000,0.0000,0.001,-0.000,10.3720,0.0,,,,,,THU,1,goc=-30;cu_ly=25;lan=1,1
16.4972,1790254736.435278,0.0210,0,,,0.000,,,28.2822,36.9690,-17.7725,13.1110,0.0000,-13.0000,,,,CHO,0.3900,-12.9605,0.3155,-12.9433,0.0000,0.0000,0.001,-0.000,10.3720,0.0,,,,,,THU,1,goc=-30;cu_ly=25;lan=1,1
16.5174,1790254736.455595,0.0202,0,,,0.000,,,28.2822,36.9690,-17.7725,13.1110,0.0000,-13.0000,,,,CHO,0.3900,-12.9605,0.3155,-12.9433,0.0000,0.0000,0.000,-0.000,10.3720,0.0,,,,,,THU,1,goc=-30;cu_ly=25;lan=1,1
16.5376,1790254736.475734,0.0202,0,,,0.000,,,28.2822,36.9690,-17.7725,13.1110,0.0000,-13.0000,,,,CHO,0.3900,-12.9605,0.3155,-12.9433,0.0000,0.0000,0.000,-0.000,10.3720,0.0,,,,,,THU,1,goc=-30;cu_ly=25;lan=1,1
16.5580,1790254736.496223,0.0205,0,,,0.000,,,28.2822,36.9690,-17.7725,13.1110,0.0000,-13.0000,,,,CHO,0.3900,-12.9605,0.3155,-12.9433,0.0000,0.0000,0.000,-0.000,10.3720,0.0,,,,,,THU,1,goc=-30;cu_ly=25;lan=1,1
16.5781,1790254736.516251,0.0201,0,,,0.000,,,28.2822,36.9690,-17.7725,13.1110,0.0000,-13.0000,,,,CHO,0.3900,-12.9605,0.3155,-12.9433,0.0000,0.0000,0.000,-0.000,10.3720,0.0,,,,,,THU,1,goc=-30;cu_ly=25;lan=1,1
16.5984,1790254736.536572,0.0203,0,,,0.000,,,28.2822,36.9690,-17.7725,13.1110,0.0000,-13.0000,,,,CHO,0.3900,-12.9605,0.3156,-12.9433,0.0000,0.0000,0.000,-0.000,10.3720,0.0,,,,,,THU,1,goc=-30;cu_ly=25;lan=1,1
16.6188,1790254736.556915,0.0204,0,,,0.000,,,28.2822,36.9690,-17.7725,13.1110,0.0000,-13.0000,,,,CHO,0.3900,-12.9605,0.3156,-12.9433,0.0000,0.0000,0.000,-0.000,10.3720,0.0,,,,,,THU,1,goc=-30;cu_ly=25;lan=1,1
16.6392,1790254736.577333,0.0204,0,,,0.000,,,28.2822,36.9690,-17.7725,13.1110,0.0000,-13.0000,,,,CHO,0.3900,-12.9605,0.3156,-12.9433,0.0000,0.0000,0.000,-0.000,10.3720,0.0,,,,,,THU,1,goc=-30;cu_ly=25;lan=1,1
16.6597,1790254736.597932,0.0205,0,,,0.000,,,28.2822,36.9690,-17.7725,13.1110,0.0000,-13.0000,,,,CHO,0.3900,-12.9605,0.3156,-12.9433,0.0000,0.0000,0.000,-0.000,10.3720,0.0,,,,,,THU,1,goc=-30;cu_ly=25;lan=1,1
16.6802,1790254736.618393,0.0205,0,,,0.000,,,28.2822,36.9690,-17.7725,13.1110,0.0000,-13.0000,,,,CHO,0.3900,-12.9605,0.3156,-12.9433,0.0000,0.0000,0.000,-0.000,10.3720,0.0,,,,,,THU,1,goc=-30;cu_ly=25;lan=1,1
16.7008,1790254736.638903,0.0206,0,,,0.000,,,28.2822,36.9690,-17.7725,13.1110,0.0000,-13.0000,,,,CHO,0.3900,-12.9605,0.3156,-12.9433,0.0000,0.0000,0.000,-0.000,10.3720,0.0,,,,,,THU,1,goc=-30;cu_ly=25;lan=1,1
16.7213,1790254736.659523,0.0205,0,,,0.000,,,28.2822,36.9690,-17.7725,13.1110,0.0000,-13.0000,,,,CHO,0.3900,-12.9605,0.3156,-12.9433,0.0000,0.0000,0.000,-0.000,10.3720,0.0,,,,,,THU,1,goc=-30;cu_ly=25;lan=1,1
16.7418,1790254736.679932,0.0205,0,,,0.000,,,28.2822,36.9690,-17.7725,13.1110,0.0000,-13.0000,,,,CHO,0.3900,-12.9605,0.3156,-12.9433,0.0000,0.0000,0.000,-0.000,10.3720,0.0,,,,,,THU,1,goc=-30;cu_ly=25;lan=1,1
16.7619,1790254736.700039,0.0202,0,,,0.000,,,28.2822,36.9690,-17.7725,13.1110,0.0000,-13.0000,,,,CHO,0.3900,-12.9605,0.3156,-12.9433,0.0000,0.0000,0.000,-0.000,10.3720,0.0,,,,,,THU,1,goc=-30;cu_ly=25;lan=1,1
16.7822,1790254736.720464,0.0203,0,,,0.000,,,28.2822,36.9690,-17.7725,13.1110,0.0000,-13.0000,,,,CHO,0.3900,-12.9605,0.3156,-12.9433,0.0000,0.0000,0.000,-0.000,10.3720,0.0,,,,,,THU,1,goc=-30;cu_ly=25;lan=1,1
16.8027,1790254736.740848,0.0204,0,,,0.000,,,28.2822,36.9690,-17.7725,13.1110,0.0000,-13.0000,,,,CHO,0.3900,-12.9605,0.3156,-12.9433,0.0000,0.0000,0.000,-0.000,10.3720,0.0,,,,,,THU,1,goc=-30;cu_ly=25;lan=1,1
16.8228,1790254736.761058,0.0201,0,,,0.000,,,28.2822,36.9690,-17.7725,13.1110,0.0000,-13.0000,,,,CHO,0.3900,-12.9605,0.3156,-12.9433,0.0000,0.0000,0.000,-0.000,10.3720,0.0,,,,,,THU,1,goc=-30;cu_ly=25;lan=1,1
16.8432,1790254736.781387,0.0204,0,,,0.000,,,28.2822,36.9690,-17.7725,13.1110,0.0000,-13.0000,,,,CHO,0.3900,-12.9605,0.3156,-12.9433,0.0000,0.0000,0.000,-0.000,10.3720,0.0,,,,,,THU,1,goc=-30;cu_ly=25;lan=1,1
16.8638,1790254736.802027,0.0206,0,,,0.000,,,28.2822,36.9690,-17.7725,13.1110,0.0000,-13.0000,,,,CHO,0.3900,-12.9605,0.3156,-12.9433,0.0000,0.0000,0.000,-0.000,10.3720,0.0,,,,,,THU,1,goc=-30;cu_ly=25;lan=1,1
16.8842,1790254736.822442,0.0204,0,,,0.000,,,28.2822,36.9690,-17.7725,13.1110,0.0000,-13.0000,,,,CHO,0.3900,-12.9605,0.3156,-12.9433,0.0000,0.0000,0.000,-0.000,10.3720,0.0,,,,,,THU,1,goc=-30;cu_ly=25;lan=1,1
16.9046,1790254736.842572,0.0204,0,,,0.000,,,28.2822,36.9690,-17.7725,13.1110,0.0000,-13.0000,,,,CHO,0.3900,-12.9605,0.3156,-12.9433,0.0000,0.0000,0.000,-0.000,10.3720,0.0,,,,,,THU,1,goc=-30;cu_ly=25;lan=1,1
16.9246,1790254736.862846,0.0200,0,,,0.000,,,28.2822,36.9690,-17.7725,13.1110,0.0000,-13.0000,,,,CHO,0.3900,-12.9605,0.3156,-12.9433,0.0000,0.0000,0.000,-0.000,10.3720,0.0,,,,,,THU,1,goc=-30;cu_ly=25;lan=1,1
16.9450,1790254736.883207,0.0203,0,,,0.000,,,28.2822,36.9690,-17.7725,13.1110,0.0000,-13.0000,,,,CHO,0.3900,-12.9605,0.3156,-12.9433,0.0000,0.0000,0.000,-0.000,10.3720,0.0,,,,,,THU,1,goc=-30;cu_ly=25;lan=1,1
16.9651,1790254736.903239,0.0202,0,,,0.000,,,28.2822,36.9690,-17.7725,13.1110,0.0000,-13.0000,,,,CHO,0.3900,-12.9605,0.3156,-12.9433,0.0000,0.0000,0.000,-0.000,10.3720,0.0,,,,,,THU,1,goc=-30;cu_ly=25;lan=1,1
16.9854,1790254736.923551,0.0202,0,,,0.000,,,28.2822,36.9690,-17.7725,13.1110,0.0000,-13.0000,,,,CHO,0.3900,-12.9605,0.3156,-12.9433,0.0000,0.0000,0.000,-0.000,10.3720,0.0,,,,,,THU,1,goc=-30;cu_ly=25;lan=1,1
17.0058,1790254736.944007,0.0205,0,,,0.000,,,28.2822,36.9690,-17.7725,13.1110,0.0000,-13.0000,,,,CHO,0.3900,-12.9605,0.3156,-12.9433,0.0000,0.0000,0.000,-0.000,10.3720,0.0,,,,,,THU,1,goc=-30;cu_ly=25;lan=1,1
17.0263,1790254736.964382,0.0204,0,,,0.000,,,28.2822,36.9690,-17.7725,13.1110,0.0000,-13.0000,,,,CHO,0.3900,-12.9605,0.3156,-12.9433,0.0000,0.0000,0.000,-0.000,10.3720,0.0,,,,,,THU,1,goc=-30;cu_ly=25;lan=1,1
17.0464,1790254736.984525,0.0201,0,,,0.000,,,28.2822,36.9690,-17.7725,13.1110,0.0000,-13.0000,,,,CHO,0.3900,-12.9605,0.3156,-12.9433,0.0000,0.0000,0.000,-0.000,10.3720,0.0,,,,,,THU,1,goc=-30;cu_ly=25;lan=1,1
17.0669,1790254737.005023,0.0205,0,,,0.000,,,28.2822,36.9690,-17.7725,13.1110,0.0000,-13.0000,,,,CHO,0.3900,-12.9605,0.3156,-12.9433,0.0000,0.0000,0.000,-0.000,10.3720,0.0,,,,,,THU,1,goc=-30;cu_ly=25;lan=1,1
17.0874,1790254737.025609,0.0205,0,,,0.000,,,28.2822,36.9690,-17.7725,13.1110,0.0000,-13.0000,,,,CHO,0.3900,-12.9605,0.3156,-12.9433,0.0000,0.0000,0.000,-0.000,10.3720,0.0,,,,,,THU,1,goc=-30;cu_ly=25;lan=1,1
17.1075,1790254737.045685,0.0201,0,,,0.000,,,28.2822,36.9690,-17.7725,13.1110,0.0000,-13.0000,,,,CHO,0.3900,-12.9605,0.3156,-12.9433,0.0000,0.0000,0.000,-0.000,10.3720,0.0,,,,,,THU,1,goc=-30;cu_ly=25;lan=1,1
17.1278,1790254737.066009,0.0203,0,,,0.000,,,28.2822,36.9690,-17.7725,13.1110,0.0000,-13.0000,,,,CHO,0.3900,-12.9605,0.3156,-12.9433,0.0000,0.0000,0.000,-0.000,10.3720,0.0,,,,,,THU,1,goc=-30;cu_ly=25;lan=1,1
17.1484,1790254737.086512,0.0206,0,,,0.000,,,28.2822,36.9690,-17.7725,13.1110,0.0000,-13.0000,,,,CHO,0.3900,-12.9605,0.3156,-12.9433,0.0000,0.0000,0.000,-0.000,10.3720,0.0,,,,,,THU,1,goc=-30;cu_ly=25;lan=1,1
17.1689,1790254737.107124,0.0205,0,,,0.000,,,28.2822,36.9690,-17.7725,13.1110,0.0000,-13.0000,,,,CHO,0.3900,-12.9605,0.3156,-12.9433,0.0000,0.0000,0.000,-0.000,10.3720,0.0,,,,,,THU,1,goc=-30;cu_ly=25;lan=1,1
17.1896,1790254737.127746,0.0207,0,,,0.000,,,28.2822,36.9690,-17.7725,13.1110,0.0000,-13.0000,,,,CHO,0.3900,-12.9605,0.3156,-12.9433,0.0000,0.0000,0.000,-0.000,10.3720,0.0,,,,,,THU,1,goc=-30;cu_ly=25;lan=1,1
17.2096,1790254737.147838,0.0200,0,,,0.000,,,28.2822,36.9690,-17.7725,13.1110,0.0000,-13.0000,,,,CHO,0.3900,-12.9605,0.3156,-12.9433,0.0000,0.0000,0.000,-0.000,10.3720,0.0,,,,,,THU,1,goc=-30;cu_ly=25;lan=1,1
17.2301,1790254737.168308,0.0205,0,,,0.000,,,28.2822,36.9690,-17.7725,13.1110,0.0000,-13.0000,,,,CHO,0.3900,-12.9605,0.3156,-12.9433,0.0000,0.0000,0.000,-0.000,10.3720,0.0,,,,,,THU,1,goc=-30;cu_ly=25;lan=1,1
17.2505,1790254737.188610,0.0203,0,,,0.000,,,28.2822,36.9690,-17.7725,13.1110,0.0000,-13.0000,,,,CHO,0.3900,-12.9605,0.3156,-12.9433,0.0000,0.0000,0.000,-0.000,10.3720,0.0,,,,,,THU,1,goc=-30;cu_ly=25;lan=1,1
17.2710,1790254737.209167,0.0205,0,,,0.000,,,28.2822,36.9690,-17.7725,13.1110,0.0000,-13.0000,,,,CHO,0.3900,-12.9605,0.3156,-12.9433,0.0000,0.0000,0.000,-0.000,10.3720,0.0,,,,,,THU,1,goc=-30;cu_ly=25;lan=1,1
17.2914,1790254737.229648,0.0205,0,,,0.000,,,28.2822,36.9690,-17.7725,13.1110,0.0000,-13.0000,,,,CHO,0.3900,-12.9605,0.3156,-12.9433,0.0000,0.0000,0.000,-0.000,10.3720,0.0,,,,,,THU,1,goc=-30;cu_ly=25;lan=1,1
17.3115,1790254737.249749,0.0201,0,,,0.000,,,28.2822,36.9690,-17.7725,13.1110,0.0000,-13.0000,,,,CHO,0.3900,-12.9605,0.3156,-12.9433,0.0000,0.0000,0.000,-0.000,10.3720,0.0,,,,,,THU,1,goc=-30;cu_ly=25;lan=1,1
17.3321,1790254737.270263,0.0206,0,,,0.000,,,28.2822,36.9690,-17.7725,13.1110,0.0000,-13.0000,,,,CHO,0.3900,-12.9605,0.3156,-12.9433,0.0000,0.0000,0.000,-0.000,10.3720,0.0,,,,,,THU,1,goc=-30;cu_ly=25;lan=1,1
17.3525,1790254737.290688,0.0204,0,,,0.000,,,28.2822,36.9690,-17.7725,13.1110,0.0000,-13.0000,,,,CHO,0.3900,-12.9605,0.3156,-12.9433,0.0000,0.0000,0.000,-0.000,10.3720,0.0,,,,,,THU,1,goc=-30;cu_ly=25;lan=1,1
17.3725,1790254737.310727,0.0201,0,,,0.000,,,28.2822,36.9690,-17.7725,13.1110,0.0000,-13.0000,,,,CHO,0.3900,-12.9605,0.3156,-12.9433,0.0000,0.0000,0.000,-0.000,10.3720,0.0,,,,,,THU,1,goc=-30;cu_ly=25;lan=1,1
17.3930,1790254737.331192,0.0205,0,,,0.000,,,28.2822,36.9690,-17.7725,13.1110,0.0000,-13.0000,,,,CHO,0.3900,-12.9605,0.3156,-12.9433,0.0000,0.0000,0.000,-0.000,10.3720,0.0,,,,,,THU,1,goc=-30;cu_ly=25;lan=1,1
17.4136,1790254737.351762,0.0206,0,,,0.000,,,28.2822,36.9690,-17.7725,13.1110,0.0000,-13.0000,,,,CHO,0.3900,-12.9605,0.3156,-12.9433,0.0000,0.0000,0.000,-0.000,10.3720,0.0,,,,,,THU,1,goc=-30;cu_ly=25;lan=1,1
17.4338,1790254737.371924,0.0202,0,,,0.000,,,28.2822,36.9690,-17.7725,13.1110,0.0000,-13.0000,,,,CHO,0.3900,-12.9605,0.3156,-12.9433,0.0000,0.0000,0.000,-0.000,10.3720,0.0,,,,,,THU,1,goc=-30;cu_ly=25;lan=1,1
17.4541,1790254737.392145,0.0202,0,,,0.000,,,28.2822,36.9690,-17.7725,13.1110,0.0000,-13.0000,,,,CHO,0.3900,-12.9605,0.3156,-12.9433,0.0000,0.0000,0.000,-0.000,10.3720,0.0,,,,,,THU,1,goc=-30;cu_ly=25;lan=1,1
17.4742,1790254737.412431,0.0202,0,,,0.000,,,28.2822,36.9690,-17.7725,13.1110,0.0000,-13.0000,,,,CHO,0.3900,-12.9605,0.3156,-12.9433,0.0000,0.0000,0.000,-0.000,10.3720,0.0,,,,,,THU,1,goc=-30;cu_ly=25;lan=1,1
17.4945,1790254737.432673,0.0202,0,,,0.000,,,28.2822,36.9690,-17.7725,13.1110,0.0000,-13.0000,,,,CHO,0.3900,-12.9605,0.3156,-12.9433,0.0000,0.0000,0.000,-0.000,10.3720,0.0,,,,,,THU,1,goc=-30;cu_ly=25;lan=1,1
17.5152,1790254737.453252,0.0208,0,,,0.000,,,28.2822,36.9690,-17.7725,13.1110,0.0000,-13.0000,,,,CHO,0.3900,-12.9605,0.3156,-12.9433,0.0000,0.0000,0.000,-0.000,10.3720,0.0,,,,,,THU,1,goc=-30;cu_ly=25;lan=1,1
17.5359,1790254737.474020,0.0207,0,,,0.000,,,28.2822,36.9690,-17.7725,13.1110,0.0000,-13.0000,,,,CHO,0.3900,-12.9605,0.3156,-12.9433,0.0000,0.0000,0.000,-0.000,10.3720,0.0,,,,,,THU,1,goc=-30;cu_ly=25;lan=1,1
17.5562,1790254737.494323,0.0203,0,,,0.000,,,28.2822,36.9690,-17.7725,13.1110,0.0000,-13.0000,,,,CHO,0.3900,-12.9605,0.3156,-12.9433,0.0000,0.0000,0.000,-0.000,10.3720,0.0,,,,,,THU,1,goc=-30;cu_ly=25;lan=1,1
17.5763,1790254737.514426,0.0200,0,,,0.000,,,28.2822,36.9690,-17.7725,13.1110,0.0000,-13.0000,,,,CHO,0.3900,-12.9605,0.3156,-12.9433,0.0000,0.0000,0.000,-0.000,10.3720,0.0,,,,,,THU,1,goc=-30;cu_ly=25;lan=1,1
17.5968,1790254737.534857,0.0205,0,,,0.000,,,28.2822,36.9690,-17.7725,13.1110,0.0000,-13.0000,,,,CHO,0.3900,-12.9605,0.3156,-12.9433,0.0000,0.0000,0.000,-0.000,10.3720,0.0,,,,,,THU,1,goc=-30;cu_ly=25;lan=1,1
17.6171,1790254737.555273,0.0203,0,,,0.000,,,28.2822,36.9690,-17.7725,13.1110,0.0000,-13.0000,,,,CHO,0.3900,-12.9605,0.3156,-12.9433,0.0000,0.0000,0.000,-0.000,10.3720,0.0,,,,,,THU,1,goc=-30;cu_ly=25;lan=1,1
17.6375,1790254737.575555,0.0204,0,,,0.000,,,28.2822,36.9690,-17.7725,13.1110,0.0000,-13.0000,,,,CHO,0.3900,-12.9605,0.3156,-12.9433,0.0000,0.0000,0.000,-0.000,10.3720,0.0,,,,,,THU,1,goc=-30;cu_ly=25;lan=1,1
17.6583,1790254737.596404,0.0207,0,,,0.000,,,28.2822,36.9690,-17.7725,13.1110,0.0000,-13.0000,,,,CHO,0.3900,-12.9605,0.3156,-12.9433,0.0000,0.0000,0.000,-0.000,10.3720,0.0,,,,,,THU,1,goc=-30;cu_ly=25;lan=1,1
17.6786,1790254737.616818,0.0203,0,,,0.000,,,28.2822,36.9690,-17.7725,13.1110,0.0000,-13.0000,,,,CHO,0.3900,-12.9605,0.3156,-12.9433,0.0000,0.0000,0.000,-0.000,10.3720,0.0,,,,,,THU,1,goc=-30;cu_ly=25;lan=1,1
17.6991,1790254737.637260,0.0205,0,,,0.000,,,28.2822,36.9690,-17.7725,13.1110,0.0000,-13.0000,,,,CHO,0.3900,-12.9605,0.3156,-12.9433,0.0000,0.0000,0.000,-0.000,10.3720,0.0,,,,,,THU,1,goc=-30;cu_ly=25;lan=1,1
17.7197,1790254737.657903,0.0206,0,,,0.000,,,28.2822,36.9690,-17.7725,13.1110,0.0000,-13.0000,,,,CHO,0.3900,-12.9605,0.3156,-12.9433,0.0000,0.0000,0.000,-0.000,10.3720,0.0,,,,,,THU,1,goc=-30;cu_ly=25;lan=1,1
17.7403,1790254737.678484,0.0206,0,,,0.000,,,28.2822,36.9690,-17.7725,13.1110,0.0000,-13.0000,,,,CHO,0.3900,-12.9605,0.3156,-12.9433,0.0000,0.0000,0.000,-0.000,10.3720,0.0,,,,,,THU,1,goc=-30;cu_ly=25;lan=1,1
17.7604,1790254737.698482,0.0201,0,,,0.000,,,28.2822,36.9690,-17.7725,13.1110,0.0000,-13.0000,,,,CHO,0.3900,-12.9605,0.3156,-12.9433,0.0000,0.0000,0.000,-0.000,10.3720,0.0,,,,,,THU,1,goc=-30;cu_ly=25;lan=1,1
17.7805,1790254737.718635,0.0200,0,,,0.000,,,28.2822,36.9690,-17.7725,13.1110,0.0000,-13.0000,,,,CHO,0.3900,-12.9605,0.3156,-12.9433,0.0000,0.0000,0.000,-0.000,10.3720,0.0,,,,,,THU,1,goc=-30;cu_ly=25;lan=1,1
17.8008,1790254737.738987,0.0203,0,,,0.000,,,28.2822,36.9690,-17.7725,13.1110,0.0000,-13.0000,,,,CHO,0.3900,-12.9605,0.3156,-12.9433,0.0000,0.0000,0.000,-0.000,10.3720,0.0,,,,,,THU,1,goc=-30;cu_ly=25;lan=1,1
17.8208,1790254737.759017,0.0201,0,,,0.000,,,28.2822,36.9690,-17.7725,13.1110,0.0000,-13.0000,,,,CHO,0.3900,-12.9605,0.3156,-12.9433,0.0000,0.0000,0.000,-0.000,10.3720,0.0,,,,,,THU,1,goc=-30;cu_ly=25;lan=1,1
17.8413,1790254737.779487,0.0204,0,,,0.000,,,28.2822,36.9690,-17.7725,13.1110,0.0000,-13.0000,,,,CHO,0.3900,-12.9605,0.3156,-12.9433,0.0000,0.0000,0.000,-0.000,10.3720,0.0,,,,,,THU,1,goc=-30;cu_ly=25;lan=1,1
17.8617,1790254737.799884,0.0205,0,,,0.000,,,28.2822,36.9690,-17.7725,13.1110,0.0000,-13.0000,,,,CHO,0.3900,-12.9605,0.3156,-12.9433,0.0000,0.0000,0.000,-0.000,10.3720,0.0,,,,,,THU,1,goc=-30;cu_ly=25;lan=1,1
17.8820,1790254737.820271,0.0203,0,,,0.000,,,28.2822,36.9690,-17.7725,13.1110,0.0000,-13.0000,,,,CHO,0.3900,-12.9605,0.3156,-12.9433,0.0000,0.0000,0.000,-0.000,10.3720,0.0,,,,,,THU,1,goc=-30;cu_ly=25;lan=1,1
17.9021,1790254737.840315,0.0200,0,,,0.000,,,28.2822,36.9690,-17.7725,13.1110,0.0000,-13.0000,,,,CHO,0.3900,-12.9605,0.3156,-12.9433,0.0000,0.0000,0.000,-0.000,10.3720,0.0,,,,,,THU,1,goc=-30;cu_ly=25;lan=1,1
17.9225,1790254737.860751,0.0204,0,,,0.000,,,28.2822,36.9690,-17.7725,13.1110,0.0000,-13.0000,,,,CHO,0.3900,-12.9605,0.3156,-12.9433,0.0000,0.0000,0.000,-0.000,10.3720,0.0,,,,,,THU,1,goc=-30;cu_ly=25;lan=1,1
17.9431,1790254737.881265,0.0205,0,,,0.000,,,28.2822,36.9690,-17.7725,13.1110,0.0000,-13.0000,,,,CHO,0.3900,-12.9605,0.3156,-12.9433,0.0000,0.0000,0.000,-0.000,10.3720,0.0,,,,,,THU,1,goc=-30;cu_ly=25;lan=1,1
17.9635,1790254737.901686,0.0204,0,,,0.000,,,28.2822,36.9690,-17.7725,13.1110,0.0000,-13.0000,,,,CHO,0.3900,-12.9605,0.3156,-12.9433,0.0000,0.0000,0.000,-0.000,10.3720,0.0,,,,,,THU,1,goc=-30;cu_ly=25;lan=1,1
17.9841,1790254737.922271,0.0206,0,,,0.000,,,28.2822,36.9690,-17.7725,13.1110,0.0000,-13.0000,,,,CHO,0.3900,-12.9605,0.3156,-12.9433,0.0000,0.0000,0.000,-0.000,10.3720,0.0,,,,,,THU,1,goc=-30;cu_ly=25;lan=1,1
18.0043,1790254737.942527,0.0203,0,,,0.000,,,28.2822,36.9690,-17.7725,13.1110,0.0000,-13.0000,,,,CHO,0.3900,-12.9605,0.3156,-12.9433,0.0000,0.0000,0.000,-0.000,10.3720,0.0,,,,,,THU,1,goc=-30;cu_ly=25;lan=1,1
18.0248,1790254737.962952,0.0204,0,,,0.000,,,28.2822,36.9690,-17.7725,13.1110,0.0000,-13.0000,,,,CHO,0.3900,-12.9605,0.3156,-12.9433,0.0000,0.0000,0.000,-0.000,10.3720,0.0,,,,,,THU,1,goc=-30;cu_ly=25;lan=1,1
18.0450,1790254737.983091,0.0202,0,,,0.000,,,28.2822,36.9690,-17.7725,13.1110,0.0000,-13.0000,,,,CHO,0.3900,-12.9605,0.3156,-12.9433,0.0000,0.0000,0.000,-0.000,10.3720,0.0,,,,,,THU,1,goc=-30;cu_ly=25;lan=1,1
18.0653,1790254738.003453,0.0203,0,,,0.000,,,28.2822,36.9690,-17.7725,13.1110,0.0000,-13.0000,,,,CHO,0.3900,-12.9605,0.3156,-12.9433,0.0000,0.0000,0.000,-0.000,10.3720,0.0,,,,,,THU,1,goc=-30;cu_ly=25;lan=1,1
18.0853,1790254738.023476,0.0201,0,,,0.000,,,28.2822,36.9690,-17.7725,13.1110,0.0000,-13.0000,,,,CHO,0.3900,-12.9605,0.3156,-12.9433,0.0000,0.0000,0.000,-0.000,10.3720,0.0,,,,,,THU,1,goc=-30;cu_ly=25;lan=1,1
18.1056,1790254738.043866,0.0203,0,,,0.000,,,28.2822,36.9690,-17.7725,13.1110,0.0000,-13.0000,,,,CHO,0.3900,-12.9605,0.3156,-12.9433,0.0000,0.0000,0.000,-0.000,10.3720,0.0,,,,,,THU,1,goc=-30;cu_ly=25;lan=1,1
18.1267,1790254738.064822,0.0210,0,,,0.000,,,28.2822,36.9690,-17.7725,13.1110,0.0000,-13.0000,,,,CHO,0.3900,-12.9605,0.3156,-12.9433,0.0000,0.0000,0.000,-0.000,10.3720,0.0,,,,,,THU,1,goc=-30;cu_ly=25;lan=1,1
18.1471,1790254738.085289,0.0204,0,,,0.000,,,28.2822,36.9690,-17.7725,13.1110,0.0000,-13.0000,,,,CHO,0.3900,-12.9605,0.3156,-12.9433,0.0000,0.0000,0.000,-0.000,10.3720,0.0,,,,,,THU,1,goc=-30;cu_ly=25;lan=1,1
18.1671,1790254738.105340,0.0200,0,,,0.000,,,28.2822,36.9690,-17.7725,13.1110,0.0000,-13.0000,,,,CHO,0.3900,-12.9605,0.3156,-12.9433,0.0000,0.0000,0.000,-0.000,10.3720,0.0,,,,,,THU,1,goc=-30;cu_ly=25;lan=1,1
18.1875,1790254738.125642,0.0204,0,,,0.000,,,28.2822,36.9690,-17.7725,13.1110,0.0000,-13.0000,,,,CHO,0.3900,-12.9605,0.3156,-12.9433,0.0000,0.0000,0.000,-0.000,10.3720,0.0,,,,,,THU,1,goc=-30;cu_ly=25;lan=1,1
18.2076,1790254738.145751,0.0200,0,,,0.000,,,28.2822,36.9690,-17.7725,13.1110,0.0000,-13.0000,,,,CHO,0.3900,-12.9605,0.3156,-12.9433,0.0000,0.0000,0.000,-0.000,10.3720,0.0,,,,,,THU,1,goc=-30;cu_ly=25;lan=1,1
18.2277,1790254738.165878,0.0201,0,,,0.000,,,28.2822,36.9690,-17.7725,13.1110,0.0000,-13.0000,,,,CHO,0.3900,-12.9605,0.3156,-12.9433,0.0000,0.0000,0.000,-0.000,10.3720,0.0,,,,,,THU,1,goc=-30;cu_ly=25;lan=1,1
18.2479,1790254738.185977,0.0202,0,,,0.000,,,28.2822,36.9690,-17.7725,13.1110,0.0000,-13.0000,,,,CHO,0.3900,-12.9605,0.3156,-12.9433,0.0000,0.0000,0.000,-0.000,10.3720,0.0,,,,,,THU,1,goc=-30;cu_ly=25;lan=1,1
18.2684,1790254738.206614,0.0205,0,,,0.000,,,28.2822,36.9690,-17.7725,13.1110,0.0000,-13.0000,,,,CHO,0.3900,-12.9605,0.3156,-12.9433,0.0000,0.0000,0.000,-0.000,10.3720,0.0,,,,,,THU,1,goc=-30;cu_ly=25;lan=1,1
18.2886,1790254738.226731,0.0202,0,,,0.000,,,28.2822,36.9690,-17.7725,13.1110,0.0000,-13.0000,,,,CHO,0.3900,-12.9605,0.3156,-12.9433,0.0000,0.0000,0.000,-0.000,10.3720,0.0,,,,,,THU,1,goc=-30;cu_ly=25;lan=1,1
18.3088,1790254738.247001,0.0202,0,,,0.000,,,28.2822,36.9690,-17.7725,13.1110,0.0000,-13.0000,,,,CHO,0.3900,-12.9605,0.3156,-12.9433,0.0000,0.0000,0.000,-0.000,10.3720,0.0,,,,,,THU,1,goc=-30;cu_ly=25;lan=1,1
18.3296,1790254738.267689,0.0208,0,,,0.000,,,28.2822,36.9690,-17.7725,13.1110,0.0000,-13.0000,,,,CHO,0.3900,-12.9605,0.3156,-12.9433,0.0000,0.0000,0.000,-0.000,10.3720,0.0,,,,,,THU,1,goc=-30;cu_ly=25;lan=1,1
18.3496,1790254738.287828,0.0200,0,,,0.000,,,28.2822,36.9690,-17.7725,13.1110,0.0000,-13.0000,,,,CHO,0.3900,-12.9605,0.3156,-12.9433,0.0000,0.0000,0.000,-0.000,10.3720,0.0,,,,,,THU,1,goc=-30;cu_ly=25;lan=1,1
18.3703,1790254738.308497,0.0206,0,,,0.000,,,28.2822,36.9690,-17.7725,13.1110,0.0000,-13.0000,,,,CHO,0.3900,-12.9605,0.3156,-12.9433,0.0000,0.0000,0.000,-0.000,10.3720,0.0,,,,,,THU,1,goc=-30;cu_ly=25;lan=1,1
18.3904,1790254738.328536,0.0201,0,,,0.000,,,28.2822,36.9690,-17.7725,13.1110,0.0000,-13.0000,,,,CHO,0.3900,-12.9605,0.3156,-12.9433,0.0000,0.0000,0.000,-0.000,10.3720,0.0,,,,,,THU,1,goc=-30;cu_ly=25;lan=1,1
18.4104,1790254738.348638,0.0201,0,,,0.000,,,28.2822,36.9690,-17.7725,13.1110,0.0000,-13.0000,,,,CHO,0.3900,-12.9605,0.3156,-12.9433,0.0000,0.0000,0.000,-0.000,10.3720,0.0,,,,,,THU,1,goc=-30;cu_ly=25;lan=1,1
18.4307,1790254738.368915,0.0203,0,,,0.000,,,28.2822,36.9690,-17.7725,13.1110,0.0000,-13.0000,,,,CHO,0.3900,-12.9605,0.3156,-12.9433,0.0000,0.0000,0.000,-0.000,10.3720,0.0,,,,,,THU,1,goc=-30;cu_ly=25;lan=1,1
18.4510,1790254738.389039,0.0203,0,,,0.000,,,28.2822,36.9690,-17.7725,13.1110,0.0000,-13.0000,,,,CHO,0.3900,-12.9605,0.3156,-12.9433,0.0000,0.0000,0.000,-0.000,10.3720,0.0,,,,,,THU,1,goc=-30;cu_ly=25;lan=1,1
18.4714,1790254738.409605,0.0204,0,,,0.000,,,28.2822,36.9690,-17.7725,13.1110,0.0000,-13.0000,,,,CHO,0.3900,-12.9605,0.3156,-12.9433,0.0000,0.0000,0.000,-0.000,10.3720,0.0,,,,,,THU,1,goc=-30;cu_ly=25;lan=1,1
18.4916,1790254738.429626,0.0202,0,,,0.000,,,28.2822,36.9690,-17.7725,13.1110,0.0000,-13.0000,,,,CHO,0.3900,-12.9605,0.3156,-12.9433,0.0000,0.0000,0.000,-0.000,10.3720,0.0,,,,,,THU,1,goc=-30;cu_ly=25;lan=1,1
18.5122,1790254738.450370,0.0206,0,,,0.000,,,28.2822,36.9690,-17.7725,13.1110,0.0000,-13.0000,,,,CHO,0.3900,-12.9605,0.3156,-12.9433,0.0000,0.0000,0.000,-0.000,10.3720,0.0,,,,,,THU,1,goc=-30;cu_ly=25;lan=1,1
18.5322,1790254738.470254,0.0200,0,,,0.000,,,28.2822,36.9690,-17.7725,13.1110,0.0000,-13.0000,,,,CHO,0.3900,-12.9605,0.3156,-12.9433,0.0000,0.0000,0.000,-0.000,10.3720,0.0,,,,,,THU,1,goc=-30;cu_ly=25;lan=1,1
18.5527,1790254738.490732,0.0205,0,,,0.000,,,28.2822,36.9690,-17.7725,13.1110,0.0000,-13.0000,,,,CHO,0.3900,-12.9605,0.3156,-12.9433,0.0000,0.0000,0.000,-0.000,10.3720,0.0,,,,,,THU,1,goc=-30;cu_ly=25;lan=1,1
18.5729,1790254738.511036,0.0203,0,,,0.000,,,28.2822,36.9690,-17.7725,13.1110,0.0000,-13.0000,,,,CHO,0.3900,-12.9605,0.3156,-12.9433,0.0000,0.0000,0.000,-0.000,10.3720,0.0,,,,,,THU,1,goc=-30;cu_ly=25;lan=1,1
18.5932,1790254738.531408,0.0203,0,,,0.000,,,28.2822,36.9690,-17.7725,13.1110,0.0000,-13.0000,,,,CHO,0.3900,-12.9605,0.3156,-12.9433,0.0000,0.0000,0.000,-0.000,10.3720,0.0,,,,,,THU,1,goc=-30;cu_ly=25;lan=1,1
18.6134,1790254738.551574,0.0202,0,,,0.000,,,28.2822,36.9690,-17.7725,13.1110,0.0000,-13.0000,,,,CHO,0.3900,-12.9605,0.3156,-12.9433,0.0000,0.0000,0.000,-0.000,10.3720,0.0,,,,,,THU,1,goc=-30;cu_ly=25;lan=1,1
18.6335,1790254738.571716,0.0201,0,,,0.000,,,28.2822,36.9690,-17.7725,13.1110,0.0000,-13.0000,,,,CHO,0.3900,-12.9605,0.3156,-12.9433,0.0000,0.0000,0.000,-0.000,10.3720,0.0,,,,,,THU,1,goc=-30;cu_ly=25;lan=1,1
18.6540,1790254738.592208,0.0205,0,,,0.000,,,28.2822,36.9690,-17.7725,13.1110,0.0000,-13.0000,,,,CHO,0.3900,-12.9605,0.3156,-12.9433,0.0000,0.0000,0.000,-0.000,10.3720,0.0,,,,,,THU,1,goc=-30;cu_ly=25;lan=1,1
18.6741,1790254738.612253,0.0200,0,,,0.000,,,28.2822,36.9690,-17.7725,13.1110,0.0000,-13.0000,,,,CHO,0.3900,-12.9605,0.3156,-12.9433,0.0000,0.0000,0.000,-0.000,10.3720,0.0,,,,,,THU,1,goc=-30;cu_ly=25;lan=1,1
18.6944,1790254738.632568,0.0203,0,,,0.000,,,28.2822,36.9690,-17.7725,13.1110,0.0000,-13.0000,,,,CHO,0.3900,-12.9605,0.3156,-12.9433,0.0000,0.0000,0.000,-0.000,10.3720,0.0,,,,,,THU,1,goc=-30;cu_ly=25;lan=1,1
18.7144,1790254738.652537,0.0200,0,,,0.000,,,28.2822,36.9690,-17.7725,13.1110,0.0000,-13.0000,,,,CHO,0.3900,-12.9605,0.3156,-12.9433,0.0000,0.0000,0.000,-0.000,10.3720,0.0,,,,,,THU,1,goc=-30;cu_ly=25;lan=1,1
18.7348,1790254738.672909,0.0205,0,,,0.000,,,28.2822,36.9690,-17.7725,13.1110,0.0000,-13.0000,,,,CHO,0.3900,-12.9605,0.3156,-12.9433,0.0000,0.0000,0.000,-0.000,10.3720,0.0,,,,,,THU,1,goc=-30;cu_ly=25;lan=1,1
18.7548,1790254738.692957,0.0200,0,,,0.000,,,28.2822,36.9690,-17.7725,13.1110,0.0000,-13.0000,,,,CHO,0.3900,-12.9605,0.3156,-12.9433,0.0000,0.0000,0.000,-0.000,10.3720,0.0,,,,,,THU,1,goc=-30;cu_ly=25;lan=1,1
18.7749,1790254738.713154,0.0201,0,,,0.000,,,28.2822,36.9690,-17.7725,13.1110,0.0000,-13.0000,,,,CHO,0.3900,-12.9605,0.3156,-12.9433,0.0000,0.0000,0.000,-0.000,10.3720,0.0,,,,,,THU,1,goc=-30;cu_ly=25;lan=1,1
18.7951,1790254738.733351,0.0202,0,,,0.000,,,28.2822,36.9690,-17.7725,13.1110,0.0000,-13.0000,,,,CHO,0.3900,-12.9605,0.3156,-12.9433,0.0000,0.0000,0.000,-0.000,10.3720,0.0,,,,,,THU,1,goc=-30;cu_ly=25;lan=1,1
18.8153,1790254738.753408,0.0202,0,,,0.000,,,28.2822,36.9690,-17.7725,13.1110,0.0000,-13.0000,,,,CHO,0.3900,-12.9605,0.3156,-12.9433,0.0000,0.0000,0.000,-0.000,10.3720,0.0,,,,,,THU,1,goc=-30;cu_ly=25;lan=1,1
18.8359,1790254738.774151,0.0206,0,,,0.000,,,28.2822,36.9690,-17.7725,13.1110,0.0000,-13.0000,,,,CHO,0.3900,-12.9605,0.3156,-12.9433,0.0000,0.0000,0.000,-0.000,10.3720,0.0,,,,,,THU,1,goc=-30;cu_ly=25;lan=1,1
18.8561,1790254738.794285,0.0201,0,,,0.000,,,28.2822,36.9690,-17.7725,13.1110,0.0000,-13.0000,,,,CHO,0.3900,-12.9605,0.3156,-12.9433,0.0000,0.0000,0.000,-0.000,10.3720,0.0,,,,,,THU,1,goc=-30;cu_ly=25;lan=1,1
18.8763,1790254738.814320,0.0202,0,,,0.000,,,28.2822,36.9690,-17.7725,13.1110,0.0000,-13.0000,,,,CHO,0.3900,-12.9605,0.3156,-12.9433,0.0000,0.0000,0.000,-0.000,10.3720,0.0,,,,,,THU,1,goc=-30;cu_ly=25;lan=1,1
18.8968,1790254738.834894,0.0205,0,,,0.000,,,28.2822,36.9690,-17.7725,13.1110,0.0000,-13.0000,,,,CHO,0.3900,-12.9605,0.3156,-12.9433,0.0000,0.0000,0.000,-0.000,10.3720,0.0,,,,,,THU,1,goc=-30;cu_ly=25;lan=1,1
18.9170,1790254738.855053,0.0202,0,,,0.000,,,28.2822,36.9690,-17.7725,13.1110,0.0000,-13.0000,,,,CHO,0.3900,-12.9605,0.3156,-12.9433,0.0000,0.0000,0.000,-0.000,10.3720,0.0,,,,,,THU,1,goc=-30;cu_ly=25;lan=1,1
18.9370,1790254738.875222,0.0200,0,,,0.000,,,28.2822,36.9690,-17.7725,13.1110,0.0000,-13.0000,,,,CHO,0.3900,-12.9605,0.3156,-12.9433,0.0000,0.0000,0.000,-0.000,10.3720,0.0,,,,,,THU,1,goc=-30;cu_ly=25;lan=1,1
18.9572,1790254738.895395,0.0202,0,,,0.000,,,28.2822,36.9690,-17.7725,13.1110,0.0000,-13.0000,,,,CHO,0.3900,-12.9605,0.3156,-12.9433,0.0000,0.0000,0.000,-0.000,10.3720,0.0,,,,,,THU,1,goc=-30;cu_ly=25;lan=1,1
18.9778,1790254738.916047,0.0206,0,,,0.000,,,28.2822,36.9690,-17.7725,13.1110,0.0000,-13.0000,,,,CHO,0.3900,-12.9605,0.3156,-12.9433,0.0000,0.0000,0.000,-0.000,10.3720,0.0,,,,,,THU,1,goc=-30;cu_ly=25;lan=1,1
18.9987,1790254738.936756,0.0208,0,,,0.000,,,28.2822,36.9690,-17.7725,13.1110,0.0000,-13.0000,,,,CHO,0.3900,-12.9605,0.3156,-12.9433,0.0000,0.0000,0.000,-0.000,10.3720,0.0,,,,,,THU,1,goc=-30;cu_ly=25;lan=1,1
19.0187,1790254738.956833,0.0200,0,,,0.000,,,28.2822,36.9690,-17.7725,13.1110,0.0000,-13.0000,,,,CHO,0.3900,-12.9605,0.3156,-12.9433,0.0000,0.0000,0.000,-0.000,10.3720,0.0,,,,,,THU,1,goc=-30;cu_ly=25;lan=1,1
19.0388,1790254738.976929,0.0201,0,,,0.000,,,28.2822,36.9690,-17.7725,13.1110,0.0000,-13.0000,,,,CHO,0.3900,-12.9605,0.3156,-12.9433,0.0000,0.0000,0.000,-0.000,10.3720,0.0,,,,,,THU,1,goc=-30;cu_ly=25;lan=1,1
19.0592,1790254738.997443,0.0205,0,,,0.000,,,28.2822,36.9690,-17.7725,13.1110,0.0000,-13.0000,,,,CHO,0.3900,-12.9605,0.3156,-12.9433,0.0000,0.0000,0.000,-0.000,10.3720,0.0,,,,,,THU,1,goc=-30;cu_ly=25;lan=1,1
19.0794,1790254739.017664,0.0202,0,,,0.000,,,28.2822,36.9690,-17.7725,13.1110,0.0000,-13.0000,,,,CHO,0.3900,-12.9605,0.3156,-12.9433,0.0000,0.0000,0.000,-0.000,10.3720,0.0,,,,,,THU,1,goc=-30;cu_ly=25;lan=1,1
19.0995,1790254739.037668,0.0201,0,,,0.000,,,28.2822,36.9690,-17.7725,13.1110,0.0000,-13.0000,,,,CHO,0.3900,-12.9605,0.3156,-12.9433,0.0000,0.0000,0.000,-0.000,10.3720,0.0,,,,,,THU,1,goc=-30;cu_ly=25;lan=1,1
19.1197,1790254739.057959,0.0202,0,,,0.000,,,28.2822,36.9690,-17.7725,13.1110,0.0000,-13.0000,,,,CHO,0.3900,-12.9605,0.3156,-12.9433,0.0000,0.0000,0.000,-0.000,10.3720,0.0,,,,,,THU,1,goc=-30;cu_ly=25;lan=1,1
19.1399,1790254739.078031,0.0201,0,,,0.000,,,28.2822,36.9690,-17.7725,13.1110,0.0000,-13.0000,,,,CHO,0.3900,-12.9605,0.3156,-12.9433,0.0000,0.0000,0.000,-0.000,10.3720,0.0,,,,,,THU,1,goc=-30;cu_ly=25;lan=1,1
19.1601,1790254739.098284,0.0202,0,,,0.000,,,28.2822,36.9690,-17.7725,13.1110,0.0000,-13.0000,,,,CHO,0.3900,-12.9605,0.3156,-12.9433,0.0000,0.0000,0.000,-0.000,10.3720,0.0,,,,,,THU,1,goc=-30;cu_ly=25;lan=1,1
19.1802,1790254739.118346,0.0201,0,,,0.000,,,28.2822,36.9690,-17.7725,13.1110,0.0000,-13.0000,,,,CHO,0.3900,-12.9605,0.3156,-12.9433,0.0000,0.0000,0.000,-0.000,10.3720,0.0,,,,,,THU,1,goc=-30;cu_ly=25;lan=1,1
19.2007,1790254739.138861,0.0205,0,,,0.000,,,28.2822,36.9690,-17.7725,13.1110,0.0000,-13.0000,,,,CHO,0.3900,-12.9605,0.3156,-12.9433,0.0000,0.0000,0.000,-0.000,10.3720,0.0,,,,,,THU,1,goc=-30;cu_ly=25;lan=1,1
19.2213,1790254739.159394,0.0206,0,,,0.000,,,28.2822,36.9690,-17.7725,13.1110,0.0000,-13.0000,,,,CHO,0.3900,-12.9605,0.3156,-12.9433,0.0000,0.0000,0.000,-0.000,10.3720,0.0,,,,,,THU,1,goc=-30;cu_ly=25;lan=1,1
19.2415,1790254739.179702,0.0202,0,,,0.000,,,28.2822,36.9690,-17.7725,13.1110,0.0000,-13.0000,,,,CHO,0.3900,-12.9605,0.3156,-12.9433,0.0000,0.0000,0.000,-0.000,10.3720,0.0,,,,,,THU,1,goc=-30;cu_ly=25;lan=1,1
19.2625,1790254739.200701,0.0211,0,,,0.000,,,28.2822,36.9690,-17.7725,13.1110,0.0000,-13.0000,,,,CHO,0.3900,-12.9605,0.3156,-12.9433,0.0000,0.0000,0.000,-0.000,10.3720,0.0,,,,,,THU,1,goc=-30;cu_ly=25;lan=1,1
19.2830,1790254739.221199,0.0205,0,,,0.000,,,28.2822,36.9690,-17.7725,13.1110,0.0000,-13.0000,,,,CHO,0.3900,-12.9605,0.3156,-12.9433,0.0000,0.0000,0.000,-0.000,10.3720,0.0,,,,,,THU,1,goc=-30;cu_ly=25;lan=1,1
19.3032,1790254739.241398,0.0202,0,,,0.000,,,28.2822,36.9690,-17.7725,13.1110,0.0000,-13.0000,,,,CHO,0.3900,-12.9605,0.3156,-12.9433,0.0000,0.0000,0.000,-0.000,10.3720,0.0,,,,,,THU,1,goc=-30;cu_ly=25;lan=1,1
19.3239,1790254739.262061,0.0207,0,,,0.000,,,28.2822,36.9690,-17.7725,13.1110,0.0000,-13.0000,,,,CHO,0.3900,-12.9605,0.3156,-12.9433,0.0000,0.0000,0.000,-0.000,10.3720,0.0,,,,,,THU,1,goc=-30;cu_ly=25;lan=1,1
19.3442,1790254739.282439,0.0204,0,,,0.000,,,28.2822,36.9690,-17.7725,13.1110,0.0000,-13.0000,,,,CHO,0.3900,-12.9605,0.3156,-12.9433,0.0000,0.0000,0.000,-0.000,10.3720,0.0,,,,,,THU,1,goc=-30;cu_ly=25;lan=1,1
19.3649,1790254739.302969,0.0206,0,,,0.000,,,28.2822,36.9690,-17.7725,13.1110,0.0000,-13.0000,,,,CHO,0.3900,-12.9605,0.3156,-12.9433,0.0000,0.0000,0.000,-0.000,10.3720,0.0,,,,,,THU,1,goc=-30;cu_ly=25;lan=1,1
19.3855,1790254739.323699,0.0206,0,,,0.000,,,28.2822,36.9690,-17.7725,13.1110,0.0000,-13.0000,,,,CHO,0.3900,-12.9605,0.3156,-12.9433,0.0000,0.0000,0.000,-0.000,10.3720,0.0,,,,,,THU,1,goc=-30;cu_ly=25;lan=1,1
19.4061,1790254739.344261,0.0206,0,,,0.000,,,28.2822,36.9690,-17.7725,13.1110,0.0000,-13.0000,,,,CHO,0.3900,-12.9605,0.3156,-12.9433,0.0000,0.0000,0.000,-0.000,10.3720,0.0,,,,,,THU,1,goc=-30;cu_ly=25;lan=1,1
19.4261,1790254739.364343,0.0200,0,,,0.000,,,28.2822,36.9690,-17.7725,13.1110,0.0000,-13.0000,,,,CHO,0.3900,-12.9605,0.3156,-12.9433,0.0000,0.0000,0.000,-0.000,10.3720,0.0,,,,,,THU,1,goc=-30;cu_ly=25;lan=1,1
19.4468,1790254739.384972,0.0206,0,,,0.000,,,28.2822,36.9690,-17.7725,13.1110,0.0000,-13.0000,,,,CHO,0.3900,-12.9605,0.3156,-12.9433,0.0000,0.0000,0.000,-0.000,10.3720,0.0,,,,,,THU,1,goc=-30;cu_ly=25;lan=1,1
19.4676,1790254739.405799,0.0209,0,,,0.000,,,28.2822,36.9690,-17.7725,13.1110,0.0000,-13.0000,,,,CHO,0.3900,-12.9605,0.3156,-12.9433,0.0000,0.0000,0.000,-0.000,10.3720,0.0,,,,,,THU,1,goc=-30;cu_ly=25;lan=1,1
19.4878,1790254739.425874,0.0202,0,,,0.000,,,28.2822,36.9690,-17.7725,13.1110,0.0000,-13.0000,,,,CHO,0.3900,-12.9605,0.3156,-12.9433,0.0000,0.0000,0.000,-0.000,10.3720,0.0,,,,,,THU,1,goc=-30;cu_ly=25;lan=1,1
19.5080,1790254739.445979,0.0202,0,,,0.000,,,28.2822,36.9690,-17.7725,13.1110,0.0000,-13.0000,,,,CHO,0.3900,-12.9605,0.3156,-12.9433,0.0000,0.0000,0.000,-0.000,10.3720,0.0,,,,,,THU,1,goc=-30;cu_ly=25;lan=1,1
19.5283,1790254739.466359,0.0203,0,,,0.000,,,28.2822,36.9690,-17.7725,13.1110,0.0000,-13.0000,,,,CHO,0.3900,-12.9605,0.3156,-12.9433,0.0000,0.0000,0.000,-0.000,10.3720,0.0,,,,,,THU,1,goc=-30;cu_ly=25;lan=1,1
19.5484,1790254739.486618,0.0201,0,,,0.000,,,28.2822,36.9690,-17.7725,13.1110,0.0000,-13.0000,,,,CHO,0.3900,-12.9605,0.3156,-12.9433,0.0000,0.0000,0.000,-0.000,10.3720,0.0,,,,,,THU,1,goc=-30;cu_ly=25;lan=1,1
19.5689,1790254739.507078,0.0205,0,,,0.000,,,28.2822,36.9690,-17.7725,13.1110,0.0000,-13.0000,,,,CHO,0.3900,-12.9605,0.3156,-12.9433,0.0000,0.0000,0.000,-0.000,10.3720,0.0,,,,,,THU,1,goc=-30;cu_ly=25;lan=1,1
19.5896,1790254739.527802,0.0208,0,,,0.000,,,28.2822,36.9690,-17.7725,13.1110,0.0000,-13.0000,,,,CHO,0.3900,-12.9605,0.3156,-12.9433,0.0000,0.0000,0.000,-0.000,10.3720,0.0,,,,,,THU,1,goc=-30;cu_ly=25;lan=1,1
19.6097,1790254739.547836,0.0201,0,,,0.000,,,28.2822,36.9690,-17.7725,13.1110,0.0000,-13.0000,,,,CHO,0.3900,-12.9605,0.3156,-12.9433,0.0000,0.0000,0.000,-0.000,10.3720,0.0,,,,,,THU,1,goc=-30;cu_ly=25;lan=1,1
19.6299,1790254739.567952,0.0201,0,,,0.000,,,28.2822,36.9690,-17.7725,13.1110,0.0000,-13.0000,,,,CHO,0.3900,-12.9605,0.3156,-12.9433,0.0000,0.0000,0.000,-0.000,10.3720,0.0,,,,,,THU,1,goc=-30;cu_ly=25;lan=1,1
19.6502,1790254739.588395,0.0203,0,,,0.000,,,28.2822,36.9690,-17.7725,13.1110,0.0000,-13.0000,,,,CHO,0.3900,-12.9605,0.3156,-12.9433,0.0000,0.0000,0.000,-0.000,10.3720,0.0,,,,,,THU,1,goc=-30;cu_ly=25;lan=1,1
19.6703,1790254739.608458,0.0201,0,,,0.000,,,28.2822,36.9690,-17.7725,13.1110,0.0000,-13.0000,,,,CHO,0.3900,-12.9605,0.3156,-12.9433,0.0000,0.0000,0.000,-0.000,10.3720,0.0,,,,,,THU,1,goc=-30;cu_ly=25;lan=1,1
19.6903,1790254739.628493,0.0201,0,,,0.000,,,28.2822,36.9690,-17.7725,13.1110,0.0000,-13.0000,,,,CHO,0.3900,-12.9605,0.3156,-12.9433,0.0000,0.0000,0.000,-0.000,10.3720,0.0,,,,,,THU,1,goc=-30;cu_ly=25;lan=1,1
19.7105,1790254739.648588,0.0201,0,,,0.000,,,28.2822,36.9690,-17.7725,13.1110,0.0000,-13.0000,,,,CHO,0.3900,-12.9605,0.3156,-12.9433,0.0000,0.0000,0.000,-0.000,10.3720,0.0,,,,,,THU,1,goc=-30;cu_ly=25;lan=1,1
19.7309,1790254739.669053,0.0204,0,,,0.000,,,28.2822,36.9690,-17.7725,13.1110,0.0000,-13.0000,,,,CHO,0.3900,-12.9605,0.3156,-12.9433,0.0000,0.0000,0.000,-0.000,10.3720,0.0,,,,,,THU,1,goc=-30;cu_ly=25;lan=1,1
19.7509,1790254739.689003,0.0200,0,,,0.000,,,28.2822,36.9690,-17.7725,13.1110,0.0000,-13.0000,,,,CHO,0.3900,-12.9605,0.3156,-12.9433,0.0000,0.0000,0.000,-0.000,10.3720,0.0,,,,,,THU,1,goc=-30;cu_ly=25;lan=1,1
19.7709,1790254739.709024,0.0200,0,,,0.000,,,28.2822,36.9690,-17.7725,13.1110,0.0000,-13.0000,,,,CHO,0.3900,-12.9605,0.3156,-12.9433,0.0000,0.0000,0.000,-0.000,10.3720,0.0,,,,,,THU,1,goc=-30;cu_ly=25;lan=1,1
19.7910,1790254739.729110,0.0201,0,,,0.000,,,28.2822,36.9690,-17.7725,13.1110,0.0000,-13.0000,,,,CHO,0.3900,-12.9605,0.3156,-12.9433,0.0000,0.0000,0.000,-0.000,10.3720,0.0,,,,,,THU,1,goc=-30;cu_ly=25;lan=1,1
19.8111,1790254739.749171,0.0201,0,,,0.000,,,28.2822,36.9690,-17.7725,13.1110,0.0000,-13.0000,,,,CHO,0.3900,-12.9605,0.3156,-12.9433,0.0000,0.0000,0.000,-0.000,10.3720,0.0,,,,,,THU,1,goc=-30;cu_ly=25;lan=1,1
19.8311,1790254739.769332,0.0201,0,,,0.000,,,28.2822,36.9690,-17.7725,13.1110,0.0000,-13.0000,,,,CHO,0.3900,-12.9605,0.3156,-12.9433,0.0000,0.0000,0.000,-0.000,10.3720,0.0,,,,,,THU,1,goc=-30;cu_ly=25;lan=1,1
19.8512,1790254739.789432,0.0201,0,,,0.000,,,28.2822,36.9690,-17.7725,13.1110,0.0000,-13.0000,,,,CHO,0.3900,-12.9605,0.3156,-12.9433,0.0000,0.0000,0.000,-0.000,10.3720,0.0,,,,,,THU,1,goc=-30;cu_ly=25;lan=1,1
19.8714,1790254739.809408,0.0202,0,,,0.000,,,28.2822,36.9690,-17.7725,13.1110,0.0000,-13.0000,,,,CHO,0.3900,-12.9605,0.3156,-12.9433,0.0000,0.0000,0.000,-0.000,10.3720,0.0,,,,,,THU,1,goc=-30;cu_ly=25;lan=1,1
19.8914,1790254739.829497,0.0200,0,,,0.000,,,28.2822,36.9690,-17.7725,13.1110,0.0000,-13.0000,,,,CHO,0.3900,-12.9605,0.3156,-12.9433,0.0000,0.0000,0.000,-0.000,10.3720,0.0,,,,,,THU,1,goc=-30;cu_ly=25;lan=1,1
19.9119,1790254739.850088,0.0205,0,,,0.000,,,28.2822,36.9690,-17.7725,13.1110,0.0000,-13.0000,,,,CHO,0.3900,-12.9605,0.3156,-12.9433,0.0000,0.0000,0.000,-0.000,10.3720,0.0,,,,,,THU,1,goc=-30;cu_ly=25;lan=1,1
19.9324,1790254739.870426,0.0204,0,,,0.000,,,28.2822,36.9690,-17.7725,13.1110,0.0000,-13.0000,,,,CHO,0.3900,-12.9605,0.3156,-12.9433,0.0000,0.0000,0.000,-0.000,10.3720,0.0,,,,,,THU,1,goc=-30;cu_ly=25;lan=1,1
19.9528,1790254739.890955,0.0204,0,,,0.000,,,28.2822,36.9690,-17.7725,13.1110,0.0000,-13.0000,,,,CHO,0.3900,-12.9605,0.3156,-12.9433,0.0000,0.0000,0.000,-0.000,10.3720,0.0,,,,,,THU,1,goc=-30;cu_ly=25;lan=1,1
19.9733,1790254739.911458,0.0205,0,,,0.000,,,28.2822,36.9690,-17.7725,13.1110,0.0000,-13.0000,,,,CHO,0.3900,-12.9605,0.3156,-12.9433,0.0000,0.0000,0.000,-0.000,10.3720,0.0,,,,,,THU,1,goc=-30;cu_ly=25;lan=1,1
19.9940,1790254739.932070,0.0207,0,,,0.000,,,28.2822,36.9690,-17.7725,13.1110,0.0000,-13.0000,,,,CHO,0.3900,-12.9605,0.3156,-12.9433,0.0000,0.0000,0.000,-0.000,10.3720,0.0,,,,,,THU,1,goc=-30;cu_ly=25;lan=1,1
20.0141,1790254739.952267,0.0201,0,,,0.000,,,28.2822,36.9690,-17.7725,13.1110,0.0000,-13.0000,,,,CHO,0.3900,-12.9605,0.3156,-12.9433,0.0000,0.0000,0.000,-0.000,10.3720,0.0,,,,,,THU,1,goc=-30;cu_ly=25;lan=1,1
20.0342,1790254739.972307,0.0201,0,,,0.000,,,28.2822,36.9690,-17.7725,13.1110,0.0000,-13.0000,,,,CHO,0.3900,-12.9605,0.3156,-12.9433,0.0000,0.0000,0.000,-0.000,10.3720,0.0,,,,,,THU,1,goc=-30;cu_ly=25;lan=1,1
20.0543,1790254739.992378,0.0201,0,,,0.000,,,28.2822,36.9690,-17.7725,13.1110,0.0000,-13.0000,,,,CHO,0.3900,-12.9605,0.3156,-12.9433,0.0000,0.0000,0.000,-0.000,10.3720,0.0,,,,,,THU,1,goc=-30;cu_ly=25;lan=1,1
20.0746,1790254740.012690,0.0203,0,,,0.000,,,28.2822,36.9690,-17.7725,13.1110,0.0000,-13.0000,,,,CHO,0.3900,-12.9605,0.3156,-12.9433,0.0000,0.0000,0.000,-0.000,10.3720,0.0,,,,,,THU,1,goc=-30;cu_ly=25;lan=1,1
20.0954,1790254740.033482,0.0208,0,,,0.000,,,28.2822,36.9690,-17.7725,13.1110,0.0000,-13.0000,,,,CHO,0.3900,-12.9605,0.3156,-12.9433,0.0000,0.0000,0.000,-0.000,10.3720,0.0,,,,,,THU,1,goc=-30;cu_ly=25;lan=1,1
20.1159,1790254740.053813,0.0205,0,,,0.000,,,28.2822,36.9690,-17.7725,13.1110,0.0000,-13.0000,,,,CHO,0.3900,-12.9605,0.3156,-12.9433,0.0000,0.0000,0.000,-0.000,10.3720,0.0,,,,,,THU,1,goc=-30;cu_ly=25;lan=1,1
20.1367,1790254740.074587,0.0208,0,,,0.000,,,28.2822,36.9690,-17.7725,13.1110,0.0000,-13.0000,,,,CHO,0.3900,-12.9605,0.3156,-12.9433,0.0000,0.0000,0.000,-0.000,10.3720,0.0,,,,,,THU,1,goc=-30;cu_ly=25;lan=1,1
20.1574,1790254740.095545,0.0206,0,,,0.000,,,28.2822,36.9690,-17.7725,13.1110,0.0000,-13.0000,,,,CHO,0.3900,-12.9605,0.3156,-12.9433,0.0000,0.0000,0.000,-0.000,10.3720,0.0,,,,,,THU,1,goc=-30;cu_ly=25;lan=1,1
20.1780,1790254740.116066,0.0206,0,,,0.000,,,28.2822,36.9690,-17.7725,13.1110,0.0000,-13.0000,,,,CHO,0.3900,-12.9605,0.3156,-12.9433,0.0000,0.0000,0.000,-0.000,10.3720,0.0,,,,,,THU,1,goc=-30;cu_ly=25;lan=1,1
20.1984,1790254740.136399,0.0204,0,,,0.000,,,28.2822,36.9690,-17.7725,13.1110,0.0000,-13.0000,,,,CHO,0.3900,-12.9605,0.3156,-12.9433,0.0000,0.0000,0.000,-0.000,10.3720,0.0,,,,,,THU,1,goc=-30;cu_ly=25;lan=1,1
20.2185,1790254740.156581,0.0201,0,,,0.000,,,28.2822,36.9690,-17.7725,13.1110,0.0000,-13.0000,,,,CHO,0.3900,-12.9605,0.3156,-12.9433,0.0000,0.0000,0.000,-0.000,10.3720,0.0,,,,,,THU,1,goc=-30;cu_ly=25;lan=1,1
20.2385,1790254740.176672,0.0200,0,,,0.000,,,28.2822,36.9690,-17.7725,13.1110,0.0000,-13.0000,,,,CHO,0.3900,-12.9605,0.3156,-12.9433,0.0000,0.0000,0.000,-0.000,10.3720,0.0,,,,,,THU,1,goc=-30;cu_ly=25;lan=1,1
20.2591,1790254740.197267,0.0205,0,,,0.000,,,28.2822,36.9690,-17.7725,13.1110,0.0000,-13.0000,,,,CHO,0.3900,-12.9605,0.3156,-12.9433,0.0000,0.0000,0.000,-0.000,10.3720,0.0,,,,,,THU,1,goc=-30;cu_ly=25;lan=1,1
20.2792,1790254740.217256,0.0201,0,,,0.000,,,28.2822,36.9690,-17.7725,13.1110,0.0000,-13.0000,,,,CHO,0.3900,-12.9605,0.3156,-12.9433,0.0000,0.0000,0.000,-0.000,10.3720,0.0,,,,,,THU,1,goc=-30;cu_ly=25;lan=1,1
20.2994,1790254740.237597,0.0202,0,,,0.000,,,28.2822,36.9690,-17.7725,13.1110,0.0000,-13.0000,,,,CHO,0.3900,-12.9605,0.3156,-12.9433,0.0000,0.0000,0.000,-0.000,10.3720,0.0,,,,,,THU,1,goc=-30;cu_ly=25;lan=1,1
20.3202,1790254740.258412,0.0208,0,,,0.000,,,28.2822,36.9690,-17.7725,13.1110,0.0000,-13.0000,,,,CHO,0.3900,-12.9605,0.3156,-12.9433,0.0000,0.0000,0.000,-0.000,10.3720,0.0,,,,,,THU,1,goc=-30;cu_ly=25;lan=1,1
20.3403,1790254740.278440,0.0200,0,,,0.000,,,28.2822,36.9690,-17.7725,13.1110,0.0000,-13.0000,,,,CHO,0.3900,-12.9605,0.3156,-12.9433,0.0000,0.0000,0.000,-0.000,10.3720,0.0,,,,,,THU,1,goc=-30;cu_ly=25;lan=1,1
20.3603,1790254740.298489,0.0200,0,,,0.000,,,28.2822,36.9690,-17.7725,13.1110,0.0000,-13.0000,,,,CHO,0.3900,-12.9605,0.3156,-12.9433,0.0000,0.0000,0.000,-0.000,10.3720,0.0,,,,,,THU,1,goc=-30;cu_ly=25;lan=1,1
20.3811,1790254740.319155,0.0208,0,,,0.000,,,28.2822,36.9690,-17.7725,13.1110,0.0000,-13.0000,,,,CHO,0.3900,-12.9605,0.3156,-12.9433,0.0000,0.0000,0.000,-0.000,10.3720,0.0,,,,,,THU,1,goc=-30;cu_ly=25;lan=1,1
20.4011,1790254740.339298,0.0200,0,,,0.000,,,28.2822,36.9690,-17.7725,13.1110,0.0000,-13.0000,,,,CHO,0.3900,-12.9605,0.3156,-12.9433,0.0000,0.0000,0.000,-0.000,10.3720,0.0,,,,,,THU,1,goc=-30;cu_ly=25;lan=1,1
20.4214,1790254740.359596,0.0203,0,,,0.000,,,28.2822,36.9690,-17.7725,13.1110,0.0000,-13.0000,,,,CHO,0.3900,-12.9605,0.3156,-12.9433,0.0000,0.0000,0.000,-0.000,10.3720,0.0,,,,,,THU,1,goc=-30;cu_ly=25;lan=1,1
20.4416,1790254740.379613,0.0202,0,,,0.000,,,28.2822,36.9690,-17.7725,13.1110,0.0000,-13.0000,,,,CHO,0.3900,-12.9605,0.3156,-12.9433,0.0000,0.0000,0.000,-0.000,10.3720,0.0,,,,,,THU,1,goc=-30;cu_ly=25;lan=1,1
20.4616,1790254740.399810,0.0200,0,,,0.000,,,28.2822,36.9690,-17.7725,13.1110,0.0000,-13.0000,,,,CHO,0.3900,-12.9605,0.3156,-12.9433,0.0000,0.0000,0.000,-0.000,10.3720,0.0,,,,,,THU,1,goc=-30;cu_ly=25;lan=1,1
20.4818,1790254740.419896,0.0201,0,,,0.000,,,28.2822,36.9690,-17.7725,13.1110,0.0000,-13.0000,,,,CHO,0.3900,-12.9605,0.3156,-12.9433,0.0000,0.0000,0.000,-0.000,10.3720,0.0,,,,,,THU,1,goc=-30;cu_ly=25;lan=1,1
20.5020,1790254740.440061,0.0203,0,,,0.000,,,28.2822,36.9690,-17.7725,13.1110,0.0000,-13.0000,,,,CHO,0.3900,-12.9605,0.3156,-12.9433,0.0000,0.0000,0.000,-0.000,10.3720,0.0,,,,,,THU,1,goc=-30;cu_ly=25;lan=1,1
20.5222,1790254740.460362,0.0201,0,,,0.000,,,28.2822,36.9690,-17.7725,13.1110,0.0000,-13.0000,,,,CHO,0.3900,-12.9605,0.3156,-12.9433,0.0000,0.0000,0.000,-0.000,10.3720,0.0,,,,,,THU,1,goc=-30;cu_ly=25;lan=1,1
20.5425,1790254740.480723,0.0204,0,,,0.000,,,28.2822,36.9690,-17.7725,13.1110,0.0000,-13.0000,,,,CHO,0.3900,-12.9605,0.3156,-12.9433,0.0000,0.0000,0.000,-0.000,10.3720,0.0,,,,,,THU,1,goc=-30;cu_ly=25;lan=1,1
20.5631,1790254740.501242,0.0205,0,,,0.000,,,28.2822,36.9690,-17.7725,13.1110,0.0000,-13.0000,,,,CHO,0.3900,-12.9605,0.3156,-12.9433,0.0000,0.0000,0.000,-0.000,10.3720,0.0,,,,,,THU,1,goc=-30;cu_ly=25;lan=1,1
20.5833,1790254740.521405,0.0202,0,,,0.000,,,28.2822,36.9690,-17.7725,13.1110,0.0000,-13.0000,,,,CHO,0.3900,-12.9605,0.3156,-12.9433,0.0000,0.0000,0.000,-0.000,10.3720,0.0,,,,,,THU,1,goc=-30;cu_ly=25;lan=1,1
20.6040,1790254740.542017,0.0207,0,,,0.000,,,28.2822,36.9690,-17.7725,13.1110,0.0000,-13.0000,,,,CHO,0.3900,-12.9605,0.3156,-12.9433,0.0000,0.0000,0.000,-0.000,10.3720,0.0,,,,,,THU,1,goc=-30;cu_ly=25;lan=1,1
20.6242,1790254740.562372,0.0202,0,,,0.000,,,28.2822,36.9690,-17.7725,13.1110,0.0000,-13.0000,,,,CHO,0.3900,-12.9605,0.3156,-12.9433,0.0000,0.0000,0.000,-0.000,10.3720,0.0,,,,,,THU,1,goc=-30;cu_ly=25;lan=1,1
20.6446,1790254740.582708,0.0205,0,,,0.000,,,28.2822,36.9690,-17.7725,13.1110,0.0000,-13.0000,,,,CHO,0.3900,-12.9605,0.3156,-12.9433,0.0000,0.0000,0.000,-0.000,10.3720,0.0,,,,,,THU,1,goc=-30;cu_ly=25;lan=1,1
20.6647,1790254740.602555,0.0200,0,,,0.000,,,28.2822,36.9690,-17.7725,13.1110,0.0000,-13.0000,,,,CHO,0.3900,-12.9605,0.3156,-12.9433,0.0000,0.0000,0.000,-0.000,10.3720,0.0,,,,,,THU,1,goc=-30;cu_ly=25;lan=1,1
20.6849,1790254740.623100,0.0203,0,,,0.000,,,28.2822,36.9690,-17.7725,13.1110,0.0000,-13.0000,,,,CHO,0.3900,-12.9605,0.3156,-12.9433,0.0000,0.0000,0.000,-0.000,10.3720,0.0,,,,,,THU,1,goc=-30;cu_ly=25;lan=1,1
20.7056,1790254740.643515,0.0207,0,,,0.000,,,28.2822,36.9690,-17.7725,13.1110,0.0000,-13.0000,,,,CHO,0.3900,-12.9605,0.3156,-12.9433,0.0000,0.0000,0.000,-0.000,10.3720,0.0,,,,,,THU,1,goc=-30;cu_ly=25;lan=1,1
20.7261,1790254740.664285,0.0205,0,,,0.000,,,28.2822,36.9690,-17.7725,13.1110,0.0000,-13.0000,,,,CHO,0.3900,-12.9605,0.3156,-12.9433,0.0000,0.0000,0.000,-0.000,10.3720,0.0,,,,,,THU,1,goc=-30;cu_ly=25;lan=1,1
20.7465,1790254740.684534,0.0204,0,,,0.000,,,28.2822,36.9690,-17.7725,13.1110,0.0000,-13.0000,,,,CHO,0.3900,-12.9605,0.3156,-12.9433,0.0000,0.0000,0.000,-0.000,10.3720,0.0,,,,,,THU,1,goc=-30;cu_ly=25;lan=1,1
20.7670,1790254740.705030,0.0205,0,,,0.000,,,28.2822,36.9690,-17.7725,13.1110,0.0000,-13.0000,,,,CHO,0.3900,-12.9605,0.3156,-12.9433,0.0000,0.0000,0.000,-0.000,10.3720,0.0,,,,,,THU,1,goc=-30;cu_ly=25;lan=1,1
20.7872,1790254740.725448,0.0203,0,,,0.000,,,28.2822,36.9690,-17.7725,13.1110,0.0000,-13.0000,,,,CHO,0.3900,-12.9605,0.3156,-12.9433,0.0000,0.0000,0.000,-0.000,10.3720,0.0,,,,,,THU,1,goc=-30;cu_ly=25;lan=1,1
20.8073,1790254740.745398,0.0201,0,,,0.000,,,28.2822,36.9690,-17.7725,13.1110,0.0000,-13.0000,,,,CHO,0.3900,-12.9605,0.3156,-12.9433,0.0000,0.0000,0.000,-0.000,10.3720,0.0,,,,,,THU,1,goc=-30;cu_ly=25;lan=1,1
20.8274,1790254740.765552,0.0200,0,,,0.000,,,28.2822,36.9690,-17.7725,13.1110,0.0000,-13.0000,,,,CHO,0.3900,-12.9605,0.3156,-12.9433,0.0000,0.0000,0.000,-0.000,10.3720,0.0,,,,,,THU,1,goc=-30;cu_ly=25;lan=1,1
20.8481,1790254740.786193,0.0207,0,,,0.000,,,28.2822,36.9690,-17.7725,13.1110,0.0000,-13.0000,,,,CHO,0.3900,-12.9605,0.3156,-12.9433,0.0000,0.0000,0.000,-0.000,10.3720,0.0,,,,,,THU,1,goc=-30;cu_ly=25;lan=1,1
20.8686,1790254740.806787,0.0205,0,,,0.000,,,28.2822,36.9690,-17.7725,13.1110,0.0000,-13.0000,,,,CHO,0.3900,-12.9605,0.3156,-12.9433,0.0000,0.0000,0.000,-0.000,10.3720,0.0,,,,,,THU,1,goc=-30;cu_ly=25;lan=1,1
20.8887,1790254740.826752,0.0201,0,,,0.000,,,28.2822,36.9690,-17.7725,13.1110,0.0000,-13.0000,,,,CHO,0.3900,-12.9605,0.3156,-12.9433,0.0000,0.0000,0.000,-0.000,10.3720,0.0,,,,,,THU,1,goc=-30;cu_ly=25;lan=1,1
20.9091,1790254740.847358,0.0204,0,,,0.000,,,28.2822,36.9690,-17.7725,13.1110,0.0000,-13.0000,,,,CHO,0.3900,-12.9605,0.3156,-12.9433,0.0000,0.0000,0.000,-0.000,10.3720,0.0,,,,,,THU,1,goc=-30;cu_ly=25;lan=1,1
20.9298,1790254740.867828,0.0207,0,,,0.000,,,28.2822,36.9690,-17.7725,13.1110,0.0000,-13.0000,,,,CHO,0.3900,-12.9605,0.3156,-12.9433,0.0000,0.0000,0.000,-0.000,10.3720,0.0,,,,,,THU,1,goc=-30;cu_ly=25;lan=1,1
20.9507,1790254740.888837,0.0209,0,,,0.000,,,28.2822,36.9690,-17.7725,13.1110,0.0000,-13.0000,,,,CHO,0.3900,-12.9605,0.3156,-12.9433,0.0000,0.0000,0.000,-0.000,10.3720,0.0,,,,,,THU,1,goc=-30;cu_ly=25;lan=1,1
20.9709,1790254740.909127,0.0202,0,,,0.000,,,28.2822,36.9690,-17.7725,13.1110,0.0000,-13.0000,,,,CHO,0.3900,-12.9605,0.3156,-12.9433,0.0000,0.0000,0.000,-0.000,10.3720,0.0,,,,,,THU,1,goc=-30;cu_ly=25;lan=1,1
20.9910,1790254740.929155,0.0201,0,,,0.000,,,28.2822,36.9690,-17.7725,13.1110,0.0000,-13.0000,,,,CHO,0.3900,-12.9605,0.3156,-12.9433,0.0000,0.0000,0.000,-0.000,10.3720,0.0,,,,,,THU,1,goc=-30;cu_ly=25;lan=1,1
21.0111,1790254740.949269,0.0201,0,,,0.000,,,28.2822,36.9690,-17.7725,13.1110,0.0000,-13.0000,,,,CHO,0.3900,-12.9605,0.3156,-12.9433,0.0000,0.0000,0.000,-0.000,10.3720,0.0,,,,,,THU,1,goc=-30;cu_ly=25;lan=1,1
21.0317,1790254740.969790,0.0206,0,,,0.000,,,28.2822,36.9690,-17.7725,13.1110,0.0000,-13.0000,,,,CHO,0.3900,-12.9605,0.3156,-12.9433,0.0000,0.0000,0.000,-0.000,10.3720,0.0,,,,,,THU,1,goc=-30;cu_ly=25;lan=1,1
21.0521,1790254740.990265,0.0205,0,,,0.000,,,28.2822,36.9690,-17.7725,13.1110,0.0000,-13.0000,,,,CHO,0.3900,-12.9605,0.3156,-12.9433,0.0000,0.0000,0.000,-0.000,10.3720,0.0,,,,,,THU,1,goc=-30;cu_ly=25;lan=1,1
21.0725,1790254741.010692,0.0204,0,,,0.000,,,28.2822,36.9690,-17.7725,13.1110,0.0000,-13.0000,,,,CHO,0.3900,-12.9605,0.3156,-12.9433,0.0000,0.0000,0.000,-0.000,10.3720,0.0,,,,,,THU,1,goc=-30;cu_ly=25;lan=1,1
21.0928,1790254741.031014,0.0203,0,,,0.000,,,28.2822,36.9690,-17.7725,13.1110,0.0000,-13.0000,,,,CHO,0.3900,-12.9605,0.3156,-12.9433,0.0000,0.0000,0.000,-0.000,10.3720,0.0,,,,,,THU,1,goc=-30;cu_ly=25;lan=1,1
21.1129,1790254741.051094,0.0201,0,,,0.000,,,28.2822,36.9690,-17.7725,13.1110,0.0000,-13.0000,,,,CHO,0.3900,-12.9605,0.3156,-12.9433,0.0000,0.0000,0.000,-0.000,10.3720,0.0,,,,,,THU,1,goc=-30;cu_ly=25;lan=1,1
21.1333,1790254741.071507,0.0204,0,,,0.000,,,28.2822,36.9690,-17.7725,13.1110,0.0000,-13.0000,,,,CHO,0.3900,-12.9605,0.3156,-12.9433,0.0000,0.0000,0.000,-0.000,10.3720,0.0,,,,,,THU,1,goc=-30;cu_ly=25;lan=1,1
21.1540,1790254741.092171,0.0207,0,,,0.000,,,28.2822,36.9690,-17.7725,13.1110,0.0000,-13.0000,,,,CHO,0.3900,-12.9605,0.3156,-12.9433,0.0000,0.0000,0.000,-0.000,10.3720,0.0,,,,,,THU,1,goc=-30;cu_ly=25;lan=1,1
21.1740,1790254741.112209,0.0200,0,,,0.000,,,28.2822,36.9690,-17.7725,13.1110,0.0000,-13.0000,,,,CHO,0.3900,-12.9605,0.3156,-12.9433,0.0000,0.0000,0.000,-0.000,10.3720,0.0,,,,,,THU,1,goc=-30;cu_ly=25;lan=1,1
21.1945,1790254741.132503,0.0204,0,,,0.000,,,28.2822,36.9690,-17.7725,13.1110,0.0000,-13.0000,,,,CHO,0.3900,-12.9605,0.3156,-12.9433,0.0000,0.0000,0.000,-0.000,10.3720,0.0,,,,,,THU,1,goc=-30;cu_ly=25;lan=1,1
21.2150,1790254741.153228,0.0206,0,,,0.000,,,28.2822,36.9690,-17.7725,13.1110,0.0000,-13.0000,,,,CHO,0.3900,-12.9605,0.3156,-12.9433,0.0000,0.0000,0.000,-0.000,10.3720,0.0,,,,,,THU,1,goc=-30;cu_ly=25;lan=1,1
21.2353,1790254741.173554,0.0203,0,,,0.000,,,28.2822,36.9690,-17.7725,13.1110,0.0000,-13.0000,,,,CHO,0.3900,-12.9605,0.3156,-12.9433,0.0000,0.0000,0.000,-0.000,10.3720,0.0,,,,,,THU,1,goc=-30;cu_ly=25;lan=1,1
21.2555,1790254741.193655,0.0201,0,,,0.000,,,28.2822,36.9690,-17.7725,13.1110,0.0000,-13.0000,,,,CHO,0.3900,-12.9605,0.3156,-12.9433,0.0000,0.0000,0.000,-0.000,10.3720,0.0,,,,,,THU,1,goc=-30;cu_ly=25;lan=1,1
21.2762,1790254741.214298,0.0207,0,,,0.000,,,28.2822,36.9690,-17.7725,13.1110,0.0000,-13.0000,,,,CHO,0.3900,-12.9605,0.3156,-12.9433,0.0000,0.0000,0.000,-0.000,10.3720,0.0,,,,,,THU,1,goc=-30;cu_ly=25;lan=1,1
21.2966,1790254741.234812,0.0204,0,,,0.000,,,28.2822,36.9690,-17.7725,13.1110,0.0000,-13.0000,,,,CHO,0.3900,-12.9605,0.3156,-12.9433,0.0000,0.0000,0.000,-0.000,10.3720,0.0,,,,,,THU,1,goc=-30;cu_ly=25;lan=1,1
21.3167,1790254741.254876,0.0201,0,,,0.000,,,28.2822,36.9690,-17.7725,13.1110,0.0000,-13.0000,,,,CHO,0.3900,-12.9605,0.3156,-12.9433,0.0000,0.0000,0.000,-0.000,10.3720,0.0,,,,,,THU,1,goc=-30;cu_ly=25;lan=1,1
21.3371,1790254741.275243,0.0204,0,,,0.000,,,28.2822,36.9690,-17.7725,13.1110,0.0000,-13.0000,,,,CHO,0.3900,-12.9605,0.3156,-12.9433,0.0000,0.0000,0.000,-0.000,10.3720,0.0,,,,,,THU,1,goc=-30;cu_ly=25;lan=1,1
21.3573,1790254741.295477,0.0202,0,,,0.000,,,28.2822,36.9690,-17.7725,13.1110,0.0000,-13.0000,,,,CHO,0.3900,-12.9605,0.3156,-12.9433,0.0000,0.0000,0.000,-0.000,10.3720,0.0,,,,,,THU,1,goc=-30;cu_ly=25;lan=1,1
21.3775,1790254741.315752,0.0203,0,,,0.000,,,28.2822,36.9690,-17.7725,13.1110,0.0000,-13.0000,,,,CHO,0.3900,-12.9605,0.3156,-12.9433,0.0000,0.0000,0.000,-0.000,10.3720,0.0,,,,,,THU,1,goc=-30;cu_ly=25;lan=1,1
21.3977,1790254741.335848,0.0202,0,,,0.000,,,28.2822,36.9690,-17.7725,13.1110,0.0000,-13.0000,,,,CHO,0.3900,-12.9605,0.3156,-12.9433,0.0000,0.0000,0.000,-0.000,10.3720,0.0,,,,,,THU,1,goc=-30;cu_ly=25;lan=1,1
21.4179,1790254741.356035,0.0202,0,,,0.000,,,28.2822,36.9690,-17.7725,13.1110,0.0000,-13.0000,,,,CHO,0.3900,-12.9605,0.3156,-12.9433,0.0000,0.0000,0.000,-0.000,10.3720,0.0,,,,,,THU,1,goc=-30;cu_ly=25;lan=1,1
21.4380,1790254741.376147,0.0200,0,,,0.000,,,28.2822,36.9690,-17.7725,13.1110,0.0000,-13.0000,,,,CHO,0.3900,-12.9605,0.3156,-12.9433,0.0000,0.0000,0.000,-0.000,10.3720,0.0,,,,,,THU,1,goc=-30;cu_ly=25;lan=1,1
21.4581,1790254741.396169,0.0202,0,,,0.000,,,28.2822,36.9690,-17.7725,13.1110,0.0000,-13.0000,,,,CHO,0.3900,-12.9605,0.3156,-12.9433,0.0000,0.0000,0.000,-0.000,10.3720,0.0,,,,,,THU,1,goc=-30;cu_ly=25;lan=1,1
21.4784,1790254741.416613,0.0203,0,,,0.000,,,28.2822,36.9690,-17.7725,13.1110,0.0000,-13.0000,,,,CHO,0.3900,-12.9605,0.3156,-12.9433,0.0000,0.0000,0.000,-0.000,10.3720,0.0,,,,,,THU,1,goc=-30;cu_ly=25;lan=1,1
21.4985,1790254741.436604,0.0201,0,,,0.000,,,28.2822,36.9690,-17.7725,13.1110,0.0000,-13.0000,-8.3735,0.2051,0.1138,CHO_IFF,0.3900,-12.9605,0.3156,-12.9433,0.0000,0.0000,0.000,-0.000,10.3720,0.0,,51,CHO,,0,THU,1,goc=-30;cu_ly=25;lan=1,1
21.5192,1790254741.457338,0.0207,0,,,0.000,,,28.2822,36.9690,-17.7725,13.1110,0.0000,-13.0000,-8.3735,0.2051,0.1138,CHO_IFF,0.3900,-12.9605,0.3156,-12.9433,0.0000,0.0000,0.000,-0.000,10.3720,0.0,,51,CHO,,0,THU,1,goc=-30;cu_ly=25;lan=1,1
21.5393,1790254741.477463,0.0201,0,,,0.000,,,28.2822,36.9690,-17.7725,13.1110,0.0000,-13.0000,-8.3735,0.2051,0.1138,CHO_IFF,0.3900,-12.9605,0.3156,-12.9433,0.0000,0.0000,0.000,-0.000,10.3720,0.0,,51,CHO,,0,THU,1,goc=-30;cu_ly=25;lan=1,1
21.5594,1790254741.497583,0.0201,0,,,0.000,,,28.2822,36.9690,-17.7725,13.1110,0.0000,-13.0000,-8.3735,0.2051,0.1138,CHO_IFF,0.3900,-12.9605,0.3156,-12.9433,0.0000,0.0000,0.000,-0.000,10.3720,0.0,,51,CHO,,0,THU,1,goc=-30;cu_ly=25;lan=1,1
21.5799,1790254741.518094,0.0205,0,,,0.000,,,28.2822,36.9690,-17.7725,13.1110,0.0000,-13.0000,-8.3735,0.2051,0.1138,CHO_IFF,0.3900,-12.9605,0.3156,-12.9433,0.0000,0.0000,0.000,-0.000,10.3720,0.0,,51,CHO,,0,THU,1,goc=-30;cu_ly=25;lan=1,1
21.6004,1790254741.538616,0.0205,0,,,0.000,,,28.2822,36.9690,-17.7725,13.1110,0.0000,-13.0000,-8.3735,0.2051,0.1138,CHO_IFF,0.3900,-12.9605,0.3156,-12.9433,0.0000,0.0000,0.000,-0.000,10.3720,0.0,,51,CHO,,0,THU,1,goc=-30;cu_ly=25;lan=1,1
21.6210,1790254741.559133,0.0206,0,,,0.000,,,28.2822,36.9690,-17.7725,13.1110,0.0000,-13.0000,-1.2810,0.2123,0.1870,CHO_IFF,0.3900,-12.9605,0.3156,-12.9433,0.0000,0.0000,0.000,-0.000,10.3720,0.0,,51,CHO,,0,THU,1,goc=-30;cu_ly=25;lan=1,1
21.6415,1790254741.579650,0.0205,0,,,0.000,,,28.2822,36.9690,-17.7725,13.1110,0.0000,-13.0000,-1.2810,0.2123,0.1870,CHO_IFF,0.3900,-12.9605,0.3156,-12.9433,0.0000,0.0000,0.000,-0.000,10.3720,0.0,,51,CHO,,0,THU,1,goc=-30;cu_ly=25;lan=1,1
21.6619,1790254741.599948,0.0204,0,,,0.000,,,28.2822,36.9690,-17.7725,13.1110,0.0000,-13.0000,-1.2810,0.2123,0.1870,CHO_IFF,0.3900,-12.9605,0.3156,-12.9433,0.0000,0.0000,0.000,-0.000,10.3720,0.0,,51,CHO,,0,THU,1,goc=-30;cu_ly=25;lan=1,1
21.6826,1790254741.620715,0.0207,0,,,0.000,,,28.2822,36.9690,-17.7725,13.1110,0.0000,-13.0000,-1.2810,0.2123,0.1870,CHO_IFF,0.3900,-12.9605,0.3156,-12.9433,0.0000,0.0000,0.000,-0.000,10.3720,0.0,,51,CHO,,0,THU,1,goc=-30;cu_ly=25;lan=1,1
21.7029,1790254741.641084,0.0203,0,,,0.000,,,28.2822,36.9690,-17.7725,13.1110,0.0000,-13.0000,-1.2810,0.2123,0.1870,CHO_IFF,0.3900,-12.9605,0.3156,-12.9433,0.0000,0.0000,0.000,-0.000,10.3720,0.0,,51,CHO,,0,THU,1,goc=-30;cu_ly=25;lan=1,1
21.7235,1790254741.661637,0.0206,0,,,0.000,,,28.2822,36.9690,-17.7725,13.1110,0.0000,-13.0000,-1.2810,0.2123,0.1870,CHO_IFF,0.3900,-12.9605,0.3156,-12.9433,0.0000,0.0000,0.000,-0.000,10.3720,0.0,,51,CHO,,0,THU,1,goc=-30;cu_ly=25;lan=1,1
21.7439,1790254741.681928,0.0203,0,,,0.000,,,28.2822,36.9690,-17.7725,13.1110,0.0000,-13.0000,3.5968,0.2186,0.1590,CHO_IFF,0.3900,-12.9605,0.3156,-12.9433,0.0000,0.0000,0.000,-0.000,10.3720,0.0,,51,CHO,,0,THU,1,goc=-30;cu_ly=25;lan=1,1
21.7640,1790254741.702161,0.0201,0,,,0.000,,,28.2822,36.9690,-17.7725,13.1110,0.0000,-13.0000,3.5968,0.2186,0.1590,CHO_IFF,0.3900,-12.9605,0.3156,-12.9433,0.0000,0.0000,0.000,-0.000,10.3720,0.0,,51,CHO,,0,THU,1,goc=-30;cu_ly=25;lan=1,1
21.7845,1790254741.722635,0.0206,0,,,0.000,,,28.2822,36.9690,-17.7725,13.1110,0.0000,-13.0000,3.5968,0.2186,0.1590,CHO_IFF,0.3900,-12.9605,0.3156,-12.9433,0.0000,0.0000,0.000,-0.000,10.3720,0.0,,51,CHO,,0,THU,1,goc=-30;cu_ly=25;lan=1,1
21.8052,1790254741.743334,0.0207,0,,,0.000,,,28.2822,36.9690,-17.7725,13.1110,0.0000,-13.0000,3.5968,0.2186,0.1590,CHO_IFF,0.3900,-12.9605,0.3156,-12.9433,0.0000,0.0000,0.000,-0.000,10.3720,0.0,,51,CHO,,0,THU,1,goc=-30;cu_ly=25;lan=1,1
21.8253,1790254741.763381,0.0201,0,,,0.000,,,28.2822,36.9690,-17.7725,13.1110,0.0000,-13.0000,3.5968,0.2186,0.1590,CHO_IFF,0.3900,-12.9605,0.3156,-12.9433,0.0000,0.0000,0.000,-0.000,10.3720,0.0,,51,CHO,,0,THU,1,goc=-30;cu_ly=25;lan=1,1
21.8458,1790254741.784024,0.0205,0,,,0.000,,,28.2822,36.9690,-17.7725,13.1110,0.0000,-13.0000,3.5968,0.2186,0.1590,CHO_IFF,0.3900,-12.9605,0.3156,-12.9433,0.0000,0.0000,0.000,-0.000,10.3720,0.0,,51,CHO,,0,THU,1,goc=-30;cu_ly=25;lan=1,1
21.8661,1790254741.804229,0.0203,0,,,0.000,,,28.2822,36.9690,-17.7725,13.1110,0.0000,-13.0000,8.1681,0.2273,0.1633,CHO_IFF,0.3900,-12.9605,0.3156,-12.9433,0.0000,0.0000,0.000,-0.000,10.3720,0.0,,51,CHO,,0,THU,1,goc=-30;cu_ly=25;lan=1,1
21.8863,1790254741.824382,0.0202,0,,,0.000,,,28.2822,36.9690,-17.7725,13.1110,0.0000,-13.0000,8.1681,0.2273,0.1633,CHO_IFF,0.3900,-12.9605,0.3156,-12.9433,0.0000,0.0000,0.000,-0.000,10.3720,0.0,,51,CHO,,0,THU,1,goc=-30;cu_ly=25;lan=1,1
21.9068,1790254741.845012,0.0205,0,,,0.000,,,28.2822,36.9690,-17.7725,13.1110,0.0000,-13.0000,8.1681,0.2273,0.1633,CHO_IFF,0.3900,-12.9605,0.3156,-12.9433,0.0000,0.0000,0.000,-0.000,10.3720,0.0,,51,CHO,,0,THU,1,goc=-30;cu_ly=25;lan=1,1
21.9272,1790254741.865402,0.0204,0,,,0.000,,,28.2822,36.9690,-17.7725,13.1110,0.0000,-13.0000,8.1681,0.2273,0.1633,CHO_IFF,0.3900,-12.9605,0.3156,-12.9433,0.0000,0.0000,0.000,-0.000,10.3720,0.0,,51,CHO,,0,THU,1,goc=-30;cu_ly=25;lan=1,1
21.9473,1790254741.885300,0.0201,0,,,0.000,,,28.2822,36.9690,-17.7725,13.1110,0.0000,-13.0000,8.1681,0.2273,0.1633,CHO_IFF,0.3900,-12.9605,0.3156,-12.9433,0.0000,0.0000,0.000,-0.000,10.3720,0.0,,51,THU,NO_TX,360,THU,1,goc=-30;cu_ly=25;lan=1,1
21.9674,1790254741.905556,0.0201,0,,,0.000,,,28.2822,36.9690,-17.7725,13.1110,-0.8497,-10.7526,12.7166,0.2381,0.1742,BAN_GIAO,0.3900,-12.9605,0.1908,-12.7812,-1.2397,2.2079,-6.198,8.054,10.3720,0.0,,51,THU,NO_TX,360,THU,1,goc=-30;cu_ly=25;lan=1,1
21.9879,1790254741.926066,0.0205,0,,,0.000,,,28.2822,36.9690,-17.7725,13.1110,-0.8497,-10.7526,12.7166,0.2381,0.1742,BAN_GIAO,0.3900,-12.9605,0.0640,-12.5554,-1.2397,2.2079,-6.198,11.040,10.3720,0.0,,51,THU,NO_TX,360,THU,1,goc=-30;cu_ly=25;lan=1,1
22.0079,1790254741.946111,0.0200,1,411.00,188.75,0.468,-5.7195,-9.4992,-5.7195,0.0000,-9.4992,0.0000,-5.7195,-9.4992,12.7166,0.2381,0.1742,BAM,0.3900,-12.9605,-0.2211,-12.2084,-6.1095,3.4613,-14.218,17.306,,61.1,104.44,51,THU,NO_TX,360,THU,1,goc=-30;cu_ly=25;lan=1,1
22.0282,1790254741.966387,0.0203,1,442.25,214.50,0.630,-7.8479,-11.1500,-7.8125,-60.0000,-11.1202,-60.0000,-13.1271,-16.3299,12.7166,0.2381,0.1742,BAM,0.3900,-12.9605,-0.6745,-12.0219,-13.5171,-3.3694,-22.338,9.187,2.0981,30.1,124.88,51,THU,NO_TX,360,THU,1,goc=-30;cu_ly=25;lan=1,1
22.0490,1790254741.987177,0.0208,0,442.25,214.50,0.630,,,-9.0619,-60.0000,-12.3696,-60.0000,-14.3227,-17.5276,12.7166,0.2381,0.1742,BAM,0.3900,-12.9605,-1.3131,-12.0041,-14.7127,-4.5671,-30.667,0.857,2.0981,30.1,124.88,51,THU,NO_TX,360,THU,1,goc=-30;cu_ly=25;lan=1,1
22.0691,1790254742.007239,0.0200,1,467.44,207.00,0.676,-9.4951,-10.6084,-9.5498,-46.2918,-10.8202,-7.2690,-14.5212,-11.0171,12.7166,0.2381,0.1742,BAM,0.3900,-12.9605,-2.0880,-11.8263,-14.9112,1.9434,-38.680,8.871,10.7489,33.0,151.09,51,THU,NO_TX,360,THU,1,goc=-30;cu_ly=25;lan=1,1
22.0891,1790254742.027319,0.0200,0,467.44,207.00,0.676,,,-10.4766,-46.2918,-10.9658,-7.2690,-15.3504,-11.1292,12.7166,0.2381,0.1742,BAM,0.3287,-12.9053,-3.0228,-11.6505,-15.6791,1.7761,-46.689,8.785,10.7489,33.0,151.09,51,THU,NO_TX,360,THU,1,goc=-30;cu_ly=25;lan=1,1
22.1093,1790254742.047512,0.0203,1,481.75,200.00,0.578,-10.4134,-10.1206,-10.6252,-34.7868,-10.3327,3.9667,-14.3052,-10.2776,17.3133,0.2425,0.1658,BAM,0.2465,-12.7967,-4.1326,-11.4006,-14.5517,2.5191,-54.791,12.335,7.0491,47.2,166.62,51,THU,NO_TX,360,THU,1,goc=-30;cu_ly=25;lan=1,1
22.1294,1790254742.067592,0.0201,0,481.75,200.00,0.578,,,-11.3236,-34.7868,-10.2531,3.9667,-14.8791,-10.2124,17.3133,0.2425,0.1658,BAM,0.1023,-12.6152,-5.3938,-11.1697,-14.9814,2.4028,-62.821,11.500,7.0491,47.2,166.62,51,THU,NO_TX,360,THU,1,goc=-30;cu_ly=25;lan=1,1
22.1496,1790254742.087777,0.0202,1,474.50,160.00,0.716,-9.8940,-7.4752,-10.4677,-12.3633,-8.2161,31.5565,-11.3000,-4.9407,17.3133,0.2425,0.1658,BAM,-0.1383,-12.4315,-6.5052,-10.7747,-11.1618,7.4908,-55.070,19.573,53.1852,33.7,173.98,51,THU,NO_TX,360,THU,1,goc=-30;cu_ly=25;lan=1,1
22.1697,1790254742.107960,0.0201,0,474.50,160.00,0.716,,,-10.7166,-12.3633,-7.5807,31.5565,-11.4239,-4.4369,17.3133,0.2425,0.1658,BAM,-0.5015,-12.2994,-7.5809,-10.2184,-10.9224,7.8625,-53.417,27.627,53.1852,33.7,173.98,51,THU,NO_TX,360,THU,1,goc=-30;cu_ly=25;lan=1,1
22.1898,1790254742.128055,0.0201,1,479.00,156.50,0.775,-10.6322,-6.7755,-10.7255,-8.8362,-6.8249,33.3170,-11.1491,-3.3325,17.3133,0.2425,0.1658,BAM,-0.9911,-12.1534,-8.5656,-9.5021,-10.1580,8.8209,-49.025,35.662,0.6759,47.3,179.59,51,THU,NO_TX,360,THU,1,goc=-30;cu_ly=25;lan=1,1
22.2099,1790254742.148153,0.0201,0,479.00,156.50,0.775,,,-10.9032,-8.8362,-6.1550,33.3170,-11.2430,-2.7901,17.3133,0.2425,0.1658,BAM,-1.6185,-11.9981,-9.4840,-8.6234,-9.6245,9.2080,-45.682,43.704,0.6759,47.3,179.59,51,THU,NO_TX,360,THU,1,goc=-30;cu_ly=25;lan=1,1
22.2301,1790254742.168284,0.0202,1,478.25,154.25,0.653,-10.9384,-6.5008,-10.9785,-7.3121,-6.2076,22.7904,-11.2551,-4.0450,23.0277,0.2588,0.2235,BAM,-2.3968,-11.8131,-10.3128,-7.8604,-8.8583,7.7681,-41.074,37.815,4.8630,32.1,179.99,51,THU,NO_TX,360,THU,1,goc=-30;cu_ly=25;lan=1,1
22.2501,1790254742.188334,0.0200,0,478.25,154.25,0.653,,,-11.1248,-7.3121,-5.7518,22.7904,-11.3405,-3.7361,23.0277,0.2588,0.2235,BAM,-3.3190,-11.6151,-11.0336,-7.0951,-8.0215,7.8791,-36.036,38.264,4.8630,32.1,179.99,51,THU,NO_TX,360,THU,1,goc=-30;cu_ly=25;lan=1,1
22.2702,1790254742.208924,0.0201,1,468.00,147.00,0.681,-12.1457,-5.5644,-11.9002,-16.6138,-5.4861,19.9890,-13.2739,-3.6848,23.0277,0.2588,0.2235,BAM,-4.3033,-11.3555,-11.8387,-6.3501,-8.9706,7.6708,-40.024,37.036,4.0732,46.1,174.79,51,THU,NO_TX,360,THU,1,goc=-30;cu_ly=25;lan=1,1
22.2908,1790254742.230011,0.0206,0,468.00,147.00,0.681,,,-12.2420,-16.6138,-5.0749,19.9890,-13.4653,-3.4261,23.0277,0.2588,0.2235,BAM,-5.3316,-10.9987,-12.5631,-5.6045,-8.1337,7.5726,-35.210,36.242,4.0732,46.1,174.79,51,THU,NO_TX,360,THU,1,goc=-30;cu_ly=25;lan=1,1
22.3112,1790254742.249406,0.0204,1,463.00,143.00,0.639,-12.7327,-5.1149,-12.6910,-18.2257,-4.9877,15.3482,-14.2744,-3.7877,23.0277,0.2588,0.2235,BAM,-6.3416,-10.5313,-13.2528,-4.9572,-7.9328,6.7437,-33.747,31.673,1.0206,32.8,172.79,51,THU,NO_TX,360,THU,1,goc=-30;cu_ly=25;lan=1,1
22.3318,1790254742.269979,0.0205,1,488.50,210.25,0.629,-16.5383,-8.8497,-15.0854,-50.9704,-7.0769,-22.7362,-20.7378,-9.2401,23.0277,0.2588,0.2235,BAM,-7.3256,-9.9339,-14.1135,-4.4757,-13.4121,0.0000,-41.953,23.467,206.0130,32.6,171.11,51,THU,NO_TX,360,THU,1,goc=-30;cu_ly=25;lan=1,1
22.3519,1790254742.290602,0.0202,0,488.50,210.25,0.629,,,-16.1137,-50.9704,-7.5356,-22.7362,-21.6706,-9.5496,28.7234,0.2862,0.2792,BAM,-8.2503,-9.2921,-15.1226,-4.1651,-13.4203,0.0000,-50.023,15.397,206.0130,32.6,171.11,51,THU,NO_TX,360,THU,1,goc=-30;cu_ly=25;lan=1,1
22.3720,1790254742.310699,0.0200,0,488.50,210.25,0.629,,,-17.1355,-50.9704,-7.9914,-22.7362,-22.6007,-9.8762,28.7234,0.2862,0.2792,BAM,-9.1081,-8.6149,-16.2863,-4.0172,-13.4926,-1.2613,-58.042,7.378,206.0130,32.6,171.11,51,THU,NO_TX,360,THU,1,goc=-30;cu_ly=25;lan=1,1
22.3925,1790254742.331267,0.0206,1,490.50,217.75,0.547,-18.6481,-8.2907,-18.5591,-55.9976,-8.3243,-20.9545,-24.8128,-10.2586,28.7234,0.2862,0.2792,BAM,-9.9648,-7.9044,-17.6496,-4.0347,-14.8481,-2.3542,-66.271,-0.851,0.8091,46.7,171.95,51,THU,NO_TX,360,THU,1,goc=-30;cu_ly=25;lan=1,1
22.4126,1790254742.350841,0.0201,1,474.25,269.25,0.545,-19.4352,-10.3942,-19.5362,-53.7527,-9.7148,-35.4054,-25.5222,-13.4746,28.7234,0.2862,0.2792,BAM,-10.7664,-7.1948,-19.0052,-4.2131,-14.7558,-6.2798,-67.513,-8.883,18.3173,31.2,157.00,51,THU,NO_TX,360,THU,1,goc=-30;cu_ly=25;lan=1,1
22.4327,1790254742.370901,0.0201,0,474.25,269.25,0.545,,,-20.6167,-53.7527,-10.4265,-35.4054,-26.5116,-14.0628,28.7234,0.2862,0.2792,BAM,-11.5342,-6.5039,-20.3871,-4.5533,-14.9775,-7.5589,-68.746,-16.923,18.3173,31.2,157.00,51,THU,NO_TX,360,THU,1,goc=-30;cu_ly=25;lan=1,1
22.4532,1790254742.391432,0.0205,1,440.50,277.00,0.602,-18.8428,-9.5626,-19.7086,-22.3381,-10.0552,-18.5868,-21.8231,-11.6732,31.9616,0.3003,0.2060,BAM,-12.3416,-5.8689,-21.6287,-5.0686,-9.4815,-5.8042,-60.543,-25.127,55.8514,47.8,126.05,51,THU,NO_TX,360,THU,1,goc=-30;cu_ly=25;lan=1,1
22.4734,1790254742.413012,0.0201,0,440.50,277.00,0.602,,,-20.1585,-22.3381,-10.4296,-18.5868,-22.1233,-11.8988,31.9616,0.3003,0.2060,BAM,-13.2015,-5.3421,-22.6859,-5.7369,-8.9218,-6.5567,-52.486,-33.183,55.8514,47.8,126.05,51,THU,NO_TX,360,THU,1,goc=-30;cu_ly=25;lan=1,1
22.4939,1790254742.432084,0.0205,1,361.50,279.00,0.491,-15.1299,-8.4538,-16.6541,36.5220,-9.1274,5.9730,-12.7525,-8.9599,31.9616,0.3003,0.2060,BAM,-14.1663,-4.9277,-23.5930,-6.2488,1.4138,-4.0321,-44.294,-24.991,170.8976,33.9,56.95,51,THU,NO_TX,360,THU,1,goc=-30;cu_ly=25;lan=1,1
22.5139,1790254742.452148,0.0201,0,361.50,279.00,0.491,,,-15.9214,36.5220,-9.0075,5.9730,-12.1409,-8.8801,31.9616,0.3003,0.2060,BAM,-15.2404,-4.6524,-24.3207,-6.7450,3.0995,-4.2278,-36.269,-24.733,170.8976,33.9,56.95,51,THU,NO_TX,360,THU,1,goc=-30;cu_ly=25;lan=1,1
22.5341,1790254742.472323,0.0202,0,,,0.000,,,-15.1835,33.0126,-8.8869,5.3991,-12.0827,-8.8093,31.9616,0.3003,0.2060,BAM,-16.4070,-4.5162,-24.8902,-7.2391,4.3243,-4.2931,-28.187,-24.459,170.8976,47.7,,51,THU,NO_TX,360,THU,1,goc=-30;cu_ly=25;lan=1,1
22.5542,1790254742.492392,0.0201,0,,,0.000,,,-14.5212,29.8620,-8.7786,4.8838,-12.0165,-8.7299,31.9616,0.3003,0.2060,BAM,-17.6342,-4.5277,-25.2946,-7.7064,5.6177,-4.2022,-20.163,-23.292,170.8976,47.7,,51,THU,NO_TX,360,THU,1,goc=-30;cu_ly=25;lan=1,1
22.5743,1790254742.512545,0.0201,1,242.50,285.50,0.528,-11.2237,-7.5122,-11.5352,58.8903,-7.6606,16.1899,-5.0191,-6.3580,32.1406,0.3022,0.0700,BAM,-18.8689,-4.6948,-25.5384,-8.0132,13.8497,-1.6632,-12.110,-15.240,17.3881,30.3,89.87,51,THU,NO_TX,360,THU,1,goc=-30;cu_ly=25;lan=1,1
22.5952,1790254742.533355,0.0208,0,242.50,285.50,0.528,,,-10.3077,58.8903,-7.3231,16.1899,-3.8770,-6.1680,32.1406,0.3022,0.0700,BAM,-20.0772,-5.0247,-25.6171,-8.1571,16.2002,-1.1433,-3.773,-6.902,17.3881,30.3,89.87,51,THU,NO_TX,360,THU,1,goc=-30;cu_ly=25;lan=1,1
22.6152,1790254742.553390,0.0200,1,216.62,282.50,0.535,-10.7367,-7.3022,-10.3444,40.7744,-7.2188,13.1904,-5.9682,-6.3144,32.1406,0.3022,0.0700,BAM,-21.1593,-5.4015,-25.5324,-8.1525,15.1911,0.0000,4.231,0.230,11.3818,33.3,111.77,51,THU,NO_TX,360,THU,1,goc=-30;cu_ly=25;lan=1,1
22.6353,1790254742.573441,0.0201,0,216.62,282.50,0.535,,,-9.5244,40.7744,-6.9535,13.1904,-5.2587,-6.1726,32.1406,0.3022,0.0700,BAM,-22.1357,-5.8164,-25.2856,-8.1345,16.8770,0.0000,12.275,0.894,11.3818,33.3,111.77,51,THU,NO_TX,360,THU,1,goc=-30;cu_ly=25;lan=1,1
22.6558,1790254742.594015,0.0205,1,178.88,279.75,0.662,-11.7655,-7.9395,-10.9567,6.8635,-7.5823,0.0548,-10.7249,-7.5823,32.1406,0.3022,0.0700,BAM,-22.9980,-6.2618,-24.8656,-8.2402,12.2731,-1.3205,20.478,-5.153,50.4899,48.7,146.62,51,THU,NO_TX,360,THU,1,goc=-30;cu_ly=25;lan=1,1
22.6758,1790254742.614054,0.0200,0,178.88,279.75,0.662,,,-10.8191,6.8635,-7.5812,0.0548,-10.6390,-7.5812,32.1406,0.3022,0.0700,BAM,-23.7058,-6.7070,-24.2944,-8.2024,13.0668,0.0000,28.496,1.885,50.4899,48.7,146.62,51,THU,NO_TX,360,THU,1,goc=-30;cu_ly=25;lan=1,1
22.6964,1790254742.634580,0.0206,1,178.25,268.00,0.552,-12.7042,-7.5773,-12.1529,-14.8892,-7.5781,0.0841,-13.3012,-7.5781,30.6033,0.2928,0.0693,BAM,-24.2809,-7.1169,-23.5386,-8.1583,10.9797,0.0000,36.728,2.145,19.4475,31.8,144.49,51,THU,NO_TX,360,THU,1,goc=-30;cu_ly=25;lan=1,1
22.7164,1790254742.654655,0.0200,0,178.25,268.00,0.552,,,-12.4512,-14.8892,-7.5764,0.0841,-13.4593,-7.5764,30.6033,0.2928,0.0693,BAM,-24.6925,-7.4373,-22.6424,-8.1141,11.2331,0.0000,44.740,2.204,19.4475,31.8,144.49,51,THU,NO_TX,360,THU,1,goc=-30;cu_ly=25;lan=1,1
22.7365,1790254742.674754,0.0201,1,158.88,271.25,0.631,-13.5485,-9.0383,-13.3254,-23.3820,-8.6178,-15.0482,-15.5747,-9.7786,30.6033,0.2928,0.0693,BAM,-24.9778,-7.6594,-21.6015,-8.2312,9.4031,-2.1192,51.821,-5.831,12.9218,47.0,164.13,51,THU,NO_TX,360,THU,1,goc=-30;cu_ly=25;lan=1,1
22.7567,1790254742.694880,0.0201,0,158.88,271.25,0.631,,,-13.7962,-23.3820,-8.9208,-15.0482,-15.8970,-9.9419,30.6033,0.2928,0.0693,BAM,-25.0729,-7.8063,-20.6001,-8.4090,9.1759,-2.1356,49.735,-8.829,12.9218,47.0,164.13,51,THU,NO_TX,360,THU,1,goc=-30;cu_ly=25;lan=1,1
22.7767,1790254742.714921,0.0200,1,138.25,265.00,0.748,-12.6247,-8.9034,-13.0851,-5.9318,-8.9953,-11.7552,-13.2516,-9.7438,30.6033,0.2928,0.0693,BAM,-25.0091,-7.9399,-19.4432,-8.5566,11.7574,-1.8039,57.748,-7.366,13.6102,33.4,183.46,51,THU,NO_TX,360,THU,1,goc=-30;cu_ly=25;lan=1,1
22.7967,1790254742.734950,0.0200,0,138.25,265.00,0.748,,,-13.2039,-5.9318,-9.2308,-11.7552,-13.3302,-9.8629,30.6033,0.2928,0.0693,BAM,-24.7889,-8.0208,-18.2591,-8.7128,11.4587,-1.8421,59.107,-7.799,13.6102,33.4,183.46,51,THU,NO_TX,360,THU,1,goc=-30;cu_ly=25;lan=1,1
22.8168,1790254742.755033,0.0201,1,130.62,242.50,0.741,-12.4777,-7.9157,-12.7154,3.0633,-8.3640,4.2611,-12.6874,-8.2956,27.2630,0.2692,0.1804,BAM,-24.4031,-8.0632,-17.0681,-8.7081,11.7156,0.0000,59.305,0.234,14.5957,45.9,189.39,51,THU,NO_TX,360,THU,1,goc=-30;cu_ly=25;lan=1,1
22.8370,1790254742.775112,0.0201,1,127.00,265.75,0.835,-11.9757,-9.4967,-12.2620,9.4392,-8.9746,-6.8194,-11.7686,-9.2079,27.2630,0.2692,0.1804,BAM,-23.8588,-8.0789,-15.8585,-8.8033,12.0902,-1.1290,60.068,-4.729,13.5310,31.3,194.71,51,THU,NO_TX,360,THU,1,goc=-30;cu_ly=25;lan=1,1
22.8570,1790254742.795162,0.0200,0,127.00,265.75,0.835,,,-12.0730,9.4392,-9.1112,-6.8194,-11.6733,-9.2915,27.2630,0.2692,0.1804,BAM,-23.1635,-8.1258,-14.7378,-8.9043,11.4903,-1.1657,55.954,-5.042,13.5310,31.3,194.71,51,THU,NO_TX,360,THU,1,goc=-30;cu_ly=25;lan=1,1
22.8770,1790254742.815229,0.0200,1,131.50,287.00,0.788,-11.2898,-10.9430,-11.4699,15.9652,-10.4140,-24.8724,-10.1768,-12.8475,27.2630,0.2692,0.1804,BAM,-22.3738,-8.2131,-13.5664,-9.1659,12.1970,-4.6344,58.468,-13.056,16.1719,32.0,194.27,51,THU,NO_TX,360,THU,1,goc=-30;cu_ly=25;lan=1,1
22.8973,1790254742.835499,0.0203,0,131.50,287.00,0.788,,,-11.1457,15.9652,-10.9190,-24.8724,-10.0001,-13.2060,27.2630,0.2692,0.1804,BAM,-21.4626,-8.3199,-12.4737,-9.5959,11.4625,-4.8861,53.811,-21.178,16.1719,32.0,194.27,51,THU,NO_TX,360,THU,1,goc=-30;cu_ly=25;lan=1,1
22.9173,1790254742.855540,0.0200,1,143.38,308.00,0.803,-10.5276,-12.4683,-10.6113,19.1617,-12.1653,-35.8037,-8.8997,-15.9723,27.2630,0.2692,0.1804,BAM,-20.4768,-8.4408,-11.4038,-10.1796,11.5771,-7.5315,53.486,-29.180,5.5212,46.9,189.26,51,THU,NO_TX,360,THU,1,goc=-30;cu_ly=25;lan=1,1
22.9375,1790254742.875430,0.0201,0,143.38,308.00,0.803,,,-10.2253,19.1617,-12.8866,-35.8037,-8.6661,-16.5708,23.9460,0.2524,0.1679,BAM,-19.4227,-8.5234,-10.4251,-10.9298,10.7566,-8.0473,48.583,-37.238,5.5212,46.9,189.26,51,THU,NO_TX,360,THU,1,goc=-30;cu_ly=25;lan=1,1
22.9578,1790254742.896536,0.0203,1,159.25,304.50,0.831,-9.6659,-12.5082,-9.7133,20.9569,-12.8263,-24.4210,-7.7730,-15.2023,23.9460,0.2524,0.1679,BAM,-18.3129,-8.6106,-9.4728,-11.5856,10.5399,-6.5917,46.802,-32.230,5.7574,32.5,173.21,51,THU,NO_TX,360,THU,1,goc=-30;cu_ly=25;lan=1,1
22.9779,1790254742.916074,0.0200,0,159.25,304.50,0.831,,,-9.2933,20.9569,-13.3156,-24.4210,-7.5038,-15.5462,23.9460,0.2524,0.1679,BAM,-17.2114,-8.7011,-8.6292,-12.2571,9.7076,-6.8451,42.098,-33.509,5.7574,32.5,173.21,51,THU,NO_TX,360,THU,1,goc=-30;cu_ly=25;lan=1,1
22.9980,1790254742.936224,0.0202,0,159.25,304.50,0.831,,,-8.8706,20.9569,-13.8083,-24.4210,-7.2109,-15.9093,23.9460,0.2524,0.1679,BAM,-16.0832,-8.8450,-7.8734,-12.9535,8.8722,-7.0644,37.469,-34.523,5.7574,32.5,173.21,51,THU,NO_TX,360,THU,1,goc=-30;cu_ly=25;lan=1,1
23.0181,1790254742.956305,0.0201,1,178.25,308.00,0.823,-8.7425,-12.9519,-8.6888,17.8813,-13.2088,-10.5963,-7.1486,-13.8216,23.9460,0.2524,0.1679,BAM,-14.9703,-9.0765,-7.2337,-13.4851,7.8217,-4.7451,31.885,-26.499,5.7922,50.1,157.22,51,THU,NO_TX,360,THU,1,goc=-30;cu_ly=25;lan=1,1
23.0387,1790254742.976823,0.0206,1,200.88,303.25,0.792,-8.0176,-12.9237,-8.1400,20.6225,-13.1292,-6.1967,-6.2471,-13.3114,24.3776,0.2563,0.0198,BAM,-13.8514,-9.4226,-6.6047,-13.8609,7.6043,-3.8889,30.578,-18.271,2.2968,30.5,134.88,51,THU,NO_TX,360,THU,1,goc=-30;cu_ly=25;lan=1,1
23.0595,1790254742.997768,0.0209,0,200.88,303.25,0.792,,,-7.7093,20.6225,-13.2587,-6.1967,-5.9726,-13.3968,24.3776,0.2563,0.0198,BAM,-12.7652,-9.9004,-6.0526,-14.1872,6.7927,-3.4964,26.434,-15.620,2.2968,30.5,134.88,51,THU,NO_TX,360,THU,1,goc=-30;cu_ly=25;lan=1,1
23.0797,1790254743.017895,0.0202,1,224.00,287.25,0.792,-7.3412,-12.4867,-7.3271,20.1002,-12.7604,3.3547,-5.5048,-12.7256,24.3776,0.2563,0.0198,BAM,-11.7469,-10.4216,-5.5757,-14.3724,6.2421,-2.3040,23.670,-9.190,3.9293,47.4,107.00,51,THU,NO_TX,360,THU,1,goc=-30;cu_ly=25;lan=1,1
23.0998,1790254743.038003,0.0201,0,224.00,287.25,0.792,,,-6.9234,20.1002,-12.6930,3.3547,-5.2514,-12.6676,24.3776,0.2563,0.0198,BAM,-10.7847,-10.9881,-5.1697,-14.4854,5.5333,-1.6795,20.208,-5.627,3.9293,47.4,107.00,51,THU,NO_TX,360,THU,1,goc=-30;cu_ly=25;lan=1,1
23.1199,1790254743.058129,0.0201,1,237.00,280.50,0.784,-6.0977,-13.0544,-6.2152,24.6213,-12.9314,-1.1186,-3.8030,-12.9328,24.3776,0.2563,0.0198,BAM,-9.8851,-11.5954,-4.7043,-14.5560,6.0821,-1.3374,23.127,-3.509,1.7041,33.0,92.35,51,THU,NO_TX,360,THU,1,goc=-30;cu_ly=25;lan=1,1
23.1400,1790254743.078175,0.0200,0,237.00,280.50,0.784,,,-5.7218,24.6213,-12.9538,-1.1186,-3.4559,-12.9548,24.3776,0.2563,0.0198,BAM,-9.0681,-12.1777,-4.2825,-14.4869,5.6122,0.0000,21.047,3.450,1.7041,33.0,92.35,51,THU,NO_TX,360,THU,1,goc=-30;cu_ly=25;lan=1,1
23.1605,1790254743.099209,0.0206,1,272.50,262.25,0.778,-6.6430,-13.0562,-6.2459,9.4618,-13.0335,-1.9372,-5.7528,-13.0408,24.1951,0.2563,0.0192,BAM,-8.2952,-12.7058,-4.0188,-14.4139,2.5424,0.0000,12.818,3.545,9.8996,47.5,52.45,51,THU,NO_TX,360,THU,1,goc=-30;cu_ly=25;lan=1,1
23.1806,1790254743.118768,0.0200,0,272.50,262.25,0.778,,,-6.0563,9.4618,-13.0723,-1.9372,-5.6563,-13.0775,24.1951,0.2563,0.0192,BAM,-7.6043,-13.1622,-3.9226,-14.3435,1.9480,0.0000,4.803,3.515,9.8996,47.5,52.45,51,THU,NO_TX,360,THU,1,goc=-30;cu_ly=25;lan=1,1
23.2007,1790254743.138888,0.0201,1,303.50,246.75,0.792,-7.1673,-13.1527,-6.8012,-4.3484,-13.1407,-2.3639,-6.8752,-13.1537,24.1951,0.2563,0.0192,BAM,-6.9778,-13.5359,-3.9877,-14.2762,0.0000,0.0000,-3.240,3.347,8.3009,31.1,17.83,51,THU,NO_TX,360,THU,1,goc=-30;cu_ly=25;lan=1,1
23.2208,1790254743.158974,0.0201,1,323.25,234.75,0.739,-7.8262,-12.8126,-7.4296,-13.1525,-12.9738,1.0464,-8.3655,-12.9726,24.1951,0.2563,0.0192,BAM,-6.4198,-13.8289,-4.2141,-14.2144,-1.9457,0.0000,-11.274,3.078,7.4402,31.1,6.17,51,THU,NO_TX,360,THU,1,goc=-30;cu_ly=25;lan=1,1
23.2408,1790254743.179030,0.0201,0,323.25,234.75,0.739,,,-7.6935,-13.1525,-12.9528,1.0464,-8.4971,-12.9519,24.1951,0.2563,0.0192,BAM,-5.8907,-14.0532,-4.5795,-14.0486,-2.6064,1.1012,-18.205,8.260,7.4402,31.1,6.17,51,THU,NO_TX,360,THU,1,goc=-30;cu_ly=25;lan=1,1
23.2609,1790254743.199073,0.0200,0,323.25,234.75,0.739,,,-7.9571,-13.1525,-12.9318,1.0464,-8.6613,-12.9312,24.1951,0.2563,0.0192,BAM,-5.3952,-14.1868,-5.0036,-13.8757,-3.2661,1.2556,-21.165,8.627,7.4402,31.1,6.17,51,THU,NO_TX,360,THU,1,goc=-30;cu_ly=25;lan=1,1
23.2812,1790254743.219415,0.0203,1,342.25,219.00,0.711,-7.4081,-12.6511,-7.5662,-4.2902,-12.7034,3.7961,-7.6389,-12.6527,24.1951,0.2563,0.0077,BAM,-4.9669,-14.2575,-5.3655,-13.6736,-2.6720,1.6047,-17.803,9.945,2.4637,49.0,30.60,51,THU,NO_TX,360,THU,1,goc=-30;cu_ly=25;lan=1,1
23.3014,1790254743.239535,0.0202,1,361.25,212.75,0.650,-8.2031,-12.3588,-7.9796,-9.2780,-12.4691,6.1503,-8.4568,-12.2870,24.1951,0.2563,0.0077,BAM,-4.6733,-14.3059,-5.8264,-13.4383,-3.7835,2.0189,-22.835,11.653,2.6128,31.8,49.44,51,THU,NO_TX,360,THU,1,goc=-30;cu_ly=25;lan=1,1
23.3219,1790254743.260101,0.0205,0,361.25,212.75,0.650,,,-8.1698,-9.2780,-12.3430,6.1503,-8.5533,-12.2051,24.1951,0.2563,0.0077,BAM,-4.4587,-14.2966,-6.3151,-13.1998,-4.0946,2.0916,-23.838,11.634,2.6128,31.8,49.44,51,THU,NO_TX,360,THU,1,goc=-30;cu_ly=25;lan=1,1
23.3422,1790254743.280330,0.0203,0,361.25,212.75,0.650,,,-8.3580,-9.2780,-12.2182,6.1503,-8.6791,-12.1070,24.1951,0.2563,0.0077,BAM,-4.3827,-14.2711,-6.8059,-12.9629,-4.2964,2.1641,-24.194,11.678,2.6128,31.8,49.44,51,THU,NO_TX,360,THU,1,goc=-30;cu_ly=25;lan=1,1
23.3622,1790254743.300429,0.0201,1,368.00,218.50,0.593,-7.9468,-12.8545,-8.0622,-2.8146,-12.7016,-1.8676,-8.0844,-12.7082,24.1951,0.2563,0.0077,BAM,-4.4434,-14.2025,-7.2108,-12.8022,-3.6410,1.4943,-20.184,8.012,3.0532,46.5,52.60,51,THU,NO_TX,360,THU,1,goc=-30;cu_ly=25;lan=1,1
23.3824,1790254743.320642,0.0202,1,371.50,219.50,0.606,-7.8949,-12.8831,-7.9859,-0.7789,-12.8240,-3.1321,-7.9864,-12.8535,24.1951,0.2563,0.0077,BAM,-4.6169,-14.1013,-7.5757,-12.6713,-3.3694,1.2478,-18.067,6.479,0.4906,34.1,55.43,51,THU,NO_TX,360,THU,1,goc=-30;cu_ly=25;lan=1,1
23.4026,1790254743.340808,0.0202,0,371.50,219.50,0.606,,,-8.0016,-0.7789,-12.8871,-3.1321,-8.0019,-12.9084,23.7041,0.2560,0.0235,BAM,-4.8486,-13.9689,-7.9044,-12.5653,-3.1534,1.0605,-16.303,5.258,0.4906,34.1,55.43,51,THU,NO_TX,360,THU,1,goc=-30;cu_ly=25;lan=1,1
23.4228,1790254743.361006,0.0203,0,371.50,219.50,0.606,,,-8.0174,-0.7789,-12.9506,-3.1321,-8.0176,-12.9672,23.7041,0.2560,0.0235,BAM,-5.1521,-13.8042,-8.1924,-12.5718,-2.8655,0.0000,-14.215,-0.318,0.4906,34.1,55.43,51,THU,NO_TX,360,THU,1,goc=-30;cu_ly=25;lan=1,1
23.4428,1790254743.381572,0.0200,1,321.00,222.50,0.663,-4.6852,-12.9363,-5.3359,35.5200,-12.9519,-2.3187,-1.5575,-12.9642,23.7041,0.2560,0.0235,BAM,-5.5100,-13.6182,-8.3167,-12.5831,3.9525,0.0000,-6.215,-0.567,37.9406,45.8,17.53,51,THU,NO_TX,360,THU,1,goc=-30;cu_ly=25;lan=1,1
23.4635,1790254743.401655,0.0206,1,302.00,223.00,0.480,-3.9243,-12.6697,-4.1980,41.7301,-12.8045,0.6026,0.3401,-12.8042,23.7041,0.2560,0.0235,BAM,-5.9171,-13.4124,-8.2748,-12.5993,6.2572,0.0000,2.030,-0.787,3.9484,33.5,24.76,51,THU,NO_TX,360,THU,1,goc=-30;cu_ly=25;lan=1,1
23.4836,1790254743.421823,0.0202,0,302.00,223.00,0.480,,,-3.3570,41.7301,-12.7923,0.6026,1.0700,-12.7922,23.7041,0.2560,0.0235,BAM,-6.3173,-13.2236,-8.0714,-12.6181,7.3873,0.0000,10.092,-0.930,3.9484,33.5,24.76,51,THU,NO_TX,360,THU,1,goc=-30;cu_ly=25;lan=1,1
23.5038,1790254743.441921,0.0201,1,349.25,218.25,0.688,-7.9063,-11.9576,-6.2811,-17.1668,-12.2128,9.3087,-7.7251,-11.7463,23.7041,0.2560,0.0235,BAM,-6.7065,-13.0528,-8.0305,-12.5068,-1.0186,1.3066,2.034,5.523,155.8423,30.7,36.45,51,THU,NO_TX,360,THU,1,goc=-30;cu_ly=25;lan=1,1
23.5242,1790254743.462440,0.0205,0,349.25,218.25,0.688,,,-6.6329,-17.1668,-12.0221,9.3087,-7.9260,-11.6448,23.7041,0.2560,0.0022,BAM,-7.0813,-12.9003,-7.9869,-12.3993,0.0000,1.2555,2.124,5.243,155.8423,30.7,36.45,51,THU,NO_TX,360,THU,1,goc=-30;cu_ly=25;lan=1,1
23.5443,1790254743.482534,0.0201,1,344.50,220.75,0.687,-8.3717,-11.7666,-7.9840,-32.1298,-11.7862,10.0235,-11.3428,-11.2369,23.7041,0.2560,0.0022,BAM,-7.4241,-12.7989,-8.1055,-12.2620,-3.9187,1.5620,-5.907,6.840,9.4310,47.8,31.16,51,THU,NO_TX,360,THU,1,goc=-30;cu_ly=25;lan=1,1
23.5644,1790254743.502606,0.0201,0,344.50,220.75,0.687,,,-8.6288,-32.1298,-11.5851,10.0235,-11.8567,-11.1342,23.7041,0.2560,0.0022,BAM,-7.6994,-12.7324,-8.3852,-12.1189,-4.1573,1.5982,-13.934,7.130,9.4310,47.8,31.16,51,THU,NO_TX,360,THU,1,goc=-30;cu_ly=25;lan=1,1
23.5845,1790254743.522696,0.0201,1,327.75,225.00,0.660,-7.9511,-11.7999,-8.3228,-18.0864,-11.6798,5.7351,-9.8902,-11.5292,23.7041,0.2560,0.0022,BAM,-7.8902,-12.6862,-8.5461,-12.0173,-2.0000,1.1570,-7.991,5.044,9.3710,33.7,16.88,51,THU,NO_TX,360,THU,1,goc=-30;cu_ly=25;lan=1,1
23.6051,1790254743.543271,0.0206,0,327.75,225.00,0.660,,,-8.6946,-18.0864,-11.5619,5.7351,-10.1084,-11.4485,23.7041,0.2560,0.0022,BAM,-7.9471,-12.6649,-8.7346,-11.9047,-2.1613,1.2164,-9.173,5.479,9.3710,33.7,16.88,51,THU,NO_TX,360,THU,1,goc=-30;cu_ly=25;lan=1,1
23.6251,1790254743.563287,0.0200,1,326.25,226.25,0.653,-8.3152,-11.7706,-8.5222,-10.2040,-11.6778,2.3980,-9.0970,-11.6643,23.7041,0.2560,0.0013,BAM,-7.9728,-12.6162,-8.8212,-11.9157,-1.1242,0.0000,-4.321,-0.548,3.1510,46.0,15.10,51,THU,NO_TX,360,THU,1,goc=-30;cu_ly=25;lan=1,1
23.6457,1790254743.584353,0.0206,0,326.25,226.25,0.653,,,-8.7323,-10.2040,-11.6284,2.3980,-9.2026,-11.6188,23.7041,0.2560,0.0013,BAM,-7.9772,-12.5481,-8.9267,-11.9267,-1.2254,0.0000,-5.126,-0.536,3.1510,46.0,15.10,51,THU,NO_TX,360,THU,1,goc=-30;cu_ly=25;lan=1,1
23.6657,1790254743.603910,0.0200,1,326.50,227.00,0.734,-8.3891,-11.7991,-8.5415,-4.3815,-11.7365,0.1402,-8.6170,-11.7365,23.7041,0.2560,0.0013,BAM,-8.0167,-12.4601,-8.9100,-11.9380,0.0000,0.0000,0.838,-0.564,1.6702,31.4,14.53,51,THU,NO_TX,360,THU,1,goc=-30;cu_ly=25;lan=1,1
23.6857,1790254743.623881,0.0200,0,326.50,227.00,0.734,,,-8.6291,-4.3815,-11.7337,0.1402,-8.6847,-11.7337,23.7041,0.2560,0.0013,BAM,-8.1301,-12.3551,-8.8931,-11.9504,0.0000,0.0000,0.841,-0.616,1.6702,31.4,14.53,51,THU,NO_TX,360,THU,1,goc=-30;cu_ly=25;lan=1,1
23.7058,1790254743.643962,0.0201,1,321.50,225.75,0.747,-8.1186,-11.5114,-8.2869,1.9809,-11.5748,2.4045,-8.2790,-11.5613,23.7041,0.2560,0.0013,BAM,-8.2585,-12.2509,-8.8757,-11.9635,0.0000,0.0000,0.868,-0.653,1.9760,48.5,14.33,51,THU,NO_TX,360,THU,1,goc=-30;cu_ly=25;lan=1,1
23.7261,1790254743.664242,0.0203,0,321.50,225.75,0.747,,,-8.2467,1.9809,-11.5260,2.4045,-8.2411,-11.5163,23.7041,0.2560,0.0013,BAM,-8.4064,-12.1433,-8.8570,-11.9774,0.0000,0.0000,0.921,-0.687,1.9760,48.5,14.33,51,THU,NO_TX,360,THU,1,goc=-30;cu_ly=25;lan=1,1
23.7467,1790254743.684839,0.0206,1,322.00,229.75,0.794,-8.2660,-11.6727,-8.2494,1.3409,-11.6169,0.3762,-8.2469,-11.6168,23.1321,0.2590,0.0347,BAM,-8.5094,-12.0684,-8.8389,-11.9909,0.0000,0.0000,0.881,-0.653,0.1921,32.8,10.44,51,THU,NO_TX,360,THU,1,goc=-30;cu_ly=25;lan=1,1
23.7669,1790254743.705070,0.0203,1,313.25,228.75,0.743,-7.9481,-11.3940,-8.0633,3.9195,-11.4858,2.3341,-8.0069,-11.4731,23.1321,0.2590,0.0347,BAM,-8.6390,-12.0244,-8.8206,-12.0025,0.0000,0.0000,0.899,-0.577,0.8653,32.0,13.12,51,THU,NO_TX,360,THU,1,goc=-30;cu_ly=25;lan=1,1
23.7870,1790254743.725213,0.0201,0,313.25,228.75,0.743,,,-7.9845,3.9195,-11.4389,2.3341,-7.9435,-11.4298,23.1321,0.2590,0.0347,BAM,-8.7279,-11.9943,-8.8037,-12.0125,0.0000,0.0000,0.844,-0.495,0.8653,32.0,13.12,51,THU,NO_TX,360,THU,1,goc=-30;cu_ly=25;lan=1,1
23.8076,1790254743.745783,0.0205,0,313.25,228.75,0.743,,,-7.9041,3.9195,-11.3910,2.3341,-7.8720,-11.3840,23.1321,0.2590,0.0347,BAM,-8.7901,-11.9731,-8.7882,-12.0210,0.0000,0.0000,0.753,-0.415,0.8653,32.0,13.12,51,THU,NO_TX,360,THU,1,goc=-30;cu_ly=25;lan=1,1
23.8278,1790254743.765951,0.0202,1,310.75,227.50,0.743,-8.0114,-11.1916,-7.9756,1.8980,-11.2220,3.9442,-7.9685,-11.1657,23.1321,0.2590,0.0347,BAM,-8.8325,-11.9587,-8.7751,-12.0280,0.0000,0.0000,0.651,-0.343,0.1900,48.0,15.55,51,THU,NO_TX,360,THU,1,goc=-30;cu_ly=25;lan=1,1
23.8478,1790254743.786049,0.0200,1,310.50,228.75,0.771,-8.1454,-11.2235,-8.0608,0.0190,-11.1903,3.2391,-8.0608,-11.1577,23.1321,0.2590,0.0347,BAM,-8.8615,-11.9489,-8.7640,-12.0336,0.0000,0.0000,0.551,-0.281,0.3488,31.9,14.72,51,THU,NO_TX,360,THU,1,goc=-30;cu_ly=25;lan=1,1
23.8680,1790254743.806218,0.0202,0,310.50,228.75,0.771,,,-8.0604,0.0190,-11.1250,3.2391,-8.0604,-11.1014,23.1321,0.2590,0.0008,BAM,-8.8817,-11.9420,-8.7548,-12.0382,0.0000,0.0000,0.457,-0.228,0.3488,31.9,14.72,51,THU,NO_TX,360,THU,1,goc=-30;cu_ly=25;lan=1,1
23.8881,1790254743.826303,0.0201,0,310.50,228.75,0.771,,,-8.0601,0.0190,-11.0599,3.2391,-8.0601,-11.0415,23.1321,0.2590,0.0008,BAM,-8.8629,-11.9607,-8.7484,-12.0411,0.0000,0.0000,0.319,-0.143,0.3488,31.9,14.72,51,THU,NO_TX,360,THU,1,goc=-30;cu_ly=25;lan=1,1
23.9082,1790254743.846391,0.0201,1,311.00,229.50,0.800,-8.2507,-11.2492,-8.2134,-2.0506,-11.1975,0.5484,-8.2223,-11.1973,23.1321,0.2590,0.0008,BAM,-8.8498,-11.9736,-8.7439,-12.0428,0.0000,0.0000,0.222,-0.087,0.3341,47.9,13.83,51,THU,NO_TX,360,THU,1,goc=-30;cu_ly=25;lan=1,1
23.9283,1790254743.866538,0.0201,1,310.75,227.50,0.771,-8.2353,-11.1279,-8.2432,-1.8755,-11.1521,1.0637,-8.2500,-11.1508,23.1321,0.2590,0.0008,BAM,-8.8408,-11.9826,-8.7408,-12.0438,0.0000,0.0000,0.155,-0.052,0.0252,32.3,15.55,51,THU,NO_TX,360,THU,1,goc=-30;cu_ly=25;lan=1,1
23.9484,1790254743.886595,0.0201,0,310.75,227.50,0.771,,,-8.2808,-1.8755,-11.1307,1.0637,-8.2856,-11.1298,23.1321,0.2590,0.0008,BAM,-8.8346,-11.9887,-8.7386,-12.0444,0.0000,0.0000,0.109,-0.029,0.0252,32.3,15.55,51,THU,NO_TX,360,THU,1,goc=-30;cu_ly=25;lan=1,1
23.9684,1790254743.906626,0.0200,0,310.75,227.50,0.771,,,-8.3183,-1.8755,-11.1094,1.0637,-8.3221,-11.1087,23.1321,0.2590,0.0008,BAM,-8.8303,-11.9930,-8.7371,-12.0447,0.0000,0.0000,0.076,-0.015,0.0252,32.3,15.55,51,THU,NO_TX,360,THU,1,goc=-30;cu_ly=25;lan=1,1
23.9885,1790254743.926681,0.0201,1,311.00,224.50,0.785,-8.2306,-10.9501,-8.2551,-0.5144,-10.9782,2.5227,-8.2553,-10.9624,23.0115,0.2571,0.0190,BAM,-8.8273,-11.9959,-8.7360,-11.9409,0.0000,1.0335,0.053,5.161,0.1153,48.0,17.92,51,THU,NO_TX,360,THU,1,goc=-30;cu_ly=25;lan=1,1
24.0087,1790254743.946841,0.0201,1,310.00,220.00,0.775,-8.1530,-10.6610,-8.1988,0.5080,-10.7707,4.8696,-8.1986,-10.6713,23.0115,0.2571,0.0190,BAM,-8.8252,-11.9980,-8.7353,-11.8073,0.0000,1.3267,0.037,6.632,0.5560,31.8,22.36,51,THU,NO_TX,360,THU,1,goc=-30;cu_ly=25;lan=1,1
24.0287,1790254743.967387,0.0200,0,310.00,220.00,0.775,,,-8.1886,0.5080,-10.6732,4.8696,-8.1885,-10.5993,23.0115,0.2571,0.0190,BAM,-8.8238,-11.9994,-8.7347,-11.6672,0.0000,1.4001,0.026,7.002,0.5560,31.8,22.36,51,THU,NO_TX,360,THU,1,goc=-30;cu_ly=25;lan=1,1
24.0489,1790254743.987538,0.0202,1,309.25,224.00,0.714,-8.0965,-10.9320,-8.1213,1.4025,-10.8207,1.0906,-8.1184,-10.8194,23.0115,0.2571,0.0190,BAM,-8.8228,-12.0004,-8.7344,-11.5480,0.0000,1.1810,0.018,5.908,0.6697,32.2,19.28,51,THU,NO_TX,360,THU,1,goc=-30;cu_ly=25;lan=1,1
24.0694,1790254744.007621,0.0205,0,309.25,224.00,0.714,,,-8.0925,1.4025,-10.7983,1.0906,-8.0905,-10.7974,23.0115,0.2571,0.0190,BAM,-8.8221,-12.0011,-8.7341,-11.4243,0.0000,1.2037,0.013,6.022,0.6697,32.2,19.28,51,THU,NO_TX,360,THU,1,goc=-30;cu_ly=25;lan=1,1
24.0894,1790254744.028165,0.0200,1,311.00,224.00,0.704,-8.2127,-10.9347,-8.1714,-0.1898,-10.8894,-0.5597,-8.1714,-10.8896,23.0115,0.2571,0.0190,BAM,-8.8217,-12.0015,-8.7339,-11.3128,0.0000,1.1120,0.009,5.563,0.2209,47.0,18.36,51,THU,NO_TX,360,THU,1,goc=-30;cu_ly=25;lan=1,1
24.1096,1790254744.047768,0.0202,0,311.00,224.00,0.704,,,-8.1753,-0.1898,-10.9007,-0.5597,-8.1753,-10.9008,23.0115,0.2571,0.0004,BAM,-8.8214,-12.0018,-8.7338,-11.2018,0.0000,1.1010,0.006,5.508,0.2209,47.0,18.36,51,THU,NO_TX,360,THU,1,goc=-30;cu_ly=25;lan=1,1
24.1298,1790254744.067929,0.0202,1,311.50,220.50,0.702,-8.2464,-10.7025,-8.2276,-0.9034,-10.7627,1.5962,-8.2283,-10.7586,23.0115,0.2571,0.0004,BAM,-8.7947,-11.9416,-8.7346,-11.0846,0.0000,1.1830,-0.041,5.814,0.2234,31.1,21.27,51,THU,NO_TX,360,THU,1,goc=-30;cu_ly=25;lan=1,1
24.1509,1790254744.088983,0.0211,0,311.50,220.50,0.702,,,-8.2466,-0.9034,-10.7290,1.5962,-8.2472,-10.7262,23.0115,0.2571,0.0004,BAM,-8.7756,-11.8540,-8.7360,-10.9704,0.0000,1.1279,-0.064,5.412,0.2234,31.1,21.27,51,THU,NO_TX,360,THU,1,goc=-30;cu_ly=25;lan=1,1
24.1709,1790254744.109090,0.0200,1,310.50,224.25,0.707,-8.1508,-10.8925,-8.1822,0.3082,-10.8371,-0.4209,-8.1822,-10.8372,23.0115,0.2571,0.0004,BAM,-8.7629,-11.7598,-8.7374,-10.9771,0.0000,0.0000,-0.071,-0.338,0.2352,49.5,18.39,51,THU,NO_TX,360,THU,1,goc=-30;cu_ly=25;lan=1,1
24.1909,1790254744.129147,0.0201,0,310.50,224.25,0.707,,,-8.1760,0.3082,-10.8455,-0.4209,-8.1760,-10.8456,23.0115,0.2571,0.0004,BAM,-8.7540,-11.6563,-8.7388,-10.9859,0.0000,0.0000,-0.070,-0.438,0.2352,49.5,18.39,51,THU,NO_TX,360,THU,1,goc=-30;cu_ly=25;lan=1,1
24.2115,1790254744.149671,0.0206,1,309.00,222.00,0.756,-8.0306,-10.6549,-8.0692,1.7868,-10.7118,1.6352,-8.0634,-10.7074,23.0115,0.2571,0.0004,BAM,-8.7477,-11.5484,-8.7401,-10.9966,0.0000,0.0000,-0.064,-0.520,0.2743,31.7,21.10,51,THU,NO_TX,360,THU,1,goc=-30;cu_ly=25;lan=1,1
24.2320,1790254744.170257,0.0205,0,309.00,222.00,0.756,,,-8.0326,1.7868,-10.6783,1.6352,-8.0285,-10.6752,23.0115,0.2571,0.0002,BAM,-8.7433,-11.4400,-8.7413,-11.0086,0.0000,0.0000,-0.057,-0.585,0.2743,31.7,21.10,51,THU,NO_TX,360,THU,1,goc=-30;cu_ly=25;lan=1,1
24.2521,1790254744.190362,0.0201,1,313.00,234.00,0.737,-8.2727,-11.1486,-8.1959,-1.1502,-11.0047,-3.5611,-8.1975,-11.0464,23.0115,0.2571,0.0002,BAM,-8.7406,-11.3302,-8.7422,-11.0215,0.0000,0.0000,-0.048,-0.639,1.5244,46.3,9.22,51,THU,NO_TX,360,THU,1,goc=-30;cu_ly=25;lan=1,1
24.2724,1790254744.210439,0.0202,0,313.00,234.00,0.737,,,-8.2192,-1.1502,-11.0767,-3.5611,-8.2203,-11.1071,23.0115,0.2571,0.0002,BAM,-8.7392,-11.2187,-8.7430,-11.0353,0.0000,0.0000,-0.040,-0.683,1.5244,46.3,9.22,51,THU,NO_TX,360,THU,1,goc=-30;cu_ly=25;lan=1,1
24.2928,1790254744.231041,0.0205,1,308.50,238.50,0.722,-7.9625,-11.3391,-8.0403,1.8321,-11.2850,-5.5194,-8.0340,-11.4208,23.0115,0.2571,0.0002,BAM,-8.7382,-11.1411,-8.7437,-11.0487,0.0000,0.0000,-0.032,-0.656,0.5431,33.6,11.60,51,THU,NO_TX,360,THU,1,goc=-30;cu_ly=25;lan=1,1
24.3130,1790254744.251124,0.0201,1,314.75,241.00,0.704,-8.3828,-11.2850,-8.2228,-1.7314,-11.3326,-4.5100,-8.2282,-11.4135,23.0115,0.2571,0.0002,BAM,-8.7375,-11.0883,-8.7442,-11.0607,0.0000,0.0000,-0.026,-0.595,1.1406,32.5,5.34,51,THU,NO_TX,360,THU,1,goc=-30;cu_ly=25;lan=1,1
24.3330,1790254744.271711,0.0201,0,314.75,241.00,0.704,,,-8.2576,-1.7314,-11.4231,-4.5100,-8.2614,-11.4829,23.0029,0.2595,0.0224,BAM,-8.7370,-11.0519,-8.7446,-11.0711,0.0000,0.0000,-0.021,-0.520,1.1406,32.5,5.34,51,THU,NO_TX,360,THU,1,goc=-30;cu_ly=25;lan=1,1
24.3531,1790254744.291283,0.0200,0,314.75,241.00,0.704,,,-8.2923,-1.7314,-11.5135,-4.5100,-8.2952,-11.5609,23.0029,0.2595,0.0224,BAM,-8.7367,-11.0268,-8.7450,-11.0800,0.0000,0.0000,-0.016,-0.444,1.1406,32.5,5.34,51,THU,NO_TX,360,THU,1,goc=-30;cu_ly=25;lan=1,1
24.3737,1790254744.311924,0.0206,1,314.50,236.25,0.716,-8.3647,-10.8384,-8.3576,-2.1290,-10.9923,3.6233,-8.3676,-10.9478,23.0029,0.2595,0.0224,BAM,-8.7365,-11.0090,-8.7452,-11.0876,0.0000,0.0000,-0.013,-0.369,1.8910,45.4,6.66,51,THU,NO_TX,360,THU,1,goc=-30;cu_ly=25;lan=1,1
24.3948,1790254744.333311,0.0211,1,317.00,238.50,0.714,-8.5333,-10.9268,-8.4810,-3.3258,-10.9225,3.5273,-8.5168,-10.8811,23.0029,0.2595,0.0224,BAM,-8.7363,-10.9967,-8.7454,-11.0940,0.0000,0.0000,-0.010,-0.302,0.1198,32.7,3.35,51,THU,NO_TX,360,THU,1,goc=-30;cu_ly=25;lan=1,1
24.4152,1790254744.353355,0.0204,0,317.00,238.50,0.714,,,-8.5489,-3.3258,-10.8504,3.5273,-8.5746,-10.8205,23.0029,0.2595,0.0224,BAM,-8.7362,-10.9885,-8.7456,-11.0990,0.0000,0.0000,-0.008,-0.245,0.1198,32.7,3.35,51,THU,NO_TX,360,THU,1,goc=-30;cu_ly=25;lan=1,1
24.4353,1790254744.373542,0.0201,0,317.00,238.50,0.714,,,-8.6159,-3.3258,-10.7794,3.5273,-8.6359,-10.7560,23.0029,0.2595,0.0224,BAM,-8.7361,-10.9829,-8.7457,-11.1030,0.0000,0.0000,-0.006,-0.198,0.1198,32.7,3.35,51,THU,NO_TX,360,THU,1,goc=-30;cu_ly=25;lan=1,1
24.4558,1790254744.394065,0.0205,1,314.75,236.00,0.737,-8.3806,-10.7302,-8.4386,-0.0464,-10.7256,3.2826,-8.4386,-10.6921,23.0029,0.2595,0.0006,BAM,-8.7388,-11.0105,-8.7457,-11.1051,0.0000,0.0000,-0.000,-0.104,0.3086,47.3,6.60,51,THU,NO_TX,360,THU,1,goc=-30;cu_ly=25;lan=1,1
24.4760,1790254744.414142,0.0201,1,313.50,236.50,0.717,-8.2957,-10.7496,-8.3541,1.2578,-10.7125,2.4925,-8.3520,-10.6972,23.0029,0.2595,0.0006,BAM,-8.7406,-11.0292,-8.7457,-11.1060,0.0000,0.0000,0.003,-0.047,0.1997,31.2,7.38,51,THU,NO_TX,360,THU,1,goc=-30;cu_ly=25;lan=1,1
24.4960,1790254744.434189,0.0201,0,313.50,236.50,0.717,,,-8.3289,1.2578,-10.6625,2.4925,-8.3274,-10.6515,23.0029,0.2595,0.0006,BAM,-8.7418,-11.0422,-8.7456,-11.1063,0.0000,0.0000,0.004,-0.014,0.1997,31.2,7.38,51,THU,NO_TX,360,THU,1,goc=-30;cu_ly=25;lan=1,1
24.5161,1790254744.454252,0.0201,0,313.50,236.50,0.717,,,-8.3036,1.2578,-10.6124,2.4925,-8.3025,-10.6038,23.0029,0.2595,0.0006,BAM,-8.7427,-11.0511,-8.7455,-11.1062,0.0000,0.0000,0.005,0.005,0.1997,31.2,7.38,51,THU,NO_TX,360,THU,1,goc=-30;cu_ly=25;lan=1,1
24.5365,1790254744.474609,0.0204,1,312.50,235.75,0.717,-8.2324,-10.7459,-8.2412,1.7525,-10.7087,0.5432,-8.2356,-10.7085,23.0029,0.2595,0.0006,BAM,-8.7433,-11.0573,-8.7454,-11.1059,0.0000,0.0000,0.005,0.014,0.1165,49.7,8.62,51,THU,NO_TX,360,THU,1,goc=-30;cu_ly=25;lan=1,1
24.5570,1790254744.495215,0.0205,1,305.50,235.00,0.707,-7.7603,-10.7167,-7.9400,5.8130,-10.7088,0.3738,-7.7800,-10.7088,23.0029,0.2595,0.0006,BAM,-8.7437,-11.0617,-8.7453,-11.1056,0.0000,0.0000,0.004,0.018,1.3941,31.7,15.34,51,THU,NO_TX,360,THU,1,goc=-30;cu_ly=25;lan=1,1
24.5772,1790254744.515953,0.0202,0,305.50,235.00,0.707,,,-7.8223,5.8130,-10.7013,0.3738,-7.7020,-10.7012,23.0029,0.2595,0.0003,BAM,-8.7440,-11.0646,-8.6398,-11.1052,1.0420,0.0000,5.214,0.019,1.3941,31.7,15.34,51,THU,NO_TX,360,THU,1,goc=-30;cu_ly=25;lan=1,1
24.5973,1790254744.535501,0.0201,1,313.50,238.00,0.725,-8.3026,-10.9239,-8.1225,-0.7091,-10.8524,-2.0618,-8.1228,-10.8611,23.0029,0.2595,0.0003,BAM,-8.7442,-11.0666,-8.6397,-11.1048,0.0000,0.0000,0.003,0.018,2.1336,32.1,6.80,51,THU,NO_TX,360,THU,1,goc=-30;cu_ly=25;lan=1,1
24.6175,1790254744.555619,0.0202,0,313.50,238.00,0.725,,,-8.1368,-0.7091,-10.8941,-2.0618,-8.1371,-10.9003,23.0029,0.2595,0.0003,BAM,-8.7443,-11.0680,-8.6397,-11.1045,0.0000,0.0000,0.003,0.016,2.1336,32.1,6.80,51,THU,NO_TX,360,THU,1,goc=-30;cu_ly=25;lan=1,1
24.6380,1790254744.576219,0.0205,1,305.00,239.00,0.705,-7.7270,-10.9983,-7.8446,3.8470,-10.9807,-2.7080,-7.7912,-11.0000,23.0029,0.2595,0.0003,BAM,-8.7444,-11.0690,-8.6396,-11.1042,0.0000,0.0000,0.002,0.014,0.8865,47.8,15.03,51,THU,NO_TX,360,THU,1,goc=-30;cu_ly=25;lan=1,1
24.6581,1790254744.596353,0.0201,0,305.00,239.00,0.705,,,-7.7671,3.8470,-11.0352,-2.7080,-7.7283,-11.0491,23.0029,0.2595,0.0003,BAM,-8.7445,-11.0696,-8.5373,-11.1039,1.0162,0.0000,5.083,0.012,0.8865,47.8,15.03,51,THU,NO_TX,360,THU,1,goc=-30;cu_ly=25;lan=1,1
24.6782,1790254744.616398,0.0200,1,312.50,241.50,0.751,-8.2354,-11.1674,-8.0823,-1.9324,-11.1450,-3.5102,-8.0897,-11.1852,23.0029,0.2595,0.0003,BAM,-8.7445,-11.0701,-8.5373,-11.1037,0.0000,0.0000,0.002,0.010,1.4812,32.1,7.65,51,THU,NO_TX,360,THU,1,goc=-30;cu_ly=25;lan=1,1
24.6988,1790254744.636928,0.0206,0,312.50,241.50,0.751,,,-8.1221,-1.9324,-11.2172,-3.5102,-8.1273,-11.2463,23.0029,0.2595,0.0002,BAM,-8.7117,-11.0811,-8.5384,-11.1032,0.0000,0.0000,-0.055,0.027,1.4812,32.1,7.65,51,THU,NO_TX,360,THU,1,goc=-30;cu_ly=25;lan=1,1
24.7188,1790254744.656989,0.0201,1,310.50,238.50,0.745,-8.1003,-10.9696,-8.1172,-1.2887,-11.0607,-0.2286,-8.1194,-11.0607,23.0029,0.2595,0.0002,BAM,-8.6895,-11.0885,-8.5400,-11.1025,0.0000,0.0000,-0.081,0.033,0.4803,48.7,9.62,51,THU,NO_TX,360,THU,1,goc=-30;cu_ly=25;lan=1,1
24.7389,1790254744.677095,0.0200,0,310.50,238.50,0.745,,,-8.1430,-1.2887,-11.0653,-0.2286,-8.1446,-11.0653,23.0029,0.2595,0.0002,BAM,-8.6742,-11.0937,-8.5418,-11.1018,0.0000,0.0000,-0.089,0.034,0.4803,48.7,9.62,51,THU,NO_TX,360,THU,1,goc=-30;cu_ly=25;lan=1,1
24.7589,1790254744.697135,0.0200,1,309.50,240.00,0.751,-7.9994,-11.0803,-8.0471,0.5123,-11.0773,-0.3362,-8.0469,-11.0773,23.0029,0.2595,0.0002,BAM,-8.6636,-11.0972,-8.5435,-11.1012,0.0000,0.0000,-0.087,0.033,0.1412,30.6,10.50,51,THU,NO_TX,360,THU,1,goc=-30;cu_ly=25;lan=1,1
24.7790,1790254744.717198,0.0201,0,309.50,240.00,0.751,,,-8.0368,0.5123,-11.0840,-0.3362,-8.0367,-11.0840,23.0029,0.2595,0.0002,BAM,-8.6246,-11.0993,-8.5462,-11.1006,0.0000,0.0000,-0.134,0.029,0.1412,30.6,10.50,51,THU,NO_TX,360,THU,1,goc=-30;cu_ly=25;lan=1,1
24.7995,1790254744.737749,0.0205,1,309.00,237.50,0.734,-7.9178,-10.9299,-7.9480,1.6678,-10.9759,1.3287,-7.9432,-10.9736,23.0029,0.2595,0.0002,BAM,-8.5973,-11.1007,-8.5493,-11.1001,0.0000,0.0000,-0.149,0.024,0.1755,49.1,11.28,51,THU,NO_TX,360,THU,1,goc=-30;cu_ly=25;lan=1,1
24.8201,1790254744.758220,0.0206,0,309.00,237.50,0.734,,,-7.9137,1.6678,-10.9486,1.3287,-7.9103,-10.9469,23.1200,0.2588,0.0086,BAM,-8.5784,-11.1017,-8.5523,-11.0997,0.0000,0.0000,-0.147,0.020,0.1755,49.1,11.28,51,THU,NO_TX,360,THU,1,goc=-30;cu_ly=25;lan=1,1
24.8401,1790254744.778326,0.0200,1,308.50,238.50,0.743,-7.8447,-10.9984,-7.8546,2.0468,-10.9766,0.5397,-7.8459,-10.9764,23.1200,0.2588,0.0086,BAM,-8.5658,-11.1024,-8.5550,-11.0993,0.0000,0.0000,-0.135,0.017,0.0328,31.9,11.60,51,THU,NO_TX,360,THU,1,goc=-30;cu_ly=25;lan=1,1
24.8602,1790254744.798391,0.0201,0,308.50,238.50,0.743,,,-7.8134,2.0468,-10.9657,0.5397,-7.8073,-10.9656,23.1200,0.2588,0.0086,BAM,-8.5570,-11.1029,-8.5574,-11.0991,0.0000,0.0000,-0.119,0.014,0.0328,31.9,11.60,51,THU,NO_TX,360,THU,1,goc=-30;cu_ly=25;lan=1,1
24.8803,1790254744.818458,0.0201,1,309.25,238.50,0.737,-7.8367,-11.0017,-7.8186,1.3622,-10.9882,0.0567,-7.8160,-10.9882,23.1200,0.2588,0.0086,BAM,-8.5509,-11.1032,-8.5594,-11.0988,0.0000,0.0000,-0.102,0.011,0.0303,46.0,10.85,51,THU,NO_TX,360,THU,1,goc=-30;cu_ly=25;lan=1,1
24.9006,1790254744.838708,0.0203,0,309.25,238.50,0.737,,,-7.7910,1.3622,-10.9870,0.0567,-7.7892,-10.9870,23.1200,0.2588,0.0086,BAM,-8.5467,-11.1034,-8.5612,-11.0987,0.0000,0.0000,-0.085,0.009,0.0303,46.0,10.85,51,THU,NO_TX,360,THU,1,goc=-30;cu_ly=25;lan=1,1
24.9206,1790254744.858839,0.0201,1,309.50,239.75,0.736,-7.8447,-11.0854,-7.8220,0.5005,-11.0568,-0.9712,-7.8219,-11.0577,23.1200,0.2588,0.0003,BAM,-8.5438,-11.1036,-8.5626,-11.0985,0.0000,0.0000,-0.071,0.007,0.0774,34.4,10.50,51,THU,NO_TX,360,THU,1,goc=-30;cu_ly=25;lan=1,1
24.9407,1790254744.878911,0.0201,1,312.00,236.50,0.736,-8.0044,-10.8700,-7.9231,-1.3080,-10.9583,0.9047,-7.9255,-10.9576,23.1200,0.2588,0.0003,BAM,-8.5418,-11.1037,-8.5637,-11.0984,0.0000,0.0000,-0.058,0.006,0.5632,29.9,8.73,51,THU,NO_TX,360,THU,1,goc=-30;cu_ly=25;lan=1,1
24.9613,1790254744.899485,0.0205,0,312.00,236.50,0.736,,,-7.9499,-1.3080,-10.9398,0.9047,-7.9516,-10.9392,23.1200,0.2588,0.0003,BAM,-8.5404,-11.1038,-8.5647,-11.0983,0.0000,0.0000,-0.047,0.004,0.5632,29.9,8.73,51,THU,NO_TX,360,THU,1,goc=-30;cu_ly=25;lan=1,1
24.9814,1790254744.919641,0.0202,0,312.00,236.50,0.736,,,-7.9763,-1.3080,-10.9215,0.9047,-7.9776,-10.9211,23.1200,0.2588,0.0003,BAM,-8.5394,-11.1038,-8.5654,-11.0982,0.0000,0.0000,-0.037,0.004,0.5632,29.9,8.73,51,THU,NO_TX,360,THU,1,goc=-30;cu_ly=25;lan=1,1
25.0015,1790254744.939693,0.0200,1,308.50,238.00,0.743,-7.7619,-10.9696,-7.8082,1.3015,-10.9563,0.2042,-7.8059,-10.9563,23.1200,0.2588,0.0003,BAM,-8.5388,-11.1039,-8.5660,-11.0982,0.0000,0.0000,-0.030,0.003,0.2079,49.0,11.67,51,THU,NO_TX,360,THU,1,goc=-30;cu_ly=25;lan=1,1
25.0219,1790254744.960139,0.0204,1,310.00,236.50,0.751,-7.8615,-10.8701,-7.8292,0.5758,-10.9037,0.9265,-7.8290,-10.9028,23.1200,0.2588,0.0003,BAM,-8.5383,-11.1039,-8.5665,-11.0981,0.0000,0.0000,-0.024,0.002,0.0889,31.3,10.59,51,THU,NO_TX,360,THU,1,goc=-30;cu_ly=25;lan=1,1
25.0420,1790254744.980152,0.0201,0,310.00,236.50,0.751,,,-7.8177,0.5758,-10.8851,0.9265,-7.8175,-10.8845,23.1200,0.2588,0.0002,BAM,-8.5380,-11.1039,-8.5669,-11.0981,0.0000,0.0000,-0.019,0.002,0.0889,31.3,10.59,51,THU,NO_TX,360,THU,1,goc=-30;cu_ly=25;lan=1,1
25.0621,1790254745.000275,0.0201,1,311.00,238.25,0.743,-7.9280,-10.9868,-7.8910,-0.7528,-10.9492,-0.3440,-7.8914,-10.9493,23.1200,0.2588,0.0002,BAM,-8.5378,-11.1039,-8.5672,-11.0981,0.0000,0.0000,-0.015,0.001,0.1505,46.7,9.17,51,THU,NO_TX,360,THU,1,goc=-30;cu_ly=25;lan=1,1
25.0821,1790254745.020311,0.0200,0,311.00,238.25,0.743,,,-7.9061,-0.7528,-10.9561,-0.3440,-7.9064,-10.9561,23.1200,0.2588,0.0002,BAM,-8.5376,-11.1039,-8.5674,-11.0981,0.0000,0.0000,-0.012,0.001,0.1505,46.7,9.17,51,THU,NO_TX,360,THU,1,goc=-30;cu_ly=25;lan=1,1
25.1022,1790254745.040388,0.0201,1,309.75,237.50,0.745,-7.8428,-10.9367,-7.8648,0.0887,-10.9443,-0.0696,-7.8648,-10.9443,23.1200,0.2588,0.0002,BAM,-8.5375,-11.1039,-8.5676,-11.0981,0.0000,0.0000,-0.009,0.001,0.0333,33.9,10.55,51,THU,NO_TX,360,THU,1,goc=-30;cu_ly=25;lan=1,1
25.1223,1790254745.060432,0.0200,0,309.75,237.50,0.745,,,-7.8630,0.0887,-10.9457,-0.0696,-7.8630,-10.9457,23.1200,0.2588,0.0002,BAM,-8.5375,-11.1039,-8.5677,-11.0980,0.0000,0.0000,-0.007,0.001,0.0333,33.9,10.55,51,THU,NO_TX,360,THU,1,goc=-30;cu_ly=25;lan=1,1
25.1423,1790254745.080480,0.0200,1,312.50,238.75,0.732,-8.0288,-11.0203,-7.9816,-1.6886,-10.9991,-0.8232,-7.9866,-10.9997,23.1200,0.2588,0.0002,BAM,-8.5374,-11.1039,-8.5679,-11.0980,0.0000,0.0000,-0.006,0.000,0.1624,47.2,7.60,51,THU,NO_TX,360,THU,1,goc=-30;cu_ly=25;lan=1,1
25.1624,1790254745.100593,0.0201,0,312.50,238.75,0.732,,,-8.0155,-1.6886,-11.0156,-0.8232,-8.0191,-11.0160,23.1200,0.2588,0.0001,BAM,-8.5374,-11.1039,-8.5679,-11.0980,0.0000,0.0000,-0.004,0.000,0.1624,47.2,7.60,51,THU,NO_TX,360,THU,1,goc=-30;cu_ly=25;lan=1,1
25.1829,1790254745.121058,0.0205,1,308.50,236.75,0.726,-7.7578,-10.8866,-7.8394,1.4200,-10.9284,0.6827,-7.8364,-10.9281,23.1200,0.2588,0.0001,BAM,-8.5373,-11.1039,-8.5680,-11.0980,0.0000,0.0000,-0.003,0.000,0.5127,33.4,11.95,51,THU,NO_TX,360,THU,1,goc=-30;cu_ly=25;lan=1,1
25.2033,1790254745.141521,0.0204,0,308.50,236.75,0.726,,,-7.8104,1.4200,-10.9145,0.6827,-7.8083,-10.9143,23.1200,0.2588,0.0001,BAM,-8.5373,-11.1039,-8.5681,-11.0980,0.0000,0.0000,-0.003,0.000,0.5127,33.4,11.95,51,THU,NO_TX,360,THU,1,goc=-30;cu_ly=25;lan=1,1
25.2235,1790254745.161671,0.0202,1,312.75,236.50,0.750,-8.0459,-10.8705,-7.9723,-1.3893,-10.8792,0.9945,-7.9751,-10.8782,23.1200,0.2588,0.0001,BAM,-8.5373,-11.1039,-8.5681,-11.0980,0.0000,0.0000,-0.002,0.000,0.3425,29.7,8.05,51,THU,NO_TX,360,THU,1,goc=-30;cu_ly=25;lan=1,1
25.2435,1790254745.181751,0.0200,0,312.75,236.50,0.750,,,-8.0001,-1.3893,-10.8593,0.9945,-8.0021,-10.8586,23.1200,0.2588,0.0001,BAM,-8.5373,-11.1039,-8.5681,-11.0980,0.0000,0.0000,-0.002,0.000,0.3425,29.7,8.05,51,THU,NO_TX,360,THU,1,goc=-30;cu_ly=25;lan=1,1
25.2639,1790254745.202135,0.0204,1,312.50,237.50,0.741,-8.0288,-10.9371,-8.0287,-1.3927,-10.9089,-0.0183,-8.0315,-10.9089,23.1200,0.2588,0.0001,BAM,-8.5373,-11.1039,-8.5682,-11.0980,0.0000,0.0000,-0.001,0.000,0.0441,47.6,7.91,51,THU,NO_TX,360,THU,1,goc=-30;cu_ly=25;lan=1,1
25.2845,1790254745.222668,0.0206,0,312.50,237.50,0.741,,,-8.0573,-1.3927,-10.9093,-0.0183,-8.0593,-10.9093,23.0427,0.2606,0.0172,BAM,-8.5373,-11.1039,-8.5682,-11.0980,0.0000,0.0000,-0.001,0.000,0.0441,47.6,7.91,51,THU,NO_TX,360,THU,1,goc=-30;cu_ly=25;lan=1,1
25.3046,1790254745.242709,0.0201,1,313.00,237.50,0.739,-8.0627,-10.9371,-8.0690,-1.1520,-10.9293,-0.3022,-8.0705,-10.9293,23.0427,0.2606,0.0172,BAM,-8.5373,-11.1039,-8.5682,-11.0980,0.0000,0.0000,-0.001,0.000,0.0059,32.7,7.43,51,THU,NO_TX,360,THU,1,goc=-30;cu_ly=25;lan=1,1
25.3246,1790254745.262764,0.0200,0,313.00,237.50,0.739,,,-8.0920,-1.1520,-10.9353,-0.3022,-8.0932,-10.9354,23.0427,0.2606,0.0172,BAM,-8.5373,-11.1039,-8.5682,-11.0980,0.0000,0.0000,-0.001,0.000,0.0059,32.7,7.43,51,THU,NO_TX,360,THU,1,goc=-30;cu_ly=25;lan=1,1
25.3446,1790254745.282853,0.0200,1,310.00,236.25,0.737,-7.8594,-10.8535,-7.9313,1.5658,-10.8789,0.6042,-7.9274,-10.8787,23.0427,0.2606,0.0172,BAM,-8.5373,-11.1039,-8.5682,-11.0980,0.0000,0.0000,-0.000,0.000,0.3556,48.7,10.68,51,THU,NO_TX,360,THU,1,goc=-30;cu_ly=25;lan=1,1
25.3647,1790254745.302909,0.0201,1,312.25,236.00,0.732,-8.0120,-10.8372,-7.9646,0.5117,-10.8499,0.8731,-7.9645,-10.8492,23.0427,0.2606,0.0172,BAM,-8.5373,-11.1039,-8.5682,-11.0980,0.0000,0.0000,-0.000,0.000,0.0985,29.4,8.72,51,THU,NO_TX,360,THU,1,goc=-30;cu_ly=25;lan=1,1
25.3848,1790254745.323010,0.0200,0,312.25,236.00,0.732,,,-7.9543,0.5117,-10.8324,0.8731,-7.9542,-10.8319,23.0427,0.2606,0.0172,BAM,-8.5373,-11.1039,-8.5682,-11.0980,0.0000,0.0000,-0.000,0.000,0.0985,29.4,8.72,51,THU,NO_TX,360,THU,1,goc=-30;cu_ly=25;lan=1,1
25.4050,1790254745.343151,0.0202,0,312.25,236.00,0.732,,,-7.9440,0.5117,-10.8148,0.8731,-7.9439,-10.8144,23.0013,0.2591,0.0149,BAM,-8.5373,-11.1039,-8.5682,-11.0980,0.0000,0.0000,-0.000,0.000,0.0985,29.4,8.72,51,THU,NO_TX,360,THU,1,goc=-30;cu_ly=25;lan=1,1
25.4251,1790254745.363288,0.0202,1,311.25,237.00,0.725,-7.9441,-10.9036,-7.9421,0.3992,-10.8821,-0.2554,-7.9420,-10.8822,23.0013,0.2591,0.0149,BAM,-8.5373,-11.1039,-8.5682,-11.0980,0.0000,0.0000,-0.000,0.000,0.0369,48.4,9.25,51,THU,NO_TX,360,THU,1,goc=-30;cu_ly=25;lan=1,1
25.4457,1790254745.383877,0.0205,1,311.50,237.00,0.729,-7.9610,-10.9037,-7.9501,0.1520,-10.8970,-0.3991,-7.9500,-10.8971,23.0013,0.2591,0.0149,BAM,-8.5373,-11.1039,-8.5682,-11.0980,0.0000,0.0000,-0.000,0.000,0.0069,32.0,9.01,51,THU,NO_TX,360,THU,1,goc=-30;cu_ly=25;lan=1,1
25.4657,1790254745.403926,0.0200,0,311.50,237.00,0.729,,,-7.9470,0.1520,-10.9050,-0.3991,-7.9470,-10.9051,23.0013,0.2591,0.0149,BAM,-8.5373,-11.1039,-8.5682,-11.0980,0.0000,0.0000,-0.000,0.000,0.0069,32.0,9.01,51,THU,NO_TX,360,THU,1,goc=-30;cu_ly=25;lan=1,1
25.4858,1790254745.424007,0.0201,1,310.50,238.50,0.733,-7.8930,-11.0034,-7.9085,0.7075,-10.9752,-1.3532,-7.9081,-10.9777,23.0013,0.2591,0.0149,BAM,-8.5373,-11.1039,-8.5682,-11.0980,0.0000,0.0000,-0.000,0.000,0.0544,32.8,9.62,51,THU,NO_TX,360,THU,1,goc=-30;cu_ly=25;lan=1,1
25.5063,1790254745.444525,0.0205,0,310.50,238.50,0.733,,,-7.8939,0.7075,-11.0030,-1.3532,-7.8937,-11.0047,22.9797,0.2602,0.0113,BAM,-8.5373,-11.1039,-8.5682,-11.0980,0.0000,0.0000,-0.000,0.000,0.0544,32.8,9.62,51,THU,NO_TX,360,THU,1,goc=-30;cu_ly=25;lan=1,1
25.5264,1790254745.464652,0.0201,1,310.00,237.00,0.739,-7.8593,-10.9035,-7.8650,0.9263,-10.9397,-0.0318,-7.8641,-10.9397,22.9797,0.2602,0.0113,BAM,-8.5373,-11.1039,-8.5682,-11.0980,0.0000,0.0000,-0.000,0.000,0.0753,49.1,10.44,51,THU,NO_TX,360,THU,1,goc=-30;cu_ly=25;lan=1,1
25.5466,1790254745.484735,0.0201,0,310.00,237.00,0.739,,,-7.8463,0.9263,-10.9404,-0.0318,-7.8458,-10.9404,22.9797,0.2602,0.0113,BAM,-8.5373,-11.1039,-8.5682,-11.0980,0.0000,0.0000,-0.000,0.000,0.0753,49.1,10.44,51,THU,NO_TX,360,THU,1,goc=-30;cu_ly=25;lan=1,1
25.5666,1790254745.504830,0.0201,1,308.00,238.50,0.744,-7.7235,-11.0030,-7.7527,2.0317,-10.9851,-0.6698,-7.7442,-10.9854,22.9797,0.2602,0.0113,BAM,-8.5373,-11.1039,-8.5682,-11.0980,0.0000,0.0000,-0.000,0.000,0.0708,30.2,12.09,51,THU,NO_TX,360,THU,1,goc=-30;cu_ly=25;lan=1,1
25.5867,1790254745.524920,0.0201,0,308.00,238.50,0.744,,,-7.7119,2.0317,-10.9986,-0.6698,-7.7059,-10.9988,22.9797,0.2602,0.0113,BAM,-8.5373,-11.1039,-8.5682,-11.0980,0.0000,0.0000,-0.000,0.000,0.0708,30.2,12.09,51,THU,NO_TX,360,THU,1,goc=-30;cu_ly=25;lan=1,1
25.6072,1790254745.545371,0.0205,1,308.75,238.75,0.745,-7.7743,-11.0198,-7.7453,0.9265,-11.0176,-0.7468,-7.7444,-11.0181,22.9797,0.2602,0.0113,BAM,-8.5373,-11.1039,-8.5682,-11.0980,0.0000,0.0000,-0.000,0.000,0.0528,48.7,11.32,51,THU,NO_TX,360,THU,1,goc=-30;cu_ly=25;lan=1,1
25.6277,1790254745.565929,0.0205,0,308.75,238.75,0.745,,,-7.7263,0.9265,-11.0329,-0.7468,-7.7257,-11.0332,22.9797,0.2602,0.0003,BAM,-8.5373,-11.1039,-8.5682,-11.0980,0.0000,0.0000,-0.000,0.000,0.0528,48.7,11.32,51,THU,NO_TX,360,THU,1,goc=-30;cu_ly=25;lan=1,1
25.6480,1790254745.586135,0.0203,1,311.00,237.25,0.749,-7.9271,-10.9203,-7.8662,-1.4105,-10.9567,0.5736,-7.8691,-10.9565,22.9797,0.2602,0.0003,BAM,-8.5373,-11.1039,-8.5682,-11.0980,0.0000,0.0000,-0.000,0.000,0.3072,31.1,9.41,51,THU,NO_TX,360,THU,1,goc=-30;cu_ly=25;lan=1,1
25.6686,1790254745.606728,0.0206,0,311.00,237.25,0.749,,,-7.8952,-1.4105,-10.9449,0.5736,-7.8972,-10.9448,22.9797,0.2602,0.0003,BAM,-8.5373,-11.1039,-8.5682,-11.0980,0.0000,0.0000,-0.000,0.000,0.3072,31.1,9.41,51,THU,NO_TX,360,THU,1,goc=-30;cu_ly=25;lan=1,1
25.6889,1790254745.627074,0.0203,1,315.50,236.50,0.714,-8.2322,-10.8708,-8.1469,-4.6928,-10.8885,1.2192,-8.2377,-10.8867,22.9797,0.2602,0.0003,BAM,-8.5373,-11.1039,-8.5682,-11.0980,0.0000,0.0000,-0.000,0.000,0.4757,49.5,5.70,51,THU,NO_TX,360,THU,1,goc=-30;cu_ly=25;lan=1,1
25.7089,1790254745.647105,0.0201,0,315.50,236.50,0.714,,,-8.2410,-4.6928,-10.8641,1.2192,-8.3082,-10.8628,22.9797,0.2602,0.0003,BAM,-8.5373,-11.1039,-8.5682,-11.0980,0.0000,0.0000,-0.000,0.000,0.4757,49.5,5.70,51,THU,NO_TX,360,THU,1,goc=-30;cu_ly=25;lan=1,1
25.7289,1790254745.667153,0.0200,1,311.00,240.00,0.738,-7.9267,-11.1033,-8.0415,-0.3540,-11.0272,-1.4998,-8.0415,-11.0306,22.9797,0.2602,0.0003,BAM,-8.5373,-11.1039,-8.5682,-11.0980,0.0000,0.0000,-0.000,0.000,1.1363,29.3,9.00,51,THU,NO_TX,360,THU,1,goc=-30;cu_ly=25;lan=1,1
25.7495,1790254745.687576,0.0205,0,311.00,240.00,0.738,,,-8.0487,-0.3540,-11.0580,-1.4998,-8.0488,-11.0604,22.8600,0.2637,0.0310,BAM,-8.5373,-11.1039,-8.5682,-11.0980,0.0000,0.0000,-0.000,0.000,1.1363,29.3,9.00,51,THU,NO_TX,360,THU,1,goc=-30;cu_ly=25;lan=1,1
25.7700,1790254745.708186,0.0205,1,309.50,237.00,0.738,-7.8254,-10.9034,-7.8890,2.1036,-10.9560,0.4177,-7.8796,-10.9559,22.8600,0.2637,0.0310,BAM,-8.5373,-11.1039,-8.5682,-11.0980,0.0000,0.0000,-0.000,0.000,0.4108,35.3,10.92,51,THU,NO_TX,360,THU,1,goc=-30;cu_ly=25;lan=1,1
25.7907,1790254745.728903,0.0207,0,309.50,237.00,0.738,,,-7.8454,2.1036,-10.9473,0.4177,-7.8388,-10.9473,22.8600,0.2637,0.0310,BAM,-8.5373,-11.1039,-8.5682,-11.0980,0.0000,0.0000,-0.000,0.000,0.4108,35.3,10.92,51,THU,NO_TX,360,THU,1,goc=-30;cu_ly=25;lan=1,1
25.8108,1790254745.748970,0.0201,1,311.25,237.25,0.739,-7.9440,-10.9203,-7.9051,0.6045,-10.9256,0.6100,-7.9048,-10.9253,22.8600,0.2637,0.0310,BAM,-8.5373,-11.1039,-8.5682,-11.0980,0.0000,0.0000,-0.000,0.000,0.0971,46.6,9.17,51,THU,NO_TX,360,THU,1,goc=-30;cu_ly=25;lan=1,1
25.8309,1790254745.769095,0.0201,1,312.50,235.00,0.731,-8.0290,-10.7707,-7.9716,-0.6723,-10.8317,1.9044,-7.9719,-10.8247,22.8600,0.2637,0.0310,BAM,-8.5373,-11.1039,-8.5682,-11.0980,0.0000,0.0000,-0.000,0.000,0.2750,31.8,9.01,51,THU,NO_TX,360,THU,1,goc=-30;cu_ly=25;lan=1,1
25.8509,1790254745.789147,0.0200,0,312.50,235.00,0.731,,,-7.9851,-0.6723,-10.7936,1.9044,-7.9853,-10.7886,22.8600,0.2637,0.0310,BAM,-8.5373,-11.1039,-8.5682,-11.0980,0.0000,0.0000,-0.000,0.000,0.2750,31.8,9.01,51,THU,NO_TX,360,THU,1,goc=-30;cu_ly=25;lan=1,1
25.8711,1790254745.809326,0.0202,0,312.50,235.00,0.731,,,-7.9987,-0.6723,-10.7551,1.9044,-7.9988,-10.7513,22.8600,0.2637,0.0310,BAM,-8.5373,-11.1039,-8.5682,-11.0980,0.0000,0.0000,-0.000,0.000,0.2750,31.8,9.01,51,THU,NO_TX,360,THU,1,goc=-30;cu_ly=25;lan=1,1
25.8914,1790254745.829579,0.0203,1,306.75,237.50,0.702,-7.6389,-10.9362,-7.7111,3.3804,-10.8919,-0.4236,-7.6735,-10.8920,22.8242,0.2597,0.0356,BAM,-8.5373,-11.1039,-8.5682,-11.0980,0.0000,0.0000,-0.000,0.000,0.6244,47.6,13.48,51,THU,NO_TX,360,THU,1,goc=-30;cu_ly=25;lan=1,1
25.9115,1790254745.849762,0.0201,1,314.00,236.75,0.727,-8.1305,-10.8873,-7.9324,-1.0349,-10.8927,-0.3081,-7.9335,-10.8928,22.8242,0.2597,0.0356,BAM,-8.5373,-11.1039,-8.5682,-11.0980,0.0000,0.0000,-0.000,0.000,1.6827,32.5,6.82,51,THU,NO_TX,360,THU,1,goc=-30;cu_ly=25;lan=1,1
25.9320,1790254745.870264,0.0205,0,314.00,236.75,0.727,,,-7.9536,-1.0349,-10.8990,-0.3081,-7.9544,-10.8991,22.8242,0.2597,0.0356,BAM,-8.5373,-11.1039,-8.5682,-11.0980,0.0000,0.0000,-0.000,0.000,1.6827,32.5,6.82,51,THU,NO_TX,360,THU,1,goc=-30;cu_ly=25;lan=1,1
25.9524,1790254745.890578,0.0203,0,314.00,236.75,0.727,,,-7.9746,-1.0349,-10.9053,-0.3081,-7.9752,-10.9053,22.8242,0.2597,0.0356,BAM,-8.5373,-11.1039,-8.5682,-11.0980,0.0000,0.0000,-0.000,0.000,1.6827,32.5,6.82,51,THU,NO_TX,360,THU,1,goc=-30;cu_ly=25;lan=1,1
25.9726,1790254745.910842,0.0203,1,310.00,238.50,0.743,-7.8591,-11.0033,-7.8853,0.4414,-10.9850,-1.2764,-7.8852,-10.9871,22.8242,0.2597,0.0356,BAM,-8.5373,-11.1039,-8.5682,-11.0980,0.0000,0.0000,-0.000,0.000,0.0892,48.1,10.11,51,THU,NO_TX,360,THU,1,goc=-30;cu_ly=25;lan=1,1
25.9927,1790254745.930968,0.0201,1,309.00,238.00,0.753,-7.7914,-10.9699,-7.8259,1.2127,-10.9867,-0.9187,-7.8241,-10.9875,22.8242,0.2597,0.0001,BAM,-8.5373,-11.1039,-8.5682,-11.0980,0.0000,0.0000,-0.000,0.000,0.0621,30.0,11.18,51,THU,NO_TX,360,THU,1,goc=-30;cu_ly=25;lan=1,1
26.0130,1790254745.951188,0.0202,0,309.00,238.00,0.753,,,-7.8014,1.2127,-11.0052,-0.9187,-7.8001,-11.0058,22.8242,0.2597,0.0001,BAM,-8.5373,-11.1039,-8.5682,-11.0980,0.0000,0.0000,-0.000,0.000,0.0621,30.0,11.18,51,THU,NO_TX,360,THU,1,goc=-30;cu_ly=25;lan=1,1
26.0331,1790254745.971294,0.0201,1,310.50,240.25,0.731,-7.8927,-11.1199,-7.8578,-0.0523,-11.0900,-1.9374,-7.8578,-11.0972,22.8242,0.2597,0.0001,BAM,-8.5373,-11.1039,-8.5682,-11.0980,0.0000,0.0000,-0.000,0.000,0.1164,32.4,9.50,51,THU,NO_TX,360,THU,1,goc=-30;cu_ly=25;lan=1,1
26.0537,1790254745.991931,0.0206,0,310.50,240.25,0.731,,,-7.8588,-0.0523,-11.1300,-1.9374,-7.8588,-11.1351,22.8242,0.2597,0.0001,BAM,-8.5373,-11.1039,-8.5682,-11.0980,0.0000,0.0000,-0.000,0.000,0.1164,32.4,9.50,51,THU,NO_TX,360,THU,1,goc=-30;cu_ly=25;lan=1,1
26.0740,1790254746.012136,0.0203,1,311.75,237.25,0.740,-7.9779,-10.9204,-7.9453,-1.3201,-10.9911,0.6599,-7.9478,-10.9908,22.8242,0.2597,0.0001,BAM,-8.5373,-11.1039,-8.5682,-11.0980,0.0000,0.0000,-0.000,0.000,0.3478,49.0,8.70,51,THU,NO_TX,360,THU,1,goc=-30;cu_ly=25;lan=1,1
26.0943,1790254746.032493,0.0203,0,311.75,237.25,0.740,,,-7.9721,-1.3201,-10.9777,0.6599,-7.9738,-10.9775,22.8242,0.2597,0.0001,BAM,-8.5373,-11.1039,-8.5682,-11.0980,0.0000,0.0000,-0.000,0.000,0.3478,49.0,8.70,51,THU,NO_TX,360,THU,1,goc=-30;cu_ly=25;lan=1,1
26.1145,1790254746.052718,0.0202,1,313.25,236.50,0.745,-8.0797,-10.8706,-8.0572,-2.1773,-10.8974,1.6246,-8.0677,-10.8931,22.9195,0.2614,0.0164,BAM,-8.5373,-11.1039,-8.5682,-11.0980,0.0000,0.0000,-0.000,0.000,0.0718,30.6,7.60,51,THU,NO_TX,360,THU,1,goc=-30;cu_ly=25;lan=1,1
26.1351,1790254746.073310,0.0206,0,313.25,236.50,0.745,,,-8.1020,-2.1773,-10.8639,1.6246,-8.1094,-10.8609,22.9195,0.2614,0.0164,BAM,-8.5373,-11.1039,-8.5682,-11.0980,0.0000,0.0000,-0.000,0.000,0.0718,30.6,7.60,51,THU,NO_TX,360,THU,1,goc=-30;cu_ly=25;lan=1,1
26.1552,1790254746.093396,0.0201,1,309.75,238.25,0.738,-7.8422,-10.9866,-7.9267,1.0478,-10.9422,0.0231,-7.9255,-10.9422,22.9195,0.2614,0.0164,BAM,-8.5373,-11.1039,-8.5682,-11.0980,0.0000,0.0000,-0.000,0.000,0.5567,47.7,10.40,51,THU,NO_TX,360,THU,1,goc=-30;cu_ly=25;lan=1,1
26.1753,1790254746.113517,0.0201,0,309.75,238.25,0.738,,,-7.9056,1.0478,-10.9417,0.0231,-7.9047,-10.9417,22.9195,0.2614,0.0164,BAM,-8.5373,-11.1039,-8.5682,-11.0980,0.0000,0.0000,-0.000,0.000,0.5567,47.7,10.40,51,THU,NO_TX,360,THU,1,goc=-30;cu_ly=25;lan=1,1
26.1953,1790254746.133561,0.0200,1,310.00,238.00,0.739,-7.8592,-10.9700,-7.8663,1.3179,-10.9617,-0.2736,-7.8639,-10.9618,22.9195,0.2614,0.0164,BAM,-8.5373,-11.1039,-8.5682,-11.0980,0.0000,0.0000,-0.000,0.000,0.0070,31.5,10.20,51,THU,NO_TX,360,THU,1,goc=-30;cu_ly=25;lan=1,1
26.2161,1790254746.154351,0.0208,0,310.00,238.00,0.739,,,-7.8389,1.3179,-10.9674,-0.2736,-7.8372,-10.9674,22.9220,0.2599,0.0152,BAM,-8.5373,-11.1039,-8.5682,-11.0980,0.0000,0.0000,-0.000,0.000,0.0070,31.5,10.20,51,THU,NO_TX,360,THU,1,goc=-30;cu_ly=25;lan=1,1
26.2362,1790254746.174432,0.0201,1,312.50,237.75,0.736,-8.0287,-10.9537,-7.9689,-0.9865,-10.9592,-0.0750,-7.9699,-10.9592,22.9220,0.2599,0.0152,BAM,-8.5373,-11.1039,-8.5682,-11.0980,0.0000,0.0000,-0.000,0.000,0.2271,50.0,7.83,51,THU,NO_TX,360,THU,1,goc=-30;cu_ly=25;lan=1,1
26.2563,1790254746.194513,0.0201,0,312.50,237.75,0.736,,,-7.9887,-0.9865,-10.9607,-0.0750,-7.9894,-10.9607,22.9220,0.2599,0.0152,BAM,-8.5373,-11.1039,-8.5682,-11.0980,0.0000,0.0000,-0.000,0.000,0.2271,50.0,7.83,51,THU,NO_TX,360,THU,1,goc=-30;cu_ly=25;lan=1,1
26.2764,1790254746.214572,0.0201,1,310.50,238.50,0.739,-7.8930,-11.0034,-7.9254,0.2410,-10.9915,-0.5000,-7.9254,-10.9917,22.9220,0.2599,0.0152,BAM,-8.5373,-11.1039,-8.5682,-11.0980,0.0000,0.0000,-0.000,0.000,0.0729,32.0,9.62,51,THU,NO_TX,360,THU,1,goc=-30;cu_ly=25;lan=1,1
26.2968,1790254746.234984,0.0204,1,313.50,237.50,0.716,-8.0965,-10.9372,-8.0226,-1.4192,-10.9647,0.0885,-8.0256,-10.9647,22.9220,0.2599,0.0152,BAM,-8.5373,-11.1039,-8.5682,-11.0980,0.0000,0.0000,-0.000,0.000,0.2551,32.0,6.96,51,THU,NO_TX,360,THU,1,goc=-30;cu_ly=25;lan=1,1
26.3169,1790254746.255095,0.0201,0,313.50,237.50,0.716,,,-8.0511,-1.4192,-10.9629,0.0885,-8.0532,-10.9629,22.9220,0.2599,0.0152,BAM,-8.5373,-11.1039,-8.5682,-11.0980,0.0000,0.0000,-0.000,0.000,0.2551,32.0,6.96,51,THU,NO_TX,360,THU,1,goc=-30;cu_ly=25;lan=1,1
26.3370,1790254746.275209,0.0201,0,313.50,237.50,0.716,,,-8.0796,-1.4192,-10.9611,0.0885,-8.0812,-10.9611,22.9220,0.2599,0.0002,BAM,-8.5373,-11.1039,-8.5682,-11.0980,0.0000,0.0000,-0.000,0.000,0.2551,32.0,6.96,51,THU,NO_TX,360,THU,1,goc=-30;cu_ly=25;lan=1,1
26.3571,1790254746.295280,0.0201,1,310.00,239.50,0.756,-7.8589,-11.0699,-7.9073,1.2853,-11.0475,-1.0827,-7.9050,-11.0489,22.9220,0.2599,0.0002,BAM,-8.5373,-11.1039,-8.5682,-11.0980,0.0000,0.0000,-0.000,0.000,0.2492,47.5,10.01,51,THU,NO_TX,360,THU,1,goc=-30;cu_ly=25;lan=1,1
26.3772,1790254746.315344,0.0201,1,310.00,237.75,0.732,-7.8592,-10.9534,-7.8682,1.4867,-11.0012,-0.0649,-7.8648,-11.0012,22.9220,0.2599,0.0002,BAM,-8.5373,-11.1039,-8.5682,-11.0980,0.0000,0.0000,-0.000,0.000,0.0919,32.1,10.25,51,THU,NO_TX,360,THU,1,goc=-30;cu_ly=25;lan=1,1
26.3972,1790254746.335395,0.0200,0,310.00,237.75,0.732,,,-7.8385,1.4867,-11.0025,-0.0649,-7.8361,-11.0025,22.9220,0.2599,0.0002,BAM,-8.5373,-11.1039,-8.5682,-11.0980,0.0000,0.0000,-0.000,0.000,0.0919,32.1,10.25,51,THU,NO_TX,360,THU,1,goc=-30;cu_ly=25;lan=1,1
26.4173,1790254746.355469,0.0201,0,310.00,237.75,0.732,,,-7.8087,1.4867,-11.0038,-0.0649,-7.8068,-11.0038,22.9220,0.2599,0.0002,BAM,-8.5373,-11.1039,-8.5682,-11.0980,0.0000,0.0000,-0.000,0.000,0.0919,32.1,10.25,51,THU,NO_TX,360,THU,1,goc=-30;cu_ly=25;lan=1,1
26.4373,1790254746.375499,0.0201,1,312.50,238.00,0.734,-8.0287,-10.9704,-7.9797,-1.2214,-10.9775,0.3019,-7.9816,-10.9774,22.9220,0.2599,0.0002,BAM,-8.5373,-11.1039,-8.5682,-11.0980,0.0000,0.0000,-0.000,0.000,0.2171,47.5,7.76,51,THU,NO_TX,360,THU,1,goc=-30;cu_ly=25;lan=1,1
26.4579,1790254746.396044,0.0206,1,310.50,239.25,0.726,-7.8929,-11.0533,-7.9380,-0.1989,-11.0198,-0.4247,-7.9381,-11.0198,22.9220,0.2599,0.0001,BAM,-8.5373,-11.1039,-8.5682,-11.0980,0.0000,0.0000,-0.000,0.000,0.1319,32.2,9.53,51,THU,NO_TX,360,THU,1,goc=-30;cu_ly=25;lan=1,1
26.4779,1790254746.416107,0.0200,0,310.50,239.25,0.726,,,-7.9420,-0.1989,-11.0283,-0.4247,-7.9420,-11.0283,22.9220,0.2599,0.0001,BAM,-8.5373,-11.1039,-8.5682,-11.0980,0.0000,0.0000,-0.000,0.000,0.1319,32.2,9.53,51,THU,NO_TX,360,THU,1,goc=-30;cu_ly=25;lan=1,1
26.4983,1790254746.436472,0.0204,0,310.50,239.25,0.726,,,-7.9461,-0.1989,-11.0369,-0.4247,-7.9461,-11.0370,22.9220,0.2599,0.0001,BAM,-8.5373,-11.1039,-8.5682,-11.0980,0.0000,0.0000,-0.000,0.000,0.1319,32.2,9.53,51,THU,NO_TX,360,THU,1,goc=-30;cu_ly=25;lan=1,1
26.5185,1790254746.456692,0.0202,1,312.00,238.50,0.753,-7.9947,-11.0036,-7.9861,-0.6820,-11.0120,0.0181,-7.9864,-11.0120,22.9220,0.2599,0.0001,BAM,-8.5373,-11.1039,-8.5682,-11.0980,0.0000,0.0000,-0.000,0.000,0.0123,46.4,8.14,51,THU,NO_TX,360,THU,1,goc=-30;cu_ly=25;lan=1,1
26.5387,1790254746.476842,0.0201,1,312.00,239.00,0.736,-7.9947,-11.0369,-7.9968,-0.6349,-11.0265,-0.2037,-7.9970,-11.0265,22.9220,0.2599,0.0001,BAM,-8.5373,-11.1039,-8.5682,-11.0980,0.0000,0.0000,-0.000,0.000,0.0044,32.5,8.06,51,THU,NO_TX,360,THU,1,goc=-30;cu_ly=25;lan=1,1
26.5589,1790254746.497046,0.0202,0,312.00,239.00,0.736,,,-8.0096,-0.6349,-11.0306,-0.2037,-8.0098,-11.0306,22.9220,0.2599,0.0001,BAM,-8.5373,-11.1039,-8.5682,-11.0980,0.0000,0.0000,-0.000,0.000,0.0044,32.5,8.06,51,THU,NO_TX,360,THU,1,goc=-30;cu_ly=25;lan=1,1
26.5792,1790254746.517377,0.0204,0,312.00,239.00,0.736,,,-8.0225,-0.6349,-11.0348,-0.2037,-8.0227,-11.0348,22.9524,0.2623,0.0224,BAM,-8.5373,-11.1039,-8.5682,-11.0980,0.0000,0.0000,-0.000,0.000,0.0044,32.5,8.06,51,THU,NO_TX,360,THU,1,goc=-30;cu_ly=25;lan=1,1
26.5993,1790254746.537489,0.0201,1,311.50,240.50,0.716,-7.9605,-11.1367,-7.9750,0.1749,-11.1170,-1.2379,-7.9750,-11.1189,22.9524,0.2623,0.0224,BAM,-8.5373,-11.1039,-8.5682,-11.0980,0.0000,0.0000,-0.000,0.000,0.0496,49.4,8.51,51,THU,NO_TX,360,THU,1,goc=-30;cu_ly=25;lan=1,1
26.6195,1790254746.557707,0.0202,1,312.25,237.75,0.727,-8.0118,-10.9537,-7.9954,-0.1911,-11.0311,0.4189,-7.9954,-11.0311,22.9524,0.2623,0.0224,BAM,-8.5373,-11.1039,-8.5682,-11.0980,0.0000,0.0000,-0.000,0.000,0.2441,29.4,8.07,51,THU,NO_TX,360,THU,1,goc=-30;cu_ly=25;lan=1,1
26.6396,1790254746.577828,0.0201,0,312.25,237.75,0.727,,,-7.9992,-0.1911,-11.0227,0.4189,-7.9993,-11.0227,22.9524,0.2623,0.0224,BAM,-8.5373,-11.1039,-8.5682,-11.0980,0.0000,0.0000,-0.000,0.000,0.2441,29.4,8.07,51,THU,NO_TX,360,THU,1,goc=-30;cu_ly=25;lan=1,1
26.6598,1790254746.598042,0.0202,1,313.00,239.75,0.745,-8.0624,-11.0869,-8.0445,-0.8393,-11.0643,-0.3508,-8.0451,-11.0644,22.9524,0.2623,0.0224,BAM,-8.5373,-11.1039,-8.5682,-11.0980,0.0000,0.0000,-0.000,0.000,0.0447,33.8,7.00,51,THU,NO_TX,360,THU,1,goc=-30;cu_ly=25;lan=1,1
26.6799,1790254746.618083,0.0200,0,313.00,239.75,0.745,,,-8.0613,-0.8393,-11.0714,-0.3508,-8.0618,-11.0714,22.9524,0.2623,0.0224,BAM,-8.5373,-11.1039,-8.5682,-11.0980,0.0000,0.0000,-0.000,0.000,0.0447,33.8,7.00,51,THU,NO_TX,360,THU,1,goc=-30;cu_ly=25;lan=1,1
26.7001,1790254746.638271,0.0202,1,309.25,238.50,0.739,-7.8082,-11.0032,-7.8839,2.0579,-11.0249,0.4334,-7.8749,-11.0248,22.9984,0.2602,0.0205,BAM,-8.5373,-11.1039,-8.5682,-11.0980,0.0000,0.0000,-0.000,0.000,0.3816,47.8,10.85,51,THU,NO_TX,360,THU,1,goc=-30;cu_ly=25;lan=1,1
26.7202,1790254746.658419,0.0201,0,309.25,238.50,0.739,,,-7.8424,2.0579,-11.0162,0.4334,-7.8361,-11.0161,22.9984,0.2602,0.0205,BAM,-8.5373,-11.1039,-8.5682,-11.0980,0.0000,0.0000,-0.000,0.000,0.3816,47.8,10.85,51,THU,NO_TX,360,THU,1,goc=-30;cu_ly=25;lan=1,1
26.7408,1790254746.678998,0.0206,1,310.50,238.50,0.730,-7.8930,-11.0034,-7.8672,1.0713,-11.0045,0.4730,-7.8659,-11.0044,22.9984,0.2602,0.0205,BAM,-8.5373,-11.1039,-8.5682,-11.0980,0.0000,0.0000,-0.000,0.000,0.0418,32.0,9.62,51,THU,NO_TX,360,THU,1,goc=-30;cu_ly=25;lan=1,1
26.7608,1790254746.699052,0.0201,0,310.50,238.50,0.730,,,-7.8457,1.0713,-10.9950,0.4730,-7.8448,-10.9949,22.9984,0.2602,0.0205,BAM,-8.5373,-11.1039,-8.5682,-11.0980,0.0000,0.0000,-0.000,0.000,0.0418,32.0,9.62,51,THU,NO_TX,360,THU,1,goc=-30;cu_ly=25;lan=1,1
26.7810,1790254746.719198,0.0201,1,309.00,237.75,0.743,-7.7914,-10.9532,-7.8006,1.4184,-10.9626,0.8050,-7.7976,-10.9620,22.9984,0.2602,0.0205,BAM,-8.5373,-11.1039,-8.5682,-11.0980,0.0000,0.0000,-0.000,0.000,0.0100,46.2,11.23,51,THU,NO_TX,360,THU,1,goc=-30;cu_ly=25;lan=1,1
26.8010,1790254746.739226,0.0200,0,309.00,237.75,0.743,,,-7.7722,1.4184,-10.9464,0.8050,-7.7701,-10.9461,22.9984,0.2602,0.0003,BAM,-8.5373,-11.1039,-8.5682,-11.0980,0.0000,0.0000,-0.000,0.000,0.0100,46.2,11.23,51,THU,NO_TX,360,THU,1,goc=-30;cu_ly=25;lan=1,1
26.8216,1790254746.759804,0.0206,1,309.75,238.00,0.758,-7.8422,-10.9700,-7.8146,0.3623,-10.9585,0.3903,-7.8145,-10.9584,22.9984,0.2602,0.0003,BAM,-8.5373,-11.1039,-8.5682,-11.0980,0.0000,0.0000,-0.000,0.000,0.0551,32.3,10.44,51,THU,NO_TX,360,THU,1,goc=-30;cu_ly=25;lan=1,1
26.8417,1790254746.779878,0.0201,0,309.75,238.00,0.758,,,-7.8073,0.3623,-10.9507,0.3903,-7.8073,-10.9506,22.9984,0.2602,0.0003,BAM,-8.5373,-11.1039,-8.5682,-11.0980,0.0000,0.0000,-0.000,0.000,0.0551,32.3,10.44,51,THU,NO_TX,360,THU,1,goc=-30;cu_ly=25;lan=1,1
26.8618,1790254746.799974,0.0201,1,311.75,237.25,0.754,-7.9779,-10.9204,-7.9280,-1.5293,-10.9268,0.6223,-7.9317,-10.9266,22.9984,0.2602,0.0003,BAM,-8.5373,-11.1039,-8.5682,-11.0980,0.0000,0.0000,-0.000,0.000,0.1570,48.9,8.70,51,THU,NO_TX,360,THU,1,goc=-30;cu_ly=25;lan=1,1
26.8818,1790254746.820061,0.0201,0,311.75,237.25,0.754,,,-7.9587,-1.5293,-10.9143,0.6223,-7.9613,-10.9142,22.9984,0.2602,0.0003,BAM,-8.5373,-11.1039,-8.5682,-11.0980,0.0000,0.0000,-0.000,0.000,0.1570,48.9,8.70,51,THU,NO_TX,360,THU,1,goc=-30;cu_ly=25;lan=1,1
26.9019,1790254746.840113,0.0200,1,308.25,239.25,0.749,-7.7403,-11.0530,-7.8103,1.1205,-11.0093,-0.9380,-7.8088,-11.0101,22.9984,0.2602,0.0003,BAM,-8.5373,-11.1039,-8.5682,-11.0980,0.0000,0.0000,-0.000,0.000,0.4089,30.7,11.77,51,THU,NO_TX,360,THU,1,goc=-30;cu_ly=25;lan=1,1
26.9220,1790254746.860230,0.0201,1,310.50,238.25,0.745,-7.8930,-10.9868,-7.8486,0.1308,-11.0045,-0.5613,-7.8486,-11.0047,22.9984,0.2602,0.0002,BAM,-8.5373,-11.1039,-8.5682,-11.0980,0.0000,0.0000,-0.000,0.000,0.0932,32.0,9.66,51,THU,NO_TX,360,THU,1,goc=-30;cu_ly=25;lan=1,1
26.9421,1790254746.880283,0.0200,0,310.50,238.25,0.745,,,-7.8459,0.1308,-11.0158,-0.5613,-7.8459,-11.0159,22.9984,0.2602,0.0002,BAM,-8.5373,-11.1039,-8.5682,-11.0980,0.0000,0.0000,-0.000,0.000,0.0932,32.0,9.66,51,THU,NO_TX,360,THU,1,goc=-30;cu_ly=25;lan=1,1
26.9627,1790254746.900944,0.0207,0,310.50,238.25,0.745,,,-7.8432,0.1308,-11.0274,-0.5613,-7.8432,-11.0275,22.9984,0.2602,0.0002,BAM,-8.5373,-11.1039,-8.5682,-11.0980,0.0000,0.0000,-0.000,0.000,0.0932,32.0,9.66,51,THU,NO_TX,360,THU,1,goc=-30;cu_ly=25;lan=1,1
26.9829,1790254746.920998,0.0202,1,308.50,239.75,0.742,-7.7571,-11.0863,-7.7732,1.0355,-11.0768,-1.0653,-7.7720,-11.0780,22.9984,0.2602,0.0002,BAM,-8.5373,-11.1039,-8.5682,-11.0980,0.0000,0.0000,-0.000,0.000,0.0305,49.1,11.50,51,THU,NO_TX,360,THU,1,goc=-30;cu_ly=25;lan=1,1
27.0029,1790254746.941117,0.0200,1,309.50,237.50,0.743,-7.8253,-10.9367,-7.7957,0.3770,-11.0033,0.3477,-7.7956,-11.0032,22.9984,0.2602,0.0002,BAM,-8.5373,-11.1039,-8.5682,-11.0980,0.0000,0.0000,-0.000,0.000,0.2092,32.3,10.79,51,THU,NO_TX,360,THU,1,goc=-30;cu_ly=25;lan=1,1
27.0229,1790254746.961143,0.0200,0,309.50,237.50,0.743,,,-7.7881,0.3770,-10.9963,0.3477,-7.7881,-10.9963,22.9984,0.2602,0.0002,BAM,-8.5373,-11.1039,-8.5682,-11.0980,0.0000,0.0000,-0.000,0.000,0.2092,32.3,10.79,51,THU,NO_TX,360,THU,1,goc=-30;cu_ly=25;lan=1,1
27.0430,1790254746.981220,0.0201,0,309.50,237.50,0.743,,,-7.7805,0.3770,-10.9893,0.3477,-7.7805,-10.9893,22.9984,0.2602,0.0002,BAM,-8.5373,-11.1039,-8.5682,-11.0980,0.0000,0.0000,-0.000,0.000,0.2092,32.3,10.79,51,THU,NO_TX,360,THU,1,goc=-30;cu_ly=25;lan=1,1
27.0637,1790254747.001765,0.0207,1,310.00,240.50,0.741,-7.8588,-11.1365,-7.8421,-0.5546,-11.1054,-1.2821,-7.8423,-11.1075,22.9984,0.2602,0.0001,BAM,-8.5373,-11.1039,-8.5682,-11.0980,0.0000,0.0000,-0.000,0.000,0.1015,47.0,10.01,51,THU,NO_TX,360,THU,1,goc=-30;cu_ly=25;lan=1,1
27.0841,1790254747.022247,0.0203,1,310.00,237.75,0.748,-7.8592,-10.9534,-7.8569,-0.6072,-11.0264,0.2877,-7.8571,-11.0264,22.9984,0.2602,0.0001,BAM,-8.5373,-11.1039,-8.5682,-11.0980,0.0000,0.0000,-0.000,0.000,0.2078,31.9,10.25,51,THU,NO_TX,360,THU,1,goc=-30;cu_ly=25;lan=1,1
27.1046,1790254747.042799,0.0205,0,310.00,237.75,0.748,,,-7.8693,-0.6072,-11.0205,0.2877,-7.8695,-11.0205,22.9984,0.2602,0.0001,BAM,-8.5373,-11.1039,-8.5682,-11.0980,0.0000,0.0000,-0.000,0.000,0.2078,31.9,10.25,51,THU,NO_TX,360,THU,1,goc=-30;cu_ly=25;lan=1,1
27.1251,1790254747.063303,0.0205,0,310.00,237.75,0.748,,,-7.8818,-0.6072,-11.0146,0.2877,-7.8819,-11.0146,22.9984,0.2602,0.0001,BAM,-8.5373,-11.1039,-8.5682,-11.0980,0.0000,0.0000,-0.000,0.000,0.2078,31.9,10.25,51,THU,NO_TX,360,THU,1,goc=-30;cu_ly=25;lan=1,1
27.1451,1790254747.083334,0.0200,1,310.50,238.00,0.723,-7.8931,-10.9701,-7.8932,-0.5980,-10.9779,0.6971,-7.8935,-10.9775,22.9984,0.2602,0.0001,BAM,-8.5373,-11.1039,-8.5682,-11.0980,0.0000,0.0000,-0.000,0.000,0.0048,49.2,9.71,51,THU,NO_TX,360,THU,1,goc=-30;cu_ly=25;lan=1,1
27.1657,1790254747.103887,0.0206,1,310.50,238.00,0.740,-7.8931,-10.9701,-7.8981,-0.4844,-10.9674,0.6389,-7.8982,-10.9672,22.8943,0.2578,0.0216,BAM,-8.5373,-11.1039,-8.5682,-11.0980,0.0000,0.0000,-0.000,0.000,0.0014,31.6,9.71,51,THU,NO_TX,360,THU,1,goc=-30;cu_ly=25;lan=1,1
27.1858,1790254747.123999,0.0201,0,310.50,238.00,0.740,,,-7.9078,-0.4844,-10.9546,0.6389,-7.9079,-10.9544,22.8943,0.2578,0.0216,BAM,-8.5373,-11.1039,-8.5682,-11.0980,0.0000,0.0000,-0.000,0.000,0.0014,31.6,9.71,51,THU,NO_TX,360,THU,1,goc=-30;cu_ly=25;lan=1,1
27.2059,1790254747.144073,0.0201,1,311.50,238.50,0.749,-7.9608,-11.0035,-7.9477,-0.9570,-10.9843,-0.0149,-7.9486,-10.9843,22.8943,0.2578,0.0216,BAM,-8.5373,-11.1039,-8.5682,-11.0980,0.0000,0.0000,-0.000,0.000,0.0288,32.0,8.63,51,THU,NO_TX,360,THU,1,goc=-30;cu_ly=25;lan=1,1
27.2259,1790254747.164123,0.0201,0,311.50,238.50,0.749,,,-7.9669,-0.9570,-10.9846,-0.0149,-7.9676,-10.9846,22.8943,0.2578,0.0216,BAM,-8.5373,-11.1039,-8.5682,-11.0980,0.0000,0.0000,-0.000,0.000,0.0288,32.0,8.63,51,THU,NO_TX,360,THU,1,goc=-30;cu_ly=25;lan=1,1
27.2460,1790254747.184240,0.0201,1,311.00,238.00,0.728,-7.9270,-10.9702,-7.9436,-0.3218,-10.9744,0.1386,-7.9436,-10.9744,22.8943,0.2578,0.0216,BAM,-8.5373,-11.1039,-8.5682,-11.0980,0.0000,0.0000,-0.000,0.000,0.0181,47.8,9.22,51,THU,NO_TX,360,THU,1,goc=-30;cu_ly=25;lan=1,1
27.2662,1790254747.204311,0.0201,0,311.00,238.00,0.728,,,-7.9501,-0.3218,-10.9716,0.1386,-7.9501,-10.9716,22.8943,0.2578,0.0216,BAM,-8.5373,-11.1039,-8.5682,-11.0980,0.0000,0.0000,-0.000,0.000,0.0181,47.8,9.22,51,THU,NO_TX,360,THU,1,goc=-30;cu_ly=25;lan=1,1
27.2867,1790254747.224899,0.0205,1,310.00,238.50,0.749,-7.8591,-11.0033,-7.8862,0.7142,-10.9935,-0.2174,-7.8858,-10.9935,22.8834,0.2559,0.0175,BAM,-8.5373,-11.1039,-8.5682,-11.0980,0.0000,0.0000,-0.000,0.000,0.0515,31.2,10.11,51,THU,NO_TX,360,THU,1,goc=-30;cu_ly=25;lan=1,1
27.3073,1790254747.245455,0.0206,0,310.00,238.50,0.749,,,-7.8715,0.7142,-10.9979,-0.2174,-7.8712,-10.9979,22.8834,0.2559,0.0175,BAM,-8.5373,-11.1039,-8.5682,-11.0980,0.0000,0.0000,-0.000,0.000,0.0515,31.2,10.11,51,THU,NO_TX,360,THU,1,goc=-30;cu_ly=25;lan=1,1
27.3277,1790254747.265831,0.0204,1,311.75,236.50,0.742,-7.9780,-10.8704,-7.9446,-0.5724,-10.9079,1.1437,-7.9448,-10.9064,22.8834,0.2559,0.0175,BAM,-8.5373,-11.1039,-8.5682,-11.0980,0.0000,0.0000,-0.000,0.000,0.1495,48.7,8.96,51,THU,NO_TX,360,THU,1,goc=-30;cu_ly=25;lan=1,1
27.3479,1790254747.286157,0.0203,0,311.75,236.50,0.742,,,-7.9562,-0.5724,-10.8847,1.1437,-7.9563,-10.8836,22.8834,0.2559,0.0175,BAM,-8.5373,-11.1039,-8.5682,-11.0980,0.0000,0.0000,-0.000,0.000,0.1495,48.7,8.96,51,THU,NO_TX,360,THU,1,goc=-30;cu_ly=25;lan=1,1
27.3682,1790254747.306318,0.0202,1,311.00,238.50,0.719,-7.9269,-11.0035,-7.9383,-0.1385,-10.9628,-0.3197,-7.9383,-10.9628,22.8834,0.2559,0.0175,BAM,-8.5373,-11.1039,-8.5682,-11.0980,0.0000,0.0000,-0.000,0.000,0.1001,31.5,9.12,51,THU,NO_TX,360,THU,1,goc=-30;cu_ly=25;lan=1,1
27.3887,1790254747.326871,0.0206,0,311.00,238.50,0.719,,,-7.9411,-0.1385,-10.9694,-0.3197,-7.9411,-10.9694,22.8834,0.2559,0.0010,BAM,-8.5373,-11.1039,-8.5682,-11.0980,0.0000,0.0000,-0.000,0.000,0.1001,31.5,9.12,51,THU,NO_TX,360,THU,1,goc=-30;cu_ly=25;lan=1,1
27.4087,1790254747.346956,0.0200,1,310.25,237.50,0.745,-7.8762,-10.9368,-7.8950,0.5822,-10.9480,0.0831,-7.8948,-10.9480,22.8834,0.2559,0.0010,BAM,-8.5373,-11.1039,-8.5682,-11.0980,0.0000,0.0000,-0.000,0.000,0.0292,48.1,10.07,51,THU,NO_TX,360,THU,1,goc=-30;cu_ly=25;lan=1,1
27.4294,1790254747.367566,0.0206,0,310.25,237.50,0.745,,,-7.8830,0.5822,-10.9462,0.0831,-7.8829,-10.9462,22.8834,0.2559,0.0010,BAM,-8.5373,-11.1039,-8.5682,-11.0980,0.0000,0.0000,-0.000,0.000,0.0292,48.1,10.07,51,THU,NO_TX,360,THU,1,goc=-30;cu_ly=25;lan=1,1
27.4494,1790254747.387606,0.0200,1,311.00,239.25,0.726,-7.9268,-11.0534,-7.9114,-0.0077,-11.0223,-1.0413,-7.9114,-11.0235,22.8834,0.2559,0.0010,BAM,-8.5373,-11.1039,-8.5682,-11.0980,0.0000,0.0000,-0.000,0.000,0.0688,32.2,9.03,51,THU,NO_TX,360,THU,1,goc=-30;cu_ly=25;lan=1,1
27.4695,1790254747.407676,0.0201,1,309.50,238.50,0.743,-7.8252,-11.0033,-7.8617,0.8030,-11.0204,-0.6785,-7.8611,-11.0207,22.8834,0.2559,0.0010,BAM,-8.5373,-11.1039,-8.5682,-11.0980,0.0000,0.0000,-0.000,0.000,0.0658,31.2,10.61,51,THU,NO_TX,360,THU,1,goc=-30;cu_ly=25;lan=1,1
27.4895,1790254747.427720,0.0201,0,309.50,238.50,0.743,,,-7.8455,0.8030,-11.0340,-0.6785,-7.8451,-11.0342,22.8834,0.2559,0.0010,BAM,-8.5373,-11.1039,-8.5682,-11.0980,0.0000,0.0000,-0.000,0.000,0.0658,31.2,10.61,51,THU,NO_TX,360,THU,1,goc=-30;cu_ly=25;lan=1,1
27.5102,1790254747.448264,0.0206,0,309.50,238.50,0.743,,,-7.8290,0.8030,-11.0480,-0.6785,-7.8287,-11.0482,22.8834,0.2559,0.0006,BAM,-8.5373,-11.1039,-8.5682,-11.0980,0.0000,0.0000,-0.000,0.000,0.0658,31.2,10.61,51,THU,NO_TX,360,THU,1,goc=-30;cu_ly=25;lan=1,1
27.5304,1790254747.468668,0.0203,1,310.25,237.50,0.749,-7.8762,-10.9368,-7.8640,0.1144,-10.9617,0.6440,-7.8640,-10.9614,22.8834,0.2559,0.0006,BAM,-8.5373,-11.1039,-8.5682,-11.0980,0.0000,0.0000,-0.000,0.000,0.0631,48.2,10.07,51,THU,NO_TX,360,THU,1,goc=-30;cu_ly=25;lan=1,1
27.5507,1790254747.488856,0.0202,1,310.00,237.25,0.733,-7.8593,-10.9201,-7.8603,0.1366,-10.9318,0.8947,-7.8603,-10.9311,22.8834,0.2559,0.0006,BAM,-8.5373,-11.1039,-8.5682,-11.0980,0.0000,0.0000,-0.000,0.000,0.0054,31.8,10.37,51,THU,NO_TX,360,THU,1,goc=-30;cu_ly=25;lan=1,1
27.5712,1790254747.509375,0.0205,0,310.00,237.25,0.733,,,-7.8575,0.1366,-10.9135,0.8947,-7.8575,-10.9130,22.8834,0.2559,0.0006,BAM,-8.5373,-11.1039,-8.5682,-11.0980,0.0000,0.0000,-0.000,0.000,0.0054,31.8,10.37,51,THU,NO_TX,360,THU,1,goc=-30;cu_ly=25;lan=1,1
27.5912,1790254747.529438,0.0201,1,311.00,241.25,0.747,-7.9265,-11.1865,-7.9049,-0.6471,-11.0963,-2.1817,-7.9052,-11.1065,22.8834,0.2559,0.0006,BAM,-8.5373,-11.1039,-8.5682,-11.0980,0.0000,0.0000,-0.000,0.000,0.4459,46.9,9.09,51,THU,NO_TX,360,THU,1,goc=-30;cu_ly=25;lan=1,1
27.6114,1790254747.549476,0.0202,0,311.00,241.25,0.747,,,-7.9180,-0.6471,-11.1404,-2.1817,-7.9182,-11.1477,22.8834,0.2559,0.0006,BAM,-8.5373,-11.1039,-8.5682,-11.0980,0.0000,0.0000,-0.000,0.000,0.4459,46.9,9.09,51,THU,NO_TX,360,THU,1,goc=-30;cu_ly=25;lan=1,1
27.6319,1790254747.570046,0.0205,1,312.00,239.00,0.756,-7.9947,-11.0369,-7.9770,-1.3280,-11.0792,-0.6376,-7.9795,-11.0795,22.8834,0.2559,0.0006,BAM,-8.5373,-11.1039,-8.5682,-11.0980,0.0000,0.0000,-0.000,0.000,0.1195,32.4,8.06,51,THU,NO_TX,360,THU,1,goc=-30;cu_ly=25;lan=1,1
27.6520,1790254747.590125,0.0201,0,312.00,239.00,0.756,,,-8.0037,-1.3280,-11.0920,-0.6376,-8.0054,-11.0922,22.8834,0.2559,0.0003,BAM,-8.5373,-11.1039,-8.5682,-11.0980,0.0000,0.0000,-0.000,0.000,0.1195,32.4,8.06,51,THU,NO_TX,360,THU,1,goc=-30;cu_ly=25;lan=1,1
27.6721,1790254747.610305,0.0202,1,310.50,240.00,0.743,-7.8928,-11.1033,-7.9314,0.1320,-11.1037,-0.6209,-7.9314,-11.1040,22.8834,0.2559,0.0003,BAM,-8.5373,-11.1039,-8.5682,-11.0980,0.0000,0.0000,-0.000,0.000,0.0926,48.2,9.50,51,THU,NO_TX,360,THU,1,goc=-30;cu_ly=25;lan=1,1
27.6926,1790254747.630739,0.0205,0,310.50,240.00,0.743,,,-7.9287,0.1320,-11.1164,-0.6209,-7.9287,-11.1166,22.8834,0.2559,0.0003,BAM,-8.5373,-11.1039,-8.5682,-11.0980,0.0000,0.0000,-0.000,0.000,0.0926,48.2,9.50,51,THU,NO_TX,360,THU,1,goc=-30;cu_ly=25;lan=1,1
27.7126,1790254747.650834,0.0200,1,310.25,239.50,0.749,-7.8759,-11.0699,-7.8899,0.6648,-11.0869,-0.0133,-7.8896,-11.0869,22.8834,0.2559,0.0003,BAM,-8.5373,-11.1039,-8.5682,-11.0980,0.0000,0.0000,-0.000,0.000,0.0282,32.2,9.76,51,THU,NO_TX,360,THU,1,goc=-30;cu_ly=25;lan=1,1
27.7328,1790254747.670965,0.0202,0,310.25,239.50,0.749,,,-7.8765,0.6648,-11.0871,-0.0133,-7.8763,-11.0871,22.8834,0.2559,0.0003,BAM,-8.5373,-11.1039,-8.5682,-11.0980,0.0000,0.0000,-0.000,0.000,0.0282,32.2,9.76,51,THU,NO_TX,360,THU,1,goc=-30;cu_ly=25;lan=1,1
27.7528,1790254747.691009,0.0200,1,312.50,238.00,0.737,-8.0287,-10.9704,-7.9822,-1.0953,-11.0041,1.1945,-7.9836,-11.0024,22.8517,0.2586,0.0250,BAM,-8.5373,-11.1039,-8.5682,-11.0980,0.0000,0.0000,-0.000,0.000,0.1969,31.5,7.76,51,THU,NO_TX,360,THU,1,goc=-30;cu_ly=25;lan=1,1
27.7732,1790254747.711352,0.0204,0,312.50,238.00,0.737,,,-8.0045,-1.0953,-10.9798,1.1945,-8.0055,-10.9786,22.8517,0.2586,0.0250,BAM,-8.5373,-11.1039,-8.5682,-11.0980,0.0000,0.0000,-0.000,0.000,0.1969,31.5,7.76,51,THU,NO_TX,360,THU,1,goc=-30;cu_ly=25;lan=1,1
27.7938,1790254747.732015,0.0206,1,310.00,237.25,0.739,-7.8593,-10.9201,-7.9057,0.6926,-10.9301,1.5574,-7.9053,-10.9263,22.8517,0.2586,0.0250,BAM,-8.5373,-11.1039,-8.5682,-11.0980,0.0000,0.0000,-0.000,0.000,0.1410,48.9,10.37,51,THU,NO_TX,360,THU,1,goc=-30;cu_ly=25;lan=1,1
27.8141,1790254747.752274,0.0203,1,310.50,237.75,0.752,-7.8931,-10.9535,-7.8925,0.6786,-10.9300,1.0579,-7.8921,-10.9288,22.8517,0.2586,0.0250,BAM,-8.5373,-11.1039,-8.5682,-11.0980,0.0000,0.0000,-0.000,0.000,0.0206,30.1,9.76,51,THU,NO_TX,360,THU,1,goc=-30;cu_ly=25;lan=1,1
27.8344,1790254747.772620,0.0203,0,310.50,237.75,0.752,,,-7.8787,0.6786,-10.9085,1.0579,-7.8784,-10.9077,22.8517,0.2586,0.0250,BAM,-8.5373,-11.1039,-8.5682,-11.0980,0.0000,0.0000,-0.000,0.000,0.0206,30.1,9.76,51,THU,NO_TX,360,THU,1,goc=-30;cu_ly=25;lan=1,1
27.8545,1790254747.792770,0.0202,0,310.50,237.75,0.752,,,-7.8650,0.6786,-10.8872,1.0579,-7.8648,-10.8865,22.8517,0.2586,0.0250,BAM,-8.5373,-11.1039,-8.5682,-11.0980,0.0000,0.0000,-0.000,0.000,0.0206,30.1,9.76,51,THU,NO_TX,360,THU,1,goc=-30;cu_ly=25;lan=1,1
27.8746,1790254747.812829,0.0201,1,309.75,239.50,0.732,-7.8420,-11.0699,-7.8438,0.7807,-11.0289,-1.1010,-7.8433,-11.0302,22.7985,0.2583,0.0043,BAM,-8.5373,-11.1039,-8.5682,-11.0980,0.0000,0.0000,-0.000,0.000,0.1337,47.2,10.26,51,THU,NO_TX,360,THU,1,goc=-30;cu_ly=25;lan=1,1
27.8947,1790254747.832940,0.0201,1,311.50,240.50,0.742,-7.9605,-11.1367,-7.9067,-0.4184,-11.1014,-1.8528,-7.9068,-11.1079,22.7985,0.2583,0.0043,BAM,-8.5373,-11.1039,-8.5682,-11.0980,0.0000,0.0000,-0.000,0.000,0.1724,32.9,8.51,51,THU,NO_TX,360,THU,1,goc=-30;cu_ly=25;lan=1,1
27.9153,1790254747.853496,0.0206,0,311.50,240.50,0.742,,,-7.9153,-0.4184,-11.1396,-1.8528,-7.9154,-11.1441,22.7985,0.2583,0.0043,BAM,-8.5373,-11.1039,-8.5682,-11.0980,0.0000,0.0000,-0.000,0.000,0.1724,32.9,8.51,51,THU,NO_TX,360,THU,1,goc=-30;cu_ly=25;lan=1,1
27.9357,1790254747.873883,0.0203,0,311.50,240.50,0.742,,,-7.9238,-0.4184,-11.1773,-1.8528,-7.9239,-11.1808,22.7985,0.2583,0.0043,BAM,-8.5373,-11.1039,-8.5682,-11.0980,0.0000,0.0000,-0.000,0.000,0.1724,32.9,8.51,51,THU,NO_TX,360,THU,1,goc=-30;cu_ly=25;lan=1,1
27.9562,1790254747.894344,0.0205,1,312.00,239.00,0.705,-7.9947,-11.0369,-7.9828,-1.0911,-11.0723,0.0278,-7.9842,-11.0723,22.7985,0.2583,0.0043,BAM,-8.5373,-11.1039,-8.5682,-11.0980,0.0000,0.0000,-0.000,0.000,0.1138,46.8,8.06,51,THU,NO_TX,360,THU,1,goc=-30;cu_ly=25;lan=1,1
27.9762,1790254747.914397,0.0201,1,309.50,237.50,0.754,-7.8253,-10.9367,-7.8983,0.5322,-10.9923,1.2126,-7.8981,-10.9905,22.7985,0.2583,0.0043,BAM,-8.5373,-11.1039,-8.5682,-11.0980,0.0000,0.0000,-0.000,0.000,0.3476,34.8,10.79,51,THU,NO_TX,360,THU,1,goc=-30;cu_ly=25;lan=1,1
27.9964,1790254747.934456,0.0201,0,309.50,237.50,0.754,,,-7.8876,0.5322,-10.9679,1.2126,-7.8874,-10.9666,22.7073,0.2563,0.0185,BAM,-8.5373,-11.1039,-8.5682,-11.0980,0.0000,0.0000,-0.000,0.000,0.3476,34.8,10.79,51,THU,NO_TX,360,THU,1,goc=-30;cu_ly=25;lan=1,1
28.0168,1790254747.955058,0.0205,1,310.50,234.50,0.739,-7.8936,-10.7371,-7.8885,0.3470,-10.8008,3.3958,-7.8885,-10.7645,22.7073,0.2563,0.0185,BAM,-8.5373,-11.1039,-8.5682,-11.0980,0.0000,0.0000,-0.000,0.000,0.2109,29.4,10.98,51,THU,NO_TX,360,THU,1,goc=-30;cu_ly=25;lan=1,1
28.0369,1790254747.975119,0.0201,0,310.50,234.50,0.739,,,-7.8815,0.3470,-10.7327,3.3958,-7.8815,-10.7062,22.7073,0.2563,0.0185,BAM,-8.5373,-11.1039,-8.5682,-11.0980,0.0000,0.0000,-0.000,0.000,0.2109,29.4,10.98,51,THU,NO_TX,360,THU,1,goc=-30;cu_ly=25;lan=1,1
28.0570,1790254747.995251,0.0201,1,310.50,238.00,0.737,-7.8931,-10.9701,-7.8879,0.1484,-10.8820,0.2098,-7.8879,-10.8820,22.7073,0.2563,0.0185,BAM,-8.5373,-11.1039,-8.5682,-11.0980,0.0000,0.0000,-0.000,0.000,0.4316,48.3,9.71,51,THU,NO_TX,360,THU,1,goc=-30;cu_ly=25;lan=1,1
28.0775,1790254748.015634,0.0204,0,310.50,238.00,0.737,,,-7.8848,0.1484,-10.8777,0.2098,-7.8848,-10.8777,22.7073,0.2563,0.0185,BAM,-8.5373,-11.1039,-8.5682,-11.0980,0.0000,0.0000,-0.000,0.000,0.4316,48.3,9.71,51,THU,NO_TX,360,THU,1,goc=-30;cu_ly=25;lan=1,1
28.0976,1790254748.035813,0.0201,1,311.25,240.50,0.749,-7.9436,-11.1367,-7.9264,-0.5068,-11.0613,-2.5024,-7.9265,-11.0767,22.9019,0.2566,0.0089,BAM,-8.5373,-11.1039,-8.5682,-11.0980,0.0000,0.0000,-0.000,0.000,0.3348,33.5,8.76,51,THU,NO_TX,360,THU,1,goc=-30;cu_ly=25;lan=1,1
28.1176,1790254748.055850,0.0200,0,311.25,240.50,0.749,,,-7.9365,-0.5068,-11.1115,-2.5024,-7.9366,-11.1225,22.9019,0.2566,0.0089,BAM,-8.5373,-11.1039,-8.5682,-11.0980,0.0000,0.0000,-0.000,0.000,0.3348,33.5,8.76,51,THU,NO_TX,360,THU,1,goc=-30;cu_ly=25;lan=1,1
28.1378,1790254748.075989,0.0201,1,309.25,240.50,0.729,-7.8079,-11.1364,-7.8470,0.9668,-11.1437,-2.2400,-7.8460,-11.1548,22.9019,0.2566,0.0089,BAM,-8.5373,-11.1039,-8.5682,-11.0980,0.0000,0.0000,-0.000,0.000,0.0974,45.9,10.76,51,THU,NO_TX,360,THU,1,goc=-30;cu_ly=25;lan=1,1
28.1578,1790254748.096042,0.0201,0,309.25,240.50,0.729,,,-7.8276,0.9668,-11.1886,-2.2400,-7.8269,-11.1966,22.9019,0.2566,0.0089,BAM,-8.5373,-11.1039,-8.5682,-11.0980,0.0000,0.0000,-0.000,0.000,0.0974,45.9,10.76,51,THU,NO_TX,360,THU,1,goc=-30;cu_ly=25;lan=1,1
28.1781,1790254748.116313,0.0203,1,311.50,237.00,0.741,-7.9610,-10.9037,-7.9181,-0.6613,-10.9989,1.1711,-7.9184,-10.9972,22.9019,0.2566,0.0089,BAM,-8.5373,-11.1039,-8.5682,-11.0980,0.0000,0.0000,-0.000,0.000,0.6161,33.5,9.01,51,THU,NO_TX,360,THU,1,goc=-30;cu_ly=25;lan=1,1
28.1984,1790254748.136646,0.0203,0,311.50,237.00,0.741,,,-7.9316,-0.6613,-10.9751,1.1711,-7.9318,-10.9739,22.9019,0.2566,0.0089,BAM,-8.5373,-11.1039,-8.5682,-11.0980,0.0000,0.0000,-0.000,0.000,0.6161,33.5,9.01,51,THU,NO_TX,360,THU,1,goc=-30;cu_ly=25;lan=1,1
28.2186,1790254748.156860,0.0202,1,308.75,238.25,0.734,-7.7744,-10.9865,-7.8219,1.1543,-10.9764,0.8084,-7.8203,-10.9759,22.9019,0.2566,0.0089,BAM,-8.5373,-11.1039,-8.5682,-11.0980,0.0000,0.0000,-0.000,0.000,0.1467,45.5,11.39,51,THU,NO_TX,360,THU,1,goc=-30;cu_ly=25;lan=1,1
28.2387,1790254748.176892,0.0201,0,308.75,238.25,0.734,,,-7.7987,1.1543,-10.9602,0.8084,-7.7976,-10.9598,22.9019,0.2566,0.0003,BAM,-8.5373,-11.1039,-8.5682,-11.0980,0.0000,0.0000,-0.000,0.000,0.1467,45.5,11.39,51,THU,NO_TX,360,THU,1,goc=-30;cu_ly=25;lan=1,1
28.2587,1790254748.196958,0.0200,1,310.50,237.50,0.752,-7.8931,-10.9368,-7.8601,-0.0952,-10.9389,0.8825,-7.8601,-10.9382,22.9019,0.2566,0.0003,BAM,-8.5373,-11.1039,-8.5682,-11.0980,0.0000,0.0000,-0.000,0.000,0.0679,34.0,9.82,51,THU,NO_TX,360,THU,1,goc=-30;cu_ly=25;lan=1,1
28.2788,1790254748.217012,0.0201,0,310.50,237.50,0.752,,,-7.8620,-0.0952,-10.9212,0.8825,-7.8620,-10.9207,22.9019,0.2566,0.0003,BAM,-8.5373,-11.1039,-8.5682,-11.0980,0.0000,0.0000,-0.000,0.000,0.0679,34.0,9.82,51,THU,NO_TX,360,THU,1,goc=-30;cu_ly=25;lan=1,1
28.2989,1790254748.237118,0.0201,1,315.00,238.25,0.750,-8.1982,-10.9872,-8.1042,-3.6519,-10.9630,0.0173,-8.1500,-10.9630,22.9019,0.2566,0.0003,BAM,-8.5373,-11.1039,-8.5682,-11.0980,0.0000,0.0000,-0.000,0.000,0.5791,47.6,5.30,51,THU,NO_TX,360,THU,1,goc=-30;cu_ly=25;lan=1,1
28.3190,1790254748.257250,0.0201,0,315.00,238.25,0.750,,,-8.1778,-3.6519,-10.9627,0.0173,-8.2110,-10.9627,22.9019,0.2566,0.0003,BAM,-8.5373,-11.1039,-8.5682,-11.0980,0.0000,0.0000,-0.000,0.000,0.5791,47.6,5.30,51,THU,NO_TX,360,THU,1,goc=-30;cu_ly=25;lan=1,1
28.3391,1790254748.277307,0.0200,1,309.00,236.50,0.728,-7.7916,-10.8700,-7.9206,1.2359,-10.8967,0.9707,-7.9187,-10.8957,22.9019,0.2566,0.0002,BAM,-8.5373,-11.1039,-8.5682,-11.0980,0.0000,0.0000,-0.000,0.000,1.0711,30.3,11.54,51,THU,NO_TX,360,THU,1,goc=-30;cu_ly=25;lan=1,1
28.3593,1790254748.297479,0.0202,1,310.00,239.00,0.739,-7.8590,-11.0366,-7.8745,1.5806,-10.9684,-0.4818,-7.8703,-10.9685,22.9019,0.2566,0.0002,BAM,-8.5373,-11.1039,-8.5682,-11.0980,0.0000,0.0000,-0.000,0.000,0.1836,33.8,10.05,51,THU,NO_TX,360,THU,1,goc=-30;cu_ly=25;lan=1,1
28.3793,1790254748.317570,0.0200,0,310.00,239.00,0.739,,,-7.8428,1.5806,-10.9780,-0.4818,-7.8399,-10.9781,22.9019,0.2566,0.0002,BAM,-8.5373,-11.1039,-8.5682,-11.0980,0.0000,0.0000,-0.000,0.000,0.1836,33.8,10.05,51,THU,NO_TX,360,THU,1,goc=-30;cu_ly=25;lan=1,1
28.3994,1790254748.337641,0.0201,0,310.00,239.00,0.739,,,-7.8110,1.5806,-10.9877,-0.4818,-7.8088,-10.9878,22.9019,0.2566,0.0002,BAM,-8.5373,-11.1039,-8.5682,-11.0980,0.0000,0.0000,-0.000,0.000,0.1836,33.8,10.05,51,THU,NO_TX,360,THU,1,goc=-30;cu_ly=25;lan=1,1
28.4195,1790254748.357753,0.0201,1,310.50,239.00,0.749,-7.8929,-11.0367,-7.8708,0.3466,-11.0287,-0.8984,-7.8708,-11.0295,22.9019,0.2566,0.0002,BAM,-8.5373,-11.1039,-8.5682,-11.0980,0.0000,0.0000,-0.000,0.000,0.0487,47.8,9.55,51,THU,NO_TX,360,THU,1,goc=-30;cu_ly=25;lan=1,1
28.4397,1790254748.377873,0.0202,1,311.00,239.00,0.767,-7.9268,-11.0368,-7.9012,-0.2245,-11.0409,-0.8097,-7.9012,-11.0415,22.9019,0.2566,0.0002,BAM,-8.5373,-11.1039,-8.5682,-11.0980,0.0000,0.0000,-0.000,0.000,0.0287,32.1,9.06,51,THU,NO_TX,360,THU,1,goc=-30;cu_ly=25;lan=1,1
28.4598,1790254748.397914,0.0200,0,311.00,239.00,0.767,,,-7.9057,-0.2245,-11.0571,-0.8097,-7.9057,-11.0575,22.9019,0.2566,0.0001,BAM,-8.5373,-11.1039,-8.5682,-11.0980,0.0000,0.0000,-0.000,0.000,0.0287,32.1,9.06,51,THU,NO_TX,360,THU,1,goc=-30;cu_ly=25;lan=1,1
28.4798,1790254748.417981,0.0201,0,311.00,239.00,0.767,,,-7.9102,-0.2245,-11.0734,-0.8097,-7.9102,-11.0737,22.9019,0.2566,0.0001,BAM,-8.5373,-11.1039,-8.5682,-11.0980,0.0000,0.0000,-0.000,0.000,0.0287,32.1,9.06,51,THU,NO_TX,360,THU,1,goc=-30;cu_ly=25;lan=1,1
28.5000,1790254748.438189,0.0201,1,310.25,239.00,0.751,-7.8760,-11.0367,-7.8836,0.1958,-11.0475,-0.2491,-7.8835,-11.0475,22.9019,0.2566,0.0001,BAM,-8.5373,-11.1039,-8.5682,-11.0980,0.0000,0.0000,-0.000,0.000,0.0143,47.7,9.80,51,THU,NO_TX,360,THU,1,goc=-30;cu_ly=25;lan=1,1
28.5200,1790254748.458260,0.0201,1,310.00,238.00,0.723,-7.8592,-10.9700,-7.8675,0.3816,-11.0040,0.4760,-7.8674,-11.0039,22.9019,0.2566,0.0001,BAM,-8.5373,-11.1039,-8.5682,-11.0980,0.0000,0.0000,-0.000,0.000,0.0477,31.8,10.20,51,THU,NO_TX,360,THU,1,goc=-30;cu_ly=25;lan=1,1
28.5401,1790254748.478334,0.0201,0,310.00,238.00,0.723,,,-7.8598,0.3816,-10.9945,0.4760,-7.8598,-10.9944,22.9019,0.2566,0.0001,BAM,-8.5373,-11.1039,-8.5682,-11.0980,0.0000,0.0000,-0.000,0.000,0.0477,31.8,10.20,51,THU,NO_TX,360,THU,1,goc=-30;cu_ly=25;lan=1,1
28.5602,1790254748.498460,0.0201,0,310.00,238.00,0.723,,,-7.8522,0.3816,-10.9849,0.4760,-7.8521,-10.9848,22.9019,0.2566,0.0001,BAM,-8.5373,-11.1039,-8.5682,-11.0980,0.0000,0.0000,-0.000,0.000,0.0477,31.8,10.20,51,THU,NO_TX,360,THU,1,goc=-30;cu_ly=25;lan=1,1
28.5806,1790254748.518814,0.0204,1,310.00,240.00,0.737,-7.8589,-11.1032,-7.8561,0.2247,-11.0773,-0.8772,-7.8560,-11.0780,22.9019,0.2566,0.0001,BAM,-8.5373,-11.1039,-8.5682,-11.0980,0.0000,0.0000,-0.000,0.000,0.0535,48.6,10.00,51,THU,NO_TX,360,THU,1,goc=-30;cu_ly=25;lan=1,1
28.6007,1790254748.538928,0.0201,1,311.50,237.50,0.756,-7.9609,-10.9370,-7.9164,-0.7685,-11.0021,0.5124,-7.9169,-11.0019,22.9019,0.2566,0.0001,BAM,-8.5373,-11.1039,-8.5682,-11.0980,0.0000,0.0000,-0.000,0.000,0.2489,31.0,8.86,51,THU,NO_TX,360,THU,1,goc=-30;cu_ly=25;lan=1,1
28.6208,1790254748.558980,0.0201,0,311.50,237.50,0.756,,,-7.9319,-0.7685,-10.9918,0.5124,-7.9322,-10.9917,22.9019,0.2566,0.0001,BAM,-8.5373,-11.1039,-8.5682,-11.0980,0.0000,0.0000,-0.000,0.000,0.2489,31.0,8.86,51,THU,NO_TX,360,THU,1,goc=-30;cu_ly=25;lan=1,1
28.6408,1790254748.579042,0.0200,1,309.25,239.50,0.743,-7.8081,-11.0698,-7.8503,0.7528,-11.0422,-0.4218,-7.8499,-11.0423,22.9019,0.2566,0.0001,BAM,-8.5373,-11.1039,-8.5682,-11.0980,0.0000,0.0000,-0.000,0.000,0.1413,32.2,10.76,51,THU,NO_TX,360,THU,1,goc=-30;cu_ly=25;lan=1,1
28.6612,1790254748.599357,0.0204,0,309.25,239.50,0.743,,,-7.8350,0.7528,-11.0508,-0.4218,-7.8347,-11.0509,22.9019,0.2566,0.0001,BAM,-8.5373,-11.1039,-8.5682,-11.0980,0.0000,0.0000,-0.000,0.000,0.1413,32.2,10.76,51,THU,NO_TX,360,THU,1,goc=-30;cu_ly=25;lan=1,1
28.6812,1790254748.619371,0.0200,1,308.75,239.75,0.756,-7.7741,-11.0863,-7.7869,1.2448,-11.0786,-0.7045,-7.7849,-11.0789,22.9019,0.2566,0.0001,BAM,-8.5373,-11.1039,-8.5682,-11.0980,0.0000,0.0000,-0.000,0.000,0.0136,47.5,11.25,51,THU,NO_TX,360,THU,1,goc=-30;cu_ly=25;lan=1,1
28.7015,1790254748.639672,0.0203,0,308.75,239.75,0.756,,,-7.7617,1.2448,-11.0928,-0.7045,-7.7602,-11.0931,22.9019,0.2566,0.0000,BAM,-8.5373,-11.1039,-8.5682,-11.0980,0.0000,0.0000,-0.000,0.000,0.0136,47.5,11.25,51,THU,NO_TX,360,THU,1,goc=-30;cu_ly=25;lan=1,1
28.7216,1790254748.659734,0.0201,1,308.25,235.00,0.747,-7.7411,-10.7701,-7.7398,1.1984,-10.8669,2.7652,-7.7380,-10.8465,22.9019,0.2566,0.0000,BAM,-8.5373,-11.1039,-8.5682,-11.0980,0.0000,0.0000,-0.000,0.000,0.5210,32.1,12.77,51,THU,NO_TX,360,THU,1,goc=-30;cu_ly=25;lan=1,1
28.7418,1790254748.679974,0.0202,0,308.25,235.00,0.747,,,-7.7156,1.1984,-10.8111,2.7652,-7.7144,-10.7964,22.9019,0.2566,0.0000,BAM,-8.5373,-11.1039,-8.5682,-11.0980,0.0000,0.0000,-0.000,0.000,0.5210,32.1,12.77,51,THU,NO_TX,360,THU,1,goc=-30;cu_ly=25;lan=1,1
28.7620,1790254748.700208,0.0202,1,310.25,238.25,0.752,-7.8761,-10.9867,-7.8244,-0.7632,-10.9201,0.3782,-7.8248,-10.9200,22.9019,0.2566,0.0000,BAM,-8.5373,-11.1039,-8.5682,-11.0980,0.0000,0.0000,-0.000,0.000,0.4125,46.2,9.91,51,THU,NO_TX,360,THU,1,goc=-30;cu_ly=25;lan=1,1
28.7823,1790254748.720419,0.0203,0,310.25,238.25,0.752,,,-7.8399,-0.7632,-10.9124,0.3782,-7.8402,-10.9124,22.9019,0.2566,0.0000,BAM,-8.5373,-11.1039,-8.5682,-11.0980,0.0000,0.0000,-0.000,0.000,0.4125,46.2,9.91,51,THU,NO_TX,360,THU,1,goc=-30;cu_ly=25;lan=1,1
28.8023,1790254748.740429,0.0200,1,308.50,238.50,0.731,-7.7574,-11.0031,-7.7848,0.2763,-10.9748,-0.6356,-7.7848,-10.9750,22.9019,0.2566,0.0000,BAM,-8.5373,-11.1039,-8.5682,-11.0980,0.0000,0.0000,-0.000,0.000,0.0910,33.3,11.60,51,THU,NO_TX,360,THU,1,goc=-30;cu_ly=25;lan=1,1
28.8228,1790254748.761015,0.0205,0,308.50,238.50,0.731,,,-7.7791,0.2763,-10.9878,-0.6356,-7.7791,-10.9880,22.9019,0.2566,0.0000,BAM,-8.5373,-11.1039,-8.5682,-11.0980,0.0000,0.0000,-0.000,0.000,0.0910,33.3,11.60,51,THU,NO_TX,360,THU,1,goc=-30;cu_ly=25;lan=1,1
28.8429,1790254748.781119,0.0201,1,309.50,237.50,0.751,-7.8253,-10.9367,-7.8109,-0.2751,-10.9550,0.0251,-7.8110,-10.9550,22.9019,0.2566,0.0000,BAM,-8.5373,-11.1039,-8.5682,-11.0980,0.0000,0.0000,-0.000,0.000,0.0316,48.6,10.79,51,THU,NO_TX,360,THU,1,goc=-30;cu_ly=25;lan=1,1
28.8632,1790254748.801344,0.0203,0,309.50,237.50,0.751,,,-7.8165,-0.2751,-10.9545,0.0251,-7.8165,-10.9545,22.9019,0.2566,0.0000,BAM,-8.5373,-11.1039,-8.5682,-11.0980,0.0000,0.0000,-0.000,0.000,0.0316,48.6,10.79,51,THU,NO_TX,360,THU,1,goc=-30;cu_ly=25;lan=1,1
28.8838,1790254748.822035,0.0206,1,311.50,238.75,0.722,-7.9608,-11.0202,-7.9225,-1.7505,-11.0014,-0.6596,-7.9280,-11.0017,22.9019,0.2566,0.0000,BAM,-8.5373,-11.1039,-8.5682,-11.0980,0.0000,0.0000,-0.000,0.000,0.1122,30.3,8.59,51,THU,NO_TX,360,THU,1,goc=-30;cu_ly=25;lan=1,1
28.9042,1790254748.842359,0.0204,1,308.50,237.50,0.736,-7.7575,-10.9365,-7.8417,0.1377,-10.9698,0.0531,-7.8417,-10.9698,22.9019,0.2566,0.0000,BAM,-8.5373,-11.1039,-8.5682,-11.0980,0.0000,0.0000,-0.000,0.000,0.3356,34.4,11.77,51,THU,NO_TX,360,THU,1,goc=-30;cu_ly=25;lan=1,1
28.9242,1790254748.862377,0.0200,0,308.50,237.50,0.736,,,-7.8390,0.1377,-10.9688,0.0531,-7.8390,-10.9688,22.7957,0.2553,0.0128,BAM,-8.5373,-11.1039,-8.5682,-11.0980,0.0000,0.0000,-0.000,0.000,0.3356,34.4,11.77,51,THU,NO_TX,360,THU,1,goc=-30;cu_ly=25;lan=1,1
28.9444,1790254748.882577,0.0202,0,308.50,237.50,0.736,,,-7.8362,0.1377,-10.9677,0.0531,-7.8362,-10.9677,22.7957,0.2553,0.0128,BAM,-8.5373,-11.1039,-8.5682,-11.0980,0.0000,0.0000,-0.000,0.000,0.3356,34.4,11.77,51,THU,NO_TX,360,THU,1,goc=-30;cu_ly=25;lan=1,1
28.9650,1790254748.903144,0.0206,1,311.50,241.50,0.738,-7.9604,-11.2033,-7.9360,-1.2398,-11.1559,-2.4512,-7.9381,-11.1706,22.7957,0.2553,0.0128,BAM,-8.5373,-11.1039,-8.5682,-11.0980,0.0000,0.0000,-0.000,0.000,0.2327,46.2,8.63,51,THU,NO_TX,360,THU,1,goc=-30;cu_ly=25;lan=1,1
28.9850,1790254748.923256,0.0201,1,308.00,235.00,0.722,-7.7241,-10.7700,-7.8205,0.9009,-10.9493,1.3608,-7.8197,-10.9467,22.7957,0.2553,0.0128,BAM,-8.5373,-11.1039,-8.5682,-11.0980,0.0000,0.0000,-0.000,0.000,1.6422,32.8,13.00,51,THU,NO_TX,360,THU,1,goc=-30;cu_ly=25;lan=1,1
29.0052,1790254748.943351,0.0201,0,308.00,235.00,0.722,,,-7.8023,0.9009,-10.9219,1.3608,-7.8018,-10.9201,22.7957,0.2553,0.0128,BAM,-8.5373,-11.1039,-8.5682,-11.0980,0.0000,0.0000,-0.000,0.000,1.6422,32.8,13.00,51,THU,NO_TX,360,THU,1,goc=-30;cu_ly=25;lan=1,1
29.0252,1790254748.963464,0.0201,0,308.00,235.00,0.722,,,-7.7842,0.9009,-10.8946,1.3608,-7.7838,-10.8932,22.7957,0.2553,0.0128,BAM,-8.5373,-11.1039,-8.5682,-11.0980,0.0000,0.0000,-0.000,0.000,1.6422,32.8,13.00,51,THU,NO_TX,360,THU,1,goc=-30;cu_ly=25;lan=1,1
29.0458,1790254748.983997,0.0206,1,308.00,240.25,0.748,-7.7231,-11.1195,-7.7314,1.3618,-11.0685,-1.3094,-7.7287,-11.0708,22.7957,0.2553,0.0005,BAM,-8.5373,-11.1039,-8.5682,-11.0980,0.0000,0.0000,-0.000,0.000,0.2119,46.6,12.00,51,THU,NO_TX,360,THU,1,goc=-30;cu_ly=25;lan=1,1
29.0660,1790254749.004183,0.0202,1,310.25,239.50,0.729,-7.8759,-11.0699,-7.8060,-0.1998,-11.0802,-1.0898,-7.8060,-11.0815,22.7957,0.2553,0.0005,BAM,-8.5373,-11.1039,-8.5682,-11.0980,0.0000,0.0000,-0.000,0.000,0.2132,32.3,9.76,51,THU,NO_TX,360,THU,1,goc=-30;cu_ly=25;lan=1,1
29.0861,1790254749.024219,0.0201,0,310.25,239.50,0.729,,,-7.8100,-0.1998,-11.1021,-1.0898,-7.8101,-11.1031,22.7957,0.2553,0.0005,BAM,-8.5373,-11.1039,-8.5682,-11.0980,0.0000,0.0000,-0.000,0.000,0.2132,32.3,9.76,51,THU,NO_TX,360,THU,1,goc=-30;cu_ly=25;lan=1,1
29.1063,1790254749.044564,0.0203,0,310.25,239.50,0.729,,,-7.8141,-0.1998,-11.1242,-1.0898,-7.8141,-11.1250,22.7957,0.2553,0.0005,BAM,-8.5373,-11.1039,-8.5682,-11.0980,0.0000,0.0000,-0.000,0.000,0.2132,32.3,9.76,51,THU,NO_TX,360,THU,1,goc=-30;cu_ly=25;lan=1,1
29.1264,1790254749.064641,0.0201,1,308.00,240.75,0.729,-7.7230,-11.1528,-7.7415,0.8309,-11.1514,-1.1605,-7.7409,-11.1530,22.7957,0.2553,0.0005,BAM,-8.5373,-11.1039,-8.5682,-11.0980,0.0000,0.0000,-0.000,0.000,0.0307,48.1,12.02,51,THU,NO_TX,360,THU,1,goc=-30;cu_ly=25;lan=1,1
29.1467,1790254749.084850,0.0203,1,309.00,238.00,0.736,-7.7914,-10.9699,-7.7643,0.2241,-11.0541,0.6475,-7.7643,-11.0538,22.7957,0.2553,0.0005,BAM,-8.5373,-11.1039,-8.5682,-11.0980,0.0000,0.0000,-0.000,0.000,0.3071,32.1,11.18,51,THU,NO_TX,360,THU,1,goc=-30;cu_ly=25;lan=1,1
29.1667,1790254749.104900,0.0200,0,309.00,238.00,0.736,,,-7.7598,0.2241,-11.0412,0.6475,-7.7598,-11.0410,22.7957,0.2553,0.0003,BAM,-8.5373,-11.1039,-8.5682,-11.0980,0.0000,0.0000,-0.000,0.000,0.3071,32.1,11.18,51,THU,NO_TX,360,THU,1,goc=-30;cu_ly=25;lan=1,1
29.1867,1790254749.124968,0.0200,1,308.00,241.00,0.755,-7.7230,-11.1694,-7.7328,0.5774,-11.1253,-0.8469,-7.7326,-11.1259,22.7957,0.2553,0.0003,BAM,-8.5373,-11.1039,-8.5682,-11.0980,0.0000,0.0000,-0.000,0.000,0.1050,31.4,12.04,51,THU,NO_TX,360,THU,1,goc=-30;cu_ly=25;lan=1,1
29.2068,1790254749.145014,0.0200,0,308.00,241.00,0.755,,,-7.7212,0.5774,-11.1423,-0.8469,-7.7211,-11.1427,22.7957,0.2553,0.0003,BAM,-8.5373,-11.1039,-8.5682,-11.0980,0.0000,0.0000,-0.000,0.000,0.1050,31.4,12.04,51,THU,NO_TX,360,THU,1,goc=-30;cu_ly=25;lan=1,1
29.2269,1790254749.165106,0.0202,1,308.50,239.00,0.737,-7.7573,-11.0364,-7.7439,0.0658,-11.0718,0.4352,-7.7439,-11.0718,22.7957,0.2553,0.0003,BAM,-8.5373,-11.1039,-8.5682,-11.0980,0.0000,0.0000,-0.000,0.000,0.0807,47.7,11.54,51,THU,NO_TX,360,THU,1,goc=-30;cu_ly=25;lan=1,1
29.2471,1790254749.185288,0.0201,0,308.50,239.00,0.737,,,-7.7426,0.0658,-11.0631,0.4352,-7.7426,-11.0630,22.7957,0.2553,0.0003,BAM,-8.5373,-11.1039,-8.5682,-11.0980,0.0000,0.0000,-0.000,0.000,0.0807,47.7,11.54,51,THU,NO_TX,360,THU,1,goc=-30;cu_ly=25;lan=1,1
29.2672,1790254749.205396,0.0201,1,307.75,240.00,0.764,-7.7062,-11.1028,-7.7161,0.4374,-11.0888,-0.0642,-7.7160,-11.0888,22.7957,0.2553,0.0002,BAM,-8.5373,-11.1039,-8.5682,-11.0980,0.0000,0.0000,-0.000,0.000,0.0168,30.8,12.25,51,THU,NO_TX,360,THU,1,goc=-30;cu_ly=25;lan=1,1
29.2877,1790254749.225955,0.0205,0,307.75,240.00,0.764,,,-7.7071,0.4374,-11.0902,-0.0642,-7.7070,-11.0902,22.7957,0.2553,0.0002,BAM,-8.5373,-11.1039,-8.5682,-11.0980,0.0000,0.0000,-0.000,0.000,0.0168,30.8,12.25,51,THU,NO_TX,360,THU,1,goc=-30;cu_ly=25;lan=1,1
29.3080,1790254749.246156,0.0203,1,311.50,239.00,0.737,-7.9607,-11.0368,-7.8878,-2.3530,-11.0524,0.4994,-7.9009,-11.0523,22.7957,0.2553,0.0002,BAM,-8.5373,-11.1039,-8.5682,-11.0980,0.0000,0.0000,-0.000,0.000,0.3471,50.4,8.56,51,THU,NO_TX,360,THU,1,goc=-30;cu_ly=25;lan=1,1
29.3281,1790254749.266283,0.0201,0,311.50,239.00,0.737,,,-7.9350,-2.3530,-11.0424,0.4994,-7.9444,-11.0423,22.7957,0.2553,0.0002,BAM,-8.5373,-11.1039,-8.5682,-11.0980,0.0000,0.0000,-0.000,0.000,0.3471,50.4,8.56,51,THU,NO_TX,360,THU,1,goc=-30;cu_ly=25;lan=1,1
29.3481,1790254749.286346,0.0200,1,309.75,239.00,0.726,-7.8421,-11.0366,-7.8815,-0.8639,-11.0354,0.4562,-7.8821,-11.0353,22.7957,0.2553,0.0002,BAM,-8.5373,-11.1039,-8.5682,-11.0980,0.0000,0.0000,-0.000,0.000,0.0962,29.6,10.30,51,THU,NO_TX,360,THU,1,goc=-30;cu_ly=25;lan=1,1
29.3682,1790254749.306469,0.0201,0,309.75,239.00,0.726,,,-7.8988,-0.8639,-11.0262,0.4562,-7.8993,-11.0261,22.7957,0.2553,0.0002,BAM,-8.5373,-11.1039,-8.5682,-11.0980,0.0000,0.0000,-0.000,0.000,0.0962,29.6,10.30,51,THU,NO_TX,360,THU,1,goc=-30;cu_ly=25;lan=1,1
29.3884,1790254749.326613,0.0201,1,309.00,239.00,0.756,-7.7912,-11.0365,-7.8263,0.4669,-11.0308,0.2552,-7.8262,-11.0308,22.7957,0.2553,0.0002,BAM,-8.5373,-11.1039,-8.5682,-11.0980,0.0000,0.0000,-0.000,0.000,0.0781,49.0,11.05,51,THU,NO_TX,360,THU,1,goc=-30;cu_ly=25;lan=1,1
29.4085,1790254749.346664,0.0201,0,309.00,239.00,0.756,,,-7.8169,0.4669,-11.0257,0.2552,-7.8168,-11.0257,22.7272,0.2545,0.0077,BAM,-8.5373,-11.1039,-8.5682,-11.0980,0.0000,0.0000,-0.000,0.000,0.0781,49.0,11.05,51,THU,NO_TX,360,THU,1,goc=-30;cu_ly=25;lan=1,1
29.4285,1790254749.366720,0.0200,1,308.00,238.50,0.743,-7.7235,-11.0030,-7.7471,1.3612,-11.0081,0.4371,-7.7445,-11.0080,22.7272,0.2545,0.0077,BAM,-8.5373,-11.1039,-8.5682,-11.0980,0.0000,0.0000,-0.000,0.000,0.0360,31.1,12.09,51,THU,NO_TX,360,THU,1,goc=-30;cu_ly=25;lan=1,1
29.4486,1790254749.386805,0.0201,1,307.75,239.50,0.755,-7.7063,-11.0695,-7.7120,1.4875,-11.0394,-0.2011,-7.7085,-11.0394,22.7272,0.2545,0.0077,BAM,-8.5373,-11.1039,-8.5682,-11.0980,0.0000,0.0000,-0.000,0.000,0.0351,30.6,12.26,51,THU,NO_TX,360,THU,1,goc=-30;cu_ly=25;lan=1,1
29.4686,1790254749.406860,0.0200,0,307.75,239.50,0.755,,,-7.6822,1.4875,-11.0434,-0.2011,-7.6797,-11.0434,22.7272,0.2545,0.0077,BAM,-8.5373,-11.1039,-8.5682,-11.0980,0.0000,0.0000,-0.000,0.000,0.0351,30.6,12.26,51,THU,NO_TX,360,THU,1,goc=-30;cu_ly=25;lan=1,1
29.4888,1790254749.426995,0.0202,0,307.75,239.50,0.755,,,-7.6522,1.4875,-11.0475,-0.2011,-7.6503,-11.0475,22.7272,0.2545,0.0077,BAM,-8.5373,-11.1039,-8.5682,-11.0980,0.0000,0.0000,-0.000,0.000,0.0351,30.6,12.26,51,THU,NO_TX,360,THU,1,goc=-30;cu_ly=25;lan=1,1
29.5089,1790254749.447092,0.0201,1,310.00,240.50,0.750,-7.8588,-11.1365,-7.8128,-1.0799,-11.1193,-1.1014,-7.8142,-11.1207,22.7272,0.2545,0.0004,BAM,-8.5373,-11.1039,-8.5682,-11.0980,0.0000,0.0000,-0.000,0.000,0.2124,48.7,10.01,51,THU,NO_TX,360,THU,1,goc=-30;cu_ly=25;lan=1,1
29.5291,1790254749.467274,0.0202,1,308.00,240.00,0.750,-7.7232,-11.1029,-7.7685,-0.0695,-11.1188,-0.7617,-7.7685,-11.1192,22.7272,0.2545,0.0004,BAM,-8.5373,-11.1039,-8.5682,-11.0980,0.0000,0.0000,-0.000,0.000,0.0977,31.9,12.00,51,THU,NO_TX,360,THU,1,goc=-30;cu_ly=25;lan=1,1
29.5491,1790254749.487338,0.0201,0,308.00,240.00,0.750,,,-7.7699,-0.0695,-11.1340,-0.7617,-7.7699,-11.1344,22.7272,0.2545,0.0004,BAM,-8.5373,-11.1039,-8.5682,-11.0980,0.0000,0.0000,-0.000,0.000,0.0977,31.9,12.00,51,THU,NO_TX,360,THU,1,goc=-30;cu_ly=25;lan=1,1
29.5697,1790254749.507945,0.0206,0,308.00,240.00,0.750,,,-7.7713,-0.0695,-11.1497,-0.7617,-7.7713,-11.1500,22.7272,0.2545,0.0004,BAM,-8.5373,-11.1039,-8.5682,-11.0980,0.0000,0.0000,-0.000,0.000,0.0977,31.9,12.00,51,THU,NO_TX,360,THU,1,goc=-30;cu_ly=25;lan=1,1
29.5899,1790254749.528073,0.0202,1,309.75,238.75,0.738,-7.8421,-11.0199,-7.8287,-0.8204,-11.0492,0.7704,-7.8293,-11.0487,22.7272,0.2545,0.0004,BAM,-8.5373,-11.1039,-8.5682,-11.0980,0.0000,0.0000,-0.000,0.000,0.0839,49.6,10.33,51,THU,NO_TX,360,THU,1,goc=-30;cu_ly=25;lan=1,1
29.6099,1790254749.548138,0.0200,1,309.00,241.50,0.733,-7.7908,-11.2029,-7.8129,-0.3280,-11.1331,-0.7145,-7.8129,-11.1335,22.7272,0.2545,0.0004,BAM,-8.5373,-11.1039,-8.5682,-11.0980,0.0000,0.0000,-0.000,0.000,0.2093,32.2,11.10,51,THU,NO_TX,360,THU,1,goc=-30;cu_ly=25;lan=1,1
29.6301,1790254749.568250,0.0202,0,309.00,241.50,0.733,,,-7.8195,-0.3280,-11.1475,-0.7145,-7.8195,-11.1478,22.7272,0.2545,0.0002,BAM,-8.5373,-11.1039,-8.5682,-11.0980,0.0000,0.0000,-0.000,0.000,0.2093,32.2,11.10,51,THU,NO_TX,360,THU,1,goc=-30;cu_ly=25;lan=1,1
29.6501,1790254749.588330,0.0200,0,309.00,241.50,0.733,,,-7.8261,-0.3280,-11.1618,-0.7145,-7.8261,-11.1620,22.7272,0.2545,0.0002,BAM,-8.5373,-11.1039,-8.5682,-11.0980,0.0000,0.0000,-0.000,0.000,0.2093,32.2,11.10,51,THU,NO_TX,360,THU,1,goc=-30;cu_ly=25;lan=1,1
29.6708,1790254749.609031,0.0207,1,309.50,238.75,0.733,-7.8251,-11.0199,-7.8266,-0.2442,-11.0513,0.9418,-7.8266,-11.0505,22.7272,0.2545,0.0002,BAM,-8.5373,-11.1039,-8.5682,-11.0980,0.0000,0.0000,-0.000,0.000,0.0788,47.6,10.57,51,THU,NO_TX,360,THU,1,goc=-30;cu_ly=25;lan=1,1
29.6909,1790254749.629098,0.0201,1,307.25,240.25,0.748,-7.6723,-11.1194,-7.7370,1.2003,-11.0835,0.1779,-7.7352,-11.0835,22.7272,0.2545,0.0002,BAM,-8.5373,-11.1039,-8.5682,-11.0980,0.0000,0.0000,-0.000,0.000,0.2293,32.1,12.75,51,THU,NO_TX,360,THU,1,goc=-30;cu_ly=25;lan=1,1
29.7114,1790254749.649583,0.0205,0,307.25,240.25,0.748,,,-7.7125,1.2003,-11.0799,0.1779,-7.7112,-11.0799,22.7272,0.2545,0.0002,BAM,-8.5373,-11.1039,-8.5682,-11.0980,0.0000,0.0000,-0.000,0.000,0.2293,32.1,12.75,51,THU,NO_TX,360,THU,1,goc=-30;cu_ly=25;lan=1,1
29.7315,1790254749.669618,0.0201,0,307.25,240.25,0.748,,,-7.6883,1.2003,-11.0763,0.1779,-7.6874,-11.0763,22.7272,0.2545,0.0002,BAM,-8.5373,-11.1039,-8.5682,-11.0980,0.0000,0.0000,-0.000,0.000,0.2293,32.1,12.75,51,THU,NO_TX,360,THU,1,goc=-30;cu_ly=25;lan=1,1
29.7520,1790254749.690180,0.0205,1,308.00,238.25,0.747,-7.7235,-10.9864,-7.7120,0.5530,-11.0036,1.0898,-7.7119,-11.0023,22.6974,0.2544,0.0015,BAM,-8.5373,-11.1039,-8.5682,-11.0980,0.0000,0.0000,-0.000,0.000,0.0357,47.7,12.13,51,THU,NO_TX,360,THU,1,goc=-30;cu_ly=25;lan=1,1
29.7720,1790254749.710257,0.0201,1,308.50,240.00,0.751,-7.7571,-11.1029,-7.7343,0.0440,-11.0530,0.0252,-7.7343,-11.0530,22.6974,0.2544,0.0015,BAM,-8.5373,-11.1039,-8.5682,-11.0980,0.0000,0.0000,-0.000,0.000,0.1189,32.1,11.50,51,THU,NO_TX,360,THU,1,goc=-30;cu_ly=25;lan=1,1
29.7922,1790254749.730350,0.0201,0,308.50,240.00,0.751,,,-7.7334,0.0440,-11.0525,0.0252,-7.7334,-11.0525,22.6974,0.2544,0.0015,BAM,-8.5373,-11.1039,-8.5682,-11.0980,0.0000,0.0000,-0.000,0.000,0.1189,32.1,11.50,51,THU,NO_TX,360,THU,1,goc=-30;cu_ly=25;lan=1,1
29.8122,1790254749.750415,0.0200,1,308.75,238.50,0.756,-7.7743,-11.0031,-7.7616,-0.4131,-11.0184,0.5426,-7.7617,-11.0182,22.6974,0.2544,0.0015,BAM,-8.5373,-11.1039,-8.5682,-11.0980,0.0000,0.0000,-0.000,0.000,0.0211,31.7,11.35,51,THU,NO_TX,360,THU,1,goc=-30;cu_ly=25;lan=1,1
29.8324,1790254749.770467,0.0202,0,308.75,238.50,0.756,,,-7.7700,-0.4131,-11.0074,0.5426,-7.7700,-11.0073,22.6974,0.2544,0.0015,BAM,-8.5373,-11.1039,-8.5682,-11.0980,0.0000,0.0000,-0.000,0.000,0.0211,31.7,11.35,51,THU,NO_TX,360,THU,1,goc=-30;cu_ly=25;lan=1,1
29.8529,1790254749.791082,0.0206,1,308.50,239.50,0.731,-7.7572,-11.0697,-7.7631,-0.1847,-11.0487,-0.2231,-7.7631,-11.0487,22.6974,0.2544,0.0015,BAM,-8.5373,-11.1039,-8.5682,-11.0980,0.0000,0.0000,-0.000,0.000,0.0267,47.8,11.51,51,THU,NO_TX,360,THU,1,goc=-30;cu_ly=25;lan=1,1
29.8730,1790254749.811203,0.0201,0,308.50,239.50,0.731,,,-7.7668,-0.1847,-11.0532,-0.2231,-7.7668,-11.0532,22.6974,0.2544,0.0002,BAM,-8.5373,-11.1039,-8.5682,-11.0980,0.0000,0.0000,-0.000,0.000,0.0267,47.8,11.51,51,THU,NO_TX,360,THU,1,goc=-30;cu_ly=25;lan=1,1
29.8931,1790254749.831321,0.0201,1,308.00,239.50,0.737,-7.7233,-11.0696,-7.7365,0.3159,-11.0661,-0.3453,-7.7365,-11.0662,22.6974,0.2544,0.0002,BAM,-8.5373,-11.1039,-8.5682,-11.0980,0.0000,0.0000,-0.000,0.000,0.0115,30.3,12.01,51,THU,NO_TX,360,THU,1,goc=-30;cu_ly=25;lan=1,1
29.9132,1790254749.851449,0.0201,0,308.00,239.50,0.737,,,-7.7302,0.3159,-11.0731,-0.3453,-7.7302,-11.0731,22.6974,0.2544,0.0002,BAM,-8.5373,-11.1039,-8.5682,-11.0980,0.0000,0.0000,-0.000,0.000,0.0115,30.3,12.01,51,THU,NO_TX,360,THU,1,goc=-30;cu_ly=25;lan=1,1
29.9336,1790254749.871846,0.0204,1,310.00,239.25,0.770,-7.8590,-11.0533,-7.8212,-1.1212,-11.0610,-0.0681,-7.8227,-11.0610,22.6974,0.2544,0.0002,BAM,-8.5373,-11.1039,-8.5682,-11.0980,0.0000,0.0000,-0.000,0.000,0.0923,48.6,10.03,51,THU,NO_TX,360,THU,1,goc=-30;cu_ly=25;lan=1,1
29.9537,1790254749.891965,0.0201,0,310.00,239.25,0.770,,,-7.8437,-1.1212,-11.0623,-0.0681,-7.8448,-11.0623,22.6974,0.2544,0.0002,BAM,-8.5373,-11.1039,-8.5682,-11.0980,0.0000,0.0000,-0.000,0.000,0.0923,48.6,10.03,51,THU,NO_TX,360,THU,1,goc=-30;cu_ly=25;lan=1,1
29.9739,1790254749.912047,0.0201,1,307.00,239.00,0.739,-7.6556,-11.0361,-7.7147,1.1197,-11.0441,0.2170,-7.7132,-11.0440,22.6974,0.2544,0.0002,BAM,-8.5373,-11.1039,-8.5682,-11.0980,0.0000,0.0000,-0.000,0.000,0.2204,32.9,13.04,51,THU,NO_TX,360,THU,1,goc=-30;cu_ly=25;lan=1,1
29.9939,1790254749.931735,0.0200,0,307.00,239.00,0.739,,,-7.6923,1.1197,-11.0397,0.2170,-7.6912,-11.0397,22.6974,0.2544,0.0001,BAM,-8.5373,-11.1039,-8.5682,-11.0980,0.0000,0.0000,-0.000,0.000,0.2204,32.9,13.04,51,THU,NO_TX,360,THU,1,goc=-30;cu_ly=25;lan=1,1
30.0144,1790254749.952599,0.0205,1,306.75,241.75,0.714,-7.6380,-11.2191,-7.6468,1.4527,-11.1664,-1.6826,-7.6436,-11.1712,22.6974,0.2544,0.0001,BAM,-8.5373,-11.1039,-8.5682,-11.0980,0.0000,0.0000,-0.000,0.000,0.1594,47.2,13.37,51,THU,NO_TX,360,THU,1,goc=-30;cu_ly=25;lan=1,1
30.0345,1790254749.972704,0.0202,0,306.75,241.75,0.714,,,-7.6175,1.4527,-11.2003,-1.6826,-7.6152,-11.2037,22.6974,0.2544,0.0001,BAM,-8.5373,-11.1039,-8.5682,-11.0980,0.0000,0.0000,-0.000,0.000,0.1594,47.2,13.37,51,THU,NO_TX,360,THU,1,goc=-30;cu_ly=25;lan=1,1
30.0551,1790254749.993276,0.0205,1,310.75,241.25,0.743,-7.9096,-11.1865,-7.8201,-1.9731,-11.2003,-1.1835,-7.8280,-11.2020,22.6974,0.2544,0.0001,BAM,-8.5373,-11.1039,-8.5682,-11.0980,0.0000,0.0000,-0.000,0.000,0.5117,32.8,9.33,51,THU,NO_TX,360,THU,1,goc=-30;cu_ly=25;lan=1,1
30.0754,1790254750.013583,0.0203,1,304.75,241.25,0.703,-7.5024,-11.1854,-7.6528,1.3935,-11.2020,-0.8290,-7.6500,-11.2026,22.6974,0.2544,0.0001,BAM,-8.5373,-11.1039,-8.5682,-11.0980,0.0000,0.0000,-0.000,0.000,0.9469,31.0,15.30,51,THU,NO_TX,360,THU,1,goc=-30;cu_ly=25;lan=1,1
30.0954,1790254750.033640,0.0201,0,304.75,241.25,0.703,,,-7.6249,1.3935,-11.2186,-0.8290,-7.6229,-11.2190,22.7377,0.2583,0.0340,BAM,-8.5373,-11.1039,-8.5682,-11.0980,0.0000,0.0000,-0.000,0.000,0.9469,31.0,15.30,51,THU,NO_TX,360,THU,1,goc=-30;cu_ly=25;lan=1,1
30.1156,1790254750.053801,0.0202,0,304.75,241.25,0.703,,,-7.5967,1.3935,-11.2354,-0.8290,-7.5952,-11.2357,22.7377,0.2583,0.0340,BAM,-8.5373,-11.1039,-8.5682,-11.0980,0.0000,0.0000,-0.000,0.000,0.9469,31.0,15.30,51,THU,NO_TX,360,THU,1,goc=-30;cu_ly=25;lan=1,1
30.1361,1790254750.074361,0.0205,1,304.50,239.00,0.697,-7.4860,-11.0356,-7.5018,2.2836,-11.0789,1.4659,-7.4896,-11.0757,22.7377,0.2583,0.0340,BAM,-8.5373,-11.1039,-8.4608,-11.0980,1.0477,0.0000,5.239,0.000,0.1727,48.8,15.53,51,THU,NO_TX,360,THU,1,goc=-30;cu_ly=25;lan=1,1
30.1563,1790254750.094479,0.0202,1,304.25,239.00,0.699,-7.4691,-11.0355,-7.4636,2.1625,-11.0412,1.5875,-7.4532,-11.0371,22.7377,0.2583,0.0340,BAM,-8.5373,-11.1039,-8.3514,-11.0980,1.0841,0.0000,5.420,0.000,0.0025,32.3,15.78,51,THU,NO_TX,360,THU,1,goc=-30;cu_ly=25;lan=1,1
30.1764,1790254750.114520,0.0200,0,304.25,239.00,0.699,,,-7.4203,2.1625,-11.0094,1.5875,-7.4129,-11.0065,22.7377,0.2583,0.0340,BAM,-8.5373,-11.1039,-8.2388,-11.0980,1.1243,0.0000,5.622,0.000,0.0025,32.3,15.78,51,THU,NO_TX,360,THU,1,goc=-30;cu_ly=25;lan=1,1
30.1966,1790254750.134840,0.0203,1,307.00,239.25,0.741,-7.6555,-11.0527,-7.5710,-0.8823,-11.0292,0.7894,-7.5717,-11.0287,22.7377,0.2583,0.0340,BAM,-8.5373,-11.1039,-8.2388,-11.0980,0.0000,0.0000,-0.000,0.000,0.4388,45.8,13.02,51,THU,NO_TX,360,THU,1,goc=-30;cu_ly=25;lan=1,1
30.2168,1790254750.154979,0.0201,0,307.00,239.25,0.741,,,-7.5888,-0.8823,-11.0133,0.7894,-7.5893,-11.0130,22.7377,0.2583,0.0005,BAM,-8.5373,-11.1039,-8.2388,-11.0980,0.0000,0.0000,-0.000,0.000,0.4388,45.8,13.02,51,THU,NO_TX,360,THU,1,goc=-30;cu_ly=25;lan=1,1
30.2376,1790254750.175855,0.0209,1,309.00,237.25,0.724,-7.7915,-10.9200,-7.7407,-2.8618,-10.9418,1.5915,-7.7639,-10.9377,22.7377,0.2583,0.0005,BAM,-8.5373,-11.1039,-8.2388,-11.0980,0.0000,0.0000,-0.000,0.000,0.1898,33.7,11.34,51,THU,NO_TX,360,THU,1,goc=-30;cu_ly=25;lan=1,1
30.2579,1790254750.196092,0.0202,0,309.00,237.25,0.724,,,-7.7986,-2.8618,-10.9096,1.5915,-7.8152,-10.9067,22.7377,0.2583,0.0005,BAM,-8.5373,-11.1039,-8.2388,-11.0980,0.0000,0.0000,-0.000,0.000,0.1898,33.7,11.34,51,THU,NO_TX,360,THU,1,goc=-30;cu_ly=25;lan=1,1
30.2781,1790254750.216266,0.0202,1,310.50,238.00,0.739,-7.8931,-10.9701,-7.8828,-3.2512,-10.9435,0.6381,-7.9160,-10.9433,22.7377,0.2583,0.0005,BAM,-8.4797,-11.1021,-8.2408,-11.0981,0.0000,0.0000,-0.099,-0.003,0.0459,47.5,9.71,51,THU,NO_TX,360,THU,1,goc=-30;cu_ly=25;lan=1,1
30.2985,1790254750.236695,0.0205,0,310.50,238.00,0.739,,,-7.9494,-3.2512,-10.9305,0.6381,-7.9732,-10.9303,22.7377,0.2583,0.0005,BAM,-8.4044,-11.1008,-8.2450,-11.0982,0.0000,0.0000,-0.206,-0.005,0.0459,47.5,9.71,51,THU,NO_TX,360,THU,1,goc=-30;cu_ly=25;lan=1,1
30.3187,1790254750.256827,0.0201,1,312.00,237.00,0.732,-7.9374,-10.9019,-7.9590,-2.4280,-10.9064,0.8003,-7.9733,-10.9059,22.7377,0.2583,0.0005,BAM,-8.3532,-11.0999,-8.2500,-11.0983,0.0000,0.0000,-0.246,-0.005,0.0303,30.7,8.54,51,THU,NO_TX,360,THU,1,goc=-30;cu_ly=25;lan=1,1
30.3388,1790254750.276987,0.0202,0,312.00,237.00,0.732,,,-8.0079,-2.4280,-10.8903,0.8003,-8.0181,-10.8899,22.7377,0.2583,0.0003,BAM,-8.3178,-11.0993,-8.2550,-11.0984,0.0000,0.0000,-0.250,-0.005,0.0303,30.7,8.54,51,THU,NO_TX,360,THU,1,goc=-30;cu_ly=25;lan=1,1
30.3588,1790254750.297069,0.0200,1,310.25,235.00,0.721,-7.7437,-10.7672,-7.8315,0.8978,-10.7981,1.9043,-7.8308,-10.7913,22.7377,0.2583,0.0003,BAM,-8.2935,-11.0989,-8.2597,-11.0984,0.0000,0.0000,-0.235,-0.005,0.5312,32.9,10.96,51,THU,NO_TX,360,THU,1,goc=-30;cu_ly=25;lan=1,1
30.3794,1790254750.317649,0.0206,0,310.25,235.00,0.721,,,-7.8131,0.8978,-10.7589,1.9043,-7.8125,-10.7540,22.7377,0.2583,0.0003,BAM,-8.2763,-11.0986,-8.2640,-11.0985,0.0000,0.0000,-0.209,-0.004,0.5312,32.9,10.96,51,THU,NO_TX,360,THU,1,goc=-30;cu_ly=25;lan=1,1
30.3995,1790254750.337760,0.0201,1,315.50,237.50,0.689,-7.9884,-10.9323,-7.9346,-1.1617,-10.8719,-0.2845,-7.9363,-10.8719,22.7377,0.2583,0.0003,BAM,-8.2647,-11.0984,-8.2677,-11.0986,0.0000,0.0000,-0.180,-0.003,0.3851,47.3,5.15,51,THU,NO_TX,360,THU,1,goc=-30;cu_ly=25;lan=1,1
30.4196,1790254750.357846,0.0201,0,315.50,237.50,0.689,,,-7.9580,-1.1617,-10.8776,-0.2845,-7.9591,-10.8776,22.7377,0.2583,0.0003,BAM,-8.2567,-11.0983,-8.2707,-11.0987,0.0000,0.0000,-0.152,-0.003,0.3851,47.3,5.15,51,THU,NO_TX,360,THU,1,goc=-30;cu_ly=25;lan=1,1
30.4397,1790254750.377963,0.0201,1,315.25,235.75,0.729,-7.9544,-10.8155,-7.9619,-0.8751,-10.8351,0.4149,-7.9626,-10.8350,22.7377,0.2583,0.0003,BAM,-8.2512,-11.0982,-8.2733,-11.0987,0.0000,0.0000,-0.127,-0.002,0.0247,33.2,6.37,51,THU,NO_TX,360,THU,1,goc=-30;cu_ly=25;lan=1,1
30.4601,1790254750.398283,0.0203,0,315.25,235.75,0.729,,,-7.9797,-0.8751,-10.8266,0.4149,-7.9802,-10.8266,22.7377,0.2583,0.0002,BAM,-8.2474,-11.0981,-8.2754,-11.0987,0.0000,0.0000,-0.104,-0.002,0.0247,33.2,6.37,51,THU,NO_TX,360,THU,1,goc=-30;cu_ly=25;lan=1,1
30.4802,1790254750.418429,0.0201,1,308.25,237.50,0.712,-7.4545,-10.9307,-7.6061,4.9029,-10.8985,-0.7471,-7.5041,-10.8989,22.7377,0.2583,0.0002,BAM,-8.2447,-11.0981,-8.2771,-11.0988,0.0000,0.0000,-0.084,-0.002,1.4900,47.0,12.01,51,THU,NO_TX,360,THU,1,goc=-30;cu_ly=25;lan=1,1
30.5003,1790254750.438509,0.0201,0,308.25,237.50,0.712,,,-7.5076,4.9029,-10.9135,-0.7471,-7.4319,-10.9138,22.7377,0.2583,0.0002,BAM,-8.2429,-11.0981,-8.2785,-11.0988,0.0000,0.0000,-0.068,-0.001,1.4900,47.0,12.01,51,THU,NO_TX,360,THU,1,goc=-30;cu_ly=25;lan=1,1
30.5205,1790254750.458586,0.0202,1,310.00,243.00,0.700,-7.5685,-11.2971,-7.5237,3.1996,-11.1911,-4.5521,-7.4921,-11.2729,22.7377,0.2583,0.0002,BAM,-8.2416,-11.0980,-8.2796,-11.0988,0.0000,0.0000,-0.054,-0.001,0.7481,32.6,10.44,51,THU,NO_TX,360,THU,1,goc=-30;cu_ly=25;lan=1,1
30.5409,1790254750.479023,0.0203,0,310.00,243.00,0.700,,,-7.4586,3.1996,-11.2837,-4.5521,-7.4359,-11.3442,22.7377,0.2583,0.0002,BAM,-8.2408,-11.0980,-8.2804,-11.0988,0.0000,0.0000,-0.043,-0.001,0.7481,32.6,10.44,51,THU,NO_TX,360,THU,1,goc=-30;cu_ly=25;lan=1,1
30.5609,1790254750.499050,0.0200,1,310.75,235.50,0.718,-7.6147,-10.7978,-7.5531,0.8560,-10.9637,1.4081,-7.5525,-10.9609,22.7377,0.2583,0.0002,BAM,-8.2402,-11.0980,-8.2811,-11.0988,0.0000,0.0000,-0.034,-0.001,1.7636,48.5,10.29,51,THU,NO_TX,360,THU,1,goc=-30;cu_ly=25;lan=1,1
30.5814,1790254750.519655,0.0205,0,310.75,235.50,0.718,,,-7.5356,0.8560,-10.9348,1.4081,-7.5351,-10.9328,22.7377,0.2583,0.0001,BAM,-8.2397,-11.0980,-8.2817,-11.0989,0.0000,0.0000,-0.027,-0.000,1.7636,48.5,10.29,51,THU,NO_TX,360,THU,1,goc=-30;cu_ly=25;lan=1,1
30.6020,1790254750.540313,0.0205,1,311.50,238.75,0.720,-7.6643,-11.0143,-7.6239,-0.7019,-10.9835,0.2874,-7.6243,-10.9835,22.7377,0.2583,0.0001,BAM,-8.2395,-11.0980,-8.2821,-11.0989,0.0000,0.0000,-0.021,-0.000,0.1558,31.0,8.59,51,THU,NO_TX,360,THU,1,goc=-30;cu_ly=25;lan=1,1
30.6221,1790254750.560351,0.0202,1,311.50,239.00,0.739,-7.6632,-11.0309,-7.6526,-0.9376,-11.0082,-0.1953,-7.6535,-11.0082,22.7377,0.2583,0.0001,BAM,-8.2393,-11.0980,-8.2824,-11.0989,0.0000,0.0000,-0.016,-0.000,0.0239,33.0,8.56,51,THU,NO_TX,360,THU,1,goc=-30;cu_ly=25;lan=1,1
30.6422,1790254750.580415,0.0201,0,311.50,239.00,0.739,,,-7.6714,-0.9376,-11.0121,-0.1953,-7.6721,-11.0121,22.7377,0.2583,0.0001,BAM,-8.2391,-11.0980,-8.2827,-11.0989,0.0000,0.0000,-0.013,-0.000,0.0239,33.0,8.56,51,THU,NO_TX,360,THU,1,goc=-30;cu_ly=25;lan=1,1
30.6625,1790254750.600655,0.0203,1,309.50,238.25,0.742,-7.5272,-10.9807,-7.5764,0.8562,-10.9916,0.1819,-7.5757,-10.9916,22.7377,0.2583,0.0001,BAM,-8.2390,-11.0980,-8.2829,-11.0989,0.0000,0.0000,-0.010,-0.000,0.1460,47.2,10.64,51,THU,NO_TX,360,THU,1,goc=-30;cu_ly=25;lan=1,1
30.6825,1790254750.620734,0.0201,0,309.50,238.25,0.742,,,-7.5592,0.8562,-10.9880,0.1819,-7.5588,-10.9880,22.7377,0.2583,0.0001,BAM,-8.2390,-11.0980,-8.2830,-11.0989,0.0000,0.0000,-0.008,-0.000,0.1460,47.2,10.64,51,THU,NO_TX,360,THU,1,goc=-30;cu_ly=25;lan=1,1
30.7026,1790254750.640810,0.0201,1,310.50,241.50,0.726,-7.5943,-11.1972,-7.5796,0.2973,-11.1357,-2.0287,-7.5796,-11.1441,22.7377,0.2583,0.0001,BAM,-8.2389,-11.0980,-8.2832,-11.0989,0.0000,0.0000,-0.006,-0.000,0.2222,30.9,9.62,51,THU,NO_TX,360,THU,1,goc=-30;cu_ly=25;lan=1,1
30.7226,1790254750.660858,0.0200,0,310.50,241.50,0.726,,,-7.5737,0.2973,-11.1763,-2.0287,-7.5736,-11.1823,22.7377,0.2583,0.0001,BAM,-8.2389,-11.0980,-8.2833,-11.0989,0.0000,0.0000,-0.005,-0.000,0.2222,30.9,9.62,51,THU,NO_TX,360,THU,1,goc=-30;cu_ly=25;lan=1,1
30.7434,1790254750.682060,0.0207,1,316.00,240.50,0.708,-7.9675,-11.1312,-7.8562,-3.9439,-11.1561,-1.1311,-7.9133,-11.1576,22.7377,0.2583,0.0001,BAM,-8.2389,-11.0980,-8.2833,-11.0989,0.0000,0.0000,-0.004,-0.000,0.8095,48.7,4.03,51,THU,NO_TX,360,THU,1,goc=-30;cu_ly=25;lan=1,1
30.7634,1790254750.701623,0.0201,0,316.00,240.50,0.708,,,-7.9355,-3.9439,-11.1788,-1.1311,-7.9770,-11.1799,22.7377,0.2583,0.0001,BAM,-8.2389,-11.0980,-8.2834,-11.0989,0.0000,0.0000,-0.003,-0.000,0.8095,48.7,4.03,51,THU,NO_TX,360,THU,1,goc=-30;cu_ly=25;lan=1,1
30.7835,1790254750.721700,0.0200,1,311.00,243.25,0.706,-7.6278,-11.3137,-7.7367,0.1571,-11.2812,-2.2867,-7.7367,-11.2930,22.7377,0.2583,0.0001,BAM,-8.2388,-11.0980,-8.2834,-11.0989,0.0000,0.0000,-0.002,-0.000,0.7913,31.7,9.57,51,THU,NO_TX,360,THU,1,goc=-30;cu_ly=25;lan=1,1
30.8038,1790254750.741986,0.0203,0,311.00,243.25,0.706,,,-7.7335,0.1571,-11.3278,-2.2867,-7.7335,-11.3362,22.0503,0.2662,0.0696,BAM,-8.2388,-11.0980,-8.2835,-11.0989,0.0000,0.0000,-0.002,-0.000,0.7913,31.7,9.57,51,THU,NO_TX,360,THU,1,goc=-30;cu_ly=25;lan=1,1
30.8245,1790254750.763196,0.0207,1,319.25,244.50,0.782,-8.1879,-11.3976,-8.0616,-4.7187,-11.3912,-2.5186,-8.1538,-11.4068,22.0503,0.2662,0.0696,BAM,-8.2388,-11.0980,-8.2835,-11.0989,0.0000,0.0000,-0.001,-0.000,1.0082,46.3,4.56,51,THU,NO_TX,360,THU,1,goc=-30;cu_ly=25;lan=1,1
30.8446,1790254750.782750,0.0200,0,319.25,244.50,0.782,,,-8.1561,-4.7187,-11.4417,-2.5186,-8.2244,-11.4528,22.0503,0.2662,0.0696,BAM,-8.2388,-11.0980,-8.2835,-11.0989,0.0000,0.0000,-0.001,-0.000,1.0082,46.3,4.56,51,THU,NO_TX,360,THU,1,goc=-30;cu_ly=25;lan=1,1
30.8647,1790254750.802836,0.0201,1,317.75,243.75,0.787,-8.0860,-11.3476,-8.1324,-2.9656,-11.3893,-1.0264,-8.1578,-11.3904,22.0503,0.2662,0.0696,BAM,-8.2388,-11.0980,-8.2835,-11.0989,0.0000,0.0000,-0.001,-0.000,0.2294,32.7,4.37,51,THU,NO_TX,360,THU,1,goc=-30;cu_ly=25;lan=1,1
30.8847,1790254750.822928,0.0200,0,317.75,243.75,0.787,,,-8.1918,-2.9656,-11.4099,-1.0264,-8.2101,-11.4107,22.0503,0.2662,0.0696,BAM,-8.2388,-11.0980,-8.2836,-11.0989,0.0000,0.0000,-0.001,-0.000,0.2294,32.7,4.37,51,THU,NO_TX,360,THU,1,goc=-30;cu_ly=25;lan=1,1
30.9049,1790254750.843039,0.0202,1,327.00,242.75,0.761,-8.7140,-11.2807,-8.5841,-7.8865,-11.3240,0.5215,-8.9140,-11.3238,22.0503,0.2662,0.0696,BAM,-8.2388,-11.0980,-8.2836,-11.0989,0.0000,0.0000,-0.000,-0.000,1.1494,33.5,7.52,51,THU,NO_TX,360,THU,1,goc=-30;cu_ly=25;lan=1,1
30.9251,1790254750.863287,0.0202,0,327.00,242.75,0.761,,,-8.7434,-7.8865,-11.3134,0.5215,-9.0030,-11.3133,22.0775,0.2577,0.0687,BAM,-8.2388,-11.0980,-8.2836,-11.0989,0.0000,0.0000,-0.000,-0.000,1.1494,33.5,7.52,51,THU,NO_TX,360,THU,1,goc=-30;cu_ly=25;lan=1,1
30.9455,1790254750.883667,0.0204,1,347.50,236.75,0.743,-10.1025,-10.8760,-9.7692,-20.6449,-10.9981,4.9334,-11.6665,-10.8967,22.0775,0.2577,0.0687,BAM,-8.2388,-11.0980,-8.4506,-11.0989,-3.4276,0.0000,-8.173,-0.000,7.7826,47.2,27.69,51,THU,NO_TX,360,THU,1,goc=-30;cu_ly=25;lan=1,1
30.9656,1790254750.904308,0.0201,0,347.50,236.75,0.743,,,-10.1849,-20.6449,-10.8987,4.9334,-11.9310,-10.8230,22.0775,0.2577,0.0687,BAM,-8.2388,-11.0980,-8.7773,-11.0989,-3.6921,0.0000,-16.228,-0.000,7.7826,47.2,27.69,51,THU,NO_TX,360,THU,1,goc=-30;cu_ly=25;lan=1,1
30.9857,1790254750.923906,0.0201,0,,,0.000,,,-10.5989,-18.6754,-10.7998,4.4628,-11.9273,-10.7543,22.0775,0.2577,0.0687,BAM,-8.2388,-11.0980,-9.1471,-11.0989,-3.6885,0.0000,-18.442,-0.000,7.7826,31.9,,51,THU,NO_TX,360,THU,1,goc=-30;cu_ly=25;lan=1,1
31.0061,1790254750.944320,0.0204,0,,,0.000,,,-10.9802,-16.8629,-10.7087,4.0296,-11.9655,-10.6807,22.0775,0.2577,0.0687,BAM,-8.2388,-11.0980,-9.5276,-11.0989,-3.7267,0.0000,-18.634,-0.000,7.7826,31.9,,51,THU,NO_TX,360,THU,1,goc=-30;cu_ly=25;lan=1,1
31.0262,1790254750.964405,0.0201,0,,,0.000,,,-11.3187,-15.2525,-10.6278,3.6448,-12.0415,-10.6100,22.0775,0.2577,0.0687,BAM,-8.2388,-11.0980,-9.9093,-11.0989,-3.8027,0.0000,-19.014,-0.000,7.7826,47.4,,51,THU,NO_TX,360,THU,1,goc=-30;cu_ly=25;lan=1,1
31.0463,1790254750.984497,0.0201,0,,,0.000,,,-11.6252,-13.7945,-10.5545,3.2964,-12.1484,-10.5430,22.3420,0.2401,0.1296,BAM,-8.2388,-11.0980,-10.3021,-11.0989,-3.9096,0.0000,-19.548,-0.000,7.7826,31.7,,51,THU,NO_TX,360,THU,1,goc=-30;cu_ly=25;lan=1,1
31.0663,1790254751.004549,0.0201,0,,,0.000,,,-11.9018,-12.4786,-10.4884,2.9819,-12.2771,-10.4808,22.3420,0.2401,0.1296,BAM,-8.3041,-11.0983,-10.6982,-11.0989,-3.9730,0.0000,-19.752,0.000,7.7826,31.7,,51,THU,NO_TX,360,THU,1,goc=-30;cu_ly=25;lan=1,1
31.0865,1790254751.024611,0.0201,0,,,0.000,,,-12.1530,-11.2840,-10.4284,2.6965,-12.4199,-10.4234,22.3420,0.2401,0.1296,BAM,-8.4503,-11.0985,-11.0908,-11.0989,-3.9696,0.0000,-19.508,0.001,7.7826,31.7,,51,THU,NO_TX,360,THU,1,goc=-30;cu_ly=25;lan=1,1
31.1067,1790254751.044824,0.0202,0,,,0.000,,,-12.3815,-10.1975,-10.3738,2.4369,-12.5700,-10.3704,22.3420,0.2401,0.1296,BAM,-8.6666,-11.0986,-11.4731,-11.0988,-3.9034,0.0000,-18.883,0.001,7.7826,48.6,,51,THU,NO_TX,360,THU,1,goc=-30;cu_ly=25;lan=1,1
31.1268,1790254751.065467,0.0201,0,,,0.000,,,-12.5864,-9.2227,-10.3249,2.2039,-12.7194,-10.3226,22.3420,0.2401,0.1296,BAM,-8.9324,-11.0987,-11.8346,-11.0988,-3.7871,0.0000,-17.989,0.001,7.7826,32.2,,51,THU,NO_TX,360,THU,1,goc=-30;cu_ly=25;lan=1,1
31.1468,1790254751.085016,0.0200,0,,,0.000,,,-12.7710,-8.3441,-10.2807,1.9940,-12.8649,-10.2792,22.3420,0.2401,0.1296,BAM,-9.2332,-11.0987,-12.1732,-11.0988,-3.6317,0.0000,-16.910,0.001,7.7826,32.2,,51,THU,NO_TX,360,THU,1,goc=-30;cu_ly=25;lan=1,1
31.1668,1790254751.105068,0.0200,0,,,0.000,,,-12.9381,-7.5491,-10.2408,1.8040,-10.1025,-10.8760,22.3420,0.2401,0.1296,BAM,-9.5624,-11.0988,-12.3514,-11.0988,0.0000,0.0000,-8.900,0.001,7.7826,30.4,,51,THU,NO_TX,360,THU,1,goc=-30;cu_ly=25;lan=1,1
31.1869,1790254751.125126,0.0201,0,,,0.000,,,-13.0895,-6.8287,-10.2046,1.6318,-10.1025,-10.8760,22.3420,0.2401,0.1296,BAM,-9.9126,-11.0988,-12.3690,-11.0988,0.0000,0.0000,-0.877,0.001,7.7826,30.4,,51,THU,NO_TX,360,THU,1,goc=-30;cu_ly=25;lan=1,1
31.2073,1790254751.145555,0.0204,0,,,0.000,,,-13.2291,-6.1655,-10.1713,1.4734,-10.1025,-10.8760,22.3420,0.2401,0.1296,BAM,-10.2805,-11.0988,-12.3282,-11.0988,0.0000,0.0000,1.997,0.000,7.7826,49.0,,51,THU,NO_TX,360,THU,1,goc=-30;cu_ly=25;lan=1,1
31.2276,1790254751.165817,0.0203,0,,,0.000,,,-13.3541,-5.5712,-10.1414,1.3313,-10.1025,-10.8760,22.3420,0.2401,0.1296,BAM,-10.6509,-11.0988,-12.2842,-11.0988,0.0000,0.0000,2.171,0.000,7.7826,49.0,,51,THU,NO_TX,360,THU,1,goc=-30;cu_ly=25;lan=1,1
31.2477,1790254751.185953,0.0201,0,,,0.000,,,-13.4662,-5.0379,-10.1146,1.2039,-10.1025,-10.8760,22.3420,0.2401,0.1296,BAM,-11.0167,-11.0988,-12.2379,-11.0988,0.0000,0.0000,2.299,0.000,7.7826,30.8,,51,THU,NO_TX,360,THU,1,goc=-30;cu_ly=25;lan=1,1
31.2678,1790254751.205962,0.0201,0,,,0.000,,,-13.5673,-4.5568,-10.0904,1.0889,-10.1025,-10.8760,22.3420,0.2401,0.1296,BAM,-11.3735,-11.0988,-12.0625,-11.0988,1.2709,0.0000,8.739,0.000,7.7826,30.8,,51,THU,NO_TX,360,THU,1,goc=-30;cu_ly=25;lan=1,1
31.2878,1790254751.226073,0.0200,0,,,0.000,,,-13.6587,-4.1222,-10.0686,0.9851,-10.1025,-10.8760,22.3420,0.2401,0.1296,BAM,-11.6748,-11.0988,-11.8577,-11.0988,1.5723,0.0000,10.216,0.000,7.7826,48.1,,51,THU,NO_TX,360,THU,1,goc=-30;cu_ly=25;lan=1,1
31.3081,1790254751.246305,0.0202,0,,,0.000,,,-13.7421,-3.7253,-10.0487,0.8902,-10.1025,-10.8760,22.3420,0.2401,0.1296,BAM,-11.8848,-11.0988,-11.6334,-11.0988,1.7823,0.0000,11.080,0.000,7.7826,48.1,,51,THU,NO_TX,360,THU,1,goc=-30;cu_ly=25;lan=1,1
31.3283,1790254751.266510,0.0202,0,,,0.000,,,-13.8173,-3.3677,-10.0307,0.8048,-10.1025,-10.8760,22.3420,0.2401,0.1296,BAM,-12.0293,-11.0988,-11.4003,-11.0988,1.9268,0.0000,11.548,0.000,7.7826,31.8,,51,THU,NO_TX,360,THU,1,goc=-30;cu_ly=25;lan=1,1
31.3483,1790254751.286555,0.0200,0,,,0.000,,,-13.8848,-3.0465,-10.0146,0.7280,-10.1025,-10.8760,22.3420,0.2401,0.1296,BAM,-12.1286,-11.0988,-11.1643,-11.0988,2.0261,0.0000,11.773,0.000,7.7826,31.8,,51,THU,NO_TX,360,THU,1,goc=-30;cu_ly=25;lan=1,1
31.3685,1790254751.306645,0.0202,0,,,0.000,,,-13.9464,-2.7537,-9.9999,0.6580,-10.1025,-10.8760,22.3420,0.2401,0.1296,BAM,-12.1625,-11.0988,-10.9295,-11.0988,2.0599,0.0000,11.619,0.000,7.7826,50.1,,51,THU,NO_TX,360,THU,1,goc=-30;cu_ly=25;lan=1,1
31.3895,1790254751.328181,0.0209,0,,,0.000,,,-14.0040,-2.4801,-9.9861,0.5927,-10.1025,-10.8760,22.3420,0.2401,0.1296,BAM,-12.1307,-11.0988,-10.6973,-11.0988,2.0282,0.0000,11.091,-0.000,7.7826,50.1,,51,THU,NO_TX,360,THU,1,goc=-30;cu_ly=25;lan=1,1
31.4095,1790254751.347759,0.0201,0,,,0.000,,,-14.0538,-2.2433,-9.9742,0.5361,-10.1025,-10.8760,22.3420,0.2401,0.1296,BAM,-12.0465,-11.0988,-10.4905,-11.0988,1.9440,0.0000,10.305,-0.000,7.7826,31.4,,51,THU,NO_TX,360,THU,1,goc=-30;cu_ly=25;lan=1,1
31.4296,1790254751.367793,0.0200,0,,,0.000,,,-14.0987,-2.0295,-9.9635,0.4850,-10.1025,-10.8760,22.3420,0.2401,0.1296,BAM,-11.9193,-11.0988,-10.3040,-11.0988,1.8167,0.0000,9.313,-0.000,7.7826,31.4,,51,THU,NO_TX,360,THU,1,goc=-30;cu_ly=25;lan=1,1
31.4498,1790254751.387982,0.0202,0,,,0.000,,,-14.1397,-1.8347,-9.9537,0.4384,-10.1025,-10.8760,22.3420,0.2401,0.1296,BAM,-11.7585,-11.0988,-10.1389,-11.0988,1.6560,0.0000,8.178,-0.000,7.7826,48.0,,51,THU,NO_TX,360,THU,1,goc=-30;cu_ly=25;lan=1,1
31.4699,1790254751.408146,0.0202,0,,,0.000,,,-14.1767,-1.6587,-9.9448,0.3964,-10.1025,-10.8760,22.3420,0.2401,0.1296,BAM,-11.5746,-11.0988,-9.9984,-11.0988,1.4721,0.0000,6.965,-0.000,7.7826,48.0,,51,THU,NO_TX,360,THU,1,goc=-30;cu_ly=25;lan=1,1
31.4900,1790254751.428211,0.0201,0,,,0.000,,,-14.2100,-1.5004,-9.9369,0.3585,-10.1025,-10.8760,22.3420,0.2401,0.1296,BAM,-11.3757,-11.0988,-9.8837,-11.0988,1.2732,0.0000,5.718,-0.000,7.7826,31.5,,51,THU,NO_TX,360,THU,1,goc=-30;cu_ly=25;lan=1,1
31.5103,1790254751.448521,0.0203,0,,,0.000,,,-14.2405,-1.3555,-9.9296,0.3239,-10.1025,-10.8760,22.3420,0.2401,0.1296,BAM,-11.1647,-11.0988,-9.7933,-11.0988,1.0622,0.0000,4.450,-0.000,7.7826,32.1,,51,THU,NO_TX,360,THU,1,goc=-30;cu_ly=25;lan=1,1
31.5304,1790254751.468642,0.0201,0,,,0.000,,,-14.2677,-1.2258,-9.9231,0.2929,-10.1025,-10.8760,22.3420,0.2401,0.1296,BAM,-10.9564,-11.0988,-9.8139,-11.0988,0.0000,0.0000,-1.021,-0.000,7.7826,32.1,,51,THU,NO_TX,360,THU,1,goc=-30;cu_ly=25;lan=1,1
31.5512,1790254751.489407,0.0208,0,,,0.000,,,-14.2932,-1.1048,-9.9170,0.2640,-10.1025,-10.8760,22.3420,0.2401,0.1296,BAM,-10.7503,-11.0988,-9.8374,-11.0988,0.0000,0.0000,-1.132,-0.000,7.7826,32.1,,51,THU,NO_TX,360,THU,1,goc=-30;cu_ly=25;lan=1,1
31.5712,1790254751.509455,0.0201,0,,,0.000,,,-14.3154,-0.9994,-9.9117,0.2388,-10.1025,-10.8760,22.3420,0.2401,0.1296,BAM,-10.5618,-11.0988,-9.8614,-11.0988,0.0000,0.0000,-1.196,-0.000,7.7826,46.6,,51,THU,NO_TX,360,THU,1,goc=-30;cu_ly=25;lan=1,1
31.5914,1790254751.529515,0.0201,0,,,0.000,,,-14.3355,-0.9038,-9.9069,0.2160,-10.1025,-10.8760,22.3420,0.2401,0.1296,BAM,-10.3879,-11.0988,-9.8859,-11.0988,0.0000,0.0000,-1.220,-0.000,7.7826,32.8,,51,THU,NO_TX,360,THU,1,goc=-30;cu_ly=25;lan=1,1
31.6114,1790254751.549608,0.0200,0,,,0.000,,,-14.3536,-0.8177,-9.9026,0.1954,-10.1025,-10.8760,22.3420,0.2401,0.1296,BAM,-10.2325,-11.0988,-9.9101,-11.0988,0.0000,0.0000,-1.207,-0.000,7.7826,32.8,,51,THU,NO_TX,360,THU,1,goc=-30;cu_ly=25;lan=1,1
31.6317,1790254751.569795,0.0203,0,,,0.000,,,-14.3702,-0.7388,-9.8986,0.1765,-10.1025,-10.8760,22.3420,0.2401,0.1296,BAM,-10.1241,-11.0988,-9.9326,-11.0988,0.0000,0.0000,-1.112,-0.000,7.7826,32.8,,51,THU,NO_TX,360,THU,1,goc=-30;cu_ly=25;lan=1,1
31.6518,1790254751.589953,0.0201,0,,,0.000,,,-14.3850,-0.6681,-9.8950,0.1597,-10.1025,-10.8760,22.3420,0.2401,0.1296,BAM,-10.0499,-11.0988,-9.9524,-11.0988,0.0000,0.0000,-0.983,-0.000,7.7826,49.1,,51,THU,NO_TX,360,THU,1,goc=-30;cu_ly=25;lan=1,1
31.6718,1790254751.610021,0.0200,0,,,0.000,,,-14.3984,-0.6044,-9.8918,0.1444,-10.1025,-10.8760,22.3420,0.2401,0.1296,BAM,-9.9987,-11.0988,-9.9693,-11.0988,0.0000,0.0000,-0.844,-0.000,7.7826,31.8,,51,THU,NO_TX,360,THU,1,goc=-30;cu_ly=25;lan=1,1
31.6919,1790254751.630095,0.0200,0,,,0.000,,,-14.4105,-0.5468,-9.8890,0.1307,-10.1025,-10.8760,22.3420,0.2401,0.1296,BAM,-9.9632,-11.0988,-9.9836,-11.0988,0.0000,0.0000,-0.710,-0.000,7.7826,31.8,,51,THU,NO_TX,360,THU,1,goc=-30;cu_ly=25;lan=1,1
31.7123,1790254751.650465,0.0204,0,,,0.000,,,-14.4217,-0.4938,-9.8863,0.1180,-10.1025,-10.8760,22.3420,0.2401,0.1296,BAM,-9.9384,-11.0988,-9.9955,-11.0988,0.0000,0.0000,-0.587,-0.000,7.7826,31.8,,51,THU,NO_TX,360,THU,1,goc=-30;cu_ly=25;lan=1,1
31.7323,1790254751.670487,0.0201,0,,,0.000,,,-14.4316,-0.4467,-9.8839,0.1067,-10.1025,-10.8760,22.3420,0.2401,0.1296,BAM,-9.9216,-11.0988,-10.0051,-11.0988,0.0000,0.0000,-0.480,-0.000,7.7826,46.3,,51,THU,NO_TX,360,THU,1,goc=-30;cu_ly=25;lan=1,1
31.7531,1790254751.691321,0.0208,0,,,0.000,,,-14.4409,-0.4026,-9.8817,0.0962,-10.1025,-10.8760,22.3420,0.2401,0.1296,BAM,-9.9096,-11.0988,-10.0132,-11.0988,0.0000,0.0000,-0.387,-0.000,7.7826,33.5,,51,THU,NO_TX,360,THU,1,goc=-30;cu_ly=25;lan=1,1
31.7732,1790254751.711395,0.0201,0,,,0.000,,,-14.4489,-0.3641,-9.8798,0.0870,-10.1025,-10.8760,22.3420,0.2401,0.1296,BAM,-9.9016,-11.0988,-10.0194,-11.0988,0.0000,0.0000,-0.311,-0.000,7.7826,33.5,,51,THU,NO_TX,360,THU,1,goc=-30;cu_ly=25;lan=1,1
31.7934,1790254751.731523,0.0202,0,,,0.000,,,-14.4563,-0.3292,-9.8780,0.0787,-10.1025,-10.8760,22.3420,0.2401,0.1296,BAM,-9.8961,-11.0988,-10.0244,-11.0988,0.0000,0.0000,-0.248,-0.000,7.7826,31.9,,51,THU,NO_TX,360,THU,1,goc=-30;cu_ly=25;lan=1,1
31.8134,1790254751.751567,0.0200,0,,,0.000,,,-14.4629,-0.2978,-9.8764,0.0712,-10.1025,-10.8760,22.3420,0.2401,0.1296,BAM,-9.8923,-11.0988,-10.0284,-11.0988,0.0000,0.0000,-0.198,-0.000,7.7826,31.9,,51,THU,NO_TX,360,THU,1,goc=-30;cu_ly=25;lan=1,1
31.8335,1790254751.771687,0.0201,0,,,0.000,,,-14.4689,-0.2694,-9.8750,0.0644,0.0000,-13.0000,,,,CHO,-9.9241,-11.0988,-9.8708,-11.2603,9.9241,-1.9012,7.841,-8.038,7.7826,46.2,,,,,,THU,1,goc=-30;cu_ly=25;lan=1,1
31.8535,1790254751.791723,0.0200,0,,,0.000,,,-14.4689,-0.2694,-9.8750,0.0644,0.0000,-13.0000,,,,CHO,-9.9461,-11.0988,-9.5530,-11.4508,9.9461,-1.9012,15.857,-9.506,7.7826,0.0,,,,,,THU,1,goc=-30;cu_ly=25;lan=1,1
31.8735,1790254751.811768,0.0200,0,,,0.000,,,-14.4689,-0.2694,-9.8750,0.0644,0.0000,-13.0000,,,,CHO,-9.9613,-11.0988,-9.0744,-11.6414,9.9613,-1.9012,23.876,-9.506,7.7826,0.0,,,,,,THU,1,goc=-30;cu_ly=25;lan=1,1
31.8937,1790254751.832311,0.0202,0,,,0.000,,,-14.4689,-0.2694,-9.8750,0.0644,0.0000,-13.0000,,,,CHO,-9.9719,-11.0988,-8.4304,-11.8330,9.9719,-1.9012,31.941,-9.506,7.7826,0.0,,,,,,THU,1,goc=-30;cu_ly=25;lan=1,1
31.9142,1790254751.852355,0.0205,0,,,0.000,,,-14.4689,-0.2694,-9.8750,0.0644,0.0000,-13.0000,,,,CHO,-9.9793,-11.0988,-7.6085,-12.0277,9.9793,-1.9012,40.132,-9.506,7.7826,0.0,,,,,,THU,1,goc=-30;cu_ly=25;lan=1,1
31.9347,1790254751.872913,0.0205,0,,,0.000,,,-14.4689,-0.2694,-9.8750,0.0644,0.0000,-13.0000,,,,CHO,-9.9844,-11.0988,-6.6173,-12.2227,9.9844,-1.9012,48.336,-9.506,7.7826,0.0,,,,,,THU,1,goc=-30;cu_ly=25;lan=1,1
31.9548,1790254751.893005,0.0201,0,,,0.000,,,-14.4689,-0.2694,-9.8750,0.0644,0.0000,-13.0000,,,,CHO,-9.9493,-11.1486,-5.6189,-12.4069,9.9493,-1.8514,49.708,-9.171,7.7826,0.0,,,,,,THU,1,goc=-30;cu_ly=25;lan=1,1
31.9753,1790254751.913455,0.0205,0,,,0.000,,,-14.4689,-0.2694,-9.8750,0.0644,0.0000,-13.0000,,,,CHO,-9.8253,-11.2432,-4.6171,-12.5822,9.8253,-1.7568,48.884,-8.555,7.7826,0.0,,,,,,THU,1,goc=-30;cu_ly=25;lan=1,1
31.9958,1790254751.934056,0.0206,0,,,0.000,,,-14.4689,-0.2694,-9.8750,0.0644,0.0000,-13.0000,,,,CHO,-9.5898,-11.3681,-3.6431,-12.7420,9.5898,-1.6319,47.358,-7.770,7.7826,0.0,,,,,,THU,1,goc=-30;cu_ly=25;lan=1,1
32.0159,1790254751.954114,0.0201,0,,,0.000,,,-14.4689,-0.2694,-9.8750,0.0644,0.0000,-13.0000,,,,CHO,-9.2324,-11.5114,-2.7390,-12.8803,9.2324,-1.4886,45.090,-6.896,7.7826,0.0,,,,,,THU,1,goc=-30;cu_ly=25;lan=1,1
32.0360,1790254751.974619,0.0201,0,,,0.000,,,-14.4689,-0.2694,-9.8750,0.0644,0.0000,-13.0000,,,,CHO,-8.7305,-11.6710,-1.8943,-13.0000,8.7305,-1.3290,41.961,-5.949,7.7826,0.0,,,,,,THU,1,goc=-30;cu_ly=25;lan=1,1
32.0563,1790254751.994434,0.0203,0,,,0.000,,,-14.4689,-0.2694,-9.8750,0.0644,0.0000,-13.0000,,,,CHO,-8.0739,-11.8424,-1.1248,-13.1006,8.0739,-1.1576,37.940,-4.959,7.7826,0.0,,,,,,THU,1,goc=-30;cu_ly=25;lan=1,1
32.0766,1790254752.014743,0.0203,0,,,0.000,,,-14.4689,-0.2694,-9.8750,0.0644,0.0000,-13.0000,,,,CHO,-7.3111,-12.0178,-0.4476,-13.0816,7.3111,0.0000,33.377,0.939,7.7826,0.0,,,,,,THU,1,goc=-30;cu_ly=25;lan=1,1
32.0972,1790254752.035177,0.0206,0,,,0.000,,,-14.4689,-0.2694,-9.8750,0.0644,0.0000,-13.0000,,,,CHO,-6.4662,-12.1948,0.1373,-13.0605,6.4662,0.0000,28.449,1.022,7.7826,0.0,,,,,,THU,1,goc=-30;cu_ly=25;lan=1,1
32.1177,1790254752.055849,0.0205,0,,,0.000,,,-14.4689,-0.2694,-9.8750,0.0644,0.0000,-13.0000,,,,CHO,-5.5825,-12.3661,0.6176,-13.0385,5.5825,0.0000,23.423,1.076,7.7826,0.0,,,,,,THU,1,goc=-30;cu_ly=25;lan=1,1
32.1379,1790254752.076043,0.0202,0,,,0.000,,,-14.4689,-0.2694,-9.8750,0.0644,0.0000,-13.0000,,,,CHO,-4.7015,-12.5254,0.9922,-13.0162,4.7015,0.0000,18.541,1.101,7.7826,0.0,,,,,,THU,1,goc=-30;cu_ly=25;lan=1,1
32.1584,1790254752.097115,0.0206,0,,,0.000,,,-14.4689,-0.2694,-9.8750,0.0644,0.0000,-13.0000,,,,CHO,-3.8210,-12.6743,1.2759,-12.9937,3.8210,0.0000,13.795,1.097,7.7826,0.0,,,,,,THU,1,goc=-30;cu_ly=25;lan=1,1
32.1786,1790254752.116784,0.0201,0,,,0.000,,,-14.4689,-0.2694,-9.8750,0.0644,0.0000,-13.0000,,,,CHO,-2.9873,-12.8061,1.4656,-12.9721,2.9873,0.0000,9.418,1.071,7.7826,0.0,,,,,,THU,1,goc=-30;cu_ly=25;lan=1,1
32.1989,1790254752.137478,0.0203,0,,,0.000,,,-14.4689,-0.2694,-9.8750,0.0644,0.0000,-13.0000,,,,CHO,-2.1967,-12.8918,1.5753,-12.9524,2.1967,0.0000,5.392,0.968,7.7826,0.0,,,,,,THU,1,goc=-30;cu_ly=25;lan=1,1
32.2193,1790254752.157488,0.0204,0,,,0.000,,,-14.4689,-0.2694,-9.8750,0.0644,0.0000,-13.0000,,,,CHO,-1.4694,-12.9444,1.6121,-12.9355,1.4694,0.0000,1.811,0.832,7.7826,0.0,,,,,,THU,1,goc=-30;cu_ly=25;lan=1,1
32.2397,1790254752.177742,0.0204,0,,,0.000,,,-14.4689,-0.2694,-9.8750,0.0644,0.0000,-13.0000,,,,CHO,-0.8190,-12.9737,1.5029,-12.9215,0.0000,0.0000,-5.361,0.688,7.7826,0.0,,,,,,THU,1,goc=-30;cu_ly=25;lan=1,1
32.2597,1790254752.197853,0.0201,0,,,0.000,,,-14.4689,-0.2694,-9.8750,0.0644,0.0000,-13.0000,,,,CHO,-0.2607,-12.9868,1.4009,-12.9104,0.0000,0.0000,-5.087,0.551,7.7826,0.0,,,,,,THU,1,goc=-30;cu_ly=25;lan=1,1
32.2800,1790254752.218030,0.0203,0,,,0.000,,,-14.4689,-0.2694,-9.8750,0.0644,0.0000,-13.0000,,,,CHO,0.2163,-12.9890,1.3052,-12.9018,0.0000,0.0000,-4.725,0.427,7.7826,0.0,,,,,,THU,1,goc=-30;cu_ly=25;lan=1,1
32.3003,1790254752.238462,0.0203,0,,,0.000,,,-14.4689,-0.2694,-9.8750,0.0644,0.0000,-13.0000,,,,CHO,0.6050,-12.9837,1.2180,-12.8953,0.0000,0.0000,-4.291,0.318,7.7826,0.0,,,,,,THU,1,goc=-30;cu_ly=25;lan=1,1
32.3210,1790254752.259195,0.0207,0,,,0.000,,,-14.4689,-0.2694,-9.8750,0.0644,0.0000,-13.0000,,,,CHO,0.9110,-12.9738,1.1392,-12.8906,0.0000,0.0000,-3.798,0.226,7.7826,0.0,,,,,,THU,1,goc=-30;cu_ly=25;lan=1,1
32.3413,1790254752.279461,0.0203,0,,,0.000,,,-14.4689,-0.2694,-9.8750,0.0644,0.0000,-13.0000,,,,CHO,1.1173,-12.9672,0.9598,-12.8873,-1.1173,0.0000,-8.855,0.161,7.7826,0.0,,,,,,THU,1,goc=-30;cu_ly=25;lan=1,1
32.3617,1790254752.299954,0.0205,0,,,0.000,,,-14.4689,-0.2694,-9.8750,0.0644,0.0000,-13.0000,,,,CHO,1.2604,-12.9626,0.7746,-12.8850,-1.2604,0.0000,-9.050,0.116,7.7826,0.0,,,,,,THU,1,goc=-30;cu_ly=25;lan=1,1
32.3823,1790254752.320457,0.0206,0,,,0.000,,,-14.4689,-0.2694,-9.8750,0.0644,0.0000,-13.0000,,,,CHO,1.3045,-12.9462,0.5958,-12.8837,-1.3045,0.0000,-8.698,0.060,7.7826,0.0,,,,,,THU,1,goc=-30;cu_ly=25;lan=1,1
32.4024,1790254752.340463,0.0201,0,,,0.000,,,-14.4689,-0.2694,-9.8750,0.0644,0.0000,-13.0000,,,,CHO,1.3343,-12.9351,0.4269,-12.8832,-1.3343,0.0000,-8.394,0.027,7.7826,0.0,,,,,,THU,1,goc=-30;cu_ly=25;lan=1,1
32.4226,1790254752.360815,0.0202,0,,,0.000,,,-14.4689,-0.2694,-9.8750,0.0644,0.0000,-13.0000,,,,CHO,1.2983,-12.9228,0.2706,-12.8832,-1.2983,0.0000,-7.752,-0.000,7.7826,0.0,,,,,,THU,1,goc=-30;cu_ly=25;lan=1,1
32.4429,1790254752.380876,0.0203,0,,,0.000,,,-14.4689,-0.2694,-9.8750,0.0644,0.0000,-13.0000,,,,CHO,1.2733,-12.9143,0.1228,-12.8835,-1.2733,0.0000,-7.290,-0.015,7.7826,0.0,,,,,,THU,1,goc=-30;cu_ly=25;lan=1,1
32.4633,1790254752.401413,0.0204,0,,,0.000,,,-14.4689,-0.2694,-9.8750,0.0644,0.0000,-13.0000,,,,CHO,1.1755,-12.9059,-0.0081,-12.8840,-1.1755,0.0000,-6.416,-0.026,7.7826,0.0,,,,,,THU,1,goc=-30;cu_ly=25;lan=1,1
32.4835,1790254752.421611,0.0202,0,,,0.000,,,-14.4689,-0.2694,-9.8750,0.0644,0.0000,-13.0000,,,,CHO,1.0513,-12.8994,-0.1184,-12.8847,-1.0513,0.0000,-5.455,-0.031,7.7826,0.0,,,,,,THU,1,goc=-30;cu_ly=25;lan=1,1
32.5042,1790254752.442395,0.0207,0,,,0.000,,,-14.4689,-0.2694,-9.8750,0.0644,0.0000,-13.0000,,,,CHO,0.9076,-12.8945,-0.1164,-12.8853,0.0000,0.0000,0.095,-0.032,7.7826,0.0,,,,,,THU,1,goc=-30;cu_ly=25;lan=1,1
32.5245,1790254752.462628,0.0203,0,,,0.000,,,-14.4689,-0.2694,-9.8750,0.0644,0.0000,-13.0000,,,,CHO,0.7584,-12.8910,-0.1097,-12.8860,0.0000,0.0000,0.330,-0.031,7.7826,0.0,,,,,,THU,1,goc=-30;cu_ly=25;lan=1,1
32.5448,1790254752.483046,0.0204,0,,,0.000,,,-14.4689,-0.2694,-9.8750,0.0644,0.0000,-13.0000,,,,CHO,0.6063,-12.8885,-0.0992,-12.8865,0.0000,0.0000,0.515,-0.028,7.7826,0.0,,,,,,THU,1,goc=-30;cu_ly=25;lan=1,1
32.5655,1790254752.503515,0.0206,0,,,0.000,,,-14.4689,-0.2694,-9.8750,0.0644,0.0000,-13.0000,,,,CHO,0.4544,-12.8870,-0.0857,-12.8870,0.0000,0.0000,0.654,-0.024,7.7826,0.0,,,,,,THU,1,goc=-30;cu_ly=25;lan=1,1
32.5855,1790254752.523700,0.0200,0,,,0.000,,,-14.4689,-0.2694,-9.8750,0.0644,0.0000,-13.0000,,,,CHO,0.3120,-12.8861,-0.0707,-12.8874,0.0000,0.0000,0.750,-0.020,7.7826,0.0,,,,,,THU,1,goc=-30;cu_ly=25;lan=1,1
32.6060,1790254752.544091,0.0205,0,,,0.000,,,-14.4689,-0.2694,-9.8750,0.0644,0.0000,-13.0000,,,,CHO,0.1772,-12.8856,-0.0542,-12.8877,0.0000,0.0000,0.805,-0.016,7.7826,0.0,,,,,,THU,1,goc=-30;cu_ly=25;lan=1,1
32.6262,1790254752.564361,0.0202,0,,,0.000,,,-14.4689,-0.2694,-9.8750,0.0644,0.0000,-13.0000,,,,CHO,0.0856,-12.8853,-0.0385,-12.8880,0.0000,0.0000,0.776,-0.013,7.7826,0.0,,,,,,THU,1,goc=-30;cu_ly=25;lan=1,1
32.6463,1790254752.584434,0.0201,0,,,0.000,,,-14.4689,-0.2694,-9.8750,0.0644,0.0000,-13.0000,,,,CHO,0.0226,-12.8851,-0.0243,-12.8882,0.0000,0.0000,0.705,-0.010,7.7826,0.0,,,,,,THU,1,goc=-30;cu_ly=25;lan=1,1
32.6664,1790254752.604563,0.0201,0,,,0.000,,,-14.4689,-0.2694,-9.8750,0.0644,0.0000,-13.0000,,,,CHO,-0.0209,-12.8850,-0.0119,-12.8884,0.0000,0.0000,0.617,-0.008,7.7826,0.0,,,,,,THU,1,goc=-30;cu_ly=25;lan=1,1
32.6870,1790254752.625130,0.0206,0,,,0.000,,,-14.4689,-0.2694,-9.8750,0.0644,0.0000,-13.0000,,,,CHO,-0.0515,-12.8849,-0.0012,-12.8885,0.0000,0.0000,0.524,-0.006,7.7826,0.0,,,,,,THU,1,goc=-30;cu_ly=25;lan=1,1
32.7072,1790254752.645280,0.0202,0,,,0.000,,,-14.4689,-0.2694,-9.8750,0.0644,0.0000,-13.0000,,,,CHO,-0.0722,-12.8848,0.0077,-12.8886,0.0000,0.0000,0.438,-0.005,7.7826,0.0,,,,,,THU,1,goc=-30;cu_ly=25;lan=1,1
32.7279,1790254752.666011,0.0207,0,,,0.000,,,-14.4689,-0.2694,-9.8750,0.0644,0.0000,-13.0000,,,,CHO,-0.0868,-12.8848,0.0151,-12.8887,0.0000,0.0000,0.359,-0.004,7.7826,0.0,,,,,,THU,1,goc=-30;cu_ly=25;lan=1,1
32.7484,1790254752.686555,0.0205,0,,,0.000,,,-14.4689,-0.2694,-9.8750,0.0644,0.0000,-13.0000,,,,CHO,-0.0966,-12.8847,0.0211,-12.8887,0.0000,0.0000,0.292,-0.003,7.7826,0.0,,,,,,THU,1,goc=-30;cu_ly=25;lan=1,1
32.7684,1790254752.706646,0.0200,0,,,0.000,,,-14.4689,-0.2694,-9.8750,0.0644,0.0000,-13.0000,,,,CHO,-0.1033,-12.8847,0.0258,-12.8888,0.0000,0.0000,0.236,-0.002,7.7826,0.0,,,,,,THU,1,goc=-30;cu_ly=25;lan=1,1
32.7886,1790254752.726764,0.0202,0,,,0.000,,,-14.4689,-0.2694,-9.8750,0.0644,0.0000,-13.0000,,,,CHO,-0.0750,-12.8858,0.0285,-12.8888,0.0000,0.0000,0.132,0.000,7.7826,0.0,,,,,,THU,1,goc=-30;cu_ly=25;lan=1,1
32.8093,1790254752.747425,0.0206,0,,,0.000,,,-14.4689,-0.2694,-9.8750,0.0644,0.0000,-13.0000,,,,CHO,-0.0552,-12.8866,0.0299,-12.8888,0.0000,0.0000,0.067,0.001,7.7826,0.0,,,,,,THU,1,goc=-30;cu_ly=25;lan=1,1
32.8298,1790254752.767814,0.0205,0,,,0.000,,,-14.4689,-0.2694,-9.8750,0.0644,0.0000,-13.0000,,,,CHO,-0.0417,-12.8872,0.0305,-12.8887,0.0000,0.0000,0.028,0.002,7.7826,0.0,,,,,,THU,1,goc=-30;cu_ly=25;lan=1,1
32.8502,1790254752.788340,0.0204,0,,,0.000,,,-14.4689,-0.2694,-9.8750,0.0644,0.0000,-13.0000,,,,CHO,-0.0324,-12.8876,0.0306,-12.8887,0.0000,0.0000,0.005,0.002,7.7826,0.0,,,,,,THU,1,goc=-30;cu_ly=25;lan=1,1
32.8709,1790254752.808891,0.0207,0,,,0.000,,,-14.4689,-0.2694,-9.8750,0.0644,0.0000,-13.0000,,,,CHO,-0.0259,-12.8878,0.0304,-12.8886,0.0000,0.0000,-0.007,0.002,7.7826,0.0,,,,,,THU,1,goc=-30;cu_ly=25;lan=1,1
32.8911,1790254752.829283,0.0202,0,,,0.000,,,-14.4689,-0.2694,-9.8750,0.0644,0.0000,-13.0000,,,,CHO,-0.0216,-12.8880,0.0302,-12.8886,0.0000,0.0000,-0.013,0.002,7.7826,0.0,,,,,,THU,1,goc=-30;cu_ly=25;lan=1,1
32.9113,1790254752.849428,0.0202,0,,,0.000,,,-14.4689,-0.2694,-9.8750,0.0644,0.0000,-13.0000,,,,CHO,-0.0186,-12.8881,0.0299,-12.8886,0.0000,0.0000,-0.015,0.002,7.7826,0.0,,,,,,THU,1,goc=-30;cu_ly=25;lan=1,1
32.9316,1790254752.869656,0.0203,0,,,0.000,,,-14.4689,-0.2694,-9.8750,0.0644,0.0000,-13.0000,,,,CHO,-0.0165,-12.8882,0.0296,-12.8885,0.0000,0.0000,-0.015,0.001,7.7826,0.0,,,,,,THU,1,goc=-30;cu_ly=25;lan=1,1
32.9521,1790254752.890305,0.0206,0,,,0.000,,,-14.4689,-0.2694,-9.8750,0.0644,0.0000,-13.0000,,,,CHO,-0.0151,-12.8882,0.0293,-12.8885,0.0000,0.0000,-0.014,0.001,7.7826,0.0,,,,,,THU,1,goc=-30;cu_ly=25;lan=1,1
32.9725,1790254752.910593,0.0203,0,,,0.000,,,-14.4689,-0.2694,-9.8750,0.0644,0.0000,-13.0000,,,,CHO,-0.0141,-12.8883,0.0290,-12.8885,0.0000,0.0000,-0.012,0.001,7.7826,0.0,,,,,,THU,1,goc=-30;cu_ly=25;lan=1,1
32.9929,1790254752.931151,0.0205,0,,,0.000,,,-14.4689,-0.2694,-9.8750,0.0644,0.0000,-13.0000,,,,CHO,-0.0134,-12.8883,0.0288,-12.8885,0.0000,0.0000,-0.011,0.001,7.7826,0.0,,,,,,THU,1,goc=-30;cu_ly=25;lan=1,1
33.0132,1790254752.951471,0.0203,0,,,0.000,,,-14.4689,-0.2694,-9.8750,0.0644,0.0000,-13.0000,,,,CHO,-0.0130,-12.8883,0.0286,-12.8884,0.0000,0.0000,-0.009,0.001,7.7826,0.0,,,,,,THU,1,goc=-30;cu_ly=25;lan=1,1
33.0338,1790254752.971957,0.0205,0,,,0.000,,,-14.4689,-0.2694,-9.8750,0.0644,0.0000,-13.0000,,,,CHO,-0.0127,-12.8883,0.0285,-12.8884,0.0000,0.0000,-0.007,0.001,7.7826,0.0,,,,,,THU,1,goc=-30;cu_ly=25;lan=1,1
33.0542,1790254752.992367,0.0204,0,,,0.000,,,-14.4689,-0.2694,-9.8750,0.0644,0.0000,-13.0000,,,,CHO,-0.0124,-12.8883,0.0283,-12.8884,0.0000,0.0000,-0.006,0.000,7.7826,0.0,,,,,,THU,1,goc=-30;cu_ly=25;lan=1,1
33.0747,1790254753.012917,0.0205,0,,,0.000,,,-14.4689,-0.2694,-9.8750,0.0644,0.0000,-13.0000,,,,CHO,-0.0123,-12.8884,0.0282,-12.8884,0.0000,0.0000,-0.005,0.000,7.7826,0.0,,,,,,THU,1,goc=-30;cu_ly=25;lan=1,1
33.0953,1790254753.033328,0.0205,0,,,0.000,,,-14.4689,-0.2694,-9.8750,0.0644,0.0000,-13.0000,,,,CHO,-0.0122,-12.8884,0.0282,-12.8884,0.0000,0.0000,-0.004,0.000,7.7826,0.0,,,,,,THU,1,goc=-30;cu_ly=25;lan=1,1
33.1154,1790254753.053540,0.0201,0,,,0.000,,,-14.4689,-0.2694,-9.8750,0.0644,0.0000,-13.0000,,,,CHO,-0.0121,-12.8884,0.0281,-12.8884,0.0000,0.0000,-0.003,0.000,7.7826,0.0,,,,,,THU,1,goc=-30;cu_ly=25;lan=1,1
33.1359,1790254753.074092,0.0205,0,,,0.000,,,-14.4689,-0.2694,-9.8750,0.0644,0.0000,-13.0000,,,,CHO,-0.0121,-12.8884,0.0280,-12.8884,0.0000,0.0000,-0.002,0.000,7.7826,0.0,,,,,,THU,1,goc=-30;cu_ly=25;lan=1,1
33.1561,1790254753.094326,0.0202,0,,,0.000,,,-14.4689,-0.2694,-9.8750,0.0644,0.0000,-13.0000,,,,CHO,-0.0120,-12.8884,0.0280,-12.8884,0.0000,0.0000,-0.002,0.000,7.7826,0.0,,,,,,THU,1,goc=-30;cu_ly=25;lan=1,1
33.1767,1790254753.114938,0.0206,0,,,0.000,,,-14.4689,-0.2694,-9.8750,0.0644,0.0000,-13.0000,,,,CHO,-0.0120,-12.8884,0.0280,-12.8884,0.0000,0.0000,-0.002,0.000,7.7826,0.0,,,,,,THU,1,goc=-30;cu_ly=25;lan=1,1
33.1968,1790254753.134960,0.0201,0,,,0.000,,,-14.4689,-0.2694,-9.8750,0.0644,0.0000,-13.0000,,,,CHO,-0.0120,-12.8884,0.0279,-12.8884,0.0000,0.0000,-0.001,0.000,7.7826,0.0,,,,,,THU,1,goc=-30;cu_ly=25;lan=1,1
33.2170,1790254753.155181,0.0202,0,,,0.000,,,-14.4689,-0.2694,-9.8750,0.0644,0.0000,-13.0000,,,,CHO,-0.0120,-12.8884,0.0279,-12.8884,0.0000,0.0000,-0.001,0.000,7.7826,0.0,,,,,,THU,1,goc=-30;cu_ly=25;lan=1,1
33.2379,1790254753.176050,0.0210,0,,,0.000,,,-14.4689,-0.2694,-9.8750,0.0644,0.0000,-13.0000,,,,CHO,-0.0120,-12.8884,0.0279,-12.8884,0.0000,0.0000,-0.001,0.000,7.7826,0.0,,,,,,THU,1,goc=-30;cu_ly=25;lan=1,1
33.2582,1790254753.196342,0.0202,0,,,0.000,,,-14.4689,-0.2694,-9.8750,0.0644,0.0000,-13.0000,,,,CHO,-0.0120,-12.8884,0.0279,-12.8884,0.0000,0.0000,-0.001,0.000,7.7826,0.0,,,,,,THU,1,goc=-30;cu_ly=25;lan=1,1
33.2785,1790254753.216661,0.0203,0,,,0.000,,,-14.4689,-0.2694,-9.8750,0.0644,0.0000,-13.0000,,,,CHO,-0.0120,-12.8884,0.0279,-12.8884,0.0000,0.0000,-0.000,0.000,7.7826,0.0,,,,,,THU,1,goc=-30;cu_ly=25;lan=1,1
33.2987,1790254753.236793,0.0203,0,,,0.000,,,-14.4689,-0.2694,-9.8750,0.0644,0.0000,-13.0000,,,,CHO,-0.0120,-12.8884,0.0279,-12.8884,0.0000,0.0000,-0.000,0.000,7.7826,0.0,,,,,,THU,1,goc=-30;cu_ly=25;lan=1,1
33.3193,1790254753.257441,0.0205,0,,,0.000,,,-14.4689,-0.2694,-9.8750,0.0644,0.0000,-13.0000,,,,CHO,-0.0120,-12.8884,0.0279,-12.8884,0.0000,0.0000,-0.000,0.000,7.7826,0.0,,,,,,THU,1,goc=-30;cu_ly=25;lan=1,1
33.3394,1790254753.277492,0.0202,0,,,0.000,,,-14.4689,-0.2694,-9.8750,0.0644,0.0000,-13.0000,,,,CHO,-0.0120,-12.8884,0.0279,-12.8884,0.0000,0.0000,-0.000,0.000,7.7826,0.0,,,,,,THU,1,goc=-30;cu_ly=25;lan=1,1
33.3595,1790254753.297656,0.0200,0,,,0.000,,,-14.4689,-0.2694,-9.8750,0.0644,0.0000,-13.0000,,,,CHO,-0.0120,-12.8884,0.0279,-12.8884,0.0000,0.0000,-0.000,0.000,7.7826,0.0,,,,,,THU,1,goc=-30;cu_ly=25;lan=1,1
33.3804,1790254753.318410,0.0210,0,,,0.000,,,-14.4689,-0.2694,-9.8750,0.0644,0.0000,-13.0000,,,,CHO,-0.0119,-12.8884,0.0279,-12.8884,0.0000,0.0000,-0.000,0.000,7.7826,0.0,,,,,,THU,1,goc=-30;cu_ly=25;lan=1,1
33.4005,1790254753.338551,0.0201,0,,,0.000,,,-14.4689,-0.2694,-9.8750,0.0644,0.0000,-13.0000,,,,CHO,-0.0119,-12.8884,0.0279,-12.8884,0.0000,0.0000,-0.000,0.000,7.7826,0.0,,,,,,THU,1,goc=-30;cu_ly=25;lan=1,1
33.4206,1790254753.358728,0.0200,0,,,0.000,,,-14.4689,-0.2694,-9.8750,0.0644,0.0000,-13.0000,,,,CHO,-0.0119,-12.8884,0.0279,-12.8884,0.0000,0.0000,-0.000,0.000,7.7826,0.0,,,,,,THU,1,goc=-30;cu_ly=25;lan=1,1
33.4408,1790254753.378973,0.0203,0,,,0.000,,,-14.4689,-0.2694,-9.8750,0.0644,0.0000,-13.0000,,,,CHO,-0.0119,-12.8884,0.0279,-12.8884,0.0000,0.0000,-0.000,0.000,7.7826,0.0,,,,,,THU,1,goc=-30;cu_ly=25;lan=1,1
33.4612,1790254753.399249,0.0204,0,,,0.000,,,-14.4689,-0.2694,-9.8750,0.0644,0.0000,-13.0000,,,,CHO,-0.0119,-12.8884,0.0279,-12.8884,0.0000,0.0000,-0.000,0.000,7.7826,0.0,,,,,,THU,1,goc=-30;cu_ly=25;lan=1,1
33.4817,1790254753.419803,0.0205,0,,,0.000,,,-14.4689,-0.2694,-9.8750,0.0644,0.0000,-13.0000,,,,CHO,-0.0119,-12.8884,0.0279,-12.8884,0.0000,0.0000,-0.000,0.000,7.7826,0.0,,,,,,THU,1,goc=-30;cu_ly=25;lan=1,1
33.5020,1790254753.440023,0.0203,0,,,0.000,,,-14.4689,-0.2694,-9.8750,0.0644,0.0000,-13.0000,,,,CHO,-0.0119,-12.8884,0.0279,-12.8884,0.0000,0.0000,-0.000,0.000,7.7826,0.0,,,,,,THU,1,goc=-30;cu_ly=25;lan=1,1
33.5220,1790254753.460101,0.0200,0,,,0.000,,,-14.4689,-0.2694,-9.8750,0.0644,0.0000,-13.0000,,,,CHO,-0.0119,-12.8884,0.0279,-12.8884,0.0000,0.0000,-0.000,0.000,7.7826,0.0,,,,,,THU,1,goc=-30;cu_ly=25;lan=1,1
33.5421,1790254753.480231,0.0201,0,,,0.000,,,-14.4689,-0.2694,-9.8750,0.0644,0.0000,-13.0000,,,,CHO,-0.0119,-12.8884,0.0279,-12.8884,0.0000,0.0000,-0.000,0.000,7.7826,0.0,,,,,,THU,1,goc=-30;cu_ly=25;lan=1,1
33.5626,1790254753.500657,0.0205,0,,,0.000,,,-14.4689,-0.2694,-9.8750,0.0644,0.0000,-13.0000,,,,CHO,-0.0119,-12.8884,0.0279,-12.8884,0.0000,0.0000,-0.000,0.000,7.7826,0.0,,,,,,THU,1,goc=-30;cu_ly=25;lan=1,1
33.5831,1790254753.521312,0.0205,0,,,0.000,,,-14.4689,-0.2694,-9.8750,0.0644,0.0000,-13.0000,,,,CHO,-0.0119,-12.8884,0.0279,-12.8884,0.0000,0.0000,-0.000,0.000,7.7826,0.0,,,,,,THU,1,goc=-30;cu_ly=25;lan=1,1
33.6036,1790254753.541803,0.0205,0,,,0.000,,,-14.4689,-0.2694,-9.8750,0.0644,0.0000,-13.0000,,,,CHO,-0.0119,-12.8884,0.0279,-12.8884,0.0000,0.0000,-0.000,0.000,7.7826,0.0,,,,,,THU,1,goc=-30;cu_ly=25;lan=1,1
33.6237,1790254753.561950,0.0202,0,,,0.000,,,-14.4689,-0.2694,-9.8750,0.0644,0.0000,-13.0000,,,,CHO,-0.0119,-12.8884,0.0279,-12.8884,0.0000,0.0000,-0.000,0.000,7.7826,0.0,,,,,,THU,1,goc=-30;cu_ly=25;lan=1,1
33.6439,1790254753.581918,0.0201,0,,,0.000,,,-14.4689,-0.2694,-9.8750,0.0644,0.0000,-13.0000,,,,CHO,-0.0119,-12.8884,0.0279,-12.8884,0.0000,0.0000,-0.000,0.000,7.7826,0.0,,,,,,THU,1,goc=-30;cu_ly=25;lan=1,1
33.6644,1790254753.602441,0.0205,0,,,0.000,,,-14.4689,-0.2694,-9.8750,0.0644,0.0000,-13.0000,,,,CHO,-0.0119,-12.8884,0.0279,-12.8884,0.0000,0.0000,-0.000,0.000,7.7826,0.0,,,,,,THU,1,goc=-30;cu_ly=25;lan=1,1
33.6848,1790254753.623033,0.0204,0,,,0.000,,,-14.4689,-0.2694,-9.8750,0.0644,0.0000,-13.0000,,,,CHO,-0.0119,-12.8884,0.0279,-12.8884,0.0000,0.0000,-0.000,0.000,7.7826,0.0,,,,,,THU,1,goc=-30;cu_ly=25;lan=1,1
33.7048,1790254753.643054,0.0200,0,,,0.000,,,-14.4689,-0.2694,-9.8750,0.0644,0.0000,-13.0000,,,,CHO,-0.0119,-12.8884,0.0279,-12.8884,0.0000,0.0000,-0.000,0.000,7.7826,0.0,,,,,,THU,1,goc=-30;cu_ly=25;lan=1,1
33.7250,1790254753.663240,0.0202,0,,,0.000,,,-14.4689,-0.2694,-9.8750,0.0644,0.0000,-13.0000,,,,CHO,-0.0119,-12.8884,0.0279,-12.8884,0.0000,0.0000,-0.000,0.000,7.7826,0.0,,,,,,THU,1,goc=-30;cu_ly=25;lan=1,1
33.7452,1790254753.683469,0.0202,0,,,0.000,,,-14.4689,-0.2694,-9.8750,0.0644,0.0000,-13.0000,,,,CHO,-0.0119,-12.8884,0.0279,-12.8884,0.0000,0.0000,-0.000,0.000,7.7826,0.0,,,,,,THU,1,goc=-30;cu_ly=25;lan=1,1
33.7657,1790254753.703897,0.0204,0,,,0.000,,,-14.4689,-0.2694,-9.8750,0.0644,0.0000,-13.0000,,,,CHO,-0.0119,-12.8884,0.0279,-12.8884,0.0000,0.0000,-0.000,0.000,7.7826,0.0,,,,,,THU,1,goc=-30;cu_ly=25;lan=1,1
33.7859,1790254753.724083,0.0202,0,,,0.000,,,-14.4689,-0.2694,-9.8750,0.0644,0.0000,-13.0000,,,,CHO,-0.0119,-12.8884,0.0279,-12.8884,0.0000,0.0000,-0.000,0.000,7.7826,0.0,,,,,,THU,1,goc=-30;cu_ly=25;lan=1,1
33.8063,1790254753.744459,0.0204,0,,,0.000,,,-14.4689,-0.2694,-9.8750,0.0644,0.0000,-13.0000,,,,CHO,-0.0119,-12.8884,0.0279,-12.8884,0.0000,0.0000,-0.000,0.000,7.7826,0.0,,,,,,THU,1,goc=-30;cu_ly=25;lan=1,1
33.8266,1790254753.764724,0.0203,0,,,0.000,,,-14.4689,-0.2694,-9.8750,0.0644,0.0000,-13.0000,,,,CHO,-0.0119,-12.8884,0.0279,-12.8884,0.0000,0.0000,-0.000,0.000,7.7826,0.0,,,,,,THU,1,goc=-30;cu_ly=25;lan=1,1
33.8467,1790254753.784935,0.0202,0,,,0.000,,,-14.4689,-0.2694,-9.8750,0.0644,0.0000,-13.0000,,,,CHO,-0.0119,-12.8884,0.0279,-12.8884,0.0000,0.0000,-0.000,0.000,7.7826,0.0,,,,,,THU,1,goc=-30;cu_ly=25;lan=1,1
33.8672,1790254753.805400,0.0205,0,,,0.000,,,-14.4689,-0.2694,-9.8750,0.0644,0.0000,-13.0000,,,,CHO,-0.0119,-12.8884,0.0279,-12.8884,0.0000,0.0000,-0.000,0.000,7.7826,0.0,,,,,,THU,1,goc=-30;cu_ly=25;lan=1,1
33.8877,1790254753.825887,0.0205,0,,,0.000,,,-14.4689,-0.2694,-9.8750,0.0644,0.0000,-13.0000,,,,CHO,-0.0119,-12.8884,0.0279,-12.8884,0.0000,0.0000,-0.000,0.000,7.7826,0.0,,,,,,THU,1,goc=-30;cu_ly=25;lan=1,1
33.9077,1790254753.845910,0.0200,0,,,0.000,,,-14.4689,-0.2694,-9.8750,0.0644,0.0000,-13.0000,,,,CHO,-0.0119,-12.8884,0.0279,-12.8884,0.0000,0.0000,-0.000,0.000,7.7826,0.0,,,,,,THU,1,goc=-30;cu_ly=25;lan=1,1
33.9278,1790254753.865978,0.0200,0,,,0.000,,,-14.4689,-0.2694,-9.8750,0.0644,0.0000,-13.0000,,,,CHO,-0.0119,-12.8884,0.0279,-12.8884,0.0000,0.0000,-0.000,0.000,7.7826,0.0,,,,,,THU,1,goc=-30;cu_ly=25;lan=1,1
33.9481,1790254753.886373,0.0204,0,,,0.000,,,-14.4689,-0.2694,-9.8750,0.0644,0.0000,-13.0000,,,,CHO,-0.0119,-12.8884,0.0279,-12.8884,0.0000,0.0000,-0.000,0.000,7.7826,0.0,,,,,,THU,1,goc=-30;cu_ly=25;lan=1,1
33.9685,1790254753.906680,0.0204,0,,,0.000,,,-14.4689,-0.2694,-9.8750,0.0644,0.0000,-13.0000,,,,CHO,-0.0119,-12.8884,0.0279,-12.8884,0.0000,0.0000,-0.000,0.000,7.7826,0.0,,,,,,THU,1,goc=-30;cu_ly=25;lan=1,1
33.9885,1790254753.926730,0.0200,0,,,0.000,,,-14.4689,-0.2694,-9.8750,0.0644,0.0000,-13.0000,,,,CHO,-0.0119,-12.8884,0.0279,-12.8884,0.0000,0.0000,-0.000,0.000,7.7826,0.0,,,,,,THU,1,goc=-30;cu_ly=25;lan=1,1
34.0086,1790254753.946835,0.0201,0,,,0.000,,,-14.4689,-0.2694,-9.8750,0.0644,0.0000,-13.0000,,,,CHO,-0.0119,-12.8884,0.0279,-12.8884,0.0000,0.0000,-0.000,0.000,7.7826,0.0,,,,,,THU,1,goc=-30;cu_ly=25;lan=1,1
34.0292,1790254753.967447,0.0206,0,,,0.000,,,-14.4689,-0.2694,-9.8750,0.0644,0.0000,-13.0000,,,,CHO,-0.0119,-12.8884,0.0279,-12.8884,0.0000,0.0000,-0.000,0.000,7.7826,0.0,,,,,,THU,1,goc=-30;cu_ly=25;lan=1,1
34.0496,1790254753.987742,0.0204,0,,,0.000,,,-14.4689,-0.2694,-9.8750,0.0644,0.0000,-13.0000,,,,CHO,-0.0119,-12.8884,0.0279,-12.8884,0.0000,0.0000,-0.000,0.000,7.7826,0.0,,,,,,THU,1,goc=-30;cu_ly=25;lan=1,1
34.0701,1790254754.008331,0.0206,0,,,0.000,,,-14.4689,-0.2694,-9.8750,0.0644,0.0000,-13.0000,,,,CHO,-0.0119,-12.8884,0.0279,-12.8884,0.0000,0.0000,-0.000,0.000,7.7826,0.0,,,,,,THU,1,goc=-30;cu_ly=25;lan=1,1
34.0902,1790254754.028412,0.0201,0,,,0.000,,,-14.4689,-0.2694,-9.8750,0.0644,0.0000,-13.0000,,,,CHO,-0.0119,-12.8884,0.0279,-12.8884,0.0000,0.0000,-0.000,0.000,7.7826,0.0,,,,,,THU,1,goc=-30;cu_ly=25;lan=1,1
34.1107,1790254754.048887,0.0205,0,,,0.000,,,-14.4689,-0.2694,-9.8750,0.0644,0.0000,-13.0000,,,,CHO,-0.0119,-12.8884,0.0279,-12.8884,0.0000,0.0000,-0.000,0.000,7.7826,0.0,,,,,,THU,1,goc=-30;cu_ly=25;lan=1,1
34.1308,1790254754.069026,0.0201,0,,,0.000,,,-14.4689,-0.2694,-9.8750,0.0644,0.0000,-13.0000,,,,CHO,-0.0119,-12.8884,0.0279,-12.8884,0.0000,0.0000,-0.000,0.000,7.7826,0.0,,,,,,THU,1,goc=-30;cu_ly=25;lan=1,1
34.1513,1790254754.089509,0.0205,0,,,0.000,,,-14.4689,-0.2694,-9.8750,0.0644,0.0000,-13.0000,,,,CHO,-0.0119,-12.8884,0.0279,-12.8884,0.0000,0.0000,-0.000,0.000,7.7826,0.0,,,,,,THU,1,goc=-30;cu_ly=25;lan=1,1
34.1715,1790254754.109673,0.0202,0,,,0.000,,,-14.4689,-0.2694,-9.8750,0.0644,0.0000,-13.0000,,,,CHO,-0.0119,-12.8884,0.0279,-12.8884,0.0000,0.0000,-0.000,0.000,7.7826,0.0,,,,,,THU,1,goc=-30;cu_ly=25;lan=1,1
34.1919,1790254754.130130,0.0204,0,,,0.000,,,-14.4689,-0.2694,-9.8750,0.0644,0.0000,-13.0000,,,,CHO,-0.0119,-12.8884,0.0279,-12.8884,0.0000,0.0000,-0.000,0.000,7.7826,0.0,,,,,,THU,1,goc=-30;cu_ly=25;lan=1,1
34.2123,1790254754.150468,0.0204,0,,,0.000,,,-14.4689,-0.2694,-9.8750,0.0644,0.0000,-13.0000,,,,CHO,-0.0119,-12.8884,0.0279,-12.8884,0.0000,0.0000,-0.000,0.000,7.7826,0.0,,,,,,THU,1,goc=-30;cu_ly=25;lan=1,1
34.2328,1790254754.171018,0.0205,0,,,0.000,,,-14.4689,-0.2694,-9.8750,0.0644,0.0000,-13.0000,,,,CHO,-0.0119,-12.8884,0.0279,-12.8884,0.0000,0.0000,-0.000,0.000,7.7826,0.0,,,,,,THU,1,goc=-30;cu_ly=25;lan=1,1
34.2532,1790254754.191399,0.0204,0,,,0.000,,,-14.4689,-0.2694,-9.8750,0.0644,0.0000,-13.0000,,,,CHO,-0.0119,-12.8884,0.0279,-12.8884,0.0000,0.0000,-0.000,0.000,7.7826,0.0,,,,,,THU,1,goc=-30;cu_ly=25;lan=1,1
34.2741,1790254754.212200,0.0209,0,,,0.000,,,-14.4689,-0.2694,-9.8750,0.0644,0.0000,-13.0000,,,,CHO,-0.0119,-12.8884,0.0279,-12.8884,0.0000,0.0000,-0.000,0.000,7.7826,0.0,,,,,,THU,1,goc=-30;cu_ly=25;lan=1,1
34.2943,1790254754.232507,0.0202,0,,,0.000,,,-14.4689,-0.2694,-9.8750,0.0644,0.0000,-13.0000,,,,CHO,-0.0119,-12.8884,0.0279,-12.8884,0.0000,0.0000,-0.000,0.000,7.7826,0.0,,,,,,THU,1,goc=-30;cu_ly=25;lan=1,1
34.3143,1790254754.252474,0.0200,0,,,0.000,,,-14.4689,-0.2694,-9.8750,0.0644,0.0000,-13.0000,,,,CHO,-0.0119,-12.8884,0.0279,-12.8884,0.0000,0.0000,-0.000,0.000,7.7826,0.0,,,,,,THU,1,goc=-30;cu_ly=25;lan=1,1
34.3347,1790254754.272920,0.0204,0,,,0.000,,,-14.4689,-0.2694,-9.8750,0.0644,0.0000,-13.0000,,,,CHO,-0.0119,-12.8884,0.0279,-12.8884,0.0000,0.0000,-0.000,0.000,7.7826,0.0,,,,,,THU,1,goc=-30;cu_ly=25;lan=1,1
34.3550,1790254754.293219,0.0203,0,,,0.000,,,-14.4689,-0.2694,-9.8750,0.0644,0.0000,-13.0000,,,,CHO,-0.0119,-12.8884,0.0279,-12.8884,0.0000,0.0000,-0.000,0.000,7.7826,0.0,,,,,,THU,1,goc=-30;cu_ly=25;lan=1,1
34.3752,1790254754.313348,0.0202,0,,,0.000,,,-14.4689,-0.2694,-9.8750,0.0644,0.0000,-13.0000,,,,CHO,-0.0119,-12.8884,0.0279,-12.8884,0.0000,0.0000,-0.000,0.000,7.7826,0.0,,,,,,THU,1,goc=-30;cu_ly=25;lan=1,1
34.3965,1790254754.334687,0.0213,0,,,0.000,,,-14.4689,-0.2694,-9.8750,0.0644,0.0000,-13.0000,,,,CHO,-0.0119,-12.8884,0.0279,-12.8884,0.0000,0.0000,-0.000,0.000,7.7826,0.0,,,,,,THU,1,goc=-30;cu_ly=25;lan=1,1
34.4169,1790254754.355038,0.0203,0,,,0.000,,,-14.4689,-0.2694,-9.8750,0.0644,0.0000,-13.0000,,,,CHO,-0.0119,-12.8884,0.0279,-12.8884,0.0000,0.0000,-0.000,0.000,7.7826,0.0,,,,,,THU,1,goc=-30;cu_ly=25;lan=1,1
34.4372,1790254754.375445,0.0204,0,,,0.000,,,-14.4689,-0.2694,-9.8750,0.0644,0.0000,-13.0000,,,,CHO,-0.0119,-12.8884,0.0279,-12.8884,0.0000,0.0000,-0.000,0.000,7.7826,0.0,,,,,,THU,1,goc=-30;cu_ly=25;lan=1,1
34.4572,1790254754.395445,0.0200,0,,,0.000,,,-14.4689,-0.2694,-9.8750,0.0644,0.0000,-13.0000,,,,CHO,-0.0119,-12.8884,0.0279,-12.8884,0.0000,0.0000,-0.000,0.000,7.7826,0.0,,,,,,THU,1,goc=-30;cu_ly=25;lan=1,1
34.4773,1790254754.415507,0.0201,0,,,0.000,,,-14.4689,-0.2694,-9.8750,0.0644,0.0000,-13.0000,,,,CHO,-0.0119,-12.8884,0.0279,-12.8884,0.0000,0.0000,-0.000,0.000,7.7826,0.0,,,,,,THU,1,goc=-30;cu_ly=25;lan=1,1
34.4979,1790254754.435868,0.0206,0,,,0.000,,,-14.4689,-0.2694,-9.8750,0.0644,0.0000,-13.0000,,,,CHO,-0.0119,-12.8884,0.0279,-12.8884,0.0000,0.0000,-0.000,0.000,7.7826,0.0,,,,,,THU,1,goc=-30;cu_ly=25;lan=1,1
34.5187,1790254754.456863,0.0207,0,,,0.000,,,-14.4689,-0.2694,-9.8750,0.0644,0.0000,-13.0000,,,,CHO,-0.0119,-12.8884,0.0279,-12.8884,0.0000,0.0000,-0.000,0.000,7.7826,0.0,,,,,,THU,1,goc=-30;cu_ly=25;lan=1,1
34.5391,1790254754.477098,0.0204,0,,,0.000,,,-14.4689,-0.2694,-9.8750,0.0644,0.0000,-13.0000,,,,CHO,-0.0119,-12.8884,0.0279,-12.8884,0.0000,0.0000,-0.000,0.000,7.7826,0.0,,,,,,THU,1,goc=-30;cu_ly=25;lan=1,1
34.5594,1790254754.497442,0.0203,0,,,0.000,,,-14.4689,-0.2694,-9.8750,0.0644,0.0000,-13.0000,,,,CHO,-0.0119,-12.8884,0.0279,-12.8884,0.0000,0.0000,-0.000,0.000,7.7826,0.0,,,,,,THU,1,goc=-30;cu_ly=25;lan=1,1
34.5798,1790254754.518026,0.0205,0,,,0.000,,,-14.4689,-0.2694,-9.8750,0.0644,0.0000,-13.0000,,,,CHO,-0.0119,-12.8884,0.0279,-12.8884,0.0000,0.0000,-0.000,0.000,7.7826,0.0,,,,,,THU,1,goc=-30;cu_ly=25;lan=1,1
34.6000,1790254754.538173,0.0202,0,,,0.000,,,-14.4689,-0.2694,-9.8750,0.0644,0.0000,-13.0000,,,,CHO,-0.0119,-12.8884,0.0279,-12.8884,0.0000,0.0000,-0.000,0.000,7.7826,0.0,,,,,,THU,1,goc=-30;cu_ly=25;lan=1,1
34.6205,1790254754.558703,0.0205,0,,,0.000,,,-14.4689,-0.2694,-9.8750,0.0644,0.0000,-13.0000,,,,CHO,-0.0119,-12.8884,0.0279,-12.8884,0.0000,0.0000,-0.000,0.000,7.7826,0.0,,,,,,THU,1,goc=-30;cu_ly=25;lan=1,1
34.6405,1790254754.578725,0.0200,0,,,0.000,,,-14.4689,-0.2694,-9.8750,0.0644,0.0000,-13.0000,,,,CHO,-0.0119,-12.8884,0.0279,-12.8884,0.0000,0.0000,-0.000,0.000,7.7826,0.0,,,,,,THU,1,goc=-30;cu_ly=25;lan=1,1
34.6610,1790254754.599164,0.0204,0,,,0.000,,,-14.4689,-0.2694,-9.8750,0.0644,0.0000,-13.0000,,,,CHO,-0.0119,-12.8884,0.0279,-12.8884,0.0000,0.0000,-0.000,0.000,7.7826,0.0,,,,,,THU,1,goc=-30;cu_ly=25;lan=1,1
34.6812,1790254754.619374,0.0202,0,,,0.000,,,-14.4689,-0.2694,-9.8750,0.0644,0.0000,-13.0000,,,,CHO,-0.0119,-12.8884,0.0279,-12.8884,0.0000,0.0000,-0.000,0.000,7.7826,0.0,,,,,,THU,1,goc=-30;cu_ly=25;lan=1,1
34.7013,1790254754.639396,0.0202,0,,,0.000,,,-14.4689,-0.2694,-9.8750,0.0644,0.0000,-13.0000,,,,CHO,-0.0119,-12.8884,0.0279,-12.8884,0.0000,0.0000,-0.000,0.000,7.7826,0.0,,,,,,THU,1,goc=-30;cu_ly=25;lan=1,1
34.7217,1790254754.659775,0.0203,0,,,0.000,,,-14.4689,-0.2694,-9.8750,0.0644,0.0000,-13.0000,,,,CHO,-0.0119,-12.8884,0.0279,-12.8884,0.0000,0.0000,-0.000,0.000,7.7826,0.0,,,,,,THU,1,goc=-30;cu_ly=25;lan=1,1
34.7421,1790254754.680277,0.0204,0,,,0.000,,,-14.4689,-0.2694,-9.8750,0.0644,0.0000,-13.0000,,,,CHO,-0.0119,-12.8884,0.0279,-12.8884,0.0000,0.0000,-0.000,0.000,7.7826,0.0,,,,,,THU,1,goc=-30;cu_ly=25;lan=1,1
34.7621,1790254754.700315,0.0201,0,,,0.000,,,-14.4689,-0.2694,-9.8750,0.0644,0.0000,-13.0000,,,,CHO,-0.0119,-12.8884,0.0279,-12.8884,0.0000,0.0000,-0.000,0.000,7.7826,0.0,,,,,,THU,1,goc=-30;cu_ly=25;lan=1,1
34.7826,1790254754.720688,0.0204,0,,,0.000,,,-14.4689,-0.2694,-9.8750,0.0644,0.0000,-13.0000,,,,CHO,-0.0119,-12.8884,0.0279,-12.8884,0.0000,0.0000,-0.000,0.000,7.7826,0.0,,,,,,THU,1,goc=-30;cu_ly=25;lan=1,1
34.8028,1790254754.740954,0.0202,0,,,0.000,,,-14.4689,-0.2694,-9.8750,0.0644,0.0000,-13.0000,,,,CHO,-0.0119,-12.8884,0.0279,-12.8884,0.0000,0.0000,-0.000,0.000,7.7826,0.0,,,,,,THU,1,goc=-30;cu_ly=25;lan=1,1
34.8233,1790254754.761417,0.0205,0,,,0.000,,,-14.4689,-0.2694,-9.8750,0.0644,0.0000,-13.0000,,,,CHO,-0.0119,-12.8884,0.0279,-12.8884,0.0000,0.0000,-0.000,0.000,7.7826,0.0,,,,,,THU,1,goc=-30;cu_ly=25;lan=1,1
34.8436,1790254754.781765,0.0203,0,,,0.000,,,-14.4689,-0.2694,-9.8750,0.0644,0.0000,-13.0000,,,,CHO,-0.0119,-12.8884,0.0279,-12.8884,0.0000,0.0000,-0.000,0.000,7.7826,0.0,,,,,,THU,1,goc=-30;cu_ly=25;lan=1,1
34.8638,1790254754.801957,0.0202,0,,,0.000,,,-14.4689,-0.2694,-9.8750,0.0644,0.0000,-13.0000,,,,CHO,-0.0119,-12.8884,0.0279,-12.8884,0.0000,0.0000,-0.000,0.000,7.7826,0.0,,,,,,THU,1,goc=-30;cu_ly=25;lan=1,1
34.8839,1790254754.822134,0.0201,0,,,0.000,,,-14.4689,-0.2694,-9.8750,0.0644,0.0000,-13.0000,,,,CHO,-0.0119,-12.8884,0.0279,-12.8884,0.0000,0.0000,-0.000,0.000,7.7826,0.0,,,,,,THU,1,goc=-30;cu_ly=25;lan=1,1
34.9041,1790254754.842289,0.0202,0,,,0.000,,,-14.4689,-0.2694,-9.8750,0.0644,0.0000,-13.0000,,,,CHO,-0.0119,-12.8884,0.0279,-12.8884,0.0000,0.0000,-0.000,0.000,7.7826,0.0,,,,,,THU,1,goc=-30;cu_ly=25;lan=1,1
34.9242,1790254754.862349,0.0200,0,,,0.000,,,-14.4689,-0.2694,-9.8750,0.0644,0.0000,-13.0000,,,,CHO,-0.0119,-12.8884,0.0279,-12.8884,0.0000,0.0000,-0.000,0.000,7.7826,0.0,,,,,,THU,1,goc=-30;cu_ly=25;lan=1,1
34.9445,1790254754.882676,0.0204,0,,,0.000,,,-14.4689,-0.2694,-9.8750,0.0644,0.0000,-13.0000,,,,CHO,-0.0119,-12.8884,0.0279,-12.8884,0.0000,0.0000,-0.000,0.000,7.7826,0.0,,,,,,THU,1,goc=-30;cu_ly=25;lan=1,1
34.9653,1790254754.903504,0.0208,0,,,0.000,,,-14.4689,-0.2694,-9.8750,0.0644,0.0000,-13.0000,,,,CHO,-0.0119,-12.8884,0.0279,-12.8884,0.0000,0.0000,-0.000,0.000,7.7826,0.0,,,,,,THU,1,goc=-30;cu_ly=25;lan=1,1
34.9856,1790254754.923771,0.0203,0,,,0.000,,,-14.4689,-0.2694,-9.8750,0.0644,0.0000,-13.0000,,,,CHO,-0.0119,-12.8884,0.0279,-12.8884,0.0000,0.0000,-0.000,0.000,7.7826,0.0,,,,,,THU,1,goc=-30;cu_ly=25;lan=1,1
35.0059,1790254754.944059,0.0203,0,,,0.000,,,-14.4689,-0.2694,-9.8750,0.0644,0.0000,-13.0000,,,,CHO,-0.0119,-12.8884,0.0279,-12.8884,0.0000,0.0000,-0.000,0.000,7.7826,0.0,,,,,,THU,1,goc=-30;cu_ly=25;lan=1,1
35.0262,1790254754.964347,0.0203,0,,,0.000,,,-14.4689,-0.2694,-9.8750,0.0644,0.0000,-13.0000,,,,CHO,-0.0119,-12.8884,0.0279,-12.8884,0.0000,0.0000,-0.000,0.000,7.7826,0.0,,,,,,THU,1,goc=-30;cu_ly=25;lan=1,1
35.0467,1790254754.984851,0.0205,0,,,0.000,,,-14.4689,-0.2694,-9.8750,0.0644,0.0000,-13.0000,,,,CHO,-0.0119,-12.8884,0.0279,-12.8884,0.0000,0.0000,-0.000,0.000,7.7826,0.0,,,,,,THU,1,goc=-30;cu_ly=25;lan=1,1
35.0669,1790254755.005116,0.0203,0,,,0.000,,,-14.4689,-0.2694,-9.8750,0.0644,0.0000,-13.0000,,,,CHO,-0.0119,-12.8884,0.0279,-12.8884,0.0000,0.0000,-0.000,0.000,7.7826,0.0,,,,,,THU,1,goc=-30;cu_ly=25;lan=1,1
35.0874,1790254755.025640,0.0205,0,,,0.000,,,-14.4689,-0.2694,-9.8750,0.0644,0.0000,-13.0000,,,,CHO,-0.0119,-12.8884,0.0279,-12.8884,0.0000,0.0000,-0.000,0.000,7.7826,0.0,,,,,,THU,1,goc=-30;cu_ly=25;lan=1,1
35.1083,1790254755.046480,0.0208,0,,,0.000,,,-14.4689,-0.2694,-9.8750,0.0644,0.0000,-13.0000,,,,CHO,-0.0119,-12.8884,0.0279,-12.8884,0.0000,0.0000,-0.000,0.000,7.7826,0.0,,,,,,THU,1,goc=-30;cu_ly=25;lan=1,1
35.1284,1790254755.066648,0.0201,0,,,0.000,,,-14.4689,-0.2694,-9.8750,0.0644,0.0000,-13.0000,,,,CHO,-0.0119,-12.8884,0.0279,-12.8884,0.0000,0.0000,-0.000,0.000,7.7826,0.0,,,,,,THU,1,goc=-30;cu_ly=25;lan=1,1
35.1485,1790254755.086555,0.0200,0,,,0.000,,,-14.4689,-0.2694,-9.8750,0.0644,0.0000,-13.0000,,,,CHO,-0.0119,-12.8884,0.0279,-12.8884,0.0000,0.0000,-0.000,0.000,7.7826,0.0,,,,,,THU,1,goc=-30;cu_ly=25;lan=1,1
35.1685,1790254755.106686,0.0201,0,,,0.000,,,-14.4689,-0.2694,-9.8750,0.0644,0.0000,-13.0000,,,,CHO,-0.0119,-12.8884,0.0279,-12.8884,0.0000,0.0000,-0.000,0.000,7.7826,0.0,,,,,,THU,1,goc=-30;cu_ly=25;lan=1,1
35.1886,1790254755.126839,0.0201,0,,,0.000,,,-14.4689,-0.2694,-9.8750,0.0644,0.0000,-13.0000,,,,CHO,-0.0119,-12.8884,0.0279,-12.8884,0.0000,0.0000,-0.000,0.000,7.7826,0.0,,,,,,THU,1,goc=-30;cu_ly=25;lan=1,1
35.2089,1790254755.147166,0.0203,0,,,0.000,,,-14.4689,-0.2694,-9.8750,0.0644,0.0000,-13.0000,,,,CHO,-0.0119,-12.8884,0.0279,-12.8884,0.0000,0.0000,-0.000,0.000,7.7826,0.0,,,,,,THU,1,goc=-30;cu_ly=25;lan=1,1
35.2293,1790254755.167438,0.0203,0,,,0.000,,,-14.4689,-0.2694,-9.8750,0.0644,0.0000,-13.0000,,,,CHO,-0.0119,-12.8884,0.0279,-12.8884,0.0000,0.0000,-0.000,0.000,7.7826,0.0,,,,,,THU,1,goc=-30;cu_ly=25;lan=1,1
35.2497,1790254755.187860,0.0204,0,,,0.000,,,-14.4689,-0.2694,-9.8750,0.0644,0.0000,-13.0000,,,,CHO,-0.0119,-12.8884,0.0279,-12.8884,0.0000,0.0000,-0.000,0.000,7.7826,0.0,,,,,,THU,1,goc=-30;cu_ly=25;lan=1,1
35.2697,1790254755.207858,0.0200,0,,,0.000,,,-14.4689,-0.2694,-9.8750,0.0644,0.0000,-13.0000,,,,CHO,-0.0119,-12.8884,0.0279,-12.8884,0.0000,0.0000,-0.000,0.000,7.7826,0.0,,,,,,THU,1,goc=-30;cu_ly=25;lan=1,1
35.2901,1790254755.228473,0.0204,0,,,0.000,,,-14.4689,-0.2694,-9.8750,0.0644,0.0000,-13.0000,,,,CHO,-0.0119,-12.8884,0.0279,-12.8884,0.0000,0.0000,-0.000,0.000,7.7826,0.0,,,,,,THU,1,goc=-30;cu_ly=25;lan=1,1
35.3105,1790254755.248711,0.0204,0,,,0.000,,,-14.4689,-0.2694,-9.8750,0.0644,0.0000,-13.0000,,,,CHO,-0.0119,-12.8884,0.0279,-12.8884,0.0000,0.0000,-0.000,0.000,7.7826,0.0,,,,,,THU,1,goc=-30;cu_ly=25;lan=1,1
35.3307,1790254755.268846,0.0202,0,,,0.000,,,-14.4689,-0.2694,-9.8750,0.0644,0.0000,-13.0000,,,,CHO,-0.0119,-12.8884,0.0279,-12.8884,0.0000,0.0000,-0.000,0.000,7.7826,0.0,,,,,,THU,1,goc=-30;cu_ly=25;lan=1,1
35.3512,1790254755.289425,0.0205,0,,,0.000,,,-14.4689,-0.2694,-9.8750,0.0644,0.0000,-13.0000,,,,CHO,-0.0119,-12.8884,0.0279,-12.8884,0.0000,0.0000,-0.000,0.000,7.7826,0.0,,,,,,THU,1,goc=-30;cu_ly=25;lan=1,1
35.3713,1790254755.309502,0.0201,0,,,0.000,,,-14.4689,-0.2694,-9.8750,0.0644,0.0000,-13.0000,,,,CHO,-0.0119,-12.8884,0.0279,-12.8884,0.0000,0.0000,-0.000,0.000,7.7826,0.0,,,,,,THU,1,goc=-30;cu_ly=25;lan=1,1
35.3918,1790254755.329997,0.0205,0,,,0.000,,,-14.4689,-0.2694,-9.8750,0.0644,0.0000,-13.0000,,,,CHO,-0.0119,-12.8884,0.0279,-12.8884,0.0000,0.0000,-0.000,0.000,7.7826,0.0,,,,,,THU,1,goc=-30;cu_ly=25;lan=1,1
35.4123,1790254755.350447,0.0205,0,,,0.000,,,-14.4689,-0.2694,-9.8750,0.0644,0.0000,-13.0000,,,,CHO,-0.0119,-12.8884,0.0279,-12.8884,0.0000,0.0000,-0.000,0.000,7.7826,0.0,,,,,,THU,1,goc=-30;cu_ly=25;lan=1,1
35.4327,1790254755.370883,0.0204,0,,,0.000,,,-14.4689,-0.2694,-9.8750,0.0644,0.0000,-13.0000,,,,CHO,-0.0119,-12.8884,0.0279,-12.8884,0.0000,0.0000,-0.000,0.000,7.7826,0.0,,,,,,THU,1,goc=-30;cu_ly=25;lan=1,1
35.4531,1790254755.391319,0.0205,0,,,0.000,,,-14.4689,-0.2694,-9.8750,0.0644,0.0000,-13.0000,,,,CHO,-0.0119,-12.8884,0.0279,-12.8884,0.0000,0.0000,-0.000,0.000,7.7826,0.0,,,,,,THU,1,goc=-30;cu_ly=25;lan=1,1
35.4734,1790254755.411526,0.0203,0,,,0.000,,,-14.4689,-0.2694,-9.8750,0.0644,0.0000,-13.0000,,,,CHO,-0.0119,-12.8884,0.0279,-12.8884,0.0000,0.0000,-0.000,0.000,7.7826,0.0,,,,,,THU,1,goc=-30;cu_ly=25;lan=1,1
35.4936,1790254755.431753,0.0202,0,,,0.000,,,-14.4689,-0.2694,-9.8750,0.0644,0.0000,-13.0000,,,,CHO,-0.0119,-12.8884,0.0279,-12.8884,0.0000,0.0000,-0.000,0.000,7.7826,0.0,,,,,,THU,1,goc=-30;cu_ly=25;lan=1,1
35.5141,1790254755.452309,0.0205,0,,,0.000,,,-14.4689,-0.2694,-9.8750,0.0644,0.0000,-13.0000,,,,CHO,-0.0119,-12.8884,0.0279,-12.8884,0.0000,0.0000,-0.000,0.000,7.7826,0.0,,,,,,THU,1,goc=-30;cu_ly=25;lan=1,1
35.5346,1790254755.472821,0.0205,0,,,0.000,,,-14.4689,-0.2694,-9.8750,0.0644,0.0000,-13.0000,,,,CHO,-0.0119,-12.8884,0.0279,-12.8884,0.0000,0.0000,-0.000,0.000,7.7826,0.0,,,,,,THU,1,goc=-30;cu_ly=25;lan=1,1
35.5550,1790254755.493219,0.0204,0,,,0.000,,,-14.4689,-0.2694,-9.8750,0.0644,0.0000,-13.0000,,,,CHO,-0.0119,-12.8884,0.0279,-12.8884,0.0000,0.0000,-0.000,0.000,7.7826,0.0,,,,,,THU,1,goc=-30;cu_ly=25;lan=1,1
35.5755,1790254755.513724,0.0205,0,,,0.000,,,-14.4689,-0.2694,-9.8750,0.0644,0.0000,-13.0000,,,,CHO,-0.0119,-12.8884,0.0279,-12.8884,0.0000,0.0000,-0.000,0.000,7.7826,0.0,,,,,,THU,1,goc=-30;cu_ly=25;lan=1,1
