t,epoch_s,dt,co_do,u,v,conf,theta_m,phi_m,theta_hat,dtheta_hat,phi_hat,dphi_hat,theta_du_doan,phi_du_doan,ld_huong,ld_cu_ly,ld_toc_do,trang_thai,theta_s,phi_s,theta_cmd,phi_cmd,e_theta,e_phi,u_theta,u_phi,nis,t_inf,e_px,ld_id,iff_ket,iff_ly_do,iff_ms,the_che_do,luot,nhan,dang_do
0.0206,1790252637.539371,0.0206,0,,,0.000,,,0.0000,0.0000,0.0000,0.0000,0.0000,-13.0000,,,,CHO,0.0000,0.0000,0.0000,-0.1689,0.0000,-13.0000,0.000,-8.220,,0.0,,,,,,,0,,0
0.0409,1790252637.560888,0.0203,0,,,0.000,,,0.0000,0.0000,0.0000,0.0000,0.0000,-13.0000,,,,CHO,0.0000,0.0000,0.0000,-0.5016,0.0000,-13.0000,0.000,-16.357,,0.0,,,,,,,0,,0
0.0639,1790252637.582054,0.0230,0,,,0.000,,,0.0000,0.0000,0.0000,0.0000,0.0000,-13.0000,,,,CHO,0.0000,0.0000,0.0000,-1.0908,0.0000,-13.0000,0.000,-25.572,,0.0,,,,,,,0,,0
0.0931,1790252637.612319,0.0291,0,,,0.000,,,0.0000,0.0000,0.0000,0.0000,0.0000,-13.0000,,,,CHO,0.0000,0.0000,0.0000,-2.1753,0.0000,-13.0000,0.000,-37.226,,0.0,,,,,,,0,,0
0.1183,1790252637.686722,0.0252,0,,,0.000,,,0.0000,0.0000,0.0000,0.0000,0.0000,-13.0000,,,,CHO,0.0000,0.0000,0.0000,-3.3686,0.0000,-13.0000,0.000,-47.314,,0.0,,,,,,,0,,0
0.1692,1790252637.686722,0.0509,0,,,0.000,,,0.0000,0.0000,0.0000,0.0000,0.0000,-13.0000,,,,CHO,0.0000,-0.2662,0.0000,-6.5916,0.0000,-12.7338,0.000,-63.329,,0.0,,,,,,,0,,0
0.1907,1790252637.709632,0.0215,0,,,0.000,,,0.0000,0.0000,0.0000,0.0000,0.0000,-13.0000,,,,CHO,0.0000,-0.5331,0.0000,-7.9187,0.0000,-12.4669,0.000,-61.624,,0.0,,,,,,,0,,0
0.2113,1790252637.730520,0.0206,0,,,0.000,,,0.0000,0.0000,0.0000,0.0000,0.0000,-13.0000,,,,CHO,0.0000,-1.0487,0.0000,-9.1197,0.0000,-11.9513,0.000,-58.328,,0.0,,,,,,,0,,0
0.2338,1790252637.751073,0.0225,0,,,0.000,,,0.0000,0.0000,0.0000,0.0000,0.0000,-13.0000,,,,CHO,0.0000,-1.4238,0.0000,-10.3815,0.0000,-11.5762,0.000,-56.181,,0.0,,,,,,,0,,0
0.2538,1790252637.772398,0.0200,0,,,0.000,,,0.0000,0.0000,0.0000,0.0000,0.0000,-13.0000,,,,CHO,0.0000,-2.0229,0.0000,-11.4343,0.0000,-10.9771,0.000,-52.541,,0.0,,,,,,,0,,0
0.2741,1790252637.793009,0.0203,0,,,0.000,,,0.0000,0.0000,0.0000,0.0000,0.0000,-13.0000,,,,CHO,0.0000,-2.4408,0.0000,-12.4533,0.0000,-10.5592,0.000,-50.277,,0.0,,,,,,,0,,0
0.2950,1790252637.813705,0.0209,0,,,0.000,,,0.0000,0.0000,0.0000,0.0000,0.0000,-13.0000,,,,CHO,0.0000,-3.7567,0.0000,-13.3315,0.0000,-9.2433,0.000,-42.044,,0.0,,,,,,,0,,0
0.3155,1790252637.835349,0.0206,0,,,0.000,,,0.0000,0.0000,0.0000,0.0000,0.0000,-13.0000,,,,CHO,0.0000,-5.0625,0.0000,-14.0362,0.0000,-7.9375,0.000,-34.254,,0.0,,,,,,,0,,0
0.3359,1790252637.854621,0.0203,0,,,0.000,,,0.0000,0.0000,0.0000,0.0000,0.0000,-13.0000,,,,CHO,0.0000,-6.3247,0.0000,-14.5856,0.0000,-6.6753,0.000,-27.036,,0.0,,,,,,,0,,0
0.3562,1790252637.875666,0.0204,0,,,0.000,,,0.0000,0.0000,0.0000,0.0000,0.0000,-13.0000,,,,CHO,0.0000,-7.5897,0.0000,-14.9938,0.0000,-5.4103,0.000,-20.017,,0.0,,,,,,,0,,0
0.3764,1790252637.895714,0.0202,0,,,0.000,,,0.0000,0.0000,0.0000,0.0000,0.0000,-13.0000,,,,CHO,0.0000,-8.7798,0.0000,-15.2690,0.0000,-4.2202,0.000,-13.645,,0.0,,,,,,,0,,0
0.3973,1790252637.916387,0.0209,0,,,0.000,,,0.0000,0.0000,0.0000,0.0000,0.0000,-13.0000,,,,CHO,0.0000,-9.9452,0.0000,-15.4280,0.0000,-3.0548,0.000,-7.602,,0.0,,,,,,,0,,0
0.4178,1790252637.936713,0.0205,0,,,0.000,,,0.0000,0.0000,0.0000,0.0000,0.0000,-13.0000,,,,CHO,0.0000,-11.0049,0.0000,-15.4748,0.0000,-1.9951,0.000,-2.284,,0.0,,,,,,,0,,0
0.4384,1790252637.957292,0.0206,0,,,0.000,,,0.0000,0.0000,0.0000,0.0000,0.0000,-13.0000,,,,CHO,0.0000,-11.9556,0.0000,-15.4277,0.0000,-1.0444,0.000,2.291,,0.0,,,,,,,0,,0
0.4587,1790252637.977609,0.0203,0,,,0.000,,,0.0000,0.0000,0.0000,0.0000,0.0000,-13.0000,,,,CHO,0.0000,-12.7733,0.0000,-15.2821,0.0000,0.0000,0.000,7.170,,0.0,,,,,,,0,,0
0.4903,1790252638.033728,0.0316,0,,,0.000,,,0.0000,0.0000,0.0000,0.0000,0.0000,-13.0000,,,,CHO,0.0000,-13.6895,0.0000,-15.0842,0.0000,0.0000,0.000,6.262,,0.0,,,,,,,0,,0
0.5150,1790252638.033728,0.0247,0,,,0.000,,,0.0000,0.0000,0.0000,0.0000,0.0000,-13.0000,,,,CHO,0.0000,-14.3055,0.0000,-14.7851,0.0000,1.3055,0.000,12.108,,0.0,,,,,,,0,,0
0.5352,1790252638.054075,0.0202,0,,,0.000,,,0.0000,0.0000,0.0000,0.0000,0.0000,-13.0000,,,,CHO,0.0000,-14.6538,0.0000,-14.5189,0.0000,1.6538,0.000,13.151,,0.0,,,,,,,0,,0
0.5569,1790252638.075796,0.0217,0,,,0.000,,,0.0000,0.0000,0.0000,0.0000,0.0000,-13.0000,,,,CHO,0.0000,-14.9056,0.0000,-14.2231,0.0000,1.9056,0.000,13.639,,0.0,,,,,,,0,,0
0.5775,1790252638.096378,0.0206,0,,,0.000,,,0.0000,0.0000,0.0000,0.0000,0.0000,-13.0000,,,,CHO,0.0000,-15.0239,0.0000,-13.9455,0.0000,2.0239,0.000,13.463,,0.0,,,,,,,0,,0
0.5986,1790252638.116797,0.0210,0,,,0.000,,,0.0000,0.0000,0.0000,0.0000,0.0000,-13.0000,,,,CHO,0.0000,-15.1062,0.0000,-13.6675,0.0000,2.1062,0.000,13.213,,0.0,,,,,,,0,,0
0.6189,1790252638.137885,0.0204,0,,,0.000,,,0.0000,0.0000,0.0000,0.0000,0.0000,-13.0000,,,,CHO,0.0000,-15.0993,0.0000,-13.4123,0.0000,2.0993,0.000,12.539,,0.0,,,,,,,0,,0
0.6496,1790252638.171690,0.0307,0,,,0.000,,,0.0000,0.0000,0.0000,0.0000,0.0000,-13.0000,,,,CHO,0.0000,-14.9720,0.0000,-13.0729,0.0000,1.9720,0.000,11.063,,0.0,,,,,,,0,,0
0.6697,1790252638.188380,0.0201,0,,,0.000,,,0.0000,0.0000,0.0000,0.0000,0.0000,-13.0000,,,,CHO,0.0000,-14.8322,0.0000,-12.8753,0.0000,1.8322,0.000,9.844,,0.0,,,,,,,0,,0
0.6902,1790252638.209052,0.0205,0,,,0.000,,,0.0000,0.0000,0.0000,0.0000,0.0000,-13.0000,,,,CHO,0.0000,-14.6416,0.0000,-12.7032,0.0000,1.6416,0.000,8.403,,0.0,,,,,,,0,,0
0.7135,1790252638.240266,0.0234,0,,,0.000,,,0.0000,0.0000,0.0000,0.0000,0.0000,-13.0000,,,,CHO,0.0000,-14.4037,0.0000,-12.5451,0.0000,1.4037,0.000,6.766,,0.0,,,,,,,0,,0
0.7453,1790252638.263842,0.0318,0,,,0.000,,,0.0000,0.0000,0.0000,0.0000,0.0000,-13.0000,,,,CHO,0.0000,-13.9933,0.0000,-12.5704,0.0000,0.0000,0.000,-0.796,,0.0,,,,,,,0,,0
0.7671,1790252638.284733,0.0217,0,,,0.000,,,0.0000,0.0000,0.0000,0.0000,0.0000,-13.0000,,,,CHO,0.0000,-13.6936,0.0000,-12.5945,0.0000,0.0000,0.000,-1.109,,0.0,,,,,,,0,,0
0.7872,1790252638.306065,0.0201,0,,,0.000,,,0.0000,0.0000,0.0000,0.0000,0.0000,-13.0000,,,,CHO,0.0000,-13.4407,0.0000,-12.6204,0.0000,0.0000,0.000,-1.289,,0.0,,,,,,,0,,0
0.8073,1790252638.326232,0.0201,0,,,0.000,,,0.0000,0.0000,0.0000,0.0000,0.0000,-13.0000,,,,CHO,0.0000,-13.2127,0.0000,-12.6483,0.0000,0.0000,0.000,-1.384,,0.0,,,,,,,0,,0
0.8274,1790252638.346294,0.0201,0,,,0.000,,,0.0000,0.0000,0.0000,0.0000,0.0000,-13.0000,,,,CHO,0.0000,-13.0555,0.0000,-12.6751,0.0000,0.0000,0.000,-1.335,,0.0,,,,,,,0,,0
0.8479,1790252638.366685,0.0205,0,,,0.000,,,0.0000,0.0000,0.0000,0.0000,0.0000,-13.0000,,,,CHO,0.0000,-12.8959,0.0000,-12.7016,0.0000,0.0000,0.000,-1.296,,0.0,,,,,,,0,,0
0.8683,1790252638.387237,0.0204,0,,,0.000,,,0.0000,0.0000,0.0000,0.0000,0.0000,-13.0000,,,,CHO,0.0000,-12.7864,0.0000,-12.7258,0.0000,0.0000,0.000,-1.181,,0.0,,,,,,,0,,0
0.8885,1790252638.407351,0.0202,0,,,0.000,,,0.0000,0.0000,0.0000,0.0000,0.0000,-13.0000,,,,CHO,0.0000,-12.7116,0.0000,-12.7467,0.0000,0.0000,0.000,-1.035,,0.0,,,,,,,0,,0
0.9088,1790252638.427689,0.0203,0,,,0.000,,,0.0000,0.0000,0.0000,0.0000,0.0000,-13.0000,,,,CHO,0.0000,-12.6598,0.0000,-12.7646,0.0000,0.0000,0.000,-0.883,,0.0,,,,,,,0,,0
0.9295,1790252638.448350,0.0207,0,,,0.000,,,0.0000,0.0000,0.0000,0.0000,0.0000,-13.0000,,,,CHO,0.0000,-12.6562,0.0000,-12.7787,0.0000,0.0000,0.000,-0.680,,0.0,,,,,,,0,,0
0.9505,1790252638.469271,0.0210,0,,,0.000,,,0.0000,0.0000,0.0000,0.0000,0.0000,-13.0000,,,,CHO,0.0000,-12.6537,0.0000,-12.7897,0.0000,0.0000,0.000,-0.521,,0.0,,,,,,,0,,0
0.9710,1790252638.489860,0.0205,0,,,0.000,,,0.0000,0.0000,0.0000,0.0000,0.0000,-13.0000,,,,CHO,0.0000,-12.6520,0.0000,-12.7979,0.0000,0.0000,0.000,-0.402,,0.0,,,,,,,0,,0
0.9990,1790252638.517258,0.0280,0,,,0.000,,,0.0000,0.0000,0.0000,0.0000,0.0000,-13.0000,,,,CHO,0.0000,-12.6506,0.0000,-12.8059,0.0000,0.0000,0.000,-0.285,,0.0,,,,,,,0,,0
1.0265,1790252638.545309,0.0275,0,,,0.000,,,0.0000,0.0000,0.0000,0.0000,0.0000,-13.0000,,,,CHO,0.0000,-12.6939,0.0000,-12.8095,0.0000,0.0000,0.000,-0.133,,0.0,,,,,,,0,,0
1.0466,1790252638.565520,0.0201,0,,,0.000,,,0.0000,0.0000,0.0000,0.0000,0.0000,-13.0000,,,,CHO,0.0000,-12.7157,0.0000,-12.8108,0.0000,0.0000,0.000,-0.064,,0.0,,,,,,,0,,0
1.0718,1790252638.590477,0.0252,0,,,0.000,,,0.0000,0.0000,0.0000,0.0000,0.0000,-13.0000,,,,CHO,0.0000,-12.7333,0.0000,-12.8113,0.0000,0.0000,0.000,-0.018,,0.0,,,,,,,0,,0
1.1034,1790252638.622041,0.0316,0,,,0.000,,,0.0000,0.0000,0.0000,0.0000,0.0000,-13.0000,,,,CHO,0.0000,-12.7462,0.0000,-12.8110,0.0000,0.0000,0.000,0.008,,0.0,,,,,,,0,,0
1.1234,1790252638.642131,0.0200,0,,,0.000,,,0.0000,0.0000,0.0000,0.0000,0.0000,-13.0000,,,,CHO,0.0000,-12.7519,0.0000,-12.8107,0.0000,0.0000,0.000,0.016,,0.0,,,,,,,0,,0
1.1471,1790252638.665878,0.0236,0,,,0.000,,,0.0000,0.0000,0.0000,0.0000,0.0000,-13.0000,,,,CHO,0.0000,-12.7563,0.0000,-12.8103,0.0000,0.0000,0.000,0.019,,0.0,,,,,,,0,,0
1.1696,1790252638.687716,0.0225,0,,,0.000,,,0.0000,0.0000,0.0000,0.0000,0.0000,-13.0000,,,,CHO,0.0000,-12.7591,0.0000,-12.8099,0.0000,0.0000,0.000,0.019,,0.0,,,,,,,0,,0
1.1897,1790252638.708526,0.0201,0,,,0.000,,,0.0000,0.0000,0.0000,0.0000,0.0000,-13.0000,,,,CHO,0.0000,-12.7608,0.0000,-12.8095,0.0000,0.0000,0.000,0.017,,0.0,,,,,,,0,,0
1.2098,1790252638.728415,0.0201,0,,,0.000,,,0.0000,0.0000,0.0000,0.0000,0.0000,-13.0000,,,,CHO,0.0000,-12.7620,0.0000,-12.8092,0.0000,0.0000,0.000,0.015,,0.0,,,,,,,0,,0
1.2317,1790252638.749619,0.0219,0,,,0.000,,,0.0000,0.0000,0.0000,0.0000,0.0000,-13.0000,,,,CHO,0.0000,-12.7629,0.0000,-12.8089,0.0000,0.0000,0.000,0.013,,0.0,,,,,,,0,,0
1.2883,1790252638.807402,0.0567,0,,,0.000,,,0.0000,0.0000,0.0000,0.0000,0.0000,-13.0000,,,,CHO,0.0000,-12.7639,0.0000,-12.8084,0.0000,0.0000,0.000,0.008,,0.0,,,,,,,0,,0
1.3089,1790252638.827449,0.0205,0,,,0.000,,,0.0000,0.0000,0.0000,0.0000,0.0000,-13.0000,,,,CHO,0.0000,-12.7641,0.0000,-12.8083,0.0000,0.0000,0.000,0.007,,0.0,,,,,,,0,,0
1.3334,1790252638.850700,0.0245,0,,,0.000,,,0.0000,0.0000,0.0000,0.0000,0.0000,-13.0000,,,,CHO,0.0000,-12.7643,0.0000,-12.8082,0.0000,0.0000,0.000,0.005,,0.0,,,,,,,0,,0
1.3577,1790252638.876372,0.0244,0,,,0.000,,,0.0000,0.0000,0.0000,0.0000,0.0000,-13.0000,,,,CHO,0.0000,-12.7644,0.0000,-12.8081,0.0000,0.0000,0.000,0.004,,0.0,,,,,,,0,,0
1.3818,1790252638.900536,0.0241,0,,,0.000,,,0.0000,0.0000,0.0000,0.0000,0.0000,-13.0000,,,,CHO,0.0000,-12.7645,0.0000,-12.8080,0.0000,0.0000,0.000,0.003,,0.0,,,,,,,0,,0
1.4032,1790252638.921276,0.0214,0,,,0.000,,,0.0000,0.0000,0.0000,0.0000,0.0000,-13.0000,,,,CHO,0.0000,-12.7645,0.0000,-12.8079,0.0000,0.0000,0.000,0.002,,0.0,,,,,,,0,,0
1.4301,1790252638.948003,0.0269,0,,,0.000,,,0.0000,0.0000,0.0000,0.0000,0.0000,-13.0000,,,,CHO,0.0000,-12.7646,0.0000,-12.8079,0.0000,0.0000,0.000,0.002,,0.0,,,,,,,0,,0
1.4602,1790252638.979126,0.0301,0,,,0.000,,,0.0000,0.0000,0.0000,0.0000,0.0000,-13.0000,,,,CHO,0.0000,-12.7646,0.0000,-12.8079,0.0000,0.0000,0.000,0.001,,0.0,,,,,,,0,,0
1.4841,1790252639.002129,0.0239,0,,,0.000,,,0.0000,0.0000,0.0000,0.0000,0.0000,-13.0000,,,,CHO,0.0000,-12.7646,0.0000,-12.8078,0.0000,0.0000,0.000,0.001,,0.0,,,,,,,0,,0
1.5068,1790252639.025597,0.0227,0,,,0.000,,,0.0000,0.0000,0.0000,0.0000,0.0000,-13.0000,,,,CHO,0.0000,-12.7646,0.0000,-12.8078,0.0000,0.0000,0.000,0.001,,0.0,,,,,,,0,,0
1.5327,1790252639.051617,0.0259,0,,,0.000,,,0.0000,0.0000,0.0000,0.0000,0.0000,-13.0000,,,,CHO,0.0000,-12.7646,0.0000,-12.8078,0.0000,0.0000,0.000,0.001,,0.0,,,,,,,0,,0
1.5705,1790252639.089322,0.0378,0,,,0.000,,,0.0000,0.0000,0.0000,0.0000,0.0000,-13.0000,,,,CHO,0.0000,-12.7646,0.0000,-12.8078,0.0000,0.0000,0.000,0.000,,0.0,,,,,,,0,,0
1.6012,1790252639.119946,0.0308,0,,,0.000,,,0.0000,0.0000,0.0000,0.0000,0.0000,-13.0000,,,,CHO,0.0000,-12.7646,0.0000,-12.8078,0.0000,0.0000,0.000,0.000,,0.0,,,,,,,0,,0
1.6333,1790252639.151829,0.0320,0,,,0.000,,,0.0000,0.0000,0.0000,0.0000,0.0000,-13.0000,,,,CHO,0.0000,-12.7646,0.0000,-12.8078,0.0000,0.0000,0.000,0.000,,0.0,,,,,,,0,,0
1.6592,1790252639.177862,0.0259,0,,,0.000,,,0.0000,0.0000,0.0000,0.0000,0.0000,-13.0000,,,,CHO,0.0000,-12.7646,0.0000,-12.8078,0.0000,0.0000,0.000,0.000,,0.0,,,,,,,0,,0
1.6793,1790252639.198148,0.0201,0,,,0.000,,,0.0000,0.0000,0.0000,0.0000,0.0000,-13.0000,,,,CHO,0.0000,-12.7646,0.0000,-12.8078,0.0000,0.0000,0.000,0.000,,0.0,,,,,,,0,,0
1.7000,1790252639.218351,0.0207,0,,,0.000,,,0.0000,0.0000,0.0000,0.0000,0.0000,-13.0000,,,,CHO,0.0000,-12.7646,0.0000,-12.8078,0.0000,0.0000,0.000,0.000,,0.0,,,,,,,0,,0
1.7203,1790252639.239204,0.0203,0,,,0.000,,,0.0000,0.0000,0.0000,0.0000,0.0000,-13.0000,,,,CHO,0.0000,-12.7646,0.0000,-12.8078,0.0000,0.0000,0.000,0.000,,0.0,,,,,,,0,,0
1.7408,1790252639.259660,0.0206,0,,,0.000,,,0.0000,0.0000,0.0000,0.0000,0.0000,-13.0000,,,,CHO,0.0000,-12.7646,0.0000,-12.8078,0.0000,0.0000,0.000,0.000,,0.0,,,,,,,0,,0
1.7615,1790252639.280404,0.0207,0,,,0.000,,,0.0000,0.0000,0.0000,0.0000,0.0000,-13.0000,,,,CHO,0.0000,-12.7646,0.0000,-12.8078,0.0000,0.0000,0.000,0.000,,0.0,,,,,,,0,,0
1.7846,1790252639.302864,0.0230,0,,,0.000,,,0.0000,0.0000,0.0000,0.0000,0.0000,-13.0000,,,,CHO,0.0000,-12.7646,0.0000,-12.8078,0.0000,0.0000,0.000,0.000,,0.0,,,,,,,0,,0
1.8051,1790252639.323236,0.0205,0,,,0.000,,,0.0000,0.0000,0.0000,0.0000,0.0000,-13.0000,,,,CHO,0.0000,-12.7646,0.0000,-12.8078,0.0000,0.0000,0.000,0.000,,0.0,,,,,,,0,,0
1.8252,1790252639.344057,0.0201,0,,,0.000,,,0.0000,0.0000,0.0000,0.0000,0.0000,-13.0000,,,,CHO,0.0000,-12.7646,0.0000,-12.8078,0.0000,0.0000,0.000,0.000,,0.0,,,,,,,0,,0
1.8455,1790252639.364353,0.0203,0,,,0.000,,,0.0000,0.0000,0.0000,0.0000,0.0000,-13.0000,,,,CHO,0.0000,-12.7646,0.0000,-12.8078,0.0000,0.0000,0.000,0.000,,0.0,,,,,,,0,,0
1.8750,1790252639.393250,0.0295,0,,,0.000,,,0.0000,0.0000,0.0000,0.0000,0.0000,-13.0000,,,,CHO,0.0000,-12.7646,0.0000,-12.8078,0.0000,0.0000,0.000,0.000,,0.0,,,,,,,0,,0
1.8971,1790252639.415970,0.0221,0,,,0.000,,,0.0000,0.0000,0.0000,0.0000,0.0000,-13.0000,,,,CHO,0.0000,-12.7646,0.0000,-12.8078,0.0000,0.0000,0.000,0.000,,0.0,,,,,,,0,,0
1.9174,1790252639.435739,0.0203,0,,,0.000,,,0.0000,0.0000,0.0000,0.0000,0.0000,-13.0000,,,,CHO,0.0000,-12.7646,0.0000,-12.8078,0.0000,0.0000,0.000,0.000,,0.0,,,,,,,0,,0
1.9379,1790252639.456793,0.0205,0,,,0.000,,,0.0000,0.0000,0.0000,0.0000,0.0000,-13.0000,,,,CHO,0.0000,-12.7646,0.0000,-12.8078,0.0000,0.0000,0.000,0.000,,0.0,,,,,,,0,,0
1.9584,1790252639.477319,0.0205,0,,,0.000,,,0.0000,0.0000,0.0000,0.0000,0.0000,-13.0000,,,,CHO,0.0000,-12.7646,0.0000,-12.8078,0.0000,0.0000,0.000,0.000,,0.0,,,,,,,0,,0
1.9786,1790252639.497541,0.0203,0,,,0.000,,,0.0000,0.0000,0.0000,0.0000,0.0000,-13.0000,,,,CHO,0.0000,-12.7646,0.0000,-12.8078,0.0000,0.0000,0.000,0.000,,0.0,,,,,,,0,,0
1.9992,1790252639.518114,0.0205,0,,,0.000,,,0.0000,0.0000,0.0000,0.0000,0.0000,-13.0000,,,,CHO,0.0000,-12.7646,0.0000,-12.8078,0.0000,0.0000,0.000,0.000,,0.0,,,,,,,0,,0
2.0196,1790252639.538501,0.0204,0,,,0.000,,,0.0000,0.0000,0.0000,0.0000,0.0000,-13.0000,,,,CHO,0.0000,-12.7646,0.0000,-12.8078,0.0000,0.0000,0.000,0.000,,0.0,,,,,,,0,,0
2.0397,1790252639.558622,0.0201,0,,,0.000,,,0.0000,0.0000,0.0000,0.0000,0.0000,-13.0000,,,,CHO,0.0000,-12.7646,0.0000,-12.8078,0.0000,0.0000,0.000,0.000,,0.0,,,,,,,0,,0
2.0597,1790252639.578691,0.0201,0,,,0.000,,,0.0000,0.0000,0.0000,0.0000,0.0000,-13.0000,,,,CHO,0.0000,-12.7646,0.0000,-12.8078,0.0000,0.0000,0.000,0.000,,0.0,,,,,,,0,,0
2.0799,1790252639.598864,0.0202,0,,,0.000,,,0.0000,0.0000,0.0000,0.0000,0.0000,-13.0000,,,,CHO,0.0000,-12.7646,0.0000,-12.8078,0.0000,0.0000,0.000,0.000,,0.0,,,,,,,0,,0
2.1005,1790252639.619380,0.0206,0,,,0.000,,,0.0000,0.0000,0.0000,0.0000,0.0000,-13.0000,,,,CHO,0.0000,-12.7646,0.0000,-12.8078,0.0000,0.0000,0.000,0.000,,0.0,,,,,,,0,,0
2.1208,1790252639.639618,0.0202,0,,,0.000,,,0.0000,0.0000,0.0000,0.0000,0.0000,-13.0000,,,,CHO,0.0000,-12.7646,0.0000,-12.8078,0.0000,0.0000,0.000,0.000,,0.0,,,,,,,0,,0
2.1412,1790252639.660151,0.0205,0,,,0.000,,,0.0000,0.0000,0.0000,0.0000,0.0000,-13.0000,,,,CHO,0.0000,-12.7646,0.0000,-12.8078,0.0000,0.0000,0.000,0.000,,0.0,,,,,,,0,,0
2.1615,1790252639.680424,0.0202,0,,,0.000,,,0.0000,0.0000,0.0000,0.0000,0.0000,-13.0000,,,,CHO,0.0000,-12.7646,0.0000,-12.8078,0.0000,0.0000,0.000,0.000,,0.0,,,,,,,0,,0
2.1820,1790252639.700894,0.0205,0,,,0.000,,,0.0000,0.0000,0.0000,0.0000,0.0000,-13.0000,,,,CHO,0.0000,-12.7646,0.0000,-12.8078,0.0000,0.0000,0.000,0.000,,0.0,,,,,,,0,,0
2.2023,1790252639.721188,0.0203,0,,,0.000,,,0.0000,0.0000,0.0000,0.0000,0.0000,-13.0000,,,,CHO,0.0000,-12.7646,0.0000,-12.8078,0.0000,0.0000,0.000,0.000,,0.0,,,,,,,0,,0
2.2227,1790252639.741604,0.0203,0,,,0.000,,,0.0000,0.0000,0.0000,0.0000,0.0000,-13.0000,,,,CHO,0.0000,-12.7646,0.0000,-12.8078,0.0000,0.0000,0.000,0.000,,0.0,,,,,,,0,,0
2.2431,1790252639.762044,0.0204,0,,,0.000,,,0.0000,0.0000,0.0000,0.0000,0.0000,-13.0000,,,,CHO,0.0000,-12.7646,0.0000,-12.8078,0.0000,0.0000,0.000,0.000,,0.0,,,,,,,0,,0
2.2638,1790252639.782585,0.0207,0,,,0.000,,,0.0000,0.0000,0.0000,0.0000,0.0000,-13.0000,,,,CHO,0.0000,-12.7646,0.0000,-12.8078,0.0000,0.0000,0.000,0.000,,0.0,,,,,,,0,,0
2.2842,1790252639.803063,0.0204,0,,,0.000,,,0.0000,0.0000,0.0000,0.0000,0.0000,-13.0000,,,,CHO,0.0000,-12.7646,0.0000,-12.8078,0.0000,0.0000,0.000,0.000,,0.0,,,,,,,0,,0
2.3050,1790252639.823895,0.0208,0,,,0.000,,,0.0000,0.0000,0.0000,0.0000,0.0000,-13.0000,,,,CHO,0.0000,-12.7646,0.0000,-12.8078,0.0000,0.0000,0.000,0.000,,0.0,,,,,,,0,,0
2.3251,1790252639.844053,0.0202,0,,,0.000,,,0.0000,0.0000,0.0000,0.0000,0.0000,-13.0000,,,,CHO,0.0000,-12.7646,0.0000,-12.8078,0.0000,0.0000,0.000,0.000,,0.0,,,,,,,0,,0
2.3456,1790252639.864404,0.0205,0,,,0.000,,,0.0000,0.0000,0.0000,0.0000,0.0000,-13.0000,,,,CHO,0.0000,-12.7646,0.0000,-12.8078,0.0000,0.0000,0.000,0.000,,0.0,,,,,,,0,,0
2.3659,1790252639.884763,0.0203,0,,,0.000,,,0.0000,0.0000,0.0000,0.0000,0.0000,-13.0000,,,,CHO,0.0000,-12.7646,0.0000,-12.8078,0.0000,0.0000,0.000,0.000,,0.0,,,,,,,0,,0
2.3864,1790252639.905310,0.0204,0,,,0.000,,,0.0000,0.0000,0.0000,0.0000,0.0000,-13.0000,,,,CHO,0.0000,-12.7646,0.0000,-12.8078,0.0000,0.0000,0.000,0.000,,0.0,,,,,,,0,,0
2.4065,1790252639.925394,0.0201,0,,,0.000,,,0.0000,0.0000,0.0000,0.0000,0.0000,-13.0000,,,,CHO,0.0000,-12.7646,0.0000,-12.8078,0.0000,0.0000,0.000,0.000,,0.0,,,,,,,0,,0
2.4266,1790252639.945569,0.0202,0,,,0.000,,,0.0000,0.0000,0.0000,0.0000,0.0000,-13.0000,,,,CHO,0.0000,-12.7646,0.0000,-12.8078,0.0000,0.0000,0.000,0.000,,0.0,,,,,,,0,,0
2.4470,1790252639.965985,0.0204,0,,,0.000,,,0.0000,0.0000,0.0000,0.0000,0.0000,-13.0000,,,,CHO,0.0000,-12.7646,0.0000,-12.8078,0.0000,0.0000,0.000,0.000,,0.0,,,,,,,0,,0
2.4672,1790252639.986014,0.0202,0,,,0.000,,,0.0000,0.0000,0.0000,0.0000,0.0000,-13.0000,,,,CHO,0.0000,-12.7646,0.0000,-12.8078,0.0000,0.0000,0.000,0.000,,0.0,,,,,,,0,,0
2.4873,1790252640.006227,0.0201,0,,,0.000,,,0.0000,0.0000,0.0000,0.0000,0.0000,-13.0000,,,,CHO,0.0000,-12.7646,0.0000,-12.8078,0.0000,0.0000,0.000,0.000,,0.0,,,,,,,0,,0
2.5075,1790252640.026470,0.0203,0,,,0.000,,,0.0000,0.0000,0.0000,0.0000,0.0000,-13.0000,,,,CHO,0.0000,-12.7646,0.0000,-12.8078,0.0000,0.0000,0.000,0.000,,0.0,,,,,,,0,,0
2.5277,1790252640.046648,0.0202,0,,,0.000,,,0.0000,0.0000,0.0000,0.0000,0.0000,-13.0000,,,,CHO,0.0000,-12.7646,0.0000,-12.8078,0.0000,0.0000,0.000,0.000,,0.0,,,,,,,0,,0
2.5480,1790252640.066895,0.0203,0,,,0.000,,,0.0000,0.0000,0.0000,0.0000,0.0000,-13.0000,,,,CHO,0.0000,-12.7646,0.0000,-12.8078,0.0000,0.0000,0.000,0.000,,0.0,,,,,,,0,,0
2.5684,1790252640.087218,0.0203,0,,,0.000,,,0.0000,0.0000,0.0000,0.0000,0.0000,-13.0000,,,,CHO,0.0000,-12.7646,0.0000,-12.8078,0.0000,0.0000,0.000,0.000,,0.0,,,,,,,0,,0
2.5887,1790252640.107611,0.0203,0,,,0.000,,,0.0000,0.0000,0.0000,0.0000,0.0000,-13.0000,,,,CHO,0.0000,-12.7646,0.0000,-12.8078,0.0000,0.0000,0.000,0.000,,0.0,,,,,,,0,,0
2.6092,1790252640.128101,0.0205,0,,,0.000,,,0.0000,0.0000,0.0000,0.0000,0.0000,-13.0000,,,,CHO,0.0000,-12.7646,0.0000,-12.8078,0.0000,0.0000,0.000,0.000,,0.0,,,,,,,0,,0
2.6295,1790252640.148407,0.0203,0,,,0.000,,,0.0000,0.0000,0.0000,0.0000,0.0000,-13.0000,,,,CHO,0.0000,-12.7646,0.0000,-12.8078,0.0000,0.0000,0.000,0.000,,0.0,,,,,,,0,,0
2.6504,1790252640.169340,0.0209,0,,,0.000,,,0.0000,0.0000,0.0000,0.0000,0.0000,-13.0000,,,,CHO,0.0000,-12.7646,0.0000,-12.8078,0.0000,0.0000,0.000,0.000,,0.0,,,,,,,0,,0
2.6704,1790252640.189381,0.0200,0,,,0.000,,,0.0000,0.0000,0.0000,0.0000,0.0000,-13.0000,,,,CHO,0.0000,-12.7646,0.0000,-12.8078,0.0000,0.0000,0.000,0.000,,0.0,,,,,,,0,,0
2.6909,1790252640.209861,0.0205,0,,,0.000,,,0.0000,0.0000,0.0000,0.0000,0.0000,-13.0000,,,,CHO,0.0000,-12.7646,0.0000,-12.8078,0.0000,0.0000,0.000,0.000,,0.0,,,,,,,0,,0
2.7112,1790252640.230108,0.0203,0,,,0.000,,,0.0000,0.0000,0.0000,0.0000,0.0000,-13.0000,,,,CHO,0.0000,-12.7646,0.0000,-12.8078,0.0000,0.0000,0.000,0.000,,0.0,,,,,,,0,,0
2.7316,1790252640.250596,0.0205,0,,,0.000,,,0.0000,0.0000,0.0000,0.0000,0.0000,-13.0000,,,,CHO,0.0000,-12.7646,0.0000,-12.8078,0.0000,0.0000,0.000,0.000,,0.0,,,,,,,0,,0
2.7522,1790252640.270912,0.0205,0,,,0.000,,,0.0000,0.0000,0.0000,0.0000,0.0000,-13.0000,,,,CHO,0.0000,-12.7646,0.0000,-12.8078,0.0000,0.0000,0.000,0.000,,0.0,,,,,,,0,,0
2.7724,1790252640.291370,0.0203,0,,,0.000,,,0.0000,0.0000,0.0000,0.0000,0.0000,-13.0000,,,,CHO,0.0000,-12.7646,0.0000,-12.8078,0.0000,0.0000,0.000,0.000,,0.0,,,,,,,0,,0
2.7928,1790252640.311745,0.0204,0,,,0.000,,,0.0000,0.0000,0.0000,0.0000,0.0000,-13.0000,,,,CHO,0.0000,-12.7646,0.0000,-12.8078,0.0000,0.0000,0.000,0.000,,0.0,,,,,,,0,,0
2.8130,1790252640.331891,0.0201,0,,,0.000,,,0.0000,0.0000,0.0000,0.0000,0.0000,-13.0000,,,,CHO,0.0000,-12.7646,0.0000,-12.8078,0.0000,0.0000,0.000,0.000,,0.0,,,,,,,0,,0
2.8339,1790252640.352809,0.0209,0,,,0.000,,,0.0000,0.0000,0.0000,0.0000,0.0000,-13.0000,,,,CHO,0.0000,-12.7646,0.0000,-12.8078,0.0000,0.0000,0.000,0.000,,0.0,,,,,,,0,,0
2.8544,1790252640.373318,0.0206,0,,,0.000,,,0.0000,0.0000,0.0000,0.0000,0.0000,-13.0000,,,,CHO,0.0000,-12.7646,0.0000,-12.8078,0.0000,0.0000,0.000,0.000,,0.0,,,,,,,0,,0
2.8749,1790252640.393790,0.0204,0,,,0.000,,,0.0000,0.0000,0.0000,0.0000,0.0000,-13.0000,,,,CHO,0.0000,-12.7646,0.0000,-12.8078,0.0000,0.0000,0.000,0.000,,0.0,,,,,,,0,,0
2.8950,1790252640.413914,0.0201,0,,,0.000,,,0.0000,0.0000,0.0000,0.0000,0.0000,-13.0000,,,,CHO,0.0000,-12.7646,0.0000,-12.8078,0.0000,0.0000,0.000,0.000,,0.0,,,,,,,0,,0
2.9152,1790252640.434130,0.0202,0,,,0.000,,,0.0000,0.0000,0.0000,0.0000,0.0000,-13.0000,,,,CHO,0.0000,-12.7646,0.0000,-12.8078,0.0000,0.0000,0.000,0.000,,0.0,,,,,,,0,,0
2.9719,1790252640.490632,0.0567,0,,,0.000,,,0.0000,0.0000,0.0000,0.0000,0.0000,-13.0000,,,,CHO,0.0000,-12.7646,0.0000,-12.8078,0.0000,0.0000,0.000,0.000,,0.0,,,,,,,0,,0
2.9922,1790252640.511129,0.0203,0,,,0.000,,,0.0000,0.0000,0.0000,0.0000,0.0000,-13.0000,,,,CHO,0.0000,-12.7646,0.0000,-12.8078,0.0000,0.0000,0.000,0.000,,0.0,,,,,,,0,,0
3.0127,1790252640.531587,0.0205,0,,,0.000,,,0.0000,0.0000,0.0000,0.0000,0.0000,-13.0000,,,,CHO,0.0000,-12.7646,0.0000,-12.8078,0.0000,0.0000,0.000,0.000,,0.0,,,,,,,0,,0
3.0336,1790252640.552515,0.0209,0,,,0.000,,,0.0000,0.0000,0.0000,0.0000,0.0000,-13.0000,,,,CHO,0.0000,-12.7646,0.0000,-12.8078,0.0000,0.0000,0.000,0.000,,0.0,,,,,,,0,,0
3.0543,1790252640.573134,0.0207,0,,,0.000,,,0.0000,0.0000,0.0000,0.0000,0.0000,-13.0000,,,,CHO,0.0000,-12.7646,0.0000,-12.8078,0.0000,0.0000,0.000,0.000,,0.0,,,,,,,0,,0
3.0748,1790252640.593735,0.0205,0,,,0.000,,,0.0000,0.0000,0.0000,0.0000,0.0000,-13.0000,,,,CHO,0.0000,-12.7646,0.0000,-12.8078,0.0000,0.0000,0.000,0.000,,0.0,,,,,,,0,,0
3.0953,1790252640.614220,0.0205,0,,,0.000,,,0.0000,0.0000,0.0000,0.0000,0.0000,-13.0000,,,,CHO,0.0000,-12.7646,0.0000,-12.8078,0.0000,0.0000,0.000,0.000,,0.0,,,,,,,0,,0
3.1155,1790252640.634438,0.0203,0,,,0.000,,,0.0000,0.0000,0.0000,0.0000,0.0000,-13.0000,,,,CHO,0.0000,-12.7646,0.0000,-12.8078,0.0000,0.0000,0.000,0.000,,0.0,,,,,,,0,,0
3.1359,1790252640.654832,0.0204,0,,,0.000,,,0.0000,0.0000,0.0000,0.0000,0.0000,-13.0000,,,,CHO,0.0000,-12.7646,0.0000,-12.8078,0.0000,0.0000,0.000,0.000,,0.0,,,,,,,0,,0
3.1561,1790252640.675015,0.0202,0,,,0.000,,,0.0000,0.0000,0.0000,0.0000,0.0000,-13.0000,,,,CHO,0.0000,-12.7646,0.0000,-12.8078,0.0000,0.0000,0.000,0.000,,0.0,,,,,,,0,,0
3.1763,1790252640.695251,0.0202,0,,,0.000,,,0.0000,0.0000,0.0000,0.0000,0.0000,-13.0000,,,,CHO,0.0000,-12.7646,0.0000,-12.8078,0.0000,0.0000,0.000,0.000,,0.0,,,,,,,0,,0
3.1964,1790252640.715242,0.0200,0,,,0.000,,,0.0000,0.0000,0.0000,0.0000,0.0000,-13.0000,,,,CHO,0.0000,-12.7646,0.0000,-12.8078,0.0000,0.0000,0.000,0.000,,0.0,,,,,,,0,,0
3.2165,1790252640.735437,0.0202,0,,,0.000,,,0.0000,0.0000,0.0000,0.0000,0.0000,-13.0000,,,,CHO,0.0000,-12.7646,0.0000,-12.8078,0.0000,0.0000,0.000,0.000,,0.0,,,,,,,0,,0
3.2370,1790252640.755990,0.0205,0,,,0.000,,,0.0000,0.0000,0.0000,0.0000,0.0000,-13.0000,,,,CHO,0.0000,-12.7646,0.0000,-12.8078,0.0000,0.0000,0.000,0.000,,0.0,,,,,,,0,,0
3.2576,1790252640.776490,0.0205,0,,,0.000,,,0.0000,0.0000,0.0000,0.0000,0.0000,-13.0000,,,,CHO,0.0000,-12.7646,0.0000,-12.8078,0.0000,0.0000,0.000,0.000,,0.0,,,,,,,0,,0
3.2779,1790252640.796774,0.0203,0,,,0.000,,,0.0000,0.0000,0.0000,0.0000,0.0000,-13.0000,,,,CHO,0.0000,-12.7646,0.0000,-12.8078,0.0000,0.0000,0.000,0.000,,0.0,,,,,,,0,,0
3.2984,1790252640.817315,0.0205,0,,,0.000,,,0.0000,0.0000,0.0000,0.0000,0.0000,-13.0000,,,,CHO,0.0000,-12.7646,0.0000,-12.8078,0.0000,0.0000,0.000,0.000,,0.0,,,,,,,0,,0
3.3188,1790252640.837524,0.0204,0,,,0.000,,,0.0000,0.0000,0.0000,0.0000,0.0000,-13.0000,,,,CHO,0.0000,-12.7646,0.0000,-12.8078,0.0000,0.0000,0.000,0.000,,0.0,,,,,,,0,,0
3.3389,1790252640.857856,0.0201,0,,,0.000,,,0.0000,0.0000,0.0000,0.0000,0.0000,-13.0000,,,,CHO,0.0000,-12.7646,0.0000,-12.8078,0.0000,0.0000,0.000,0.000,,0.0,,,,,,,0,,0
3.3591,1790252640.878037,0.0202,0,,,0.000,,,0.0000,0.0000,0.0000,0.0000,0.0000,-13.0000,,,,CHO,0.0000,-12.7646,0.0000,-12.8078,0.0000,0.0000,0.000,0.000,,0.0,,,,,,,0,,0
3.3795,1790252640.898456,0.0204,0,,,0.000,,,0.0000,0.0000,0.0000,0.0000,0.0000,-13.0000,,,,CHO,0.0000,-12.7646,0.0000,-12.8078,0.0000,0.0000,0.000,0.000,,0.0,,,,,,,0,,0
3.4001,1790252640.918928,0.0205,0,,,0.000,,,0.0000,0.0000,0.0000,0.0000,0.0000,-13.0000,,,,CHO,0.0000,-12.7646,0.0000,-12.8078,0.0000,0.0000,0.000,0.000,,0.0,,,,,,,0,,0
3.4201,1790252640.939049,0.0201,0,,,0.000,,,0.0000,0.0000,0.0000,0.0000,0.0000,-13.0000,,,,CHO,0.0000,-12.7646,0.0000,-12.8078,0.0000,0.0000,0.000,0.000,,0.0,,,,,,,0,,0
3.4410,1790252640.959873,0.0208,0,,,0.000,,,0.0000,0.0000,0.0000,0.0000,0.0000,-13.0000,,,,CHO,0.0000,-12.7646,0.0000,-12.8078,0.0000,0.0000,0.000,0.000,,0.0,,,,,,,0,,0
3.4615,1790252640.980404,0.0205,0,,,0.000,,,0.0000,0.0000,0.0000,0.0000,0.0000,-13.0000,,,,CHO,0.0000,-12.7646,0.0000,-12.8078,0.0000,0.0000,0.000,0.000,,0.0,,,,,,,0,,0
3.4817,1790252641.000601,0.0202,0,,,0.000,,,0.0000,0.0000,0.0000,0.0000,0.0000,-13.0000,,,,CHO,0.0000,-12.7646,0.0000,-12.8078,0.0000,0.0000,0.000,0.000,,0.0,,,,,,,0,,0
3.5020,1790252641.020907,0.0203,0,,,0.000,,,0.0000,0.0000,0.0000,0.0000,0.0000,-13.0000,,,,CHO,0.0000,-12.7646,0.0000,-12.8078,0.0000,0.0000,0.000,0.000,,0.0,,,,,,,0,,0
3.5221,1790252641.040907,0.0201,0,,,0.000,,,0.0000,0.0000,0.0000,0.0000,0.0000,-13.0000,,,,CHO,0.0000,-12.7646,0.0000,-12.8078,0.0000,0.0000,0.000,0.000,,0.0,,,,,,,0,,0
3.5427,1790252641.061664,0.0207,0,,,0.000,,,0.0000,0.0000,0.0000,0.0000,0.0000,-13.0000,,,,CHO,0.0000,-12.7646,0.0000,-12.8078,0.0000,0.0000,0.000,0.000,,0.0,,,,,,,0,,0
3.5628,1790252641.081767,0.0201,0,,,0.000,,,0.0000,0.0000,0.0000,0.0000,0.0000,-13.0000,,,,CHO,0.0000,-12.7646,0.0000,-12.8078,0.0000,0.0000,0.000,0.000,,0.0,,,,,,,0,,0
3.5835,1790252641.102400,0.0206,0,,,0.000,,,0.0000,0.0000,0.0000,0.0000,0.0000,-13.0000,,,,CHO,0.0000,-12.7646,0.0000,-12.8078,0.0000,0.0000,0.000,0.000,,0.0,,,,,,,0,,0
3.6037,1790252641.122589,0.0202,0,,,0.000,,,0.0000,0.0000,0.0000,0.0000,0.0000,-13.0000,,,,CHO,0.0000,-12.7646,0.0000,-12.8078,0.0000,0.0000,0.000,0.000,,0.0,,,,,,,0,,0
3.6238,1790252641.142771,0.0202,0,,,0.000,,,0.0000,0.0000,0.0000,0.0000,0.0000,-13.0000,,,,CHO,0.0000,-12.7646,0.0000,-12.8078,0.0000,0.0000,0.000,0.000,,0.0,,,,,,,0,,0
3.6443,1790252641.163262,0.0205,0,,,0.000,,,0.0000,0.0000,0.0000,0.0000,0.0000,-13.0000,,,,CHO,0.0000,-12.7646,0.0000,-12.8078,0.0000,0.0000,0.000,0.000,,0.0,,,,,,,0,,0
3.6653,1790252641.184150,0.0209,0,,,0.000,,,0.0000,0.0000,0.0000,0.0000,0.0000,-13.0000,,,,CHO,0.0000,-12.7646,0.0000,-12.8078,0.0000,0.0000,0.000,0.000,,0.0,,,,,,,0,,0
3.6855,1790252641.204441,0.0202,0,,,0.000,,,0.0000,0.0000,0.0000,0.0000,0.0000,-13.0000,,,,CHO,0.0000,-12.7646,0.0000,-12.8078,0.0000,0.0000,0.000,0.000,,0.0,,,,,,,0,,0
3.7057,1790252641.224657,0.0202,0,,,0.000,,,0.0000,0.0000,0.0000,0.0000,0.0000,-13.0000,,,,CHO,0.0000,-12.7646,0.0000,-12.8078,0.0000,0.0000,0.000,0.000,,0.0,,,,,,,0,,0
3.7261,1790252641.245006,0.0204,0,,,0.000,,,0.0000,0.0000,0.0000,0.0000,0.0000,-13.0000,,,,CHO,0.0000,-12.7646,0.0000,-12.8078,0.0000,0.0000,0.000,0.000,,0.0,,,,,,,0,,0
3.7465,1790252641.265396,0.0203,0,,,0.000,,,0.0000,0.0000,0.0000,0.0000,0.0000,-13.0000,,,,CHO,0.0000,-12.7646,0.0000,-12.8078,0.0000,0.0000,0.000,0.000,,0.0,,,,,,,0,,0
3.7666,1790252641.285435,0.0201,0,,,0.000,,,0.0000,0.0000,0.0000,0.0000,0.0000,-13.0000,,,,CHO,0.0000,-12.7646,0.0000,-12.8078,0.0000,0.0000,0.000,0.000,,0.0,,,,,,,0,,0
3.7869,1790252641.305852,0.0204,0,,,0.000,,,0.0000,0.0000,0.0000,0.0000,0.0000,-13.0000,,,,CHO,0.0000,-12.7646,0.0000,-12.8078,0.0000,0.0000,0.000,0.000,,0.0,,,,,,,0,,0
3.8073,1790252641.326154,0.0204,0,,,0.000,,,0.0000,0.0000,0.0000,0.0000,0.0000,-13.0000,,,,CHO,0.0000,-12.7646,0.0000,-12.8078,0.0000,0.0000,0.000,0.000,,0.0,,,,,,,0,,0
3.8275,1790252641.346404,0.0202,0,,,0.000,,,0.0000,0.0000,0.0000,0.0000,0.0000,-13.0000,,,,CHO,0.0000,-12.7646,0.0000,-12.8078,0.0000,0.0000,0.000,0.000,,0.0,,,,,,,0,,0
3.8479,1790252641.366694,0.0204,0,,,0.000,,,0.0000,0.0000,0.0000,0.0000,0.0000,-13.0000,,,,CHO,0.0000,-12.7646,0.0000,-12.8078,0.0000,0.0000,0.000,0.000,,0.0,,,,,,,0,,0
3.8684,1790252641.387361,0.0205,0,,,0.000,,,0.0000,0.0000,0.0000,0.0000,0.0000,-13.0000,,,,CHO,0.0000,-12.7646,0.0000,-12.8078,0.0000,0.0000,0.000,0.000,,0.0,,,,,,,0,,0
3.8885,1790252641.407258,0.0200,0,,,0.000,,,0.0000,0.0000,0.0000,0.0000,0.0000,-13.0000,,,,CHO,0.0000,-12.7646,0.0000,-12.8078,0.0000,0.0000,0.000,0.000,,0.0,,,,,,,0,,0
3.9092,1790252641.428138,0.0207,0,,,0.000,,,0.0000,0.0000,0.0000,0.0000,0.0000,-13.0000,,,,CHO,0.0000,-12.7646,0.0000,-12.8078,0.0000,0.0000,0.000,0.000,,0.0,,,,,,,0,,0
3.9293,1790252641.448158,0.0201,0,,,0.000,,,0.0000,0.0000,0.0000,0.0000,0.0000,-13.0000,,,,CHO,0.0000,-12.7646,0.0000,-12.8078,0.0000,0.0000,0.000,0.000,,0.0,,,,,,,0,,0
3.9495,1790252641.468381,0.0202,0,,,0.000,,,0.0000,0.0000,0.0000,0.0000,0.0000,-13.0000,,,,CHO,0.0000,-12.7646,0.0000,-12.8078,0.0000,0.0000,0.000,0.000,,0.0,,,,,,,0,,0
3.9698,1790252641.488557,0.0202,0,,,0.000,,,0.0000,0.0000,0.0000,0.0000,0.0000,-13.0000,,,,CHO,0.0000,-12.7646,0.0000,-12.8078,0.0000,0.0000,0.000,0.000,,0.0,,,,,,,0,,0
3.9899,1790252641.508659,0.0202,0,,,0.000,,,0.0000,0.0000,0.0000,0.0000,0.0000,-13.0000,,,,CHO,0.0000,-12.7646,0.0000,-12.8078,0.0000,0.0000,0.000,0.000,,0.0,,,,,,,0,,0
4.0101,1790252641.529005,0.0202,0,,,0.000,,,0.0000,0.0000,0.0000,0.0000,0.0000,-13.0000,,,,CHO,0.0000,-12.7646,0.0000,-12.8078,0.0000,0.0000,0.000,0.000,,0.0,,,,,,,0,,0
4.0307,1790252641.549567,0.0205,0,,,0.000,,,0.0000,0.0000,0.0000,0.0000,0.0000,-13.0000,,,,CHO,0.0000,-12.7646,0.0000,-12.8078,0.0000,0.0000,0.000,0.000,,0.0,,,,,,,0,,0
4.0515,1790252641.570337,0.0208,0,,,0.000,,,0.0000,0.0000,0.0000,0.0000,0.0000,-13.0000,,,,CHO,0.0000,-12.7646,0.0000,-12.8078,0.0000,0.0000,0.000,0.000,,0.0,,,,,,,0,,0
4.0716,1790252641.590512,0.0202,0,,,0.000,,,0.0000,0.0000,0.0000,0.0000,0.0000,-13.0000,,,,CHO,0.0000,-12.7646,0.0000,-12.8078,0.0000,0.0000,0.000,0.000,,0.0,,,,,,,0,,0
4.0926,1790252641.611389,0.0209,0,,,0.000,,,0.0000,0.0000,0.0000,0.0000,0.0000,-13.0000,,,,CHO,0.0000,-12.7646,0.0000,-12.8078,0.0000,0.0000,0.000,0.000,,0.0,,,,,,,0,,0
4.1127,1790252641.631556,0.0201,0,,,0.000,,,0.0000,0.0000,0.0000,0.0000,0.0000,-13.0000,,,,CHO,0.0000,-12.7646,0.0000,-12.8078,0.0000,0.0000,0.000,0.000,,0.0,,,,,,,0,,0
4.1330,1790252641.651945,0.0203,0,,,0.000,,,0.0000,0.0000,0.0000,0.0000,0.0000,-13.0000,,,,CHO,0.0000,-12.7646,0.0000,-12.8078,0.0000,0.0000,0.000,0.000,,0.0,,,,,,,0,,0
4.1532,1790252641.672113,0.0202,0,,,0.000,,,0.0000,0.0000,0.0000,0.0000,0.0000,-13.0000,,,,CHO,0.0000,-12.7646,0.0000,-12.8078,0.0000,0.0000,0.000,0.000,,0.0,,,,,,,0,,0
4.1732,1790252641.692045,0.0201,0,,,0.000,,,0.0000,0.0000,0.0000,0.0000,0.0000,-13.0000,,,,CHO,0.0000,-12.7646,0.0000,-12.8078,0.0000,0.0000,0.000,0.000,,0.0,,,,,,,0,,0
4.1937,1790252641.712514,0.0205,0,,,0.000,,,0.0000,0.0000,0.0000,0.0000,0.0000,-13.0000,,,,CHO,0.0000,-12.7646,0.0000,-12.8078,0.0000,0.0000,0.000,0.000,,0.0,,,,,,,0,,0
4.2144,1790252641.733155,0.0206,0,,,0.000,,,0.0000,0.0000,0.0000,0.0000,0.0000,-13.0000,,,,CHO,0.0000,-12.7646,0.0000,-12.8078,0.0000,0.0000,0.000,0.000,,0.0,,,,,,,0,,0
4.2349,1790252641.753819,0.0205,0,,,0.000,,,0.0000,0.0000,0.0000,0.0000,0.0000,-13.0000,,,,CHO,0.0000,-12.7646,0.0000,-12.8078,0.0000,0.0000,0.000,0.000,,0.0,,,,,,,0,,0
4.2551,1790252641.774020,0.0202,0,,,0.000,,,0.0000,0.0000,0.0000,0.0000,0.0000,-13.0000,,,,CHO,0.0000,-12.7646,0.0000,-12.8078,0.0000,0.0000,0.000,0.000,,0.0,,,,,,,0,,0
4.2755,1790252641.794299,0.0204,0,,,0.000,,,0.0000,0.0000,0.0000,0.0000,0.0000,-13.0000,,,,CHO,0.0000,-12.7646,0.0000,-12.8078,0.0000,0.0000,0.000,0.000,,0.0,,,,,,,0,,0
4.2958,1790252641.814635,0.0203,0,,,0.000,,,0.0000,0.0000,0.0000,0.0000,0.0000,-13.0000,,,,CHO,0.0000,-12.7646,0.0000,-12.8078,0.0000,0.0000,0.000,0.000,,0.0,,,,,,,0,,0
4.3158,1790252641.834690,0.0201,0,,,0.000,,,0.0000,0.0000,0.0000,0.0000,0.0000,-13.0000,,,,CHO,0.0000,-12.7646,0.0000,-12.8078,0.0000,0.0000,0.000,0.000,,0.0,,,,,,,0,,0
4.3364,1790252641.855141,0.0205,0,,,0.000,,,0.0000,0.0000,0.0000,0.0000,0.0000,-13.0000,,,,CHO,0.0000,-12.7646,0.0000,-12.8078,0.0000,0.0000,0.000,0.000,,0.0,,,,,,,0,,0
4.3565,1790252641.875356,0.0202,0,,,0.000,,,0.0000,0.0000,0.0000,0.0000,0.0000,-13.0000,,,,CHO,0.0000,-12.7646,0.0000,-12.8078,0.0000,0.0000,0.000,0.000,,0.0,,,,,,,0,,0
4.3767,1790252641.895549,0.0201,0,,,0.000,,,0.0000,0.0000,0.0000,0.0000,0.0000,-13.0000,,,,CHO,0.0000,-12.7646,0.0000,-12.8078,0.0000,0.0000,0.000,0.000,,0.0,,,,,,,0,,0
4.3976,1790252641.916436,0.0209,0,,,0.000,,,0.0000,0.0000,0.0000,0.0000,0.0000,-13.0000,,,,CHO,0.0000,-12.7646,0.0000,-12.8078,0.0000,0.0000,0.000,0.000,,0.0,,,,,,,0,,0
4.4183,1790252641.937076,0.0207,0,,,0.000,,,0.0000,0.0000,0.0000,0.0000,0.0000,-13.0000,,,,CHO,0.0000,-12.7646,0.0000,-12.8078,0.0000,0.0000,0.000,0.000,,0.0,,,,,,,0,,0
4.4385,1790252641.957460,0.0202,0,,,0.000,,,0.0000,0.0000,0.0000,0.0000,0.0000,-13.0000,,,,CHO,0.0000,-12.7646,0.0000,-12.8078,0.0000,0.0000,0.000,0.000,,0.0,,,,,,,0,,0
4.4589,1790252641.977844,0.0204,0,,,0.000,,,0.0000,0.0000,0.0000,0.0000,0.0000,-13.0000,,,,CHO,0.0000,-12.7646,0.0000,-12.8078,0.0000,0.0000,0.000,0.000,,0.0,,,,,,,0,,0
4.4793,1790252641.998130,0.0204,0,,,0.000,,,0.0000,0.0000,0.0000,0.0000,0.0000,-13.0000,,,,CHO,0.0000,-12.7646,0.0000,-12.8078,0.0000,0.0000,0.000,0.000,,0.0,,,,,,,0,,0
4.4998,1790252642.018699,0.0205,0,,,0.000,,,0.0000,0.0000,0.0000,0.0000,0.0000,-13.0000,,,,CHO,0.0000,-12.7646,0.0000,-12.8078,0.0000,0.0000,0.000,0.000,,0.0,,,,,,,0,,0
4.5198,1790252642.038753,0.0201,0,,,0.000,,,0.0000,0.0000,0.0000,0.0000,0.0000,-13.0000,,,,CHO,0.0000,-12.7646,0.0000,-12.8078,0.0000,0.0000,0.000,0.000,,0.0,,,,,,,0,,0
4.5401,1790252642.059049,0.0203,0,,,0.000,,,0.0000,0.0000,0.0000,0.0000,0.0000,-13.0000,,,,CHO,0.0000,-12.7646,0.0000,-12.8078,0.0000,0.0000,0.000,0.000,,0.0,,,,,,,0,,0
4.5610,1790252642.079921,0.0209,0,,,0.000,,,0.0000,0.0000,0.0000,0.0000,0.0000,-13.0000,,,,CHO,0.0000,-12.7646,0.0000,-12.8078,0.0000,0.0000,0.000,0.000,,0.0,,,,,,,0,,0
4.5818,1790252642.100686,0.0208,0,,,0.000,,,0.0000,0.0000,0.0000,0.0000,0.0000,-13.0000,,,,CHO,0.0000,-12.7646,0.0000,-12.8078,0.0000,0.0000,0.000,0.000,,0.0,,,,,,,0,,0
4.6023,1790252642.121174,0.0204,0,,,0.000,,,0.0000,0.0000,0.0000,0.0000,0.0000,-13.0000,,,,CHO,0.0000,-12.7646,0.0000,-12.8078,0.0000,0.0000,0.000,0.000,,0.0,,,,,,,0,,0
4.6226,1790252642.141553,0.0204,0,,,0.000,,,0.0000,0.0000,0.0000,0.0000,0.0000,-13.0000,,,,CHO,0.0000,-12.7646,0.0000,-12.8078,0.0000,0.0000,0.000,0.000,,0.0,,,,,,,0,,0
4.6431,1790252642.162040,0.0205,0,,,0.000,,,0.0000,0.0000,0.0000,0.0000,0.0000,-13.0000,,,,CHO,0.0000,-12.7646,0.0000,-12.8078,0.0000,0.0000,0.000,0.000,,0.0,,,,,,,0,,0
4.6632,1790252642.182157,0.0201,0,,,0.000,,,0.0000,0.0000,0.0000,0.0000,0.0000,-13.0000,,,,CHO,0.0000,-12.7646,0.0000,-12.8078,0.0000,0.0000,0.000,0.000,,0.0,,,,,,,0,,0
4.6832,1790252642.202152,0.0200,0,,,0.000,,,0.0000,0.0000,0.0000,0.0000,0.0000,-13.0000,,,,CHO,0.0000,-12.7646,0.0000,-12.8078,0.0000,0.0000,0.000,0.000,,0.0,,,,,,,0,,0
4.7038,1790252642.222693,0.0205,0,,,0.000,,,0.0000,0.0000,0.0000,0.0000,0.0000,-13.0000,,,,CHO,0.0000,-12.7646,0.0000,-12.8078,0.0000,0.0000,0.000,0.000,,0.0,,,,,,,0,,0
4.7242,1790252642.243145,0.0205,0,,,0.000,,,0.0000,0.0000,0.0000,0.0000,0.0000,-13.0000,,,,CHO,0.0000,-12.7646,0.0000,-12.8078,0.0000,0.0000,0.000,0.000,,0.0,,,,,,,0,,0
4.7445,1790252642.263426,0.0203,0,,,0.000,,,0.0000,0.0000,0.0000,0.0000,0.0000,-13.0000,,,,CHO,0.0000,-12.7646,0.0000,-12.8078,0.0000,0.0000,0.000,0.000,,0.0,,,,,,,0,,0
4.7649,1790252642.283812,0.0204,0,,,0.000,,,0.0000,0.0000,0.0000,0.0000,0.0000,-13.0000,,,,CHO,0.0000,-12.7646,0.0000,-12.8078,0.0000,0.0000,0.000,0.000,,0.0,,,,,,,0,,0
4.7852,1790252642.304150,0.0203,0,,,0.000,,,0.0000,0.0000,0.0000,0.0000,0.0000,-13.0000,,,,CHO,0.0000,-12.7646,0.0000,-12.8078,0.0000,0.0000,0.000,0.000,,0.0,,,,,,,0,,0
4.8057,1790252642.324529,0.0205,0,,,0.000,,,0.0000,0.0000,0.0000,0.0000,0.0000,-13.0000,,,,CHO,0.0000,-12.7646,0.0000,-12.8078,0.0000,0.0000,0.000,0.000,,0.0,,,,,,,0,,0
4.8257,1790252642.344598,0.0200,0,,,0.000,,,0.0000,0.0000,0.0000,0.0000,0.0000,-13.0000,,,,CHO,0.0000,-12.7646,0.0000,-12.8078,0.0000,0.0000,0.000,0.000,,0.0,,,,,,,0,,0
4.8461,1790252642.365059,0.0204,0,,,0.000,,,0.0000,0.0000,0.0000,0.0000,0.0000,-13.0000,,,,CHO,0.0000,-12.7646,0.0000,-12.8078,0.0000,0.0000,0.000,0.000,,0.0,,,,,,,0,,0
4.8665,1790252642.385225,0.0204,0,,,0.000,,,0.0000,0.0000,0.0000,0.0000,0.0000,-13.0000,,,,CHO,0.0000,-12.7646,0.0000,-12.8078,0.0000,0.0000,0.000,0.000,,0.0,,,,,,,0,,0
4.8870,1790252642.405765,0.0205,0,,,0.000,,,0.0000,0.0000,0.0000,0.0000,0.0000,-13.0000,,,,CHO,0.0000,-12.7646,0.0000,-12.8078,0.0000,0.0000,0.000,0.000,,0.0,,,,,,,0,,0
4.9074,1790252642.426303,0.0204,0,,,0.000,,,0.0000,0.0000,0.0000,0.0000,0.0000,-13.0000,,,,CHO,0.0000,-12.7646,0.0000,-12.8078,0.0000,0.0000,0.000,0.000,,0.0,,,,,,,0,,0
4.9280,1790252642.446884,0.0206,0,,,0.000,,,0.0000,0.0000,0.0000,0.0000,0.0000,-13.0000,,,,CHO,0.0000,-12.7646,0.0000,-12.8078,0.0000,0.0000,0.000,0.000,,0.0,,,,,,,0,,0
4.9480,1790252642.466844,0.0200,0,,,0.000,,,0.0000,0.0000,0.0000,0.0000,0.0000,-13.0000,,,,CHO,0.0000,-12.7646,0.0000,-12.8078,0.0000,0.0000,0.000,0.000,,0.0,,,,,,,0,,0
4.9681,1790252642.487018,0.0201,0,,,0.000,,,0.0000,0.0000,0.0000,0.0000,0.0000,-13.0000,,,,CHO,0.0000,-12.7646,0.0000,-12.8078,0.0000,0.0000,0.000,0.000,,0.0,,,,,,,0,,0
4.9882,1790252642.507045,0.0200,0,,,0.000,,,0.0000,0.0000,0.0000,0.0000,0.0000,-13.0000,,,,CHO,0.0000,-12.7646,0.0000,-12.8078,0.0000,0.0000,0.000,0.000,,0.0,,,,,,,0,,0
5.0083,1790252642.527148,0.0202,0,,,0.000,,,0.0000,0.0000,0.0000,0.0000,0.0000,-13.0000,,,,CHO,0.0000,-12.7646,0.0000,-12.8078,0.0000,0.0000,0.000,0.000,,0.0,,,,,,,0,,0
5.0284,1790252642.547326,0.0201,0,,,0.000,,,0.0000,0.0000,0.0000,0.0000,0.0000,-13.0000,,,,CHO,0.0000,-12.7646,0.0000,-12.8078,0.0000,0.0000,0.000,0.000,,0.0,,,,,,,0,,0
5.0486,1790252642.567420,0.0202,0,,,0.000,,,0.0000,0.0000,0.0000,0.0000,0.0000,-13.0000,,,,CHO,0.0000,-12.7646,0.0000,-12.8078,0.0000,0.0000,0.000,0.000,,0.0,,,,,,,0,,0
5.0692,1790252642.587889,0.0206,0,,,0.000,,,0.0000,0.0000,0.0000,0.0000,0.0000,-13.0000,,,,CHO,0.0000,-12.7646,0.0000,-12.8078,0.0000,0.0000,0.000,0.000,,0.0,,,,,,,0,,0
5.0897,1790252642.608660,0.0205,0,,,0.000,,,0.0000,0.0000,0.0000,0.0000,0.0000,-13.0000,,,,CHO,0.0000,-12.7646,0.0000,-12.8078,0.0000,0.0000,0.000,0.000,,0.0,,,,,,,0,,0
5.1104,1790252642.629158,0.0207,0,,,0.000,,,0.0000,0.0000,0.0000,0.0000,0.0000,-13.0000,,,,CHO,0.0000,-12.7646,0.0000,-12.8078,0.0000,0.0000,0.000,0.000,,0.0,,,,,,,0,,0
5.1313,1790252642.650169,0.0209,0,,,0.000,,,0.0000,0.0000,0.0000,0.0000,0.0000,-13.0000,,,,CHO,0.0000,-12.7646,0.0000,-12.8078,0.0000,0.0000,0.000,0.000,,0.0,,,,,,,0,,0
5.1516,1790252642.670550,0.0203,0,,,0.000,,,0.0000,0.0000,0.0000,0.0000,0.0000,-13.0000,,,,CHO,0.0000,-12.7646,0.0000,-12.8078,0.0000,0.0000,0.000,0.000,,0.0,,,,,,,0,,0
5.1721,1790252642.691069,0.0205,0,,,0.000,,,0.0000,0.0000,0.0000,0.0000,0.0000,-13.0000,,,,CHO,0.0000,-12.7646,0.0000,-12.8078,0.0000,0.0000,0.000,0.000,,0.0,,,,,,,0,,0
5.1921,1790252642.711072,0.0200,0,,,0.000,,,0.0000,0.0000,0.0000,0.0000,0.0000,-13.0000,,,,CHO,0.0000,-12.7646,0.0000,-12.8078,0.0000,0.0000,0.000,0.000,,0.0,,,,,,,0,,0
5.2126,1790252642.731520,0.0205,0,,,0.000,,,0.0000,0.0000,0.0000,0.0000,0.0000,-13.0000,,,,CHO,0.0000,-12.7646,0.0000,-12.8078,0.0000,0.0000,0.000,0.000,,0.0,,,,,,,0,,0
5.2328,1790252642.751742,0.0202,0,,,0.000,,,0.0000,0.0000,0.0000,0.0000,0.0000,-13.0000,,,,CHO,0.0000,-12.7646,0.0000,-12.8078,0.0000,0.0000,0.000,0.000,,0.0,,,,,,,0,,0
5.2531,1790252642.772089,0.0203,0,,,0.000,,,0.0000,0.0000,0.0000,0.0000,0.0000,-13.0000,,,,CHO,0.0000,-12.7646,0.0000,-12.8078,0.0000,0.0000,0.000,0.000,,0.0,,,,,,,0,,0
5.2735,1790252642.792451,0.0204,0,,,0.000,,,0.0000,0.0000,0.0000,0.0000,0.0000,-13.0000,,,,CHO,0.0000,-12.7646,0.0000,-12.8078,0.0000,0.0000,0.000,0.000,,0.0,,,,,,,0,,0
5.2940,1790252642.812938,0.0205,0,,,0.000,,,0.0000,0.0000,0.0000,0.0000,0.0000,-13.0000,,,,CHO,0.0000,-12.7646,0.0000,-12.8078,0.0000,0.0000,0.000,0.000,,0.0,,,,,,,0,,0
5.3144,1790252642.833372,0.0204,0,,,0.000,,,0.0000,0.0000,0.0000,0.0000,0.0000,-13.0000,,,,CHO,0.0000,-12.7646,0.0000,-12.8078,0.0000,0.0000,0.000,0.000,,0.0,,,,,,,0,,0
5.3349,1790252642.853854,0.0205,0,,,0.000,,,0.0000,0.0000,0.0000,0.0000,0.0000,-13.0000,,,,CHO,0.0000,-12.7646,0.0000,-12.8078,0.0000,0.0000,0.000,0.000,,0.0,,,,,,,0,,0
5.3551,1790252642.874002,0.0201,0,,,0.000,,,0.0000,0.0000,0.0000,0.0000,0.0000,-13.0000,,,,CHO,0.0000,-12.7646,0.0000,-12.8078,0.0000,0.0000,0.000,0.000,,0.0,,,,,,,0,,0
5.3756,1790252642.894551,0.0206,0,,,0.000,,,0.0000,0.0000,0.0000,0.0000,0.0000,-13.0000,,,,CHO,0.0000,-12.7646,0.0000,-12.8078,0.0000,0.0000,0.000,0.000,,0.0,,,,,,,0,,0
5.3979,1790252642.916750,0.0223,0,,,0.000,,,0.0000,0.0000,0.0000,0.0000,0.0000,-13.0000,,,,CHO,0.0000,-12.7646,0.0000,-12.8078,0.0000,0.0000,0.000,0.000,,0.0,,,,,,,0,,0
5.4184,1790252642.937308,0.0205,0,,,0.000,,,0.0000,0.0000,0.0000,0.0000,0.0000,-13.0000,,,,CHO,0.0000,-12.7646,0.0000,-12.8078,0.0000,0.0000,0.000,0.000,,0.0,,,,,,,0,,0
5.4390,1790252642.957834,0.0207,0,,,0.000,,,0.0000,0.0000,0.0000,0.0000,0.0000,-13.0000,,,,CHO,0.0000,-12.7646,0.0000,-12.8078,0.0000,0.0000,0.000,0.000,,0.0,,,,,,,0,,0
5.4592,1790252642.977953,0.0201,0,,,0.000,,,0.0000,0.0000,0.0000,0.0000,0.0000,-13.0000,,,,CHO,0.0000,-12.7646,0.0000,-12.8078,0.0000,0.0000,0.000,0.000,,0.0,,,,,,,0,,0
5.4793,1790252642.998182,0.0201,0,,,0.000,,,0.0000,0.0000,0.0000,0.0000,0.0000,-13.0000,,,,CHO,0.0000,-12.7646,0.0000,-12.8078,0.0000,0.0000,0.000,0.000,,0.0,,,,,,,0,,0
5.4997,1790252643.018607,0.0205,0,,,0.000,,,0.0000,0.0000,0.0000,0.0000,0.0000,-13.0000,,,,CHO,0.0000,-12.7646,0.0000,-12.8078,0.0000,0.0000,0.000,0.000,,0.0,,,,,,,0,,0
5.5203,1790252643.039172,0.0206,0,,,0.000,,,0.0000,0.0000,0.0000,0.0000,0.0000,-13.0000,,,,CHO,0.0000,-12.7646,0.0000,-12.8078,0.0000,0.0000,0.000,0.000,,0.0,,,,,,,0,,0
5.5407,1790252643.059547,0.0203,0,,,0.000,,,0.0000,0.0000,0.0000,0.0000,0.0000,-13.0000,,,,CHO,0.0000,-12.7646,0.0000,-12.8078,0.0000,0.0000,0.000,0.000,,0.0,,,,,,,0,,0
5.5613,1790252643.080183,0.0206,0,,,0.000,,,0.0000,0.0000,0.0000,0.0000,0.0000,-13.0000,,,,CHO,0.0000,-12.7646,0.0000,-12.8078,0.0000,0.0000,0.000,0.000,,0.0,,,,,,,0,,0
5.5827,1790252643.101424,0.0214,0,,,0.000,,,0.0000,0.0000,0.0000,0.0000,0.0000,-13.0000,,,,CHO,0.0000,-12.7646,0.0000,-12.8078,0.0000,0.0000,0.000,0.000,,0.0,,,,,,,0,,0
5.6031,1790252643.121917,0.0205,0,,,0.000,,,0.0000,0.0000,0.0000,0.0000,0.0000,-13.0000,,,,CHO,0.0000,-12.7646,0.0000,-12.8078,0.0000,0.0000,0.000,0.000,,0.0,,,,,,,0,,0
5.6237,1790252643.142529,0.0206,0,,,0.000,,,0.0000,0.0000,0.0000,0.0000,0.0000,-13.0000,,,,CHO,0.0000,-12.7646,0.0000,-12.8078,0.0000,0.0000,0.000,0.000,,0.0,,,,,,,0,,0
5.6438,1790252643.162720,0.0201,0,,,0.000,,,0.0000,0.0000,0.0000,0.0000,0.0000,-13.0000,,,,CHO,0.0000,-12.7646,0.0000,-12.8078,0.0000,0.0000,0.000,0.000,,0.0,,,,,,,0,,0
5.6639,1790252643.182850,0.0201,0,,,0.000,,,0.0000,0.0000,0.0000,0.0000,0.0000,-13.0000,,,,CHO,0.0000,-12.7646,0.0000,-12.8078,0.0000,0.0000,0.000,0.000,,0.0,,,,,,,0,,0
5.6843,1790252643.203243,0.0204,0,,,0.000,,,0.0000,0.0000,0.0000,0.0000,0.0000,-13.0000,,,,CHO,0.0000,-12.7646,0.0000,-12.8078,0.0000,0.0000,0.000,0.000,,0.0,,,,,,,0,,0
5.7048,1790252643.223705,0.0205,0,,,0.000,,,0.0000,0.0000,0.0000,0.0000,0.0000,-13.0000,,,,CHO,0.0000,-12.7646,0.0000,-12.8078,0.0000,0.0000,0.000,0.000,,0.0,,,,,,,0,,0
5.7248,1790252643.243722,0.0200,0,,,0.000,,,0.0000,0.0000,0.0000,0.0000,0.0000,-13.0000,,,,CHO,0.0000,-12.7646,0.0000,-12.8078,0.0000,0.0000,0.000,0.000,,0.0,,,,,,,0,,0
5.7450,1790252643.263767,0.0202,0,,,0.000,,,0.0000,0.0000,0.0000,0.0000,0.0000,-13.0000,,,,CHO,0.0000,-12.7646,0.0000,-12.8078,0.0000,0.0000,0.000,0.000,,0.0,,,,,,,0,,0
5.7658,1790252643.284654,0.0208,0,,,0.000,,,0.0000,0.0000,0.0000,0.0000,0.0000,-13.0000,,,,CHO,0.0000,-12.7646,0.0000,-12.8078,0.0000,0.0000,0.000,0.000,,0.0,,,,,,,0,,0
5.7860,1790252643.304909,0.0202,0,,,0.000,,,0.0000,0.0000,0.0000,0.0000,0.0000,-13.0000,,,,CHO,0.0000,-12.7646,0.0000,-12.8078,0.0000,0.0000,0.000,0.000,,0.0,,,,,,,0,,0
5.8066,1790252643.325548,0.0206,0,,,0.000,,,0.0000,0.0000,0.0000,0.0000,0.0000,-13.0000,,,,CHO,0.0000,-12.7646,0.0000,-12.8078,0.0000,0.0000,0.000,0.000,,0.0,,,,,,,0,,0
5.8272,1790252643.346061,0.0205,0,,,0.000,,,0.0000,0.0000,0.0000,0.0000,0.0000,-13.0000,,,,CHO,0.0000,-12.7646,0.0000,-12.8078,0.0000,0.0000,0.000,0.000,,0.0,,,,,,,0,,0
5.8474,1790252643.366250,0.0202,0,,,0.000,,,0.0000,0.0000,0.0000,0.0000,0.0000,-13.0000,,,,CHO,0.0000,-12.7646,0.0000,-12.8078,0.0000,0.0000,0.000,0.000,,0.0,,,,,,,0,,0
5.8678,1790252643.386715,0.0204,0,,,0.000,,,0.0000,0.0000,0.0000,0.0000,0.0000,-13.0000,,,,CHO,0.0000,-12.7646,0.0000,-12.8078,0.0000,0.0000,0.000,0.000,,0.0,,,,,,,0,,0
5.8878,1790252643.406758,0.0200,0,,,0.000,,,0.0000,0.0000,0.0000,0.0000,0.0000,-13.0000,,,,CHO,0.0000,-12.7646,0.0000,-12.8078,0.0000,0.0000,0.000,0.000,,0.0,,,,,,,0,,0
5.9082,1790252643.427099,0.0203,0,,,0.000,,,0.0000,0.0000,0.0000,0.0000,0.0000,-13.0000,,,,CHO,0.0000,-12.7646,0.0000,-12.8078,0.0000,0.0000,0.000,0.000,,0.0,,,,,,,0,,0
5.9286,1790252643.447521,0.0204,0,,,0.000,,,0.0000,0.0000,0.0000,0.0000,0.0000,-13.0000,,,,CHO,0.0000,-12.7646,0.0000,-12.8078,0.0000,0.0000,0.000,0.000,,0.0,,,,,,,0,,0
5.9487,1790252643.467632,0.0201,0,,,0.000,,,0.0000,0.0000,0.0000,0.0000,0.0000,-13.0000,,,,CHO,0.0000,-12.7646,0.0000,-12.8078,0.0000,0.0000,0.000,0.000,,0.0,,,,,,,0,,0
5.9688,1790252643.487732,0.0201,0,,,0.000,,,0.0000,0.0000,0.0000,0.0000,0.0000,-13.0000,,,,CHO,0.0000,-12.7646,0.0000,-12.8078,0.0000,0.0000,0.000,0.000,,0.0,,,,,,,0,,0
5.9893,1790252643.508221,0.0205,0,,,0.000,,,0.0000,0.0000,0.0000,0.0000,0.0000,-13.0000,,,,CHO,0.0000,-12.7646,0.0000,-12.8078,0.0000,0.0000,0.000,0.000,,0.0,,,,,,,0,,0
6.0094,1790252643.528148,0.0200,0,,,0.000,,,0.0000,0.0000,0.0000,0.0000,0.0000,-13.0000,,,,CHO,0.0000,-12.7646,0.0000,-12.8078,0.0000,0.0000,0.000,0.000,,0.0,,,,,,,0,,0
6.0298,1790252643.548751,0.0205,0,,,0.000,,,0.0000,0.0000,0.0000,0.0000,0.0000,-13.0000,,,,CHO,0.0000,-12.7646,0.0000,-12.8078,0.0000,0.0000,0.000,0.000,,0.0,,,,,,,0,,0
6.0502,1790252643.569107,0.0203,0,,,0.000,,,0.0000,0.0000,0.0000,0.0000,0.0000,-13.0000,,,,CHO,0.0000,-12.7646,0.0000,-12.8078,0.0000,0.0000,0.000,0.000,,0.0,,,,,,,0,,0
6.0705,1790252643.589341,0.0203,0,,,0.000,,,0.0000,0.0000,0.0000,0.0000,0.0000,-13.0000,,,,CHO,0.0000,-12.7646,0.0000,-12.8078,0.0000,0.0000,0.000,0.000,,0.0,,,,,,,0,,0
6.0911,1790252643.610035,0.0206,0,,,0.000,,,0.0000,0.0000,0.0000,0.0000,0.0000,-13.0000,,,,CHO,0.0000,-12.7646,0.0000,-12.8078,0.0000,0.0000,0.000,0.000,,0.0,,,,,,,0,,0
6.1114,1790252643.630333,0.0203,0,,,0.000,,,0.0000,0.0000,0.0000,0.0000,0.0000,-13.0000,,,,CHO,0.0000,-12.7646,0.0000,-12.8078,0.0000,0.0000,0.000,0.000,,0.0,,,,,,,0,,0
6.1323,1790252643.651124,0.0208,0,,,0.000,,,0.0000,0.0000,0.0000,0.0000,0.0000,-13.0000,,,,CHO,0.0000,-12.7646,0.0000,-12.8078,0.0000,0.0000,0.000,0.000,,0.0,,,,,,,0,,0
6.1527,1790252643.671478,0.0204,0,,,0.000,,,0.0000,0.0000,0.0000,0.0000,0.0000,-13.0000,,,,CHO,0.0000,-12.7646,0.0000,-12.8078,0.0000,0.0000,0.000,0.000,,0.0,,,,,,,0,,0
6.1729,1790252643.691779,0.0203,0,,,0.000,,,0.0000,0.0000,0.0000,0.0000,0.0000,-13.0000,,,,CHO,0.0000,-12.7646,0.0000,-12.8078,0.0000,0.0000,0.000,0.000,,0.0,,,,,,,0,,0
6.1930,1790252643.711868,0.0200,0,,,0.000,,,0.0000,0.0000,0.0000,0.0000,0.0000,-13.0000,,,,CHO,0.0000,-12.7646,0.0000,-12.8078,0.0000,0.0000,0.000,0.000,,0.0,,,,,,,0,,0
6.2134,1790252643.732305,0.0205,0,,,0.000,,,0.0000,0.0000,0.0000,0.0000,0.0000,-13.0000,,,,CHO,0.0000,-12.7646,0.0000,-12.8078,0.0000,0.0000,0.000,0.000,,0.0,,,,,,,0,,0
6.2335,1790252643.752378,0.0200,0,,,0.000,,,0.0000,0.0000,0.0000,0.0000,0.0000,-13.0000,,,,CHO,0.0000,-12.7646,0.0000,-12.8078,0.0000,0.0000,0.000,0.000,,0.0,,,,,,,0,,0
6.2536,1790252643.772485,0.0201,0,,,0.000,,,0.0000,0.0000,0.0000,0.0000,0.0000,-13.0000,,,,CHO,0.0000,-12.7646,0.0000,-12.8078,0.0000,0.0000,0.000,0.000,,0.0,,,,,,,0,,0
6.2737,1790252643.792628,0.0202,0,,,0.000,,,0.0000,0.0000,0.0000,0.0000,0.0000,-13.0000,,,,CHO,0.0000,-12.7646,0.0000,-12.8078,0.0000,0.0000,0.000,0.000,,0.0,,,,,,,0,,0
6.2950,1790252643.813769,0.0213,0,,,0.000,,,0.0000,0.0000,0.0000,0.0000,0.0000,-13.0000,,,,CHO,0.0000,-12.7646,0.0000,-12.8078,0.0000,0.0000,0.000,0.000,,0.0,,,,,,,0,,0
6.3151,1790252643.834016,0.0201,0,,,0.000,,,0.0000,0.0000,0.0000,0.0000,0.0000,-13.0000,,,,CHO,0.0000,-12.7646,0.0000,-12.8078,0.0000,0.0000,0.000,0.000,,0.0,,,,,,,0,,0
6.3354,1790252643.854307,0.0203,0,,,0.000,,,0.0000,0.0000,0.0000,0.0000,0.0000,-13.0000,,,,CHO,0.0000,-12.7646,0.0000,-12.8078,0.0000,0.0000,0.000,0.000,,0.0,,,,,,,0,,0
6.3559,1790252643.874816,0.0205,0,,,0.000,,,0.0000,0.0000,0.0000,0.0000,0.0000,-13.0000,,,,CHO,0.0000,-12.7646,0.0000,-12.8078,0.0000,0.0000,0.000,0.000,,0.0,,,,,,,0,,0
6.3759,1790252643.894847,0.0200,0,,,0.000,,,0.0000,0.0000,0.0000,0.0000,0.0000,-13.0000,,,,CHO,0.0000,-12.7646,0.0000,-12.8078,0.0000,0.0000,0.000,0.000,,0.0,,,,,,,0,,0
6.3962,1790252643.915162,0.0203,0,,,0.000,,,0.0000,0.0000,0.0000,0.0000,0.0000,-13.0000,,,,CHO,0.0000,-12.7646,0.0000,-12.8078,0.0000,0.0000,0.000,0.000,,0.0,,,,,,,0,,0
6.4168,1790252643.935670,0.0205,0,,,0.000,,,0.0000,0.0000,0.0000,0.0000,0.0000,-13.0000,,,,CHO,0.0000,-12.7646,0.0000,-12.8078,0.0000,0.0000,0.000,0.000,,0.0,,,,,,,0,,0
6.4370,1790252643.955871,0.0202,0,,,0.000,,,0.0000,0.0000,0.0000,0.0000,0.0000,-13.0000,,,,CHO,0.0000,-12.7646,0.0000,-12.8078,0.0000,0.0000,0.000,0.000,,0.0,,,,,,,0,,0
6.4574,1790252643.976331,0.0204,0,,,0.000,,,0.0000,0.0000,0.0000,0.0000,0.0000,-13.0000,,,,CHO,0.0000,-12.7646,0.0000,-12.8078,0.0000,0.0000,0.000,0.000,,0.0,,,,,,,0,,0
6.4775,1790252643.996367,0.0201,0,,,0.000,,,0.0000,0.0000,0.0000,0.0000,0.0000,-13.0000,,,,CHO,0.0000,-12.7646,0.0000,-12.8078,0.0000,0.0000,0.000,0.000,,0.0,,,,,,,0,,0
6.4977,1790252644.016570,0.0202,0,,,0.000,,,0.0000,0.0000,0.0000,0.0000,0.0000,-13.0000,,,,CHO,0.0000,-12.7646,0.0000,-12.8078,0.0000,0.0000,0.000,0.000,,0.0,,,,,,,0,,0
6.5180,1790252644.036791,0.0203,0,,,0.000,,,0.0000,0.0000,0.0000,0.0000,0.0000,-13.0000,,,,CHO,0.0000,-12.7646,0.0000,-12.8078,0.0000,0.0000,0.000,0.000,,0.0,,,,,,,0,,0
6.5394,1790252644.058185,0.0215,0,,,0.000,,,0.0000,0.0000,0.0000,0.0000,0.0000,-13.0000,,,,CHO,0.0000,-12.7646,0.0000,-12.8078,0.0000,0.0000,0.000,0.000,,0.0,,,,,,,0,,0
6.5600,1790252644.078880,0.0206,0,,,0.000,,,0.0000,0.0000,0.0000,0.0000,0.0000,-13.0000,,,,CHO,0.0000,-12.7646,0.0000,-12.8078,0.0000,0.0000,0.000,0.000,,0.0,,,,,,,0,,0
6.5805,1790252644.099383,0.0205,0,,,0.000,,,0.0000,0.0000,0.0000,0.0000,0.0000,-13.0000,,,,CHO,0.0000,-12.7646,0.0000,-12.8078,0.0000,0.0000,0.000,0.000,,0.0,,,,,,,0,,0
6.6019,1790252644.120650,0.0214,0,,,0.000,,,0.0000,0.0000,0.0000,0.0000,0.0000,-13.0000,,,,CHO,0.0000,-12.7646,0.0000,-12.8078,0.0000,0.0000,0.000,0.000,,0.0,,,,,,,0,,0
6.6222,1790252644.141111,0.0203,0,,,0.000,,,0.0000,0.0000,0.0000,0.0000,0.0000,-13.0000,,,,CHO,0.0000,-12.7646,0.0000,-12.8078,0.0000,0.0000,0.000,0.000,,0.0,,,,,,,0,,0
6.6425,1790252644.161326,0.0203,0,,,0.000,,,0.0000,0.0000,0.0000,0.0000,0.0000,-13.0000,,,,CHO,0.0000,-12.7646,0.0000,-12.8078,0.0000,0.0000,0.000,0.000,,0.0,,,,,,,0,,0
6.6630,1790252644.181771,0.0205,0,,,0.000,,,0.0000,0.0000,0.0000,0.0000,0.0000,-13.0000,,,,CHO,0.0000,-12.7646,0.0000,-12.8078,0.0000,0.0000,0.000,0.000,,0.0,,,,,,,0,,0
6.6834,1790252644.202098,0.0203,0,,,0.000,,,0.0000,0.0000,0.0000,0.0000,0.0000,-13.0000,,,,CHO,0.0000,-12.7646,0.0000,-12.8078,0.0000,0.0000,0.000,0.000,,0.0,,,,,,,0,,0
6.7043,1790252644.223336,0.0210,0,,,0.000,,,0.0000,0.0000,0.0000,0.0000,0.0000,-13.0000,,,,CHO,0.0000,-12.7646,0.0000,-12.8078,0.0000,0.0000,0.000,0.000,,0.0,,,,,,,0,,0
6.7247,1790252644.243510,0.0204,0,,,0.000,,,0.0000,0.0000,0.0000,0.0000,0.0000,-13.0000,,,,CHO,0.0000,-12.7646,0.0000,-12.8078,0.0000,0.0000,0.000,0.000,,0.0,,,,,,,0,,0
6.7454,1790252644.264132,0.0207,0,,,0.000,,,0.0000,0.0000,0.0000,0.0000,0.0000,-13.0000,,,,CHO,0.0000,-12.7646,0.0000,-12.8078,0.0000,0.0000,0.000,0.000,,0.0,,,,,,,0,,0
6.7657,1790252644.284510,0.0203,0,,,0.000,,,0.0000,0.0000,0.0000,0.0000,0.0000,-13.0000,,,,CHO,0.0000,-12.7646,0.0000,-12.8078,0.0000,0.0000,0.000,0.000,,0.0,,,,,,,0,,0
6.7859,1790252644.304699,0.0203,0,,,0.000,,,0.0000,0.0000,0.0000,0.0000,0.0000,-13.0000,,,,CHO,0.0000,-12.7646,0.0000,-12.8078,0.0000,0.0000,0.000,0.000,,0.0,,,,,,,0,,0
6.8083,1790252644.327056,0.0223,0,,,0.000,,,0.0000,0.0000,0.0000,0.0000,0.0000,-13.0000,,,,CHO,0.0000,-12.7646,0.0000,-12.8078,0.0000,0.0000,0.000,0.000,,0.0,,,,,,,0,,0
6.8284,1790252644.347343,0.0202,0,,,0.000,,,0.0000,0.0000,0.0000,0.0000,0.0000,-13.0000,,,,CHO,0.0000,-12.7646,0.0000,-12.8078,0.0000,0.0000,0.000,0.000,,0.0,,,,,,,0,,0
6.8486,1790252644.367392,0.0202,0,,,0.000,,,0.0000,0.0000,0.0000,0.0000,0.0000,-13.0000,,,,CHO,0.0000,-12.7646,0.0000,-12.8078,0.0000,0.0000,0.000,0.000,,0.0,,,,,,,0,,0
6.8691,1790252644.388096,0.0205,0,,,0.000,,,0.0000,0.0000,0.0000,0.0000,0.0000,-13.0000,,,,CHO,0.0000,-12.7646,0.0000,-12.8078,0.0000,0.0000,0.000,0.000,,0.0,,,,,,,0,,0
6.8893,1790252644.408163,0.0202,0,,,0.000,,,0.0000,0.0000,0.0000,0.0000,0.0000,-13.0000,,,,CHO,0.0000,-12.7646,0.0000,-12.8078,0.0000,0.0000,0.000,0.000,,0.0,,,,,,,0,,0
6.9093,1790252644.428219,0.0200,0,,,0.000,,,0.0000,0.0000,0.0000,0.0000,0.0000,-13.0000,,,,CHO,0.0000,-12.7646,0.0000,-12.8078,0.0000,0.0000,0.000,0.000,,0.0,,,,,,,0,,0
6.9304,1790252644.449275,0.0211,0,,,0.000,,,0.0000,0.0000,0.0000,0.0000,0.0000,-13.0000,,,,CHO,0.0000,-12.7646,0.0000,-12.8078,0.0000,0.0000,0.000,0.000,,0.0,,,,,,,0,,0
6.9506,1790252644.469525,0.0202,0,,,0.000,,,0.0000,0.0000,0.0000,0.0000,0.0000,-13.0000,,,,CHO,0.0000,-12.7646,0.0000,-12.8078,0.0000,0.0000,0.000,0.000,,0.0,,,,,,,0,,0
6.9707,1790252644.489459,0.0200,0,,,0.000,,,0.0000,0.0000,0.0000,0.0000,0.0000,-13.0000,,,,CHO,0.0000,-12.7646,0.0000,-12.8078,0.0000,0.0000,0.000,0.000,,0.0,,,,,,,0,,0
6.9916,1790252644.510335,0.0209,0,,,0.000,,,0.0000,0.0000,0.0000,0.0000,0.0000,-13.0000,,,,CHO,0.0000,-12.7646,0.0000,-12.8078,0.0000,0.0000,0.000,0.000,,0.0,,,,,,,0,,0
7.0118,1790252644.530611,0.0203,0,,,0.000,,,0.0000,0.0000,0.0000,0.0000,0.0000,-13.0000,,,,CHO,0.0000,-12.7646,0.0000,-12.8078,0.0000,0.0000,0.000,0.000,,0.0,,,,,,,0,,0
7.0328,1790252644.551556,0.0210,0,,,0.000,,,0.0000,0.0000,0.0000,0.0000,0.0000,-13.0000,,,,CHO,0.0000,-12.7646,0.0000,-12.8078,0.0000,0.0000,0.000,0.000,,0.0,,,,,,,0,,0
7.0534,1790252644.572215,0.0206,0,,,0.000,,,0.0000,0.0000,0.0000,0.0000,0.0000,-13.0000,,,,CHO,0.0000,-12.7646,0.0000,-12.8078,0.0000,0.0000,0.000,0.000,,0.0,,,,,,,0,,0
7.0740,1790252644.592870,0.0206,0,,,0.000,,,0.0000,0.0000,0.0000,0.0000,0.0000,-13.0000,,,,CHO,0.0000,-12.7646,0.0000,-12.8078,0.0000,0.0000,0.000,0.000,,0.0,,,,,,,0,,0
7.0954,1790252644.614136,0.0213,0,,,0.000,,,0.0000,0.0000,0.0000,0.0000,0.0000,-13.0000,,,,CHO,0.0000,-12.7646,0.0000,-12.8078,0.0000,0.0000,0.000,0.000,,0.0,,,,,,,0,,0
7.1160,1790252644.634851,0.0206,0,,,0.000,,,0.0000,0.0000,0.0000,0.0000,0.0000,-13.0000,,,,CHO,0.0000,-12.7646,0.0000,-12.8078,0.0000,0.0000,0.000,0.000,,0.0,,,,,,,0,,0
7.1364,1790252644.655275,0.0205,0,,,0.000,,,0.0000,0.0000,0.0000,0.0000,0.0000,-13.0000,,,,CHO,0.0000,-12.7646,0.0000,-12.8078,0.0000,0.0000,0.000,0.000,,0.0,,,,,,,0,,0
7.1564,1790252644.675191,0.0200,0,,,0.000,,,0.0000,0.0000,0.0000,0.0000,0.0000,-13.0000,,,,CHO,0.0000,-12.7646,0.0000,-12.8078,0.0000,0.0000,0.000,0.000,,0.0,,,,,,,0,,0
7.1769,1790252644.695738,0.0205,0,,,0.000,,,0.0000,0.0000,0.0000,0.0000,0.0000,-13.0000,,,,CHO,0.0000,-12.7646,0.0000,-12.8078,0.0000,0.0000,0.000,0.000,,0.0,,,,,,,0,,0
7.1972,1790252644.716074,0.0203,0,,,0.000,,,0.0000,0.0000,0.0000,0.0000,0.0000,-13.0000,,,,CHO,0.0000,-12.7646,0.0000,-12.8078,0.0000,0.0000,0.000,0.000,,0.0,,,,,,,0,,0
7.2173,1790252644.736086,0.0201,0,,,0.000,,,0.0000,0.0000,0.0000,0.0000,0.0000,-13.0000,,,,CHO,0.0000,-12.7646,0.0000,-12.8078,0.0000,0.0000,0.000,0.000,,0.0,,,,,,,0,,0
7.2384,1790252644.757100,0.0211,0,,,0.000,,,0.0000,0.0000,0.0000,0.0000,0.0000,-13.0000,,,,CHO,0.0000,-12.7646,0.0000,-12.8078,0.0000,0.0000,0.000,0.000,,0.0,,,,,,,0,,0
7.2587,1790252644.777492,0.0203,0,,,0.000,,,0.0000,0.0000,0.0000,0.0000,0.0000,-13.0000,,,,CHO,0.0000,-12.7646,0.0000,-12.8078,0.0000,0.0000,0.000,0.000,,0.0,,,,,,,0,,0
7.2791,1790252644.798071,0.0205,0,,,0.000,,,0.0000,0.0000,0.0000,0.0000,0.0000,-13.0000,,,,CHO,0.0000,-12.7646,0.0000,-12.8078,0.0000,0.0000,0.000,0.000,,0.0,,,,,,,0,,0
7.3013,1790252644.820058,0.0222,0,,,0.000,,,0.0000,0.0000,0.0000,0.0000,0.0000,-13.0000,,,,CHO,0.0000,-12.7646,0.0000,-12.8078,0.0000,0.0000,0.000,0.000,,0.0,,,,,,,0,,0
7.3223,1790252644.841207,0.0210,0,,,0.000,,,0.0000,0.0000,0.0000,0.0000,0.0000,-13.0000,,,,CHO,0.0000,-12.7646,0.0000,-12.8078,0.0000,0.0000,0.000,0.000,,0.0,,,,,,,0,,0
7.3432,1790252644.862150,0.0209,0,,,0.000,,,0.0000,0.0000,0.0000,0.0000,0.0000,-13.0000,,,,CHO,0.0000,-12.7646,0.0000,-12.8078,0.0000,0.0000,0.000,0.000,,0.0,,,,,,,0,,0
7.3645,1790252644.883203,0.0213,0,,,0.000,,,0.0000,0.0000,0.0000,0.0000,0.0000,-13.0000,,,,CHO,0.0000,-12.7646,0.0000,-12.8078,0.0000,0.0000,0.000,0.000,,0.0,,,,,,,0,,0
7.3849,1790252644.903860,0.0204,0,,,0.000,,,0.0000,0.0000,0.0000,0.0000,0.0000,-13.0000,,,,CHO,0.0000,-12.7646,0.0000,-12.8078,0.0000,0.0000,0.000,0.000,,0.0,,,,,,,0,,0
7.4054,1790252644.924237,0.0205,0,,,0.000,,,0.0000,0.0000,0.0000,0.0000,0.0000,-13.0000,,,,CHO,0.0000,-12.7646,0.0000,-12.8078,0.0000,0.0000,0.000,0.000,,0.0,,,,,,,0,,0
7.4285,1790252644.947538,0.0231,0,,,0.000,,,0.0000,0.0000,0.0000,0.0000,0.0000,-13.0000,,,,CHO,0.0000,-12.7646,0.0000,-12.8078,0.0000,0.0000,0.000,0.000,,0.0,,,,,,,0,,0
7.4487,1790252644.967632,0.0202,0,,,0.000,,,0.0000,0.0000,0.0000,0.0000,0.0000,-13.0000,,,,CHO,0.0000,-12.7646,0.0000,-12.8078,0.0000,0.0000,0.000,0.000,,0.0,,,,,,,0,,0
7.4688,1790252644.987547,0.0200,0,,,0.000,,,0.0000,0.0000,0.0000,0.0000,0.0000,-13.0000,,,,CHO,0.0000,-12.7646,0.0000,-12.8078,0.0000,0.0000,0.000,0.000,,0.0,,,,,,,0,,0
7.4894,1790252645.008165,0.0206,0,,,0.000,,,0.0000,0.0000,0.0000,0.0000,0.0000,-13.0000,,,,CHO,0.0000,-12.7646,0.0000,-12.8078,0.0000,0.0000,0.000,0.000,,0.0,,,,,,,0,,0
7.5100,1790252645.028869,0.0207,0,,,0.000,,,0.0000,0.0000,0.0000,0.0000,0.0000,-13.0000,,,,CHO,0.0000,-12.7646,0.0000,-12.8078,0.0000,0.0000,0.000,0.000,,0.0,,,,,,,0,,0
7.5301,1790252645.048976,0.0200,0,,,0.000,,,0.0000,0.0000,0.0000,0.0000,0.0000,-13.0000,,,,CHO,0.0000,-12.7646,0.0000,-12.8078,0.0000,0.0000,0.000,0.000,,0.0,,,,,,,0,,0
7.5506,1790252645.069490,0.0205,0,,,0.000,,,0.0000,0.0000,0.0000,0.0000,0.0000,-13.0000,,,,CHO,0.0000,-12.7646,0.0000,-12.8078,0.0000,0.0000,0.000,0.000,,0.0,,,,,,,0,,0
7.5724,1790252645.091193,0.0219,0,,,0.000,,,0.0000,0.0000,0.0000,0.0000,0.0000,-13.0000,,,,CHO,0.0000,-12.7646,0.0000,-12.8078,0.0000,0.0000,0.000,0.000,,0.0,,,,,,,0,,0
7.5926,1790252645.111482,0.0202,0,,,0.000,,,0.0000,0.0000,0.0000,0.0000,0.0000,-13.0000,,,,CHO,0.0000,-12.7646,0.0000,-12.8078,0.0000,0.0000,0.000,0.000,,0.0,,,,,,,0,,0
7.6127,1790252645.131566,0.0202,0,,,0.000,,,0.0000,0.0000,0.0000,0.0000,0.0000,-13.0000,,,,CHO,0.0000,-12.7646,0.0000,-12.8078,0.0000,0.0000,0.000,0.000,,0.0,,,,,,,0,,0
7.6333,1790252645.152213,0.0205,0,,,0.000,,,0.0000,0.0000,0.0000,0.0000,0.0000,-13.0000,,,,CHO,0.0000,-12.7646,0.0000,-12.8078,0.0000,0.0000,0.000,0.000,,0.0,,,,,,,0,,0
7.6534,1790252645.172341,0.0202,0,,,0.000,,,0.0000,0.0000,0.0000,0.0000,0.0000,-13.0000,,,,CHO,0.0000,-12.7646,0.0000,-12.8078,0.0000,0.0000,0.000,0.000,,0.0,,,,,,,0,,0
7.6742,1790252645.192963,0.0208,0,,,0.000,,,0.0000,0.0000,0.0000,0.0000,0.0000,-13.0000,,,,CHO,0.0000,-12.7646,0.0000,-12.8078,0.0000,0.0000,0.000,0.000,,0.0,,,,,,,0,,0
7.6946,1790252645.213419,0.0204,0,,,0.000,,,0.0000,0.0000,0.0000,0.0000,0.0000,-13.0000,,,,CHO,0.0000,-12.7646,0.0000,-12.8078,0.0000,0.0000,0.000,0.000,,0.0,,,,,,,0,,0
7.7157,1790252645.234469,0.0211,0,,,0.000,,,0.0000,0.0000,0.0000,0.0000,0.0000,-13.0000,,,,CHO,0.0000,-12.7646,0.0000,-12.8078,0.0000,0.0000,0.000,0.000,,0.0,,,,,,,0,,0
7.7361,1790252645.254983,0.0203,0,,,0.000,,,0.0000,0.0000,0.0000,0.0000,0.0000,-13.0000,,,,CHO,0.0000,-12.7646,0.0000,-12.8078,0.0000,0.0000,0.000,0.000,,0.0,,,,,,,0,,0
7.7565,1790252645.275378,0.0204,0,,,0.000,,,0.0000,0.0000,0.0000,0.0000,0.0000,-13.0000,,,,CHO,0.0000,-12.7646,0.0000,-12.8078,0.0000,0.0000,0.000,0.000,,0.0,,,,,,,0,,0
7.7787,1790252645.297473,0.0222,0,,,0.000,,,0.0000,0.0000,0.0000,0.0000,0.0000,-13.0000,,,,CHO,0.0000,-12.7646,0.0000,-12.8078,0.0000,0.0000,0.000,0.000,,0.0,,,,,,,0,,0
7.7996,1790252645.318402,0.0209,0,,,0.000,,,0.0000,0.0000,0.0000,0.0000,0.0000,-13.0000,,,,CHO,0.0000,-12.7646,0.0000,-12.8078,0.0000,0.0000,0.000,0.000,,0.0,,,,,,,0,,0
7.8197,1790252645.338558,0.0201,0,,,0.000,,,0.0000,0.0000,0.0000,0.0000,0.0000,-13.0000,,,,CHO,0.0000,-12.7646,0.0000,-12.8078,0.0000,0.0000,0.000,0.000,,0.0,,,,,,,0,,0
7.8400,1790252645.358959,0.0204,0,,,0.000,,,0.0000,0.0000,0.0000,0.0000,0.0000,-13.0000,,,,CHO,0.0000,-12.7646,0.0000,-12.8078,0.0000,0.0000,0.000,0.000,,0.0,,,,,,,0,,0
7.8611,1790252645.379952,0.0210,0,,,0.000,,,0.0000,0.0000,0.0000,0.0000,0.0000,-13.0000,,,,CHO,0.0000,-12.7646,0.0000,-12.8078,0.0000,0.0000,0.000,0.000,,0.0,,,,,,,0,,0
7.8812,1790252645.400115,0.0201,0,,,0.000,,,0.0000,0.0000,0.0000,0.0000,0.0000,-13.0000,,,,CHO,0.0000,-12.7646,0.0000,-12.8078,0.0000,0.0000,0.000,0.000,,0.0,,,,,,,0,,0
7.9012,1790252645.420162,0.0200,0,,,0.000,,,0.0000,0.0000,0.0000,0.0000,0.0000,-13.0000,,,,CHO,0.0000,-12.7646,0.0000,-12.8078,0.0000,0.0000,0.000,0.000,,0.0,,,,,,,0,,0
7.9215,1790252645.440420,0.0203,0,,,0.000,,,0.0000,0.0000,0.0000,0.0000,0.0000,-13.0000,,,,CHO,0.0000,-12.7646,0.0000,-12.8078,0.0000,0.0000,0.000,0.000,,0.0,,,,,,,0,,0
7.9418,1790252645.460775,0.0203,0,,,0.000,,,0.0000,0.0000,0.0000,0.0000,0.0000,-13.0000,,,,CHO,0.0000,-12.7646,0.0000,-12.8078,0.0000,0.0000,0.000,0.000,,0.0,,,,,,,0,,0
7.9622,1790252645.481102,0.0203,0,,,0.000,,,0.0000,0.0000,0.0000,0.0000,0.0000,-13.0000,,,,CHO,0.0000,-12.7646,0.0000,-12.8078,0.0000,0.0000,0.000,0.000,,0.0,,,,,,,0,,0
7.9842,1790252645.503275,0.0220,0,,,0.000,,,0.0000,0.0000,0.0000,0.0000,0.0000,-13.0000,,,,CHO,0.0000,-12.7646,0.0000,-12.8078,0.0000,0.0000,0.000,0.000,,0.0,,,,,,,0,,0
8.0044,1790252645.523332,0.0202,0,,,0.000,,,0.0000,0.0000,0.0000,0.0000,0.0000,-13.0000,,,,CHO,0.0000,-12.7646,0.0000,-12.8078,0.0000,0.0000,0.000,0.000,,0.0,,,,,,,0,,0
8.0246,1790252645.543468,0.0202,0,,,0.000,,,0.0000,0.0000,0.0000,0.0000,0.0000,-13.0000,,,,CHO,0.0000,-12.7646,0.0000,-12.8078,0.0000,0.0000,0.000,0.000,,0.0,,,,,,,0,,0
8.0447,1790252645.563581,0.0201,0,,,0.000,,,0.0000,0.0000,0.0000,0.0000,0.0000,-13.0000,,,,CHO,0.0000,-12.7646,0.0000,-12.8078,0.0000,0.0000,0.000,0.000,,0.0,,,,,,,0,,0
8.0651,1790252645.583915,0.0204,0,,,0.000,,,0.0000,0.0000,0.0000,0.0000,0.0000,-13.0000,,,,CHO,0.0000,-12.7646,0.0000,-12.8078,0.0000,0.0000,0.000,0.000,,0.0,,,,,,,0,,0
8.0852,1790252645.604023,0.0200,0,,,0.000,,,0.0000,0.0000,0.0000,0.0000,0.0000,-13.0000,,,,CHO,0.0000,-12.7646,0.0000,-12.8078,0.0000,0.0000,0.000,0.000,,0.0,,,,,,,0,,0
8.1059,1790252645.624668,0.0207,0,,,0.000,,,0.0000,0.0000,0.0000,0.0000,0.0000,-13.0000,,,,CHO,0.0000,-12.7646,0.0000,-12.8078,0.0000,0.0000,0.000,0.000,,0.0,,,,,,,0,,0
8.1274,1790252645.646211,0.0215,0,,,0.000,,,0.0000,0.0000,0.0000,0.0000,0.0000,-13.0000,,,,CHO,0.0000,-12.7646,0.0000,-12.8078,0.0000,0.0000,0.000,0.000,,0.0,,,,,,,0,,0
8.1482,1790252645.667089,0.0208,0,,,0.000,,,0.0000,0.0000,0.0000,0.0000,0.0000,-13.0000,,,,CHO,0.0000,-12.7646,0.0000,-12.8078,0.0000,0.0000,0.000,0.000,,0.0,,,,,,,0,,0
8.1682,1790252645.687167,0.0200,0,,,0.000,,,0.0000,0.0000,0.0000,0.0000,0.0000,-13.0000,,,,CHO,0.0000,-12.7646,0.0000,-12.8078,0.0000,0.0000,0.000,0.000,,0.0,,,,,,,0,,0
8.1883,1790252645.707089,0.0201,0,,,0.000,,,0.0000,0.0000,0.0000,0.0000,0.0000,-13.0000,,,,CHO,0.0000,-12.7646,0.0000,-12.8078,0.0000,0.0000,0.000,0.000,,0.0,,,,,,,0,,0
8.2088,1790252645.727551,0.0204,0,,,0.000,,,0.0000,0.0000,0.0000,0.0000,0.0000,-13.0000,,,,CHO,0.0000,-12.7646,0.0000,-12.8078,0.0000,0.0000,0.000,0.000,,0.0,,,,,,,0,,0
8.2293,1790252645.748170,0.0205,0,,,0.000,,,0.0000,0.0000,0.0000,0.0000,0.0000,-13.0000,,,,CHO,0.0000,-12.7646,0.0000,-12.8078,0.0000,0.0000,0.000,0.000,,0.0,,,,,,,0,,0
8.2494,1790252645.768243,0.0201,0,,,0.000,,,0.0000,0.0000,0.0000,0.0000,0.0000,-13.0000,,,,CHO,0.0000,-12.7646,0.0000,-12.8078,0.0000,0.0000,0.000,0.000,,0.0,,,,,,,0,,0
8.2696,1790252645.788639,0.0202,0,,,0.000,,,0.0000,0.0000,0.0000,0.0000,0.0000,-13.0000,,,,CHO,0.0000,-12.7646,0.0000,-12.8078,0.0000,0.0000,0.000,0.000,,0.0,,,,,,,0,,0
8.2899,1790252645.808632,0.0203,0,,,0.000,,,0.0000,0.0000,0.0000,0.0000,0.0000,-13.0000,,,,CHO,0.0000,-12.7646,0.0000,-12.8078,0.0000,0.0000,0.000,0.000,,0.0,,,,,,,0,,0
8.3102,1790252645.828928,0.0203,0,,,0.000,,,0.0000,0.0000,0.0000,0.0000,0.0000,-13.0000,,,,CHO,0.0000,-12.7646,0.0000,-12.8078,0.0000,0.0000,0.000,0.000,,0.0,,,,,,,0,,0
8.3314,1790252645.850196,0.0212,0,,,0.000,,,0.0000,0.0000,0.0000,0.0000,0.0000,-13.0000,,,,CHO,0.0000,-12.7646,0.0000,-12.8078,0.0000,0.0000,0.000,0.000,,0.0,,,,,,,0,,0
8.3515,1790252645.870363,0.0201,0,,,0.000,,,0.0000,0.0000,0.0000,0.0000,0.0000,-13.0000,,,,CHO,0.0000,-12.7646,0.0000,-12.8078,0.0000,0.0000,0.000,0.000,,0.0,,,,,,,0,,0
8.3718,1790252645.890732,0.0203,0,,,0.000,,,0.0000,0.0000,0.0000,0.0000,0.0000,-13.0000,,,,CHO,0.0000,-12.7646,0.0000,-12.8078,0.0000,0.0000,0.000,0.000,,0.0,,,,,,,0,,0
8.3924,1790252645.911367,0.0206,0,,,0.000,,,0.0000,0.0000,0.0000,0.0000,0.0000,-13.0000,,,,CHO,0.0000,-12.7646,0.0000,-12.8078,0.0000,0.0000,0.000,0.000,,0.0,,,,,,,0,,0
8.4131,1790252645.932022,0.0207,0,,,0.000,,,0.0000,0.0000,0.0000,0.0000,0.0000,-13.0000,,,,CHO,0.0000,-12.7646,0.0000,-12.8078,0.0000,0.0000,0.000,0.000,,0.0,,,,,,,0,,0
8.4338,1790252645.952764,0.0207,0,,,0.000,,,0.0000,0.0000,0.0000,0.0000,0.0000,-13.0000,,,,CHO,0.0000,-12.7646,0.0000,-12.8078,0.0000,0.0000,0.000,0.000,,0.0,,,,,,,0,,0
8.4539,1790252645.972881,0.0201,0,,,0.000,,,0.0000,0.0000,0.0000,0.0000,0.0000,-13.0000,,,,CHO,0.0000,-12.7646,0.0000,-12.8078,0.0000,0.0000,0.000,0.000,,0.0,,,,,,,0,,0
8.4743,1790252645.992921,0.0203,0,,,0.000,,,0.0000,0.0000,0.0000,0.0000,0.0000,-13.0000,,,,CHO,0.0000,-12.7646,0.0000,-12.8078,0.0000,0.0000,0.000,0.000,,0.0,,,,,,,0,,0
8.4950,1790252646.013829,0.0207,0,,,0.000,,,0.0000,0.0000,0.0000,0.0000,0.0000,-13.0000,,,,CHO,0.0000,-12.7646,0.0000,-12.8078,0.0000,0.0000,0.000,0.000,,0.0,,,,,,,0,,0
8.5156,1790252646.034397,0.0206,0,,,0.000,,,0.0000,0.0000,0.0000,0.0000,0.0000,-13.0000,,,,CHO,0.0000,-12.7646,0.0000,-12.8078,0.0000,0.0000,0.000,0.000,,0.0,,,,,,,0,,0
8.5360,1790252646.054839,0.0204,0,,,0.000,,,0.0000,0.0000,0.0000,0.0000,0.0000,-13.0000,,,,CHO,0.0000,-12.7646,0.0000,-12.8078,0.0000,0.0000,0.000,0.000,,0.0,,,,,,,0,,0
8.5577,1790252646.076392,0.0217,0,,,0.000,,,0.0000,0.0000,0.0000,0.0000,0.0000,-13.0000,,,,CHO,0.0000,-12.7646,0.0000,-12.8078,0.0000,0.0000,0.000,0.000,,0.0,,,,,,,0,,0
8.5785,1790252646.097363,0.0208,0,,,0.000,,,0.0000,0.0000,0.0000,0.0000,0.0000,-13.0000,,,,CHO,0.0000,-12.7646,0.0000,-12.8078,0.0000,0.0000,0.000,0.000,,0.0,,,,,,,0,,0
8.5988,1790252646.117745,0.0203,0,,,0.000,,,0.0000,0.0000,0.0000,0.0000,0.0000,-13.0000,,,,CHO,0.0000,-12.7646,0.0000,-12.8078,0.0000,0.0000,0.000,0.000,,0.0,,,,,,,0,,0
8.6191,1790252646.138083,0.0203,0,,,0.000,,,0.0000,0.0000,0.0000,0.0000,0.0000,-13.0000,,,,CHO,0.0000,-12.7646,0.0000,-12.8078,0.0000,0.0000,0.000,0.000,,0.0,,,,,,,0,,0
8.6396,1790252646.158457,0.0204,0,,,0.000,,,0.0000,0.0000,0.0000,0.0000,0.0000,-13.0000,,,,CHO,0.0000,-12.7646,0.0000,-12.8078,0.0000,0.0000,0.000,0.000,,0.0,,,,,,,0,,0
8.6598,1790252646.178721,0.0202,0,,,0.000,,,0.0000,0.0000,0.0000,0.0000,0.0000,-13.0000,,,,CHO,0.0000,-12.7646,0.0000,-12.8078,0.0000,0.0000,0.000,0.000,,0.0,,,,,,,0,,0
8.6798,1790252646.198715,0.0200,0,,,0.000,,,0.0000,0.0000,0.0000,0.0000,0.0000,-13.0000,,,,CHO,0.0000,-12.7646,0.0000,-12.8078,0.0000,0.0000,0.000,0.000,,0.0,,,,,,,0,,0
8.7003,1790252646.218929,0.0205,0,,,0.000,,,0.0000,0.0000,0.0000,0.0000,0.0000,-13.0000,,,,CHO,0.0000,-12.7646,0.0000,-12.8078,0.0000,0.0000,0.000,0.000,,0.0,,,,,,,0,,0
8.7205,1790252646.239430,0.0203,0,,,0.000,,,0.0000,0.0000,0.0000,0.0000,0.0000,-13.0000,,,,CHO,0.0000,-12.7646,0.0000,-12.8078,0.0000,0.0000,0.000,0.000,,0.0,,,,,,,0,,0
8.7408,1790252646.259685,0.0203,0,,,0.000,,,0.0000,0.0000,0.0000,0.0000,0.0000,-13.0000,,,,CHO,0.0000,-12.7646,0.0000,-12.8078,0.0000,0.0000,0.000,0.000,,0.0,,,,,,,0,,0
8.7613,1790252646.280249,0.0205,0,,,0.000,,,0.0000,0.0000,0.0000,0.0000,0.0000,-13.0000,,,,CHO,0.0000,-12.7646,0.0000,-12.8078,0.0000,0.0000,0.000,0.000,,0.0,,,,,,,0,,0
8.7815,1790252646.300202,0.0202,0,,,0.000,,,0.0000,0.0000,0.0000,0.0000,0.0000,-13.0000,,,,CHO,0.0000,-12.7646,0.0000,-12.8078,0.0000,0.0000,0.000,0.000,,0.0,,,,,,,0,,0
8.8021,1790252646.320895,0.0206,0,,,0.000,,,0.0000,0.0000,0.0000,0.0000,0.0000,-13.0000,,,,CHO,0.0000,-12.7646,0.0000,-12.8078,0.0000,0.0000,0.000,0.000,,0.0,,,,,,,0,,0
8.8228,1790252646.341683,0.0206,0,,,0.000,,,0.0000,0.0000,0.0000,0.0000,0.0000,-13.0000,,,,CHO,0.0000,-12.7646,0.0000,-12.8078,0.0000,0.0000,0.000,0.000,,0.0,,,,,,,0,,0
8.8428,1790252646.361513,0.0201,0,,,0.000,,,0.0000,0.0000,0.0000,0.0000,0.0000,-13.0000,,,,CHO,0.0000,-12.7646,0.0000,-12.8078,0.0000,0.0000,0.000,0.000,,0.0,,,,,,,0,,0
8.8634,1790252646.382230,0.0206,0,,,0.000,,,0.0000,0.0000,0.0000,0.0000,0.0000,-13.0000,,,,CHO,0.0000,-12.7646,0.0000,-12.8078,0.0000,0.0000,0.000,0.000,,0.0,,,,,,,0,,0
8.8839,1790252646.402800,0.0205,0,,,0.000,,,0.0000,0.0000,0.0000,0.0000,0.0000,-13.0000,,,,CHO,0.0000,-12.7646,0.0000,-12.8078,0.0000,0.0000,0.000,0.000,,0.0,,,,,,,0,,0
8.9043,1790252646.423263,0.0204,0,,,0.000,,,0.0000,0.0000,0.0000,0.0000,0.0000,-13.0000,,,,CHO,0.0000,-12.7646,0.0000,-12.8078,0.0000,0.0000,0.000,0.000,,0.0,,,,,,,0,,0
8.9250,1790252646.443904,0.0207,0,,,0.000,,,0.0000,0.0000,0.0000,0.0000,0.0000,-13.0000,,,,CHO,0.0000,-12.7646,0.0000,-12.8078,0.0000,0.0000,0.000,0.000,,0.0,,,,,,,0,,0
8.9452,1790252646.464167,0.0203,0,,,0.000,,,0.0000,0.0000,0.0000,0.0000,0.0000,-13.0000,,,,CHO,0.0000,-12.7646,0.0000,-12.8078,0.0000,0.0000,0.000,0.000,,0.0,,,,,,,0,,0
8.9656,1790252646.484560,0.0204,0,,,0.000,,,0.0000,0.0000,0.0000,0.0000,0.0000,-13.0000,,,,CHO,0.0000,-12.7646,0.0000,-12.8078,0.0000,0.0000,0.000,0.000,,0.0,,,,,,,0,,0
8.9862,1790252646.504948,0.0206,0,,,0.000,,,0.0000,0.0000,0.0000,0.0000,0.0000,-13.0000,,,,CHO,0.0000,-12.7646,0.0000,-12.8078,0.0000,0.0000,0.000,0.000,,0.0,,,,,,,0,,0
9.0065,1790252646.525358,0.0203,0,,,0.000,,,0.0000,0.0000,0.0000,0.0000,0.0000,-13.0000,,,,CHO,0.0000,-12.7646,0.0000,-12.8078,0.0000,0.0000,0.000,0.000,,0.0,,,,,,,0,,0
9.0270,1790252646.545677,0.0204,0,,,0.000,,,0.0000,0.0000,0.0000,0.0000,0.0000,-13.0000,,,,CHO,0.0000,-12.7646,0.0000,-12.8078,0.0000,0.0000,0.000,0.000,,0.0,,,,,,,0,,0
9.0497,1790252646.568496,0.0228,0,,,0.000,,,0.0000,0.0000,0.0000,0.0000,0.0000,-13.0000,,,,CHO,0.0000,-12.7646,0.0000,-12.8078,0.0000,0.0000,0.000,0.000,,0.0,,,,,,,0,,0
9.0701,1790252646.588893,0.0203,0,,,0.000,,,0.0000,0.0000,0.0000,0.0000,0.0000,-13.0000,,,,CHO,0.0000,-12.7646,0.0000,-12.8078,0.0000,0.0000,0.000,0.000,,0.0,,,,,,,0,,0
9.0904,1790252646.609236,0.0204,0,,,0.000,,,0.0000,0.0000,0.0000,0.0000,0.0000,-13.0000,,,,CHO,0.0000,-12.7646,0.0000,-12.8078,0.0000,0.0000,0.000,0.000,,0.0,,,,,,,0,,0
9.1105,1790252646.629371,0.0201,0,,,0.000,,,0.0000,0.0000,0.0000,0.0000,0.0000,-13.0000,,,,CHO,0.0000,-12.7646,0.0000,-12.8078,0.0000,0.0000,0.000,0.000,,0.0,,,,,,,0,,0
9.1310,1790252646.649839,0.0205,0,,,0.000,,,0.0000,0.0000,0.0000,0.0000,0.0000,-13.0000,,,,CHO,0.0000,-12.7646,0.0000,-12.8078,0.0000,0.0000,0.000,0.000,,0.0,,,,,,,0,,0
9.1513,1790252646.670102,0.0203,0,,,0.000,,,0.0000,0.0000,0.0000,0.0000,0.0000,-13.0000,,,,CHO,0.0000,-12.7646,0.0000,-12.8078,0.0000,0.0000,0.000,0.000,,0.0,,,,,,,0,,0
9.1714,1790252646.690342,0.0201,0,,,0.000,,,0.0000,0.0000,0.0000,0.0000,0.0000,-13.0000,,,,CHO,0.0000,-12.7646,0.0000,-12.8078,0.0000,0.0000,0.000,0.000,,0.0,,,,,,,0,,0
9.1918,1790252646.710517,0.0203,0,,,0.000,,,0.0000,0.0000,0.0000,0.0000,0.0000,-13.0000,,,,CHO,0.0000,-12.7646,0.0000,-12.8078,0.0000,0.0000,0.000,0.000,,0.0,,,,,,,0,,0
9.2125,1790252646.731251,0.0207,0,,,0.000,,,0.0000,0.0000,0.0000,0.0000,0.0000,-13.0000,,,,CHO,0.0000,-12.7646,0.0000,-12.8078,0.0000,0.0000,0.000,0.000,,0.0,,,,,,,0,,0
9.2329,1790252646.751772,0.0204,0,,,0.000,,,0.0000,0.0000,0.0000,0.0000,0.0000,-13.0000,,,,CHO,0.0000,-12.7646,0.0000,-12.8078,0.0000,0.0000,0.000,0.000,,0.0,,,,,,,0,,0
9.2531,1790252646.771793,0.0202,0,,,0.000,,,0.0000,0.0000,0.0000,0.0000,0.0000,-13.0000,,,,CHO,0.0000,-12.7646,0.0000,-12.8078,0.0000,0.0000,0.000,0.000,,0.0,,,,,,,0,,0
9.2735,1790252646.792470,0.0204,0,,,0.000,,,0.0000,0.0000,0.0000,0.0000,0.0000,-13.0000,,,,CHO,0.0000,-12.7646,0.0000,-12.8078,0.0000,0.0000,0.000,0.000,,0.0,,,,,,,0,,0
9.2941,1790252646.812832,0.0206,0,,,0.000,,,0.0000,0.0000,0.0000,0.0000,0.0000,-13.0000,,,,CHO,0.0000,-12.7646,0.0000,-12.8078,0.0000,0.0000,0.000,0.000,,0.0,,,,,,,0,,0
9.3149,1790252646.833638,0.0208,0,,,0.000,,,0.0000,0.0000,0.0000,0.0000,0.0000,-13.0000,,,,CHO,0.0000,-12.7646,0.0000,-12.8078,0.0000,0.0000,0.000,0.000,,0.0,,,,,,,0,,0
9.3350,1790252646.853829,0.0202,0,,,0.000,,,0.0000,0.0000,0.0000,0.0000,0.0000,-13.0000,,,,CHO,0.0000,-12.7646,0.0000,-12.8078,0.0000,0.0000,0.000,0.000,,0.0,,,,,,,0,,0
9.3556,1790252646.874537,0.0206,0,,,0.000,,,0.0000,0.0000,0.0000,0.0000,0.0000,-13.0000,,,,CHO,0.0000,-12.7646,0.0000,-12.8078,0.0000,0.0000,0.000,0.000,,0.0,,,,,,,0,,0
9.3763,1790252646.895117,0.0206,0,,,0.000,,,0.0000,0.0000,0.0000,0.0000,0.0000,-13.0000,,,,CHO,0.0000,-12.7646,0.0000,-12.8078,0.0000,0.0000,0.000,0.000,,0.0,,,,,,,0,,0
9.3965,1790252646.915389,0.0202,0,,,0.000,,,0.0000,0.0000,0.0000,0.0000,0.0000,-13.0000,,,,CHO,0.0000,-12.7646,0.0000,-12.8078,0.0000,0.0000,0.000,0.000,,0.0,,,,,,,0,,0
9.4167,1790252646.935448,0.0203,0,,,0.000,,,0.0000,0.0000,0.0000,0.0000,0.0000,-13.0000,,,,CHO,0.0000,-12.7646,0.0000,-12.8078,0.0000,0.0000,0.000,0.000,,0.0,,,,,,,0,,0
9.4376,1790252646.956397,0.0209,0,,,0.000,,,0.0000,0.0000,0.0000,0.0000,0.0000,-13.0000,,,,CHO,0.0000,-12.7646,0.0000,-12.8078,0.0000,0.0000,0.000,0.000,,0.0,,,,,,,0,,0
9.4577,1790252646.976601,0.0201,0,,,0.000,,,0.0000,0.0000,0.0000,0.0000,0.0000,-13.0000,,,,CHO,0.0000,-12.7646,0.0000,-12.8078,0.0000,0.0000,0.000,0.000,,0.0,,,,,,,0,,0
9.4782,1790252646.997127,0.0205,0,,,0.000,,,0.0000,0.0000,0.0000,0.0000,0.0000,-13.0000,,,,CHO,0.0000,-12.7646,0.0000,-12.8078,0.0000,0.0000,0.000,0.000,,0.0,,,,,,,0,,0
9.4982,1790252647.017061,0.0200,0,,,0.000,,,0.0000,0.0000,0.0000,0.0000,0.0000,-13.0000,,,,CHO,0.0000,-12.7646,0.0000,-12.8078,0.0000,0.0000,0.000,0.000,,0.0,,,,,,,0,,0
9.5187,1790252647.037466,0.0205,0,,,0.000,,,0.0000,0.0000,0.0000,0.0000,0.0000,-13.0000,,,,CHO,0.0000,-12.7646,0.0000,-12.8078,0.0000,0.0000,0.000,0.000,,0.0,,,,,,,0,,0
9.5392,1790252647.058134,0.0206,0,,,0.000,,,0.0000,0.0000,0.0000,0.0000,0.0000,-13.0000,,,,CHO,0.0000,-12.7646,0.0000,-12.8078,0.0000,0.0000,0.000,0.000,,0.0,,,,,,,0,,0
9.5600,1790252647.078779,0.0208,0,,,0.000,,,0.0000,0.0000,0.0000,0.0000,0.0000,-13.0000,,,,CHO,0.0000,-12.7646,0.0000,-12.8078,0.0000,0.0000,0.000,0.000,,0.0,,,,,,,0,,0
9.5805,1790252647.099376,0.0205,0,,,0.000,,,0.0000,0.0000,0.0000,0.0000,0.0000,-13.0000,,,,CHO,0.0000,-12.7646,0.0000,-12.8078,0.0000,0.0000,0.000,0.000,,0.0,,,,,,,0,,0
9.6008,1790252647.119760,0.0203,0,,,0.000,,,0.0000,0.0000,0.0000,0.0000,0.0000,-13.0000,,,,CHO,0.0000,-12.7646,0.0000,-12.8078,0.0000,0.0000,0.000,0.000,,0.0,,,,,,,0,,0
9.6233,1790252647.142125,0.0225,0,,,0.000,,,0.0000,0.0000,0.0000,0.0000,0.0000,-13.0000,,,,CHO,0.0000,-12.7646,0.0000,-12.8078,0.0000,0.0000,0.000,0.000,,0.0,,,,,,,0,,0
9.6439,1790252647.162801,0.0206,0,,,0.000,,,0.0000,0.0000,0.0000,0.0000,0.0000,-13.0000,,,,CHO,0.0000,-12.7646,0.0000,-12.8078,0.0000,0.0000,0.000,0.000,,0.0,,,,,,,0,,0
9.6647,1790252647.183543,0.0208,0,,,0.000,,,0.0000,0.0000,0.0000,0.0000,0.0000,-13.0000,,,,CHO,0.0000,-12.7646,0.0000,-12.8078,0.0000,0.0000,0.000,0.000,,0.0,,,,,,,0,,0
9.6873,1790252647.206108,0.0226,0,,,0.000,,,0.0000,0.0000,0.0000,0.0000,0.0000,-13.0000,,,,CHO,0.0000,-12.7646,0.0000,-12.8078,0.0000,0.0000,0.000,0.000,,0.0,,,,,,,0,,0
9.7079,1790252647.226835,0.0206,0,,,0.000,,,0.0000,0.0000,0.0000,0.0000,0.0000,-13.0000,,,,CHO,0.0000,-12.7646,0.0000,-12.8078,0.0000,0.0000,0.000,0.000,,0.0,,,,,,,0,,0
9.7280,1790252647.246957,0.0201,0,,,0.000,,,0.0000,0.0000,0.0000,0.0000,0.0000,-13.0000,,,,CHO,0.0000,-12.7646,0.0000,-12.8078,0.0000,0.0000,0.000,0.000,,0.0,,,,,,,0,,0
9.7482,1790252647.266908,0.0201,0,,,0.000,,,0.0000,0.0000,0.0000,0.0000,0.0000,-13.0000,,,,CHO,0.0000,-12.7646,0.0000,-12.8078,0.0000,0.0000,0.000,0.000,,0.0,,,,,,,0,,0
9.7684,1790252647.287341,0.0203,0,,,0.000,,,0.0000,0.0000,0.0000,0.0000,0.0000,-13.0000,,,,CHO,0.0000,-12.7646,0.0000,-12.8078,0.0000,0.0000,0.000,0.000,,0.0,,,,,,,0,,0
9.7890,1790252647.307884,0.0205,0,,,0.000,,,0.0000,0.0000,0.0000,0.0000,0.0000,-13.0000,,,,CHO,0.0000,-12.7646,0.0000,-12.8078,0.0000,0.0000,0.000,0.000,,0.0,,,,,,,0,,0
9.8098,1790252647.328541,0.0208,0,,,0.000,,,0.0000,0.0000,0.0000,0.0000,0.0000,-13.0000,,,,CHO,0.0000,-12.7646,0.0000,-12.8078,0.0000,0.0000,0.000,0.000,,0.0,,,,,,,0,,0
9.8311,1790252647.349891,0.0213,0,,,0.000,,,0.0000,0.0000,0.0000,0.0000,0.0000,-13.0000,,,,CHO,0.0000,-12.7646,0.0000,-12.8078,0.0000,0.0000,0.000,0.000,,0.0,,,,,,,0,,0
9.8519,1790252647.370773,0.0209,0,,,0.000,,,0.0000,0.0000,0.0000,0.0000,0.0000,-13.0000,,,,CHO,0.0000,-12.7646,0.0000,-12.8078,0.0000,0.0000,0.000,0.000,,0.0,,,,,,,0,,0
9.8723,1790252647.391169,0.0203,0,,,0.000,,,0.0000,0.0000,0.0000,0.0000,0.0000,-13.0000,,,,CHO,0.0000,-12.7646,0.0000,-12.8078,0.0000,0.0000,0.000,0.000,,0.0,,,,,,,0,,0
9.8953,1790252647.414144,0.0230,0,,,0.000,,,0.0000,0.0000,0.0000,0.0000,0.0000,-13.0000,,,,CHO,0.0000,-12.7646,0.0000,-12.8078,0.0000,0.0000,0.000,0.000,,0.0,,,,,,,0,,0
9.9155,1790252647.434426,0.0202,0,,,0.000,,,0.0000,0.0000,0.0000,0.0000,0.0000,-13.0000,,,,CHO,0.0000,-12.7646,0.0000,-12.8078,0.0000,0.0000,0.000,0.000,,0.0,,,,,,,0,,0
9.9357,1790252647.454530,0.0202,0,,,0.000,,,0.0000,0.0000,0.0000,0.0000,0.0000,-13.0000,,,,CHO,0.0000,-12.7646,0.0000,-12.8078,0.0000,0.0000,0.000,0.000,,0.0,,,,,,,0,,0
9.9558,1790252647.474591,0.0201,0,,,0.000,,,0.0000,0.0000,0.0000,0.0000,0.0000,-13.0000,,,,CHO,0.0000,-12.7646,0.0000,-12.8078,0.0000,0.0000,0.000,0.000,,0.0,,,,,,,0,,0
9.9758,1790252647.494612,0.0200,0,,,0.000,,,0.0000,0.0000,0.0000,0.0000,0.0000,-13.0000,,,,CHO,0.0000,-12.7646,0.0000,-12.8078,0.0000,0.0000,0.000,0.000,,0.0,,,,,,,0,,0
9.9966,1790252647.515364,0.0208,0,,,0.000,,,0.0000,0.0000,0.0000,0.0000,0.0000,-13.0000,,,,CHO,0.0000,-12.7646,0.0000,-12.8078,0.0000,0.0000,0.000,0.000,,0.0,,,,,,,0,,0
10.0168,1790252647.535568,0.0202,0,,,0.000,,,0.0000,0.0000,0.0000,0.0000,0.0000,-13.0000,,,,CHO,0.0000,-12.7646,0.0000,-12.8078,0.0000,0.0000,0.000,0.000,,0.0,,,,,,,0,,0
10.0368,1790252647.555692,0.0200,0,,,0.000,,,0.0000,0.0000,0.0000,0.0000,0.0000,-13.0000,,,,CHO,0.0000,-12.7646,0.0000,-12.8078,0.0000,0.0000,0.000,0.000,,0.0,,,,,,,0,,0
10.0569,1790252647.575588,0.0201,0,,,0.000,,,0.0000,0.0000,0.0000,0.0000,0.0000,-13.0000,,,,CHO,0.0000,-12.7646,0.0000,-12.8078,0.0000,0.0000,0.000,0.000,,0.0,,,,,,,0,,0
10.0775,1790252647.596390,0.0206,0,,,0.000,,,0.0000,0.0000,0.0000,0.0000,0.0000,-13.0000,,,,CHO,0.0000,-12.7646,0.0000,-12.8078,0.0000,0.0000,0.000,0.000,,0.0,,,,,,,0,,0
10.0977,1790252647.616567,0.0202,0,,,0.000,,,0.0000,0.0000,0.0000,0.0000,0.0000,-13.0000,,,,CHO,0.0000,-12.7646,0.0000,-12.8078,0.0000,0.0000,0.000,0.000,,0.0,,,,,,,0,,0
10.1197,1790252647.638463,0.0221,0,,,0.000,,,0.0000,0.0000,0.0000,0.0000,0.0000,-13.0000,,,,CHO,0.0000,-12.7646,0.0000,-12.8078,0.0000,0.0000,0.000,0.000,,0.0,,,,,,,0,,0
10.1404,1790252647.659248,0.0206,0,,,0.000,,,0.0000,0.0000,0.0000,0.0000,0.0000,-13.0000,,,,CHO,0.0000,-12.7646,0.0000,-12.8078,0.0000,0.0000,0.000,0.000,,0.0,,,,,,,0,,0
10.1605,1790252647.679264,0.0201,0,,,0.000,,,0.0000,0.0000,0.0000,0.0000,0.0000,-13.0000,,,,CHO,0.0000,-12.7646,0.0000,-12.8078,0.0000,0.0000,0.000,0.000,,0.0,,,,,,,0,,0
10.1806,1790252647.699413,0.0201,0,,,0.000,,,0.0000,0.0000,0.0000,0.0000,0.0000,-13.0000,,,,CHO,0.0000,-12.7646,0.0000,-12.8078,0.0000,0.0000,0.000,0.000,,0.0,,,,,,,0,,0
10.2008,1790252647.719674,0.0203,0,,,0.000,,,0.0000,0.0000,0.0000,0.0000,0.0000,-13.0000,,,,CHO,0.0000,-12.7646,0.0000,-12.8078,0.0000,0.0000,0.000,0.000,,0.0,,,,,,,0,,0
10.2210,1790252647.739910,0.0202,0,,,0.000,,,0.0000,0.0000,0.0000,0.0000,0.0000,-13.0000,,,,CHO,0.0000,-12.7646,0.0000,-12.8078,0.0000,0.0000,0.000,0.000,,0.0,,,,,,,0,,0
10.2413,1790252647.760188,0.0203,0,,,0.000,,,0.0000,0.0000,0.0000,0.0000,0.0000,-13.0000,,,,CHO,0.0000,-12.7646,0.0000,-12.8078,0.0000,0.0000,0.000,0.000,,0.0,,,,,,,0,,0
10.2616,1790252647.780372,0.0203,0,,,0.000,,,0.0000,0.0000,0.0000,0.0000,0.0000,-13.0000,,,,CHO,0.0000,-12.7646,0.0000,-12.8078,0.0000,0.0000,0.000,0.000,,0.0,,,,,,,0,,0
10.2818,1790252647.800664,0.0202,0,,,0.000,,,0.0000,0.0000,0.0000,0.0000,0.0000,-13.0000,,,,CHO,0.0000,-12.7646,0.0000,-12.8078,0.0000,0.0000,0.000,0.000,,0.0,,,,,,,0,,0
10.3022,1790252647.821029,0.0204,0,,,0.000,,,0.0000,0.0000,0.0000,0.0000,0.0000,-13.0000,,,,CHO,0.0000,-12.7646,0.0000,-12.8078,0.0000,0.0000,0.000,0.000,,0.0,,,,,,,0,,0
10.3224,1790252647.841217,0.0202,0,,,0.000,,,0.0000,0.0000,0.0000,0.0000,0.0000,-13.0000,,,,CHO,0.0000,-12.7646,0.0000,-12.8078,0.0000,0.0000,0.000,0.000,,0.0,,,,,,,0,,0
10.3426,1790252647.861262,0.0202,0,,,0.000,,,0.0000,0.0000,0.0000,0.0000,0.0000,-13.0000,,,,CHO,0.0000,-12.7646,0.0000,-12.8078,0.0000,0.0000,0.000,0.000,,0.0,,,,,,,0,,0
10.3628,1790252647.881653,0.0202,0,,,0.000,,,0.0000,0.0000,0.0000,0.0000,0.0000,-13.0000,,,,CHO,0.0000,-12.7646,0.0000,-12.8078,0.0000,0.0000,0.000,0.000,,0.0,,,,,,,0,,0
10.3832,1790252647.901934,0.0204,0,,,0.000,,,0.0000,0.0000,0.0000,0.0000,0.0000,-13.0000,,,,CHO,0.0000,-12.7646,0.0000,-12.8078,0.0000,0.0000,0.000,0.000,,0.0,,,,,,,0,,0
10.4032,1790252647.921933,0.0201,0,,,0.000,,,0.0000,0.0000,0.0000,0.0000,0.0000,-13.0000,,,,CHO,0.0000,-12.7646,0.0000,-12.8078,0.0000,0.0000,0.000,0.000,,0.0,,,,,,,0,,0
10.4234,1790252647.942292,0.0202,0,,,0.000,,,0.0000,0.0000,0.0000,0.0000,0.0000,-13.0000,,,,CHO,0.0000,-12.7646,0.0000,-12.8078,0.0000,0.0000,0.000,0.000,,0.0,,,,,,,0,,0
10.4438,1790252647.962750,0.0204,0,,,0.000,,,0.0000,0.0000,0.0000,0.0000,0.0000,-13.0000,,,,CHO,0.0000,-12.7646,0.0000,-12.8078,0.0000,0.0000,0.000,0.000,,0.0,,,,,,,0,,0
10.4643,1790252647.983138,0.0205,0,,,0.000,,,0.0000,0.0000,0.0000,0.0000,0.0000,-13.0000,,,,CHO,0.0000,-12.7646,0.0000,-12.8078,0.0000,0.0000,0.000,0.000,,0.0,,,,,,,0,,0
10.4855,1790252648.004264,0.0212,0,,,0.000,,,0.0000,0.0000,0.0000,0.0000,0.0000,-13.0000,,,,CHO,0.0000,-12.7646,0.0000,-12.8078,0.0000,0.0000,0.000,0.000,,0.0,,,,,,,0,,0
10.5059,1790252648.024865,0.0204,0,,,0.000,,,0.0000,0.0000,0.0000,0.0000,0.0000,-13.0000,,,,CHO,0.0000,-12.7646,0.0000,-12.8078,0.0000,0.0000,0.000,0.000,,0.0,,,,,,,0,,0
10.5260,1790252648.044748,0.0200,0,,,0.000,,,0.0000,0.0000,0.0000,0.0000,0.0000,-13.0000,,,,CHO,0.0000,-12.7646,0.0000,-12.8078,0.0000,0.0000,0.000,0.000,,0.0,,,,,,,0,,0
10.5498,1790252648.068415,0.0238,0,,,0.000,,,0.0000,0.0000,0.0000,0.0000,0.0000,-13.0000,,,,CHO,0.0000,-12.7646,0.0000,-12.8078,0.0000,0.0000,0.000,0.000,,0.0,,,,,,,0,,0
10.5701,1790252648.088974,0.0203,0,,,0.000,,,0.0000,0.0000,0.0000,0.0000,0.0000,-13.0000,,,,CHO,0.0000,-12.7646,0.0000,-12.8078,0.0000,0.0000,0.000,0.000,,0.0,,,,,,,0,,0
10.5902,1790252648.108899,0.0201,0,,,0.000,,,0.0000,0.0000,0.0000,0.0000,0.0000,-13.0000,,,,CHO,0.0000,-12.7646,0.0000,-12.8078,0.0000,0.0000,0.000,0.000,,0.0,,,,,,,0,,0
10.6105,1790252648.129332,0.0203,0,,,0.000,,,0.0000,0.0000,0.0000,0.0000,0.0000,-13.0000,,,,CHO,0.0000,-12.7646,0.0000,-12.8078,0.0000,0.0000,0.000,0.000,,0.0,,,,,,,0,,0
10.6309,1790252648.149771,0.0204,0,,,0.000,,,0.0000,0.0000,0.0000,0.0000,0.0000,-13.0000,,,,CHO,0.0000,-12.7646,0.0000,-12.8078,0.0000,0.0000,0.000,0.000,,0.0,,,,,,,0,,0
10.6510,1790252648.169917,0.0201,0,,,0.000,,,0.0000,0.0000,0.0000,0.0000,0.0000,-13.0000,,,,CHO,0.0000,-12.7646,0.0000,-12.8078,0.0000,0.0000,0.000,0.000,,0.0,,,,,,,0,,0
10.6711,1790252648.189847,0.0201,0,,,0.000,,,0.0000,0.0000,0.0000,0.0000,0.0000,-13.0000,,,,CHO,0.0000,-12.7646,0.0000,-12.8078,0.0000,0.0000,0.000,0.000,,0.0,,,,,,,0,,0
10.6916,1790252648.210389,0.0205,0,,,0.000,,,0.0000,0.0000,0.0000,0.0000,0.0000,-13.0000,,,,CHO,0.0000,-12.7646,0.0000,-12.8078,0.0000,0.0000,0.000,0.000,,0.0,,,,,,,0,,0
10.7119,1790252648.230713,0.0202,0,,,0.000,,,0.0000,0.0000,0.0000,0.0000,0.0000,-13.0000,,,,CHO,0.0000,-12.7646,0.0000,-12.8078,0.0000,0.0000,0.000,0.000,,0.0,,,,,,,0,,0
10.7320,1790252648.250684,0.0201,0,,,0.000,,,0.0000,0.0000,0.0000,0.0000,0.0000,-13.0000,,,,CHO,0.0000,-12.7646,0.0000,-12.8078,0.0000,0.0000,0.000,0.000,,0.0,,,,,,,0,,0
10.7524,1790252648.271173,0.0204,0,,,0.000,,,0.0000,0.0000,0.0000,0.0000,0.0000,-13.0000,,,,CHO,0.0000,-12.7646,0.0000,-12.8078,0.0000,0.0000,0.000,0.000,,0.0,,,,,,,0,,0
10.7726,1790252648.291545,0.0202,0,,,0.000,,,0.0000,0.0000,0.0000,0.0000,0.0000,-13.0000,,,,CHO,0.0000,-12.7646,0.0000,-12.8078,0.0000,0.0000,0.000,0.000,,0.0,,,,,,,0,,0
10.7934,1790252648.312260,0.0208,0,,,0.000,,,0.0000,0.0000,0.0000,0.0000,0.0000,-13.0000,,,,CHO,0.0000,-12.7646,0.0000,-12.8078,0.0000,0.0000,0.000,0.000,,0.0,,,,,,,0,,0
10.8137,1790252648.332556,0.0203,0,,,0.000,,,0.0000,0.0000,0.0000,0.0000,0.0000,-13.0000,,,,CHO,0.0000,-12.7646,0.0000,-12.8078,0.0000,0.0000,0.000,0.000,,0.0,,,,,,,0,,0
10.8353,1790252648.353990,0.0217,0,,,0.000,,,0.0000,0.0000,0.0000,0.0000,0.0000,-13.0000,,,,CHO,0.0000,-12.7646,0.0000,-12.8078,0.0000,0.0000,0.000,0.000,,0.0,,,,,,,0,,0
10.8561,1790252648.375313,0.0208,0,,,0.000,,,0.0000,0.0000,0.0000,0.0000,0.0000,-13.0000,,,,CHO,0.0000,-12.7646,0.0000,-12.8078,0.0000,0.0000,0.000,0.000,,0.0,,,,,,,0,,0
10.8768,1790252648.395638,0.0207,0,,,0.000,,,0.0000,0.0000,0.0000,0.0000,0.0000,-13.0000,,,,CHO,0.0000,-12.7646,0.0000,-12.8078,0.0000,0.0000,0.000,0.000,,0.0,,,,,,,0,,0
10.8990,1790252648.417789,0.0222,0,,,0.000,,,0.0000,0.0000,0.0000,0.0000,0.0000,-13.0000,,,,CHO,0.0000,-12.7646,0.0000,-12.8078,0.0000,0.0000,0.000,0.000,,0.0,,,,,,,0,,0
10.9199,1790252648.438608,0.0209,0,,,0.000,,,0.0000,0.0000,0.0000,0.0000,0.0000,-13.0000,,,,CHO,0.0000,-12.7646,0.0000,-12.8078,0.0000,0.0000,0.000,0.000,,0.0,,,,,,,0,,0
10.9403,1790252648.458995,0.0204,0,,,0.000,,,0.0000,0.0000,0.0000,0.0000,0.0000,-13.0000,,,,CHO,0.0000,-12.7646,0.0000,-12.8078,0.0000,0.0000,0.000,0.000,,0.0,,,,,,,0,,0
10.9626,1790252648.481354,0.0223,0,,,0.000,,,0.0000,0.0000,0.0000,0.0000,0.0000,-13.0000,,,,CHO,0.0000,-12.7646,0.0000,-12.8078,0.0000,0.0000,0.000,0.000,,0.0,,,,,,,0,,0
10.9833,1790252648.502024,0.0206,0,,,0.000,,,0.0000,0.0000,0.0000,0.0000,0.0000,-13.0000,,,,CHO,0.0000,-12.7646,0.0000,-12.8078,0.0000,0.0000,0.000,0.000,,0.0,,,,,,,0,,0
11.0037,1790252648.522637,0.0204,0,,,0.000,,,0.0000,0.0000,0.0000,0.0000,0.0000,-13.0000,,,,CHO,0.0000,-12.7646,0.0000,-12.8078,0.0000,0.0000,0.000,0.000,,0.0,,,,,,,0,,0
11.0243,1790252648.543190,0.0206,0,,,0.000,,,0.0000,0.0000,0.0000,0.0000,0.0000,-13.0000,,,,CHO,0.0000,-12.7646,0.0000,-12.8078,0.0000,0.0000,0.000,0.000,,0.0,,,,,,,0,,0
11.0445,1790252648.563279,0.0202,0,,,0.000,,,0.0000,0.0000,0.0000,0.0000,0.0000,-13.0000,,,,CHO,0.0000,-12.7646,0.0000,-12.8078,0.0000,0.0000,0.000,0.000,,0.0,,,,,,,0,,0
11.0649,1790252648.583762,0.0204,0,,,0.000,,,0.0000,0.0000,0.0000,0.0000,0.0000,-13.0000,,,,CHO,0.0000,-12.7646,0.0000,-12.8078,0.0000,0.0000,0.000,0.000,,0.0,,,,,,,0,,0
11.0854,1790252648.604157,0.0204,0,,,0.000,,,0.0000,0.0000,0.0000,0.0000,0.0000,-13.0000,,,,CHO,0.0000,-12.7646,0.0000,-12.8078,0.0000,0.0000,0.000,0.000,,0.0,,,,,,,0,,0
11.1059,1790252648.624794,0.0205,0,,,0.000,,,0.0000,0.0000,0.0000,0.0000,0.0000,-13.0000,,,,CHO,0.0000,-12.7646,0.0000,-12.8078,0.0000,0.0000,0.000,0.000,,0.0,,,,,,,0,,0
11.1261,1790252648.644968,0.0202,0,,,0.000,,,0.0000,0.0000,0.0000,0.0000,0.0000,-13.0000,,,,CHO,0.0000,-12.7646,0.0000,-12.8078,0.0000,0.0000,0.000,0.000,,0.0,,,,,,,0,,0
11.1464,1790252648.665134,0.0203,0,,,0.000,,,0.0000,0.0000,0.0000,0.0000,0.0000,-13.0000,,,,CHO,0.0000,-12.7646,0.0000,-12.8078,0.0000,0.0000,0.000,0.000,,0.0,,,,,,,0,,0
11.1666,1790252648.685488,0.0202,0,,,0.000,,,0.0000,0.0000,0.0000,0.0000,0.0000,-13.0000,,,,CHO,0.0000,-12.7646,0.0000,-12.8078,0.0000,0.0000,0.000,0.000,,0.0,,,,,,,0,,0
11.1888,1790252648.707428,0.0222,0,,,0.000,,,0.0000,0.0000,0.0000,0.0000,0.0000,-13.0000,,,,CHO,0.0000,-12.7646,0.0000,-12.8078,0.0000,0.0000,0.000,0.000,,0.0,,,,,,,0,,0
11.2090,1790252648.727955,0.0202,0,,,0.000,,,0.0000,0.0000,0.0000,0.0000,0.0000,-13.0000,,,,CHO,0.0000,-12.7646,0.0000,-12.8078,0.0000,0.0000,0.000,0.000,,0.0,,,,,,,0,,0
11.2290,1790252648.747970,0.0200,0,,,0.000,,,0.0000,0.0000,0.0000,0.0000,0.0000,-13.0000,,,,CHO,0.0000,-12.7646,0.0000,-12.8078,0.0000,0.0000,0.000,0.000,,0.0,,,,,,,0,,0
11.2492,1790252648.768152,0.0202,0,,,0.000,,,0.0000,0.0000,0.0000,0.0000,0.0000,-13.0000,,,,CHO,0.0000,-12.7646,0.0000,-12.8078,0.0000,0.0000,0.000,0.000,,0.0,,,,,,,0,,0
11.2696,1790252648.788405,0.0204,0,,,0.000,,,0.0000,0.0000,0.0000,0.0000,0.0000,-13.0000,,,,CHO,0.0000,-12.7646,0.0000,-12.8078,0.0000,0.0000,0.000,0.000,,0.0,,,,,,,0,,0
11.2901,1790252648.809028,0.0205,0,,,0.000,,,0.0000,0.0000,0.0000,0.0000,0.0000,-13.0000,,,,CHO,0.0000,-12.7646,0.0000,-12.8078,0.0000,0.0000,0.000,0.000,,0.0,,,,,,,0,,0
11.3110,1790252648.829779,0.0209,0,,,0.000,,,0.0000,0.0000,0.0000,0.0000,0.0000,-13.0000,,,,CHO,0.0000,-12.7646,0.0000,-12.8078,0.0000,0.0000,0.000,0.000,,0.0,,,,,,,0,,0
11.3318,1790252648.850542,0.0208,0,,,0.000,,,0.0000,0.0000,0.0000,0.0000,0.0000,-13.0000,,,,CHO,0.0000,-12.7646,0.0000,-12.8078,0.0000,0.0000,0.000,0.000,,0.0,,,,,,,0,,0
11.3528,1790252648.871507,0.0210,0,,,0.000,,,0.0000,0.0000,0.0000,0.0000,0.0000,-13.0000,,,,CHO,0.0000,-12.7646,0.0000,-12.8078,0.0000,0.0000,0.000,0.000,,0.0,,,,,,,0,,0
11.3732,1790252648.891929,0.0204,0,,,0.000,,,0.0000,0.0000,0.0000,0.0000,0.0000,-13.0000,,,,CHO,0.0000,-12.7646,0.0000,-12.8078,0.0000,0.0000,0.000,0.000,,0.0,,,,,,,0,,0
11.3955,1790252648.914214,0.0223,0,,,0.000,,,0.0000,0.0000,0.0000,0.0000,0.0000,-13.0000,,,,CHO,0.0000,-12.7646,0.0000,-12.8078,0.0000,0.0000,0.000,0.000,,0.0,,,,,,,0,,0
11.4155,1790252648.934411,0.0200,0,,,0.000,,,0.0000,0.0000,0.0000,0.0000,0.0000,-13.0000,,,,CHO,0.0000,-12.7646,0.0000,-12.8078,0.0000,0.0000,0.000,0.000,,0.0,,,,,,,0,,0
11.4357,1790252648.954665,0.0202,0,,,0.000,,,0.0000,0.0000,0.0000,0.0000,0.0000,-13.0000,,,,CHO,0.0000,-12.7646,0.0000,-12.8078,0.0000,0.0000,0.000,0.000,,0.0,,,,,,,0,,0
11.4561,1790252648.974857,0.0204,0,,,0.000,,,0.0000,0.0000,0.0000,0.0000,0.0000,-13.0000,,,,CHO,0.0000,-12.7646,0.0000,-12.8078,0.0000,0.0000,0.000,0.000,,0.0,,,,,,,0,,0
11.4764,1790252648.995267,0.0203,0,,,0.000,,,0.0000,0.0000,0.0000,0.0000,0.0000,-13.0000,,,,CHO,0.0000,-12.7646,0.0000,-12.8078,0.0000,0.0000,0.000,0.000,,0.0,,,,,,,0,,0
11.4967,1790252649.015666,0.0203,0,,,0.000,,,0.0000,0.0000,0.0000,0.0000,0.0000,-13.0000,,,,CHO,0.0000,-12.7646,0.0000,-12.8078,0.0000,0.0000,0.000,0.000,,0.0,,,,,,,0,,0
11.5172,1790252649.036113,0.0205,0,,,0.000,,,0.0000,0.0000,0.0000,0.0000,0.0000,-13.0000,,,,CHO,0.0000,-12.7646,0.0000,-12.8078,0.0000,0.0000,0.000,0.000,,0.0,,,,,,,0,,0
11.5391,1790252649.057822,0.0219,0,,,0.000,,,0.0000,0.0000,0.0000,0.0000,0.0000,-13.0000,,,,CHO,0.0000,-12.7646,0.0000,-12.8078,0.0000,0.0000,0.000,0.000,,0.0,,,,,,,0,,0
11.5597,1790252649.078471,0.0206,0,,,0.000,,,0.0000,0.0000,0.0000,0.0000,0.0000,-13.0000,,,,CHO,0.0000,-12.7646,0.0000,-12.8078,0.0000,0.0000,0.000,0.000,,0.0,,,,,,,0,,0
11.5800,1790252649.098842,0.0203,0,,,0.000,,,0.0000,0.0000,0.0000,0.0000,0.0000,-13.0000,,,,CHO,0.0000,-12.7646,0.0000,-12.8078,0.0000,0.0000,0.000,0.000,,0.0,,,,,,,0,,0
11.6001,1790252649.118842,0.0201,0,,,0.000,,,0.0000,0.0000,0.0000,0.0000,0.0000,-13.0000,,,,CHO,0.0000,-12.7646,0.0000,-12.8078,0.0000,0.0000,0.000,0.000,,0.0,,,,,,,0,,0
11.6205,1790252649.139241,0.0205,0,,,0.000,,,0.0000,0.0000,0.0000,0.0000,0.0000,-13.0000,,,,CHO,0.0000,-12.7646,0.0000,-12.8078,0.0000,0.0000,0.000,0.000,,0.0,,,,,,,0,,0
11.6409,1790252649.159729,0.0204,0,,,0.000,,,0.0000,0.0000,0.0000,0.0000,0.0000,-13.0000,,,,CHO,0.0000,-12.7646,0.0000,-12.8078,0.0000,0.0000,0.000,0.000,,0.0,,,,,,,0,,0
11.6610,1790252649.179729,0.0201,0,,,0.000,,,0.0000,0.0000,0.0000,0.0000,0.0000,-13.0000,,,,CHO,0.0000,-12.7646,0.0000,-12.8078,0.0000,0.0000,0.000,0.000,,0.0,,,,,,,0,,0
11.6817,1790252649.200598,0.0207,0,,,0.000,,,0.0000,0.0000,0.0000,0.0000,0.0000,-13.0000,,,,CHO,0.0000,-12.7646,0.0000,-12.8078,0.0000,0.0000,0.000,0.000,,0.0,,,,,,,0,,0
11.7024,1790252649.221279,0.0208,0,,,0.000,,,0.0000,0.0000,0.0000,0.0000,0.0000,-13.0000,,,,CHO,0.0000,-12.7646,0.0000,-12.8078,0.0000,0.0000,0.000,0.000,,0.0,,,,,,,0,,0
11.7229,1790252649.241754,0.0204,0,,,0.000,,,0.0000,0.0000,0.0000,0.0000,0.0000,-13.0000,,,,CHO,0.0000,-12.7646,0.0000,-12.8078,0.0000,0.0000,0.000,0.000,,0.0,,,,,,,0,,0
11.7429,1790252649.261732,0.0200,0,,,0.000,,,0.0000,0.0000,0.0000,0.0000,0.0000,-13.0000,,,,CHO,0.0000,-12.7646,0.0000,-12.8078,0.0000,0.0000,0.000,0.000,,0.0,,,,,,,0,,0
11.7629,1790252649.281857,0.0201,0,,,0.000,,,0.0000,0.0000,0.0000,0.0000,0.0000,-13.0000,,,,CHO,0.0000,-12.7646,0.0000,-12.8078,0.0000,0.0000,0.000,0.000,,0.0,,,,,,,0,,0
11.7831,1790252649.301926,0.0201,0,,,0.000,,,0.0000,0.0000,0.0000,0.0000,0.0000,-13.0000,,,,CHO,0.0000,-12.7646,0.0000,-12.8078,0.0000,0.0000,0.000,0.000,,0.0,,,,,,,0,,0
11.8039,1790252649.322822,0.0208,0,,,0.000,,,0.0000,0.0000,0.0000,0.0000,0.0000,-13.0000,,,,CHO,0.0000,-12.7646,0.0000,-12.8078,0.0000,0.0000,0.000,0.000,,0.0,,,,,,,0,,0
11.8243,1790252649.343218,0.0204,0,,,0.000,,,0.0000,0.0000,0.0000,0.0000,0.0000,-13.0000,,,,CHO,0.0000,-12.7646,0.0000,-12.8078,0.0000,0.0000,0.000,0.000,,0.0,,,,,,,0,,0
11.8447,1790252649.363587,0.0203,0,,,0.000,,,0.0000,0.0000,0.0000,0.0000,0.0000,-13.0000,,,,CHO,0.0000,-12.7646,0.0000,-12.8078,0.0000,0.0000,0.000,0.000,,0.0,,,,,,,0,,0
11.8651,1790252649.384023,0.0204,0,,,0.000,,,0.0000,0.0000,0.0000,0.0000,0.0000,-13.0000,,,,CHO,0.0000,-12.7646,0.0000,-12.8078,0.0000,0.0000,0.000,0.000,,0.0,,,,,,,0,,0
11.8853,1790252649.404168,0.0202,0,,,0.000,,,0.0000,0.0000,0.0000,0.0000,0.0000,-13.0000,,,,CHO,0.0000,-12.7646,0.0000,-12.8078,0.0000,0.0000,0.000,0.000,,0.0,,,,,,,0,,0
11.9057,1790252649.424369,0.0204,0,,,0.000,,,0.0000,0.0000,0.0000,0.0000,0.0000,-13.0000,,,,CHO,0.0000,-12.7646,0.0000,-12.8078,0.0000,0.0000,0.000,0.000,,0.0,,,,,,,0,,0
11.9263,1790252649.445163,0.0206,0,,,0.000,,,0.0000,0.0000,0.0000,0.0000,0.0000,-13.0000,,,,CHO,0.0000,-12.7646,0.0000,-12.8078,0.0000,0.0000,0.000,0.000,,0.0,,,,,,,0,,0
11.9464,1790252649.465290,0.0201,0,,,0.000,,,0.0000,0.0000,0.0000,0.0000,0.0000,-13.0000,,,,CHO,0.0000,-12.7646,0.0000,-12.8078,0.0000,0.0000,0.000,0.000,,0.0,,,,,,,0,,0
11.9670,1790252649.485735,0.0206,0,,,0.000,,,0.0000,0.0000,0.0000,0.0000,0.0000,-13.0000,,,,CHO,0.0000,-12.7646,0.0000,-12.8078,0.0000,0.0000,0.000,0.000,,0.0,,,,,,,0,,0
11.9872,1790252649.506037,0.0202,0,,,0.000,,,0.0000,0.0000,0.0000,0.0000,0.0000,-13.0000,,,,CHO,0.0000,-12.7646,0.0000,-12.8078,0.0000,0.0000,0.000,0.000,,0.0,,,,,,,0,,0
12.0078,1790252649.526607,0.0206,0,,,0.000,,,0.0000,0.0000,0.0000,0.0000,0.0000,-13.0000,,,,CHO,0.0000,-12.7646,0.0000,-12.8078,0.0000,0.0000,0.000,0.000,,0.0,,,,,,,0,,0
12.0285,1790252649.547469,0.0207,0,,,0.000,,,0.0000,0.0000,0.0000,0.0000,0.0000,-13.0000,,,,CHO,0.0000,-12.7646,0.0000,-12.8078,0.0000,0.0000,0.000,0.000,,0.0,,,,,,,0,,0
12.0487,1790252649.567537,0.0201,0,,,0.000,,,0.0000,0.0000,0.0000,0.0000,0.0000,-13.0000,,,,CHO,0.0000,-12.7646,0.0000,-12.8078,0.0000,0.0000,0.000,0.000,,0.0,,,,,,,0,,0
12.0694,1790252649.588315,0.0207,0,,,0.000,,,0.0000,0.0000,0.0000,0.0000,0.0000,-13.0000,,,,CHO,0.0000,-12.7646,0.0000,-12.8078,0.0000,0.0000,0.000,0.000,,0.0,,,,,,,0,,0
12.0897,1790252649.608473,0.0203,0,,,0.000,,,0.0000,0.0000,0.0000,0.0000,0.0000,-13.0000,,,,CHO,0.0000,-12.7646,0.0000,-12.8078,0.0000,0.0000,0.000,0.000,,0.0,,,,,,,0,,0
12.1098,1790252649.628721,0.0201,0,,,0.000,,,0.0000,0.0000,0.0000,0.0000,0.0000,-13.0000,,,,CHO,0.0000,-12.7646,0.0000,-12.8078,0.0000,0.0000,0.000,0.000,,0.0,,,,,,,0,,0
12.1301,1790252649.649011,0.0203,0,,,0.000,,,0.0000,0.0000,0.0000,0.0000,0.0000,-13.0000,,,,CHO,0.0000,-12.7646,0.0000,-12.8078,0.0000,0.0000,0.000,0.000,,0.0,,,,,,,0,,0
12.1505,1790252649.669381,0.0204,0,,,0.000,,,0.0000,0.0000,0.0000,0.0000,0.0000,-13.0000,,,,CHO,0.0000,-12.7646,0.0000,-12.8078,0.0000,0.0000,0.000,0.000,,0.0,,,,,,,0,,0
12.1708,1790252649.689631,0.0203,0,,,0.000,,,0.0000,0.0000,0.0000,0.0000,0.0000,-13.0000,,,,CHO,0.0000,-12.7646,0.0000,-12.8078,0.0000,0.0000,0.000,0.000,,0.0,,,,,,,0,,0
12.1914,1790252649.710227,0.0206,0,,,0.000,,,0.0000,0.0000,0.0000,0.0000,0.0000,-13.0000,,,,CHO,0.0000,-12.7646,0.0000,-12.8078,0.0000,0.0000,0.000,0.000,,0.0,,,,,,,0,,0
12.2117,1790252649.730610,0.0203,0,,,0.000,,,0.0000,0.0000,0.0000,0.0000,0.0000,-13.0000,,,,CHO,0.0000,-12.7646,0.0000,-12.8078,0.0000,0.0000,0.000,0.000,,0.0,,,,,,,0,,0
12.2318,1790252649.750685,0.0201,0,,,0.000,,,0.0000,0.0000,0.0000,0.0000,0.0000,-13.0000,,,,CHO,0.0000,-12.7646,0.0000,-12.8078,0.0000,0.0000,0.000,0.000,,0.0,,,,,,,0,,0
12.2520,1790252649.770931,0.0202,0,,,0.000,,,0.0000,0.0000,0.0000,0.0000,0.0000,-13.0000,,,,CHO,0.0000,-12.7646,0.0000,-12.8078,0.0000,0.0000,0.000,0.000,,0.0,,,,,,,0,,0
12.2724,1790252649.791297,0.0204,0,,,0.000,,,0.0000,0.0000,0.0000,0.0000,0.0000,-13.0000,,,,CHO,0.0000,-12.7646,0.0000,-12.8078,0.0000,0.0000,0.000,0.000,,0.0,,,,,,,0,,0
12.2932,1790252649.811954,0.0208,0,,,0.000,,,0.0000,0.0000,0.0000,0.0000,0.0000,-13.0000,,,,CHO,0.0000,-12.7646,0.0000,-12.8078,0.0000,0.0000,0.000,0.000,,0.0,,,,,,,0,,0
12.3137,1790252649.832424,0.0205,0,,,0.000,,,0.0000,0.0000,0.0000,0.0000,0.0000,-13.0000,,,,CHO,0.0000,-12.7646,0.0000,-12.8078,0.0000,0.0000,0.000,0.000,,0.0,,,,,,,0,,0
12.3362,1790252649.854815,0.0225,0,,,0.000,,,0.0000,0.0000,0.0000,0.0000,0.0000,-13.0000,,,,CHO,0.0000,-12.7646,0.0000,-12.8078,0.0000,0.0000,0.000,0.000,,0.0,,,,,,,0,,0
12.3567,1790252649.875575,0.0206,0,,,0.000,,,0.0000,0.0000,0.0000,0.0000,0.0000,-13.0000,,,,CHO,0.0000,-12.7646,0.0000,-12.8078,0.0000,0.0000,0.000,0.000,,0.0,,,,,,,0,,0
12.3768,1790252649.895677,0.0200,0,,,0.000,,,0.0000,0.0000,0.0000,0.0000,0.0000,-13.0000,,,,CHO,0.0000,-12.7646,0.0000,-12.8078,0.0000,0.0000,0.000,0.000,,0.0,,,,,,,0,,0
12.3993,1790252649.918385,0.0225,0,,,0.000,,,0.0000,0.0000,0.0000,0.0000,0.0000,-13.0000,,,,CHO,0.0000,-12.7646,0.0000,-12.8078,0.0000,0.0000,0.000,0.000,,0.0,,,,,,,0,,0
12.4199,1790252649.938723,0.0206,0,,,0.000,,,0.0000,0.0000,0.0000,0.0000,0.0000,-13.0000,,,,CHO,0.0000,-12.7646,0.0000,-12.8078,0.0000,0.0000,0.000,0.000,,0.0,,,,,,,0,,0
12.4402,1790252649.959067,0.0203,0,,,0.000,,,0.0000,0.0000,0.0000,0.0000,0.0000,-13.0000,,,,CHO,0.0000,-12.7646,0.0000,-12.8078,0.0000,0.0000,0.000,0.000,,0.0,,,,,,,0,,0
12.4637,1790252649.982731,0.0235,0,,,0.000,,,0.0000,0.0000,0.0000,0.0000,0.0000,-13.0000,,,,CHO,0.0000,-12.7646,0.0000,-12.8078,0.0000,0.0000,0.000,0.000,,0.0,,,,,,,0,,0
12.4843,1790252650.003168,0.0205,0,,,0.000,,,0.0000,0.0000,0.0000,0.0000,0.0000,-13.0000,,,,CHO,0.0000,-12.7646,0.0000,-12.8078,0.0000,0.0000,0.000,0.000,,0.0,,,,,,,0,,0
12.5046,1790252650.023368,0.0203,0,,,0.000,,,0.0000,0.0000,0.0000,0.0000,0.0000,-13.0000,,,,CHO,0.0000,-12.7646,0.0000,-12.8078,0.0000,0.0000,0.000,0.000,,0.0,,,,,,,0,,0
12.5282,1790252650.047371,0.0237,0,,,0.000,,,0.0000,0.0000,0.0000,0.0000,0.0000,-13.0000,,,,CHO,0.0000,-12.7646,0.0000,-12.8078,0.0000,0.0000,0.000,0.000,,0.0,,,,,,,0,,0
12.5487,1790252650.067591,0.0205,0,,,0.000,,,0.0000,0.0000,0.0000,0.0000,0.0000,-13.0000,,,,CHO,0.0000,-12.7646,0.0000,-12.8078,0.0000,0.0000,0.000,0.000,,0.0,,,,,,,0,,0
12.5690,1790252650.087827,0.0202,0,,,0.000,,,0.0000,0.0000,0.0000,0.0000,0.0000,-13.0000,,,,CHO,0.0000,-12.7646,0.0000,-12.8078,0.0000,0.0000,0.000,0.000,,0.0,,,,,,,0,,0
12.5892,1790252650.108006,0.0203,0,,,0.000,,,0.0000,0.0000,0.0000,0.0000,0.0000,-13.0000,,,,CHO,0.0000,-12.7646,0.0000,-12.8078,0.0000,0.0000,0.000,0.000,,0.0,,,,,,,0,,0
12.6097,1790252650.128543,0.0205,0,,,0.000,,,0.0000,0.0000,0.0000,0.0000,0.0000,-13.0000,,,,CHO,0.0000,-12.7646,0.0000,-12.8078,0.0000,0.0000,0.000,0.000,,0.0,,,,,,,0,,0
12.6304,1790252650.149167,0.0207,0,,,0.000,,,0.0000,0.0000,0.0000,0.0000,0.0000,-13.0000,,,,CHO,0.0000,-12.7646,0.0000,-12.8078,0.0000,0.0000,0.000,0.000,,0.0,,,,,,,0,,0
12.6562,1790252650.174646,0.0258,0,,,0.000,,,0.0000,0.0000,0.0000,0.0000,0.0000,-13.0000,,,,CHO,0.0000,-12.7646,0.0000,-12.8078,0.0000,0.0000,0.000,0.000,,0.0,,,,,,,0,,0
12.6766,1790252650.195539,0.0205,0,,,0.000,,,0.0000,0.0000,0.0000,0.0000,0.0000,-13.0000,,,,CHO,0.0000,-12.7646,0.0000,-12.8078,0.0000,0.0000,0.000,0.000,,0.0,,,,,,,0,,0
12.6973,1790252650.216152,0.0207,0,,,0.000,,,0.0000,0.0000,0.0000,0.0000,0.0000,-13.0000,,,,CHO,0.0000,-12.7646,0.0000,-12.8078,0.0000,0.0000,0.000,0.000,,0.0,,,,,,,0,,0
12.7203,1790252650.239155,0.0229,0,,,0.000,,,0.0000,0.0000,0.0000,0.0000,0.0000,-13.0000,,,,CHO,0.0000,-12.7646,0.0000,-12.8078,0.0000,0.0000,0.000,0.000,,0.0,,,,,,,0,,0
12.7409,1790252650.259732,0.0206,0,,,0.000,,,0.0000,0.0000,0.0000,0.0000,0.0000,-13.0000,,,,CHO,0.0000,-12.7646,0.0000,-12.8078,0.0000,0.0000,0.000,0.000,,0.0,,,,,,,0,,0
12.7612,1790252650.280074,0.0203,0,,,0.000,,,0.0000,0.0000,0.0000,0.0000,0.0000,-13.0000,,,,CHO,0.0000,-12.7646,0.0000,-12.8078,0.0000,0.0000,0.000,0.000,,0.0,,,,,,,0,,0
12.7841,1790252650.302701,0.0229,0,,,0.000,,,0.0000,0.0000,0.0000,0.0000,0.0000,-13.0000,,,,CHO,0.0000,-12.7646,0.0000,-12.8078,0.0000,0.0000,0.000,0.000,,0.0,,,,,,,0,,0
12.8047,1790252650.323511,0.0206,0,,,0.000,,,0.0000,0.0000,0.0000,0.0000,0.0000,-13.0000,,,,CHO,0.0000,-12.7646,0.0000,-12.8078,0.0000,0.0000,0.000,0.000,,0.0,,,,,,,0,,0
12.8252,1790252650.344033,0.0205,0,,,0.000,,,0.0000,0.0000,0.0000,0.0000,0.0000,-13.0000,,,,CHO,0.0000,-12.7646,0.0000,-12.8078,0.0000,0.0000,0.000,0.000,,0.0,,,,,,,0,,0
12.8475,1790252650.366146,0.0223,0,,,0.000,,,0.0000,0.0000,0.0000,0.0000,0.0000,-13.0000,,,,CHO,0.0000,-12.7646,0.0000,-12.8078,0.0000,0.0000,0.000,0.000,,0.0,,,,,,,0,,0
12.8676,1790252650.386408,0.0201,0,,,0.000,,,0.0000,0.0000,0.0000,0.0000,0.0000,-13.0000,,,,CHO,0.0000,-12.7646,0.0000,-12.8078,0.0000,0.0000,0.000,0.000,,0.0,,,,,,,0,,0
12.8883,1790252650.407044,0.0207,0,,,0.000,,,0.0000,0.0000,0.0000,0.0000,0.0000,-13.0000,,,,CHO,0.0000,-12.7646,0.0000,-12.8078,0.0000,0.0000,0.000,0.000,,0.0,,,,,,,0,,0
12.9089,1790252650.427746,0.0206,0,,,0.000,,,0.0000,0.0000,0.0000,0.0000,0.0000,-13.0000,,,,CHO,0.0000,-12.7646,0.0000,-12.8078,0.0000,0.0000,0.000,0.000,,0.0,,,,,,,0,,0
12.9289,1790252650.447767,0.0200,0,,,0.000,,,0.0000,0.0000,0.0000,0.0000,0.0000,-13.0000,,,,CHO,0.0000,-12.7646,0.0000,-12.8078,0.0000,0.0000,0.000,0.000,,0.0,,,,,,,0,,0
12.9495,1790252650.468287,0.0206,0,,,0.000,,,0.0000,0.0000,0.0000,0.0000,0.0000,-13.0000,,,,CHO,0.0000,-12.7646,0.0000,-12.8078,0.0000,0.0000,0.000,0.000,,0.0,,,,,,,0,,0
12.9760,1790252650.494865,0.0266,0,,,0.000,,,0.0000,0.0000,0.0000,0.0000,0.0000,-13.0000,,,,CHO,0.0000,-12.7646,0.0000,-12.8078,0.0000,0.0000,0.000,0.000,,0.0,,,,,,,0,,0
12.9962,1790252650.515049,0.0202,0,,,0.000,,,0.0000,0.0000,0.0000,0.0000,0.0000,-13.0000,,,,CHO,0.0000,-12.7646,0.0000,-12.8078,0.0000,0.0000,0.000,0.000,,0.0,,,,,,,0,,0
13.0169,1790252650.535709,0.0207,0,,,0.000,,,0.0000,0.0000,0.0000,0.0000,0.0000,-13.0000,,,,CHO,0.0000,-12.7646,0.0000,-12.8078,0.0000,0.0000,0.000,0.000,,0.0,,,,,,,0,,0
13.0420,1790252650.560761,0.0251,0,,,0.000,,,0.0000,0.0000,0.0000,0.0000,0.0000,-13.0000,,,,CHO,0.0000,-12.7646,0.0000,-12.8078,0.0000,0.0000,0.000,0.000,,0.0,,,,,,,0,,0
13.0627,1790252650.581480,0.0206,0,,,0.000,,,0.0000,0.0000,0.0000,0.0000,0.0000,-13.0000,,,,CHO,0.0000,-12.7646,0.0000,-12.8078,0.0000,0.0000,0.000,0.000,,0.0,,,,,,,0,,0
13.0837,1790252650.602466,0.0211,0,,,0.000,,,0.0000,0.0000,0.0000,0.0000,0.0000,-13.0000,,,,CHO,0.0000,-12.7646,0.0000,-12.8078,0.0000,0.0000,0.000,0.000,,0.0,,,,,,,0,,0
13.1052,1790252650.624196,0.0214,0,,,0.000,,,0.0000,0.0000,0.0000,0.0000,0.0000,-13.0000,,,,CHO,0.0000,-12.7646,0.0000,-12.8078,0.0000,0.0000,0.000,0.000,,0.0,,,,,,,0,,0
13.1256,1790252650.644480,0.0205,0,,,0.000,,,0.0000,0.0000,0.0000,0.0000,0.0000,-13.0000,,,,CHO,0.0000,-12.7646,0.0000,-12.8078,0.0000,0.0000,0.000,0.000,,0.0,,,,,,,0,,0
13.1515,1790252650.669633,0.0259,0,,,0.000,,,0.0000,0.0000,0.0000,0.0000,0.0000,-13.0000,,,,CHO,0.0000,-12.7646,0.0000,-12.8078,0.0000,0.0000,0.000,0.000,,0.0,,,,,,,0,,0
13.1722,1790252650.691020,0.0206,0,,,0.000,,,0.0000,0.0000,0.0000,0.0000,0.0000,-13.0000,,,,CHO,0.0000,-12.7646,0.0000,-12.8078,0.0000,0.0000,0.000,0.000,,0.0,,,,,,,0,,0
13.1926,1790252650.711437,0.0204,0,,,0.000,,,0.0000,0.0000,0.0000,0.0000,0.0000,-13.0000,,,,CHO,0.0000,-12.7646,0.0000,-12.8078,0.0000,0.0000,0.000,0.000,,0.0,,,,,,,0,,0
13.2146,1790252650.733590,0.0219,0,,,0.000,,,0.0000,0.0000,0.0000,0.0000,0.0000,-13.0000,,,,CHO,0.0000,-12.7646,0.0000,-12.8078,0.0000,0.0000,0.000,0.000,,0.0,,,,,,,0,,0
13.2355,1790252650.754235,0.0209,0,,,0.000,,,0.0000,0.0000,0.0000,0.0000,0.0000,-13.0000,,,,CHO,0.0000,-12.7646,0.0000,-12.8078,0.0000,0.0000,0.000,0.000,,0.0,,,,,,,0,,0
13.2562,1790252650.775045,0.0208,0,,,0.000,,,0.0000,0.0000,0.0000,0.0000,0.0000,-13.0000,,,,CHO,0.0000,-12.7646,0.0000,-12.8078,0.0000,0.0000,0.000,0.000,,0.0,,,,,,,0,,0
13.2787,1790252650.797436,0.0225,0,,,0.000,,,0.0000,0.0000,0.0000,0.0000,0.0000,-13.0000,,,,CHO,0.0000,-12.7646,0.0000,-12.8078,0.0000,0.0000,0.000,0.000,,0.0,,,,,,,0,,0
13.2990,1790252650.817982,0.0203,0,,,0.000,,,0.0000,0.0000,0.0000,0.0000,0.0000,-13.0000,,,,CHO,0.0000,-12.7646,0.0000,-12.8078,0.0000,0.0000,0.000,0.000,,0.0,,,,,,,0,,0
13.3196,1790252650.838384,0.0205,0,,,0.000,,,0.0000,0.0000,0.0000,0.0000,0.0000,-13.0000,,,,CHO,0.0000,-12.7646,0.0000,-12.8078,0.0000,0.0000,0.000,0.000,,0.0,,,,,,,0,,0
13.3431,1790252650.862174,0.0235,0,,,0.000,,,0.0000,0.0000,0.0000,0.0000,0.0000,-13.0000,,,,CHO,0.0000,-12.7646,0.0000,-12.8078,0.0000,0.0000,0.000,0.000,,0.0,,,,,,,0,,0
13.3636,1790252650.882322,0.0205,0,,,0.000,,,0.0000,0.0000,0.0000,0.0000,0.0000,-13.0000,,,,CHO,0.0000,-12.7646,0.0000,-12.8078,0.0000,0.0000,0.000,0.000,,0.0,,,,,,,0,,0
13.3838,1790252650.902646,0.0203,0,,,0.000,,,0.0000,0.0000,0.0000,0.0000,0.0000,-13.0000,,,,CHO,0.0000,-12.7646,0.0000,-12.8078,0.0000,0.0000,0.000,0.000,,0.0,,,,,,,0,,0
13.4065,1790252650.925271,0.0227,0,,,0.000,,,0.0000,0.0000,0.0000,0.0000,0.0000,-13.0000,,,,CHO,0.0000,-12.7646,0.0000,-12.8078,0.0000,0.0000,0.000,0.000,,0.0,,,,,,,0,,0
13.4271,1790252650.945863,0.0206,0,,,0.000,,,0.0000,0.0000,0.0000,0.0000,0.0000,-13.0000,,,,CHO,0.0000,-12.7646,0.0000,-12.8078,0.0000,0.0000,0.000,0.000,,0.0,,,,,,,0,,0
13.4472,1790252650.966007,0.0201,0,,,0.000,,,0.0000,0.0000,0.0000,0.0000,0.0000,-13.0000,,,,CHO,0.0000,-12.7646,0.0000,-12.8078,0.0000,0.0000,0.000,0.000,,0.0,,,,,,,0,,0
13.4713,1790252650.990505,0.0241,0,,,0.000,,,0.0000,0.0000,0.0000,0.0000,0.0000,-13.0000,,,,CHO,0.0000,-12.7646,0.0000,-12.8078,0.0000,0.0000,0.000,0.000,,0.0,,,,,,,0,,0
13.4922,1790252651.011031,0.0209,0,,,0.000,,,0.0000,0.0000,0.0000,0.0000,0.0000,-13.0000,,,,CHO,0.0000,-12.7646,0.0000,-12.8078,0.0000,0.0000,0.000,0.000,,0.0,,,,,,,0,,0
13.5127,1790252651.031514,0.0204,0,,,0.000,,,0.0000,0.0000,0.0000,0.0000,0.0000,-13.0000,,,,CHO,0.0000,-12.7646,0.0000,-12.8078,0.0000,0.0000,0.000,0.000,,0.0,,,,,,,0,,0
13.5357,1790252651.054505,0.0231,0,,,0.000,,,0.0000,0.0000,0.0000,0.0000,0.0000,-13.0000,,,,CHO,0.0000,-12.7646,0.0000,-12.8078,0.0000,0.0000,0.000,0.000,,0.0,,,,,,,0,,0
13.5565,1790252651.075273,0.0207,0,,,0.000,,,0.0000,0.0000,0.0000,0.0000,0.0000,-13.0000,,,,CHO,0.0000,-12.7646,0.0000,-12.8078,0.0000,0.0000,0.000,0.000,,0.0,,,,,,,0,,0
13.5768,1790252651.095672,0.0203,0,,,0.000,,,0.0000,0.0000,0.0000,0.0000,0.0000,-13.0000,,,,CHO,0.0000,-12.7646,0.0000,-12.8078,0.0000,0.0000,0.000,0.000,,0.0,,,,,,,0,,0
13.5995,1790252651.118084,0.0227,0,,,0.000,,,0.0000,0.0000,0.0000,0.0000,0.0000,-13.0000,,,,CHO,0.0000,-12.7646,0.0000,-12.8078,0.0000,0.0000,0.000,0.000,,0.0,,,,,,,0,,0
13.6203,1790252651.139147,0.0208,0,,,0.000,,,0.0000,0.0000,0.0000,0.0000,0.0000,-13.0000,,,,CHO,0.0000,-12.7646,0.0000,-12.8078,0.0000,0.0000,0.000,0.000,,0.0,,,,,,,0,,0
13.6410,1790252651.159515,0.0207,0,,,0.000,,,0.0000,0.0000,0.0000,0.0000,0.0000,-13.0000,,,,CHO,0.0000,-12.7646,0.0000,-12.8078,0.0000,0.0000,0.000,0.000,,0.0,,,,,,,0,,0
13.6637,1790252651.182399,0.0227,0,,,0.000,,,0.0000,0.0000,0.0000,0.0000,0.0000,-13.0000,,,,CHO,0.0000,-12.7646,0.0000,-12.8078,0.0000,0.0000,0.000,0.000,,0.0,,,,,,,0,,0
13.6837,1790252651.202511,0.0200,0,,,0.000,,,0.0000,0.0000,0.0000,0.0000,0.0000,-13.0000,,,,CHO,0.0000,-12.7646,0.0000,-12.8078,0.0000,0.0000,0.000,0.000,,0.0,,,,,,,0,,0
13.7039,1790252651.222786,0.0202,0,,,0.000,,,0.0000,0.0000,0.0000,0.0000,0.0000,-13.0000,,,,CHO,0.0000,-12.7646,0.0000,-12.8078,0.0000,0.0000,0.000,0.000,,0.0,,,,,,,0,,0
13.7240,1790252651.242838,0.0201,0,,,0.000,,,0.0000,0.0000,0.0000,0.0000,0.0000,-13.0000,,,,CHO,0.0000,-12.7646,0.0000,-12.8078,0.0000,0.0000,0.000,0.000,,0.0,,,,,,,0,,0
13.7441,1790252651.262698,0.0202,0,,,0.000,,,0.0000,0.0000,0.0000,0.0000,0.0000,-13.0000,,,,CHO,0.0000,-12.7646,0.0000,-12.8078,0.0000,0.0000,0.000,0.000,,0.0,,,,,,,0,,0
13.7647,1790252651.283606,0.0206,0,,,0.000,,,0.0000,0.0000,0.0000,0.0000,0.0000,-13.0000,,,,CHO,0.0000,-12.7646,0.0000,-12.8078,0.0000,0.0000,0.000,0.000,,0.0,,,,,,,0,,0
13.7850,1790252651.303956,0.0203,0,,,0.000,,,0.0000,0.0000,0.0000,0.0000,0.0000,-13.0000,,,,CHO,0.0000,-12.7646,0.0000,-12.8078,0.0000,0.0000,0.000,0.000,,0.0,,,,,,,0,,0
13.8057,1790252651.324605,0.0206,0,,,0.000,,,0.0000,0.0000,0.0000,0.0000,0.0000,-13.0000,,,,CHO,0.0000,-12.7646,0.0000,-12.8078,0.0000,0.0000,0.000,0.000,,0.0,,,,,,,0,,0
13.8257,1790252651.344617,0.0201,0,,,0.000,,,0.0000,0.0000,0.0000,0.0000,0.0000,-13.0000,,,,CHO,0.0000,-12.7646,0.0000,-12.8078,0.0000,0.0000,0.000,0.000,,0.0,,,,,,,0,,0
13.8460,1790252651.364952,0.0203,0,,,0.000,,,0.0000,0.0000,0.0000,0.0000,0.0000,-13.0000,,,,CHO,0.0000,-12.7646,0.0000,-12.8078,0.0000,0.0000,0.000,0.000,,0.0,,,,,,,0,,0
13.8662,1790252651.385090,0.0201,0,,,0.000,,,0.0000,0.0000,0.0000,0.0000,0.0000,-13.0000,,,,CHO,0.0000,-12.7646,0.0000,-12.8078,0.0000,0.0000,0.000,0.000,,0.0,,,,,,,0,,0
13.8862,1790252651.405088,0.0200,0,,,0.000,,,0.0000,0.0000,0.0000,0.0000,0.0000,-13.0000,,,,CHO,0.0000,-12.7646,0.0000,-12.8078,0.0000,0.0000,0.000,0.000,,0.0,,,,,,,0,,0
13.9064,1790252651.425312,0.0202,0,,,0.000,,,0.0000,0.0000,0.0000,0.0000,0.0000,-13.0000,,,,CHO,0.0000,-12.7646,0.0000,-12.8078,0.0000,0.0000,0.000,0.000,,0.0,,,,,,,0,,0
13.9267,1790252651.445534,0.0203,0,,,0.000,,,0.0000,0.0000,0.0000,0.0000,0.0000,-13.0000,,,,CHO,0.0000,-12.7646,0.0000,-12.8078,0.0000,0.0000,0.000,0.000,,0.0,,,,,,,0,,0
13.9467,1790252651.465665,0.0200,0,,,0.000,,,0.0000,0.0000,0.0000,0.0000,0.0000,-13.0000,,,,CHO,0.0000,-12.7646,0.0000,-12.8078,0.0000,0.0000,0.000,0.000,,0.0,,,,,,,0,,0
13.9671,1790252651.486030,0.0204,0,,,0.000,,,0.0000,0.0000,0.0000,0.0000,0.0000,-13.0000,,,,CHO,0.0000,-12.7646,0.0000,-12.8078,0.0000,0.0000,0.000,0.000,,0.0,,,,,,,0,,0
13.9872,1790252651.506138,0.0201,0,,,0.000,,,0.0000,0.0000,0.0000,0.0000,0.0000,-13.0000,,,,CHO,0.0000,-12.7646,0.0000,-12.8078,0.0000,0.0000,0.000,0.000,,0.0,,,,,,,0,,0
14.0076,1790252651.526507,0.0204,0,,,0.000,,,0.0000,0.0000,0.0000,0.0000,0.0000,-13.0000,,,,CHO,0.0000,-12.7646,0.0000,-12.8078,0.0000,0.0000,0.000,0.000,,0.0,,,,,,,0,,0
14.0278,1790252651.546713,0.0202,0,,,0.000,,,0.0000,0.0000,0.0000,0.0000,0.0000,-13.0000,,,,CHO,0.0000,-12.7646,0.0000,-12.8078,0.0000,0.0000,0.000,0.000,,0.0,,,,,,,0,,0
14.0481,1790252651.567025,0.0203,0,,,0.000,,,0.0000,0.0000,0.0000,0.0000,0.0000,-13.0000,,,,CHO,0.0000,-12.7646,0.0000,-12.8078,0.0000,0.0000,0.000,0.000,,0.0,,,,,,,0,,0
14.0686,1790252651.587481,0.0205,0,,,0.000,,,0.0000,0.0000,0.0000,0.0000,0.0000,-13.0000,,,,CHO,0.0000,-12.7646,0.0000,-12.8078,0.0000,0.0000,0.000,0.000,,0.0,,,,,,,0,,0
14.0891,1790252651.607917,0.0205,0,,,0.000,,,0.0000,0.0000,0.0000,0.0000,0.0000,-13.0000,,,,CHO,0.0000,-12.7646,0.0000,-12.8078,0.0000,0.0000,0.000,0.000,,0.0,,,,,,,0,,0
14.1092,1790252651.628082,0.0201,0,,,0.000,,,0.0000,0.0000,0.0000,0.0000,0.0000,-13.0000,,,,CHO,0.0000,-12.7646,0.0000,-12.8078,0.0000,0.0000,0.000,0.000,,0.0,,,,,,,0,,0
14.1295,1790252651.648424,0.0203,0,,,0.000,,,0.0000,0.0000,0.0000,0.0000,0.0000,-13.0000,,,,CHO,0.0000,-12.7646,0.0000,-12.8078,0.0000,0.0000,0.000,0.000,,0.0,,,,,,,0,,0
14.1497,1790252651.668549,0.0202,0,,,0.000,,,0.0000,0.0000,0.0000,0.0000,0.0000,-13.0000,,,,CHO,0.0000,-12.7646,0.0000,-12.8078,0.0000,0.0000,0.000,0.000,,0.0,,,,,,,0,,0
14.1730,1790252651.691887,0.0234,0,,,0.000,,,0.0000,0.0000,0.0000,0.0000,0.0000,-13.0000,,,,CHO,0.0000,-12.7646,0.0000,-12.8078,0.0000,0.0000,0.000,0.000,,0.0,,,,,,,0,,0
14.1936,1790252651.712494,0.0205,0,,,0.000,,,0.0000,0.0000,0.0000,0.0000,0.0000,-13.0000,,,,CHO,0.0000,-12.7646,0.0000,-12.8078,0.0000,0.0000,0.000,0.000,,0.0,,,,,,,0,,0
14.2142,1790252651.732970,0.0206,0,,,0.000,,,0.0000,0.0000,0.0000,0.0000,0.0000,-13.0000,,,,CHO,0.0000,-12.7646,0.0000,-12.8078,0.0000,0.0000,0.000,0.000,,0.0,,,,,,,0,,0
14.2342,1790252651.753069,0.0200,0,,,0.000,,,0.0000,0.0000,0.0000,0.0000,0.0000,-13.0000,,,,CHO,0.0000,-12.7646,0.0000,-12.8078,0.0000,0.0000,0.000,0.000,,0.0,,,,,,,0,,0
14.2564,1790252651.775151,0.0222,0,,,0.000,,,0.0000,0.0000,0.0000,0.0000,0.0000,-13.0000,,,,CHO,0.0000,-12.7646,0.0000,-12.8078,0.0000,0.0000,0.000,0.000,,0.0,,,,,,,0,,0
14.2770,1790252651.795892,0.0207,0,,,0.000,,,0.0000,0.0000,0.0000,0.0000,0.0000,-13.0000,,,,CHO,0.0000,-12.7646,0.0000,-12.8078,0.0000,0.0000,0.000,0.000,,0.0,,,,,,,0,,0
14.2974,1790252651.816216,0.0203,0,,,0.000,,,0.0000,0.0000,0.0000,0.0000,0.0000,-13.0000,,,,CHO,0.0000,-12.7646,0.0000,-12.8078,0.0000,0.0000,0.000,0.000,,0.0,,,,,,,0,,0
14.3179,1790252651.836827,0.0205,0,,,0.000,,,0.0000,0.0000,0.0000,0.0000,0.0000,-13.0000,,,,CHO,0.0000,-12.7646,0.0000,-12.8078,0.0000,0.0000,0.000,0.000,,0.0,,,,,,,0,,0
14.3396,1790252651.858268,0.0217,0,,,0.000,,,0.0000,0.0000,0.0000,0.0000,0.0000,-13.0000,,,,CHO,0.0000,-12.7646,0.0000,-12.8078,0.0000,0.0000,0.000,0.000,,0.0,,,,,,,0,,0
14.3597,1790252651.878579,0.0201,0,,,0.000,,,0.0000,0.0000,0.0000,0.0000,0.0000,-13.0000,,,,CHO,0.0000,-12.7646,0.0000,-12.8078,0.0000,0.0000,0.000,0.000,,0.0,,,,,,,0,,0
14.3799,1790252651.898827,0.0202,0,,,0.000,,,0.0000,0.0000,0.0000,0.0000,0.0000,-13.0000,,,,CHO,0.0000,-12.7646,0.0000,-12.8078,0.0000,0.0000,0.000,0.000,,0.0,,,,,,,0,,0
14.4001,1790252651.919034,0.0202,0,,,0.000,,,0.0000,0.0000,0.0000,0.0000,0.0000,-13.0000,,,,CHO,0.0000,-12.7646,0.0000,-12.8078,0.0000,0.0000,0.000,0.000,,0.0,,,,,,,0,,0
14.4226,1790252651.941777,0.0225,0,,,0.000,,,0.0000,0.0000,0.0000,0.0000,0.0000,-13.0000,,,,CHO,0.0000,-12.7646,0.0000,-12.8078,0.0000,0.0000,0.000,0.000,,0.0,,,,,,,0,,0
14.4426,1790252651.961501,0.0200,0,,,0.000,,,0.0000,0.0000,0.0000,0.0000,0.0000,-13.0000,,,,CHO,0.0000,-12.7646,0.0000,-12.8078,0.0000,0.0000,0.000,0.000,,0.0,,,,,,,0,,0
14.4631,1790252651.981977,0.0205,0,,,0.000,,,0.0000,0.0000,0.0000,0.0000,0.0000,-13.0000,,,,CHO,0.0000,-12.7646,0.0000,-12.8078,0.0000,0.0000,0.000,0.000,,0.0,,,,,,,0,,0
14.4833,1790252652.002183,0.0201,0,,,0.000,,,0.0000,0.0000,0.0000,0.0000,0.0000,-13.0000,,,,CHO,0.0000,-12.7646,0.0000,-12.8078,0.0000,0.0000,0.000,0.000,,0.0,,,,,,,0,,0
14.5047,1790252652.023482,0.0214,0,,,0.000,,,0.0000,0.0000,0.0000,0.0000,0.0000,-13.0000,,,,CHO,0.0000,-12.7646,0.0000,-12.8078,0.0000,0.0000,0.000,0.000,,0.0,,,,,,,0,,0
14.5247,1790252652.043530,0.0200,0,,,0.000,,,0.0000,0.0000,0.0000,0.0000,0.0000,-13.0000,,,,CHO,0.0000,-12.7646,0.0000,-12.8078,0.0000,0.0000,0.000,0.000,,0.0,,,,,,,0,,0
14.5448,1790252652.063725,0.0202,0,,,0.000,,,0.0000,0.0000,0.0000,0.0000,0.0000,-13.0000,,,,CHO,0.0000,-12.7646,0.0000,-12.8078,0.0000,0.0000,0.000,0.000,,0.0,,,,,,,0,,0
14.5650,1790252652.083893,0.0201,0,,,0.000,,,0.0000,0.0000,0.0000,0.0000,0.0000,-13.0000,,,,CHO,0.0000,-12.7646,0.0000,-12.8078,0.0000,0.0000,0.000,0.000,,0.0,,,,,,,0,,0
14.5851,1790252652.104065,0.0202,0,,,0.000,,,0.0000,0.0000,0.0000,0.0000,0.0000,-13.0000,,,,CHO,0.0000,-12.7646,0.0000,-12.8078,0.0000,0.0000,0.000,0.000,,0.0,,,,,,,0,,0
14.6073,1790252652.126286,0.0222,0,,,0.000,,,0.0000,0.0000,0.0000,0.0000,0.0000,-13.0000,,,,CHO,0.0000,-12.7646,0.0000,-12.8078,0.0000,0.0000,0.000,0.000,,0.0,,,,,,,0,,0
14.6279,1790252652.146751,0.0206,0,,,0.000,,,0.0000,0.0000,0.0000,0.0000,0.0000,-13.0000,,,,CHO,0.0000,-12.7646,0.0000,-12.8078,0.0000,0.0000,0.000,0.000,,0.0,,,,,,,0,,0
14.6483,1790252652.167167,0.0204,0,,,0.000,,,0.0000,0.0000,0.0000,0.0000,0.0000,-13.0000,,,,CHO,0.0000,-12.7646,0.0000,-12.8078,0.0000,0.0000,0.000,0.000,,0.0,,,,,,,0,,0
14.6690,1790252652.187783,0.0206,0,,,0.000,,,0.0000,0.0000,0.0000,0.0000,0.0000,-13.0000,,,,CHO,0.0000,-12.7646,0.0000,-12.8078,0.0000,0.0000,0.000,0.000,,0.0,,,,,,,0,,0
14.6894,1790252652.208274,0.0204,0,,,0.000,,,0.0000,0.0000,0.0000,0.0000,0.0000,-13.0000,,,,CHO,0.0000,-12.7646,0.0000,-12.8078,0.0000,0.0000,0.000,0.000,,0.0,,,,,,,0,,0
14.7102,1790252652.229020,0.0208,0,,,0.000,,,0.0000,0.0000,0.0000,0.0000,0.0000,-13.0000,,,,CHO,0.0000,-12.7646,0.0000,-12.8078,0.0000,0.0000,0.000,0.000,,0.0,,,,,,,0,,0
14.7304,1790252652.249321,0.0202,0,,,0.000,,,0.0000,0.0000,0.0000,0.0000,0.0000,-13.0000,,,,CHO,0.0000,-12.7646,0.0000,-12.8078,0.0000,0.0000,0.000,0.000,,0.0,,,,,,,0,,0
14.7510,1790252652.269903,0.0205,0,,,0.000,,,0.0000,0.0000,0.0000,0.0000,0.0000,-13.0000,,,,CHO,0.0000,-12.7646,0.0000,-12.8078,0.0000,0.0000,0.000,0.000,,0.0,,,,,,,0,,0
14.7716,1790252652.290484,0.0207,0,,,0.000,,,0.0000,0.0000,0.0000,0.0000,0.0000,-13.0000,,,,CHO,0.0000,-12.7646,0.0000,-12.8078,0.0000,0.0000,0.000,0.000,,0.0,,,,,,,0,,0
14.7918,1790252652.310712,0.0202,0,,,0.000,,,0.0000,0.0000,0.0000,0.0000,0.0000,-13.0000,,,,CHO,0.0000,-12.7646,0.0000,-12.8078,0.0000,0.0000,0.000,0.000,,0.0,,,,,,,0,,0
14.8122,1790252652.331109,0.0203,0,,,0.000,,,0.0000,0.0000,0.0000,0.0000,0.0000,-13.0000,,,,CHO,0.0000,-12.7646,0.0000,-12.8078,0.0000,0.0000,0.000,0.000,,0.0,,,,,,,0,,0
14.8326,1790252652.351518,0.0205,0,,,0.000,,,0.0000,0.0000,0.0000,0.0000,0.0000,-13.0000,,,,CHO,0.0000,-12.7646,0.0000,-12.8078,0.0000,0.0000,0.000,0.000,,0.0,,,,,,,0,,0
14.8533,1790252652.372148,0.0206,0,,,0.000,,,0.0000,0.0000,0.0000,0.0000,0.0000,-13.0000,,,,CHO,0.0000,-12.7646,0.0000,-12.8078,0.0000,0.0000,0.000,0.000,,0.0,,,,,,,0,,0
14.8735,1790252652.392478,0.0203,0,,,0.000,,,0.0000,0.0000,0.0000,0.0000,0.0000,-13.0000,,,,CHO,0.0000,-12.7646,0.0000,-12.8078,0.0000,0.0000,0.000,0.000,,0.0,,,,,,,0,,0
14.8940,1790252652.412792,0.0205,0,,,0.000,,,0.0000,0.0000,0.0000,0.0000,0.0000,-13.0000,,,,CHO,0.0000,-12.7646,0.0000,-12.8078,0.0000,0.0000,0.000,0.000,,0.0,,,,,,,0,,0
14.9141,1790252652.433052,0.0201,0,,,0.000,,,0.0000,0.0000,0.0000,0.0000,0.0000,-13.0000,,,,CHO,0.0000,-12.7646,0.0000,-12.8078,0.0000,0.0000,0.000,0.000,,0.0,,,,,,,0,,0
14.9349,1790252652.453991,0.0208,0,,,0.000,,,0.0000,0.0000,0.0000,0.0000,0.0000,-13.0000,,,,CHO,0.0000,-12.7646,0.0000,-12.8078,0.0000,0.0000,0.000,0.000,,0.0,,,,,,,0,,0
14.9557,1790252652.474660,0.0208,0,,,0.000,,,0.0000,0.0000,0.0000,0.0000,0.0000,-13.0000,,,,CHO,0.0000,-12.7646,0.0000,-12.8078,0.0000,0.0000,0.000,0.000,,0.0,,,,,,,0,,0
14.9770,1790252652.495840,0.0212,0,,,0.000,,,0.0000,0.0000,0.0000,0.0000,0.0000,-13.0000,,,,CHO,0.0000,-12.7646,0.0000,-12.8078,0.0000,0.0000,0.000,0.000,,0.0,,,,,,,0,,0
15.0057,1790252652.524405,0.0287,0,,,0.000,,,0.0000,0.0000,0.0000,0.0000,0.0000,-13.0000,,,,CHO,0.0000,-12.7646,0.0000,-12.8078,0.0000,0.0000,0.000,0.000,,0.0,,,,,,,0,,0
15.0259,1790252652.544748,0.0202,0,,,0.000,,,0.0000,0.0000,0.0000,0.0000,0.0000,-13.0000,,,,CHO,0.0000,-12.7646,0.0000,-12.8078,0.0000,0.0000,0.000,0.000,,0.0,,,,,,,0,,0
15.0459,1790252652.564824,0.0200,0,,,0.000,,,0.0000,0.0000,0.0000,0.0000,0.0000,-13.0000,,,,CHO,0.0000,-12.7646,0.0000,-12.8078,0.0000,0.0000,0.000,0.000,,0.0,,,,,,,0,,0
15.0663,1790252652.585190,0.0204,0,,,0.000,,,0.0000,0.0000,0.0000,0.0000,0.0000,-13.0000,,,,CHO,0.0000,-12.7646,0.0000,-12.8078,0.0000,0.0000,0.000,0.000,,0.0,,,,,,,0,,0
15.0868,1790252652.605626,0.0204,0,,,0.000,,,0.0000,0.0000,0.0000,0.0000,0.0000,-13.0000,,,,CHO,0.0000,-12.7646,0.0000,-12.8078,0.0000,0.0000,0.000,0.000,,0.0,,,,,,,0,,0
15.1073,1790252652.626178,0.0206,0,,,0.000,,,0.0000,0.0000,0.0000,0.0000,0.0000,-13.0000,,,,CHO,0.0000,-12.7646,0.0000,-12.8078,0.0000,0.0000,0.000,0.000,,0.0,,,,,,,0,,0
15.1279,1790252652.646811,0.0206,0,,,0.000,,,0.0000,0.0000,0.0000,0.0000,0.0000,-13.0000,,,,CHO,0.0000,-12.7646,0.0000,-12.8078,0.0000,0.0000,0.000,0.000,,0.0,,,,,,,0,,0
15.1484,1790252652.667192,0.0205,0,,,0.000,,,0.0000,0.0000,0.0000,0.0000,0.0000,-13.0000,,,,CHO,0.0000,-12.7646,0.0000,-12.8078,0.0000,0.0000,0.000,0.000,,0.0,,,,,,,0,,0
15.1688,1790252652.687649,0.0205,0,,,0.000,,,0.0000,0.0000,0.0000,0.0000,0.0000,-13.0000,,,,CHO,0.0000,-12.7646,0.0000,-12.8078,0.0000,0.0000,0.000,0.000,,0.0,,,,,,,0,,0
15.1889,1790252652.707713,0.0200,0,,,0.000,,,0.0000,0.0000,0.0000,0.0000,0.0000,-13.0000,,,,CHO,0.0000,-12.7646,0.0000,-12.8078,0.0000,0.0000,0.000,0.000,,0.0,,,,,,,0,,0
15.2094,1790252652.728284,0.0205,0,,,0.000,,,0.0000,0.0000,0.0000,0.0000,0.0000,-13.0000,,,,CHO,0.0000,-12.7646,0.0000,-12.8078,0.0000,0.0000,0.000,0.000,,0.0,,,,,,,0,,0
15.2295,1790252652.748308,0.0201,0,,,0.000,,,0.0000,0.0000,0.0000,0.0000,0.0000,-13.0000,,,,CHO,0.0000,-12.7646,0.0000,-12.8078,0.0000,0.0000,0.000,0.000,,0.0,,,,,,,0,,0
15.2548,1790252652.773433,0.0253,0,,,0.000,,,0.0000,0.0000,0.0000,0.0000,0.0000,-13.0000,,,,CHO,0.0000,-12.7646,0.0000,-12.8078,0.0000,0.0000,0.000,0.000,,0.0,,,,,,,0,,0
15.2751,1790252652.794066,0.0204,0,,,0.000,,,0.0000,0.0000,0.0000,0.0000,0.0000,-13.0000,,,,CHO,0.0000,-12.7646,0.0000,-12.8078,0.0000,0.0000,0.000,0.000,,0.0,,,,,,,0,,0
15.2956,1790252652.814440,0.0204,0,,,0.000,,,0.0000,0.0000,0.0000,0.0000,0.0000,-13.0000,,,,CHO,0.0000,-12.7646,0.0000,-12.8078,0.0000,0.0000,0.000,0.000,,0.0,,,,,,,0,,0
15.3163,1790252652.835142,0.0207,0,,,0.000,,,0.0000,0.0000,0.0000,0.0000,0.0000,-13.0000,,,,CHO,0.0000,-12.7646,0.0000,-12.8078,0.0000,0.0000,0.000,0.000,,0.0,,,,,,,0,,0
15.3389,1790252652.857408,0.0226,0,,,0.000,,,0.0000,0.0000,0.0000,0.0000,0.0000,-13.0000,,,,CHO,0.0000,-12.7646,0.0000,-12.8078,0.0000,0.0000,0.000,0.000,,0.0,,,,,,,0,,0
15.3594,1790252652.878267,0.0206,0,,,0.000,,,0.0000,0.0000,0.0000,0.0000,0.0000,-13.0000,,,,CHO,0.0000,-12.7646,0.0000,-12.8078,0.0000,0.0000,0.000,0.000,,0.0,,,,,,,0,,0
15.3800,1790252652.898895,0.0206,0,,,0.000,,,0.0000,0.0000,0.0000,0.0000,0.0000,-13.0000,,,,CHO,0.0000,-12.7646,0.0000,-12.8078,0.0000,0.0000,0.000,0.000,,0.0,,,,,,,0,,0
15.4008,1790252652.919626,0.0207,0,,,0.000,,,0.0000,0.0000,0.0000,0.0000,0.0000,-13.0000,,,,CHO,0.0000,-12.7646,0.0000,-12.8078,0.0000,0.0000,0.000,0.000,,0.0,,,,,,,0,,0
15.4209,1790252652.939786,0.0201,0,,,0.000,,,0.0000,0.0000,0.0000,0.0000,0.0000,-13.0000,,,,CHO,0.0000,-12.7646,0.0000,-12.8078,0.0000,0.0000,0.000,0.000,,0.0,,,,,,,0,,0
15.4411,1790252652.960005,0.0202,0,,,0.000,,,0.0000,0.0000,0.0000,0.0000,0.0000,-13.0000,,,,CHO,0.0000,-12.7646,0.0000,-12.8078,0.0000,0.0000,0.000,0.000,,0.0,,,,,,,0,,0
15.4617,1790252652.980475,0.0206,0,,,0.000,,,0.0000,0.0000,0.0000,0.0000,0.0000,-13.0000,,,,CHO,0.0000,-12.7646,0.0000,-12.8078,0.0000,0.0000,0.000,0.000,,0.0,,,,,,,0,,0
15.4821,1790252653.000908,0.0204,0,,,0.000,,,0.0000,0.0000,0.0000,0.0000,0.0000,-13.0000,,,,CHO,0.0000,-12.7646,0.0000,-12.8078,0.0000,0.0000,0.000,0.000,,0.0,,,,,,,0,,0
15.5055,1790252653.024327,0.0235,0,,,0.000,,,0.0000,0.0000,0.0000,0.0000,0.0000,-13.0000,,,,CHO,0.0000,-12.7646,0.0000,-12.8078,0.0000,0.0000,0.000,0.000,,0.0,,,,,,,0,,0
15.5262,1790252653.045084,0.0207,0,,,0.000,,,0.0000,0.0000,0.0000,0.0000,0.0000,-13.0000,,,,CHO,0.0000,-12.7646,0.0000,-12.8078,0.0000,0.0000,0.000,0.000,,0.0,,,,,,,0,,0
15.5466,1790252653.065455,0.0203,0,,,0.000,,,0.0000,0.0000,0.0000,0.0000,0.0000,-13.0000,,,,CHO,0.0000,-12.7646,0.0000,-12.8078,0.0000,0.0000,0.000,0.000,,0.0,,,,,,,0,,0
15.5712,1790252653.090065,0.0247,0,,,0.000,,,0.0000,0.0000,0.0000,0.0000,0.0000,-13.0000,,,,CHO,0.0000,-12.7646,0.0000,-12.8078,0.0000,0.0000,0.000,0.000,,0.0,,,,,,,0,,0
15.5915,1790252653.110256,0.0202,0,,,0.000,,,0.0000,0.0000,0.0000,0.0000,0.0000,-13.0000,,,,CHO,0.0000,-12.7646,0.0000,-12.8078,0.0000,0.0000,0.000,0.000,,0.0,,,,,,,0,,0
15.6121,1790252653.130947,0.0206,0,,,0.000,,,0.0000,0.0000,0.0000,0.0000,0.0000,-13.0000,,,,CHO,0.0000,-12.7646,0.0000,-12.8078,0.0000,0.0000,0.000,0.000,,0.0,,,,,,,0,,0
15.6322,1790252653.151097,0.0201,0,,,0.000,,,0.0000,0.0000,0.0000,0.0000,0.0000,-13.0000,,,,CHO,0.0000,-12.7646,0.0000,-12.8078,0.0000,0.0000,0.000,0.000,,0.0,,,,,,,0,,0
15.6557,1790252653.174598,0.0234,0,,,0.000,,,0.0000,0.0000,0.0000,0.0000,0.0000,-13.0000,,,,CHO,0.0000,-12.7646,0.0000,-12.8078,0.0000,0.0000,0.000,0.000,,0.0,,,,,,,0,,0
15.6758,1790252653.194654,0.0201,0,,,0.000,,,0.0000,0.0000,0.0000,0.0000,0.0000,-13.0000,,,,CHO,0.0000,-12.7646,0.0000,-12.8078,0.0000,0.0000,0.000,0.000,,0.0,,,,,,,0,,0
15.6961,1790252653.214932,0.0203,0,,,0.000,,,0.0000,0.0000,0.0000,0.0000,0.0000,-13.0000,,,,CHO,0.0000,-12.7646,0.0000,-12.8078,0.0000,0.0000,0.000,0.000,,0.0,,,,,,,0,,0
15.7164,1790252653.235213,0.0203,0,,,0.000,,,0.0000,0.0000,0.0000,0.0000,0.0000,-13.0000,,,,CHO,0.0000,-12.7646,0.0000,-12.8078,0.0000,0.0000,0.000,0.000,,0.0,,,,,,,0,,0
15.7370,1790252653.255753,0.0206,0,,,0.000,,,0.0000,0.0000,0.0000,0.0000,0.0000,-13.0000,,,,CHO,0.0000,-12.7646,0.0000,-12.8078,0.0000,0.0000,0.000,0.000,,0.0,,,,,,,0,,0
15.7575,1790252653.276409,0.0204,0,,,0.000,,,0.0000,0.0000,0.0000,0.0000,0.0000,-13.0000,,,,CHO,0.0000,-12.7646,0.0000,-12.8078,0.0000,0.0000,0.000,0.000,,0.0,,,,,,,0,,0
15.7778,1790252653.296622,0.0203,0,,,0.000,,,0.0000,0.0000,0.0000,0.0000,0.0000,-13.0000,,,,CHO,0.0000,-12.7646,0.0000,-12.8078,0.0000,0.0000,0.000,0.000,,0.0,,,,,,,0,,0
15.7983,1790252653.317094,0.0205,0,,,0.000,,,0.0000,0.0000,0.0000,0.0000,0.0000,-13.0000,,,,CHO,0.0000,-12.7646,0.0000,-12.8078,0.0000,0.0000,0.000,0.000,,0.0,,,,,,,0,,0
15.8220,1790252653.341078,0.0238,0,,,0.000,,,0.0000,0.0000,0.0000,0.0000,0.0000,-13.0000,,,,CHO,0.0000,-12.7646,0.0000,-12.8078,0.0000,0.0000,0.000,0.000,,0.0,,,,,,,0,,0
15.8425,1790252653.361311,0.0204,0,,,0.000,,,0.0000,0.0000,0.0000,0.0000,0.0000,-13.0000,,,,CHO,0.0000,-12.7646,0.0000,-12.8078,0.0000,0.0000,0.000,0.000,,0.0,,,,,,,0,,0
15.8631,1790252653.382016,0.0207,0,,,0.000,,,0.0000,0.0000,0.0000,0.0000,0.0000,-13.0000,,,,CHO,0.0000,-12.7646,0.0000,-12.8078,0.0000,0.0000,0.000,0.000,,0.0,,,,,,,0,,0
15.8839,1790252653.402751,0.0207,0,,,0.000,,,0.0000,0.0000,0.0000,0.0000,0.0000,-13.0000,,,,CHO,0.0000,-12.7646,0.0000,-12.8078,0.0000,0.0000,0.000,0.000,,0.0,,,,,,,0,,0
15.9052,1790252653.423850,0.0213,0,,,0.000,,,0.0000,0.0000,0.0000,0.0000,0.0000,-13.0000,,,,CHO,0.0000,-12.7646,0.0000,-12.8078,0.0000,0.0000,0.000,0.000,,0.0,,,,,,,0,,0
15.9261,1790252653.444885,0.0208,0,,,0.000,,,0.0000,0.0000,0.0000,0.0000,0.0000,-13.0000,,,,CHO,0.0000,-12.7646,0.0000,-12.8078,0.0000,0.0000,0.000,0.000,,0.0,,,,,,,0,,0
15.9464,1790252653.465259,0.0203,0,,,0.000,,,0.0000,0.0000,0.0000,0.0000,0.0000,-13.0000,,,,CHO,0.0000,-12.7646,0.0000,-12.8078,0.0000,0.0000,0.000,0.000,,0.0,,,,,,,0,,0
15.9668,1790252653.485662,0.0204,0,,,0.000,,,0.0000,0.0000,0.0000,0.0000,0.0000,-13.0000,,,,CHO,0.0000,-12.7646,0.0000,-12.8078,0.0000,0.0000,0.000,0.000,,0.0,,,,,,,0,,0
15.9895,1790252653.508380,0.0227,0,,,0.000,,,0.0000,0.0000,0.0000,0.0000,0.0000,-13.0000,,,,CHO,0.0000,-12.7646,0.0000,-12.8078,0.0000,0.0000,0.000,0.000,,0.0,,,,,,,0,,0
16.0101,1790252653.528921,0.0206,0,,,0.000,,,0.0000,0.0000,0.0000,0.0000,0.0000,-13.0000,,,,CHO,0.0000,-12.7646,0.0000,-12.8078,0.0000,0.0000,0.000,0.000,,0.0,,,,,,,0,,0
16.0308,1790252653.549650,0.0207,0,,,0.000,,,0.0000,0.0000,0.0000,0.0000,0.0000,-13.0000,,,,CHO,0.0000,-12.7646,0.0000,-12.8078,0.0000,0.0000,0.000,0.000,,0.0,,,,,,,0,,0
16.0518,1790252653.570524,0.0210,0,,,0.000,,,0.0000,0.0000,0.0000,0.0000,0.0000,-13.0000,,,,CHO,0.0000,-12.7646,0.0000,-12.8078,0.0000,0.0000,0.000,0.000,,0.0,,,,,,,0,,0
16.0720,1790252653.590890,0.0202,0,,,0.000,,,0.0000,0.0000,0.0000,0.0000,0.0000,-13.0000,,,,CHO,0.0000,-12.7646,0.0000,-12.8078,0.0000,0.0000,0.000,0.000,,0.0,,,,,,,0,,0
16.0924,1790252653.611280,0.0204,0,,,0.000,,,0.0000,0.0000,0.0000,0.0000,0.0000,-13.0000,,,,CHO,0.0000,-12.7646,0.0000,-12.8078,0.0000,0.0000,0.000,0.000,,0.0,,,,,,,0,,0
16.1126,1790252653.631525,0.0202,0,,,0.000,,,0.0000,0.0000,0.0000,0.0000,0.0000,-13.0000,,,,CHO,0.0000,-12.7646,0.0000,-12.8078,0.0000,0.0000,0.000,0.000,,0.0,,,,,,,0,,0
16.1327,1790252653.651611,0.0201,0,,,0.000,,,0.0000,0.0000,0.0000,0.0000,0.0000,-13.0000,,,,CHO,0.0000,-12.7646,0.0000,-12.8078,0.0000,0.0000,0.000,0.000,,0.0,,,,,,,0,,0
16.1545,1790252653.673259,0.0218,0,,,0.000,,,0.0000,0.0000,0.0000,0.0000,0.0000,-13.0000,,,,CHO,0.0000,-12.7646,0.0000,-12.8078,0.0000,0.0000,0.000,0.000,,0.0,,,,,,,0,,0
16.1749,1790252653.693763,0.0203,0,,,0.000,,,0.0000,0.0000,0.0000,0.0000,0.0000,-13.0000,,,,CHO,0.0000,-12.7646,0.0000,-12.8078,0.0000,0.0000,0.000,0.000,,0.0,,,,,,,0,,0
16.1952,1790252653.714029,0.0204,0,,,0.000,,,0.0000,0.0000,0.0000,0.0000,0.0000,-13.0000,,,,CHO,0.0000,-12.7646,0.0000,-12.8078,0.0000,0.0000,0.000,0.000,,0.0,,,,,,,0,,0
16.2201,1790252653.738616,0.0249,0,,,0.000,,,0.0000,0.0000,0.0000,0.0000,0.0000,-13.0000,,,,CHO,0.0000,-12.7646,0.0000,-12.8078,0.0000,0.0000,0.000,0.000,,0.0,,,,,,,0,,0
16.2404,1790252653.759285,0.0203,0,,,0.000,,,0.0000,0.0000,0.0000,0.0000,0.0000,-13.0000,,,,CHO,0.0000,-12.7646,0.0000,-12.8078,0.0000,0.0000,0.000,0.000,,0.0,,,,,,,0,,0
16.2610,1790252653.779871,0.0206,0,,,0.000,,,0.0000,0.0000,0.0000,0.0000,0.0000,-13.0000,,,,CHO,0.0000,-12.7646,0.0000,-12.8078,0.0000,0.0000,0.000,0.000,,0.0,,,,,,,0,,0
16.2817,1790252653.800577,0.0207,0,,,0.000,,,0.0000,0.0000,0.0000,0.0000,0.0000,-13.0000,,,,CHO,0.0000,-12.7646,0.0000,-12.8078,0.0000,0.0000,0.000,0.000,,0.0,,,,,,,0,,0
16.3044,1790252653.823401,0.0227,0,,,0.000,,,0.0000,0.0000,0.0000,0.0000,0.0000,-13.0000,,,,CHO,0.0000,-12.7646,0.0000,-12.8078,0.0000,0.0000,0.000,0.000,,0.0,,,,,,,0,,0
16.3245,1790252653.843463,0.0202,0,,,0.000,,,0.0000,0.0000,0.0000,0.0000,0.0000,-13.0000,,,,CHO,0.0000,-12.7646,0.0000,-12.8078,0.0000,0.0000,0.000,0.000,,0.0,,,,,,,0,,0
16.3451,1790252653.863934,0.0205,0,,,0.000,,,0.0000,0.0000,0.0000,0.0000,0.0000,-13.0000,,,,CHO,0.0000,-12.7646,0.0000,-12.8078,0.0000,0.0000,0.000,0.000,,0.0,,,,,,,0,,0
16.3657,1790252653.884526,0.0207,0,,,0.000,,,0.0000,0.0000,0.0000,0.0000,0.0000,-13.0000,,,,CHO,0.0000,-12.7646,0.0000,-12.8078,0.0000,0.0000,0.000,0.000,,0.0,,,,,,,0,,0
16.3859,1790252653.904727,0.0202,0,,,0.000,,,0.0000,0.0000,0.0000,0.0000,0.0000,-13.0000,,,,CHO,0.0000,-12.7646,0.0000,-12.8078,0.0000,0.0000,0.000,0.000,,0.0,,,,,,,0,,0
16.4059,1790252653.924845,0.0200,0,,,0.000,,,0.0000,0.0000,0.0000,0.0000,0.0000,-13.0000,,,,CHO,0.0000,-12.7646,0.0000,-12.8078,0.0000,0.0000,0.000,0.000,,0.0,,,,,,,0,,0
16.4263,1790252653.945170,0.0204,0,,,0.000,,,0.0000,0.0000,0.0000,0.0000,0.0000,-13.0000,,,,CHO,0.0000,-12.7646,0.0000,-12.8078,0.0000,0.0000,0.000,0.000,,0.0,,,,,,,0,,0
16.4464,1790252653.965166,0.0201,0,,,0.000,,,0.0000,0.0000,0.0000,0.0000,0.0000,-13.0000,,,,CHO,0.0000,-12.7646,0.0000,-12.8078,0.0000,0.0000,0.000,0.000,,0.0,,,,,,,0,,0
16.4668,1790252653.985760,0.0204,0,,,0.000,,,0.0000,0.0000,0.0000,0.0000,0.0000,-13.0000,,,,CHO,0.0000,-12.7646,0.0000,-12.8078,0.0000,0.0000,0.000,0.000,,0.0,,,,,,,0,,0
16.4874,1790252654.005763,0.0205,0,,,0.000,,,0.0000,0.0000,0.0000,0.0000,0.0000,-13.0000,,,,CHO,0.0000,-12.7646,0.0000,-12.8078,0.0000,0.0000,0.000,0.000,,0.0,,,,,,,0,,0
16.5074,1790252654.026272,0.0200,0,,,0.000,,,0.0000,0.0000,0.0000,0.0000,0.0000,-13.0000,,,,CHO,0.0000,-12.7646,0.0000,-12.8078,0.0000,0.0000,0.000,0.000,,0.0,,,,,,,0,,0
16.5279,1790252654.046720,0.0205,0,,,0.000,,,0.0000,0.0000,0.0000,0.0000,0.0000,-13.0000,,,,CHO,0.0000,-12.7646,0.0000,-12.8078,0.0000,0.0000,0.000,0.000,,0.0,,,,,,,0,,0
16.5480,1790252654.066756,0.0201,0,,,0.000,,,0.0000,0.0000,0.0000,0.0000,0.0000,-13.0000,,,,CHO,0.0000,-12.7646,0.0000,-12.8078,0.0000,0.0000,0.000,0.000,,0.0,,,,,,,0,,0
16.5685,1790252654.087432,0.0206,0,,,0.000,,,0.0000,0.0000,0.0000,0.0000,0.0000,-13.0000,,,,CHO,0.0000,-12.7646,0.0000,-12.8078,0.0000,0.0000,0.000,0.000,,0.0,,,,,,,0,,0
16.5889,1790252654.107838,0.0204,0,,,0.000,,,0.0000,0.0000,0.0000,0.0000,0.0000,-13.0000,,,,CHO,0.0000,-12.7646,0.0000,-12.8078,0.0000,0.0000,0.000,0.000,,0.0,,,,,,,0,,0
16.6090,1790252654.127995,0.0201,0,,,0.000,,,0.0000,0.0000,0.0000,0.0000,0.0000,-13.0000,,,,CHO,0.0000,-12.7646,0.0000,-12.8078,0.0000,0.0000,0.000,0.000,,0.0,,,,,,,0,,0
16.6291,1790252654.148003,0.0200,0,,,0.000,,,0.0000,0.0000,0.0000,0.0000,0.0000,-13.0000,,,,CHO,0.0000,-12.7646,0.0000,-12.8078,0.0000,0.0000,0.000,0.000,,0.0,,,,,,,0,,0
16.6500,1790252654.168789,0.0209,0,,,0.000,,,0.0000,0.0000,0.0000,0.0000,0.0000,-13.0000,,,,CHO,0.0000,-12.7646,0.0000,-12.8078,0.0000,0.0000,0.000,0.000,,0.0,,,,,,,0,,0
16.6701,1790252654.188929,0.0201,0,,,0.000,,,0.0000,0.0000,0.0000,0.0000,0.0000,-13.0000,,,,CHO,0.0000,-12.7646,0.0000,-12.8078,0.0000,0.0000,0.000,0.000,,0.0,,,,,,,0,,0
16.6906,1790252654.209539,0.0205,0,,,0.000,,,0.0000,0.0000,0.0000,0.0000,0.0000,-13.0000,,,,CHO,0.0000,-12.7646,0.0000,-12.8078,0.0000,0.0000,0.000,0.000,,0.0,,,,,,,0,,0
16.7108,1790252654.229610,0.0201,0,,,0.000,,,0.0000,0.0000,0.0000,0.0000,0.0000,-13.0000,,,,CHO,0.0000,-12.7646,0.0000,-12.8078,0.0000,0.0000,0.000,0.000,,0.0,,,,,,,0,,0
16.7314,1790252654.250242,0.0206,0,,,0.000,,,0.0000,0.0000,0.0000,0.0000,0.0000,-13.0000,,,,CHO,0.0000,-12.7646,0.0000,-12.8078,0.0000,0.0000,0.000,0.000,,0.0,,,,,,,0,,0
16.7521,1790252654.270991,0.0207,0,,,0.000,,,0.0000,0.0000,0.0000,0.0000,0.0000,-13.0000,,,,CHO,0.0000,-12.7646,0.0000,-12.8078,0.0000,0.0000,0.000,0.000,,0.0,,,,,,,0,,0
16.7722,1790252654.291147,0.0201,0,,,0.000,,,0.0000,0.0000,0.0000,0.0000,0.0000,-13.0000,,,,CHO,0.0000,-12.7646,0.0000,-12.8078,0.0000,0.0000,0.000,0.000,,0.0,,,,,,,0,,0
16.7927,1790252654.311550,0.0205,0,,,0.000,,,0.0000,0.0000,0.0000,0.0000,0.0000,-13.0000,,,,CHO,0.0000,-12.7646,0.0000,-12.8078,0.0000,0.0000,0.000,0.000,,0.0,,,,,,,0,,0
16.8131,1790252654.331931,0.0204,0,,,0.000,,,0.0000,0.0000,0.0000,0.0000,0.0000,-13.0000,,,,CHO,0.0000,-12.7646,0.0000,-12.8078,0.0000,0.0000,0.000,0.000,,0.0,,,,,,,0,,0
16.8338,1790252654.352681,0.0207,0,,,0.000,,,0.0000,0.0000,0.0000,0.0000,0.0000,-13.0000,,,,CHO,0.0000,-12.7646,0.0000,-12.8078,0.0000,0.0000,0.000,0.000,,0.0,,,,,,,0,,0
16.8540,1790252654.372964,0.0202,0,,,0.000,,,0.0000,0.0000,0.0000,0.0000,0.0000,-13.0000,,,,CHO,0.0000,-12.7646,0.0000,-12.8078,0.0000,0.0000,0.000,0.000,,0.0,,,,,,,0,,0
16.8745,1790252654.393421,0.0204,0,,,0.000,,,0.0000,0.0000,0.0000,0.0000,0.0000,-13.0000,,,,CHO,0.0000,-12.7646,0.0000,-12.8078,0.0000,0.0000,0.000,0.000,,0.0,,,,,,,0,,0
16.8949,1790252654.413807,0.0204,0,,,0.000,,,0.0000,0.0000,0.0000,0.0000,0.0000,-13.0000,,,,CHO,0.0000,-12.7646,0.0000,-12.8078,0.0000,0.0000,0.000,0.000,,0.0,,,,,,,0,,0
16.9153,1790252654.434173,0.0204,0,,,0.000,,,0.0000,0.0000,0.0000,0.0000,0.0000,-13.0000,,,,CHO,0.0000,-12.7646,0.0000,-12.8078,0.0000,0.0000,0.000,0.000,,0.0,,,,,,,0,,0
16.9357,1790252654.454556,0.0204,0,,,0.000,,,0.0000,0.0000,0.0000,0.0000,0.0000,-13.0000,,,,CHO,0.0000,-12.7646,0.0000,-12.8078,0.0000,0.0000,0.000,0.000,,0.0,,,,,,,0,,0
16.9559,1790252654.474837,0.0203,0,,,0.000,,,0.0000,0.0000,0.0000,0.0000,0.0000,-13.0000,,,,CHO,0.0000,-12.7646,0.0000,-12.8078,0.0000,0.0000,0.000,0.000,,0.0,,,,,,,0,,0
16.9760,1790252654.494976,0.0201,0,,,0.000,,,0.0000,0.0000,0.0000,0.0000,0.0000,-13.0000,,,,CHO,0.0000,-12.7646,0.0000,-12.8078,0.0000,0.0000,0.000,0.000,,0.0,,,,,,,0,,0
16.9963,1790252654.515170,0.0202,0,,,0.000,,,0.0000,0.0000,0.0000,0.0000,0.0000,-13.0000,,,,CHO,0.0000,-12.7646,0.0000,-12.8078,0.0000,0.0000,0.000,0.000,,0.0,,,,,,,0,,0
17.0167,1790252654.535567,0.0205,0,,,0.000,,,0.0000,0.0000,0.0000,0.0000,0.0000,-13.0000,,,,CHO,0.0000,-12.7646,0.0000,-12.8078,0.0000,0.0000,0.000,0.000,,0.0,,,,,,,0,,0
17.0373,1790252654.556212,0.0206,0,,,0.000,,,0.0000,0.0000,0.0000,0.0000,0.0000,-13.0000,,,,CHO,0.0000,-12.7646,0.0000,-12.8078,0.0000,0.0000,0.000,0.000,,0.0,,,,,,,0,,0
17.0578,1790252654.576692,0.0205,0,,,0.000,,,0.0000,0.0000,0.0000,0.0000,0.0000,-13.0000,,,,CHO,0.0000,-12.7646,0.0000,-12.8078,0.0000,0.0000,0.000,0.000,,0.0,,,,,,,0,,0
17.0781,1790252654.596972,0.0203,0,,,0.000,,,0.0000,0.0000,0.0000,0.0000,0.0000,-13.0000,,,,CHO,0.0000,-12.7646,0.0000,-12.8078,0.0000,0.0000,0.000,0.000,,0.0,,,,,,,0,,0
17.0986,1790252654.617505,0.0205,0,,,0.000,,,0.0000,0.0000,0.0000,0.0000,0.0000,-13.0000,,,,CHO,0.0000,-12.7646,0.0000,-12.8078,0.0000,0.0000,0.000,0.000,,0.0,,,,,,,0,,0
17.1190,1790252654.637994,0.0205,0,,,0.000,,,0.0000,0.0000,0.0000,0.0000,0.0000,-13.0000,,,,CHO,0.0000,-12.7646,0.0000,-12.8078,0.0000,0.0000,0.000,0.000,,0.0,,,,,,,0,,0
17.1396,1790252654.658487,0.0205,0,,,0.000,,,0.0000,0.0000,0.0000,0.0000,0.0000,-13.0000,,,,CHO,0.0000,-12.7646,0.0000,-12.8078,0.0000,0.0000,0.000,0.000,,0.0,,,,,,,0,,0
17.1601,1790252654.678841,0.0205,0,,,0.000,,,0.0000,0.0000,0.0000,0.0000,0.0000,-13.0000,,,,CHO,0.0000,-12.7646,0.0000,-12.8078,0.0000,0.0000,0.000,0.000,,0.0,,,,,,,0,,0
17.1804,1790252654.699273,0.0203,0,,,0.000,,,0.0000,0.0000,0.0000,0.0000,0.0000,-13.0000,,,,CHO,0.0000,-12.7646,0.0000,-12.8078,0.0000,0.0000,0.000,0.000,,0.0,,,,,,,0,,0
17.2006,1790252654.719403,0.0203,0,,,0.000,,,0.0000,0.0000,0.0000,0.0000,0.0000,-13.0000,,,,CHO,0.0000,-12.7646,0.0000,-12.8078,0.0000,0.0000,0.000,0.000,,0.0,,,,,,,0,,0
17.2209,1790252654.739517,0.0202,0,,,0.000,,,0.0000,0.0000,0.0000,0.0000,0.0000,-13.0000,,,,CHO,0.0000,-12.7646,0.0000,-12.8078,0.0000,0.0000,0.000,0.000,,0.0,,,,,,,0,,0
17.2415,1790252654.760275,0.0207,0,,,0.000,,,0.0000,0.0000,0.0000,0.0000,0.0000,-13.0000,,,,CHO,0.0000,-12.7646,0.0000,-12.8078,0.0000,0.0000,0.000,0.000,,0.0,,,,,,,0,,0
17.2617,1790252654.780669,0.0202,0,,,0.000,,,0.0000,0.0000,0.0000,0.0000,0.0000,-13.0000,,,,CHO,0.0000,-12.7646,0.0000,-12.8078,0.0000,0.0000,0.000,0.000,,0.0,,,,,,,0,,0
17.2819,1790252654.800836,0.0202,0,,,0.000,,,0.0000,0.0000,0.0000,0.0000,0.0000,-13.0000,,,,CHO,0.0000,-12.7646,0.0000,-12.8078,0.0000,0.0000,0.000,0.000,,0.0,,,,,,,0,,0
17.3022,1790252654.821160,0.0203,0,,,0.000,,,0.0000,0.0000,0.0000,0.0000,0.0000,-13.0000,,,,CHO,0.0000,-12.7646,0.0000,-12.8078,0.0000,0.0000,0.000,0.000,,0.0,,,,,,,0,,0
17.3225,1790252654.841329,0.0203,0,,,0.000,,,0.0000,0.0000,0.0000,0.0000,0.0000,-13.0000,,,,CHO,0.0000,-12.7646,0.0000,-12.8078,0.0000,0.0000,0.000,0.000,,0.0,,,,,,,0,,0
17.3426,1790252654.861300,0.0201,0,,,0.000,,,0.0000,0.0000,0.0000,0.0000,0.0000,-13.0000,,,,CHO,0.0000,-12.7646,0.0000,-12.8078,0.0000,0.0000,0.000,0.000,,0.0,,,,,,,0,,0
17.3627,1790252654.881634,0.0202,0,,,0.000,,,0.0000,0.0000,0.0000,0.0000,0.0000,-13.0000,,,,CHO,0.0000,-12.7646,0.0000,-12.8078,0.0000,0.0000,0.000,0.000,,0.0,,,,,,,0,,0
17.3832,1790252654.902139,0.0205,0,,,0.000,,,0.0000,0.0000,0.0000,0.0000,0.0000,-13.0000,,,,CHO,0.0000,-12.7646,0.0000,-12.8078,0.0000,0.0000,0.000,0.000,,0.0,,,,,,,0,,0
17.4034,1790252654.922333,0.0202,0,,,0.000,,,0.0000,0.0000,0.0000,0.0000,0.0000,-13.0000,,,,CHO,0.0000,-12.7646,0.0000,-12.8078,0.0000,0.0000,0.000,0.000,,0.0,,,,,,,0,,0
17.4236,1790252654.942452,0.0202,0,,,0.000,,,0.0000,0.0000,0.0000,0.0000,0.0000,-13.0000,,,,CHO,0.0000,-12.7646,0.0000,-12.8078,0.0000,0.0000,0.000,0.000,,0.0,,,,,,,0,,0
17.4436,1790252654.962517,0.0201,0,,,0.000,,,0.0000,0.0000,0.0000,0.0000,0.0000,-13.0000,,,,CHO,0.0000,-12.7646,0.0000,-12.8078,0.0000,0.0000,0.000,0.000,,0.0,,,,,,,0,,0
17.4638,1790252654.982706,0.0202,0,,,0.000,,,0.0000,0.0000,0.0000,0.0000,0.0000,-13.0000,,,,CHO,0.0000,-12.7646,0.0000,-12.8078,0.0000,0.0000,0.000,0.000,,0.0,,,,,,,0,,0
17.4840,1790252655.002957,0.0202,0,,,0.000,,,0.0000,0.0000,0.0000,0.0000,0.0000,-13.0000,,,,CHO,0.0000,-12.7646,0.0000,-12.8078,0.0000,0.0000,0.000,0.000,,0.0,,,,,,,0,,0
17.5042,1790252655.023144,0.0202,0,,,0.000,,,0.0000,0.0000,0.0000,0.0000,0.0000,-13.0000,,,,CHO,0.0000,-12.7646,0.0000,-12.8078,0.0000,0.0000,0.000,0.000,,0.0,,,,,,,0,,0
17.5251,1790252655.043758,0.0209,0,,,0.000,,,0.0000,0.0000,0.0000,0.0000,0.0000,-13.0000,,,,CHO,0.0000,-12.7646,0.0000,-12.8078,0.0000,0.0000,0.000,0.000,,0.0,,,,,,,0,,0
17.5452,1790252655.064060,0.0201,0,,,0.000,,,0.0000,0.0000,0.0000,0.0000,0.0000,-13.0000,,,,CHO,0.0000,-12.7646,0.0000,-12.8078,0.0000,0.0000,0.000,0.000,,0.0,,,,,,,0,,0
17.5657,1790252655.084668,0.0206,0,,,0.000,,,0.0000,0.0000,0.0000,0.0000,0.0000,-13.0000,,,,CHO,0.0000,-12.7646,0.0000,-12.8078,0.0000,0.0000,0.000,0.000,,0.0,,,,,,,0,,0
17.5861,1790252655.104967,0.0204,0,,,0.000,,,0.0000,0.0000,0.0000,0.0000,0.0000,-13.0000,,,,CHO,0.0000,-12.7646,0.0000,-12.8078,0.0000,0.0000,0.000,0.000,,0.0,,,,,,,0,,0
17.6063,1790252655.125110,0.0202,0,,,0.000,,,0.0000,0.0000,0.0000,0.0000,0.0000,-13.0000,,,,CHO,0.0000,-12.7646,0.0000,-12.8078,0.0000,0.0000,0.000,0.000,,0.0,,,,,,,0,,0
17.6270,1790252655.145891,0.0206,0,,,0.000,,,0.0000,0.0000,0.0000,0.0000,0.0000,-13.0000,,,,CHO,0.0000,-12.7646,0.0000,-12.8078,0.0000,0.0000,0.000,0.000,,0.0,,,,,,,0,,0
17.6473,1790252655.166241,0.0204,0,,,0.000,,,0.0000,0.0000,0.0000,0.0000,0.0000,-13.0000,,,,CHO,0.0000,-12.7646,0.0000,-12.8078,0.0000,0.0000,0.000,0.000,,0.0,,,,,,,0,,0
17.6679,1790252655.186698,0.0205,0,,,0.000,,,0.0000,0.0000,0.0000,0.0000,0.0000,-13.0000,,,,CHO,0.0000,-12.7646,0.0000,-12.8078,0.0000,0.0000,0.000,0.000,,0.0,,,,,,,0,,0
17.6879,1790252655.206741,0.0200,0,,,0.000,,,0.0000,0.0000,0.0000,0.0000,0.0000,-13.0000,,,,CHO,0.0000,-12.7646,0.0000,-12.8078,0.0000,0.0000,0.000,0.000,,0.0,,,,,,,0,,0
17.7084,1790252655.227160,0.0205,0,,,0.000,,,0.0000,0.0000,0.0000,0.0000,0.0000,-13.0000,,,,CHO,0.0000,-12.7646,0.0000,-12.8078,0.0000,0.0000,0.000,0.000,,0.0,,,,,,,0,,0
17.7285,1790252655.247302,0.0201,0,,,0.000,,,0.0000,0.0000,0.0000,0.0000,0.0000,-13.0000,,,,CHO,0.0000,-12.7646,0.0000,-12.8078,0.0000,0.0000,0.000,0.000,,0.0,,,,,,,0,,0
17.7486,1790252655.267406,0.0202,0,,,0.000,,,0.0000,0.0000,0.0000,0.0000,0.0000,-13.0000,,,,CHO,0.0000,-12.7646,0.0000,-12.8078,0.0000,0.0000,0.000,0.000,,0.0,,,,,,,0,,0
17.7693,1790252655.288226,0.0207,0,,,0.000,,,0.0000,0.0000,0.0000,0.0000,0.0000,-13.0000,,,,CHO,0.0000,-12.7646,0.0000,-12.8078,0.0000,0.0000,0.000,0.000,,0.0,,,,,,,0,,0
17.7899,1790252655.308706,0.0206,0,,,0.000,,,0.0000,0.0000,0.0000,0.0000,0.0000,-13.0000,,,,CHO,0.0000,-12.7646,0.0000,-12.8078,0.0000,0.0000,0.000,0.000,,0.0,,,,,,,0,,0
17.8102,1790252655.328989,0.0202,0,,,0.000,,,0.0000,0.0000,0.0000,0.0000,0.0000,-13.0000,,,,CHO,0.0000,-12.7646,0.0000,-12.8078,0.0000,0.0000,0.000,0.000,,0.0,,,,,,,0,,0
17.8308,1790252655.349705,0.0206,0,,,0.000,,,0.0000,0.0000,0.0000,0.0000,0.0000,-13.0000,,,,CHO,0.0000,-12.7646,0.0000,-12.8078,0.0000,0.0000,0.000,0.000,,0.0,,,,,,,0,,0
17.8508,1790252655.369720,0.0200,0,,,0.000,,,0.0000,0.0000,0.0000,0.0000,0.0000,-13.0000,,,,CHO,0.0000,-12.7646,0.0000,-12.8078,0.0000,0.0000,0.000,0.000,,0.0,,,,,,,0,,0
17.8714,1790252655.390386,0.0207,0,,,0.000,,,0.0000,0.0000,0.0000,0.0000,0.0000,-13.0000,,,,CHO,0.0000,-12.7646,0.0000,-12.8078,0.0000,0.0000,0.000,0.000,,0.0,,,,,,,0,,0
17.8916,1790252655.410426,0.0202,0,,,0.000,,,0.0000,0.0000,0.0000,0.0000,0.0000,-13.0000,,,,CHO,0.0000,-12.7646,0.0000,-12.8078,0.0000,0.0000,0.000,0.000,,0.0,,,,,,,0,,0
17.9122,1790252655.431031,0.0205,0,,,0.000,,,0.0000,0.0000,0.0000,0.0000,0.0000,-13.0000,,,,CHO,0.0000,-12.7646,0.0000,-12.8078,0.0000,0.0000,0.000,0.000,,0.0,,,,,,,0,,0
17.9328,1790252655.451592,0.0206,0,,,0.000,,,0.0000,0.0000,0.0000,0.0000,0.0000,-13.0000,,,,CHO,0.0000,-12.7646,0.0000,-12.8078,0.0000,0.0000,0.000,0.000,,0.0,,,,,,,0,,0
17.9533,1790252655.472223,0.0205,0,,,0.000,,,0.0000,0.0000,0.0000,0.0000,0.0000,-13.0000,,,,CHO,0.0000,-12.7646,0.0000,-12.8078,0.0000,0.0000,0.000,0.000,,0.0,,,,,,,0,,0
17.9736,1790252655.492438,0.0203,0,,,0.000,,,0.0000,0.0000,0.0000,0.0000,0.0000,-13.0000,,,,CHO,0.0000,-12.7646,0.0000,-12.8078,0.0000,0.0000,0.000,0.000,,0.0,,,,,,,0,,0
17.9937,1790252655.512588,0.0201,0,,,0.000,,,0.0000,0.0000,0.0000,0.0000,0.0000,-13.0000,,,,CHO,0.0000,-12.7646,0.0000,-12.8078,0.0000,0.0000,0.000,0.000,,0.0,,,,,,,0,,0
18.0140,1790252655.532846,0.0203,0,,,0.000,,,0.0000,0.0000,0.0000,0.0000,0.0000,-13.0000,,,,CHO,0.0000,-12.7646,0.0000,-12.8078,0.0000,0.0000,0.000,0.000,,0.0,,,,,,,0,,0
18.0342,1790252655.553132,0.0202,0,,,0.000,,,0.0000,0.0000,0.0000,0.0000,0.0000,-13.0000,,,,CHO,0.0000,-12.7646,0.0000,-12.8078,0.0000,0.0000,0.000,0.000,,0.0,,,,,,,0,,0
18.0547,1790252655.573617,0.0205,0,,,0.000,,,0.0000,0.0000,0.0000,0.0000,0.0000,-13.0000,,,,CHO,0.0000,-12.7646,0.0000,-12.8078,0.0000,0.0000,0.000,0.000,,0.0,,,,,,,0,,0
18.0747,1790252655.593481,0.0200,0,,,0.000,,,0.0000,0.0000,0.0000,0.0000,0.0000,-13.0000,,,,CHO,0.0000,-12.7646,0.0000,-12.8078,0.0000,0.0000,0.000,0.000,,0.0,,,,,,,0,,0
18.0952,1790252655.614115,0.0205,0,,,0.000,,,0.0000,0.0000,0.0000,0.0000,0.0000,-13.0000,,,,CHO,0.0000,-12.7646,0.0000,-12.8078,0.0000,0.0000,0.000,0.000,,0.0,,,,,,,0,,0
18.1156,1790252655.634591,0.0205,0,,,0.000,,,0.0000,0.0000,0.0000,0.0000,0.0000,-13.0000,,,,CHO,0.0000,-12.7646,0.0000,-12.8078,0.0000,0.0000,0.000,0.000,,0.0,,,,,,,0,,0
18.1357,1790252655.654390,0.0200,0,,,0.000,,,0.0000,0.0000,0.0000,0.0000,0.0000,-13.0000,,,,CHO,0.0000,-12.7646,0.0000,-12.8078,0.0000,0.0000,0.000,0.000,,0.0,,,,,,,0,,0
18.1557,1790252655.674632,0.0201,0,,,0.000,,,0.0000,0.0000,0.0000,0.0000,0.0000,-13.0000,,,,CHO,0.0000,-12.7646,0.0000,-12.8078,0.0000,0.0000,0.000,0.000,,0.0,,,,,,,0,,0
18.1763,1790252655.695041,0.0205,0,,,0.000,,,0.0000,0.0000,0.0000,0.0000,0.0000,-13.0000,,,,CHO,0.0000,-12.7646,0.0000,-12.8078,0.0000,0.0000,0.000,0.000,,0.0,,,,,,,0,,0
18.1968,1790252655.715500,0.0206,0,,,0.000,,,0.0000,0.0000,0.0000,0.0000,0.0000,-13.0000,,,,CHO,0.0000,-12.7646,0.0000,-12.8078,0.0000,0.0000,0.000,0.000,,0.0,,,,,,,0,,0
18.2171,1790252655.735972,0.0202,0,,,0.000,,,0.0000,0.0000,0.0000,0.0000,0.0000,-13.0000,,,,CHO,0.0000,-12.7646,0.0000,-12.8078,0.0000,0.0000,0.000,0.000,,0.0,,,,,,,0,,0
18.2371,1790252655.756005,0.0200,0,,,0.000,,,0.0000,0.0000,0.0000,0.0000,0.0000,-13.0000,,,,CHO,0.0000,-12.7646,0.0000,-12.8078,0.0000,0.0000,0.000,0.000,,0.0,,,,,,,0,,0
18.2573,1790252655.776104,0.0202,0,,,0.000,,,0.0000,0.0000,0.0000,0.0000,0.0000,-13.0000,,,,CHO,0.0000,-12.7646,0.0000,-12.8078,0.0000,0.0000,0.000,0.000,,0.0,,,,,,,0,,0
18.2776,1790252655.796501,0.0202,0,,,0.000,,,0.0000,0.0000,0.0000,0.0000,0.0000,-13.0000,,,,CHO,0.0000,-12.7646,0.0000,-12.8078,0.0000,0.0000,0.000,0.000,,0.0,,,,,,,0,,0
18.2980,1790252655.816792,0.0204,0,,,0.000,,,0.0000,0.0000,0.0000,0.0000,0.0000,-13.0000,,,,CHO,0.0000,-12.7646,0.0000,-12.8078,0.0000,0.0000,0.000,0.000,,0.0,,,,,,,0,,0
18.3181,1790252655.836894,0.0201,0,,,0.000,,,0.0000,0.0000,0.0000,0.0000,0.0000,-13.0000,,,,CHO,0.0000,-12.7646,0.0000,-12.8078,0.0000,0.0000,0.000,0.000,,0.0,,,,,,,0,,0
18.3383,1790252655.857180,0.0202,0,,,0.000,,,0.0000,0.0000,0.0000,0.0000,0.0000,-13.0000,,,,CHO,0.0000,-12.7646,0.0000,-12.8078,0.0000,0.0000,0.000,0.000,,0.0,,,,,,,0,,0
18.3588,1790252655.877719,0.0205,0,,,0.000,,,0.0000,0.0000,0.0000,0.0000,0.0000,-13.0000,,,,CHO,0.0000,-12.7646,0.0000,-12.8078,0.0000,0.0000,0.000,0.000,,0.0,,,,,,,0,,0
18.3789,1790252655.897684,0.0201,0,,,0.000,,,0.0000,0.0000,0.0000,0.0000,0.0000,-13.0000,,,,CHO,0.0000,-12.7646,0.0000,-12.8078,0.0000,0.0000,0.000,0.000,,0.0,,,,,,,0,,0
18.3994,1790252655.918193,0.0205,0,,,0.000,,,0.0000,0.0000,0.0000,0.0000,0.0000,-13.0000,,,,CHO,0.0000,-12.7646,0.0000,-12.8078,0.0000,0.0000,0.000,0.000,,0.0,,,,,,,0,,0
18.4205,1790252655.939179,0.0210,0,,,0.000,,,0.0000,0.0000,0.0000,0.0000,0.0000,-13.0000,,,,CHO,0.0000,-12.7646,0.0000,-12.8078,0.0000,0.0000,0.000,0.000,,0.0,,,,,,,0,,0
18.4414,1790252655.960198,0.0210,0,,,0.000,,,0.0000,0.0000,0.0000,0.0000,0.0000,-13.0000,,,,CHO,0.0000,-12.7646,0.0000,-12.8078,0.0000,0.0000,0.000,0.000,,0.0,,,,,,,0,,0
18.4616,1790252655.980556,0.0202,0,,,0.000,,,0.0000,0.0000,0.0000,0.0000,0.0000,-13.0000,,,,CHO,0.0000,-12.7646,0.0000,-12.8078,0.0000,0.0000,0.000,0.000,,0.0,,,,,,,0,,0
18.4820,1790252656.000921,0.0204,0,,,0.000,,,0.0000,0.0000,0.0000,0.0000,0.0000,-13.0000,,,,CHO,0.0000,-12.7646,0.0000,-12.8078,0.0000,0.0000,0.000,0.000,,0.0,,,,,,,0,,0
18.5022,1790252656.020944,0.0201,0,,,0.000,,,0.0000,0.0000,0.0000,0.0000,0.0000,-13.0000,,,,CHO,0.0000,-12.7646,0.0000,-12.8078,0.0000,0.0000,0.000,0.000,,0.0,,,,,,,0,,0
18.5225,1790252656.041282,0.0204,0,,,0.000,,,0.0000,0.0000,0.0000,0.0000,0.0000,-13.0000,,,,CHO,0.0000,-12.7646,0.0000,-12.8078,0.0000,0.0000,0.000,0.000,,0.0,,,,,,,0,,0
18.5427,1790252656.061553,0.0202,0,,,0.000,,,0.0000,0.0000,0.0000,0.0000,0.0000,-13.0000,,,,CHO,0.0000,-12.7646,0.0000,-12.8078,0.0000,0.0000,0.000,0.000,,0.0,,,,,,,0,,0
18.5633,1790252656.082142,0.0206,0,,,0.000,,,0.0000,0.0000,0.0000,0.0000,0.0000,-13.0000,,,,CHO,0.0000,-12.7646,0.0000,-12.8078,0.0000,0.0000,0.000,0.000,,0.0,,,,,,,0,,0
18.5840,1790252656.102795,0.0206,0,,,0.000,,,0.0000,0.0000,0.0000,0.0000,0.0000,-13.0000,,,,CHO,0.0000,-12.7646,0.0000,-12.8078,0.0000,0.0000,0.000,0.000,,0.0,,,,,,,0,,0
18.6048,1790252656.123713,0.0208,0,,,0.000,,,0.0000,0.0000,0.0000,0.0000,0.0000,-13.0000,,,,CHO,0.0000,-12.7646,0.0000,-12.8078,0.0000,0.0000,0.000,0.000,,0.0,,,,,,,0,,0
18.6253,1790252656.144114,0.0205,0,,,0.000,,,0.0000,0.0000,0.0000,0.0000,0.0000,-13.0000,,,,CHO,0.0000,-12.7646,0.0000,-12.8078,0.0000,0.0000,0.000,0.000,,0.0,,,,,,,0,,0
18.6460,1790252656.164945,0.0207,0,,,0.000,,,0.0000,0.0000,0.0000,0.0000,0.0000,-13.0000,,,,CHO,0.0000,-12.7646,0.0000,-12.8078,0.0000,0.0000,0.000,0.000,,0.0,,,,,,,0,,0
18.6668,1790252656.185702,0.0208,0,,,0.000,,,0.0000,0.0000,0.0000,0.0000,0.0000,-13.0000,,,,CHO,0.0000,-12.7646,0.0000,-12.8078,0.0000,0.0000,0.000,0.000,,0.0,,,,,,,0,,0
18.6873,1790252656.206097,0.0205,0,,,0.000,,,0.0000,0.0000,0.0000,0.0000,0.0000,-13.0000,,,,CHO,0.0000,-12.7646,0.0000,-12.8078,0.0000,0.0000,0.000,0.000,,0.0,,,,,,,0,,0
18.7074,1790252656.226222,0.0201,0,,,0.000,,,0.0000,0.0000,0.0000,0.0000,0.0000,-13.0000,,,,CHO,0.0000,-12.7646,0.0000,-12.8078,0.0000,0.0000,0.000,0.000,,0.0,,,,,,,0,,0
18.7281,1790252656.246871,0.0207,0,,,0.000,,,0.0000,0.0000,0.0000,0.0000,0.0000,-13.0000,,,,CHO,0.0000,-12.7646,0.0000,-12.8078,0.0000,0.0000,0.000,0.000,,0.0,,,,,,,0,,0
18.7485,1790252656.267338,0.0204,0,,,0.000,,,0.0000,0.0000,0.0000,0.0000,0.0000,-13.0000,,,,CHO,0.0000,-12.7646,0.0000,-12.8078,0.0000,0.0000,0.000,0.000,,0.0,,,,,,,0,,0
18.7686,1790252656.287460,0.0201,0,,,0.000,,,0.0000,0.0000,0.0000,0.0000,0.0000,-13.0000,,,,CHO,0.0000,-12.7646,0.0000,-12.8078,0.0000,0.0000,0.000,0.000,,0.0,,,,,,,0,,0
18.7889,1790252656.307777,0.0203,0,,,0.000,,,0.0000,0.0000,0.0000,0.0000,0.0000,-13.0000,,,,CHO,0.0000,-12.7646,0.0000,-12.8078,0.0000,0.0000,0.000,0.000,,0.0,,,,,,,0,,0
18.8094,1790252656.328194,0.0205,0,,,0.000,,,0.0000,0.0000,0.0000,0.0000,0.0000,-13.0000,,,,CHO,0.0000,-12.7646,0.0000,-12.8078,0.0000,0.0000,0.000,0.000,,0.0,,,,,,,0,,0
18.8295,1790252656.348329,0.0201,0,,,0.000,,,0.0000,0.0000,0.0000,0.0000,0.0000,-13.0000,,,,CHO,0.0000,-12.7646,0.0000,-12.8078,0.0000,0.0000,0.000,0.000,,0.0,,,,,,,0,,0
18.8499,1790252656.368703,0.0204,0,,,0.000,,,0.0000,0.0000,0.0000,0.0000,0.0000,-13.0000,,,,CHO,0.0000,-12.7646,0.0000,-12.8078,0.0000,0.0000,0.000,0.000,,0.0,,,,,,,0,,0
18.8699,1790252656.388792,0.0200,0,,,0.000,,,0.0000,0.0000,0.0000,0.0000,0.0000,-13.0000,,,,CHO,0.0000,-12.7646,0.0000,-12.8078,0.0000,0.0000,0.000,0.000,,0.0,,,,,,,0,,0
18.8902,1790252656.408941,0.0203,0,,,0.000,,,0.0000,0.0000,0.0000,0.0000,0.0000,-13.0000,,,,CHO,0.0000,-12.7646,0.0000,-12.8078,0.0000,0.0000,0.000,0.000,,0.0,,,,,,,0,,0
18.9105,1790252656.429468,0.0203,0,,,0.000,,,0.0000,0.0000,0.0000,0.0000,0.0000,-13.0000,,,,CHO,0.0000,-12.7646,0.0000,-12.8078,0.0000,0.0000,0.000,0.000,,0.0,,,,,,,0,,0
18.9312,1790252656.450042,0.0206,0,,,0.000,,,0.0000,0.0000,0.0000,0.0000,0.0000,-13.0000,,,,CHO,0.0000,-12.7646,0.0000,-12.8078,0.0000,0.0000,0.000,0.000,,0.0,,,,,,,0,,0
18.9512,1790252656.470009,0.0200,0,,,0.000,,,0.0000,0.0000,0.0000,0.0000,0.0000,-13.0000,,,,CHO,0.0000,-12.7646,0.0000,-12.8078,0.0000,0.0000,0.000,0.000,,0.0,,,,,,,0,,0
18.9713,1790252656.490248,0.0201,0,,,0.000,,,0.0000,0.0000,0.0000,0.0000,0.0000,-13.0000,,,,CHO,0.0000,-12.7646,0.0000,-12.8078,0.0000,0.0000,0.000,0.000,,0.0,,,,,,,0,,0
18.9916,1790252656.510422,0.0202,0,,,0.000,,,0.0000,0.0000,0.0000,0.0000,0.0000,-13.0000,,,,CHO,0.0000,-12.7646,0.0000,-12.8078,0.0000,0.0000,0.000,0.000,,0.0,,,,,,,0,,0
19.0117,1790252656.530510,0.0202,0,,,0.000,,,0.0000,0.0000,0.0000,0.0000,0.0000,-13.0000,,,,CHO,0.0000,-12.7646,0.0000,-12.8078,0.0000,0.0000,0.000,0.000,,0.0,,,,,,,0,,0
19.0321,1790252656.550823,0.0203,0,,,0.000,,,0.0000,0.0000,0.0000,0.0000,0.0000,-13.0000,,,,CHO,0.0000,-12.7646,0.0000,-12.8078,0.0000,0.0000,0.000,0.000,,0.0,,,,,,,0,,0
19.0526,1790252656.571468,0.0205,0,,,0.000,,,0.0000,0.0000,0.0000,0.0000,0.0000,-13.0000,,,,CHO,0.0000,-12.7646,0.0000,-12.8078,0.0000,0.0000,0.000,0.000,,0.0,,,,,,,0,,0
19.0731,1790252656.592003,0.0205,0,,,0.000,,,0.0000,0.0000,0.0000,0.0000,0.0000,-13.0000,,,,CHO,0.0000,-12.7646,0.0000,-12.8078,0.0000,0.0000,0.000,0.000,,0.0,,,,,,,0,,0
19.0938,1790252656.612633,0.0207,0,,,0.000,,,0.0000,0.0000,0.0000,0.0000,0.0000,-13.0000,,,,CHO,0.0000,-12.7646,0.0000,-12.8078,0.0000,0.0000,0.000,0.000,,0.0,,,,,,,0,,0
19.1139,1790252656.632704,0.0201,0,,,0.000,,,0.0000,0.0000,0.0000,0.0000,0.0000,-13.0000,,,,CHO,0.0000,-12.7646,0.0000,-12.8078,0.0000,0.0000,0.000,0.000,,0.0,,,,,,,0,,0
19.1342,1790252656.652920,0.0203,0,,,0.000,,,0.0000,0.0000,0.0000,0.0000,0.0000,-13.0000,,,,CHO,0.0000,-12.7646,0.0000,-12.8078,0.0000,0.0000,0.000,0.000,,0.0,,,,,,,0,,0
19.1542,1790252656.673062,0.0200,0,,,0.000,,,0.0000,0.0000,0.0000,0.0000,0.0000,-13.0000,,,,CHO,0.0000,-12.7646,0.0000,-12.8078,0.0000,0.0000,0.000,0.000,,0.0,,,,,,,0,,0
19.1751,1790252656.693903,0.0209,0,,,0.000,,,0.0000,0.0000,0.0000,0.0000,0.0000,-13.0000,,,,CHO,0.0000,-12.7646,0.0000,-12.8078,0.0000,0.0000,0.000,0.000,,0.0,,,,,,,0,,0
19.1956,1790252656.714449,0.0205,0,,,0.000,,,0.0000,0.0000,0.0000,0.0000,0.0000,-13.0000,,,,CHO,0.0000,-12.7646,0.0000,-12.8078,0.0000,0.0000,0.000,0.000,,0.0,,,,,,,0,,0
19.2161,1790252656.734907,0.0205,0,,,0.000,,,0.0000,0.0000,0.0000,0.0000,0.0000,-13.0000,,,,CHO,0.0000,-12.7646,0.0000,-12.8078,0.0000,0.0000,0.000,0.000,,0.0,,,,,,,0,,0
19.2364,1790252656.755233,0.0203,0,,,0.000,,,0.0000,0.0000,0.0000,0.0000,0.0000,-13.0000,,,,CHO,0.0000,-12.7646,0.0000,-12.8078,0.0000,0.0000,0.000,0.000,,0.0,,,,,,,0,,0
19.2566,1790252656.775365,0.0202,0,,,0.000,,,0.0000,0.0000,0.0000,0.0000,0.0000,-13.0000,,,,CHO,0.0000,-12.7646,0.0000,-12.8078,0.0000,0.0000,0.000,0.000,,0.0,,,,,,,0,,0
19.2769,1790252656.795456,0.0203,0,,,0.000,,,0.0000,0.0000,0.0000,0.0000,0.0000,-13.0000,,,,CHO,0.0000,-12.7646,0.0000,-12.8078,0.0000,0.0000,0.000,0.000,,0.0,,,,,,,0,,0
19.2972,1790252656.815959,0.0203,0,,,0.000,,,0.0000,0.0000,0.0000,0.0000,0.0000,-13.0000,,,,CHO,0.0000,-12.7646,0.0000,-12.8078,0.0000,0.0000,0.000,0.000,,0.0,,,,,,,0,,0
19.3177,1790252656.836529,0.0205,0,,,0.000,,,0.0000,0.0000,0.0000,0.0000,0.0000,-13.0000,,,,CHO,0.0000,-12.7646,0.0000,-12.8078,0.0000,0.0000,0.000,0.000,,0.0,,,,,,,0,,0
19.3379,1790252656.856663,0.0202,0,,,0.000,,,0.0000,0.0000,0.0000,0.0000,0.0000,-13.0000,,,,CHO,0.0000,-12.7646,0.0000,-12.8078,0.0000,0.0000,0.000,0.000,,0.0,,,,,,,0,,0
19.3581,1790252656.876925,0.0203,0,,,0.000,,,0.0000,0.0000,0.0000,0.0000,0.0000,-13.0000,,,,CHO,0.0000,-12.7646,0.0000,-12.8078,0.0000,0.0000,0.000,0.000,,0.0,,,,,,,0,,0
19.3786,1790252656.897394,0.0205,0,,,0.000,,,0.0000,0.0000,0.0000,0.0000,0.0000,-13.0000,,,,CHO,0.0000,-12.7646,0.0000,-12.8078,0.0000,0.0000,0.000,0.000,,0.0,,,,,,,0,,0
19.3988,1790252656.917681,0.0202,0,,,0.000,,,0.0000,0.0000,0.0000,0.0000,0.0000,-13.0000,,,,CHO,0.0000,-12.7646,0.0000,-12.8078,0.0000,0.0000,0.000,0.000,,0.0,,,,,,,0,,0
19.4192,1790252656.938117,0.0205,0,,,0.000,,,0.0000,0.0000,0.0000,0.0000,0.0000,-13.0000,,,,CHO,0.0000,-12.7646,0.0000,-12.8078,0.0000,0.0000,0.000,0.000,,0.0,,,,,,,0,,0
19.4394,1790252656.958312,0.0202,0,,,0.000,,,0.0000,0.0000,0.0000,0.0000,0.0000,-13.0000,,,,CHO,0.0000,-12.7646,0.0000,-12.8078,0.0000,0.0000,0.000,0.000,,0.0,,,,,,,0,,0
19.4600,1790252656.978781,0.0206,0,,,0.000,,,0.0000,0.0000,0.0000,0.0000,0.0000,-13.0000,,,,CHO,0.0000,-12.7646,0.0000,-12.8078,0.0000,0.0000,0.000,0.000,,0.0,,,,,,,0,,0
19.4806,1790252656.999379,0.0206,0,,,0.000,,,0.0000,0.0000,0.0000,0.0000,0.0000,-13.0000,,,,CHO,0.0000,-12.7646,0.0000,-12.8078,0.0000,0.0000,0.000,0.000,,0.0,,,,,,,0,,0
19.5009,1790252657.019852,0.0203,0,,,0.000,,,0.0000,0.0000,0.0000,0.0000,0.0000,-13.0000,,,,CHO,0.0000,-12.7646,0.0000,-12.8078,0.0000,0.0000,0.000,0.000,,0.0,,,,,,,0,,0
19.5211,1790252657.040008,0.0201,0,,,0.000,,,0.0000,0.0000,0.0000,0.0000,0.0000,-13.0000,,,,CHO,0.0000,-12.7646,0.0000,-12.8078,0.0000,0.0000,0.000,0.000,,0.0,,,,,,,0,,0
19.5412,1790252657.060043,0.0201,0,,,0.000,,,0.0000,0.0000,0.0000,0.0000,0.0000,-13.0000,,,,CHO,0.0000,-12.7646,0.0000,-12.8078,0.0000,0.0000,0.000,0.000,,0.0,,,,,,,0,,0
19.5615,1790252657.080413,0.0203,0,,,0.000,,,0.0000,0.0000,0.0000,0.0000,0.0000,-13.0000,,,,CHO,0.0000,-12.7646,0.0000,-12.8078,0.0000,0.0000,0.000,0.000,,0.0,,,,,,,0,,0
19.5815,1790252657.100214,0.0200,0,,,0.000,,,0.0000,0.0000,0.0000,0.0000,0.0000,-13.0000,,,,CHO,0.0000,-12.7646,0.0000,-12.8078,0.0000,0.0000,0.000,0.000,,0.0,,,,,,,0,,0
19.6018,1790252657.120757,0.0203,0,,,0.000,,,0.0000,0.0000,0.0000,0.0000,0.0000,-13.0000,,,,CHO,0.0000,-12.7646,0.0000,-12.8078,0.0000,0.0000,0.000,0.000,,0.0,,,,,,,0,,0
19.6225,1790252657.141394,0.0207,0,,,0.000,,,0.0000,0.0000,0.0000,0.0000,0.0000,-13.0000,,,,CHO,0.0000,-12.7646,0.0000,-12.8078,0.0000,0.0000,0.000,0.000,,0.0,,,,,,,0,,0
19.6426,1790252657.161505,0.0201,0,,,0.000,,,0.0000,0.0000,0.0000,0.0000,0.0000,-13.0000,,,,CHO,0.0000,-12.7646,0.0000,-12.8078,0.0000,0.0000,0.000,0.000,,0.0,,,,,,,0,,0
19.6631,1790252657.182007,0.0204,0,,,0.000,,,0.0000,0.0000,0.0000,0.0000,0.0000,-13.0000,,,,CHO,0.0000,-12.7646,0.0000,-12.8078,0.0000,0.0000,0.000,0.000,,0.0,,,,,,,0,,0
19.6831,1790252657.202024,0.0200,0,,,0.000,,,0.0000,0.0000,0.0000,0.0000,0.0000,-13.0000,,,,CHO,0.0000,-12.7646,0.0000,-12.8078,0.0000,0.0000,0.000,0.000,,0.0,,,,,,,0,,0
19.7034,1790252657.222246,0.0203,0,,,0.000,,,0.0000,0.0000,0.0000,0.0000,0.0000,-13.0000,,,,CHO,0.0000,-12.7646,0.0000,-12.8078,0.0000,0.0000,0.000,0.000,,0.0,,,,,,,0,,0
19.7239,1790252657.242679,0.0204,0,,,0.000,,,0.0000,0.0000,0.0000,0.0000,0.0000,-13.0000,,,,CHO,0.0000,-12.7646,0.0000,-12.8078,0.0000,0.0000,0.000,0.000,,0.0,,,,,,,0,,0
19.7446,1790252657.263419,0.0207,0,,,0.000,,,0.0000,0.0000,0.0000,0.0000,0.0000,-13.0000,,,,CHO,0.0000,-12.7646,0.0000,-12.8078,0.0000,0.0000,0.000,0.000,,0.0,,,,,,,0,,0
19.7651,1790252657.283900,0.0205,0,,,0.000,,,0.0000,0.0000,0.0000,0.0000,0.0000,-13.0000,,,,CHO,0.0000,-12.7646,0.0000,-12.8078,0.0000,0.0000,0.000,0.000,,0.0,,,,,,,0,,0
19.7851,1790252657.303963,0.0200,0,,,0.000,,,0.0000,0.0000,0.0000,0.0000,0.0000,-13.0000,,,,CHO,0.0000,-12.7646,0.0000,-12.8078,0.0000,0.0000,0.000,0.000,,0.0,,,,,,,0,,0
19.8056,1790252657.324425,0.0205,0,,,0.000,,,0.0000,0.0000,0.0000,0.0000,0.0000,-13.0000,,,,CHO,0.0000,-12.7646,0.0000,-12.8078,0.0000,0.0000,0.000,0.000,,0.0,,,,,,,0,,0
19.8261,1790252657.345005,0.0204,0,,,0.000,,,0.0000,0.0000,0.0000,0.0000,0.0000,-13.0000,,,,CHO,0.0000,-12.7646,0.0000,-12.8078,0.0000,0.0000,0.000,0.000,,0.0,,,,,,,0,,0
19.8461,1790252657.365060,0.0201,0,,,0.000,,,0.0000,0.0000,0.0000,0.0000,0.0000,-13.0000,,,,CHO,0.0000,-12.7646,0.0000,-12.8078,0.0000,0.0000,0.000,0.000,,0.0,,,,,,,0,,0
19.8670,1790252657.385740,0.0209,0,,,0.000,,,0.0000,0.0000,0.0000,0.0000,0.0000,-13.0000,,,,CHO,0.0000,-12.7646,0.0000,-12.8078,0.0000,0.0000,0.000,0.000,,0.0,,,,,,,0,,0
19.8873,1790252657.406110,0.0203,0,,,0.000,,,0.0000,0.0000,0.0000,0.0000,0.0000,-13.0000,,,,CHO,0.0000,-12.7646,0.0000,-12.8078,0.0000,0.0000,0.000,0.000,,0.0,,,,,,,0,,0
19.9073,1790252657.426197,0.0200,0,,,0.000,,,0.0000,0.0000,0.0000,0.0000,0.0000,-13.0000,,,,CHO,0.0000,-12.7646,0.0000,-12.8078,0.0000,0.0000,0.000,0.000,,0.0,,,,,,,0,,0
19.9279,1790252657.446685,0.0206,0,,,0.000,,,0.0000,0.0000,0.0000,0.0000,0.0000,-13.0000,,,,CHO,0.0000,-12.7646,0.0000,-12.8078,0.0000,0.0000,0.000,0.000,,0.0,,,,,,,0,,0
19.9484,1790252657.467319,0.0205,0,,,0.000,,,0.0000,0.0000,0.0000,0.0000,0.0000,-13.0000,,,,CHO,0.0000,-12.7646,0.0000,-12.8078,0.0000,0.0000,0.000,0.000,,0.0,,,,,,,0,,0
19.9688,1790252657.487687,0.0204,0,,,0.000,,,0.0000,0.0000,0.0000,0.0000,0.0000,-13.0000,,,,CHO,0.0000,-12.7646,0.0000,-12.8078,0.0000,0.0000,0.000,0.000,,0.0,,,,,,,0,,0
19.9894,1790252657.508321,0.0206,0,,,0.000,,,0.0000,0.0000,0.0000,0.0000,0.0000,-13.0000,,,,CHO,0.0000,-12.7646,0.0000,-12.8078,0.0000,0.0000,0.000,0.000,,0.0,,,,,,,0,,0
20.0097,1790252657.528683,0.0203,0,,,0.000,,,0.0000,0.0000,0.0000,0.0000,0.0000,-13.0000,,,,CHO,0.0000,-12.7646,0.0000,-12.8078,0.0000,0.0000,0.000,0.000,,0.0,,,,,,,0,,0
20.0303,1790252657.549267,0.0206,0,,,0.000,,,0.0000,0.0000,0.0000,0.0000,0.0000,-13.0000,,,,CHO,0.0000,-12.7646,0.0000,-12.8078,0.0000,0.0000,0.000,0.000,,0.0,,,,,,,0,,0
20.0508,1790252657.569692,0.0204,0,,,0.000,,,0.0000,0.0000,0.0000,0.0000,0.0000,-13.0000,,,,CHO,0.0000,-12.7646,0.0000,-12.8078,0.0000,0.0000,0.000,0.000,,0.0,,,,,,,0,,0
20.0709,1790252657.589772,0.0201,0,,,0.000,,,0.0000,0.0000,0.0000,0.0000,0.0000,-13.0000,,,,CHO,0.0000,-12.7646,0.0000,-12.8078,0.0000,0.0000,0.000,0.000,,0.0,,,,,,,0,,0
20.0910,1790252657.609834,0.0202,0,,,0.000,,,0.0000,0.0000,0.0000,0.0000,0.0000,-13.0000,,,,CHO,0.0000,-12.7646,0.0000,-12.8078,0.0000,0.0000,0.000,0.000,,0.0,,,,,,,0,,0
20.1113,1790252657.630212,0.0202,0,,,0.000,,,0.0000,0.0000,0.0000,0.0000,0.0000,-13.0000,,,,CHO,0.0000,-12.7646,0.0000,-12.8078,0.0000,0.0000,0.000,0.000,,0.0,,,,,,,0,,0
20.1320,1790252657.650966,0.0208,0,,,0.000,,,0.0000,0.0000,0.0000,0.0000,0.0000,-13.0000,,,,CHO,0.0000,-12.7646,0.0000,-12.8078,0.0000,0.0000,0.000,0.000,,0.0,,,,,,,0,,0
20.1522,1790252657.671151,0.0202,0,,,0.000,,,0.0000,0.0000,0.0000,0.0000,0.0000,-13.0000,,,,CHO,0.0000,-12.7646,0.0000,-12.8078,0.0000,0.0000,0.000,0.000,,0.0,,,,,,,0,,0
20.1726,1790252657.691244,0.0203,0,,,0.000,,,0.0000,0.0000,0.0000,0.0000,0.0000,-13.0000,,,,CHO,0.0000,-12.7646,0.0000,-12.8078,0.0000,0.0000,0.000,0.000,,0.0,,,,,,,0,,0
20.1931,1790252657.712075,0.0206,0,,,0.000,,,0.0000,0.0000,0.0000,0.0000,0.0000,-13.0000,,,,CHO,0.0000,-12.7646,0.0000,-12.8078,0.0000,0.0000,0.000,0.000,,0.0,,,,,,,0,,0
20.2133,1790252657.732246,0.0202,0,,,0.000,,,0.0000,0.0000,0.0000,0.0000,0.0000,-13.0000,,,,CHO,0.0000,-12.7646,0.0000,-12.8078,0.0000,0.0000,0.000,0.000,,0.0,,,,,,,0,,0
20.2337,1790252657.752495,0.0203,0,,,0.000,,,0.0000,0.0000,0.0000,0.0000,0.0000,-13.0000,,,,CHO,0.0000,-12.7646,0.0000,-12.8078,0.0000,0.0000,0.000,0.000,,0.0,,,,,,,0,,0
20.2544,1790252657.773147,0.0207,0,,,0.000,,,0.0000,0.0000,0.0000,0.0000,0.0000,-13.0000,,,,CHO,0.0000,-12.7646,0.0000,-12.8078,0.0000,0.0000,0.000,0.000,,0.0,,,,,,,0,,0
20.2749,1790252657.793819,0.0206,0,,,0.000,,,0.0000,0.0000,0.0000,0.0000,0.0000,-13.0000,,,,CHO,0.0000,-12.7646,0.0000,-12.8078,0.0000,0.0000,0.000,0.000,,0.0,,,,,,,0,,0
20.2951,1790252657.813952,0.0201,0,,,0.000,,,0.0000,0.0000,0.0000,0.0000,0.0000,-13.0000,,,,CHO,0.0000,-12.7646,0.0000,-12.8078,0.0000,0.0000,0.000,0.000,,0.0,,,,,,,0,,0
20.3157,1790252657.834412,0.0207,0,,,0.000,,,0.0000,0.0000,0.0000,0.0000,0.0000,-13.0000,,,,CHO,0.0000,-12.7646,0.0000,-12.8078,0.0000,0.0000,0.000,0.000,,0.0,,,,,,,0,,0
20.3361,1790252657.854871,0.0204,0,,,0.000,,,0.0000,0.0000,0.0000,0.0000,0.0000,-13.0000,,,,CHO,0.0000,-12.7646,0.0000,-12.8078,0.0000,0.0000,0.000,0.000,,0.0,,,,,,,0,,0
20.3563,1790252657.875092,0.0202,0,,,0.000,,,0.0000,0.0000,0.0000,0.0000,0.0000,-13.0000,,,,CHO,0.0000,-12.7646,0.0000,-12.8078,0.0000,0.0000,0.000,0.000,,0.0,,,,,,,0,,0
20.3765,1790252657.895259,0.0201,0,,,0.000,,,0.0000,0.0000,0.0000,0.0000,0.0000,-13.0000,,,,CHO,0.0000,-12.7646,0.0000,-12.8078,0.0000,0.0000,0.000,0.000,,0.0,,,,,,,0,,0
20.3966,1790252657.915411,0.0201,0,,,0.000,,,0.0000,0.0000,0.0000,0.0000,0.0000,-13.0000,,,,CHO,0.0000,-12.7646,0.0000,-12.8078,0.0000,0.0000,0.000,0.000,,0.0,,,,,,,0,,0
20.4171,1790252657.935883,0.0205,0,,,0.000,,,0.0000,0.0000,0.0000,0.0000,0.0000,-13.0000,,,,CHO,0.0000,-12.7646,0.0000,-12.8078,0.0000,0.0000,0.000,0.000,,0.0,,,,,,,0,,0
20.4372,1790252657.956027,0.0201,0,,,0.000,,,0.0000,0.0000,0.0000,0.0000,0.0000,-13.0000,,,,CHO,0.0000,-12.7646,0.0000,-12.8078,0.0000,0.0000,0.000,0.000,,0.0,,,,,,,0,,0
20.4572,1790252657.976121,0.0201,0,,,0.000,,,0.0000,0.0000,0.0000,0.0000,0.0000,-13.0000,,,,CHO,0.0000,-12.7646,0.0000,-12.8078,0.0000,0.0000,0.000,0.000,,0.0,,,,,,,0,,0
20.4775,1790252657.996437,0.0203,0,,,0.000,,,0.0000,0.0000,0.0000,0.0000,0.0000,-13.0000,,,,CHO,0.0000,-12.7646,0.0000,-12.8078,0.0000,0.0000,0.000,0.000,,0.0,,,,,,,0,,0
20.4983,1790252658.016989,0.0208,0,,,0.000,,,0.0000,0.0000,0.0000,0.0000,0.0000,-13.0000,,,,CHO,0.0000,-12.7646,0.0000,-12.8078,0.0000,0.0000,0.000,0.000,,0.0,,,,,,,0,,0
20.5186,1790252658.037491,0.0203,0,,,0.000,,,0.0000,0.0000,0.0000,0.0000,0.0000,-13.0000,,,,CHO,0.0000,-12.7646,0.0000,-12.8078,0.0000,0.0000,0.000,0.000,,0.0,,,,,,,0,,0
20.5389,1790252658.057694,0.0203,0,,,0.000,,,0.0000,0.0000,0.0000,0.0000,0.0000,-13.0000,,,,CHO,0.0000,-12.7646,0.0000,-12.8078,0.0000,0.0000,0.000,0.000,,0.0,,,,,,,0,,0
20.5589,1790252658.077787,0.0200,0,,,0.000,,,0.0000,0.0000,0.0000,0.0000,0.0000,-13.0000,,,,CHO,0.0000,-12.7646,0.0000,-12.8078,0.0000,0.0000,0.000,0.000,,0.0,,,,,,,0,,0
20.5795,1790252658.098430,0.0206,0,,,0.000,,,0.0000,0.0000,0.0000,0.0000,0.0000,-13.0000,,,,CHO,0.0000,-12.7646,0.0000,-12.8078,0.0000,0.0000,0.000,0.000,,0.0,,,,,,,0,,0
20.5996,1790252658.118459,0.0201,0,,,0.000,,,0.0000,0.0000,0.0000,0.0000,0.0000,-13.0000,,,,CHO,0.0000,-12.7646,0.0000,-12.8078,0.0000,0.0000,0.000,0.000,,0.0,,,,,,,0,,0
20.6197,1790252658.138555,0.0201,0,,,0.000,,,0.0000,0.0000,0.0000,0.0000,0.0000,-13.0000,,,,CHO,0.0000,-12.7646,0.0000,-12.8078,0.0000,0.0000,0.000,0.000,,0.0,,,,,,,0,,0
20.6398,1790252658.158676,0.0200,0,,,0.000,,,0.0000,0.0000,0.0000,0.0000,0.0000,-13.0000,,,,CHO,0.0000,-12.7646,0.0000,-12.8078,0.0000,0.0000,0.000,0.000,,0.0,,,,,,,0,,0
20.6602,1790252658.179130,0.0205,0,,,0.000,,,0.0000,0.0000,0.0000,0.0000,0.0000,-13.0000,,,,CHO,0.0000,-12.7646,0.0000,-12.8078,0.0000,0.0000,0.000,0.000,,0.0,,,,,,,0,,0
20.6809,1790252658.199776,0.0206,0,,,0.000,,,0.0000,0.0000,0.0000,0.0000,0.0000,-13.0000,,,,CHO,0.0000,-12.7646,0.0000,-12.8078,0.0000,0.0000,0.000,0.000,,0.0,,,,,,,0,,0
20.7011,1790252658.219982,0.0202,0,,,0.000,,,0.0000,0.0000,0.0000,0.0000,0.0000,-13.0000,,,,CHO,0.0000,-12.7646,0.0000,-12.8078,0.0000,0.0000,0.000,0.000,,0.0,,,,,,,0,,0
20.7219,1790252658.240750,0.0209,0,,,0.000,,,0.0000,0.0000,0.0000,0.0000,0.0000,-13.0000,,,,CHO,0.0000,-12.7646,0.0000,-12.8078,0.0000,0.0000,0.000,0.000,,0.0,,,,,,,0,,0
20.7424,1790252658.261189,0.0205,0,,,0.000,,,0.0000,0.0000,0.0000,0.0000,0.0000,-13.0000,,,,CHO,0.0000,-12.7646,0.0000,-12.8078,0.0000,0.0000,0.000,0.000,,0.0,,,,,,,0,,0
20.7633,1790252658.281962,0.0209,0,,,0.000,,,0.0000,0.0000,0.0000,0.0000,0.0000,-13.0000,,,,CHO,0.0000,-12.7646,0.0000,-12.8078,0.0000,0.0000,0.000,0.000,,0.0,,,,,,,0,,0
20.7842,1790252658.302736,0.0209,0,,,0.000,,,0.0000,0.0000,0.0000,0.0000,0.0000,-13.0000,,,,CHO,0.0000,-12.7646,0.0000,-12.8078,0.0000,0.0000,0.000,0.000,,0.0,,,,,,,0,,0
20.8044,1790252658.323262,0.0202,0,,,0.000,,,0.0000,0.0000,0.0000,0.0000,0.0000,-13.0000,,,,CHO,0.0000,-12.7646,0.0000,-12.8078,0.0000,0.0000,0.000,0.000,,0.0,,,,,,,0,,0
20.8250,1790252658.343987,0.0206,0,,,0.000,,,0.0000,0.0000,0.0000,0.0000,0.0000,-13.0000,,,,CHO,0.0000,-12.7646,0.0000,-12.8078,0.0000,0.0000,0.000,0.000,,0.0,,,,,,,0,,0
20.8457,1790252658.364122,0.0207,0,,,0.000,,,0.0000,0.0000,0.0000,0.0000,0.0000,-13.0000,,,,CHO,0.0000,-12.7646,0.0000,-12.8078,0.0000,0.0000,0.000,0.000,,0.0,,,,,,,0,,0
20.8659,1790252658.384722,0.0203,0,,,0.000,,,0.0000,0.0000,0.0000,0.0000,0.0000,-13.0000,,,,CHO,0.0000,-12.7646,0.0000,-12.8078,0.0000,0.0000,0.000,0.000,,0.0,,,,,,,0,,0
20.8862,1790252658.404924,0.0202,0,,,0.000,,,0.0000,0.0000,0.0000,0.0000,0.0000,-13.0000,,,,CHO,0.0000,-12.7646,0.0000,-12.8078,0.0000,0.0000,0.000,0.000,,0.0,,,,,,,0,,0
20.9066,1790252658.425519,0.0204,0,,,0.000,,,0.0000,0.0000,0.0000,0.0000,0.0000,-13.0000,,,,CHO,0.0000,-12.7646,0.0000,-12.8078,0.0000,0.0000,0.000,0.000,,0.0,,,,,,,0,,0
20.9267,1790252658.445601,0.0201,0,,,0.000,,,0.0000,0.0000,0.0000,0.0000,0.0000,-13.0000,,,,CHO,0.0000,-12.7646,0.0000,-12.8078,0.0000,0.0000,0.000,0.000,,0.0,,,,,,,0,,0
20.9471,1790252658.465863,0.0204,0,,,0.000,,,0.0000,0.0000,0.0000,0.0000,0.0000,-13.0000,,,,CHO,0.0000,-12.7646,0.0000,-12.8078,0.0000,0.0000,0.000,0.000,,0.0,,,,,,,0,,0
20.9676,1790252658.486496,0.0205,0,,,0.000,,,0.0000,0.0000,0.0000,0.0000,0.0000,-13.0000,,,,CHO,0.0000,-12.7646,0.0000,-12.8078,0.0000,0.0000,0.000,0.000,,0.0,,,,,,,0,,0
20.9882,1790252658.507023,0.0207,0,,,0.000,,,0.0000,0.0000,0.0000,0.0000,0.0000,-13.0000,,,,CHO,0.0000,-12.7646,0.0000,-12.8078,0.0000,0.0000,0.000,0.000,,0.0,,,,,,,0,,0
21.0084,1790252658.527195,0.0202,0,,,0.000,,,0.0000,0.0000,0.0000,0.0000,0.0000,-13.0000,,,,CHO,0.0000,-12.7646,0.0000,-12.8078,0.0000,0.0000,0.000,0.000,,0.0,,,,,,,0,,0
21.0288,1790252658.547702,0.0204,0,,,0.000,,,0.0000,0.0000,0.0000,0.0000,0.0000,-13.0000,,,,CHO,0.0000,-12.7646,0.0000,-12.8078,0.0000,0.0000,0.000,0.000,,0.0,,,,,,,0,,0
21.0491,1790252658.568046,0.0203,0,,,0.000,,,0.0000,0.0000,0.0000,0.0000,0.0000,-13.0000,,,,CHO,0.0000,-12.7646,0.0000,-12.8078,0.0000,0.0000,0.000,0.000,,0.0,,,,,,,0,,0
21.0695,1790252658.588470,0.0204,0,,,0.000,,,0.0000,0.0000,0.0000,0.0000,0.0000,-13.0000,,,,CHO,0.0000,-12.7646,0.0000,-12.8078,0.0000,0.0000,0.000,0.000,,0.0,,,,,,,0,,0
21.0896,1790252658.608382,0.0201,0,,,0.000,,,0.0000,0.0000,0.0000,0.0000,0.0000,-13.0000,,,,CHO,0.0000,-12.7646,0.0000,-12.8078,0.0000,0.0000,0.000,0.000,,0.0,,,,,,,0,,0
21.1097,1790252658.628588,0.0201,0,,,0.000,,,0.0000,0.0000,0.0000,0.0000,0.0000,-13.0000,,,,CHO,0.0000,-12.7646,0.0000,-12.8078,0.0000,0.0000,0.000,0.000,,0.0,,,,,,,0,,0
21.1302,1790252658.648919,0.0204,0,,,0.000,,,0.0000,0.0000,0.0000,0.0000,0.0000,-13.0000,,,,CHO,0.0000,-12.7646,0.0000,-12.8078,0.0000,0.0000,0.000,0.000,,0.0,,,,,,,0,,0
21.1503,1790252658.669161,0.0202,0,,,0.000,,,0.0000,0.0000,0.0000,0.0000,0.0000,-13.0000,,,,CHO,0.0000,-12.7646,0.0000,-12.8078,0.0000,0.0000,0.000,0.000,,0.0,,,,,,,0,,0
21.1704,1790252658.689346,0.0201,0,,,0.000,,,0.0000,0.0000,0.0000,0.0000,0.0000,-13.0000,,,,CHO,0.0000,-12.7646,0.0000,-12.8078,0.0000,0.0000,0.000,0.000,,0.0,,,,,,,0,,0
21.1905,1790252658.709358,0.0201,0,,,0.000,,,0.0000,0.0000,0.0000,0.0000,0.0000,-13.0000,,,,CHO,0.0000,-12.7646,0.0000,-12.8078,0.0000,0.0000,0.000,0.000,,0.0,,,,,,,0,,0
21.2106,1790252658.729482,0.0201,0,,,0.000,,,0.0000,0.0000,0.0000,0.0000,0.0000,-13.0000,,,,CHO,0.0000,-12.7646,0.0000,-12.8078,0.0000,0.0000,0.000,0.000,,0.0,,,,,,,0,,0
21.2306,1790252658.749480,0.0201,0,,,0.000,,,0.0000,0.0000,0.0000,0.0000,0.0000,-13.0000,,,,CHO,0.0000,-12.7646,0.0000,-12.8078,0.0000,0.0000,0.000,0.000,,0.0,,,,,,,0,,0
21.2507,1790252658.769602,0.0201,0,,,0.000,,,0.0000,0.0000,0.0000,0.0000,0.0000,-13.0000,,,,CHO,0.0000,-12.7646,0.0000,-12.8078,0.0000,0.0000,0.000,0.000,,0.0,,,,,,,0,,0
21.2712,1790252658.790060,0.0205,0,,,0.000,,,0.0000,0.0000,0.0000,0.0000,0.0000,-13.0000,,,,CHO,0.0000,-12.7646,0.0000,-12.8078,0.0000,0.0000,0.000,0.000,,0.0,,,,,,,0,,0
21.2912,1790252658.810007,0.0200,0,,,0.000,,,0.0000,0.0000,0.0000,0.0000,0.0000,-13.0000,,,,CHO,0.0000,-12.7646,0.0000,-12.8078,0.0000,0.0000,0.000,0.000,,0.0,,,,,,,0,,0
21.3114,1790252658.830333,0.0202,0,,,0.000,,,0.0000,0.0000,0.0000,0.0000,0.0000,-13.0000,,,,CHO,0.0000,-12.7646,0.0000,-12.8078,0.0000,0.0000,0.000,0.000,,0.0,,,,,,,0,,0
21.3315,1790252658.850393,0.0200,0,,,0.000,,,0.0000,0.0000,0.0000,0.0000,0.0000,-13.0000,,,,CHO,0.0000,-12.7646,0.0000,-12.8078,0.0000,0.0000,0.000,0.000,,0.0,,,,,,,0,,0
21.3516,1790252658.870411,0.0201,0,,,0.000,,,0.0000,0.0000,0.0000,0.0000,0.0000,-13.0000,,,,CHO,0.0000,-12.7646,0.0000,-12.8078,0.0000,0.0000,0.000,0.000,,0.0,,,,,,,0,,0
21.3722,1790252658.890940,0.0206,0,,,0.000,,,0.0000,0.0000,0.0000,0.0000,0.0000,-13.0000,,,,CHO,0.0000,-12.7646,0.0000,-12.8078,0.0000,0.0000,0.000,0.000,,0.0,,,,,,,0,,0
21.3924,1790252658.911196,0.0202,0,,,0.000,,,0.0000,0.0000,0.0000,0.0000,0.0000,-13.0000,,,,CHO,0.0000,-12.7646,0.0000,-12.8078,0.0000,0.0000,0.000,0.000,,0.0,,,,,,,0,,0
21.4128,1790252658.931638,0.0204,0,,,0.000,,,0.0000,0.0000,0.0000,0.0000,0.0000,-13.0000,,,,CHO,0.0000,-12.7646,0.0000,-12.8078,0.0000,0.0000,0.000,0.000,,0.0,,,,,,,0,,0
21.4329,1790252658.951800,0.0201,0,,,0.000,,,0.0000,0.0000,0.0000,0.0000,0.0000,-13.0000,,,,CHO,0.0000,-12.7646,0.0000,-12.8078,0.0000,0.0000,0.000,0.000,,0.0,,,,,,,0,,0
21.4530,1790252658.971861,0.0201,0,,,0.000,,,0.0000,0.0000,0.0000,0.0000,0.0000,-13.0000,,,,CHO,0.0000,-12.7646,0.0000,-12.8078,0.0000,0.0000,0.000,0.000,,0.0,,,,,,,0,,0
21.4733,1790252658.992255,0.0203,0,,,0.000,,,0.0000,0.0000,0.0000,0.0000,0.0000,-13.0000,,,,CHO,0.0000,-12.7646,0.0000,-12.8078,0.0000,0.0000,0.000,0.000,,0.0,,,,,,,0,,0
21.4938,1790252659.012729,0.0205,0,,,0.000,,,0.0000,0.0000,0.0000,0.0000,0.0000,-13.0000,,,,CHO,0.0000,-12.7646,0.0000,-12.8078,0.0000,0.0000,0.000,0.000,,0.0,,,,,,,0,,0
21.5143,1790252659.033235,0.0205,0,,,0.000,,,0.0000,0.0000,0.0000,0.0000,0.0000,-13.0000,,,,CHO,0.0000,-12.7646,0.0000,-12.8078,0.0000,0.0000,0.000,0.000,,0.0,,,,,,,0,,0
21.5348,1790252659.053649,0.0205,0,,,0.000,,,0.0000,0.0000,0.0000,0.0000,0.0000,-13.0000,,,,CHO,0.0000,-12.7646,0.0000,-12.8078,0.0000,0.0000,0.000,0.000,,0.0,,,,,,,0,,0
21.5552,1790252659.074112,0.0204,0,,,0.000,,,0.0000,0.0000,0.0000,0.0000,0.0000,-13.0000,,,,CHO,0.0000,-12.7646,0.0000,-12.8078,0.0000,0.0000,0.000,0.000,,0.0,,,,,,,0,,0
21.5756,1790252659.094529,0.0204,0,,,0.000,,,0.0000,0.0000,0.0000,0.0000,0.0000,-13.0000,,,,CHO,0.0000,-12.7646,0.0000,-12.8078,0.0000,0.0000,0.000,0.000,,0.0,,,,,,,0,,0
21.5960,1790252659.114876,0.0204,0,,,0.000,,,0.0000,0.0000,0.0000,0.0000,0.0000,-13.0000,,,,CHO,0.0000,-12.7646,0.0000,-12.8078,0.0000,0.0000,0.000,0.000,,0.0,,,,,,,0,,0
21.6161,1790252659.134999,0.0201,0,,,0.000,,,0.0000,0.0000,0.0000,0.0000,0.0000,-13.0000,,,,CHO,0.0000,-12.7646,0.0000,-12.8078,0.0000,0.0000,0.000,0.000,,0.0,,,,,,,0,,0
21.6363,1790252659.155161,0.0202,0,,,0.000,,,0.0000,0.0000,0.0000,0.0000,0.0000,-13.0000,,,,CHO,0.0000,-12.7646,0.0000,-12.8078,0.0000,0.0000,0.000,0.000,,0.0,,,,,,,0,,0
21.6564,1790252659.175320,0.0201,0,,,0.000,,,0.0000,0.0000,0.0000,0.0000,0.0000,-13.0000,,,,CHO,0.0000,-12.7646,0.0000,-12.8078,0.0000,0.0000,0.000,0.000,,0.0,,,,,,,0,,0
21.6766,1790252659.195488,0.0202,0,,,0.000,,,0.0000,0.0000,0.0000,0.0000,0.0000,-13.0000,,,,CHO,0.0000,-12.7646,0.0000,-12.8078,0.0000,0.0000,0.000,0.000,,0.0,,,,,,,0,,0
21.6970,1790252659.215823,0.0203,0,,,0.000,,,0.0000,0.0000,0.0000,0.0000,0.0000,-13.0000,,,,CHO,0.0000,-12.7646,0.0000,-12.8078,0.0000,0.0000,0.000,0.000,,0.0,,,,,,,0,,0
21.7175,1790252659.236414,0.0205,0,,,0.000,,,0.0000,0.0000,0.0000,0.0000,0.0000,-13.0000,,,,CHO,0.0000,-12.7646,0.0000,-12.8078,0.0000,0.0000,0.000,0.000,,0.0,,,,,,,0,,0
21.7380,1790252659.256855,0.0206,0,,,0.000,,,0.0000,0.0000,0.0000,0.0000,0.0000,-13.0000,,,,CHO,0.0000,-12.7646,0.0000,-12.8078,0.0000,0.0000,0.000,0.000,,0.0,,,,,,,0,,0
21.7581,1790252659.276972,0.0201,0,,,0.000,,,0.0000,0.0000,0.0000,0.0000,0.0000,-13.0000,,,,CHO,0.0000,-12.7646,0.0000,-12.8078,0.0000,0.0000,0.000,0.000,,0.0,,,,,,,0,,0
21.7785,1790252659.297386,0.0203,0,,,0.000,,,0.0000,0.0000,0.0000,0.0000,0.0000,-13.0000,,,,CHO,0.0000,-12.7646,0.0000,-12.8078,0.0000,0.0000,0.000,0.000,,0.0,,,,,,,0,,0
21.7990,1790252659.317911,0.0205,0,,,0.000,,,0.0000,0.0000,0.0000,0.0000,0.0000,-13.0000,,,,CHO,0.0000,-12.7646,0.0000,-12.8078,0.0000,0.0000,0.000,0.000,,0.0,,,,,,,0,,0
21.8191,1790252659.338021,0.0201,0,,,0.000,,,0.0000,0.0000,0.0000,0.0000,0.0000,-13.0000,,,,CHO,0.0000,-12.7646,0.0000,-12.8078,0.0000,0.0000,0.000,0.000,,0.0,,,,,,,0,,0
21.8394,1790252659.358314,0.0203,0,,,0.000,,,0.0000,0.0000,0.0000,0.0000,0.0000,-13.0000,,,,CHO,0.0000,-12.7646,0.0000,-12.8078,0.0000,0.0000,0.000,0.000,,0.0,,,,,,,0,,0
21.8600,1790252659.378816,0.0206,0,,,0.000,,,0.0000,0.0000,0.0000,0.0000,0.0000,-13.0000,,,,CHO,0.0000,-12.7646,0.0000,-12.8078,0.0000,0.0000,0.000,0.000,,0.0,,,,,,,0,,0
21.8803,1790252659.399103,0.0203,0,,,0.000,,,0.0000,0.0000,0.0000,0.0000,0.0000,-13.0000,,,,CHO,0.0000,-12.7646,0.0000,-12.8078,0.0000,0.0000,0.000,0.000,,0.0,,,,,,,0,,0
21.9007,1790252659.419562,0.0204,0,,,0.000,,,0.0000,0.0000,0.0000,0.0000,0.0000,-13.0000,,,,CHO,0.0000,-12.7646,0.0000,-12.8078,0.0000,0.0000,0.000,0.000,,0.0,,,,,,,0,,0
21.9210,1790252659.439809,0.0203,0,,,0.000,,,0.0000,0.0000,0.0000,0.0000,0.0000,-13.0000,,,,CHO,0.0000,-12.7646,0.0000,-12.8078,0.0000,0.0000,0.000,0.000,,0.0,,,,,,,0,,0
21.9414,1790252659.460351,0.0204,0,,,0.000,,,0.0000,0.0000,0.0000,0.0000,0.0000,-13.0000,,,,CHO,0.0000,-12.7646,0.0000,-12.8078,0.0000,0.0000,0.000,0.000,,0.0,,,,,,,0,,0
21.9616,1790252659.480411,0.0202,0,,,0.000,,,0.0000,0.0000,0.0000,0.0000,0.0000,-13.0000,,,,CHO,0.0000,-12.7646,0.0000,-12.8078,0.0000,0.0000,0.000,0.000,,0.0,,,,,,,0,,0
21.9817,1790252659.500584,0.0202,0,,,0.000,,,0.0000,0.0000,0.0000,0.0000,0.0000,-13.0000,,,,CHO,0.0000,-12.7646,0.0000,-12.8078,0.0000,0.0000,0.000,0.000,,0.0,,,,,,,0,,0
22.0024,1790252659.521169,0.0206,0,,,0.000,,,0.0000,0.0000,0.0000,0.0000,0.0000,-13.0000,,,,CHO,0.0000,-12.7646,0.0000,-12.8078,0.0000,0.0000,0.000,0.000,,0.0,,,,,,,0,,0
22.0226,1790252659.541363,0.0202,0,,,0.000,,,0.0000,0.0000,0.0000,0.0000,0.0000,-13.0000,,,,CHO,0.0000,-12.7646,0.0000,-12.8078,0.0000,0.0000,0.000,0.000,,0.0,,,,,,,0,,0
22.0427,1790252659.561505,0.0201,0,,,0.000,,,0.0000,0.0000,0.0000,0.0000,0.0000,-13.0000,,,,CHO,0.0000,-12.7646,0.0000,-12.8078,0.0000,0.0000,0.000,0.000,,0.0,,,,,,,0,,0
22.0628,1790252659.581751,0.0201,0,,,0.000,,,0.0000,0.0000,0.0000,0.0000,0.0000,-13.0000,,,,CHO,0.0000,-12.7646,0.0000,-12.8078,0.0000,0.0000,0.000,0.000,,0.0,,,,,,,0,,0
22.0836,1790252659.602486,0.0208,0,,,0.000,,,0.0000,0.0000,0.0000,0.0000,0.0000,-13.0000,,,,CHO,0.0000,-12.7646,0.0000,-12.8078,0.0000,0.0000,0.000,0.000,,0.0,,,,,,,0,,0
22.1038,1790252659.622712,0.0202,0,,,0.000,,,0.0000,0.0000,0.0000,0.0000,0.0000,-13.0000,,,,CHO,0.0000,-12.7646,0.0000,-12.8078,0.0000,0.0000,0.000,0.000,,0.0,,,,,,,0,,0
22.1239,1790252659.642811,0.0201,0,,,0.000,,,0.0000,0.0000,0.0000,0.0000,0.0000,-13.0000,,,,CHO,0.0000,-12.7646,0.0000,-12.8078,0.0000,0.0000,0.000,0.000,,0.0,,,,,,,0,,0
22.1441,1790252659.662888,0.0201,0,,,0.000,,,0.0000,0.0000,0.0000,0.0000,0.0000,-13.0000,,,,CHO,0.0000,-12.7646,0.0000,-12.8078,0.0000,0.0000,0.000,0.000,,0.0,,,,,,,0,,0
22.1647,1790252659.683448,0.0206,0,,,0.000,,,0.0000,0.0000,0.0000,0.0000,0.0000,-13.0000,,,,CHO,0.0000,-12.7646,0.0000,-12.8078,0.0000,0.0000,0.000,0.000,,0.0,,,,,,,0,,0
22.1850,1790252659.703723,0.0203,0,,,0.000,,,0.0000,0.0000,0.0000,0.0000,0.0000,-13.0000,,,,CHO,0.0000,-12.7646,0.0000,-12.8078,0.0000,0.0000,0.000,0.000,,0.0,,,,,,,0,,0
22.2053,1790252659.724045,0.0203,0,,,0.000,,,0.0000,0.0000,0.0000,0.0000,0.0000,-13.0000,,,,CHO,0.0000,-12.7646,0.0000,-12.8078,0.0000,0.0000,0.000,0.000,,0.0,,,,,,,0,,0
22.2256,1790252659.744313,0.0203,0,,,0.000,,,0.0000,0.0000,0.0000,0.0000,0.0000,-13.0000,,,,CHO,0.0000,-12.7646,0.0000,-12.8078,0.0000,0.0000,0.000,0.000,,0.0,,,,,,,0,,0
22.2457,1790252659.764623,0.0201,0,,,0.000,,,0.0000,0.0000,0.0000,0.0000,0.0000,-13.0000,,,,CHO,0.0000,-12.7646,0.0000,-12.8078,0.0000,0.0000,0.000,0.000,,0.0,,,,,,,0,,0
22.2658,1790252659.784724,0.0201,0,,,0.000,,,0.0000,0.0000,0.0000,0.0000,0.0000,-13.0000,,,,CHO,0.0000,-12.7646,0.0000,-12.8078,0.0000,0.0000,0.000,0.000,,0.0,,,,,,,0,,0
22.2859,1790252659.804875,0.0202,0,,,0.000,,,0.0000,0.0000,0.0000,0.0000,0.0000,-13.0000,,,,CHO,0.0000,-12.7646,0.0000,-12.8078,0.0000,0.0000,0.000,0.000,,0.0,,,,,,,0,,0
22.3062,1790252659.825117,0.0202,0,,,0.000,,,0.0000,0.0000,0.0000,0.0000,0.0000,-13.0000,,,,CHO,0.0000,-12.7646,0.0000,-12.8078,0.0000,0.0000,0.000,0.000,,0.0,,,,,,,0,,0
22.3263,1790252659.845206,0.0201,0,,,0.000,,,0.0000,0.0000,0.0000,0.0000,0.0000,-13.0000,,,,CHO,0.0000,-12.7646,0.0000,-12.8078,0.0000,0.0000,0.000,0.000,,0.0,,,,,,,0,,0
22.3464,1790252659.865060,0.0201,0,,,0.000,,,0.0000,0.0000,0.0000,0.0000,0.0000,-13.0000,,,,CHO,0.0000,-12.7646,0.0000,-12.8078,0.0000,0.0000,0.000,0.000,,0.0,,,,,,,0,,0
22.3666,1790252659.885511,0.0203,0,,,0.000,,,0.0000,0.0000,0.0000,0.0000,0.0000,-13.0000,,,,CHO,0.0000,-12.7646,0.0000,-12.8078,0.0000,0.0000,0.000,0.000,,0.0,,,,,,,0,,0
22.3874,1790252659.906085,0.0207,0,,,0.000,,,0.0000,0.0000,0.0000,0.0000,0.0000,-13.0000,,,,CHO,0.0000,-12.7646,0.0000,-12.8078,0.0000,0.0000,0.000,0.000,,0.0,,,,,,,0,,0
22.4074,1790252659.926292,0.0201,0,,,0.000,,,0.0000,0.0000,0.0000,0.0000,0.0000,-13.0000,,,,CHO,0.0000,-12.7646,0.0000,-12.8078,0.0000,0.0000,0.000,0.000,,0.0,,,,,,,0,,0
22.4279,1790252659.946889,0.0205,0,,,0.000,,,0.0000,0.0000,0.0000,0.0000,0.0000,-13.0000,,,,CHO,0.0000,-12.7646,0.0000,-12.8078,0.0000,0.0000,0.000,0.000,,0.0,,,,,,,0,,0
22.4485,1790252659.967301,0.0205,0,,,0.000,,,0.0000,0.0000,0.0000,0.0000,0.0000,-13.0000,,,,CHO,0.0000,-12.7646,0.0000,-12.8078,0.0000,0.0000,0.000,0.000,,0.0,,,,,,,0,,0
22.4690,1790252659.987880,0.0206,0,,,0.000,,,0.0000,0.0000,0.0000,0.0000,0.0000,-13.0000,,,,CHO,0.0000,-12.7646,0.0000,-12.8078,0.0000,0.0000,0.000,0.000,,0.0,,,,,,,0,,0
22.4897,1790252660.008570,0.0206,0,,,0.000,,,0.0000,0.0000,0.0000,0.0000,0.0000,-13.0000,,,,CHO,0.0000,-12.7646,0.0000,-12.8078,0.0000,0.0000,0.000,0.000,,0.0,,,,,,,0,,0
22.5102,1790252660.029125,0.0205,0,,,0.000,,,0.0000,0.0000,0.0000,0.0000,0.0000,-13.0000,,,,CHO,0.0000,-12.7646,0.0000,-12.8078,0.0000,0.0000,0.000,0.000,,0.0,,,,,,,0,,0
22.5305,1790252660.049358,0.0203,0,,,0.000,,,0.0000,0.0000,0.0000,0.0000,0.0000,-13.0000,,,,CHO,0.0000,-12.7646,0.0000,-12.8078,0.0000,0.0000,0.000,0.000,,0.0,,,,,,,0,,0
22.5508,1790252660.069605,0.0203,0,,,0.000,,,0.0000,0.0000,0.0000,0.0000,0.0000,-13.0000,,,,CHO,0.0000,-12.7646,0.0000,-12.8078,0.0000,0.0000,0.000,0.000,,0.0,,,,,,,0,,0
22.5715,1790252660.090285,0.0207,0,,,0.000,,,0.0000,0.0000,0.0000,0.0000,0.0000,-13.0000,,,,CHO,0.0000,-12.7646,0.0000,-12.8078,0.0000,0.0000,0.000,0.000,,0.0,,,,,,,0,,0
22.5925,1790252660.111530,0.0210,0,,,0.000,,,0.0000,0.0000,0.0000,0.0000,0.0000,-13.0000,,,,CHO,0.0000,-12.7646,0.0000,-12.8078,0.0000,0.0000,0.000,0.000,,0.0,,,,,,,0,,0
22.6131,1790252660.131910,0.0206,0,,,0.000,,,0.0000,0.0000,0.0000,0.0000,0.0000,-13.0000,,,,CHO,0.0000,-12.7646,0.0000,-12.8078,0.0000,0.0000,0.000,0.000,,0.0,,,,,,,0,,0
22.6335,1790252660.152466,0.0204,0,,,0.000,,,0.0000,0.0000,0.0000,0.0000,0.0000,-13.0000,,,,CHO,0.0000,-12.7646,0.0000,-12.8078,0.0000,0.0000,0.000,0.000,,0.0,,,,,,,0,,0
22.6539,1790252660.172785,0.0203,0,,,0.000,,,0.0000,0.0000,0.0000,0.0000,0.0000,-13.0000,,,,CHO,0.0000,-12.7646,0.0000,-12.8078,0.0000,0.0000,0.000,0.000,,0.0,,,,,,,0,,0
22.6744,1790252660.193251,0.0205,0,,,0.000,,,0.0000,0.0000,0.0000,0.0000,0.0000,-13.0000,,,,CHO,0.0000,-12.7646,0.0000,-12.8078,0.0000,0.0000,0.000,0.000,,0.0,,,,,,,0,,0
22.6945,1790252660.213254,0.0201,0,,,0.000,,,0.0000,0.0000,0.0000,0.0000,0.0000,-13.0000,,,,CHO,0.0000,-12.7646,0.0000,-12.8078,0.0000,0.0000,0.000,0.000,,0.0,,,,,,,0,,0
22.7149,1790252660.233733,0.0204,0,,,0.000,,,0.0000,0.0000,0.0000,0.0000,0.0000,-13.0000,,,,CHO,0.0000,-12.7646,0.0000,-12.8078,0.0000,0.0000,0.000,0.000,,0.0,,,,,,,0,,0
22.7350,1790252660.253856,0.0201,0,,,0.000,,,0.0000,0.0000,0.0000,0.0000,0.0000,-13.0000,,,,CHO,0.0000,-12.7646,0.0000,-12.8078,0.0000,0.0000,0.000,0.000,,0.0,,,,,,,0,,0
22.7554,1790252660.274194,0.0204,0,,,0.000,,,0.0000,0.0000,0.0000,0.0000,0.0000,-13.0000,,,,CHO,0.0000,-12.7646,0.0000,-12.8078,0.0000,0.0000,0.000,0.000,,0.0,,,,,,,0,,0
22.7758,1790252660.294545,0.0204,0,,,0.000,,,0.0000,0.0000,0.0000,0.0000,0.0000,-13.0000,,,,CHO,0.0000,-12.7646,0.0000,-12.8078,0.0000,0.0000,0.000,0.000,,0.0,,,,,,,0,,0
22.7966,1790252660.315369,0.0209,0,,,0.000,,,0.0000,0.0000,0.0000,0.0000,0.0000,-13.0000,,,,CHO,0.0000,-12.7646,0.0000,-12.8078,0.0000,0.0000,0.000,0.000,,0.0,,,,,,,0,,0
22.8173,1790252660.336146,0.0206,0,,,0.000,,,0.0000,0.0000,0.0000,0.0000,0.0000,-13.0000,,,,CHO,0.0000,-12.7646,0.0000,-12.8078,0.0000,0.0000,0.000,0.000,,0.0,,,,,,,0,,0
22.8374,1790252660.356263,0.0202,0,,,0.000,,,0.0000,0.0000,0.0000,0.0000,0.0000,-13.0000,,,,CHO,0.0000,-12.7646,0.0000,-12.8078,0.0000,0.0000,0.000,0.000,,0.0,,,,,,,0,,0
22.8580,1790252660.376801,0.0205,0,,,0.000,,,0.0000,0.0000,0.0000,0.0000,0.0000,-13.0000,,,,CHO,0.0000,-12.7646,0.0000,-12.8078,0.0000,0.0000,0.000,0.000,,0.0,,,,,,,0,,0
22.8784,1790252660.397268,0.0205,0,,,0.000,,,0.0000,0.0000,0.0000,0.0000,0.0000,-13.0000,,,,CHO,0.0000,-12.7646,0.0000,-12.8078,0.0000,0.0000,0.000,0.000,,0.0,,,,,,,0,,0
22.8988,1790252660.417608,0.0204,0,,,0.000,,,0.0000,0.0000,0.0000,0.0000,0.0000,-13.0000,,,,CHO,0.0000,-12.7646,0.0000,-12.8078,0.0000,0.0000,0.000,0.000,,0.0,,,,,,,0,,0
22.9194,1790252660.438210,0.0206,0,,,0.000,,,0.0000,0.0000,0.0000,0.0000,0.0000,-13.0000,,,,CHO,0.0000,-12.7646,0.0000,-12.8078,0.0000,0.0000,0.000,0.000,,0.0,,,,,,,0,,0
22.9397,1790252660.458583,0.0203,0,,,0.000,,,0.0000,0.0000,0.0000,0.0000,0.0000,-13.0000,,,,CHO,0.0000,-12.7646,0.0000,-12.8078,0.0000,0.0000,0.000,0.000,,0.0,,,,,,,0,,0
22.9597,1790252660.478585,0.0200,0,,,0.000,,,0.0000,0.0000,0.0000,0.0000,0.0000,-13.0000,,,,CHO,0.0000,-12.7646,0.0000,-12.8078,0.0000,0.0000,0.000,0.000,,0.0,,,,,,,0,,0
22.9803,1790252660.499226,0.0206,0,,,0.000,,,0.0000,0.0000,0.0000,0.0000,0.0000,-13.0000,,,,CHO,0.0000,-12.7646,0.0000,-12.8078,0.0000,0.0000,0.000,0.000,,0.0,,,,,,,0,,0
23.0005,1790252660.519444,0.0202,0,,,0.000,,,0.0000,0.0000,0.0000,0.0000,0.0000,-13.0000,,,,CHO,0.0000,-12.7646,0.0000,-12.8078,0.0000,0.0000,0.000,0.000,,0.0,,,,,,,0,,0
23.0210,1790252660.539863,0.0205,0,,,0.000,,,0.0000,0.0000,0.0000,0.0000,0.0000,-13.0000,,,,CHO,0.0000,-12.7646,0.0000,-12.8078,0.0000,0.0000,0.000,0.000,,0.0,,,,,,,0,,0
23.0412,1790252660.560034,0.0202,0,,,0.000,,,0.0000,0.0000,0.0000,0.0000,0.0000,-13.0000,,,,CHO,0.0000,-12.7646,0.0000,-12.8078,0.0000,0.0000,0.000,0.000,,0.0,,,,,,,0,,0
23.0612,1790252660.580011,0.0200,0,,,0.000,,,0.0000,0.0000,0.0000,0.0000,0.0000,-13.0000,,,,CHO,0.0000,-12.7646,0.0000,-12.8078,0.0000,0.0000,0.000,0.000,,0.0,,,,,,,0,,0
23.0812,1790252660.600068,0.0200,0,,,0.000,,,0.0000,0.0000,0.0000,0.0000,0.0000,-13.0000,,,,CHO,0.0000,-12.7646,0.0000,-12.8078,0.0000,0.0000,0.000,0.000,,0.0,,,,,,,0,,0
23.1014,1790252660.620204,0.0202,0,,,0.000,,,0.0000,0.0000,0.0000,0.0000,0.0000,-13.0000,,,,CHO,0.0000,-12.7646,0.0000,-12.8078,0.0000,0.0000,0.000,0.000,,0.0,,,,,,,0,,0
23.1219,1790252660.640846,0.0205,0,,,0.000,,,0.0000,0.0000,0.0000,0.0000,0.0000,-13.0000,,,,CHO,0.0000,-12.7646,0.0000,-12.8078,0.0000,0.0000,0.000,0.000,,0.0,,,,,,,0,,0
23.1423,1790252660.661166,0.0204,0,,,0.000,,,0.0000,0.0000,0.0000,0.0000,0.0000,-13.0000,,,,CHO,0.0000,-12.7646,0.0000,-12.8078,0.0000,0.0000,0.000,0.000,,0.0,,,,,,,0,,0
23.1627,1790252660.681423,0.0203,0,,,0.000,,,0.0000,0.0000,0.0000,0.0000,0.0000,-13.0000,,,,CHO,0.0000,-12.7646,0.0000,-12.8078,0.0000,0.0000,0.000,0.000,,0.0,,,,,,,0,,0
23.1827,1790252660.701478,0.0200,0,,,0.000,,,0.0000,0.0000,0.0000,0.0000,0.0000,-13.0000,,,,CHO,0.0000,-12.7646,0.0000,-12.8078,0.0000,0.0000,0.000,0.000,,0.0,,,,,,,0,,0
23.2033,1790252660.722058,0.0206,0,,,0.000,,,0.0000,0.0000,0.0000,0.0000,0.0000,-13.0000,,,,CHO,0.0000,-12.7646,0.0000,-12.8078,0.0000,0.0000,0.000,0.000,,0.0,,,,,,,0,,0
23.2236,1790252660.742554,0.0203,0,,,0.000,,,0.0000,0.0000,0.0000,0.0000,0.0000,-13.0000,,,,CHO,0.0000,-12.7646,0.0000,-12.8078,0.0000,0.0000,0.000,0.000,,0.0,,,,,,,0,,0
23.2439,1790252660.762867,0.0203,0,,,0.000,,,0.0000,0.0000,0.0000,0.0000,0.0000,-13.0000,,,,CHO,0.0000,-12.7646,0.0000,-12.8078,0.0000,0.0000,0.000,0.000,,0.0,,,,,,,0,,0
23.2640,1790252660.782934,0.0201,0,,,0.000,,,0.0000,0.0000,0.0000,0.0000,0.0000,-13.0000,,,,CHO,0.0000,-12.7646,0.0000,-12.8078,0.0000,0.0000,0.000,0.000,,0.0,,,,,,,0,,0
23.2841,1790252660.802830,0.0201,0,,,0.000,,,0.0000,0.0000,0.0000,0.0000,0.0000,-13.0000,,,,CHO,0.0000,-12.7646,0.0000,-12.8078,0.0000,0.0000,0.000,0.000,,0.0,,,,,,,0,,0
23.3045,1790252660.823406,0.0204,0,,,0.000,,,0.0000,0.0000,0.0000,0.0000,0.0000,-13.0000,,,,CHO,0.0000,-12.7646,0.0000,-12.8078,0.0000,0.0000,0.000,0.000,,0.0,,,,,,,0,,0
23.3247,1790252660.843600,0.0202,0,,,0.000,,,0.0000,0.0000,0.0000,0.0000,0.0000,-13.0000,,,,CHO,0.0000,-12.7646,0.0000,-12.8078,0.0000,0.0000,0.000,0.000,,0.0,,,,,,,0,,0
23.3452,1790252660.864028,0.0206,0,,,0.000,,,0.0000,0.0000,0.0000,0.0000,0.0000,-13.0000,,,,CHO,0.0000,-12.7646,0.0000,-12.8078,0.0000,0.0000,0.000,0.000,,0.0,,,,,,,0,,0
23.3653,1790252660.884206,0.0200,0,,,0.000,,,0.0000,0.0000,0.0000,0.0000,0.0000,-13.0000,,,,CHO,0.0000,-12.7646,0.0000,-12.8078,0.0000,0.0000,0.000,0.000,,0.0,,,,,,,0,,0
23.3860,1790252660.904873,0.0207,0,,,0.000,,,0.0000,0.0000,0.0000,0.0000,0.0000,-13.0000,,,,CHO,0.0000,-12.7646,0.0000,-12.8078,0.0000,0.0000,0.000,0.000,,0.0,,,,,,,0,,0
23.4065,1790252660.925364,0.0205,0,,,0.000,,,0.0000,0.0000,0.0000,0.0000,0.0000,-13.0000,,,,CHO,0.0000,-12.7646,0.0000,-12.8078,0.0000,0.0000,0.000,0.000,,0.0,,,,,,,0,,0
23.4269,1790252660.945864,0.0205,0,,,0.000,,,0.0000,0.0000,0.0000,0.0000,0.0000,-13.0000,,,,CHO,0.0000,-12.7646,0.0000,-12.8078,0.0000,0.0000,0.000,0.000,,0.0,,,,,,,0,,0
23.4472,1790252660.966092,0.0203,0,,,0.000,,,0.0000,0.0000,0.0000,0.0000,0.0000,-13.0000,,,,CHO,0.0000,-12.7646,0.0000,-12.8078,0.0000,0.0000,0.000,0.000,,0.0,,,,,,,0,,0
23.4673,1790252660.986217,0.0201,0,,,0.000,,,0.0000,0.0000,0.0000,0.0000,0.0000,-13.0000,,,,CHO,0.0000,-12.7646,0.0000,-12.8078,0.0000,0.0000,0.000,0.000,,0.0,,,,,,,0,,0
23.4874,1790252661.006269,0.0201,0,,,0.000,,,0.0000,0.0000,0.0000,0.0000,0.0000,-13.0000,,,,CHO,0.0000,-12.7646,0.0000,-12.8078,0.0000,0.0000,0.000,0.000,,0.0,,,,,,,0,,0
23.5080,1790252661.026804,0.0206,0,,,0.000,,,0.0000,0.0000,0.0000,0.0000,0.0000,-13.0000,,,,CHO,0.0000,-12.7646,0.0000,-12.8078,0.0000,0.0000,0.000,0.000,,0.0,,,,,,,0,,0
23.5284,1790252661.047306,0.0204,0,,,0.000,,,0.0000,0.0000,0.0000,0.0000,0.0000,-13.0000,,,,CHO,0.0000,-12.7646,0.0000,-12.8078,0.0000,0.0000,0.000,0.000,,0.0,,,,,,,0,,0
23.5485,1790252661.067399,0.0201,0,,,0.000,,,0.0000,0.0000,0.0000,0.0000,0.0000,-13.0000,,,,CHO,0.0000,-12.7646,0.0000,-12.8078,0.0000,0.0000,0.000,0.000,,0.0,,,,,,,0,,0
23.5693,1790252661.087995,0.0208,0,,,0.000,,,0.0000,0.0000,0.0000,0.0000,0.0000,-13.0000,,,,CHO,0.0000,-12.7646,0.0000,-12.8078,0.0000,0.0000,0.000,0.000,,0.0,,,,,,,0,,0
23.5900,1790252661.108895,0.0207,0,,,0.000,,,0.0000,0.0000,0.0000,0.0000,0.0000,-13.0000,,,,CHO,0.0000,-12.7646,0.0000,-12.8078,0.0000,0.0000,0.000,0.000,,0.0,,,,,,,0,,0
23.6103,1790252661.129086,0.0203,0,,,0.000,,,0.0000,0.0000,0.0000,0.0000,0.0000,-13.0000,,,,CHO,0.0000,-12.7646,0.0000,-12.8078,0.0000,0.0000,0.000,0.000,,0.0,,,,,,,0,,0
23.6308,1790252661.149683,0.0205,0,,,0.000,,,0.0000,0.0000,0.0000,0.0000,0.0000,-13.0000,,,,CHO,0.0000,-12.7646,0.0000,-12.8078,0.0000,0.0000,0.000,0.000,,0.0,,,,,,,0,,0
23.6512,1790252661.170151,0.0205,0,,,0.000,,,0.0000,0.0000,0.0000,0.0000,0.0000,-13.0000,,,,CHO,0.0000,-12.7646,0.0000,-12.8078,0.0000,0.0000,0.000,0.000,,0.0,,,,,,,0,,0
23.6715,1790252661.190208,0.0202,0,,,0.000,,,0.0000,0.0000,0.0000,0.0000,0.0000,-13.0000,,,,CHO,0.0000,-12.7646,0.0000,-12.8078,0.0000,0.0000,0.000,0.000,,0.0,,,,,,,0,,0
23.6915,1790252661.210400,0.0200,0,,,0.000,,,0.0000,0.0000,0.0000,0.0000,0.0000,-13.0000,,,,CHO,0.0000,-12.7646,0.0000,-12.8078,0.0000,0.0000,0.000,0.000,,0.0,,,,,,,0,,0
23.7122,1790252661.231143,0.0207,0,,,0.000,,,0.0000,0.0000,0.0000,0.0000,0.0000,-13.0000,,,,CHO,0.0000,-12.7646,0.0000,-12.8078,0.0000,0.0000,0.000,0.000,,0.0,,,,,,,0,,0
23.7326,1790252661.251518,0.0204,0,,,0.000,,,0.0000,0.0000,0.0000,0.0000,0.0000,-13.0000,,,,CHO,0.0000,-12.7646,0.0000,-12.8078,0.0000,0.0000,0.000,0.000,,0.0,,,,,,,0,,0
23.7529,1790252661.271817,0.0203,0,,,0.000,,,0.0000,0.0000,0.0000,0.0000,0.0000,-13.0000,,,,CHO,0.0000,-12.7646,0.0000,-12.8078,0.0000,0.0000,0.000,0.000,,0.0,,,,,,,0,,0
23.7736,1790252661.292422,0.0207,0,,,0.000,,,0.0000,0.0000,0.0000,0.0000,0.0000,-13.0000,,,,CHO,0.0000,-12.7646,0.0000,-12.8078,0.0000,0.0000,0.000,0.000,,0.0,,,,,,,0,,0
23.7938,1790252661.312716,0.0203,0,,,0.000,,,0.0000,0.0000,0.0000,0.0000,0.0000,-13.0000,,,,CHO,0.0000,-12.7646,0.0000,-12.8078,0.0000,0.0000,0.000,0.000,,0.0,,,,,,,0,,0
23.8140,1790252661.332896,0.0201,0,,,0.000,,,0.0000,0.0000,0.0000,0.0000,0.0000,-13.0000,,,,CHO,0.0000,-12.7646,0.0000,-12.8078,0.0000,0.0000,0.000,0.000,,0.0,,,,,,,0,,0
23.8340,1790252661.352744,0.0200,0,,,0.000,,,0.0000,0.0000,0.0000,0.0000,0.0000,-13.0000,,,,CHO,0.0000,-12.7646,0.0000,-12.8078,0.0000,0.0000,0.000,0.000,,0.0,,,,,,,0,,0
23.8545,1790252661.373393,0.0205,0,,,0.000,,,0.0000,0.0000,0.0000,0.0000,0.0000,-13.0000,,,,CHO,0.0000,-12.7646,0.0000,-12.8078,0.0000,0.0000,0.000,0.000,,0.0,,,,,,,0,,0
23.8750,1790252661.393947,0.0206,0,,,0.000,,,0.0000,0.0000,0.0000,0.0000,0.0000,-13.0000,,,,CHO,0.0000,-12.7646,0.0000,-12.8078,0.0000,0.0000,0.000,0.000,,0.0,,,,,,,0,,0
23.8956,1790252661.414401,0.0206,0,,,0.000,,,0.0000,0.0000,0.0000,0.0000,0.0000,-13.0000,,,,CHO,0.0000,-12.7646,0.0000,-12.8078,0.0000,0.0000,0.000,0.000,,0.0,,,,,,,0,,0
23.9165,1790252661.435292,0.0209,0,,,0.000,,,0.0000,0.0000,0.0000,0.0000,0.0000,-13.0000,,,,CHO,0.0000,-12.7646,0.0000,-12.8078,0.0000,0.0000,0.000,0.000,,0.0,,,,,,,0,,0
23.9372,1790252661.456076,0.0206,0,,,0.000,,,0.0000,0.0000,0.0000,0.0000,0.0000,-13.0000,,,,CHO,0.0000,-12.7646,0.0000,-12.8078,0.0000,0.0000,0.000,0.000,,0.0,,,,,,,0,,0
23.9573,1790252661.476099,0.0201,0,,,0.000,,,0.0000,0.0000,0.0000,0.0000,0.0000,-13.0000,,,,CHO,0.0000,-12.7646,0.0000,-12.8078,0.0000,0.0000,0.000,0.000,,0.0,,,,,,,0,,0
23.9776,1790252661.496536,0.0203,0,,,0.000,,,0.0000,0.0000,0.0000,0.0000,0.0000,-13.0000,,,,CHO,0.0000,-12.7646,0.0000,-12.8078,0.0000,0.0000,0.000,0.000,,0.0,,,,,,,0,,0
23.9980,1790252661.516937,0.0204,0,,,0.000,,,0.0000,0.0000,0.0000,0.0000,0.0000,-13.0000,,,,CHO,0.0000,-12.7646,0.0000,-12.8078,0.0000,0.0000,0.000,0.000,,0.0,,,,,,,0,,0
24.0187,1790252661.537570,0.0206,0,,,0.000,,,0.0000,0.0000,0.0000,0.0000,0.0000,-13.0000,,,,CHO,0.0000,-12.7646,0.0000,-12.8078,0.0000,0.0000,0.000,0.000,,0.0,,,,,,,0,,0
24.0395,1790252661.558322,0.0208,0,,,0.000,,,0.0000,0.0000,0.0000,0.0000,0.0000,-13.0000,,,,CHO,0.0000,-12.7646,0.0000,-12.8078,0.0000,0.0000,0.000,0.000,,0.0,,,,,,,0,,0
24.0597,1790252661.578568,0.0202,0,,,0.000,,,0.0000,0.0000,0.0000,0.0000,0.0000,-13.0000,,,,CHO,0.0000,-12.7646,0.0000,-12.8078,0.0000,0.0000,0.000,0.000,,0.0,,,,,,,0,,0
24.0802,1790252661.599170,0.0205,0,,,0.000,,,0.0000,0.0000,0.0000,0.0000,0.0000,-13.0000,,,,CHO,0.0000,-12.7646,0.0000,-12.8078,0.0000,0.0000,0.000,0.000,,0.0,,,,,,,0,,0
24.1005,1790252661.619409,0.0202,0,,,0.000,,,0.0000,0.0000,0.0000,0.0000,0.0000,-13.0000,,,,CHO,0.0000,-12.7646,0.0000,-12.8078,0.0000,0.0000,0.000,0.000,,0.0,,,,,,,0,,0
24.1206,1790252661.639458,0.0201,0,,,0.000,,,0.0000,0.0000,0.0000,0.0000,0.0000,-13.0000,,,,CHO,0.0000,-12.7646,0.0000,-12.8078,0.0000,0.0000,0.000,0.000,,0.0,,,,,,,0,,0
24.1411,1790252661.659873,0.0204,0,,,0.000,,,0.0000,0.0000,0.0000,0.0000,0.0000,-13.0000,,,,CHO,0.0000,-12.7646,0.0000,-12.8078,0.0000,0.0000,0.000,0.000,,0.0,,,,,,,0,,0
24.1617,1790252661.680496,0.0207,0,,,0.000,,,0.0000,0.0000,0.0000,0.0000,0.0000,-13.0000,,,,CHO,0.0000,-12.7646,0.0000,-12.8078,0.0000,0.0000,0.000,0.000,,0.0,,,,,,,0,,0
24.1818,1790252661.700647,0.0201,0,,,0.000,,,0.0000,0.0000,0.0000,0.0000,0.0000,-13.0000,,,,CHO,0.0000,-12.7646,0.0000,-12.8078,0.0000,0.0000,0.000,0.000,,0.0,,,,,,,0,,0
24.2018,1790252661.720707,0.0201,0,,,0.000,,,0.0000,0.0000,0.0000,0.0000,0.0000,-13.0000,,,,CHO,0.0000,-12.7646,0.0000,-12.8078,0.0000,0.0000,0.000,0.000,,0.0,,,,,,,0,,0
24.2226,1790252661.741445,0.0208,0,,,0.000,,,0.0000,0.0000,0.0000,0.0000,0.0000,-13.0000,,,,CHO,0.0000,-12.7646,0.0000,-12.8078,0.0000,0.0000,0.000,0.000,,0.0,,,,,,,0,,0
24.2426,1790252661.761461,0.0200,0,,,0.000,,,0.0000,0.0000,0.0000,0.0000,0.0000,-13.0000,,,,CHO,0.0000,-12.7646,0.0000,-12.8078,0.0000,0.0000,0.000,0.000,,0.0,,,,,,,0,,0
24.2628,1790252661.781494,0.0201,0,,,0.000,,,0.0000,0.0000,0.0000,0.0000,0.0000,-13.0000,,,,CHO,0.0000,-12.7646,0.0000,-12.8078,0.0000,0.0000,0.000,0.000,,0.0,,,,,,,0,,0
24.2831,1790252661.801785,0.0203,0,,,0.000,,,0.0000,0.0000,0.0000,0.0000,0.0000,-13.0000,,,,CHO,0.0000,-12.7646,0.0000,-12.8078,0.0000,0.0000,0.000,0.000,,0.0,,,,,,,0,,0
24.3033,1790252661.822202,0.0202,0,,,0.000,,,0.0000,0.0000,0.0000,0.0000,0.0000,-13.0000,,,,CHO,0.0000,-12.7646,0.0000,-12.8078,0.0000,0.0000,0.000,0.000,,0.0,,,,,,,0,,0
24.3236,1790252661.842540,0.0203,0,,,0.000,,,0.0000,0.0000,0.0000,0.0000,0.0000,-13.0000,,,,CHO,0.0000,-12.7646,0.0000,-12.8078,0.0000,0.0000,0.000,0.000,,0.0,,,,,,,0,,0
24.3438,1790252661.862473,0.0202,0,,,0.000,,,0.0000,0.0000,0.0000,0.0000,0.0000,-13.0000,,,,CHO,0.0000,-12.7646,0.0000,-12.8078,0.0000,0.0000,0.000,0.000,,0.0,,,,,,,0,,0
24.3643,1790252661.883228,0.0205,0,,,0.000,,,0.0000,0.0000,0.0000,0.0000,0.0000,-13.0000,,,,CHO,0.0000,-12.7646,0.0000,-12.8078,0.0000,0.0000,0.000,0.000,,0.0,,,,,,,0,,0
24.3844,1790252661.903330,0.0201,0,,,0.000,,,0.0000,0.0000,0.0000,0.0000,0.0000,-13.0000,,,,CHO,0.0000,-12.7646,0.0000,-12.8078,0.0000,0.0000,0.000,0.000,,0.0,,,,,,,0,,0
24.4051,1790252661.923998,0.0207,0,,,0.000,,,0.0000,0.0000,0.0000,0.0000,0.0000,-13.0000,,,,CHO,0.0000,-12.7646,0.0000,-12.8078,0.0000,0.0000,0.000,0.000,,0.0,,,,,,,0,,0
24.4258,1790252661.944707,0.0207,0,,,0.000,,,0.0000,0.0000,0.0000,0.0000,0.0000,-13.0000,,,,CHO,0.0000,-12.7646,0.0000,-12.8078,0.0000,0.0000,0.000,0.000,,0.0,,,,,,,0,,0
24.4461,1790252661.964893,0.0203,0,,,0.000,,,0.0000,0.0000,0.0000,0.0000,0.0000,-13.0000,,,,CHO,0.0000,-12.7646,0.0000,-12.8078,0.0000,0.0000,0.000,0.000,,0.0,,,,,,,0,,0
24.4662,1790252661.985025,0.0201,0,,,0.000,,,0.0000,0.0000,0.0000,0.0000,0.0000,-13.0000,,,,CHO,0.0000,-12.7646,0.0000,-12.8078,0.0000,0.0000,0.000,0.000,,0.0,,,,,,,0,,0
24.4868,1790252662.005574,0.0206,0,,,0.000,,,0.0000,0.0000,0.0000,0.0000,0.0000,-13.0000,,,,CHO,0.0000,-12.7646,0.0000,-12.8078,0.0000,0.0000,0.000,0.000,,0.0,,,,,,,0,,0
24.5069,1790252662.025826,0.0201,0,,,0.000,,,0.0000,0.0000,0.0000,0.0000,0.0000,-13.0000,,,,CHO,0.0000,-12.7646,0.0000,-12.8078,0.0000,0.0000,0.000,0.000,,0.0,,,,,,,0,,0
24.5275,1790252662.046387,0.0206,0,,,0.000,,,0.0000,0.0000,0.0000,0.0000,0.0000,-13.0000,,,,CHO,0.0000,-12.7646,0.0000,-12.8078,0.0000,0.0000,0.000,0.000,,0.0,,,,,,,0,,0
24.5480,1790252662.066837,0.0205,0,,,0.000,,,0.0000,0.0000,0.0000,0.0000,0.0000,-13.0000,,,,CHO,0.0000,-12.7646,0.0000,-12.8078,0.0000,0.0000,0.000,0.000,,0.0,,,,,,,0,,0
24.5681,1790252662.086921,0.0201,0,,,0.000,,,0.0000,0.0000,0.0000,0.0000,0.0000,-13.0000,,,,CHO,0.0000,-12.7646,0.0000,-12.8078,0.0000,0.0000,0.000,0.000,,0.0,,,,,,,0,,0
24.5886,1790252662.107499,0.0205,0,,,0.000,,,0.0000,0.0000,0.0000,0.0000,0.0000,-13.0000,,,,CHO,0.0000,-12.7646,0.0000,-12.8078,0.0000,0.0000,0.000,0.000,,0.0,,,,,,,0,,0
24.6092,1790252662.128006,0.0205,0,,,0.000,,,0.0000,0.0000,0.0000,0.0000,0.0000,-13.0000,,,,CHO,0.0000,-12.7646,0.0000,-12.8078,0.0000,0.0000,0.000,0.000,,0.0,,,,,,,0,,0
24.6299,1790252662.148793,0.0207,0,,,0.000,,,0.0000,0.0000,0.0000,0.0000,0.0000,-13.0000,,,,CHO,0.0000,-12.7646,0.0000,-12.8078,0.0000,0.0000,0.000,0.000,,0.0,,,,,,,0,,0
24.6500,1790252662.168936,0.0201,0,,,0.000,,,0.0000,0.0000,0.0000,0.0000,0.0000,-13.0000,,,,CHO,0.0000,-12.7646,0.0000,-12.8078,0.0000,0.0000,0.000,0.000,,0.0,,,,,,,0,,0
24.6701,1790252662.189001,0.0201,0,,,0.000,,,0.0000,0.0000,0.0000,0.0000,0.0000,-13.0000,,,,CHO,0.0000,-12.7646,0.0000,-12.8078,0.0000,0.0000,0.000,0.000,,0.0,,,,,,,0,,0
24.6909,1790252662.209776,0.0209,0,,,0.000,,,0.0000,0.0000,0.0000,0.0000,0.0000,-13.0000,,,,CHO,0.0000,-12.7646,0.0000,-12.8078,0.0000,0.0000,0.000,0.000,,0.0,,,,,,,0,,0
24.7113,1790252662.230211,0.0203,0,,,0.000,,,0.0000,0.0000,0.0000,0.0000,0.0000,-13.0000,,,,CHO,0.0000,-12.7646,0.0000,-12.8078,0.0000,0.0000,0.000,0.000,,0.0,,,,,,,0,,0
24.7318,1790252662.250652,0.0205,0,,,0.000,,,0.0000,0.0000,0.0000,0.0000,0.0000,-13.0000,,,,CHO,0.0000,-12.7646,0.0000,-12.8078,0.0000,0.0000,0.000,0.000,,0.0,,,,,,,0,,0
24.7525,1790252662.271287,0.0207,0,,,0.000,,,0.0000,0.0000,0.0000,0.0000,0.0000,-13.0000,,,,CHO,0.0000,-12.7646,0.0000,-12.8078,0.0000,0.0000,0.000,0.000,,0.0,,,,,,,0,,0
24.7729,1790252662.291648,0.0204,0,,,0.000,,,0.0000,0.0000,0.0000,0.0000,0.0000,-13.0000,,,,CHO,0.0000,-12.7646,0.0000,-12.8078,0.0000,0.0000,0.000,0.000,,0.0,,,,,,,0,,0
24.7930,1790252662.311821,0.0200,0,,,0.000,,,0.0000,0.0000,0.0000,0.0000,0.0000,-13.0000,,,,CHO,0.0000,-12.7646,0.0000,-12.8078,0.0000,0.0000,0.000,0.000,,0.0,,,,,,,0,,0
24.8135,1790252662.332298,0.0205,0,,,0.000,,,0.0000,0.0000,0.0000,0.0000,0.0000,-13.0000,,,,CHO,0.0000,-12.7646,0.0000,-12.8078,0.0000,0.0000,0.000,0.000,,0.0,,,,,,,0,,0
24.8336,1790252662.352566,0.0201,0,,,0.000,,,0.0000,0.0000,0.0000,0.0000,0.0000,-13.0000,,,,CHO,0.0000,-12.7646,0.0000,-12.8078,0.0000,0.0000,0.000,0.000,,0.0,,,,,,,0,,0
24.8542,1790252662.373125,0.0206,0,,,0.000,,,0.0000,0.0000,0.0000,0.0000,0.0000,-13.0000,,,,CHO,0.0000,-12.7646,0.0000,-12.8078,0.0000,0.0000,0.000,0.000,,0.0,,,,,,,0,,0
24.8744,1790252662.393324,0.0202,0,,,0.000,,,0.0000,0.0000,0.0000,0.0000,0.0000,-13.0000,,,,CHO,0.0000,-12.7646,0.0000,-12.8078,0.0000,0.0000,0.000,0.000,,0.0,,,,,,,0,,0
24.8946,1790252662.413507,0.0202,0,,,0.000,,,0.0000,0.0000,0.0000,0.0000,0.0000,-13.0000,,,,CHO,0.0000,-12.7646,0.0000,-12.8078,0.0000,0.0000,0.000,0.000,,0.0,,,,,,,0,,0
24.9153,1790252662.434110,0.0206,0,,,0.000,,,0.0000,0.0000,0.0000,0.0000,0.0000,-13.0000,,,,CHO,0.0000,-12.7646,0.0000,-12.8078,0.0000,0.0000,0.000,0.000,,0.0,,,,,,,0,,0
24.9353,1790252662.454131,0.0200,0,,,0.000,,,0.0000,0.0000,0.0000,0.0000,0.0000,-13.0000,,,,CHO,0.0000,-12.7646,0.0000,-12.8078,0.0000,0.0000,0.000,0.000,,0.0,,,,,,,0,,0
24.9559,1790252662.474672,0.0206,0,,,0.000,,,0.0000,0.0000,0.0000,0.0000,0.0000,-13.0000,,,,CHO,0.0000,-12.7646,0.0000,-12.8078,0.0000,0.0000,0.000,0.000,,0.0,,,,,,,0,,0
24.9765,1790252662.495318,0.0206,0,,,0.000,,,0.0000,0.0000,0.0000,0.0000,0.0000,-13.0000,,,,CHO,0.0000,-12.7646,0.0000,-12.8078,0.0000,0.0000,0.000,0.000,,0.0,,,,,,,0,,0
24.9967,1790252662.515610,0.0202,0,,,0.000,,,0.0000,0.0000,0.0000,0.0000,0.0000,-13.0000,,,,CHO,0.0000,-12.7646,0.0000,-12.8078,0.0000,0.0000,0.000,0.000,,0.0,,,,,,,0,,0
25.0169,1790252662.535807,0.0202,0,,,0.000,,,0.0000,0.0000,0.0000,0.0000,0.0000,-13.0000,,,,CHO,0.0000,-12.7646,0.0000,-12.8078,0.0000,0.0000,0.000,0.000,,0.0,,,,,,,0,,0
25.0374,1790252662.556127,0.0205,0,,,0.000,,,0.0000,0.0000,0.0000,0.0000,0.0000,-13.0000,,,,CHO,0.0000,-12.7646,0.0000,-12.8078,0.0000,0.0000,0.000,0.000,,0.0,,,,,,,0,,0
25.0583,1790252662.576901,0.0209,0,,,0.000,,,0.0000,0.0000,0.0000,0.0000,0.0000,-13.0000,,,,CHO,0.0000,-12.7646,0.0000,-12.8078,0.0000,0.0000,0.000,0.000,,0.0,,,,,,,0,,0
25.0786,1790252662.597410,0.0204,0,,,0.000,,,0.0000,0.0000,0.0000,0.0000,0.0000,-13.0000,,,,CHO,0.0000,-12.7646,0.0000,-12.8078,0.0000,0.0000,0.000,0.000,,0.0,,,,,,,0,,0
25.0991,1790252662.618073,0.0205,0,,,0.000,,,0.0000,0.0000,0.0000,0.0000,0.0000,-13.0000,,,,CHO,0.0000,-12.7646,0.0000,-12.8078,0.0000,0.0000,0.000,0.000,,0.0,,,,,,,0,,0
25.1197,1790252662.638565,0.0206,0,,,0.000,,,0.0000,0.0000,0.0000,0.0000,0.0000,-13.0000,,,,CHO,0.0000,-12.7646,0.0000,-12.8078,0.0000,0.0000,0.000,0.000,,0.0,,,,,,,0,,0
25.1398,1790252662.658708,0.0201,0,,,0.000,,,0.0000,0.0000,0.0000,0.0000,0.0000,-13.0000,,,,CHO,0.0000,-12.7646,0.0000,-12.8078,0.0000,0.0000,0.000,0.000,,0.0,,,,,,,0,,0
25.1600,1790252662.678685,0.0201,0,,,0.000,,,0.0000,0.0000,0.0000,0.0000,0.0000,-13.0000,,,,CHO,0.0000,-12.7646,0.0000,-12.8078,0.0000,0.0000,0.000,0.000,,0.0,,,,,,,0,,0
25.1800,1790252662.698891,0.0200,0,,,0.000,,,0.0000,0.0000,0.0000,0.0000,0.0000,-13.0000,,,,CHO,0.0000,-12.7646,0.0000,-12.8078,0.0000,0.0000,0.000,0.000,,0.0,,,,,,,0,,0
25.2002,1790252662.718951,0.0202,0,,,0.000,,,0.0000,0.0000,0.0000,0.0000,0.0000,-13.0000,,,,CHO,0.0000,-12.7646,0.0000,-12.8078,0.0000,0.0000,0.000,0.000,,0.0,,,,,,,0,,0
25.2206,1790252662.739446,0.0204,0,,,0.000,,,0.0000,0.0000,0.0000,0.0000,0.0000,-13.0000,,,,CHO,0.0000,-12.7646,0.0000,-12.8078,0.0000,0.0000,0.000,0.000,,0.0,,,,,,,0,,0
25.2409,1790252662.759676,0.0203,0,,,0.000,,,0.0000,0.0000,0.0000,0.0000,0.0000,-13.0000,,,,CHO,0.0000,-12.7646,0.0000,-12.8078,0.0000,0.0000,0.000,0.000,,0.0,,,,,,,0,,0
25.2615,1790252662.780123,0.0206,0,,,0.000,,,0.0000,0.0000,0.0000,0.0000,0.0000,-13.0000,,,,CHO,0.0000,-12.7646,0.0000,-12.8078,0.0000,0.0000,0.000,0.000,,0.0,,,,,,,0,,0
25.2819,1790252662.800640,0.0204,0,,,0.000,,,0.0000,0.0000,0.0000,0.0000,0.0000,-13.0000,,,,CHO,0.0000,-12.7646,0.0000,-12.8078,0.0000,0.0000,0.000,0.000,,0.0,,,,,,,0,,0
25.3020,1790252662.820731,0.0201,0,,,0.000,,,0.0000,0.0000,0.0000,0.0000,0.0000,-13.0000,,,,CHO,0.0000,-12.7646,0.0000,-12.8078,0.0000,0.0000,0.000,0.000,,0.0,,,,,,,0,,0
25.3225,1790252662.841239,0.0205,0,,,0.000,,,0.0000,0.0000,0.0000,0.0000,0.0000,-13.0000,,,,CHO,0.0000,-12.7646,0.0000,-12.8078,0.0000,0.0000,0.000,0.000,,0.0,,,,,,,0,,0
25.3431,1790252662.861992,0.0207,0,,,0.000,,,0.0000,0.0000,0.0000,0.0000,0.0000,-13.0000,,,,CHO,0.0000,-12.7646,0.0000,-12.8078,0.0000,0.0000,0.000,0.000,,0.0,,,,,,,0,,0
25.3637,1790252662.882471,0.0205,0,,,0.000,,,0.0000,0.0000,0.0000,0.0000,0.0000,-13.0000,,,,CHO,0.0000,-12.7646,0.0000,-12.8078,0.0000,0.0000,0.000,0.000,,0.0,,,,,,,0,,0
25.3846,1790252662.903574,0.0210,0,,,0.000,,,0.0000,0.0000,0.0000,0.0000,0.0000,-13.0000,,,,CHO,0.0000,-12.7646,0.0000,-12.8078,0.0000,0.0000,0.000,0.000,,0.0,,,,,,,0,,0
25.4047,1790252662.923591,0.0201,0,,,0.000,,,0.0000,0.0000,0.0000,0.0000,0.0000,-13.0000,,,,CHO,0.0000,-12.7646,0.0000,-12.8078,0.0000,0.0000,0.000,0.000,,0.0,,,,,,,0,,0
25.4254,1790252662.944101,0.0206,0,,,0.000,,,0.0000,0.0000,0.0000,0.0000,0.0000,-13.0000,,,,CHO,0.0000,-12.7646,0.0000,-12.8078,0.0000,0.0000,0.000,0.000,,0.0,,,,,,,0,,0
25.4459,1790252662.964738,0.0205,0,,,0.000,,,0.0000,0.0000,0.0000,0.0000,0.0000,-13.0000,,,,CHO,0.0000,-12.7646,0.0000,-12.8078,0.0000,0.0000,0.000,0.000,,0.0,,,,,,,0,,0
25.4663,1790252662.985225,0.0204,0,,,0.000,,,0.0000,0.0000,0.0000,0.0000,0.0000,-13.0000,,,,CHO,0.0000,-12.7646,0.0000,-12.8078,0.0000,0.0000,0.000,0.000,,0.0,,,,,,,0,,0
25.4868,1790252663.005777,0.0206,0,,,0.000,,,0.0000,0.0000,0.0000,0.0000,0.0000,-13.0000,,,,CHO,0.0000,-12.7646,0.0000,-12.8078,0.0000,0.0000,0.000,0.000,,0.0,,,,,,,0,,0
25.5073,1790252663.026040,0.0205,0,,,0.000,,,0.0000,0.0000,0.0000,0.0000,0.0000,-13.0000,,,,CHO,0.0000,-12.7646,0.0000,-12.8078,0.0000,0.0000,0.000,0.000,,0.0,,,,,,,0,,0
25.5275,1790252663.046263,0.0202,0,,,0.000,,,0.0000,0.0000,0.0000,0.0000,0.0000,-13.0000,,,,CHO,0.0000,-12.7646,0.0000,-12.8078,0.0000,0.0000,0.000,0.000,,0.0,,,,,,,0,,0
25.5475,1790252663.066426,0.0201,0,,,0.000,,,0.0000,0.0000,0.0000,0.0000,0.0000,-13.0000,,,,CHO,0.0000,-12.7646,0.0000,-12.8078,0.0000,0.0000,0.000,0.000,,0.0,,,,,,,0,,0
25.5679,1790252663.086722,0.0203,0,,,0.000,,,0.0000,0.0000,0.0000,0.0000,0.0000,-13.0000,,,,CHO,0.0000,-12.7646,0.0000,-12.8078,0.0000,0.0000,0.000,0.000,,0.0,,,,,,,0,,0
25.5880,1790252663.106920,0.0201,0,,,0.000,,,0.0000,0.0000,0.0000,0.0000,0.0000,-13.0000,,,,CHO,0.0000,-12.7646,0.0000,-12.8078,0.0000,0.0000,0.000,0.000,,0.0,,,,,,,0,,0
25.6086,1790252663.127531,0.0206,0,,,0.000,,,0.0000,0.0000,0.0000,0.0000,0.0000,-13.0000,,,,CHO,0.0000,-12.7646,0.0000,-12.8078,0.0000,0.0000,0.000,0.000,,0.0,,,,,,,0,,0
25.6287,1790252663.147606,0.0201,0,,,0.000,,,0.0000,0.0000,0.0000,0.0000,0.0000,-13.0000,,,,CHO,0.0000,-12.7646,0.0000,-12.8078,0.0000,0.0000,0.000,0.000,,0.0,,,,,,,0,,0
25.6493,1790252663.168128,0.0207,0,,,0.000,,,0.0000,0.0000,0.0000,0.0000,0.0000,-13.0000,,,,CHO,0.0000,-12.7646,0.0000,-12.8078,0.0000,0.0000,0.000,0.000,,0.0,,,,,,,0,,0
25.6697,1790252663.188494,0.0204,0,,,0.000,,,0.0000,0.0000,0.0000,0.0000,0.0000,-13.0000,,,,CHO,0.0000,-12.7646,0.0000,-12.8078,0.0000,0.0000,0.000,0.000,,0.0,,,,,,,0,,0
25.6898,1790252663.208757,0.0201,0,,,0.000,,,0.0000,0.0000,0.0000,0.0000,0.0000,-13.0000,,,,CHO,0.0000,-12.7646,0.0000,-12.8078,0.0000,0.0000,0.000,0.000,,0.0,,,,,,,0,,0
25.7103,1790252663.229219,0.0204,0,,,0.000,,,0.0000,0.0000,0.0000,0.0000,0.0000,-13.0000,,,,CHO,0.0000,-12.7646,0.0000,-12.8078,0.0000,0.0000,0.000,0.000,,0.0,,,,,,,0,,0
25.7306,1790252663.249576,0.0204,0,,,0.000,,,0.0000,0.0000,0.0000,0.0000,0.0000,-13.0000,,,,CHO,0.0000,-12.7646,0.0000,-12.8078,0.0000,0.0000,0.000,0.000,,0.0,,,,,,,0,,0
25.7512,1790252663.270132,0.0206,0,,,0.000,,,0.0000,0.0000,0.0000,0.0000,0.0000,-13.0000,,,,CHO,0.0000,-12.7646,0.0000,-12.8078,0.0000,0.0000,0.000,0.000,,0.0,,,,,,,0,,0
25.7714,1790252663.290266,0.0201,0,,,0.000,,,0.0000,0.0000,0.0000,0.0000,0.0000,-13.0000,,,,CHO,0.0000,-12.7646,0.0000,-12.8078,0.0000,0.0000,0.000,0.000,,0.0,,,,,,,0,,0
25.7915,1790252663.310422,0.0202,0,,,0.000,,,0.0000,0.0000,0.0000,0.0000,0.0000,-13.0000,,,,CHO,0.0000,-12.7646,0.0000,-12.8078,0.0000,0.0000,0.000,0.000,,0.0,,,,,,,0,,0
25.8117,1790252663.330628,0.0202,0,,,0.000,,,0.0000,0.0000,0.0000,0.0000,0.0000,-13.0000,,,,CHO,0.0000,-12.7646,0.0000,-12.8078,0.0000,0.0000,0.000,0.000,,0.0,,,,,,,0,,0
25.8322,1790252663.350900,0.0205,0,,,0.000,,,0.0000,0.0000,0.0000,0.0000,0.0000,-13.0000,,,,CHO,0.0000,-12.7646,0.0000,-12.8078,0.0000,0.0000,0.000,0.000,,0.0,,,,,,,0,,0
25.8524,1790252663.371157,0.0202,0,,,0.000,,,0.0000,0.0000,0.0000,0.0000,0.0000,-13.0000,,,,CHO,0.0000,-12.7646,0.0000,-12.8078,0.0000,0.0000,0.000,0.000,,0.0,,,,,,,0,,0
25.8730,1790252663.391855,0.0207,0,,,0.000,,,0.0000,0.0000,0.0000,0.0000,0.0000,-13.0000,,,,CHO,0.0000,-12.7646,0.0000,-12.8078,0.0000,0.0000,0.000,0.000,,0.0,,,,,,,0,,0
25.8937,1790252663.412454,0.0206,0,,,0.000,,,0.0000,0.0000,0.0000,0.0000,0.0000,-13.0000,,,,CHO,0.0000,-12.7646,0.0000,-12.8078,0.0000,0.0000,0.000,0.000,,0.0,,,,,,,0,,0
25.9137,1790252663.432650,0.0200,0,,,0.000,,,0.0000,0.0000,0.0000,0.0000,0.0000,-13.0000,,,,CHO,0.0000,-12.7646,0.0000,-12.8078,0.0000,0.0000,0.000,0.000,,0.0,,,,,,,0,,0
25.9344,1790252663.453234,0.0207,0,,,0.000,,,0.0000,0.0000,0.0000,0.0000,0.0000,-13.0000,,,,CHO,0.0000,-12.7646,0.0000,-12.8078,0.0000,0.0000,0.000,0.000,,0.0,,,,,,,0,,0
25.9547,1790252663.473660,0.0203,0,,,0.000,,,0.0000,0.0000,0.0000,0.0000,0.0000,-13.0000,,,,CHO,0.0000,-12.7646,0.0000,-12.8078,0.0000,0.0000,0.000,0.000,,0.0,,,,,,,0,,0
25.9756,1790252663.494395,0.0209,0,,,0.000,,,0.0000,0.0000,0.0000,0.0000,0.0000,-13.0000,,,,CHO,0.0000,-12.7646,0.0000,-12.8078,0.0000,0.0000,0.000,0.000,,0.0,,,,,,,0,,0
25.9962,1790252663.515060,0.0205,0,,,0.000,,,0.0000,0.0000,0.0000,0.0000,0.0000,-13.0000,,,,CHO,0.0000,-12.7646,0.0000,-12.8078,0.0000,0.0000,0.000,0.000,,0.0,,,,,,,0,,0
26.0165,1790252663.535296,0.0203,0,,,0.000,,,0.0000,0.0000,0.0000,0.0000,0.0000,-13.0000,,,,CHO,0.0000,-12.7646,0.0000,-12.8078,0.0000,0.0000,0.000,0.000,,0.0,,,,,,,0,,0
26.0371,1790252663.555888,0.0206,0,,,0.000,,,0.0000,0.0000,0.0000,0.0000,0.0000,-13.0000,,,,CHO,0.0000,-12.7646,0.0000,-12.8078,0.0000,0.0000,0.000,0.000,,0.0,,,,,,,0,,0
26.0573,1790252663.576099,0.0201,0,,,0.000,,,0.0000,0.0000,0.0000,0.0000,0.0000,-13.0000,,,,CHO,0.0000,-12.7646,0.0000,-12.8078,0.0000,0.0000,0.000,0.000,,0.0,,,,,,,0,,0
26.0778,1790252663.596690,0.0205,0,,,0.000,,,0.0000,0.0000,0.0000,0.0000,0.0000,-13.0000,,,,CHO,0.0000,-12.7646,0.0000,-12.8078,0.0000,0.0000,0.000,0.000,,0.0,,,,,,,0,,0
26.0979,1790252663.616751,0.0202,0,,,0.000,,,0.0000,0.0000,0.0000,0.0000,0.0000,-13.0000,,,,CHO,0.0000,-12.7646,0.0000,-12.8078,0.0000,0.0000,0.000,0.000,,0.0,,,,,,,0,,0
26.1181,1790252663.637060,0.0202,0,,,0.000,,,0.0000,0.0000,0.0000,0.0000,0.0000,-13.0000,,,,CHO,0.0000,-12.7646,0.0000,-12.8078,0.0000,0.0000,0.000,0.000,,0.0,,,,,,,0,,0
26.1390,1790252663.657706,0.0209,0,,,0.000,,,0.0000,0.0000,0.0000,0.0000,0.0000,-13.0000,,,,CHO,0.0000,-12.7646,0.0000,-12.8078,0.0000,0.0000,0.000,0.000,,0.0,,,,,,,0,,0
26.1595,1790252663.678347,0.0205,0,,,0.000,,,0.0000,0.0000,0.0000,0.0000,0.0000,-13.0000,,,,CHO,0.0000,-12.7646,0.0000,-12.8078,0.0000,0.0000,0.000,0.000,,0.0,,,,,,,0,,0
26.1801,1790252663.698964,0.0206,0,,,0.000,,,0.0000,0.0000,0.0000,0.0000,0.0000,-13.0000,,,,CHO,0.0000,-12.7646,0.0000,-12.8078,0.0000,0.0000,0.000,0.000,,0.0,,,,,,,0,,0
26.2005,1790252663.719260,0.0204,0,,,0.000,,,0.0000,0.0000,0.0000,0.0000,0.0000,-13.0000,,,,CHO,0.0000,-12.7646,0.0000,-12.8078,0.0000,0.0000,0.000,0.000,,0.0,,,,,,,0,,0
26.2206,1790252663.739328,0.0201,0,,,0.000,,,0.0000,0.0000,0.0000,0.0000,0.0000,-13.0000,,,,CHO,0.0000,-12.7646,0.0000,-12.8078,0.0000,0.0000,0.000,0.000,,0.0,,,,,,,0,,0
26.2408,1790252663.759705,0.0202,0,,,0.000,,,0.0000,0.0000,0.0000,0.0000,0.0000,-13.0000,,,,CHO,0.0000,-12.7646,0.0000,-12.8078,0.0000,0.0000,0.000,0.000,,0.0,,,,,,,0,,0
26.2614,1790252663.780318,0.0206,0,,,0.000,,,0.0000,0.0000,0.0000,0.0000,0.0000,-13.0000,,,,CHO,0.0000,-12.7646,0.0000,-12.8078,0.0000,0.0000,0.000,0.000,,0.0,,,,,,,0,,0
26.2820,1790252663.800799,0.0206,0,,,0.000,,,0.0000,0.0000,0.0000,0.0000,0.0000,-13.0000,,,,CHO,0.0000,-12.7646,0.0000,-12.8078,0.0000,0.0000,0.000,0.000,,0.0,,,,,,,0,,0
26.3021,1790252663.820991,0.0201,0,,,0.000,,,0.0000,0.0000,0.0000,0.0000,0.0000,-13.0000,,,,CHO,0.0000,-12.7646,0.0000,-12.8078,0.0000,0.0000,0.000,0.000,,0.0,,,,,,,0,,0
26.3222,1790252663.841025,0.0202,0,,,0.000,,,0.0000,0.0000,0.0000,0.0000,0.0000,-13.0000,,,,CHO,0.0000,-12.7646,0.0000,-12.8078,0.0000,0.0000,0.000,0.000,,0.0,,,,,,,0,,0
26.3428,1790252663.861548,0.0206,0,,,0.000,,,0.0000,0.0000,0.0000,0.0000,0.0000,-13.0000,,,,CHO,0.0000,-12.7646,0.0000,-12.8078,0.0000,0.0000,0.000,0.000,,0.0,,,,,,,0,,0
26.3631,1790252663.882076,0.0203,0,,,0.000,,,0.0000,0.0000,0.0000,0.0000,0.0000,-13.0000,,,,CHO,0.0000,-12.7646,0.0000,-12.8078,0.0000,0.0000,0.000,0.000,,0.0,,,,,,,0,,0
26.3833,1790252663.902071,0.0202,0,,,0.000,,,0.0000,0.0000,0.0000,0.0000,0.0000,-13.0000,,,,CHO,0.0000,-12.7646,0.0000,-12.8078,0.0000,0.0000,0.000,0.000,,0.0,,,,,,,0,,0
26.4034,1790252663.922319,0.0201,0,,,0.000,,,0.0000,0.0000,0.0000,0.0000,0.0000,-13.0000,,,,CHO,0.0000,-12.7646,0.0000,-12.8078,0.0000,0.0000,0.000,0.000,,0.0,,,,,,,0,,0
26.4239,1790252663.942717,0.0205,0,,,0.000,,,0.0000,0.0000,0.0000,0.0000,0.0000,-13.0000,,,,CHO,0.0000,-12.7646,0.0000,-12.8078,0.0000,0.0000,0.000,0.000,,0.0,,,,,,,0,,0
26.4441,1790252663.962718,0.0202,0,,,0.000,,,0.0000,0.0000,0.0000,0.0000,0.0000,-13.0000,,,,CHO,0.0000,-12.7646,0.0000,-12.8078,0.0000,0.0000,0.000,0.000,,0.0,,,,,,,0,,0
26.4645,1790252663.983382,0.0204,0,,,0.000,,,0.0000,0.0000,0.0000,0.0000,0.0000,-13.0000,,,,CHO,0.0000,-12.7646,0.0000,-12.8078,0.0000,0.0000,0.000,0.000,,0.0,,,,,,,0,,0
26.4849,1790252664.003756,0.0205,0,,,0.000,,,0.0000,0.0000,0.0000,0.0000,0.0000,-13.0000,,,,CHO,0.0000,-12.7646,0.0000,-12.8078,0.0000,0.0000,0.000,0.000,,0.0,,,,,,,0,,0
26.5056,1790252664.024406,0.0206,0,,,0.000,,,0.0000,0.0000,0.0000,0.0000,0.0000,-13.0000,,,,CHO,0.0000,-12.7646,0.0000,-12.8078,0.0000,0.0000,0.000,0.000,,0.0,,,,,,,0,,0
26.5256,1790252664.044411,0.0200,0,,,0.000,,,0.0000,0.0000,0.0000,0.0000,0.0000,-13.0000,,,,CHO,0.0000,-12.7646,0.0000,-12.8078,0.0000,0.0000,0.000,0.000,,0.0,,,,,,,0,,0
26.5460,1790252664.064916,0.0204,0,,,0.000,,,0.0000,0.0000,0.0000,0.0000,0.0000,-13.0000,,,,CHO,0.0000,-12.7646,0.0000,-12.8078,0.0000,0.0000,0.000,0.000,,0.0,,,,,,,0,,0
26.5661,1790252664.084951,0.0200,0,,,0.000,,,0.0000,0.0000,0.0000,0.0000,0.0000,-13.0000,,,,CHO,0.0000,-12.7646,0.0000,-12.8078,0.0000,0.0000,0.000,0.000,,0.0,,,,,,,0,,0
26.5865,1790252664.105351,0.0205,0,,,0.000,,,0.0000,0.0000,0.0000,0.0000,0.0000,-13.0000,,,,CHO,0.0000,-12.7646,0.0000,-12.8078,0.0000,0.0000,0.000,0.000,,0.0,,,,,,,0,,0
26.6069,1790252664.125850,0.0204,0,,,0.000,,,0.0000,0.0000,0.0000,0.0000,0.0000,-13.0000,,,,CHO,0.0000,-12.7646,0.0000,-12.8078,0.0000,0.0000,0.000,0.000,,0.0,,,,,,,0,,0
26.6273,1790252664.146164,0.0203,0,,,0.000,,,0.0000,0.0000,0.0000,0.0000,0.0000,-13.0000,,,,CHO,0.0000,-12.7646,0.0000,-12.8078,0.0000,0.0000,0.000,0.000,,0.0,,,,,,,0,,0
26.6478,1790252664.166595,0.0206,0,,,0.000,,,0.0000,0.0000,0.0000,0.0000,0.0000,-13.0000,,,,CHO,0.0000,-12.7646,0.0000,-12.8078,0.0000,0.0000,0.000,0.000,,0.0,,,,,,,0,,0
26.6678,1790252664.186594,0.0200,0,,,0.000,,,0.0000,0.0000,0.0000,0.0000,0.0000,-13.0000,,,,CHO,0.0000,-12.7646,0.0000,-12.8078,0.0000,0.0000,0.000,0.000,,0.0,,,,,,,0,,0
26.6885,1790252664.207345,0.0206,0,,,0.000,,,0.0000,0.0000,0.0000,0.0000,0.0000,-13.0000,,,,CHO,0.0000,-12.7646,0.0000,-12.8078,0.0000,0.0000,0.000,0.000,,0.0,,,,,,,0,,0
26.7088,1790252664.227568,0.0203,0,,,0.000,,,0.0000,0.0000,0.0000,0.0000,0.0000,-13.0000,,,,CHO,0.0000,-12.7646,0.0000,-12.8078,0.0000,0.0000,0.000,0.000,,0.0,,,,,,,0,,0
26.7293,1790252664.248130,0.0205,0,,,0.000,,,0.0000,0.0000,0.0000,0.0000,0.0000,-13.0000,,,,CHO,0.0000,-12.7646,0.0000,-12.8078,0.0000,0.0000,0.000,0.000,,0.0,,,,,,,0,,0
26.7495,1790252664.268183,0.0202,0,,,0.000,,,0.0000,0.0000,0.0000,0.0000,0.0000,-13.0000,,,,CHO,0.0000,-12.7646,0.0000,-12.8078,0.0000,0.0000,0.000,0.000,,0.0,,,,,,,0,,0
26.7697,1790252664.288494,0.0202,0,,,0.000,,,0.0000,0.0000,0.0000,0.0000,0.0000,-13.0000,,,,CHO,0.0000,-12.7646,0.0000,-12.8078,0.0000,0.0000,0.000,0.000,,0.0,,,,,,,0,,0
26.7904,1790252664.309243,0.0208,0,,,0.000,,,0.0000,0.0000,0.0000,0.0000,0.0000,-13.0000,,,,CHO,0.0000,-12.7646,0.0000,-12.8078,0.0000,0.0000,0.000,0.000,,0.0,,,,,,,0,,0
26.8112,1790252664.330031,0.0207,0,,,0.000,,,0.0000,0.0000,0.0000,0.0000,0.0000,-13.0000,,,,CHO,0.0000,-12.7646,0.0000,-12.8078,0.0000,0.0000,0.000,0.000,,0.0,,,,,,,0,,0
26.8319,1790252664.350697,0.0207,0,,,0.000,,,0.0000,0.0000,0.0000,0.0000,0.0000,-13.0000,,,,CHO,0.0000,-12.7646,0.0000,-12.8078,0.0000,0.0000,0.000,0.000,,0.0,,,,,,,0,,0
26.8521,1790252664.370857,0.0202,0,,,0.000,,,0.0000,0.0000,0.0000,0.0000,0.0000,-13.0000,,,,CHO,0.0000,-12.7646,0.0000,-12.8078,0.0000,0.0000,0.000,0.000,,0.0,,,,,,,0,,0
26.8725,1790252664.391236,0.0203,0,,,0.000,,,0.0000,0.0000,0.0000,0.0000,0.0000,-13.0000,,,,CHO,0.0000,-12.7646,0.0000,-12.8078,0.0000,0.0000,0.000,0.000,,0.0,,,,,,,0,,0
26.8930,1790252664.411720,0.0205,0,,,0.000,,,0.0000,0.0000,0.0000,0.0000,0.0000,-13.0000,,,,CHO,0.0000,-12.7646,0.0000,-12.8078,0.0000,0.0000,0.000,0.000,,0.0,,,,,,,0,,0
26.9136,1790252664.432427,0.0206,0,,,0.000,,,0.0000,0.0000,0.0000,0.0000,0.0000,-13.0000,,,,CHO,0.0000,-12.7646,0.0000,-12.8078,0.0000,0.0000,0.000,0.000,,0.0,,,,,,,0,,0
26.9338,1790252664.452589,0.0202,0,,,0.000,,,0.0000,0.0000,0.0000,0.0000,0.0000,-13.0000,,,,CHO,0.0000,-12.7646,0.0000,-12.8078,0.0000,0.0000,0.000,0.000,,0.0,,,,,,,0,,0
26.9543,1790252664.473090,0.0205,0,,,0.000,,,0.0000,0.0000,0.0000,0.0000,0.0000,-13.0000,,,,CHO,0.0000,-12.7646,0.0000,-12.8078,0.0000,0.0000,0.000,0.000,,0.0,,,,,,,0,,0
26.9744,1790252664.493148,0.0200,0,,,0.000,,,0.0000,0.0000,0.0000,0.0000,0.0000,-13.0000,,,,CHO,0.0000,-12.7646,0.0000,-12.8078,0.0000,0.0000,0.000,0.000,,0.0,,,,,,,0,,0
26.9946,1790252664.513407,0.0202,0,,,0.000,,,0.0000,0.0000,0.0000,0.0000,0.0000,-13.0000,,,,CHO,0.0000,-12.7646,0.0000,-12.8078,0.0000,0.0000,0.000,0.000,,0.0,,,,,,,0,,0
27.0153,1790252664.534135,0.0208,0,,,0.000,,,0.0000,0.0000,0.0000,0.0000,0.0000,-13.0000,,,,CHO,0.0000,-12.7646,0.0000,-12.8078,0.0000,0.0000,0.000,0.000,,0.0,,,,,,,0,,0
27.0357,1790252664.554682,0.0204,0,,,0.000,,,0.0000,0.0000,0.0000,0.0000,0.0000,-13.0000,,,,CHO,0.0000,-12.7646,0.0000,-12.8078,0.0000,0.0000,0.000,0.000,,0.0,,,,,,,0,,0
27.0563,1790252664.575168,0.0205,0,,,0.000,,,0.0000,0.0000,0.0000,0.0000,0.0000,-13.0000,,,,CHO,0.0000,-12.7646,0.0000,-12.8078,0.0000,0.0000,0.000,0.000,,0.0,,,,,,,0,,0
27.0768,1790252664.595725,0.0205,0,,,0.000,,,0.0000,0.0000,0.0000,0.0000,0.0000,-13.0000,,,,CHO,0.0000,-12.7646,0.0000,-12.8078,0.0000,0.0000,0.000,0.000,,0.0,,,,,,,0,,0
27.0972,1790252664.615979,0.0204,0,,,0.000,,,0.0000,0.0000,0.0000,0.0000,0.0000,-13.0000,,,,CHO,0.0000,-12.7646,0.0000,-12.8078,0.0000,0.0000,0.000,0.000,,0.0,,,,,,,0,,0
27.1178,1790252664.636581,0.0206,0,,,0.000,,,0.0000,0.0000,0.0000,0.0000,0.0000,-13.0000,,,,CHO,0.0000,-12.7646,0.0000,-12.8078,0.0000,0.0000,0.000,0.000,,0.0,,,,,,,0,,0
27.1382,1790252664.657030,0.0204,0,,,0.000,,,0.0000,0.0000,0.0000,0.0000,0.0000,-13.0000,,,,CHO,0.0000,-12.7646,0.0000,-12.8078,0.0000,0.0000,0.000,0.000,,0.0,,,,,,,0,,0
27.1586,1790252664.677408,0.0204,0,,,0.000,,,0.0000,0.0000,0.0000,0.0000,0.0000,-13.0000,,,,CHO,0.0000,-12.7646,0.0000,-12.8078,0.0000,0.0000,0.000,0.000,,0.0,,,,,,,0,,0
27.1790,1790252664.697827,0.0204,0,,,0.000,,,0.0000,0.0000,0.0000,0.0000,0.0000,-13.0000,,,,CHO,0.0000,-12.7646,0.0000,-12.8078,0.0000,0.0000,0.000,0.000,,0.0,,,,,,,0,,0
27.1998,1790252664.718620,0.0208,0,,,0.000,,,0.0000,0.0000,0.0000,0.0000,0.0000,-13.0000,,,,CHO,0.0000,-12.7646,0.0000,-12.8078,0.0000,0.0000,0.000,0.000,,0.0,,,,,,,0,,0
27.2199,1790252664.738600,0.0201,0,,,0.000,,,0.0000,0.0000,0.0000,0.0000,0.0000,-13.0000,,,,CHO,0.0000,-12.7646,0.0000,-12.8078,0.0000,0.0000,0.000,0.000,,0.0,,,,,,,0,,0
27.2402,1790252664.759109,0.0203,0,,,0.000,,,0.0000,0.0000,0.0000,0.0000,0.0000,-13.0000,,,,CHO,0.0000,-12.7646,0.0000,-12.8078,0.0000,0.0000,0.000,0.000,,0.0,,,,,,,0,,0
27.2605,1790252664.779395,0.0203,0,,,0.000,,,0.0000,0.0000,0.0000,0.0000,0.0000,-13.0000,,,,CHO,0.0000,-12.7646,0.0000,-12.8078,0.0000,0.0000,0.000,0.000,,0.0,,,,,,,0,,0
27.2805,1790252664.799423,0.0200,0,,,0.000,,,0.0000,0.0000,0.0000,0.0000,0.0000,-13.0000,,,,CHO,0.0000,-12.7646,0.0000,-12.8078,0.0000,0.0000,0.000,0.000,,0.0,,,,,,,0,,0
27.3015,1790252664.820268,0.0210,0,,,0.000,,,0.0000,0.0000,0.0000,0.0000,0.0000,-13.0000,,,,CHO,0.0000,-12.7646,0.0000,-12.8078,0.0000,0.0000,0.000,0.000,,0.0,,,,,,,0,,0
27.3218,1790252664.840544,0.0203,0,,,0.000,,,0.0000,0.0000,0.0000,0.0000,0.0000,-13.0000,,,,CHO,0.0000,-12.7646,0.0000,-12.8078,0.0000,0.0000,0.000,0.000,,0.0,,,,,,,0,,0
27.3419,1790252664.860657,0.0201,0,,,0.000,,,0.0000,0.0000,0.0000,0.0000,0.0000,-13.0000,,,,CHO,0.0000,-12.7646,0.0000,-12.8078,0.0000,0.0000,0.000,0.000,,0.0,,,,,,,0,,0
27.3621,1790252664.881075,0.0202,0,,,0.000,,,0.0000,0.0000,0.0000,0.0000,0.0000,-13.0000,,,,CHO,0.0000,-12.7646,0.0000,-12.8078,0.0000,0.0000,0.000,0.000,,0.0,,,,,,,0,,0
27.3822,1790252664.901160,0.0201,0,,,0.000,,,0.0000,0.0000,0.0000,0.0000,0.0000,-13.0000,,,,CHO,0.0000,-12.7646,0.0000,-12.8078,0.0000,0.0000,0.000,0.000,,0.0,,,,,,,0,,0
27.4024,1790252664.921144,0.0201,0,,,0.000,,,0.0000,0.0000,0.0000,0.0000,0.0000,-13.0000,,,,CHO,0.0000,-12.7646,0.0000,-12.8078,0.0000,0.0000,0.000,0.000,,0.0,,,,,,,0,,0
27.4227,1790252664.941492,0.0204,0,,,0.000,,,0.0000,0.0000,0.0000,0.0000,0.0000,-13.0000,,,,CHO,0.0000,-12.7646,0.0000,-12.8078,0.0000,0.0000,0.000,0.000,,0.0,,,,,,,0,,0
27.4434,1790252664.962162,0.0207,0,,,0.000,,,0.0000,0.0000,0.0000,0.0000,0.0000,-13.0000,,,,CHO,0.0000,-12.7646,0.0000,-12.8078,0.0000,0.0000,0.000,0.000,,0.0,,,,,,,0,,0
27.4634,1790252664.982330,0.0200,0,,,0.000,,,0.0000,0.0000,0.0000,0.0000,0.0000,-13.0000,,,,CHO,0.0000,-12.7646,0.0000,-12.8078,0.0000,0.0000,0.000,0.000,,0.0,,,,,,,0,,0
27.4836,1790252665.002321,0.0201,0,,,0.000,,,0.0000,0.0000,0.0000,0.0000,0.0000,-13.0000,,,,CHO,0.0000,-12.7646,0.0000,-12.8078,0.0000,0.0000,0.000,0.000,,0.0,,,,,,,0,,0
27.5037,1790252665.022534,0.0202,0,,,0.000,,,0.0000,0.0000,0.0000,0.0000,0.0000,-13.0000,,,,CHO,0.0000,-12.7646,0.0000,-12.8078,0.0000,0.0000,0.000,0.000,,0.0,,,,,,,0,,0
27.5245,1790252665.043180,0.0207,0,,,0.000,,,0.0000,0.0000,0.0000,0.0000,0.0000,-13.0000,,,,CHO,0.0000,-12.7646,0.0000,-12.8078,0.0000,0.0000,0.000,0.000,,0.0,,,,,,,0,,0
27.5449,1790252665.063649,0.0204,0,,,0.000,,,0.0000,0.0000,0.0000,0.0000,0.0000,-13.0000,,,,CHO,0.0000,-12.7646,0.0000,-12.8078,0.0000,0.0000,0.000,0.000,,0.0,,,,,,,0,,0
27.5649,1790252665.083848,0.0201,0,,,0.000,,,0.0000,0.0000,0.0000,0.0000,0.0000,-13.0000,,,,CHO,0.0000,-12.7646,0.0000,-12.8078,0.0000,0.0000,0.000,0.000,,0.0,,,,,,,0,,0
27.5854,1790252665.104198,0.0204,0,,,0.000,,,0.0000,0.0000,0.0000,0.0000,0.0000,-13.0000,,,,CHO,0.0000,-12.7646,0.0000,-12.8078,0.0000,0.0000,0.000,0.000,,0.0,,,,,,,0,,0
27.6058,1790252665.124476,0.0204,0,,,0.000,,,0.0000,0.0000,0.0000,0.0000,0.0000,-13.0000,,,,CHO,0.0000,-12.7646,0.0000,-12.8078,0.0000,0.0000,0.000,0.000,,0.0,,,,,,,0,,0
27.6258,1790252665.144638,0.0201,0,,,0.000,,,0.0000,0.0000,0.0000,0.0000,0.0000,-13.0000,,,,CHO,0.0000,-12.7646,0.0000,-12.8078,0.0000,0.0000,0.000,0.000,,0.0,,,,,,,0,,0
27.6464,1790252665.165191,0.0206,0,,,0.000,,,0.0000,0.0000,0.0000,0.0000,0.0000,-13.0000,,,,CHO,0.0000,-12.7646,0.0000,-12.8078,0.0000,0.0000,0.000,0.000,,0.0,,,,,,,0,,0
27.6666,1790252665.185364,0.0202,0,,,0.000,,,0.0000,0.0000,0.0000,0.0000,0.0000,-13.0000,,,,CHO,0.0000,-12.7646,0.0000,-12.8078,0.0000,0.0000,0.000,0.000,,0.0,,,,,,,0,,0
27.6875,1790252665.206264,0.0209,0,,,0.000,,,0.0000,0.0000,0.0000,0.0000,0.0000,-13.0000,,,,CHO,0.0000,-12.7646,0.0000,-12.8078,0.0000,0.0000,0.000,0.000,,0.0,,,,,,,0,,0
27.7079,1790252665.226884,0.0205,0,,,0.000,,,0.0000,0.0000,0.0000,0.0000,0.0000,-13.0000,,,,CHO,0.0000,-12.7646,0.0000,-12.8078,0.0000,0.0000,0.000,0.000,,0.0,,,,,,,0,,0
27.7280,1790252665.246894,0.0200,0,,,0.000,,,0.0000,0.0000,0.0000,0.0000,0.0000,-13.0000,,,,CHO,0.0000,-12.7646,0.0000,-12.8078,0.0000,0.0000,0.000,0.000,,0.0,,,,,,,0,,0
27.7484,1790252665.267305,0.0205,0,,,0.000,,,0.0000,0.0000,0.0000,0.0000,0.0000,-13.0000,,,,CHO,0.0000,-12.7646,0.0000,-12.8078,0.0000,0.0000,0.000,0.000,,0.0,,,,,,,0,,0
27.7689,1790252665.287687,0.0205,0,,,0.000,,,0.0000,0.0000,0.0000,0.0000,0.0000,-13.0000,,,,CHO,0.0000,-12.7646,0.0000,-12.8078,0.0000,0.0000,0.000,0.000,,0.0,,,,,,,0,,0
27.7896,1790252665.308357,0.0207,0,,,0.000,,,0.0000,0.0000,0.0000,0.0000,0.0000,-13.0000,,,,CHO,0.0000,-12.7646,0.0000,-12.8078,0.0000,0.0000,0.000,0.000,,0.0,,,,,,,0,,0
27.8096,1790252665.328436,0.0200,0,,,0.000,,,0.0000,0.0000,0.0000,0.0000,0.0000,-13.0000,,,,CHO,0.0000,-12.7646,0.0000,-12.8078,0.0000,0.0000,0.000,0.000,,0.0,,,,,,,0,,0
27.8297,1790252665.348541,0.0201,0,,,0.000,,,0.0000,0.0000,0.0000,0.0000,0.0000,-13.0000,,,,CHO,0.0000,-12.7646,0.0000,-12.8078,0.0000,0.0000,0.000,0.000,,0.0,,,,,,,0,,0
27.8506,1790252665.369375,0.0209,0,,,0.000,,,0.0000,0.0000,0.0000,0.0000,0.0000,-13.0000,,,,CHO,0.0000,-12.7646,0.0000,-12.8078,0.0000,0.0000,0.000,0.000,,0.0,,,,,,,0,,0
27.8710,1790252665.389935,0.0205,0,,,0.000,,,0.0000,0.0000,0.0000,0.0000,0.0000,-13.0000,,,,CHO,0.0000,-12.7646,0.0000,-12.8078,0.0000,0.0000,0.000,0.000,,0.0,,,,,,,0,,0
27.8911,1790252665.410045,0.0201,0,,,0.000,,,0.0000,0.0000,0.0000,0.0000,0.0000,-13.0000,,,,CHO,0.0000,-12.7646,0.0000,-12.8078,0.0000,0.0000,0.000,0.000,,0.0,,,,,,,0,,0
27.9115,1790252665.430399,0.0203,0,,,0.000,,,0.0000,0.0000,0.0000,0.0000,0.0000,-13.0000,,,,CHO,0.0000,-12.7646,0.0000,-12.8078,0.0000,0.0000,0.000,0.000,,0.0,,,,,,,0,,0
27.9318,1790252665.450535,0.0203,0,,,0.000,,,0.0000,0.0000,0.0000,0.0000,0.0000,-13.0000,,,,CHO,0.0000,-12.7646,0.0000,-12.8078,0.0000,0.0000,0.000,0.000,,0.0,,,,,,,0,,0
27.9524,1790252665.471167,0.0206,0,,,0.000,,,0.0000,0.0000,0.0000,0.0000,0.0000,-13.0000,,,,CHO,0.0000,-12.7646,0.0000,-12.8078,0.0000,0.0000,0.000,0.000,,0.0,,,,,,,0,,0
27.9728,1790252665.491707,0.0204,0,,,0.000,,,0.0000,0.0000,0.0000,0.0000,0.0000,-13.0000,,,,CHO,0.0000,-12.7646,0.0000,-12.8078,0.0000,0.0000,0.000,0.000,,0.0,,,,,,,0,,0
27.9928,1790252665.511786,0.0201,0,,,0.000,,,0.0000,0.0000,0.0000,0.0000,0.0000,-13.0000,,,,CHO,0.0000,-12.7646,0.0000,-12.8078,0.0000,0.0000,0.000,0.000,,0.0,,,,,,,0,,0
28.0137,1790252665.532455,0.0208,0,,,0.000,,,0.0000,0.0000,0.0000,0.0000,0.0000,-13.0000,,,,CHO,0.0000,-12.7646,0.0000,-12.8078,0.0000,0.0000,0.000,0.000,,0.0,,,,,,,0,,0
28.0343,1790252665.553202,0.0207,0,,,0.000,,,0.0000,0.0000,0.0000,0.0000,0.0000,-13.0000,,,,CHO,0.0000,-12.7646,0.0000,-12.8078,0.0000,0.0000,0.000,0.000,,0.0,,,,,,,0,,0
28.0547,1790252665.573558,0.0203,0,,,0.000,,,0.0000,0.0000,0.0000,0.0000,0.0000,-13.0000,,,,CHO,0.0000,-12.7646,0.0000,-12.8078,0.0000,0.0000,0.000,0.000,,0.0,,,,,,,0,,0
28.0752,1790252665.593948,0.0205,0,,,0.000,,,0.0000,0.0000,0.0000,0.0000,0.0000,-13.0000,,,,CHO,0.0000,-12.7646,0.0000,-12.8078,0.0000,0.0000,0.000,0.000,,0.0,,,,,,,0,,0
28.0956,1790252665.614502,0.0204,0,,,0.000,,,0.0000,0.0000,0.0000,0.0000,0.0000,-13.0000,,,,CHO,0.0000,-12.7646,0.0000,-12.8078,0.0000,0.0000,0.000,0.000,,0.0,,,,,,,0,,0
28.1162,1790252665.635073,0.0206,0,,,0.000,,,0.0000,0.0000,0.0000,0.0000,0.0000,-13.0000,,,,CHO,0.0000,-12.7646,0.0000,-12.8078,0.0000,0.0000,0.000,0.000,,0.0,,,,,,,0,,0
28.1363,1790252665.655082,0.0201,0,,,0.000,,,0.0000,0.0000,0.0000,0.0000,0.0000,-13.0000,,,,CHO,0.0000,-12.7646,0.0000,-12.8078,0.0000,0.0000,0.000,0.000,,0.0,,,,,,,0,,0
28.1569,1790252665.675797,0.0206,0,,,0.000,,,0.0000,0.0000,0.0000,0.0000,0.0000,-13.0000,,,,CHO,0.0000,-12.7646,0.0000,-12.8078,0.0000,0.0000,0.000,0.000,,0.0,,,,,,,0,,0
28.1770,1790252665.695904,0.0201,0,,,0.000,,,0.0000,0.0000,0.0000,0.0000,0.0000,-13.0000,,,,CHO,0.0000,-12.7646,0.0000,-12.8078,0.0000,0.0000,0.000,0.000,,0.0,,,,,,,0,,0
28.1971,1790252665.715971,0.0200,0,,,0.000,,,0.0000,0.0000,0.0000,0.0000,0.0000,-13.0000,,,,CHO,0.0000,-12.7646,0.0000,-12.8078,0.0000,0.0000,0.000,0.000,,0.0,,,,,,,0,,0
28.2173,1790252665.736043,0.0203,0,,,0.000,,,0.0000,0.0000,0.0000,0.0000,0.0000,-13.0000,,,,CHO,0.0000,-12.7646,0.0000,-12.8078,0.0000,0.0000,0.000,0.000,,0.0,,,,,,,0,,0
28.2376,1790252665.756351,0.0202,0,,,0.000,,,0.0000,0.0000,0.0000,0.0000,0.0000,-13.0000,,,,CHO,0.0000,-12.7646,0.0000,-12.8078,0.0000,0.0000,0.000,0.000,,0.0,,,,,,,0,,0
28.2582,1790252665.776993,0.0206,0,,,0.000,,,0.0000,0.0000,0.0000,0.0000,0.0000,-13.0000,,,,CHO,0.0000,-12.7646,0.0000,-12.8078,0.0000,0.0000,0.000,0.000,,0.0,,,,,,,0,,0
28.2784,1790252665.797370,0.0203,0,,,0.000,,,0.0000,0.0000,0.0000,0.0000,0.0000,-13.0000,,,,CHO,0.0000,-12.7646,0.0000,-12.8078,0.0000,0.0000,0.000,0.000,,0.0,,,,,,,0,,0
28.2990,1790252665.817856,0.0205,0,,,0.000,,,0.0000,0.0000,0.0000,0.0000,0.0000,-13.0000,,,,CHO,0.0000,-12.7646,0.0000,-12.8078,0.0000,0.0000,0.000,0.000,,0.0,,,,,,,0,,0
28.3198,1790252665.838635,0.0209,0,,,0.000,,,0.0000,0.0000,0.0000,0.0000,0.0000,-13.0000,,,,CHO,0.0000,-12.7646,0.0000,-12.8078,0.0000,0.0000,0.000,0.000,,0.0,,,,,,,0,,0
28.3403,1790252665.859060,0.0205,0,,,0.000,,,0.0000,0.0000,0.0000,0.0000,0.0000,-13.0000,,,,CHO,0.0000,-12.7646,0.0000,-12.8078,0.0000,0.0000,0.000,0.000,,0.0,,,,,,,0,,0
28.3607,1790252665.879627,0.0204,0,,,0.000,,,0.0000,0.0000,0.0000,0.0000,0.0000,-13.0000,,,,CHO,0.0000,-12.7646,0.0000,-12.8078,0.0000,0.0000,0.000,0.000,,0.0,,,,,,,0,,0
28.3809,1790252665.899696,0.0202,0,,,0.000,,,0.0000,0.0000,0.0000,0.0000,0.0000,-13.0000,,,,CHO,0.0000,-12.7646,0.0000,-12.8078,0.0000,0.0000,0.000,0.000,,0.0,,,,,,,0,,0
28.4015,1790252665.920400,0.0206,0,,,0.000,,,0.0000,0.0000,0.0000,0.0000,0.0000,-13.0000,,,,CHO,0.0000,-12.7646,0.0000,-12.8078,0.0000,0.0000,0.000,0.000,,0.0,,,,,,,0,,0
28.4215,1790252665.940317,0.0200,0,,,0.000,,,0.0000,0.0000,0.0000,0.0000,0.0000,-13.0000,,,,CHO,0.0000,-12.7646,0.0000,-12.8078,0.0000,0.0000,0.000,0.000,,0.0,,,,,,,0,,0
28.4420,1790252665.960969,0.0205,0,,,0.000,,,0.0000,0.0000,0.0000,0.0000,0.0000,-13.0000,,,,CHO,0.0000,-12.7646,0.0000,-12.8078,0.0000,0.0000,0.000,0.000,,0.0,,,,,,,0,,0
28.4625,1790252665.981364,0.0205,0,,,0.000,,,0.0000,0.0000,0.0000,0.0000,0.0000,-13.0000,,,,CHO,0.0000,-12.7646,0.0000,-12.8078,0.0000,0.0000,0.000,0.000,,0.0,,,,,,,0,,0
28.4832,1790252666.002105,0.0206,0,,,0.000,,,0.0000,0.0000,0.0000,0.0000,0.0000,-13.0000,,,,CHO,0.0000,-12.7646,0.0000,-12.8078,0.0000,0.0000,0.000,0.000,,0.0,,,,,,,0,,0
28.5040,1790252666.022761,0.0208,0,,,0.000,,,0.0000,0.0000,0.0000,0.0000,0.0000,-13.0000,,,,CHO,0.0000,-12.7646,0.0000,-12.8078,0.0000,0.0000,0.000,0.000,,0.0,,,,,,,0,,0
28.5244,1790252666.043131,0.0204,0,,,0.000,,,0.0000,0.0000,0.0000,0.0000,0.0000,-13.0000,,,,CHO,0.0000,-12.7646,0.0000,-12.8078,0.0000,0.0000,0.000,0.000,,0.0,,,,,,,0,,0
28.5446,1790252666.063510,0.0202,0,,,0.000,,,0.0000,0.0000,0.0000,0.0000,0.0000,-13.0000,,,,CHO,0.0000,-12.7646,0.0000,-12.8078,0.0000,0.0000,0.000,0.000,,0.0,,,,,,,0,,0
28.5648,1790252666.083612,0.0202,0,,,0.000,,,0.0000,0.0000,0.0000,0.0000,0.0000,-13.0000,,,,CHO,0.0000,-12.7646,0.0000,-12.8078,0.0000,0.0000,0.000,0.000,,0.0,,,,,,,0,,0
28.5849,1790252666.103699,0.0201,0,,,0.000,,,0.0000,0.0000,0.0000,0.0000,0.0000,-13.0000,,,,CHO,0.0000,-12.7646,0.0000,-12.8078,0.0000,0.0000,0.000,0.000,,0.0,,,,,,,0,,0
28.6054,1790252666.124090,0.0205,0,,,0.000,,,0.0000,0.0000,0.0000,0.0000,0.0000,-13.0000,,,,CHO,0.0000,-12.7646,0.0000,-12.8078,0.0000,0.0000,0.000,0.000,,0.0,,,,,,,0,,0
28.6254,1790252666.144222,0.0200,0,,,0.000,,,0.0000,0.0000,0.0000,0.0000,0.0000,-13.0000,,,,CHO,0.0000,-12.7646,0.0000,-12.8078,0.0000,0.0000,0.000,0.000,,0.0,,,,,,,0,,0
28.6455,1790252666.164392,0.0201,0,,,0.000,,,0.0000,0.0000,0.0000,0.0000,0.0000,-13.0000,,,,CHO,0.0000,-12.7646,0.0000,-12.8078,0.0000,0.0000,0.000,0.000,,0.0,,,,,,,0,,0
28.6656,1790252666.184516,0.0201,0,,,0.000,,,0.0000,0.0000,0.0000,0.0000,0.0000,-13.0000,,,,CHO,0.0000,-12.7646,0.0000,-12.8078,0.0000,0.0000,0.000,0.000,,0.0,,,,,,,0,,0
28.6861,1790252666.204976,0.0204,0,,,0.000,,,0.0000,0.0000,0.0000,0.0000,0.0000,-13.0000,,,,CHO,0.0000,-12.7646,0.0000,-12.8078,0.0000,0.0000,0.000,0.000,,0.0,,,,,,,0,,0
28.7067,1790252666.225544,0.0206,0,,,0.000,,,0.0000,0.0000,0.0000,0.0000,0.0000,-13.0000,,,,CHO,0.0000,-12.7646,0.0000,-12.8078,0.0000,0.0000,0.000,0.000,,0.0,,,,,,,0,,0
28.7270,1790252666.245773,0.0203,0,,,0.000,,,0.0000,0.0000,0.0000,0.0000,0.0000,-13.0000,,,,CHO,0.0000,-12.7646,0.0000,-12.8078,0.0000,0.0000,0.000,0.000,,0.0,,,,,,,0,,0
28.7473,1790252666.266096,0.0204,0,,,0.000,,,0.0000,0.0000,0.0000,0.0000,0.0000,-13.0000,,,,CHO,0.0000,-12.7646,0.0000,-12.8078,0.0000,0.0000,0.000,0.000,,0.0,,,,,,,0,,0
28.7675,1790252666.286408,0.0202,0,,,0.000,,,0.0000,0.0000,0.0000,0.0000,0.0000,-13.0000,,,,CHO,0.0000,-12.7646,0.0000,-12.8078,0.0000,0.0000,0.000,0.000,,0.0,,,,,,,0,,0
28.7877,1790252666.306543,0.0202,0,,,0.000,,,0.0000,0.0000,0.0000,0.0000,0.0000,-13.0000,,,,CHO,0.0000,-12.7646,0.0000,-12.8078,0.0000,0.0000,0.000,0.000,,0.0,,,,,,,0,,0
28.8081,1790252666.326890,0.0204,0,,,0.000,,,0.0000,0.0000,0.0000,0.0000,0.0000,-13.0000,,,,CHO,0.0000,-12.7646,0.0000,-12.8078,0.0000,0.0000,0.000,0.000,,0.0,,,,,,,0,,0
28.8291,1790252666.348051,0.0210,0,,,0.000,,,0.0000,0.0000,0.0000,0.0000,0.0000,-13.0000,,,,CHO,0.0000,-12.7646,0.0000,-12.8078,0.0000,0.0000,0.000,0.000,,0.0,,,,,,,0,,0
28.8492,1790252666.367697,0.0201,0,,,0.000,,,0.0000,0.0000,0.0000,0.0000,0.0000,-13.0000,,,,CHO,0.0000,-12.7646,0.0000,-12.8078,0.0000,0.0000,0.000,0.000,,0.0,,,,,,,0,,0
28.8696,1790252666.388476,0.0203,0,,,0.000,,,0.0000,0.0000,0.0000,0.0000,0.0000,-13.0000,,,,CHO,0.0000,-12.7646,0.0000,-12.8078,0.0000,0.0000,0.000,0.000,,0.0,,,,,,,0,,0
28.8900,1790252666.408715,0.0204,0,,,0.000,,,0.0000,0.0000,0.0000,0.0000,0.0000,-13.0000,,,,CHO,0.0000,-12.7646,0.0000,-12.8078,0.0000,0.0000,0.000,0.000,,0.0,,,,,,,0,,0
28.9102,1790252666.429118,0.0202,0,,,0.000,,,0.0000,0.0000,0.0000,0.0000,0.0000,-13.0000,,,,CHO,0.0000,-12.7646,0.0000,-12.8078,0.0000,0.0000,0.000,0.000,,0.0,,,,,,,0,,0
28.9305,1790252666.449480,0.0204,0,,,0.000,,,0.0000,0.0000,0.0000,0.0000,0.0000,-13.0000,,,,CHO,0.0000,-12.7646,0.0000,-12.8078,0.0000,0.0000,0.000,0.000,,0.0,,,,,,,0,,0
28.9512,1790252666.469964,0.0206,0,,,0.000,,,0.0000,0.0000,0.0000,0.0000,0.0000,-13.0000,,,,CHO,0.0000,-12.7646,0.0000,-12.8078,0.0000,0.0000,0.000,0.000,,0.0,,,,,,,0,,0
28.9720,1790252666.490761,0.0208,0,,,0.000,,,0.0000,0.0000,0.0000,0.0000,0.0000,-13.0000,,,,CHO,0.0000,-12.7646,0.0000,-12.8078,0.0000,0.0000,0.000,0.000,,0.0,,,,,,,0,,0
28.9925,1790252666.511443,0.0205,0,,,0.000,,,0.0000,0.0000,0.0000,0.0000,0.0000,-13.0000,,,,CHO,0.0000,-12.7646,0.0000,-12.8078,0.0000,0.0000,0.000,0.000,,0.0,,,,,,,0,,0
29.0135,1790252666.532163,0.0210,0,,,0.000,,,0.0000,0.0000,0.0000,0.0000,0.0000,-13.0000,,,,CHO,0.0000,-12.7646,0.0000,-12.8078,0.0000,0.0000,0.000,0.000,,0.0,,,,,,,0,,0
29.0344,1790252666.553159,0.0209,0,,,0.000,,,0.0000,0.0000,0.0000,0.0000,0.0000,-13.0000,,,,CHO,0.0000,-12.7646,0.0000,-12.8078,0.0000,0.0000,0.000,0.000,,0.0,,,,,,,0,,0
29.0546,1790252666.573511,0.0202,0,,,0.000,,,0.0000,0.0000,0.0000,0.0000,0.0000,-13.0000,,,,CHO,0.0000,-12.7646,0.0000,-12.8078,0.0000,0.0000,0.000,0.000,,0.0,,,,,,,0,,0
29.0749,1790252666.593651,0.0202,0,,,0.000,,,0.0000,0.0000,0.0000,0.0000,0.0000,-13.0000,,,,CHO,0.0000,-12.7646,0.0000,-12.8078,0.0000,0.0000,0.000,0.000,,0.0,,,,,,,0,,0
29.0950,1790252666.613733,0.0201,0,,,0.000,,,0.0000,0.0000,0.0000,0.0000,0.0000,-13.0000,,,,CHO,0.0000,-12.7646,0.0000,-12.8078,0.0000,0.0000,0.000,0.000,,0.0,,,,,,,0,,0
29.1152,1790252666.634005,0.0202,0,,,0.000,,,0.0000,0.0000,0.0000,0.0000,0.0000,-13.0000,,,,CHO,0.0000,-12.7646,0.0000,-12.8078,0.0000,0.0000,0.000,0.000,,0.0,,,,,,,0,,0
29.1355,1790252666.654276,0.0204,0,,,0.000,,,0.0000,0.0000,0.0000,0.0000,0.0000,-13.0000,,,,CHO,0.0000,-12.7646,0.0000,-12.8078,0.0000,0.0000,0.000,0.000,,0.0,,,,,,,0,,0
29.1557,1790252666.674373,0.0202,0,,,0.000,,,0.0000,0.0000,0.0000,0.0000,0.0000,-13.0000,,,,CHO,0.0000,-12.7646,0.0000,-12.8078,0.0000,0.0000,0.000,0.000,,0.0,,,,,,,0,,0
29.1760,1790252666.694943,0.0203,0,,,0.000,,,0.0000,0.0000,0.0000,0.0000,0.0000,-13.0000,,,,CHO,0.0000,-12.7646,0.0000,-12.8078,0.0000,0.0000,0.000,0.000,,0.0,,,,,,,0,,0
29.1967,1790252666.715467,0.0207,0,,,0.000,,,0.0000,0.0000,0.0000,0.0000,0.0000,-13.0000,,,,CHO,0.0000,-12.7646,0.0000,-12.8078,0.0000,0.0000,0.000,0.000,,0.0,,,,,,,0,,0
29.2170,1790252666.735788,0.0203,0,,,0.000,,,0.0000,0.0000,0.0000,0.0000,0.0000,-13.0000,,,,CHO,0.0000,-12.7646,0.0000,-12.8078,0.0000,0.0000,0.000,0.000,,0.0,,,,,,,0,,0
29.2372,1790252666.756074,0.0201,0,,,0.000,,,0.0000,0.0000,0.0000,0.0000,0.0000,-13.0000,,,,CHO,0.0000,-12.7646,0.0000,-12.8078,0.0000,0.0000,0.000,0.000,,0.0,,,,,,,0,,0
29.2575,1790252666.776223,0.0203,0,,,0.000,,,0.0000,0.0000,0.0000,0.0000,0.0000,-13.0000,,,,CHO,0.0000,-12.7646,0.0000,-12.8078,0.0000,0.0000,0.000,0.000,,0.0,,,,,,,0,,0
29.2778,1790252666.796636,0.0203,0,,,0.000,,,0.0000,0.0000,0.0000,0.0000,0.0000,-13.0000,,,,CHO,0.0000,-12.7646,0.0000,-12.8078,0.0000,0.0000,0.000,0.000,,0.0,,,,,,,0,,0
29.2985,1790252666.817417,0.0207,0,,,0.000,,,0.0000,0.0000,0.0000,0.0000,0.0000,-13.0000,,,,CHO,0.0000,-12.7646,0.0000,-12.8078,0.0000,0.0000,0.000,0.000,,0.0,,,,,,,0,,0
29.3190,1790252666.837920,0.0205,0,,,0.000,,,0.0000,0.0000,0.0000,0.0000,0.0000,-13.0000,,,,CHO,0.0000,-12.7646,0.0000,-12.8078,0.0000,0.0000,0.000,0.000,,0.0,,,,,,,0,,0
29.3391,1790252666.857864,0.0201,0,,,0.000,,,0.0000,0.0000,0.0000,0.0000,0.0000,-13.0000,,,,CHO,0.0000,-12.7646,0.0000,-12.8078,0.0000,0.0000,0.000,0.000,,0.0,,,,,,,0,,0
29.3592,1790252666.877880,0.0202,0,,,0.000,,,0.0000,0.0000,0.0000,0.0000,0.0000,-13.0000,,,,CHO,0.0000,-12.7646,0.0000,-12.8078,0.0000,0.0000,0.000,0.000,,0.0,,,,,,,0,,0
29.3798,1790252666.898709,0.0206,0,,,0.000,,,0.0000,0.0000,0.0000,0.0000,0.0000,-13.0000,,,,CHO,0.0000,-12.7646,0.0000,-12.8078,0.0000,0.0000,0.000,0.000,,0.0,,,,,,,0,,0
29.4004,1790252666.919304,0.0206,0,,,0.000,,,0.0000,0.0000,0.0000,0.0000,0.0000,-13.0000,,,,CHO,0.0000,-12.7646,0.0000,-12.8078,0.0000,0.0000,0.000,0.000,,0.0,,,,,,,0,,0
29.4204,1790252666.939378,0.0201,0,,,0.000,,,0.0000,0.0000,0.0000,0.0000,0.0000,-13.0000,,,,CHO,0.0000,-12.7646,0.0000,-12.8078,0.0000,0.0000,0.000,0.000,,0.0,,,,,,,0,,0
29.4405,1790252666.959232,0.0200,0,,,0.000,,,0.0000,0.0000,0.0000,0.0000,0.0000,-13.0000,,,,CHO,0.0000,-12.7646,0.0000,-12.8078,0.0000,0.0000,0.000,0.000,,0.0,,,,,,,0,,0
29.4608,1790252666.979649,0.0204,0,,,0.000,,,0.0000,0.0000,0.0000,0.0000,0.0000,-13.0000,,,,CHO,0.0000,-12.7646,0.0000,-12.8078,0.0000,0.0000,0.000,0.000,,0.0,,,,,,,0,,0
29.4810,1790252666.999812,0.0202,0,,,0.000,,,0.0000,0.0000,0.0000,0.0000,0.0000,-13.0000,,,,CHO,0.0000,-12.7646,0.0000,-12.8078,0.0000,0.0000,0.000,0.000,,0.0,,,,,,,0,,0
29.5014,1790252667.020318,0.0203,0,,,0.000,,,0.0000,0.0000,0.0000,0.0000,0.0000,-13.0000,,,,CHO,0.0000,-12.7646,0.0000,-12.8078,0.0000,0.0000,0.000,0.000,,0.0,,,,,,,0,,0
29.5219,1790252667.040672,0.0205,0,,,0.000,,,0.0000,0.0000,0.0000,0.0000,0.0000,-13.0000,,,,CHO,0.0000,-12.7646,0.0000,-12.8078,0.0000,0.0000,0.000,0.000,,0.0,,,,,,,0,,0
29.5420,1790252667.060863,0.0201,0,,,0.000,,,0.0000,0.0000,0.0000,0.0000,0.0000,-13.0000,,,,CHO,0.0000,-12.7646,0.0000,-12.8078,0.0000,0.0000,0.000,0.000,,0.0,,,,,,,0,,0
29.5621,1790252667.080898,0.0201,0,,,0.000,,,0.0000,0.0000,0.0000,0.0000,0.0000,-13.0000,,,,CHO,0.0000,-12.7646,0.0000,-12.8078,0.0000,0.0000,0.000,0.000,,0.0,,,,,,,0,,0
29.5822,1790252667.101148,0.0201,0,,,0.000,,,0.0000,0.0000,0.0000,0.0000,0.0000,-13.0000,,,,CHO,0.0000,-12.7646,0.0000,-12.8078,0.0000,0.0000,0.000,0.000,,0.0,,,,,,,0,,0
29.6026,1790252667.121468,0.0203,0,,,0.000,,,0.0000,0.0000,0.0000,0.0000,0.0000,-13.0000,,,,CHO,0.0000,-12.7646,0.0000,-12.8078,0.0000,0.0000,0.000,0.000,,0.0,,,,,,,0,,0
29.6230,1790252667.141742,0.0205,0,,,0.000,,,0.0000,0.0000,0.0000,0.0000,0.0000,-13.0000,,,,CHO,0.0000,-12.7646,0.0000,-12.8078,0.0000,0.0000,0.000,0.000,,0.0,,,,,,,0,,0
29.6436,1790252667.162500,0.0205,0,,,0.000,,,0.0000,0.0000,0.0000,0.0000,0.0000,-13.0000,,,,CHO,0.0000,-12.7646,0.0000,-12.8078,0.0000,0.0000,0.000,0.000,,0.0,,,,,,,0,,0
29.6638,1790252667.182747,0.0202,0,,,0.000,,,0.0000,0.0000,0.0000,0.0000,0.0000,-13.0000,,,,CHO,0.0000,-12.7646,0.0000,-12.8078,0.0000,0.0000,0.000,0.000,,0.0,,,,,,,0,,0
29.6843,1790252667.203166,0.0205,0,,,0.000,,,0.0000,0.0000,0.0000,0.0000,0.0000,-13.0000,,,,CHO,0.0000,-12.7646,0.0000,-12.8078,0.0000,0.0000,0.000,0.000,,0.0,,,,,,,0,,0
29.7049,1790252667.223795,0.0205,0,,,0.000,,,0.0000,0.0000,0.0000,0.0000,0.0000,-13.0000,,,,CHO,0.0000,-12.7646,0.0000,-12.8078,0.0000,0.0000,0.000,0.000,,0.0,,,,,,,0,,0
29.7250,1790252667.243930,0.0201,0,,,0.000,,,0.0000,0.0000,0.0000,0.0000,0.0000,-13.0000,,,,CHO,0.0000,-12.7646,0.0000,-12.8078,0.0000,0.0000,0.000,0.000,,0.0,,,,,,,0,,0
29.7456,1790252667.264394,0.0206,0,,,0.000,,,0.0000,0.0000,0.0000,0.0000,0.0000,-13.0000,,,,CHO,0.0000,-12.7646,0.0000,-12.8078,0.0000,0.0000,0.000,0.000,,0.0,,,,,,,0,,0
29.7664,1790252667.285194,0.0208,0,,,0.000,,,0.0000,0.0000,0.0000,0.0000,0.0000,-13.0000,,,,CHO,0.0000,-12.7646,0.0000,-12.8078,0.0000,0.0000,0.000,0.000,,0.0,,,,,,,0,,0
29.7865,1790252667.305308,0.0201,0,,,0.000,,,0.0000,0.0000,0.0000,0.0000,0.0000,-13.0000,,,,CHO,0.0000,-12.7646,0.0000,-12.8078,0.0000,0.0000,0.000,0.000,,0.0,,,,,,,0,,0
29.8070,1790252667.325982,0.0206,0,,,0.000,,,0.0000,0.0000,0.0000,0.0000,0.0000,-13.0000,,,,CHO,0.0000,-12.7646,0.0000,-12.8078,0.0000,0.0000,0.000,0.000,,0.0,,,,,,,0,,0
29.8273,1790252667.346094,0.0202,0,,,0.000,,,0.0000,0.0000,0.0000,0.0000,0.0000,-13.0000,,,,CHO,0.0000,-12.7646,0.0000,-12.8078,0.0000,0.0000,0.000,0.000,,0.0,,,,,,,0,,0
29.8479,1790252667.366645,0.0206,0,,,0.000,,,0.0000,0.0000,0.0000,0.0000,0.0000,-13.0000,,,,CHO,0.0000,-12.7646,0.0000,-12.8078,0.0000,0.0000,0.000,0.000,,0.0,,,,,,,0,,0
29.8685,1790252667.387272,0.0206,0,,,0.000,,,0.0000,0.0000,0.0000,0.0000,0.0000,-13.0000,,,,CHO,0.0000,-12.7646,0.0000,-12.8078,0.0000,0.0000,0.000,0.000,,0.0,,,,,,,0,,0
29.8888,1790252667.407554,0.0204,0,,,0.000,,,0.0000,0.0000,0.0000,0.0000,0.0000,-13.0000,,,,CHO,0.0000,-12.7646,0.0000,-12.8078,0.0000,0.0000,0.000,0.000,,0.0,,,,,,,0,,0
29.9092,1790252667.428154,0.0204,0,,,0.000,,,0.0000,0.0000,0.0000,0.0000,0.0000,-13.0000,,,,CHO,0.0000,-12.7646,0.0000,-12.8078,0.0000,0.0000,0.000,0.000,,0.0,,,,,,,0,,0
29.9296,1790252667.448486,0.0204,0,,,0.000,,,0.0000,0.0000,0.0000,0.0000,0.0000,-13.0000,,,,CHO,0.0000,-12.7646,0.0000,-12.8078,0.0000,0.0000,0.000,0.000,,0.0,,,,,,,0,,0
29.9502,1790252667.468899,0.0206,0,,,0.000,,,0.0000,0.0000,0.0000,0.0000,0.0000,-13.0000,,,,CHO,0.0000,-12.7646,0.0000,-12.8078,0.0000,0.0000,0.000,0.000,,0.0,,,,,,,0,,0
29.9703,1790252667.489044,0.0201,0,,,0.000,,,0.0000,0.0000,0.0000,0.0000,0.0000,-13.0000,,,,CHO,0.0000,-12.7646,0.0000,-12.8078,0.0000,0.0000,0.000,0.000,,0.0,,,,,,,0,,0
29.9904,1790252667.509256,0.0202,0,,,0.000,,,0.0000,0.0000,0.0000,0.0000,0.0000,-13.0000,,,,CHO,0.0000,-12.7646,0.0000,-12.8078,0.0000,0.0000,0.000,0.000,,0.0,,,,,,,0,,0
30.0109,1790252667.529700,0.0204,0,,,0.000,,,0.0000,0.0000,0.0000,0.0000,0.0000,-13.0000,,,,CHO,0.0000,-12.7646,0.0000,-12.8078,0.0000,0.0000,0.000,0.000,,0.0,,,,,,,0,,0
30.0311,1790252667.549964,0.0203,0,,,0.000,,,0.0000,0.0000,0.0000,0.0000,0.0000,-13.0000,,,,CHO,0.0000,-12.7646,0.0000,-12.8078,0.0000,0.0000,0.000,0.000,,0.0,,,,,,,0,,0
30.0521,1790252667.570529,0.0209,0,,,0.000,,,0.0000,0.0000,0.0000,0.0000,0.0000,-13.0000,,,,CHO,0.0000,-12.7646,0.0000,-12.8078,0.0000,0.0000,0.000,0.000,,0.0,,,,,,,0,,0
30.0727,1790252667.591501,0.0206,0,,,0.000,,,0.0000,0.0000,0.0000,0.0000,0.0000,-13.0000,,,,CHO,0.0000,-12.7646,0.0000,-12.8078,0.0000,0.0000,0.000,0.000,,0.0,,,,,,,0,,0
30.0931,1790252667.611993,0.0203,0,,,0.000,,,0.0000,0.0000,0.0000,0.0000,0.0000,-13.0000,,,,CHO,0.0000,-12.7646,0.0000,-12.8078,0.0000,0.0000,0.000,0.000,,0.0,,,,,,,0,,0
30.1135,1790252667.632490,0.0205,0,,,0.000,,,0.0000,0.0000,0.0000,0.0000,0.0000,-13.0000,,,,CHO,0.0000,-12.7646,0.0000,-12.8078,0.0000,0.0000,0.000,0.000,,0.0,,,,,,,0,,0
30.1339,1790252667.652666,0.0203,0,,,0.000,,,0.0000,0.0000,0.0000,0.0000,0.0000,-13.0000,,,,CHO,0.0000,-12.7646,0.0000,-12.8078,0.0000,0.0000,0.000,0.000,,0.0,,,,,,,0,,0
30.1542,1790252667.673093,0.0203,0,,,0.000,,,0.0000,0.0000,0.0000,0.0000,0.0000,-13.0000,,,,CHO,0.0000,-12.7646,0.0000,-12.8078,0.0000,0.0000,0.000,0.000,,0.0,,,,,,,0,,0
30.1746,1790252667.693367,0.0204,0,,,0.000,,,0.0000,0.0000,0.0000,0.0000,0.0000,-13.0000,,,,CHO,0.0000,-12.7646,0.0000,-12.8078,0.0000,0.0000,0.000,0.000,,0.0,,,,,,,0,,0
30.1954,1790252667.714136,0.0208,0,,,0.000,,,0.0000,0.0000,0.0000,0.0000,0.0000,-13.0000,,,,CHO,0.0000,-12.7646,0.0000,-12.8078,0.0000,0.0000,0.000,0.000,,0.0,,,,,,,0,,0
30.2156,1790252667.734352,0.0202,0,,,0.000,,,0.0000,0.0000,0.0000,0.0000,0.0000,-13.0000,,,,CHO,0.0000,-12.7646,0.0000,-12.8078,0.0000,0.0000,0.000,0.000,,0.0,,,,,,,0,,0
30.2363,1790252667.755063,0.0207,0,,,0.000,,,0.0000,0.0000,0.0000,0.0000,0.0000,-13.0000,,,,CHO,0.0000,-12.7646,0.0000,-12.8078,0.0000,0.0000,0.000,0.000,,0.0,,,,,,,0,,0
30.2569,1790252667.775713,0.0206,0,,,0.000,,,0.0000,0.0000,0.0000,0.0000,0.0000,-13.0000,,,,CHO,0.0000,-12.7646,0.0000,-12.8078,0.0000,0.0000,0.000,0.000,,0.0,,,,,,,0,,0
30.2770,1790252667.795806,0.0201,0,,,0.000,,,0.0000,0.0000,0.0000,0.0000,0.0000,-13.0000,,,,CHO,0.0000,-12.7646,0.0000,-12.8078,0.0000,0.0000,0.000,0.000,,0.0,,,,,,,0,,0
30.2971,1790252667.815856,0.0201,0,,,0.000,,,0.0000,0.0000,0.0000,0.0000,0.0000,-13.0000,,,,CHO,0.0000,-12.7646,0.0000,-12.8078,0.0000,0.0000,0.000,0.000,,0.0,,,,,,,0,,0
30.3176,1790252667.836334,0.0205,0,,,0.000,,,0.0000,0.0000,0.0000,0.0000,0.0000,-13.0000,,,,CHO,0.0000,-12.7646,0.0000,-12.8078,0.0000,0.0000,0.000,0.000,,0.0,,,,,,,0,,0
30.3384,1790252667.857200,0.0208,0,,,0.000,,,0.0000,0.0000,0.0000,0.0000,0.0000,-13.0000,,,,CHO,0.0000,-12.7646,0.0000,-12.8078,0.0000,0.0000,0.000,0.000,,0.0,,,,,,,0,,0
30.3593,1790252667.878085,0.0209,0,,,0.000,,,0.0000,0.0000,0.0000,0.0000,0.0000,-13.0000,,,,CHO,0.0000,-12.7646,0.0000,-12.8078,0.0000,0.0000,0.000,0.000,,0.0,,,,,,,0,,0
30.3796,1790252667.898535,0.0203,0,,,0.000,,,0.0000,0.0000,0.0000,0.0000,0.0000,-13.0000,,,,CHO,0.0000,-12.7646,0.0000,-12.8078,0.0000,0.0000,0.000,0.000,,0.0,,,,,,,0,,0
30.3998,1790252667.918731,0.0202,0,,,0.000,,,0.0000,0.0000,0.0000,0.0000,0.0000,-13.0000,,,,CHO,0.0000,-12.7646,0.0000,-12.8078,0.0000,0.0000,0.000,0.000,,0.0,,,,,,,0,,0
30.4204,1790252667.939126,0.0206,0,,,0.000,,,0.0000,0.0000,0.0000,0.0000,0.0000,-13.0000,,,,CHO,0.0000,-12.7646,0.0000,-12.8078,0.0000,0.0000,0.000,0.000,,0.0,,,,,,,0,,0
30.4407,1790252667.959599,0.0203,0,,,0.000,,,0.0000,0.0000,0.0000,0.0000,0.0000,-13.0000,,,,CHO,0.0000,-12.7646,0.0000,-12.8078,0.0000,0.0000,0.000,0.000,,0.0,,,,,,,0,,0
30.4611,1790252667.980084,0.0205,0,,,0.000,,,0.0000,0.0000,0.0000,0.0000,0.0000,-13.0000,,,,CHO,0.0000,-12.7646,0.0000,-12.8078,0.0000,0.0000,0.000,0.000,,0.0,,,,,,,0,,0
30.4814,1790252668.000201,0.0203,0,,,0.000,,,0.0000,0.0000,0.0000,0.0000,0.0000,-13.0000,,,,CHO,0.0000,-12.7646,0.0000,-12.8078,0.0000,0.0000,0.000,0.000,,0.0,,,,,,,0,,0
30.5016,1790252668.020425,0.0202,0,,,0.000,,,0.0000,0.0000,0.0000,0.0000,0.0000,-13.0000,,,,CHO,0.0000,-12.7646,0.0000,-12.8078,0.0000,0.0000,0.000,0.000,,0.0,,,,,,,0,,0
30.5221,1790252668.040711,0.0204,0,,,0.000,,,0.0000,0.0000,0.0000,0.0000,0.0000,-13.0000,,,,CHO,0.0000,-12.7646,0.0000,-12.8078,0.0000,0.0000,0.000,0.000,,0.0,,,,,,,0,,0
30.5425,1790252668.061312,0.0204,0,,,0.000,,,0.0000,0.0000,0.0000,0.0000,0.0000,-13.0000,,,,CHO,0.0000,-12.7646,0.0000,-12.8078,0.0000,0.0000,0.000,0.000,,0.0,,,,,,,0,,0
30.5627,1790252668.081491,0.0202,0,,,0.000,,,0.0000,0.0000,0.0000,0.0000,0.0000,-13.0000,,,,CHO,0.0000,-12.7646,0.0000,-12.8078,0.0000,0.0000,0.000,0.000,,0.0,,,,,,,0,,0
30.5835,1790252668.102231,0.0208,0,,,0.000,,,0.0000,0.0000,0.0000,0.0000,0.0000,-13.0000,,,,CHO,0.0000,-12.7646,0.0000,-12.8078,0.0000,0.0000,0.000,0.000,,0.0,,,,,,,0,,0
30.6039,1790252668.122653,0.0204,0,,,0.000,,,0.0000,0.0000,0.0000,0.0000,0.0000,-13.0000,,,,CHO,0.0000,-12.7646,0.0000,-12.8078,0.0000,0.0000,0.000,0.000,,0.0,,,,,,,0,,0
30.6244,1790252668.143180,0.0205,0,,,0.000,,,0.0000,0.0000,0.0000,0.0000,0.0000,-13.0000,,,,CHO,0.0000,-12.7646,0.0000,-12.8078,0.0000,0.0000,0.000,0.000,,0.0,,,,,,,0,,0
30.6451,1790252668.163953,0.0207,0,,,0.000,,,0.0000,0.0000,0.0000,0.0000,0.0000,-13.0000,,,,CHO,0.0000,-12.7646,0.0000,-12.8078,0.0000,0.0000,0.000,0.000,,0.0,,,,,,,0,,0
30.6657,1790252668.184647,0.0206,0,,,0.000,,,0.0000,0.0000,0.0000,0.0000,0.0000,-13.0000,,,,CHO,0.0000,-12.7646,0.0000,-12.8078,0.0000,0.0000,0.000,0.000,,0.0,,,,,,,0,,0
30.6862,1790252668.205093,0.0204,0,,,0.000,,,0.0000,0.0000,0.0000,0.0000,0.0000,-13.0000,,,,CHO,0.0000,-12.7646,0.0000,-12.8078,0.0000,0.0000,0.000,0.000,,0.0,,,,,,,0,,0
30.7068,1790252668.225616,0.0207,0,,,0.000,,,0.0000,0.0000,0.0000,0.0000,0.0000,-13.0000,,,,CHO,0.0000,-12.7646,0.0000,-12.8078,0.0000,0.0000,0.000,0.000,,0.0,,,,,,,0,,0
30.7271,1790252668.246068,0.0203,0,,,0.000,,,0.0000,0.0000,0.0000,0.0000,0.0000,-13.0000,,,,CHO,0.0000,-12.7646,0.0000,-12.8078,0.0000,0.0000,0.000,0.000,,0.0,,,,,,,0,,0
30.7472,1790252668.266015,0.0201,0,,,0.000,,,0.0000,0.0000,0.0000,0.0000,0.0000,-13.0000,,,,CHO,0.0000,-12.7646,0.0000,-12.8078,0.0000,0.0000,0.000,0.000,,0.0,,,,,,,0,,0
30.7675,1790252668.286451,0.0203,0,,,0.000,,,0.0000,0.0000,0.0000,0.0000,0.0000,-13.0000,,,,CHO,0.0000,-12.7646,0.0000,-12.8078,0.0000,0.0000,0.000,0.000,,0.0,,,,,,,0,,0
30.7878,1790252668.306583,0.0202,0,,,0.000,,,0.0000,0.0000,0.0000,0.0000,0.0000,-13.0000,,,,CHO,0.0000,-12.7646,0.0000,-12.8078,0.0000,0.0000,0.000,0.000,,0.0,,,,,,,0,,0
30.8083,1790252668.327235,0.0205,0,,,0.000,,,0.0000,0.0000,0.0000,0.0000,0.0000,-13.0000,,,,CHO,0.0000,-12.7646,0.0000,-12.8078,0.0000,0.0000,0.000,0.000,,0.0,,,,,,,0,,0
30.8287,1790252668.347446,0.0204,0,,,0.000,,,0.0000,0.0000,0.0000,0.0000,0.0000,-13.0000,,,,CHO,0.0000,-12.7646,0.0000,-12.8078,0.0000,0.0000,0.000,0.000,,0.0,,,,,,,0,,0
30.8492,1790252668.368001,0.0206,0,,,0.000,,,0.0000,0.0000,0.0000,0.0000,0.0000,-13.0000,,,,CHO,0.0000,-12.7646,0.0000,-12.8078,0.0000,0.0000,0.000,0.000,,0.0,,,,,,,0,,0
30.8693,1790252668.388037,0.0200,0,,,0.000,,,0.0000,0.0000,0.0000,0.0000,0.0000,-13.0000,,,,CHO,0.0000,-12.7646,0.0000,-12.8078,0.0000,0.0000,0.000,0.000,,0.0,,,,,,,0,,0
30.8894,1790252668.408298,0.0201,0,,,0.000,,,0.0000,0.0000,0.0000,0.0000,0.0000,-13.0000,,,,CHO,0.0000,-12.7646,0.0000,-12.8078,0.0000,0.0000,0.000,0.000,,0.0,,,,,,,0,,0
30.9095,1790252668.428374,0.0201,0,,,0.000,,,0.0000,0.0000,0.0000,0.0000,0.0000,-13.0000,,,,CHO,0.0000,-12.7646,0.0000,-12.8078,0.0000,0.0000,0.000,0.000,,0.0,,,,,,,0,,0
30.9301,1790252668.449074,0.0206,0,,,0.000,,,0.0000,0.0000,0.0000,0.0000,0.0000,-13.0000,,,,CHO,0.0000,-12.7646,0.0000,-12.8078,0.0000,0.0000,0.000,0.000,,0.0,,,,,,,0,,0
30.9502,1790252668.468906,0.0200,0,,,0.000,,,0.0000,0.0000,0.0000,0.0000,0.0000,-13.0000,,,,CHO,0.0000,-12.7646,0.0000,-12.8078,0.0000,0.0000,0.000,0.000,,0.0,,,,,,,0,,0
30.9702,1790252668.488985,0.0201,0,,,0.000,,,0.0000,0.0000,0.0000,0.0000,0.0000,-13.0000,,,,CHO,0.0000,-12.7646,0.0000,-12.8078,0.0000,0.0000,0.000,0.000,,0.0,,,,,,,0,,0
30.9909,1790252668.509743,0.0207,0,,,0.000,,,0.0000,0.0000,0.0000,0.0000,0.0000,-13.0000,,,,CHO,0.0000,-12.7646,0.0000,-12.8078,0.0000,0.0000,0.000,0.000,,0.0,,,,,,,0,,0
31.0116,1790252668.530486,0.0207,0,,,0.000,,,0.0000,0.0000,0.0000,0.0000,0.0000,-13.0000,,,,CHO,0.0000,-12.7646,0.0000,-12.8078,0.0000,0.0000,0.000,0.000,,0.0,,,,,,,0,,0
31.0316,1790252668.550423,0.0201,0,,,0.000,,,0.0000,0.0000,0.0000,0.0000,0.0000,-13.0000,,,,CHO,0.0000,-12.7646,0.0000,-12.8078,0.0000,0.0000,0.000,0.000,,0.0,,,,,,,0,,0
31.0519,1790252668.570723,0.0203,0,,,0.000,,,0.0000,0.0000,0.0000,0.0000,0.0000,-13.0000,,,,CHO,0.0000,-12.7646,0.0000,-12.8078,0.0000,0.0000,0.000,0.000,,0.0,,,,,,,0,,0
31.0726,1790252668.591418,0.0207,0,,,0.000,,,0.0000,0.0000,0.0000,0.0000,0.0000,-13.0000,,,,CHO,0.0000,-12.7646,0.0000,-12.8078,0.0000,0.0000,0.000,0.000,,0.0,,,,,,,0,,0
31.0929,1790252668.611882,0.0203,0,,,0.000,,,0.0000,0.0000,0.0000,0.0000,0.0000,-13.0000,,,,CHO,0.0000,-12.7646,0.0000,-12.8078,0.0000,0.0000,0.000,0.000,,0.0,,,,,,,0,,0
31.1134,1790252668.632245,0.0205,0,,,0.000,,,0.0000,0.0000,0.0000,0.0000,0.0000,-13.0000,,,,CHO,0.0000,-12.7646,0.0000,-12.8078,0.0000,0.0000,0.000,0.000,,0.0,,,,,,,0,,0
31.1339,1790252668.652648,0.0204,0,,,0.000,,,0.0000,0.0000,0.0000,0.0000,0.0000,-13.0000,,,,CHO,0.0000,-12.7646,0.0000,-12.8078,0.0000,0.0000,0.000,0.000,,0.0,,,,,,,0,,0
31.1542,1790252668.672986,0.0203,0,,,0.000,,,0.0000,0.0000,0.0000,0.0000,0.0000,-13.0000,,,,CHO,0.0000,-12.7646,0.0000,-12.8078,0.0000,0.0000,0.000,0.000,,0.0,,,,,,,0,,0
31.1748,1790252668.693616,0.0206,0,,,0.000,,,0.0000,0.0000,0.0000,0.0000,0.0000,-13.0000,,,,CHO,0.0000,-12.7646,0.0000,-12.8078,0.0000,0.0000,0.000,0.000,,0.0,,,,,,,0,,0
31.1950,1790252668.713997,0.0202,0,,,0.000,,,0.0000,0.0000,0.0000,0.0000,0.0000,-13.0000,,,,CHO,0.0000,-12.7646,0.0000,-12.8078,0.0000,0.0000,0.000,0.000,,0.0,,,,,,,0,,0
31.2161,1790252668.735006,0.0210,0,,,0.000,,,0.0000,0.0000,0.0000,0.0000,0.0000,-13.0000,,,,CHO,0.0000,-12.7646,0.0000,-12.8078,0.0000,0.0000,0.000,0.000,,0.0,,,,,,,0,,0
31.2367,1790252668.755483,0.0206,0,,,0.000,,,0.0000,0.0000,0.0000,0.0000,0.0000,-13.0000,,,,CHO,0.0000,-12.7646,0.0000,-12.8078,0.0000,0.0000,0.000,0.000,,0.0,,,,,,,0,,0
31.2573,1790252668.776162,0.0206,0,,,0.000,,,0.0000,0.0000,0.0000,0.0000,0.0000,-13.0000,,,,CHO,0.0000,-12.7646,0.0000,-12.8078,0.0000,0.0000,0.000,0.000,,0.0,,,,,,,0,,0
31.2775,1790252668.796233,0.0201,0,,,0.000,,,0.0000,0.0000,0.0000,0.0000,0.0000,-13.0000,,,,CHO,0.0000,-12.7646,0.0000,-12.8078,0.0000,0.0000,0.000,0.000,,0.0,,,,,,,0,,0
31.2981,1790252668.817061,0.0206,0,,,0.000,,,0.0000,0.0000,0.0000,0.0000,0.0000,-13.0000,,,,CHO,0.0000,-12.7646,0.0000,-12.8078,0.0000,0.0000,0.000,0.000,,0.0,,,,,,,0,,0
31.3184,1790252668.837308,0.0202,0,,,0.000,,,0.0000,0.0000,0.0000,0.0000,0.0000,-13.0000,,,,CHO,0.0000,-12.7646,0.0000,-12.8078,0.0000,0.0000,0.000,0.000,,0.0,,,,,,,0,,0
31.3391,1790252668.857885,0.0207,0,,,0.000,,,0.0000,0.0000,0.0000,0.0000,0.0000,-13.0000,,,,CHO,0.0000,-12.7646,0.0000,-12.8078,0.0000,0.0000,0.000,0.000,,0.0,,,,,,,0,,0
31.3592,1790252668.878186,0.0202,0,,,0.000,,,0.0000,0.0000,0.0000,0.0000,0.0000,-13.0000,,,,CHO,0.0000,-12.7646,0.0000,-12.8078,0.0000,0.0000,0.000,0.000,,0.0,,,,,,,0,,0
31.3795,1790252668.898432,0.0202,0,,,0.000,,,0.0000,0.0000,0.0000,0.0000,0.0000,-13.0000,,,,CHO,0.0000,-12.7646,0.0000,-12.8078,0.0000,0.0000,0.000,0.000,,0.0,,,,,,,0,,0
31.3999,1790252668.918751,0.0204,0,,,0.000,,,0.0000,0.0000,0.0000,0.0000,0.0000,-13.0000,,,,CHO,0.0000,-12.7646,0.0000,-12.8078,0.0000,0.0000,0.000,0.000,,0.0,,,,,,,0,,0
31.4200,1790252668.938809,0.0201,0,,,0.000,,,0.0000,0.0000,0.0000,0.0000,0.0000,-13.0000,,,,CHO,0.0000,-12.7646,0.0000,-12.8078,0.0000,0.0000,0.000,0.000,,0.0,,,,,,,0,,0
31.4400,1790252668.958834,0.0200,0,,,0.000,,,0.0000,0.0000,0.0000,0.0000,0.0000,-13.0000,,,,CHO,0.0000,-12.7646,0.0000,-12.8078,0.0000,0.0000,0.000,0.000,,0.0,,,,,,,0,,0
31.4600,1790252668.978900,0.0201,0,,,0.000,,,0.0000,0.0000,0.0000,0.0000,0.0000,-13.0000,,,,CHO,0.0000,-12.7646,0.0000,-12.8078,0.0000,0.0000,0.000,0.000,,0.0,,,,,,,0,,0
31.4806,1790252668.999515,0.0205,0,,,0.000,,,0.0000,0.0000,0.0000,0.0000,0.0000,-13.0000,,,,CHO,0.0000,-12.7646,0.0000,-12.8078,0.0000,0.0000,0.000,0.000,,0.0,,,,,,,0,,0
31.5006,1790252669.019472,0.0200,0,,,0.000,,,0.0000,0.0000,0.0000,0.0000,0.0000,-13.0000,,,,CHO,0.0000,-12.7646,0.0000,-12.8078,0.0000,0.0000,0.000,0.000,,0.0,,,,,,,0,,0
31.5212,1790252669.039950,0.0206,0,,,0.000,,,0.0000,0.0000,0.0000,0.0000,0.0000,-13.0000,,,,CHO,0.0000,-12.7646,0.0000,-12.8078,0.0000,0.0000,0.000,0.000,,0.0,,,,,,,0,,0
31.5413,1790252669.060131,0.0201,0,,,0.000,,,0.0000,0.0000,0.0000,0.0000,0.0000,-13.0000,,,,CHO,0.0000,-12.7646,0.0000,-12.8078,0.0000,0.0000,0.000,0.000,,0.0,,,,,,,0,,0
31.5614,1790252669.080365,0.0201,0,,,0.000,,,0.0000,0.0000,0.0000,0.0000,0.0000,-13.0000,,,,CHO,0.0000,-12.7646,0.0000,-12.8078,0.0000,0.0000,0.000,0.000,,0.0,,,,,,,0,,0
31.5815,1790252669.100459,0.0201,0,,,0.000,,,0.0000,0.0000,0.0000,0.0000,0.0000,-13.0000,,,,CHO,0.0000,-12.7646,0.0000,-12.8078,0.0000,0.0000,0.000,0.000,,0.0,,,,,,,0,,0
31.6016,1790252669.120501,0.0200,0,,,0.000,,,0.0000,0.0000,0.0000,0.0000,0.0000,-13.0000,,,,CHO,0.0000,-12.7646,0.0000,-12.8078,0.0000,0.0000,0.000,0.000,,0.0,,,,,,,0,,0
31.6220,1790252669.140748,0.0204,0,,,0.000,,,0.0000,0.0000,0.0000,0.0000,0.0000,-13.0000,,,,CHO,0.0000,-12.7646,0.0000,-12.8078,0.0000,0.0000,0.000,0.000,,0.0,,,,,,,0,,0
31.6423,1790252669.161113,0.0203,0,,,0.000,,,0.0000,0.0000,0.0000,0.0000,0.0000,-13.0000,,,,CHO,0.0000,-12.7646,0.0000,-12.8078,0.0000,0.0000,0.000,0.000,,0.0,,,,,,,0,,0
31.6626,1790252669.181386,0.0203,0,,,0.000,,,0.0000,0.0000,0.0000,0.0000,0.0000,-13.0000,,,,CHO,0.0000,-12.7646,0.0000,-12.8078,0.0000,0.0000,0.000,0.000,,0.0,,,,,,,0,,0
31.6840,1790252669.202794,0.0214,0,,,0.000,,,0.0000,0.0000,0.0000,0.0000,0.0000,-13.0000,,,,CHO,0.0000,-12.7646,0.0000,-12.8078,0.0000,0.0000,0.000,0.000,,0.0,,,,,,,0,,0
31.7044,1790252669.223208,0.0205,0,,,0.000,,,0.0000,0.0000,0.0000,0.0000,0.0000,-13.0000,,,,CHO,0.0000,-12.7646,0.0000,-12.8078,0.0000,0.0000,0.000,0.000,,0.0,,,,,,,0,,0
31.7246,1790252669.243507,0.0202,0,,,0.000,,,0.0000,0.0000,0.0000,0.0000,0.0000,-13.0000,,,,CHO,0.0000,-12.7646,0.0000,-12.8078,0.0000,0.0000,0.000,0.000,,0.0,,,,,,,0,,0
31.7450,1790252669.263876,0.0204,0,,,0.000,,,0.0000,0.0000,0.0000,0.0000,0.0000,-13.0000,,,,CHO,0.0000,-12.7646,0.0000,-12.8078,0.0000,0.0000,0.000,0.000,,0.0,,,,,,,0,,0
31.7655,1790252669.284242,0.0204,0,,,0.000,,,0.0000,0.0000,0.0000,0.0000,0.0000,-13.0000,,,,CHO,0.0000,-12.7646,0.0000,-12.8078,0.0000,0.0000,0.000,0.000,,0.0,,,,,,,0,,0
31.7859,1790252669.304701,0.0204,0,,,0.000,,,0.0000,0.0000,0.0000,0.0000,0.0000,-13.0000,,,,CHO,0.0000,-12.7646,0.0000,-12.8078,0.0000,0.0000,0.000,0.000,,0.0,,,,,,,0,,0
31.8065,1790252669.324914,0.0206,0,,,0.000,,,0.0000,0.0000,0.0000,0.0000,0.0000,-13.0000,,,,CHO,0.0000,-12.7646,0.0000,-12.8078,0.0000,0.0000,0.000,0.000,,0.0,,,,,,,0,,0
31.8271,1790252669.346034,0.0206,0,,,0.000,,,0.0000,0.0000,0.0000,0.0000,0.0000,-13.0000,,,,CHO,0.0000,-12.7646,0.0000,-12.8078,0.0000,0.0000,0.000,0.000,,0.0,,,,,,,0,,0
31.8477,1790252669.366609,0.0206,0,,,0.000,,,0.0000,0.0000,0.0000,0.0000,0.0000,-13.0000,,,,CHO,0.0000,-12.7646,0.0000,-12.8078,0.0000,0.0000,0.000,0.000,,0.0,,,,,,,0,,0
31.8678,1790252669.386739,0.0201,0,,,0.000,,,0.0000,0.0000,0.0000,0.0000,0.0000,-13.0000,,,,CHO,0.0000,-12.7646,0.0000,-12.8078,0.0000,0.0000,0.000,0.000,,0.0,,,,,,,0,,0
31.8883,1790252669.407054,0.0205,0,,,0.000,,,0.0000,0.0000,0.0000,0.0000,0.0000,-13.0000,,,,CHO,0.0000,-12.7646,0.0000,-12.8078,0.0000,0.0000,0.000,0.000,,0.0,,,,,,,0,,0
31.9083,1790252669.427149,0.0200,0,,,0.000,,,0.0000,0.0000,0.0000,0.0000,0.0000,-13.0000,,,,CHO,0.0000,-12.7646,0.0000,-12.8078,0.0000,0.0000,0.000,0.000,,0.0,,,,,,,0,,0
31.9285,1790252669.447226,0.0202,0,,,0.000,,,0.0000,0.0000,0.0000,0.0000,0.0000,-13.0000,,,,CHO,0.0000,-12.7646,0.0000,-12.8078,0.0000,0.0000,0.000,0.000,,0.0,,,,,,,0,,0
31.9487,1790252669.467449,0.0202,0,,,0.000,,,0.0000,0.0000,0.0000,0.0000,0.0000,-13.0000,,,,CHO,0.0000,-12.7646,0.0000,-12.8078,0.0000,0.0000,0.000,0.000,,0.0,,,,,,,0,,0
31.9687,1790252669.487643,0.0201,0,,,0.000,,,0.0000,0.0000,0.0000,0.0000,0.0000,-13.0000,,,,CHO,0.0000,-12.7646,0.0000,-12.8078,0.0000,0.0000,0.000,0.000,,0.0,,,,,,,0,,0
31.9892,1790252669.507968,0.0205,0,,,0.000,,,0.0000,0.0000,0.0000,0.0000,0.0000,-13.0000,,,,CHO,0.0000,-12.7646,0.0000,-12.8078,0.0000,0.0000,0.000,0.000,,0.0,,,,,,,0,,0
32.0097,1790252669.528442,0.0205,0,,,0.000,,,0.0000,0.0000,0.0000,0.0000,0.0000,-13.0000,,,,CHO,0.0000,-12.7646,0.0000,-12.8078,0.0000,0.0000,0.000,0.000,,0.0,,,,,,,0,,0
32.0299,1790252669.548646,0.0202,0,,,0.000,,,0.0000,0.0000,0.0000,0.0000,0.0000,-13.0000,,,,CHO,0.0000,-12.7646,0.0000,-12.8078,0.0000,0.0000,0.000,0.000,,0.0,,,,,,,0,,0
32.0503,1790252669.569132,0.0205,0,,,0.000,,,0.0000,0.0000,0.0000,0.0000,0.0000,-13.0000,,,,CHO,0.0000,-12.7646,0.0000,-12.8078,0.0000,0.0000,0.000,0.000,,0.0,,,,,,,0,,0
32.0708,1790252669.589699,0.0204,0,,,0.000,,,0.0000,0.0000,0.0000,0.0000,0.0000,-13.0000,,,,CHO,0.0000,-12.7646,0.0000,-12.8078,0.0000,0.0000,0.000,0.000,,0.0,,,,,,,0,,0
32.0911,1790252669.609922,0.0204,0,,,0.000,,,0.0000,0.0000,0.0000,0.0000,0.0000,-13.0000,,,,CHO,0.0000,-12.7646,0.0000,-12.8078,0.0000,0.0000,0.000,0.000,,0.0,,,,,,,0,,0
32.1116,1790252669.630450,0.0205,0,,,0.000,,,0.0000,0.0000,0.0000,0.0000,0.0000,-13.0000,,,,CHO,0.0000,-12.7646,0.0000,-12.8078,0.0000,0.0000,0.000,0.000,,0.0,,,,,,,0,,0
32.1319,1790252669.650802,0.0203,0,,,0.000,,,0.0000,0.0000,0.0000,0.0000,0.0000,-13.0000,,,,CHO,0.0000,-12.7646,0.0000,-12.8078,0.0000,0.0000,0.000,0.000,,0.0,,,,,,,0,,0
32.1521,1790252669.670905,0.0202,0,,,0.000,,,0.0000,0.0000,0.0000,0.0000,0.0000,-13.0000,,,,CHO,0.0000,-12.7646,0.0000,-12.8078,0.0000,0.0000,0.000,0.000,,0.0,,,,,,,0,,0
32.1729,1790252669.691674,0.0208,0,,,0.000,,,0.0000,0.0000,0.0000,0.0000,0.0000,-13.0000,,,,CHO,0.0000,-12.7646,0.0000,-12.8078,0.0000,0.0000,0.000,0.000,,0.0,,,,,,,0,,0
32.1935,1790252669.712300,0.0206,0,,,0.000,,,0.0000,0.0000,0.0000,0.0000,0.0000,-13.0000,,,,CHO,0.0000,-12.7646,0.0000,-12.8078,0.0000,0.0000,0.000,0.000,,0.0,,,,,,,0,,0
32.2135,1790252669.732317,0.0200,0,,,0.000,,,0.0000,0.0000,0.0000,0.0000,0.0000,-13.0000,,,,CHO,0.0000,-12.7646,0.0000,-12.8078,0.0000,0.0000,0.000,0.000,,0.0,,,,,,,0,,0
32.2345,1790252669.753275,0.0209,0,,,0.000,,,0.0000,0.0000,0.0000,0.0000,0.0000,-13.0000,,,,CHO,0.0000,-12.7646,0.0000,-12.8078,0.0000,0.0000,0.000,0.000,,0.0,,,,,,,0,,0
32.2548,1790252669.773495,0.0203,0,,,0.000,,,0.0000,0.0000,0.0000,0.0000,0.0000,-13.0000,,,,CHO,0.0000,-12.7646,0.0000,-12.8078,0.0000,0.0000,0.000,0.000,,0.0,,,,,,,0,,0
32.2749,1790252669.793727,0.0201,0,,,0.000,,,0.0000,0.0000,0.0000,0.0000,0.0000,-13.0000,,,,CHO,0.0000,-12.7646,0.0000,-12.8078,0.0000,0.0000,0.000,0.000,,0.0,,,,,,,0,,0
32.2950,1790252669.813776,0.0201,0,,,0.000,,,0.0000,0.0000,0.0000,0.0000,0.0000,-13.0000,,,,CHO,0.0000,-12.7646,0.0000,-12.8078,0.0000,0.0000,0.000,0.000,,0.0,,,,,,,0,,0
32.3150,1790252669.833809,0.0201,0,,,0.000,,,0.0000,0.0000,0.0000,0.0000,0.0000,-13.0000,,,,CHO,0.0000,-12.7646,0.0000,-12.8078,0.0000,0.0000,0.000,0.000,,0.0,,,,,,,0,,0
32.3354,1790252669.854368,0.0204,0,,,0.000,,,0.0000,0.0000,0.0000,0.0000,0.0000,-13.0000,,,,CHO,0.0000,-12.7646,0.0000,-12.8078,0.0000,0.0000,0.000,0.000,,0.0,,,,,,,0,,0
32.3558,1790252669.874598,0.0203,0,,,0.000,,,0.0000,0.0000,0.0000,0.0000,0.0000,-13.0000,,,,CHO,0.0000,-12.7646,0.0000,-12.8078,0.0000,0.0000,0.000,0.000,,0.0,,,,,,,0,,0
32.3763,1790252669.895152,0.0206,0,,,0.000,,,0.0000,0.0000,0.0000,0.0000,0.0000,-13.0000,,,,CHO,0.0000,-12.7646,0.0000,-12.8078,0.0000,0.0000,0.000,0.000,,0.0,,,,,,,0,,0
32.3968,1790252669.915640,0.0204,0,,,0.000,,,0.0000,0.0000,0.0000,0.0000,0.0000,-13.0000,,,,CHO,0.0000,-12.7646,0.0000,-12.8078,0.0000,0.0000,0.000,0.000,,0.0,,,,,,,0,,0
32.4170,1790252669.935957,0.0202,0,,,0.000,,,0.0000,0.0000,0.0000,0.0000,0.0000,-13.0000,,,,CHO,0.0000,-12.7646,0.0000,-12.8078,0.0000,0.0000,0.000,0.000,,0.0,,,,,,,0,,0
32.4375,1790252669.956342,0.0205,0,,,0.000,,,0.0000,0.0000,0.0000,0.0000,0.0000,-13.0000,,,,CHO,0.0000,-12.7646,0.0000,-12.8078,0.0000,0.0000,0.000,0.000,,0.0,,,,,,,0,,0
32.4583,1790252669.977240,0.0208,0,,,0.000,,,0.0000,0.0000,0.0000,0.0000,0.0000,-13.0000,,,,CHO,0.0000,-12.7646,0.0000,-12.8078,0.0000,0.0000,0.000,0.000,,0.0,,,,,,,0,,0
32.4785,1790252669.997227,0.0202,0,,,0.000,,,0.0000,0.0000,0.0000,0.0000,0.0000,-13.0000,,,,CHO,0.0000,-12.7646,0.0000,-12.8078,0.0000,0.0000,0.000,0.000,,0.0,,,,,,,0,,0
32.4986,1790252670.017336,0.0201,0,,,0.000,,,0.0000,0.0000,0.0000,0.0000,0.0000,-13.0000,,,,CHO,0.0000,-12.7646,0.0000,-12.8078,0.0000,0.0000,0.000,0.000,,0.0,,,,,,,0,,0
32.5188,1790252670.037533,0.0202,0,,,0.000,,,0.0000,0.0000,0.0000,0.0000,0.0000,-13.0000,,,,CHO,0.0000,-12.7646,0.0000,-12.8078,0.0000,0.0000,0.000,0.000,,0.0,,,,,,,0,,0
32.5392,1790252670.058143,0.0204,0,,,0.000,,,0.0000,0.0000,0.0000,0.0000,0.0000,-13.0000,,,,CHO,0.0000,-12.7646,0.0000,-12.8078,0.0000,0.0000,0.000,0.000,,0.0,,,,,,,0,,0
32.5596,1790252670.078409,0.0204,0,,,0.000,,,0.0000,0.0000,0.0000,0.0000,0.0000,-13.0000,,,,CHO,0.0000,-12.7646,0.0000,-12.8078,0.0000,0.0000,0.000,0.000,,0.0,,,,,,,0,,0
32.5797,1790252670.098658,0.0201,0,,,0.000,,,0.0000,0.0000,0.0000,0.0000,0.0000,-13.0000,,,,CHO,0.0000,-12.7646,0.0000,-12.8078,0.0000,0.0000,0.000,0.000,,0.0,,,,,,,0,,0
32.6001,1790252670.118900,0.0204,0,,,0.000,,,0.0000,0.0000,0.0000,0.0000,0.0000,-13.0000,,,,CHO,0.0000,-12.7646,0.0000,-12.8078,0.0000,0.0000,0.000,0.000,,0.0,,,,,,,0,,0
32.6203,1790252670.139114,0.0202,0,,,0.000,,,0.0000,0.0000,0.0000,0.0000,0.0000,-13.0000,,,,CHO,0.0000,-12.7646,0.0000,-12.8078,0.0000,0.0000,0.000,0.000,,0.0,,,,,,,0,,0
32.6408,1790252670.159716,0.0205,0,,,0.000,,,0.0000,0.0000,0.0000,0.0000,0.0000,-13.0000,,,,CHO,0.0000,-12.7646,0.0000,-12.8078,0.0000,0.0000,0.000,0.000,,0.0,,,,,,,0,,0
32.6611,1790252670.179968,0.0203,0,,,0.000,,,0.0000,0.0000,0.0000,0.0000,0.0000,-13.0000,,,,CHO,0.0000,-12.7646,0.0000,-12.8078,0.0000,0.0000,0.000,0.000,,0.0,,,,,,,0,,0
32.6817,1790252670.200460,0.0205,0,,,0.000,,,0.0000,0.0000,0.0000,0.0000,0.0000,-13.0000,,,,CHO,0.0000,-12.7646,0.0000,-12.8078,0.0000,0.0000,0.000,0.000,,0.0,,,,,,,0,,0
32.7021,1790252670.221042,0.0204,0,,,0.000,,,0.0000,0.0000,0.0000,0.0000,0.0000,-13.0000,,,,CHO,0.0000,-12.7646,0.0000,-12.8078,0.0000,0.0000,0.000,0.000,,0.0,,,,,,,0,,0
32.7222,1790252670.241111,0.0201,0,,,0.000,,,0.0000,0.0000,0.0000,0.0000,0.0000,-13.0000,,,,CHO,0.0000,-12.7646,0.0000,-12.8078,0.0000,0.0000,0.000,0.000,,0.0,,,,,,,0,,0
32.7422,1790252670.260968,0.0200,0,,,0.000,,,0.0000,0.0000,0.0000,0.0000,0.0000,-13.0000,,,,CHO,0.0000,-12.7646,0.0000,-12.8078,0.0000,0.0000,0.000,0.000,,0.0,,,,,,,0,,0
32.7627,1790252670.281666,0.0205,0,,,0.000,,,0.0000,0.0000,0.0000,0.0000,0.0000,-13.0000,,,,CHO,0.0000,-12.7646,0.0000,-12.8078,0.0000,0.0000,0.000,0.000,,0.0,,,,,,,0,,0
32.7829,1790252670.301872,0.0202,0,,,0.000,,,0.0000,0.0000,0.0000,0.0000,0.0000,-13.0000,,,,CHO,0.0000,-12.7646,0.0000,-12.8078,0.0000,0.0000,0.000,0.000,,0.0,,,,,,,0,,0
32.8036,1790252670.322420,0.0206,0,,,0.000,,,0.0000,0.0000,0.0000,0.0000,0.0000,-13.0000,,,,CHO,0.0000,-12.7646,0.0000,-12.8078,0.0000,0.0000,0.000,0.000,,0.0,,,,,,,0,,0
32.8237,1790252670.342612,0.0201,0,,,0.000,,,0.0000,0.0000,0.0000,0.0000,0.0000,-13.0000,,,,CHO,0.0000,-12.7646,0.0000,-12.8078,0.0000,0.0000,0.000,0.000,,0.0,,,,,,,0,,0
32.8443,1790252670.363233,0.0206,0,,,0.000,,,0.0000,0.0000,0.0000,0.0000,0.0000,-13.0000,,,,CHO,0.0000,-12.7646,0.0000,-12.8078,0.0000,0.0000,0.000,0.000,,0.0,,,,,,,0,,0
32.8647,1790252670.383657,0.0204,0,,,0.000,,,0.0000,0.0000,0.0000,0.0000,0.0000,-13.0000,,,,CHO,0.0000,-12.7646,0.0000,-12.8078,0.0000,0.0000,0.000,0.000,,0.0,,,,,,,0,,0
32.8850,1790252670.403726,0.0203,0,,,0.000,,,0.0000,0.0000,0.0000,0.0000,0.0000,-13.0000,,,,CHO,0.0000,-12.7646,0.0000,-12.8078,0.0000,0.0000,0.000,0.000,,0.0,,,,,,,0,,0
32.9051,1790252670.423849,0.0201,0,,,0.000,,,0.0000,0.0000,0.0000,0.0000,0.0000,-13.0000,,,,CHO,0.0000,-12.7646,0.0000,-12.8078,0.0000,0.0000,0.000,0.000,,0.0,,,,,,,0,,0
32.9257,1790252670.444450,0.0206,0,,,0.000,,,0.0000,0.0000,0.0000,0.0000,0.0000,-13.0000,,,,CHO,0.0000,-12.7646,0.0000,-12.8078,0.0000,0.0000,0.000,0.000,,0.0,,,,,,,0,,0
32.9459,1790252670.464761,0.0202,0,,,0.000,,,0.0000,0.0000,0.0000,0.0000,0.0000,-13.0000,,,,CHO,0.0000,-12.7646,0.0000,-12.8078,0.0000,0.0000,0.000,0.000,,0.0,,,,,,,0,,0
32.9661,1790252670.484882,0.0203,0,,,0.000,,,0.0000,0.0000,0.0000,0.0000,0.0000,-13.0000,,,,CHO,0.0000,-12.7646,0.0000,-12.8078,0.0000,0.0000,0.000,0.000,,0.0,,,,,,,0,,0
32.9867,1790252670.505484,0.0206,0,,,0.000,,,0.0000,0.0000,0.0000,0.0000,0.0000,-13.0000,,,,CHO,0.0000,-12.7646,0.0000,-12.8078,0.0000,0.0000,0.000,0.000,,0.0,,,,,,,0,,0
33.0068,1790252670.525647,0.0200,0,,,0.000,,,0.0000,0.0000,0.0000,0.0000,0.0000,-13.0000,,,,CHO,0.0000,-12.7646,0.0000,-12.8078,0.0000,0.0000,0.000,0.000,,0.0,,,,,,,0,,0
33.0275,1790252670.546293,0.0208,0,,,0.000,,,0.0000,0.0000,0.0000,0.0000,0.0000,-13.0000,,,,CHO,0.0000,-12.7646,0.0000,-12.8078,0.0000,0.0000,0.000,0.000,,0.0,,,,,,,0,,0
33.0481,1790252670.566804,0.0205,0,,,0.000,,,0.0000,0.0000,0.0000,0.0000,0.0000,-13.0000,,,,CHO,0.0000,-12.7646,0.0000,-12.8078,0.0000,0.0000,0.000,0.000,,0.0,,,,,,,0,,0
33.0681,1790252670.586907,0.0201,0,,,0.000,,,0.0000,0.0000,0.0000,0.0000,0.0000,-13.0000,,,,CHO,0.0000,-12.7646,0.0000,-12.8078,0.0000,0.0000,0.000,0.000,,0.0,,,,,,,0,,0
33.0886,1790252670.607497,0.0205,0,,,0.000,,,0.0000,0.0000,0.0000,0.0000,0.0000,-13.0000,,,,CHO,0.0000,-12.7646,0.0000,-12.8078,0.0000,0.0000,0.000,0.000,,0.0,,,,,,,0,,0
33.1091,1790252670.627843,0.0204,0,,,0.000,,,0.0000,0.0000,0.0000,0.0000,0.0000,-13.0000,,,,CHO,0.0000,-12.7646,0.0000,-12.8078,0.0000,0.0000,0.000,0.000,,0.0,,,,,,,0,,0
33.1296,1790252670.648501,0.0205,0,,,0.000,,,0.0000,0.0000,0.0000,0.0000,0.0000,-13.0000,,,,CHO,0.0000,-12.7646,0.0000,-12.8078,0.0000,0.0000,0.000,0.000,,0.0,,,,,,,0,,0
33.1496,1790252670.668548,0.0201,0,,,0.000,,,0.0000,0.0000,0.0000,0.0000,0.0000,-13.0000,,,,CHO,0.0000,-12.7646,0.0000,-12.8078,0.0000,0.0000,0.000,0.000,,0.0,,,,,,,0,,0
33.1702,1790252670.688941,0.0205,0,,,0.000,,,0.0000,0.0000,0.0000,0.0000,0.0000,-13.0000,,,,CHO,0.0000,-12.7646,0.0000,-12.8078,0.0000,0.0000,0.000,0.000,,0.0,,,,,,,0,,0
33.1902,1790252670.709084,0.0200,0,,,0.000,,,0.0000,0.0000,0.0000,0.0000,0.0000,-13.0000,,,,CHO,0.0000,-12.7646,0.0000,-12.8078,0.0000,0.0000,0.000,0.000,,0.0,,,,,,,0,,0
33.2103,1790252670.729110,0.0201,0,,,0.000,,,0.0000,0.0000,0.0000,0.0000,0.0000,-13.0000,,,,CHO,0.0000,-12.7646,0.0000,-12.8078,0.0000,0.0000,0.000,0.000,,0.0,,,,,,,0,,0
33.2306,1790252670.749314,0.0203,0,,,0.000,,,0.0000,0.0000,0.0000,0.0000,0.0000,-13.0000,,,,CHO,0.0000,-12.7646,0.0000,-12.8078,0.0000,0.0000,0.000,0.000,,0.0,,,,,,,0,,0
33.2508,1790252670.769626,0.0202,0,,,0.000,,,0.0000,0.0000,0.0000,0.0000,0.0000,-13.0000,,,,CHO,0.0000,-12.7646,0.0000,-12.8078,0.0000,0.0000,0.000,0.000,,0.0,,,,,,,0,,0
33.2712,1790252670.789983,0.0204,0,,,0.000,,,0.0000,0.0000,0.0000,0.0000,0.0000,-13.0000,,,,CHO,0.0000,-12.7646,0.0000,-12.8078,0.0000,0.0000,0.000,0.000,,0.0,,,,,,,0,,0
33.2918,1790252670.810656,0.0206,0,,,0.000,,,0.0000,0.0000,0.0000,0.0000,0.0000,-13.0000,,,,CHO,0.0000,-12.7646,0.0000,-12.8078,0.0000,0.0000,0.000,0.000,,0.0,,,,,,,0,,0
33.3124,1790252670.831154,0.0206,0,,,0.000,,,0.0000,0.0000,0.0000,0.0000,0.0000,-13.0000,,,,CHO,0.0000,-12.7646,0.0000,-12.8078,0.0000,0.0000,0.000,0.000,,0.0,,,,,,,0,,0
33.3327,1790252670.851659,0.0203,0,,,0.000,,,0.0000,0.0000,0.0000,0.0000,0.0000,-13.0000,,,,CHO,0.0000,-12.7646,0.0000,-12.8078,0.0000,0.0000,0.000,0.000,,0.0,,,,,,,0,,0
33.3527,1790252670.871611,0.0200,0,,,0.000,,,0.0000,0.0000,0.0000,0.0000,0.0000,-13.0000,,,,CHO,0.0000,-12.7646,0.0000,-12.8078,0.0000,0.0000,0.000,0.000,,0.0,,,,,,,0,,0
33.3731,1790252670.891993,0.0203,0,,,0.000,,,0.0000,0.0000,0.0000,0.0000,0.0000,-13.0000,,,,CHO,0.0000,-12.7646,0.0000,-12.8078,0.0000,0.0000,0.000,0.000,,0.0,,,,,,,0,,0
33.3932,1790252670.912014,0.0201,0,,,0.000,,,0.0000,0.0000,0.0000,0.0000,0.0000,-13.0000,,,,CHO,0.0000,-12.7646,0.0000,-12.8078,0.0000,0.0000,0.000,0.000,,0.0,,,,,,,0,,0
33.4137,1790252670.932607,0.0205,0,,,0.000,,,0.0000,0.0000,0.0000,0.0000,0.0000,-13.0000,,,,CHO,0.0000,-12.7646,0.0000,-12.8078,0.0000,0.0000,0.000,0.000,,0.0,,,,,,,0,,0
33.4341,1790252670.953082,0.0205,0,,,0.000,,,0.0000,0.0000,0.0000,0.0000,0.0000,-13.0000,,,,CHO,0.0000,-12.7646,0.0000,-12.8078,0.0000,0.0000,0.000,0.000,,0.0,,,,,,,0,,0
33.4544,1790252670.973255,0.0203,0,,,0.000,,,0.0000,0.0000,0.0000,0.0000,0.0000,-13.0000,,,,CHO,0.0000,-12.7646,0.0000,-12.8078,0.0000,0.0000,0.000,0.000,,0.0,,,,,,,0,,0
33.4747,1790252670.993565,0.0203,0,,,0.000,,,0.0000,0.0000,0.0000,0.0000,0.0000,-13.0000,,,,CHO,0.0000,-12.7646,0.0000,-12.8078,0.0000,0.0000,0.000,0.000,,0.0,,,,,,,0,,0
33.4951,1790252671.014093,0.0205,0,,,0.000,,,0.0000,0.0000,0.0000,0.0000,0.0000,-13.0000,,,,CHO,0.0000,-12.7646,0.0000,-12.8078,0.0000,0.0000,0.000,0.000,,0.0,,,,,,,0,,0
33.5154,1790252671.034283,0.0203,0,,,0.000,,,0.0000,0.0000,0.0000,0.0000,0.0000,-13.0000,,,,CHO,0.0000,-12.7646,0.0000,-12.8078,0.0000,0.0000,0.000,0.000,,0.0,,,,,,,0,,0
33.5358,1790252671.054697,0.0204,0,,,0.000,,,0.0000,0.0000,0.0000,0.0000,0.0000,-13.0000,,,,CHO,0.0000,-12.7646,0.0000,-12.8078,0.0000,0.0000,0.000,0.000,,0.0,,,,,,,0,,0
33.5562,1790252671.075131,0.0204,0,,,0.000,,,0.0000,0.0000,0.0000,0.0000,0.0000,-13.0000,,,,CHO,0.0000,-12.7646,0.0000,-12.8078,0.0000,0.0000,0.000,0.000,,0.0,,,,,,,0,,0
33.5766,1790252671.095504,0.0204,0,,,0.000,,,0.0000,0.0000,0.0000,0.0000,0.0000,-13.0000,,,,CHO,0.0000,-12.7646,0.0000,-12.8078,0.0000,0.0000,0.000,0.000,,0.0,,,,,,,0,,0
33.5969,1790252671.115858,0.0203,0,,,0.000,,,0.0000,0.0000,0.0000,0.0000,0.0000,-13.0000,,,,CHO,0.0000,-12.7646,0.0000,-12.8078,0.0000,0.0000,0.000,0.000,,0.0,,,,,,,0,,0
33.6173,1790252671.136194,0.0204,0,,,0.000,,,0.0000,0.0000,0.0000,0.0000,0.0000,-13.0000,,,,CHO,0.0000,-12.7646,0.0000,-12.8078,0.0000,0.0000,0.000,0.000,,0.0,,,,,,,0,,0
33.6375,1790252671.156321,0.0201,0,,,0.000,,,0.0000,0.0000,0.0000,0.0000,0.0000,-13.0000,,,,CHO,0.0000,-12.7646,0.0000,-12.8078,0.0000,0.0000,0.000,0.000,,0.0,,,,,,,0,,0
33.6583,1790252671.177203,0.0209,0,,,0.000,,,0.0000,0.0000,0.0000,0.0000,0.0000,-13.0000,,,,CHO,0.0000,-12.7646,0.0000,-12.8078,0.0000,0.0000,0.000,0.000,,0.0,,,,,,,0,,0
33.6784,1790252671.197121,0.0201,0,,,0.000,,,0.0000,0.0000,0.0000,0.0000,0.0000,-13.0000,,,,CHO,0.0000,-12.7646,0.0000,-12.8078,0.0000,0.0000,0.000,0.000,,0.0,,,,,,,0,,0
33.6985,1790252671.217304,0.0201,0,,,0.000,,,0.0000,0.0000,0.0000,0.0000,0.0000,-13.0000,,,,CHO,0.0000,-12.7646,0.0000,-12.8078,0.0000,0.0000,0.000,0.000,,0.0,,,,,,,0,,0
33.7190,1790252671.237958,0.0205,0,,,0.000,,,0.0000,0.0000,0.0000,0.0000,0.0000,-13.0000,,,,CHO,0.0000,-12.7646,0.0000,-12.8078,0.0000,0.0000,0.000,0.000,,0.0,,,,,,,0,,0
33.7394,1790252671.258329,0.0204,0,,,0.000,,,0.0000,0.0000,0.0000,0.0000,0.0000,-13.0000,,,,CHO,0.0000,-12.7646,0.0000,-12.8078,0.0000,0.0000,0.000,0.000,,0.0,,,,,,,0,,0
33.7598,1790252671.278785,0.0204,0,,,0.000,,,0.0000,0.0000,0.0000,0.0000,0.0000,-13.0000,,,,CHO,0.0000,-12.7646,0.0000,-12.8078,0.0000,0.0000,0.000,0.000,,0.0,,,,,,,0,,0
33.7799,1790252671.298887,0.0201,0,,,0.000,,,0.0000,0.0000,0.0000,0.0000,0.0000,-13.0000,,,,CHO,0.0000,-12.7646,0.0000,-12.8078,0.0000,0.0000,0.000,0.000,,0.0,,,,,,,0,,0
33.8002,1790252671.319079,0.0202,0,,,0.000,,,0.0000,0.0000,0.0000,0.0000,0.0000,-13.0000,,,,CHO,0.0000,-12.7646,0.0000,-12.8078,0.0000,0.0000,0.000,0.000,,0.0,,,,,,,0,,0
33.8205,1790252671.339435,0.0203,0,,,0.000,,,0.0000,0.0000,0.0000,0.0000,0.0000,-13.0000,,,,CHO,0.0000,-12.7646,0.0000,-12.8078,0.0000,0.0000,0.000,0.000,,0.0,,,,,,,0,,0
33.8410,1790252671.359926,0.0206,0,,,0.000,,,0.0000,0.0000,0.0000,0.0000,0.0000,-13.0000,,,,CHO,0.0000,-12.7646,0.0000,-12.8078,0.0000,0.0000,0.000,0.000,,0.0,,,,,,,0,,0
33.8610,1790252671.379976,0.0200,0,,,0.000,,,0.0000,0.0000,0.0000,0.0000,0.0000,-13.0000,,,,CHO,0.0000,-12.7646,0.0000,-12.8078,0.0000,0.0000,0.000,0.000,,0.0,,,,,,,0,,0
33.8811,1790252671.400001,0.0201,0,,,0.000,,,0.0000,0.0000,0.0000,0.0000,0.0000,-13.0000,,,,CHO,0.0000,-12.7646,0.0000,-12.8078,0.0000,0.0000,0.000,0.000,,0.0,,,,,,,0,,0
33.9014,1790252671.420292,0.0202,0,,,0.000,,,0.0000,0.0000,0.0000,0.0000,0.0000,-13.0000,,,,CHO,0.0000,-12.7646,0.0000,-12.8078,0.0000,0.0000,0.000,0.000,,0.0,,,,,,,0,,0
33.9216,1790252671.440566,0.0203,0,,,0.000,,,0.0000,0.0000,0.0000,0.0000,0.0000,-13.0000,,,,CHO,0.0000,-12.7646,0.0000,-12.8078,0.0000,0.0000,0.000,0.000,,0.0,,,,,,,0,,0
33.9422,1790252671.461110,0.0206,0,,,0.000,,,0.0000,0.0000,0.0000,0.0000,0.0000,-13.0000,,,,CHO,0.0000,-12.7646,0.0000,-12.8078,0.0000,0.0000,0.000,0.000,,0.0,,,,,,,0,,0
33.9624,1790252671.481358,0.0202,0,,,0.000,,,0.0000,0.0000,0.0000,0.0000,0.0000,-13.0000,,,,CHO,0.0000,-12.7646,0.0000,-12.8078,0.0000,0.0000,0.000,0.000,,0.0,,,,,,,0,,0
33.9826,1790252671.501374,0.0202,0,,,0.000,,,0.0000,0.0000,0.0000,0.0000,0.0000,-13.0000,,,,CHO,0.0000,-12.7646,0.0000,-12.8078,0.0000,0.0000,0.000,0.000,,0.0,,,,,,,0,,0
34.0027,1790252671.521554,0.0200,0,,,0.000,,,0.0000,0.0000,0.0000,0.0000,0.0000,-13.0000,,,,CHO,0.0000,-12.7646,0.0000,-12.8078,0.0000,0.0000,0.000,0.000,,0.0,,,,,,,0,,0
34.0231,1790252671.542021,0.0204,0,,,0.000,,,0.0000,0.0000,0.0000,0.0000,0.0000,-13.0000,,,,CHO,0.0000,-12.7646,0.0000,-12.8078,0.0000,0.0000,0.000,0.000,,0.0,,,,,,,0,,0
34.0437,1790252671.562531,0.0206,0,,,0.000,,,0.0000,0.0000,0.0000,0.0000,0.0000,-13.0000,,,,CHO,0.0000,-12.7646,0.0000,-12.8078,0.0000,0.0000,0.000,0.000,,0.0,,,,,,,0,,0
34.0638,1790252671.582593,0.0202,0,,,0.000,,,0.0000,0.0000,0.0000,0.0000,0.0000,-13.0000,,,,CHO,0.0000,-12.7646,0.0000,-12.8078,0.0000,0.0000,0.000,0.000,,0.0,,,,,,,0,,0
34.0840,1790252671.602811,0.0202,0,,,0.000,,,0.0000,0.0000,0.0000,0.0000,0.0000,-13.0000,,,,CHO,0.0000,-12.7646,0.0000,-12.8078,0.0000,0.0000,0.000,0.000,,0.0,,,,,,,0,,0
34.1045,1790252671.623455,0.0205,0,,,0.000,,,0.0000,0.0000,0.0000,0.0000,0.0000,-13.0000,,,,CHO,0.0000,-12.7646,0.0000,-12.8078,0.0000,0.0000,0.000,0.000,,0.0,,,,,,,0,,0
34.1248,1790252671.643676,0.0203,0,,,0.000,,,0.0000,0.0000,0.0000,0.0000,0.0000,-13.0000,,,,CHO,0.0000,-12.7646,0.0000,-12.8078,0.0000,0.0000,0.000,0.000,,0.0,,,,,,,0,,0
34.1450,1790252671.663909,0.0202,0,,,0.000,,,0.0000,0.0000,0.0000,0.0000,0.0000,-13.0000,,,,CHO,0.0000,-12.7646,0.0000,-12.8078,0.0000,0.0000,0.000,0.000,,0.0,,,,,,,0,,0
34.1652,1790252671.684100,0.0201,0,,,0.000,,,0.0000,0.0000,0.0000,0.0000,0.0000,-13.0000,,,,CHO,0.0000,-12.7646,0.0000,-12.8078,0.0000,0.0000,0.000,0.000,,0.0,,,,,,,0,,0
34.1858,1790252671.704733,0.0207,0,,,0.000,,,0.0000,0.0000,0.0000,0.0000,0.0000,-13.0000,,,,CHO,0.0000,-12.7646,0.0000,-12.8078,0.0000,0.0000,0.000,0.000,,0.0,,,,,,,0,,0
34.2062,1790252671.725091,0.0204,0,,,0.000,,,0.0000,0.0000,0.0000,0.0000,0.0000,-13.0000,,,,CHO,0.0000,-12.7646,0.0000,-12.8078,0.0000,0.0000,0.000,0.000,,0.0,,,,,,,0,,0
34.2263,1790252671.745062,0.0201,0,,,0.000,,,0.0000,0.0000,0.0000,0.0000,0.0000,-13.0000,,,,CHO,0.0000,-12.7646,0.0000,-12.8078,0.0000,0.0000,0.000,0.000,,0.0,,,,,,,0,,0
34.2468,1790252671.765651,0.0205,0,,,0.000,,,0.0000,0.0000,0.0000,0.0000,0.0000,-13.0000,,,,CHO,0.0000,-12.7646,0.0000,-12.8078,0.0000,0.0000,0.000,0.000,,0.0,,,,,,,0,,0
34.2672,1790252671.785901,0.0203,0,,,0.000,,,0.0000,0.0000,0.0000,0.0000,0.0000,-13.0000,,,,CHO,0.0000,-12.7646,0.0000,-12.8078,0.0000,0.0000,0.000,0.000,,0.0,,,,,,,0,,0
34.2879,1790252671.806657,0.0207,0,,,0.000,,,0.0000,0.0000,0.0000,0.0000,0.0000,-13.0000,,,,CHO,0.0000,-12.7646,0.0000,-12.8078,0.0000,0.0000,0.000,0.000,,0.0,,,,,,,0,,0
34.3083,1790252671.827233,0.0204,0,,,0.000,,,0.0000,0.0000,0.0000,0.0000,0.0000,-13.0000,,,,CHO,0.0000,-12.7646,0.0000,-12.8078,0.0000,0.0000,0.000,0.000,,0.0,,,,,,,0,,0
34.3287,1790252671.847507,0.0203,0,,,0.000,,,0.0000,0.0000,0.0000,0.0000,0.0000,-13.0000,,,,CHO,0.0000,-12.7646,0.0000,-12.8078,0.0000,0.0000,0.000,0.000,,0.0,,,,,,,0,,0
34.3487,1790252671.867554,0.0200,0,,,0.000,,,0.0000,0.0000,0.0000,0.0000,0.0000,-13.0000,,,,CHO,0.0000,-12.7646,0.0000,-12.8078,0.0000,0.0000,0.000,0.000,,0.0,,,,,,,0,,0
34.3690,1790252671.887903,0.0203,0,,,0.000,,,0.0000,0.0000,0.0000,0.0000,0.0000,-13.0000,,,,CHO,0.0000,-12.7646,0.0000,-12.8078,0.0000,0.0000,0.000,0.000,,0.0,,,,,,,0,,0
34.3891,1790252671.908014,0.0201,0,,,0.000,,,0.0000,0.0000,0.0000,0.0000,0.0000,-13.0000,,,,CHO,0.0000,-12.7646,0.0000,-12.8078,0.0000,0.0000,0.000,0.000,,0.0,,,,,,,0,,0
34.4096,1790252671.928317,0.0204,0,,,0.000,,,0.0000,0.0000,0.0000,0.0000,0.0000,-13.0000,,,,CHO,0.0000,-12.7646,0.0000,-12.8078,0.0000,0.0000,0.000,0.000,,0.0,,,,,,,0,,0
34.4302,1790252671.949002,0.0207,0,,,0.000,,,0.0000,0.0000,0.0000,0.0000,0.0000,-13.0000,,,,CHO,0.0000,-12.7646,0.0000,-12.8078,0.0000,0.0000,0.000,0.000,,0.0,,,,,,,0,,0
34.4511,1790252671.970000,0.0208,0,,,0.000,,,0.0000,0.0000,0.0000,0.0000,0.0000,-13.0000,,,,CHO,0.0000,-12.7646,0.0000,-12.8078,0.0000,0.0000,0.000,0.000,,0.0,,,,,,,0,,0
34.4713,1790252671.990231,0.0203,0,,,0.000,,,0.0000,0.0000,0.0000,0.0000,0.0000,-13.0000,,,,CHO,0.0000,-12.7646,0.0000,-12.8078,0.0000,0.0000,0.000,0.000,,0.0,,,,,,,0,,0
34.4919,1790252672.010798,0.0206,0,,,0.000,,,0.0000,0.0000,0.0000,0.0000,0.0000,-13.0000,,,,CHO,0.0000,-12.7646,0.0000,-12.8078,0.0000,0.0000,0.000,0.000,,0.0,,,,,,,0,,0
34.5124,1790252672.031262,0.0205,0,,,0.000,,,0.0000,0.0000,0.0000,0.0000,0.0000,-13.0000,,,,CHO,0.0000,-12.7646,0.0000,-12.8078,0.0000,0.0000,0.000,0.000,,0.0,,,,,,,0,,0
34.5326,1790252672.051508,0.0202,0,,,0.000,,,0.0000,0.0000,0.0000,0.0000,0.0000,-13.0000,,,,CHO,0.0000,-12.7646,0.0000,-12.8078,0.0000,0.0000,0.000,0.000,,0.0,,,,,,,0,,0
34.5535,1790252672.072423,0.0209,0,,,0.000,,,0.0000,0.0000,0.0000,0.0000,0.0000,-13.0000,,,,CHO,0.0000,-12.7646,0.0000,-12.8078,0.0000,0.0000,0.000,0.000,,0.0,,,,,,,0,,0
34.5735,1790252672.092450,0.0200,0,,,0.000,,,0.0000,0.0000,0.0000,0.0000,0.0000,-13.0000,,,,CHO,0.0000,-12.7646,0.0000,-12.8078,0.0000,0.0000,0.000,0.000,,0.0,,,,,,,0,,0
34.5936,1790252672.112552,0.0201,0,,,0.000,,,0.0000,0.0000,0.0000,0.0000,0.0000,-13.0000,,,,CHO,0.0000,-12.7646,0.0000,-12.8078,0.0000,0.0000,0.000,0.000,,0.0,,,,,,,0,,0
34.6139,1790252672.132836,0.0203,0,,,0.000,,,0.0000,0.0000,0.0000,0.0000,0.0000,-13.0000,,,,CHO,0.0000,-12.7646,0.0000,-12.8078,0.0000,0.0000,0.000,0.000,,0.0,,,,,,,0,,0
34.6342,1790252672.153134,0.0203,0,,,0.000,,,0.0000,0.0000,0.0000,0.0000,0.0000,-13.0000,,,,CHO,0.0000,-12.7646,0.0000,-12.8078,0.0000,0.0000,0.000,0.000,,0.0,,,,,,,0,,0
34.6544,1790252672.173338,0.0202,0,,,0.000,,,0.0000,0.0000,0.0000,0.0000,0.0000,-13.0000,,,,CHO,0.0000,-12.7646,0.0000,-12.8078,0.0000,0.0000,0.000,0.000,,0.0,,,,,,,0,,0
34.6746,1790252672.193513,0.0202,0,,,0.000,,,0.0000,0.0000,0.0000,0.0000,0.0000,-13.0000,,,,CHO,0.0000,-12.7646,0.0000,-12.8078,0.0000,0.0000,0.000,0.000,,0.0,,,,,,,0,,0
34.6950,1790252672.213801,0.0204,0,,,0.000,,,0.0000,0.0000,0.0000,0.0000,0.0000,-13.0000,,,,CHO,0.0000,-12.7646,0.0000,-12.8078,0.0000,0.0000,0.000,0.000,,0.0,,,,,,,0,,0
34.7152,1790252672.234071,0.0202,0,,,0.000,,,0.0000,0.0000,0.0000,0.0000,0.0000,-13.0000,,,,CHO,0.0000,-12.7646,0.0000,-12.8078,0.0000,0.0000,0.000,0.000,,0.0,,,,,,,0,,0
34.7355,1790252672.254468,0.0203,0,,,0.000,,,0.0000,0.0000,0.0000,0.0000,0.0000,-13.0000,,,,CHO,0.0000,-12.7646,0.0000,-12.8078,0.0000,0.0000,0.000,0.000,,0.0,,,,,,,0,,0
34.7564,1790252672.275160,0.0208,0,,,0.000,,,0.0000,0.0000,0.0000,0.0000,0.0000,-13.0000,,,,CHO,0.0000,-12.7646,0.0000,-12.8078,0.0000,0.0000,0.000,0.000,,0.0,,,,,,,0,,0
34.7765,1790252672.295350,0.0201,0,,,0.000,,,0.0000,0.0000,0.0000,0.0000,0.0000,-13.0000,,,,CHO,0.0000,-12.7646,0.0000,-12.8078,0.0000,0.0000,0.000,0.000,,0.0,,,,,,,0,,0
34.7967,1790252672.315525,0.0202,0,,,0.000,,,0.0000,0.0000,0.0000,0.0000,0.0000,-13.0000,,,,CHO,0.0000,-12.7646,0.0000,-12.8078,0.0000,0.0000,0.000,0.000,,0.0,,,,,,,0,,0
34.8172,1790252672.336077,0.0206,0,,,0.000,,,0.0000,0.0000,0.0000,0.0000,0.0000,-13.0000,,,,CHO,0.0000,-12.7646,0.0000,-12.8078,0.0000,0.0000,0.000,0.000,,0.0,,,,,,,0,,0
34.8376,1790252672.356533,0.0204,0,,,0.000,,,0.0000,0.0000,0.0000,0.0000,0.0000,-13.0000,,,,CHO,0.0000,-12.7646,0.0000,-12.8078,0.0000,0.0000,0.000,0.000,,0.0,,,,,,,0,,0
34.8581,1790252672.376998,0.0205,0,,,0.000,,,0.0000,0.0000,0.0000,0.0000,0.0000,-13.0000,,,,CHO,0.0000,-12.7646,0.0000,-12.8078,0.0000,0.0000,0.000,0.000,,0.0,,,,,,,0,,0
34.8782,1790252672.397106,0.0200,0,,,0.000,,,0.0000,0.0000,0.0000,0.0000,0.0000,-13.0000,,,,CHO,0.0000,-12.7646,0.0000,-12.8078,0.0000,0.0000,0.000,0.000,,0.0,,,,,,,0,,0
34.8985,1790252672.417446,0.0203,0,,,0.000,,,0.0000,0.0000,0.0000,0.0000,0.0000,-13.0000,,,,CHO,0.0000,-12.7646,0.0000,-12.8078,0.0000,0.0000,0.000,0.000,,0.0,,,,,,,0,,0
34.9189,1790252672.437799,0.0204,0,,,0.000,,,0.0000,0.0000,0.0000,0.0000,0.0000,-13.0000,,,,CHO,0.0000,-12.7646,0.0000,-12.8078,0.0000,0.0000,0.000,0.000,,0.0,,,,,,,0,,0
34.9393,1790252672.458224,0.0204,0,,,0.000,,,0.0000,0.0000,0.0000,0.0000,0.0000,-13.0000,,,,CHO,0.0000,-12.7646,0.0000,-12.8078,0.0000,0.0000,0.000,0.000,,0.0,,,,,,,0,,0
34.9596,1790252672.478403,0.0202,0,,,0.000,,,0.0000,0.0000,0.0000,0.0000,0.0000,-13.0000,,,,CHO,0.0000,-12.7646,0.0000,-12.8078,0.0000,0.0000,0.000,0.000,,0.0,,,,,,,0,,0
34.9798,1790252672.498535,0.0202,0,,,0.000,,,0.0000,0.0000,0.0000,0.0000,0.0000,-13.0000,,,,CHO,0.0000,-12.7646,0.0000,-12.8078,0.0000,0.0000,0.000,0.000,,0.0,,,,,,,0,,0
35.0007,1790252672.519422,0.0209,0,,,0.000,,,0.0000,0.0000,0.0000,0.0000,0.0000,-13.0000,,,,CHO,0.0000,-12.7646,0.0000,-12.8078,0.0000,0.0000,0.000,0.000,,0.0,,,,,,,0,,0
35.0207,1790252672.539567,0.0200,0,,,0.000,,,0.0000,0.0000,0.0000,0.0000,0.0000,-13.0000,,,,CHO,0.0000,-12.7646,0.0000,-12.8078,0.0000,0.0000,0.000,0.000,,0.0,,,,,,,0,,0
35.0411,1790252672.560026,0.0205,0,,,0.000,,,0.0000,0.0000,0.0000,0.0000,0.0000,-13.0000,,,,CHO,0.0000,-12.7646,0.0000,-12.8078,0.0000,0.0000,0.000,0.000,,0.0,,,,,,,0,,0
35.0612,1790252672.580009,0.0201,0,,,0.000,,,0.0000,0.0000,0.0000,0.0000,0.0000,-13.0000,,,,CHO,0.0000,-12.7646,0.0000,-12.8078,0.0000,0.0000,0.000,0.000,,0.0,,,,,,,0,,0
35.0815,1790252672.600381,0.0203,0,,,0.000,,,0.0000,0.0000,0.0000,0.0000,0.0000,-13.0000,,,,CHO,0.0000,-12.7646,0.0000,-12.8078,0.0000,0.0000,0.000,0.000,,0.0,,,,,,,0,,0
35.1016,1790252672.620592,0.0202,0,,,0.000,,,0.0000,0.0000,0.0000,0.0000,0.0000,-13.0000,,,,CHO,0.0000,-12.7646,0.0000,-12.8078,0.0000,0.0000,0.000,0.000,,0.0,,,,,,,0,,0
35.1228,1790252672.641777,0.0212,0,,,0.000,,,0.0000,0.0000,0.0000,0.0000,0.0000,-13.0000,,,,CHO,0.0000,-12.7646,0.0000,-12.8078,0.0000,0.0000,0.000,0.000,,0.0,,,,,,,0,,0
35.1432,1790252672.662122,0.0203,0,,,0.000,,,0.0000,0.0000,0.0000,0.0000,0.0000,-13.0000,,,,CHO,0.0000,-12.7646,0.0000,-12.8078,0.0000,0.0000,0.000,0.000,,0.0,,,,,,,0,,0
35.1636,1790252672.682486,0.0204,0,,,0.000,,,0.0000,0.0000,0.0000,0.0000,0.0000,-13.0000,,,,CHO,0.0000,-12.7646,0.0000,-12.8078,0.0000,0.0000,0.000,0.000,,0.0,,,,,,,0,,0
35.1836,1790252672.702552,0.0200,0,,,0.000,,,0.0000,0.0000,0.0000,0.0000,0.0000,-13.0000,,,,CHO,0.0000,-12.7646,0.0000,-12.8078,0.0000,0.0000,0.000,0.000,,0.0,,,,,,,0,,0
35.2039,1790252672.722795,0.0203,0,,,0.000,,,0.0000,0.0000,0.0000,0.0000,0.0000,-13.0000,,,,CHO,0.0000,-12.7646,0.0000,-12.8078,0.0000,0.0000,0.000,0.000,,0.0,,,,,,,0,,0
35.2240,1790252672.742843,0.0201,0,,,0.000,,,0.0000,0.0000,0.0000,0.0000,0.0000,-13.0000,,,,CHO,0.0000,-12.7646,0.0000,-12.8078,0.0000,0.0000,0.000,0.000,,0.0,,,,,,,0,,0
35.2443,1790252672.763135,0.0203,0,,,0.000,,,0.0000,0.0000,0.0000,0.0000,0.0000,-13.0000,,,,CHO,0.0000,-12.7646,0.0000,-12.8078,0.0000,0.0000,0.000,0.000,,0.0,,,,,,,0,,0
35.2644,1790252672.783301,0.0201,0,,,0.000,,,0.0000,0.0000,0.0000,0.0000,0.0000,-13.0000,,,,CHO,0.0000,-12.7646,0.0000,-12.8078,0.0000,0.0000,0.000,0.000,,0.0,,,,,,,0,,0
35.2846,1790252672.803389,0.0201,0,,,0.000,,,0.0000,0.0000,0.0000,0.0000,0.0000,-13.0000,,,,CHO,0.0000,-12.7646,0.0000,-12.8078,0.0000,0.0000,0.000,0.000,,0.0,,,,,,,0,,0
35.3048,1790252672.823724,0.0202,0,,,0.000,,,0.0000,0.0000,0.0000,0.0000,0.0000,-13.0000,,,,CHO,0.0000,-12.7646,0.0000,-12.8078,0.0000,0.0000,0.000,0.000,,0.0,,,,,,,0,,0
35.3252,1790252672.844096,0.0205,0,,,0.000,,,0.0000,0.0000,0.0000,0.0000,0.0000,-13.0000,,,,CHO,0.0000,-12.7646,0.0000,-12.8078,0.0000,0.0000,0.000,0.000,,0.0,,,,,,,0,,0
35.3457,1790252672.864682,0.0205,0,,,0.000,,,0.0000,0.0000,0.0000,0.0000,0.0000,-13.0000,,,,CHO,0.0000,-12.7646,0.0000,-12.8078,0.0000,0.0000,0.000,0.000,,0.0,,,,,,,0,,0
35.3658,1790252672.884594,0.0200,0,,,0.000,,,0.0000,0.0000,0.0000,0.0000,0.0000,-13.0000,,,,CHO,0.0000,-12.7646,0.0000,-12.8078,0.0000,0.0000,0.000,0.000,,0.0,,,,,,,0,,0
35.3862,1790252672.905164,0.0205,0,,,0.000,,,0.0000,0.0000,0.0000,0.0000,0.0000,-13.0000,,,,CHO,0.0000,-12.7646,0.0000,-12.8078,0.0000,0.0000,0.000,0.000,,0.0,,,,,,,0,,0
35.4068,1790252672.925548,0.0206,0,,,0.000,,,0.0000,0.0000,0.0000,0.0000,0.0000,-13.0000,,,,CHO,0.0000,-12.7646,0.0000,-12.8078,0.0000,0.0000,0.000,0.000,,0.0,,,,,,,0,,0
35.4273,1790252672.946222,0.0205,0,,,0.000,,,0.0000,0.0000,0.0000,0.0000,0.0000,-13.0000,,,,CHO,0.0000,-12.7646,0.0000,-12.8078,0.0000,0.0000,0.000,0.000,,0.0,,,,,,,0,,0
35.4477,1790252672.966540,0.0204,0,,,0.000,,,0.0000,0.0000,0.0000,0.0000,0.0000,-13.0000,,,,CHO,0.0000,-12.7646,0.0000,-12.8078,0.0000,0.0000,0.000,0.000,,0.0,,,,,,,0,,0
35.4679,1790252672.986662,0.0202,0,,,0.000,,,0.0000,0.0000,0.0000,0.0000,0.0000,-13.0000,,,,CHO,0.0000,-12.7646,0.0000,-12.8078,0.0000,0.0000,0.000,0.000,,0.0,,,,,,,0,,0
35.4880,1790252673.006868,0.0201,0,,,0.000,,,0.0000,0.0000,0.0000,0.0000,0.0000,-13.0000,,,,CHO,0.0000,-12.7646,0.0000,-12.8078,0.0000,0.0000,0.000,0.000,,0.0,,,,,,,0,,0
35.5085,1790252673.027436,0.0205,0,,,0.000,,,0.0000,0.0000,0.0000,0.0000,0.0000,-13.0000,,,,CHO,0.0000,-12.7646,0.0000,-12.8078,0.0000,0.0000,0.000,0.000,,0.0,,,,,,,0,,0
35.5292,1790252673.048046,0.0207,0,,,0.000,,,0.0000,0.0000,0.0000,0.0000,0.0000,-13.0000,,,,CHO,0.0000,-12.7646,0.0000,-12.8078,0.0000,0.0000,0.000,0.000,,0.0,,,,,,,0,,0
35.5494,1790252673.068084,0.0201,0,,,0.000,,,0.0000,0.0000,0.0000,0.0000,0.0000,-13.0000,,,,CHO,0.0000,-12.7646,0.0000,-12.8078,0.0000,0.0000,0.000,0.000,,0.0,,,,,,,0,,0
35.5698,1790252673.088752,0.0205,0,,,0.000,,,0.0000,0.0000,0.0000,0.0000,0.0000,-13.0000,,,,CHO,0.0000,-12.7646,0.0000,-12.8078,0.0000,0.0000,0.000,0.000,,0.0,,,,,,,0,,0
35.5900,1790252673.108827,0.0202,0,,,0.000,,,0.0000,0.0000,0.0000,0.0000,0.0000,-13.0000,,,,CHO,0.0000,-12.7646,0.0000,-12.8078,0.0000,0.0000,0.000,0.000,,0.0,,,,,,,0,,0
35.6101,1790252673.128847,0.0201,0,,,0.000,,,0.0000,0.0000,0.0000,0.0000,0.0000,-13.0000,,,,CHO,0.0000,-12.7646,0.0000,-12.8078,0.0000,0.0000,0.000,0.000,,0.0,,,,,,,0,,0
35.6306,1790252673.149528,0.0205,0,,,0.000,,,0.0000,0.0000,0.0000,0.0000,0.0000,-13.0000,,,,CHO,0.0000,-12.7646,0.0000,-12.8078,0.0000,0.0000,0.000,0.000,,0.0,,,,,,,0,,0
35.6510,1790252673.169916,0.0204,0,,,0.000,,,0.0000,0.0000,0.0000,0.0000,0.0000,-13.0000,,,,CHO,0.0000,-12.7646,0.0000,-12.8078,0.0000,0.0000,0.000,0.000,,0.0,,,,,,,0,,0
35.6712,1790252673.190027,0.0201,0,,,0.000,,,0.0000,0.0000,0.0000,0.0000,0.0000,-13.0000,,,,CHO,0.0000,-12.7646,0.0000,-12.8078,0.0000,0.0000,0.000,0.000,,0.0,,,,,,,0,,0
35.6913,1790252673.210110,0.0201,0,,,0.000,,,0.0000,0.0000,0.0000,0.0000,0.0000,-13.0000,,,,CHO,0.0000,-12.7646,0.0000,-12.8078,0.0000,0.0000,0.000,0.000,,0.0,,,,,,,0,,0
35.7117,1790252673.230421,0.0204,0,,,0.000,,,0.0000,0.0000,0.0000,0.0000,0.0000,-13.0000,,,,CHO,0.0000,-12.7646,0.0000,-12.8078,0.0000,0.0000,0.000,0.000,,0.0,,,,,,,0,,0
35.7317,1790252673.250656,0.0201,0,,,0.000,,,0.0000,0.0000,0.0000,0.0000,0.0000,-13.0000,,,,CHO,0.0000,-12.7646,0.0000,-12.8078,0.0000,0.0000,0.000,0.000,,0.0,,,,,,,0,,0
35.7521,1790252673.270860,0.0204,0,,,0.000,,,0.0000,0.0000,0.0000,0.0000,0.0000,-13.0000,,,,CHO,0.0000,-12.7646,0.0000,-12.8078,0.0000,0.0000,0.000,0.000,,0.0,,,,,,,0,,0
35.7723,1790252673.291240,0.0202,0,,,0.000,,,0.0000,0.0000,0.0000,0.0000,0.0000,-13.0000,,,,CHO,0.0000,-12.7646,0.0000,-12.8078,0.0000,0.0000,0.000,0.000,,0.0,,,,,,,0,,0
35.7927,1790252673.311437,0.0204,0,,,0.000,,,0.0000,0.0000,0.0000,0.0000,0.0000,-13.0000,,,,CHO,0.0000,-12.7646,0.0000,-12.8078,0.0000,0.0000,0.000,0.000,,0.0,,,,,,,0,,0
35.8130,1790252673.331871,0.0202,0,,,0.000,,,0.0000,0.0000,0.0000,0.0000,0.0000,-13.0000,,,,CHO,0.0000,-12.7646,0.0000,-12.8078,0.0000,0.0000,0.000,0.000,,0.0,,,,,,,0,,0
35.8332,1790252673.352022,0.0203,0,,,0.000,,,0.0000,0.0000,0.0000,0.0000,0.0000,-13.0000,,,,CHO,0.0000,-12.7646,0.0000,-12.8078,0.0000,0.0000,0.000,0.000,,0.0,,,,,,,0,,0
35.8534,1790252673.372353,0.0202,0,,,0.000,,,0.0000,0.0000,0.0000,0.0000,0.0000,-13.0000,,,,CHO,0.0000,-12.7646,0.0000,-12.8078,0.0000,0.0000,0.000,0.000,,0.0,,,,,,,0,,0
35.8738,1790252673.392604,0.0204,0,,,0.000,,,0.0000,0.0000,0.0000,0.0000,0.0000,-13.0000,,,,CHO,0.0000,-12.7646,0.0000,-12.8078,0.0000,0.0000,0.000,0.000,,0.0,,,,,,,0,,0
35.8941,1790252673.412927,0.0203,0,,,0.000,,,0.0000,0.0000,0.0000,0.0000,0.0000,-13.0000,,,,CHO,0.0000,-12.7646,0.0000,-12.8078,0.0000,0.0000,0.000,0.000,,0.0,,,,,,,0,,0
35.9144,1790252673.433117,0.0203,0,,,0.000,,,0.0000,0.0000,0.0000,0.0000,0.0000,-13.0000,,,,CHO,0.0000,-12.7646,0.0000,-12.8078,0.0000,0.0000,0.000,0.000,,0.0,,,,,,,0,,0
35.9350,1790252673.453784,0.0206,0,,,0.000,,,0.0000,0.0000,0.0000,0.0000,0.0000,-13.0000,,,,CHO,0.0000,-12.7646,0.0000,-12.8078,0.0000,0.0000,0.000,0.000,,0.0,,,,,,,0,,0
35.9551,1790252673.473914,0.0201,0,,,0.000,,,0.0000,0.0000,0.0000,0.0000,0.0000,-13.0000,,,,CHO,0.0000,-12.7646,0.0000,-12.8078,0.0000,0.0000,0.000,0.000,,0.0,,,,,,,0,,0
35.9753,1790252673.494043,0.0202,0,,,0.000,,,0.0000,0.0000,0.0000,0.0000,0.0000,-13.0000,,,,CHO,0.0000,-12.7646,0.0000,-12.8078,0.0000,0.0000,0.000,0.000,,0.0,,,,,,,0,,0
35.9953,1790252673.514150,0.0201,0,,,0.000,,,0.0000,0.0000,0.0000,0.0000,0.0000,-13.0000,,,,CHO,0.0000,-12.7646,0.0000,-12.8078,0.0000,0.0000,0.000,0.000,,0.0,,,,,,,0,,0
36.0154,1790252673.534277,0.0201,0,,,0.000,,,0.0000,0.0000,0.0000,0.0000,0.0000,-13.0000,,,,CHO,0.0000,-12.7646,0.0000,-12.8078,0.0000,0.0000,0.000,0.000,,0.0,,,,,,,0,,0
36.0356,1790252673.554557,0.0202,0,,,0.000,,,0.0000,0.0000,0.0000,0.0000,0.0000,-13.0000,,,,CHO,0.0000,-12.7646,0.0000,-12.8078,0.0000,0.0000,0.000,0.000,,0.0,,,,,,,0,,0
36.0558,1790252673.574667,0.0202,0,,,0.000,,,0.0000,0.0000,0.0000,0.0000,0.0000,-13.0000,,,,CHO,0.0000,-12.7646,0.0000,-12.8078,0.0000,0.0000,0.000,0.000,,0.0,,,,,,,0,,0
36.0762,1790252673.594995,0.0204,0,,,0.000,,,0.0000,0.0000,0.0000,0.0000,0.0000,-13.0000,,,,CHO,0.0000,-12.7646,0.0000,-12.8078,0.0000,0.0000,0.000,0.000,,0.0,,,,,,,0,,0
36.0962,1790252673.615051,0.0200,0,,,0.000,,,0.0000,0.0000,0.0000,0.0000,0.0000,-13.0000,,,,CHO,0.0000,-12.7646,0.0000,-12.8078,0.0000,0.0000,0.000,0.000,,0.0,,,,,,,0,,0
36.1167,1790252673.635654,0.0205,0,,,0.000,,,0.0000,0.0000,0.0000,0.0000,0.0000,-13.0000,,,,CHO,0.0000,-12.7646,0.0000,-12.8078,0.0000,0.0000,0.000,0.000,,0.0,,,,,,,0,,0
36.1370,1790252673.655928,0.0203,0,,,0.000,,,0.0000,0.0000,0.0000,0.0000,0.0000,-13.0000,,,,CHO,0.0000,-12.7646,0.0000,-12.8078,0.0000,0.0000,0.000,0.000,,0.0,,,,,,,0,,0
36.1573,1790252673.676178,0.0202,0,,,0.000,,,0.0000,0.0000,0.0000,0.0000,0.0000,-13.0000,,,,CHO,0.0000,-12.7646,0.0000,-12.8078,0.0000,0.0000,0.000,0.000,,0.0,,,,,,,0,,0
36.1773,1790252673.696080,0.0201,0,,,0.000,,,0.0000,0.0000,0.0000,0.0000,0.0000,-13.0000,,,,CHO,0.0000,-12.7646,0.0000,-12.8078,0.0000,0.0000,0.000,0.000,,0.0,,,,,,,0,,0
36.1974,1790252673.716200,0.0201,0,,,0.000,,,0.0000,0.0000,0.0000,0.0000,0.0000,-13.0000,,,,CHO,0.0000,-12.7646,0.0000,-12.8078,0.0000,0.0000,0.000,0.000,,0.0,,,,,,,0,,0
36.2177,1790252673.736574,0.0202,0,,,0.000,,,0.0000,0.0000,0.0000,0.0000,0.0000,-13.0000,,,,CHO,0.0000,-12.7646,0.0000,-12.8078,0.0000,0.0000,0.000,0.000,,0.0,,,,,,,0,,0
36.2380,1790252673.756776,0.0203,0,,,0.000,,,0.0000,0.0000,0.0000,0.0000,0.0000,-13.0000,,,,CHO,0.0000,-12.7646,0.0000,-12.8078,0.0000,0.0000,0.000,0.000,,0.0,,,,,,,0,,0
36.2584,1790252673.777146,0.0204,0,,,0.000,,,0.0000,0.0000,0.0000,0.0000,0.0000,-13.0000,,,,CHO,0.0000,-12.7646,0.0000,-12.8078,0.0000,0.0000,0.000,0.000,,0.0,,,,,,,0,,0
36.2790,1790252673.797912,0.0206,0,,,0.000,,,0.0000,0.0000,0.0000,0.0000,0.0000,-13.0000,,,,CHO,0.0000,-12.7646,0.0000,-12.8078,0.0000,0.0000,0.000,0.000,,0.0,,,,,,,0,,0
36.2992,1790252673.818120,0.0202,0,,,0.000,,,0.0000,0.0000,0.0000,0.0000,0.0000,-13.0000,,,,CHO,0.0000,-12.7646,0.0000,-12.8078,0.0000,0.0000,0.000,0.000,,0.0,,,,,,,0,,0
36.3193,1790252673.838263,0.0201,0,,,0.000,,,0.0000,0.0000,0.0000,0.0000,0.0000,-13.0000,,,,CHO,0.0000,-12.7646,0.0000,-12.8078,0.0000,0.0000,0.000,0.000,,0.0,,,,,,,0,,0
36.3396,1790252673.858455,0.0202,0,,,0.000,,,0.0000,0.0000,0.0000,0.0000,0.0000,-13.0000,,,,CHO,0.0000,-12.7646,0.0000,-12.8078,0.0000,0.0000,0.000,0.000,,0.0,,,,,,,0,,0
36.3600,1790252673.878862,0.0205,0,,,0.000,,,0.0000,0.0000,0.0000,0.0000,0.0000,-13.0000,,,,CHO,0.0000,-12.7646,0.0000,-12.8078,0.0000,0.0000,0.000,0.000,,0.0,,,,,,,0,,0
36.3806,1790252673.899485,0.0206,0,,,0.000,,,0.0000,0.0000,0.0000,0.0000,0.0000,-13.0000,,,,CHO,0.0000,-12.7646,0.0000,-12.8078,0.0000,0.0000,0.000,0.000,,0.0,,,,,,,0,,0
36.4007,1790252673.919575,0.0201,0,,,0.000,,,0.0000,0.0000,0.0000,0.0000,0.0000,-13.0000,,,,CHO,0.0000,-12.7646,0.0000,-12.8078,0.0000,0.0000,0.000,0.000,,0.0,,,,,,,0,,0
36.4210,1790252673.939917,0.0203,0,,,0.000,,,0.0000,0.0000,0.0000,0.0000,0.0000,-13.0000,,,,CHO,0.0000,-12.7646,0.0000,-12.8078,0.0000,0.0000,0.000,0.000,,0.0,,,,,,,0,,0
36.4412,1790252673.959931,0.0201,0,,,0.000,,,0.0000,0.0000,0.0000,0.0000,0.0000,-13.0000,,,,CHO,0.0000,-12.7646,0.0000,-12.8078,0.0000,0.0000,0.000,0.000,,0.0,,,,,,,0,,0
36.4612,1790252673.979977,0.0200,0,,,0.000,,,0.0000,0.0000,0.0000,0.0000,0.0000,-13.0000,,,,CHO,0.0000,-12.7646,0.0000,-12.8078,0.0000,0.0000,0.000,0.000,,0.0,,,,,,,0,,0
36.4820,1790252674.000857,0.0208,0,,,0.000,,,0.0000,0.0000,0.0000,0.0000,0.0000,-13.0000,,,,CHO,0.0000,-12.7646,0.0000,-12.8078,0.0000,0.0000,0.000,0.000,,0.0,,,,,,,0,,0
36.5021,1790252674.020869,0.0200,0,,,0.000,,,0.0000,0.0000,0.0000,0.0000,0.0000,-13.0000,,,,CHO,0.0000,-12.7646,0.0000,-12.8078,0.0000,0.0000,0.000,0.000,,0.0,,,,,,,0,,0
36.5228,1790252674.041662,0.0207,0,,,0.000,,,0.0000,0.0000,0.0000,0.0000,0.0000,-13.0000,,,,CHO,0.0000,-12.7646,0.0000,-12.8078,0.0000,0.0000,0.000,0.000,,0.0,,,,,,,0,,0
36.5432,1790252674.061975,0.0205,0,,,0.000,,,0.0000,0.0000,0.0000,0.0000,0.0000,-13.0000,,,,CHO,0.0000,-12.7646,0.0000,-12.8078,0.0000,0.0000,0.000,0.000,,0.0,,,,,,,0,,0
36.5637,1790252674.082620,0.0205,0,,,0.000,,,0.0000,0.0000,0.0000,0.0000,0.0000,-13.0000,,,,CHO,0.0000,-12.7646,0.0000,-12.8078,0.0000,0.0000,0.000,0.000,,0.0,,,,,,,0,,0
36.5837,1790252674.102408,0.0200,0,,,0.000,,,0.0000,0.0000,0.0000,0.0000,0.0000,-13.0000,,,,CHO,0.0000,-12.7646,0.0000,-12.8078,0.0000,0.0000,0.000,0.000,,0.0,,,,,,,0,,0
36.6042,1790252674.123058,0.0205,0,,,0.000,,,0.0000,0.0000,0.0000,0.0000,0.0000,-13.0000,,,,CHO,0.0000,-12.7646,0.0000,-12.8078,0.0000,0.0000,0.000,0.000,,0.0,,,,,,,0,,0
36.6248,1790252674.143645,0.0206,0,,,0.000,,,0.0000,0.0000,0.0000,0.0000,0.0000,-13.0000,,,,CHO,0.0000,-12.7646,0.0000,-12.8078,0.0000,0.0000,0.000,0.000,,0.0,,,,,,,0,,0
36.6452,1790252674.164116,0.0204,0,,,0.000,,,0.0000,0.0000,0.0000,0.0000,0.0000,-13.0000,,,,CHO,0.0000,-12.7646,0.0000,-12.8078,0.0000,0.0000,0.000,0.000,,0.0,,,,,,,0,,0
36.6654,1790252674.184247,0.0202,0,,,0.000,,,0.0000,0.0000,0.0000,0.0000,0.0000,-13.0000,,,,CHO,0.0000,-12.7646,0.0000,-12.8078,0.0000,0.0000,0.000,0.000,,0.0,,,,,,,0,,0
36.6858,1790252674.204435,0.0204,0,,,0.000,,,0.0000,0.0000,0.0000,0.0000,0.0000,-13.0000,,,,CHO,0.0000,-12.7646,0.0000,-12.8078,0.0000,0.0000,0.000,0.000,,0.0,,,,,,,0,,0
36.7060,1790252674.224857,0.0203,0,,,0.000,,,0.0000,0.0000,0.0000,0.0000,0.0000,-13.0000,,,,CHO,0.0000,-12.7646,0.0000,-12.8078,0.0000,0.0000,0.000,0.000,,0.0,,,,,,,0,,0
36.7266,1790252674.245346,0.0205,0,,,0.000,,,0.0000,0.0000,0.0000,0.0000,0.0000,-13.0000,,,,CHO,0.0000,-12.7646,0.0000,-12.8078,0.0000,0.0000,0.000,0.000,,0.0,,,,,,,0,,0
36.7479,1790252674.266610,0.0213,0,,,0.000,,,0.0000,0.0000,0.0000,0.0000,0.0000,-13.0000,,,,CHO,0.0000,-12.7646,0.0000,-12.8078,0.0000,0.0000,0.000,0.000,,0.0,,,,,,,0,,0
36.7679,1790252674.286837,0.0200,0,,,0.000,,,0.0000,0.0000,0.0000,0.0000,0.0000,-13.0000,,,,CHO,0.0000,-12.7646,0.0000,-12.8078,0.0000,0.0000,0.000,0.000,,0.0,,,,,,,0,,0
36.7886,1790252674.307449,0.0207,0,,,0.000,,,0.0000,0.0000,0.0000,0.0000,0.0000,-13.0000,,,,CHO,0.0000,-12.7646,0.0000,-12.8078,0.0000,0.0000,0.000,0.000,,0.0,,,,,,,0,,0
36.8087,1790252674.327525,0.0201,0,,,0.000,,,0.0000,0.0000,0.0000,0.0000,0.0000,-13.0000,,,,CHO,0.0000,-12.7646,0.0000,-12.8078,0.0000,0.0000,0.000,0.000,,0.0,,,,,,,0,,0
36.8288,1790252674.347521,0.0201,0,,,0.000,,,0.0000,0.0000,0.0000,0.0000,0.0000,-13.0000,,,,CHO,0.0000,-12.7646,0.0000,-12.8078,0.0000,0.0000,0.000,0.000,,0.0,,,,,,,0,,0
36.8489,1790252674.367725,0.0201,0,,,0.000,,,0.0000,0.0000,0.0000,0.0000,0.0000,-13.0000,,,,CHO,0.0000,-12.7646,0.0000,-12.8078,0.0000,0.0000,0.000,0.000,,0.0,,,,,,,0,,0
36.8691,1790252674.387937,0.0202,0,,,0.000,,,0.0000,0.0000,0.0000,0.0000,0.0000,-13.0000,,,,CHO,0.0000,-12.7646,0.0000,-12.8078,0.0000,0.0000,0.000,0.000,,0.0,,,,,,,0,,0
36.8898,1790252674.408578,0.0206,0,,,0.000,,,0.0000,0.0000,0.0000,0.0000,0.0000,-13.0000,,,,CHO,0.0000,-12.7646,0.0000,-12.8078,0.0000,0.0000,0.000,0.000,,0.0,,,,,,,0,,0
36.9103,1790252674.429145,0.0205,0,,,0.000,,,0.0000,0.0000,0.0000,0.0000,0.0000,-13.0000,,,,CHO,0.0000,-12.7646,0.0000,-12.8078,0.0000,0.0000,0.000,0.000,,0.0,,,,,,,0,,0
36.9309,1790252674.449631,0.0206,0,,,0.000,,,0.0000,0.0000,0.0000,0.0000,0.0000,-13.0000,,,,CHO,0.0000,-12.7646,0.0000,-12.8078,0.0000,0.0000,0.000,0.000,,0.0,,,,,,,0,,0
36.9515,1790252674.470252,0.0206,0,,,0.000,,,0.0000,0.0000,0.0000,0.0000,0.0000,-13.0000,,,,CHO,0.0000,-12.7646,0.0000,-12.8078,0.0000,0.0000,0.000,0.000,,0.0,,,,,,,0,,0
36.9717,1790252674.490469,0.0202,0,,,0.000,,,0.0000,0.0000,0.0000,0.0000,0.0000,-13.0000,,,,CHO,0.0000,-12.7646,0.0000,-12.8078,0.0000,0.0000,0.000,0.000,,0.0,,,,,,,0,,0
36.9918,1790252674.510611,0.0201,0,,,0.000,,,0.0000,0.0000,0.0000,0.0000,0.0000,-13.0000,,,,CHO,0.0000,-12.7646,0.0000,-12.8078,0.0000,0.0000,0.000,0.000,,0.0,,,,,,,0,,0
37.0119,1790252674.530685,0.0201,0,,,0.000,,,0.0000,0.0000,0.0000,0.0000,0.0000,-13.0000,,,,CHO,0.0000,-12.7646,0.0000,-12.8078,0.0000,0.0000,0.000,0.000,,0.0,,,,,,,0,,0
37.0325,1790252674.551332,0.0207,0,,,0.000,,,0.0000,0.0000,0.0000,0.0000,0.0000,-13.0000,,,,CHO,0.0000,-12.7646,0.0000,-12.8078,0.0000,0.0000,0.000,0.000,,0.0,,,,,,,0,,0
37.0533,1790252674.572133,0.0207,0,,,0.000,,,0.0000,0.0000,0.0000,0.0000,0.0000,-13.0000,,,,CHO,0.0000,-12.7646,0.0000,-12.8078,0.0000,0.0000,0.000,0.000,,0.0,,,,,,,0,,0
37.0733,1790252674.592111,0.0200,0,,,0.000,,,0.0000,0.0000,0.0000,0.0000,0.0000,-13.0000,,,,CHO,0.0000,-12.7646,0.0000,-12.8078,0.0000,0.0000,0.000,0.000,,0.0,,,,,,,0,,0
37.0941,1790252674.612831,0.0208,0,,,0.000,,,0.0000,0.0000,0.0000,0.0000,0.0000,-13.0000,,,,CHO,0.0000,-12.7646,0.0000,-12.8078,0.0000,0.0000,0.000,0.000,,0.0,,,,,,,0,,0
37.1142,1790252674.632924,0.0201,0,,,0.000,,,0.0000,0.0000,0.0000,0.0000,0.0000,-13.0000,,,,CHO,0.0000,-12.7646,0.0000,-12.8078,0.0000,0.0000,0.000,0.000,,0.0,,,,,,,0,,0
37.1345,1790252674.653333,0.0204,0,,,0.000,,,0.0000,0.0000,0.0000,0.0000,0.0000,-13.0000,,,,CHO,0.0000,-12.7646,0.0000,-12.8078,0.0000,0.0000,0.000,0.000,,0.0,,,,,,,0,,0
37.1548,1790252674.673772,0.0203,0,,,0.000,,,0.0000,0.0000,0.0000,0.0000,0.0000,-13.0000,,,,CHO,0.0000,-12.7646,0.0000,-12.8078,0.0000,0.0000,0.000,0.000,,0.0,,,,,,,0,,0
37.1751,1790252674.693840,0.0202,0,,,0.000,,,0.0000,0.0000,0.0000,0.0000,0.0000,-13.0000,,,,CHO,0.0000,-12.7646,0.0000,-12.8078,0.0000,0.0000,0.000,0.000,,0.0,,,,,,,0,,0
37.1953,1790252674.714034,0.0202,0,,,0.000,,,0.0000,0.0000,0.0000,0.0000,0.0000,-13.0000,,,,CHO,0.0000,-12.7646,0.0000,-12.8078,0.0000,0.0000,0.000,0.000,,0.0,,,,,,,0,,0
37.2156,1790252674.734559,0.0203,0,,,0.000,,,0.0000,0.0000,0.0000,0.0000,0.0000,-13.0000,,,,CHO,0.0000,-12.7646,0.0000,-12.8078,0.0000,0.0000,0.000,0.000,,0.0,,,,,,,0,,0
37.2361,1790252674.755075,0.0205,0,,,0.000,,,0.0000,0.0000,0.0000,0.0000,0.0000,-13.0000,,,,CHO,0.0000,-12.7646,0.0000,-12.8078,0.0000,0.0000,0.000,0.000,,0.0,,,,,,,0,,0
37.2564,1790252674.775200,0.0203,0,,,0.000,,,0.0000,0.0000,0.0000,0.0000,0.0000,-13.0000,,,,CHO,0.0000,-12.7646,0.0000,-12.8078,0.0000,0.0000,0.000,0.000,,0.0,,,,,,,0,,0
37.2765,1790252674.795236,0.0201,0,,,0.000,,,0.0000,0.0000,0.0000,0.0000,0.0000,-13.0000,,,,CHO,0.0000,-12.7646,0.0000,-12.8078,0.0000,0.0000,0.000,0.000,,0.0,,,,,,,0,,0
37.2968,1790252674.815581,0.0203,0,,,0.000,,,0.0000,0.0000,0.0000,0.0000,0.0000,-13.0000,,,,CHO,0.0000,-12.7646,0.0000,-12.8078,0.0000,0.0000,0.000,0.000,,0.0,,,,,,,0,,0
37.3173,1790252674.836255,0.0206,0,,,0.000,,,0.0000,0.0000,0.0000,0.0000,0.0000,-13.0000,,,,CHO,0.0000,-12.7646,0.0000,-12.8078,0.0000,0.0000,0.000,0.000,,0.0,,,,,,,0,,0
37.3380,1790252674.856807,0.0207,0,,,0.000,,,0.0000,0.0000,0.0000,0.0000,0.0000,-13.0000,,,,CHO,0.0000,-12.7646,0.0000,-12.8078,0.0000,0.0000,0.000,0.000,,0.0,,,,,,,0,,0
37.3581,1790252674.876822,0.0201,0,,,0.000,,,0.0000,0.0000,0.0000,0.0000,0.0000,-13.0000,,,,CHO,0.0000,-12.7646,0.0000,-12.8078,0.0000,0.0000,0.000,0.000,,0.0,,,,,,,0,,0
37.3784,1790252674.897148,0.0203,0,,,0.000,,,0.0000,0.0000,0.0000,0.0000,0.0000,-13.0000,,,,CHO,0.0000,-12.7646,0.0000,-12.8078,0.0000,0.0000,0.000,0.000,,0.0,,,,,,,0,,0
37.3989,1790252674.917835,0.0205,0,,,0.000,,,0.0000,0.0000,0.0000,0.0000,0.0000,-13.0000,,,,CHO,0.0000,-12.7646,0.0000,-12.8078,0.0000,0.0000,0.000,0.000,,0.0,,,,,,,0,,0
37.4197,1790252674.938599,0.0208,0,,,0.000,,,0.0000,0.0000,0.0000,0.0000,0.0000,-13.0000,,,,CHO,0.0000,-12.7646,0.0000,-12.8078,0.0000,0.0000,0.000,0.000,,0.0,,,,,,,0,,0
37.4398,1790252674.958537,0.0201,0,,,0.000,,,0.0000,0.0000,0.0000,0.0000,0.0000,-13.0000,,,,CHO,0.0000,-12.7646,0.0000,-12.8078,0.0000,0.0000,0.000,0.000,,0.0,,,,,,,0,,0
37.4604,1790252674.979136,0.0206,0,,,0.000,,,0.0000,0.0000,0.0000,0.0000,0.0000,-13.0000,,,,CHO,0.0000,-12.7646,0.0000,-12.8078,0.0000,0.0000,0.000,0.000,,0.0,,,,,,,0,,0
37.4805,1790252674.999249,0.0201,0,,,0.000,,,0.0000,0.0000,0.0000,0.0000,0.0000,-13.0000,,,,CHO,0.0000,-12.7646,0.0000,-12.8078,0.0000,0.0000,0.000,0.000,,0.0,,,,,,,0,,0
37.5009,1790252675.019778,0.0204,0,,,0.000,,,0.0000,0.0000,0.0000,0.0000,0.0000,-13.0000,,,,CHO,0.0000,-12.7646,0.0000,-12.8078,0.0000,0.0000,0.000,0.000,,0.0,,,,,,,0,,0
37.5216,1790252675.040415,0.0207,0,,,0.000,,,0.0000,0.0000,0.0000,0.0000,0.0000,-13.0000,,,,CHO,0.0000,-12.7646,0.0000,-12.8078,0.0000,0.0000,0.000,0.000,,0.0,,,,,,,0,,0
37.5416,1790252675.060524,0.0200,0,,,0.000,,,0.0000,0.0000,0.0000,0.0000,0.0000,-13.0000,,,,CHO,0.0000,-12.7646,0.0000,-12.8078,0.0000,0.0000,0.000,0.000,,0.0,,,,,,,0,,0
37.5622,1790252675.081081,0.0205,0,,,0.000,,,0.0000,0.0000,0.0000,0.0000,0.0000,-13.0000,,,,CHO,0.0000,-12.7646,0.0000,-12.8078,0.0000,0.0000,0.000,0.000,,0.0,,,,,,,0,,0
37.5827,1790252675.101577,0.0205,0,,,0.000,,,0.0000,0.0000,0.0000,0.0000,0.0000,-13.0000,,,,CHO,0.0000,-12.7646,0.0000,-12.8078,0.0000,0.0000,0.000,0.000,,0.0,,,,,,,0,,0
37.6029,1790252675.121831,0.0202,0,,,0.000,,,0.0000,0.0000,0.0000,0.0000,0.0000,-13.0000,,,,CHO,0.0000,-12.7646,0.0000,-12.8078,0.0000,0.0000,0.000,0.000,,0.0,,,,,,,0,,0
37.6237,1790252675.142445,0.0208,0,,,0.000,,,0.0000,0.0000,0.0000,0.0000,0.0000,-13.0000,,,,CHO,0.0000,-12.7646,0.0000,-12.8078,0.0000,0.0000,0.000,0.000,,0.0,,,,,,,0,,0
37.6442,1790252675.163099,0.0205,0,,,0.000,,,0.0000,0.0000,0.0000,0.0000,0.0000,-13.0000,,,,CHO,0.0000,-12.7646,0.0000,-12.8078,0.0000,0.0000,0.000,0.000,,0.0,,,,,,,0,,0
37.6643,1790252675.183146,0.0201,0,,,0.000,,,0.0000,0.0000,0.0000,0.0000,0.0000,-13.0000,,,,CHO,0.0000,-12.7646,0.0000,-12.8078,0.0000,0.0000,0.000,0.000,,0.0,,,,,,,0,,0
37.6844,1790252675.203284,0.0201,0,,,0.000,,,0.0000,0.0000,0.0000,0.0000,0.0000,-13.0000,,,,CHO,0.0000,-12.7646,0.0000,-12.8078,0.0000,0.0000,0.000,0.000,,0.0,,,,,,,0,,0
37.7045,1790252675.223292,0.0201,0,,,0.000,,,0.0000,0.0000,0.0000,0.0000,0.0000,-13.0000,,,,CHO,0.0000,-12.7646,0.0000,-12.8078,0.0000,0.0000,0.000,0.000,,0.0,,,,,,,0,,0
37.7245,1790252675.243339,0.0200,0,,,0.000,,,0.0000,0.0000,0.0000,0.0000,0.0000,-13.0000,,,,CHO,0.0000,-12.7646,0.0000,-12.8078,0.0000,0.0000,0.000,0.000,,0.0,,,,,,,0,,0
37.7448,1790252675.263675,0.0203,0,,,0.000,,,0.0000,0.0000,0.0000,0.0000,0.0000,-13.0000,,,,CHO,0.0000,-12.7646,0.0000,-12.8078,0.0000,0.0000,0.000,0.000,,0.0,,,,,,,0,,0
37.7652,1790252675.284059,0.0204,0,,,0.000,,,0.0000,0.0000,0.0000,0.0000,0.0000,-13.0000,,,,CHO,0.0000,-12.7646,0.0000,-12.8078,0.0000,0.0000,0.000,0.000,,0.0,,,,,,,0,,0
37.7855,1790252675.304490,0.0203,0,,,0.000,,,0.0000,0.0000,0.0000,0.0000,0.0000,-13.0000,,,,CHO,0.0000,-12.7646,0.0000,-12.8078,0.0000,0.0000,0.000,0.000,,0.0,,,,,,,0,,0
37.8062,1790252675.325006,0.0206,0,,,0.000,,,0.0000,0.0000,0.0000,0.0000,0.0000,-13.0000,,,,CHO,0.0000,-12.7646,0.0000,-12.8078,0.0000,0.0000,0.000,0.000,,0.0,,,,,,,0,,0
37.8262,1790252675.345076,0.0201,0,,,0.000,,,0.0000,0.0000,0.0000,0.0000,0.0000,-13.0000,,,,CHO,0.0000,-12.7646,0.0000,-12.8078,0.0000,0.0000,0.000,0.000,,0.0,,,,,,,0,,0
37.8464,1790252675.365348,0.0202,0,,,0.000,,,0.0000,0.0000,0.0000,0.0000,0.0000,-13.0000,,,,CHO,0.0000,-12.7646,0.0000,-12.8078,0.0000,0.0000,0.000,0.000,,0.0,,,,,,,0,,0
37.8666,1790252675.385399,0.0202,0,,,0.000,,,0.0000,0.0000,0.0000,0.0000,0.0000,-13.0000,,,,CHO,0.0000,-12.7646,0.0000,-12.8078,0.0000,0.0000,0.000,0.000,,0.0,,,,,,,0,,0
37.8873,1790252675.406094,0.0208,0,,,0.000,,,0.0000,0.0000,0.0000,0.0000,0.0000,-13.0000,,,,CHO,0.0000,-12.7646,0.0000,-12.8078,0.0000,0.0000,0.000,0.000,,0.0,,,,,,,0,,0
37.9079,1790252675.426822,0.0205,0,,,0.000,,,0.0000,0.0000,0.0000,0.0000,0.0000,-13.0000,,,,CHO,0.0000,-12.7646,0.0000,-12.8078,0.0000,0.0000,0.000,0.000,,0.0,,,,,,,0,,0
37.9286,1790252675.447526,0.0207,0,,,0.000,,,0.0000,0.0000,0.0000,0.0000,0.0000,-13.0000,,,,CHO,0.0000,-12.7646,0.0000,-12.8078,0.0000,0.0000,0.000,0.000,,0.0,,,,,,,0,,0
37.9491,1790252675.468075,0.0205,0,,,0.000,,,0.0000,0.0000,0.0000,0.0000,0.0000,-13.0000,,,,CHO,0.0000,-12.7646,0.0000,-12.8078,0.0000,0.0000,0.000,0.000,,0.0,,,,,,,0,,0
37.9696,1790252675.488365,0.0205,0,,,0.000,,,0.0000,0.0000,0.0000,0.0000,0.0000,-13.0000,,,,CHO,0.0000,-12.7646,0.0000,-12.8078,0.0000,0.0000,0.000,0.000,,0.0,,,,,,,0,,0
37.9903,1790252675.509075,0.0207,0,,,0.000,,,0.0000,0.0000,0.0000,0.0000,0.0000,-13.0000,,,,CHO,0.0000,-12.7646,0.0000,-12.8078,0.0000,0.0000,0.000,0.000,,0.0,,,,,,,0,,0
38.0104,1790252675.529151,0.0201,0,,,0.000,,,0.0000,0.0000,0.0000,0.0000,0.0000,-13.0000,,,,CHO,0.0000,-12.7646,0.0000,-12.8078,0.0000,0.0000,0.000,0.000,,0.0,,,,,,,0,,0
38.0306,1790252675.549417,0.0202,0,,,0.000,,,0.0000,0.0000,0.0000,0.0000,0.0000,-13.0000,,,,CHO,0.0000,-12.7646,0.0000,-12.8078,0.0000,0.0000,0.000,0.000,,0.0,,,,,,,0,,0
38.0507,1790252675.569573,0.0201,0,,,0.000,,,0.0000,0.0000,0.0000,0.0000,0.0000,-13.0000,,,,CHO,0.0000,-12.7646,0.0000,-12.8078,0.0000,0.0000,0.000,0.000,,0.0,,,,,,,0,,0
38.0711,1790252675.590018,0.0204,0,,,0.000,,,0.0000,0.0000,0.0000,0.0000,0.0000,-13.0000,,,,CHO,0.0000,-12.7646,0.0000,-12.8078,0.0000,0.0000,0.000,0.000,,0.0,,,,,,,0,,0
38.0914,1790252675.610139,0.0203,0,,,0.000,,,0.0000,0.0000,0.0000,0.0000,0.0000,-13.0000,,,,CHO,0.0000,-12.7646,0.0000,-12.8078,0.0000,0.0000,0.000,0.000,,0.0,,,,,,,0,,0
38.1122,1790252675.631006,0.0209,0,,,0.000,,,0.0000,0.0000,0.0000,0.0000,0.0000,-13.0000,,,,CHO,0.0000,-12.7646,0.0000,-12.8078,0.0000,0.0000,0.000,0.000,,0.0,,,,,,,0,,0
38.1327,1790252675.651502,0.0205,0,,,0.000,,,0.0000,0.0000,0.0000,0.0000,0.0000,-13.0000,,,,CHO,0.0000,-12.7646,0.0000,-12.8078,0.0000,0.0000,0.000,0.000,,0.0,,,,,,,0,,0
38.1528,1790252675.671638,0.0201,0,,,0.000,,,0.0000,0.0000,0.0000,0.0000,0.0000,-13.0000,,,,CHO,0.0000,-12.7646,0.0000,-12.8078,0.0000,0.0000,0.000,0.000,,0.0,,,,,,,0,,0
38.1736,1790252675.692381,0.0208,0,,,0.000,,,0.0000,0.0000,0.0000,0.0000,0.0000,-13.0000,,,,CHO,0.0000,-12.7646,0.0000,-12.8078,0.0000,0.0000,0.000,0.000,,0.0,,,,,,,0,,0
38.1942,1790252675.713025,0.0206,0,,,0.000,,,0.0000,0.0000,0.0000,0.0000,0.0000,-13.0000,,,,CHO,0.0000,-12.7646,0.0000,-12.8078,0.0000,0.0000,0.000,0.000,,0.0,,,,,,,0,,0
38.2146,1790252675.733505,0.0204,0,,,0.000,,,0.0000,0.0000,0.0000,0.0000,0.0000,-13.0000,,,,CHO,0.0000,-12.7646,0.0000,-12.8078,0.0000,0.0000,0.000,0.000,,0.0,,,,,,,0,,0
38.2350,1790252675.753903,0.0203,0,,,0.000,,,0.0000,0.0000,0.0000,0.0000,0.0000,-13.0000,,,,CHO,0.0000,-12.7646,0.0000,-12.8078,0.0000,0.0000,0.000,0.000,,0.0,,,,,,,0,,0
38.2553,1790252675.774179,0.0203,0,,,0.000,,,0.0000,0.0000,0.0000,0.0000,0.0000,-13.0000,,,,CHO,0.0000,-12.7646,0.0000,-12.8078,0.0000,0.0000,0.000,0.000,,0.0,,,,,,,0,,0
38.2755,1790252675.794235,0.0202,0,,,0.000,,,0.0000,0.0000,0.0000,0.0000,0.0000,-13.0000,,,,CHO,0.0000,-12.7646,0.0000,-12.8078,0.0000,0.0000,0.000,0.000,,0.0,,,,,,,0,,0
38.2955,1790252675.814420,0.0200,0,,,0.000,,,0.0000,0.0000,0.0000,0.0000,0.0000,-13.0000,,,,CHO,0.0000,-12.7646,0.0000,-12.8078,0.0000,0.0000,0.000,0.000,,0.0,,,,,,,0,,0
38.3159,1790252675.834454,0.0204,0,,,0.000,,,0.0000,0.0000,0.0000,0.0000,0.0000,-13.0000,,,,CHO,0.0000,-12.7646,0.0000,-12.8078,0.0000,0.0000,0.000,0.000,,0.0,,,,,,,0,,0
38.3360,1790252675.854836,0.0201,0,,,0.000,,,0.0000,0.0000,0.0000,0.0000,0.0000,-13.0000,,,,CHO,0.0000,-12.7646,0.0000,-12.8078,0.0000,0.0000,0.000,0.000,,0.0,,,,,,,0,,0
38.3563,1790252675.875037,0.0203,0,,,0.000,,,0.0000,0.0000,0.0000,0.0000,0.0000,-13.0000,,,,CHO,0.0000,-12.7646,0.0000,-12.8078,0.0000,0.0000,0.000,0.000,,0.0,,,,,,,0,,0
38.3765,1790252675.895380,0.0202,0,,,0.000,,,0.0000,0.0000,0.0000,0.0000,0.0000,-13.0000,,,,CHO,0.0000,-12.7646,0.0000,-12.8078,0.0000,0.0000,0.000,0.000,,0.0,,,,,,,0,,0
38.3972,1790252675.915982,0.0207,0,,,0.000,,,0.0000,0.0000,0.0000,0.0000,0.0000,-13.0000,,,,CHO,0.0000,-12.7646,0.0000,-12.8078,0.0000,0.0000,0.000,0.000,,0.0,,,,,,,0,,0
38.4173,1790252675.936187,0.0200,0,,,0.000,,,0.0000,0.0000,0.0000,0.0000,0.0000,-13.0000,,,,CHO,0.0000,-12.7646,0.0000,-12.8078,0.0000,0.0000,0.000,0.000,,0.0,,,,,,,0,,0
38.4375,1790252675.956482,0.0203,0,,,0.000,,,0.0000,0.0000,0.0000,0.0000,0.0000,-13.0000,,,,CHO,0.0000,-12.7646,0.0000,-12.8078,0.0000,0.0000,0.000,0.000,,0.0,,,,,,,0,,0
38.4580,1790252675.976768,0.0204,0,,,0.000,,,0.0000,0.0000,0.0000,0.0000,0.0000,-13.0000,,,,CHO,0.0000,-12.7646,0.0000,-12.8078,0.0000,0.0000,0.000,0.000,,0.0,,,,,,,0,,0
38.4782,1790252675.997142,0.0202,0,,,0.000,,,0.0000,0.0000,0.0000,0.0000,0.0000,-13.0000,,,,CHO,0.0000,-12.7646,0.0000,-12.8078,0.0000,0.0000,0.000,0.000,,0.0,,,,,,,0,,0
38.4985,1790252676.017422,0.0203,0,,,0.000,,,0.0000,0.0000,0.0000,0.0000,0.0000,-13.0000,,,,CHO,0.0000,-12.7646,0.0000,-12.8078,0.0000,0.0000,0.000,0.000,,0.0,,,,,,,0,,0
38.5192,1790252676.038155,0.0207,0,,,0.000,,,0.0000,0.0000,0.0000,0.0000,0.0000,-13.0000,,,,CHO,0.0000,-12.7646,0.0000,-12.8078,0.0000,0.0000,0.000,0.000,,0.0,,,,,,,0,,0
38.5399,1790252676.058790,0.0207,0,,,0.000,,,0.0000,0.0000,0.0000,0.0000,0.0000,-13.0000,,,,CHO,0.0000,-12.7646,0.0000,-12.8078,0.0000,0.0000,0.000,0.000,,0.0,,,,,,,0,,0
38.5600,1790252676.078718,0.0201,0,,,0.000,,,0.0000,0.0000,0.0000,0.0000,0.0000,-13.0000,,,,CHO,0.0000,-12.7646,0.0000,-12.8078,0.0000,0.0000,0.000,0.000,,0.0,,,,,,,0,,0
38.5803,1790252676.099022,0.0203,0,,,0.000,,,0.0000,0.0000,0.0000,0.0000,0.0000,-13.0000,,,,CHO,0.0000,-12.7646,0.0000,-12.8078,0.0000,0.0000,0.000,0.000,,0.0,,,,,,,0,,0
38.6005,1790252676.119344,0.0202,0,,,0.000,,,0.0000,0.0000,0.0000,0.0000,0.0000,-13.0000,,,,CHO,0.0000,-12.7646,0.0000,-12.8078,0.0000,0.0000,0.000,0.000,,0.0,,,,,,,0,,0
38.6205,1790252676.139288,0.0200,0,,,0.000,,,0.0000,0.0000,0.0000,0.0000,0.0000,-13.0000,,,,CHO,0.0000,-12.7646,0.0000,-12.8078,0.0000,0.0000,0.000,0.000,,0.0,,,,,,,0,,0
38.6405,1790252676.159335,0.0201,0,,,0.000,,,0.0000,0.0000,0.0000,0.0000,0.0000,-13.0000,,,,CHO,0.0000,-12.7646,0.0000,-12.8078,0.0000,0.0000,0.000,0.000,,0.0,,,,,,,0,,0
38.6606,1790252676.179574,0.0201,0,,,0.000,,,0.0000,0.0000,0.0000,0.0000,0.0000,-13.0000,,,,CHO,0.0000,-12.7646,0.0000,-12.8078,0.0000,0.0000,0.000,0.000,,0.0,,,,,,,0,,0
38.6809,1790252676.199800,0.0203,0,,,0.000,,,0.0000,0.0000,0.0000,0.0000,0.0000,-13.0000,,,,CHO,0.0000,-12.7646,0.0000,-12.8078,0.0000,0.0000,0.000,0.000,,0.0,,,,,,,0,,0
38.7015,1790252676.220377,0.0206,0,,,0.000,,,0.0000,0.0000,0.0000,0.0000,0.0000,-13.0000,,,,CHO,0.0000,-12.7646,0.0000,-12.8078,0.0000,0.0000,0.000,0.000,,0.0,,,,,,,0,,0
38.7219,1790252676.240805,0.0203,0,,,0.000,,,0.0000,0.0000,0.0000,0.0000,0.0000,-13.0000,,,,CHO,0.0000,-12.7646,0.0000,-12.8078,0.0000,0.0000,0.000,0.000,,0.0,,,,,,,0,,0
38.7421,1790252676.260893,0.0203,0,,,0.000,,,0.0000,0.0000,0.0000,0.0000,0.0000,-13.0000,,,,CHO,0.0000,-12.7646,0.0000,-12.8078,0.0000,0.0000,0.000,0.000,,0.0,,,,,,,0,,0
38.7623,1790252676.281101,0.0201,0,,,0.000,,,0.0000,0.0000,0.0000,0.0000,0.0000,-13.0000,,,,CHO,0.0000,-12.7646,0.0000,-12.8078,0.0000,0.0000,0.000,0.000,,0.0,,,,,,,0,,0
38.7823,1790252676.301075,0.0200,0,,,0.000,,,0.0000,0.0000,0.0000,0.0000,0.0000,-13.0000,,,,CHO,0.0000,-12.7646,0.0000,-12.8078,0.0000,0.0000,0.000,0.000,,0.0,,,,,,,0,,0
38.8028,1790252676.321762,0.0205,0,,,0.000,,,0.0000,0.0000,0.0000,0.0000,0.0000,-13.0000,,,,CHO,0.0000,-12.7646,0.0000,-12.8078,0.0000,0.0000,0.000,0.000,,0.0,,,,,,,0,,0
38.8233,1790252676.342101,0.0205,0,,,0.000,,,0.0000,0.0000,0.0000,0.0000,0.0000,-13.0000,,,,CHO,0.0000,-12.7646,0.0000,-12.8078,0.0000,0.0000,0.000,0.000,,0.0,,,,,,,0,,0
38.8436,1790252676.362410,0.0203,0,,,0.000,,,0.0000,0.0000,0.0000,0.0000,0.0000,-13.0000,,,,CHO,0.0000,-12.7646,0.0000,-12.8078,0.0000,0.0000,0.000,0.000,,0.0,,,,,,,0,,0
38.8638,1790252676.382594,0.0202,0,,,0.000,,,0.0000,0.0000,0.0000,0.0000,0.0000,-13.0000,,,,CHO,0.0000,-12.7646,0.0000,-12.8078,0.0000,0.0000,0.000,0.000,,0.0,,,,,,,0,,0
38.8839,1790252676.402826,0.0200,0,,,0.000,,,0.0000,0.0000,0.0000,0.0000,0.0000,-13.0000,,,,CHO,0.0000,-12.7646,0.0000,-12.8078,0.0000,0.0000,0.000,0.000,,0.0,,,,,,,0,,0
38.9044,1790252676.423352,0.0206,0,,,0.000,,,0.0000,0.0000,0.0000,0.0000,0.0000,-13.0000,,,,CHO,0.0000,-12.7646,0.0000,-12.8078,0.0000,0.0000,0.000,0.000,,0.0,,,,,,,0,,0
38.9248,1790252676.443614,0.0203,0,,,0.000,,,0.0000,0.0000,0.0000,0.0000,0.0000,-13.0000,,,,CHO,0.0000,-12.7646,0.0000,-12.8078,0.0000,0.0000,0.000,0.000,,0.0,,,,,,,0,,0
38.9453,1790252676.464233,0.0205,0,,,0.000,,,0.0000,0.0000,0.0000,0.0000,0.0000,-13.0000,,,,CHO,0.0000,-12.7646,0.0000,-12.8078,0.0000,0.0000,0.000,0.000,,0.0,,,,,,,0,,0
38.9660,1790252676.484767,0.0207,0,,,0.000,,,0.0000,0.0000,0.0000,0.0000,0.0000,-13.0000,,,,CHO,0.0000,-12.7646,0.0000,-12.8078,0.0000,0.0000,0.000,0.000,,0.0,,,,,,,0,,0
38.9861,1790252676.504847,0.0201,0,,,0.000,,,0.0000,0.0000,0.0000,0.0000,0.0000,-13.0000,,,,CHO,0.0000,-12.7646,0.0000,-12.8078,0.0000,0.0000,0.000,0.000,,0.0,,,,,,,0,,0
39.0064,1790252676.525338,0.0203,0,,,0.000,,,0.0000,0.0000,0.0000,0.0000,0.0000,-13.0000,,,,CHO,0.0000,-12.7646,0.0000,-12.8078,0.0000,0.0000,0.000,0.000,,0.0,,,,,,,0,,0
39.0265,1790252676.545404,0.0201,0,,,0.000,,,0.0000,0.0000,0.0000,0.0000,0.0000,-13.0000,,,,CHO,0.0000,-12.7646,0.0000,-12.8078,0.0000,0.0000,0.000,0.000,,0.0,,,,,,,0,,0
39.0466,1790252676.565407,0.0202,0,,,0.000,,,0.0000,0.0000,0.0000,0.0000,0.0000,-13.0000,,,,CHO,0.0000,-12.7646,0.0000,-12.8078,0.0000,0.0000,0.000,0.000,,0.0,,,,,,,0,,0
39.0672,1790252676.586226,0.0205,0,,,0.000,,,0.0000,0.0000,0.0000,0.0000,0.0000,-13.0000,,,,CHO,0.0000,-12.7646,0.0000,-12.8078,0.0000,0.0000,0.000,0.000,,0.0,,,,,,,0,,0
39.0873,1790252676.606214,0.0202,0,,,0.000,,,0.0000,0.0000,0.0000,0.0000,0.0000,-13.0000,,,,CHO,0.0000,-12.7646,0.0000,-12.8078,0.0000,0.0000,0.000,0.000,,0.0,,,,,,,0,,0
39.1075,1790252676.626405,0.0202,0,,,0.000,,,0.0000,0.0000,0.0000,0.0000,0.0000,-13.0000,,,,CHO,0.0000,-12.7646,0.0000,-12.8078,0.0000,0.0000,0.000,0.000,,0.0,,,,,,,0,,0
39.1286,1790252676.647497,0.0211,0,,,0.000,,,0.0000,0.0000,0.0000,0.0000,0.0000,-13.0000,,,,CHO,0.0000,-12.7646,0.0000,-12.8078,0.0000,0.0000,0.000,0.000,,0.0,,,,,,,0,,0
39.1494,1790252676.667794,0.0209,0,,,0.000,,,0.0000,0.0000,0.0000,0.0000,0.0000,-13.0000,,,,CHO,0.0000,-12.7646,0.0000,-12.8078,0.0000,0.0000,0.000,0.000,,0.0,,,,,,,0,,0
39.1695,1790252676.688372,0.0200,0,,,0.000,,,0.0000,0.0000,0.0000,0.0000,0.0000,-13.0000,,,,CHO,0.0000,-12.7646,0.0000,-12.8078,0.0000,0.0000,0.000,0.000,,0.0,,,,,,,0,,0
39.1897,1790252676.708642,0.0202,0,,,0.000,,,0.0000,0.0000,0.0000,0.0000,0.0000,-13.0000,,,,CHO,0.0000,-12.7646,0.0000,-12.8078,0.0000,0.0000,0.000,0.000,,0.0,,,,,,,0,,0
39.2099,1790252676.728620,0.0202,0,,,0.000,,,0.0000,0.0000,0.0000,0.0000,0.0000,-13.0000,,,,CHO,0.0000,-12.7646,0.0000,-12.8078,0.0000,0.0000,0.000,0.000,,0.0,,,,,,,0,,0
39.2306,1790252676.749415,0.0207,0,,,0.000,,,0.0000,0.0000,0.0000,0.0000,0.0000,-13.0000,,,,CHO,0.0000,-12.7646,0.0000,-12.8078,0.0000,0.0000,0.000,0.000,,0.0,,,,,,,0,,0
39.2509,1790252676.769734,0.0203,0,,,0.000,,,0.0000,0.0000,0.0000,0.0000,0.0000,-13.0000,,,,CHO,0.0000,-12.7646,0.0000,-12.8078,0.0000,0.0000,0.000,0.000,,0.0,,,,,,,0,,0
39.2710,1790252676.789783,0.0201,0,,,0.000,,,0.0000,0.0000,0.0000,0.0000,0.0000,-13.0000,,,,CHO,0.0000,-12.7646,0.0000,-12.8078,0.0000,0.0000,0.000,0.000,,0.0,,,,,,,0,,0
39.2916,1790252676.810476,0.0206,0,,,0.000,,,0.0000,0.0000,0.0000,0.0000,0.0000,-13.0000,,,,CHO,0.0000,-12.7646,0.0000,-12.8078,0.0000,0.0000,0.000,0.000,,0.0,,,,,,,0,,0
39.3116,1790252676.830491,0.0200,0,,,0.000,,,0.0000,0.0000,0.0000,0.0000,0.0000,-13.0000,,,,CHO,0.0000,-12.7646,0.0000,-12.8078,0.0000,0.0000,0.000,0.000,,0.0,,,,,,,0,,0
39.3320,1790252676.850967,0.0204,0,,,0.000,,,0.0000,0.0000,0.0000,0.0000,0.0000,-13.0000,,,,CHO,0.0000,-12.7646,0.0000,-12.8078,0.0000,0.0000,0.000,0.000,,0.0,,,,,,,0,,0
39.3525,1790252676.871398,0.0204,0,,,0.000,,,0.0000,0.0000,0.0000,0.0000,0.0000,-13.0000,,,,CHO,0.0000,-12.7646,0.0000,-12.8078,0.0000,0.0000,0.000,0.000,,0.0,,,,,,,0,,0
39.3730,1790252676.891833,0.0205,0,,,0.000,,,0.0000,0.0000,0.0000,0.0000,0.0000,-13.0000,,,,CHO,0.0000,-12.7646,0.0000,-12.8078,0.0000,0.0000,0.000,0.000,,0.0,,,,,,,0,,0
39.3932,1790252676.912026,0.0202,0,,,0.000,,,0.0000,0.0000,0.0000,0.0000,0.0000,-13.0000,,,,CHO,0.0000,-12.7646,0.0000,-12.8078,0.0000,0.0000,0.000,0.000,,0.0,,,,,,,0,,0
39.4137,1790252676.932568,0.0205,0,,,0.000,,,0.0000,0.0000,0.0000,0.0000,0.0000,-13.0000,,,,CHO,0.0000,-12.7646,0.0000,-12.8078,0.0000,0.0000,0.000,0.000,,0.0,,,,,,,0,,0
39.4339,1790252676.952765,0.0202,0,,,0.000,,,0.0000,0.0000,0.0000,0.0000,0.0000,-13.0000,,,,CHO,0.0000,-12.7646,0.0000,-12.8078,0.0000,0.0000,0.000,0.000,,0.0,,,,,,,0,,0
39.4544,1790252676.973348,0.0206,0,,,0.000,,,0.0000,0.0000,0.0000,0.0000,0.0000,-13.0000,,,,CHO,0.0000,-12.7646,0.0000,-12.8078,0.0000,0.0000,0.000,0.000,,0.0,,,,,,,0,,0
39.4748,1790252676.993641,0.0203,0,,,0.000,,,0.0000,0.0000,0.0000,0.0000,0.0000,-13.0000,,,,CHO,0.0000,-12.7646,0.0000,-12.8078,0.0000,0.0000,0.000,0.000,,0.0,,,,,,,0,,0
39.4952,1790252677.014046,0.0204,0,,,0.000,,,0.0000,0.0000,0.0000,0.0000,0.0000,-13.0000,,,,CHO,0.0000,-12.7646,0.0000,-12.8078,0.0000,0.0000,0.000,0.000,,0.0,,,,,,,0,,0
39.5157,1790252677.034544,0.0206,0,,,0.000,,,0.0000,0.0000,0.0000,0.0000,0.0000,-13.0000,,,,CHO,0.0000,-12.7646,0.0000,-12.8078,0.0000,0.0000,0.000,0.000,,0.0,,,,,,,0,,0
39.5363,1790252677.055217,0.0205,0,,,0.000,,,0.0000,0.0000,0.0000,0.0000,0.0000,-13.0000,,,,CHO,0.0000,-12.7646,0.0000,-12.8078,0.0000,0.0000,0.000,0.000,,0.0,,,,,,,0,,0
39.5564,1790252677.075333,0.0202,0,,,0.000,,,0.0000,0.0000,0.0000,0.0000,0.0000,-13.0000,,,,CHO,0.0000,-12.7646,0.0000,-12.8078,0.0000,0.0000,0.000,0.000,,0.0,,,,,,,0,,0
39.5765,1790252677.095363,0.0200,0,,,0.000,,,0.0000,0.0000,0.0000,0.0000,0.0000,-13.0000,,,,CHO,0.0000,-12.7646,0.0000,-12.8078,0.0000,0.0000,0.000,0.000,,0.0,,,,,,,0,,0
39.5966,1790252677.115497,0.0201,0,,,0.000,,,0.0000,0.0000,0.0000,0.0000,0.0000,-13.0000,,,,CHO,0.0000,-12.7646,0.0000,-12.8078,0.0000,0.0000,0.000,0.000,,0.0,,,,,,,0,,0
39.6166,1790252677.135490,0.0201,0,,,0.000,,,0.0000,0.0000,0.0000,0.0000,0.0000,-13.0000,,,,CHO,0.0000,-12.7646,0.0000,-12.8078,0.0000,0.0000,0.000,0.000,,0.0,,,,,,,0,,0
39.6367,1790252677.155429,0.0200,0,,,0.000,,,0.0000,0.0000,0.0000,0.0000,0.0000,-13.0000,,,,CHO,0.0000,-12.7646,0.0000,-12.8078,0.0000,0.0000,0.000,0.000,,0.0,,,,,,,0,,0
39.6570,1790252677.175775,0.0203,0,,,0.000,,,0.0000,0.0000,0.0000,0.0000,0.0000,-13.0000,,,,CHO,0.0000,-12.7646,0.0000,-12.8078,0.0000,0.0000,0.000,0.000,,0.0,,,,,,,0,,0
39.6773,1790252677.196131,0.0203,0,,,0.000,,,0.0000,0.0000,0.0000,0.0000,0.0000,-13.0000,,,,CHO,0.0000,-12.7646,0.0000,-12.8078,0.0000,0.0000,0.000,0.000,,0.0,,,,,,,0,,0
39.6974,1790252677.216152,0.0200,0,,,0.000,,,0.0000,0.0000,0.0000,0.0000,0.0000,-13.0000,,,,CHO,0.0000,-12.7646,0.0000,-12.8078,0.0000,0.0000,0.000,0.000,,0.0,,,,,,,0,,0
39.7175,1790252677.236443,0.0201,0,,,0.000,,,0.0000,0.0000,0.0000,0.0000,0.0000,-13.0000,,,,CHO,0.0000,-12.7646,0.0000,-12.8078,0.0000,0.0000,0.000,0.000,,0.0,,,,,,,0,,0
39.7376,1790252677.256595,0.0201,0,,,0.000,,,0.0000,0.0000,0.0000,0.0000,0.0000,-13.0000,,,,CHO,0.0000,-12.7646,0.0000,-12.8078,0.0000,0.0000,0.000,0.000,,0.0,,,,,,,0,,0
39.7579,1790252677.276849,0.0203,0,,,0.000,,,0.0000,0.0000,0.0000,0.0000,0.0000,-13.0000,,,,CHO,0.0000,-12.7646,0.0000,-12.8078,0.0000,0.0000,0.000,0.000,,0.0,,,,,,,0,,0
39.7782,1790252677.297098,0.0203,0,,,0.000,,,0.0000,0.0000,0.0000,0.0000,0.0000,-13.0000,,,,CHO,0.0000,-12.7646,0.0000,-12.8078,0.0000,0.0000,0.000,0.000,,0.0,,,,,,,0,,0
39.7985,1790252677.317316,0.0202,0,,,0.000,,,0.0000,0.0000,0.0000,0.0000,0.0000,-13.0000,,,,CHO,0.0000,-12.7646,0.0000,-12.8078,0.0000,0.0000,0.000,0.000,,0.0,,,,,,,0,,0
39.8190,1790252677.337833,0.0206,0,,,0.000,,,0.0000,0.0000,0.0000,0.0000,0.0000,-13.0000,,,,CHO,0.0000,-12.7646,0.0000,-12.8078,0.0000,0.0000,0.000,0.000,,0.0,,,,,,,0,,0
39.8392,1790252677.358114,0.0202,0,,,0.000,,,0.0000,0.0000,0.0000,0.0000,0.0000,-13.0000,,,,CHO,0.0000,-12.7646,0.0000,-12.8078,0.0000,0.0000,0.000,0.000,,0.0,,,,,,,0,,0
39.8602,1790252677.378941,0.0209,0,,,0.000,,,0.0000,0.0000,0.0000,0.0000,0.0000,-13.0000,,,,CHO,0.0000,-12.7646,0.0000,-12.8078,0.0000,0.0000,0.000,0.000,,0.0,,,,,,,0,,0
39.8805,1790252677.399248,0.0203,0,,,0.000,,,0.0000,0.0000,0.0000,0.0000,0.0000,-13.0000,,,,CHO,0.0000,-12.7646,0.0000,-12.8078,0.0000,0.0000,0.000,0.000,,0.0,,,,,,,0,,0
39.9012,1790252677.420143,0.0207,0,,,0.000,,,0.0000,0.0000,0.0000,0.0000,0.0000,-13.0000,,,,CHO,0.0000,-12.7646,0.0000,-12.8078,0.0000,0.0000,0.000,0.000,,0.0,,,,,,,0,,0
39.9217,1790252677.440512,0.0205,0,,,0.000,,,0.0000,0.0000,0.0000,0.0000,0.0000,-13.0000,,,,CHO,0.0000,-12.7646,0.0000,-12.8078,0.0000,0.0000,0.000,0.000,,0.0,,,,,,,0,,0
39.9419,1790252677.460590,0.0202,0,,,0.000,,,0.0000,0.0000,0.0000,0.0000,0.0000,-13.0000,,,,CHO,0.0000,-12.7646,0.0000,-12.8078,0.0000,0.0000,0.000,0.000,,0.0,,,,,,,0,,0
39.9620,1790252677.480885,0.0201,0,,,0.000,,,0.0000,0.0000,0.0000,0.0000,0.0000,-13.0000,,,,CHO,0.0000,-12.7646,0.0000,-12.8078,0.0000,0.0000,0.000,0.000,,0.0,,,,,,,0,,0
39.9820,1790252677.500867,0.0200,0,,,0.000,,,0.0000,0.0000,0.0000,0.0000,0.0000,-13.0000,,,,CHO,0.0000,-12.7646,0.0000,-12.8078,0.0000,0.0000,0.000,0.000,,0.0,,,,,,,0,,0
40.0026,1790252677.521528,0.0206,0,,,0.000,,,0.0000,0.0000,0.0000,0.0000,0.0000,-13.0000,,,,CHO,0.0000,-12.7646,0.0000,-12.8078,0.0000,0.0000,0.000,0.000,,0.0,,,,,,,0,,0
40.0232,1790252677.542040,0.0205,0,,,0.000,,,0.0000,0.0000,0.0000,0.0000,0.0000,-13.0000,,,,CHO,0.0000,-12.7646,0.0000,-12.8078,0.0000,0.0000,0.000,0.000,,0.0,,,,,,,0,,0
40.0436,1790252677.562500,0.0205,0,,,0.000,,,0.0000,0.0000,0.0000,0.0000,0.0000,-13.0000,,,,CHO,0.0000,-12.7646,0.0000,-12.8078,0.0000,0.0000,0.000,0.000,,0.0,,,,,,,0,,0
40.0637,1790252677.582527,0.0200,0,,,0.000,,,0.0000,0.0000,0.0000,0.0000,0.0000,-13.0000,,,,CHO,0.0000,-12.7646,0.0000,-12.8078,0.0000,0.0000,0.000,0.000,,0.0,,,,,,,0,,0
40.0842,1790252677.603079,0.0205,0,,,0.000,,,0.0000,0.0000,0.0000,0.0000,0.0000,-13.0000,,,,CHO,0.0000,-12.7646,0.0000,-12.8078,0.0000,0.0000,0.000,0.000,,0.0,,,,,,,0,,0
40.1044,1790252677.623299,0.0203,0,,,0.000,,,0.0000,0.0000,0.0000,0.0000,0.0000,-13.0000,,,,CHO,0.0000,-12.7646,0.0000,-12.8078,0.0000,0.0000,0.000,0.000,,0.0,,,,,,,0,,0
40.1248,1790252677.643544,0.0203,0,,,0.000,,,0.0000,0.0000,0.0000,0.0000,0.0000,-13.0000,,,,CHO,0.0000,-12.7646,0.0000,-12.8078,0.0000,0.0000,0.000,0.000,,0.0,,,,,,,0,,0
40.1448,1790252677.663509,0.0200,0,,,0.000,,,0.0000,0.0000,0.0000,0.0000,0.0000,-13.0000,,,,CHO,0.0000,-12.7646,0.0000,-12.8078,0.0000,0.0000,0.000,0.000,,0.0,,,,,,,0,,0
40.1650,1790252677.684303,0.0202,0,,,0.000,,,0.0000,0.0000,0.0000,0.0000,0.0000,-13.0000,,,,CHO,0.0000,-12.7646,0.0000,-12.8078,0.0000,0.0000,0.000,0.000,,0.0,,,,,,,0,,0
40.1852,1790252677.704134,0.0203,0,,,0.000,,,0.0000,0.0000,0.0000,0.0000,0.0000,-13.0000,,,,CHO,0.0000,-12.7646,0.0000,-12.8078,0.0000,0.0000,0.000,0.000,,0.0,,,,,,,0,,0
40.2053,1790252677.724197,0.0200,0,,,0.000,,,0.0000,0.0000,0.0000,0.0000,0.0000,-13.0000,,,,CHO,0.0000,-12.7646,0.0000,-12.8078,0.0000,0.0000,0.000,0.000,,0.0,,,,,,,0,,0
40.2255,1790252677.744427,0.0202,0,,,0.000,,,0.0000,0.0000,0.0000,0.0000,0.0000,-13.0000,,,,CHO,0.0000,-12.7646,0.0000,-12.8078,0.0000,0.0000,0.000,0.000,,0.0,,,,,,,0,,0
40.2463,1790252677.765112,0.0208,0,,,0.000,,,0.0000,0.0000,0.0000,0.0000,0.0000,-13.0000,,,,CHO,0.0000,-12.7646,0.0000,-12.8078,0.0000,0.0000,0.000,0.000,,0.0,,,,,,,0,,0
40.2663,1790252677.785248,0.0200,0,,,0.000,,,0.0000,0.0000,0.0000,0.0000,0.0000,-13.0000,,,,CHO,0.0000,-12.7646,0.0000,-12.8078,0.0000,0.0000,0.000,0.000,,0.0,,,,,,,0,,0
40.2864,1790252677.805341,0.0201,0,,,0.000,,,0.0000,0.0000,0.0000,0.0000,0.0000,-13.0000,,,,CHO,0.0000,-12.7646,0.0000,-12.8078,0.0000,0.0000,0.000,0.000,,0.0,,,,,,,0,,0
40.3071,1790252677.825889,0.0207,0,,,0.000,,,0.0000,0.0000,0.0000,0.0000,0.0000,-13.0000,,,,CHO,0.0000,-12.7646,0.0000,-12.8078,0.0000,0.0000,0.000,0.000,,0.0,,,,,,,0,,0
40.3273,1790252677.846037,0.0201,0,,,0.000,,,0.0000,0.0000,0.0000,0.0000,0.0000,-13.0000,,,,CHO,0.0000,-12.7646,0.0000,-12.8078,0.0000,0.0000,0.000,0.000,,0.0,,,,,,,0,,0
40.3479,1790252677.866755,0.0206,0,,,0.000,,,0.0000,0.0000,0.0000,0.0000,0.0000,-13.0000,,,,CHO,0.0000,-12.7646,0.0000,-12.8078,0.0000,0.0000,0.000,0.000,,0.0,,,,,,,0,,0
40.3679,1790252677.886670,0.0200,0,,,0.000,,,0.0000,0.0000,0.0000,0.0000,0.0000,-13.0000,,,,CHO,0.0000,-12.7646,0.0000,-12.8078,0.0000,0.0000,0.000,0.000,,0.0,,,,,,,0,,0
40.3882,1790252677.907073,0.0203,0,,,0.000,,,0.0000,0.0000,0.0000,0.0000,0.0000,-13.0000,,,,CHO,0.0000,-12.7646,0.0000,-12.8078,0.0000,0.0000,0.000,0.000,,0.0,,,,,,,0,,0
40.4087,1790252677.927983,0.0205,0,,,0.000,,,0.0000,0.0000,0.0000,0.0000,0.0000,-13.0000,,,,CHO,0.0000,-12.7646,0.0000,-12.8078,0.0000,0.0000,0.000,0.000,,0.0,,,,,,,0,,0
40.4290,1790252677.947788,0.0203,0,,,0.000,,,0.0000,0.0000,0.0000,0.0000,0.0000,-13.0000,,,,CHO,0.0000,-12.7646,0.0000,-12.8078,0.0000,0.0000,0.000,0.000,,0.0,,,,,,,0,,0
40.4490,1790252677.967881,0.0200,0,,,0.000,,,0.0000,0.0000,0.0000,0.0000,0.0000,-13.0000,,,,CHO,0.0000,-12.7646,0.0000,-12.8078,0.0000,0.0000,0.000,0.000,,0.0,,,,,,,0,,0
40.4690,1790252677.987796,0.0200,0,,,0.000,,,0.0000,0.0000,0.0000,0.0000,0.0000,-13.0000,,,,CHO,0.0000,-12.7646,0.0000,-12.8078,0.0000,0.0000,0.000,0.000,,0.0,,,,,,,0,,0
40.4895,1790252678.008276,0.0205,0,,,0.000,,,0.0000,0.0000,0.0000,0.0000,0.0000,-13.0000,,,,CHO,0.0000,-12.7646,0.0000,-12.8078,0.0000,0.0000,0.000,0.000,,0.0,,,,,,,0,,0
40.5097,1790252678.028568,0.0201,0,,,0.000,,,0.0000,0.0000,0.0000,0.0000,0.0000,-13.0000,,,,CHO,0.0000,-12.7646,0.0000,-12.8078,0.0000,0.0000,0.000,0.000,,0.0,,,,,,,0,,0
40.5300,1790252678.048927,0.0204,0,,,0.000,,,0.0000,0.0000,0.0000,0.0000,0.0000,-13.0000,,,,CHO,0.0000,-12.7646,0.0000,-12.8078,0.0000,0.0000,0.000,0.000,,0.0,,,,,,,0,,0
40.5503,1790252678.069220,0.0203,0,,,0.000,,,0.0000,0.0000,0.0000,0.0000,0.0000,-13.0000,,,,CHO,0.0000,-12.7646,0.0000,-12.8078,0.0000,0.0000,0.000,0.000,,0.0,,,,,,,0,,0
40.5706,1790252678.089482,0.0203,0,,,0.000,,,0.0000,0.0000,0.0000,0.0000,0.0000,-13.0000,,,,CHO,0.0000,-12.7646,0.0000,-12.8078,0.0000,0.0000,0.000,0.000,,0.0,,,,,,,0,,0
40.5910,1790252678.109892,0.0204,0,,,0.000,,,0.0000,0.0000,0.0000,0.0000,0.0000,-13.0000,,,,CHO,0.0000,-12.7646,0.0000,-12.8078,0.0000,0.0000,0.000,0.000,,0.0,,,,,,,0,,0
40.6110,1790252678.129906,0.0200,0,,,0.000,,,0.0000,0.0000,0.0000,0.0000,0.0000,-13.0000,,,,CHO,0.0000,-12.7646,0.0000,-12.8078,0.0000,0.0000,0.000,0.000,,0.0,,,,,,,0,,0
40.6316,1790252678.150841,0.0206,0,,,0.000,,,0.0000,0.0000,0.0000,0.0000,0.0000,-13.0000,,,,CHO,0.0000,-12.7646,0.0000,-12.8078,0.0000,0.0000,0.000,0.000,,0.0,,,,,,,0,,0
40.6523,1790252678.171039,0.0207,0,,,0.000,,,0.0000,0.0000,0.0000,0.0000,0.0000,-13.0000,,,,CHO,0.0000,-12.7646,0.0000,-12.8078,0.0000,0.0000,0.000,0.000,,0.0,,,,,,,0,,0
40.6727,1790252678.191649,0.0205,0,,,0.000,,,0.0000,0.0000,0.0000,0.0000,0.0000,-13.0000,,,,CHO,0.0000,-12.7646,0.0000,-12.8078,0.0000,0.0000,0.000,0.000,,0.0,,,,,,,0,,0
40.6931,1790252678.211963,0.0203,0,,,0.000,,,0.0000,0.0000,0.0000,0.0000,0.0000,-13.0000,,,,CHO,0.0000,-12.7646,0.0000,-12.8078,0.0000,0.0000,0.000,0.000,,0.0,,,,,,,0,,0
40.7132,1790252678.232016,0.0201,0,,,0.000,,,0.0000,0.0000,0.0000,0.0000,0.0000,-13.0000,,,,CHO,0.0000,-12.7646,0.0000,-12.8078,0.0000,0.0000,0.000,0.000,,0.0,,,,,,,0,,0
40.7335,1790252678.252417,0.0203,0,,,0.000,,,0.0000,0.0000,0.0000,0.0000,0.0000,-13.0000,,,,CHO,0.0000,-12.7646,0.0000,-12.8078,0.0000,0.0000,0.000,0.000,,0.0,,,,,,,0,,0
40.7538,1790252678.272676,0.0203,0,,,0.000,,,0.0000,0.0000,0.0000,0.0000,0.0000,-13.0000,,,,CHO,0.0000,-12.7646,0.0000,-12.8078,0.0000,0.0000,0.000,0.000,,0.0,,,,,,,0,,0
40.7739,1790252678.292588,0.0201,0,,,0.000,,,0.0000,0.0000,0.0000,0.0000,0.0000,-13.0000,,,,CHO,0.0000,-12.7646,0.0000,-12.8078,0.0000,0.0000,0.000,0.000,,0.0,,,,,,,0,,0
40.7939,1790252678.312663,0.0200,0,,,0.000,,,0.0000,0.0000,0.0000,0.0000,0.0000,-13.0000,,,,CHO,0.0000,-12.7646,0.0000,-12.8078,0.0000,0.0000,0.000,0.000,,0.0,,,,,,,0,,0
40.8144,1790252678.333183,0.0205,0,,,0.000,,,0.0000,0.0000,0.0000,0.0000,0.0000,-13.0000,,,,CHO,0.0000,-12.7646,0.0000,-12.8078,0.0000,0.0000,0.000,0.000,,0.0,,,,,,,0,,0
40.8347,1790252678.353606,0.0202,0,,,0.000,,,0.0000,0.0000,0.0000,0.0000,0.0000,-13.0000,,,,CHO,0.0000,-12.7646,0.0000,-12.8078,0.0000,0.0000,0.000,0.000,,0.0,,,,,,,0,,0
40.8547,1790252678.373511,0.0201,0,,,0.000,,,0.0000,0.0000,0.0000,0.0000,0.0000,-13.0000,,,,CHO,0.0000,-12.7646,0.0000,-12.8078,0.0000,0.0000,0.000,0.000,,0.0,,,,,,,0,,0
40.8749,1790252678.393855,0.0202,0,,,0.000,,,0.0000,0.0000,0.0000,0.0000,0.0000,-13.0000,,,,CHO,0.0000,-12.7646,0.0000,-12.8078,0.0000,0.0000,0.000,0.000,,0.0,,,,,,,0,,0
40.8950,1790252678.413826,0.0201,0,,,0.000,,,0.0000,0.0000,0.0000,0.0000,0.0000,-13.0000,,,,CHO,0.0000,-12.7646,0.0000,-12.8078,0.0000,0.0000,0.000,0.000,,0.0,,,,,,,0,,0
40.9153,1790252678.434448,0.0202,0,,,0.000,,,0.0000,0.0000,0.0000,0.0000,0.0000,-13.0000,,,,CHO,0.0000,-12.7646,0.0000,-12.8078,0.0000,0.0000,0.000,0.000,,0.0,,,,,,,0,,0
40.9359,1790252678.454804,0.0207,0,,,0.000,,,0.0000,0.0000,0.0000,0.0000,0.0000,-13.0000,,,,CHO,0.0000,-12.7646,0.0000,-12.8078,0.0000,0.0000,0.000,0.000,,0.0,,,,,,,0,,0
40.9567,1790252678.475529,0.0208,0,,,0.000,,,0.0000,0.0000,0.0000,0.0000,0.0000,-13.0000,,,,CHO,0.0000,-12.7646,0.0000,-12.8078,0.0000,0.0000,0.000,0.000,,0.0,,,,,,,0,,0
40.9769,1790252678.495726,0.0202,0,,,0.000,,,0.0000,0.0000,0.0000,0.0000,0.0000,-13.0000,,,,CHO,0.0000,-12.7646,0.0000,-12.8078,0.0000,0.0000,0.000,0.000,,0.0,,,,,,,0,,0
40.9972,1790252678.516060,0.0203,0,,,0.000,,,0.0000,0.0000,0.0000,0.0000,0.0000,-13.0000,,,,CHO,0.0000,-12.7646,0.0000,-12.8078,0.0000,0.0000,0.000,0.000,,0.0,,,,,,,0,,0
41.0180,1790252678.536689,0.0207,0,,,0.000,,,0.0000,0.0000,0.0000,0.0000,0.0000,-13.0000,,,,CHO,0.0000,-12.7646,0.0000,-12.8078,0.0000,0.0000,0.000,0.000,,0.0,,,,,,,0,,0
41.0381,1790252678.556969,0.0201,0,,,0.000,,,0.0000,0.0000,0.0000,0.0000,0.0000,-13.0000,,,,CHO,0.0000,-12.7646,0.0000,-12.8078,0.0000,0.0000,0.000,0.000,,0.0,,,,,,,0,,0
41.0586,1790252678.577409,0.0205,0,,,0.000,,,0.0000,0.0000,0.0000,0.0000,0.0000,-13.0000,,,,CHO,0.0000,-12.7646,0.0000,-12.8078,0.0000,0.0000,0.000,0.000,,0.0,,,,,,,0,,0
41.0793,1790252678.598186,0.0207,0,,,0.000,,,0.0000,0.0000,0.0000,0.0000,0.0000,-13.0000,,,,CHO,0.0000,-12.7646,0.0000,-12.8078,0.0000,0.0000,0.000,0.000,,0.0,,,,,,,0,,0
41.0999,1790252678.618777,0.0206,0,,,0.000,,,0.0000,0.0000,0.0000,0.0000,0.0000,-13.0000,,,,CHO,0.0000,-12.7646,0.0000,-12.8078,0.0000,0.0000,0.000,0.000,,0.0,,,,,,,0,,0
41.1203,1790252678.639001,0.0204,0,,,0.000,,,0.0000,0.0000,0.0000,0.0000,0.0000,-13.0000,,,,CHO,0.0000,-12.7646,0.0000,-12.8078,0.0000,0.0000,0.000,0.000,,0.0,,,,,,,0,,0
41.1410,1790252678.659762,0.0207,0,,,0.000,,,0.0000,0.0000,0.0000,0.0000,0.0000,-13.0000,,,,CHO,0.0000,-12.7646,0.0000,-12.8078,0.0000,0.0000,0.000,0.000,,0.0,,,,,,,0,,0
41.1616,1790252678.680164,0.0206,0,,,0.000,,,0.0000,0.0000,0.0000,0.0000,0.0000,-13.0000,,,,CHO,0.0000,-12.7646,0.0000,-12.8078,0.0000,0.0000,0.000,0.000,,0.0,,,,,,,0,,0
41.1820,1790252678.700812,0.0204,0,,,0.000,,,0.0000,0.0000,0.0000,0.0000,0.0000,-13.0000,,,,CHO,0.0000,-12.7646,0.0000,-12.8078,0.0000,0.0000,0.000,0.000,,0.0,,,,,,,0,,0
41.2023,1790252678.721182,0.0203,0,,,0.000,,,0.0000,0.0000,0.0000,0.0000,0.0000,-13.0000,,,,CHO,0.0000,-12.7646,0.0000,-12.8078,0.0000,0.0000,0.000,0.000,,0.0,,,,,,,0,,0
41.2223,1790252678.741249,0.0200,0,,,0.000,,,0.0000,0.0000,0.0000,0.0000,0.0000,-13.0000,,,,CHO,0.0000,-12.7646,0.0000,-12.8078,0.0000,0.0000,0.000,0.000,,0.0,,,,,,,0,,0
41.2429,1790252678.761842,0.0206,0,,,0.000,,,0.0000,0.0000,0.0000,0.0000,0.0000,-13.0000,,,,CHO,0.0000,-12.7646,0.0000,-12.8078,0.0000,0.0000,0.000,0.000,,0.0,,,,,,,0,,0
41.2632,1790252678.782070,0.0203,0,,,0.000,,,0.0000,0.0000,0.0000,0.0000,0.0000,-13.0000,,,,CHO,0.0000,-12.7646,0.0000,-12.8078,0.0000,0.0000,0.000,0.000,,0.0,,,,,,,0,,0
41.2833,1790252678.802194,0.0201,0,,,0.000,,,0.0000,0.0000,0.0000,0.0000,0.0000,-13.0000,,,,CHO,0.0000,-12.7646,0.0000,-12.8078,0.0000,0.0000,0.000,0.000,,0.0,,,,,,,0,,0
41.3042,1790252678.823060,0.0208,0,,,0.000,,,0.0000,0.0000,0.0000,0.0000,0.0000,-13.0000,,,,CHO,0.0000,-12.7646,0.0000,-12.8078,0.0000,0.0000,0.000,0.000,,0.0,,,,,,,0,,0
41.3251,1790252678.843849,0.0210,0,,,0.000,,,0.0000,0.0000,0.0000,0.0000,0.0000,-13.0000,,,,CHO,0.0000,-12.7646,0.0000,-12.8078,0.0000,0.0000,0.000,0.000,,0.0,,,,,,,0,,0
41.3456,1790252678.864511,0.0205,0,,,0.000,,,0.0000,0.0000,0.0000,0.0000,0.0000,-13.0000,,,,CHO,0.0000,-12.7646,0.0000,-12.8078,0.0000,0.0000,0.000,0.000,,0.0,,,,,,,0,,0
41.3657,1790252678.884559,0.0201,0,,,0.000,,,0.0000,0.0000,0.0000,0.0000,0.0000,-13.0000,,,,CHO,0.0000,-12.7646,0.0000,-12.8078,0.0000,0.0000,0.000,0.000,,0.0,,,,,,,0,,0
41.3860,1790252678.904831,0.0203,0,,,0.000,,,0.0000,0.0000,0.0000,0.0000,0.0000,-13.0000,,,,CHO,0.0000,-12.7646,0.0000,-12.8078,0.0000,0.0000,0.000,0.000,,0.0,,,,,,,0,,0
41.4062,1790252678.924985,0.0202,0,,,0.000,,,0.0000,0.0000,0.0000,0.0000,0.0000,-13.0000,,,,CHO,0.0000,-12.7646,0.0000,-12.8078,0.0000,0.0000,0.000,0.000,,0.0,,,,,,,0,,0
41.4265,1790252678.945362,0.0203,0,,,0.000,,,0.0000,0.0000,0.0000,0.0000,0.0000,-13.0000,,,,CHO,0.0000,-12.7646,0.0000,-12.8078,0.0000,0.0000,0.000,0.000,,0.0,,,,,,,0,,0
41.4470,1790252678.965812,0.0205,0,,,0.000,,,0.0000,0.0000,0.0000,0.0000,0.0000,-13.0000,,,,CHO,0.0000,-12.7646,0.0000,-12.8078,0.0000,0.0000,0.000,0.000,,0.0,,,,,,,0,,0
41.4679,1790252678.986771,0.0209,0,,,0.000,,,0.0000,0.0000,0.0000,0.0000,0.0000,-13.0000,,,,CHO,0.0000,-12.7646,0.0000,-12.8078,0.0000,0.0000,0.000,0.000,,0.0,,,,,,,0,,0
41.4881,1790252679.007013,0.0202,0,,,0.000,,,0.0000,0.0000,0.0000,0.0000,0.0000,-13.0000,,,,CHO,0.0000,-12.7646,0.0000,-12.8078,0.0000,0.0000,0.000,0.000,,0.0,,,,,,,0,,0
41.5087,1790252679.027350,0.0205,0,,,0.000,,,0.0000,0.0000,0.0000,0.0000,0.0000,-13.0000,,,,CHO,0.0000,-12.7646,0.0000,-12.8078,0.0000,0.0000,0.000,0.000,,0.0,,,,,,,0,,0
41.5293,1790252679.048204,0.0207,0,,,0.000,,,0.0000,0.0000,0.0000,0.0000,0.0000,-13.0000,,,,CHO,0.0000,-12.7646,0.0000,-12.8078,0.0000,0.0000,0.000,0.000,,0.0,,,,,,,0,,0
41.5495,1790252679.068431,0.0202,0,,,0.000,,,0.0000,0.0000,0.0000,0.0000,0.0000,-13.0000,,,,CHO,0.0000,-12.7646,0.0000,-12.8078,0.0000,0.0000,0.000,0.000,,0.0,,,,,,,0,,0
41.5700,1790252679.088877,0.0204,0,,,0.000,,,0.0000,0.0000,0.0000,0.0000,0.0000,-13.0000,,,,CHO,0.0000,-12.7646,0.0000,-12.8078,0.0000,0.0000,0.000,0.000,,0.0,,,,,,,0,,0
41.5901,1790252679.108979,0.0202,0,,,0.000,,,0.0000,0.0000,0.0000,0.0000,0.0000,-13.0000,,,,CHO,0.0000,-12.7646,0.0000,-12.8078,0.0000,0.0000,0.000,0.000,,0.0,,,,,,,0,,0
41.6103,1790252679.129192,0.0202,0,,,0.000,,,0.0000,0.0000,0.0000,0.0000,0.0000,-13.0000,,,,CHO,0.0000,-12.7646,0.0000,-12.8078,0.0000,0.0000,0.000,0.000,,0.0,,,,,,,0,,0
41.6308,1790252679.149746,0.0205,0,,,0.000,,,0.0000,0.0000,0.0000,0.0000,0.0000,-13.0000,,,,CHO,0.0000,-12.7646,0.0000,-12.8078,0.0000,0.0000,0.000,0.000,,0.0,,,,,,,0,,0
41.6511,1790252679.170016,0.0203,0,,,0.000,,,0.0000,0.0000,0.0000,0.0000,0.0000,-13.0000,,,,CHO,0.0000,-12.7646,0.0000,-12.8078,0.0000,0.0000,0.000,0.000,,0.0,,,,,,,0,,0
41.6712,1790252679.190063,0.0201,0,,,0.000,,,0.0000,0.0000,0.0000,0.0000,0.0000,-13.0000,,,,CHO,0.0000,-12.7646,0.0000,-12.8078,0.0000,0.0000,0.000,0.000,,0.0,,,,,,,0,,0
41.6916,1790252679.210462,0.0204,0,,,0.000,,,0.0000,0.0000,0.0000,0.0000,0.0000,-13.0000,,,,CHO,0.0000,-12.7646,0.0000,-12.8078,0.0000,0.0000,0.000,0.000,,0.0,,,,,,,0,,0
41.7117,1790252679.230600,0.0201,0,,,0.000,,,0.0000,0.0000,0.0000,0.0000,0.0000,-13.0000,,,,CHO,0.0000,-12.7646,0.0000,-12.8078,0.0000,0.0000,0.000,0.000,,0.0,,,,,,,0,,0
41.7318,1790252679.250728,0.0201,0,,,0.000,,,0.0000,0.0000,0.0000,0.0000,0.0000,-13.0000,,,,CHO,0.0000,-12.7646,0.0000,-12.8078,0.0000,0.0000,0.000,0.000,,0.0,,,,,,,0,,0
41.7519,1790252679.270717,0.0201,0,,,0.000,,,0.0000,0.0000,0.0000,0.0000,0.0000,-13.0000,,,,CHO,0.0000,-12.7646,0.0000,-12.8078,0.0000,0.0000,0.000,0.000,,0.0,,,,,,,0,,0
41.7725,1790252679.291413,0.0206,0,,,0.000,,,0.0000,0.0000,0.0000,0.0000,0.0000,-13.0000,,,,CHO,0.0000,-12.7646,0.0000,-12.8078,0.0000,0.0000,0.000,0.000,,0.0,,,,,,,0,,0
41.7932,1790252679.312018,0.0206,0,,,0.000,,,0.0000,0.0000,0.0000,0.0000,0.0000,-13.0000,,,,CHO,0.0000,-12.7646,0.0000,-12.8078,0.0000,0.0000,0.000,0.000,,0.0,,,,,,,0,,0
41.8132,1790252679.332067,0.0200,0,,,0.000,,,0.0000,0.0000,0.0000,0.0000,0.0000,-13.0000,,,,CHO,0.0000,-12.7646,0.0000,-12.8078,0.0000,0.0000,0.000,0.000,,0.0,,,,,,,0,,0
41.8333,1790252679.352251,0.0202,0,,,0.000,,,0.0000,0.0000,0.0000,0.0000,0.0000,-13.0000,,,,CHO,0.0000,-12.7646,0.0000,-12.8078,0.0000,0.0000,0.000,0.000,,0.0,,,,,,,0,,0
41.8538,1790252679.372711,0.0205,0,,,0.000,,,0.0000,0.0000,0.0000,0.0000,0.0000,-13.0000,,,,CHO,0.0000,-12.7646,0.0000,-12.8078,0.0000,0.0000,0.000,0.000,,0.0,,,,,,,0,,0
41.8741,1790252679.393011,0.0203,0,,,0.000,,,0.0000,0.0000,0.0000,0.0000,0.0000,-13.0000,,,,CHO,0.0000,-12.7646,0.0000,-12.8078,0.0000,0.0000,0.000,0.000,,0.0,,,,,,,0,,0
41.8945,1790252679.413421,0.0204,0,,,0.000,,,0.0000,0.0000,0.0000,0.0000,0.0000,-13.0000,,,,CHO,0.0000,-12.7646,0.0000,-12.8078,0.0000,0.0000,0.000,0.000,,0.0,,,,,,,0,,0
41.9148,1790252679.433621,0.0202,0,,,0.000,,,0.0000,0.0000,0.0000,0.0000,0.0000,-13.0000,,,,CHO,0.0000,-12.7646,0.0000,-12.8078,0.0000,0.0000,0.000,0.000,,0.0,,,,,,,0,,0
41.9349,1790252679.453721,0.0202,0,,,0.000,,,0.0000,0.0000,0.0000,0.0000,0.0000,-13.0000,,,,CHO,0.0000,-12.7646,0.0000,-12.8078,0.0000,0.0000,0.000,0.000,,0.0,,,,,,,0,,0
41.9553,1790252679.474203,0.0204,0,,,0.000,,,0.0000,0.0000,0.0000,0.0000,0.0000,-13.0000,,,,CHO,0.0000,-12.7646,0.0000,-12.8078,0.0000,0.0000,0.000,0.000,,0.0,,,,,,,0,,0
41.9753,1790252679.494241,0.0200,0,,,0.000,,,0.0000,0.0000,0.0000,0.0000,0.0000,-13.0000,,,,CHO,0.0000,-12.7646,0.0000,-12.8078,0.0000,0.0000,0.000,0.000,,0.0,,,,,,,0,,0
41.9967,1790252679.515636,0.0214,0,,,0.000,,,0.0000,0.0000,0.0000,0.0000,0.0000,-13.0000,,,,CHO,0.0000,-12.7646,0.0000,-12.8078,0.0000,0.0000,0.000,0.000,,0.0,,,,,,,0,,0
42.0173,1790252679.536176,0.0206,0,,,0.000,,,0.0000,0.0000,0.0000,0.0000,0.0000,-13.0000,,,,CHO,0.0000,-12.7646,0.0000,-12.8078,0.0000,0.0000,0.000,0.000,,0.0,,,,,,,0,,0
42.0379,1790252679.556844,0.0206,0,,,0.000,,,0.0000,0.0000,0.0000,0.0000,0.0000,-13.0000,,,,CHO,0.0000,-12.7646,0.0000,-12.8078,0.0000,0.0000,0.000,0.000,,0.0,,,,,,,0,,0
42.0581,1790252679.576914,0.0201,0,,,0.000,,,0.0000,0.0000,0.0000,0.0000,0.0000,-13.0000,,,,CHO,0.0000,-12.7646,0.0000,-12.8078,0.0000,0.0000,0.000,0.000,,0.0,,,,,,,0,,0
42.0782,1790252679.597098,0.0202,0,,,0.000,,,0.0000,0.0000,0.0000,0.0000,0.0000,-13.0000,,,,CHO,0.0000,-12.7646,0.0000,-12.8078,0.0000,0.0000,0.000,0.000,,0.0,,,,,,,0,,0
42.0984,1790252679.617297,0.0201,0,,,0.000,,,0.0000,0.0000,0.0000,0.0000,0.0000,-13.0000,,,,CHO,0.0000,-12.7646,0.0000,-12.8078,0.0000,0.0000,0.000,0.000,,0.0,,,,,,,0,,0
42.1190,1790252679.637887,0.0206,0,,,0.000,,,0.0000,0.0000,0.0000,0.0000,0.0000,-13.0000,,,,CHO,0.0000,-12.7646,0.0000,-12.8078,0.0000,0.0000,0.000,0.000,,0.0,,,,,,,0,,0
42.1396,1790252679.658362,0.0206,0,,,0.000,,,0.0000,0.0000,0.0000,0.0000,0.0000,-13.0000,,,,CHO,0.0000,-12.7646,0.0000,-12.8078,0.0000,0.0000,0.000,0.000,,0.0,,,,,,,0,,0
42.1601,1790252679.678941,0.0204,0,,,0.000,,,0.0000,0.0000,0.0000,0.0000,0.0000,-13.0000,,,,CHO,0.0000,-12.7646,0.0000,-12.8078,0.0000,0.0000,0.000,0.000,,0.0,,,,,,,0,,0
42.1806,1790252679.699483,0.0205,0,,,0.000,,,0.0000,0.0000,0.0000,0.0000,0.0000,-13.0000,,,,CHO,0.0000,-12.7646,0.0000,-12.8078,0.0000,0.0000,0.000,0.000,,0.0,,,,,,,0,,0
42.2008,1790252679.719756,0.0203,0,,,0.000,,,0.0000,0.0000,0.0000,0.0000,0.0000,-13.0000,,,,CHO,0.0000,-12.7646,0.0000,-12.8078,0.0000,0.0000,0.000,0.000,,0.0,,,,,,,0,,0
42.2209,1790252679.739451,0.0200,0,,,0.000,,,0.0000,0.0000,0.0000,0.0000,0.0000,-13.0000,,,,CHO,0.0000,-12.7646,0.0000,-12.8078,0.0000,0.0000,0.000,0.000,,0.0,,,,,,,0,,0
42.2412,1790252679.759911,0.0203,0,,,0.000,,,0.0000,0.0000,0.0000,0.0000,0.0000,-13.0000,,,,CHO,0.0000,-12.7646,0.0000,-12.8078,0.0000,0.0000,0.000,0.000,,0.0,,,,,,,0,,0
42.2618,1790252679.780726,0.0207,0,,,0.000,,,0.0000,0.0000,0.0000,0.0000,0.0000,-13.0000,,,,CHO,0.0000,-12.7646,0.0000,-12.8078,0.0000,0.0000,0.000,0.000,,0.0,,,,,,,0,,0
42.2821,1790252679.800847,0.0202,0,,,0.000,,,0.0000,0.0000,0.0000,0.0000,0.0000,-13.0000,,,,CHO,0.0000,-12.7646,0.0000,-12.8078,0.0000,0.0000,0.000,0.000,,0.0,,,,,,,0,,0
42.3021,1790252679.820894,0.0200,0,,,0.000,,,0.0000,0.0000,0.0000,0.0000,0.0000,-13.0000,,,,CHO,0.0000,-12.7646,0.0000,-12.8078,0.0000,0.0000,0.000,0.000,,0.0,,,,,,,0,,0
42.3225,1790252679.841263,0.0204,0,,,0.000,,,0.0000,0.0000,0.0000,0.0000,0.0000,-13.0000,,,,CHO,0.0000,-12.7646,0.0000,-12.8078,0.0000,0.0000,0.000,0.000,,0.0,,,,,,,0,,0
42.3432,1790252679.861853,0.0207,0,,,0.000,,,0.0000,0.0000,0.0000,0.0000,0.0000,-13.0000,,,,CHO,0.0000,-12.7646,0.0000,-12.8078,0.0000,0.0000,0.000,0.000,,0.0,,,,,,,0,,0
42.3633,1790252679.882181,0.0202,0,,,0.000,,,0.0000,0.0000,0.0000,0.0000,0.0000,-13.0000,,,,CHO,0.0000,-12.7646,0.0000,-12.8078,0.0000,0.0000,0.000,0.000,,0.0,,,,,,,0,,0
42.3836,1790252679.902536,0.0203,0,,,0.000,,,0.0000,0.0000,0.0000,0.0000,0.0000,-13.0000,,,,CHO,0.0000,-12.7646,0.0000,-12.8078,0.0000,0.0000,0.000,0.000,,0.0,,,,,,,0,,0
42.4039,1790252679.922498,0.0203,0,,,0.000,,,0.0000,0.0000,0.0000,0.0000,0.0000,-13.0000,,,,CHO,0.0000,-12.7646,0.0000,-12.8078,0.0000,0.0000,0.000,0.000,,0.0,,,,,,,0,,0
42.4245,1790252679.943301,0.0206,0,,,0.000,,,0.0000,0.0000,0.0000,0.0000,0.0000,-13.0000,,,,CHO,0.0000,-12.7646,0.0000,-12.8078,0.0000,0.0000,0.000,0.000,,0.0,,,,,,,0,,0
42.4447,1790252679.963586,0.0202,0,,,0.000,,,0.0000,0.0000,0.0000,0.0000,0.0000,-13.0000,,,,CHO,0.0000,-12.7646,0.0000,-12.8078,0.0000,0.0000,0.000,0.000,,0.0,,,,,,,0,,0
42.4655,1790252679.984434,0.0208,0,,,0.000,,,0.0000,0.0000,0.0000,0.0000,0.0000,-13.0000,,,,CHO,0.0000,-12.7646,0.0000,-12.8078,0.0000,0.0000,0.000,0.000,,0.0,,,,,,,0,,0
42.4856,1790252680.004495,0.0201,0,,,0.000,,,0.0000,0.0000,0.0000,0.0000,0.0000,-13.0000,,,,CHO,0.0000,-12.7646,0.0000,-12.8078,0.0000,0.0000,0.000,0.000,,0.0,,,,,,,0,,0
42.5058,1790252680.024730,0.0202,0,,,0.000,,,0.0000,0.0000,0.0000,0.0000,0.0000,-13.0000,,,,CHO,0.0000,-12.7646,0.0000,-12.8078,0.0000,0.0000,0.000,0.000,,0.0,,,,,,,0,,0
42.5260,1790252680.044981,0.0202,0,,,0.000,,,0.0000,0.0000,0.0000,0.0000,0.0000,-13.0000,,,,CHO,0.0000,-12.7646,0.0000,-12.8078,0.0000,0.0000,0.000,0.000,,0.0,,,,,,,0,,0
42.5464,1790252680.065322,0.0203,0,,,0.000,,,0.0000,0.0000,0.0000,0.0000,0.0000,-13.0000,,,,CHO,0.0000,-12.7646,0.0000,-12.8078,0.0000,0.0000,0.000,0.000,,0.0,,,,,,,0,,0
42.5664,1790252680.085255,0.0201,0,,,0.000,,,0.0000,0.0000,0.0000,0.0000,0.0000,-13.0000,,,,CHO,0.0000,-12.7646,0.0000,-12.8078,0.0000,0.0000,0.000,0.000,,0.0,,,,,,,0,,0
42.5866,1790252680.105560,0.0202,0,,,0.000,,,0.0000,0.0000,0.0000,0.0000,0.0000,-13.0000,,,,CHO,0.0000,-12.7646,0.0000,-12.8078,0.0000,0.0000,0.000,0.000,,0.0,,,,,,,0,,0
42.6071,1790252680.126026,0.0205,0,,,0.000,,,0.0000,0.0000,0.0000,0.0000,0.0000,-13.0000,,,,CHO,0.0000,-12.7646,0.0000,-12.8078,0.0000,0.0000,0.000,0.000,,0.0,,,,,,,0,,0
42.6274,1790252680.146204,0.0202,0,,,0.000,,,0.0000,0.0000,0.0000,0.0000,0.0000,-13.0000,,,,CHO,0.0000,-12.7646,0.0000,-12.8078,0.0000,0.0000,0.000,0.000,,0.0,,,,,,,0,,0
42.6475,1790252680.166434,0.0202,0,,,0.000,,,0.0000,0.0000,0.0000,0.0000,0.0000,-13.0000,,,,CHO,0.0000,-12.7646,0.0000,-12.8078,0.0000,0.0000,0.000,0.000,,0.0,,,,,,,0,,0
42.6681,1790252680.187057,0.0206,0,,,0.000,,,0.0000,0.0000,0.0000,0.0000,0.0000,-13.0000,,,,CHO,0.0000,-12.7646,0.0000,-12.8078,0.0000,0.0000,0.000,0.000,,0.0,,,,,,,0,,0
42.6886,1790252680.207587,0.0205,0,,,0.000,,,0.0000,0.0000,0.0000,0.0000,0.0000,-13.0000,,,,CHO,0.0000,-12.7646,0.0000,-12.8078,0.0000,0.0000,0.000,0.000,,0.0,,,,,,,0,,0
42.7087,1790252680.227620,0.0200,0,,,0.000,,,0.0000,0.0000,0.0000,0.0000,0.0000,-13.0000,,,,CHO,0.0000,-12.7646,0.0000,-12.8078,0.0000,0.0000,0.000,0.000,,0.0,,,,,,,0,,0
42.7289,1790252680.247832,0.0202,0,,,0.000,,,0.0000,0.0000,0.0000,0.0000,0.0000,-13.0000,,,,CHO,0.0000,-12.7646,0.0000,-12.8078,0.0000,0.0000,0.000,0.000,,0.0,,,,,,,0,,0
42.7490,1790252680.267920,0.0201,0,,,0.000,,,0.0000,0.0000,0.0000,0.0000,0.0000,-13.0000,,,,CHO,0.0000,-12.7646,0.0000,-12.8078,0.0000,0.0000,0.000,0.000,,0.0,,,,,,,0,,0
42.7691,1790252680.287920,0.0201,0,,,0.000,,,0.0000,0.0000,0.0000,0.0000,0.0000,-13.0000,,,,CHO,0.0000,-12.7646,0.0000,-12.8078,0.0000,0.0000,0.000,0.000,,0.0,,,,,,,0,,0
42.7895,1790252680.308479,0.0205,0,,,0.000,,,0.0000,0.0000,0.0000,0.0000,0.0000,-13.0000,,,,CHO,0.0000,-12.7646,0.0000,-12.8078,0.0000,0.0000,0.000,0.000,,0.0,,,,,,,0,,0
42.8103,1790252680.329184,0.0208,0,,,0.000,,,0.0000,0.0000,0.0000,0.0000,0.0000,-13.0000,,,,CHO,0.0000,-12.7646,0.0000,-12.8078,0.0000,0.0000,0.000,0.000,,0.0,,,,,,,0,,0
42.8309,1790252680.349730,0.0206,0,,,0.000,,,0.0000,0.0000,0.0000,0.0000,0.0000,-13.0000,,,,CHO,0.0000,-12.7646,0.0000,-12.8078,0.0000,0.0000,0.000,0.000,,0.0,,,,,,,0,,0
42.8511,1790252680.369943,0.0203,0,,,0.000,,,0.0000,0.0000,0.0000,0.0000,0.0000,-13.0000,,,,CHO,0.0000,-12.7646,0.0000,-12.8078,0.0000,0.0000,0.000,0.000,,0.0,,,,,,,0,,0
42.8714,1790252680.390312,0.0203,0,,,0.000,,,0.0000,0.0000,0.0000,0.0000,0.0000,-13.0000,,,,CHO,0.0000,-12.7646,0.0000,-12.8078,0.0000,0.0000,0.000,0.000,,0.0,,,,,,,0,,0
42.8914,1790252680.410345,0.0200,0,,,0.000,,,0.0000,0.0000,0.0000,0.0000,0.0000,-13.0000,,,,CHO,0.0000,-12.7646,0.0000,-12.8078,0.0000,0.0000,0.000,0.000,,0.0,,,,,,,0,,0
42.9119,1790252680.430749,0.0204,0,,,0.000,,,0.0000,0.0000,0.0000,0.0000,0.0000,-13.0000,,,,CHO,0.0000,-12.7646,0.0000,-12.8078,0.0000,0.0000,0.000,0.000,,0.0,,,,,,,0,,0
42.9320,1790252680.450922,0.0201,0,,,0.000,,,0.0000,0.0000,0.0000,0.0000,0.0000,-13.0000,,,,CHO,0.0000,-12.7646,0.0000,-12.8078,0.0000,0.0000,0.000,0.000,,0.0,,,,,,,0,,0
42.9524,1790252680.471209,0.0204,0,,,0.000,,,0.0000,0.0000,0.0000,0.0000,0.0000,-13.0000,,,,CHO,0.0000,-12.7646,0.0000,-12.8078,0.0000,0.0000,0.000,0.000,,0.0,,,,,,,0,,0
42.9728,1790252680.491504,0.0204,0,,,0.000,,,0.0000,0.0000,0.0000,0.0000,0.0000,-13.0000,,,,CHO,0.0000,-12.7646,0.0000,-12.8078,0.0000,0.0000,0.000,0.000,,0.0,,,,,,,0,,0
42.9928,1790252680.511680,0.0200,0,,,0.000,,,0.0000,0.0000,0.0000,0.0000,0.0000,-13.0000,,,,CHO,0.0000,-12.7646,0.0000,-12.8078,0.0000,0.0000,0.000,0.000,,0.0,,,,,,,0,,0
43.0131,1790252680.531915,0.0203,0,,,0.000,,,0.0000,0.0000,0.0000,0.0000,0.0000,-13.0000,,,,CHO,0.0000,-12.7646,0.0000,-12.8078,0.0000,0.0000,0.000,0.000,,0.0,,,,,,,0,,0
43.0337,1790252680.552428,0.0207,0,,,0.000,,,0.0000,0.0000,0.0000,0.0000,0.0000,-13.0000,,,,CHO,0.0000,-12.7646,0.0000,-12.8078,0.0000,0.0000,0.000,0.000,,0.0,,,,,,,0,,0
43.0539,1790252680.572886,0.0202,0,,,0.000,,,0.0000,0.0000,0.0000,0.0000,0.0000,-13.0000,,,,CHO,0.0000,-12.7646,0.0000,-12.8078,0.0000,0.0000,0.000,0.000,,0.0,,,,,,,0,,0
43.0745,1790252680.593400,0.0206,0,,,0.000,,,0.0000,0.0000,0.0000,0.0000,0.0000,-13.0000,,,,CHO,0.0000,-12.7646,0.0000,-12.8078,0.0000,0.0000,0.000,0.000,,0.0,,,,,,,0,,0
43.0946,1790252680.613418,0.0201,0,,,0.000,,,0.0000,0.0000,0.0000,0.0000,0.0000,-13.0000,,,,CHO,0.0000,-12.7646,0.0000,-12.8078,0.0000,0.0000,0.000,0.000,,0.0,,,,,,,0,,0
43.1151,1790252680.633990,0.0205,0,,,0.000,,,0.0000,0.0000,0.0000,0.0000,0.0000,-13.0000,,,,CHO,0.0000,-12.7646,0.0000,-12.8078,0.0000,0.0000,0.000,0.000,,0.0,,,,,,,0,,0
43.1355,1790252680.654413,0.0204,0,,,0.000,,,0.0000,0.0000,0.0000,0.0000,0.0000,-13.0000,,,,CHO,0.0000,-12.7646,0.0000,-12.8078,0.0000,0.0000,0.000,0.000,,0.0,,,,,,,0,,0
43.1559,1790252680.674776,0.0204,0,,,0.000,,,0.0000,0.0000,0.0000,0.0000,0.0000,-13.0000,,,,CHO,0.0000,-12.7646,0.0000,-12.8078,0.0000,0.0000,0.000,0.000,,0.0,,,,,,,0,,0
43.1762,1790252680.695141,0.0203,0,,,0.000,,,0.0000,0.0000,0.0000,0.0000,0.0000,-13.0000,,,,CHO,0.0000,-12.7646,0.0000,-12.8078,0.0000,0.0000,0.000,0.000,,0.0,,,,,,,0,,0
43.1965,1790252680.715392,0.0203,0,,,0.000,,,0.0000,0.0000,0.0000,0.0000,0.0000,-13.0000,,,,CHO,0.0000,-12.7646,0.0000,-12.8078,0.0000,0.0000,0.000,0.000,,0.0,,,,,,,0,,0
43.2167,1790252680.735651,0.0202,0,,,0.000,,,0.0000,0.0000,0.0000,0.0000,0.0000,-13.0000,,,,CHO,0.0000,-12.7646,0.0000,-12.8078,0.0000,0.0000,0.000,0.000,,0.0,,,,,,,0,,0
43.2370,1790252680.755904,0.0203,0,,,0.000,,,0.0000,0.0000,0.0000,0.0000,0.0000,-13.0000,,,,CHO,0.0000,-12.7646,0.0000,-12.8078,0.0000,0.0000,0.000,0.000,,0.0,,,,,,,0,,0
43.2573,1790252680.776050,0.0202,0,,,0.000,,,0.0000,0.0000,0.0000,0.0000,0.0000,-13.0000,,,,CHO,0.0000,-12.7646,0.0000,-12.8078,0.0000,0.0000,0.000,0.000,,0.0,,,,,,,0,,0
43.2780,1790252680.796881,0.0207,0,,,0.000,,,0.0000,0.0000,0.0000,0.0000,0.0000,-13.0000,,,,CHO,0.0000,-12.7646,0.0000,-12.8078,0.0000,0.0000,0.000,0.000,,0.0,,,,,,,0,,0
43.2984,1790252680.817319,0.0204,0,,,0.000,,,0.0000,0.0000,0.0000,0.0000,0.0000,-13.0000,,,,CHO,0.0000,-12.7646,0.0000,-12.8078,0.0000,0.0000,0.000,0.000,,0.0,,,,,,,0,,0
43.3191,1790252680.837805,0.0207,0,,,0.000,,,0.0000,0.0000,0.0000,0.0000,0.0000,-13.0000,,,,CHO,0.0000,-12.7646,0.0000,-12.8078,0.0000,0.0000,0.000,0.000,,0.0,,,,,,,0,,0
43.3394,1790252680.858196,0.0203,0,,,0.000,,,0.0000,0.0000,0.0000,0.0000,0.0000,-13.0000,,,,CHO,0.0000,-12.7646,0.0000,-12.8078,0.0000,0.0000,0.000,0.000,,0.0,,,,,,,0,,0
43.3594,1790252680.878296,0.0200,0,,,0.000,,,0.0000,0.0000,0.0000,0.0000,0.0000,-13.0000,,,,CHO,0.0000,-12.7646,0.0000,-12.8078,0.0000,0.0000,0.000,0.000,,0.0,,,,,,,0,,0
43.3795,1790252680.898386,0.0201,0,,,0.000,,,0.0000,0.0000,0.0000,0.0000,0.0000,-13.0000,,,,CHO,0.0000,-12.7646,0.0000,-12.8078,0.0000,0.0000,0.000,0.000,,0.0,,,,,,,0,,0
43.3996,1790252680.918493,0.0201,0,,,0.000,,,0.0000,0.0000,0.0000,0.0000,0.0000,-13.0000,,,,CHO,0.0000,-12.7646,0.0000,-12.8078,0.0000,0.0000,0.000,0.000,,0.0,,,,,,,0,,0
43.4197,1790252680.938596,0.0201,0,,,0.000,,,0.0000,0.0000,0.0000,0.0000,0.0000,-13.0000,,,,CHO,0.0000,-12.7646,0.0000,-12.8078,0.0000,0.0000,0.000,0.000,,0.0,,,,,,,0,,0
43.4398,1790252680.958730,0.0200,0,,,0.000,,,0.0000,0.0000,0.0000,0.0000,0.0000,-13.0000,,,,CHO,0.0000,-12.7646,0.0000,-12.8078,0.0000,0.0000,0.000,0.000,,0.0,,,,,,,0,,0
43.4601,1790252680.978966,0.0203,0,,,0.000,,,0.0000,0.0000,0.0000,0.0000,0.0000,-13.0000,,,,CHO,0.0000,-12.7646,0.0000,-12.8078,0.0000,0.0000,0.000,0.000,,0.0,,,,,,,0,,0
43.4805,1790252680.999402,0.0204,0,,,0.000,,,0.0000,0.0000,0.0000,0.0000,0.0000,-13.0000,,,,CHO,0.0000,-12.7646,0.0000,-12.8078,0.0000,0.0000,0.000,0.000,,0.0,,,,,,,0,,0
43.5011,1790252681.019919,0.0206,0,,,0.000,,,0.0000,0.0000,0.0000,0.0000,0.0000,-13.0000,,,,CHO,0.0000,-12.7646,0.0000,-12.8078,0.0000,0.0000,0.000,0.000,,0.0,,,,,,,0,,0
43.5217,1790252681.040493,0.0206,0,,,0.000,,,0.0000,0.0000,0.0000,0.0000,0.0000,-13.0000,,,,CHO,0.0000,-12.7646,0.0000,-12.8078,0.0000,0.0000,0.000,0.000,,0.0,,,,,,,0,,0
43.5417,1790252681.060557,0.0200,0,,,0.000,,,0.0000,0.0000,0.0000,0.0000,0.0000,-13.0000,,,,CHO,0.0000,-12.7646,0.0000,-12.8078,0.0000,0.0000,0.000,0.000,,0.0,,,,,,,0,,0
43.5620,1790252681.080908,0.0203,0,,,0.000,,,0.0000,0.0000,0.0000,0.0000,0.0000,-13.0000,,,,CHO,0.0000,-12.7646,0.0000,-12.8078,0.0000,0.0000,0.000,0.000,,0.0,,,,,,,0,,0
43.5822,1790252681.101172,0.0202,0,,,0.000,,,0.0000,0.0000,0.0000,0.0000,0.0000,-13.0000,,,,CHO,0.0000,-12.7646,0.0000,-12.8078,0.0000,0.0000,0.000,0.000,,0.0,,,,,,,0,,0
43.6027,1790252681.121594,0.0205,0,,,0.000,,,0.0000,0.0000,0.0000,0.0000,0.0000,-13.0000,,,,CHO,0.0000,-12.7646,0.0000,-12.8078,0.0000,0.0000,0.000,0.000,,0.0,,,,,,,0,,0
43.6232,1790252681.142123,0.0205,0,,,0.000,,,0.0000,0.0000,0.0000,0.0000,0.0000,-13.0000,,,,CHO,0.0000,-12.7646,0.0000,-12.8078,0.0000,0.0000,0.000,0.000,,0.0,,,,,,,0,,0
43.6439,1790252681.162801,0.0207,0,,,0.000,,,0.0000,0.0000,0.0000,0.0000,0.0000,-13.0000,,,,CHO,0.0000,-12.7646,0.0000,-12.8078,0.0000,0.0000,0.000,0.000,,0.0,,,,,,,0,,0
43.6642,1790252681.182990,0.0203,0,,,0.000,,,0.0000,0.0000,0.0000,0.0000,0.0000,-13.0000,,,,CHO,0.0000,-12.7646,0.0000,-12.8078,0.0000,0.0000,0.000,0.000,,0.0,,,,,,,0,,0
43.6847,1790252681.203640,0.0206,0,,,0.000,,,0.0000,0.0000,0.0000,0.0000,0.0000,-13.0000,,,,CHO,0.0000,-12.7646,0.0000,-12.8078,0.0000,0.0000,0.000,0.000,,0.0,,,,,,,0,,0
43.7054,1790252681.224209,0.0206,0,,,0.000,,,0.0000,0.0000,0.0000,0.0000,0.0000,-13.0000,,,,CHO,0.0000,-12.7646,0.0000,-12.8078,0.0000,0.0000,0.000,0.000,,0.0,,,,,,,0,,0
43.7256,1790252681.244388,0.0203,0,,,0.000,,,0.0000,0.0000,0.0000,0.0000,0.0000,-13.0000,,,,CHO,0.0000,-12.7646,0.0000,-12.8078,0.0000,0.0000,0.000,0.000,,0.0,,,,,,,0,,0
43.7461,1790252681.264953,0.0205,0,,,0.000,,,0.0000,0.0000,0.0000,0.0000,0.0000,-13.0000,,,,CHO,0.0000,-12.7646,0.0000,-12.8078,0.0000,0.0000,0.000,0.000,,0.0,,,,,,,0,,0
43.7664,1790252681.285213,0.0203,0,,,0.000,,,0.0000,0.0000,0.0000,0.0000,0.0000,-13.0000,,,,CHO,0.0000,-12.7646,0.0000,-12.8078,0.0000,0.0000,0.000,0.000,,0.0,,,,,,,0,,0
43.7865,1790252681.305449,0.0201,0,,,0.000,,,0.0000,0.0000,0.0000,0.0000,0.0000,-13.0000,,,,CHO,0.0000,-12.7646,0.0000,-12.8078,0.0000,0.0000,0.000,0.000,,0.0,,,,,,,0,,0
43.8072,1790252681.326089,0.0207,0,,,0.000,,,0.0000,0.0000,0.0000,0.0000,0.0000,-13.0000,,,,CHO,0.0000,-12.7646,0.0000,-12.8078,0.0000,0.0000,0.000,0.000,,0.0,,,,,,,0,,0
43.8282,1790252681.346911,0.0209,0,,,0.000,,,0.0000,0.0000,0.0000,0.0000,0.0000,-13.0000,,,,CHO,0.0000,-12.7646,0.0000,-12.8078,0.0000,0.0000,0.000,0.000,,0.0,,,,,,,0,,0
43.8490,1790252681.367740,0.0208,0,,,0.000,,,0.0000,0.0000,0.0000,0.0000,0.0000,-13.0000,,,,CHO,0.0000,-12.7646,0.0000,-12.8078,0.0000,0.0000,0.000,0.000,,0.0,,,,,,,0,,0
43.8692,1790252681.388098,0.0202,0,,,0.000,,,0.0000,0.0000,0.0000,0.0000,0.0000,-13.0000,,,,CHO,0.0000,-12.7646,0.0000,-12.8078,0.0000,0.0000,0.000,0.000,,0.0,,,,,,,0,,0
43.8892,1790252681.408113,0.0200,0,,,0.000,,,0.0000,0.0000,0.0000,0.0000,0.0000,-13.0000,,,,CHO,0.0000,-12.7646,0.0000,-12.8078,0.0000,0.0000,0.000,0.000,,0.0,,,,,,,0,,0
43.9096,1790252681.428470,0.0204,0,,,0.000,,,0.0000,0.0000,0.0000,0.0000,0.0000,-13.0000,,,,CHO,0.0000,-12.7646,0.0000,-12.8078,0.0000,0.0000,0.000,0.000,,0.0,,,,,,,0,,0
43.9297,1790252681.448581,0.0201,0,,,0.000,,,0.0000,0.0000,0.0000,0.0000,0.0000,-13.0000,,,,CHO,0.0000,-12.7646,0.0000,-12.8078,0.0000,0.0000,0.000,0.000,,0.0,,,,,,,0,,0
43.9500,1790252681.468938,0.0203,0,,,0.000,,,0.0000,0.0000,0.0000,0.0000,0.0000,-13.0000,,,,CHO,0.0000,-12.7646,0.0000,-12.8078,0.0000,0.0000,0.000,0.000,,0.0,,,,,,,0,,0
43.9700,1790252681.488955,0.0200,0,,,0.000,,,0.0000,0.0000,0.0000,0.0000,0.0000,-13.0000,,,,CHO,0.0000,-12.7646,0.0000,-12.8078,0.0000,0.0000,0.000,0.000,,0.0,,,,,,,0,,0
43.9906,1790252681.509439,0.0206,0,,,0.000,,,0.0000,0.0000,0.0000,0.0000,0.0000,-13.0000,,,,CHO,0.0000,-12.7646,0.0000,-12.8078,0.0000,0.0000,0.000,0.000,,0.0,,,,,,,0,,0
44.0107,1790252681.529677,0.0201,0,,,0.000,,,0.0000,0.0000,0.0000,0.0000,0.0000,-13.0000,,,,CHO,0.0000,-12.7646,0.0000,-12.8078,0.0000,0.0000,0.000,0.000,,0.0,,,,,,,0,,0
44.0308,1790252681.549750,0.0201,0,,,0.000,,,0.0000,0.0000,0.0000,0.0000,0.0000,-13.0000,,,,CHO,0.0000,-12.7646,0.0000,-12.8078,0.0000,0.0000,0.000,0.000,,0.0,,,,,,,0,,0
44.0510,1790252681.569917,0.0202,0,,,0.000,,,0.0000,0.0000,0.0000,0.0000,0.0000,-13.0000,,,,CHO,0.0000,-12.7646,0.0000,-12.8078,0.0000,0.0000,0.000,0.000,,0.0,,,,,,,0,,0
44.0715,1790252681.590348,0.0205,0,,,0.000,,,0.0000,0.0000,0.0000,0.0000,0.0000,-13.0000,,,,CHO,0.0000,-12.7646,0.0000,-12.8078,0.0000,0.0000,0.000,0.000,,0.0,,,,,,,0,,0
44.0916,1790252681.610446,0.0201,0,,,0.000,,,0.0000,0.0000,0.0000,0.0000,0.0000,-13.0000,,,,CHO,0.0000,-12.7646,0.0000,-12.8078,0.0000,0.0000,0.000,0.000,,0.0,,,,,,,0,,0
44.1123,1790252681.631128,0.0206,0,,,0.000,,,0.0000,0.0000,0.0000,0.0000,0.0000,-13.0000,,,,CHO,0.0000,-12.7646,0.0000,-12.8078,0.0000,0.0000,0.000,0.000,,0.0,,,,,,,0,,0
44.1328,1790252681.651729,0.0205,0,,,0.000,,,0.0000,0.0000,0.0000,0.0000,0.0000,-13.0000,,,,CHO,0.0000,-12.7646,0.0000,-12.8078,0.0000,0.0000,0.000,0.000,,0.0,,,,,,,0,,0
44.1530,1790252681.671881,0.0202,0,,,0.000,,,0.0000,0.0000,0.0000,0.0000,0.0000,-13.0000,,,,CHO,0.0000,-12.7646,0.0000,-12.8078,0.0000,0.0000,0.000,0.000,,0.0,,,,,,,0,,0
44.1736,1790252681.692312,0.0206,0,,,0.000,,,0.0000,0.0000,0.0000,0.0000,0.0000,-13.0000,,,,CHO,0.0000,-12.7646,0.0000,-12.8078,0.0000,0.0000,0.000,0.000,,0.0,,,,,,,0,,0
44.1937,1790252681.712559,0.0201,0,,,0.000,,,0.0000,0.0000,0.0000,0.0000,0.0000,-13.0000,,,,CHO,0.0000,-12.7646,0.0000,-12.8078,0.0000,0.0000,0.000,0.000,,0.0,,,,,,,0,,0
44.2140,1790252681.732930,0.0204,0,,,0.000,,,0.0000,0.0000,0.0000,0.0000,0.0000,-13.0000,,,,CHO,0.0000,-12.7646,0.0000,-12.8078,0.0000,0.0000,0.000,0.000,,0.0,,,,,,,0,,0
44.2341,1790252681.753085,0.0201,0,,,0.000,,,0.0000,0.0000,0.0000,0.0000,0.0000,-13.0000,,,,CHO,0.0000,-12.7646,0.0000,-12.8078,0.0000,0.0000,0.000,0.000,,0.0,,,,,,,0,,0
44.2544,1790252681.773329,0.0203,0,,,0.000,,,0.0000,0.0000,0.0000,0.0000,0.0000,-13.0000,,,,CHO,0.0000,-12.7646,0.0000,-12.8078,0.0000,0.0000,0.000,0.000,,0.0,,,,,,,0,,0
44.2747,1790252681.793540,0.0203,0,,,0.000,,,0.0000,0.0000,0.0000,0.0000,0.0000,-13.0000,,,,CHO,0.0000,-12.7646,0.0000,-12.8078,0.0000,0.0000,0.000,0.000,,0.0,,,,,,,0,,0
44.2947,1790252681.813420,0.0200,0,,,0.000,,,0.0000,0.0000,0.0000,0.0000,0.0000,-13.0000,,,,CHO,0.0000,-12.7646,0.0000,-12.8078,0.0000,0.0000,0.000,0.000,,0.0,,,,,,,0,,0
44.3150,1790252681.833977,0.0203,0,,,0.000,,,0.0000,0.0000,0.0000,0.0000,0.0000,-13.0000,,,,CHO,0.0000,-12.7646,0.0000,-12.8078,0.0000,0.0000,0.000,0.000,,0.0,,,,,,,0,,0
44.3355,1790252681.854409,0.0205,0,,,0.000,,,0.0000,0.0000,0.0000,0.0000,0.0000,-13.0000,,,,CHO,0.0000,-12.7646,0.0000,-12.8078,0.0000,0.0000,0.000,0.000,,0.0,,,,,,,0,,0
44.3556,1790252681.874556,0.0201,0,,,0.000,,,0.0000,0.0000,0.0000,0.0000,0.0000,-13.0000,,,,CHO,0.0000,-12.7646,0.0000,-12.8078,0.0000,0.0000,0.000,0.000,,0.0,,,,,,,0,,0
44.3759,1790252681.894712,0.0202,0,,,0.000,,,0.0000,0.0000,0.0000,0.0000,0.0000,-13.0000,,,,CHO,0.0000,-12.7646,0.0000,-12.8078,0.0000,0.0000,0.000,0.000,,0.0,,,,,,,0,,0
44.3959,1790252681.914793,0.0200,0,,,0.000,,,0.0000,0.0000,0.0000,0.0000,0.0000,-13.0000,,,,CHO,0.0000,-12.7646,0.0000,-12.8078,0.0000,0.0000,0.000,0.000,,0.0,,,,,,,0,,0
44.4165,1790252681.935308,0.0206,0,,,0.000,,,0.0000,0.0000,0.0000,0.0000,0.0000,-13.0000,,,,CHO,0.0000,-12.7646,0.0000,-12.8078,0.0000,0.0000,0.000,0.000,,0.0,,,,,,,0,,0
44.4372,1790252681.956144,0.0208,0,,,0.000,,,0.0000,0.0000,0.0000,0.0000,0.0000,-13.0000,,,,CHO,0.0000,-12.7646,0.0000,-12.8078,0.0000,0.0000,0.000,0.000,,0.0,,,,,,,0,,0
44.4576,1790252681.976477,0.0204,0,,,0.000,,,0.0000,0.0000,0.0000,0.0000,0.0000,-13.0000,,,,CHO,0.0000,-12.7646,0.0000,-12.8078,0.0000,0.0000,0.000,0.000,,0.0,,,,,,,0,,0
44.4779,1790252681.996784,0.0203,0,,,0.000,,,0.0000,0.0000,0.0000,0.0000,0.0000,-13.0000,,,,CHO,0.0000,-12.7646,0.0000,-12.8078,0.0000,0.0000,0.000,0.000,,0.0,,,,,,,0,,0
44.4984,1790252682.017308,0.0206,0,,,0.000,,,0.0000,0.0000,0.0000,0.0000,0.0000,-13.0000,,,,CHO,0.0000,-12.7646,0.0000,-12.8078,0.0000,0.0000,0.000,0.000,,0.0,,,,,,,0,,0
44.5187,1790252682.037548,0.0203,0,,,0.000,,,0.0000,0.0000,0.0000,0.0000,0.0000,-13.0000,,,,CHO,0.0000,-12.7646,0.0000,-12.8078,0.0000,0.0000,0.000,0.000,,0.0,,,,,,,0,,0
44.5389,1790252682.057832,0.0202,0,,,0.000,,,0.0000,0.0000,0.0000,0.0000,0.0000,-13.0000,,,,CHO,0.0000,-12.7646,0.0000,-12.8078,0.0000,0.0000,0.000,0.000,,0.0,,,,,,,0,,0
44.5591,1790252682.077807,0.0202,0,,,0.000,,,0.0000,0.0000,0.0000,0.0000,0.0000,-13.0000,,,,CHO,0.0000,-12.7646,0.0000,-12.8078,0.0000,0.0000,0.000,0.000,,0.0,,,,,,,0,,0
44.5794,1790252682.098275,0.0203,0,,,0.000,,,0.0000,0.0000,0.0000,0.0000,0.0000,-13.0000,,,,CHO,0.0000,-12.7646,0.0000,-12.8078,0.0000,0.0000,0.000,0.000,,0.0,,,,,,,0,,0
44.5997,1790252682.118628,0.0204,0,,,0.000,,,0.0000,0.0000,0.0000,0.0000,0.0000,-13.0000,,,,CHO,0.0000,-12.7646,0.0000,-12.8078,0.0000,0.0000,0.000,0.000,,0.0,,,,,,,0,,0
44.6199,1790252682.138762,0.0201,0,,,0.000,,,0.0000,0.0000,0.0000,0.0000,0.0000,-13.0000,,,,CHO,0.0000,-12.7646,0.0000,-12.8078,0.0000,0.0000,0.000,0.000,,0.0,,,,,,,0,,0
44.6404,1790252682.159383,0.0206,0,,,0.000,,,0.0000,0.0000,0.0000,0.0000,0.0000,-13.0000,,,,CHO,0.0000,-12.7646,0.0000,-12.8078,0.0000,0.0000,0.000,0.000,,0.0,,,,,,,0,,0
44.6604,1790252682.179363,0.0200,0,,,0.000,,,0.0000,0.0000,0.0000,0.0000,0.0000,-13.0000,,,,CHO,0.0000,-12.7646,0.0000,-12.8078,0.0000,0.0000,0.000,0.000,,0.0,,,,,,,0,,0
44.6813,1790252682.200153,0.0208,0,,,0.000,,,0.0000,0.0000,0.0000,0.0000,0.0000,-13.0000,,,,CHO,0.0000,-12.7646,0.0000,-12.8078,0.0000,0.0000,0.000,0.000,,0.0,,,,,,,0,,0
44.7015,1790252682.220434,0.0203,0,,,0.000,,,0.0000,0.0000,0.0000,0.0000,0.0000,-13.0000,,,,CHO,0.0000,-12.7646,0.0000,-12.8078,0.0000,0.0000,0.000,0.000,,0.0,,,,,,,0,,0
44.7221,1790252682.240919,0.0206,0,,,0.000,,,0.0000,0.0000,0.0000,0.0000,0.0000,-13.0000,,,,CHO,0.0000,-12.7646,0.0000,-12.8078,0.0000,0.0000,0.000,0.000,,0.0,,,,,,,0,,0
44.7429,1790252682.261707,0.0208,0,,,0.000,,,0.0000,0.0000,0.0000,0.0000,0.0000,-13.0000,,,,CHO,0.0000,-12.7646,0.0000,-12.8078,0.0000,0.0000,0.000,0.000,,0.0,,,,,,,0,,0
44.7633,1790252682.282066,0.0204,0,,,0.000,,,0.0000,0.0000,0.0000,0.0000,0.0000,-13.0000,,,,CHO,0.0000,-12.7646,0.0000,-12.8078,0.0000,0.0000,0.000,0.000,,0.0,,,,,,,0,,0
44.7833,1790252682.302189,0.0200,0,,,0.000,,,0.0000,0.0000,0.0000,0.0000,0.0000,-13.0000,,,,CHO,0.0000,-12.7646,0.0000,-12.8078,0.0000,0.0000,0.000,0.000,,0.0,,,,,,,0,,0
44.8034,1790252682.322169,0.0201,0,,,0.000,,,0.0000,0.0000,0.0000,0.0000,0.0000,-13.0000,,,,CHO,0.0000,-12.7646,0.0000,-12.8078,0.0000,0.0000,0.000,0.000,,0.0,,,,,,,0,,0
44.8235,1790252682.342446,0.0201,0,,,0.000,,,0.0000,0.0000,0.0000,0.0000,0.0000,-13.0000,,,,CHO,0.0000,-12.7646,0.0000,-12.8078,0.0000,0.0000,0.000,0.000,,0.0,,,,,,,0,,0
44.8436,1790252682.362512,0.0200,0,,,0.000,,,0.0000,0.0000,0.0000,0.0000,0.0000,-13.0000,,,,CHO,0.0000,-12.7646,0.0000,-12.8078,0.0000,0.0000,0.000,0.000,,0.0,,,,,,,0,,0
44.8644,1790252682.383143,0.0208,0,,,0.000,,,0.0000,0.0000,0.0000,0.0000,0.0000,-13.0000,,,,CHO,0.0000,-12.7646,0.0000,-12.8078,0.0000,0.0000,0.000,0.000,,0.0,,,,,,,0,,0
44.8850,1790252682.403802,0.0207,0,,,0.000,,,0.0000,0.0000,0.0000,0.0000,0.0000,-13.0000,,,,CHO,0.0000,-12.7646,0.0000,-12.8078,0.0000,0.0000,0.000,0.000,,0.0,,,,,,,0,,0
44.9051,1790252682.423859,0.0201,0,,,0.000,,,0.0000,0.0000,0.0000,0.0000,0.0000,-13.0000,,,,CHO,0.0000,-12.7646,0.0000,-12.8078,0.0000,0.0000,0.000,0.000,,0.0,,,,,,,0,,0
44.9255,1790252682.444322,0.0203,0,,,0.000,,,0.0000,0.0000,0.0000,0.0000,0.0000,-13.0000,,,,CHO,0.0000,-12.7646,0.0000,-12.8078,0.0000,0.0000,0.000,0.000,,0.0,,,,,,,0,,0
44.9460,1790252682.464777,0.0205,0,,,0.000,,,0.0000,0.0000,0.0000,0.0000,0.0000,-13.0000,,,,CHO,0.0000,-12.7646,0.0000,-12.8078,0.0000,0.0000,0.000,0.000,,0.0,,,,,,,0,,0
44.9668,1790252682.485574,0.0208,0,,,0.000,,,0.0000,0.0000,0.0000,0.0000,0.0000,-13.0000,,,,CHO,0.0000,-12.7646,0.0000,-12.8078,0.0000,0.0000,0.000,0.000,,0.0,,,,,,,0,,0
44.9869,1790252682.505795,0.0201,0,,,0.000,,,0.0000,0.0000,0.0000,0.0000,0.0000,-13.0000,,,,CHO,0.0000,-12.7646,0.0000,-12.8078,0.0000,0.0000,0.000,0.000,,0.0,,,,,,,0,,0
45.0075,1790252682.526428,0.0206,0,,,0.000,,,0.0000,0.0000,0.0000,0.0000,0.0000,-13.0000,,,,CHO,0.0000,-12.7646,0.0000,-12.8078,0.0000,0.0000,0.000,0.000,,0.0,,,,,,,0,,0
45.0278,1790252682.546568,0.0203,0,,,0.000,,,0.0000,0.0000,0.0000,0.0000,0.0000,-13.0000,,,,CHO,0.0000,-12.7646,0.0000,-12.8078,0.0000,0.0000,0.000,0.000,,0.0,,,,,,,0,,0
45.0481,1790252682.567049,0.0203,0,,,0.000,,,0.0000,0.0000,0.0000,0.0000,0.0000,-13.0000,,,,CHO,0.0000,-12.7646,0.0000,-12.8078,0.0000,0.0000,0.000,0.000,,0.0,,,,,,,0,,0
45.0682,1790252682.587039,0.0200,0,,,0.000,,,0.0000,0.0000,0.0000,0.0000,0.0000,-13.0000,,,,CHO,0.0000,-12.7646,0.0000,-12.8078,0.0000,0.0000,0.000,0.000,,0.0,,,,,,,0,,0
45.0887,1790252682.607670,0.0206,0,,,0.000,,,0.0000,0.0000,0.0000,0.0000,0.0000,-13.0000,,,,CHO,0.0000,-12.7646,0.0000,-12.8078,0.0000,0.0000,0.000,0.000,,0.0,,,,,,,0,,0
45.1089,1790252682.627739,0.0201,0,,,0.000,,,0.0000,0.0000,0.0000,0.0000,0.0000,-13.0000,,,,CHO,0.0000,-12.7646,0.0000,-12.8078,0.0000,0.0000,0.000,0.000,,0.0,,,,,,,0,,0
45.1290,1790252682.647897,0.0201,0,,,0.000,,,0.0000,0.0000,0.0000,0.0000,0.0000,-13.0000,,,,CHO,0.0000,-12.7646,0.0000,-12.8078,0.0000,0.0000,0.000,0.000,,0.0,,,,,,,0,,0
45.1494,1790252682.668247,0.0204,0,,,0.000,,,0.0000,0.0000,0.0000,0.0000,0.0000,-13.0000,,,,CHO,0.0000,-12.7646,0.0000,-12.8078,0.0000,0.0000,0.000,0.000,,0.0,,,,,,,0,,0
45.1697,1790252682.688658,0.0204,0,,,0.000,,,0.0000,0.0000,0.0000,0.0000,0.0000,-13.0000,,,,CHO,0.0000,-12.7646,0.0000,-12.8078,0.0000,0.0000,0.000,0.000,,0.0,,,,,,,0,,0
45.1898,1790252682.708738,0.0201,0,,,0.000,,,0.0000,0.0000,0.0000,0.0000,0.0000,-13.0000,,,,CHO,0.0000,-12.7646,0.0000,-12.8078,0.0000,0.0000,0.000,0.000,,0.0,,,,,,,0,,0
45.2101,1790252682.729062,0.0203,0,,,0.000,,,0.0000,0.0000,0.0000,0.0000,0.0000,-13.0000,,,,CHO,0.0000,-12.7646,0.0000,-12.8078,0.0000,0.0000,0.000,0.000,,0.0,,,,,,,0,,0
45.2306,1790252682.749551,0.0205,0,,,0.000,,,0.0000,0.0000,0.0000,0.0000,0.0000,-13.0000,,,,CHO,0.0000,-12.7646,0.0000,-12.8078,0.0000,0.0000,0.000,0.000,,0.0,,,,,,,0,,0
45.2508,1790252682.769687,0.0202,0,,,0.000,,,0.0000,0.0000,0.0000,0.0000,0.0000,-13.0000,,,,CHO,0.0000,-12.7646,0.0000,-12.8078,0.0000,0.0000,0.000,0.000,,0.0,,,,,,,0,,0
45.2710,1790252682.789996,0.0203,0,,,0.000,,,0.0000,0.0000,0.0000,0.0000,0.0000,-13.0000,,,,CHO,0.0000,-12.7646,0.0000,-12.8078,0.0000,0.0000,0.000,0.000,,0.0,,,,,,,0,,0
45.2915,1790252682.810342,0.0204,0,,,0.000,,,0.0000,0.0000,0.0000,0.0000,0.0000,-13.0000,,,,CHO,0.0000,-12.7646,0.0000,-12.8078,0.0000,0.0000,0.000,0.000,,0.0,,,,,,,0,,0
45.3115,1790252682.830366,0.0200,0,,,0.000,,,0.0000,0.0000,0.0000,0.0000,0.0000,-13.0000,,,,CHO,0.0000,-12.7646,0.0000,-12.8078,0.0000,0.0000,0.000,0.000,,0.0,,,,,,,0,,0
45.3317,1790252682.850650,0.0202,0,,,0.000,,,0.0000,0.0000,0.0000,0.0000,0.0000,-13.0000,,,,CHO,0.0000,-12.7646,0.0000,-12.8078,0.0000,0.0000,0.000,0.000,,0.0,,,,,,,0,,0
45.3520,1790252682.870951,0.0203,0,,,0.000,,,0.0000,0.0000,0.0000,0.0000,0.0000,-13.0000,,,,CHO,0.0000,-12.7646,0.0000,-12.8078,0.0000,0.0000,0.000,0.000,,0.0,,,,,,,0,,0
45.3725,1790252682.891316,0.0205,0,,,0.000,,,0.0000,0.0000,0.0000,0.0000,0.0000,-13.0000,,,,CHO,0.0000,-12.7646,0.0000,-12.8078,0.0000,0.0000,0.000,0.000,,0.0,,,,,,,0,,0
45.3927,1790252682.911653,0.0202,0,,,0.000,,,0.0000,0.0000,0.0000,0.0000,0.0000,-13.0000,,,,CHO,0.0000,-12.7646,0.0000,-12.8078,0.0000,0.0000,0.000,0.000,,0.0,,,,,,,0,,0
45.4139,1790252682.932891,0.0212,0,,,0.000,,,0.0000,0.0000,0.0000,0.0000,0.0000,-13.0000,,,,CHO,0.0000,-12.7646,0.0000,-12.8078,0.0000,0.0000,0.000,0.000,,0.0,,,,,,,0,,0
45.4341,1790252682.952976,0.0201,0,,,0.000,,,0.0000,0.0000,0.0000,0.0000,0.0000,-13.0000,,,,CHO,0.0000,-12.7646,0.0000,-12.8078,0.0000,0.0000,0.000,0.000,,0.0,,,,,,,0,,0
45.4545,1790252682.973397,0.0204,0,,,0.000,,,0.0000,0.0000,0.0000,0.0000,0.0000,-13.0000,,,,CHO,0.0000,-12.7646,0.0000,-12.8078,0.0000,0.0000,0.000,0.000,,0.0,,,,,,,0,,0
45.4745,1790252682.993477,0.0201,0,,,0.000,,,0.0000,0.0000,0.0000,0.0000,0.0000,-13.0000,,,,CHO,0.0000,-12.7646,0.0000,-12.8078,0.0000,0.0000,0.000,0.000,,0.0,,,,,,,0,,0
45.4946,1790252683.013550,0.0201,0,,,0.000,,,0.0000,0.0000,0.0000,0.0000,0.0000,-13.0000,,,,CHO,0.0000,-12.7646,0.0000,-12.8078,0.0000,0.0000,0.000,0.000,,0.0,,,,,,,0,,0
45.5151,1790252683.034046,0.0205,0,,,0.000,,,0.0000,0.0000,0.0000,0.0000,0.0000,-13.0000,,,,CHO,0.0000,-12.7646,0.0000,-12.8078,0.0000,0.0000,0.000,0.000,,0.0,,,,,,,0,,0
45.5353,1790252683.054189,0.0202,0,,,0.000,,,0.0000,0.0000,0.0000,0.0000,0.0000,-13.0000,,,,CHO,0.0000,-12.7646,0.0000,-12.8078,0.0000,0.0000,0.000,0.000,,0.0,,,,,,,0,,0
45.5554,1790252683.074344,0.0201,0,,,0.000,,,0.0000,0.0000,0.0000,0.0000,0.0000,-13.0000,,,,CHO,0.0000,-12.7646,0.0000,-12.8078,0.0000,0.0000,0.000,0.000,,0.0,,,,,,,0,,0
45.5756,1790252683.094458,0.0203,0,,,0.000,,,0.0000,0.0000,0.0000,0.0000,0.0000,-13.0000,,,,CHO,0.0000,-12.7646,0.0000,-12.8078,0.0000,0.0000,0.000,0.000,,0.0,,,,,,,0,,0
45.5961,1790252683.115039,0.0205,0,,,0.000,,,0.0000,0.0000,0.0000,0.0000,0.0000,-13.0000,,,,CHO,0.0000,-12.7646,0.0000,-12.8078,0.0000,0.0000,0.000,0.000,,0.0,,,,,,,0,,0
45.6162,1790252683.135135,0.0201,0,,,0.000,,,0.0000,0.0000,0.0000,0.0000,0.0000,-13.0000,,,,CHO,0.0000,-12.7646,0.0000,-12.8078,0.0000,0.0000,0.000,0.000,,0.0,,,,,,,0,,0
45.6369,1790252683.155643,0.0207,0,,,0.000,,,0.0000,0.0000,0.0000,0.0000,0.0000,-13.0000,,,,CHO,0.0000,-12.7646,0.0000,-12.8078,0.0000,0.0000,0.000,0.000,,0.0,,,,,,,0,,0
45.6573,1790252683.176243,0.0204,0,,,0.000,,,0.0000,0.0000,0.0000,0.0000,0.0000,-13.0000,,,,CHO,0.0000,-12.7646,0.0000,-12.8078,0.0000,0.0000,0.000,0.000,,0.0,,,,,,,0,,0
45.6774,1790252683.196174,0.0201,0,,,0.000,,,0.0000,0.0000,0.0000,0.0000,0.0000,-13.0000,,,,CHO,0.0000,-12.7646,0.0000,-12.8078,0.0000,0.0000,0.000,0.000,,0.0,,,,,,,0,,0
45.6975,1790252683.216403,0.0201,0,,,0.000,,,0.0000,0.0000,0.0000,0.0000,0.0000,-13.0000,,,,CHO,0.0000,-12.7646,0.0000,-12.8078,0.0000,0.0000,0.000,0.000,,0.0,,,,,,,0,,0
45.7178,1790252683.236669,0.0203,0,,,0.000,,,0.0000,0.0000,0.0000,0.0000,0.0000,-13.0000,,,,CHO,0.0000,-12.7646,0.0000,-12.8078,0.0000,0.0000,0.000,0.000,,0.0,,,,,,,0,,0
45.7379,1790252683.256792,0.0200,0,,,0.000,,,0.0000,0.0000,0.0000,0.0000,0.0000,-13.0000,,,,CHO,0.0000,-12.7646,0.0000,-12.8078,0.0000,0.0000,0.000,0.000,,0.0,,,,,,,0,,0
45.7583,1790252683.277082,0.0205,0,,,0.000,,,0.0000,0.0000,0.0000,0.0000,0.0000,-13.0000,,,,CHO,0.0000,-12.7646,0.0000,-12.8078,0.0000,0.0000,0.000,0.000,,0.0,,,,,,,0,,0
45.7786,1790252683.297492,0.0202,0,,,0.000,,,0.0000,0.0000,0.0000,0.0000,0.0000,-13.0000,,,,CHO,0.0000,-12.7646,0.0000,-12.8078,0.0000,0.0000,0.000,0.000,,0.0,,,,,,,0,,0
45.7989,1790252683.317660,0.0203,0,,,0.000,,,0.0000,0.0000,0.0000,0.0000,0.0000,-13.0000,,,,CHO,0.0000,-12.7646,0.0000,-12.8078,0.0000,0.0000,0.000,0.000,,0.0,,,,,,,0,,0
45.8189,1790252683.337615,0.0200,0,,,0.000,,,0.0000,0.0000,0.0000,0.0000,0.0000,-13.0000,,,,CHO,0.0000,-12.7646,0.0000,-12.8078,0.0000,0.0000,0.000,0.000,,0.0,,,,,,,0,,0
45.8396,1790252683.358443,0.0207,0,,,0.000,,,0.0000,0.0000,0.0000,0.0000,0.0000,-13.0000,,,,CHO,0.0000,-12.7646,0.0000,-12.8078,0.0000,0.0000,0.000,0.000,,0.0,,,,,,,0,,0
45.8599,1790252683.378726,0.0204,0,,,0.000,,,0.0000,0.0000,0.0000,0.0000,0.0000,-13.0000,,,,CHO,0.0000,-12.7646,0.0000,-12.8078,0.0000,0.0000,0.000,0.000,,0.0,,,,,,,0,,0
45.8805,1790252683.399256,0.0206,0,,,0.000,,,0.0000,0.0000,0.0000,0.0000,0.0000,-13.0000,,,,CHO,0.0000,-12.7646,0.0000,-12.8078,0.0000,0.0000,0.000,0.000,,0.0,,,,,,,0,,0
45.9011,1790252683.419995,0.0206,0,,,0.000,,,0.0000,0.0000,0.0000,0.0000,0.0000,-13.0000,,,,CHO,0.0000,-12.7646,0.0000,-12.8078,0.0000,0.0000,0.000,0.000,,0.0,,,,,,,0,,0
45.9211,1790252683.439948,0.0200,0,,,0.000,,,0.0000,0.0000,0.0000,0.0000,0.0000,-13.0000,,,,CHO,0.0000,-12.7646,0.0000,-12.8078,0.0000,0.0000,0.000,0.000,,0.0,,,,,,,0,,0
45.9412,1790252683.460041,0.0200,0,,,0.000,,,0.0000,0.0000,0.0000,0.0000,0.0000,-13.0000,,,,CHO,0.0000,-12.7646,0.0000,-12.8078,0.0000,0.0000,0.000,0.000,,0.0,,,,,,,0,,0
45.9616,1790252683.480414,0.0205,0,,,0.000,,,0.0000,0.0000,0.0000,0.0000,0.0000,-13.0000,,,,CHO,0.0000,-12.7646,0.0000,-12.8078,0.0000,0.0000,0.000,0.000,,0.0,,,,,,,0,,0
45.9820,1790252683.500793,0.0204,0,,,0.000,,,0.0000,0.0000,0.0000,0.0000,0.0000,-13.0000,,,,CHO,0.0000,-12.7646,0.0000,-12.8078,0.0000,0.0000,0.000,0.000,,0.0,,,,,,,0,,0
46.0023,1790252683.521093,0.0203,0,,,0.000,,,0.0000,0.0000,0.0000,0.0000,0.0000,-13.0000,,,,CHO,0.0000,-12.7646,0.0000,-12.8078,0.0000,0.0000,0.000,0.000,,0.0,,,,,,,0,,0
46.0226,1790252683.541374,0.0203,0,,,0.000,,,0.0000,0.0000,0.0000,0.0000,0.0000,-13.0000,,,,CHO,0.0000,-12.7646,0.0000,-12.8078,0.0000,0.0000,0.000,0.000,,0.0,,,,,,,0,,0
46.0430,1790252683.561709,0.0203,0,,,0.000,,,0.0000,0.0000,0.0000,0.0000,0.0000,-13.0000,,,,CHO,0.0000,-12.7646,0.0000,-12.8078,0.0000,0.0000,0.000,0.000,,0.0,,,,,,,0,,0
46.0630,1790252683.581869,0.0200,0,,,0.000,,,0.0000,0.0000,0.0000,0.0000,0.0000,-13.0000,,,,CHO,0.0000,-12.7646,0.0000,-12.8078,0.0000,0.0000,0.000,0.000,,0.0,,,,,,,0,,0
46.0836,1790252683.602544,0.0207,0,,,0.000,,,0.0000,0.0000,0.0000,0.0000,0.0000,-13.0000,,,,CHO,0.0000,-12.7646,0.0000,-12.8078,0.0000,0.0000,0.000,0.000,,0.0,,,,,,,0,,0
46.1046,1790252683.623280,0.0209,0,,,0.000,,,0.0000,0.0000,0.0000,0.0000,0.0000,-13.0000,,,,CHO,0.0000,-12.7646,0.0000,-12.8078,0.0000,0.0000,0.000,0.000,,0.0,,,,,,,0,,0
46.1256,1790252683.644473,0.0210,0,,,0.000,,,0.0000,0.0000,0.0000,0.0000,0.0000,-13.0000,,,,CHO,0.0000,-12.7646,0.0000,-12.8078,0.0000,0.0000,0.000,0.000,,0.0,,,,,,,0,,0
46.1465,1790252683.665389,0.0209,0,,,0.000,,,0.0000,0.0000,0.0000,0.0000,0.0000,-13.0000,,,,CHO,0.0000,-12.7646,0.0000,-12.8078,0.0000,0.0000,0.000,0.000,,0.0,,,,,,,0,,0
46.1668,1790252683.685509,0.0203,0,,,0.000,,,0.0000,0.0000,0.0000,0.0000,0.0000,-13.0000,,,,CHO,0.0000,-12.7646,0.0000,-12.8078,0.0000,0.0000,0.000,0.000,,0.0,,,,,,,0,,0
46.1876,1790252683.706493,0.0208,0,,,0.000,,,0.0000,0.0000,0.0000,0.0000,0.0000,-13.0000,,,,CHO,0.0000,-12.7646,0.0000,-12.8078,0.0000,0.0000,0.000,0.000,,0.0,,,,,,,0,,0
46.2078,1790252683.726712,0.0202,0,,,0.000,,,0.0000,0.0000,0.0000,0.0000,0.0000,-13.0000,,,,CHO,0.0000,-12.7646,0.0000,-12.8078,0.0000,0.0000,0.000,0.000,,0.0,,,,,,,0,,0
46.2281,1790252683.747041,0.0204,0,,,0.000,,,0.0000,0.0000,0.0000,0.0000,0.0000,-13.0000,,,,CHO,0.0000,-12.7646,0.0000,-12.8078,0.0000,0.0000,0.000,0.000,,0.0,,,,,,,0,,0
46.2486,1790252683.767429,0.0205,0,,,0.000,,,0.0000,0.0000,0.0000,0.0000,0.0000,-13.0000,,,,CHO,0.0000,-12.7646,0.0000,-12.8078,0.0000,0.0000,0.000,0.000,,0.0,,,,,,,0,,0
46.2689,1790252683.787839,0.0203,0,,,0.000,,,0.0000,0.0000,0.0000,0.0000,0.0000,-13.0000,,,,CHO,0.0000,-12.7646,0.0000,-12.8078,0.0000,0.0000,0.000,0.000,,0.0,,,,,,,0,,0
46.2895,1790252683.808330,0.0206,0,,,0.000,,,0.0000,0.0000,0.0000,0.0000,0.0000,-13.0000,,,,CHO,0.0000,-12.7646,0.0000,-12.8078,0.0000,0.0000,0.000,0.000,,0.0,,,,,,,0,,0
46.3103,1790252683.829062,0.0208,0,,,0.000,,,0.0000,0.0000,0.0000,0.0000,0.0000,-13.0000,,,,CHO,0.0000,-12.7646,0.0000,-12.8078,0.0000,0.0000,0.000,0.000,,0.0,,,,,,,0,,0
46.3304,1790252683.849226,0.0201,0,,,0.000,,,0.0000,0.0000,0.0000,0.0000,0.0000,-13.0000,,,,CHO,0.0000,-12.7646,0.0000,-12.8078,0.0000,0.0000,0.000,0.000,,0.0,,,,,,,0,,0
46.3507,1790252683.869692,0.0204,0,,,0.000,,,0.0000,0.0000,0.0000,0.0000,0.0000,-13.0000,,,,CHO,0.0000,-12.7646,0.0000,-12.8078,0.0000,0.0000,0.000,0.000,,0.0,,,,,,,0,,0
46.3709,1790252683.889803,0.0201,0,,,0.000,,,0.0000,0.0000,0.0000,0.0000,0.0000,-13.0000,,,,CHO,0.0000,-12.7646,0.0000,-12.8078,0.0000,0.0000,0.000,0.000,,0.0,,,,,,,0,,0
46.3909,1790252683.909833,0.0200,0,,,0.000,,,0.0000,0.0000,0.0000,0.0000,0.0000,-13.0000,,,,CHO,0.0000,-12.7646,0.0000,-12.8078,0.0000,0.0000,0.000,0.000,,0.0,,,,,,,0,,0
46.4110,1790252683.929962,0.0201,0,,,0.000,,,0.0000,0.0000,0.0000,0.0000,0.0000,-13.0000,,,,CHO,0.0000,-12.7646,0.0000,-12.8078,0.0000,0.0000,0.000,0.000,,0.0,,,,,,,0,,0
46.4313,1790252683.950213,0.0203,0,,,0.000,,,0.0000,0.0000,0.0000,0.0000,0.0000,-13.0000,,,,CHO,0.0000,-12.7646,0.0000,-12.8078,0.0000,0.0000,0.000,0.000,,0.0,,,,,,,0,,0
46.4517,1790252683.970464,0.0204,0,,,0.000,,,0.0000,0.0000,0.0000,0.0000,0.0000,-13.0000,,,,CHO,0.0000,-12.7646,0.0000,-12.8078,0.0000,0.0000,0.000,0.000,,0.0,,,,,,,0,,0
46.4720,1790252683.990901,0.0204,0,,,0.000,,,0.0000,0.0000,0.0000,0.0000,0.0000,-13.0000,,,,CHO,0.0000,-12.7646,0.0000,-12.8078,0.0000,0.0000,0.000,0.000,,0.0,,,,,,,0,,0
46.4926,1790252684.011432,0.0206,0,,,0.000,,,0.0000,0.0000,0.0000,0.0000,0.0000,-13.0000,,,,CHO,0.0000,-12.7646,0.0000,-12.8078,0.0000,0.0000,0.000,0.000,,0.0,,,,,,,0,,0
46.5131,1790252684.032073,0.0205,0,,,0.000,,,0.0000,0.0000,0.0000,0.0000,0.0000,-13.0000,,,,CHO,0.0000,-12.7646,0.0000,-12.8078,0.0000,0.0000,0.000,0.000,,0.0,,,,,,,0,,0
46.5334,1790252684.052269,0.0203,0,,,0.000,,,0.0000,0.0000,0.0000,0.0000,0.0000,-13.0000,,,,CHO,0.0000,-12.7646,0.0000,-12.8078,0.0000,0.0000,0.000,0.000,,0.0,,,,,,,0,,0
46.5536,1790252684.072458,0.0202,0,,,0.000,,,0.0000,0.0000,0.0000,0.0000,0.0000,-13.0000,,,,CHO,0.0000,-12.7646,0.0000,-12.8078,0.0000,0.0000,0.000,0.000,,0.0,,,,,,,0,,0
46.5737,1790252684.092639,0.0201,0,,,0.000,,,0.0000,0.0000,0.0000,0.0000,0.0000,-13.0000,,,,CHO,0.0000,-12.7646,0.0000,-12.8078,0.0000,0.0000,0.000,0.000,,0.0,,,,,,,0,,0
46.5939,1790252684.112732,0.0202,0,,,0.000,,,0.0000,0.0000,0.0000,0.0000,0.0000,-13.0000,,,,CHO,0.0000,-12.7646,0.0000,-12.8078,0.0000,0.0000,0.000,0.000,,0.0,,,,,,,0,,0
46.6140,1790252684.132915,0.0200,0,,,0.000,,,0.0000,0.0000,0.0000,0.0000,0.0000,-13.0000,,,,CHO,0.0000,-12.7646,0.0000,-12.8078,0.0000,0.0000,0.000,0.000,,0.0,,,,,,,0,,0
46.6345,1790252684.153389,0.0205,0,,,0.000,,,0.0000,0.0000,0.0000,0.0000,0.0000,-13.0000,,,,CHO,0.0000,-12.7646,0.0000,-12.8078,0.0000,0.0000,0.000,0.000,,0.0,,,,,,,0,,0
46.6545,1790252684.173409,0.0200,0,,,0.000,,,0.0000,0.0000,0.0000,0.0000,0.0000,-13.0000,,,,CHO,0.0000,-12.7646,0.0000,-12.8078,0.0000,0.0000,0.000,0.000,,0.0,,,,,,,0,,0
46.6747,1790252684.193627,0.0202,0,,,0.000,,,0.0000,0.0000,0.0000,0.0000,0.0000,-13.0000,,,,CHO,0.0000,-12.7646,0.0000,-12.8078,0.0000,0.0000,0.000,0.000,,0.0,,,,,,,0,,0
46.6952,1790252684.214133,0.0205,0,,,0.000,,,0.0000,0.0000,0.0000,0.0000,0.0000,-13.0000,,,,CHO,0.0000,-12.7646,0.0000,-12.8078,0.0000,0.0000,0.000,0.000,,0.0,,,,,,,0,,0
46.7154,1790252684.234308,0.0202,0,,,0.000,,,0.0000,0.0000,0.0000,0.0000,0.0000,-13.0000,,,,CHO,0.0000,-12.7646,0.0000,-12.8078,0.0000,0.0000,0.000,0.000,,0.0,,,,,,,0,,0
46.7355,1790252684.254282,0.0201,0,,,0.000,,,0.0000,0.0000,0.0000,0.0000,0.0000,-13.0000,,,,CHO,0.0000,-12.7646,0.0000,-12.8078,0.0000,0.0000,0.000,0.000,,0.0,,,,,,,0,,0
46.7556,1790252684.274445,0.0200,0,,,0.000,,,0.0000,0.0000,0.0000,0.0000,0.0000,-13.0000,,,,CHO,0.0000,-12.7646,0.0000,-12.8078,0.0000,0.0000,0.000,0.000,,0.0,,,,,,,0,,0
46.7758,1790252684.294660,0.0202,0,,,0.000,,,0.0000,0.0000,0.0000,0.0000,0.0000,-13.0000,,,,CHO,0.0000,-12.7646,0.0000,-12.8078,0.0000,0.0000,0.000,0.000,,0.0,,,,,,,0,,0
46.7959,1790252684.314765,0.0201,0,,,0.000,,,0.0000,0.0000,0.0000,0.0000,0.0000,-13.0000,,,,CHO,0.0000,-12.7646,0.0000,-12.8078,0.0000,0.0000,0.000,0.000,,0.0,,,,,,,0,,0
46.8163,1790252684.335014,0.0204,0,,,0.000,,,0.0000,0.0000,0.0000,0.0000,0.0000,-13.0000,,,,CHO,0.0000,-12.7646,0.0000,-12.8078,0.0000,0.0000,0.000,0.000,,0.0,,,,,,,0,,0
46.8363,1790252684.355227,0.0200,0,,,0.000,,,0.0000,0.0000,0.0000,0.0000,0.0000,-13.0000,,,,CHO,0.0000,-12.7646,0.0000,-12.8078,0.0000,0.0000,0.000,0.000,,0.0,,,,,,,0,,0
46.8570,1790252684.375884,0.0206,0,,,0.000,,,0.0000,0.0000,0.0000,0.0000,0.0000,-13.0000,,,,CHO,0.0000,-12.7646,0.0000,-12.8078,0.0000,0.0000,0.000,0.000,,0.0,,,,,,,0,,0
46.8771,1790252684.396026,0.0202,0,,,0.000,,,0.0000,0.0000,0.0000,0.0000,0.0000,-13.0000,,,,CHO,0.0000,-12.7646,0.0000,-12.8078,0.0000,0.0000,0.000,0.000,,0.0,,,,,,,0,,0
46.8979,1790252684.416753,0.0207,0,,,0.000,,,0.0000,0.0000,0.0000,0.0000,0.0000,-13.0000,,,,CHO,0.0000,-12.7646,0.0000,-12.8078,0.0000,0.0000,0.000,0.000,,0.0,,,,,,,0,,0
46.9180,1790252684.436880,0.0201,0,,,0.000,,,0.0000,0.0000,0.0000,0.0000,0.0000,-13.0000,,,,CHO,0.0000,-12.7646,0.0000,-12.8078,0.0000,0.0000,0.000,0.000,,0.0,,,,,,,0,,0
46.9386,1790252684.457260,0.0206,0,,,0.000,,,0.0000,0.0000,0.0000,0.0000,0.0000,-13.0000,,,,CHO,0.0000,-12.7646,0.0000,-12.8078,0.0000,0.0000,0.000,0.000,,0.0,,,,,,,0,,0
46.9589,1790252684.477801,0.0203,0,,,0.000,,,0.0000,0.0000,0.0000,0.0000,0.0000,-13.0000,,,,CHO,0.0000,-12.7646,0.0000,-12.8078,0.0000,0.0000,0.000,0.000,,0.0,,,,,,,0,,0
46.9791,1790252684.498033,0.0202,0,,,0.000,,,0.0000,0.0000,0.0000,0.0000,0.0000,-13.0000,,,,CHO,0.0000,-12.7646,0.0000,-12.8078,0.0000,0.0000,0.000,0.000,,0.0,,,,,,,0,,0
46.9997,1790252684.518519,0.0206,0,,,0.000,,,0.0000,0.0000,0.0000,0.0000,0.0000,-13.0000,,,,CHO,0.0000,-12.7646,0.0000,-12.8078,0.0000,0.0000,0.000,0.000,,0.0,,,,,,,0,,0
47.0204,1790252684.539189,0.0207,0,,,0.000,,,0.0000,0.0000,0.0000,0.0000,0.0000,-13.0000,,,,CHO,0.0000,-12.7646,0.0000,-12.8078,0.0000,0.0000,0.000,0.000,,0.0,,,,,,,0,,0
47.0412,1790252684.559976,0.0208,0,,,0.000,,,0.0000,0.0000,0.0000,0.0000,0.0000,-13.0000,,,,CHO,0.0000,-12.7646,0.0000,-12.8078,0.0000,0.0000,0.000,0.000,,0.0,,,,,,,0,,0
47.0618,1790252684.580617,0.0206,0,,,0.000,,,0.0000,0.0000,0.0000,0.0000,0.0000,-13.0000,,,,CHO,0.0000,-12.7646,0.0000,-12.8078,0.0000,0.0000,0.000,0.000,,0.0,,,,,,,0,,0
47.0824,1790252684.601158,0.0206,0,,,0.000,,,0.0000,0.0000,0.0000,0.0000,0.0000,-13.0000,,,,CHO,0.0000,-12.7646,0.0000,-12.8078,0.0000,0.0000,0.000,0.000,,0.0,,,,,,,0,,0
47.1026,1790252684.621279,0.0202,0,,,0.000,,,0.0000,0.0000,0.0000,0.0000,0.0000,-13.0000,,,,CHO,0.0000,-12.7646,0.0000,-12.8078,0.0000,0.0000,0.000,0.000,,0.0,,,,,,,0,,0
47.1233,1790252684.642102,0.0208,0,,,0.000,,,0.0000,0.0000,0.0000,0.0000,0.0000,-13.0000,,,,CHO,0.0000,-12.7646,0.0000,-12.8078,0.0000,0.0000,0.000,0.000,,0.0,,,,,,,0,,0
47.1435,1790252684.662332,0.0202,0,,,0.000,,,0.0000,0.0000,0.0000,0.0000,0.0000,-13.0000,,,,CHO,0.0000,-12.7646,0.0000,-12.8078,0.0000,0.0000,0.000,0.000,,0.0,,,,,,,0,,0
47.1636,1790252684.682469,0.0201,0,,,0.000,,,0.0000,0.0000,0.0000,0.0000,0.0000,-13.0000,,,,CHO,0.0000,-12.7646,0.0000,-12.8078,0.0000,0.0000,0.000,0.000,,0.0,,,,,,,0,,0
47.1839,1790252684.702805,0.0203,0,,,0.000,,,0.0000,0.0000,0.0000,0.0000,0.0000,-13.0000,,,,CHO,0.0000,-12.7646,0.0000,-12.8078,0.0000,0.0000,0.000,0.000,,0.0,,,,,,,0,,0
47.2040,1790252684.722786,0.0202,0,,,0.000,,,0.0000,0.0000,0.0000,0.0000,0.0000,-13.0000,,,,CHO,0.0000,-12.7646,0.0000,-12.8078,0.0000,0.0000,0.000,0.000,,0.0,,,,,,,0,,0
47.2242,1790252684.742886,0.0202,0,,,0.000,,,0.0000,0.0000,0.0000,0.0000,0.0000,-13.0000,,,,CHO,0.0000,-12.7646,0.0000,-12.8078,0.0000,0.0000,0.000,0.000,,0.0,,,,,,,0,,0
47.2445,1790252684.763285,0.0202,0,,,0.000,,,0.0000,0.0000,0.0000,0.0000,0.0000,-13.0000,,,,CHO,0.0000,-12.7646,0.0000,-12.8078,0.0000,0.0000,0.000,0.000,,0.0,,,,,,,0,,0
47.2648,1790252684.783555,0.0203,0,,,0.000,,,0.0000,0.0000,0.0000,0.0000,0.0000,-13.0000,,,,CHO,0.0000,-12.7646,0.0000,-12.8078,0.0000,0.0000,0.000,0.000,,0.0,,,,,,,0,,0
47.2853,1790252684.804196,0.0205,0,,,0.000,,,0.0000,0.0000,0.0000,0.0000,0.0000,-13.0000,,,,CHO,0.0000,-12.7646,0.0000,-12.8078,0.0000,0.0000,0.000,0.000,,0.0,,,,,,,0,,0
47.3059,1790252684.824697,0.0206,0,,,0.000,,,0.0000,0.0000,0.0000,0.0000,0.0000,-13.0000,,,,CHO,0.0000,-12.7646,0.0000,-12.8078,0.0000,0.0000,0.000,0.000,,0.0,,,,,,,0,,0
47.3259,1790252684.844879,0.0201,0,,,0.000,,,0.0000,0.0000,0.0000,0.0000,0.0000,-13.0000,,,,CHO,0.0000,-12.7646,0.0000,-12.8078,0.0000,0.0000,0.000,0.000,,0.0,,,,,,,0,,0
47.3460,1790252684.864918,0.0200,0,,,0.000,,,0.0000,0.0000,0.0000,0.0000,0.0000,-13.0000,,,,CHO,0.0000,-12.7646,0.0000,-12.8078,0.0000,0.0000,0.000,0.000,,0.0,,,,,,,0,,0
47.3663,1790252684.885192,0.0204,0,,,0.000,,,0.0000,0.0000,0.0000,0.0000,0.0000,-13.0000,,,,CHO,0.0000,-12.7646,0.0000,-12.8078,0.0000,0.0000,0.000,0.000,,0.0,,,,,,,0,,0
47.3866,1790252684.905447,0.0203,0,,,0.000,,,0.0000,0.0000,0.0000,0.0000,0.0000,-13.0000,,,,CHO,0.0000,-12.7646,0.0000,-12.8078,0.0000,0.0000,0.000,0.000,,0.0,,,,,,,0,,0
47.4071,1790252684.926061,0.0205,0,,,0.000,,,0.0000,0.0000,0.0000,0.0000,0.0000,-13.0000,,,,CHO,0.0000,-12.7646,0.0000,-12.8078,0.0000,0.0000,0.000,0.000,,0.0,,,,,,,0,,0
47.4275,1790252684.946425,0.0204,0,,,0.000,,,0.0000,0.0000,0.0000,0.0000,0.0000,-13.0000,,,,CHO,0.0000,-12.7646,0.0000,-12.8078,0.0000,0.0000,0.000,0.000,,0.0,,,,,,,0,,0
47.4476,1790252684.966429,0.0201,0,,,0.000,,,0.0000,0.0000,0.0000,0.0000,0.0000,-13.0000,,,,CHO,0.0000,-12.7646,0.0000,-12.8078,0.0000,0.0000,0.000,0.000,,0.0,,,,,,,0,,0
47.4677,1790252684.986698,0.0202,0,,,0.000,,,0.0000,0.0000,0.0000,0.0000,0.0000,-13.0000,,,,CHO,0.0000,-12.7646,0.0000,-12.8078,0.0000,0.0000,0.000,0.000,,0.0,,,,,,,0,,0
47.4878,1790252685.006741,0.0200,0,,,0.000,,,0.0000,0.0000,0.0000,0.0000,0.0000,-13.0000,,,,CHO,0.0000,-12.7646,0.0000,-12.8078,0.0000,0.0000,0.000,0.000,,0.0,,,,,,,0,,0
47.5078,1790252685.026725,0.0200,0,,,0.000,,,0.0000,0.0000,0.0000,0.0000,0.0000,-13.0000,,,,CHO,0.0000,-12.7646,0.0000,-12.8078,0.0000,0.0000,0.000,0.000,,0.0,,,,,,,0,,0
47.5281,1790252685.047058,0.0203,0,,,0.000,,,0.0000,0.0000,0.0000,0.0000,0.0000,-13.0000,,,,CHO,0.0000,-12.7646,0.0000,-12.8078,0.0000,0.0000,0.000,0.000,,0.0,,,,,,,0,,0
47.5486,1790252685.067498,0.0205,0,,,0.000,,,0.0000,0.0000,0.0000,0.0000,0.0000,-13.0000,,,,CHO,0.0000,-12.7646,0.0000,-12.8078,0.0000,0.0000,0.000,0.000,,0.0,,,,,,,0,,0
47.5688,1790252685.087724,0.0202,0,,,0.000,,,0.0000,0.0000,0.0000,0.0000,0.0000,-13.0000,,,,CHO,0.0000,-12.7646,0.0000,-12.8078,0.0000,0.0000,0.000,0.000,,0.0,,,,,,,0,,0
47.5890,1790252685.107972,0.0202,0,,,0.000,,,0.0000,0.0000,0.0000,0.0000,0.0000,-13.0000,,,,CHO,0.0000,-12.7646,0.0000,-12.8078,0.0000,0.0000,0.000,0.000,,0.0,,,,,,,0,,0
47.6093,1790252685.128154,0.0202,0,,,0.000,,,0.0000,0.0000,0.0000,0.0000,0.0000,-13.0000,,,,CHO,0.0000,-12.7646,0.0000,-12.8078,0.0000,0.0000,0.000,0.000,,0.0,,,,,,,0,,0
47.6297,1790252685.148644,0.0205,0,,,0.000,,,0.0000,0.0000,0.0000,0.0000,0.0000,-13.0000,,,,CHO,0.0000,-12.7646,0.0000,-12.8078,0.0000,0.0000,0.000,0.000,,0.0,,,,,,,0,,0
47.6498,1790252685.168699,0.0201,0,,,0.000,,,0.0000,0.0000,0.0000,0.0000,0.0000,-13.0000,,,,CHO,0.0000,-12.7646,0.0000,-12.8078,0.0000,0.0000,0.000,0.000,,0.0,,,,,,,0,,0
47.6701,1790252685.188997,0.0203,0,,,0.000,,,0.0000,0.0000,0.0000,0.0000,0.0000,-13.0000,,,,CHO,0.0000,-12.7646,0.0000,-12.8078,0.0000,0.0000,0.000,0.000,,0.0,,,,,,,0,,0
47.6901,1790252685.208992,0.0201,0,,,0.000,,,0.0000,0.0000,0.0000,0.0000,0.0000,-13.0000,,,,CHO,0.0000,-12.7646,0.0000,-12.8078,0.0000,0.0000,0.000,0.000,,0.0,,,,,,,0,,0
47.7104,1790252685.229372,0.0203,0,,,0.000,,,0.0000,0.0000,0.0000,0.0000,0.0000,-13.0000,,,,CHO,0.0000,-12.7646,0.0000,-12.8078,0.0000,0.0000,0.000,0.000,,0.0,,,,,,,0,,0
47.7306,1790252685.249505,0.0202,0,,,0.000,,,0.0000,0.0000,0.0000,0.0000,0.0000,-13.0000,,,,CHO,0.0000,-12.7646,0.0000,-12.8078,0.0000,0.0000,0.000,0.000,,0.0,,,,,,,0,,0
47.7512,1790252685.270066,0.0206,0,,,0.000,,,0.0000,0.0000,0.0000,0.0000,0.0000,-13.0000,,,,CHO,0.0000,-12.7646,0.0000,-12.8078,0.0000,0.0000,0.000,0.000,,0.0,,,,,,,0,,0
47.7715,1790252685.290162,0.0203,0,,,0.000,,,0.0000,0.0000,0.0000,0.0000,0.0000,-13.0000,,,,CHO,0.0000,-12.7646,0.0000,-12.8078,0.0000,0.0000,0.000,0.000,,0.0,,,,,,,0,,0
47.7918,1790252685.310585,0.0204,0,,,0.000,,,0.0000,0.0000,0.0000,0.0000,0.0000,-13.0000,,,,CHO,0.0000,-12.7646,0.0000,-12.8078,0.0000,0.0000,0.000,0.000,,0.0,,,,,,,0,,0
47.8126,1790252685.331449,0.0207,0,,,0.000,,,0.0000,0.0000,0.0000,0.0000,0.0000,-13.0000,,,,CHO,0.0000,-12.7646,0.0000,-12.8078,0.0000,0.0000,0.000,0.000,,0.0,,,,,,,0,,0
47.8330,1790252685.351876,0.0204,0,,,0.000,,,0.0000,0.0000,0.0000,0.0000,0.0000,-13.0000,,,,CHO,0.0000,-12.7646,0.0000,-12.8078,0.0000,0.0000,0.000,0.000,,0.0,,,,,,,0,,0
47.8535,1790252685.372402,0.0205,0,,,0.000,,,0.0000,0.0000,0.0000,0.0000,0.0000,-13.0000,,,,CHO,0.0000,-12.7646,0.0000,-12.8078,0.0000,0.0000,0.000,0.000,,0.0,,,,,,,0,,0
47.8737,1790252685.392519,0.0202,0,,,0.000,,,0.0000,0.0000,0.0000,0.0000,0.0000,-13.0000,,,,CHO,0.0000,-12.7646,0.0000,-12.8078,0.0000,0.0000,0.000,0.000,,0.0,,,,,,,0,,0
47.8937,1790252685.412602,0.0200,0,,,0.000,,,0.0000,0.0000,0.0000,0.0000,0.0000,-13.0000,,,,CHO,0.0000,-12.7646,0.0000,-12.8078,0.0000,0.0000,0.000,0.000,,0.0,,,,,,,0,,0
47.9143,1790252685.433177,0.0206,0,,,0.000,,,0.0000,0.0000,0.0000,0.0000,0.0000,-13.0000,,,,CHO,0.0000,-12.7646,0.0000,-12.8078,0.0000,0.0000,0.000,0.000,,0.0,,,,,,,0,,0
47.9347,1790252685.453424,0.0204,0,,,0.000,,,0.0000,0.0000,0.0000,0.0000,0.0000,-13.0000,,,,CHO,0.0000,-12.7646,0.0000,-12.8078,0.0000,0.0000,0.000,0.000,,0.0,,,,,,,0,,0
47.9553,1790252685.474164,0.0207,0,,,0.000,,,0.0000,0.0000,0.0000,0.0000,0.0000,-13.0000,,,,CHO,0.0000,-12.7646,0.0000,-12.8078,0.0000,0.0000,0.000,0.000,,0.0,,,,,,,0,,0
47.9755,1790252685.494324,0.0202,0,,,0.000,,,0.0000,0.0000,0.0000,0.0000,0.0000,-13.0000,,,,CHO,0.0000,-12.7646,0.0000,-12.8078,0.0000,0.0000,0.000,0.000,,0.0,,,,,,,0,,0
47.9955,1790252685.514237,0.0200,0,,,0.000,,,0.0000,0.0000,0.0000,0.0000,0.0000,-13.0000,,,,CHO,0.0000,-12.7646,0.0000,-12.8078,0.0000,0.0000,0.000,0.000,,0.0,,,,,,,0,,0
48.0157,1790252685.534616,0.0202,0,,,0.000,,,0.0000,0.0000,0.0000,0.0000,0.0000,-13.0000,,,,CHO,0.0000,-12.7646,0.0000,-12.8078,0.0000,0.0000,0.000,0.000,,0.0,,,,,,,0,,0
48.0360,1790252685.554942,0.0203,0,,,0.000,,,0.0000,0.0000,0.0000,0.0000,0.0000,-13.0000,,,,CHO,0.0000,-12.7646,0.0000,-12.8078,0.0000,0.0000,0.000,0.000,,0.0,,,,,,,0,,0
48.0561,1790252685.574865,0.0200,0,,,0.000,,,0.0000,0.0000,0.0000,0.0000,0.0000,-13.0000,,,,CHO,0.0000,-12.7646,0.0000,-12.8078,0.0000,0.0000,0.000,0.000,,0.0,,,,,,,0,,0
48.0764,1790252685.595272,0.0203,0,,,0.000,,,0.0000,0.0000,0.0000,0.0000,0.0000,-13.0000,,,,CHO,0.0000,-12.7646,0.0000,-12.8078,0.0000,0.0000,0.000,0.000,,0.0,,,,,,,0,,0
48.0972,1790252685.616120,0.0208,0,,,0.000,,,0.0000,0.0000,0.0000,0.0000,0.0000,-13.0000,,,,CHO,0.0000,-12.7646,0.0000,-12.8078,0.0000,0.0000,0.000,0.000,,0.0,,,,,,,0,,0
48.1176,1790252685.636458,0.0204,0,,,0.000,,,0.0000,0.0000,0.0000,0.0000,0.0000,-13.0000,,,,CHO,0.0000,-12.7646,0.0000,-12.8078,0.0000,0.0000,0.000,0.000,,0.0,,,,,,,0,,0
48.1383,1790252685.657145,0.0208,0,,,0.000,,,0.0000,0.0000,0.0000,0.0000,0.0000,-13.0000,,,,CHO,0.0000,-12.7646,0.0000,-12.8078,0.0000,0.0000,0.000,0.000,,0.0,,,,,,,0,,0
48.1588,1790252685.677684,0.0205,0,,,0.000,,,0.0000,0.0000,0.0000,0.0000,0.0000,-13.0000,,,,CHO,0.0000,-12.7646,0.0000,-12.8078,0.0000,0.0000,0.000,0.000,,0.0,,,,,,,0,,0
