t,epoch_s,dt,co_do,u,v,conf,theta_m,phi_m,theta_hat,dtheta_hat,phi_hat,dphi_hat,theta_du_doan,phi_du_doan,ld_huong,ld_cu_ly,ld_toc_do,trang_thai,theta_s,phi_s,theta_cmd,phi_cmd,e_theta,e_phi,u_theta,u_phi,nis,t_inf,e_px,ld_id,iff_ket,iff_ly_do,iff_ms,the_che_do,luot,nhan,dang_do
0.0242,1790254669.899753,0.0242,0,,,0.000,,,0.0000,0.0000,0.0000,0.0000,0.0000,-13.0000,,,,CHO,0.0000,0.0000,0.0000,-0.2346,0.0000,-13.0000,0.000,-9.687,,0.0,,,,,,BAN,0,,0
0.0443,1790254669.920186,0.0200,0,,,0.000,,,0.0000,0.0000,0.0000,0.0000,0.0000,-13.0000,,,,CHO,0.0000,0.0000,0.0000,-0.5895,0.0000,-13.0000,0.000,-17.705,,0.0,,,,,,BAN,0,,0
0.0647,1790254669.941025,0.0204,0,,,0.000,,,0.0000,0.0000,0.0000,0.0000,0.0000,-13.0000,,,,CHO,0.0000,0.0000,0.0000,-1.1183,0.0000,-13.0000,0.000,-25.879,,0.0,,,,,,BAN,0,,0
0.0847,1790254669.960287,0.0200,0,,,0.000,,,0.0000,0.0000,0.0000,0.0000,0.0000,-13.0000,,,,CHO,0.0000,0.0000,0.0000,-1.7972,0.0000,-13.0000,0.000,-33.891,,0.0,,,,,,BAN,0,,0
0.1057,1790254669.981598,0.0210,0,,,0.000,,,0.0000,0.0000,0.0000,0.0000,0.0000,-13.0000,,,,CHO,0.0000,0.0000,0.0000,-2.6837,0.0000,-13.0000,0.000,-42.279,,0.0,,,,,,BAN,0,,0
0.1266,1790254670.002474,0.0209,0,,,0.000,,,0.0000,0.0000,0.0000,0.0000,0.0000,-13.0000,,,,CHO,0.0000,0.0000,0.0000,-3.7413,0.0000,-13.0000,0.000,-50.634,,0.0,,,,,,BAN,0,,0
0.1585,1790254670.034875,0.0319,0,,,0.000,,,0.0000,0.0000,0.0000,0.0000,0.0000,-13.0000,,,,CHO,0.0000,-0.0973,0.0000,-5.7646,0.0000,-12.9027,0.000,-63.399,,0.0,,,,,,BAN,0,,0
0.1796,1790254670.055752,0.0211,0,,,0.000,,,0.0000,0.0000,0.0000,0.0000,0.0000,-13.0000,,,,CHO,0.0000,-0.2543,0.0000,-7.0996,0.0000,-12.7457,0.000,-63.348,,0.0,,,,,,BAN,0,,0
0.2018,1790254670.076018,0.0222,0,,,0.000,,,0.0000,0.0000,0.0000,0.0000,0.0000,-13.0000,,,,CHO,0.0000,-0.7647,0.0000,-8.4348,0.0000,-12.2353,0.000,-60.030,,0.0,,,,,,BAN,0,,0
0.2222,1790254670.098130,0.0204,0,,,0.000,,,0.0000,0.0000,0.0000,0.0000,0.0000,-13.0000,,,,CHO,0.0000,-1.3630,0.0000,-9.5822,0.0000,-11.6370,0.000,-56.276,,0.0,,,,,,BAN,0,,0
0.2427,1790254670.118669,0.0205,0,,,0.000,,,0.0000,0.0000,0.0000,0.0000,0.0000,-13.0000,,,,CHO,0.0000,-2.1083,0.0000,-10.6442,0.0000,-10.8917,0.000,-51.717,,0.0,,,,,,BAN,0,,0
0.2634,1790254670.139652,0.0206,0,,,0.000,,,0.0000,0.0000,0.0000,0.0000,0.0000,-13.0000,,,,CHO,0.0000,-2.6218,0.0000,-11.6539,0.0000,-10.3782,0.000,-48.915,,0.0,,,,,,BAN,0,,0
0.2840,1790254670.159880,0.0206,0,,,0.000,,,0.0000,0.0000,0.0000,0.0000,0.0000,-13.0000,,,,CHO,0.0000,-3.6079,0.0000,-12.5384,0.0000,-9.3921,0.000,-42.991,,0.0,,,,,,BAN,0,,0
0.3042,1790254670.180198,0.0203,0,,,0.000,,,0.0000,0.0000,0.0000,0.0000,0.0000,-13.0000,,,,CHO,0.0000,-4.6932,0.0000,-13.2816,0.0000,-8.3068,0.000,-36.619,,0.0,,,,,,BAN,0,,0
0.3248,1790254670.200712,0.0206,0,,,0.000,,,0.0000,0.0000,0.0000,0.0000,0.0000,-13.0000,,,,CHO,0.0000,-5.8663,0.0000,-13.8961,0.0000,-7.1337,0.000,-29.894,,0.0,,,,,,BAN,0,,0
0.3449,1790254670.220864,0.0201,0,,,0.000,,,0.0000,0.0000,0.0000,0.0000,0.0000,-13.0000,,,,CHO,0.0000,-7.0138,0.0000,-14.3688,0.0000,-5.9862,0.000,-23.511,,0.0,,,,,,BAN,0,,0
0.3654,1790254670.241387,0.0205,0,,,0.000,,,0.0000,0.0000,0.0000,0.0000,0.0000,-13.0000,,,,CHO,0.0000,-8.1513,0.0000,-14.7256,0.0000,-4.8487,0.000,-17.379,,0.0,,,,,,BAN,0,,0
0.3857,1790254670.261662,0.0203,0,,,0.000,,,0.0000,0.0000,0.0000,0.0000,0.0000,-13.0000,,,,CHO,0.0000,-9.2396,0.0000,-14.9621,0.0000,-3.7604,0.000,-11.661,,0.0,,,,,,BAN,0,,0
0.4057,1790254670.281681,0.0200,0,,,0.000,,,0.0000,0.0000,0.0000,0.0000,0.0000,-13.0000,,,,CHO,0.0000,-10.2554,0.0000,-15.0918,0.0000,-2.7446,0.000,-6.474,,0.0,,,,,,BAN,0,,0
0.4261,1790254670.302060,0.0204,0,,,0.000,,,0.0000,0.0000,0.0000,0.0000,0.0000,-13.0000,,,,CHO,0.0000,-11.1984,0.0000,-15.1290,0.0000,-1.8016,0.000,-1.830,,0.0,,,,,,BAN,0,,0
0.4469,1790254670.323286,0.0208,0,,,0.000,,,0.0000,0.0000,0.0000,0.0000,0.0000,-13.0000,,,,CHO,0.0000,-12.0502,0.0000,-14.9945,0.0000,0.0000,0.000,6.477,,0.0,,,,,,BAN,0,,0
0.4673,1790254670.343226,0.0204,0,,,0.000,,,0.0000,0.0000,0.0000,0.0000,0.0000,-13.0000,,,,CHO,0.0000,-12.7731,0.0000,-14.8609,0.0000,0.0000,0.000,6.556,,0.0,,,,,,BAN,0,,0
0.4878,1790254670.363681,0.0205,0,,,0.000,,,0.0000,0.0000,0.0000,0.0000,0.0000,-13.0000,,,,CHO,0.0000,-13.3846,0.0000,-14.7364,0.0000,0.0000,0.000,6.065,,0.0,,,,,,BAN,0,,0
0.5085,1790254670.384345,0.0207,0,,,0.000,,,0.0000,0.0000,0.0000,0.0000,0.0000,-13.0000,,,,CHO,0.0000,-13.8813,0.0000,-14.6231,0.0000,0.0000,0.000,5.482,,0.0,,,,,,BAN,0,,0
0.5285,1790254670.404496,0.0201,0,,,0.000,,,0.0000,0.0000,0.0000,0.0000,0.0000,-13.0000,,,,CHO,0.0000,-14.2547,0.0000,-14.3996,0.0000,1.2547,0.000,11.133,,0.0,,,,,,BAN,0,,0
0.5487,1790254670.424614,0.0201,0,,,0.000,,,0.0000,0.0000,0.0000,0.0000,0.0000,-13.0000,,,,CHO,0.0000,-14.5134,0.0000,-14.1632,0.0000,1.5134,0.000,11.746,,0.0,,,,,,BAN,0,,0
0.5690,1790254670.444990,0.0204,0,,,0.000,,,0.0000,0.0000,0.0000,0.0000,0.0000,-13.0000,,,,CHO,0.0000,-14.6936,0.0000,-13.9192,0.0000,1.6936,0.000,11.980,,0.0,,,,,,BAN,0,,0
0.5891,1790254670.465011,0.0201,0,,,0.000,,,0.0000,0.0000,0.0000,0.0000,0.0000,-13.0000,,,,CHO,0.0000,-14.7452,0.0000,-13.6882,0.0000,1.7452,0.000,11.515,,0.0,,,,,,BAN,0,,0
0.6099,1790254670.486275,0.0208,0,,,0.000,,,0.0000,0.0000,0.0000,0.0000,0.0000,-13.0000,,,,CHO,0.0000,-14.7424,0.0000,-13.4624,0.0000,1.7424,0.000,10.832,,0.0,,,,,,BAN,0,,0
0.6302,1790254670.506525,0.0203,0,,,0.000,,,0.0000,0.0000,0.0000,0.0000,0.0000,-13.0000,,,,CHO,0.0000,-14.7053,0.0000,-13.2578,0.0000,1.7053,0.000,10.088,,0.0,,,,,,BAN,0,,0
0.6507,1790254670.526673,0.0205,0,,,0.000,,,0.0000,0.0000,0.0000,0.0000,0.0000,-13.0000,,,,CHO,0.0000,-14.6096,0.0000,-13.0716,0.0000,1.6096,0.000,9.077,,0.0,,,,,,BAN,0,,0
0.6711,1790254670.547058,0.0204,0,,,0.000,,,0.0000,0.0000,0.0000,0.0000,0.0000,-13.0000,,,,CHO,0.0000,-14.4704,0.0000,-12.9105,0.0000,1.4704,0.000,7.901,,0.0,,,,,,BAN,0,,0
0.6915,1790254670.567417,0.0203,0,,,0.000,,,0.0000,0.0000,0.0000,0.0000,0.0000,-13.0000,,,,CHO,0.0000,-14.2989,0.0000,-12.7760,0.0000,1.2989,0.000,6.619,,0.0,,,,,,BAN,0,,0
0.7120,1790254670.587873,0.0205,0,,,0.000,,,0.0000,0.0000,0.0000,0.0000,0.0000,-13.0000,,,,CHO,0.0000,-14.1076,0.0000,-12.6671,0.0000,1.1076,0.000,5.304,,0.0,,,,,,BAN,0,,0
0.7324,1790254670.608283,0.0204,0,,,0.000,,,0.0000,0.0000,0.0000,0.0000,0.0000,-13.0000,,,,CHO,0.0000,-13.9065,0.0000,-12.6778,0.0000,0.0000,0.000,-0.526,,0.0,,,,,,BAN,0,,0
0.7528,1790254670.628723,0.0204,0,,,0.000,,,0.0000,0.0000,0.0000,0.0000,0.0000,-13.0000,,,,CHO,0.0000,-13.7040,0.0000,-12.6931,0.0000,0.0000,0.000,-0.751,,0.0,,,,,,BAN,0,,0
0.7731,1790254670.648955,0.0203,0,,,0.000,,,0.0000,0.0000,0.0000,0.0000,0.0000,-13.0000,,,,CHO,0.0000,-13.5075,0.0000,-12.7117,0.0000,0.0000,0.000,-0.915,,0.0,,,,,,BAN,0,,0
0.7935,1790254670.669473,0.0205,0,,,0.000,,,0.0000,0.0000,0.0000,0.0000,0.0000,-13.0000,,,,CHO,0.0000,-13.3209,0.0000,-12.7326,0.0000,0.0000,0.000,-1.021,,0.0,,,,,,BAN,0,,0
0.8141,1790254670.689955,0.0205,0,,,0.000,,,0.0000,0.0000,0.0000,0.0000,0.0000,-13.0000,,,,CHO,0.0000,-13.1501,0.0000,-12.7546,0.0000,0.0000,0.000,-1.075,,0.0,,,,,,BAN,0,,0
0.8343,1790254670.710273,0.0203,0,,,0.000,,,0.0000,0.0000,0.0000,0.0000,0.0000,-13.0000,,,,CHO,0.0000,-13.0002,0.0000,-12.7766,0.0000,0.0000,0.000,-1.083,,0.0,,,,,,BAN,0,,0
0.8545,1790254670.730419,0.0201,0,,,0.000,,,0.0000,0.0000,0.0000,0.0000,0.0000,-13.0000,,,,CHO,0.0000,-12.8972,0.0000,-12.7969,0.0000,0.0000,0.000,-1.010,,0.0,,,,,,BAN,0,,0
0.8746,1790254670.750566,0.0202,0,,,0.000,,,0.0000,0.0000,0.0000,0.0000,0.0000,-13.0000,,,,CHO,0.0000,-12.8260,0.0000,-12.8150,0.0000,0.0000,0.000,-0.898,,0.0,,,,,,BAN,0,,0
0.8950,1790254670.770931,0.0204,0,,,0.000,,,0.0000,0.0000,0.0000,0.0000,0.0000,-13.0000,,,,CHO,0.0000,-12.7764,0.0000,-12.8308,0.0000,0.0000,0.000,-0.773,,0.0,,,,,,BAN,0,,0
0.9156,1790254670.791488,0.0205,0,,,0.000,,,0.0000,0.0000,0.0000,0.0000,0.0000,-13.0000,,,,CHO,0.0000,-12.7422,0.0000,-12.8441,0.0000,0.0000,0.000,-0.650,,0.0,,,,,,BAN,0,,0
0.9358,1790254670.811658,0.0202,0,,,0.000,,,0.0000,0.0000,0.0000,0.0000,0.0000,-13.0000,,,,CHO,0.0000,-12.7189,0.0000,-12.8550,0.0000,0.0000,0.000,-0.539,,0.0,,,,,,BAN,0,,0
0.9561,1790254670.832063,0.0204,0,,,0.000,,,0.0000,0.0000,0.0000,0.0000,0.0000,-13.0000,,,,CHO,0.0000,-12.7369,0.0000,-12.8628,0.0000,0.0000,0.000,-0.382,,0.0,,,,,,BAN,0,,0
0.9768,1790254670.852628,0.0207,0,,,0.000,,,0.0000,0.0000,0.0000,0.0000,0.0000,-13.0000,,,,CHO,0.0000,-12.7494,0.0000,-12.8684,0.0000,0.0000,0.000,-0.270,,0.0,,,,,,BAN,0,,0
0.9973,1790254670.873194,0.0205,0,,,0.000,,,0.0000,0.0000,0.0000,0.0000,0.0000,-13.0000,,,,CHO,0.0000,-12.7579,0.0000,-12.8723,0.0000,0.0000,0.000,-0.192,,0.0,,,,,,BAN,0,,0
1.0176,1790254670.893507,0.0203,0,,,0.000,,,0.0000,0.0000,0.0000,0.0000,0.0000,-13.0000,,,,CHO,0.0000,-12.7637,0.0000,-12.8751,0.0000,0.0000,0.000,-0.137,,0.0,,,,,,BAN,0,,0
1.0379,1790254670.913846,0.0204,0,,,0.000,,,0.0000,0.0000,0.0000,0.0000,0.0000,-13.0000,,,,CHO,0.0000,-12.7677,0.0000,-12.8771,0.0000,0.0000,0.000,-0.098,,0.0,,,,,,BAN,0,,0
1.0581,1790254670.934045,0.0202,0,,,0.000,,,0.0000,0.0000,0.0000,0.0000,0.0000,-13.0000,,,,CHO,0.0000,-12.7704,0.0000,-12.8785,0.0000,0.0000,0.000,-0.071,,0.0,,,,,,BAN,0,,0
1.0784,1790254670.954380,0.0203,0,,,0.000,,,0.0000,0.0000,0.0000,0.0000,0.0000,-13.0000,,,,CHO,0.0000,-12.7724,0.0000,-12.8796,0.0000,0.0000,0.000,-0.051,,0.0,,,,,,BAN,0,,0
1.0988,1790254670.974721,0.0203,0,,,0.000,,,0.0000,0.0000,0.0000,0.0000,0.0000,-13.0000,,,,CHO,0.0000,-12.7737,0.0000,-12.8803,0.0000,0.0000,0.000,-0.037,,0.0,,,,,,BAN,0,,0
1.1191,1790254670.995012,0.0203,0,,,0.000,,,0.0000,0.0000,0.0000,0.0000,0.0000,-13.0000,,,,CHO,0.0000,-12.7746,0.0000,-12.8808,0.0000,0.0000,0.000,-0.027,,0.0,,,,,,BAN,0,,0
1.1619,1790254671.037776,0.0428,0,,,0.000,,,0.0000,0.0000,0.0000,0.0000,0.0000,-13.0000,,,,CHO,0.0000,-12.8246,0.0000,-12.8786,0.0000,0.0000,0.000,0.052,,0.0,,,,,,BAN,0,,0
1.1821,1790254671.057954,0.0201,0,,,0.000,,,0.0000,0.0000,0.0000,0.0000,0.0000,-13.0000,,,,CHO,0.0000,-12.8408,0.0000,-12.8772,0.0000,0.0000,0.000,0.068,,0.0,,,,,,BAN,0,,0
1.2024,1790254671.078388,0.0204,0,,,0.000,,,0.0000,0.0000,0.0000,0.0000,0.0000,-13.0000,,,,CHO,0.0000,-12.8521,0.0000,-12.8758,0.0000,0.0000,0.000,0.072,,0.0,,,,,,BAN,0,,0
1.2227,1790254671.098550,0.0203,0,,,0.000,,,0.0000,0.0000,0.0000,0.0000,0.0000,-13.0000,,,,CHO,0.0000,-12.8599,0.0000,-12.8744,0.0000,0.0000,0.000,0.068,,0.0,,,,,,BAN,0,,0
1.2431,1790254671.119074,0.0204,0,,,0.000,,,0.0000,0.0000,0.0000,0.0000,0.0000,-13.0000,,,,CHO,0.0000,-12.8653,0.0000,-12.8731,0.0000,0.0000,0.000,0.062,,0.0,,,,,,BAN,0,,0
1.2636,1790254671.139495,0.0205,0,,,0.000,,,0.0000,0.0000,0.0000,0.0000,0.0000,-13.0000,,,,CHO,0.0000,-12.8690,0.0000,-12.8720,0.0000,0.0000,0.000,0.054,,0.0,,,,,,BAN,0,,0
1.2837,1790254671.159596,0.0200,0,,,0.000,,,0.0000,0.0000,0.0000,0.0000,0.0000,-13.0000,,,,CHO,0.0000,-12.8715,0.0000,-12.8711,0.0000,0.0000,0.000,0.045,,0.0,,,,,,BAN,0,,0
1.3040,1790254671.179936,0.0203,0,,,0.000,,,0.0000,0.0000,0.0000,0.0000,0.0000,-13.0000,,,,CHO,0.0000,-12.8732,0.0000,-12.8703,0.0000,0.0000,0.000,0.038,,0.0,,,,,,BAN,0,,0
1.3249,1790254671.200731,0.0209,0,,,0.000,,,0.0000,0.0000,0.0000,0.0000,0.0000,-13.0000,,,,CHO,0.0000,-12.8745,0.0000,-12.8697,0.0000,0.0000,0.000,0.031,,0.0,,,,,,BAN,0,,0
1.3452,1790254671.221132,0.0203,0,,,0.000,,,0.0000,0.0000,0.0000,0.0000,0.0000,-13.0000,,,,CHO,0.0000,-12.8753,0.0000,-12.8692,0.0000,0.0000,0.000,0.025,,0.0,,,,,,BAN,0,,0
1.3653,1790254671.241163,0.0201,0,,,0.000,,,0.0000,0.0000,0.0000,0.0000,0.0000,-13.0000,,,,CHO,0.0000,-12.8758,0.0000,-12.8688,0.0000,0.0000,0.000,0.020,,0.0,,,,,,BAN,0,,0
1.3857,1790254671.261591,0.0204,0,,,0.000,,,0.0000,0.0000,0.0000,0.0000,0.0000,-13.0000,,,,CHO,0.0000,-12.8762,0.0000,-12.8684,0.0000,0.0000,0.000,0.016,,0.0,,,,,,BAN,0,,0
1.4057,1790254671.281548,0.0200,0,,,0.000,,,0.0000,0.0000,0.0000,0.0000,0.0000,-13.0000,,,,CHO,0.0000,-12.8765,0.0000,-12.8682,0.0000,0.0000,0.000,0.013,,0.0,,,,,,BAN,0,,0
1.4260,1790254671.301975,0.0203,0,,,0.000,,,0.0000,0.0000,0.0000,0.0000,0.0000,-13.0000,,,,CHO,0.0000,-12.8767,0.0000,-12.8680,0.0000,0.0000,0.000,0.010,,0.0,,,,,,BAN,0,,0
1.4469,1790254671.322765,0.0208,0,,,0.000,,,0.0000,0.0000,0.0000,0.0000,0.0000,-13.0000,,,,CHO,0.0000,-12.8768,0.0000,-12.8678,0.0000,0.0000,0.000,0.008,,0.0,,,,,,BAN,0,,0
1.4673,1790254671.343182,0.0204,0,,,0.000,,,0.0000,0.0000,0.0000,0.0000,0.0000,-13.0000,,,,CHO,0.0000,-12.8769,0.0000,-12.8677,0.0000,0.0000,0.000,0.006,,0.0,,,,,,BAN,0,,0
1.4876,1790254671.363522,0.0203,0,,,0.000,,,0.0000,0.0000,0.0000,0.0000,0.0000,-13.0000,,,,CHO,0.0000,-12.8770,0.0000,-12.8676,0.0000,0.0000,0.000,0.005,,0.0,,,,,,BAN,0,,0
1.5077,1790254671.383514,0.0201,0,,,0.000,,,0.0000,0.0000,0.0000,0.0000,0.0000,-13.0000,,,,CHO,0.0000,-12.8770,0.0000,-12.8675,0.0000,0.0000,0.000,0.004,,0.0,,,,,,BAN,0,,0
1.5278,1790254671.403696,0.0202,0,,,0.000,,,0.0000,0.0000,0.0000,0.0000,0.0000,-13.0000,,,,CHO,0.0000,-12.8770,0.0000,-12.8674,0.0000,0.0000,0.000,0.003,,0.0,,,,,,BAN,0,,0
1.5482,1790254671.424124,0.0204,0,,,0.000,,,0.0000,0.0000,0.0000,0.0000,0.0000,-13.0000,,,,CHO,0.0000,-12.8771,0.0000,-12.8674,0.0000,0.0000,0.000,0.002,,0.0,,,,,,BAN,0,,0
1.5684,1790254671.444279,0.0202,0,,,0.000,,,0.0000,0.0000,0.0000,0.0000,0.0000,-13.0000,,,,CHO,0.0000,-12.8771,0.0000,-12.8674,0.0000,0.0000,0.000,0.002,,0.0,,,,,,BAN,0,,0
1.5885,1790254671.464477,0.0201,0,,,0.000,,,0.0000,0.0000,0.0000,0.0000,0.0000,-13.0000,,,,CHO,0.0000,-12.8771,0.0000,-12.8673,0.0000,0.0000,0.000,0.001,,0.0,,,,,,BAN,0,,0
1.6088,1790254671.484676,0.0202,0,,,0.000,,,0.0000,0.0000,0.0000,0.0000,0.0000,-13.0000,,,,CHO,0.0000,-12.8771,0.0000,-12.8673,0.0000,0.0000,0.000,0.001,,0.0,,,,,,BAN,0,,0
1.6289,1790254671.504740,0.0202,0,,,0.000,,,0.0000,0.0000,0.0000,0.0000,0.0000,-13.0000,,,,CHO,0.0000,-12.8771,0.0000,-12.8673,0.0000,0.0000,0.000,0.001,,0.0,,,,,,BAN,0,,0
1.6491,1790254671.524878,0.0202,0,,,0.000,,,0.0000,0.0000,0.0000,0.0000,0.0000,-13.0000,,,,CHO,0.0000,-12.8771,0.0000,-12.8673,0.0000,0.0000,0.000,0.001,,0.0,,,,,,BAN,0,,0
1.6694,1790254671.545312,0.0203,0,,,0.000,,,0.0000,0.0000,0.0000,0.0000,0.0000,-13.0000,,,,CHO,0.0000,-12.8771,0.0000,-12.8673,0.0000,0.0000,0.000,0.001,,0.0,,,,,,BAN,0,,0
1.6899,1790254671.565799,0.0205,0,,,0.000,,,0.0000,0.0000,0.0000,0.0000,0.0000,-13.0000,,,,CHO,0.0000,-12.8771,0.0000,-12.8673,0.0000,0.0000,0.000,0.000,,0.0,,,,,,BAN,0,,0
1.7100,1790254671.585899,0.0201,0,,,0.000,,,0.0000,0.0000,0.0000,0.0000,0.0000,-13.0000,,,,CHO,0.0000,-12.8771,0.0000,-12.8673,0.0000,0.0000,0.000,0.000,,0.0,,,,,,BAN,0,,0
1.7300,1790254671.605876,0.0200,0,,,0.000,,,0.0000,0.0000,0.0000,0.0000,0.0000,-13.0000,,,,CHO,0.0000,-12.8771,0.0000,-12.8672,0.0000,0.0000,0.000,0.000,,0.0,,,,,,BAN,0,,0
1.7502,1790254671.626058,0.0202,0,,,0.000,,,0.0000,0.0000,0.0000,0.0000,0.0000,-13.0000,,,,CHO,0.0000,-12.8771,0.0000,-12.8672,0.0000,0.0000,0.000,0.000,,0.0,,,,,,BAN,0,,0
1.7703,1790254671.646194,0.0201,0,,,0.000,,,0.0000,0.0000,0.0000,0.0000,0.0000,-13.0000,,,,CHO,0.0000,-12.8771,0.0000,-12.8672,0.0000,0.0000,0.000,0.000,,0.0,,,,,,BAN,0,,0
1.7905,1790254671.666291,0.0202,0,,,0.000,,,0.0000,0.0000,0.0000,0.0000,0.0000,-13.0000,,,,CHO,0.0000,-12.8771,0.0000,-12.8672,0.0000,0.0000,0.000,0.000,,0.0,,,,,,BAN,0,,0
1.8110,1790254671.686862,0.0204,0,,,0.000,,,0.0000,0.0000,0.0000,0.0000,0.0000,-13.0000,,,,CHO,0.0000,-12.8771,0.0000,-12.8672,0.0000,0.0000,0.000,0.000,,0.0,,,,,,BAN,0,,0
1.8310,1790254671.706953,0.0200,0,,,0.000,,,0.0000,0.0000,0.0000,0.0000,0.0000,-13.0000,,,,CHO,0.0000,-12.8771,0.0000,-12.8672,0.0000,0.0000,0.000,0.000,,0.0,,,,,,BAN,0,,0
1.8514,1790254671.727220,0.0203,0,,,0.000,,,0.0000,0.0000,0.0000,0.0000,0.0000,-13.0000,,,,CHO,0.0000,-12.8771,0.0000,-12.8672,0.0000,0.0000,0.000,0.000,,0.0,,,,,,BAN,0,,0
1.8715,1790254671.747391,0.0201,0,,,0.000,,,0.0000,0.0000,0.0000,0.0000,0.0000,-13.0000,,,,CHO,0.0000,-12.8771,0.0000,-12.8672,0.0000,0.0000,0.000,0.000,,0.0,,,,,,BAN,0,,0
1.8917,1790254671.767687,0.0203,0,,,0.000,,,0.0000,0.0000,0.0000,0.0000,0.0000,-13.0000,,,,CHO,0.0000,-12.8771,0.0000,-12.8672,0.0000,0.0000,0.000,0.000,,0.0,,,,,,BAN,0,,0
1.9121,1790254671.788008,0.0203,0,,,0.000,,,0.0000,0.0000,0.0000,0.0000,0.0000,-13.0000,,,,CHO,0.0000,-12.8771,0.0000,-12.8672,0.0000,0.0000,0.000,0.000,,0.0,,,,,,BAN,0,,0
1.9324,1790254671.808211,0.0204,0,,,0.000,,,0.0000,0.0000,0.0000,0.0000,0.0000,-13.0000,,,,CHO,0.0000,-12.8771,0.0000,-12.8672,0.0000,0.0000,0.000,0.000,,0.0,,,,,,BAN,0,,0
1.9529,1790254671.828800,0.0205,0,,,0.000,,,0.0000,0.0000,0.0000,0.0000,0.0000,-13.0000,,,,CHO,0.0000,-12.8771,0.0000,-12.8672,0.0000,0.0000,0.000,0.000,,0.0,,,,,,BAN,0,,0
1.9733,1790254671.849169,0.0204,0,,,0.000,,,0.0000,0.0000,0.0000,0.0000,0.0000,-13.0000,,,,CHO,0.0000,-12.8771,0.0000,-12.8672,0.0000,0.0000,0.000,0.000,,0.0,,,,,,BAN,0,,0
1.9939,1790254671.869746,0.0206,0,,,0.000,,,0.0000,0.0000,0.0000,0.0000,0.0000,-13.0000,,,,CHO,0.0000,-12.8771,0.0000,-12.8672,0.0000,0.0000,0.000,0.000,,0.0,,,,,,BAN,0,,0
2.0143,1790254671.890264,0.0204,0,,,0.000,,,0.0000,0.0000,0.0000,0.0000,0.0000,-13.0000,,,,CHO,0.0000,-12.8771,0.0000,-12.8672,0.0000,0.0000,0.000,0.000,,0.0,,,,,,BAN,0,,0
2.0349,1790254671.910767,0.0206,0,,,0.000,,,0.0000,0.0000,0.0000,0.0000,0.0000,-13.0000,,,,CHO,0.0000,-12.8771,0.0000,-12.8672,0.0000,0.0000,0.000,0.000,,0.0,,,,,,BAN,0,,0
2.0550,1790254671.930827,0.0201,0,,,0.000,,,0.0000,0.0000,0.0000,0.0000,0.0000,-13.0000,,,,CHO,0.0000,-12.8771,0.0000,-12.8672,0.0000,0.0000,0.000,0.000,,0.0,,,,,,BAN,0,,0
2.0752,1790254671.951188,0.0203,0,,,0.000,,,0.0000,0.0000,0.0000,0.0000,0.0000,-13.0000,,,,CHO,0.0000,-12.8771,0.0000,-12.8672,0.0000,0.0000,0.000,0.000,,0.0,,,,,,BAN,0,,0
2.0954,1790254671.971366,0.0202,0,,,0.000,,,0.0000,0.0000,0.0000,0.0000,0.0000,-13.0000,,,,CHO,0.0000,-12.8771,0.0000,-12.8672,0.0000,0.0000,0.000,0.000,,0.0,,,,,,BAN,0,,0
2.1156,1790254671.991442,0.0201,0,,,0.000,,,0.0000,0.0000,0.0000,0.0000,0.0000,-13.0000,,,,CHO,0.0000,-12.8771,0.0000,-12.8672,0.0000,0.0000,0.000,0.000,,0.0,,,,,,BAN,0,,0
2.1361,1790254672.011999,0.0205,0,,,0.000,,,0.0000,0.0000,0.0000,0.0000,0.0000,-13.0000,,,,CHO,0.0000,-12.8771,0.0000,-12.8672,0.0000,0.0000,0.000,0.000,,0.0,,,,,,BAN,0,,0
2.1563,1790254672.032251,0.0202,0,,,0.000,,,0.0000,0.0000,0.0000,0.0000,0.0000,-13.0000,,,,CHO,0.0000,-12.8771,0.0000,-12.8672,0.0000,0.0000,0.000,0.000,,0.0,,,,,,BAN,0,,0
2.1768,1790254672.052625,0.0205,0,,,0.000,,,0.0000,0.0000,0.0000,0.0000,0.0000,-13.0000,,,,CHO,0.0000,-12.8771,0.0000,-12.8672,0.0000,0.0000,0.000,0.000,,0.0,,,,,,BAN,0,,0
2.1973,1790254672.073244,0.0205,0,,,0.000,,,0.0000,0.0000,0.0000,0.0000,0.0000,-13.0000,,,,CHO,0.0000,-12.8771,0.0000,-12.8672,0.0000,0.0000,0.000,0.000,,0.0,,,,,,BAN,0,,0
2.2175,1790254672.093270,0.0202,0,,,0.000,,,0.0000,0.0000,0.0000,0.0000,0.0000,-13.0000,,,,CHO,0.0000,-12.8771,0.0000,-12.8672,0.0000,0.0000,0.000,0.000,,0.0,,,,,,BAN,0,,0
2.2378,1790254672.113705,0.0203,0,,,0.000,,,0.0000,0.0000,0.0000,0.0000,0.0000,-13.0000,,,,CHO,0.0000,-12.8771,0.0000,-12.8672,0.0000,0.0000,0.000,0.000,,0.0,,,,,,BAN,0,,0
2.2579,1790254672.133704,0.0200,0,,,0.000,,,0.0000,0.0000,0.0000,0.0000,0.0000,-13.0000,,,,CHO,0.0000,-12.8771,0.0000,-12.8672,0.0000,0.0000,0.000,0.000,,0.0,,,,,,BAN,0,,0
2.2782,1790254672.154063,0.0203,0,,,0.000,,,0.0000,0.0000,0.0000,0.0000,0.0000,-13.0000,,,,CHO,0.0000,-12.8771,0.0000,-12.8672,0.0000,0.0000,0.000,0.000,,0.0,,,,,,BAN,0,,0
2.2990,1790254672.174781,0.0209,0,,,0.000,,,0.0000,0.0000,0.0000,0.0000,0.0000,-13.0000,,,,CHO,0.0000,-12.8771,0.0000,-12.8672,0.0000,0.0000,0.000,0.000,,0.0,,,,,,BAN,0,,0
2.3194,1790254672.195382,0.0204,0,,,0.000,,,0.0000,0.0000,0.0000,0.0000,0.0000,-13.0000,,,,CHO,0.0000,-12.8771,0.0000,-12.8672,0.0000,0.0000,0.000,0.000,,0.0,,,,,,BAN,0,,0
2.3396,1790254672.215570,0.0202,0,,,0.000,,,0.0000,0.0000,0.0000,0.0000,0.0000,-13.0000,,,,CHO,0.0000,-12.8771,0.0000,-12.8672,0.0000,0.0000,0.000,0.000,,0.0,,,,,,BAN,0,,0
2.3598,1790254672.235784,0.0202,0,,,0.000,,,0.0000,0.0000,0.0000,0.0000,0.0000,-13.0000,,,,CHO,0.0000,-12.8771,0.0000,-12.8672,0.0000,0.0000,0.000,0.000,,0.0,,,,,,BAN,0,,0
2.3800,1790254672.255893,0.0201,0,,,0.000,,,0.0000,0.0000,0.0000,0.0000,0.0000,-13.0000,,,,CHO,0.0000,-12.8771,0.0000,-12.8672,0.0000,0.0000,0.000,0.000,,0.0,,,,,,BAN,0,,0
2.4000,1790254672.275842,0.0200,0,,,0.000,,,0.0000,0.0000,0.0000,0.0000,0.0000,-13.0000,,,,CHO,0.0000,-12.8771,0.0000,-12.8672,0.0000,0.0000,0.000,0.000,,0.0,,,,,,BAN,0,,0
2.4208,1790254672.296598,0.0208,0,,,0.000,,,0.0000,0.0000,0.0000,0.0000,0.0000,-13.0000,,,,CHO,0.0000,-12.8771,0.0000,-12.8672,0.0000,0.0000,0.000,0.000,,0.0,,,,,,BAN,0,,0
2.4409,1790254672.316708,0.0201,0,,,0.000,,,0.0000,0.0000,0.0000,0.0000,0.0000,-13.0000,,,,CHO,0.0000,-12.8771,0.0000,-12.8672,0.0000,0.0000,0.000,0.000,,0.0,,,,,,BAN,0,,0
2.4613,1790254672.337214,0.0204,0,,,0.000,,,0.0000,0.0000,0.0000,0.0000,0.0000,-13.0000,,,,CHO,0.0000,-12.8771,0.0000,-12.8672,0.0000,0.0000,0.000,0.000,,0.0,,,,,,BAN,0,,0
2.4813,1790254672.357211,0.0200,0,,,0.000,,,0.0000,0.0000,0.0000,0.0000,0.0000,-13.0000,,,,CHO,0.0000,-12.8771,0.0000,-12.8672,0.0000,0.0000,0.000,0.000,,0.0,,,,,,BAN,0,,0
2.5018,1790254672.377683,0.0205,0,,,0.000,,,0.0000,0.0000,0.0000,0.0000,0.0000,-13.0000,,,,CHO,0.0000,-12.8771,0.0000,-12.8672,0.0000,0.0000,0.000,0.000,,0.0,,,,,,BAN,0,,0
2.5220,1790254672.397945,0.0202,0,,,0.000,,,0.0000,0.0000,0.0000,0.0000,0.0000,-13.0000,,,,CHO,0.0000,-12.8771,0.0000,-12.8672,0.0000,0.0000,0.000,0.000,,0.0,,,,,,BAN,0,,0
2.5423,1790254672.418279,0.0203,0,,,0.000,,,0.0000,0.0000,0.0000,0.0000,0.0000,-13.0000,,,,CHO,0.0000,-12.8771,0.0000,-12.8672,0.0000,0.0000,0.000,0.000,,0.0,,,,,,BAN,0,,0
2.5627,1790254672.438617,0.0203,0,,,0.000,,,0.0000,0.0000,0.0000,0.0000,0.0000,-13.0000,,,,CHO,0.0000,-12.8771,0.0000,-12.8672,0.0000,0.0000,0.000,0.000,,0.0,,,,,,BAN,0,,0
2.5831,1790254672.458923,0.0204,0,,,0.000,,,0.0000,0.0000,0.0000,0.0000,0.0000,-13.0000,,,,CHO,0.0000,-12.8771,0.0000,-12.8672,0.0000,0.0000,0.000,0.000,,0.0,,,,,,BAN,0,,0
2.6033,1790254672.479247,0.0203,0,,,0.000,,,0.0000,0.0000,0.0000,0.0000,0.0000,-13.0000,,,,CHO,0.0000,-12.8771,0.0000,-12.8672,0.0000,0.0000,0.000,0.000,,0.0,,,,,,BAN,0,,0
2.6235,1790254672.499302,0.0202,0,,,0.000,,,0.0000,0.0000,0.0000,0.0000,0.0000,-13.0000,,,,CHO,0.0000,-12.8771,0.0000,-12.8672,0.0000,0.0000,0.000,0.000,,0.0,,,,,,BAN,0,,0
2.6438,1790254672.519741,0.0203,0,,,0.000,,,0.0000,0.0000,0.0000,0.0000,0.0000,-13.0000,,,,CHO,0.0000,-12.8771,0.0000,-12.8672,0.0000,0.0000,0.000,0.000,,0.0,,,,,,BAN,0,,0
2.6639,1790254672.539751,0.0201,0,,,0.000,,,0.0000,0.0000,0.0000,0.0000,0.0000,-13.0000,,,,CHO,0.0000,-12.8771,0.0000,-12.8672,0.0000,0.0000,0.000,0.000,,0.0,,,,,,BAN,0,,0
2.6839,1790254672.559753,0.0200,0,,,0.000,,,0.0000,0.0000,0.0000,0.0000,0.0000,-13.0000,,,,CHO,0.0000,-12.8771,0.0000,-12.8672,0.0000,0.0000,0.000,0.000,,0.0,,,,,,BAN,0,,0
2.7039,1790254672.579872,0.0200,0,,,0.000,,,0.0000,0.0000,0.0000,0.0000,0.0000,-13.0000,,,,CHO,0.0000,-12.8771,0.0000,-12.8672,0.0000,0.0000,0.000,0.000,,0.0,,,,,,BAN,0,,0
2.7240,1790254672.599916,0.0201,0,,,0.000,,,0.0000,0.0000,0.0000,0.0000,0.0000,-13.0000,,,,CHO,0.0000,-12.8771,0.0000,-12.8672,0.0000,0.0000,0.000,0.000,,0.0,,,,,,BAN,0,,0
2.7440,1790254672.619894,0.0200,0,,,0.000,,,0.0000,0.0000,0.0000,0.0000,0.0000,-13.0000,,,,CHO,0.0000,-12.8771,0.0000,-12.8672,0.0000,0.0000,0.000,0.000,,0.0,,,,,,BAN,0,,0
2.7641,1790254672.639954,0.0201,0,,,0.000,,,0.0000,0.0000,0.0000,0.0000,0.0000,-13.0000,,,,CHO,0.0000,-12.8771,0.0000,-12.8672,0.0000,0.0000,0.000,0.000,,0.0,,,,,,BAN,0,,0
2.7841,1790254672.660058,0.0200,0,,,0.000,,,0.0000,0.0000,0.0000,0.0000,0.0000,-13.0000,,,,CHO,0.0000,-12.8771,0.0000,-12.8672,0.0000,0.0000,0.000,0.000,,0.0,,,,,,BAN,0,,0
2.8043,1790254672.680112,0.0202,0,,,0.000,,,0.0000,0.0000,0.0000,0.0000,0.0000,-13.0000,,,,CHO,0.0000,-12.8771,0.0000,-12.8672,0.0000,0.0000,0.000,0.000,,0.0,,,,,,BAN,0,,0
2.8249,1790254672.700728,0.0206,0,,,0.000,,,0.0000,0.0000,0.0000,0.0000,0.0000,-13.0000,,,,CHO,0.0000,-12.8771,0.0000,-12.8672,0.0000,0.0000,0.000,0.000,,0.0,,,,,,BAN,0,,0
2.8453,1790254672.721210,0.0204,0,,,0.000,,,0.0000,0.0000,0.0000,0.0000,0.0000,-13.0000,,,,CHO,0.0000,-12.8771,0.0000,-12.8672,0.0000,0.0000,0.000,0.000,,0.0,,,,,,BAN,0,,0
2.8653,1790254672.741171,0.0200,0,,,0.000,,,0.0000,0.0000,0.0000,0.0000,0.0000,-13.0000,,,,CHO,0.0000,-12.8771,0.0000,-12.8672,0.0000,0.0000,0.000,0.000,,0.0,,,,,,BAN,0,,0
2.8853,1790254672.761217,0.0200,0,,,0.000,,,0.0000,0.0000,0.0000,0.0000,0.0000,-13.0000,,,,CHO,0.0000,-12.8771,0.0000,-12.8672,0.0000,0.0000,0.000,0.000,,0.0,,,,,,BAN,0,,0
2.9059,1790254672.781779,0.0206,0,,,0.000,,,0.0000,0.0000,0.0000,0.0000,0.0000,-13.0000,,,,CHO,0.0000,-12.8771,0.0000,-12.8672,0.0000,0.0000,0.000,0.000,,0.0,,,,,,BAN,0,,0
2.9266,1790254672.802510,0.0207,0,,,0.000,,,0.0000,0.0000,0.0000,0.0000,0.0000,-13.0000,,,,CHO,0.0000,-12.8771,0.0000,-12.8672,0.0000,0.0000,0.000,0.000,,0.0,,,,,,BAN,0,,0
2.9468,1790254672.822654,0.0202,0,,,0.000,,,0.0000,0.0000,0.0000,0.0000,0.0000,-13.0000,,,,CHO,0.0000,-12.8771,0.0000,-12.8672,0.0000,0.0000,0.000,0.000,,0.0,,,,,,BAN,0,,0
2.9672,1790254672.843146,0.0204,0,,,0.000,,,0.0000,0.0000,0.0000,0.0000,0.0000,-13.0000,,,,CHO,0.0000,-12.8771,0.0000,-12.8672,0.0000,0.0000,0.000,0.000,,0.0,,,,,,BAN,0,,0
2.9875,1790254672.863404,0.0203,0,,,0.000,,,0.0000,0.0000,0.0000,0.0000,0.0000,-13.0000,,,,CHO,0.0000,-12.8771,0.0000,-12.8672,0.0000,0.0000,0.000,0.000,,0.0,,,,,,BAN,0,,0
3.0077,1790254672.883574,0.0202,0,,,0.000,,,0.0000,0.0000,0.0000,0.0000,0.0000,-13.0000,,,,CHO,0.0000,-12.8771,0.0000,-12.8672,0.0000,0.0000,0.000,0.000,,0.0,,,,,,BAN,0,,0
3.0278,1790254672.903709,0.0201,0,,,0.000,,,0.0000,0.0000,0.0000,0.0000,0.0000,-13.0000,,,,CHO,0.0000,-12.8771,0.0000,-12.8672,0.0000,0.0000,0.000,0.000,,0.0,,,,,,BAN,0,,0
3.0481,1790254672.923930,0.0203,0,,,0.000,,,0.0000,0.0000,0.0000,0.0000,0.0000,-13.0000,,,,CHO,0.0000,-12.8771,0.0000,-12.8672,0.0000,0.0000,0.000,0.000,,0.0,,,,,,BAN,0,,0
3.0687,1790254672.944535,0.0206,0,,,0.000,,,0.0000,0.0000,0.0000,0.0000,0.0000,-13.0000,,,,CHO,0.0000,-12.8771,0.0000,-12.8672,0.0000,0.0000,0.000,0.000,,0.0,,,,,,BAN,0,,0
3.0890,1790254672.964909,0.0203,0,,,0.000,,,0.0000,0.0000,0.0000,0.0000,0.0000,-13.0000,,,,CHO,0.0000,-12.8771,0.0000,-12.8672,0.0000,0.0000,0.000,0.000,,0.0,,,,,,BAN,0,,0
3.1090,1790254672.984958,0.0200,0,,,0.000,,,0.0000,0.0000,0.0000,0.0000,0.0000,-13.0000,,,,CHO,0.0000,-12.8771,0.0000,-12.8672,0.0000,0.0000,0.000,0.000,,0.0,,,,,,BAN,0,,0
3.1291,1790254673.004966,0.0200,0,,,0.000,,,0.0000,0.0000,0.0000,0.0000,0.0000,-13.0000,,,,CHO,0.0000,-12.8771,0.0000,-12.8672,0.0000,0.0000,0.000,0.000,,0.0,,,,,,BAN,0,,0
3.1494,1790254673.025394,0.0204,0,,,0.000,,,0.0000,0.0000,0.0000,0.0000,0.0000,-13.0000,,,,CHO,0.0000,-12.8771,0.0000,-12.8672,0.0000,0.0000,0.000,0.000,,0.0,,,,,,BAN,0,,0
3.1698,1790254673.045691,0.0204,0,,,0.000,,,0.0000,0.0000,0.0000,0.0000,0.0000,-13.0000,,,,CHO,0.0000,-12.8771,0.0000,-12.8672,0.0000,0.0000,0.000,0.000,,0.0,,,,,,BAN,0,,0
3.1900,1790254673.065825,0.0201,0,,,0.000,,,0.0000,0.0000,0.0000,0.0000,0.0000,-13.0000,,,,CHO,0.0000,-12.8771,0.0000,-12.8672,0.0000,0.0000,0.000,0.000,,0.0,,,,,,BAN,0,,0
3.2105,1790254673.086371,0.0206,0,,,0.000,,,0.0000,0.0000,0.0000,0.0000,0.0000,-13.0000,,,,CHO,0.0000,-12.8771,0.0000,-12.8672,0.0000,0.0000,0.000,0.000,,0.0,,,,,,BAN,0,,0
3.2306,1790254673.106546,0.0201,0,,,0.000,,,0.0000,0.0000,0.0000,0.0000,0.0000,-13.0000,,,,CHO,0.0000,-12.8771,0.0000,-12.8672,0.0000,0.0000,0.000,0.000,,0.0,,,,,,BAN,0,,0
3.2506,1790254673.126480,0.0200,0,,,0.000,,,0.0000,0.0000,0.0000,0.0000,0.0000,-13.0000,,,,CHO,0.0000,-12.8771,0.0000,-12.8672,0.0000,0.0000,0.000,0.000,,0.0,,,,,,BAN,0,,0
3.2709,1790254673.146836,0.0203,0,,,0.000,,,0.0000,0.0000,0.0000,0.0000,0.0000,-13.0000,,,,CHO,0.0000,-12.8771,0.0000,-12.8672,0.0000,0.0000,0.000,0.000,,0.0,,,,,,BAN,0,,0
3.2917,1790254673.167642,0.0208,0,,,0.000,,,0.0000,0.0000,0.0000,0.0000,0.0000,-13.0000,,,,CHO,0.0000,-12.8771,0.0000,-12.8672,0.0000,0.0000,0.000,0.000,,0.0,,,,,,BAN,0,,0
3.3118,1790254673.187743,0.0201,0,,,0.000,,,0.0000,0.0000,0.0000,0.0000,0.0000,-13.0000,,,,CHO,0.0000,-12.8771,0.0000,-12.8672,0.0000,0.0000,0.000,0.000,,0.0,,,,,,BAN,0,,0
3.3324,1790254673.208328,0.0206,0,,,0.000,,,0.0000,0.0000,0.0000,0.0000,0.0000,-13.0000,,,,CHO,0.0000,-12.8771,0.0000,-12.8672,0.0000,0.0000,0.000,0.000,,0.0,,,,,,BAN,0,,0
3.3525,1790254673.228415,0.0200,0,,,0.000,,,0.0000,0.0000,0.0000,0.0000,0.0000,-13.0000,,,,CHO,0.0000,-12.8771,0.0000,-12.8672,0.0000,0.0000,0.000,0.000,,0.0,,,,,,BAN,0,,0
3.3726,1790254673.248554,0.0202,0,,,0.000,,,0.0000,0.0000,0.0000,0.0000,0.0000,-13.0000,,,,CHO,0.0000,-12.8771,0.0000,-12.8672,0.0000,0.0000,0.000,0.000,,0.0,,,,,,BAN,0,,0
3.3929,1790254673.268893,0.0203,0,,,0.000,,,0.0000,0.0000,0.0000,0.0000,0.0000,-13.0000,,,,CHO,0.0000,-12.8771,0.0000,-12.8672,0.0000,0.0000,0.000,0.000,,0.0,,,,,,BAN,0,,0
3.4133,1790254673.289086,0.0203,0,,,0.000,,,0.0000,0.0000,0.0000,0.0000,0.0000,-13.0000,,,,CHO,0.0000,-12.8771,0.0000,-12.8672,0.0000,0.0000,0.000,0.000,,0.0,,,,,,BAN,0,,0
3.4336,1790254673.309418,0.0203,0,,,0.000,,,0.0000,0.0000,0.0000,0.0000,0.0000,-13.0000,,,,CHO,0.0000,-12.8771,0.0000,-12.8672,0.0000,0.0000,0.000,0.000,,0.0,,,,,,BAN,0,,0
3.4538,1790254673.329765,0.0203,0,,,0.000,,,0.0000,0.0000,0.0000,0.0000,0.0000,-13.0000,,,,CHO,0.0000,-12.8771,0.0000,-12.8672,0.0000,0.0000,0.000,0.000,,0.0,,,,,,BAN,0,,0
3.4740,1790254673.349879,0.0202,0,,,0.000,,,0.0000,0.0000,0.0000,0.0000,0.0000,-13.0000,,,,CHO,0.0000,-12.8771,0.0000,-12.8672,0.0000,0.0000,0.000,0.000,,0.0,,,,,,BAN,0,,0
3.4945,1790254673.370363,0.0204,0,,,0.000,,,0.0000,0.0000,0.0000,0.0000,0.0000,-13.0000,,,,CHO,0.0000,-12.8771,0.0000,-12.8672,0.0000,0.0000,0.000,0.000,,0.0,,,,,,BAN,0,,0
3.5145,1790254673.390315,0.0200,0,,,0.000,,,0.0000,0.0000,0.0000,0.0000,0.0000,-13.0000,,,,CHO,0.0000,-12.8771,0.0000,-12.8672,0.0000,0.0000,0.000,0.000,,0.0,,,,,,BAN,0,,0
3.5346,1790254673.410532,0.0201,0,,,0.000,,,0.0000,0.0000,0.0000,0.0000,0.0000,-13.0000,,,,CHO,0.0000,-12.8771,0.0000,-12.8672,0.0000,0.0000,0.000,0.000,,0.0,,,,,,BAN,0,,0
3.5550,1790254673.430769,0.0204,0,,,0.000,,,0.0000,0.0000,0.0000,0.0000,0.0000,-13.0000,,,,CHO,0.0000,-12.8771,0.0000,-12.8672,0.0000,0.0000,0.000,0.000,,0.0,,,,,,BAN,0,,0
3.5753,1790254673.451207,0.0202,0,,,0.000,,,0.0000,0.0000,0.0000,0.0000,0.0000,-13.0000,,,,CHO,0.0000,-12.8771,0.0000,-12.8672,0.0000,0.0000,0.000,0.000,,0.0,,,,,,BAN,0,,0
3.5955,1790254673.471421,0.0202,0,,,0.000,,,0.0000,0.0000,0.0000,0.0000,0.0000,-13.0000,,,,CHO,0.0000,-12.8771,0.0000,-12.8672,0.0000,0.0000,0.000,0.000,,0.0,,,,,,BAN,0,,0
3.6157,1790254673.491619,0.0202,0,,,0.000,,,0.0000,0.0000,0.0000,0.0000,0.0000,-13.0000,,,,CHO,0.0000,-12.8771,0.0000,-12.8672,0.0000,0.0000,0.000,0.000,,0.0,,,,,,BAN,0,,0
3.6361,1790254673.511956,0.0204,0,,,0.000,,,0.0000,0.0000,0.0000,0.0000,0.0000,-13.0000,,,,CHO,0.0000,-12.8771,0.0000,-12.8672,0.0000,0.0000,0.000,0.000,,0.0,,,,,,BAN,0,,0
3.6565,1790254673.532434,0.0205,0,,,0.000,,,0.0000,0.0000,0.0000,0.0000,0.0000,-13.0000,,,,CHO,0.0000,-12.8771,0.0000,-12.8672,0.0000,0.0000,0.000,0.000,,0.0,,,,,,BAN,0,,0
3.6774,1790254673.553252,0.0209,0,,,0.000,,,0.0000,0.0000,0.0000,0.0000,0.0000,-13.0000,,,,CHO,0.0000,-12.8771,0.0000,-12.8672,0.0000,0.0000,0.000,0.000,,0.0,,,,,,BAN,0,,0
3.6978,1790254673.573556,0.0204,0,,,0.000,,,0.0000,0.0000,0.0000,0.0000,0.0000,-13.0000,,,,CHO,0.0000,-12.8771,0.0000,-12.8672,0.0000,0.0000,0.000,0.000,,0.0,,,,,,BAN,0,,0
3.7179,1790254673.593725,0.0201,0,,,0.000,,,0.0000,0.0000,0.0000,0.0000,0.0000,-13.0000,,,,CHO,0.0000,-12.8771,0.0000,-12.8672,0.0000,0.0000,0.000,0.000,,0.0,,,,,,BAN,0,,0
3.7380,1790254673.613792,0.0200,0,,,0.000,,,0.0000,0.0000,0.0000,0.0000,0.0000,-13.0000,,,,CHO,0.0000,-12.8771,0.0000,-12.8672,0.0000,0.0000,0.000,0.000,,0.0,,,,,,BAN,0,,0
3.7586,1790254673.634448,0.0206,0,,,0.000,,,0.0000,0.0000,0.0000,0.0000,0.0000,-13.0000,,,,CHO,0.0000,-12.8771,0.0000,-12.8672,0.0000,0.0000,0.000,0.000,,0.0,,,,,,BAN,0,,0
3.7788,1790254673.654732,0.0203,0,,,0.000,,,0.0000,0.0000,0.0000,0.0000,0.0000,-13.0000,,,,CHO,0.0000,-12.8771,0.0000,-12.8672,0.0000,0.0000,0.000,0.000,,0.0,,,,,,BAN,0,,0
3.7991,1790254673.674889,0.0202,0,,,0.000,,,0.0000,0.0000,0.0000,0.0000,0.0000,-13.0000,,,,CHO,0.0000,-12.8771,0.0000,-12.8672,0.0000,0.0000,0.000,0.000,,0.0,,,,,,BAN,0,,0
3.8193,1790254673.695211,0.0202,0,,,0.000,,,0.0000,0.0000,0.0000,0.0000,0.0000,-13.0000,,,,CHO,0.0000,-12.8771,0.0000,-12.8672,0.0000,0.0000,0.000,0.000,,0.0,,,,,,BAN,0,,0
3.8398,1790254673.715670,0.0205,0,,,0.000,,,0.0000,0.0000,0.0000,0.0000,0.0000,-13.0000,,,,CHO,0.0000,-12.8771,0.0000,-12.8672,0.0000,0.0000,0.000,0.000,,0.0,,,,,,BAN,0,,0
3.8599,1790254673.735707,0.0201,0,,,0.000,,,0.0000,0.0000,0.0000,0.0000,0.0000,-13.0000,,,,CHO,0.0000,-12.8771,0.0000,-12.8672,0.0000,0.0000,0.000,0.000,,0.0,,,,,,BAN,0,,0
3.8801,1790254673.756091,0.0203,0,,,0.000,,,0.0000,0.0000,0.0000,0.0000,0.0000,-13.0000,,,,CHO,0.0000,-12.8771,0.0000,-12.8672,0.0000,0.0000,0.000,0.000,,0.0,,,,,,BAN,0,,0
3.9004,1790254673.776347,0.0203,0,,,0.000,,,0.0000,0.0000,0.0000,0.0000,0.0000,-13.0000,,,,CHO,0.0000,-12.8771,0.0000,-12.8672,0.0000,0.0000,0.000,0.000,,0.0,,,,,,BAN,0,,0
3.9204,1790254673.796340,0.0201,0,,,0.000,,,0.0000,0.0000,0.0000,0.0000,0.0000,-13.0000,,,,CHO,0.0000,-12.8771,0.0000,-12.8672,0.0000,0.0000,0.000,0.000,,0.0,,,,,,BAN,0,,0
3.9408,1790254673.816665,0.0203,0,,,0.000,,,0.0000,0.0000,0.0000,0.0000,0.0000,-13.0000,,,,CHO,0.0000,-12.8771,0.0000,-12.8672,0.0000,0.0000,0.000,0.000,,0.0,,,,,,BAN,0,,0
3.9613,1790254673.837055,0.0206,0,,,0.000,,,0.0000,0.0000,0.0000,0.0000,0.0000,-13.0000,,,,CHO,0.0000,-12.8771,0.0000,-12.8672,0.0000,0.0000,0.000,0.000,,0.0,,,,,,BAN,0,,0
3.9818,1790254673.857740,0.0205,0,,,0.000,,,0.0000,0.0000,0.0000,0.0000,0.0000,-13.0000,,,,CHO,0.0000,-12.8771,0.0000,-12.8672,0.0000,0.0000,0.000,0.000,,0.0,,,,,,BAN,0,,0
4.0022,1790254673.878073,0.0204,0,,,0.000,,,0.0000,0.0000,0.0000,0.0000,0.0000,-13.0000,,,,CHO,0.0000,-12.8771,0.0000,-12.8672,0.0000,0.0000,0.000,0.000,,0.0,,,,,,BAN,0,,0
4.0222,1790254673.898193,0.0200,0,,,0.000,,,0.0000,0.0000,0.0000,0.0000,0.0000,-13.0000,,,,CHO,0.0000,-12.8771,0.0000,-12.8672,0.0000,0.0000,0.000,0.000,,0.0,,,,,,BAN,0,,0
4.0428,1790254673.918676,0.0206,0,,,0.000,,,0.0000,0.0000,0.0000,0.0000,0.0000,-13.0000,,,,CHO,0.0000,-12.8771,0.0000,-12.8672,0.0000,0.0000,0.000,0.000,,0.0,,,,,,BAN,0,,0
4.0629,1790254673.938805,0.0201,0,,,0.000,,,0.0000,0.0000,0.0000,0.0000,0.0000,-13.0000,,,,CHO,0.0000,-12.8771,0.0000,-12.8672,0.0000,0.0000,0.000,0.000,,0.0,,,,,,BAN,0,,0
4.0830,1790254673.958911,0.0200,0,,,0.000,,,0.0000,0.0000,0.0000,0.0000,0.0000,-13.0000,,,,CHO,0.0000,-12.8771,0.0000,-12.8672,0.0000,0.0000,0.000,0.000,,0.0,,,,,,BAN,0,,0
4.1033,1790254673.979253,0.0203,0,,,0.000,,,0.0000,0.0000,0.0000,0.0000,0.0000,-13.0000,,,,CHO,0.0000,-12.8771,0.0000,-12.8672,0.0000,0.0000,0.000,0.000,,0.0,,,,,,BAN,0,,0
4.1235,1790254673.999456,0.0202,0,,,0.000,,,0.0000,0.0000,0.0000,0.0000,0.0000,-13.0000,,,,CHO,0.0000,-12.8771,0.0000,-12.8672,0.0000,0.0000,0.000,0.000,,0.0,,,,,,BAN,0,,0
4.1438,1790254674.019766,0.0203,0,,,0.000,,,0.0000,0.0000,0.0000,0.0000,0.0000,-13.0000,,,,CHO,0.0000,-12.8771,0.0000,-12.8672,0.0000,0.0000,0.000,0.000,,0.0,,,,,,BAN,0,,0
4.1641,1790254674.040081,0.0203,0,,,0.000,,,0.0000,0.0000,0.0000,0.0000,0.0000,-13.0000,,,,CHO,0.0000,-12.8771,0.0000,-12.8672,0.0000,0.0000,0.000,0.000,,0.0,,,,,,BAN,0,,0
4.1844,1790254674.060276,0.0203,0,,,0.000,,,0.0000,0.0000,0.0000,0.0000,0.0000,-13.0000,,,,CHO,0.0000,-12.8771,0.0000,-12.8672,0.0000,0.0000,0.000,0.000,,0.0,,,,,,BAN,0,,0
4.2049,1790254674.080852,0.0205,0,,,0.000,,,0.0000,0.0000,0.0000,0.0000,0.0000,-13.0000,,,,CHO,0.0000,-12.8771,0.0000,-12.8672,0.0000,0.0000,0.000,0.000,,0.0,,,,,,BAN,0,,0
4.2251,1790254674.101094,0.0202,0,,,0.000,,,0.0000,0.0000,0.0000,0.0000,0.0000,-13.0000,,,,CHO,0.0000,-12.8771,0.0000,-12.8672,0.0000,0.0000,0.000,0.000,,0.0,,,,,,BAN,0,,0
4.2456,1790254674.121426,0.0205,0,,,0.000,,,0.0000,0.0000,0.0000,0.0000,0.0000,-13.0000,,,,CHO,0.0000,-12.8771,0.0000,-12.8672,0.0000,0.0000,0.000,0.000,,0.0,,,,,,BAN,0,,0
4.2659,1790254674.141734,0.0203,0,,,0.000,,,0.0000,0.0000,0.0000,0.0000,0.0000,-13.0000,,,,CHO,0.0000,-12.8771,0.0000,-12.8672,0.0000,0.0000,0.000,0.000,,0.0,,,,,,BAN,0,,0
4.2862,1790254674.162071,0.0203,0,,,0.000,,,0.0000,0.0000,0.0000,0.0000,0.0000,-13.0000,,,,CHO,0.0000,-12.8771,0.0000,-12.8672,0.0000,0.0000,0.000,0.000,,0.0,,,,,,BAN,0,,0
4.3065,1790254674.182350,0.0202,0,,,0.000,,,0.0000,0.0000,0.0000,0.0000,0.0000,-13.0000,,,,CHO,0.0000,-12.8771,0.0000,-12.8672,0.0000,0.0000,0.000,0.000,,0.0,,,,,,BAN,0,,0
4.3269,1790254674.202792,0.0204,0,,,0.000,,,0.0000,0.0000,0.0000,0.0000,0.0000,-13.0000,,,,CHO,0.0000,-12.8771,0.0000,-12.8672,0.0000,0.0000,0.000,0.000,,0.0,,,,,,BAN,0,,0
4.3470,1790254674.222771,0.0201,0,,,0.000,,,0.0000,0.0000,0.0000,0.0000,0.0000,-13.0000,,,,CHO,0.0000,-12.8771,0.0000,-12.8672,0.0000,0.0000,0.000,0.000,,0.0,,,,,,BAN,0,,0
4.3672,1790254674.243182,0.0203,0,,,0.000,,,0.0000,0.0000,0.0000,0.0000,0.0000,-13.0000,,,,CHO,0.0000,-12.8771,0.0000,-12.8672,0.0000,0.0000,0.000,0.000,,0.0,,,,,,BAN,0,,0
4.3877,1790254674.263531,0.0204,0,,,0.000,,,0.0000,0.0000,0.0000,0.0000,0.0000,-13.0000,,,,CHO,0.0000,-12.8771,0.0000,-12.8672,0.0000,0.0000,0.000,0.000,,0.0,,,,,,BAN,0,,0
4.4079,1790254674.283802,0.0202,0,,,0.000,,,0.0000,0.0000,0.0000,0.0000,0.0000,-13.0000,,,,CHO,0.0000,-12.8771,0.0000,-12.8672,0.0000,0.0000,0.000,0.000,,0.0,,,,,,BAN,0,,0
4.4284,1790254674.304311,0.0204,0,,,0.000,,,0.0000,0.0000,0.0000,0.0000,0.0000,-13.0000,,,,CHO,0.0000,-12.8771,0.0000,-12.8672,0.0000,0.0000,0.000,0.000,,0.0,,,,,,BAN,0,,0
4.4488,1790254674.324639,0.0204,0,,,0.000,,,0.0000,0.0000,0.0000,0.0000,0.0000,-13.0000,,,,CHO,0.0000,-12.8771,0.0000,-12.8672,0.0000,0.0000,0.000,0.000,,0.0,,,,,,BAN,0,,0
4.4689,1790254674.344766,0.0201,0,,,0.000,,,0.0000,0.0000,0.0000,0.0000,0.0000,-13.0000,,,,CHO,0.0000,-12.8771,0.0000,-12.8672,0.0000,0.0000,0.000,0.000,,0.0,,,,,,BAN,0,,0
4.4892,1790254674.365085,0.0203,0,,,0.000,,,0.0000,0.0000,0.0000,0.0000,0.0000,-13.0000,,,,CHO,0.0000,-12.8771,0.0000,-12.8672,0.0000,0.0000,0.000,0.000,,0.0,,,,,,BAN,0,,0
4.5097,1790254674.385653,0.0206,0,,,0.000,,,0.0000,0.0000,0.0000,0.0000,0.0000,-13.0000,,,,CHO,0.0000,-12.8771,0.0000,-12.8672,0.0000,0.0000,0.000,0.000,,0.0,,,,,,BAN,0,,0
4.5300,1790254674.405919,0.0202,0,,,0.000,,,0.0000,0.0000,0.0000,0.0000,0.0000,-13.0000,,,,CHO,0.0000,-12.8771,0.0000,-12.8672,0.0000,0.0000,0.000,0.000,,0.0,,,,,,BAN,0,,0
4.5502,1790254674.426157,0.0202,0,,,0.000,,,0.0000,0.0000,0.0000,0.0000,0.0000,-13.0000,,,,CHO,0.0000,-12.8771,0.0000,-12.8672,0.0000,0.0000,0.000,0.000,,0.0,,,,,,BAN,0,,0
4.5704,1790254674.446332,0.0202,0,,,0.000,,,0.0000,0.0000,0.0000,0.0000,0.0000,-13.0000,,,,CHO,0.0000,-12.8771,0.0000,-12.8672,0.0000,0.0000,0.000,0.000,,0.0,,,,,,BAN,0,,0
4.5905,1790254674.466364,0.0201,0,,,0.000,,,0.0000,0.0000,0.0000,0.0000,0.0000,-13.0000,,,,CHO,0.0000,-12.8771,0.0000,-12.8672,0.0000,0.0000,0.000,0.000,,0.0,,,,,,BAN,0,,0
4.6106,1790254674.486482,0.0201,0,,,0.000,,,0.0000,0.0000,0.0000,0.0000,0.0000,-13.0000,,,,CHO,0.0000,-12.8771,0.0000,-12.8672,0.0000,0.0000,0.000,0.000,,0.0,,,,,,BAN,0,,0
4.6306,1790254674.506500,0.0200,0,,,0.000,,,0.0000,0.0000,0.0000,0.0000,0.0000,-13.0000,,,,CHO,0.0000,-12.8771,0.0000,-12.8672,0.0000,0.0000,0.000,0.000,,0.0,,,,,,BAN,0,,0
4.6507,1790254674.526615,0.0201,0,,,0.000,,,0.0000,0.0000,0.0000,0.0000,0.0000,-13.0000,,,,CHO,0.0000,-12.8771,0.0000,-12.8672,0.0000,0.0000,0.000,0.000,,0.0,,,,,,BAN,0,,0
4.6711,1790254674.547081,0.0204,0,,,0.000,,,0.0000,0.0000,0.0000,0.0000,0.0000,-13.0000,,,,CHO,0.0000,-12.8771,0.0000,-12.8672,0.0000,0.0000,0.000,0.000,,0.0,,,,,,BAN,0,,0
4.6916,1790254674.567553,0.0205,0,,,0.000,,,0.0000,0.0000,0.0000,0.0000,0.0000,-13.0000,,,,CHO,0.0000,-12.8771,0.0000,-12.8672,0.0000,0.0000,0.000,0.000,,0.0,,,,,,BAN,0,,0
4.7118,1790254674.587690,0.0201,0,,,0.000,,,0.0000,0.0000,0.0000,0.0000,0.0000,-13.0000,,,,CHO,0.0000,-12.8771,0.0000,-12.8672,0.0000,0.0000,0.000,0.000,,0.0,,,,,,BAN,0,,0
4.7324,1790254674.608299,0.0206,0,,,0.000,,,0.0000,0.0000,0.0000,0.0000,0.0000,-13.0000,,,,CHO,0.0000,-12.8771,0.0000,-12.8672,0.0000,0.0000,0.000,0.000,,0.0,,,,,,BAN,0,,0
4.7530,1790254674.628816,0.0207,0,,,0.000,,,0.0000,0.0000,0.0000,0.0000,0.0000,-13.0000,,,,CHO,0.0000,-12.8771,0.0000,-12.8672,0.0000,0.0000,0.000,0.000,,0.0,,,,,,BAN,0,,0
4.7738,1790254674.649714,0.0207,0,,,0.000,,,0.0000,0.0000,0.0000,0.0000,0.0000,-13.0000,,,,CHO,0.0000,-12.8771,0.0000,-12.8672,0.0000,0.0000,0.000,0.000,,0.0,,,,,,BAN,0,,0
4.7941,1790254674.670018,0.0203,0,,,0.000,,,0.0000,0.0000,0.0000,0.0000,0.0000,-13.0000,,,,CHO,0.0000,-12.8771,0.0000,-12.8672,0.0000,0.0000,0.000,0.000,,0.0,,,,,,BAN,0,,0
4.8142,1790254674.690075,0.0201,0,,,0.000,,,0.0000,0.0000,0.0000,0.0000,0.0000,-13.0000,,,,CHO,0.0000,-12.8771,0.0000,-12.8672,0.0000,0.0000,0.000,0.000,,0.0,,,,,,BAN,0,,0
4.8343,1790254674.710241,0.0201,0,,,0.000,,,0.0000,0.0000,0.0000,0.0000,0.0000,-13.0000,,,,CHO,0.0000,-12.8771,0.0000,-12.8672,0.0000,0.0000,0.000,0.000,,0.0,,,,,,BAN,0,,0
4.8544,1790254674.730361,0.0201,0,,,0.000,,,0.0000,0.0000,0.0000,0.0000,0.0000,-13.0000,,,,CHO,0.0000,-12.8771,0.0000,-12.8672,0.0000,0.0000,0.000,0.000,,0.0,,,,,,BAN,0,,0
4.8748,1790254674.750665,0.0204,0,,,0.000,,,0.0000,0.0000,0.0000,0.0000,0.0000,-13.0000,,,,CHO,0.0000,-12.8771,0.0000,-12.8672,0.0000,0.0000,0.000,0.000,,0.0,,,,,,BAN,0,,0
4.8951,1790254674.771066,0.0203,0,,,0.000,,,0.0000,0.0000,0.0000,0.0000,0.0000,-13.0000,,,,CHO,0.0000,-12.8771,0.0000,-12.8672,0.0000,0.0000,0.000,0.000,,0.0,,,,,,BAN,0,,0
4.9157,1790254674.791658,0.0206,0,,,0.000,,,0.0000,0.0000,0.0000,0.0000,0.0000,-13.0000,,,,CHO,0.0000,-12.8771,0.0000,-12.8672,0.0000,0.0000,0.000,0.000,,0.0,,,,,,BAN,0,,0
4.9359,1790254674.811774,0.0202,0,,,0.000,,,0.0000,0.0000,0.0000,0.0000,0.0000,-13.0000,,,,CHO,0.0000,-12.8771,0.0000,-12.8672,0.0000,0.0000,0.000,0.000,,0.0,,,,,,BAN,0,,0
4.9563,1790254674.832216,0.0204,0,,,0.000,,,0.0000,0.0000,0.0000,0.0000,0.0000,-13.0000,,,,CHO,0.0000,-12.8771,0.0000,-12.8672,0.0000,0.0000,0.000,0.000,,0.0,,,,,,BAN,0,,0
4.9763,1790254674.852250,0.0200,0,,,0.000,,,0.0000,0.0000,0.0000,0.0000,0.0000,-13.0000,,,,CHO,0.0000,-12.8771,0.0000,-12.8672,0.0000,0.0000,0.000,0.000,,0.0,,,,,,BAN,0,,0
4.9965,1790254674.872421,0.0202,0,,,0.000,,,0.0000,0.0000,0.0000,0.0000,0.0000,-13.0000,,,,CHO,0.0000,-12.8771,0.0000,-12.8672,0.0000,0.0000,0.000,0.000,,0.0,,,,,,BAN,0,,0
5.0169,1790254674.892796,0.0204,0,,,0.000,,,0.0000,0.0000,0.0000,0.0000,0.0000,-13.0000,,,,CHO,0.0000,-12.8771,0.0000,-12.8672,0.0000,0.0000,0.000,0.000,,0.0,,,,,,BAN,0,,0
5.0370,1790254674.912975,0.0201,0,,,0.000,,,0.0000,0.0000,0.0000,0.0000,0.0000,-13.0000,,,,CHO,0.0000,-12.8771,0.0000,-12.8672,0.0000,0.0000,0.000,0.000,,0.0,,,,,,BAN,0,,0
5.0571,1790254674.933022,0.0201,0,,,0.000,,,0.0000,0.0000,0.0000,0.0000,0.0000,-13.0000,,,,CHO,0.0000,-12.8771,0.0000,-12.8672,0.0000,0.0000,0.000,0.000,,0.0,,,,,,BAN,0,,0
5.0776,1790254674.953544,0.0205,0,,,0.000,,,0.0000,0.0000,0.0000,0.0000,0.0000,-13.0000,,,,CHO,0.0000,-12.8771,0.0000,-12.8672,0.0000,0.0000,0.000,0.000,,0.0,,,,,,BAN,0,,0
5.0978,1790254674.973727,0.0202,0,,,0.000,,,0.0000,0.0000,0.0000,0.0000,0.0000,-13.0000,,,,CHO,0.0000,-12.8771,0.0000,-12.8672,0.0000,0.0000,0.000,0.000,,0.0,,,,,,BAN,0,,0
5.1187,1790254674.994576,0.0208,0,,,0.000,,,0.0000,0.0000,0.0000,0.0000,0.0000,-13.0000,,,,CHO,0.0000,-12.8771,0.0000,-12.8672,0.0000,0.0000,0.000,0.000,,0.0,,,,,,BAN,0,,0
5.1387,1790254675.014528,0.0201,0,,,0.000,,,0.0000,0.0000,0.0000,0.0000,0.0000,-13.0000,,,,CHO,0.0000,-12.8771,0.0000,-12.8672,0.0000,0.0000,0.000,0.000,,0.0,,,,,,BAN,0,,0
5.1588,1790254675.034513,0.0200,0,,,0.000,,,0.0000,0.0000,0.0000,0.0000,0.0000,-13.0000,,,,CHO,0.0000,-12.8771,0.0000,-12.8672,0.0000,0.0000,0.000,0.000,,0.0,,,,,,BAN,0,,0
5.1795,1790254675.055249,0.0207,0,,,0.000,,,0.0000,0.0000,0.0000,0.0000,0.0000,-13.0000,,,,CHO,0.0000,-12.8771,0.0000,-12.8672,0.0000,0.0000,0.000,0.000,,0.0,,,,,,BAN,0,,0
5.2000,1790254675.075888,0.0205,0,,,0.000,,,0.0000,0.0000,0.0000,0.0000,0.0000,-13.0000,,,,CHO,0.0000,-12.8771,0.0000,-12.8672,0.0000,0.0000,0.000,0.000,,0.0,,,,,,BAN,0,,0
5.2229,1790254675.098618,0.0228,0,,,0.000,,,0.0000,0.0000,0.0000,0.0000,0.0000,-13.0000,,,,CHO,0.0000,-12.8771,0.0000,-12.8672,0.0000,0.0000,0.000,0.000,,0.0,,,,,,BAN,0,,0
5.2438,1790254675.119567,0.0209,0,,,0.000,,,0.0000,0.0000,0.0000,0.0000,0.0000,-13.0000,,,,CHO,0.0000,-12.8771,0.0000,-12.8672,0.0000,0.0000,0.000,0.000,,0.0,,,,,,BAN,0,,0
5.2643,1790254675.140233,0.0205,0,,,0.000,,,0.0000,0.0000,0.0000,0.0000,0.0000,-13.0000,,,,CHO,0.0000,-12.8771,0.0000,-12.8672,0.0000,0.0000,0.000,0.000,,0.0,,,,,,BAN,0,,0
5.2849,1790254675.160801,0.0206,0,,,0.000,,,0.0000,0.0000,0.0000,0.0000,0.0000,-13.0000,,,,CHO,0.0000,-12.8771,0.0000,-12.8672,0.0000,0.0000,0.000,0.000,,0.0,,,,,,BAN,0,,0
5.3088,1790254675.184955,0.0239,0,,,0.000,,,0.0000,0.0000,0.0000,0.0000,0.0000,-13.0000,,,,CHO,0.0000,-12.8771,0.0000,-12.8672,0.0000,0.0000,0.000,0.000,,0.0,,,,,,BAN,0,,0
5.3289,1790254675.204805,0.0201,0,,,0.000,,,0.0000,0.0000,0.0000,0.0000,0.0000,-13.0000,,,,CHO,0.0000,-12.8771,0.0000,-12.8672,0.0000,0.0000,0.000,0.000,,0.0,,,,,,BAN,0,,0
5.3490,1790254675.224957,0.0201,0,,,0.000,,,0.0000,0.0000,0.0000,0.0000,0.0000,-13.0000,,,,CHO,0.0000,-12.8771,0.0000,-12.8672,0.0000,0.0000,0.000,0.000,,0.0,,,,,,BAN,0,,0
5.3693,1790254675.245303,0.0203,0,,,0.000,,,0.0000,0.0000,0.0000,0.0000,0.0000,-13.0000,,,,CHO,0.0000,-12.8771,0.0000,-12.8672,0.0000,0.0000,0.000,0.000,,0.0,,,,,,BAN,0,,0
5.3895,1790254675.265446,0.0201,0,,,0.000,,,0.0000,0.0000,0.0000,0.0000,0.0000,-13.0000,,,,CHO,0.0000,-12.8771,0.0000,-12.8672,0.0000,0.0000,0.000,0.000,,0.0,,,,,,BAN,0,,0
5.4097,1790254675.285649,0.0202,0,,,0.000,,,0.0000,0.0000,0.0000,0.0000,0.0000,-13.0000,,,,CHO,0.0000,-12.8771,0.0000,-12.8672,0.0000,0.0000,0.000,0.000,,0.0,,,,,,BAN,0,,0
5.4298,1790254675.305621,0.0201,0,,,0.000,,,0.0000,0.0000,0.0000,0.0000,0.0000,-13.0000,,,,CHO,0.0000,-12.8771,0.0000,-12.8672,0.0000,0.0000,0.000,0.000,,0.0,,,,,,BAN,0,,0
5.4498,1790254675.325694,0.0200,0,,,0.000,,,0.0000,0.0000,0.0000,0.0000,0.0000,-13.0000,,,,CHO,0.0000,-12.8771,0.0000,-12.8672,0.0000,0.0000,0.000,0.000,,0.0,,,,,,BAN,0,,0
5.4702,1790254675.346133,0.0204,0,,,0.000,,,0.0000,0.0000,0.0000,0.0000,0.0000,-13.0000,,,,CHO,0.0000,-12.8771,0.0000,-12.8672,0.0000,0.0000,0.000,0.000,,0.0,,,,,,BAN,0,,0
5.4905,1790254675.366416,0.0203,0,,,0.000,,,0.0000,0.0000,0.0000,0.0000,0.0000,-13.0000,,,,CHO,0.0000,-12.8771,0.0000,-12.8672,0.0000,0.0000,0.000,0.000,,0.0,,,,,,BAN,0,,0
5.5106,1790254675.386562,0.0202,0,,,0.000,,,0.0000,0.0000,0.0000,0.0000,0.0000,-13.0000,,,,CHO,0.0000,-12.8771,0.0000,-12.8672,0.0000,0.0000,0.000,0.000,,0.0,,,,,,BAN,0,,0
5.5312,1790254675.407005,0.0206,0,,,0.000,,,0.0000,0.0000,0.0000,0.0000,0.0000,-13.0000,,,,CHO,0.0000,-12.8771,0.0000,-12.8672,0.0000,0.0000,0.000,0.000,,0.0,,,,,,BAN,0,,0
5.5514,1790254675.427370,0.0202,0,,,0.000,,,0.0000,0.0000,0.0000,0.0000,0.0000,-13.0000,,,,CHO,0.0000,-12.8771,0.0000,-12.8672,0.0000,0.0000,0.000,0.000,,0.0,,,,,,BAN,0,,0
5.5718,1790254675.447808,0.0204,0,,,0.000,,,0.0000,0.0000,0.0000,0.0000,0.0000,-13.0000,,,,CHO,0.0000,-12.8771,0.0000,-12.8672,0.0000,0.0000,0.000,0.000,,0.0,,,,,,BAN,0,,0
5.5919,1790254675.467868,0.0201,0,,,0.000,,,0.0000,0.0000,0.0000,0.0000,0.0000,-13.0000,,,,CHO,0.0000,-12.8771,0.0000,-12.8672,0.0000,0.0000,0.000,0.000,,0.0,,,,,,BAN,0,,0
5.6120,1790254675.487798,0.0201,0,,,0.000,,,0.0000,0.0000,0.0000,0.0000,0.0000,-13.0000,,,,CHO,0.0000,-12.8771,0.0000,-12.8672,0.0000,0.0000,0.000,0.000,,0.0,,,,,,BAN,0,,0
5.6325,1790254675.508410,0.0205,0,,,0.000,,,0.0000,0.0000,0.0000,0.0000,0.0000,-13.0000,,,,CHO,0.0000,-12.8771,0.0000,-12.8672,0.0000,0.0000,0.000,0.000,,0.0,,,,,,BAN,0,,0
5.6526,1790254675.528335,0.0201,0,,,0.000,,,0.0000,0.0000,0.0000,0.0000,0.0000,-13.0000,,,,CHO,0.0000,-12.8771,0.0000,-12.8672,0.0000,0.0000,0.000,0.000,,0.0,,,,,,BAN,0,,0
5.6730,1790254675.548889,0.0204,0,,,0.000,,,0.0000,0.0000,0.0000,0.0000,0.0000,-13.0000,,,,CHO,0.0000,-12.8771,0.0000,-12.8672,0.0000,0.0000,0.000,0.000,,0.0,,,,,,BAN,0,,0
5.6938,1790254675.569670,0.0208,0,,,0.000,,,0.0000,0.0000,0.0000,0.0000,0.0000,-13.0000,,,,CHO,0.0000,-12.8771,0.0000,-12.8672,0.0000,0.0000,0.000,0.000,,0.0,,,,,,BAN,0,,0
5.7140,1790254675.589837,0.0202,0,,,0.000,,,0.0000,0.0000,0.0000,0.0000,0.0000,-13.0000,,,,CHO,0.0000,-12.8771,0.0000,-12.8672,0.0000,0.0000,0.000,0.000,,0.0,,,,,,BAN,0,,0
5.7344,1790254675.610395,0.0204,0,,,0.000,,,0.0000,0.0000,0.0000,0.0000,0.0000,-13.0000,,,,CHO,0.0000,-12.8771,0.0000,-12.8672,0.0000,0.0000,0.000,0.000,,0.0,,,,,,BAN,0,,0
5.7550,1790254675.630864,0.0205,0,,,0.000,,,0.0000,0.0000,0.0000,0.0000,0.0000,-13.0000,,,,CHO,0.0000,-12.8771,0.0000,-12.8672,0.0000,0.0000,0.000,0.000,,0.0,,,,,,BAN,0,,0
5.7751,1790254675.651027,0.0201,0,,,0.000,,,0.0000,0.0000,0.0000,0.0000,0.0000,-13.0000,,,,CHO,0.0000,-12.8771,0.0000,-12.8672,0.0000,0.0000,0.000,0.000,,0.0,,,,,,BAN,0,,0
5.7952,1790254675.671140,0.0201,0,,,0.000,,,0.0000,0.0000,0.0000,0.0000,0.0000,-13.0000,,,,CHO,0.0000,-12.8771,0.0000,-12.8672,0.0000,0.0000,0.000,0.000,,0.0,,,,,,BAN,0,,0
5.8154,1790254675.691329,0.0202,0,,,0.000,,,0.0000,0.0000,0.0000,0.0000,0.0000,-13.0000,,,,CHO,0.0000,-12.8771,0.0000,-12.8672,0.0000,0.0000,0.000,0.000,,0.0,,,,,,BAN,0,,0
5.8357,1790254675.711565,0.0203,0,,,0.000,,,0.0000,0.0000,0.0000,0.0000,0.0000,-13.0000,,,,CHO,0.0000,-12.8771,0.0000,-12.8672,0.0000,0.0000,0.000,0.000,,0.0,,,,,,BAN,0,,0
5.8557,1790254675.731626,0.0201,0,,,0.000,,,0.0000,0.0000,0.0000,0.0000,0.0000,-13.0000,,,,CHO,0.0000,-12.8771,0.0000,-12.8672,0.0000,0.0000,0.000,0.000,,0.0,,,,,,BAN,0,,0
5.8760,1790254675.751950,0.0203,0,,,0.000,,,0.0000,0.0000,0.0000,0.0000,0.0000,-13.0000,,,,CHO,0.0000,-12.8771,0.0000,-12.8672,0.0000,0.0000,0.000,0.000,,0.0,,,,,,BAN,0,,0
5.8960,1790254675.771960,0.0200,0,,,0.000,,,0.0000,0.0000,0.0000,0.0000,0.0000,-13.0000,,,,CHO,0.0000,-12.8771,0.0000,-12.8672,0.0000,0.0000,0.000,0.000,,0.0,,,,,,BAN,0,,0
5.9165,1790254675.792408,0.0205,0,,,0.000,,,0.0000,0.0000,0.0000,0.0000,0.0000,-13.0000,,,,CHO,0.0000,-12.8771,0.0000,-12.8672,0.0000,0.0000,0.000,0.000,,0.0,,,,,,BAN,0,,0
5.9368,1790254675.812560,0.0203,0,,,0.000,,,0.0000,0.0000,0.0000,0.0000,0.0000,-13.0000,,,,CHO,0.0000,-12.8771,0.0000,-12.8672,0.0000,0.0000,0.000,0.000,,0.0,,,,,,BAN,0,,0
5.9570,1790254675.832806,0.0202,0,,,0.000,,,0.0000,0.0000,0.0000,0.0000,0.0000,-13.0000,,,,CHO,0.0000,-12.8771,0.0000,-12.8672,0.0000,0.0000,0.000,0.000,,0.0,,,,,,BAN,0,,0
5.9772,1790254675.853108,0.0203,0,,,0.000,,,0.0000,0.0000,0.0000,0.0000,0.0000,-13.0000,,,,CHO,0.0000,-12.8771,0.0000,-12.8672,0.0000,0.0000,0.000,0.000,,0.0,,,,,,BAN,0,,0
5.9976,1790254675.873456,0.0203,0,,,0.000,,,0.0000,0.0000,0.0000,0.0000,0.0000,-13.0000,,,,CHO,0.0000,-12.8771,0.0000,-12.8672,0.0000,0.0000,0.000,0.000,,0.0,,,,,,BAN,0,,0
6.0177,1790254675.893484,0.0201,0,,,0.000,,,0.0000,0.0000,0.0000,0.0000,0.0000,-13.0000,,,,CHO,0.0000,-12.8771,0.0000,-12.8672,0.0000,0.0000,0.000,0.000,,0.0,,,,,,BAN,0,,0
6.0377,1790254675.913634,0.0201,0,,,0.000,,,0.0000,0.0000,0.0000,0.0000,0.0000,-13.0000,,,,CHO,0.0000,-12.8771,0.0000,-12.8672,0.0000,0.0000,0.000,0.000,,0.0,,,,,,BAN,0,,0
6.0582,1790254675.934078,0.0204,0,,,0.000,,,0.0000,0.0000,0.0000,0.0000,0.0000,-13.0000,,,,CHO,0.0000,-12.8771,0.0000,-12.8672,0.0000,0.0000,0.000,0.000,,0.0,,,,,,BAN,0,,0
6.0783,1790254675.954240,0.0202,0,,,0.000,,,0.0000,0.0000,0.0000,0.0000,0.0000,-13.0000,,,,CHO,0.0000,-12.8771,0.0000,-12.8672,0.0000,0.0000,0.000,0.000,,0.0,,,,,,BAN,0,,0
6.0985,1790254675.974438,0.0202,0,,,0.000,,,0.0000,0.0000,0.0000,0.0000,0.0000,-13.0000,,,,CHO,0.0000,-12.8771,0.0000,-12.8672,0.0000,0.0000,0.000,0.000,,0.0,,,,,,BAN,0,,0
6.1185,1790254675.994414,0.0200,0,,,0.000,,,0.0000,0.0000,0.0000,0.0000,0.0000,-13.0000,,,,CHO,0.0000,-12.8771,0.0000,-12.8672,0.0000,0.0000,0.000,0.000,,0.0,,,,,,BAN,0,,0
6.1389,1790254676.014815,0.0204,0,,,0.000,,,0.0000,0.0000,0.0000,0.0000,0.0000,-13.0000,,,,CHO,0.0000,-12.8771,0.0000,-12.8672,0.0000,0.0000,0.000,0.000,,0.0,,,,,,BAN,0,,0
6.1590,1790254676.034732,0.0202,0,,,0.000,,,0.0000,0.0000,0.0000,0.0000,0.0000,-13.0000,,,,CHO,0.0000,-12.8771,0.0000,-12.8672,0.0000,0.0000,0.000,0.000,,0.0,,,,,,BAN,0,,0
6.1792,1790254676.055145,0.0202,0,,,0.000,,,0.0000,0.0000,0.0000,0.0000,0.0000,-13.0000,,,,CHO,0.0000,-12.8771,0.0000,-12.8672,0.0000,0.0000,0.000,0.000,,0.0,,,,,,BAN,0,,0
6.2000,1790254676.075794,0.0208,0,,,0.000,,,0.0000,0.0000,0.0000,0.0000,0.0000,-13.0000,,,,CHO,0.0000,-12.8771,0.0000,-12.8672,0.0000,0.0000,0.000,0.000,,0.0,,,,,,BAN,0,,0
6.2210,1790254676.096653,0.0210,0,,,0.000,,,0.0000,0.0000,0.0000,0.0000,0.0000,-13.0000,,,,CHO,0.0000,-12.8771,0.0000,-12.8672,0.0000,0.0000,0.000,0.000,,0.0,,,,,,BAN,0,,0
6.2416,1790254676.117522,0.0206,0,,,0.000,,,0.0000,0.0000,0.0000,0.0000,0.0000,-13.0000,,,,CHO,0.0000,-12.8771,0.0000,-12.8672,0.0000,0.0000,0.000,0.000,,0.0,,,,,,BAN,0,,0
6.2621,1790254676.137960,0.0205,0,,,0.000,,,0.0000,0.0000,0.0000,0.0000,0.0000,-13.0000,,,,CHO,0.0000,-12.8771,0.0000,-12.8672,0.0000,0.0000,0.000,0.000,,0.0,,,,,,BAN,0,,0
6.2826,1790254676.158502,0.0205,0,,,0.000,,,0.0000,0.0000,0.0000,0.0000,0.0000,-13.0000,,,,CHO,0.0000,-12.8771,0.0000,-12.8672,0.0000,0.0000,0.000,0.000,,0.0,,,,,,BAN,0,,0
6.3032,1790254676.179120,0.0206,0,,,0.000,,,0.0000,0.0000,0.0000,0.0000,0.0000,-13.0000,,,,CHO,0.0000,-12.8771,0.0000,-12.8672,0.0000,0.0000,0.000,0.000,,0.0,,,,,,BAN,0,,0
6.3233,1790254676.199233,0.0201,0,,,0.000,,,0.0000,0.0000,0.0000,0.0000,0.0000,-13.0000,,,,CHO,0.0000,-12.8771,0.0000,-12.8672,0.0000,0.0000,0.000,0.000,,0.0,,,,,,BAN,0,,0
6.3435,1790254676.219318,0.0202,0,,,0.000,,,0.0000,0.0000,0.0000,0.0000,0.0000,-13.0000,,,,CHO,0.0000,-12.8771,0.0000,-12.8672,0.0000,0.0000,0.000,0.000,,0.0,,,,,,BAN,0,,0
6.3640,1790254676.239801,0.0205,0,,,0.000,,,0.0000,0.0000,0.0000,0.0000,0.0000,-13.0000,,,,CHO,0.0000,-12.8771,0.0000,-12.8672,0.0000,0.0000,0.000,0.000,,0.0,,,,,,BAN,0,,0
6.3841,1790254676.260079,0.0201,0,,,0.000,,,0.0000,0.0000,0.0000,0.0000,0.0000,-13.0000,,,,CHO,0.0000,-12.8771,0.0000,-12.8672,0.0000,0.0000,0.000,0.000,,0.0,,,,,,BAN,0,,0
6.4045,1790254676.280447,0.0204,0,,,0.000,,,0.0000,0.0000,0.0000,0.0000,0.0000,-13.0000,,,,CHO,0.0000,-12.8771,0.0000,-12.8672,0.0000,0.0000,0.000,0.000,,0.0,,,,,,BAN,0,,0
6.4250,1790254676.300969,0.0205,0,,,0.000,,,0.0000,0.0000,0.0000,0.0000,0.0000,-13.0000,,,,CHO,0.0000,-12.8771,0.0000,-12.8672,0.0000,0.0000,0.000,0.000,,0.0,,,,,,BAN,0,,0
6.4451,1790254676.320947,0.0201,0,,,0.000,,,0.0000,0.0000,0.0000,0.0000,0.0000,-13.0000,,,,CHO,0.0000,-12.8771,0.0000,-12.8672,0.0000,0.0000,0.000,0.000,,0.0,,,,,,BAN,0,,0
6.4652,1790254676.341102,0.0201,0,,,0.000,,,0.0000,0.0000,0.0000,0.0000,0.0000,-13.0000,,,,CHO,0.0000,-12.8771,0.0000,-12.8672,0.0000,0.0000,0.000,0.000,,0.0,,,,,,BAN,0,,0
6.4856,1790254676.361515,0.0204,0,,,0.000,,,0.0000,0.0000,0.0000,0.0000,0.0000,-13.0000,,,,CHO,0.0000,-12.8771,0.0000,-12.8672,0.0000,0.0000,0.000,0.000,,0.0,,,,,,BAN,0,,0
6.5061,1790254676.381900,0.0205,0,,,0.000,,,0.0000,0.0000,0.0000,0.0000,0.0000,-13.0000,,,,CHO,0.0000,-12.8771,0.0000,-12.8672,0.0000,0.0000,0.000,0.000,,0.0,,,,,,BAN,0,,0
6.5263,1790254676.402057,0.0202,0,,,0.000,,,0.0000,0.0000,0.0000,0.0000,0.0000,-13.0000,,,,CHO,0.0000,-12.8771,0.0000,-12.8672,0.0000,0.0000,0.000,0.000,,0.0,,,,,,BAN,0,,0
6.5465,1790254676.422479,0.0203,0,,,0.000,,,0.0000,0.0000,0.0000,0.0000,0.0000,-13.0000,,,,CHO,0.0000,-12.8771,0.0000,-12.8672,0.0000,0.0000,0.000,0.000,,0.0,,,,,,BAN,0,,0
6.5668,1790254676.442732,0.0203,0,,,0.000,,,0.0000,0.0000,0.0000,0.0000,0.0000,-13.0000,,,,CHO,0.0000,-12.8771,0.0000,-12.8672,0.0000,0.0000,0.000,0.000,,0.0,,,,,,BAN,0,,0
6.5871,1790254676.462958,0.0203,0,,,0.000,,,0.0000,0.0000,0.0000,0.0000,0.0000,-13.0000,,,,CHO,0.0000,-12.8771,0.0000,-12.8672,0.0000,0.0000,0.000,0.000,,0.0,,,,,,BAN,0,,0
6.6075,1790254676.483362,0.0204,0,,,0.000,,,0.0000,0.0000,0.0000,0.0000,0.0000,-13.0000,,,,CHO,0.0000,-12.8771,0.0000,-12.8672,0.0000,0.0000,0.000,0.000,,0.0,,,,,,BAN,0,,0
6.6281,1790254676.503848,0.0207,0,,,0.000,,,0.0000,0.0000,0.0000,0.0000,0.0000,-13.0000,,,,CHO,0.0000,-12.8771,0.0000,-12.8672,0.0000,0.0000,0.000,0.000,,0.0,,,,,,BAN,0,,0
6.6482,1790254676.524414,0.0200,0,,,0.000,,,0.0000,0.0000,0.0000,0.0000,0.0000,-13.0000,,,,CHO,0.0000,-12.8771,0.0000,-12.8672,0.0000,0.0000,0.000,0.000,,0.0,,,,,,BAN,0,,0
6.6685,1790254676.544322,0.0203,0,,,0.000,,,0.0000,0.0000,0.0000,0.0000,0.0000,-13.0000,,,,CHO,0.0000,-12.8771,0.0000,-12.8672,0.0000,0.0000,0.000,0.000,,0.0,,,,,,BAN,0,,0
6.6885,1790254676.564373,0.0200,0,,,0.000,,,0.0000,0.0000,0.0000,0.0000,0.0000,-13.0000,,,,CHO,0.0000,-12.8771,0.0000,-12.8672,0.0000,0.0000,0.000,0.000,,0.0,,,,,,BAN,0,,0
6.7087,1790254676.584588,0.0202,0,,,0.000,,,0.0000,0.0000,0.0000,0.0000,0.0000,-13.0000,,,,CHO,0.0000,-12.8771,0.0000,-12.8672,0.0000,0.0000,0.000,0.000,,0.0,,,,,,BAN,0,,0
6.7293,1790254676.605159,0.0205,0,,,0.000,,,0.0000,0.0000,0.0000,0.0000,0.0000,-13.0000,,,,CHO,0.0000,-12.8771,0.0000,-12.8672,0.0000,0.0000,0.000,0.000,,0.0,,,,,,BAN,0,,0
6.7495,1790254676.625314,0.0202,0,,,0.000,,,0.0000,0.0000,0.0000,0.0000,0.0000,-13.0000,,,,CHO,0.0000,-12.8771,0.0000,-12.8672,0.0000,0.0000,0.000,0.000,,0.0,,,,,,BAN,0,,0
6.7696,1790254676.645383,0.0201,0,,,0.000,,,0.0000,0.0000,0.0000,0.0000,0.0000,-13.0000,,,,CHO,0.0000,-12.8771,0.0000,-12.8672,0.0000,0.0000,0.000,0.000,,0.0,,,,,,BAN,0,,0
6.7900,1790254676.665793,0.0204,0,,,0.000,,,0.0000,0.0000,0.0000,0.0000,0.0000,-13.0000,,,,CHO,0.0000,-12.8771,0.0000,-12.8672,0.0000,0.0000,0.000,0.000,,0.0,,,,,,BAN,0,,0
6.8106,1790254676.686385,0.0206,0,,,0.000,,,0.0000,0.0000,0.0000,0.0000,0.0000,-13.0000,,,,CHO,0.0000,-12.8771,0.0000,-12.8672,0.0000,0.0000,0.000,0.000,,0.0,,,,,,BAN,0,,0
6.8308,1790254676.706619,0.0202,0,,,0.000,,,0.0000,0.0000,0.0000,0.0000,0.0000,-13.0000,,,,CHO,0.0000,-12.8771,0.0000,-12.8672,0.0000,0.0000,0.000,0.000,,0.0,,,,,,BAN,0,,0
6.8510,1790254676.726944,0.0202,0,,,0.000,,,0.0000,0.0000,0.0000,0.0000,0.0000,-13.0000,,,,CHO,0.0000,-12.8771,0.0000,-12.8672,0.0000,0.0000,0.000,0.000,,0.0,,,,,,BAN,0,,0
6.8717,1790254676.747512,0.0206,0,,,0.000,,,0.0000,0.0000,0.0000,0.0000,0.0000,-13.0000,,,,CHO,0.0000,-12.8771,0.0000,-12.8672,0.0000,0.0000,0.000,0.000,,0.0,,,,,,BAN,0,,0
6.8920,1790254676.767797,0.0203,0,,,0.000,,,0.0000,0.0000,0.0000,0.0000,0.0000,-13.0000,,,,CHO,0.0000,-12.8771,0.0000,-12.8672,0.0000,0.0000,0.000,0.000,,0.0,,,,,,BAN,0,,0
6.9126,1790254676.788512,0.0207,0,,,0.000,,,0.0000,0.0000,0.0000,0.0000,0.0000,-13.0000,,,,CHO,0.0000,-12.8771,0.0000,-12.8672,0.0000,0.0000,0.000,0.000,,0.0,,,,,,BAN,0,,0
6.9329,1790254676.808712,0.0203,0,,,0.000,,,0.0000,0.0000,0.0000,0.0000,0.0000,-13.0000,,,,CHO,0.0000,-12.8771,0.0000,-12.8672,0.0000,0.0000,0.000,0.000,,0.0,,,,,,BAN,0,,0
6.9531,1790254676.828867,0.0202,0,,,0.000,,,0.0000,0.0000,0.0000,0.0000,0.0000,-13.0000,,,,CHO,0.0000,-12.8771,0.0000,-12.8672,0.0000,0.0000,0.000,0.000,,0.0,,,,,,BAN,0,,0
6.9736,1790254676.849447,0.0205,0,,,0.000,,,0.0000,0.0000,0.0000,0.0000,0.0000,-13.0000,,,,CHO,0.0000,-12.8771,0.0000,-12.8672,0.0000,0.0000,0.000,0.000,,0.0,,,,,,BAN,0,,0
6.9940,1790254676.869868,0.0204,0,,,0.000,,,0.0000,0.0000,0.0000,0.0000,0.0000,-13.0000,,,,CHO,0.0000,-12.8771,0.0000,-12.8672,0.0000,0.0000,0.000,0.000,,0.0,,,,,,BAN,0,,0
7.0141,1790254676.890045,0.0201,0,,,0.000,,,0.0000,0.0000,0.0000,0.0000,0.0000,-13.0000,,,,CHO,0.0000,-12.8771,0.0000,-12.8672,0.0000,0.0000,0.000,0.000,,0.0,,,,,,BAN,0,,0
7.0348,1790254676.910678,0.0207,0,,,0.000,,,0.0000,0.0000,0.0000,0.0000,0.0000,-13.0000,,,,CHO,0.0000,-12.8771,0.0000,-12.8672,0.0000,0.0000,0.000,0.000,,0.0,,,,,,BAN,0,,0
7.0551,1790254676.930941,0.0203,0,,,0.000,,,0.0000,0.0000,0.0000,0.0000,0.0000,-13.0000,,,,CHO,0.0000,-12.8771,0.0000,-12.8672,0.0000,0.0000,0.000,0.000,,0.0,,,,,,BAN,0,,0
7.0757,1790254676.951558,0.0206,0,,,0.000,,,0.0000,0.0000,0.0000,0.0000,0.0000,-13.0000,,,,CHO,0.0000,-12.8771,0.0000,-12.8672,0.0000,0.0000,0.000,0.000,,0.0,,,,,,BAN,0,,0
7.0962,1790254676.972123,0.0205,0,,,0.000,,,0.0000,0.0000,0.0000,0.0000,0.0000,-13.0000,,,,CHO,0.0000,-12.8771,0.0000,-12.8672,0.0000,0.0000,0.000,0.000,,0.0,,,,,,BAN,0,,0
7.1170,1790254676.992802,0.0208,0,,,0.000,,,0.0000,0.0000,0.0000,0.0000,0.0000,-13.0000,,,,CHO,0.0000,-12.8771,0.0000,-12.8672,0.0000,0.0000,0.000,0.000,,0.0,,,,,,BAN,0,,0
7.1372,1790254677.013165,0.0203,0,,,0.000,,,0.0000,0.0000,0.0000,0.0000,0.0000,-13.0000,,,,CHO,0.0000,-12.8771,0.0000,-12.8672,0.0000,0.0000,0.000,0.000,,0.0,,,,,,BAN,0,,0
7.1578,1790254677.033620,0.0206,0,,,0.000,,,0.0000,0.0000,0.0000,0.0000,0.0000,-13.0000,,,,CHO,0.0000,-12.8771,0.0000,-12.8672,0.0000,0.0000,0.000,0.000,,0.0,,,,,,BAN,0,,0
7.1780,1790254677.053916,0.0202,0,,,0.000,,,0.0000,0.0000,0.0000,0.0000,0.0000,-13.0000,,,,CHO,0.0000,-12.8771,0.0000,-12.8672,0.0000,0.0000,0.000,0.000,,0.0,,,,,,BAN,0,,0
7.1982,1790254677.074114,0.0202,0,,,0.000,,,0.0000,0.0000,0.0000,0.0000,0.0000,-13.0000,,,,CHO,0.0000,-12.8771,0.0000,-12.8672,0.0000,0.0000,0.000,0.000,,0.0,,,,,,BAN,0,,0
7.2187,1790254677.094579,0.0205,0,,,0.000,,,0.0000,0.0000,0.0000,0.0000,0.0000,-13.0000,,,,CHO,0.0000,-12.8771,0.0000,-12.8672,0.0000,0.0000,0.000,0.000,,0.0,,,,,,BAN,0,,0
7.2395,1790254677.115239,0.0208,0,,,0.000,,,0.0000,0.0000,0.0000,0.0000,0.0000,-13.0000,,,,CHO,0.0000,-12.8771,0.0000,-12.8672,0.0000,0.0000,0.000,0.000,,0.0,,,,,,BAN,0,,0
7.2596,1790254677.135523,0.0201,0,,,0.000,,,0.0000,0.0000,0.0000,0.0000,0.0000,-13.0000,,,,CHO,0.0000,-12.8771,0.0000,-12.8672,0.0000,0.0000,0.000,0.000,,0.0,,,,,,BAN,0,,0
7.2797,1790254677.155668,0.0201,0,,,0.000,,,0.0000,0.0000,0.0000,0.0000,0.0000,-13.0000,,,,CHO,0.0000,-12.8771,0.0000,-12.8672,0.0000,0.0000,0.000,0.000,,0.0,,,,,,BAN,0,,0
7.2998,1790254677.175603,0.0201,0,,,0.000,,,0.0000,0.0000,0.0000,0.0000,0.0000,-13.0000,,,,CHO,0.0000,-12.8771,0.0000,-12.8672,0.0000,0.0000,0.000,0.000,,0.0,,,,,,BAN,0,,0
7.3204,1790254677.196309,0.0206,0,,,0.000,,,0.0000,0.0000,0.0000,0.0000,0.0000,-13.0000,,,,CHO,0.0000,-12.8771,0.0000,-12.8672,0.0000,0.0000,0.000,0.000,,0.0,,,,,,BAN,0,,0
7.3409,1790254677.216823,0.0205,0,,,0.000,,,0.0000,0.0000,0.0000,0.0000,0.0000,-13.0000,,,,CHO,0.0000,-12.8771,0.0000,-12.8672,0.0000,0.0000,0.000,0.000,,0.0,,,,,,BAN,0,,0
7.3613,1790254677.237231,0.0204,0,,,0.000,,,0.0000,0.0000,0.0000,0.0000,0.0000,-13.0000,,,,CHO,0.0000,-12.8771,0.0000,-12.8672,0.0000,0.0000,0.000,0.000,,0.0,,,,,,BAN,0,,0
7.3815,1790254677.257295,0.0202,0,,,0.000,,,0.0000,0.0000,0.0000,0.0000,0.0000,-13.0000,,,,CHO,0.0000,-12.8771,0.0000,-12.8672,0.0000,0.0000,0.000,0.000,,0.0,,,,,,BAN,0,,0
7.4022,1790254677.277989,0.0206,0,,,0.000,,,0.0000,0.0000,0.0000,0.0000,0.0000,-13.0000,,,,CHO,0.0000,-12.8771,0.0000,-12.8672,0.0000,0.0000,0.000,0.000,,0.0,,,,,,BAN,0,,0
7.4229,1790254677.298778,0.0207,0,,,0.000,,,0.0000,0.0000,0.0000,0.0000,0.0000,-13.0000,,,,CHO,0.0000,-12.8771,0.0000,-12.8672,0.0000,0.0000,0.000,0.000,,0.0,,,,,,BAN,0,,0
7.4432,1790254677.319129,0.0204,0,,,0.000,,,0.0000,0.0000,0.0000,0.0000,0.0000,-13.0000,,,,CHO,0.0000,-12.8771,0.0000,-12.8672,0.0000,0.0000,0.000,0.000,,0.0,,,,,,BAN,0,,0
7.4635,1790254677.339270,0.0203,0,,,0.000,,,0.0000,0.0000,0.0000,0.0000,0.0000,-13.0000,,,,CHO,0.0000,-12.8771,0.0000,-12.8672,0.0000,0.0000,0.000,0.000,,0.0,,,,,,BAN,0,,0
7.4838,1790254677.359654,0.0203,0,,,0.000,,,0.0000,0.0000,0.0000,0.0000,0.0000,-13.0000,,,,CHO,0.0000,-12.8771,0.0000,-12.8672,0.0000,0.0000,0.000,0.000,,0.0,,,,,,BAN,0,,0
7.5040,1790254677.379987,0.0203,0,,,0.000,,,0.0000,0.0000,0.0000,0.0000,0.0000,-13.0000,,,,CHO,0.0000,-12.8771,0.0000,-12.8672,0.0000,0.0000,0.000,0.000,,0.0,,,,,,BAN,0,,0
7.5243,1790254677.400276,0.0203,0,,,0.000,,,0.0000,0.0000,0.0000,0.0000,0.0000,-13.0000,,,,CHO,0.0000,-12.8771,0.0000,-12.8672,0.0000,0.0000,0.000,0.000,,0.0,,,,,,BAN,0,,0
7.5445,1790254677.420347,0.0202,0,,,0.000,,,0.0000,0.0000,0.0000,0.0000,0.0000,-13.0000,,,,CHO,0.0000,-12.8771,0.0000,-12.8672,0.0000,0.0000,0.000,0.000,,0.0,,,,,,BAN,0,,0
7.5649,1790254677.440841,0.0204,0,,,0.000,,,0.0000,0.0000,0.0000,0.0000,0.0000,-13.0000,,,,CHO,0.0000,-12.8771,0.0000,-12.8672,0.0000,0.0000,0.000,0.000,,0.0,,,,,,BAN,0,,0
7.5856,1790254677.461369,0.0207,0,,,0.000,,,0.0000,0.0000,0.0000,0.0000,0.0000,-13.0000,,,,CHO,0.0000,-12.8771,0.0000,-12.8672,0.0000,0.0000,0.000,0.000,,0.0,,,,,,BAN,0,,0
7.6059,1790254677.481775,0.0203,0,,,0.000,,,0.0000,0.0000,0.0000,0.0000,0.0000,-13.0000,,,,CHO,0.0000,-12.8771,0.0000,-12.8672,0.0000,0.0000,0.000,0.000,,0.0,,,,,,BAN,0,,0
7.6264,1790254677.502293,0.0205,0,,,0.000,,,0.0000,0.0000,0.0000,0.0000,0.0000,-13.0000,,,,CHO,0.0000,-12.8771,0.0000,-12.8672,0.0000,0.0000,0.000,0.000,,0.0,,,,,,BAN,0,,0
7.6465,1790254677.522373,0.0201,0,,,0.000,,,0.0000,0.0000,0.0000,0.0000,0.0000,-13.0000,,,,CHO,0.0000,-12.8771,0.0000,-12.8672,0.0000,0.0000,0.000,0.000,,0.0,,,,,,BAN,0,,0
7.6667,1790254677.542571,0.0202,0,,,0.000,,,0.0000,0.0000,0.0000,0.0000,0.0000,-13.0000,,,,CHO,0.0000,-12.8771,0.0000,-12.8672,0.0000,0.0000,0.000,0.000,,0.0,,,,,,BAN,0,,0
7.6872,1790254677.563107,0.0205,0,,,0.000,,,0.0000,0.0000,0.0000,0.0000,0.0000,-13.0000,,,,CHO,0.0000,-12.8771,0.0000,-12.8672,0.0000,0.0000,0.000,0.000,,0.0,,,,,,BAN,0,,0
7.7078,1790254677.583693,0.0205,0,,,0.000,,,0.0000,0.0000,0.0000,0.0000,0.0000,-13.0000,,,,CHO,0.0000,-12.8771,0.0000,-12.8672,0.0000,0.0000,0.000,0.000,,0.0,,,,,,BAN,0,,0
7.7282,1790254677.604174,0.0205,0,,,0.000,,,0.0000,0.0000,0.0000,0.0000,0.0000,-13.0000,,,,CHO,0.0000,-12.8771,0.0000,-12.8672,0.0000,0.0000,0.000,0.000,,0.0,,,,,,BAN,0,,0
7.7484,1790254677.624327,0.0202,0,,,0.000,,,0.0000,0.0000,0.0000,0.0000,0.0000,-13.0000,,,,CHO,0.0000,-12.8771,0.0000,-12.8672,0.0000,0.0000,0.000,0.000,,0.0,,,,,,BAN,0,,0
7.7687,1790254677.644605,0.0203,0,,,0.000,,,0.0000,0.0000,0.0000,0.0000,0.0000,-13.0000,,,,CHO,0.0000,-12.8771,0.0000,-12.8672,0.0000,0.0000,0.000,0.000,,0.0,,,,,,BAN,0,,0
7.7888,1790254677.664606,0.0201,0,,,0.000,,,0.0000,0.0000,0.0000,0.0000,0.0000,-13.0000,,,,CHO,0.0000,-12.8771,0.0000,-12.8672,0.0000,0.0000,0.000,0.000,,0.0,,,,,,BAN,0,,0
7.8089,1790254677.684808,0.0201,0,,,0.000,,,0.0000,0.0000,0.0000,0.0000,0.0000,-13.0000,,,,CHO,0.0000,-12.8771,0.0000,-12.8672,0.0000,0.0000,0.000,0.000,,0.0,,,,,,BAN,0,,0
7.8292,1790254677.705056,0.0203,0,,,0.000,,,0.0000,0.0000,0.0000,0.0000,0.0000,-13.0000,,,,CHO,0.0000,-12.8771,0.0000,-12.8672,0.0000,0.0000,0.000,0.000,,0.0,,,,,,BAN,0,,0
7.8495,1790254677.725367,0.0203,0,,,0.000,,,0.0000,0.0000,0.0000,0.0000,0.0000,-13.0000,,,,CHO,0.0000,-12.8771,0.0000,-12.8672,0.0000,0.0000,0.000,0.000,,0.0,,,,,,BAN,0,,0
7.8700,1790254677.745830,0.0205,0,,,0.000,,,0.0000,0.0000,0.0000,0.0000,0.0000,-13.0000,,,,CHO,0.0000,-12.8771,0.0000,-12.8672,0.0000,0.0000,0.000,0.000,,0.0,,,,,,BAN,0,,0
7.8900,1790254677.765981,0.0201,0,,,0.000,,,0.0000,0.0000,0.0000,0.0000,0.0000,-13.0000,,,,CHO,0.0000,-12.8771,0.0000,-12.8672,0.0000,0.0000,0.000,0.000,,0.0,,,,,,BAN,0,,0
7.9106,1790254677.786537,0.0206,0,,,0.000,,,0.0000,0.0000,0.0000,0.0000,0.0000,-13.0000,,,,CHO,0.0000,-12.8771,0.0000,-12.8672,0.0000,0.0000,0.000,0.000,,0.0,,,,,,BAN,0,,0
7.9310,1790254677.806856,0.0204,0,,,0.000,,,0.0000,0.0000,0.0000,0.0000,0.0000,-13.0000,,,,CHO,0.0000,-12.8771,0.0000,-12.8672,0.0000,0.0000,0.000,0.000,,0.0,,,,,,BAN,0,,0
7.9514,1790254677.827308,0.0204,0,,,0.000,,,0.0000,0.0000,0.0000,0.0000,0.0000,-13.0000,,,,CHO,0.0000,-12.8771,0.0000,-12.8672,0.0000,0.0000,0.000,0.000,,0.0,,,,,,BAN,0,,0
7.9719,1790254677.847749,0.0205,0,,,0.000,,,0.0000,0.0000,0.0000,0.0000,0.0000,-13.0000,,,,CHO,0.0000,-12.8771,0.0000,-12.8672,0.0000,0.0000,0.000,0.000,,0.0,,,,,,BAN,0,,0
7.9922,1790254677.868139,0.0204,0,,,0.000,,,0.0000,0.0000,0.0000,0.0000,0.0000,-13.0000,,,,CHO,0.0000,-12.8771,0.0000,-12.8672,0.0000,0.0000,0.000,0.000,,0.0,,,,,,BAN,0,,0
8.0125,1790254677.888443,0.0203,0,,,0.000,,,0.0000,0.0000,0.0000,0.0000,0.0000,-13.0000,,,,CHO,0.0000,-12.8771,0.0000,-12.8672,0.0000,0.0000,0.000,0.000,,0.0,,,,,,BAN,0,,0
8.0330,1790254677.908703,0.0205,0,,,0.000,,,0.0000,0.0000,0.0000,0.0000,0.0000,-13.0000,,,,CHO,0.0000,-12.8771,0.0000,-12.8672,0.0000,0.0000,0.000,0.000,,0.0,,,,,,BAN,0,,0
8.0536,1790254677.929427,0.0206,0,,,0.000,,,0.0000,0.0000,0.0000,0.0000,0.0000,-13.0000,,,,CHO,0.0000,-12.8771,0.0000,-12.8672,0.0000,0.0000,0.000,0.000,,0.0,,,,,,BAN,0,,0
8.0738,1790254677.949684,0.0202,0,,,0.000,,,0.0000,0.0000,0.0000,0.0000,0.0000,-13.0000,,,,CHO,0.0000,-12.8771,0.0000,-12.8672,0.0000,0.0000,0.000,0.000,,0.0,,,,,,BAN,0,,0
8.0941,1790254677.970032,0.0204,0,,,0.000,,,0.0000,0.0000,0.0000,0.0000,0.0000,-13.0000,,,,CHO,0.0000,-12.8771,0.0000,-12.8672,0.0000,0.0000,0.000,0.000,,0.0,,,,,,BAN,0,,0
8.1142,1790254677.990164,0.0201,0,,,0.000,,,0.0000,0.0000,0.0000,0.0000,0.0000,-13.0000,,,,CHO,0.0000,-12.8771,0.0000,-12.8672,0.0000,0.0000,0.000,0.000,,0.0,,,,,,BAN,0,,0
8.1346,1790254678.010488,0.0204,0,,,0.000,,,0.0000,0.0000,0.0000,0.0000,0.0000,-13.0000,,,,CHO,0.0000,-12.8771,0.0000,-12.8672,0.0000,0.0000,0.000,0.000,,0.0,,,,,,BAN,0,,0
8.1549,1790254678.030824,0.0203,0,,,0.000,,,0.0000,0.0000,0.0000,0.0000,0.0000,-13.0000,,,,CHO,0.0000,-12.8771,0.0000,-12.8672,0.0000,0.0000,0.000,0.000,,0.0,,,,,,BAN,0,,0
8.1752,1790254678.051017,0.0203,0,,,0.000,,,0.0000,0.0000,0.0000,0.0000,0.0000,-13.0000,,,,CHO,0.0000,-12.8771,0.0000,-12.8672,0.0000,0.0000,0.000,0.000,,0.0,,,,,,BAN,0,,0
8.1954,1790254678.071328,0.0202,0,,,0.000,,,0.0000,0.0000,0.0000,0.0000,0.0000,-13.0000,,,,CHO,0.0000,-12.8771,0.0000,-12.8672,0.0000,0.0000,0.000,0.000,,0.0,,,,,,BAN,0,,0
8.2159,1790254678.091743,0.0205,0,,,0.000,,,0.0000,0.0000,0.0000,0.0000,0.0000,-13.0000,,,,CHO,0.0000,-12.8771,0.0000,-12.8672,0.0000,0.0000,0.000,0.000,,0.0,,,,,,BAN,0,,0
8.2359,1790254678.111893,0.0201,0,,,0.000,,,0.0000,0.0000,0.0000,0.0000,0.0000,-13.0000,,,,CHO,0.0000,-12.8771,0.0000,-12.8672,0.0000,0.0000,0.000,0.000,,0.0,,,,,,BAN,0,,0
8.2564,1790254678.132354,0.0205,0,,,0.000,,,0.0000,0.0000,0.0000,0.0000,0.0000,-13.0000,,,,CHO,0.0000,-12.8771,0.0000,-12.8672,0.0000,0.0000,0.000,0.000,,0.0,,,,,,BAN,0,,0
8.2765,1790254678.152465,0.0201,0,,,0.000,,,0.0000,0.0000,0.0000,0.0000,0.0000,-13.0000,,,,CHO,0.0000,-12.8771,0.0000,-12.8672,0.0000,0.0000,0.000,0.000,,0.0,,,,,,BAN,0,,0
8.2968,1790254678.172652,0.0203,0,,,0.000,,,0.0000,0.0000,0.0000,0.0000,0.0000,-13.0000,,,,CHO,0.0000,-12.8771,0.0000,-12.8672,0.0000,0.0000,0.000,0.000,,0.0,,,,,,BAN,0,,0
8.3173,1790254678.193126,0.0205,0,,,0.000,,,0.0000,0.0000,0.0000,0.0000,0.0000,-13.0000,,,,CHO,0.0000,-12.8771,0.0000,-12.8672,0.0000,0.0000,0.000,0.000,,0.0,,,,,,BAN,0,,0
8.3378,1790254678.213719,0.0205,0,,,0.000,,,0.0000,0.0000,0.0000,0.0000,0.0000,-13.0000,,,,CHO,0.0000,-12.8771,0.0000,-12.8672,0.0000,0.0000,0.000,0.000,,0.0,,,,,,BAN,0,,0
8.3581,1790254678.233910,0.0203,0,,,0.000,,,0.0000,0.0000,0.0000,0.0000,0.0000,-13.0000,,,,CHO,0.0000,-12.8771,0.0000,-12.8672,0.0000,0.0000,0.000,0.000,,0.0,,,,,,BAN,0,,0
8.3787,1790254678.254531,0.0206,0,,,0.000,,,0.0000,0.0000,0.0000,0.0000,0.0000,-13.0000,,,,CHO,0.0000,-12.8771,0.0000,-12.8672,0.0000,0.0000,0.000,0.000,,0.0,,,,,,BAN,0,,0
8.3991,1790254678.274983,0.0204,0,,,0.000,,,0.0000,0.0000,0.0000,0.0000,0.0000,-13.0000,,,,CHO,0.0000,-12.8771,0.0000,-12.8672,0.0000,0.0000,0.000,0.000,,0.0,,,,,,BAN,0,,0
8.4192,1790254678.295063,0.0201,0,,,0.000,,,0.0000,0.0000,0.0000,0.0000,0.0000,-13.0000,,,,CHO,0.0000,-12.8771,0.0000,-12.8672,0.0000,0.0000,0.000,0.000,,0.0,,,,,,BAN,0,,0
8.4396,1790254678.315499,0.0205,0,,,0.000,,,0.0000,0.0000,0.0000,0.0000,0.0000,-13.0000,,,,CHO,0.0000,-12.8771,0.0000,-12.8672,0.0000,0.0000,0.000,0.000,,0.0,,,,,,BAN,0,,0
8.4600,1790254678.335941,0.0204,0,,,0.000,,,0.0000,0.0000,0.0000,0.0000,0.0000,-13.0000,,,,CHO,0.0000,-12.8771,0.0000,-12.8672,0.0000,0.0000,0.000,0.000,,0.0,,,,,,BAN,0,,0
8.4800,1790254678.355926,0.0200,0,,,0.000,,,0.0000,0.0000,0.0000,0.0000,0.0000,-13.0000,,,,CHO,0.0000,-12.8771,0.0000,-12.8672,0.0000,0.0000,0.000,0.000,,0.0,,,,,,BAN,0,,0
8.5001,1790254678.375996,0.0201,0,,,0.000,,,0.0000,0.0000,0.0000,0.0000,0.0000,-13.0000,,,,CHO,0.0000,-12.8771,0.0000,-12.8672,0.0000,0.0000,0.000,0.000,,0.0,,,,,,BAN,0,,0
8.5206,1790254678.396425,0.0205,0,,,0.000,,,0.0000,0.0000,0.0000,0.0000,0.0000,-13.0000,,,,CHO,0.0000,-12.8771,0.0000,-12.8672,0.0000,0.0000,0.000,0.000,,0.0,,,,,,BAN,0,,0
8.5407,1790254678.416670,0.0201,0,,,0.000,,,0.0000,0.0000,0.0000,0.0000,0.0000,-13.0000,,,,CHO,0.0000,-12.8771,0.0000,-12.8672,0.0000,0.0000,0.000,0.000,,0.0,,,,,,BAN,0,,0
8.5607,1790254678.436678,0.0200,0,,,0.000,,,0.0000,0.0000,0.0000,0.0000,0.0000,-13.0000,,,,CHO,0.0000,-12.8771,0.0000,-12.8672,0.0000,0.0000,0.000,0.000,,0.0,,,,,,BAN,0,,0
8.5809,1790254678.456754,0.0201,0,,,0.000,,,0.0000,0.0000,0.0000,0.0000,0.0000,-13.0000,,,,CHO,0.0000,-12.8771,0.0000,-12.8672,0.0000,0.0000,0.000,0.000,,0.0,,,,,,BAN,0,,0
8.6012,1790254678.477182,0.0204,0,,,0.000,,,0.0000,0.0000,0.0000,0.0000,0.0000,-13.0000,,,,CHO,0.0000,-12.8771,0.0000,-12.8672,0.0000,0.0000,0.000,0.000,,0.0,,,,,,BAN,0,,0
8.6214,1790254678.497283,0.0201,0,,,0.000,,,0.0000,0.0000,0.0000,0.0000,0.0000,-13.0000,,,,CHO,0.0000,-12.8771,0.0000,-12.8672,0.0000,0.0000,0.000,0.000,,0.0,,,,,,BAN,0,,0
8.6414,1790254678.517297,0.0200,0,,,0.000,,,0.0000,0.0000,0.0000,0.0000,0.0000,-13.0000,,,,CHO,0.0000,-12.8771,0.0000,-12.8672,0.0000,0.0000,0.000,0.000,,0.0,,,,,,BAN,0,,0
8.6617,1790254678.537488,0.0203,0,,,0.000,,,0.0000,0.0000,0.0000,0.0000,0.0000,-13.0000,,,,CHO,0.0000,-12.8771,0.0000,-12.8672,0.0000,0.0000,0.000,0.000,,0.0,,,,,,BAN,0,,0
8.6823,1790254678.558103,0.0207,0,,,0.000,,,0.0000,0.0000,0.0000,0.0000,0.0000,-13.0000,,,,CHO,0.0000,-12.8771,0.0000,-12.8672,0.0000,0.0000,0.000,0.000,,0.0,,,,,,BAN,0,,0
8.7027,1790254678.578430,0.0204,0,,,0.000,,,0.0000,0.0000,0.0000,0.0000,0.0000,-13.0000,,,,CHO,0.0000,-12.8771,0.0000,-12.8672,0.0000,0.0000,0.000,0.000,,0.0,,,,,,BAN,0,,0
8.7232,1790254678.599122,0.0205,0,,,0.000,,,0.0000,0.0000,0.0000,0.0000,0.0000,-13.0000,,,,CHO,0.0000,-12.8771,0.0000,-12.8672,0.0000,0.0000,0.000,0.000,,0.0,,,,,,BAN,0,,0
8.7434,1790254678.619239,0.0202,0,,,0.000,,,0.0000,0.0000,0.0000,0.0000,0.0000,-13.0000,,,,CHO,0.0000,-12.8771,0.0000,-12.8672,0.0000,0.0000,0.000,0.000,,0.0,,,,,,BAN,0,,0
8.7636,1790254678.639539,0.0202,0,,,0.000,,,0.0000,0.0000,0.0000,0.0000,0.0000,-13.0000,,,,CHO,0.0000,-12.8771,0.0000,-12.8672,0.0000,0.0000,0.000,0.000,,0.0,,,,,,BAN,0,,0
8.7841,1790254678.660014,0.0205,0,,,0.000,,,0.0000,0.0000,0.0000,0.0000,0.0000,-13.0000,,,,CHO,0.0000,-12.8771,0.0000,-12.8672,0.0000,0.0000,0.000,0.000,,0.0,,,,,,BAN,0,,0
8.8044,1790254678.680228,0.0203,0,,,0.000,,,0.0000,0.0000,0.0000,0.0000,0.0000,-13.0000,,,,CHO,0.0000,-12.8771,0.0000,-12.8672,0.0000,0.0000,0.000,0.000,,0.0,,,,,,BAN,0,,0
8.8249,1790254678.700795,0.0205,0,,,0.000,,,0.0000,0.0000,0.0000,0.0000,0.0000,-13.0000,,,,CHO,0.0000,-12.8771,0.0000,-12.8672,0.0000,0.0000,0.000,0.000,,0.0,,,,,,BAN,0,,0
8.8455,1790254678.721323,0.0205,0,,,0.000,,,0.0000,0.0000,0.0000,0.0000,0.0000,-13.0000,,,,CHO,0.0000,-12.8771,0.0000,-12.8672,0.0000,0.0000,0.000,0.000,,0.0,,,,,,BAN,0,,0
8.8660,1790254678.741879,0.0205,0,,,0.000,,,0.0000,0.0000,0.0000,0.0000,0.0000,-13.0000,,,,CHO,0.0000,-12.8771,0.0000,-12.8672,0.0000,0.0000,0.000,0.000,,0.0,,,,,,BAN,0,,0
8.8861,1790254678.761856,0.0201,0,,,0.000,,,0.0000,0.0000,0.0000,0.0000,0.0000,-13.0000,,,,CHO,0.0000,-12.8771,0.0000,-12.8672,0.0000,0.0000,0.000,0.000,,0.0,,,,,,BAN,0,,0
8.9069,1790254678.782840,0.0208,0,,,0.000,,,0.0000,0.0000,0.0000,0.0000,0.0000,-13.0000,,,,CHO,0.0000,-12.8771,0.0000,-12.8672,0.0000,0.0000,0.000,0.000,,0.0,,,,,,BAN,0,,0
8.9275,1790254678.803339,0.0206,0,,,0.000,,,0.0000,0.0000,0.0000,0.0000,0.0000,-13.0000,,,,CHO,0.0000,-12.8771,0.0000,-12.8672,0.0000,0.0000,0.000,0.000,,0.0,,,,,,BAN,0,,0
8.9480,1790254678.823805,0.0205,0,,,0.000,,,0.0000,0.0000,0.0000,0.0000,0.0000,-13.0000,,,,CHO,0.0000,-12.8771,0.0000,-12.8672,0.0000,0.0000,0.000,0.000,,0.0,,,,,,BAN,0,,0
8.9685,1790254678.844285,0.0205,0,,,0.000,,,0.0000,0.0000,0.0000,0.0000,0.0000,-13.0000,,,,CHO,0.0000,-12.8771,0.0000,-12.8672,0.0000,0.0000,0.000,0.000,,0.0,,,,,,BAN,0,,0
8.9888,1790254678.864526,0.0203,0,,,0.000,,,0.0000,0.0000,0.0000,0.0000,0.0000,-13.0000,,,,CHO,0.0000,-12.8771,0.0000,-12.8672,0.0000,0.0000,0.000,0.000,,0.0,,,,,,BAN,0,,0
9.0096,1790254678.885554,0.0208,0,,,0.000,,,0.0000,0.0000,0.0000,0.0000,0.0000,-13.0000,,,,CHO,0.0000,-12.8771,0.0000,-12.8672,0.0000,0.0000,0.000,0.000,,0.0,,,,,,BAN,0,,0
9.0298,1790254678.905602,0.0202,0,,,0.000,,,0.0000,0.0000,0.0000,0.0000,0.0000,-13.0000,,,,CHO,0.0000,-12.8771,0.0000,-12.8672,0.0000,0.0000,0.000,0.000,,0.0,,,,,,BAN,0,,0
9.0501,1790254678.925902,0.0203,0,,,0.000,,,0.0000,0.0000,0.0000,0.0000,0.0000,-13.0000,,,,CHO,0.0000,-12.8771,0.0000,-12.8672,0.0000,0.0000,0.000,0.000,,0.0,,,,,,BAN,0,,0
9.0705,1790254678.946352,0.0205,0,,,0.000,,,0.0000,0.0000,0.0000,0.0000,0.0000,-13.0000,,,,CHO,0.0000,-12.8771,0.0000,-12.8672,0.0000,0.0000,0.000,0.000,,0.0,,,,,,BAN,0,,0
9.0909,1790254678.966771,0.0204,0,,,0.000,,,0.0000,0.0000,0.0000,0.0000,0.0000,-13.0000,,,,CHO,0.0000,-12.8771,0.0000,-12.8672,0.0000,0.0000,0.000,0.000,,0.0,,,,,,BAN,0,,0
9.1110,1790254678.986774,0.0201,0,,,0.000,,,0.0000,0.0000,0.0000,0.0000,0.0000,-13.0000,,,,CHO,0.0000,-12.8771,0.0000,-12.8672,0.0000,0.0000,0.000,0.000,,0.0,,,,,,BAN,0,,0
9.1313,1790254679.007057,0.0203,0,,,0.000,,,0.0000,0.0000,0.0000,0.0000,0.0000,-13.0000,,,,CHO,0.0000,-12.8771,0.0000,-12.8672,0.0000,0.0000,0.000,0.000,,0.0,,,,,,BAN,0,,0
9.1514,1790254679.027267,0.0202,0,,,0.000,,,0.0000,0.0000,0.0000,0.0000,0.0000,-13.0000,,,,CHO,0.0000,-12.8771,0.0000,-12.8672,0.0000,0.0000,0.000,0.000,,0.0,,,,,,BAN,0,,0
9.1717,1790254679.047462,0.0202,0,,,0.000,,,0.0000,0.0000,0.0000,0.0000,0.0000,-13.0000,,,,CHO,0.0000,-12.8771,0.0000,-12.8672,0.0000,0.0000,0.000,0.000,,0.0,,,,,,BAN,0,,0
9.1920,1790254679.067852,0.0203,0,,,0.000,,,0.0000,0.0000,0.0000,0.0000,0.0000,-13.0000,,,,CHO,0.0000,-12.8771,0.0000,-12.8672,0.0000,0.0000,0.000,0.000,,0.0,,,,,,BAN,0,,0
9.2126,1790254679.088451,0.0206,0,,,0.000,,,0.0000,0.0000,0.0000,0.0000,0.0000,-13.0000,,,,CHO,0.0000,-12.8771,0.0000,-12.8672,0.0000,0.0000,0.000,0.000,,0.0,,,,,,BAN,0,,0
9.2327,1790254679.108421,0.0201,0,,,0.000,,,0.0000,0.0000,0.0000,0.0000,0.0000,-13.0000,,,,CHO,0.0000,-12.8771,0.0000,-12.8672,0.0000,0.0000,0.000,0.000,,0.0,,,,,,BAN,0,,0
9.2533,1790254679.129105,0.0207,0,,,0.000,,,0.0000,0.0000,0.0000,0.0000,0.0000,-13.0000,,,,CHO,0.0000,-12.8771,0.0000,-12.8672,0.0000,0.0000,0.000,0.000,,0.0,,,,,,BAN,0,,0
9.2735,1790254679.149328,0.0202,0,,,0.000,,,0.0000,0.0000,0.0000,0.0000,0.0000,-13.0000,,,,CHO,0.0000,-12.8771,0.0000,-12.8672,0.0000,0.0000,0.000,0.000,,0.0,,,,,,BAN,0,,0
9.2938,1790254679.169539,0.0203,0,,,0.000,,,0.0000,0.0000,0.0000,0.0000,0.0000,-13.0000,,,,CHO,0.0000,-12.8771,0.0000,-12.8672,0.0000,0.0000,0.000,0.000,,0.0,,,,,,BAN,0,,0
9.3145,1790254679.190310,0.0207,0,,,0.000,,,0.0000,0.0000,0.0000,0.0000,0.0000,-13.0000,,,,CHO,0.0000,-12.8771,0.0000,-12.8672,0.0000,0.0000,0.000,0.000,,0.0,,,,,,BAN,0,,0
9.3350,1790254679.210968,0.0205,0,,,0.000,,,0.0000,0.0000,0.0000,0.0000,0.0000,-13.0000,,,,CHO,0.0000,-12.8771,0.0000,-12.8672,0.0000,0.0000,0.000,0.000,,0.0,,,,,,BAN,0,,0
9.3554,1790254679.231294,0.0203,0,,,0.000,,,0.0000,0.0000,0.0000,0.0000,0.0000,-13.0000,,,,CHO,0.0000,-12.8771,0.0000,-12.8672,0.0000,0.0000,0.000,0.000,,0.0,,,,,,BAN,0,,0
9.3754,1790254679.251190,0.0200,0,,,0.000,,,0.0000,0.0000,0.0000,0.0000,0.0000,-13.0000,,,,CHO,0.0000,-12.8771,0.0000,-12.8672,0.0000,0.0000,0.000,0.000,,0.0,,,,,,BAN,0,,0
9.3958,1790254679.271666,0.0204,0,,,0.000,,,0.0000,0.0000,0.0000,0.0000,0.0000,-13.0000,,,,CHO,0.0000,-12.8771,0.0000,-12.8672,0.0000,0.0000,0.000,0.000,,0.0,,,,,,BAN,0,,0
9.4158,1790254679.291586,0.0200,0,,,0.000,,,0.0000,0.0000,0.0000,0.0000,0.0000,-13.0000,,,,CHO,0.0000,-12.8771,0.0000,-12.8672,0.0000,0.0000,0.000,0.000,,0.0,,,,,,BAN,0,,0
9.4360,1790254679.311805,0.0202,0,,,0.000,,,0.0000,0.0000,0.0000,0.0000,0.0000,-13.0000,,,,CHO,0.0000,-12.8771,0.0000,-12.8672,0.0000,0.0000,0.000,0.000,,0.0,,,,,,BAN,0,,0
9.4566,1790254679.332385,0.0206,0,,,0.000,,,0.0000,0.0000,0.0000,0.0000,0.0000,-13.0000,,,,CHO,0.0000,-12.8771,0.0000,-12.8672,0.0000,0.0000,0.000,0.000,,0.0,,,,,,BAN,0,,0
9.4773,1790254679.353234,0.0207,0,,,0.000,,,0.0000,0.0000,0.0000,0.0000,0.0000,-13.0000,,,,CHO,0.0000,-12.8771,0.0000,-12.8672,0.0000,0.0000,0.000,0.000,,0.0,,,,,,BAN,0,,0
9.4980,1790254679.373935,0.0207,0,,,0.000,,,0.0000,0.0000,0.0000,0.0000,0.0000,-13.0000,,,,CHO,0.0000,-12.8771,0.0000,-12.8672,0.0000,0.0000,0.000,0.000,,0.0,,,,,,BAN,0,,0
9.5186,1790254679.394445,0.0206,0,,,0.000,,,0.0000,0.0000,0.0000,0.0000,0.0000,-13.0000,,,,CHO,0.0000,-12.8771,0.0000,-12.8672,0.0000,0.0000,0.000,0.000,,0.0,,,,,,BAN,0,,0
9.5388,1790254679.414770,0.0202,0,,,0.000,,,0.0000,0.0000,0.0000,0.0000,0.0000,-13.0000,,,,CHO,0.0000,-12.8771,0.0000,-12.8672,0.0000,0.0000,0.000,0.000,,0.0,,,,,,BAN,0,,0
9.5592,1790254679.435004,0.0203,0,,,0.000,,,0.0000,0.0000,0.0000,0.0000,0.0000,-13.0000,,,,CHO,0.0000,-12.8771,0.0000,-12.8672,0.0000,0.0000,0.000,0.000,,0.0,,,,,,BAN,0,,0
9.5794,1790254679.455199,0.0203,0,,,0.000,,,0.0000,0.0000,0.0000,0.0000,0.0000,-13.0000,,,,CHO,0.0000,-12.8771,0.0000,-12.8672,0.0000,0.0000,0.000,0.000,,0.0,,,,,,BAN,0,,0
9.6004,1790254679.476153,0.0209,0,,,0.000,,,0.0000,0.0000,0.0000,0.0000,0.0000,-13.0000,,,,CHO,0.0000,-12.8771,0.0000,-12.8672,0.0000,0.0000,0.000,0.000,,0.0,,,,,,BAN,0,,0
9.6207,1790254679.496497,0.0203,0,,,0.000,,,0.0000,0.0000,0.0000,0.0000,0.0000,-13.0000,,,,CHO,0.0000,-12.8771,0.0000,-12.8672,0.0000,0.0000,0.000,0.000,,0.0,,,,,,BAN,0,,0
9.6411,1790254679.516906,0.0204,0,,,0.000,,,0.0000,0.0000,0.0000,0.0000,0.0000,-13.0000,,,,CHO,0.0000,-12.8771,0.0000,-12.8672,0.0000,0.0000,0.000,0.000,,0.0,,,,,,BAN,0,,0
9.6616,1790254679.537351,0.0205,0,,,0.000,,,0.0000,0.0000,0.0000,0.0000,0.0000,-13.0000,,,,CHO,0.0000,-12.8771,0.0000,-12.8672,0.0000,0.0000,0.000,0.000,,0.0,,,,,,BAN,0,,0
9.6817,1790254679.557525,0.0201,0,,,0.000,,,0.0000,0.0000,0.0000,0.0000,0.0000,-13.0000,,,,CHO,0.0000,-12.8771,0.0000,-12.8672,0.0000,0.0000,0.000,0.000,,0.0,,,,,,BAN,0,,0
9.7022,1790254679.578084,0.0205,0,,,0.000,,,0.0000,0.0000,0.0000,0.0000,0.0000,-13.0000,,,,CHO,0.0000,-12.8771,0.0000,-12.8672,0.0000,0.0000,0.000,0.000,,0.0,,,,,,BAN,0,,0
9.7229,1790254679.598683,0.0207,0,,,0.000,,,0.0000,0.0000,0.0000,0.0000,0.0000,-13.0000,,,,CHO,0.0000,-12.8771,0.0000,-12.8672,0.0000,0.0000,0.000,0.000,,0.0,,,,,,BAN,0,,0
9.7429,1790254679.618747,0.0201,0,,,0.000,,,0.0000,0.0000,0.0000,0.0000,0.0000,-13.0000,,,,CHO,0.0000,-12.8771,0.0000,-12.8672,0.0000,0.0000,0.000,0.000,,0.0,,,,,,BAN,0,,0
9.7630,1790254679.638790,0.0201,0,,,0.000,,,0.0000,0.0000,0.0000,0.0000,0.0000,-13.0000,,,,CHO,0.0000,-12.8771,0.0000,-12.8672,0.0000,0.0000,0.000,0.000,,0.0,,,,,,BAN,0,,0
9.7835,1790254679.659287,0.0205,0,,,0.000,,,0.0000,0.0000,0.0000,0.0000,0.0000,-13.0000,,,,CHO,0.0000,-12.8771,0.0000,-12.8672,0.0000,0.0000,0.000,0.000,,0.0,,,,,,BAN,0,,0
9.8036,1790254679.679523,0.0201,0,,,0.000,,,0.0000,0.0000,0.0000,0.0000,0.0000,-13.0000,,,,CHO,0.0000,-12.8771,0.0000,-12.8672,0.0000,0.0000,0.000,0.000,,0.0,,,,,,BAN,0,,0
9.8245,1790254679.700476,0.0209,0,,,0.000,,,0.0000,0.0000,0.0000,0.0000,0.0000,-13.0000,,,,CHO,0.0000,-12.8771,0.0000,-12.8672,0.0000,0.0000,0.000,0.000,,0.0,,,,,,BAN,1,goc=-30;cu_ly=25;lan=1,1
9.8446,1790254679.720574,0.0201,0,,,0.000,,,0.0000,0.0000,0.0000,0.0000,0.0000,-13.0000,,,,CHO,0.0000,-12.8771,0.0000,-12.8672,0.0000,0.0000,0.000,0.000,,0.0,,,,,,BAN,1,goc=-30;cu_ly=25;lan=1,1
9.8647,1790254679.740496,0.0201,0,,,0.000,,,0.0000,0.0000,0.0000,0.0000,0.0000,-13.0000,,,,CHO,0.0000,-12.8771,0.0000,-12.8672,0.0000,0.0000,0.000,0.000,,0.0,,,,,,BAN,1,goc=-30;cu_ly=25;lan=1,1
9.8850,1790254679.760955,0.0203,0,,,0.000,,,0.0000,0.0000,0.0000,0.0000,0.0000,-13.0000,,,,CHO,0.0000,-12.8771,0.0000,-12.8672,0.0000,0.0000,0.000,0.000,,0.0,,,,,,BAN,1,goc=-30;cu_ly=25;lan=1,1
9.9054,1790254679.781265,0.0203,0,,,0.000,,,0.0000,0.0000,0.0000,0.0000,0.0000,-13.0000,,,,CHO,0.0000,-12.8771,0.0000,-12.8672,0.0000,0.0000,0.000,0.000,,0.0,,,,,,BAN,1,goc=-30;cu_ly=25;lan=1,1
9.9260,1790254679.801802,0.0206,0,,,0.000,,,0.0000,0.0000,0.0000,0.0000,0.0000,-13.0000,,,,CHO,0.0000,-12.8771,0.0000,-12.8672,0.0000,0.0000,0.000,0.000,,0.0,,,,,,BAN,1,goc=-30;cu_ly=25;lan=1,1
9.9464,1790254679.822206,0.0205,0,,,0.000,,,0.0000,0.0000,0.0000,0.0000,0.0000,-13.0000,,,,CHO,0.0000,-12.8771,0.0000,-12.8672,0.0000,0.0000,0.000,0.000,,0.0,,,,,,BAN,1,goc=-30;cu_ly=25;lan=1,1
9.9667,1790254679.842568,0.0202,0,,,0.000,,,0.0000,0.0000,0.0000,0.0000,0.0000,-13.0000,,,,CHO,0.0000,-12.8771,0.0000,-12.8672,0.0000,0.0000,0.000,0.000,,0.0,,,,,,BAN,1,goc=-30;cu_ly=25;lan=1,1
9.9869,1790254679.862638,0.0202,0,,,0.000,,,0.0000,0.0000,0.0000,0.0000,0.0000,-13.0000,,,,CHO,0.0000,-12.8771,0.0000,-12.8672,0.0000,0.0000,0.000,0.000,,0.0,,,,,,BAN,1,goc=-30;cu_ly=25;lan=1,1
10.0073,1790254679.883105,0.0205,0,,,0.000,,,0.0000,0.0000,0.0000,0.0000,0.0000,-13.0000,,,,CHO,0.0000,-12.8771,0.0000,-12.8672,0.0000,0.0000,0.000,0.000,,0.0,,,,,,BAN,1,goc=-30;cu_ly=25;lan=1,1
10.0277,1790254679.903601,0.0204,0,,,0.000,,,0.0000,0.0000,0.0000,0.0000,0.0000,-13.0000,,,,CHO,0.0000,-12.8771,0.0000,-12.8672,0.0000,0.0000,0.000,0.000,,0.0,,,,,,BAN,1,goc=-30;cu_ly=25;lan=1,1
10.0479,1790254679.923860,0.0202,0,,,0.000,,,0.0000,0.0000,0.0000,0.0000,0.0000,-13.0000,,,,CHO,0.0000,-12.8771,0.0000,-12.8672,0.0000,0.0000,0.000,0.000,,0.0,,,,,,BAN,1,goc=-30;cu_ly=25;lan=1,1
10.0680,1790254679.943810,0.0201,0,,,0.000,,,0.0000,0.0000,0.0000,0.0000,0.0000,-13.0000,,,,CHO,0.0000,-12.8771,0.0000,-12.8672,0.0000,0.0000,0.000,0.000,,0.0,,,,,,BAN,1,goc=-30;cu_ly=25;lan=1,1
10.0884,1790254679.964250,0.0204,0,,,0.000,,,0.0000,0.0000,0.0000,0.0000,0.0000,-13.0000,,,,CHO,0.0000,-12.8771,0.0000,-12.8672,0.0000,0.0000,0.000,0.000,,0.0,,,,,,BAN,1,goc=-30;cu_ly=25;lan=1,1
10.1085,1790254679.984463,0.0202,0,,,0.000,,,0.0000,0.0000,0.0000,0.0000,0.0000,-13.0000,,,,CHO,0.0000,-12.8771,0.0000,-12.8672,0.0000,0.0000,0.000,0.000,,0.0,,,,,,BAN,1,goc=-30;cu_ly=25;lan=1,1
10.1289,1790254680.004502,0.0204,0,,,0.000,,,0.0000,0.0000,0.0000,0.0000,0.0000,-13.0000,,,,CHO,0.0000,-12.8771,0.0000,-12.8672,0.0000,0.0000,0.000,0.000,,0.0,,,,,,BAN,1,goc=-30;cu_ly=25;lan=1,1
10.1492,1790254680.024933,0.0202,0,,,0.000,,,0.0000,0.0000,0.0000,0.0000,0.0000,-13.0000,,,,CHO,0.0000,-12.8771,0.0000,-12.8672,0.0000,0.0000,0.000,0.000,,0.0,,,,,,BAN,1,goc=-30;cu_ly=25;lan=1,1
10.1693,1790254680.045114,0.0201,0,,,0.000,,,0.0000,0.0000,0.0000,0.0000,0.0000,-13.0000,,,,CHO,0.0000,-12.8771,0.0000,-12.8672,0.0000,0.0000,0.000,0.000,,0.0,,,,,,BAN,1,goc=-30;cu_ly=25;lan=1,1
10.1899,1790254680.065682,0.0206,0,,,0.000,,,0.0000,0.0000,0.0000,0.0000,0.0000,-13.0000,,,,CHO,0.0000,-12.8771,0.0000,-12.8672,0.0000,0.0000,0.000,0.000,,0.0,,,,,,BAN,1,goc=-30;cu_ly=25;lan=1,1
10.2106,1790254680.086456,0.0207,0,,,0.000,,,0.0000,0.0000,0.0000,0.0000,0.0000,-13.0000,,,,CHO,0.0000,-12.8771,0.0000,-12.8672,0.0000,0.0000,0.000,0.000,,0.0,,,,,,BAN,1,goc=-30;cu_ly=25;lan=1,1
10.2309,1790254680.106881,0.0203,0,,,0.000,,,0.0000,0.0000,0.0000,0.0000,0.0000,-13.0000,,,,CHO,0.0000,-12.8771,0.0000,-12.8672,0.0000,0.0000,0.000,0.000,,0.0,,,,,,BAN,1,goc=-30;cu_ly=25;lan=1,1
10.2514,1790254680.127202,0.0204,0,,,0.000,,,0.0000,0.0000,0.0000,0.0000,0.0000,-13.0000,,,,CHO,0.0000,-12.8771,0.0000,-12.8672,0.0000,0.0000,0.000,0.000,,0.0,,,,,,BAN,1,goc=-30;cu_ly=25;lan=1,1
10.2719,1790254680.147617,0.0205,0,,,0.000,,,0.0000,0.0000,0.0000,0.0000,0.0000,-13.0000,,,,CHO,0.0000,-12.8771,0.0000,-12.8672,0.0000,0.0000,0.000,0.000,,0.0,,,,,,BAN,1,goc=-30;cu_ly=25;lan=1,1
10.2919,1790254680.167645,0.0200,0,,,0.000,,,0.0000,0.0000,0.0000,0.0000,0.0000,-13.0000,,,,CHO,0.0000,-12.8771,0.0000,-12.8672,0.0000,0.0000,0.000,0.000,,0.0,,,,,,BAN,1,goc=-30;cu_ly=25;lan=1,1
10.3120,1790254680.187931,0.0201,0,,,0.000,,,0.0000,0.0000,0.0000,0.0000,0.0000,-13.0000,,,,CHO,0.0000,-12.8771,0.0000,-12.8672,0.0000,0.0000,0.000,0.000,,0.0,,,,,,BAN,1,goc=-30;cu_ly=25;lan=1,1
10.3320,1790254680.207860,0.0200,0,,,0.000,,,0.0000,0.0000,0.0000,0.0000,0.0000,-13.0000,,,,CHO,0.0000,-12.8771,0.0000,-12.8672,0.0000,0.0000,0.000,0.000,,0.0,,,,,,BAN,1,goc=-30;cu_ly=25;lan=1,1
10.3522,1790254680.228094,0.0202,0,,,0.000,,,0.0000,0.0000,0.0000,0.0000,0.0000,-13.0000,,,,CHO,0.0000,-12.8771,0.0000,-12.8672,0.0000,0.0000,0.000,0.000,,0.0,,,,,,BAN,1,goc=-30;cu_ly=25;lan=1,1
10.3726,1790254680.248534,0.0204,0,,,0.000,,,0.0000,0.0000,0.0000,0.0000,0.0000,-13.0000,,,,CHO,0.0000,-12.8771,0.0000,-12.8672,0.0000,0.0000,0.000,0.000,,0.0,,,,,,BAN,1,goc=-30;cu_ly=25;lan=1,1
10.3926,1790254680.268374,0.0200,0,,,0.000,,,0.0000,0.0000,0.0000,0.0000,0.0000,-13.0000,,,,CHO,0.0000,-12.8771,0.0000,-12.8672,0.0000,0.0000,0.000,0.000,,0.0,,,,,,BAN,1,goc=-30;cu_ly=25;lan=1,1
10.4129,1790254680.288735,0.0203,0,,,0.000,,,0.0000,0.0000,0.0000,0.0000,0.0000,-13.0000,,,,CHO,0.0000,-12.8771,0.0000,-12.8672,0.0000,0.0000,0.000,0.000,,0.0,,,,,,BAN,1,goc=-30;cu_ly=25;lan=1,1
10.4335,1790254680.309464,0.0206,0,,,0.000,,,0.0000,0.0000,0.0000,0.0000,0.0000,-13.0000,,,,CHO,0.0000,-12.8771,0.0000,-12.8672,0.0000,0.0000,0.000,0.000,,0.0,,,,,,BAN,1,goc=-30;cu_ly=25;lan=1,1
10.4539,1790254680.329778,0.0203,0,,,0.000,,,0.0000,0.0000,0.0000,0.0000,0.0000,-13.0000,,,,CHO,0.0000,-12.8771,0.0000,-12.8672,0.0000,0.0000,0.000,0.000,,0.0,,,,,,BAN,1,goc=-30;cu_ly=25;lan=1,1
10.4751,1790254680.350991,0.0212,0,,,0.000,,,0.0000,0.0000,0.0000,0.0000,0.0000,-13.0000,,,,CHO,0.0000,-12.8771,0.0000,-12.8672,0.0000,0.0000,0.000,0.000,,0.0,,,,,,BAN,1,goc=-30;cu_ly=25;lan=1,1
10.4957,1790254680.371540,0.0206,0,,,0.000,,,0.0000,0.0000,0.0000,0.0000,0.0000,-13.0000,,,,CHO,0.0000,-12.8771,0.0000,-12.8672,0.0000,0.0000,0.000,0.000,,0.0,,,,,,BAN,1,goc=-30;cu_ly=25;lan=1,1
10.5161,1790254680.391975,0.0204,0,,,0.000,,,0.0000,0.0000,0.0000,0.0000,0.0000,-13.0000,,,,CHO,0.0000,-12.8771,0.0000,-12.8672,0.0000,0.0000,0.000,0.000,,0.0,,,,,,BAN,1,goc=-30;cu_ly=25;lan=1,1
10.5363,1790254680.412066,0.0201,0,,,0.000,,,0.0000,0.0000,0.0000,0.0000,0.0000,-13.0000,,,,CHO,0.0000,-12.8771,0.0000,-12.8672,0.0000,0.0000,0.000,0.000,,0.0,,,,,,BAN,1,goc=-30;cu_ly=25;lan=1,1
10.5565,1790254680.432395,0.0202,0,,,0.000,,,0.0000,0.0000,0.0000,0.0000,0.0000,-13.0000,,,,CHO,0.0000,-12.8771,0.0000,-12.8672,0.0000,0.0000,0.000,0.000,,0.0,,,,,,BAN,1,goc=-30;cu_ly=25;lan=1,1
10.5765,1790254680.452387,0.0200,0,,,0.000,,,0.0000,0.0000,0.0000,0.0000,0.0000,-13.0000,,,,CHO,0.0000,-12.8771,0.0000,-12.8672,0.0000,0.0000,0.000,0.000,,0.0,,,,,,BAN,1,goc=-30;cu_ly=25;lan=1,1
10.5971,1790254680.473022,0.0206,0,,,0.000,,,0.0000,0.0000,0.0000,0.0000,0.0000,-13.0000,,,,CHO,0.0000,-12.8771,0.0000,-12.8672,0.0000,0.0000,0.000,0.000,,0.0,,,,,,BAN,1,goc=-30;cu_ly=25;lan=1,1
10.6175,1790254680.493322,0.0204,0,,,0.000,,,0.0000,0.0000,0.0000,0.0000,0.0000,-13.0000,,,,CHO,0.0000,-12.8771,0.0000,-12.8672,0.0000,0.0000,0.000,0.000,,0.0,,,,,,BAN,1,goc=-30;cu_ly=25;lan=1,1
10.6379,1790254680.513868,0.0205,0,,,0.000,,,0.0000,0.0000,0.0000,0.0000,0.0000,-13.0000,,,,CHO,0.0000,-12.8771,0.0000,-12.8672,0.0000,0.0000,0.000,0.000,,0.0,,,,,,BAN,1,goc=-30;cu_ly=25;lan=1,1
10.6586,1790254680.534390,0.0207,0,,,0.000,,,0.0000,0.0000,0.0000,0.0000,0.0000,-13.0000,,,,CHO,0.0000,-12.8771,0.0000,-12.8672,0.0000,0.0000,0.000,0.000,,0.0,,,,,,BAN,1,goc=-30;cu_ly=25;lan=1,1
10.6792,1790254680.554924,0.0206,0,,,0.000,,,0.0000,0.0000,0.0000,0.0000,0.0000,-13.0000,,,,CHO,0.0000,-12.8771,0.0000,-12.8672,0.0000,0.0000,0.000,0.000,,0.0,,,,,,BAN,1,goc=-30;cu_ly=25;lan=1,1
10.6996,1790254680.575407,0.0205,0,,,0.000,,,0.0000,0.0000,0.0000,0.0000,0.0000,-13.0000,,,,CHO,0.0000,-12.8771,0.0000,-12.8672,0.0000,0.0000,0.000,0.000,,0.0,,,,,,BAN,1,goc=-30;cu_ly=25;lan=1,1
10.7196,1790254680.595448,0.0200,0,,,0.000,,,0.0000,0.0000,0.0000,0.0000,0.0000,-13.0000,,,,CHO,0.0000,-12.8771,0.0000,-12.8672,0.0000,0.0000,0.000,0.000,,0.0,,,,,,BAN,1,goc=-30;cu_ly=25;lan=1,1
10.7404,1790254680.616303,0.0208,0,,,0.000,,,0.0000,0.0000,0.0000,0.0000,0.0000,-13.0000,,,,CHO,0.0000,-12.8771,0.0000,-12.8672,0.0000,0.0000,0.000,0.000,,0.0,,,,,,BAN,1,goc=-30;cu_ly=25;lan=1,1
10.7612,1790254680.637078,0.0207,0,,,0.000,,,0.0000,0.0000,0.0000,0.0000,0.0000,-13.0000,,,,CHO,0.0000,-12.8771,0.0000,-12.8672,0.0000,0.0000,0.000,0.000,,0.0,,,,,,BAN,1,goc=-30;cu_ly=25;lan=1,1
10.7814,1790254680.657308,0.0202,0,,,0.000,,,0.0000,0.0000,0.0000,0.0000,0.0000,-13.0000,,,,CHO,0.0000,-12.8771,0.0000,-12.8672,0.0000,0.0000,0.000,0.000,,0.0,,,,,,BAN,1,goc=-30;cu_ly=25;lan=1,1
10.8015,1790254680.677479,0.0201,0,,,0.000,,,0.0000,0.0000,0.0000,0.0000,0.0000,-13.0000,,,,CHO,0.0000,-12.8771,0.0000,-12.8672,0.0000,0.0000,0.000,0.000,,0.0,,,,,,BAN,1,goc=-30;cu_ly=25;lan=1,1
10.8222,1790254680.697958,0.0207,0,,,0.000,,,0.0000,0.0000,0.0000,0.0000,0.0000,-13.0000,,,,CHO,0.0000,-12.8771,0.0000,-12.8672,0.0000,0.0000,0.000,0.000,,0.0,,,,,,BAN,1,goc=-30;cu_ly=25;lan=1,1
10.8429,1790254680.718846,0.0207,0,,,0.000,,,0.0000,0.0000,0.0000,0.0000,0.0000,-13.0000,,,,CHO,0.0000,-12.8771,0.0000,-12.8672,0.0000,0.0000,0.000,0.000,,0.0,,,,,,BAN,1,goc=-30;cu_ly=25;lan=1,1
10.8630,1790254680.738783,0.0201,0,,,0.000,,,0.0000,0.0000,0.0000,0.0000,0.0000,-13.0000,,,,CHO,0.0000,-12.8771,0.0000,-12.8672,0.0000,0.0000,0.000,0.000,,0.0,,,,,,BAN,1,goc=-30;cu_ly=25;lan=1,1
10.8832,1790254680.758948,0.0202,0,,,0.000,,,0.0000,0.0000,0.0000,0.0000,0.0000,-13.0000,,,,CHO,0.0000,-12.8771,0.0000,-12.8672,0.0000,0.0000,0.000,0.000,,0.0,,,,,,BAN,1,goc=-30;cu_ly=25;lan=1,1
10.9036,1790254680.779466,0.0205,0,,,0.000,,,0.0000,0.0000,0.0000,0.0000,0.0000,-13.0000,,,,CHO,0.0000,-12.8771,0.0000,-12.8672,0.0000,0.0000,0.000,0.000,,0.0,,,,,,BAN,1,goc=-30;cu_ly=25;lan=1,1
10.9237,1790254680.799585,0.0201,0,,,0.000,,,0.0000,0.0000,0.0000,0.0000,0.0000,-13.0000,,,,CHO,0.0000,-12.8771,0.0000,-12.8672,0.0000,0.0000,0.000,0.000,,0.0,,,,,,BAN,1,goc=-30;cu_ly=25;lan=1,1
10.9437,1790254680.819465,0.0200,0,,,0.000,,,0.0000,0.0000,0.0000,0.0000,0.0000,-13.0000,,,,CHO,0.0000,-12.8771,0.0000,-12.8672,0.0000,0.0000,0.000,0.000,,0.0,,,,,,BAN,1,goc=-30;cu_ly=25;lan=1,1
10.9643,1790254680.840279,0.0206,0,,,0.000,,,0.0000,0.0000,0.0000,0.0000,0.0000,-13.0000,,,,CHO,0.0000,-12.8771,0.0000,-12.8672,0.0000,0.0000,0.000,0.000,,0.0,,,,,,BAN,1,goc=-30;cu_ly=25;lan=1,1
10.9844,1790254680.860185,0.0200,0,,,0.000,,,0.0000,0.0000,0.0000,0.0000,0.0000,-13.0000,,,,CHO,0.0000,-12.8771,0.0000,-12.8672,0.0000,0.0000,0.000,0.000,,0.0,,,,,,BAN,1,goc=-30;cu_ly=25;lan=1,1
11.0044,1790254680.880260,0.0200,0,,,0.000,,,0.0000,0.0000,0.0000,0.0000,0.0000,-13.0000,,,,CHO,0.0000,-12.8771,0.0000,-12.8672,0.0000,0.0000,0.000,0.000,,0.0,,,,,,BAN,1,goc=-30;cu_ly=25;lan=1,1
11.0247,1790254680.900563,0.0203,0,,,0.000,,,0.0000,0.0000,0.0000,0.0000,0.0000,-13.0000,,,,CHO,0.0000,-12.8771,0.0000,-12.8672,0.0000,0.0000,0.000,0.000,,0.0,,,,,,BAN,1,goc=-30;cu_ly=25;lan=1,1
11.0453,1790254680.921134,0.0206,0,,,0.000,,,0.0000,0.0000,0.0000,0.0000,0.0000,-13.0000,,,,CHO,0.0000,-12.8771,0.0000,-12.8672,0.0000,0.0000,0.000,0.000,,0.0,,,,,,BAN,1,goc=-30;cu_ly=25;lan=1,1
11.0659,1790254680.941605,0.0206,0,,,0.000,,,0.0000,0.0000,0.0000,0.0000,0.0000,-13.0000,,,,CHO,0.0000,-12.8771,0.0000,-12.8672,0.0000,0.0000,0.000,0.000,,0.0,,,,,,BAN,1,goc=-30;cu_ly=25;lan=1,1
11.0860,1790254680.961793,0.0201,0,,,0.000,,,0.0000,0.0000,0.0000,0.0000,0.0000,-13.0000,,,,CHO,0.0000,-12.8771,0.0000,-12.8672,0.0000,0.0000,0.000,0.000,,0.0,,,,,,BAN,1,goc=-30;cu_ly=25;lan=1,1
11.1060,1790254680.981900,0.0200,0,,,0.000,,,0.0000,0.0000,0.0000,0.0000,0.0000,-13.0000,,,,CHO,0.0000,-12.8771,0.0000,-12.8672,0.0000,0.0000,0.000,0.000,,0.0,,,,,,BAN,1,goc=-30;cu_ly=25;lan=1,1
11.1263,1790254681.002129,0.0203,0,,,0.000,,,0.0000,0.0000,0.0000,0.0000,0.0000,-13.0000,,,,CHO,0.0000,-12.8771,0.0000,-12.8672,0.0000,0.0000,0.000,0.000,,0.0,,,,,,BAN,1,goc=-30;cu_ly=25;lan=1,1
11.1463,1790254681.022211,0.0200,0,,,0.000,,,0.0000,0.0000,0.0000,0.0000,0.0000,-13.0000,,,,CHO,0.0000,-12.8771,0.0000,-12.8672,0.0000,0.0000,0.000,0.000,,0.0,,,,,,BAN,1,goc=-30;cu_ly=25;lan=1,1
11.1668,1790254681.042698,0.0205,0,,,0.000,,,0.0000,0.0000,0.0000,0.0000,0.0000,-13.0000,,,,CHO,0.0000,-12.8771,0.0000,-12.8672,0.0000,0.0000,0.000,0.000,,0.0,,,,,,BAN,1,goc=-30;cu_ly=25;lan=1,1
11.1869,1790254681.062778,0.0201,0,,,0.000,,,0.0000,0.0000,0.0000,0.0000,0.0000,-13.0000,,,,CHO,0.0000,-12.8771,0.0000,-12.8672,0.0000,0.0000,0.000,0.000,,0.0,,,,,,BAN,1,goc=-30;cu_ly=25;lan=1,1
11.2075,1790254681.083302,0.0206,0,,,0.000,,,0.0000,0.0000,0.0000,0.0000,0.0000,-13.0000,,,,CHO,0.0000,-12.8771,0.0000,-12.8672,0.0000,0.0000,0.000,0.000,,0.0,,,,,,BAN,1,goc=-30;cu_ly=25;lan=1,1
11.2276,1790254681.103508,0.0201,0,,,0.000,,,0.0000,0.0000,0.0000,0.0000,0.0000,-13.0000,,,,CHO,0.0000,-12.8771,0.0000,-12.8672,0.0000,0.0000,0.000,0.000,,0.0,,,,,,BAN,1,goc=-30;cu_ly=25;lan=1,1
11.2478,1790254681.123591,0.0202,0,,,0.000,,,0.0000,0.0000,0.0000,0.0000,0.0000,-13.0000,,,,CHO,0.0000,-12.8771,0.0000,-12.8672,0.0000,0.0000,0.000,0.000,,0.0,,,,,,BAN,1,goc=-30;cu_ly=25;lan=1,1
11.2682,1790254681.144115,0.0205,0,,,0.000,,,0.0000,0.0000,0.0000,0.0000,0.0000,-13.0000,,,,CHO,0.0000,-12.8771,0.0000,-12.8672,0.0000,0.0000,0.000,0.000,,0.0,,,,,,BAN,1,goc=-30;cu_ly=25;lan=1,1
11.2884,1790254681.164303,0.0201,0,,,0.000,,,0.0000,0.0000,0.0000,0.0000,0.0000,-13.0000,,,,CHO,0.0000,-12.8771,0.0000,-12.8672,0.0000,0.0000,0.000,0.000,,0.0,,,,,,BAN,1,goc=-30;cu_ly=25;lan=1,1
11.3087,1790254681.184470,0.0203,0,,,0.000,,,0.0000,0.0000,0.0000,0.0000,0.0000,-13.0000,,,,CHO,0.0000,-12.8771,0.0000,-12.8672,0.0000,0.0000,0.000,0.000,,0.0,,,,,,BAN,1,goc=-30;cu_ly=25;lan=1,1
11.3293,1790254681.205052,0.0206,0,,,0.000,,,0.0000,0.0000,0.0000,0.0000,0.0000,-13.0000,,,,CHO,0.0000,-12.8771,0.0000,-12.8672,0.0000,0.0000,0.000,0.000,,0.0,,,,,,BAN,1,goc=-30;cu_ly=25;lan=1,1
11.3495,1790254681.225305,0.0202,0,,,0.000,,,0.0000,0.0000,0.0000,0.0000,0.0000,-13.0000,,,,CHO,0.0000,-12.8771,0.0000,-12.8672,0.0000,0.0000,0.000,0.000,,0.0,,,,,,BAN,1,goc=-30;cu_ly=25;lan=1,1
11.3700,1790254681.245880,0.0204,0,,,0.000,,,0.0000,0.0000,0.0000,0.0000,0.0000,-13.0000,,,,CHO,0.0000,-12.8771,0.0000,-12.8672,0.0000,0.0000,0.000,0.000,,0.0,,,,,,BAN,1,goc=-30;cu_ly=25;lan=1,1
11.3902,1790254681.265985,0.0203,0,,,0.000,,,0.0000,0.0000,0.0000,0.0000,0.0000,-13.0000,,,,CHO,0.0000,-12.8771,0.0000,-12.8672,0.0000,0.0000,0.000,0.000,,0.0,,,,,,BAN,1,goc=-30;cu_ly=25;lan=1,1
11.4106,1790254681.286407,0.0204,0,,,0.000,,,0.0000,0.0000,0.0000,0.0000,0.0000,-13.0000,,,,CHO,0.0000,-12.8771,0.0000,-12.8672,0.0000,0.0000,0.000,0.000,,0.0,,,,,,BAN,1,goc=-30;cu_ly=25;lan=1,1
11.4312,1790254681.306931,0.0205,0,,,0.000,,,0.0000,0.0000,0.0000,0.0000,0.0000,-13.0000,,,,CHO,0.0000,-12.8771,0.0000,-12.8672,0.0000,0.0000,0.000,0.000,,0.0,,,,,,BAN,1,goc=-30;cu_ly=25;lan=1,1
11.4516,1790254681.327363,0.0204,0,,,0.000,,,0.0000,0.0000,0.0000,0.0000,0.0000,-13.0000,,,,CHO,0.0000,-12.8771,0.0000,-12.8672,0.0000,0.0000,0.000,0.000,,0.0,,,,,,BAN,1,goc=-30;cu_ly=25;lan=1,1
11.4723,1790254681.348210,0.0207,0,,,0.000,,,0.0000,0.0000,0.0000,0.0000,0.0000,-13.0000,,,,CHO,0.0000,-12.8771,0.0000,-12.8672,0.0000,0.0000,0.000,0.000,,0.0,,,,,,BAN,1,goc=-30;cu_ly=25;lan=1,1
11.4923,1790254681.368092,0.0200,0,,,0.000,,,0.0000,0.0000,0.0000,0.0000,0.0000,-13.0000,,,,CHO,0.0000,-12.8771,0.0000,-12.8672,0.0000,0.0000,0.000,0.000,,0.0,,,,,,BAN,1,goc=-30;cu_ly=25;lan=1,1
11.5124,1790254681.388320,0.0201,0,,,0.000,,,0.0000,0.0000,0.0000,0.0000,0.0000,-13.0000,,,,CHO,0.0000,-12.8771,0.0000,-12.8672,0.0000,0.0000,0.000,0.000,,0.0,,,,,,BAN,1,goc=-30;cu_ly=25;lan=1,1
11.5331,1790254681.408975,0.0208,0,,,0.000,,,0.0000,0.0000,0.0000,0.0000,0.0000,-13.0000,,,,CHO,0.0000,-12.8771,0.0000,-12.8672,0.0000,0.0000,0.000,0.000,,0.0,,,,,,BAN,1,goc=-30;cu_ly=25;lan=1,1
11.5536,1790254681.429560,0.0205,0,,,0.000,,,0.0000,0.0000,0.0000,0.0000,0.0000,-13.0000,,,,CHO,0.0000,-12.8771,0.0000,-12.8672,0.0000,0.0000,0.000,0.000,,0.0,,,,,,BAN,1,goc=-30;cu_ly=25;lan=1,1
11.5739,1790254681.449787,0.0202,0,,,0.000,,,0.0000,0.0000,0.0000,0.0000,0.0000,-13.0000,,,,CHO,0.0000,-12.8771,0.0000,-12.8672,0.0000,0.0000,0.000,0.000,,0.0,,,,,,BAN,1,goc=-30;cu_ly=25;lan=1,1
11.5940,1790254681.469987,0.0202,0,,,0.000,,,0.0000,0.0000,0.0000,0.0000,0.0000,-13.0000,,,,CHO,0.0000,-12.8771,0.0000,-12.8672,0.0000,0.0000,0.000,0.000,,0.0,,,,,,BAN,1,goc=-30;cu_ly=25;lan=1,1
11.6141,1790254681.489981,0.0200,0,,,0.000,,,0.0000,0.0000,0.0000,0.0000,0.0000,-13.0000,,,,CHO,0.0000,-12.8771,0.0000,-12.8672,0.0000,0.0000,0.000,0.000,,0.0,,,,,,BAN,1,goc=-30;cu_ly=25;lan=1,1
11.6349,1790254681.510699,0.0209,0,,,0.000,,,0.0000,0.0000,0.0000,0.0000,0.0000,-13.0000,,,,CHO,0.0000,-12.8771,0.0000,-12.8672,0.0000,0.0000,0.000,0.000,,0.0,,,,,,BAN,1,goc=-30;cu_ly=25;lan=1,1
11.6557,1790254681.531513,0.0208,0,,,0.000,,,0.0000,0.0000,0.0000,0.0000,0.0000,-13.0000,,,,CHO,0.0000,-12.8771,0.0000,-12.8672,0.0000,0.0000,0.000,0.000,,0.0,,,,,,BAN,1,goc=-30;cu_ly=25;lan=1,1
11.6763,1790254681.552166,0.0206,0,,,0.000,,,0.0000,0.0000,0.0000,0.0000,0.0000,-13.0000,,,,CHO,0.0000,-12.8771,0.0000,-12.8672,0.0000,0.0000,0.000,0.000,,0.0,,,,,,BAN,1,goc=-30;cu_ly=25;lan=1,1
11.6969,1790254681.572784,0.0206,0,,,0.000,,,0.0000,0.0000,0.0000,0.0000,0.0000,-13.0000,,,,CHO,0.0000,-12.8771,0.0000,-12.8672,0.0000,0.0000,0.000,0.000,,0.0,,,,,,BAN,1,goc=-30;cu_ly=25;lan=1,1
11.7175,1790254681.593352,0.0206,0,,,0.000,,,0.0000,0.0000,0.0000,0.0000,0.0000,-13.0000,,,,CHO,0.0000,-12.8771,0.0000,-12.8672,0.0000,0.0000,0.000,0.000,,0.0,,,,,,BAN,1,goc=-30;cu_ly=25;lan=1,1
11.7375,1790254681.613404,0.0201,0,,,0.000,,,0.0000,0.0000,0.0000,0.0000,0.0000,-13.0000,,,,CHO,0.0000,-12.8771,0.0000,-12.8672,0.0000,0.0000,0.000,0.000,,0.0,,,,,,BAN,1,goc=-30;cu_ly=25;lan=1,1
11.7577,1790254681.633641,0.0202,0,,,0.000,,,0.0000,0.0000,0.0000,0.0000,0.0000,-13.0000,,,,CHO,0.0000,-12.8771,0.0000,-12.8672,0.0000,0.0000,0.000,0.000,,0.0,,,,,,BAN,1,goc=-30;cu_ly=25;lan=1,1
11.7783,1790254681.654193,0.0206,0,,,0.000,,,0.0000,0.0000,0.0000,0.0000,0.0000,-13.0000,,,,CHO,0.0000,-12.8771,0.0000,-12.8672,0.0000,0.0000,0.000,0.000,,0.0,,,,,,BAN,1,goc=-30;cu_ly=25;lan=1,1
11.7985,1790254681.674484,0.0202,0,,,0.000,,,0.0000,0.0000,0.0000,0.0000,0.0000,-13.0000,,,,CHO,0.0000,-12.8771,0.0000,-12.8672,0.0000,0.0000,0.000,0.000,,0.0,,,,,,BAN,1,goc=-30;cu_ly=25;lan=1,1
11.8193,1790254681.695121,0.0207,0,,,0.000,,,0.0000,0.0000,0.0000,0.0000,0.0000,-13.0000,,,,CHO,0.0000,-12.8771,0.0000,-12.8672,0.0000,0.0000,0.000,0.000,,0.0,,,,,,BAN,1,goc=-30;cu_ly=25;lan=1,1
11.8395,1790254681.715394,0.0202,0,,,0.000,,,0.0000,0.0000,0.0000,0.0000,0.0000,-13.0000,,,,CHO,0.0000,-12.8771,0.0000,-12.8672,0.0000,0.0000,0.000,0.000,,0.0,,,,,,BAN,1,goc=-30;cu_ly=25;lan=1,1
11.8599,1790254681.735680,0.0204,0,,,0.000,,,0.0000,0.0000,0.0000,0.0000,0.0000,-13.0000,,,,CHO,0.0000,-12.8771,0.0000,-12.8672,0.0000,0.0000,0.000,0.000,,0.0,,,,,,BAN,1,goc=-30;cu_ly=25;lan=1,1
11.8803,1790254681.756188,0.0204,0,,,0.000,,,0.0000,0.0000,0.0000,0.0000,0.0000,-13.0000,,,,CHO,0.0000,-12.8771,0.0000,-12.8672,0.0000,0.0000,0.000,0.000,,0.0,,,,,,BAN,1,goc=-30;cu_ly=25;lan=1,1
11.9011,1790254681.776917,0.0208,0,,,0.000,,,0.0000,0.0000,0.0000,0.0000,0.0000,-13.0000,,,,CHO,0.0000,-12.8771,0.0000,-12.8672,0.0000,0.0000,0.000,0.000,,0.0,,,,,,BAN,1,goc=-30;cu_ly=25;lan=1,1
11.9213,1790254681.797225,0.0202,0,,,0.000,,,0.0000,0.0000,0.0000,0.0000,0.0000,-13.0000,,,,CHO,0.0000,-12.8771,0.0000,-12.8672,0.0000,0.0000,0.000,0.000,,0.0,,,,,,BAN,1,goc=-30;cu_ly=25;lan=1,1
11.9418,1790254681.817647,0.0205,0,,,0.000,,,0.0000,0.0000,0.0000,0.0000,0.0000,-13.0000,,,,CHO,0.0000,-12.8771,0.0000,-12.8672,0.0000,0.0000,0.000,0.000,,0.0,,,,,,BAN,1,goc=-30;cu_ly=25;lan=1,1
11.9618,1790254681.837718,0.0200,0,,,0.000,,,0.0000,0.0000,0.0000,0.0000,0.0000,-13.0000,,,,CHO,0.0000,-12.8771,0.0000,-12.8672,0.0000,0.0000,0.000,0.000,,0.0,,,,,,BAN,1,goc=-30;cu_ly=25;lan=1,1
11.9823,1790254681.858233,0.0205,0,,,0.000,,,0.0000,0.0000,0.0000,0.0000,0.0000,-13.0000,,,,CHO,0.0000,-12.8771,0.0000,-12.8672,0.0000,0.0000,0.000,0.000,,0.0,,,,,,BAN,1,goc=-30;cu_ly=25;lan=1,1
12.0024,1790254681.878316,0.0201,0,,,0.000,,,0.0000,0.0000,0.0000,0.0000,0.0000,-13.0000,,,,CHO,0.0000,-12.8771,0.0000,-12.8672,0.0000,0.0000,0.000,0.000,,0.0,,,,,,BAN,1,goc=-30;cu_ly=25;lan=1,1
12.0226,1790254681.898445,0.0201,0,,,0.000,,,0.0000,0.0000,0.0000,0.0000,0.0000,-13.0000,,,,CHO,0.0000,-12.8771,0.0000,-12.8672,0.0000,0.0000,0.000,0.000,,0.0,,,,,,BAN,1,goc=-30;cu_ly=25;lan=1,1
12.0430,1790254681.918816,0.0205,0,,,0.000,,,0.0000,0.0000,0.0000,0.0000,0.0000,-13.0000,,,,CHO,0.0000,-12.8771,0.0000,-12.8672,0.0000,0.0000,0.000,0.000,,0.0,,,,,,BAN,1,goc=-30;cu_ly=25;lan=1,1
12.0634,1790254681.939233,0.0204,0,,,0.000,,,0.0000,0.0000,0.0000,0.0000,0.0000,-13.0000,,,,CHO,0.0000,-12.8771,0.0000,-12.8672,0.0000,0.0000,0.000,0.000,,0.0,,,,,,BAN,1,goc=-30;cu_ly=25;lan=1,1
12.0835,1790254681.959404,0.0200,0,,,0.000,,,0.0000,0.0000,0.0000,0.0000,0.0000,-13.0000,,,,CHO,0.0000,-12.8771,0.0000,-12.8672,0.0000,0.0000,0.000,0.000,,0.0,,,,,,BAN,1,goc=-30;cu_ly=25;lan=1,1
12.1039,1790254681.979776,0.0204,0,,,0.000,,,0.0000,0.0000,0.0000,0.0000,0.0000,-13.0000,,,,CHO,0.0000,-12.8771,0.0000,-12.8672,0.0000,0.0000,0.000,0.000,,0.0,,,,,,BAN,1,goc=-30;cu_ly=25;lan=1,1
12.1240,1790254681.999842,0.0201,0,,,0.000,,,0.0000,0.0000,0.0000,0.0000,0.0000,-13.0000,,,,CHO,0.0000,-12.8771,0.0000,-12.8672,0.0000,0.0000,0.000,0.000,,0.0,,,,,,BAN,1,goc=-30;cu_ly=25;lan=1,1
12.1448,1790254682.020654,0.0208,0,,,0.000,,,0.0000,0.0000,0.0000,0.0000,0.0000,-13.0000,,,,CHO,0.0000,-12.8771,0.0000,-12.8672,0.0000,0.0000,0.000,0.000,,0.0,,,,,,BAN,1,goc=-30;cu_ly=25;lan=1,1
12.1654,1790254682.041274,0.0206,0,,,0.000,,,0.0000,0.0000,0.0000,0.0000,0.0000,-13.0000,,,,CHO,0.0000,-12.8771,0.0000,-12.8672,0.0000,0.0000,0.000,0.000,,0.0,,,,,,BAN,1,goc=-30;cu_ly=25;lan=1,1
12.1856,1790254682.061493,0.0202,0,,,0.000,,,0.0000,0.0000,0.0000,0.0000,0.0000,-13.0000,,,,CHO,0.0000,-12.8771,0.0000,-12.8672,0.0000,0.0000,0.000,0.000,,0.0,,,,,,BAN,1,goc=-30;cu_ly=25;lan=1,1
12.2056,1790254682.081565,0.0201,0,,,0.000,,,0.0000,0.0000,0.0000,0.0000,0.0000,-13.0000,,,,CHO,0.0000,-12.8771,0.0000,-12.8672,0.0000,0.0000,0.000,0.000,,0.0,,,,,,BAN,1,goc=-30;cu_ly=25;lan=1,1
12.2257,1790254682.101439,0.0201,0,,,0.000,,,0.0000,0.0000,0.0000,0.0000,0.0000,-13.0000,,,,CHO,0.0000,-12.8771,0.0000,-12.8672,0.0000,0.0000,0.000,0.000,,0.0,,,,,,BAN,1,goc=-30;cu_ly=25;lan=1,1
12.2458,1790254682.121621,0.0202,0,,,0.000,,,0.0000,0.0000,0.0000,0.0000,0.0000,-13.0000,,,,CHO,0.0000,-12.8771,0.0000,-12.8672,0.0000,0.0000,0.000,0.000,,0.0,,,,,,BAN,1,goc=-30;cu_ly=25;lan=1,1
12.2663,1790254682.142114,0.0204,0,,,0.000,,,0.0000,0.0000,0.0000,0.0000,0.0000,-13.0000,,,,CHO,0.0000,-12.8771,0.0000,-12.8672,0.0000,0.0000,0.000,0.000,,0.0,,,,,,BAN,1,goc=-30;cu_ly=25;lan=1,1
12.2867,1790254682.162682,0.0204,0,,,0.000,,,0.0000,0.0000,0.0000,0.0000,0.0000,-13.0000,,,,CHO,0.0000,-12.8771,0.0000,-12.8672,0.0000,0.0000,0.000,0.000,,0.0,,,,,,BAN,1,goc=-30;cu_ly=25;lan=1,1
12.3071,1790254682.182904,0.0204,0,,,0.000,,,0.0000,0.0000,0.0000,0.0000,0.0000,-13.0000,,,,CHO,0.0000,-12.8771,0.0000,-12.8672,0.0000,0.0000,0.000,0.000,,0.0,,,,,,BAN,1,goc=-30;cu_ly=25;lan=1,1
12.3272,1790254682.203016,0.0201,0,,,0.000,,,0.0000,0.0000,0.0000,0.0000,0.0000,-13.0000,,,,CHO,0.0000,-12.8771,0.0000,-12.8672,0.0000,0.0000,0.000,0.000,,0.0,,,,,,BAN,1,goc=-30;cu_ly=25;lan=1,1
12.3476,1790254682.223589,0.0204,0,,,0.000,,,0.0000,0.0000,0.0000,0.0000,0.0000,-13.0000,,,,CHO,0.0000,-12.8771,0.0000,-12.8672,0.0000,0.0000,0.000,0.000,,0.0,,,,,,BAN,1,goc=-30;cu_ly=25;lan=1,1
12.3681,1790254682.243880,0.0204,0,,,0.000,,,0.0000,0.0000,0.0000,0.0000,0.0000,-13.0000,,,,CHO,0.0000,-12.8771,0.0000,-12.8672,0.0000,0.0000,0.000,0.000,,0.0,,,,,,BAN,1,goc=-30;cu_ly=25;lan=1,1
12.3882,1790254682.264138,0.0202,0,,,0.000,,,0.0000,0.0000,0.0000,0.0000,0.0000,-13.0000,,,,CHO,0.0000,-12.8771,0.0000,-12.8672,0.0000,0.0000,0.000,0.000,,0.0,,,,,,BAN,1,goc=-30;cu_ly=25;lan=1,1
12.4085,1790254682.284274,0.0202,0,,,0.000,,,0.0000,0.0000,0.0000,0.0000,0.0000,-13.0000,,,,CHO,0.0000,-12.8771,0.0000,-12.8672,0.0000,0.0000,0.000,0.000,,0.0,,,,,,BAN,1,goc=-30;cu_ly=25;lan=1,1
12.4289,1790254682.304813,0.0205,0,,,0.000,,,0.0000,0.0000,0.0000,0.0000,0.0000,-13.0000,,,,CHO,0.0000,-12.8771,0.0000,-12.8672,0.0000,0.0000,0.000,0.000,,0.0,,,,,,BAN,1,goc=-30;cu_ly=25;lan=1,1
12.4501,1790254682.325933,0.0212,0,,,0.000,,,0.0000,0.0000,0.0000,0.0000,0.0000,-13.0000,,,,CHO,0.0000,-12.8771,0.0000,-12.8672,0.0000,0.0000,0.000,0.000,,0.0,,,,,,BAN,1,goc=-30;cu_ly=25;lan=1,1
12.4705,1790254682.346359,0.0203,0,,,0.000,,,0.0000,0.0000,0.0000,0.0000,0.0000,-13.0000,,,,CHO,0.0000,-12.8771,0.0000,-12.8672,0.0000,0.0000,0.000,0.000,,0.0,,,,,,BAN,1,goc=-30;cu_ly=25;lan=1,1
12.4908,1790254682.366629,0.0204,0,,,0.000,,,0.0000,0.0000,0.0000,0.0000,0.0000,-13.0000,,,,CHO,0.0000,-12.8771,0.0000,-12.8672,0.0000,0.0000,0.000,0.000,,0.0,,,,,,BAN,1,goc=-30;cu_ly=25;lan=1,1
12.5111,1790254682.386900,0.0202,0,,,0.000,,,0.0000,0.0000,0.0000,0.0000,0.0000,-13.0000,,,,CHO,0.0000,-12.8771,0.0000,-12.8672,0.0000,0.0000,0.000,0.000,,0.0,,,,,,BAN,1,goc=-30;cu_ly=25;lan=1,1
12.5311,1790254682.406885,0.0200,0,,,0.000,,,0.0000,0.0000,0.0000,0.0000,0.0000,-13.0000,,,,CHO,0.0000,-12.8771,0.0000,-12.8672,0.0000,0.0000,0.000,0.000,,0.0,,,,,,BAN,1,goc=-30;cu_ly=25;lan=1,1
12.5516,1790254682.427469,0.0205,0,,,0.000,,,0.0000,0.0000,0.0000,0.0000,0.0000,-13.0000,,,,CHO,0.0000,-12.8771,0.0000,-12.8672,0.0000,0.0000,0.000,0.000,,0.0,,,,,,BAN,1,goc=-30;cu_ly=25;lan=1,1
12.5721,1790254682.448054,0.0205,0,,,0.000,,,0.0000,0.0000,0.0000,0.0000,0.0000,-13.0000,,,,CHO,0.0000,-12.8771,0.0000,-12.8672,0.0000,0.0000,0.000,0.000,,0.0,,,,,,BAN,1,goc=-30;cu_ly=25;lan=1,1
12.5921,1790254682.467993,0.0200,0,,,0.000,,,0.0000,0.0000,0.0000,0.0000,0.0000,-13.0000,,,,CHO,0.0000,-12.8771,0.0000,-12.8672,0.0000,0.0000,0.000,0.000,,0.0,,,,,,BAN,1,goc=-30;cu_ly=25;lan=1,1
12.6127,1790254682.488515,0.0206,0,,,0.000,,,0.0000,0.0000,0.0000,0.0000,0.0000,-13.0000,,,,CHO,0.0000,-12.8771,0.0000,-12.8672,0.0000,0.0000,0.000,0.000,,0.0,,,,,,BAN,1,goc=-30;cu_ly=25;lan=1,1
12.6333,1790254682.508996,0.0206,0,,,0.000,,,0.0000,0.0000,0.0000,0.0000,0.0000,-13.0000,,,,CHO,0.0000,-12.8771,0.0000,-12.8672,0.0000,0.0000,0.000,0.000,,0.0,,,,,,BAN,1,goc=-30;cu_ly=25;lan=1,1
12.6538,1790254682.529628,0.0205,0,,,0.000,,,0.0000,0.0000,0.0000,0.0000,0.0000,-13.0000,,,,CHO,0.0000,-12.8771,0.0000,-12.8672,0.0000,0.0000,0.000,0.000,,0.0,,,,,,BAN,1,goc=-30;cu_ly=25;lan=1,1
12.6739,1790254682.549791,0.0201,0,,,0.000,,,0.0000,0.0000,0.0000,0.0000,0.0000,-13.0000,,,,CHO,0.0000,-12.8771,0.0000,-12.8672,0.0000,0.0000,0.000,0.000,,0.0,,,,,,BAN,1,goc=-30;cu_ly=25;lan=1,1
12.6942,1790254682.570126,0.0204,0,,,0.000,,,0.0000,0.0000,0.0000,0.0000,0.0000,-13.0000,,,,CHO,0.0000,-12.8771,0.0000,-12.8672,0.0000,0.0000,0.000,0.000,,0.0,,,,,,BAN,1,goc=-30;cu_ly=25;lan=1,1
12.7150,1790254682.590807,0.0208,0,,,0.000,,,0.0000,0.0000,0.0000,0.0000,0.0000,-13.0000,,,,CHO,0.0000,-12.8771,0.0000,-12.8672,0.0000,0.0000,0.000,0.000,,0.0,,,,,,BAN,1,goc=-30;cu_ly=25;lan=1,1
12.7352,1790254682.611044,0.0202,0,,,0.000,,,0.0000,0.0000,0.0000,0.0000,0.0000,-13.0000,,,,CHO,0.0000,-12.8771,0.0000,-12.8672,0.0000,0.0000,0.000,0.000,,0.0,,,,,,BAN,1,goc=-30;cu_ly=25;lan=1,1
12.7557,1790254682.631670,0.0205,0,,,0.000,,,0.0000,0.0000,0.0000,0.0000,0.0000,-13.0000,,,,CHO,0.0000,-12.8771,0.0000,-12.8672,0.0000,0.0000,0.000,0.000,,0.0,,,,,,BAN,1,goc=-30;cu_ly=25;lan=1,1
12.7765,1790254682.652374,0.0208,0,,,0.000,,,0.0000,0.0000,0.0000,0.0000,0.0000,-13.0000,,,,CHO,0.0000,-12.8771,0.0000,-12.8672,0.0000,0.0000,0.000,0.000,,0.0,,,,,,BAN,1,goc=-30;cu_ly=25;lan=1,1
12.7977,1790254682.673482,0.0212,0,,,0.000,,,0.0000,0.0000,0.0000,0.0000,0.0000,-13.0000,,,,CHO,0.0000,-12.8771,0.0000,-12.8672,0.0000,0.0000,0.000,0.000,,0.0,,,,,,BAN,1,goc=-30;cu_ly=25;lan=1,1
12.8177,1790254682.693521,0.0200,0,,,0.000,,,0.0000,0.0000,0.0000,0.0000,0.0000,-13.0000,,,,CHO,0.0000,-12.8771,0.0000,-12.8672,0.0000,0.0000,0.000,0.000,,0.0,,,,,,BAN,1,goc=-30;cu_ly=25;lan=1,1
12.8380,1790254682.713871,0.0203,0,,,0.000,,,0.0000,0.0000,0.0000,0.0000,0.0000,-13.0000,,,,CHO,0.0000,-12.8771,0.0000,-12.8672,0.0000,0.0000,0.000,0.000,,0.0,,,,,,BAN,1,goc=-30;cu_ly=25;lan=1,1
12.8584,1790254682.734256,0.0204,0,,,0.000,,,0.0000,0.0000,0.0000,0.0000,0.0000,-13.0000,,,,CHO,0.0000,-12.8771,0.0000,-12.8672,0.0000,0.0000,0.000,0.000,,0.0,,,,,,BAN,1,goc=-30;cu_ly=25;lan=1,1
12.8792,1790254682.755008,0.0208,0,,,0.000,,,0.0000,0.0000,0.0000,0.0000,0.0000,-13.0000,,,,CHO,0.0000,-12.8771,0.0000,-12.8672,0.0000,0.0000,0.000,0.000,,0.0,,,,,,BAN,1,goc=-30;cu_ly=25;lan=1,1
12.8994,1790254682.775280,0.0201,0,,,0.000,,,0.0000,0.0000,0.0000,0.0000,0.0000,-13.0000,,,,CHO,0.0000,-12.8771,0.0000,-12.8672,0.0000,0.0000,0.000,0.000,,0.0,,,,,,BAN,1,goc=-30;cu_ly=25;lan=1,1
12.9197,1790254682.795593,0.0203,0,,,0.000,,,0.0000,0.0000,0.0000,0.0000,0.0000,-13.0000,,,,CHO,0.0000,-12.8771,0.0000,-12.8672,0.0000,0.0000,0.000,0.000,,0.0,,,,,,BAN,1,goc=-30;cu_ly=25;lan=1,1
12.9406,1790254682.816435,0.0209,0,,,0.000,,,0.0000,0.0000,0.0000,0.0000,0.0000,-13.0000,,,,CHO,0.0000,-12.8771,0.0000,-12.8672,0.0000,0.0000,0.000,0.000,,0.0,,,,,,BAN,1,goc=-30;cu_ly=25;lan=1,1
12.9610,1790254682.836948,0.0204,0,,,0.000,,,0.0000,0.0000,0.0000,0.0000,0.0000,-13.0000,,,,CHO,0.0000,-12.8771,0.0000,-12.8672,0.0000,0.0000,0.000,0.000,,0.0,,,,,,BAN,1,goc=-30;cu_ly=25;lan=1,1
12.9816,1790254682.857496,0.0206,0,,,0.000,,,0.0000,0.0000,0.0000,0.0000,0.0000,-13.0000,,,,CHO,0.0000,-12.8771,0.0000,-12.8672,0.0000,0.0000,0.000,0.000,,0.0,,,,,,BAN,1,goc=-30;cu_ly=25;lan=1,1
13.0016,1790254682.877551,0.0201,0,,,0.000,,,0.0000,0.0000,0.0000,0.0000,0.0000,-13.0000,,,,CHO,0.0000,-12.8771,0.0000,-12.8672,0.0000,0.0000,0.000,0.000,,0.0,,,,,,BAN,1,goc=-30;cu_ly=25;lan=1,1
13.0220,1790254682.897784,0.0204,0,,,0.000,,,0.0000,0.0000,0.0000,0.0000,0.0000,-13.0000,,,,CHO,0.0000,-12.8771,0.0000,-12.8672,0.0000,0.0000,0.000,0.000,,0.0,,,,,,BAN,1,goc=-30;cu_ly=25;lan=1,1
13.0422,1790254682.918160,0.0202,0,,,0.000,,,0.0000,0.0000,0.0000,0.0000,0.0000,-13.0000,,,,CHO,0.0000,-12.8771,0.0000,-12.8672,0.0000,0.0000,0.000,0.000,,0.0,,,,,,BAN,1,goc=-30;cu_ly=25;lan=1,1
13.0628,1790254682.938781,0.0206,0,,,0.000,,,0.0000,0.0000,0.0000,0.0000,0.0000,-13.0000,,,,CHO,0.0000,-12.8771,0.0000,-12.8672,0.0000,0.0000,0.000,0.000,,0.0,,,,,,BAN,1,goc=-30;cu_ly=25;lan=1,1
13.0832,1790254682.959132,0.0204,0,,,0.000,,,0.0000,0.0000,0.0000,0.0000,0.0000,-13.0000,,,,CHO,0.0000,-12.8771,0.0000,-12.8672,0.0000,0.0000,0.000,0.000,,0.0,,,,,,BAN,1,goc=-30;cu_ly=25;lan=1,1
13.1034,1790254682.979279,0.0202,0,,,0.000,,,0.0000,0.0000,0.0000,0.0000,0.0000,-13.0000,,,,CHO,0.0000,-12.8771,0.0000,-12.8672,0.0000,0.0000,0.000,0.000,,0.0,,,,,,BAN,1,goc=-30;cu_ly=25;lan=1,1
13.1238,1790254682.999772,0.0204,0,,,0.000,,,0.0000,0.0000,0.0000,0.0000,0.0000,-13.0000,,,,CHO,0.0000,-12.8771,0.0000,-12.8672,0.0000,0.0000,0.000,0.000,,0.0,,,,,,BAN,1,goc=-30;cu_ly=25;lan=1,1
13.1440,1790254683.019826,0.0202,0,,,0.000,,,0.0000,0.0000,0.0000,0.0000,0.0000,-13.0000,,,,CHO,0.0000,-12.8771,0.0000,-12.8672,0.0000,0.0000,0.000,0.000,,0.0,,,,,,BAN,1,goc=-30;cu_ly=25;lan=1,1
13.1645,1790254683.040380,0.0205,0,,,0.000,,,0.0000,0.0000,0.0000,0.0000,0.0000,-13.0000,,,,CHO,0.0000,-12.8771,0.0000,-12.8672,0.0000,0.0000,0.000,0.000,,0.0,,,,,,BAN,1,goc=-30;cu_ly=25;lan=1,1
13.1851,1790254683.061023,0.0207,0,,,0.000,,,0.0000,0.0000,0.0000,0.0000,0.0000,-13.0000,,,,CHO,0.0000,-12.8771,0.0000,-12.8672,0.0000,0.0000,0.000,0.000,,0.0,,,,,,BAN,1,goc=-30;cu_ly=25;lan=1,1
13.2055,1790254683.081411,0.0203,0,,,0.000,,,0.0000,0.0000,0.0000,0.0000,0.0000,-13.0000,,,,CHO,0.0000,-12.8771,0.0000,-12.8672,0.0000,0.0000,0.000,0.000,,0.0,,,,,,BAN,1,goc=-30;cu_ly=25;lan=1,1
13.2257,1790254683.101634,0.0203,0,,,0.000,,,0.0000,0.0000,0.0000,0.0000,0.0000,-13.0000,,,,CHO,0.0000,-12.8771,0.0000,-12.8672,0.0000,0.0000,0.000,0.000,,0.0,,,,,,BAN,1,goc=-30;cu_ly=25;lan=1,1
13.2458,1790254683.121696,0.0201,0,,,0.000,,,0.0000,0.0000,0.0000,0.0000,0.0000,-13.0000,,,,CHO,0.0000,-12.8771,0.0000,-12.8672,0.0000,0.0000,0.000,0.000,,0.0,,,,,,BAN,1,goc=-30;cu_ly=25;lan=1,1
13.2660,1790254683.141850,0.0201,0,,,0.000,,,0.0000,0.0000,0.0000,0.0000,0.0000,-13.0000,,,,CHO,0.0000,-12.8771,0.0000,-12.8672,0.0000,0.0000,0.000,0.000,,0.0,,,,,,BAN,1,goc=-30;cu_ly=25;lan=1,1
13.2864,1790254683.162341,0.0205,0,,,0.000,,,0.0000,0.0000,0.0000,0.0000,0.0000,-13.0000,,,,CHO,0.0000,-12.8771,0.0000,-12.8672,0.0000,0.0000,0.000,0.000,,0.0,,,,,,BAN,1,goc=-30;cu_ly=25;lan=1,1
13.3065,1790254683.182405,0.0200,0,,,0.000,,,0.0000,0.0000,0.0000,0.0000,0.0000,-13.0000,,,,CHO,0.0000,-12.8771,0.0000,-12.8672,0.0000,0.0000,0.000,0.000,,0.0,,,,,,BAN,1,goc=-30;cu_ly=25;lan=1,1
13.3268,1790254683.202694,0.0204,0,,,0.000,,,0.0000,0.0000,0.0000,0.0000,0.0000,-13.0000,,,,CHO,0.0000,-12.8771,0.0000,-12.8672,0.0000,0.0000,0.000,0.000,,0.0,,,,,,BAN,1,goc=-30;cu_ly=25;lan=1,1
13.3475,1790254683.223381,0.0206,0,,,0.000,,,0.0000,0.0000,0.0000,0.0000,0.0000,-13.0000,,,,CHO,0.0000,-12.8771,0.0000,-12.8672,0.0000,0.0000,0.000,0.000,,0.0,,,,,,BAN,1,goc=-30;cu_ly=25;lan=1,1
13.3678,1790254683.243751,0.0204,0,,,0.000,,,0.0000,0.0000,0.0000,0.0000,0.0000,-13.0000,,,,CHO,0.0000,-12.8771,0.0000,-12.8672,0.0000,0.0000,0.000,0.000,,0.0,,,,,,BAN,1,goc=-30;cu_ly=25;lan=1,1
13.3879,1790254683.263850,0.0201,0,,,0.000,,,0.0000,0.0000,0.0000,0.0000,0.0000,-13.0000,,,,CHO,0.0000,-12.8771,0.0000,-12.8672,0.0000,0.0000,0.000,0.000,,0.0,,,,,,BAN,1,goc=-30;cu_ly=25;lan=1,1
13.4083,1790254683.284070,0.0203,0,,,0.000,,,0.0000,0.0000,0.0000,0.0000,0.0000,-13.0000,,,,CHO,0.0000,-12.8771,0.0000,-12.8672,0.0000,0.0000,0.000,0.000,,0.0,,,,,,BAN,1,goc=-30;cu_ly=25;lan=1,1
13.4289,1790254683.304684,0.0206,0,,,0.000,,,0.0000,0.0000,0.0000,0.0000,0.0000,-13.0000,,,,CHO,0.0000,-12.8771,0.0000,-12.8672,0.0000,0.0000,0.000,0.000,,0.0,,,,,,BAN,1,goc=-30;cu_ly=25;lan=1,1
13.4493,1790254683.325244,0.0205,0,,,0.000,,,0.0000,0.0000,0.0000,0.0000,0.0000,-13.0000,,,,CHO,0.0000,-12.8771,0.0000,-12.8672,0.0000,0.0000,0.000,0.000,,0.0,,,,,,BAN,1,goc=-30;cu_ly=25;lan=1,1
13.4699,1790254683.345735,0.0206,0,,,0.000,,,0.0000,0.0000,0.0000,0.0000,0.0000,-13.0000,,,,CHO,0.0000,-12.8771,0.0000,-12.8672,0.0000,0.0000,0.000,0.000,,0.0,,,,,,BAN,1,goc=-30;cu_ly=25;lan=1,1
13.4901,1790254683.365910,0.0202,0,,,0.000,,,0.0000,0.0000,0.0000,0.0000,0.0000,-13.0000,,,,CHO,0.0000,-12.8771,0.0000,-12.8672,0.0000,0.0000,0.000,0.000,,0.0,,,,,,BAN,1,goc=-30;cu_ly=25;lan=1,1
13.5107,1790254683.386645,0.0207,0,,,0.000,,,0.0000,0.0000,0.0000,0.0000,0.0000,-13.0000,,,,CHO,0.0000,-12.8771,0.0000,-12.8672,0.0000,0.0000,0.000,0.000,,0.0,,,,,,BAN,1,goc=-30;cu_ly=25;lan=1,1
13.5312,1790254683.406960,0.0204,0,,,0.000,,,0.0000,0.0000,0.0000,0.0000,0.0000,-13.0000,,,,CHO,0.0000,-12.8771,0.0000,-12.8672,0.0000,0.0000,0.000,0.000,,0.0,,,,,,BAN,1,goc=-30;cu_ly=25;lan=1,1
13.5512,1790254683.427083,0.0201,0,,,0.000,,,0.0000,0.0000,0.0000,0.0000,0.0000,-13.0000,,,,CHO,0.0000,-12.8771,0.0000,-12.8672,0.0000,0.0000,0.000,0.000,,0.0,,,,,,BAN,1,goc=-30;cu_ly=25;lan=1,1
13.5720,1790254683.447845,0.0207,0,,,0.000,,,0.0000,0.0000,0.0000,0.0000,0.0000,-13.0000,,,,CHO,0.0000,-12.8771,0.0000,-12.8672,0.0000,0.0000,0.000,0.000,,0.0,,,,,,BAN,1,goc=-30;cu_ly=25;lan=1,1
13.5924,1790254683.468371,0.0205,0,,,0.000,,,0.0000,0.0000,0.0000,0.0000,0.0000,-13.0000,,,,CHO,0.0000,-12.8771,0.0000,-12.8672,0.0000,0.0000,0.000,0.000,,0.0,,,,,,BAN,1,goc=-30;cu_ly=25;lan=1,1
13.6128,1790254683.488786,0.0204,0,,,0.000,,,0.0000,0.0000,0.0000,0.0000,0.0000,-13.0000,,,,CHO,0.0000,-12.8771,0.0000,-12.8672,0.0000,0.0000,0.000,0.000,,0.0,,,,,,BAN,1,goc=-30;cu_ly=25;lan=1,1
13.6330,1790254683.508894,0.0202,0,,,0.000,,,0.0000,0.0000,0.0000,0.0000,0.0000,-13.0000,,,,CHO,0.0000,-12.8771,0.0000,-12.8672,0.0000,0.0000,0.000,0.000,,0.0,,,,,,BAN,1,goc=-30;cu_ly=25;lan=1,1
13.6531,1790254683.528957,0.0201,0,,,0.000,,,0.0000,0.0000,0.0000,0.0000,0.0000,-13.0000,,,,CHO,0.0000,-12.8771,0.0000,-12.8672,0.0000,0.0000,0.000,0.000,,0.0,,,,,,BAN,1,goc=-30;cu_ly=25;lan=1,1
13.6733,1790254683.549233,0.0202,0,,,0.000,,,0.0000,0.0000,0.0000,0.0000,0.0000,-13.0000,,,,CHO,0.0000,-12.8771,0.0000,-12.8672,0.0000,0.0000,0.000,0.000,,0.0,,,,,,BAN,1,goc=-30;cu_ly=25;lan=1,1
13.6934,1790254683.569241,0.0201,0,,,0.000,,,0.0000,0.0000,0.0000,0.0000,0.0000,-13.0000,-58.4106,0.2787,0.2363,CHO_IFF,0.0000,-12.8771,0.0000,-12.8672,0.0000,0.0000,0.000,0.000,,0.0,,50,CHO,,0,BAN,1,goc=-30;cu_ly=25;lan=1,1
13.7136,1790254683.589526,0.0202,0,,,0.000,,,0.0000,0.0000,0.0000,0.0000,0.0000,-13.0000,-58.4106,0.2787,0.2363,CHO_IFF,0.0000,-12.8771,0.0000,-12.8672,0.0000,0.0000,0.000,0.000,,0.0,,50,CHO,,0,BAN,1,goc=-30;cu_ly=25;lan=1,1
13.7340,1790254683.609785,0.0204,0,,,0.000,,,0.0000,0.0000,0.0000,0.0000,0.0000,-13.0000,-58.4106,0.2787,0.2363,CHO_IFF,0.0000,-12.8771,0.0000,-12.8672,0.0000,0.0000,0.000,0.000,,0.0,,50,CHO,,0,BAN,1,goc=-30;cu_ly=25;lan=1,1
13.7547,1790254683.630578,0.0208,0,,,0.000,,,0.0000,0.0000,0.0000,0.0000,0.0000,-13.0000,-58.4106,0.2787,0.2363,CHO_IFF,0.0000,-12.8771,0.0000,-12.8672,0.0000,0.0000,0.000,0.000,,0.0,,50,CHO,,0,BAN,1,goc=-30;cu_ly=25;lan=1,1
13.7748,1790254683.650611,0.0201,0,,,0.000,,,0.0000,0.0000,0.0000,0.0000,0.0000,-13.0000,-58.4106,0.2787,0.2363,CHO_IFF,0.0000,-12.8771,0.0000,-12.8672,0.0000,0.0000,0.000,0.000,,0.0,,50,CHO,,0,BAN,1,goc=-30;cu_ly=25;lan=1,1
13.7951,1790254683.671037,0.0203,0,,,0.000,,,0.0000,0.0000,0.0000,0.0000,0.0000,-13.0000,-58.4106,0.2787,0.2363,CHO_IFF,0.0000,-12.8771,0.0000,-12.8672,0.0000,0.0000,0.000,0.000,,0.0,,50,CHO,,0,BAN,1,goc=-30;cu_ly=25;lan=1,1
13.8155,1790254683.691290,0.0204,0,,,0.000,,,0.0000,0.0000,0.0000,0.0000,0.0000,-13.0000,-55.0812,0.2737,0.1711,BAN_NGHI,0.0000,-12.8771,0.0000,-12.8672,0.0000,0.0000,0.000,0.000,,0.0,,50,BAN,FRIEND,30,BAN,1,goc=-30;cu_ly=25;lan=1,1
13.8357,1790254683.711617,0.0202,0,,,0.000,,,0.0000,0.0000,0.0000,0.0000,0.0000,-13.0000,-55.0812,0.2737,0.1711,BAN_NGHI,0.0000,-12.8771,0.0000,-12.8672,0.0000,0.0000,0.000,0.000,,0.0,,50,BAN,FRIEND,30,BAN,1,goc=-30;cu_ly=25;lan=1,1
13.8563,1790254683.732216,0.0206,0,,,0.000,,,0.0000,0.0000,0.0000,0.0000,0.0000,-13.0000,-55.0812,0.2737,0.1711,BAN_NGHI,0.0000,-12.8771,0.0000,-12.8672,0.0000,0.0000,0.000,0.000,,0.0,,50,BAN,FRIEND,30,BAN,1,goc=-30;cu_ly=25;lan=1,1
13.8765,1790254683.752295,0.0202,0,,,0.000,,,0.0000,0.0000,0.0000,0.0000,0.0000,-13.0000,-55.0812,0.2737,0.1711,BAN_NGHI,0.0000,-12.8771,0.0000,-12.8672,0.0000,0.0000,0.000,0.000,,0.0,,50,BAN,FRIEND,30,BAN,1,goc=-30;cu_ly=25;lan=1,1
13.8969,1790254683.772842,0.0204,0,,,0.000,,,0.0000,0.0000,0.0000,0.0000,0.0000,-13.0000,-55.0812,0.2737,0.1711,BAN_NGHI,0.0000,-12.8771,0.0000,-12.8672,0.0000,0.0000,0.000,0.000,,0.0,,50,BAN,FRIEND,30,BAN,1,goc=-30;cu_ly=25;lan=1,1
13.9173,1790254683.793164,0.0204,0,,,0.000,,,0.0000,0.0000,0.0000,0.0000,0.0000,-13.0000,-55.0812,0.2737,0.1711,BAN_NGHI,0.0000,-12.8771,0.0000,-12.8672,0.0000,0.0000,0.000,0.000,,0.0,,50,BAN,FRIEND,30,BAN,1,goc=-30;cu_ly=25;lan=1,1
13.9375,1790254683.813421,0.0202,0,,,0.000,,,0.0000,0.0000,0.0000,0.0000,0.0000,-13.0000,-55.2168,0.2729,0.0394,BAN_NGHI,0.0000,-12.8771,0.0000,-12.8672,0.0000,0.0000,0.000,0.000,,0.0,,50,BAN,FRIEND,30,BAN,1,goc=-30;cu_ly=25;lan=1,1
13.9578,1790254683.833656,0.0202,0,,,0.000,,,0.0000,0.0000,0.0000,0.0000,0.0000,-13.0000,-55.2168,0.2729,0.0394,BAN_NGHI,0.0000,-12.8771,0.0000,-12.8672,0.0000,0.0000,0.000,0.000,,0.0,,50,BAN,FRIEND,30,BAN,1,goc=-30;cu_ly=25;lan=1,1
13.9780,1790254683.853690,0.0202,0,,,0.000,,,0.0000,0.0000,0.0000,0.0000,0.0000,-13.0000,-55.2168,0.2729,0.0394,BAN_NGHI,0.0000,-12.8771,0.0000,-12.8672,0.0000,0.0000,0.000,0.000,,0.0,,50,BAN,FRIEND,30,BAN,1,goc=-30;cu_ly=25;lan=1,1
13.9980,1790254683.873828,0.0201,0,,,0.000,,,0.0000,0.0000,0.0000,0.0000,0.0000,-13.0000,-55.2168,0.2729,0.0394,BAN_NGHI,0.0000,-12.8771,0.0000,-12.8672,0.0000,0.0000,0.000,0.000,,0.0,,50,BAN,FRIEND,30,BAN,1,goc=-30;cu_ly=25;lan=1,1
14.0192,1790254683.895114,0.0212,0,,,0.000,,,0.0000,0.0000,0.0000,0.0000,0.0000,-13.0000,-55.2168,0.2729,0.0394,BAN_NGHI,0.0000,-12.8771,0.0000,-12.8672,0.0000,0.0000,0.000,0.000,,0.0,,50,BAN,FRIEND,30,BAN,1,goc=-30;cu_ly=25;lan=1,1
14.0397,1790254683.915470,0.0205,0,,,0.000,,,0.0000,0.0000,0.0000,0.0000,0.0000,-13.0000,-55.2168,0.2729,0.0394,BAN_NGHI,0.0000,-12.8771,0.0000,-12.8672,0.0000,0.0000,0.000,0.000,,0.0,,50,BAN,FRIEND,30,BAN,1,goc=-30;cu_ly=25;lan=1,1
14.0597,1790254683.935615,0.0200,0,,,0.000,,,0.0000,0.0000,0.0000,0.0000,0.0000,-13.0000,-55.8461,0.2778,0.0408,BAN_NGHI,0.0000,-12.8771,0.0000,-12.8672,0.0000,0.0000,0.000,0.000,,0.0,,50,BAN,FRIEND,30,BAN,1,goc=-30;cu_ly=25;lan=1,1
14.0800,1790254683.955705,0.0202,0,,,0.000,,,0.0000,0.0000,0.0000,0.0000,0.0000,-13.0000,-55.8461,0.2778,0.0408,BAN_NGHI,0.0000,-12.8771,0.0000,-12.8672,0.0000,0.0000,0.000,0.000,,0.0,,50,BAN,FRIEND,30,BAN,1,goc=-30;cu_ly=25;lan=1,1
14.1004,1790254683.976289,0.0204,0,,,0.000,,,0.0000,0.0000,0.0000,0.0000,0.0000,-13.0000,-55.8461,0.2778,0.0408,BAN_NGHI,0.0000,-12.8771,0.0000,-12.8672,0.0000,0.0000,0.000,0.000,,0.0,,50,BAN,FRIEND,30,BAN,1,goc=-30;cu_ly=25;lan=1,1
14.1214,1790254683.997136,0.0210,0,,,0.000,,,0.0000,0.0000,0.0000,0.0000,0.0000,-13.0000,-55.8461,0.2778,0.0408,BAN_NGHI,0.0000,-12.8771,0.0000,-12.8672,0.0000,0.0000,0.000,0.000,,0.0,,50,BAN,FRIEND,30,BAN,1,goc=-30;cu_ly=25;lan=1,1
14.1417,1790254684.017458,0.0203,0,,,0.000,,,0.0000,0.0000,0.0000,0.0000,0.0000,-13.0000,-55.8461,0.2778,0.0408,BAN_NGHI,0.0000,-12.8771,0.0000,-12.8672,0.0000,0.0000,0.000,0.000,,0.0,,50,BAN,FRIEND,30,BAN,1,goc=-30;cu_ly=25;lan=1,1
14.1620,1790254684.037920,0.0203,0,,,0.000,,,0.0000,0.0000,0.0000,0.0000,0.0000,-13.0000,-55.8375,0.2797,0.0210,BAN_NGHI,0.0000,-12.8771,0.0000,-12.8672,0.0000,0.0000,0.000,0.000,,0.0,,50,BAN,FRIEND,30,BAN,1,goc=-30;cu_ly=25;lan=1,1
14.1820,1790254684.057877,0.0200,0,,,0.000,,,0.0000,0.0000,0.0000,0.0000,0.0000,-13.0000,-55.8375,0.2797,0.0210,BAN_NGHI,0.0000,-12.8771,0.0000,-12.8672,0.0000,0.0000,0.000,0.000,,0.0,,50,BAN,FRIEND,30,BAN,1,goc=-30;cu_ly=25;lan=1,1
14.2023,1790254684.078270,0.0203,0,,,0.000,,,0.0000,0.0000,0.0000,0.0000,0.0000,-13.0000,-55.8375,0.2797,0.0210,BAN_NGHI,0.0000,-12.8771,0.0000,-12.8672,0.0000,0.0000,0.000,0.000,,0.0,,50,BAN,FRIEND,30,BAN,1,goc=-30;cu_ly=25;lan=1,1
14.2223,1790254684.098176,0.0200,0,,,0.000,,,0.0000,0.0000,0.0000,0.0000,0.0000,-13.0000,-55.8375,0.2797,0.0210,BAN_NGHI,0.0000,-12.8771,0.0000,-12.8672,0.0000,0.0000,0.000,0.000,,0.0,,50,BAN,FRIEND,30,BAN,1,goc=-30;cu_ly=25;lan=1,1
14.2424,1790254684.118128,0.0200,0,,,0.000,,,0.0000,0.0000,0.0000,0.0000,0.0000,-13.0000,-55.8375,0.2797,0.0210,BAN_NGHI,0.0000,-12.8771,0.0000,-12.8672,0.0000,0.0000,0.000,0.000,,0.0,,50,BAN,FRIEND,30,BAN,1,goc=-30;cu_ly=25;lan=1,1
14.2625,1790254684.138297,0.0202,0,,,0.000,,,0.0000,0.0000,0.0000,0.0000,0.0000,-13.0000,-55.8375,0.2797,0.0210,BAN_NGHI,0.0000,-12.8771,0.0000,-12.8672,0.0000,0.0000,0.000,0.000,,0.0,,50,BAN,FRIEND,30,BAN,1,goc=-30;cu_ly=25;lan=1,1
14.2825,1790254684.158450,0.0200,0,,,0.000,,,0.0000,0.0000,0.0000,0.0000,0.0000,-13.0000,-54.7085,0.2806,0.0550,BAN_NGHI,0.0000,-12.8771,0.0000,-12.8672,0.0000,0.0000,0.000,0.000,,0.0,,50,BAN,FRIEND,30,BAN,1,goc=-30;cu_ly=25;lan=1,1
14.3027,1790254684.178596,0.0202,0,,,0.000,,,0.0000,0.0000,0.0000,0.0000,0.0000,-13.0000,-54.7085,0.2806,0.0550,BAN_NGHI,0.0000,-12.8771,0.0000,-12.8672,0.0000,0.0000,0.000,0.000,,0.0,,50,BAN,FRIEND,30,BAN,1,goc=-30;cu_ly=25;lan=1,1
14.3230,1790254684.198789,0.0203,0,,,0.000,,,0.0000,0.0000,0.0000,0.0000,0.0000,-13.0000,-54.7085,0.2806,0.0550,BAN_NGHI,0.0000,-12.8771,0.0000,-12.8672,0.0000,0.0000,0.000,0.000,,0.0,,50,BAN,FRIEND,30,BAN,1,goc=-30;cu_ly=25;lan=1,1
14.3437,1790254684.219470,0.0207,0,,,0.000,,,0.0000,0.0000,0.0000,0.0000,0.0000,-13.0000,-54.7085,0.2806,0.0550,BAN_NGHI,0.0000,-12.8771,0.0000,-12.8672,0.0000,0.0000,0.000,0.000,,0.0,,50,BAN,FRIEND,30,BAN,1,goc=-30;cu_ly=25;lan=1,1
14.3638,1790254684.239515,0.0201,0,,,0.000,,,0.0000,0.0000,0.0000,0.0000,0.0000,-13.0000,-54.7085,0.2806,0.0550,BAN_NGHI,0.0000,-12.8771,0.0000,-12.8672,0.0000,0.0000,0.000,0.000,,0.0,,50,BAN,FRIEND,30,BAN,1,goc=-30;cu_ly=25;lan=1,1
14.3843,1790254684.260193,0.0206,0,,,0.000,,,0.0000,0.0000,0.0000,0.0000,0.0000,-13.0000,-54.7085,0.2806,0.0550,BAN_NGHI,0.0000,-12.8771,0.0000,-12.8672,0.0000,0.0000,0.000,0.000,,0.0,,50,BAN,FRIEND,30,BAN,1,goc=-30;cu_ly=25;lan=1,1
14.4048,1790254684.280685,0.0205,0,,,0.000,,,0.0000,0.0000,0.0000,0.0000,0.0000,-13.0000,-53.0465,0.2811,0.0711,BAN_NGHI,0.0000,-12.8771,0.0000,-12.8672,0.0000,0.0000,0.000,0.000,,0.0,,50,BAN,FRIEND,30,BAN,1,goc=-30;cu_ly=25;lan=1,1
14.4253,1790254684.301062,0.0205,0,,,0.000,,,0.0000,0.0000,0.0000,0.0000,0.0000,-13.0000,-53.0465,0.2811,0.0711,BAN_NGHI,0.0000,-12.8771,0.0000,-12.8672,0.0000,0.0000,0.000,0.000,,0.0,,50,BAN,FRIEND,30,BAN,1,goc=-30;cu_ly=25;lan=1,1
14.4459,1790254684.321790,0.0206,0,,,0.000,,,0.0000,0.0000,0.0000,0.0000,0.0000,-13.0000,-53.0465,0.2811,0.0711,BAN_NGHI,0.0000,-12.8771,0.0000,-12.8672,0.0000,0.0000,0.000,0.000,,0.0,,50,BAN,FRIEND,30,BAN,1,goc=-30;cu_ly=25;lan=1,1
14.4660,1790254684.341780,0.0201,0,,,0.000,,,0.0000,0.0000,0.0000,0.0000,0.0000,-13.0000,-53.0465,0.2811,0.0711,BAN_NGHI,0.0000,-12.8771,0.0000,-12.8672,0.0000,0.0000,0.000,0.000,,0.0,,50,BAN,FRIEND,30,BAN,1,goc=-30;cu_ly=25;lan=1,1
14.4861,1790254684.362006,0.0200,0,,,0.000,,,0.0000,0.0000,0.0000,0.0000,0.0000,-13.0000,-53.0465,0.2811,0.0711,BAN_NGHI,0.0000,-12.8771,0.0000,-12.8672,0.0000,0.0000,0.000,0.000,,0.0,,50,BAN,FRIEND,30,BAN,1,goc=-30;cu_ly=25;lan=1,1
14.5063,1790254684.382188,0.0203,0,,,0.000,,,0.0000,0.0000,0.0000,0.0000,0.0000,-13.0000,-53.0465,0.2811,0.0711,BAN_NGHI,0.0000,-12.8771,0.0000,-12.8672,0.0000,0.0000,0.000,0.000,,0.0,,50,BAN,FRIEND,30,BAN,1,goc=-30;cu_ly=25;lan=1,1
14.5266,1790254684.402377,0.0202,0,,,0.000,,,0.0000,0.0000,0.0000,0.0000,0.0000,-13.0000,-50.6529,0.2801,0.0951,BAN_NGHI,0.0000,-12.8771,0.0000,-12.8672,0.0000,0.0000,0.000,0.000,,0.0,,50,BAN,FRIEND,30,BAN,1,goc=-30;cu_ly=25;lan=1,1
14.5466,1790254684.422345,0.0201,0,,,0.000,,,0.0000,0.0000,0.0000,0.0000,0.0000,-13.0000,-50.6529,0.2801,0.0951,BAN_NGHI,0.0000,-12.8771,0.0000,-12.8672,0.0000,0.0000,0.000,0.000,,0.0,,50,BAN,FRIEND,30,BAN,1,goc=-30;cu_ly=25;lan=1,1
14.5667,1790254684.442403,0.0201,0,,,0.000,,,0.0000,0.0000,0.0000,0.0000,0.0000,-13.0000,-50.6529,0.2801,0.0951,BAN_NGHI,0.0000,-12.8771,0.0000,-12.8672,0.0000,0.0000,0.000,0.000,,0.0,,50,BAN,FRIEND,30,BAN,1,goc=-30;cu_ly=25;lan=1,1
14.5871,1790254684.462981,0.0204,0,,,0.000,,,0.0000,0.0000,0.0000,0.0000,0.0000,-13.0000,-50.6529,0.2801,0.0951,BAN_NGHI,0.0000,-12.8771,0.0000,-12.8672,0.0000,0.0000,0.000,0.000,,0.0,,50,BAN,FRIEND,30,BAN,1,goc=-30;cu_ly=25;lan=1,1
14.6073,1790254684.483300,0.0202,0,,,0.000,,,0.0000,0.0000,0.0000,0.0000,0.0000,-13.0000,-50.6529,0.2801,0.0951,BAN_NGHI,0.0000,-12.8771,0.0000,-12.8672,0.0000,0.0000,0.000,0.000,,0.0,,50,BAN,FRIEND,30,BAN,1,goc=-30;cu_ly=25;lan=1,1
14.6278,1790254684.503729,0.0204,0,,,0.000,,,0.0000,0.0000,0.0000,0.0000,0.0000,-13.0000,-50.6529,0.2801,0.0951,BAN_NGHI,0.0000,-12.8771,0.0000,-12.8672,0.0000,0.0000,0.000,0.000,,0.0,,50,BAN,FRIEND,30,BAN,1,goc=-30;cu_ly=25;lan=1,1
14.6486,1790254684.524550,0.0208,0,,,0.000,,,0.0000,0.0000,0.0000,0.0000,0.0000,-13.0000,-47.5967,0.2805,0.1174,BAN_NGHI,0.0000,-12.8771,0.0000,-12.8672,0.0000,0.0000,0.000,0.000,,0.0,,50,BAN,FRIEND,30,BAN,1,goc=-30;cu_ly=25;lan=1,1
14.6690,1790254684.544950,0.0204,0,,,0.000,,,0.0000,0.0000,0.0000,0.0000,0.0000,-13.0000,-47.5967,0.2805,0.1174,BAN_NGHI,0.0000,-12.8771,0.0000,-12.8672,0.0000,0.0000,0.000,0.000,,0.0,,50,BAN,FRIEND,30,BAN,1,goc=-30;cu_ly=25;lan=1,1
14.6890,1790254684.564935,0.0200,0,,,0.000,,,0.0000,0.0000,0.0000,0.0000,0.0000,-13.0000,-47.5967,0.2805,0.1174,BAN_NGHI,0.0000,-12.8771,0.0000,-12.8672,0.0000,0.0000,0.000,0.000,,0.0,,50,BAN,FRIEND,30,BAN,1,goc=-30;cu_ly=25;lan=1,1
14.7099,1790254684.585784,0.0208,0,,,0.000,,,0.0000,0.0000,0.0000,0.0000,0.0000,-13.0000,-47.5967,0.2805,0.1174,BAN_NGHI,0.0000,-12.8771,0.0000,-12.8672,0.0000,0.0000,0.000,0.000,,0.0,,50,BAN,FRIEND,30,BAN,1,goc=-30;cu_ly=25;lan=1,1
14.7305,1790254684.606426,0.0206,0,,,0.000,,,0.0000,0.0000,0.0000,0.0000,0.0000,-13.0000,-47.5967,0.2805,0.1174,BAN_NGHI,0.0000,-12.8771,0.0000,-12.8672,0.0000,0.0000,0.000,0.000,,0.0,,50,BAN,FRIEND,30,BAN,1,goc=-30;cu_ly=25;lan=1,1
14.7509,1790254684.626808,0.0203,0,,,0.000,,,0.0000,0.0000,0.0000,0.0000,0.0000,-13.0000,-47.5967,0.2805,0.1174,BAN_NGHI,0.0000,-12.8771,0.0000,-12.8672,0.0000,0.0000,0.000,0.000,,0.0,,50,BAN,FRIEND,30,BAN,1,goc=-30;cu_ly=25;lan=1,1
14.7716,1790254684.647409,0.0207,0,,,0.000,,,0.0000,0.0000,0.0000,0.0000,0.0000,-13.0000,-44.3004,0.2817,0.1286,BAN_NGHI,0.0000,-12.8771,0.0000,-12.8672,0.0000,0.0000,0.000,0.000,,0.0,,50,BAN,FRIEND,30,BAN,1,goc=-30;cu_ly=25;lan=1,1
14.7923,1790254684.668186,0.0207,0,,,0.000,,,0.0000,0.0000,0.0000,0.0000,0.0000,-13.0000,-44.3004,0.2817,0.1286,BAN_NGHI,0.0000,-12.8771,0.0000,-12.8672,0.0000,0.0000,0.000,0.000,,0.0,,50,BAN,FRIEND,30,BAN,1,goc=-30;cu_ly=25;lan=1,1
14.8125,1790254684.688412,0.0202,0,,,0.000,,,0.0000,0.0000,0.0000,0.0000,0.0000,-13.0000,-44.3004,0.2817,0.1286,BAN_NGHI,0.0000,-12.8771,0.0000,-12.8672,0.0000,0.0000,0.000,0.000,,0.0,,50,BAN,FRIEND,30,BAN,1,goc=-30;cu_ly=25;lan=1,1
14.8325,1790254684.708376,0.0201,0,,,0.000,,,0.0000,0.0000,0.0000,0.0000,0.0000,-13.0000,-44.3004,0.2817,0.1286,BAN_NGHI,0.0000,-12.8771,0.0000,-12.8672,0.0000,0.0000,0.000,0.000,,0.0,,50,BAN,FRIEND,30,BAN,1,goc=-30;cu_ly=25;lan=1,1
14.8527,1790254684.728624,0.0202,0,,,0.000,,,0.0000,0.0000,0.0000,0.0000,0.0000,-13.0000,-44.3004,0.2817,0.1286,BAN_NGHI,0.0000,-12.8771,0.0000,-12.8672,0.0000,0.0000,0.000,0.000,,0.0,,50,BAN,FRIEND,30,BAN,1,goc=-30;cu_ly=25;lan=1,1
14.8729,1790254684.748591,0.0202,0,,,0.000,,,0.0000,0.0000,0.0000,0.0000,0.0000,-13.0000,-40.4069,0.2821,0.1496,BAN_NGHI,0.0000,-12.8771,0.0000,-12.8672,0.0000,0.0000,0.000,0.000,,0.0,,50,BAN,FRIEND,30,BAN,1,goc=-30;cu_ly=25;lan=1,1
14.8933,1790254684.769261,0.0204,0,,,0.000,,,0.0000,0.0000,0.0000,0.0000,0.0000,-13.0000,-40.4069,0.2821,0.1496,BAN_NGHI,0.0000,-12.8771,0.0000,-12.8672,0.0000,0.0000,0.000,0.000,,0.0,,50,BAN,FRIEND,30,BAN,1,goc=-30;cu_ly=25;lan=1,1
14.9137,1790254684.789665,0.0204,0,,,0.000,,,0.0000,0.0000,0.0000,0.0000,0.0000,-13.0000,-40.4069,0.2821,0.1496,BAN_NGHI,0.0000,-12.8771,0.0000,-12.8672,0.0000,0.0000,0.000,0.000,,0.0,,50,BAN,FRIEND,30,BAN,1,goc=-30;cu_ly=25;lan=1,1
14.9338,1790254684.809724,0.0200,0,,,0.000,,,0.0000,0.0000,0.0000,0.0000,0.0000,-13.0000,-40.4069,0.2821,0.1496,BAN_NGHI,0.0000,-12.8771,0.0000,-12.8672,0.0000,0.0000,0.000,0.000,,0.0,,50,BAN,FRIEND,30,BAN,1,goc=-30;cu_ly=25;lan=1,1
14.9542,1790254684.829986,0.0204,0,,,0.000,,,0.0000,0.0000,0.0000,0.0000,0.0000,-13.0000,-40.4069,0.2821,0.1496,BAN_NGHI,0.0000,-12.8771,0.0000,-12.8672,0.0000,0.0000,0.000,0.000,,0.0,,50,BAN,FRIEND,30,BAN,1,goc=-30;cu_ly=25;lan=1,1
14.9745,1790254684.850438,0.0203,0,,,0.000,,,0.0000,0.0000,0.0000,0.0000,0.0000,-13.0000,-40.4069,0.2821,0.1496,BAN_NGHI,0.0000,-12.8771,0.0000,-12.8672,0.0000,0.0000,0.000,0.000,,0.0,,50,BAN,FRIEND,30,BAN,1,goc=-30;cu_ly=25;lan=1,1
14.9950,1790254684.870926,0.0206,0,,,0.000,,,0.0000,0.0000,0.0000,0.0000,0.0000,-13.0000,-36.5476,0.2833,0.1537,BAN_NGHI,0.0000,-12.8771,0.0000,-12.8672,0.0000,0.0000,0.000,0.000,,0.0,,50,BAN,FRIEND,30,BAN,1,goc=-30;cu_ly=25;lan=1,1
15.0155,1790254684.891416,0.0204,0,,,0.000,,,0.0000,0.0000,0.0000,0.0000,0.0000,-13.0000,-36.5476,0.2833,0.1537,BAN_NGHI,0.0000,-12.8771,0.0000,-12.8672,0.0000,0.0000,0.000,0.000,,0.0,,50,BAN,FRIEND,30,BAN,1,goc=-30;cu_ly=25;lan=1,1
15.0358,1790254684.911693,0.0203,0,,,0.000,,,0.0000,0.0000,0.0000,0.0000,0.0000,-13.0000,-36.5476,0.2833,0.1537,BAN_NGHI,0.0000,-12.8771,0.0000,-12.8672,0.0000,0.0000,0.000,0.000,,0.0,,50,BAN,FRIEND,30,BAN,1,goc=-30;cu_ly=25;lan=1,1
15.0563,1790254684.932195,0.0205,0,,,0.000,,,0.0000,0.0000,0.0000,0.0000,0.0000,-13.0000,-36.5476,0.2833,0.1537,BAN_NGHI,0.0000,-12.8771,0.0000,-12.8672,0.0000,0.0000,0.000,0.000,,0.0,,50,BAN,FRIEND,30,BAN,1,goc=-30;cu_ly=25;lan=1,1
15.0765,1790254684.952228,0.0202,0,,,0.000,,,0.0000,0.0000,0.0000,0.0000,0.0000,-13.0000,-36.5476,0.2833,0.1537,BAN_NGHI,0.0000,-12.8771,0.0000,-12.8672,0.0000,0.0000,0.000,0.000,,0.0,,50,BAN,FRIEND,30,BAN,1,goc=-30;cu_ly=25;lan=1,1
15.0971,1790254684.972970,0.0206,0,,,0.000,,,0.0000,0.0000,0.0000,0.0000,0.0000,-13.0000,-36.5476,0.2833,0.1537,BAN_NGHI,0.0000,-12.8771,0.0000,-12.8672,0.0000,0.0000,0.000,0.000,,0.0,,50,BAN,FRIEND,30,BAN,1,goc=-30;cu_ly=25;lan=1,1
15.1173,1790254684.993182,0.0202,0,,,0.000,,,0.0000,0.0000,0.0000,0.0000,0.0000,-13.0000,-32.3781,0.2859,0.1672,BAN_NGHI,0.0000,-12.8771,0.0000,-12.8672,0.0000,0.0000,0.000,0.000,,0.0,,50,BAN,FRIEND,30,BAN,1,goc=-30;cu_ly=25;lan=1,1
15.1379,1790254685.013740,0.0205,0,,,0.000,,,0.0000,0.0000,0.0000,0.0000,0.0000,-13.0000,-32.3781,0.2859,0.1672,BAN_NGHI,0.0000,-12.8771,0.0000,-12.8672,0.0000,0.0000,0.000,0.000,,0.0,,50,BAN,FRIEND,30,BAN,1,goc=-30;cu_ly=25;lan=1,1
15.1589,1790254685.034782,0.0210,0,,,0.000,,,0.0000,0.0000,0.0000,0.0000,0.0000,-13.0000,-32.3781,0.2859,0.1672,BAN_NGHI,0.0000,-12.8771,0.0000,-12.8672,0.0000,0.0000,0.000,0.000,,0.0,,50,BAN,FRIEND,30,BAN,1,goc=-30;cu_ly=25;lan=1,1
15.1791,1790254685.054995,0.0203,0,,,0.000,,,0.0000,0.0000,0.0000,0.0000,0.0000,-13.0000,-32.3781,0.2859,0.1672,BAN_NGHI,0.0000,-12.8771,0.0000,-12.8672,0.0000,0.0000,0.000,0.000,,0.0,,50,BAN,FRIEND,30,BAN,1,goc=-30;cu_ly=25;lan=1,1
15.1996,1790254685.075487,0.0205,0,,,0.000,,,0.0000,0.0000,0.0000,0.0000,0.0000,-13.0000,-32.3781,0.2859,0.1672,BAN_NGHI,0.0000,-12.8771,0.0000,-12.8672,0.0000,0.0000,0.000,0.000,,0.0,,50,BAN,FRIEND,30,BAN,1,goc=-30;cu_ly=25;lan=1,1
15.2197,1790254685.095615,0.0200,0,,,0.000,,,0.0000,0.0000,0.0000,0.0000,0.0000,-13.0000,-32.3781,0.2859,0.1672,BAN_NGHI,0.0000,-12.8771,0.0000,-12.8672,0.0000,0.0000,0.000,0.000,,0.0,,50,BAN,FRIEND,30,BAN,1,goc=-30;cu_ly=25;lan=1,1
15.2397,1790254685.115642,0.0201,0,,,0.000,,,0.0000,0.0000,0.0000,0.0000,0.0000,-13.0000,-28.7857,0.2899,0.1566,BAN_NGHI,0.0000,-12.8771,0.0000,-12.8672,0.0000,0.0000,0.000,0.000,,0.0,,50,BAN,FRIEND,30,BAN,1,goc=-30;cu_ly=25;lan=1,1
15.2600,1790254685.135820,0.0203,0,,,0.000,,,0.0000,0.0000,0.0000,0.0000,0.0000,-13.0000,-28.7857,0.2899,0.1566,BAN_NGHI,0.0000,-12.8771,0.0000,-12.8672,0.0000,0.0000,0.000,0.000,,0.0,,50,BAN,FRIEND,30,BAN,1,goc=-30;cu_ly=25;lan=1,1
15.2805,1790254685.156468,0.0205,0,,,0.000,,,0.0000,0.0000,0.0000,0.0000,0.0000,-13.0000,-28.7857,0.2899,0.1566,BAN_NGHI,0.0000,-12.8771,0.0000,-12.8672,0.0000,0.0000,0.000,0.000,,0.0,,50,BAN,FRIEND,30,BAN,1,goc=-30;cu_ly=25;lan=1,1
15.3006,1790254685.176521,0.0201,0,,,0.000,,,0.0000,0.0000,0.0000,0.0000,0.0000,-13.0000,-28.7857,0.2899,0.1566,BAN_NGHI,0.0000,-12.8771,0.0000,-12.8672,0.0000,0.0000,0.000,0.000,,0.0,,50,BAN,FRIEND,30,BAN,1,goc=-30;cu_ly=25;lan=1,1
15.3211,1790254685.196960,0.0205,0,,,0.000,,,0.0000,0.0000,0.0000,0.0000,0.0000,-13.0000,-28.7857,0.2899,0.1566,BAN_NGHI,0.0000,-12.8771,0.0000,-12.8672,0.0000,0.0000,0.000,0.000,,0.0,,50,BAN,FRIEND,30,BAN,1,goc=-30;cu_ly=25;lan=1,1
15.3419,1790254685.217735,0.0209,0,,,0.000,,,0.0000,0.0000,0.0000,0.0000,0.0000,-13.0000,-25.3520,0.2934,0.1527,BAN_NGHI,0.0000,-12.8771,0.0000,-12.8672,0.0000,0.0000,0.000,0.000,,0.0,,50,BAN,FRIEND,30,BAN,1,goc=-30;cu_ly=25;lan=1,1
15.3622,1790254685.238158,0.0203,0,,,0.000,,,0.0000,0.0000,0.0000,0.0000,0.0000,-13.0000,-25.3520,0.2934,0.1527,BAN_NGHI,0.0000,-12.8771,0.0000,-12.8672,0.0000,0.0000,0.000,0.000,,0.0,,50,BAN,FRIEND,30,BAN,1,goc=-30;cu_ly=25;lan=1,1
15.3828,1790254685.258653,0.0206,0,,,0.000,,,0.0000,0.0000,0.0000,0.0000,0.0000,-13.0000,-25.3520,0.2934,0.1527,BAN_NGHI,0.0000,-12.8771,0.0000,-12.8672,0.0000,0.0000,0.000,0.000,,0.0,,50,BAN,FRIEND,30,BAN,1,goc=-30;cu_ly=25;lan=1,1
15.4033,1790254685.279049,0.0205,0,,,0.000,,,0.0000,0.0000,0.0000,0.0000,0.0000,-13.0000,-25.3520,0.2934,0.1527,BAN_NGHI,0.0000,-12.8771,0.0000,-12.8672,0.0000,0.0000,0.000,0.000,,0.0,,50,BAN,FRIEND,30,BAN,1,goc=-30;cu_ly=25;lan=1,1
15.4239,1790254685.299690,0.0206,0,,,0.000,,,0.0000,0.0000,0.0000,0.0000,0.0000,-13.0000,-25.3520,0.2934,0.1527,BAN_NGHI,0.0000,-12.8771,0.0000,-12.8672,0.0000,0.0000,0.000,0.000,,0.0,,50,BAN,FRIEND,30,BAN,1,goc=-30;cu_ly=25;lan=1,1
15.4445,1790254685.320289,0.0206,0,,,0.000,,,0.0000,0.0000,0.0000,0.0000,0.0000,-13.0000,-25.3520,0.2934,0.1527,BAN_NGHI,0.0000,-12.8771,0.0000,-12.8672,0.0000,0.0000,0.000,0.000,,0.0,,50,BAN,FRIEND,30,BAN,1,goc=-30;cu_ly=25;lan=1,1
15.4646,1790254685.340391,0.0202,0,,,0.000,,,0.0000,0.0000,0.0000,0.0000,0.0000,-13.0000,-22.2052,0.2980,0.1463,BAN_NGHI,0.0000,-12.8771,0.0000,-12.8672,0.0000,0.0000,0.000,0.000,,0.0,,50,BAN,FRIEND,30,BAN,1,goc=-30;cu_ly=25;lan=1,1
15.4853,1790254685.361027,0.0206,0,,,0.000,,,0.0000,0.0000,0.0000,0.0000,0.0000,-13.0000,-22.2052,0.2980,0.1463,BAN_NGHI,0.0000,-12.8771,0.0000,-12.8672,0.0000,0.0000,0.000,0.000,,0.0,,50,BAN,FRIEND,30,BAN,1,goc=-30;cu_ly=25;lan=1,1
15.5053,1790254685.381219,0.0200,0,,,0.000,,,0.0000,0.0000,0.0000,0.0000,0.0000,-13.0000,-22.2052,0.2980,0.1463,BAN_NGHI,0.0000,-12.8771,0.0000,-12.8672,0.0000,0.0000,0.000,0.000,,0.0,,50,BAN,FRIEND,30,BAN,1,goc=-30;cu_ly=25;lan=1,1
15.5261,1790254685.401888,0.0208,0,,,0.000,,,0.0000,0.0000,0.0000,0.0000,0.0000,-13.0000,-22.2052,0.2980,0.1463,BAN_NGHI,0.0000,-12.8771,0.0000,-12.8672,0.0000,0.0000,0.000,0.000,,0.0,,50,BAN,FRIEND,30,BAN,1,goc=-30;cu_ly=25;lan=1,1
15.5467,1790254685.422553,0.0206,0,,,0.000,,,0.0000,0.0000,0.0000,0.0000,0.0000,-13.0000,-22.2052,0.2980,0.1463,BAN_NGHI,0.0000,-12.8771,0.0000,-12.8672,0.0000,0.0000,0.000,0.000,,0.0,,50,BAN,FRIEND,30,BAN,1,goc=-30;cu_ly=25;lan=1,1
15.5670,1790254685.442873,0.0204,0,,,0.000,,,0.0000,0.0000,0.0000,0.0000,0.0000,-13.0000,-22.2052,0.2980,0.1463,BAN_NGHI,0.0000,-12.8771,0.0000,-12.8672,0.0000,0.0000,0.000,0.000,,0.0,,50,BAN,FRIEND,30,BAN,1,goc=-30;cu_ly=25;lan=1,1
15.5879,1790254685.463682,0.0209,0,,,0.000,,,0.0000,0.0000,0.0000,0.0000,0.0000,-13.0000,-19.1824,0.3033,0.1442,BAN_NGHI,0.0000,-12.8771,0.0000,-12.8672,0.0000,0.0000,0.000,0.000,,0.0,,50,BAN,FRIEND,30,BAN,1,goc=-30;cu_ly=25;lan=1,1
15.6086,1790254685.484508,0.0207,0,,,0.000,,,0.0000,0.0000,0.0000,0.0000,0.0000,-13.0000,-19.1824,0.3033,0.1442,BAN_NGHI,0.0000,-12.8771,0.0000,-12.8672,0.0000,0.0000,0.000,0.000,,0.0,,50,BAN,FRIEND,30,BAN,1,goc=-30;cu_ly=25;lan=1,1
15.6291,1790254685.504959,0.0205,0,,,0.000,,,0.0000,0.0000,0.0000,0.0000,0.0000,-13.0000,-19.1824,0.3033,0.1442,BAN_NGHI,0.0000,-12.8771,0.0000,-12.8672,0.0000,0.0000,0.000,0.000,,0.0,,50,BAN,FRIEND,30,BAN,1,goc=-30;cu_ly=25;lan=1,1
15.6491,1790254685.525045,0.0201,0,,,0.000,,,0.0000,0.0000,0.0000,0.0000,0.0000,-13.0000,-19.1824,0.3033,0.1442,BAN_NGHI,0.0000,-12.8771,0.0000,-12.8672,0.0000,0.0000,0.000,0.000,,0.0,,50,BAN,FRIEND,30,BAN,1,goc=-30;cu_ly=25;lan=1,1
15.6693,1790254685.545133,0.0201,0,,,0.000,,,0.0000,0.0000,0.0000,0.0000,0.0000,-13.0000,-19.1824,0.3033,0.1442,BAN_NGHI,0.0000,-12.8771,0.0000,-12.8672,0.0000,0.0000,0.000,0.000,,0.0,,50,BAN,FRIEND,30,BAN,1,goc=-30;cu_ly=25;lan=1,1
15.6893,1790254685.565230,0.0201,0,,,0.000,,,0.0000,0.0000,0.0000,0.0000,0.0000,-13.0000,-16.2367,0.3071,0.1397,BAN_NGHI,0.0000,-12.8771,0.0000,-12.8672,0.0000,0.0000,0.000,0.000,,0.0,,50,BAN,FRIEND,30,BAN,1,goc=-30;cu_ly=25;lan=1,1
15.7098,1790254685.585623,0.0205,0,,,0.000,,,0.0000,0.0000,0.0000,0.0000,0.0000,-13.0000,-16.2367,0.3071,0.1397,BAN_NGHI,0.0000,-12.8771,0.0000,-12.8672,0.0000,0.0000,0.000,0.000,,0.0,,50,BAN,FRIEND,30,BAN,1,goc=-30;cu_ly=25;lan=1,1
15.7302,1790254685.606126,0.0204,0,,,0.000,,,0.0000,0.0000,0.0000,0.0000,0.0000,-13.0000,-16.2367,0.3071,0.1397,BAN_NGHI,0.0000,-12.8771,0.0000,-12.8672,0.0000,0.0000,0.000,0.000,,0.0,,50,BAN,FRIEND,30,BAN,1,goc=-30;cu_ly=25;lan=1,1
15.7502,1790254685.626130,0.0200,0,,,0.000,,,0.0000,0.0000,0.0000,0.0000,0.0000,-13.0000,-16.2367,0.3071,0.1397,BAN_NGHI,0.0000,-12.8771,0.0000,-12.8672,0.0000,0.0000,0.000,0.000,,0.0,,50,BAN,FRIEND,30,BAN,1,goc=-30;cu_ly=25;lan=1,1
15.7708,1790254685.646801,0.0206,0,,,0.000,,,0.0000,0.0000,0.0000,0.0000,0.0000,-13.0000,-16.2367,0.3071,0.1397,BAN_NGHI,0.0000,-12.8771,0.0000,-12.8672,0.0000,0.0000,0.000,0.000,,0.0,,50,BAN,FRIEND,30,BAN,1,goc=-30;cu_ly=25;lan=1,1
15.7909,1790254685.666733,0.0201,0,,,0.000,,,0.0000,0.0000,0.0000,0.0000,0.0000,-13.0000,-16.2367,0.3071,0.1397,BAN_NGHI,0.0000,-12.8771,0.0000,-12.8672,0.0000,0.0000,0.000,0.000,,0.0,,50,BAN,FRIEND,30,BAN,1,goc=-30;cu_ly=25;lan=1,1
15.8114,1790254685.687202,0.0204,0,,,0.000,,,0.0000,0.0000,0.0000,0.0000,0.0000,-13.0000,-16.2367,0.3071,0.1397,BAN_NGHI,0.0000,-12.8771,0.0000,-12.8672,0.0000,0.0000,0.000,0.000,,0.0,,50,BAN,FRIEND,30,BAN,1,goc=-30;cu_ly=25;lan=1,1
15.8315,1790254685.707457,0.0202,0,,,0.000,,,0.0000,0.0000,0.0000,0.0000,0.0000,-13.0000,-13.0708,0.3118,0.1482,BAN_NGHI,0.0000,-12.8771,0.0000,-12.8672,0.0000,0.0000,0.000,0.000,,0.0,,50,BAN,FRIEND,30,BAN,1,goc=-30;cu_ly=25;lan=1,1
15.8522,1790254685.727958,0.0207,0,,,0.000,,,0.0000,0.0000,0.0000,0.0000,0.0000,-13.0000,-13.0708,0.3118,0.1482,BAN_NGHI,0.0000,-12.8771,0.0000,-12.8672,0.0000,0.0000,0.000,0.000,,0.0,,50,BAN,FRIEND,30,BAN,1,goc=-30;cu_ly=25;lan=1,1
15.8726,1790254685.748368,0.0204,0,,,0.000,,,0.0000,0.0000,0.0000,0.0000,0.0000,-13.0000,-13.0708,0.3118,0.1482,BAN_NGHI,0.0000,-12.8771,0.0000,-12.8672,0.0000,0.0000,0.000,0.000,,0.0,,50,BAN,FRIEND,30,BAN,1,goc=-30;cu_ly=25;lan=1,1
15.8932,1790254685.768997,0.0206,0,,,0.000,,,0.0000,0.0000,0.0000,0.0000,0.0000,-13.0000,-13.0708,0.3118,0.1482,BAN_NGHI,0.0000,-12.8771,0.0000,-12.8672,0.0000,0.0000,0.000,0.000,,0.0,,50,BAN,FRIEND,30,BAN,1,goc=-30;cu_ly=25;lan=1,1
15.9133,1790254685.789160,0.0200,0,,,0.000,,,0.0000,0.0000,0.0000,0.0000,0.0000,-13.0000,-13.0708,0.3118,0.1482,BAN_NGHI,0.0000,-12.8771,0.0000,-12.8672,0.0000,0.0000,0.000,0.000,,0.0,,50,BAN,FRIEND,30,BAN,1,goc=-30;cu_ly=25;lan=1,1
15.9338,1790254685.809719,0.0206,0,,,0.000,,,0.0000,0.0000,0.0000,0.0000,0.0000,-13.0000,-10.6206,0.3178,0.1307,BAN_NGHI,0.0000,-12.8771,0.0000,-12.8672,0.0000,0.0000,0.000,0.000,,0.0,,50,BAN,FRIEND,30,BAN,1,goc=-30;cu_ly=25;lan=1,1
15.9544,1790254685.830309,0.0206,0,,,0.000,,,0.0000,0.0000,0.0000,0.0000,0.0000,-13.0000,-10.6206,0.3178,0.1307,BAN_NGHI,0.0000,-12.8771,0.0000,-12.8672,0.0000,0.0000,0.000,0.000,,0.0,,50,BAN,FRIEND,30,BAN,1,goc=-30;cu_ly=25;lan=1,1
15.9747,1790254685.850454,0.0203,0,,,0.000,,,0.0000,0.0000,0.0000,0.0000,0.0000,-13.0000,-10.6206,0.3178,0.1307,BAN_NGHI,0.0000,-12.8771,0.0000,-12.8672,0.0000,0.0000,0.000,0.000,,0.0,,50,BAN,FRIEND,30,BAN,1,goc=-30;cu_ly=25;lan=1,1
15.9952,1790254685.870890,0.0205,0,,,0.000,,,0.0000,0.0000,0.0000,0.0000,0.0000,-13.0000,-10.6206,0.3178,0.1307,BAN_NGHI,0.0000,-12.8771,0.0000,-12.8672,0.0000,0.0000,0.000,0.000,,0.0,,50,BAN,FRIEND,30,BAN,1,goc=-30;cu_ly=25;lan=1,1
16.0154,1790254685.891300,0.0203,0,,,0.000,,,0.0000,0.0000,0.0000,0.0000,0.0000,-13.0000,-10.6206,0.3178,0.1307,BAN_NGHI,0.0000,-12.8771,0.0000,-12.8672,0.0000,0.0000,0.000,0.000,,0.0,,50,BAN,FRIEND,30,BAN,1,goc=-30;cu_ly=25;lan=1,1
16.0357,1790254685.911454,0.0202,0,,,0.000,,,0.0000,0.0000,0.0000,0.0000,0.0000,-13.0000,-10.6206,0.3178,0.1307,BAN_NGHI,0.0000,-12.8771,0.0000,-12.8672,0.0000,0.0000,0.000,0.000,,0.0,,50,BAN,FRIEND,30,BAN,1,goc=-30;cu_ly=25;lan=1,1
16.0560,1790254685.931794,0.0203,0,,,0.000,,,0.0000,0.0000,0.0000,0.0000,0.0000,-13.0000,-7.5020,0.3232,0.1499,BAN_NGHI,0.0000,-12.8771,0.0000,-12.8672,0.0000,0.0000,0.000,0.000,,0.0,,50,BAN,FRIEND,30,BAN,1,goc=-30;cu_ly=25;lan=1,1
16.0767,1790254685.952621,0.0207,0,,,0.000,,,0.0000,0.0000,0.0000,0.0000,0.0000,-13.0000,-7.5020,0.3232,0.1499,BAN_NGHI,0.0000,-12.8771,0.0000,-12.8672,0.0000,0.0000,0.000,0.000,,0.0,,50,BAN,FRIEND,30,BAN,1,goc=-30;cu_ly=25;lan=1,1
16.0972,1790254685.973146,0.0205,0,,,0.000,,,0.0000,0.0000,0.0000,0.0000,0.0000,-13.0000,-7.5020,0.3232,0.1499,BAN_NGHI,0.0000,-12.8771,0.0000,-12.8672,0.0000,0.0000,0.000,0.000,,0.0,,50,BAN,FRIEND,30,BAN,1,goc=-30;cu_ly=25;lan=1,1
16.1176,1790254685.993528,0.0204,0,,,0.000,,,0.0000,0.0000,0.0000,0.0000,0.0000,-13.0000,-7.5020,0.3232,0.1499,BAN_NGHI,0.0000,-12.8771,0.0000,-12.8672,0.0000,0.0000,0.000,0.000,,0.0,,50,BAN,FRIEND,30,BAN,1,goc=-30;cu_ly=25;lan=1,1
16.1383,1790254686.014083,0.0207,0,,,0.000,,,0.0000,0.0000,0.0000,0.0000,0.0000,-13.0000,-7.5020,0.3232,0.1499,BAN_NGHI,0.0000,-12.8771,0.0000,-12.8672,0.0000,0.0000,0.000,0.000,,0.0,,50,BAN,FRIEND,30,BAN,1,goc=-30;cu_ly=25;lan=1,1
16.1587,1790254686.034568,0.0205,0,,,0.000,,,0.0000,0.0000,0.0000,0.0000,0.0000,-13.0000,-5.0656,0.3294,0.1330,BAN_NGHI,0.0000,-12.8771,0.0000,-12.8672,0.0000,0.0000,0.000,0.000,,0.0,,50,BAN,FRIEND,30,BAN,1,goc=-30;cu_ly=25;lan=1,1
16.1792,1790254686.055171,0.0205,0,,,0.000,,,0.0000,0.0000,0.0000,0.0000,0.0000,-13.0000,-5.0656,0.3294,0.1330,BAN_NGHI,0.0000,-12.8771,0.0000,-12.8672,0.0000,0.0000,0.000,0.000,,0.0,,50,BAN,FRIEND,30,BAN,1,goc=-30;cu_ly=25;lan=1,1
16.1996,1790254686.075531,0.0203,0,,,0.000,,,0.0000,0.0000,0.0000,0.0000,0.0000,-13.0000,-5.0656,0.3294,0.1330,BAN_NGHI,0.0000,-12.8771,0.0000,-12.8672,0.0000,0.0000,0.000,0.000,,0.0,,50,BAN,FRIEND,30,BAN,1,goc=-30;cu_ly=25;lan=1,1
16.2197,1790254686.095505,0.0201,0,,,0.000,,,0.0000,0.0000,0.0000,0.0000,0.0000,-13.0000,-5.0656,0.3294,0.1330,BAN_NGHI,0.0000,-12.8771,0.0000,-12.8672,0.0000,0.0000,0.000,0.000,,0.0,,50,BAN,FRIEND,30,BAN,1,goc=-30;cu_ly=25;lan=1,1
16.2399,1790254686.115801,0.0202,0,,,0.000,,,0.0000,0.0000,0.0000,0.0000,0.0000,-13.0000,-5.0656,0.3294,0.1330,BAN_NGHI,0.0000,-12.8771,0.0000,-12.8672,0.0000,0.0000,0.000,0.000,,0.0,,50,BAN,FRIEND,30,BAN,1,goc=-30;cu_ly=25;lan=1,1
16.2609,1790254686.136844,0.0210,0,,,0.000,,,0.0000,0.0000,0.0000,0.0000,0.0000,-13.0000,-5.0656,0.3294,0.1330,BAN_NGHI,0.0000,-12.8771,0.0000,-12.8672,0.0000,0.0000,0.000,0.000,,0.0,,50,BAN,FRIEND,30,BAN,1,goc=-30;cu_ly=25;lan=1,1
16.2811,1790254686.156975,0.0202,0,,,0.000,,,0.0000,0.0000,0.0000,0.0000,0.0000,-13.0000,-3.1033,0.3351,0.1158,BAN_NGHI,0.0000,-12.8771,0.0000,-12.8672,0.0000,0.0000,0.000,0.000,,0.0,,50,BAN,FRIEND,30,BAN,1,goc=-30;cu_ly=25;lan=1,1
16.3016,1790254686.177419,0.0205,0,,,0.000,,,0.0000,0.0000,0.0000,0.0000,0.0000,-13.0000,-3.1033,0.3351,0.1158,BAN_NGHI,0.0000,-12.8771,0.0000,-12.8672,0.0000,0.0000,0.000,0.000,,0.0,,50,BAN,FRIEND,30,BAN,1,goc=-30;cu_ly=25;lan=1,1
16.3217,1790254686.197509,0.0200,0,,,0.000,,,0.0000,0.0000,0.0000,0.0000,0.0000,-13.0000,-3.1033,0.3351,0.1158,BAN_NGHI,0.0000,-12.8771,0.0000,-12.8672,0.0000,0.0000,0.000,0.000,,0.0,,50,BAN,FRIEND,30,BAN,1,goc=-30;cu_ly=25;lan=1,1
16.3418,1790254686.217579,0.0201,0,,,0.000,,,0.0000,0.0000,0.0000,0.0000,0.0000,-13.0000,-3.1033,0.3351,0.1158,BAN_NGHI,0.0000,-12.8771,0.0000,-12.8672,0.0000,0.0000,0.000,0.000,,0.0,,50,BAN,FRIEND,30,BAN,1,goc=-30;cu_ly=25;lan=1,1
16.3619,1790254686.237650,0.0201,0,,,0.000,,,0.0000,0.0000,0.0000,0.0000,0.0000,-13.0000,-3.1033,0.3351,0.1158,BAN_NGHI,0.0000,-12.8771,0.0000,-12.8672,0.0000,0.0000,0.000,0.000,,0.0,,50,BAN,FRIEND,30,BAN,1,goc=-30;cu_ly=25;lan=1,1
16.3820,1790254686.257934,0.0201,0,,,0.000,,,0.0000,0.0000,0.0000,0.0000,0.0000,-13.0000,-3.1033,0.3351,0.1158,BAN_NGHI,0.0000,-12.8771,0.0000,-12.8672,0.0000,0.0000,0.000,0.000,,0.0,,50,BAN,FRIEND,30,BAN,1,goc=-30;cu_ly=25;lan=1,1
16.4026,1790254686.278522,0.0205,0,,,0.000,,,0.0000,0.0000,0.0000,0.0000,0.0000,-13.0000,-1.6576,0.3379,0.0875,BAN_NGHI,0.0000,-12.8771,0.0000,-12.8672,0.0000,0.0000,0.000,0.000,,0.0,,50,BAN,FRIEND,30,BAN,1,goc=-30;cu_ly=25;lan=1,1
16.4230,1790254686.298736,0.0204,0,,,0.000,,,0.0000,0.0000,0.0000,0.0000,0.0000,-13.0000,-1.6576,0.3379,0.0875,BAN_NGHI,0.0000,-12.8771,0.0000,-12.8672,0.0000,0.0000,0.000,0.000,,0.0,,50,BAN,FRIEND,30,BAN,1,goc=-30;cu_ly=25;lan=1,1
16.4431,1790254686.318867,0.0201,0,,,0.000,,,0.0000,0.0000,0.0000,0.0000,0.0000,-13.0000,-1.6576,0.3379,0.0875,BAN_NGHI,0.0000,-12.8771,0.0000,-12.8672,0.0000,0.0000,0.000,0.000,,0.0,,50,BAN,FRIEND,30,BAN,1,goc=-30;cu_ly=25;lan=1,1
16.4634,1790254686.339249,0.0203,0,,,0.000,,,0.0000,0.0000,0.0000,0.0000,0.0000,-13.0000,-1.6576,0.3379,0.0875,BAN_NGHI,0.0000,-12.8771,0.0000,-12.8672,0.0000,0.0000,0.000,0.000,,0.0,,50,BAN,FRIEND,30,BAN,1,goc=-30;cu_ly=25;lan=1,1
16.4836,1790254686.359561,0.0202,0,,,0.000,,,0.0000,0.0000,0.0000,0.0000,0.0000,-13.0000,-1.6576,0.3379,0.0875,BAN_NGHI,0.0000,-12.8771,0.0000,-12.8672,0.0000,0.0000,0.000,0.000,,0.0,,50,BAN,FRIEND,30,BAN,1,goc=-30;cu_ly=25;lan=1,1
16.5042,1790254686.379968,0.0205,0,,,0.000,,,0.0000,0.0000,0.0000,0.0000,0.0000,-13.0000,-1.6576,0.3379,0.0875,BAN_NGHI,0.0000,-12.8771,0.0000,-12.8672,0.0000,0.0000,0.000,0.000,,0.0,,50,BAN,FRIEND,30,BAN,1,goc=-30;cu_ly=25;lan=1,1
16.5248,1790254686.400595,0.0207,0,,,0.000,,,0.0000,0.0000,0.0000,0.0000,0.0000,-13.0000,-1.3423,0.3391,0.0316,BAN_NGHI,0.0000,-12.8771,0.0000,-12.8672,0.0000,0.0000,0.000,0.000,,0.0,,50,BAN,FRIEND,30,BAN,1,goc=-30;cu_ly=25;lan=1,1
16.5448,1790254686.420539,0.0200,0,,,0.000,,,0.0000,0.0000,0.0000,0.0000,0.0000,-13.0000,-1.3423,0.3391,0.0316,BAN_NGHI,0.0000,-12.8771,0.0000,-12.8672,0.0000,0.0000,0.000,0.000,,0.0,,50,BAN,FRIEND,30,BAN,1,goc=-30;cu_ly=25;lan=1,1
16.5653,1790254686.441247,0.0205,0,,,0.000,,,0.0000,0.0000,0.0000,0.0000,0.0000,-13.0000,-1.3423,0.3391,0.0316,BAN_NGHI,0.0000,-12.8771,0.0000,-12.8672,0.0000,0.0000,0.000,0.000,,0.0,,50,BAN,FRIEND,30,BAN,1,goc=-30;cu_ly=25;lan=1,1
16.5861,1790254686.461889,0.0208,0,,,0.000,,,0.0000,0.0000,0.0000,0.0000,0.0000,-13.0000,-1.3423,0.3391,0.0316,BAN_NGHI,0.0000,-12.8771,0.0000,-12.8672,0.0000,0.0000,0.000,0.000,,0.0,,50,BAN,FRIEND,30,BAN,1,goc=-30;cu_ly=25;lan=1,1
16.6067,1790254686.482587,0.0206,0,,,0.000,,,0.0000,0.0000,0.0000,0.0000,0.0000,-13.0000,-1.3423,0.3391,0.0316,BAN_NGHI,0.0000,-12.8771,0.0000,-12.8672,0.0000,0.0000,0.000,0.000,,0.0,,50,BAN,FRIEND,30,BAN,1,goc=-30;cu_ly=25;lan=1,1
16.6268,1790254686.502674,0.0201,0,,,0.000,,,0.0000,0.0000,0.0000,0.0000,0.0000,-13.0000,-1.3423,0.3391,0.0316,BAN_NGHI,0.0000,-12.8771,0.0000,-12.8672,0.0000,0.0000,0.000,0.000,,0.0,,50,BAN,FRIEND,30,BAN,1,goc=-30;cu_ly=25;lan=1,1
16.6475,1790254686.523312,0.0207,0,,,0.000,,,0.0000,0.0000,0.0000,0.0000,0.0000,-13.0000,-1.6783,0.3362,0.0257,BAN_NGHI,0.0000,-12.8771,0.0000,-12.8672,0.0000,0.0000,0.000,0.000,,0.0,,50,BAN,FRIEND,30,BAN,1,goc=-30;cu_ly=25;lan=1,1
16.6685,1790254686.544352,0.0210,0,,,0.000,,,0.0000,0.0000,0.0000,0.0000,0.0000,-13.0000,-1.6783,0.3362,0.0257,BAN_NGHI,0.0000,-12.8771,0.0000,-12.8672,0.0000,0.0000,0.000,0.000,,0.0,,50,BAN,FRIEND,30,BAN,1,goc=-30;cu_ly=25;lan=1,1
16.6889,1790254686.564695,0.0204,0,,,0.000,,,0.0000,0.0000,0.0000,0.0000,0.0000,-13.0000,-1.6783,0.3362,0.0257,BAN_NGHI,0.0000,-12.8771,0.0000,-12.8672,0.0000,0.0000,0.000,0.000,,0.0,,50,BAN,FRIEND,30,BAN,1,goc=-30;cu_ly=25;lan=1,1
16.7095,1790254686.585344,0.0206,0,,,0.000,,,0.0000,0.0000,0.0000,0.0000,0.0000,-13.0000,-1.6783,0.3362,0.0257,BAN_NGHI,0.0000,-12.8771,0.0000,-12.8672,0.0000,0.0000,0.000,0.000,,0.0,,50,BAN,FRIEND,30,BAN,1,goc=-30;cu_ly=25;lan=1,1
16.7297,1790254686.605443,0.0202,0,,,0.000,,,0.0000,0.0000,0.0000,0.0000,0.0000,-13.0000,-1.6783,0.3362,0.0257,BAN_NGHI,0.0000,-12.8771,0.0000,-12.8672,0.0000,0.0000,0.000,0.000,,0.0,,50,BAN,FRIEND,30,BAN,1,goc=-30;cu_ly=25;lan=1,1
16.7497,1790254686.625679,0.0201,0,,,0.000,,,0.0000,0.0000,0.0000,0.0000,0.0000,-13.0000,-1.6783,0.3362,0.0257,BAN_NGHI,0.0000,-12.8771,0.0000,-12.8672,0.0000,0.0000,0.000,0.000,,0.0,,50,BAN,FRIEND,30,BAN,1,goc=-30;cu_ly=25;lan=1,1
16.7698,1790254686.645746,0.0201,0,,,0.000,,,0.0000,0.0000,0.0000,0.0000,0.0000,-13.0000,-3.0856,0.3309,0.0738,BAN_NGHI,0.0000,-12.8771,0.0000,-12.8672,0.0000,0.0000,0.000,0.000,,0.0,,50,BAN,FRIEND,30,BAN,1,goc=-30;cu_ly=25;lan=1,1
16.7903,1790254686.666131,0.0204,0,,,0.000,,,0.0000,0.0000,0.0000,0.0000,0.0000,-13.0000,-3.0856,0.3309,0.0738,BAN_NGHI,0.0000,-12.8771,0.0000,-12.8672,0.0000,0.0000,0.000,0.000,,0.0,,50,BAN,FRIEND,30,BAN,1,goc=-30;cu_ly=25;lan=1,1
16.8111,1790254686.686921,0.0209,0,,,0.000,,,0.0000,0.0000,0.0000,0.0000,0.0000,-13.0000,-3.0856,0.3309,0.0738,BAN_NGHI,0.0000,-12.8771,0.0000,-12.8672,0.0000,0.0000,0.000,0.000,,0.0,,50,BAN,FRIEND,30,BAN,1,goc=-30;cu_ly=25;lan=1,1
16.8318,1790254686.707606,0.0206,0,,,0.000,,,0.0000,0.0000,0.0000,0.0000,0.0000,-13.0000,-3.0856,0.3309,0.0738,BAN_NGHI,0.0000,-12.8771,0.0000,-12.8672,0.0000,0.0000,0.000,0.000,,0.0,,50,BAN,FRIEND,30,BAN,1,goc=-30;cu_ly=25;lan=1,1
16.8521,1790254686.727835,0.0203,0,,,0.000,,,0.0000,0.0000,0.0000,0.0000,0.0000,-13.0000,-3.0856,0.3309,0.0738,BAN_NGHI,0.0000,-12.8771,0.0000,-12.8672,0.0000,0.0000,0.000,0.000,,0.0,,50,BAN,FRIEND,30,BAN,1,goc=-30;cu_ly=25;lan=1,1
16.8726,1790254686.748431,0.0205,0,,,0.000,,,0.0000,0.0000,0.0000,0.0000,0.0000,-13.0000,-3.0856,0.3309,0.0738,BAN_NGHI,0.0000,-12.8771,0.0000,-12.8672,0.0000,0.0000,0.000,0.000,,0.0,,50,BAN,FRIEND,30,BAN,1,goc=-30;cu_ly=25;lan=1,1
16.8930,1790254686.768983,0.0205,0,,,0.000,,,0.0000,0.0000,0.0000,0.0000,0.0000,-13.0000,-5.4074,0.3220,0.1178,BAN_NGHI,0.0000,-12.8771,0.0000,-12.8672,0.0000,0.0000,0.000,0.000,,0.0,,50,BAN,FRIEND,30,BAN,1,goc=-30;cu_ly=25;lan=1,1
16.9132,1790254686.788915,0.0202,0,,,0.000,,,0.0000,0.0000,0.0000,0.0000,0.0000,-13.0000,-5.4074,0.3220,0.1178,BAN_NGHI,0.0000,-12.8771,0.0000,-12.8672,0.0000,0.0000,0.000,0.000,,0.0,,50,BAN,FRIEND,30,BAN,1,goc=-30;cu_ly=25;lan=1,1
16.9335,1790254686.809462,0.0203,0,,,0.000,,,0.0000,0.0000,0.0000,0.0000,0.0000,-13.0000,-5.4074,0.3220,0.1178,BAN_NGHI,0.0000,-12.8771,0.0000,-12.8672,0.0000,0.0000,0.000,0.000,,0.0,,50,BAN,FRIEND,30,BAN,1,goc=-30;cu_ly=25;lan=1,1
16.9540,1790254686.829955,0.0205,0,,,0.000,,,0.0000,0.0000,0.0000,0.0000,0.0000,-13.0000,-5.4074,0.3220,0.1178,BAN_NGHI,0.0000,-12.8771,0.0000,-12.8672,0.0000,0.0000,0.000,0.000,,0.0,,50,BAN,FRIEND,30,BAN,1,goc=-30;cu_ly=25;lan=1,1
16.9747,1790254686.850649,0.0207,0,,,0.000,,,0.0000,0.0000,0.0000,0.0000,0.0000,-13.0000,-5.4074,0.3220,0.1178,BAN_NGHI,0.0000,-12.8771,0.0000,-12.8672,0.0000,0.0000,0.000,0.000,,0.0,,50,BAN,FRIEND,30,BAN,1,goc=-30;cu_ly=25;lan=1,1
16.9952,1790254686.870942,0.0204,0,,,0.000,,,0.0000,0.0000,0.0000,0.0000,0.0000,-13.0000,-7.6091,0.3148,0.1130,BAN_NGHI,0.0000,-12.8771,0.0000,-12.8672,0.0000,0.0000,0.000,0.000,,0.0,,50,BAN,FRIEND,30,BAN,1,goc=-30;cu_ly=25;lan=1,1
17.0157,1790254686.891556,0.0206,0,,,0.000,,,0.0000,0.0000,0.0000,0.0000,0.0000,-13.0000,-7.6091,0.3148,0.1130,BAN_NGHI,0.0000,-12.8771,0.0000,-12.8672,0.0000,0.0000,0.000,0.000,,0.0,,50,BAN,FRIEND,30,BAN,1,goc=-30;cu_ly=25;lan=1,1
17.0361,1790254686.911886,0.0203,0,,,0.000,,,0.0000,0.0000,0.0000,0.0000,0.0000,-13.0000,-7.6091,0.3148,0.1130,BAN_NGHI,0.0000,-12.8771,0.0000,-12.8672,0.0000,0.0000,0.000,0.000,,0.0,,50,BAN,FRIEND,30,BAN,1,goc=-30;cu_ly=25;lan=1,1
17.0565,1790254686.932408,0.0204,0,,,0.000,,,0.0000,0.0000,0.0000,0.0000,0.0000,-13.0000,-7.6091,0.3148,0.1130,BAN_NGHI,0.0000,-12.8771,0.0000,-12.8672,0.0000,0.0000,0.000,0.000,,0.0,,50,BAN,FRIEND,30,BAN,1,goc=-30;cu_ly=25;lan=1,1
17.0770,1790254686.952800,0.0206,0,,,0.000,,,0.0000,0.0000,0.0000,0.0000,0.0000,-13.0000,-7.6091,0.3148,0.1130,BAN_NGHI,0.0000,-12.8771,0.0000,-12.8672,0.0000,0.0000,0.000,0.000,,0.0,,50,BAN,FRIEND,30,BAN,1,goc=-30;cu_ly=25;lan=1,1
17.0974,1790254686.973268,0.0204,0,,,0.000,,,0.0000,0.0000,0.0000,0.0000,0.0000,-13.0000,-7.6091,0.3148,0.1130,BAN_NGHI,0.0000,-12.8771,0.0000,-12.8672,0.0000,0.0000,0.000,0.000,,0.0,,50,BAN,FRIEND,30,BAN,1,goc=-30;cu_ly=25;lan=1,1
17.1179,1790254686.993826,0.0204,0,,,0.000,,,0.0000,0.0000,0.0000,0.0000,0.0000,-13.0000,-11.5173,0.2958,0.1972,BAN_NGHI,0.0000,-12.8771,0.0000,-12.8672,0.0000,0.0000,0.000,0.000,,0.0,,50,BAN,FRIEND,30,BAN,1,goc=-30;cu_ly=25;lan=1,1
17.1381,1790254687.013828,0.0202,0,,,0.000,,,0.0000,0.0000,0.0000,0.0000,0.0000,-13.0000,-11.5173,0.2958,0.1972,BAN_NGHI,0.0000,-12.8771,0.0000,-12.8672,0.0000,0.0000,0.000,0.000,,0.0,,50,BAN,FRIEND,30,BAN,1,goc=-30;cu_ly=25;lan=1,1
17.1584,1790254687.034307,0.0203,0,,,0.000,,,0.0000,0.0000,0.0000,0.0000,0.0000,-13.0000,-11.5173,0.2958,0.1972,BAN_NGHI,0.0000,-12.8771,0.0000,-12.8672,0.0000,0.0000,0.000,0.000,,0.0,,50,BAN,FRIEND,30,BAN,1,goc=-30;cu_ly=25;lan=1,1
17.1790,1790254687.054816,0.0206,0,,,0.000,,,0.0000,0.0000,0.0000,0.0000,0.0000,-13.0000,-11.5173,0.2958,0.1972,BAN_NGHI,0.0000,-12.8771,0.0000,-12.8672,0.0000,0.0000,0.000,0.000,,0.0,,50,BAN,FRIEND,30,BAN,1,goc=-30;cu_ly=25;lan=1,1
17.1995,1790254687.075374,0.0205,0,,,0.000,,,0.0000,0.0000,0.0000,0.0000,0.0000,-13.0000,-11.5173,0.2958,0.1972,BAN_NGHI,0.0000,-12.8771,0.0000,-12.8672,0.0000,0.0000,0.000,0.000,,0.0,,50,BAN,FRIEND,30,BAN,1,goc=-30;cu_ly=25;lan=1,1
17.2196,1790254687.095448,0.0201,0,,,0.000,,,0.0000,0.0000,0.0000,0.0000,0.0000,-13.0000,-11.5173,0.2958,0.1972,BAN_NGHI,0.0000,-12.8771,0.0000,-12.8672,0.0000,0.0000,0.000,0.000,,0.0,,50,BAN,FRIEND,30,BAN,1,goc=-30;cu_ly=25;lan=1,1
17.2404,1790254687.116184,0.0208,0,,,0.000,,,0.0000,0.0000,0.0000,0.0000,0.0000,-13.0000,-20.0705,0.2761,0.3087,BAN_NGHI,0.0000,-12.8771,0.0000,-12.8672,0.0000,0.0000,0.000,0.000,,0.0,,50,BAN,FRIEND,30,BAN,1,goc=-30;cu_ly=25;lan=1,1
17.2610,1790254687.136895,0.0206,0,,,0.000,,,0.0000,0.0000,0.0000,0.0000,0.0000,-13.0000,-20.0705,0.2761,0.3087,BAN_NGHI,0.0000,-12.8771,0.0000,-12.8672,0.0000,0.0000,0.000,0.000,,0.0,,50,BAN,FRIEND,30,BAN,1,goc=-30;cu_ly=25;lan=1,1
17.2813,1790254687.156770,0.0203,0,,,0.000,,,0.0000,0.0000,0.0000,0.0000,0.0000,-13.0000,-20.0705,0.2761,0.3087,BAN_NGHI,0.0000,-12.8771,0.0000,-12.8672,0.0000,0.0000,0.000,0.000,,0.0,,50,BAN,FRIEND,30,BAN,1,goc=-30;cu_ly=25;lan=1,1
17.3017,1790254687.177587,0.0204,0,,,0.000,,,0.0000,0.0000,0.0000,0.0000,0.0000,-13.0000,-20.0705,0.2761,0.3087,BAN_NGHI,0.0000,-12.8771,0.0000,-12.8672,0.0000,0.0000,0.000,0.000,,0.0,,50,BAN,FRIEND,30,BAN,1,goc=-30;cu_ly=25;lan=1,1
17.3217,1790254687.197506,0.0200,0,,,0.000,,,0.0000,0.0000,0.0000,0.0000,0.0000,-13.0000,-20.0705,0.2761,0.3087,BAN_NGHI,0.0000,-12.8771,0.0000,-12.8672,0.0000,0.0000,0.000,0.000,,0.0,,50,BAN,FRIEND,30,BAN,1,goc=-30;cu_ly=25;lan=1,1
17.3423,1790254687.218173,0.0206,0,,,0.000,,,0.0000,0.0000,0.0000,0.0000,0.0000,-13.0000,-20.0705,0.2761,0.3087,BAN_NGHI,0.0000,-12.8771,0.0000,-12.8672,0.0000,0.0000,0.000,0.000,,0.0,,50,BAN,FRIEND,30,BAN,1,goc=-30;cu_ly=25;lan=1,1
17.3630,1790254687.238830,0.0207,0,,,0.000,,,0.0000,0.0000,0.0000,0.0000,0.0000,-13.0000,-20.0705,0.2761,0.3087,BAN_NGHI,0.0000,-12.8771,0.0000,-12.8672,0.0000,0.0000,0.000,0.000,,0.0,,50,BAN,FRIEND,30,BAN,1,goc=-30;cu_ly=25;lan=1,1
17.3837,1790254687.259604,0.0207,0,,,0.000,,,0.0000,0.0000,0.0000,0.0000,0.0000,-13.0000,-20.0705,0.2761,0.3087,BAN_NGHI,0.0000,-12.8771,0.0000,-12.8672,0.0000,0.0000,0.000,0.000,,0.0,,50,BAN,FRIEND,30,BAN,1,goc=-30;cu_ly=25;lan=1,1
17.4040,1790254687.279780,0.0203,0,,,0.000,,,0.0000,0.0000,0.0000,0.0000,0.0000,-13.0000,-20.0705,0.2761,0.3087,BAN_NGHI,0.0000,-12.8771,0.0000,-12.8672,0.0000,0.0000,0.000,0.000,,0.0,,50,BAN,FRIEND,30,BAN,1,goc=-30;cu_ly=25;lan=1,1
17.4242,1790254687.299936,0.0202,0,,,0.000,,,0.0000,0.0000,0.0000,0.0000,0.0000,-13.0000,-20.0705,0.2761,0.3087,BAN_NGHI,0.0000,-12.8771,0.0000,-12.8672,0.0000,0.0000,0.000,0.000,,0.0,,50,BAN,FRIEND,30,BAN,1,goc=-30;cu_ly=25;lan=1,1
17.4448,1790254687.320628,0.0207,0,,,0.000,,,0.0000,0.0000,0.0000,0.0000,0.0000,-13.0000,-20.0705,0.2761,0.3087,BAN_NGHI,0.0000,-12.8771,0.0000,-12.8672,0.0000,0.0000,0.000,0.000,,0.0,,50,BAN,FRIEND,30,BAN,1,goc=-30;cu_ly=25;lan=1,1
17.4653,1790254687.341094,0.0204,0,,,0.000,,,0.0000,0.0000,0.0000,0.0000,0.0000,-13.0000,-20.0705,0.2761,0.3087,BAN_NGHI,0.0000,-12.8771,0.0000,-12.8672,0.0000,0.0000,0.000,0.000,,0.0,,50,BAN,FRIEND,30,BAN,1,goc=-30;cu_ly=25;lan=1,1
17.4861,1790254687.361710,0.0208,0,,,0.000,,,0.0000,0.0000,0.0000,0.0000,0.0000,-13.0000,-20.0705,0.2761,0.3087,BAN_NGHI,0.0000,-12.8771,0.0000,-12.8672,0.0000,0.0000,0.000,0.000,,0.0,,50,BAN,FRIEND,30,BAN,1,goc=-30;cu_ly=25;lan=1,1
17.5066,1790254687.382551,0.0206,0,,,0.000,,,0.0000,0.0000,0.0000,0.0000,0.0000,-13.0000,-20.0705,0.2761,0.3087,BAN_NGHI,0.0000,-12.8771,0.0000,-12.8672,0.0000,0.0000,0.000,0.000,,0.0,,50,BAN,FRIEND,30,BAN,1,goc=-30;cu_ly=25;lan=1,1
17.5271,1790254687.402840,0.0204,0,,,0.000,,,0.0000,0.0000,0.0000,0.0000,0.0000,-13.0000,-20.0705,0.2761,0.3087,BAN_NGHI,0.0000,-12.8771,0.0000,-12.8672,0.0000,0.0000,0.000,0.000,,0.0,,50,BAN,FRIEND,30,BAN,1,goc=-30;cu_ly=25;lan=1,1
17.5473,1790254687.423163,0.0202,0,,,0.000,,,0.0000,0.0000,0.0000,0.0000,0.0000,-13.0000,-20.0705,0.2761,0.3087,BAN_NGHI,0.0000,-12.8771,0.0000,-12.8672,0.0000,0.0000,0.000,0.000,,0.0,,50,BAN,FRIEND,30,BAN,1,goc=-30;cu_ly=25;lan=1,1
17.5678,1790254687.443729,0.0205,0,,,0.000,,,0.0000,0.0000,0.0000,0.0000,0.0000,-13.0000,-20.0705,0.2761,0.3087,BAN_NGHI,0.0000,-12.8771,0.0000,-12.8672,0.0000,0.0000,0.000,0.000,,0.0,,50,BAN,FRIEND,30,BAN,1,goc=-30;cu_ly=25;lan=1,1
17.5879,1790254687.463862,0.0201,0,,,0.000,,,0.0000,0.0000,0.0000,0.0000,0.0000,-13.0000,-20.0705,0.2761,0.3087,BAN_NGHI,0.0000,-12.8771,0.0000,-12.8672,0.0000,0.0000,0.000,0.000,,0.0,,50,BAN,FRIEND,30,BAN,1,goc=-30;cu_ly=25;lan=1,1
17.6086,1790254687.484329,0.0206,0,,,0.000,,,0.0000,0.0000,0.0000,0.0000,0.0000,-13.0000,-20.0705,0.2761,0.3087,BAN_NGHI,0.0000,-12.8771,0.0000,-12.8672,0.0000,0.0000,0.000,0.000,,0.0,,50,BAN,FRIEND,30,BAN,1,goc=-30;cu_ly=25;lan=1,1
17.6297,1790254687.505639,0.0211,0,,,0.000,,,0.0000,0.0000,0.0000,0.0000,0.0000,-13.0000,-20.0705,0.2761,0.3087,BAN_NGHI,0.0000,-12.8771,0.0000,-12.8672,0.0000,0.0000,0.000,0.000,,0.0,,50,BAN,FRIEND,30,BAN,1,goc=-30;cu_ly=25;lan=1,1
17.6503,1790254687.526274,0.0206,0,,,0.000,,,0.0000,0.0000,0.0000,0.0000,0.0000,-13.0000,-20.0705,0.2761,0.3087,BAN_NGHI,0.0000,-12.8771,0.0000,-12.8672,0.0000,0.0000,0.000,0.000,,0.0,,50,BAN,FRIEND,30,BAN,1,goc=-30;cu_ly=25;lan=1,1
17.6711,1790254687.547039,0.0208,0,,,0.000,,,0.0000,0.0000,0.0000,0.0000,0.0000,-13.0000,-20.0705,0.2761,0.3087,BAN_NGHI,0.0000,-12.8771,0.0000,-12.8672,0.0000,0.0000,0.000,0.000,,0.0,,50,BAN,FRIEND,30,BAN,1,goc=-30;cu_ly=25;lan=1,1
17.6914,1790254687.567305,0.0203,0,,,0.000,,,0.0000,0.0000,0.0000,0.0000,0.0000,-13.0000,-20.0705,0.2761,0.3087,BAN_NGHI,0.0000,-12.8771,0.0000,-12.8672,0.0000,0.0000,0.000,0.000,,0.0,,50,BAN,FRIEND,30,BAN,1,goc=-30;cu_ly=25;lan=1,1
17.7115,1790254687.587376,0.0201,0,,,0.000,,,0.0000,0.0000,0.0000,0.0000,0.0000,-13.0000,-20.0705,0.2761,0.3087,BAN_NGHI,0.0000,-12.8771,0.0000,-12.8672,0.0000,0.0000,0.000,0.000,,0.0,,50,BAN,FRIEND,30,BAN,1,goc=-30;cu_ly=25;lan=1,1
17.7320,1790254687.607909,0.0205,0,,,0.000,,,0.0000,0.0000,0.0000,0.0000,0.0000,-13.0000,-20.0705,0.2761,0.3087,BAN_NGHI,0.0000,-12.8771,0.0000,-12.8672,0.0000,0.0000,0.000,0.000,,0.0,,50,BAN,FRIEND,30,BAN,1,goc=-30;cu_ly=25;lan=1,1
17.7523,1790254687.628208,0.0203,0,,,0.000,,,0.0000,0.0000,0.0000,0.0000,0.0000,-13.0000,-20.0705,0.2761,0.3087,BAN_NGHI,0.0000,-12.8771,0.0000,-12.8672,0.0000,0.0000,0.000,0.000,,0.0,,50,BAN,FRIEND,30,BAN,1,goc=-30;cu_ly=25;lan=1,1
17.7728,1790254687.648698,0.0205,0,,,0.000,,,0.0000,0.0000,0.0000,0.0000,0.0000,-13.0000,-20.0705,0.2761,0.3087,BAN_NGHI,0.0000,-12.8771,0.0000,-12.8672,0.0000,0.0000,0.000,0.000,,0.0,,50,BAN,FRIEND,30,BAN,1,goc=-30;cu_ly=25;lan=1,1
17.7930,1790254687.668624,0.0201,0,,,0.000,,,0.0000,0.0000,0.0000,0.0000,0.0000,-13.0000,-20.0705,0.2761,0.3087,BAN_NGHI,0.0000,-12.8771,0.0000,-12.8672,0.0000,0.0000,0.000,0.000,,0.0,,50,BAN,FRIEND,30,BAN,1,goc=-30;cu_ly=25;lan=1,1
17.8130,1790254687.688818,0.0200,0,,,0.000,,,0.0000,0.0000,0.0000,0.0000,0.0000,-13.0000,-20.0705,0.2761,0.3087,BAN_NGHI,0.0000,-12.8771,0.0000,-12.8672,0.0000,0.0000,0.000,0.000,,0.0,,50,BAN,FRIEND,30,BAN,1,goc=-30;cu_ly=25;lan=1,1
17.8335,1790254687.709371,0.0205,0,,,0.000,,,0.0000,0.0000,0.0000,0.0000,0.0000,-13.0000,-20.0705,0.2761,0.3087,BAN_NGHI,0.0000,-12.8771,0.0000,-12.8672,0.0000,0.0000,0.000,0.000,,0.0,,50,BAN,FRIEND,30,BAN,1,goc=-30;cu_ly=25;lan=1,1
17.8537,1790254687.729540,0.0202,0,,,0.000,,,0.0000,0.0000,0.0000,0.0000,0.0000,-13.0000,-20.0705,0.2761,0.3087,BAN_NGHI,0.0000,-12.8771,0.0000,-12.8672,0.0000,0.0000,0.000,0.000,,0.0,,50,BAN,FRIEND,30,BAN,1,goc=-30;cu_ly=25;lan=1,1
17.8738,1790254687.749710,0.0201,0,,,0.000,,,0.0000,0.0000,0.0000,0.0000,0.0000,-13.0000,-20.0705,0.2761,0.3087,BAN_NGHI,0.0000,-12.8771,0.0000,-12.8672,0.0000,0.0000,0.000,0.000,,0.0,,50,BAN,FRIEND,30,BAN,1,goc=-30;cu_ly=25;lan=1,1
17.8941,1790254687.770018,0.0203,0,,,0.000,,,0.0000,0.0000,0.0000,0.0000,0.0000,-13.0000,-20.0705,0.2761,0.3087,BAN_NGHI,0.0000,-12.8771,0.0000,-12.8672,0.0000,0.0000,0.000,0.000,,0.0,,50,BAN,FRIEND,30,BAN,1,goc=-30;cu_ly=25;lan=1,1
17.9152,1790254687.791189,0.0212,0,,,0.000,,,0.0000,0.0000,0.0000,0.0000,0.0000,-13.0000,-20.0705,0.2761,0.3087,BAN_NGHI,0.0000,-12.8771,0.0000,-12.8672,0.0000,0.0000,0.000,0.000,,0.0,,50,BAN,FRIEND,30,BAN,1,goc=-30;cu_ly=25;lan=1,1
17.9353,1790254687.811192,0.0201,0,,,0.000,,,0.0000,0.0000,0.0000,0.0000,0.0000,-13.0000,-20.0705,0.2761,0.3087,BAN_NGHI,0.0000,-12.8771,0.0000,-12.8672,0.0000,0.0000,0.000,0.000,,0.0,,50,BAN,FRIEND,30,BAN,1,goc=-30;cu_ly=25;lan=1,1
17.9557,1790254687.831589,0.0204,0,,,0.000,,,0.0000,0.0000,0.0000,0.0000,0.0000,-13.0000,-20.0705,0.2761,0.3087,BAN_NGHI,0.0000,-12.8771,0.0000,-12.8672,0.0000,0.0000,0.000,0.000,,0.0,,50,BAN,FRIEND,30,BAN,1,goc=-30;cu_ly=25;lan=1,1
17.9761,1790254687.851955,0.0204,0,,,0.000,,,0.0000,0.0000,0.0000,0.0000,0.0000,-13.0000,-20.0705,0.2761,0.3087,BAN_NGHI,0.0000,-12.8771,0.0000,-12.8672,0.0000,0.0000,0.000,0.000,,0.0,,50,BAN,FRIEND,30,BAN,1,goc=-30;cu_ly=25;lan=1,1
17.9968,1790254687.872569,0.0207,0,,,0.000,,,0.0000,0.0000,0.0000,0.0000,0.0000,-13.0000,-20.0705,0.2761,0.3087,BAN_NGHI,0.0000,-12.8771,0.0000,-12.8672,0.0000,0.0000,0.000,0.000,,0.0,,50,BAN,FRIEND,30,BAN,1,goc=-30;cu_ly=25;lan=1,1
18.0169,1790254687.892787,0.0201,0,,,0.000,,,0.0000,0.0000,0.0000,0.0000,0.0000,-13.0000,-20.0705,0.2761,0.3087,BAN_NGHI,0.0000,-12.8771,0.0000,-12.8672,0.0000,0.0000,0.000,0.000,,0.0,,50,BAN,FRIEND,30,BAN,1,goc=-30;cu_ly=25;lan=1,1
18.0370,1790254687.912812,0.0200,0,,,0.000,,,0.0000,0.0000,0.0000,0.0000,0.0000,-13.0000,,,,CHO,0.0000,-12.8771,0.0000,-12.8672,0.0000,0.0000,0.000,0.000,,0.0,,,,,,BAN,1,goc=-30;cu_ly=25;lan=1,1
18.0576,1790254687.933489,0.0206,0,,,0.000,,,0.0000,0.0000,0.0000,0.0000,0.0000,-13.0000,,,,CHO,0.0000,-12.8771,0.0000,-12.8672,0.0000,0.0000,0.000,0.000,,0.0,,,,,,BAN,1,goc=-30;cu_ly=25;lan=1,1
18.0776,1790254687.953315,0.0200,0,,,0.000,,,0.0000,0.0000,0.0000,0.0000,0.0000,-13.0000,,,,CHO,0.0000,-12.8771,0.0000,-12.8672,0.0000,0.0000,0.000,0.000,,0.0,,,,,,BAN,1,goc=-30;cu_ly=25;lan=1,1
18.0979,1790254687.973708,0.0203,0,,,0.000,,,0.0000,0.0000,0.0000,0.0000,0.0000,-13.0000,,,,CHO,0.0000,-12.8771,0.0000,-12.8672,0.0000,0.0000,0.000,0.000,,0.0,,,,,,BAN,1,goc=-30;cu_ly=25;lan=1,1
18.1180,1790254687.993806,0.0201,0,,,0.000,,,0.0000,0.0000,0.0000,0.0000,0.0000,-13.0000,,,,CHO,0.0000,-12.8771,0.0000,-12.8672,0.0000,0.0000,0.000,0.000,,0.0,,,,,,BAN,1,goc=-30;cu_ly=25;lan=1,1
18.1386,1790254688.014420,0.0206,0,,,0.000,,,0.0000,0.0000,0.0000,0.0000,0.0000,-13.0000,,,,CHO,0.0000,-12.8771,0.0000,-12.8672,0.0000,0.0000,0.000,0.000,,0.0,,,,,,BAN,1,goc=-30;cu_ly=25;lan=1,1
18.1589,1790254688.034828,0.0203,0,,,0.000,,,0.0000,0.0000,0.0000,0.0000,0.0000,-13.0000,,,,CHO,0.0000,-12.8771,0.0000,-12.8672,0.0000,0.0000,0.000,0.000,,0.0,,,,,,BAN,1,goc=-30;cu_ly=25;lan=1,1
18.1792,1790254688.055006,0.0202,0,,,0.000,,,0.0000,0.0000,0.0000,0.0000,0.0000,-13.0000,,,,CHO,0.0000,-12.8771,0.0000,-12.8672,0.0000,0.0000,0.000,0.000,,0.0,,,,,,BAN,1,goc=-30;cu_ly=25;lan=1,1
18.1995,1790254688.075305,0.0204,0,,,0.000,,,0.0000,0.0000,0.0000,0.0000,0.0000,-13.0000,,,,CHO,0.0000,-12.8771,0.0000,-12.8672,0.0000,0.0000,0.000,0.000,,0.0,,,,,,BAN,1,goc=-30;cu_ly=25;lan=1,1
18.2200,1790254688.095709,0.0204,0,,,0.000,,,0.0000,0.0000,0.0000,0.0000,0.0000,-13.0000,,,,CHO,0.0000,-12.8771,0.0000,-12.8672,0.0000,0.0000,0.000,0.000,,0.0,,,,,,BAN,1,goc=-30;cu_ly=25;lan=1,1
18.2400,1790254688.115810,0.0200,0,,,0.000,,,0.0000,0.0000,0.0000,0.0000,0.0000,-13.0000,,,,CHO,0.0000,-12.8771,0.0000,-12.8672,0.0000,0.0000,0.000,0.000,,0.0,,,,,,BAN,1,goc=-30;cu_ly=25;lan=1,1
18.2601,1790254688.135888,0.0201,0,,,0.000,,,0.0000,0.0000,0.0000,0.0000,0.0000,-13.0000,,,,CHO,0.0000,-12.8771,0.0000,-12.8672,0.0000,0.0000,0.000,0.000,,0.0,,,,,,BAN,1,goc=-30;cu_ly=25;lan=1,1
18.2801,1790254688.156019,0.0200,0,,,0.000,,,0.0000,0.0000,0.0000,0.0000,0.0000,-13.0000,,,,CHO,0.0000,-12.8771,0.0000,-12.8672,0.0000,0.0000,0.000,0.000,,0.0,,,,,,BAN,1,goc=-30;cu_ly=25;lan=1,1
18.3006,1790254688.176425,0.0205,0,,,0.000,,,0.0000,0.0000,0.0000,0.0000,0.0000,-13.0000,,,,CHO,0.0000,-12.8771,0.0000,-12.8672,0.0000,0.0000,0.000,0.000,,0.0,,,,,,BAN,1,goc=-30;cu_ly=25;lan=1,1
18.3209,1790254688.196746,0.0203,0,,,0.000,,,0.0000,0.0000,0.0000,0.0000,0.0000,-13.0000,,,,CHO,0.0000,-12.8771,0.0000,-12.8672,0.0000,0.0000,0.000,0.000,,0.0,,,,,,BAN,1,goc=-30;cu_ly=25;lan=1,1
18.3416,1790254688.217467,0.0206,0,,,0.000,,,0.0000,0.0000,0.0000,0.0000,0.0000,-13.0000,,,,CHO,0.0000,-12.8771,0.0000,-12.8672,0.0000,0.0000,0.000,0.000,,0.0,,,,,,BAN,1,goc=-30;cu_ly=25;lan=1,1
18.3619,1790254688.237740,0.0203,0,,,0.000,,,0.0000,0.0000,0.0000,0.0000,0.0000,-13.0000,,,,CHO,0.0000,-12.8771,0.0000,-12.8672,0.0000,0.0000,0.000,0.000,,0.0,,,,,,BAN,1,goc=-30;cu_ly=25;lan=1,1
18.3827,1790254688.258511,0.0208,0,,,0.000,,,0.0000,0.0000,0.0000,0.0000,0.0000,-13.0000,,,,CHO,0.0000,-12.8771,0.0000,-12.8672,0.0000,0.0000,0.000,0.000,,0.0,,,,,,BAN,1,goc=-30;cu_ly=25;lan=1,1
18.4029,1790254688.278829,0.0202,0,,,0.000,,,0.0000,0.0000,0.0000,0.0000,0.0000,-13.0000,,,,CHO,0.0000,-12.8771,0.0000,-12.8672,0.0000,0.0000,0.000,0.000,,0.0,,,,,,BAN,1,goc=-30;cu_ly=25;lan=1,1
18.4231,1790254688.298851,0.0202,0,,,0.000,,,0.0000,0.0000,0.0000,0.0000,0.0000,-13.0000,,,,CHO,0.0000,-12.8771,0.0000,-12.8672,0.0000,0.0000,0.000,0.000,,0.0,,,,,,BAN,1,goc=-30;cu_ly=25;lan=1,1
18.4434,1790254688.319122,0.0203,0,,,0.000,,,0.0000,0.0000,0.0000,0.0000,0.0000,-13.0000,,,,CHO,0.0000,-12.8771,0.0000,-12.8672,0.0000,0.0000,0.000,0.000,,0.0,,,,,,BAN,1,goc=-30;cu_ly=25;lan=1,1
18.4637,1790254688.339654,0.0204,0,,,0.000,,,0.0000,0.0000,0.0000,0.0000,0.0000,-13.0000,,,,CHO,0.0000,-12.8771,0.0000,-12.8672,0.0000,0.0000,0.000,0.000,,0.0,,,,,,BAN,1,goc=-30;cu_ly=25;lan=1,1
18.4843,1790254688.360077,0.0206,0,,,0.000,,,0.0000,0.0000,0.0000,0.0000,0.0000,-13.0000,,,,CHO,0.0000,-12.8771,0.0000,-12.8672,0.0000,0.0000,0.000,0.000,,0.0,,,,,,BAN,1,goc=-30;cu_ly=25;lan=1,1
18.5045,1790254688.380371,0.0202,0,,,0.000,,,0.0000,0.0000,0.0000,0.0000,0.0000,-13.0000,,,,CHO,0.0000,-12.8771,0.0000,-12.8672,0.0000,0.0000,0.000,0.000,,0.0,,,,,,BAN,1,goc=-30;cu_ly=25;lan=1,1
18.5251,1790254688.400887,0.0207,0,,,0.000,,,0.0000,0.0000,0.0000,0.0000,0.0000,-13.0000,,,,CHO,0.0000,-12.8771,0.0000,-12.8672,0.0000,0.0000,0.000,0.000,,0.0,,,,,,BAN,1,goc=-30;cu_ly=25;lan=1,1
18.5456,1790254688.421513,0.0204,0,,,0.000,,,0.0000,0.0000,0.0000,0.0000,0.0000,-13.0000,,,,CHO,0.0000,-12.8771,0.0000,-12.8672,0.0000,0.0000,0.000,0.000,,0.0,,,,,,BAN,1,goc=-30;cu_ly=25;lan=1,1
18.5659,1790254688.441772,0.0203,0,,,0.000,,,0.0000,0.0000,0.0000,0.0000,0.0000,-13.0000,,,,CHO,0.0000,-12.8771,0.0000,-12.8672,0.0000,0.0000,0.000,0.000,,0.0,,,,,,BAN,1,goc=-30;cu_ly=25;lan=1,1
18.5867,1790254688.462659,0.0208,0,,,0.000,,,0.0000,0.0000,0.0000,0.0000,0.0000,-13.0000,,,,CHO,0.0000,-12.8771,0.0000,-12.8672,0.0000,0.0000,0.000,0.000,,0.0,,,,,,BAN,1,goc=-30;cu_ly=25;lan=1,1
18.6068,1790254688.482636,0.0201,0,,,0.000,,,0.0000,0.0000,0.0000,0.0000,0.0000,-13.0000,,,,CHO,0.0000,-12.8771,0.0000,-12.8672,0.0000,0.0000,0.000,0.000,,0.0,,,,,,BAN,1,goc=-30;cu_ly=25;lan=1,1
18.6273,1790254688.503214,0.0205,0,,,0.000,,,0.0000,0.0000,0.0000,0.0000,0.0000,-13.0000,,,,CHO,0.0000,-12.8771,0.0000,-12.8672,0.0000,0.0000,0.000,0.000,,0.0,,,,,,BAN,1,goc=-30;cu_ly=25;lan=1,1
18.6476,1790254688.523513,0.0203,0,,,0.000,,,0.0000,0.0000,0.0000,0.0000,0.0000,-13.0000,,,,CHO,0.0000,-12.8771,0.0000,-12.8672,0.0000,0.0000,0.000,0.000,,0.0,,,,,,BAN,1,goc=-30;cu_ly=25;lan=1,1
18.6680,1790254688.543878,0.0204,0,,,0.000,,,0.0000,0.0000,0.0000,0.0000,0.0000,-13.0000,,,,CHO,0.0000,-12.8771,0.0000,-12.8672,0.0000,0.0000,0.000,0.000,,0.0,,,,,,BAN,1,goc=-30;cu_ly=25;lan=1,1
18.6882,1790254688.563923,0.0202,0,,,0.000,,,0.0000,0.0000,0.0000,0.0000,0.0000,-13.0000,,,,CHO,0.0000,-12.8771,0.0000,-12.8672,0.0000,0.0000,0.000,0.000,,0.0,,,,,,BAN,1,goc=-30;cu_ly=25;lan=1,1
18.7083,1790254688.584146,0.0200,0,,,0.000,,,0.0000,0.0000,0.0000,0.0000,0.0000,-13.0000,,,,CHO,0.0000,-12.8771,0.0000,-12.8672,0.0000,0.0000,0.000,0.000,,0.0,,,,,,BAN,1,goc=-30;cu_ly=25;lan=1,1
18.7295,1790254688.605380,0.0213,0,,,0.000,,,0.0000,0.0000,0.0000,0.0000,0.0000,-13.0000,,,,CHO,0.0000,-12.8771,0.0000,-12.8672,0.0000,0.0000,0.000,0.000,,0.0,,,,,,BAN,1,goc=-30;cu_ly=25;lan=1,1
18.7497,1790254688.625666,0.0202,0,,,0.000,,,0.0000,0.0000,0.0000,0.0000,0.0000,-13.0000,,,,CHO,0.0000,-12.8771,0.0000,-12.8672,0.0000,0.0000,0.000,0.000,,0.0,,,,,,BAN,1,goc=-30;cu_ly=25;lan=1,1
18.7702,1790254688.646087,0.0204,0,,,0.000,,,0.0000,0.0000,0.0000,0.0000,0.0000,-13.0000,,,,CHO,0.0000,-12.8771,0.0000,-12.8672,0.0000,0.0000,0.000,0.000,,0.0,,,,,,BAN,1,goc=-30;cu_ly=25;lan=1,1
18.7906,1790254688.666343,0.0204,0,,,0.000,,,0.0000,0.0000,0.0000,0.0000,0.0000,-13.0000,,,,CHO,0.0000,-12.8771,0.0000,-12.8672,0.0000,0.0000,0.000,0.000,,0.0,,,,,,BAN,1,goc=-30;cu_ly=25;lan=1,1
18.8113,1790254688.687206,0.0207,0,,,0.000,,,0.0000,0.0000,0.0000,0.0000,0.0000,-13.0000,,,,CHO,0.0000,-12.8771,0.0000,-12.8672,0.0000,0.0000,0.000,0.000,,0.0,,,,,,BAN,1,goc=-30;cu_ly=25;lan=1,1
18.8316,1790254688.707524,0.0204,0,,,0.000,,,0.0000,0.0000,0.0000,0.0000,0.0000,-13.0000,,,,CHO,0.0000,-12.8771,0.0000,-12.8672,0.0000,0.0000,0.000,0.000,,0.0,,,,,,BAN,1,goc=-30;cu_ly=25;lan=1,1
18.8520,1790254688.727872,0.0203,0,,,0.000,,,0.0000,0.0000,0.0000,0.0000,0.0000,-13.0000,,,,CHO,0.0000,-12.8771,0.0000,-12.8672,0.0000,0.0000,0.000,0.000,,0.0,,,,,,BAN,1,goc=-30;cu_ly=25;lan=1,1
18.8729,1790254688.748722,0.0209,0,,,0.000,,,0.0000,0.0000,0.0000,0.0000,0.0000,-13.0000,,,,CHO,0.0000,-12.8771,0.0000,-12.8672,0.0000,0.0000,0.000,0.000,,0.0,,,,,,BAN,1,goc=-30;cu_ly=25;lan=1,1
18.8934,1790254688.769240,0.0205,0,,,0.000,,,0.0000,0.0000,0.0000,0.0000,0.0000,-13.0000,,,,CHO,0.0000,-12.8771,0.0000,-12.8672,0.0000,0.0000,0.000,0.000,,0.0,,,,,,BAN,1,goc=-30;cu_ly=25;lan=1,1
18.9138,1790254688.789744,0.0204,0,,,0.000,,,0.0000,0.0000,0.0000,0.0000,0.0000,-13.0000,,,,CHO,0.0000,-12.8771,0.0000,-12.8672,0.0000,0.0000,0.000,0.000,,0.0,,,,,,BAN,1,goc=-30;cu_ly=25;lan=1,1
18.9340,1790254688.809952,0.0202,0,,,0.000,,,0.0000,0.0000,0.0000,0.0000,0.0000,-13.0000,,,,CHO,0.0000,-12.8771,0.0000,-12.8672,0.0000,0.0000,0.000,0.000,,0.0,,,,,,BAN,1,goc=-30;cu_ly=25;lan=1,1
18.9544,1790254688.830341,0.0204,0,,,0.000,,,0.0000,0.0000,0.0000,0.0000,0.0000,-13.0000,,,,CHO,0.0000,-12.8771,0.0000,-12.8672,0.0000,0.0000,0.000,0.000,,0.0,,,,,,BAN,1,goc=-30;cu_ly=25;lan=1,1
18.9748,1790254688.850763,0.0204,0,,,0.000,,,0.0000,0.0000,0.0000,0.0000,0.0000,-13.0000,,,,CHO,0.0000,-12.8771,0.0000,-12.8672,0.0000,0.0000,0.000,0.000,,0.0,,,,,,BAN,1,goc=-30;cu_ly=25;lan=1,1
18.9952,1790254688.871104,0.0204,0,,,0.000,,,0.0000,0.0000,0.0000,0.0000,0.0000,-13.0000,,,,CHO,0.0000,-12.8771,0.0000,-12.8672,0.0000,0.0000,0.000,0.000,,0.0,,,,,,BAN,1,goc=-30;cu_ly=25;lan=1,1
19.0152,1790254688.891122,0.0200,0,,,0.000,,,0.0000,0.0000,0.0000,0.0000,0.0000,-13.0000,,,,CHO,0.0000,-12.8771,0.0000,-12.8672,0.0000,0.0000,0.000,0.000,,0.0,,,,,,BAN,1,goc=-30;cu_ly=25;lan=1,1
19.0357,1790254688.911597,0.0204,0,,,0.000,,,0.0000,0.0000,0.0000,0.0000,0.0000,-13.0000,,,,CHO,0.0000,-12.8771,0.0000,-12.8672,0.0000,0.0000,0.000,0.000,,0.0,,,,,,BAN,1,goc=-30;cu_ly=25;lan=1,1
19.0559,1790254688.931757,0.0202,0,,,0.000,,,0.0000,0.0000,0.0000,0.0000,0.0000,-13.0000,,,,CHO,0.0000,-12.8771,0.0000,-12.8672,0.0000,0.0000,0.000,0.000,,0.0,,,,,,BAN,1,goc=-30;cu_ly=25;lan=1,1
19.0762,1790254688.952106,0.0203,0,,,0.000,,,0.0000,0.0000,0.0000,0.0000,0.0000,-13.0000,,,,CHO,0.0000,-12.8771,0.0000,-12.8672,0.0000,0.0000,0.000,0.000,,0.0,,,,,,BAN,1,goc=-30;cu_ly=25;lan=1,1
19.0966,1790254688.972538,0.0205,0,,,0.000,,,0.0000,0.0000,0.0000,0.0000,0.0000,-13.0000,,,,CHO,0.0000,-12.8771,0.0000,-12.8672,0.0000,0.0000,0.000,0.000,,0.0,,,,,,BAN,1,goc=-30;cu_ly=25;lan=1,1
19.1171,1790254688.992979,0.0205,0,,,0.000,,,0.0000,0.0000,0.0000,0.0000,0.0000,-13.0000,,,,CHO,0.0000,-12.8771,0.0000,-12.8672,0.0000,0.0000,0.000,0.000,,0.0,,,,,,BAN,1,goc=-30;cu_ly=25;lan=1,1
19.1374,1790254689.013251,0.0203,0,,,0.000,,,0.0000,0.0000,0.0000,0.0000,0.0000,-13.0000,,,,CHO,0.0000,-12.8771,0.0000,-12.8672,0.0000,0.0000,0.000,0.000,,0.0,,,,,,BAN,1,goc=-30;cu_ly=25;lan=1,1
19.1575,1790254689.033458,0.0201,0,,,0.000,,,0.0000,0.0000,0.0000,0.0000,0.0000,-13.0000,,,,CHO,0.0000,-12.8771,0.0000,-12.8672,0.0000,0.0000,0.000,0.000,,0.0,,,,,,BAN,1,goc=-30;cu_ly=25;lan=1,1
19.1778,1790254689.053592,0.0203,0,,,0.000,,,0.0000,0.0000,0.0000,0.0000,0.0000,-13.0000,,,,CHO,0.0000,-12.8771,0.0000,-12.8672,0.0000,0.0000,0.000,0.000,,0.0,,,,,,BAN,1,goc=-30;cu_ly=25;lan=1,1
19.1985,1790254689.074339,0.0207,0,,,0.000,,,0.0000,0.0000,0.0000,0.0000,0.0000,-13.0000,,,,CHO,0.0000,-12.8771,0.0000,-12.8672,0.0000,0.0000,0.000,0.000,,0.0,,,,,,BAN,1,goc=-30;cu_ly=25;lan=1,1
19.2189,1790254689.094827,0.0204,0,,,0.000,,,0.0000,0.0000,0.0000,0.0000,0.0000,-13.0000,,,,CHO,0.0000,-12.8771,0.0000,-12.8672,0.0000,0.0000,0.000,0.000,,0.0,,,,,,BAN,1,goc=-30;cu_ly=25;lan=1,1
19.2390,1790254689.114849,0.0201,0,,,0.000,,,0.0000,0.0000,0.0000,0.0000,0.0000,-13.0000,,,,CHO,0.0000,-12.8771,0.0000,-12.8672,0.0000,0.0000,0.000,0.000,,0.0,,,,,,BAN,1,goc=-30;cu_ly=25;lan=1,1
19.2595,1790254689.135403,0.0205,0,,,0.000,,,0.0000,0.0000,0.0000,0.0000,0.0000,-13.0000,,,,CHO,0.0000,-12.8771,0.0000,-12.8672,0.0000,0.0000,0.000,0.000,,0.0,,,,,,BAN,1,goc=-30;cu_ly=25;lan=1,1
19.2800,1790254689.155969,0.0205,0,,,0.000,,,0.0000,0.0000,0.0000,0.0000,0.0000,-13.0000,,,,CHO,0.0000,-12.8771,0.0000,-12.8672,0.0000,0.0000,0.000,0.000,,0.0,,,,,,BAN,1,goc=-30;cu_ly=25;lan=1,1
19.3003,1790254689.176230,0.0203,0,,,0.000,,,0.0000,0.0000,0.0000,0.0000,0.0000,-13.0000,,,,CHO,0.0000,-12.8771,0.0000,-12.8672,0.0000,0.0000,0.000,0.000,,0.0,,,,,,BAN,1,goc=-30;cu_ly=25;lan=1,1
19.3205,1790254689.196449,0.0202,0,,,0.000,,,0.0000,0.0000,0.0000,0.0000,0.0000,-13.0000,,,,CHO,0.0000,-12.8771,0.0000,-12.8672,0.0000,0.0000,0.000,0.000,,0.0,,,,,,BAN,1,goc=-30;cu_ly=25;lan=1,1
19.3408,1790254689.216757,0.0203,0,,,0.000,,,0.0000,0.0000,0.0000,0.0000,0.0000,-13.0000,,,,CHO,0.0000,-12.8771,0.0000,-12.8672,0.0000,0.0000,0.000,0.000,,0.0,,,,,,BAN,1,goc=-30;cu_ly=25;lan=1,1
19.3610,1790254689.236994,0.0202,0,,,0.000,,,0.0000,0.0000,0.0000,0.0000,0.0000,-13.0000,,,,CHO,0.0000,-12.8771,0.0000,-12.8672,0.0000,0.0000,0.000,0.000,,0.0,,,,,,BAN,1,goc=-30;cu_ly=25;lan=1,1
19.3814,1790254689.257322,0.0203,0,,,0.000,,,0.0000,0.0000,0.0000,0.0000,0.0000,-13.0000,,,,CHO,0.0000,-12.8771,0.0000,-12.8672,0.0000,0.0000,0.000,0.000,,0.0,,,,,,BAN,1,goc=-30;cu_ly=25;lan=1,1
19.4018,1790254689.277704,0.0204,0,,,0.000,,,0.0000,0.0000,0.0000,0.0000,0.0000,-13.0000,,,,CHO,0.0000,-12.8771,0.0000,-12.8672,0.0000,0.0000,0.000,0.000,,0.0,,,,,,BAN,1,goc=-30;cu_ly=25;lan=1,1
19.4223,1790254689.298224,0.0206,0,,,0.000,,,0.0000,0.0000,0.0000,0.0000,0.0000,-13.0000,,,,CHO,0.0000,-12.8771,0.0000,-12.8672,0.0000,0.0000,0.000,0.000,,0.0,,,,,,BAN,1,goc=-30;cu_ly=25;lan=1,1
19.4427,1790254689.318584,0.0204,0,,,0.000,,,0.0000,0.0000,0.0000,0.0000,0.0000,-13.0000,,,,CHO,0.0000,-12.8771,0.0000,-12.8672,0.0000,0.0000,0.000,0.000,,0.0,,,,,,BAN,1,goc=-30;cu_ly=25;lan=1,1
19.6163,1790254689.491772,0.1736,0,,,0.000,,,0.0000,0.0000,0.0000,0.0000,0.0000,-13.0000,,,,CHO,0.0000,-12.8771,0.0000,-12.8672,0.0000,0.0000,0.000,0.000,,0.0,,,,,,THU,1,goc=-30;cu_ly=25;lan=1,1
19.6367,1790254689.512562,0.0203,0,,,0.000,,,0.0000,0.0000,0.0000,0.0000,0.0000,-13.0000,,,,CHO,0.0000,-12.8771,0.0000,-12.8672,0.0000,0.0000,0.000,0.000,,0.0,,,,,,THU,1,goc=-30;cu_ly=25;lan=1,1
19.6573,1790254689.533151,0.0206,0,,,0.000,,,0.0000,0.0000,0.0000,0.0000,0.0000,-13.0000,,,,CHO,0.0000,-12.8771,0.0000,-12.8672,0.0000,0.0000,0.000,0.000,,0.0,,,,,,THU,1,goc=-30;cu_ly=25;lan=1,1
19.6778,1790254689.553778,0.0205,0,,,0.000,,,0.0000,0.0000,0.0000,0.0000,0.0000,-13.0000,,,,CHO,0.0000,-12.8771,0.0000,-12.8672,0.0000,0.0000,0.000,0.000,,0.0,,,,,,THU,0,,0
19.6984,1790254689.574262,0.0206,0,,,0.000,,,0.0000,0.0000,0.0000,0.0000,0.0000,-13.0000,,,,CHO,0.0000,-12.8771,0.0000,-12.8672,0.0000,0.0000,0.000,0.000,,0.0,,,,,,THU,0,,0
19.7187,1790254689.594570,0.0203,0,,,0.000,,,0.0000,0.0000,0.0000,0.0000,0.0000,-13.0000,,,,CHO,0.0000,-12.8771,0.0000,-12.8672,0.0000,0.0000,0.000,0.000,,0.0,,,,,,THU,0,,0
19.7392,1790254689.615126,0.0205,0,,,0.000,,,0.0000,0.0000,0.0000,0.0000,0.0000,-13.0000,,,,CHO,0.0000,-12.8771,0.0000,-12.8672,0.0000,0.0000,0.000,0.000,,0.0,,,,,,THU,0,,0
19.7597,1790254689.635613,0.0205,0,,,0.000,,,0.0000,0.0000,0.0000,0.0000,0.0000,-13.0000,,,,CHO,0.0000,-12.8771,0.0000,-12.8672,0.0000,0.0000,0.000,0.000,,0.0,,,,,,THU,0,,0
19.7800,1790254689.655920,0.0203,0,,,0.000,,,0.0000,0.0000,0.0000,0.0000,0.0000,-13.0000,,,,CHO,0.0000,-12.8771,0.0000,-12.8672,0.0000,0.0000,0.000,0.000,,0.0,,,,,,THU,0,,0
19.8004,1790254689.676374,0.0204,0,,,0.000,,,0.0000,0.0000,0.0000,0.0000,0.0000,-13.0000,,,,CHO,0.0000,-12.8771,0.0000,-12.8672,0.0000,0.0000,0.000,0.000,,0.0,,,,,,THU,0,,0
19.8205,1790254689.696426,0.0201,0,,,0.000,,,0.0000,0.0000,0.0000,0.0000,0.0000,-13.0000,,,,CHO,0.0000,-12.8771,0.0000,-12.8672,0.0000,0.0000,0.000,0.000,,0.0,,,,,,THU,0,,0
19.8408,1790254689.716557,0.0203,0,,,0.000,,,0.0000,0.0000,0.0000,0.0000,0.0000,-13.0000,,,,CHO,0.0000,-12.8771,0.0000,-12.8672,0.0000,0.0000,0.000,0.000,,0.0,,,,,,THU,0,,0
19.8612,1790254689.737141,0.0204,0,,,0.000,,,0.0000,0.0000,0.0000,0.0000,0.0000,-13.0000,,,,CHO,0.0000,-12.8771,0.0000,-12.8672,0.0000,0.0000,0.000,0.000,,0.0,,,,,,THU,0,,0
19.8812,1790254689.756918,0.0200,0,,,0.000,,,0.0000,0.0000,0.0000,0.0000,0.0000,-13.0000,,,,CHO,0.0000,-12.8771,0.0000,-12.8672,0.0000,0.0000,0.000,0.000,,0.0,,,,,,THU,0,,0
19.9018,1790254689.777740,0.0206,0,,,0.000,,,0.0000,0.0000,0.0000,0.0000,0.0000,-13.0000,,,,CHO,0.0000,-12.8771,0.0000,-12.8672,0.0000,0.0000,0.000,0.000,,0.0,,,,,,THU,0,,0
19.9220,1790254689.797996,0.0202,0,,,0.000,,,0.0000,0.0000,0.0000,0.0000,0.0000,-13.0000,,,,CHO,0.0000,-12.8771,0.0000,-12.8672,0.0000,0.0000,0.000,0.000,,0.0,,,,,,THU,0,,0
19.9422,1790254689.818085,0.0201,0,,,0.000,,,0.0000,0.0000,0.0000,0.0000,0.0000,-13.0000,,,,CHO,0.0000,-12.8771,0.0000,-12.8672,0.0000,0.0000,0.000,0.000,,0.0,,,,,,THU,0,,0
19.9622,1790254689.838069,0.0201,0,,,0.000,,,0.0000,0.0000,0.0000,0.0000,0.0000,-13.0000,,,,CHO,0.0000,-12.8771,0.0000,-12.8672,0.0000,0.0000,0.000,0.000,,0.0,,,,,,THU,0,,0
19.9827,1790254689.858430,0.0204,0,,,0.000,,,0.0000,0.0000,0.0000,0.0000,0.0000,-13.0000,,,,CHO,0.0000,-12.8771,0.0000,-12.8672,0.0000,0.0000,0.000,0.000,,0.0,,,,,,THU,0,,0
20.0029,1790254689.878700,0.0202,0,,,0.000,,,0.0000,0.0000,0.0000,0.0000,0.0000,-13.0000,,,,CHO,0.0000,-12.8771,0.0000,-12.8672,0.0000,0.0000,0.000,0.000,,0.0,,,,,,THU,0,,0
20.0229,1790254689.898808,0.0201,0,,,0.000,,,0.0000,0.0000,0.0000,0.0000,0.0000,-13.0000,,,,CHO,0.0000,-12.8771,0.0000,-12.8672,0.0000,0.0000,0.000,0.000,,0.0,,,,,,THU,0,,0
20.0434,1790254689.919134,0.0204,0,,,0.000,,,0.0000,0.0000,0.0000,0.0000,0.0000,-13.0000,,,,CHO,0.0000,-12.8771,0.0000,-12.8672,0.0000,0.0000,0.000,0.000,,0.0,,,,,,THU,0,,0
20.0635,1790254689.939286,0.0201,0,,,0.000,,,0.0000,0.0000,0.0000,0.0000,0.0000,-13.0000,,,,CHO,0.0000,-12.8771,0.0000,-12.8672,0.0000,0.0000,0.000,0.000,,0.0,,,,,,THU,0,,0
20.0841,1790254689.959961,0.0206,0,,,0.000,,,0.0000,0.0000,0.0000,0.0000,0.0000,-13.0000,,,,CHO,0.0000,-12.8771,0.0000,-12.8672,0.0000,0.0000,0.000,0.000,,0.0,,,,,,THU,0,,0
20.1043,1790254689.980291,0.0202,0,,,0.000,,,0.0000,0.0000,0.0000,0.0000,0.0000,-13.0000,,,,CHO,0.0000,-12.8771,0.0000,-12.8672,0.0000,0.0000,0.000,0.000,,0.0,,,,,,THU,0,,0
20.1244,1790254690.000333,0.0200,0,,,0.000,,,0.0000,0.0000,0.0000,0.0000,0.0000,-13.0000,,,,CHO,0.0000,-12.8771,0.0000,-12.8672,0.0000,0.0000,0.000,0.000,,0.0,,,,,,THU,0,,0
20.1448,1790254690.020653,0.0205,0,,,0.000,,,0.0000,0.0000,0.0000,0.0000,0.0000,-13.0000,,,,CHO,0.0000,-12.8771,0.0000,-12.8672,0.0000,0.0000,0.000,0.000,,0.0,,,,,,THU,0,,0
20.1650,1790254690.040868,0.0202,0,,,0.000,,,0.0000,0.0000,0.0000,0.0000,0.0000,-13.0000,,,,CHO,0.0000,-12.8771,0.0000,-12.8672,0.0000,0.0000,0.000,0.000,,0.0,,,,,,THU,0,,0
20.1855,1790254690.061466,0.0205,0,,,0.000,,,0.0000,0.0000,0.0000,0.0000,0.0000,-13.0000,,,,CHO,0.0000,-12.8771,0.0000,-12.8672,0.0000,0.0000,0.000,0.000,,0.0,,,,,,THU,0,,0
20.2056,1790254690.081538,0.0201,0,,,0.000,,,0.0000,0.0000,0.0000,0.0000,0.0000,-13.0000,,,,CHO,0.0000,-12.8771,0.0000,-12.8672,0.0000,0.0000,0.000,0.000,,0.0,,,,,,THU,0,,0
20.2260,1790254690.101933,0.0204,0,,,0.000,,,0.0000,0.0000,0.0000,0.0000,0.0000,-13.0000,,,,CHO,0.0000,-12.8771,0.0000,-12.8672,0.0000,0.0000,0.000,0.000,,0.0,,,,,,THU,0,,0
20.2463,1790254690.122252,0.0203,0,,,0.000,,,0.0000,0.0000,0.0000,0.0000,0.0000,-13.0000,,,,CHO,0.0000,-12.8771,0.0000,-12.8672,0.0000,0.0000,0.000,0.000,,0.0,,,,,,THU,0,,0
20.2664,1790254690.142260,0.0201,0,,,0.000,,,0.0000,0.0000,0.0000,0.0000,0.0000,-13.0000,,,,CHO,0.0000,-12.8771,0.0000,-12.8672,0.0000,0.0000,0.000,0.000,,0.0,,,,,,THU,0,,0
20.2867,1790254690.162612,0.0203,0,,,0.000,,,0.0000,0.0000,0.0000,0.0000,0.0000,-13.0000,,,,CHO,0.0000,-12.8771,0.0000,-12.8672,0.0000,0.0000,0.000,0.000,,0.0,,,,,,THU,0,,0
20.3068,1790254690.182615,0.0201,0,,,0.000,,,0.0000,0.0000,0.0000,0.0000,0.0000,-13.0000,,,,CHO,0.0000,-12.8771,0.0000,-12.8672,0.0000,0.0000,0.000,0.000,,0.0,,,,,,THU,0,,0
20.3269,1790254690.202850,0.0201,0,,,0.000,,,0.0000,0.0000,0.0000,0.0000,0.0000,-13.0000,,,,CHO,0.0000,-12.8771,0.0000,-12.8672,0.0000,0.0000,0.000,0.000,,0.0,,,,,,THU,0,,0
20.3473,1790254690.223216,0.0204,0,,,0.000,,,0.0000,0.0000,0.0000,0.0000,0.0000,-13.0000,,,,CHO,0.0000,-12.8771,0.0000,-12.8672,0.0000,0.0000,0.000,0.000,,0.0,,,,,,THU,0,,0
20.3674,1790254690.243154,0.0201,0,,,0.000,,,0.0000,0.0000,0.0000,0.0000,0.0000,-13.0000,,,,CHO,0.0000,-12.8771,0.0000,-12.8672,0.0000,0.0000,0.000,0.000,,0.0,,,,,,THU,0,,0
20.3877,1790254690.263584,0.0203,0,,,0.000,,,0.0000,0.0000,0.0000,0.0000,0.0000,-13.0000,,,,CHO,0.0000,-12.8771,0.0000,-12.8672,0.0000,0.0000,0.000,0.000,,0.0,,,,,,THU,0,,0
20.4082,1790254690.284091,0.0204,0,,,0.000,,,0.0000,0.0000,0.0000,0.0000,0.0000,-13.0000,,,,CHO,0.0000,-12.8771,0.0000,-12.8672,0.0000,0.0000,0.000,0.000,,0.0,,,,,,THU,0,,0
20.4286,1790254690.304508,0.0204,0,,,0.000,,,0.0000,0.0000,0.0000,0.0000,0.0000,-13.0000,,,,CHO,0.0000,-12.8771,0.0000,-12.8672,0.0000,0.0000,0.000,0.000,,0.0,,,,,,THU,0,,0
20.4488,1790254690.324716,0.0202,0,,,0.000,,,0.0000,0.0000,0.0000,0.0000,0.0000,-13.0000,,,,CHO,0.0000,-12.8771,0.0000,-12.8672,0.0000,0.0000,0.000,0.000,,0.0,,,,,,THU,0,,0
20.4688,1790254690.344751,0.0200,0,,,0.000,,,0.0000,0.0000,0.0000,0.0000,0.0000,-13.0000,,,,CHO,0.0000,-12.8771,0.0000,-12.8672,0.0000,0.0000,0.000,0.000,,0.0,,,,,,THU,0,,0
20.4891,1790254690.364960,0.0202,0,,,0.000,,,0.0000,0.0000,0.0000,0.0000,0.0000,-13.0000,,,,CHO,0.0000,-12.8771,0.0000,-12.8672,0.0000,0.0000,0.000,0.000,,0.0,,,,,,THU,0,,0
20.5093,1790254690.385283,0.0203,0,,,0.000,,,0.0000,0.0000,0.0000,0.0000,0.0000,-13.0000,,,,CHO,0.0000,-12.8771,0.0000,-12.8672,0.0000,0.0000,0.000,0.000,,0.0,,,,,,THU,0,,0
20.5293,1790254690.405283,0.0200,0,,,0.000,,,0.0000,0.0000,0.0000,0.0000,0.0000,-13.0000,,,,CHO,0.0000,-12.8771,0.0000,-12.8672,0.0000,0.0000,0.000,0.000,,0.0,,,,,,THU,0,,0
20.5497,1790254690.425663,0.0204,0,,,0.000,,,0.0000,0.0000,0.0000,0.0000,0.0000,-13.0000,,,,CHO,0.0000,-12.8771,0.0000,-12.8672,0.0000,0.0000,0.000,0.000,,0.0,,,,,,THU,0,,0
20.5699,1790254690.445667,0.0202,0,,,0.000,,,0.0000,0.0000,0.0000,0.0000,0.0000,-13.0000,,,,CHO,0.0000,-12.8771,0.0000,-12.8672,0.0000,0.0000,0.000,0.000,,0.0,,,,,,THU,0,,0
20.5900,1790254690.465787,0.0201,0,,,0.000,,,0.0000,0.0000,0.0000,0.0000,0.0000,-13.0000,,,,CHO,0.0000,-12.8771,0.0000,-12.8672,0.0000,0.0000,0.000,0.000,,0.0,,,,,,THU,0,,0
20.6107,1790254690.486470,0.0207,0,,,0.000,,,0.0000,0.0000,0.0000,0.0000,0.0000,-13.0000,,,,CHO,0.0000,-12.8771,0.0000,-12.8672,0.0000,0.0000,0.000,0.000,,0.0,,,,,,THU,0,,0
20.6308,1790254690.506581,0.0201,0,,,0.000,,,0.0000,0.0000,0.0000,0.0000,0.0000,-13.0000,,,,CHO,0.0000,-12.8771,0.0000,-12.8672,0.0000,0.0000,0.000,0.000,,0.0,,,,,,THU,0,,0
20.6510,1790254690.526974,0.0202,0,,,0.000,,,0.0000,0.0000,0.0000,0.0000,0.0000,-13.0000,,,,CHO,0.0000,-12.8771,0.0000,-12.8672,0.0000,0.0000,0.000,0.000,,0.0,,,,,,THU,0,,0
20.6711,1790254690.546869,0.0201,0,,,0.000,,,0.0000,0.0000,0.0000,0.0000,0.0000,-13.0000,,,,CHO,0.0000,-12.8771,0.0000,-12.8672,0.0000,0.0000,0.000,0.000,,0.0,,,,,,THU,0,,0
20.6915,1790254690.567429,0.0205,0,,,0.000,,,0.0000,0.0000,0.0000,0.0000,0.0000,-13.0000,,,,CHO,0.0000,-12.8771,0.0000,-12.8672,0.0000,0.0000,0.000,0.000,,0.0,,,,,,THU,0,,0
20.7118,1790254690.587778,0.0203,0,,,0.000,,,0.0000,0.0000,0.0000,0.0000,0.0000,-13.0000,,,,CHO,0.0000,-12.8771,0.0000,-12.8672,0.0000,0.0000,0.000,0.000,,0.0,,,,,,THU,0,,0
20.7319,1790254690.607722,0.0201,0,,,0.000,,,0.0000,0.0000,0.0000,0.0000,0.0000,-13.0000,,,,CHO,0.0000,-12.8771,0.0000,-12.8672,0.0000,0.0000,0.000,0.000,,0.0,,,,,,THU,0,,0
20.7526,1790254690.628493,0.0206,0,,,0.000,,,0.0000,0.0000,0.0000,0.0000,0.0000,-13.0000,,,,CHO,0.0000,-12.8771,0.0000,-12.8672,0.0000,0.0000,0.000,0.000,,0.0,,,,,,THU,0,,0
20.7732,1790254690.649045,0.0206,0,,,0.000,,,0.0000,0.0000,0.0000,0.0000,0.0000,-13.0000,,,,CHO,0.0000,-12.8771,0.0000,-12.8672,0.0000,0.0000,0.000,0.000,,0.0,,,,,,THU,0,,0
20.7933,1790254690.669061,0.0200,0,,,0.000,,,0.0000,0.0000,0.0000,0.0000,0.0000,-13.0000,,,,CHO,0.0000,-12.8771,0.0000,-12.8672,0.0000,0.0000,0.000,0.000,,0.0,,,,,,THU,0,,0
20.8137,1790254690.689464,0.0204,0,,,0.000,,,0.0000,0.0000,0.0000,0.0000,0.0000,-13.0000,,,,CHO,0.0000,-12.8771,0.0000,-12.8672,0.0000,0.0000,0.000,0.000,,0.0,,,,,,THU,0,,0
20.8343,1790254690.710244,0.0206,0,,,0.000,,,0.0000,0.0000,0.0000,0.0000,0.0000,-13.0000,,,,CHO,0.0000,-12.8771,0.0000,-12.8672,0.0000,0.0000,0.000,0.000,,0.0,,,,,,THU,0,,0
20.8548,1790254690.730685,0.0205,0,,,0.000,,,0.0000,0.0000,0.0000,0.0000,0.0000,-13.0000,,,,CHO,0.0000,-12.8771,0.0000,-12.8672,0.0000,0.0000,0.000,0.000,,0.0,,,,,,THU,0,,0
20.8751,1790254690.751047,0.0202,0,,,0.000,,,0.0000,0.0000,0.0000,0.0000,0.0000,-13.0000,,,,CHO,0.0000,-12.8771,0.0000,-12.8672,0.0000,0.0000,0.000,0.000,,0.0,,,,,,THU,0,,0
20.8953,1790254690.771233,0.0202,0,,,0.000,,,0.0000,0.0000,0.0000,0.0000,0.0000,-13.0000,,,,CHO,0.0000,-12.8771,0.0000,-12.8672,0.0000,0.0000,0.000,0.000,,0.0,,,,,,THU,0,,0
20.9159,1790254690.791770,0.0206,0,,,0.000,,,0.0000,0.0000,0.0000,0.0000,0.0000,-13.0000,,,,CHO,0.0000,-12.8771,0.0000,-12.8672,0.0000,0.0000,0.000,0.000,,0.0,,,,,,THU,0,,0
20.9362,1790254690.812117,0.0202,0,,,0.000,,,0.0000,0.0000,0.0000,0.0000,0.0000,-13.0000,,,,CHO,0.0000,-12.8771,0.0000,-12.8672,0.0000,0.0000,0.000,0.000,,0.0,,,,,,THU,0,,0
20.9564,1790254690.832239,0.0203,0,,,0.000,,,0.0000,0.0000,0.0000,0.0000,0.0000,-13.0000,,,,CHO,0.0000,-12.8771,0.0000,-12.8672,0.0000,0.0000,0.000,0.000,,0.0,,,,,,THU,0,,0
20.9769,1790254690.852811,0.0204,0,,,0.000,,,0.0000,0.0000,0.0000,0.0000,0.0000,-13.0000,,,,CHO,0.0000,-12.8771,0.0000,-12.8672,0.0000,0.0000,0.000,0.000,,0.0,,,,,,THU,0,,0
20.9970,1790254690.872878,0.0201,0,,,0.000,,,0.0000,0.0000,0.0000,0.0000,0.0000,-13.0000,,,,CHO,0.0000,-12.8771,0.0000,-12.8672,0.0000,0.0000,0.000,0.000,,0.0,,,,,,THU,0,,0
21.0170,1790254690.892821,0.0200,0,,,0.000,,,0.0000,0.0000,0.0000,0.0000,0.0000,-13.0000,,,,CHO,0.0000,-12.8771,0.0000,-12.8672,0.0000,0.0000,0.000,0.000,,0.0,,,,,,THU,0,,0
21.0376,1790254690.913581,0.0206,0,,,0.000,,,0.0000,0.0000,0.0000,0.0000,0.0000,-13.0000,,,,CHO,0.0000,-12.8771,0.0000,-12.8672,0.0000,0.0000,0.000,0.000,,0.0,,,,,,THU,0,,0
21.0578,1790254690.933613,0.0202,0,,,0.000,,,0.0000,0.0000,0.0000,0.0000,0.0000,-13.0000,,,,CHO,0.0000,-12.8771,0.0000,-12.8672,0.0000,0.0000,0.000,0.000,,0.0,,,,,,THU,0,,0
21.0779,1790254690.953789,0.0200,0,,,0.000,,,0.0000,0.0000,0.0000,0.0000,0.0000,-13.0000,,,,CHO,0.0000,-12.8771,0.0000,-12.8672,0.0000,0.0000,0.000,0.000,,0.0,,,,,,THU,0,,0
21.0984,1790254690.974253,0.0206,0,,,0.000,,,0.0000,0.0000,0.0000,0.0000,0.0000,-13.0000,,,,CHO,0.0000,-12.8771,0.0000,-12.8672,0.0000,0.0000,0.000,0.000,,0.0,,,,,,THU,0,,0
21.1185,1790254690.994325,0.0201,0,,,0.000,,,0.0000,0.0000,0.0000,0.0000,0.0000,-13.0000,,,,CHO,0.0000,-12.8771,0.0000,-12.8672,0.0000,0.0000,0.000,0.000,,0.0,,,,,,THU,0,,0
21.1390,1790254691.014886,0.0206,0,,,0.000,,,0.0000,0.0000,0.0000,0.0000,0.0000,-13.0000,,,,CHO,0.0000,-12.8771,0.0000,-12.8672,0.0000,0.0000,0.000,0.000,,0.0,,,,,,THU,0,,0
21.1591,1790254691.034966,0.0201,0,,,0.000,,,0.0000,0.0000,0.0000,0.0000,0.0000,-13.0000,,,,CHO,0.0000,-12.8771,0.0000,-12.8672,0.0000,0.0000,0.000,0.000,,0.0,,,,,,THU,0,,0
21.1794,1790254691.055222,0.0203,0,,,0.000,,,0.0000,0.0000,0.0000,0.0000,0.0000,-13.0000,,,,CHO,0.0000,-12.8771,0.0000,-12.8672,0.0000,0.0000,0.000,0.000,,0.0,,,,,,THU,0,,0
21.1999,1790254691.075777,0.0205,0,,,0.000,,,0.0000,0.0000,0.0000,0.0000,0.0000,-13.0000,,,,CHO,0.0000,-12.8771,0.0000,-12.8672,0.0000,0.0000,0.000,0.000,,0.0,,,,,,THU,0,,0
21.2203,1790254691.096133,0.0204,0,,,0.000,,,0.0000,0.0000,0.0000,0.0000,0.0000,-13.0000,,,,CHO,0.0000,-12.8771,0.0000,-12.8672,0.0000,0.0000,0.000,0.000,,0.0,,,,,,THU,0,,0
21.2409,1790254691.116723,0.0206,0,,,0.000,,,0.0000,0.0000,0.0000,0.0000,0.0000,-13.0000,,,,CHO,0.0000,-12.8771,0.0000,-12.8672,0.0000,0.0000,0.000,0.000,,0.0,,,,,,THU,0,,0
21.2611,1790254691.136770,0.0202,0,,,0.000,,,0.0000,0.0000,0.0000,0.0000,0.0000,-13.0000,,,,CHO,0.0000,-12.8771,0.0000,-12.8672,0.0000,0.0000,0.000,0.000,,0.0,,,,,,THU,0,,0
21.2814,1790254691.157237,0.0203,0,,,0.000,,,0.0000,0.0000,0.0000,0.0000,0.0000,-13.0000,,,,CHO,0.0000,-12.8771,0.0000,-12.8672,0.0000,0.0000,0.000,0.000,,0.0,,,,,,THU,0,,0
21.3018,1790254691.177731,0.0204,0,,,0.000,,,0.0000,0.0000,0.0000,0.0000,0.0000,-13.0000,,,,CHO,0.0000,-12.8771,0.0000,-12.8672,0.0000,0.0000,0.000,0.000,,0.0,,,,,,THU,0,,0
21.3222,1790254691.198063,0.0204,0,,,0.000,,,0.0000,0.0000,0.0000,0.0000,0.0000,-13.0000,,,,CHO,0.0000,-12.8771,0.0000,-12.8672,0.0000,0.0000,0.000,0.000,,0.0,,,,,,THU,0,,0
21.3425,1790254691.218441,0.0203,0,,,0.000,,,0.0000,0.0000,0.0000,0.0000,0.0000,-13.0000,,,,CHO,0.0000,-12.8771,0.0000,-12.8672,0.0000,0.0000,0.000,0.000,,0.0,,,,,,THU,0,,0
21.3627,1790254691.238583,0.0202,0,,,0.000,,,0.0000,0.0000,0.0000,0.0000,0.0000,-13.0000,,,,CHO,0.0000,-12.8771,0.0000,-12.8672,0.0000,0.0000,0.000,0.000,,0.0,,,,,,THU,0,,0
21.3833,1790254691.259208,0.0207,0,,,0.000,,,0.0000,0.0000,0.0000,0.0000,0.0000,-13.0000,,,,CHO,0.0000,-12.8771,0.0000,-12.8672,0.0000,0.0000,0.000,0.000,,0.0,,,,,,THU,0,,0
21.4039,1790254691.279856,0.0206,0,,,0.000,,,0.0000,0.0000,0.0000,0.0000,0.0000,-13.0000,,,,CHO,0.0000,-12.8771,0.0000,-12.8672,0.0000,0.0000,0.000,0.000,,0.0,,,,,,THU,0,,0
21.4240,1790254691.299794,0.0201,0,,,0.000,,,0.0000,0.0000,0.0000,0.0000,0.0000,-13.0000,,,,CHO,0.0000,-12.8771,0.0000,-12.8672,0.0000,0.0000,0.000,0.000,,0.0,,,,,,THU,0,,0
21.4443,1790254691.320204,0.0203,0,,,0.000,,,0.0000,0.0000,0.0000,0.0000,0.0000,-13.0000,,,,CHO,0.0000,-12.8771,0.0000,-12.8672,0.0000,0.0000,0.000,0.000,,0.0,,,,,,THU,0,,0
21.4645,1790254691.340300,0.0201,0,,,0.000,,,0.0000,0.0000,0.0000,0.0000,0.0000,-13.0000,,,,CHO,0.0000,-12.8771,0.0000,-12.8672,0.0000,0.0000,0.000,0.000,,0.0,,,,,,THU,0,,0
21.4845,1790254691.360456,0.0200,0,,,0.000,,,0.0000,0.0000,0.0000,0.0000,0.0000,-13.0000,,,,CHO,0.0000,-12.8771,0.0000,-12.8672,0.0000,0.0000,0.000,0.000,,0.0,,,,,,THU,0,,0
21.5047,1790254691.380586,0.0202,0,,,0.000,,,0.0000,0.0000,0.0000,0.0000,0.0000,-13.0000,,,,CHO,0.0000,-12.8771,0.0000,-12.8672,0.0000,0.0000,0.000,0.000,,0.0,,,,,,THU,0,,0
21.5254,1790254691.401225,0.0207,0,,,0.000,,,0.0000,0.0000,0.0000,0.0000,0.0000,-13.0000,,,,CHO,0.0000,-12.8771,0.0000,-12.8672,0.0000,0.0000,0.000,0.000,,0.0,,,,,,THU,0,,0
21.5460,1790254691.421931,0.0206,0,,,0.000,,,0.0000,0.0000,0.0000,0.0000,0.0000,-13.0000,,,,CHO,0.0000,-12.8771,0.0000,-12.8672,0.0000,0.0000,0.000,0.000,,0.0,,,,,,THU,0,,0
21.5666,1790254691.442587,0.0206,0,,,0.000,,,0.0000,0.0000,0.0000,0.0000,0.0000,-13.0000,,,,CHO,0.0000,-12.8771,0.0000,-12.8672,0.0000,0.0000,0.000,0.000,,0.0,,,,,,THU,0,,0
21.5871,1790254691.463061,0.0205,0,,,0.000,,,0.0000,0.0000,0.0000,0.0000,0.0000,-13.0000,,,,CHO,0.0000,-12.8771,0.0000,-12.8672,0.0000,0.0000,0.000,0.000,,0.0,,,,,,THU,0,,0
21.6080,1790254691.483809,0.0208,0,,,0.000,,,0.0000,0.0000,0.0000,0.0000,0.0000,-13.0000,,,,CHO,0.0000,-12.8771,0.0000,-12.8672,0.0000,0.0000,0.000,0.000,,0.0,,,,,,THU,0,,0
21.6283,1790254691.504217,0.0203,0,,,0.000,,,0.0000,0.0000,0.0000,0.0000,0.0000,-13.0000,,,,CHO,0.0000,-12.8771,0.0000,-12.8672,0.0000,0.0000,0.000,0.000,,0.0,,,,,,THU,0,,0
21.6489,1790254691.524468,0.0206,0,,,0.000,,,0.0000,0.0000,0.0000,0.0000,0.0000,-13.0000,,,,CHO,0.0000,-12.8771,0.0000,-12.8672,0.0000,0.0000,0.000,0.000,,0.0,,,,,,THU,0,,0
21.6695,1790254691.545370,0.0206,0,,,0.000,,,0.0000,0.0000,0.0000,0.0000,0.0000,-13.0000,,,,CHO,0.0000,-12.8771,0.0000,-12.8672,0.0000,0.0000,0.000,0.000,,0.0,,,,,,THU,0,,0
21.6899,1790254691.565732,0.0204,0,,,0.000,,,0.0000,0.0000,0.0000,0.0000,0.0000,-13.0000,,,,CHO,0.0000,-12.8771,0.0000,-12.8672,0.0000,0.0000,0.000,0.000,,0.0,,,,,,THU,0,,0
21.7103,1790254691.586236,0.0205,0,,,0.000,,,0.0000,0.0000,0.0000,0.0000,0.0000,-13.0000,,,,CHO,0.0000,-12.8771,0.0000,-12.8672,0.0000,0.0000,0.000,0.000,,0.0,,,,,,THU,0,,0
21.7306,1790254691.606449,0.0202,0,,,0.000,,,0.0000,0.0000,0.0000,0.0000,0.0000,-13.0000,,,,CHO,0.0000,-12.8771,0.0000,-12.8672,0.0000,0.0000,0.000,0.000,,0.0,,,,,,THU,0,,0
21.7507,1790254691.626547,0.0201,0,,,0.000,,,0.0000,0.0000,0.0000,0.0000,0.0000,-13.0000,,,,CHO,0.0000,-12.8771,0.0000,-12.8672,0.0000,0.0000,0.000,0.000,,0.0,,,,,,THU,0,,0
21.7713,1790254691.647120,0.0206,0,,,0.000,,,0.0000,0.0000,0.0000,0.0000,0.0000,-13.0000,,,,CHO,0.0000,-12.8771,0.0000,-12.8672,0.0000,0.0000,0.000,0.000,,0.0,,,,,,THU,0,,0
21.7919,1790254691.667740,0.0206,0,,,0.000,,,0.0000,0.0000,0.0000,0.0000,0.0000,-13.0000,,,,CHO,0.0000,-12.8771,0.0000,-12.8672,0.0000,0.0000,0.000,0.000,,0.0,,,,,,THU,0,,0
21.8121,1790254691.687926,0.0202,0,,,0.000,,,0.0000,0.0000,0.0000,0.0000,0.0000,-13.0000,,,,CHO,0.0000,-12.8771,0.0000,-12.8672,0.0000,0.0000,0.000,0.000,,0.0,,,,,,THU,0,,0
21.8324,1790254691.708284,0.0203,0,,,0.000,,,0.0000,0.0000,0.0000,0.0000,0.0000,-13.0000,,,,CHO,0.0000,-12.8771,0.0000,-12.8672,0.0000,0.0000,0.000,0.000,,0.0,,,,,,THU,0,,0
21.8527,1790254691.728600,0.0203,0,,,0.000,,,0.0000,0.0000,0.0000,0.0000,0.0000,-13.0000,,,,CHO,0.0000,-12.8771,0.0000,-12.8672,0.0000,0.0000,0.000,0.000,,0.0,,,,,,THU,0,,0
21.8730,1790254691.748914,0.0203,0,,,0.000,,,0.0000,0.0000,0.0000,0.0000,0.0000,-13.0000,,,,CHO,0.0000,-12.8771,0.0000,-12.8672,0.0000,0.0000,0.000,0.000,,0.0,,,,,,THU,0,,0
21.8935,1790254691.769373,0.0205,0,,,0.000,,,0.0000,0.0000,0.0000,0.0000,0.0000,-13.0000,,,,CHO,0.0000,-12.8771,0.0000,-12.8672,0.0000,0.0000,0.000,0.000,,0.0,,,,,,THU,0,,0
21.9136,1790254691.789409,0.0201,0,,,0.000,,,0.0000,0.0000,0.0000,0.0000,0.0000,-13.0000,,,,CHO,0.0000,-12.8771,0.0000,-12.8672,0.0000,0.0000,0.000,0.000,,0.0,,,,,,THU,0,,0
21.9337,1790254691.809493,0.0201,0,,,0.000,,,0.0000,0.0000,0.0000,0.0000,0.0000,-13.0000,,,,CHO,0.0000,-12.8771,0.0000,-12.8672,0.0000,0.0000,0.000,0.000,,0.0,,,,,,THU,0,,0
21.9537,1790254691.829626,0.0200,0,,,0.000,,,0.0000,0.0000,0.0000,0.0000,0.0000,-13.0000,,,,CHO,0.0000,-12.8771,0.0000,-12.8672,0.0000,0.0000,0.000,0.000,,0.0,,,,,,THU,0,,0
21.9739,1790254691.849743,0.0202,0,,,0.000,,,0.0000,0.0000,0.0000,0.0000,0.0000,-13.0000,,,,CHO,0.0000,-12.8771,0.0000,-12.8672,0.0000,0.0000,0.000,0.000,,0.0,,,,,,THU,0,,0
21.9943,1790254691.870248,0.0204,0,,,0.000,,,0.0000,0.0000,0.0000,0.0000,0.0000,-13.0000,,,,CHO,0.0000,-12.8771,0.0000,-12.8672,0.0000,0.0000,0.000,0.000,,0.0,,,,,,THU,0,,0
22.0147,1790254691.890488,0.0204,0,,,0.000,,,0.0000,0.0000,0.0000,0.0000,0.0000,-13.0000,,,,CHO,0.0000,-12.8771,0.0000,-12.8672,0.0000,0.0000,0.000,0.000,,0.0,,,,,,THU,0,,0
22.0349,1790254691.910875,0.0203,0,,,0.000,,,0.0000,0.0000,0.0000,0.0000,0.0000,-13.0000,,,,CHO,0.0000,-12.8771,0.0000,-12.8672,0.0000,0.0000,0.000,0.000,,0.0,,,,,,THU,0,,0
22.0555,1790254691.931408,0.0206,0,,,0.000,,,0.0000,0.0000,0.0000,0.0000,0.0000,-13.0000,,,,CHO,0.0000,-12.8771,0.0000,-12.8672,0.0000,0.0000,0.000,0.000,,0.0,,,,,,THU,0,,0
22.0761,1790254691.952047,0.0206,0,,,0.000,,,0.0000,0.0000,0.0000,0.0000,0.0000,-13.0000,,,,CHO,0.0000,-12.8771,0.0000,-12.8672,0.0000,0.0000,0.000,0.000,,0.0,,,,,,THU,0,,0
22.0968,1790254691.972605,0.0207,0,,,0.000,,,0.0000,0.0000,0.0000,0.0000,0.0000,-13.0000,,,,CHO,0.0000,-12.8771,0.0000,-12.8672,0.0000,0.0000,0.000,0.000,,0.0,,,,,,THU,0,,0
22.1172,1790254691.993154,0.0204,0,,,0.000,,,0.0000,0.0000,0.0000,0.0000,0.0000,-13.0000,,,,CHO,0.0000,-12.8771,0.0000,-12.8672,0.0000,0.0000,0.000,0.000,,0.0,,,,,,THU,0,,0
22.1376,1790254692.013544,0.0204,0,,,0.000,,,0.0000,0.0000,0.0000,0.0000,0.0000,-13.0000,,,,CHO,0.0000,-12.8771,0.0000,-12.8672,0.0000,0.0000,0.000,0.000,,0.0,,,,,,THU,0,,0
22.1581,1790254692.034070,0.0205,0,,,0.000,,,0.0000,0.0000,0.0000,0.0000,0.0000,-13.0000,,,,CHO,0.0000,-12.8771,0.0000,-12.8672,0.0000,0.0000,0.000,0.000,,0.0,,,,,,THU,0,,0
22.1784,1790254692.054308,0.0203,0,,,0.000,,,0.0000,0.0000,0.0000,0.0000,0.0000,-13.0000,,,,CHO,0.0000,-12.8771,0.0000,-12.8672,0.0000,0.0000,0.000,0.000,,0.0,,,,,,THU,0,,0
22.1989,1790254692.074708,0.0205,0,,,0.000,,,0.0000,0.0000,0.0000,0.0000,0.0000,-13.0000,,,,CHO,0.0000,-12.8771,0.0000,-12.8672,0.0000,0.0000,0.000,0.000,,0.0,,,,,,THU,0,,0
22.2192,1790254692.095040,0.0203,0,,,0.000,,,0.0000,0.0000,0.0000,0.0000,0.0000,-13.0000,,,,CHO,0.0000,-12.8771,0.0000,-12.8672,0.0000,0.0000,0.000,0.000,,0.0,,,,,,THU,0,,0
22.2395,1790254692.115450,0.0203,0,,,0.000,,,0.0000,0.0000,0.0000,0.0000,0.0000,-13.0000,,,,CHO,0.0000,-12.8771,0.0000,-12.8672,0.0000,0.0000,0.000,0.000,,0.0,,,,,,THU,0,,0
22.2601,1790254692.135911,0.0206,0,,,0.000,,,0.0000,0.0000,0.0000,0.0000,0.0000,-13.0000,,,,CHO,0.0000,-12.8771,0.0000,-12.8672,0.0000,0.0000,0.000,0.000,,0.0,,,,,,THU,0,,0
22.2802,1790254692.156042,0.0201,0,,,0.000,,,0.0000,0.0000,0.0000,0.0000,0.0000,-13.0000,,,,CHO,0.0000,-12.8771,0.0000,-12.8672,0.0000,0.0000,0.000,0.000,,0.0,,,,,,THU,0,,0
22.3008,1790254692.176801,0.0206,0,,,0.000,,,0.0000,0.0000,0.0000,0.0000,0.0000,-13.0000,,,,CHO,0.0000,-12.8771,0.0000,-12.8672,0.0000,0.0000,0.000,0.000,,0.0,,,,,,THU,0,,0
22.3214,1790254692.197311,0.0206,0,,,0.000,,,0.0000,0.0000,0.0000,0.0000,0.0000,-13.0000,,,,CHO,0.0000,-12.8771,0.0000,-12.8672,0.0000,0.0000,0.000,0.000,,0.0,,,,,,THU,0,,0
22.3417,1790254692.217582,0.0203,0,,,0.000,,,0.0000,0.0000,0.0000,0.0000,0.0000,-13.0000,,,,CHO,0.0000,-12.8771,0.0000,-12.8672,0.0000,0.0000,0.000,0.000,,0.0,,,,,,THU,0,,0
22.3622,1790254692.238087,0.0206,0,,,0.000,,,0.0000,0.0000,0.0000,0.0000,0.0000,-13.0000,,,,CHO,0.0000,-12.8771,0.0000,-12.8672,0.0000,0.0000,0.000,0.000,,0.0,,,,,,THU,0,,0
22.3829,1790254692.258895,0.0207,0,,,0.000,,,0.0000,0.0000,0.0000,0.0000,0.0000,-13.0000,,,,CHO,0.0000,-12.8771,0.0000,-12.8672,0.0000,0.0000,0.000,0.000,,0.0,,,,,,THU,0,,0
22.4034,1790254692.279398,0.0205,0,,,0.000,,,0.0000,0.0000,0.0000,0.0000,0.0000,-13.0000,,,,CHO,0.0000,-12.8771,0.0000,-12.8672,0.0000,0.0000,0.000,0.000,,0.0,,,,,,THU,0,,0
22.4241,1790254692.300006,0.0206,0,,,0.000,,,0.0000,0.0000,0.0000,0.0000,0.0000,-13.0000,,,,CHO,0.0000,-12.8771,0.0000,-12.8672,0.0000,0.0000,0.000,0.000,,0.0,,,,,,THU,0,,0
22.4441,1790254692.320038,0.0201,0,,,0.000,,,0.0000,0.0000,0.0000,0.0000,0.0000,-13.0000,,,,CHO,0.0000,-12.8771,0.0000,-12.8672,0.0000,0.0000,0.000,0.000,,0.0,,,,,,THU,0,,0
22.4646,1790254692.340395,0.0205,0,,,0.000,,,0.0000,0.0000,0.0000,0.0000,0.0000,-13.0000,,,,CHO,0.0000,-12.8771,0.0000,-12.8672,0.0000,0.0000,0.000,0.000,,0.0,,,,,,THU,0,,0
22.4848,1790254692.360651,0.0202,0,,,0.000,,,0.0000,0.0000,0.0000,0.0000,0.0000,-13.0000,,,,CHO,0.0000,-12.8771,0.0000,-12.8672,0.0000,0.0000,0.000,0.000,,0.0,,,,,,THU,0,,0
22.5053,1790254692.381253,0.0205,0,,,0.000,,,0.0000,0.0000,0.0000,0.0000,0.0000,-13.0000,,,,CHO,0.0000,-12.8771,0.0000,-12.8672,0.0000,0.0000,0.000,0.000,,0.0,,,,,,THU,0,,0
22.5253,1790254692.401266,0.0200,0,,,0.000,,,0.0000,0.0000,0.0000,0.0000,0.0000,-13.0000,,,,CHO,0.0000,-12.8771,0.0000,-12.8672,0.0000,0.0000,0.000,0.000,,0.0,,,,,,THU,0,,0
22.5457,1790254692.421560,0.0203,0,,,0.000,,,0.0000,0.0000,0.0000,0.0000,0.0000,-13.0000,,,,CHO,0.0000,-12.8771,0.0000,-12.8672,0.0000,0.0000,0.000,0.000,,0.0,,,,,,THU,0,,0
22.5660,1790254692.441797,0.0203,0,,,0.000,,,0.0000,0.0000,0.0000,0.0000,0.0000,-13.0000,,,,CHO,0.0000,-12.8771,0.0000,-12.8672,0.0000,0.0000,0.000,0.000,,0.0,,,,,,THU,0,,0
22.5861,1790254692.462060,0.0202,0,,,0.000,,,0.0000,0.0000,0.0000,0.0000,0.0000,-13.0000,,,,CHO,0.0000,-12.8771,0.0000,-12.8672,0.0000,0.0000,0.000,0.000,,0.0,,,,,,THU,0,,0
22.6066,1790254692.482421,0.0205,0,,,0.000,,,0.0000,0.0000,0.0000,0.0000,0.0000,-13.0000,,,,CHO,0.0000,-12.8771,0.0000,-12.8672,0.0000,0.0000,0.000,0.000,,0.0,,,,,,THU,0,,0
22.6272,1790254692.503118,0.0206,0,,,0.000,,,0.0000,0.0000,0.0000,0.0000,0.0000,-13.0000,,,,CHO,0.0000,-12.8771,0.0000,-12.8672,0.0000,0.0000,0.000,0.000,,0.0,,,,,,THU,0,,0
22.6474,1790254692.523231,0.0201,0,,,0.000,,,0.0000,0.0000,0.0000,0.0000,0.0000,-13.0000,,,,CHO,0.0000,-12.8771,0.0000,-12.8672,0.0000,0.0000,0.000,0.000,,0.0,,,,,,THU,0,,0
22.6679,1790254692.543729,0.0206,0,,,0.000,,,0.0000,0.0000,0.0000,0.0000,0.0000,-13.0000,,,,CHO,0.0000,-12.8771,0.0000,-12.8672,0.0000,0.0000,0.000,0.000,,0.0,,,,,,THU,0,,0
22.6884,1790254692.564164,0.0204,0,,,0.000,,,0.0000,0.0000,0.0000,0.0000,0.0000,-13.0000,,,,CHO,0.0000,-12.8771,0.0000,-12.8672,0.0000,0.0000,0.000,0.000,,0.0,,,,,,THU,0,,0
22.7089,1790254692.584792,0.0205,0,,,0.000,,,0.0000,0.0000,0.0000,0.0000,0.0000,-13.0000,,,,CHO,0.0000,-12.8771,0.0000,-12.8672,0.0000,0.0000,0.000,0.000,,0.0,,,,,,THU,0,,0
22.7289,1790254692.604764,0.0200,0,,,0.000,,,0.0000,0.0000,0.0000,0.0000,0.0000,-13.0000,,,,CHO,0.0000,-12.8771,0.0000,-12.8672,0.0000,0.0000,0.000,0.000,,0.0,,,,,,THU,0,,0
22.7495,1790254692.625377,0.0207,0,,,0.000,,,0.0000,0.0000,0.0000,0.0000,0.0000,-13.0000,,,,CHO,0.0000,-12.8771,0.0000,-12.8672,0.0000,0.0000,0.000,0.000,,0.0,,,,,,THU,0,,0
22.7705,1790254692.646236,0.0209,0,,,0.000,,,0.0000,0.0000,0.0000,0.0000,0.0000,-13.0000,,,,CHO,0.0000,-12.8771,0.0000,-12.8672,0.0000,0.0000,0.000,0.000,,0.0,,,,,,THU,0,,0
22.7906,1790254692.666558,0.0202,0,,,0.000,,,0.0000,0.0000,0.0000,0.0000,0.0000,-13.0000,,,,CHO,0.0000,-12.8771,0.0000,-12.8672,0.0000,0.0000,0.000,0.000,,0.0,,,,,,THU,0,,0
22.8111,1790254692.687039,0.0205,0,,,0.000,,,0.0000,0.0000,0.0000,0.0000,0.0000,-13.0000,,,,CHO,0.0000,-12.8771,0.0000,-12.8672,0.0000,0.0000,0.000,0.000,,0.0,,,,,,THU,0,,0
22.8318,1790254692.707700,0.0207,0,,,0.000,,,0.0000,0.0000,0.0000,0.0000,0.0000,-13.0000,,,,CHO,0.0000,-12.8771,0.0000,-12.8672,0.0000,0.0000,0.000,0.000,,0.0,,,,,,THU,0,,0
22.8527,1790254692.728539,0.0209,0,,,0.000,,,0.0000,0.0000,0.0000,0.0000,0.0000,-13.0000,,,,CHO,0.0000,-12.8771,0.0000,-12.8672,0.0000,0.0000,0.000,0.000,,0.0,,,,,,THU,0,,0
22.8733,1790254692.749225,0.0206,0,,,0.000,,,0.0000,0.0000,0.0000,0.0000,0.0000,-13.0000,,,,CHO,0.0000,-12.8771,0.0000,-12.8672,0.0000,0.0000,0.000,0.000,,0.0,,,,,,THU,0,,0
22.8938,1790254692.769713,0.0205,0,,,0.000,,,0.0000,0.0000,0.0000,0.0000,0.0000,-13.0000,,,,CHO,0.0000,-12.8771,0.0000,-12.8672,0.0000,0.0000,0.000,0.000,,0.0,,,,,,THU,0,,0
22.9139,1790254692.789866,0.0201,0,,,0.000,,,0.0000,0.0000,0.0000,0.0000,0.0000,-13.0000,,,,CHO,0.0000,-12.8771,0.0000,-12.8672,0.0000,0.0000,0.000,0.000,,0.0,,,,,,THU,0,,0
22.9344,1790254692.810154,0.0204,0,,,0.000,,,0.0000,0.0000,0.0000,0.0000,0.0000,-13.0000,,,,CHO,0.0000,-12.8771,0.0000,-12.8672,0.0000,0.0000,0.000,0.000,,0.0,,,,,,THU,0,,0
22.9553,1790254692.830596,0.0209,0,,,0.000,,,0.0000,0.0000,0.0000,0.0000,0.0000,-13.0000,,,,CHO,0.0000,-12.8771,0.0000,-12.8672,0.0000,0.0000,0.000,0.000,,0.0,,,,,,THU,0,,0
22.9756,1790254692.851531,0.0203,0,,,0.000,,,0.0000,0.0000,0.0000,0.0000,0.0000,-13.0000,,,,CHO,0.0000,-12.8771,0.0000,-12.8672,0.0000,0.0000,0.000,0.000,,0.0,,,,,,THU,0,,0
22.9958,1790254692.871595,0.0202,0,,,0.000,,,0.0000,0.0000,0.0000,0.0000,0.0000,-13.0000,,,,CHO,0.0000,-12.8771,0.0000,-12.8672,0.0000,0.0000,0.000,0.000,,0.0,,,,,,THU,0,,0
23.0162,1790254692.892077,0.0205,0,,,0.000,,,0.0000,0.0000,0.0000,0.0000,0.0000,-13.0000,,,,CHO,0.0000,-12.8771,0.0000,-12.8672,0.0000,0.0000,0.000,0.000,,0.0,,,,,,THU,0,,0
23.0364,1790254692.912201,0.0201,0,,,0.000,,,0.0000,0.0000,0.0000,0.0000,0.0000,-13.0000,,,,CHO,0.0000,-12.8771,0.0000,-12.8672,0.0000,0.0000,0.000,0.000,,0.0,,,,,,THU,0,,0
23.0565,1790254692.932298,0.0202,0,,,0.000,,,0.0000,0.0000,0.0000,0.0000,0.0000,-13.0000,,,,CHO,0.0000,-12.8771,0.0000,-12.8672,0.0000,0.0000,0.000,0.000,,0.0,,,,,,THU,0,,0
23.0770,1790254692.952943,0.0205,0,,,0.000,,,0.0000,0.0000,0.0000,0.0000,0.0000,-13.0000,,,,CHO,0.0000,-12.8771,0.0000,-12.8672,0.0000,0.0000,0.000,0.000,,0.0,,,,,,THU,0,,0
23.0971,1790254692.973067,0.0201,0,,,0.000,,,0.0000,0.0000,0.0000,0.0000,0.0000,-13.0000,,,,CHO,0.0000,-12.8771,0.0000,-12.8672,0.0000,0.0000,0.000,0.000,,0.0,,,,,,THU,0,,0
23.1180,1790254692.993730,0.0208,0,,,0.000,,,0.0000,0.0000,0.0000,0.0000,0.0000,-13.0000,,,,CHO,0.0000,-12.8771,0.0000,-12.8672,0.0000,0.0000,0.000,0.000,,0.0,,,,,,THU,0,,0
23.1388,1790254693.014558,0.0208,0,,,0.000,,,0.0000,0.0000,0.0000,0.0000,0.0000,-13.0000,,,,CHO,0.0000,-12.8771,0.0000,-12.8672,0.0000,0.0000,0.000,0.000,,0.0,,,,,,THU,0,,0
23.1591,1790254693.035052,0.0203,0,,,0.000,,,0.0000,0.0000,0.0000,0.0000,0.0000,-13.0000,,,,CHO,0.0000,-12.8771,0.0000,-12.8672,0.0000,0.0000,0.000,0.000,,0.0,,,,,,THU,0,,0
23.1797,1790254693.055406,0.0206,0,,,0.000,,,0.0000,0.0000,0.0000,0.0000,0.0000,-13.0000,,,,CHO,0.0000,-12.8771,0.0000,-12.8672,0.0000,0.0000,0.000,0.000,,0.0,,,,,,THU,0,,0
23.2000,1790254693.075867,0.0202,0,,,0.000,,,0.0000,0.0000,0.0000,0.0000,0.0000,-13.0000,,,,CHO,0.0000,-12.8771,0.0000,-12.8672,0.0000,0.0000,0.000,0.000,,0.0,,,,,,THU,0,,0
23.2204,1790254693.096340,0.0204,0,,,0.000,,,0.0000,0.0000,0.0000,0.0000,0.0000,-13.0000,,,,CHO,0.0000,-12.8771,0.0000,-12.8672,0.0000,0.0000,0.000,0.000,,0.0,,,,,,THU,0,,0
23.2409,1790254693.116791,0.0205,0,,,0.000,,,0.0000,0.0000,0.0000,0.0000,0.0000,-13.0000,,,,CHO,0.0000,-12.8771,0.0000,-12.8672,0.0000,0.0000,0.000,0.000,,0.0,,,,,,THU,0,,0
23.2614,1790254693.137264,0.0205,0,,,0.000,,,0.0000,0.0000,0.0000,0.0000,0.0000,-13.0000,,,,CHO,0.0000,-12.8771,0.0000,-12.8672,0.0000,0.0000,0.000,0.000,,0.0,,,,,,THU,0,,0
23.2815,1790254693.157464,0.0201,0,,,0.000,,,0.0000,0.0000,0.0000,0.0000,0.0000,-13.0000,,,,CHO,0.0000,-12.8771,0.0000,-12.8672,0.0000,0.0000,0.000,0.000,,0.0,,,,,,THU,0,,0
23.3017,1790254693.177539,0.0202,0,,,0.000,,,0.0000,0.0000,0.0000,0.0000,0.0000,-13.0000,,,,CHO,0.0000,-12.8771,0.0000,-12.8672,0.0000,0.0000,0.000,0.000,,0.0,,,,,,THU,0,,0
23.3221,1790254693.197907,0.0204,0,,,0.000,,,0.0000,0.0000,0.0000,0.0000,0.0000,-13.0000,,,,CHO,0.0000,-12.8771,0.0000,-12.8672,0.0000,0.0000,0.000,0.000,,0.0,,,,,,THU,0,,0
23.3422,1790254693.218157,0.0201,0,,,0.000,,,0.0000,0.0000,0.0000,0.0000,0.0000,-13.0000,,,,CHO,0.0000,-12.8771,0.0000,-12.8672,0.0000,0.0000,0.000,0.000,,0.0,,,,,,THU,0,,0
23.3627,1790254693.238613,0.0205,0,,,0.000,,,0.0000,0.0000,0.0000,0.0000,0.0000,-13.0000,,,,CHO,0.0000,-12.8771,0.0000,-12.8672,0.0000,0.0000,0.000,0.000,,0.0,,,,,,THU,0,,0
23.3832,1790254693.258963,0.0205,0,,,0.000,,,0.0000,0.0000,0.0000,0.0000,0.0000,-13.0000,,,,CHO,0.0000,-12.8771,0.0000,-12.8672,0.0000,0.0000,0.000,0.000,,0.0,,,,,,THU,0,,0
23.4043,1790254693.280198,0.0211,0,,,0.000,,,0.0000,0.0000,0.0000,0.0000,0.0000,-13.0000,,,,CHO,0.0000,-12.8771,0.0000,-12.8672,0.0000,0.0000,0.000,0.000,,0.0,,,,,,THU,0,,0
23.4251,1790254693.300932,0.0209,0,,,0.000,,,0.0000,0.0000,0.0000,0.0000,0.0000,-13.0000,,,,CHO,0.0000,-12.8771,0.0000,-12.8672,0.0000,0.0000,0.000,0.000,,0.0,,,,,,THU,0,,0
23.4452,1790254693.320935,0.0201,0,,,0.000,,,0.0000,0.0000,0.0000,0.0000,0.0000,-13.0000,,,,CHO,0.0000,-12.8771,0.0000,-12.8672,0.0000,0.0000,0.000,0.000,,0.0,,,,,,THU,0,,0
23.4657,1790254693.341586,0.0206,0,,,0.000,,,0.0000,0.0000,0.0000,0.0000,0.0000,-13.0000,,,,CHO,0.0000,-12.8771,0.0000,-12.8672,0.0000,0.0000,0.000,0.000,,0.0,,,,,,THU,0,,0
23.4858,1790254693.361674,0.0200,0,,,0.000,,,0.0000,0.0000,0.0000,0.0000,0.0000,-13.0000,,,,CHO,0.0000,-12.8771,0.0000,-12.8672,0.0000,0.0000,0.000,0.000,,0.0,,,,,,THU,0,,0
23.5059,1790254693.381669,0.0201,0,,,0.000,,,0.0000,0.0000,0.0000,0.0000,0.0000,-13.0000,,,,CHO,0.0000,-12.8771,0.0000,-12.8672,0.0000,0.0000,0.000,0.000,,0.0,,,,,,THU,0,,0
23.5261,1790254693.401990,0.0202,0,,,0.000,,,0.0000,0.0000,0.0000,0.0000,0.0000,-13.0000,,,,CHO,0.0000,-12.8771,0.0000,-12.8672,0.0000,0.0000,0.000,0.000,,0.0,,,,,,THU,0,,0
23.5467,1790254693.422527,0.0206,0,,,0.000,,,0.0000,0.0000,0.0000,0.0000,0.0000,-13.0000,,,,CHO,0.0000,-12.8771,0.0000,-12.8672,0.0000,0.0000,0.000,0.000,,0.0,,,,,,THU,0,,0
23.5675,1790254693.443314,0.0207,0,,,0.000,,,0.0000,0.0000,0.0000,0.0000,0.0000,-13.0000,,,,CHO,0.0000,-12.8771,0.0000,-12.8672,0.0000,0.0000,0.000,0.000,,0.0,,,,,,THU,0,,0
23.5881,1790254693.463996,0.0206,0,,,0.000,,,0.0000,0.0000,0.0000,0.0000,0.0000,-13.0000,,,,CHO,0.0000,-12.8771,0.0000,-12.8672,0.0000,0.0000,0.000,0.000,,0.0,,,,,,THU,0,,0
23.6083,1790254693.484194,0.0202,0,,,0.000,,,0.0000,0.0000,0.0000,0.0000,0.0000,-13.0000,,,,CHO,0.0000,-12.8771,0.0000,-12.8672,0.0000,0.0000,0.000,0.000,,0.0,,,,,,THU,0,,0
23.6288,1790254693.504689,0.0206,0,,,0.000,,,0.0000,0.0000,0.0000,0.0000,0.0000,-13.0000,,,,CHO,0.0000,-12.8771,0.0000,-12.8672,0.0000,0.0000,0.000,0.000,,0.0,,,,,,THU,0,,0
23.6492,1790254693.525014,0.0204,0,,,0.000,,,0.0000,0.0000,0.0000,0.0000,0.0000,-13.0000,,,,CHO,0.0000,-12.8771,0.0000,-12.8672,0.0000,0.0000,0.000,0.000,,0.0,,,,,,THU,0,,0
23.6697,1790254693.545631,0.0205,0,,,0.000,,,0.0000,0.0000,0.0000,0.0000,0.0000,-13.0000,,,,CHO,0.0000,-12.8771,0.0000,-12.8672,0.0000,0.0000,0.000,0.000,,0.0,,,,,,THU,0,,0
23.6901,1790254693.565971,0.0204,0,,,0.000,,,0.0000,0.0000,0.0000,0.0000,0.0000,-13.0000,,,,CHO,0.0000,-12.8771,0.0000,-12.8672,0.0000,0.0000,0.000,0.000,,0.0,,,,,,THU,0,,0
23.7106,1790254693.586521,0.0205,0,,,0.000,,,0.0000,0.0000,0.0000,0.0000,0.0000,-13.0000,,,,CHO,0.0000,-12.8771,0.0000,-12.8672,0.0000,0.0000,0.000,0.000,,0.0,,,,,,THU,0,,0
23.7310,1790254693.606928,0.0204,0,,,0.000,,,0.0000,0.0000,0.0000,0.0000,0.0000,-13.0000,,,,CHO,0.0000,-12.8771,0.0000,-12.8672,0.0000,0.0000,0.000,0.000,,0.0,,,,,,THU,0,,0
23.7513,1790254693.627250,0.0203,0,,,0.000,,,0.0000,0.0000,0.0000,0.0000,0.0000,-13.0000,,,,CHO,0.0000,-12.8771,0.0000,-12.8672,0.0000,0.0000,0.000,0.000,,0.0,,,,,,THU,0,,0
23.7719,1790254693.647746,0.0205,0,,,0.000,,,0.0000,0.0000,0.0000,0.0000,0.0000,-13.0000,,,,CHO,0.0000,-12.8771,0.0000,-12.8672,0.0000,0.0000,0.000,0.000,,0.0,,,,,,THU,0,,0
23.7920,1790254693.667951,0.0201,0,,,0.000,,,0.0000,0.0000,0.0000,0.0000,0.0000,-13.0000,,,,CHO,0.0000,-12.8771,0.0000,-12.8672,0.0000,0.0000,0.000,0.000,,0.0,,,,,,THU,0,,0
23.8122,1790254693.688096,0.0202,0,,,0.000,,,0.0000,0.0000,0.0000,0.0000,0.0000,-13.0000,,,,CHO,0.0000,-12.8771,0.0000,-12.8672,0.0000,0.0000,0.000,0.000,,0.0,,,,,,THU,0,,0
23.8326,1790254693.708581,0.0204,0,,,0.000,,,0.0000,0.0000,0.0000,0.0000,0.0000,-13.0000,,,,CHO,0.0000,-12.8771,0.0000,-12.8672,0.0000,0.0000,0.000,0.000,,0.0,,,,,,THU,0,,0
23.8527,1790254693.728477,0.0201,0,,,0.000,,,0.0000,0.0000,0.0000,0.0000,0.0000,-13.0000,,,,CHO,0.0000,-12.8771,0.0000,-12.8672,0.0000,0.0000,0.000,0.000,,0.0,,,,,,THU,0,,0
23.8732,1790254693.749118,0.0205,0,,,0.000,,,0.0000,0.0000,0.0000,0.0000,0.0000,-13.0000,,,,CHO,0.0000,-12.8771,0.0000,-12.8672,0.0000,0.0000,0.000,0.000,,0.0,,,,,,THU,0,,0
23.8934,1790254693.769229,0.0202,0,,,0.000,,,0.0000,0.0000,0.0000,0.0000,0.0000,-13.0000,,,,CHO,0.0000,-12.8771,0.0000,-12.8672,0.0000,0.0000,0.000,0.000,,0.0,,,,,,THU,0,,0
23.9138,1790254693.789665,0.0204,0,,,0.000,,,0.0000,0.0000,0.0000,0.0000,0.0000,-13.0000,,,,CHO,0.0000,-12.8771,0.0000,-12.8672,0.0000,0.0000,0.000,0.000,,0.0,,,,,,THU,0,,0
23.9340,1790254693.809845,0.0202,0,,,0.000,,,0.0000,0.0000,0.0000,0.0000,0.0000,-13.0000,,,,CHO,0.0000,-12.8771,0.0000,-12.8672,0.0000,0.0000,0.000,0.000,,0.0,,,,,,THU,0,,0
23.9540,1790254693.829950,0.0200,0,,,0.000,,,0.0000,0.0000,0.0000,0.0000,0.0000,-13.0000,,,,CHO,0.0000,-12.8771,0.0000,-12.8672,0.0000,0.0000,0.000,0.000,,0.0,,,,,,THU,0,,0
23.9745,1790254693.850356,0.0205,0,,,0.000,,,0.0000,0.0000,0.0000,0.0000,0.0000,-13.0000,,,,CHO,0.0000,-12.8771,0.0000,-12.8672,0.0000,0.0000,0.000,0.000,,0.0,,,,,,THU,0,,0
23.9946,1790254693.870367,0.0200,0,,,0.000,,,0.0000,0.0000,0.0000,0.0000,0.0000,-13.0000,,,,CHO,0.0000,-12.8771,0.0000,-12.8672,0.0000,0.0000,0.000,0.000,,0.0,,,,,,THU,0,,0
24.0146,1790254693.890371,0.0200,0,,,0.000,,,0.0000,0.0000,0.0000,0.0000,0.0000,-13.0000,,,,CHO,0.0000,-12.8771,0.0000,-12.8672,0.0000,0.0000,0.000,0.000,,0.0,,,,,,THU,0,,0
24.0352,1790254693.911129,0.0206,0,,,0.000,,,0.0000,0.0000,0.0000,0.0000,0.0000,-13.0000,,,,CHO,0.0000,-12.8771,0.0000,-12.8672,0.0000,0.0000,0.000,0.000,,0.0,,,,,,THU,0,,0
24.0553,1790254693.931199,0.0202,0,,,0.000,,,0.0000,0.0000,0.0000,0.0000,0.0000,-13.0000,,,,CHO,0.0000,-12.8771,0.0000,-12.8672,0.0000,0.0000,0.000,0.000,,0.0,,,,,,THU,0,,0
24.0757,1790254693.951665,0.0204,0,,,0.000,,,0.0000,0.0000,0.0000,0.0000,0.0000,-13.0000,,,,CHO,0.0000,-12.8771,0.0000,-12.8672,0.0000,0.0000,0.000,0.000,,0.0,,,,,,THU,0,,0
24.0959,1790254693.971779,0.0202,0,,,0.000,,,0.0000,0.0000,0.0000,0.0000,0.0000,-13.0000,,,,CHO,0.0000,-12.8771,0.0000,-12.8672,0.0000,0.0000,0.000,0.000,,0.0,,,,,,THU,0,,0
24.1164,1790254693.992282,0.0205,0,,,0.000,,,0.0000,0.0000,0.0000,0.0000,0.0000,-13.0000,,,,CHO,0.0000,-12.8771,0.0000,-12.8672,0.0000,0.0000,0.000,0.000,,0.0,,,,,,THU,0,,0
24.1369,1790254694.012802,0.0205,0,,,0.000,,,0.0000,0.0000,0.0000,0.0000,0.0000,-13.0000,,,,CHO,0.0000,-12.8771,0.0000,-12.8672,0.0000,0.0000,0.000,0.000,,0.0,,,,,,THU,0,,0
24.1572,1790254694.033064,0.0203,0,,,0.000,,,0.0000,0.0000,0.0000,0.0000,0.0000,-13.0000,,,,CHO,0.0000,-12.8771,0.0000,-12.8672,0.0000,0.0000,0.000,0.000,,0.0,,,,,,THU,0,,0
24.1774,1790254694.053389,0.0203,0,,,0.000,,,0.0000,0.0000,0.0000,0.0000,0.0000,-13.0000,,,,CHO,0.0000,-12.8771,0.0000,-12.8672,0.0000,0.0000,0.000,0.000,,0.0,,,,,,THU,0,,0
24.1977,1790254694.073525,0.0202,0,,,0.000,,,0.0000,0.0000,0.0000,0.0000,0.0000,-13.0000,,,,CHO,0.0000,-12.8771,0.0000,-12.8672,0.0000,0.0000,0.000,0.000,,0.0,,,,,,THU,0,,0
24.2179,1790254694.093881,0.0203,0,,,0.000,,,0.0000,0.0000,0.0000,0.0000,0.0000,-13.0000,,,,CHO,0.0000,-12.8771,0.0000,-12.8672,0.0000,0.0000,0.000,0.000,,0.0,,,,,,THU,0,,0
24.2384,1790254694.114385,0.0205,0,,,0.000,,,0.0000,0.0000,0.0000,0.0000,0.0000,-13.0000,,,,CHO,0.0000,-12.8771,0.0000,-12.8672,0.0000,0.0000,0.000,0.000,,0.0,,,,,,THU,0,,0
24.2585,1790254694.134328,0.0201,0,,,0.000,,,0.0000,0.0000,0.0000,0.0000,0.0000,-13.0000,,,,CHO,0.0000,-12.8771,0.0000,-12.8672,0.0000,0.0000,0.000,0.000,,0.0,,,,,,THU,0,,0
24.2786,1790254694.154474,0.0201,0,,,0.000,,,0.0000,0.0000,0.0000,0.0000,0.0000,-13.0000,,,,CHO,0.0000,-12.8771,0.0000,-12.8672,0.0000,0.0000,0.000,0.000,,0.0,,,,,,THU,0,,0
24.2991,1790254694.174988,0.0205,0,,,0.000,,,0.0000,0.0000,0.0000,0.0000,0.0000,-13.0000,,,,CHO,0.0000,-12.8771,0.0000,-12.8672,0.0000,0.0000,0.000,0.000,,0.0,,,,,,THU,0,,0
24.3196,1790254694.195412,0.0205,0,,,0.000,,,0.0000,0.0000,0.0000,0.0000,0.0000,-13.0000,,,,CHO,0.0000,-12.8771,0.0000,-12.8672,0.0000,0.0000,0.000,0.000,,0.0,,,,,,THU,0,,0
24.3401,1790254694.216105,0.0205,0,,,0.000,,,0.0000,0.0000,0.0000,0.0000,0.0000,-13.0000,,,,CHO,0.0000,-12.8771,0.0000,-12.8672,0.0000,0.0000,0.000,0.000,,0.0,,,,,,THU,0,,0
24.3602,1790254694.236137,0.0201,0,,,0.000,,,0.0000,0.0000,0.0000,0.0000,0.0000,-13.0000,,,,CHO,0.0000,-12.8771,0.0000,-12.8672,0.0000,0.0000,0.000,0.000,,0.0,,,,,,THU,0,,0
24.3803,1790254694.256208,0.0200,0,,,0.000,,,0.0000,0.0000,0.0000,0.0000,0.0000,-13.0000,,,,CHO,0.0000,-12.8771,0.0000,-12.8672,0.0000,0.0000,0.000,0.000,,0.0,,,,,,THU,0,,0
24.4004,1790254694.276323,0.0201,0,,,0.000,,,0.0000,0.0000,0.0000,0.0000,0.0000,-13.0000,,,,CHO,0.0000,-12.8771,0.0000,-12.8672,0.0000,0.0000,0.000,0.000,,0.0,,,,,,THU,0,,0
24.4204,1790254694.296331,0.0200,0,,,0.000,,,0.0000,0.0000,0.0000,0.0000,0.0000,-13.0000,,,,CHO,0.0000,-12.8771,0.0000,-12.8672,0.0000,0.0000,0.000,0.000,,0.0,,,,,,THU,0,,0
24.4405,1790254694.316457,0.0201,0,,,0.000,,,0.0000,0.0000,0.0000,0.0000,0.0000,-13.0000,,,,CHO,0.0000,-12.8771,0.0000,-12.8672,0.0000,0.0000,0.000,0.000,,0.0,,,,,,THU,0,,0
24.4610,1790254694.336960,0.0205,0,,,0.000,,,0.0000,0.0000,0.0000,0.0000,0.0000,-13.0000,,,,CHO,0.0000,-12.8771,0.0000,-12.8672,0.0000,0.0000,0.000,0.000,,0.0,,,,,,THU,0,,0
24.4816,1790254694.357450,0.0205,0,,,0.000,,,0.0000,0.0000,0.0000,0.0000,0.0000,-13.0000,,,,CHO,0.0000,-12.8771,0.0000,-12.8672,0.0000,0.0000,0.000,0.000,,0.0,,,,,,THU,0,,0
24.5020,1790254694.377886,0.0204,0,,,0.000,,,0.0000,0.0000,0.0000,0.0000,0.0000,-13.0000,,,,CHO,0.0000,-12.8771,0.0000,-12.8672,0.0000,0.0000,0.000,0.000,,0.0,,,,,,THU,0,,0
24.5224,1790254694.398094,0.0204,0,,,0.000,,,0.0000,0.0000,0.0000,0.0000,0.0000,-13.0000,,,,CHO,0.0000,-12.8771,0.0000,-12.8672,0.0000,0.0000,0.000,0.000,,0.0,,,,,,THU,0,,0
24.5427,1790254694.418535,0.0203,0,,,0.000,,,0.0000,0.0000,0.0000,0.0000,0.0000,-13.0000,,,,CHO,0.0000,-12.8771,0.0000,-12.8672,0.0000,0.0000,0.000,0.000,,0.0,,,,,,THU,0,,0
24.5633,1790254694.439120,0.0206,0,,,0.000,,,0.0000,0.0000,0.0000,0.0000,0.0000,-13.0000,,,,CHO,0.0000,-12.8771,0.0000,-12.8672,0.0000,0.0000,0.000,0.000,,0.0,,,,,,THU,0,,0
24.5843,1790254694.460109,0.0210,0,,,0.000,,,0.0000,0.0000,0.0000,0.0000,0.0000,-13.0000,,,,CHO,0.0000,-12.8771,0.0000,-12.8672,0.0000,0.0000,0.000,0.000,,0.0,,,,,,THU,0,,0
24.6048,1790254694.480607,0.0205,0,,,0.000,,,0.0000,0.0000,0.0000,0.0000,0.0000,-13.0000,,,,CHO,0.0000,-12.8771,0.0000,-12.8672,0.0000,0.0000,0.000,0.000,,0.0,,,,,,THU,0,,0
24.6251,1790254694.500624,0.0203,0,,,0.000,,,0.0000,0.0000,0.0000,0.0000,0.0000,-13.0000,,,,CHO,0.0000,-12.8771,0.0000,-12.8672,0.0000,0.0000,0.000,0.000,,0.0,,,,,,THU,0,,0
24.6456,1790254694.521390,0.0205,0,,,0.000,,,0.0000,0.0000,0.0000,0.0000,0.0000,-13.0000,,,,CHO,0.0000,-12.8771,0.0000,-12.8672,0.0000,0.0000,0.000,0.000,,0.0,,,,,,THU,0,,0
24.6660,1790254694.541803,0.0204,0,,,0.000,,,0.0000,0.0000,0.0000,0.0000,0.0000,-13.0000,,,,CHO,0.0000,-12.8771,0.0000,-12.8672,0.0000,0.0000,0.000,0.000,,0.0,,,,,,THU,0,,0
24.6867,1790254694.562281,0.0207,0,,,0.000,,,0.0000,0.0000,0.0000,0.0000,0.0000,-13.0000,,,,CHO,0.0000,-12.8771,0.0000,-12.8672,0.0000,0.0000,0.000,0.000,,0.0,,,,,,THU,0,,0
24.7068,1790254694.582645,0.0201,0,,,0.000,,,0.0000,0.0000,0.0000,0.0000,0.0000,-13.0000,,,,CHO,0.0000,-12.8771,0.0000,-12.8672,0.0000,0.0000,0.000,0.000,,0.0,,,,,,THU,0,,0
24.7277,1790254694.603506,0.0209,0,,,0.000,,,0.0000,0.0000,0.0000,0.0000,0.0000,-13.0000,,,,CHO,0.0000,-12.8771,0.0000,-12.8672,0.0000,0.0000,0.000,0.000,,0.0,,,,,,THU,0,,0
24.7478,1790254694.623748,0.0201,0,,,0.000,,,0.0000,0.0000,0.0000,0.0000,0.0000,-13.0000,,,,CHO,0.0000,-12.8771,0.0000,-12.8672,0.0000,0.0000,0.000,0.000,,0.0,,,,,,THU,0,,0
24.7681,1790254694.643921,0.0203,0,,,0.000,,,0.0000,0.0000,0.0000,0.0000,0.0000,-13.0000,,,,CHO,0.0000,-12.8771,0.0000,-12.8672,0.0000,0.0000,0.000,0.000,,0.0,,,,,,THU,0,,0
24.7882,1790254694.663992,0.0201,0,,,0.000,,,0.0000,0.0000,0.0000,0.0000,0.0000,-13.0000,,,,CHO,0.0000,-12.8771,0.0000,-12.8672,0.0000,0.0000,0.000,0.000,,0.0,,,,,,THU,0,,0
24.8087,1790254694.684265,0.0206,0,,,0.000,,,0.0000,0.0000,0.0000,0.0000,0.0000,-13.0000,,,,CHO,0.0000,-12.8771,0.0000,-12.8672,0.0000,0.0000,0.000,0.000,,0.0,,,,,,THU,0,,0
24.8288,1790254694.704667,0.0201,0,,,0.000,,,0.0000,0.0000,0.0000,0.0000,0.0000,-13.0000,,,,CHO,0.0000,-12.8771,0.0000,-12.8672,0.0000,0.0000,0.000,0.000,,0.0,,,,,,THU,0,,0
24.8490,1790254694.724942,0.0202,0,,,0.000,,,0.0000,0.0000,0.0000,0.0000,0.0000,-13.0000,,,,CHO,0.0000,-12.8771,0.0000,-12.8672,0.0000,0.0000,0.000,0.000,,0.0,,,,,,THU,0,,0
24.8691,1790254694.745023,0.0202,0,,,0.000,,,0.0000,0.0000,0.0000,0.0000,0.0000,-13.0000,,,,CHO,0.0000,-12.8771,0.0000,-12.8672,0.0000,0.0000,0.000,0.000,,0.0,,,,,,THU,0,,0
24.8898,1790254694.765595,0.0206,0,,,0.000,,,0.0000,0.0000,0.0000,0.0000,0.0000,-13.0000,,,,CHO,0.0000,-12.8771,0.0000,-12.8672,0.0000,0.0000,0.000,0.000,,0.0,,,,,,THU,0,,0
24.9100,1790254694.785863,0.0202,0,,,0.000,,,0.0000,0.0000,0.0000,0.0000,0.0000,-13.0000,,,,CHO,0.0000,-12.8771,0.0000,-12.8672,0.0000,0.0000,0.000,0.000,,0.0,,,,,,THU,0,,0
